Account No,TRANSACTION DATE,TRANSACTION DETAILS,CHQ.NO.,VALUE DATE, WITHDRAWAL AMT , DEPOSIT AMT ,BALANCE AMT
409000112710',11-Dec-16,NEFT TRANSFER,,11-Dec-16,,""" 294,644.00 """,""" 1,109,957.00 """
409000897819',30-Oct-17,POS PURCHASE,,30-Oct-17,""" 184,710.00 """,,""" 619,913.00 """
409000677702',29-Sep-17,POS PURCHASE,,29-Sep-17,,""" 323,722.00 """,""" 1,294,092.00 """
409000110491',12-Jan-17,TRF FROM  Indiaforensic SERVICES,,12-Jan-17,""" 56,547.00 """,,""" 554,327.00 """
409000224429',03-Oct-16,NEFT TRANSFER,,03-Oct-16,,""" 106,373.00 """,""" 502,370.00 """
409000897819',18-Apr-16,TRF FROM  Indiaforensic SERVICES,,18-Apr-16,""" 173,624.00 """,,""" 446,289.00 """
409000133390',30-Mar-17,IMPS TRANSFER,,30-Mar-17,,""" 190,933.00 """,""" 1,178,082.00 """
409000164947',06-Mar-16,FDRL/INTERNAL FUND TRANSFE,,06-Mar-16,""" 359,941.00 """,,""" -321,058.00 """
409000267304',30-Jul-16,FDRL/INTERNAL FUND TRANSFE,,30-Jul-16,,""" 255,630.00 """,""" 606,050.00 """
409000271204',19-Nov-17,TRF FROM  Indiaforensic SERVICES,,19-Nov-17,""" 388,790.00 """,,""" 493,071.00 """
409000375642',10-Jun-16,TRF FROM  Indiaforensic SERVICES,,10-Jun-16,""" 430,953.00 """,,""" -26.00 """
409000807760',20-Mar-16,FDRL/INTERNAL FUND TRANSFE,,20-Mar-16,,""" 294,909.00 """,""" 884,371.00 """
409000557336',09-Feb-16,POS PURCHASE,,09-Feb-16,,""" 13,739.00 """,""" 399,787.00 """
409000907892',07-Aug-17,TRF FROM  Indiaforensic SERVICES,,07-Aug-17,,""" 95,369.00 """,""" 675,278.00 """
409000184133',21-Aug-16,NEFT TRANSFER,,21-Aug-16,""" 472,602.00 """,,""" 291,684.00 """
409000585607',31-May-17,ATM WITHDRAWAL,,31-May-17,,""" 23,008.00 """,""" 903,212.00 """
409000879598',30-Dec-17,POS PURCHASE,,30-Dec-17,""" 134,849.00 """,,""" 414,119.00 """
409000583676',09-Feb-17,NEFT TRANSFER,,09-Feb-17,""" 349,220.00 """,,""" 62,183.00 """
409000404291',14-Mar-17,FDRL/INTERNAL FUND TRANSFE,,14-Mar-17,,""" 392,461.00 """,""" 584,238.00 """
409000884895',19-Jun-17,NEFT TRANSFER,,19-Jun-17,,""" 463,777.00 """,""" 1,325,741.00 """
409000583676',22-Mar-16,ATM WITHDRAWAL,,22-Mar-16,,""" 286,166.00 """,""" 348,349.00 """
409000369346',07-Feb-17,NEFT TRANSFER,,07-Feb-17,,""" 464,666.00 """,""" 1,089,489.00 """
409000110491',24-Dec-17,POS PURCHASE,,24-Dec-17,""" 338,654.00 """,,""" 215,673.00 """
409000444431',14-Apr-17,FDRL/INTERNAL FUND TRANSFE,,14-Apr-17,""" 320,345.00 """,,""" 407,713.00 """
409000267304',14-Sep-16,TRF FROM  Indiaforensic SERVICES,,14-Sep-16,,""" 212,095.00 """,""" 818,145.00 """
409000164947',06-Aug-17,NEFT TRANSFER,,06-Aug-17,""" 176,581.00 """,,""" -497,639.00 """
409000607258',17-Oct-17,FDRL/INTERNAL FUND TRANSFE,,17-Oct-17,""" 80,427.00 """,,""" 568,199.00 """
409000197540',24-Mar-17,TRF FROM  Indiaforensic SERVICES,,24-Mar-17,,""" 325,680.00 """,""" 706,804.00 """
409000140684',11-Jun-17,NEFT TRANSFER,,11-Jun-17,""" 290,194.00 """,,""" 480,210.00 """
409000748053',10-Mar-16,POS PURCHASE,,10-Mar-16,,""" 243,258.00 """,""" 649,852.00 """
409000815934',19-Jan-17,TRF FROM  Indiaforensic SERVICES,,19-Jan-17,,""" 176,423.00 """,""" 379,897.00 """
409000969514',05-Nov-17,IMPS TRANSFER,,05-Nov-17,""" 104,001.00 """,,""" 11,265.00 """
409000885944',10-Dec-16,TRF FROM  Indiaforensic SERVICES,,10-Dec-16,""" 303,593.00 """,,""" 374,510.00 """
409000656583',13-Feb-17,ATM WITHDRAWAL,,13-Feb-17,""" 355,585.00 """,,""" 640,780.00 """
409000659479',20-Feb-17,IMPS TRANSFER,,20-Feb-17,""" 17,597.00 """,,""" 924,795.00 """
409000375824',10-Oct-16,NEFT TRANSFER,,10-Oct-16,,""" 116,674.00 """,""" 893,141.00 """
409000197540',01-Sep-16,ATM WITHDRAWAL,,01-Sep-16,,""" 351,246.00 """,""" 1,058,050.00 """
409000444431',23-Jul-16,FDRL/INTERNAL FUND TRANSFE,,23-Jul-16,""" 460,721.00 """,,""" -53,008.00 """
409000322448',07-Feb-16,NEFT TRANSFER,,07-Feb-16,,""" 3,404.00 """,""" 665,843.00 """
409000405310',11-Aug-17,NEFT TRANSFER,,11-Aug-17,,""" 7,389.00 """,""" 198,484.00 """
409000991571',17-Apr-17,FDRL/INTERNAL FUND TRANSFE,,17-Apr-17,,""" 467,980.00 """,""" 1,400,433.00 """
409000950568',24-Jul-16,ATM WITHDRAWAL,,24-Jul-16,""" 164,051.00 """,,""" -127,802.00 """
409000133390',15-May-17,TRF FROM  Indiaforensic SERVICES,,15-May-17,,""" 63,875.00 """,""" 1,241,957.00 """
409000263631',10-Sep-17,NEFT TRANSFER,,10-Sep-17,""" 160,281.00 """,,""" 577,557.00 """
409000974947',08-Jul-16,ATM WITHDRAWAL,,08-Jul-16,""" 112,928.00 """,,""" 455,356.00 """
409000316747',29-Oct-16,POS PURCHASE,,29-Oct-16,""" 314,915.00 """,,""" 462,724.00 """
409000420436',06-Jun-16,ATM WITHDRAWAL,,06-Jun-16,""" 292,853.00 """,,""" 655,939.00 """
409000682109',30-Dec-16,NEFT TRANSFER,,30-Dec-16,,""" 36,874.00 """,""" 1,001,336.00 """
409000658705',21-Feb-16,FDRL/INTERNAL FUND TRANSFE,,21-Feb-16,,""" 482,845.00 """,""" 1,181,158.00 """
409000547793',02-Nov-16,FDRL/INTERNAL FUND TRANSFE,,02-Nov-16,,""" 388,037.00 """,""" 733,427.00 """
409000500535',01-Nov-16,TRF FROM  Indiaforensic SERVICES,,01-Nov-16,,""" 284,976.00 """,""" 1,033,739.00 """
409000596389',12-Apr-16,TRF FROM  Indiaforensic SERVICES,,12-Apr-16,,""" 177,830.00 """,""" 1,023,726.00 """
409000969252',06-Jan-17,NEFT TRANSFER,,06-Jan-17,""" 225,207.00 """,,""" 592,214.00 """
409000219567',19-Sep-17,ATM WITHDRAWAL,,19-Sep-17,,""" 56,849.00 """,""" 654,030.00 """
409000837739',29-Jan-16,TRF FROM  Indiaforensic SERVICES,,29-Jan-16,""" 430,617.00 """,,""" -120,400.00 """
409000635340',08-Jul-17,FDRL/INTERNAL FUND TRANSFE,,08-Jul-17,""" 104,899.00 """,,""" 600,053.00 """
409000793776',31-Mar-16,POS PURCHASE,,31-Mar-16,""" 309,808.00 """,,""" 500,356.00 """
409000820802',11-Jun-16,IMPS TRANSFER,,11-Jun-16,""" 148,930.00 """,,""" -133,528.00 """
409000470910',05-Aug-17,IMPS TRANSFER,,05-Aug-17,,""" 175,072.00 """,""" 1,153,191.00 """
409000772264',14-Jul-16,IMPS TRANSFER,,14-Jul-16,""" 247,340.00 """,,""" 730,926.00 """
409000224429',19-Apr-17,TRF FROM  Indiaforensic SERVICES,,19-Apr-17,,""" 356,773.00 """,""" 859,143.00 """
409000914209',10-Aug-16,IMPS TRANSFER,,10-Aug-16,""" 156,217.00 """,,""" 612,571.00 """
409000101240',16-Aug-16,NEFT TRANSFER,,16-Aug-16,""" 101,211.00 """,,""" 254,641.00 """
409000530053',07-Apr-16,IMPS TRANSFER,,07-Apr-16,""" 231,103.00 """,,""" 592,548.00 """
409000942858',28-Mar-17,IMPS TRANSFER,,28-Mar-17,""" 379,942.00 """,,""" -281,903.00 """
409000220856',12-Dec-17,IMPS TRANSFER,,12-Dec-17,""" 419,757.00 """,,""" 16,237.00 """
409000755100',11-Nov-16,IMPS TRANSFER,,11-Nov-16,""" 299,820.00 """,,""" 93,720.00 """
409000124116',18-Dec-16,NEFT TRANSFER,,18-Dec-16,,""" 286,032.00 """,""" 926,177.00 """
409000444022',05-Apr-17,TRF FROM  Indiaforensic SERVICES,,05-Apr-17,,""" 254,570.00 """,""" 747,376.00 """
409000431592',15-Mar-17,POS PURCHASE,,15-Mar-17,,""" 217,129.00 """,""" 315,006.00 """
409000884895',13-Nov-17,POS PURCHASE,,13-Nov-17,,""" 329,624.00 """,""" 1,655,365.00 """
409000883932',15-Aug-16,POS PURCHASE,,15-Aug-16,""" 412,893.00 """,,""" -204,886.00 """
409000714173',30-Jul-16,ATM WITHDRAWAL,,30-Jul-16,""" 165,226.00 """,,""" 647,686.00 """
409000677702',17-Nov-16,TRF FROM  Indiaforensic SERVICES,,17-Nov-16,,""" 437,806.00 """,""" 1,731,898.00 """
409000374540',20-Jun-16,POS PURCHASE,,20-Jun-16,,""" 9,198.00 """,""" 98,518.00 """
409000872626',30-Sep-16,TRF FROM  Indiaforensic SERVICES,,30-Sep-16,,""" 188,012.00 """,""" 655,870.00 """
409000938249',26-Apr-17,POS PURCHASE,,26-Apr-17,,""" 13,903.00 """,""" 963,236.00 """
409000942858',06-Aug-16,TRF FROM  Indiaforensic SERVICES,,06-Aug-16,,""" 307,238.00 """,""" 25,335.00 """
409000950568',08-Jan-16,IMPS TRANSFER,,08-Jan-16,""" 128,394.00 """,,""" -256,196.00 """
409000754213',10-Jun-17,IMPS TRANSFER,,10-Jun-17,""" 284,312.00 """,,""" 101,815.00 """
409000950568',24-Jul-17,NEFT TRANSFER,,24-Jul-17,,""" 473,642.00 """,""" 217,446.00 """
409000334036',25-Oct-16,FDRL/INTERNAL FUND TRANSFE,,25-Oct-16,,""" 48,251.00 """,""" 331,068.00 """
409000316747',26-Aug-17,FDRL/INTERNAL FUND TRANSFE,,26-Aug-17,""" 324,877.00 """,,""" 137,847.00 """
409000224429',21-Jan-16,NEFT TRANSFER,,21-Jan-16,,""" 382,813.00 """,""" 1,241,956.00 """
409000730439',21-Feb-17,FDRL/INTERNAL FUND TRANSFE,,21-Feb-17,,""" 93,002.00 """,""" 818,494.00 """
409000124116',14-Nov-16,ATM WITHDRAWAL,,14-Nov-16,""" 71,688.00 """,,""" 854,489.00 """
409000831495',24-Nov-17,ATM WITHDRAWAL,,24-Nov-17,""" 317,981.00 """,,""" 670,089.00 """
409000677702',21-May-17,POS PURCHASE,,21-May-17,,""" 172,628.00 """,""" 1,904,526.00 """
409000160462',28-Dec-17,NEFT TRANSFER,,28-Dec-17,""" 127,133.00 """,,""" 475,017.00 """
409000845049',28-Jan-17,TRF FROM  Indiaforensic SERVICES,,28-Jan-17,""" 451,145.00 """,,""" 143,387.00 """
409000700042',22-Dec-17,FDRL/INTERNAL FUND TRANSFE,,22-Dec-17,,""" 90,994.00 """,""" 205,886.00 """
409000554832',22-Mar-16,TRF FROM  Indiaforensic SERVICES,,22-Mar-16,""" 387,014.00 """,,""" -113,969.00 """
409000590992',17-Jul-17,POS PURCHASE,,17-Jul-17,,""" 476,002.00 """,""" 1,348,556.00 """
409000338678',28-Feb-17,TRF FROM  Indiaforensic SERVICES,,28-Feb-17,""" 306,747.00 """,,""" 189,521.00 """
409000431592',07-Mar-16,IMPS TRANSFER,,07-Mar-16,""" 352,521.00 """,,""" -37,515.00 """
409000957334',24-Apr-17,FDRL/INTERNAL FUND TRANSFE,,24-Apr-17,,""" 473,231.00 """,""" 1,368,192.00 """
409000707260',08-Aug-16,ATM WITHDRAWAL,,08-Aug-16,,""" 244,558.00 """,""" 1,054,491.00 """
409000685219',15-Jan-17,ATM WITHDRAWAL,,15-Jan-17,,""" 435,555.00 """,""" 701,855.00 """
409000338678',04-Nov-17,NEFT TRANSFER,,04-Nov-17,""" 368,971.00 """,,""" -179,450.00 """
409000133390',18-May-16,TRF FROM  Indiaforensic SERVICES,,18-May-16,""" 390,486.00 """,,""" 851,471.00 """
409000326234',18-Dec-16,TRF FROM  Indiaforensic SERVICES,,18-Dec-16,""" 308,502.00 """,,""" -176,571.00 """
409000945930',15-Aug-16,ATM WITHDRAWAL,,15-Aug-16,,""" 196,737.00 """,""" 1,070,496.00 """
409000831704',26-Aug-17,FDRL/INTERNAL FUND TRANSFE,,26-Aug-17,""" 387,486.00 """,,""" 307,180.00 """
409000444431',19-Nov-16,FDRL/INTERNAL FUND TRANSFE,,19-Nov-16,,""" 23,737.00 """,""" -29,271.00 """
409000879598',01-Oct-16,FDRL/INTERNAL FUND TRANSFE,,01-Oct-16,,""" 461,759.00 """,""" 875,878.00 """
409000444022',10-Nov-17,POS PURCHASE,,10-Nov-17,""" 195,534.00 """,,""" 551,842.00 """
409000815934',12-Sep-17,NEFT TRANSFER,,12-Sep-17,""" 104,495.00 """,,""" 275,402.00 """
409000685219',16-Jun-16,ATM WITHDRAWAL,,16-Jun-16,,""" 485,328.00 """,""" 1,187,183.00 """
409000720631',05-Feb-17,ATM WITHDRAWAL,,05-Feb-17,""" 253,096.00 """,,""" 739,731.00 """
409000808057',09-May-16,POS PURCHASE,,09-May-16,""" 353,836.00 """,,""" -160,633.00 """
409000326234',10-Sep-16,ATM WITHDRAWAL,,10-Sep-16,,""" 43,429.00 """,""" -133,142.00 """
409000211244',16-Oct-17,NEFT TRANSFER,,16-Oct-17,,""" 293,718.00 """,""" 561,812.00 """
409000612815',11-Jan-16,NEFT TRANSFER,,11-Jan-16,,""" 137,814.00 """,""" 844,368.00 """
409000167461',21-Jul-16,NEFT TRANSFER,,21-Jul-16,,""" 337,828.00 """,""" 1,183,303.00 """
409000442391',06-Jul-16,NEFT TRANSFER,,06-Jul-16,,""" 132,116.00 """,""" 729,078.00 """
409000879598',26-Apr-17,POS PURCHASE,,26-Apr-17,,""" 368,480.00 """,""" 1,244,358.00 """
409000215918',29-Jan-16,ATM WITHDRAWAL,,29-Jan-16,""" 481,847.00 """,,""" -349,852.00 """
409000316747',26-Mar-17,POS PURCHASE,,26-Mar-17,,""" 18,592.00 """,""" 156,439.00 """
409000498090',06-Dec-17,TRF FROM  Indiaforensic SERVICES,,06-Dec-17,,""" 464,782.00 """,""" 781,854.00 """
409000673061',21-May-17,ATM WITHDRAWAL,,21-May-17,,""" 216,521.00 """,""" 669,683.00 """
409000942858',09-Nov-16,TRF FROM  Indiaforensic SERVICES,,09-Nov-16,""" 344,510.00 """,,""" -319,175.00 """
409000308752',04-Jul-17,ATM WITHDRAWAL,,04-Jul-17,""" 465,029.00 """,,""" 227,740.00 """
409000182011',06-Mar-17,TRF FROM  Indiaforensic SERVICES,,06-Mar-17,""" 155,192.00 """,,""" 133,821.00 """
409000547793',26-Nov-17,FDRL/INTERNAL FUND TRANSFE,,26-Nov-17,""" 289,329.00 """,,""" 444,098.00 """
409000226012',23-May-17,POS PURCHASE,,23-May-17,""" 203,739.00 """,,""" 298,576.00 """
409000660205',29-Nov-17,ATM WITHDRAWAL,,29-Nov-17,""" 84,350.00 """,,""" 312,479.00 """
409000808057',01-May-16,FDRL/INTERNAL FUND TRANSFE,,01-May-16,""" 486,451.00 """,,""" -647,084.00 """
409000402246',16-Jan-16,FDRL/INTERNAL FUND TRANSFE,,16-Jan-16,,""" 58,958.00 """,""" 979,909.00 """
409000130217',31-Aug-16,POS PURCHASE,,31-Aug-16,,""" 299,946.00 """,""" 902,209.00 """
409000936869',23-Feb-16,NEFT TRANSFER,,23-Feb-16,""" 301,856.00 """,,""" 44,874.00 """
409000734739',24-Jan-17,POS PURCHASE,,24-Jan-17,,""" 474,668.00 """,""" 1,064,294.00 """
409000825195',25-Oct-16,POS PURCHASE,,25-Oct-16,""" 142,556.00 """,,""" 826,163.00 """
409000660205',26-Mar-16,ATM WITHDRAWAL,,26-Mar-16,""" 239,931.00 """,,""" 72,548.00 """
409000334036',27-Jul-16,TRF FROM  Indiaforensic SERVICES,,27-Jul-16,,""" 188,564.00 """,""" 519,632.00 """
409000714173',17-Mar-17,POS PURCHASE,,17-Mar-17,""" 55,263.00 """,,""" 592,423.00 """
409000308752',20-May-17,FDRL/INTERNAL FUND TRANSFE,,20-May-17,,""" 293,896.00 """,""" 521,636.00 """
409000131038',16-Feb-16,ATM WITHDRAWAL,,16-Feb-16,""" 153,229.00 """,,""" 846,125.00 """
409000112710',01-Apr-16,FDRL/INTERNAL FUND TRANSFE,,01-Apr-16,,""" 158,664.00 """,""" 1,268,621.00 """
409000737708',13-Mar-17,TRF FROM  Indiaforensic SERVICES,,13-Mar-17,""" 9,191.00 """,,""" 725,100.00 """
409000879598',11-Jan-16,ATM WITHDRAWAL,,11-Jan-16,""" 1,567.00 """,,""" 1,242,791.00 """
409000684481',21-Sep-16,ATM WITHDRAWAL,,21-Sep-16,,""" 210,374.00 """,""" 1,138,848.00 """
409000596389',06-Jul-17,TRF FROM  Indiaforensic SERVICES,,06-Jul-17,,""" 430,423.00 """,""" 1,454,149.00 """
409000892124',02-Dec-17,POS PURCHASE,,02-Dec-17,""" 315,063.00 """,,""" -132,045.00 """
409000815056',22-Nov-16,TRF FROM  Indiaforensic SERVICES,,22-Nov-16,,""" 141,445.00 """,""" 543,310.00 """
409000281811',22-Feb-17,FDRL/INTERNAL FUND TRANSFE,,22-Feb-17,""" 4,508.00 """,,""" 369,335.00 """
409000805120',04-Feb-16,ATM WITHDRAWAL,,04-Feb-16,""" 199,307.00 """,,""" 483,340.00 """
409000915343',22-Feb-17,IMPS TRANSFER,,22-Feb-17,,""" 51,991.00 """,""" 418,252.00 """
409000271204',07-Sep-17,POS PURCHASE,,07-Sep-17,,""" 79,076.00 """,""" 572,147.00 """
409000858950',29-Jan-16,IMPS TRANSFER,,29-Jan-16,,""" 97,997.00 """,""" 710,442.00 """
409000945930',28-Mar-17,NEFT TRANSFER,,28-Mar-17,,""" 462,052.00 """,""" 1,532,548.00 """
409000612576',21-Feb-16,IMPS TRANSFER,,21-Feb-16,,""" 196,211.00 """,""" 326,268.00 """
409000603011',19-Oct-17,NEFT TRANSFER,,19-Oct-17,,""" 245,811.00 """,""" 942,183.00 """
409000968666',29-Mar-16,FDRL/INTERNAL FUND TRANSFE,,29-Mar-16,,""" 306,792.00 """,""" 1,125,369.00 """
409000931284',09-Nov-16,TRF FROM  Indiaforensic SERVICES,,09-Nov-16,,""" 151,248.00 """,""" 369,623.00 """
409000502720',15-May-17,TRF FROM  Indiaforensic SERVICES,,15-May-17,,""" 301,348.00 """,""" 1,063,040.00 """
409000220856',22-May-17,FDRL/INTERNAL FUND TRANSFE,,22-May-17,""" 383,118.00 """,,""" -366,881.00 """
409000112490',26-Jun-17,POS PURCHASE,,26-Jun-17,""" 429,193.00 """,,""" 23,561.00 """
409000969514',12-Aug-17,ATM WITHDRAWAL,,12-Aug-17,,""" 261,065.00 """,""" 272,330.00 """
409000397004',16-May-16,NEFT TRANSFER,,16-May-16,""" 270,146.00 """,,""" 291,961.00 """
409000236053',29-Mar-17,POS PURCHASE,,29-Mar-17,,""" 440,024.00 """,""" 956,521.00 """
409000100196',09-May-17,FDRL/INTERNAL FUND TRANSFE,,09-May-17,""" 256,080.00 """,,""" 110,755.00 """
409000197814',06-Apr-17,TRF FROM  Indiaforensic SERVICES,,06-Apr-17,""" 381,773.00 """,,""" 262,135.00 """
409000164947',14-Aug-16,TRF FROM  Indiaforensic SERVICES,,14-Aug-16,,""" 280,157.00 """,""" -217,482.00 """
409000553399',12-Jun-17,FDRL/INTERNAL FUND TRANSFE,,12-Jun-17,""" 181,996.00 """,,""" 788,683.00 """
409000494458',05-Sep-16,TRF FROM  Indiaforensic SERVICES,,05-Sep-16,""" 59,067.00 """,,""" 349,252.00 """
409000112710',13-May-17,ATM WITHDRAWAL,,13-May-17,,""" 38,181.00 """,""" 1,306,802.00 """
409000369346',21-Dec-17,FDRL/INTERNAL FUND TRANSFE,,21-Dec-17,""" 391,354.00 """,,""" 698,135.00 """
409000831704',23-Dec-16,ATM WITHDRAWAL,,23-Dec-16,,""" 402,252.00 """,""" 709,432.00 """
409000734739',07-Apr-16,POS PURCHASE,,07-Apr-16,""" 284,287.00 """,,""" 780,007.00 """
409000308752',23-Nov-17,NEFT TRANSFER,,23-Nov-17,""" 343,506.00 """,,""" 178,130.00 """
409000161349',03-Jul-17,POS PURCHASE,,03-Jul-17,,""" 434,867.00 """,""" 1,234,660.00 """
409000530053',25-Apr-17,NEFT TRANSFER,,25-Apr-17,,""" 231,959.00 """,""" 824,507.00 """
409000444022',02-Nov-17,FDRL/INTERNAL FUND TRANSFE,,02-Nov-17,,""" 46,473.00 """,""" 598,315.00 """
409000509097',26-Sep-16,TRF FROM  Indiaforensic SERVICES,,26-Sep-16,""" 290,954.00 """,,""" 283,929.00 """
409000985312',14-Aug-16,TRF FROM  Indiaforensic SERVICES,,14-Aug-16,,""" 360,798.00 """,""" 428,366.00 """
409000353617',24-Dec-16,TRF FROM  Indiaforensic SERVICES,,24-Dec-16,""" 159,268.00 """,,""" 64,320.00 """
409000277980',17-Apr-17,ATM WITHDRAWAL,,17-Apr-17,""" 423,360.00 """,,""" -355,280.00 """
409000316747',18-Sep-17,TRF FROM  Indiaforensic SERVICES,,18-Sep-17,""" 20,927.00 """,,""" 135,512.00 """
409000375824',19-Jan-17,TRF FROM  Indiaforensic SERVICES,,19-Jan-17,,""" 74,733.00 """,""" 967,874.00 """
409000267304',29-Jun-16,POS PURCHASE,,29-Jun-16,""" 57,272.00 """,,""" 760,873.00 """
409000130217',03-Dec-16,ATM WITHDRAWAL,,03-Dec-16,""" 391,322.00 """,,""" 510,887.00 """
409000807760',06-Apr-16,NEFT TRANSFER,,06-Apr-16,""" 343,509.00 """,,""" 540,862.00 """
409000872626',14-Dec-16,FDRL/INTERNAL FUND TRANSFE,,14-Dec-16,""" 468,879.00 """,,""" 186,991.00 """
409000112710',19-May-17,POS PURCHASE,,19-May-17,,""" 213,427.00 """,""" 1,520,229.00 """
409000105440',04-Sep-17,ATM WITHDRAWAL,,04-Sep-17,,""" 158,720.00 """,""" 572,369.00 """
409000219567',13-Mar-17,IMPS TRANSFER,,13-Mar-17,""" 480,352.00 """,,""" 173,678.00 """
409000197540',21-Jan-17,IMPS TRANSFER,,21-Jan-17,,""" 399,825.00 """,""" 1,457,875.00 """
409000133390',30-Jun-17,IMPS TRANSFER,,30-Jun-17,,""" 91,210.00 """,""" 942,681.00 """
409000530205',30-Nov-17,ATM WITHDRAWAL,,30-Nov-17,,""" 423,417.00 """,""" 484,354.00 """
409000160462',29-Aug-16,POS PURCHASE,,29-Aug-16,,""" 43,386.00 """,""" 518,403.00 """
409000815934',06-May-17,ATM WITHDRAWAL,,06-May-17,,""" 452,732.00 """,""" 728,134.00 """
409000316747',10-Jul-16,POS PURCHASE,,10-Jul-16,""" 287,029.00 """,,""" -151,517.00 """
409000575316',02-Jul-16,TRF FROM  Indiaforensic SERVICES,,02-Jul-16,,""" 422,122.00 """,""" 967,479.00 """
409000754213',18-Jan-17,IMPS TRANSFER,,18-Jan-17,,""" 79,287.00 """,""" 181,102.00 """
409000944848',12-Aug-16,NEFT TRANSFER,,12-Aug-16,""" 48,694.00 """,,""" 428,674.00 """
409000498090',14-Jan-16,POS PURCHASE,,14-Jan-16,""" 114,653.00 """,,""" 667,201.00 """
409000808057',05-Mar-17,NEFT TRANSFER,,05-Mar-17,""" 143,439.00 """,,""" -790,523.00 """
409000968666',17-Jun-16,ATM WITHDRAWAL,,17-Jun-16,""" 468,323.00 """,,""" 657,046.00 """
409000635937',24-Aug-16,POS PURCHASE,,24-Aug-16,""" 146,331.00 """,,""" 762,126.00 """
409000884895',27-Aug-17,ATM WITHDRAWAL,,27-Aug-17,""" 2,714.00 """,,""" 1,652,651.00 """
409000530053',11-Oct-17,FDRL/INTERNAL FUND TRANSFE,,11-Oct-17,""" 58,999.00 """,,""" 765,508.00 """
409000612576',19-Jan-17,IMPS TRANSFER,,19-Jan-17,""" 276,219.00 """,,""" 50,049.00 """
409000907892',19-Nov-16,POS PURCHASE,,19-Nov-16,""" 499,249.00 """,,""" 176,029.00 """
409000117598',18-Mar-17,POS PURCHASE,,18-Mar-17,""" 375,939.00 """,,""" -95,703.00 """
409000236053',12-May-16,POS PURCHASE,,12-May-16,""" 149,474.00 """,,""" 807,047.00 """
409000456174',13-Nov-16,FDRL/INTERNAL FUND TRANSFE,,13-Nov-16,""" 278,260.00 """,,""" 225,760.00 """
409000197540',17-Jul-17,IMPS TRANSFER,,17-Jul-17,,""" 53,261.00 """,""" 1,511,136.00 """
409000720631',05-May-17,FDRL/INTERNAL FUND TRANSFE,,05-May-17,""" 422,031.00 """,,""" 317,700.00 """
409000892124',21-Jul-17,POS PURCHASE,,21-Jul-17,""" 382.00 """,,""" -132,427.00 """
409000478491',06-Feb-16,FDRL/INTERNAL FUND TRANSFE,,06-Feb-16,""" 130,193.00 """,,""" 238,537.00 """
409000456174',12-Dec-17,IMPS TRANSFER,,12-Dec-17,,""" 480,018.00 """,""" 705,778.00 """
409000184133',22-May-16,IMPS TRANSFER,,22-May-16,""" 101,742.00 """,,""" 189,942.00 """
409000747968',06-Dec-17,IMPS TRANSFER,,06-Dec-17,""" 179,825.00 """,,""" 243,570.00 """
409000338678',26-Feb-16,POS PURCHASE,,26-Feb-16,""" 423,036.00 """,,""" -602,486.00 """
409000884895',08-Jun-17,NEFT TRANSFER,,08-Jun-17,""" 132,646.00 """,,""" 1,520,005.00 """
409000140684',08-Mar-16,FDRL/INTERNAL FUND TRANSFE,,08-Mar-16,""" 252,737.00 """,,""" 227,473.00 """
409000930777',26-May-16,POS PURCHASE,,26-May-16,,""" 184,826.00 """,""" 348,858.00 """
409000754740',06-Apr-16,NEFT TRANSFER,,06-Apr-16,""" 105,926.00 """,,""" 373,633.00 """
409000991571',22-Jan-17,NEFT TRANSFER,,22-Jan-17,,""" 192,820.00 """,""" 1,593,253.00 """
409000286442',31-Aug-17,TRF FROM  Indiaforensic SERVICES,,31-Aug-17,,""" 90,021.00 """,""" 150,246.00 """
409000930777',08-May-16,FDRL/INTERNAL FUND TRANSFE,,08-May-16,""" 248,695.00 """,,""" 100,163.00 """
409000945930',30-Apr-16,NEFT TRANSFER,,30-Apr-16,""" 217,169.00 """,,""" 1,315,379.00 """
409000219567',06-Aug-16,ATM WITHDRAWAL,,06-Aug-16,,""" 338,049.00 """,""" 511,727.00 """
409000872626',27-Apr-16,TRF FROM  Indiaforensic SERVICES,,27-Apr-16,,""" 281,038.00 """,""" 468,029.00 """
409000883932',14-Sep-16,POS PURCHASE,,14-Sep-16,""" 315,214.00 """,,""" -520,100.00 """
409000883932',09-Jan-16,NEFT TRANSFER,,09-Jan-16,,""" 128,267.00 """,""" -391,833.00 """
409000456174',31-May-16,TRF FROM  Indiaforensic SERVICES,,31-May-16,""" 86,574.00 """,,""" 619,204.00 """
409000950568',01-Nov-17,TRF FROM  Indiaforensic SERVICES,,01-Nov-17,""" 400,468.00 """,,""" -183,022.00 """
409000308752',08-Dec-17,IMPS TRANSFER,,08-Dec-17,,""" 223,568.00 """,""" 401,698.00 """
409000952891',06-Apr-17,ATM WITHDRAWAL,,06-Apr-17,,""" 74,372.00 """,""" 138,523.00 """
409000658705',12-Mar-17,NEFT TRANSFER,,12-Mar-17,,""" 311,223.00 """,""" 1,492,381.00 """
409000991571',28-Feb-17,TRF FROM  Indiaforensic SERVICES,,28-Feb-17,""" 188,169.00 """,,""" 1,405,084.00 """
409000583676',09-Aug-17,FDRL/INTERNAL FUND TRANSFE,,09-Aug-17,""" 351,056.00 """,,""" -2,707.00 """
409000267304',07-Jun-16,IMPS TRANSFER,,07-Jun-16,""" 141,397.00 """,,""" 619,476.00 """
409000358006',15-Nov-17,NEFT TRANSFER,,15-Nov-17,,""" 125,130.00 """,""" 390,933.00 """
409000257712',18-Dec-16,TRF FROM  Indiaforensic SERVICES,,18-Dec-16,""" 259,498.00 """,,""" 152,252.00 """
409000754213',03-Feb-17,IMPS TRANSFER,,03-Feb-17,""" 461,119.00 """,,""" -280,017.00 """
409000603011',02-Feb-17,IMPS TRANSFER,,02-Feb-17,""" 91,210.00 """,,""" 850,973.00 """
409000942858',25-Apr-17,FDRL/INTERNAL FUND TRANSFE,,25-Apr-17,""" 139,274.00 """,,""" -458,449.00 """
409000180124',20-Dec-17,NEFT TRANSFER,,20-Dec-17,""" 497,476.00 """,,""" 99,396.00 """
409000197814',09-Dec-16,TRF FROM  Indiaforensic SERVICES,,09-Dec-16,,""" 249,678.00 """,""" 511,813.00 """
409000685219',30-Nov-17,IMPS TRANSFER,,30-Nov-17,,""" 298,971.00 """,""" 1,486,154.00 """
409000160462',03-May-17,NEFT TRANSFER,,03-May-17,,""" 276,981.00 """,""" 795,384.00 """
409000133390',26-Jan-16,FDRL/INTERNAL FUND TRANSFE,,26-Jan-16,""" 74,734.00 """,,""" 867,947.00 """
409000281811',28-Jun-17,IMPS TRANSFER,,28-Jun-17,""" 370,934.00 """,,""" -1,599.00 """
409000130217',10-Feb-16,NEFT TRANSFER,,10-Feb-16,,""" 467,760.00 """,""" 978,647.00 """
409000575316',13-Mar-16,POS PURCHASE,,13-Mar-16,,""" 231,589.00 """,""" 1,199,068.00 """
409000324521',18-Aug-16,ATM WITHDRAWAL,,18-Aug-16,,""" 95,740.00 """,""" 329,450.00 """
409000332316',14-Aug-16,IMPS TRANSFER,,14-Aug-16,""" 375,143.00 """,,""" 46,423.00 """
409000772264',16-Feb-17,NEFT TRANSFER,,16-Feb-17,,""" 266,871.00 """,""" 997,797.00 """
409000502720',10-Jun-16,NEFT TRANSFER,,10-Jun-16,,""" 482,315.00 """,""" 1,545,355.00 """
409000590992',23-Aug-16,POS PURCHASE,,23-Aug-16,,""" 415,494.00 """,""" 1,764,050.00 """
409000730439',17-May-16,POS PURCHASE,,17-May-16,,""" 460,761.00 """,""" 1,279,255.00 """
409000635999',28-May-16,NEFT TRANSFER,,28-May-16,""" 477,114.00 """,,""" 368,421.00 """
409000339352',24-Dec-16,FDRL/INTERNAL FUND TRANSFE,,24-Dec-16,,""" 390,728.00 """,""" 877,319.00 """
409000953042',16-Jan-16,ATM WITHDRAWAL,,16-Jan-16,""" 128,789.00 """,,""" 728,026.00 """
409000883932',14-Jul-17,NEFT TRANSFER,,14-Jul-17,""" 303,099.00 """,,""" -694,932.00 """
409000677702',12-Feb-16,NEFT TRANSFER,,12-Feb-16,,""" 424,981.00 """,""" 2,329,507.00 """
409000818557',25-Oct-16,ATM WITHDRAWAL,,25-Oct-16,""" 256,097.00 """,,""" 152,097.00 """
409000837739',12-Mar-16,TRF FROM  Indiaforensic SERVICES,,12-Mar-16,""" 46,587.00 """,,""" -166,987.00 """
409000444022',03-Feb-16,ATM WITHDRAWAL,,03-Feb-16,""" 205,107.00 """,,""" 393,208.00 """
409000808057',11-Jan-17,POS PURCHASE,,11-Jan-17,""" 409,446.00 """,,""" -1,199,969.00 """
409000530205',25-Feb-16,IMPS TRANSFER,,25-Feb-16,,""" 52,870.00 """,""" 537,224.00 """
409000952891',01-Sep-16,IMPS TRANSFER,,01-Sep-16,""" 316,642.00 """,,""" -178,119.00 """
409000161349',25-Feb-16,FDRL/INTERNAL FUND TRANSFE,,25-Feb-16,""" 482,667.00 """,,""" 751,993.00 """
409000251221',05-Jul-16,NEFT TRANSFER,,05-Jul-16,""" 402,287.00 """,,""" -372,814.00 """
409000941296',17-Nov-17,IMPS TRANSFER,,17-Nov-17,""" 129,198.00 """,,""" 91,674.00 """
409000257712',28-May-17,TRF FROM  Indiaforensic SERVICES,,28-May-17,""" 195,521.00 """,,""" -43,269.00 """
409000553399',12-Apr-17,IMPS TRANSFER,,12-Apr-17,,""" 245,565.00 """,""" 1,034,248.00 """
409000879020',04-Nov-16,POS PURCHASE,,04-Nov-16,,""" 357,964.00 """,""" 1,157,900.00 """
409000304900',11-Aug-16,NEFT TRANSFER,,11-Aug-16,""" 203,618.00 """,,""" 15,286.00 """
409000272332',20-Sep-16,FDRL/INTERNAL FUND TRANSFE,,20-Sep-16,""" 454,980.00 """,,""" 40,256.00 """
409000530205',20-Jun-16,POS PURCHASE,,20-Jun-16,""" 87,554.00 """,,""" 449,670.00 """
409000322448',16-Apr-16,FDRL/INTERNAL FUND TRANSFE,,16-Apr-16,""" 57,473.00 """,,""" 608,370.00 """
409000157380',11-Mar-17,ATM WITHDRAWAL,,11-Mar-17,,""" 413,640.00 """,""" 723,423.00 """
409000944848',26-Jul-17,NEFT TRANSFER,,26-Jul-17,""" 496,827.00 """,,""" -68,153.00 """
409000914209',28-Dec-16,POS PURCHASE,,28-Dec-16,,""" 350,356.00 """,""" 962,927.00 """
409000286442',26-Apr-16,FDRL/INTERNAL FUND TRANSFE,,26-Apr-16,""" 307,759.00 """,,""" -157,513.00 """
409000117598',03-Jun-17,POS PURCHASE,,03-Jun-17,,""" 284,574.00 """,""" 188,871.00 """
409000590992',25-Aug-16,NEFT TRANSFER,,25-Aug-16,,""" 126,312.00 """,""" 1,890,362.00 """
409000444022',10-Dec-17,NEFT TRANSFER,,10-Dec-17,""" 248,772.00 """,,""" 144,436.00 """
409000498090',13-May-16,TRF FROM  Indiaforensic SERVICES,,13-May-16,""" 303,737.00 """,,""" 363,464.00 """
409000473731',14-Jun-16,ATM WITHDRAWAL,,14-Jun-16,,""" 248,050.00 """,""" 1,159,077.00 """
409000444431',11-Nov-16,ATM WITHDRAWAL,,11-Nov-16,""" 415,920.00 """,,""" -445,191.00 """
409000545992',13-May-17,NEFT TRANSFER,,13-May-17,""" 119,295.00 """,,""" 498,641.00 """
409000878488',25-Nov-17,POS PURCHASE,,25-Nov-17,""" 55,329.00 """,,""" 406,987.00 """
409000211244',24-Jun-16,ATM WITHDRAWAL,,24-Jun-16,""" 355,058.00 """,,""" 206,754.00 """
409000655411',11-Aug-16,IMPS TRANSFER,,11-Aug-16,""" 492,176.00 """,,""" 290,629.00 """
409000950568',29-Jan-16,NEFT TRANSFER,,29-Jan-16,""" 175,234.00 """,,""" -358,256.00 """
409000772264',24-Feb-17,TRF FROM  Indiaforensic SERVICES,,24-Feb-17,,""" 111,024.00 """,""" 1,108,821.00 """
409000635937',21-Sep-17,POS PURCHASE,,21-Sep-17,""" 411,605.00 """,,""" 350,521.00 """
409000392132',18-Jul-16,IMPS TRANSFER,,18-Jul-16,,""" 343,286.00 """,""" 1,130,433.00 """
409000184133',02-Mar-17,ATM WITHDRAWAL,,02-Mar-17,,""" 489,987.00 """,""" 679,929.00 """
409000130217',09-Dec-16,ATM WITHDRAWAL,,09-Dec-16,""" 303,165.00 """,,""" 675,482.00 """
409000961474',06-Dec-17,IMPS TRANSFER,,06-Dec-17,,""" 308,509.00 """,""" 679,031.00 """
409000183728',03-Oct-16,FDRL/INTERNAL FUND TRANSFE,,03-Oct-16,""" 17,162.00 """,,""" 116,789.00 """
409000636341',13-Aug-16,NEFT TRANSFER,,13-Aug-16,,""" 347,806.00 """,""" 1,291,443.00 """
409000334036',11-Oct-17,TRF FROM  Indiaforensic SERVICES,,11-Oct-17,""" 323,648.00 """,,""" 195,984.00 """
409000938249',13-Jun-16,IMPS TRANSFER,,13-Jun-16,""" 72,369.00 """,,""" 890,867.00 """
409000263631',16-Jul-17,ATM WITHDRAWAL,,16-Jul-17,,""" 246,862.00 """,""" 824,419.00 """
409000444022',21-Mar-17,POS PURCHASE,,21-Mar-17,,""" 129,336.00 """,""" 273,772.00 """
409000530205',13-Jun-17,NEFT TRANSFER,,13-Jun-17,""" 9,685.00 """,,""" 439,985.00 """
409000858950',05-Dec-17,TRF FROM  Indiaforensic SERVICES,,05-Dec-17,""" 156,204.00 """,,""" 554,238.00 """
409000183728',25-Nov-17,TRF FROM  Indiaforensic SERVICES,,25-Nov-17,""" 308,494.00 """,,""" -191,705.00 """
409000369346',18-Nov-17,NEFT TRANSFER,,18-Nov-17,,""" 165,998.00 """,""" 864,133.00 """
409000747720',19-Sep-17,ATM WITHDRAWAL,,19-Sep-17,""" 169,747.00 """,,""" 28,926.00 """
409000316747',20-Jan-16,POS PURCHASE,,20-Jan-16,""" 360,822.00 """,,""" -512,339.00 """
409000586455',04-Aug-16,IMPS TRANSFER,,04-Aug-16,""" 229,479.00 """,,""" -187,232.00 """
409000693356',02-Feb-16,ATM WITHDRAWAL,,02-Feb-16,""" 33,417.00 """,,""" 145,834.00 """
409000953042',13-Jul-16,ATM WITHDRAWAL,,13-Jul-16,""" 448,783.00 """,,""" 279,243.00 """
409000473731',24-Dec-17,ATM WITHDRAWAL,,24-Dec-17,,""" 437,538.00 """,""" 1,596,615.00 """
409000257712',19-Oct-17,POS PURCHASE,,19-Oct-17,""" 328,078.00 """,,""" -371,347.00 """
409000565236',19-Aug-16,TRF FROM  Indiaforensic SERVICES,,19-Aug-16,,""" 335,440.00 """,""" 905,772.00 """
409000805120',12-Apr-17,POS PURCHASE,,12-Apr-17,,""" 367,889.00 """,""" 851,229.00 """
409000392132',02-Jun-16,POS PURCHASE,,02-Jun-16,,""" 391,458.00 """,""" 1,521,891.00 """
409000635999',18-Apr-17,NEFT TRANSFER,,18-Apr-17,,""" 134,963.00 """,""" 503,384.00 """
409000612815',21-Oct-17,FDRL/INTERNAL FUND TRANSFE,,21-Oct-17,,""" 159,561.00 """,""" 1,003,929.00 """
409000375642',04-Jun-17,NEFT TRANSFER,,04-Jun-17,,""" 235,633.00 """,""" 235,607.00 """
409000139970',03-Feb-17,POS PURCHASE,,03-Feb-17,""" 299,709.00 """,,""" 161,171.00 """
409000281811',28-Jun-17,POS PURCHASE,,28-Jun-17,""" 380,311.00 """,,""" -381,910.00 """
409000557336',11-Jul-17,POS PURCHASE,,11-Jul-17,,""" 274,250.00 """,""" 674,037.00 """
409000547793',05-Nov-16,FDRL/INTERNAL FUND TRANSFE,,05-Nov-16,,""" 55,714.00 """,""" 499,812.00 """
409000991571',20-Jun-17,NEFT TRANSFER,,20-Jun-17,""" 50,231.00 """,,""" 1,354,853.00 """
409000326234',02-Oct-17,TRF FROM  Indiaforensic SERVICES,,02-Oct-17,,""" 285,602.00 """,""" 152,460.00 """
409000271204',01-Jul-16,ATM WITHDRAWAL,,01-Jul-16,""" 388,042.00 """,,""" 184,105.00 """
409000590992',17-Mar-17,TRF FROM  Indiaforensic SERVICES,,17-Mar-17,,""" 122,760.00 """,""" 2,013,122.00 """
409000685219',15-Jul-16,FDRL/INTERNAL FUND TRANSFE,,15-Jul-16,,""" 157,008.00 """,""" 1,643,162.00 """
409000132496',17-Mar-16,TRF FROM  Indiaforensic SERVICES,,17-Mar-16,""" 100,250.00 """,,""" 440,109.00 """
409000444431',16-Apr-17,IMPS TRANSFER,,16-Apr-17,""" 227,925.00 """,,""" -673,116.00 """
409000236053',11-Jul-16,NEFT TRANSFER,,11-Jul-16,""" 319,588.00 """,,""" 487,459.00 """
409000583676',05-Jun-17,FDRL/INTERNAL FUND TRANSFE,,05-Jun-17,""" 66,801.00 """,,""" -69,508.00 """
409000243381',06-Feb-17,ATM WITHDRAWAL,,06-Feb-17,,""" 407,318.00 """,""" 604,802.00 """
409000969514',18-Oct-16,FDRL/INTERNAL FUND TRANSFE,,18-Oct-16,,""" 93,544.00 """,""" 365,874.00 """
409000478491',11-Jan-16,IMPS TRANSFER,,11-Jan-16,,""" 270,033.00 """,""" 508,570.00 """
409000397004',13-Jan-17,FDRL/INTERNAL FUND TRANSFE,,13-Jan-17,,""" 199,087.00 """,""" 491,048.00 """
409000444022',03-Dec-16,ATM WITHDRAWAL,,03-Dec-16,,""" 116,879.00 """,""" 390,651.00 """
409000160462',29-Dec-17,NEFT TRANSFER,,29-Dec-17,,""" 284,819.00 """,""" 1,080,203.00 """
409000498090',03-Dec-16,TRF FROM  Indiaforensic SERVICES,,03-Dec-16,""" 341,934.00 """,,""" 21,530.00 """
409000656583',27-Mar-17,NEFT TRANSFER,,27-Mar-17,""" 218,746.00 """,,""" 422,034.00 """
409000950802',09-Nov-16,POS PURCHASE,,09-Nov-16,""" 383,393.00 """,,""" 312,723.00 """
409000845049',28-Dec-16,ATM WITHDRAWAL,,28-Dec-16,,""" 496,051.00 """,""" 639,438.00 """
409000991571',23-Apr-17,TRF FROM  Indiaforensic SERVICES,,23-Apr-17,""" 418,836.00 """,,""" 936,017.00 """
409000195344',16-Dec-17,NEFT TRANSFER,,16-Dec-17,""" 268,717.00 """,,""" 466,375.00 """
409000502720',01-Jul-17,TRF FROM  Indiaforensic SERVICES,,01-Jul-17,,""" 208,424.00 """,""" 1,753,779.00 """
409000935285',02-Nov-17,POS PURCHASE,,02-Nov-17,""" 261,081.00 """,,""" 72,429.00 """
409000320353',23-Dec-17,POS PURCHASE,,23-Dec-17,,""" 265,338.00 """,""" 631,987.00 """
409000353617',26-Mar-17,TRF FROM  Indiaforensic SERVICES,,26-Mar-17,""" 396,622.00 """,,""" -332,302.00 """
409000885944',07-Apr-17,NEFT TRANSFER,,07-Apr-17,,""" 216,349.00 """,""" 590,859.00 """
409000820802',17-Jan-17,FDRL/INTERNAL FUND TRANSFE,,17-Jan-17,""" 451,835.00 """,,""" -585,363.00 """
409000673061',26-Jan-16,POS PURCHASE,,26-Jan-16,,""" 223,922.00 """,""" 893,605.00 """
409000720631',06-Feb-16,POS PURCHASE,,06-Feb-16,""" 447,910.00 """,,""" -130,210.00 """
409000334036',19-Nov-16,ATM WITHDRAWAL,,19-Nov-16,""" 20,708.00 """,,""" 175,276.00 """
409000585607',05-Jan-17,NEFT TRANSFER,,05-Jan-17,""" 277,730.00 """,,""" 625,482.00 """
409000772264',05-Jun-17,ATM WITHDRAWAL,,05-Jun-17,""" 493,209.00 """,,""" 615,612.00 """
409000320353',17-Dec-17,ATM WITHDRAWAL,,17-Dec-17,""" 414,377.00 """,,""" 217,610.00 """
409000771650',30-Apr-16,TRF FROM  Indiaforensic SERVICES,,30-Apr-16,""" 54,821.00 """,,""" 698,773.00 """
409000509097',03-Feb-16,NEFT TRANSFER,,03-Feb-16,""" 224,050.00 """,,""" 59,879.00 """
409000211244',22-Nov-16,NEFT TRANSFER,,22-Nov-16,,""" 218,145.00 """,""" 424,899.00 """
409000820802',04-Sep-16,FDRL/INTERNAL FUND TRANSFE,,04-Sep-16,""" 188,957.00 """,,""" -774,320.00 """
409000685219',19-Nov-17,FDRL/INTERNAL FUND TRANSFE,,19-Nov-17,,""" 183,863.00 """,""" 1,827,025.00 """
409000985312',17-Sep-17,IMPS TRANSFER,,17-Sep-17,,""" 121,451.00 """,""" 549,817.00 """
409000375642',29-Jan-16,FDRL/INTERNAL FUND TRANSFE,,29-Jan-16,,""" 281,659.00 """,""" 517,266.00 """
409000110491',03-Feb-16,NEFT TRANSFER,,03-Feb-16,""" 483,059.00 """,,""" -267,386.00 """
409000607258',27-Feb-17,TRF FROM  Indiaforensic SERVICES,,27-Feb-17,""" 15,941.00 """,,""" 552,258.00 """
409000968666',25-Aug-16,IMPS TRANSFER,,25-Aug-16,""" 11,427.00 """,,""" 645,619.00 """
409000985431',26-Aug-16,TRF FROM  Indiaforensic SERVICES,,26-Aug-16,,""" 253,607.00 """,""" 921,211.00 """
409000498090',06-Nov-16,FDRL/INTERNAL FUND TRANSFE,,06-Nov-16,""" 50,093.00 """,,""" -28,563.00 """
409000754213',10-Jul-17,ATM WITHDRAWAL,,10-Jul-17,""" 334,680.00 """,,""" -614,697.00 """
409000998512',20-Feb-17,IMPS TRANSFER,,20-Feb-17,""" 337,622.00 """,,""" -58,009.00 """
409000730439',04-Mar-16,IMPS TRANSFER,,04-Mar-16,""" 231,090.00 """,,""" 1,048,165.00 """
409000673061',03-Dec-16,POS PURCHASE,,03-Dec-16,""" 6,248.00 """,,""" 887,357.00 """
409000944848',23-Nov-17,POS PURCHASE,,23-Nov-17,,""" 146,510.00 """,""" 78,357.00 """
409000243381',02-Dec-16,POS PURCHASE,,02-Dec-16,""" 266,647.00 """,,""" 338,155.00 """
409000737708',27-Jan-16,NEFT TRANSFER,,27-Jan-16,""" 181,467.00 """,,""" 543,633.00 """
409000730439',07-Jul-17,FDRL/INTERNAL FUND TRANSFE,,07-Jul-17,""" 84,726.00 """,,""" 963,439.00 """
409000530205',24-Sep-16,POS PURCHASE,,24-Sep-16,,""" 117,647.00 """,""" 557,632.00 """
409000733355',18-Jan-16,ATM WITHDRAWAL,,18-Jan-16,""" 428,581.00 """,,""" -136,143.00 """
409000733355',12-Nov-17,ATM WITHDRAWAL,,12-Nov-17,""" 50,580.00 """,,""" -186,723.00 """
409000478491',11-Nov-17,FDRL/INTERNAL FUND TRANSFE,,11-Nov-17,""" 439,347.00 """,,""" 69,223.00 """
409000442391',07-Mar-16,IMPS TRANSFER,,07-Mar-16,,""" 294,756.00 """,""" 1,023,834.00 """
409000375824',01-Jun-17,TRF FROM  Indiaforensic SERVICES,,01-Jun-17,,""" 35,559.00 """,""" 1,003,433.00 """
409000197814',07-Sep-17,NEFT TRANSFER,,07-Sep-17,""" 84,660.00 """,,""" 427,153.00 """
409000659479',21-Feb-16,POS PURCHASE,,21-Feb-16,""" 421,670.00 """,,""" 503,125.00 """
409000837739',23-Aug-16,NEFT TRANSFER,,23-Aug-16,""" 133,699.00 """,,""" -300,686.00 """
409000603011',11-Mar-17,NEFT TRANSFER,,11-Mar-17,,""" 64,584.00 """,""" 915,557.00 """
409000660205',15-Jan-16,POS PURCHASE,,15-Jan-16,,""" 372,696.00 """,""" 445,244.00 """
409000197540',16-Jul-17,POS PURCHASE,,16-Jul-17,,""" 82,969.00 """,""" 1,594,105.00 """
409000914209',21-Aug-16,ATM WITHDRAWAL,,21-Aug-16,,""" 426,578.00 """,""" 1,389,505.00 """
409000590992',30-Jul-17,TRF FROM  Indiaforensic SERVICES,,30-Jul-17,,""" 26,033.00 """,""" 2,039,155.00 """
409000816639',12-Mar-17,IMPS TRANSFER,,12-Mar-17,""" 86,932.00 """,,""" 37,121.00 """
409000730439',29-Jun-16,IMPS TRANSFER,,29-Jun-16,""" 352,344.00 """,,""" 611,095.00 """
409000884895',22-Apr-17,NEFT TRANSFER,,22-Apr-17,""" 68,537.00 """,,""" 1,451,468.00 """
409000420436',14-Jan-17,NEFT TRANSFER,,14-Jan-17,""" 212,022.00 """,,""" 443,917.00 """
409000381613',26-Sep-16,POS PURCHASE,,26-Sep-16,,""" 378,790.00 """,""" 1,133,595.00 """
409000456174',14-Jan-16,ATM WITHDRAWAL,,14-Jan-16,,""" 367,709.00 """,""" 986,913.00 """
409000930777',05-Jan-16,IMPS TRANSFER,,05-Jan-16,,""" 98,089.00 """,""" 198,252.00 """
409000831704',30-May-16,NEFT TRANSFER,,30-May-16,,""" 236,282.00 """,""" 945,714.00 """
409000685219',15-Jan-17,FDRL/INTERNAL FUND TRANSFE,,15-Jan-17,""" 341,481.00 """,,""" 1,485,544.00 """
409000655411',01-Nov-17,POS PURCHASE,,01-Nov-17,,""" 263,475.00 """,""" 554,104.00 """
409000619259',16-Jul-17,POS PURCHASE,,16-Jul-17,,""" 425,183.00 """,""" 1,177,358.00 """
409000286442',17-Oct-16,IMPS TRANSFER,,17-Oct-16,""" 65,440.00 """,,""" -222,953.00 """
409000358006',03-Apr-17,ATM WITHDRAWAL,,03-Apr-17,""" 15,386.00 """,,""" 375,547.00 """
409000277980',17-Oct-17,POS PURCHASE,,17-Oct-17,,""" 205,671.00 """,""" -149,609.00 """
409000267304',13-Dec-16,NEFT TRANSFER,,13-Dec-16,""" 355,930.00 """,,""" 263,546.00 """
409000655411',18-Jun-17,ATM WITHDRAWAL,,18-Jun-17,""" 439,566.00 """,,""" 114,538.00 """
409000557336',14-Sep-16,IMPS TRANSFER,,14-Sep-16,,""" 288,668.00 """,""" 962,705.00 """
409000592016',26-Apr-16,FDRL/INTERNAL FUND TRANSFE,,26-Apr-16,,""" 269,015.00 """,""" 1,207,570.00 """
409000180124',05-Jan-16,TRF FROM  Indiaforensic SERVICES,,05-Jan-16,""" 144,904.00 """,,""" -45,508.00 """
409000807760',26-May-17,ATM WITHDRAWAL,,26-May-17,,""" 895.00 """,""" 541,757.00 """
409000135650',01-Feb-16,ATM WITHDRAWAL,,01-Feb-16,,""" 428,727.00 """,""" 1,154,358.00 """
409000547793',10-May-17,ATM WITHDRAWAL,,10-May-17,,""" 383,896.00 """,""" 883,708.00 """
409000326234',09-Jun-16,TRF FROM  Indiaforensic SERVICES,,09-Jun-16,,""" 193,640.00 """,""" 346,100.00 """
409000807760',12-Feb-17,TRF FROM  Indiaforensic SERVICES,,12-Feb-17,,""" 30,863.00 """,""" 572,620.00 """
409000420436',10-Nov-17,ATM WITHDRAWAL,,10-Nov-17,,""" 444,739.00 """,""" 888,656.00 """
409000612815',11-Sep-17,ATM WITHDRAWAL,,11-Sep-17,""" 312,636.00 """,,""" 691,293.00 """
409000251221',25-Feb-16,IMPS TRANSFER,,25-Feb-16,,""" 144,367.00 """,""" -228,447.00 """
409000998512',16-Aug-17,IMPS TRANSFER,,16-Aug-17,""" 416,145.00 """,,""" -474,154.00 """
409000353617',12-Jul-17,NEFT TRANSFER,,12-Jul-17,""" 225,248.00 """,,""" -557,550.00 """
409000991571',04-Dec-16,TRF FROM  Indiaforensic SERVICES,,04-Dec-16,""" 182,837.00 """,,""" 753,180.00 """
409000554832',05-May-17,IMPS TRANSFER,,05-May-17,,""" 389,837.00 """,""" 275,868.00 """
409000831704',29-Aug-16,TRF FROM  Indiaforensic SERVICES,,29-Aug-16,""" 52,860.00 """,,""" 892,854.00 """
409000755100',22-May-17,IMPS TRANSFER,,22-May-17,""" 219,938.00 """,,""" -126,218.00 """
409000324521',01-Jan-16,IMPS TRANSFER,,01-Jan-16,,""" 275,314.00 """,""" 604,764.00 """
409000197540',13-Feb-16,NEFT TRANSFER,,13-Feb-16,,""" 309,803.00 """,""" 1,903,908.00 """
409000831704',03-Sep-17,NEFT TRANSFER,,03-Sep-17,,""" 59,821.00 """,""" 952,675.00 """
409000167461',05-Jun-17,NEFT TRANSFER,,05-Jun-17,,""" 71,016.00 """,""" 1,254,319.00 """
409000132496',13-Apr-16,TRF FROM  Indiaforensic SERVICES,,13-Apr-16,,""" 154,682.00 """,""" 594,791.00 """
409000583676',14-Feb-17,ATM WITHDRAWAL,,14-Feb-17,""" 136,161.00 """,,""" -205,669.00 """
409000339352',20-Nov-17,FDRL/INTERNAL FUND TRANSFE,,20-Nov-17,""" 432,153.00 """,,""" 445,166.00 """
409000879598',25-Mar-17,POS PURCHASE,,25-Mar-17,""" 316,909.00 """,,""" 925,882.00 """
409000267304',14-Apr-17,POS PURCHASE,,14-Apr-17,""" 348,228.00 """,,""" -84,682.00 """
409000592016',29-Nov-17,IMPS TRANSFER,,29-Nov-17,,""" 127,360.00 """,""" 1,334,930.00 """
409000944848',13-May-17,IMPS TRANSFER,,13-May-17,""" 388,459.00 """,,""" -310,102.00 """
409000320353',19-Nov-16,POS PURCHASE,,19-Nov-16,""" 445,342.00 """,,""" -227,732.00 """
409000140684',23-Dec-17,FDRL/INTERNAL FUND TRANSFE,,23-Dec-17,,""" 189,760.00 """,""" 417,233.00 """
409000636341',26-Sep-16,IMPS TRANSFER,,26-Sep-16,""" 371,282.00 """,,""" 920,161.00 """
409000286442',13-Aug-16,FDRL/INTERNAL FUND TRANSFE,,13-Aug-16,""" 201,903.00 """,,""" -424,856.00 """
409000339352',16-May-17,TRF FROM  Indiaforensic SERVICES,,16-May-17,,""" 472,690.00 """,""" 917,856.00 """
409000332316',15-Mar-16,IMPS TRANSFER,,15-Mar-16,""" 334,762.00 """,,""" -288,339.00 """
409000224429',24-Nov-16,POS PURCHASE,,24-Nov-16,,""" 50,252.00 """,""" 1,292,208.00 """
409000375824',27-Aug-17,FDRL/INTERNAL FUND TRANSFE,,27-Aug-17,""" 445,335.00 """,,""" 558,098.00 """
409000603011',06-Nov-17,FDRL/INTERNAL FUND TRANSFE,,06-Nov-17,""" 380,193.00 """,,""" 535,364.00 """
409000183728',13-Nov-16,NEFT TRANSFER,,13-Nov-16,,""" 428,547.00 """,""" 236,842.00 """
409000985431',03-Nov-17,TRF FROM  Indiaforensic SERVICES,,03-Nov-17,""" 182,817.00 """,,""" 738,394.00 """
409000219567',16-Nov-16,FDRL/INTERNAL FUND TRANSFE,,16-Nov-16,""" 353,553.00 """,,""" 158,174.00 """
409000308752',05-Mar-17,FDRL/INTERNAL FUND TRANSFE,,05-Mar-17,""" 48,561.00 """,,""" 353,137.00 """
409000139970',23-Feb-17,ATM WITHDRAWAL,,23-Feb-17,""" 220,990.00 """,,""" -59,819.00 """
409000502720',25-Aug-16,NEFT TRANSFER,,25-Aug-16,""" 54,773.00 """,,""" 1,699,006.00 """
409000277980',05-Mar-16,IMPS TRANSFER,,05-Mar-16,""" 463,259.00 """,,""" -612,868.00 """
409000636341',22-Jul-16,NEFT TRANSFER,,22-Jul-16,""" 454,631.00 """,,""" 465,530.00 """
409000220856',27-Sep-16,FDRL/INTERNAL FUND TRANSFE,,27-Sep-16,,""" 374,010.00 """,""" 7,129.00 """
409000953042',13-Dec-16,FDRL/INTERNAL FUND TRANSFE,,13-Dec-16,""" 14,332.00 """,,""" 264,911.00 """
409000392132',26-Aug-16,FDRL/INTERNAL FUND TRANSFE,,26-Aug-16,""" 286,039.00 """,,""" 1,235,852.00 """
409000915343',30-Jul-16,FDRL/INTERNAL FUND TRANSFE,,30-Jul-16,""" 71,796.00 """,,""" 346,456.00 """
409000879598',19-Mar-17,IMPS TRANSFER,,19-Mar-17,""" 209,968.00 """,,""" 715,914.00 """
409000160462',23-Feb-17,ATM WITHDRAWAL,,23-Feb-17,""" 111,897.00 """,,""" 968,306.00 """
409000820802',20-Oct-17,TRF FROM  Indiaforensic SERVICES,,20-Oct-17,,""" 344,690.00 """,""" -429,630.00 """
409000183728',27-Feb-17,TRF FROM  Indiaforensic SERVICES,,27-Feb-17,,""" 397,820.00 """,""" 634,662.00 """
409000659479',25-Sep-16,TRF FROM  Indiaforensic SERVICES,,25-Sep-16,,""" 134,368.00 """,""" 637,493.00 """
409000183728',27-Jun-17,TRF FROM  Indiaforensic SERVICES,,27-Jun-17,""" 288,613.00 """,,""" 346,049.00 """
409000585607',06-Apr-16,NEFT TRANSFER,,06-Apr-16,,""" 102,105.00 """,""" 727,587.00 """
409000281811',31-Jul-16,TRF FROM  Indiaforensic SERVICES,,31-Jul-16,,""" 396,535.00 """,""" 14,625.00 """
409000157380',28-Dec-16,POS PURCHASE,,28-Dec-16,""" 487,092.00 """,,""" 236,331.00 """
409000656583',08-Nov-16,IMPS TRANSFER,,08-Nov-16,,""" 153,878.00 """,""" 575,912.00 """
409000933271',09-Aug-16,POS PURCHASE,,09-Aug-16,""" 417,424.00 """,,""" -14,001.00 """
409000933271',17-Dec-16,ATM WITHDRAWAL,,17-Dec-16,""" 484,951.00 """,,""" -498,952.00 """
409000815056',28-Aug-17,TRF FROM  Indiaforensic SERVICES,,28-Aug-17,""" 482,175.00 """,,""" 61,135.00 """
409000132496',15-Nov-16,NEFT TRANSFER,,15-Nov-16,,""" 388,277.00 """,""" 983,068.00 """
409000177276',10-Mar-17,NEFT TRANSFER,,10-Mar-17,,""" 351,647.00 """,""" 1,131,866.00 """
409000639253',22-Jan-16,NEFT TRANSFER,,22-Jan-16,,""" 473,992.00 """,""" 488,026.00 """
409000251221',04-Nov-16,FDRL/INTERNAL FUND TRANSFE,,04-Nov-16,""" 495,413.00 """,,""" -723,860.00 """
409000974947',01-Aug-16,FDRL/INTERNAL FUND TRANSFE,,01-Aug-16,,""" 227,443.00 """,""" 682,799.00 """
409000157380',10-Mar-17,IMPS TRANSFER,,10-Mar-17,,""" 489,373.00 """,""" 725,704.00 """
409000998512',30-Dec-17,TRF FROM  Indiaforensic SERVICES,,30-Dec-17,,""" 213,653.00 """,""" -260,501.00 """
409000182011',14-Mar-16,FDRL/INTERNAL FUND TRANSFE,,14-Mar-16,,""" 119,165.00 """,""" 252,986.00 """
409000500535',26-Aug-16,ATM WITHDRAWAL,,26-Aug-16,""" 323,043.00 """,,""" 710,696.00 """
409000714173',24-Sep-16,POS PURCHASE,,24-Sep-16,""" 241,880.00 """,,""" 350,543.00 """
409000184133',19-Dec-16,IMPS TRANSFER,,19-Dec-16,,""" 243,502.00 """,""" 923,431.00 """
409000338678',01-Apr-16,TRF FROM  Indiaforensic SERVICES,,01-Apr-16,,""" 405,120.00 """,""" -197,366.00 """
409000339352',14-Jun-16,NEFT TRANSFER,,14-Jun-16,""" 97,106.00 """,,""" 820,750.00 """
409000837739',16-Jan-16,ATM WITHDRAWAL,,16-Jan-16,""" 438,481.00 """,,""" -739,167.00 """
409000673061',19-Sep-16,TRF FROM  Indiaforensic SERVICES,,19-Sep-16,,""" 476,663.00 """,""" 1,364,020.00 """
409000858950',09-Dec-16,IMPS TRANSFER,,09-Dec-16,""" 487,073.00 """,,""" 67,165.00 """
409000636341',01-Jun-17,TRF FROM  Indiaforensic SERVICES,,01-Jun-17,""" 12,174.00 """,,""" 453,356.00 """
409000442391',16-Jul-17,TRF FROM  Indiaforensic SERVICES,,16-Jul-17,,""" 15,359.00 """,""" 1,039,193.00 """
409000182803',29-Dec-17,POS PURCHASE,,29-Dec-17,,""" 427,161.00 """,""" 843,246.00 """
409000991571',20-Aug-17,NEFT TRANSFER,,20-Aug-17,""" 429,218.00 """,,""" 323,962.00 """
409000734739',03-Aug-17,ATM WITHDRAWAL,,03-Aug-17,""" 290,907.00 """,,""" 489,100.00 """
409000885944',08-Feb-17,TRF FROM  Indiaforensic SERVICES,,08-Feb-17,""" 180,407.00 """,,""" 410,452.00 """
409000135650',20-Sep-17,IMPS TRANSFER,,20-Sep-17,""" 319,916.00 """,,""" 834,442.00 """
409000470910',15-May-17,POS PURCHASE,,15-May-17,""" 13,735.00 """,,""" 1,139,456.00 """
409000456174',20-Aug-16,NEFT TRANSFER,,20-Aug-16,""" 42,784.00 """,,""" 944,129.00 """
409000239127',14-Feb-16,ATM WITHDRAWAL,,14-Feb-16,""" 330,732.00 """,,""" 274,177.00 """
409000316747',27-Dec-17,NEFT TRANSFER,,27-Dec-17,,""" 171,014.00 """,""" -341,325.00 """
409000105440',22-Aug-17,ATM WITHDRAWAL,,22-Aug-17,""" 365,772.00 """,,""" 206,597.00 """
409000498090',10-Sep-16,ATM WITHDRAWAL,,10-Sep-16,,""" 195,957.00 """,""" 167,394.00 """
409000808057',19-Feb-17,FDRL/INTERNAL FUND TRANSFE,,19-Feb-17,""" 449,554.00 """,,""" -1,649,523.00 """
409000969514',02-Nov-16,POS PURCHASE,,02-Nov-16,""" 436,285.00 """,,""" -70,411.00 """
409000182011',12-Oct-16,FDRL/INTERNAL FUND TRANSFE,,12-Oct-16,""" 130,591.00 """,,""" 122,395.00 """
409000397004',27-Sep-16,ATM WITHDRAWAL,,27-Sep-16,""" 168,987.00 """,,""" 322,061.00 """
409000182011',01-Oct-17,TRF FROM  Indiaforensic SERVICES,,01-Oct-17,""" 6,042.00 """,,""" 116,353.00 """
409000530053',06-May-17,NEFT TRANSFER,,06-May-17,,""" 30,346.00 """,""" 795,854.00 """
409000110491',05-Jan-16,IMPS TRANSFER,,05-Jan-16,,""" 127,886.00 """,""" -139,500.00 """
409000961474',08-Jun-16,FDRL/INTERNAL FUND TRANSFE,,08-Jun-16,""" 265,826.00 """,,""" 413,205.00 """
409000402246',29-Jan-16,FDRL/INTERNAL FUND TRANSFE,,29-Jan-16,,""" 397,683.00 """,""" 1,377,592.00 """
409000308752',31-Oct-16,TRF FROM  Indiaforensic SERVICES,,31-Oct-16,,""" 173,415.00 """,""" 526,552.00 """
409000953042',04-Mar-17,IMPS TRANSFER,,04-Mar-17,,""" 418,164.00 """,""" 683,075.00 """
409000124116',18-Apr-17,FDRL/INTERNAL FUND TRANSFE,,18-Apr-17,,""" 31,719.00 """,""" 886,208.00 """
409000747968',02-Jan-16,NEFT TRANSFER,,02-Jan-16,,""" 222,866.00 """,""" 466,436.00 """
409000583676',17-Aug-17,ATM WITHDRAWAL,,17-Aug-17,""" 195,962.00 """,,""" -401,631.00 """
409000272332',27-Mar-17,POS PURCHASE,,27-Mar-17,,""" 305,553.00 """,""" 345,809.00 """
409000545992',11-Jul-16,FDRL/INTERNAL FUND TRANSFE,,11-Jul-16,,""" 27,751.00 """,""" 526,392.00 """
409000771650',10-Dec-17,POS PURCHASE,,10-Dec-17,""" 361,176.00 """,,""" 337,597.00 """
409000320353',01-Aug-16,POS PURCHASE,,01-Aug-16,,""" 95,474.00 """,""" -132,258.00 """
409000466987',08-May-16,NEFT TRANSFER,,08-May-16,""" 242,068.00 """,,""" 147,803.00 """
409000281811',06-Apr-16,IMPS TRANSFER,,06-Apr-16,""" 45,776.00 """,,""" -31,151.00 """
409000375642',08-Nov-16,ATM WITHDRAWAL,,08-Nov-16,""" 218,978.00 """,,""" 298,288.00 """
409000952891',30-Nov-17,IMPS TRANSFER,,30-Nov-17,""" 203,853.00 """,,""" -381,972.00 """
409000635937',30-Apr-16,POS PURCHASE,,30-Apr-16,""" 473,835.00 """,,""" -123,314.00 """
409000707260',18-Mar-17,ATM WITHDRAWAL,,18-Mar-17,""" 181,885.00 """,,""" 872,606.00 """
409000592016',11-Oct-16,TRF FROM  Indiaforensic SERVICES,,11-Oct-16,,""" 298,860.00 """,""" 1,633,790.00 """
409000612815',18-Dec-17,IMPS TRANSFER,,18-Dec-17,,""" 290,228.00 """,""" 981,521.00 """
409000338678',16-Aug-16,TRF FROM  Indiaforensic SERVICES,,16-Aug-16,""" 469,890.00 """,,""" -667,256.00 """
409000404291',30-May-16,NEFT TRANSFER,,30-May-16,,""" 467,295.00 """,""" 1,051,533.00 """
409000322448',01-Jul-16,TRF FROM  Indiaforensic SERVICES,,01-Jul-16,,""" 251,692.00 """,""" 860,062.00 """
409000586455',10-Feb-16,NEFT TRANSFER,,10-Feb-16,,""" 155,394.00 """,""" -31,838.00 """
409000575316',20-Mar-17,FDRL/INTERNAL FUND TRANSFE,,20-Mar-17,""" 106,086.00 """,,""" 1,092,982.00 """
409000324521',18-Sep-16,NEFT TRANSFER,,18-Sep-16,,""" 400,923.00 """,""" 1,005,687.00 """
409000135650',20-Jan-17,FDRL/INTERNAL FUND TRANSFE,,20-Jan-17,,""" 321,308.00 """,""" 1,155,750.00 """
409000195344',26-Jul-16,POS PURCHASE,,26-Jul-16,""" 475,917.00 """,,""" -9,542.00 """
409000226012',29-Nov-17,IMPS TRANSFER,,29-Nov-17,,""" 287,445.00 """,""" 586,021.00 """
409000286442',16-Dec-16,FDRL/INTERNAL FUND TRANSFE,,16-Dec-16,""" 421,800.00 """,,""" -846,656.00 """
409000831495',02-May-16,NEFT TRANSFER,,02-May-16,""" 469,169.00 """,,""" 200,920.00 """
409000815934',11-Sep-16,FDRL/INTERNAL FUND TRANSFE,,11-Sep-16,""" 125,759.00 """,,""" 602,375.00 """
409000239127',09-May-16,TRF FROM  Indiaforensic SERVICES,,09-May-16,,""" 445,160.00 """,""" 719,337.00 """
409000444431',24-Oct-16,NEFT TRANSFER,,24-Oct-16,""" 576.00 """,,""" -673,692.00 """
409000566372',17-Mar-16,IMPS TRANSFER,,17-Mar-16,,""" 493,984.00 """,""" 972,494.00 """
409000818557',13-Aug-17,TRF FROM  Indiaforensic SERVICES,,13-Aug-17,""" 145,587.00 """,,""" 6,510.00 """
409000892124',21-Jun-16,FDRL/INTERNAL FUND TRANSFE,,21-Jun-16,,""" 365,408.00 """,""" 232,981.00 """
409000883932',21-Jan-16,POS PURCHASE,,21-Jan-16,,""" 426,128.00 """,""" -268,804.00 """
409000952891',16-Mar-17,NEFT TRANSFER,,16-Mar-17,,""" 422,684.00 """,""" 40,712.00 """
409000267304',13-Jan-17,ATM WITHDRAWAL,,13-Jan-17,""" 225,338.00 """,,""" -310,020.00 """
409000478491',07-Jun-16,TRF FROM  Indiaforensic SERVICES,,07-Jun-16,,""" 22,893.00 """,""" 92,116.00 """
409000661072',05-Jul-16,TRF FROM  Indiaforensic SERVICES,,05-Jul-16,,""" 450,735.00 """,""" 1,425,732.00 """
409000734739',10-Apr-17,ATM WITHDRAWAL,,10-Apr-17,""" 181,034.00 """,,""" 308,066.00 """
409000714173',03-Jan-16,NEFT TRANSFER,,03-Jan-16,""" 111,646.00 """,,""" 238,897.00 """
409000950802',03-Feb-17,FDRL/INTERNAL FUND TRANSFE,,03-Feb-17,,""" 465,864.00 """,""" 778,587.00 """
409000603011',12-Oct-16,POS PURCHASE,,12-Oct-16,""" 371,936.00 """,,""" 163,428.00 """
409000404291',16-Jul-16,NEFT TRANSFER,,16-Jul-16,""" 58,708.00 """,,""" 992,825.00 """
409000884895',29-May-16,TRF FROM  Indiaforensic SERVICES,,29-May-16,""" 17,822.00 """,,""" 1,433,646.00 """
409000405310',07-Apr-16,IMPS TRANSFER,,07-Apr-16,""" 338,784.00 """,,""" -140,300.00 """
409000831704',19-May-16,NEFT TRANSFER,,19-May-16,""" 298,872.00 """,,""" 653,803.00 """
409000914209',18-Oct-17,TRF FROM  Indiaforensic SERVICES,,18-Oct-17,,""" 167,216.00 """,""" 1,556,721.00 """
409000825195',18-Dec-17,FDRL/INTERNAL FUND TRANSFE,,18-Dec-17,,""" 223,072.00 """,""" 1,049,235.00 """
409000272332',22-Nov-16,ATM WITHDRAWAL,,22-Nov-16,,""" 478,200.00 """,""" 824,009.00 """
409000655411',12-May-16,NEFT TRANSFER,,12-May-16,,""" 333,121.00 """,""" 447,659.00 """
409000808057',25-May-17,ATM WITHDRAWAL,,25-May-17,""" 391,986.00 """,,""" -2,041,509.00 """
409000236053',25-Apr-16,POS PURCHASE,,25-Apr-16,""" 138,771.00 """,,""" 348,688.00 """
409000658705',05-Sep-16,NEFT TRANSFER,,05-Sep-16,,""" 428,550.00 """,""" 1,920,931.00 """
409000957334',08-Oct-16,IMPS TRANSFER,,08-Oct-16,,""" 166,531.00 """,""" 1,534,723.00 """
409000444431',04-Nov-17,ATM WITHDRAWAL,,04-Nov-17,""" 458,165.00 """,,""" -1,131,857.00 """
409000959133',28-Sep-16,NEFT TRANSFER,,28-Sep-16,""" 265,111.00 """,,""" 653,360.00 """
409000338678',20-Apr-16,POS PURCHASE,,20-Apr-16,,""" 350,365.00 """,""" -316,891.00 """
409000281811',10-Mar-17,TRF FROM  Indiaforensic SERVICES,,10-Mar-17,""" 178,473.00 """,,""" -209,624.00 """
409000130217',23-Dec-17,NEFT TRANSFER,,23-Dec-17,""" 76,564.00 """,,""" 598,918.00 """
409000944848',04-Jun-17,NEFT TRANSFER,,04-Jun-17,,""" 86,317.00 """,""" -223,785.00 """
409000392132',06-Mar-16,TRF FROM  Indiaforensic SERVICES,,06-Mar-16,""" 25,998.00 """,,""" 1,209,854.00 """
409000805120',14-Jan-17,FDRL/INTERNAL FUND TRANSFE,,14-Jan-17,""" 143,135.00 """,,""" 708,094.00 """
409000612815',25-Sep-16,IMPS TRANSFER,,25-Sep-16,,""" 250,131.00 """,""" 1,231,652.00 """
409000494458',18-Jul-16,TRF FROM  Indiaforensic SERVICES,,18-Jul-16,,""" 317,569.00 """,""" 666,821.00 """
409000226012',11-Oct-17,TRF FROM  Indiaforensic SERVICES,,11-Oct-17,,""" 377,983.00 """,""" 964,004.00 """
409000585607',18-Sep-16,NEFT TRANSFER,,18-Sep-16,,""" 306,237.00 """,""" 1,033,824.00 """
409000684481',27-Nov-16,POS PURCHASE,,27-Nov-16,""" 359,770.00 """,,""" 779,078.00 """
409000131038',29-Sep-16,IMPS TRANSFER,,29-Sep-16,""" 382,647.00 """,,""" 463,478.00 """
409000547793',09-Sep-16,FDRL/INTERNAL FUND TRANSFE,,09-Sep-16,,""" 116,812.00 """,""" 1,000,520.00 """
409000375642',26-Mar-16,ATM WITHDRAWAL,,26-Mar-16,""" 402,043.00 """,,""" -103,755.00 """
409000635340',21-Jan-17,ATM WITHDRAWAL,,21-Jan-17,,""" 330,699.00 """,""" 930,752.00 """
409000619259',01-Apr-16,ATM WITHDRAWAL,,01-Apr-16,""" 197,294.00 """,,""" 980,064.00 """
409000140684',21-Feb-16,TRF FROM  Indiaforensic SERVICES,,21-Feb-16,,""" 18,977.00 """,""" 436,210.00 """
409000879020',04-Apr-16,FDRL/INTERNAL FUND TRANSFE,,04-Apr-16,""" 339,091.00 """,,""" 818,809.00 """
409000747720',13-Nov-17,TRF FROM  Indiaforensic SERVICES,,13-Nov-17,,""" 19,780.00 """,""" 48,706.00 """
409000636341',15-Jan-16,POS PURCHASE,,15-Jan-16,,""" 188,471.00 """,""" 641,827.00 """
409000334036',12-Mar-16,ATM WITHDRAWAL,,12-Mar-16,,""" 327,948.00 """,""" 503,224.00 """
409000750929',09-Jan-17,FDRL/INTERNAL FUND TRANSFE,,09-Jan-17,""" 129,461.00 """,,""" 576,358.00 """
409000478491',11-Apr-17,TRF FROM  Indiaforensic SERVICES,,11-Apr-17,""" 206,388.00 """,,""" -114,272.00 """
409000452520',02-Aug-16,ATM WITHDRAWAL,,02-Aug-16,""" 434,517.00 """,,""" -273,773.00 """
409000961474',06-Jun-16,FDRL/INTERNAL FUND TRANSFE,,06-Jun-16,,""" 225,836.00 """,""" 639,041.00 """
409000267304',22-Mar-16,NEFT TRANSFER,,22-Mar-16,,""" 32,200.00 """,""" -277,820.00 """
409000358006',23-Oct-17,ATM WITHDRAWAL,,23-Oct-17,,""" 115,253.00 """,""" 490,800.00 """
409000324521',28-May-17,IMPS TRANSFER,,28-May-17,,""" 174,787.00 """,""" 1,180,474.00 """
409000456174',13-Jun-16,TRF FROM  Indiaforensic SERVICES,,13-Jun-16,,""" 309,649.00 """,""" 1,253,778.00 """
409000442391',25-Apr-16,IMPS TRANSFER,,25-Apr-16,""" 42,737.00 """,,""" 996,456.00 """
409000693356',07-May-16,NEFT TRANSFER,,07-May-16,""" 144,878.00 """,,""" 956.00 """
409000437062',23-Aug-17,FDRL/INTERNAL FUND TRANSFE,,23-Aug-17,""" 30,287.00 """,,""" 92,732.00 """
409000815934',30-Sep-17,FDRL/INTERNAL FUND TRANSFE,,30-Sep-17,,""" 442,863.00 """,""" 1,045,238.00 """
409000879598',15-Jan-17,NEFT TRANSFER,,15-Jan-17,,""" 274,623.00 """,""" 990,537.00 """
409000878488',09-Jun-17,IMPS TRANSFER,,09-Jun-17,,""" 33,762.00 """,""" 440,749.00 """
409000950568',10-Oct-16,POS PURCHASE,,10-Oct-16,,""" 475,852.00 """,""" 117,596.00 """
409000112710',02-Jun-17,ATM WITHDRAWAL,,02-Jun-17,""" 125,900.00 """,,""" 1,394,329.00 """
409000872626',04-May-17,IMPS TRANSFER,,04-May-17,""" 161,101.00 """,,""" 306,928.00 """
409000203226',11-Feb-17,FDRL/INTERNAL FUND TRANSFE,,11-Feb-17,""" 42,218.00 """,,""" 439,272.00 """
409000135650',24-Feb-16,FDRL/INTERNAL FUND TRANSFE,,24-Feb-16,""" 211,318.00 """,,""" 944,432.00 """
409000132496',03-Apr-17,ATM WITHDRAWAL,,03-Apr-17,""" 498,110.00 """,,""" 484,958.00 """
409000771650',22-Aug-17,IMPS TRANSFER,,22-Aug-17,""" 156,366.00 """,,""" 181,231.00 """
409000557336',22-Sep-16,ATM WITHDRAWAL,,22-Sep-16,,""" 449,478.00 """,""" 1,412,183.00 """
409000566372',16-Nov-16,FDRL/INTERNAL FUND TRANSFE,,16-Nov-16,""" 67,013.00 """,,""" 905,481.00 """
409000730439',02-Oct-16,TRF FROM  Indiaforensic SERVICES,,02-Oct-16,""" 43,973.00 """,,""" 567,122.00 """
409000590992',18-Jun-17,POS PURCHASE,,18-Jun-17,""" 288,501.00 """,,""" 1,750,654.00 """
409000879598',15-Aug-16,NEFT TRANSFER,,15-Aug-16,""" 217,919.00 """,,""" 772,618.00 """
409000957334',04-Apr-16,POS PURCHASE,,04-Apr-16,""" 297,552.00 """,,""" 1,237,171.00 """
409000444431',05-Dec-16,TRF FROM  Indiaforensic SERVICES,,05-Dec-16,,""" 146,432.00 """,""" -985,425.00 """
409000659479',12-Dec-17,TRF FROM  Indiaforensic SERVICES,,12-Dec-17,""" 347,260.00 """,,""" 290,233.00 """
409000375824',23-Sep-16,ATM WITHDRAWAL,,23-Sep-16,,""" 276,918.00 """,""" 835,016.00 """
409000308752',23-Apr-17,NEFT TRANSFER,,23-Apr-17,""" 448,975.00 """,,""" 77,577.00 """
409000747968',04-Jan-17,IMPS TRANSFER,,04-Jan-17,""" 38,748.00 """,,""" 427,688.00 """
409000324521',14-Jan-17,FDRL/INTERNAL FUND TRANSFE,,14-Jan-17,,""" 376,438.00 """,""" 1,556,912.00 """
409000239127',08-Nov-16,NEFT TRANSFER,,08-Nov-16,,""" 269,662.00 """,""" 988,999.00 """
409000182011',11-Jun-16,FDRL/INTERNAL FUND TRANSFE,,11-Jun-16,""" 111,108.00 """,,""" 5,245.00 """
409000182011',14-Dec-16,IMPS TRANSFER,,14-Dec-16,,""" 126,070.00 """,""" 131,315.00 """
409000754213',01-Dec-17,ATM WITHDRAWAL,,01-Dec-17,,""" 295,181.00 """,""" -319,516.00 """
409000737708',02-May-16,ATM WITHDRAWAL,,02-May-16,,""" 184,827.00 """,""" 728,460.00 """
409000991571',13-Nov-17,POS PURCHASE,,13-Nov-17,,""" 49,882.00 """,""" 373,844.00 """
409000167461',23-Jan-16,NEFT TRANSFER,,23-Jan-16,,""" 270,744.00 """,""" 1,525,063.00 """
409000639253',05-Aug-17,ATM WITHDRAWAL,,05-Aug-17,""" 288,017.00 """,,""" 200,009.00 """
409000959133',27-Nov-16,IMPS TRANSFER,,27-Nov-16,,""" 131,024.00 """,""" 784,384.00 """
409000554832',01-Feb-16,ATM WITHDRAWAL,,01-Feb-16,""" 210,762.00 """,,""" 65,106.00 """
409000219567',25-Jun-17,FDRL/INTERNAL FUND TRANSFE,,25-Jun-17,,""" 180,520.00 """,""" 338,694.00 """
409000603011',23-Jan-16,NEFT TRANSFER,,23-Jan-16,,""" 487,947.00 """,""" 651,375.00 """
409000494458',11-Sep-17,NEFT TRANSFER,,11-Sep-17,,""" 371,506.00 """,""" 1,038,327.00 """
409000553399',13-Aug-17,POS PURCHASE,,13-Aug-17,""" 468,361.00 """,,""" 565,887.00 """
409000112710',11-Jul-16,POS PURCHASE,,11-Jul-16,,""" 83,300.00 """,""" 1,477,629.00 """
409000969514',08-Jun-16,NEFT TRANSFER,,08-Jun-16,""" 285,214.00 """,,""" -355,625.00 """
409000941296',29-Nov-16,POS PURCHASE,,29-Nov-16,,""" 462,863.00 """,""" 554,537.00 """
409000553399',14-Jul-17,IMPS TRANSFER,,14-Jul-17,,""" 154,076.00 """,""" 719,963.00 """
409000332316',16-Aug-17,TRF FROM  Indiaforensic SERVICES,,16-Aug-17,""" 231,863.00 """,,""" -520,202.00 """
409000694171',28-Mar-17,NEFT TRANSFER,,28-Mar-17,""" 404,642.00 """,,""" -302,885.00 """
409000420436',27-Dec-16,TRF FROM  Indiaforensic SERVICES,,27-Dec-16,,""" 493,875.00 """,""" 1,382,531.00 """
409000397004',04-Jun-16,ATM WITHDRAWAL,,04-Jun-16,,""" 214,447.00 """,""" 536,508.00 """
409000945930',07-Sep-17,POS PURCHASE,,07-Sep-17,""" 428,938.00 """,,""" 886,441.00 """
409000944848',17-Apr-16,ATM WITHDRAWAL,,17-Apr-16,,""" 497,608.00 """,""" 273,823.00 """
409000112710',03-Jul-17,NEFT TRANSFER,,03-Jul-17,""" 8,521.00 """,,""" 1,469,108.00 """
409000897819',10-Mar-16,POS PURCHASE,,10-Mar-16,,""" 195,866.00 """,""" 642,155.00 """
409000938249',16-Aug-17,IMPS TRANSFER,,16-Aug-17,""" 478,440.00 """,,""" 412,427.00 """
409000112710',14-Sep-17,NEFT TRANSFER,,14-Sep-17,,""" 407,513.00 """,""" 1,876,621.00 """
409000612576',23-Dec-16,POS PURCHASE,,23-Dec-16,,""" 263,426.00 """,""" 313,475.00 """
409000110491',12-Sep-17,IMPS TRANSFER,,12-Sep-17,,""" 115,405.00 """,""" -24,095.00 """
409000263631',25-Oct-17,FDRL/INTERNAL FUND TRANSFE,,25-Oct-17,""" 150,206.00 """,,""" 674,213.00 """
409000470910',14-Jun-16,NEFT TRANSFER,,14-Jun-16,,""" 412,819.00 """,""" 1,552,275.00 """
409000957334',18-Aug-17,FDRL/INTERNAL FUND TRANSFE,,18-Aug-17,,""" 349,454.00 """,""" 1,586,625.00 """
409000968666',27-Feb-17,FDRL/INTERNAL FUND TRANSFE,,27-Feb-17,,""" 93,957.00 """,""" 739,576.00 """
409000755100',22-Apr-17,POS PURCHASE,,22-Apr-17,,""" 290,840.00 """,""" 164,622.00 """
409000473731',17-May-17,TRF FROM  Indiaforensic SERVICES,,17-May-17,""" 277,146.00 """,,""" 1,319,469.00 """
409000820802',01-May-17,FDRL/INTERNAL FUND TRANSFE,,01-May-17,,""" 328,012.00 """,""" -101,618.00 """
409000375824',17-Apr-16,POS PURCHASE,,17-Apr-16,""" 340,079.00 """,,""" 494,937.00 """
409000931284',09-May-17,TRF FROM  Indiaforensic SERVICES,,09-May-17,,""" 201,523.00 """,""" 571,146.00 """
409000272332',11-Jul-16,TRF FROM  Indiaforensic SERVICES,,11-Jul-16,,""" 495,661.00 """,""" 1,319,670.00 """
409000553399',02-Oct-16,FDRL/INTERNAL FUND TRANSFE,,02-Oct-16,""" 471,938.00 """,,""" 248,025.00 """
409000879020',12-Feb-17,NEFT TRANSFER,,12-Feb-17,,""" 486,730.00 """,""" 1,305,539.00 """
409000251221',02-Jul-17,NEFT TRANSFER,,02-Jul-17,""" 179,777.00 """,,""" -903,637.00 """
409000197540',21-Feb-16,POS PURCHASE,,21-Feb-16,""" 319,986.00 """,,""" 1,583,922.00 """
409000950568',02-Apr-16,NEFT TRANSFER,,02-Apr-16,""" 18,278.00 """,,""" 99,318.00 """
409000961474',19-Apr-17,ATM WITHDRAWAL,,19-Apr-17,,""" 337,267.00 """,""" 976,308.00 """
409000733355',19-Sep-16,POS PURCHASE,,19-Sep-16,,""" 373,272.00 """,""" 186,549.00 """
409000700042',06-Apr-17,POS PURCHASE,,06-Apr-17,,""" 478,057.00 """,""" 683,943.00 """
409000590992',18-Dec-16,TRF FROM  Indiaforensic SERVICES,,18-Dec-16,""" 315,520.00 """,,""" 1,435,134.00 """
409000714173',04-Jan-16,NEFT TRANSFER,,04-Jan-16,,""" 222,153.00 """,""" 461,050.00 """
409000684481',28-Jul-16,NEFT TRANSFER,,28-Jul-16,,""" 495,477.00 """,""" 1,274,555.00 """
409000818557',15-Jul-16,FDRL/INTERNAL FUND TRANSFE,,15-Jul-16,""" 171,192.00 """,,""" -164,682.00 """
409000944848',31-Dec-17,POS PURCHASE,,31-Dec-17,""" 490,640.00 """,,""" -216,817.00 """
409000565236',21-Jul-16,IMPS TRANSFER,,21-Jul-16,,""" 423,325.00 """,""" 1,329,097.00 """
409000603011',22-Sep-16,ATM WITHDRAWAL,,22-Sep-16,,""" 435,387.00 """,""" 1,086,762.00 """
409000251221',21-Jul-16,POS PURCHASE,,21-Jul-16,,""" 263,497.00 """,""" -640,140.00 """
409000183728',02-Oct-17,NEFT TRANSFER,,02-Oct-17,""" 17,525.00 """,,""" 328,524.00 """
409000815934',24-Jan-16,ATM WITHDRAWAL,,24-Jan-16,""" 82,443.00 """,,""" 962,795.00 """
409000135650',22-Nov-16,FDRL/INTERNAL FUND TRANSFE,,22-Nov-16,""" 457,789.00 """,,""" 486,643.00 """
409000197540',19-Jan-16,IMPS TRANSFER,,19-Jan-16,""" 405,493.00 """,,""" 1,178,429.00 """
409000807760',04-Nov-16,TRF FROM  Indiaforensic SERVICES,,04-Nov-16,,""" 157,862.00 """,""" 730,482.00 """
409000915343',25-Mar-16,IMPS TRANSFER,,25-Mar-16,""" 181,442.00 """,,""" 165,014.00 """
409000130217',09-Aug-16,NEFT TRANSFER,,09-Aug-16,,""" 218,904.00 """,""" 817,822.00 """
409000816639',23-Dec-17,NEFT TRANSFER,,23-Dec-17,""" 352,305.00 """,,""" -315,184.00 """
409000661072',11-Aug-17,NEFT TRANSFER,,11-Aug-17,,""" 480,211.00 """,""" 1,905,943.00 """
409000182803',13-Sep-16,TRF FROM  Indiaforensic SERVICES,,13-Sep-16,,""" 155,360.00 """,""" 998,606.00 """
409000754740',05-Dec-16,FDRL/INTERNAL FUND TRANSFE,,05-Dec-16,,""" 45,774.00 """,""" 419,407.00 """
409000959133',05-Oct-17,TRF FROM  Indiaforensic SERVICES,,05-Oct-17,""" 358,685.00 """,,""" 425,699.00 """
409000565236',15-Nov-16,ATM WITHDRAWAL,,15-Nov-16,""" 34,521.00 """,,""" 1,294,576.00 """
409000322448',06-Apr-16,ATM WITHDRAWAL,,06-Apr-16,,""" 139,587.00 """,""" 999,649.00 """
409000771650',17-May-16,POS PURCHASE,,17-May-16,""" 279,042.00 """,,""" -97,811.00 """
409000747720',21-Sep-16,IMPS TRANSFER,,21-Sep-16,""" 364,447.00 """,,""" -315,741.00 """
409000277980',27-Aug-16,NEFT TRANSFER,,27-Aug-16,""" 50,197.00 """,,""" -663,065.00 """
409000184133',09-Mar-16,POS PURCHASE,,09-Mar-16,,""" 364,390.00 """,""" 1,287,821.00 """
409000100196',31-Jan-17,POS PURCHASE,,31-Jan-17,""" 414,044.00 """,,""" -303,289.00 """
409000942858',01-Aug-17,FDRL/INTERNAL FUND TRANSFE,,01-Aug-17,""" 51,981.00 """,,""" -510,430.00 """
409000177276',04-Sep-17,FDRL/INTERNAL FUND TRANSFE,,04-Sep-17,""" 498,290.00 """,,""" 633,576.00 """
409000110491',19-May-16,POS PURCHASE,,19-May-16,""" 177,959.00 """,,""" -202,054.00 """
409000211244',16-Oct-17,FDRL/INTERNAL FUND TRANSFE,,16-Oct-17,,""" 359,719.00 """,""" 784,618.00 """
409000596389',25-May-17,TRF FROM  Indiaforensic SERVICES,,25-May-17,""" 189,421.00 """,,""" 1,264,728.00 """
409000473731',28-Nov-17,FDRL/INTERNAL FUND TRANSFE,,28-Nov-17,""" 489,254.00 """,,""" 830,215.00 """
409000734739',11-Oct-17,POS PURCHASE,,11-Oct-17,""" 215,617.00 """,,""" 92,449.00 """
409000139970',21-Dec-16,FDRL/INTERNAL FUND TRANSFE,,21-Dec-16,""" 314,925.00 """,,""" -374,744.00 """
409000195344',21-Feb-16,IMPS TRANSFER,,21-Feb-16,,""" 93,812.00 """,""" 84,270.00 """
409000420436',27-Jul-16,ATM WITHDRAWAL,,27-Jul-16,,""" 12,267.00 """,""" 1,394,798.00 """
409000693356',01-Dec-17,ATM WITHDRAWAL,,01-Dec-17,,""" 68,419.00 """,""" 69,375.00 """
409000950802',22-Jul-17,FDRL/INTERNAL FUND TRANSFE,,22-Jul-17,""" 441,997.00 """,,""" 336,590.00 """
409000818557',11-Nov-16,POS PURCHASE,,11-Nov-16,,""" 337,055.00 """,""" 172,373.00 """
409000353617',07-Aug-17,POS PURCHASE,,07-Aug-17,,""" 96,891.00 """,""" -460,659.00 """
409000700042',23-Aug-16,IMPS TRANSFER,,23-Aug-16,""" 153,098.00 """,,""" 530,845.00 """
409000320353',23-Dec-17,ATM WITHDRAWAL,,23-Dec-17,,""" 395,665.00 """,""" 263,407.00 """
409000915343',27-Jul-16,TRF FROM  Indiaforensic SERVICES,,27-Jul-16,""" 56,618.00 """,,""" 108,396.00 """
409000183728',28-May-17,TRF FROM  Indiaforensic SERVICES,,28-May-17,""" 486,870.00 """,,""" -158,346.00 """
409000272332',23-Mar-16,POS PURCHASE,,23-Mar-16,,""" 364,571.00 """,""" 1,684,241.00 """
409000110491',30-May-16,IMPS TRANSFER,,30-May-16,""" 319,905.00 """,,""" -521,959.00 """
409000944848',01-Apr-17,POS PURCHASE,,01-Apr-17,""" 241,691.00 """,,""" -458,508.00 """
409000494458',10-Sep-17,IMPS TRANSFER,,10-Sep-17,,""" 157,072.00 """,""" 1,195,399.00 """
409000586455',03-Sep-16,POS PURCHASE,,03-Sep-16,,""" 326,054.00 """,""" 294,216.00 """
409000323528',06-Aug-16,FDRL/INTERNAL FUND TRANSFE,,06-Aug-16,""" 24,713.00 """,,""" 27,498.00 """
409000734739',27-May-16,IMPS TRANSFER,,27-May-16,,""" 261,320.00 """,""" 353,769.00 """
409000509097',09-Sep-16,POS PURCHASE,,09-Sep-16,,""" 38,725.00 """,""" 98,604.00 """
409000184133',09-Mar-17,IMPS TRANSFER,,09-Mar-17,""" 95,522.00 """,,""" 1,192,299.00 """
409000164947',19-May-16,TRF FROM  Indiaforensic SERVICES,,19-May-16,""" 184,823.00 """,,""" -402,305.00 """
409000944848',09-Nov-17,FDRL/INTERNAL FUND TRANSFE,,09-Nov-17,""" 91,445.00 """,,""" -549,953.00 """
409000998512',06-Aug-17,POS PURCHASE,,06-Aug-17,,""" 20,362.00 """,""" -240,139.00 """
409000931284',14-Mar-16,POS PURCHASE,,14-Mar-16,""" 435,692.00 """,,""" 135,454.00 """
409000575316',22-Apr-16,IMPS TRANSFER,,22-Apr-16,""" 344,640.00 """,,""" 748,342.00 """
409000603011',15-Jan-16,TRF FROM  Indiaforensic SERVICES,,15-Jan-16,,""" 101,239.00 """,""" 1,188,001.00 """
409000772264',20-Feb-17,TRF FROM  Indiaforensic SERVICES,,20-Feb-17,,""" 424,897.00 """,""" 1,040,509.00 """
409000164947',25-Mar-17,POS PURCHASE,,25-Mar-17,""" 245,814.00 """,,""" -648,119.00 """
409000110491',13-May-17,IMPS TRANSFER,,13-May-17,""" 353,270.00 """,,""" -875,229.00 """
409000583676',27-Jun-16,IMPS TRANSFER,,27-Jun-16,,""" 191,212.00 """,""" -210,419.00 """
409000914209',28-Jan-17,ATM WITHDRAWAL,,28-Jan-17,""" 241,627.00 """,,""" 1,315,094.00 """
409000263631',26-Jun-17,ATM WITHDRAWAL,,26-Jun-17,,""" 51,091.00 """,""" 725,304.00 """
409000257712',03-Jan-16,IMPS TRANSFER,,03-Jan-16,""" 428,447.00 """,,""" -799,794.00 """
409000607258',16-Jul-17,NEFT TRANSFER,,16-Jul-17,""" 392,954.00 """,,""" 159,304.00 """
409000969514',08-Oct-17,NEFT TRANSFER,,08-Oct-17,""" 387,804.00 """,,""" -743,429.00 """
409000816639',21-Mar-17,TRF FROM  Indiaforensic SERVICES,,21-Mar-17,""" 174,741.00 """,,""" -489,925.00 """
409000132496',19-Feb-16,NEFT TRANSFER,,19-Feb-16,""" 166,214.00 """,,""" 318,744.00 """
409000694171',15-Oct-16,ATM WITHDRAWAL,,15-Oct-16,""" 124,916.00 """,,""" -427,801.00 """
409000694171',26-Aug-16,IMPS TRANSFER,,26-Aug-16,,""" 237,758.00 """,""" -190,043.00 """
409000381613',27-Sep-17,IMPS TRANSFER,,27-Sep-17,,""" 9,279.00 """,""" 1,142,874.00 """
409000950568',27-Mar-17,POS PURCHASE,,27-Mar-17,""" 325,376.00 """,,""" -226,058.00 """
409000189919',04-May-16,ATM WITHDRAWAL,,04-May-16,""" 51,026.00 """,,""" 610,666.00 """
409000658705',19-Apr-16,TRF FROM  Indiaforensic SERVICES,,19-Apr-16,,""" 151,168.00 """,""" 2,072,099.00 """
409000183728',01-Dec-16,ATM WITHDRAWAL,,01-Dec-16,,""" 84,674.00 """,""" -73,672.00 """
409000530205',01-Mar-17,TRF FROM  Indiaforensic SERVICES,,01-Mar-17,,""" 83,465.00 """,""" 641,097.00 """
409000224429',22-Apr-17,ATM WITHDRAWAL,,22-Apr-17,,""" 341,525.00 """,""" 1,633,733.00 """
409000961474',21-Jun-17,ATM WITHDRAWAL,,21-Jun-17,,""" 176,443.00 """,""" 1,152,751.00 """
409000183728',11-May-16,FDRL/INTERNAL FUND TRANSFE,,11-May-16,,""" 309,004.00 """,""" 235,332.00 """
409000961474',17-Aug-16,IMPS TRANSFER,,17-Aug-16,""" 8,190.00 """,,""" 1,144,561.00 """
409000816639',05-Feb-16,TRF FROM  Indiaforensic SERVICES,,05-Feb-16,""" 336,608.00 """,,""" -826,533.00 """
409000950802',25-May-17,IMPS TRANSFER,,25-May-17,""" 110,717.00 """,,""" 225,873.00 """
409000816639',13-Jul-17,NEFT TRANSFER,,13-Jul-17,""" 435,040.00 """,,""" -1,261,573.00 """
409000575316',26-Oct-17,TRF FROM  Indiaforensic SERVICES,,26-Oct-17,,""" 158,318.00 """,""" 906,660.00 """
409000105440',15-Feb-17,TRF FROM  Indiaforensic SERVICES,,15-Feb-17,,""" 226,003.00 """,""" 432,600.00 """
409000182011',04-Dec-16,FDRL/INTERNAL FUND TRANSFE,,04-Dec-16,,""" 132,005.00 """,""" 263,320.00 """
409000117598',03-Jun-17,ATM WITHDRAWAL,,03-Jun-17,,""" 389,569.00 """,""" 578,440.00 """
409000304900',05-Jun-16,ATM WITHDRAWAL,,05-Jun-16,,""" 78,628.00 """,""" 93,914.00 """
409000872626',08-Oct-17,POS PURCHASE,,08-Oct-17,""" 271,356.00 """,,""" 35,572.00 """
409000164947',04-Feb-17,ATM WITHDRAWAL,,04-Feb-17,,""" 278,603.00 """,""" -369,516.00 """
409000585607',18-Nov-17,FDRL/INTERNAL FUND TRANSFE,,18-Nov-17,,""" 337,313.00 """,""" 1,371,137.00 """
409000277980',25-Jun-17,FDRL/INTERNAL FUND TRANSFE,,25-Jun-17,,""" 258,865.00 """,""" -404,200.00 """
409000224429',05-Aug-16,NEFT TRANSFER,,05-Aug-16,,""" 119,480.00 """,""" 1,753,213.00 """
409000132496',30-Oct-16,FDRL/INTERNAL FUND TRANSFE,,30-Oct-16,,""" 142,444.00 """,""" 461,188.00 """
409000203226',26-Oct-17,FDRL/INTERNAL FUND TRANSFE,,26-Oct-17,,""" 143,700.00 """,""" 582,972.00 """
409000858950',23-Sep-17,ATM WITHDRAWAL,,23-Sep-17,,""" 387,203.00 """,""" 454,368.00 """
409000879020',11-Aug-16,ATM WITHDRAWAL,,11-Aug-16,""" 104,374.00 """,,""" 1,201,165.00 """
409000661072',06-Feb-16,NEFT TRANSFER,,06-Feb-16,,""" 286,108.00 """,""" 2,192,051.00 """
409000358006',05-Mar-17,FDRL/INTERNAL FUND TRANSFE,,05-Mar-17,""" 194,010.00 """,,""" 296,790.00 """
409000747968',26-Jul-16,TRF FROM  Indiaforensic SERVICES,,26-Jul-16,""" 347,131.00 """,,""" 80,557.00 """
409000938249',09-Aug-17,IMPS TRANSFER,,09-Aug-17,,""" 174,822.00 """,""" 587,249.00 """
409000661072',10-Feb-17,POS PURCHASE,,10-Feb-17,""" 299,447.00 """,,""" 1,892,604.00 """
409000133390',04-Jun-16,TRF FROM  Indiaforensic SERVICES,,04-Jun-16,""" 296,960.00 """,,""" 570,987.00 """
409000636341',12-Aug-16,IMPS TRANSFER,,12-Aug-16,,""" 197,698.00 """,""" 839,525.00 """
409000442391',05-Jan-17,NEFT TRANSFER,,05-Jan-17,,""" 330,547.00 """,""" 1,327,003.00 """
409000452520',09-Jan-17,ATM WITHDRAWAL,,09-Jan-17,,""" 336,550.00 """,""" 62,777.00 """
409000184133',01-May-16,IMPS TRANSFER,,01-May-16,""" 179,712.00 """,,""" 1,012,587.00 """
409000133390',02-Apr-17,NEFT TRANSFER,,02-Apr-17,,""" 220,298.00 """,""" 791,285.00 """
409000772264',04-Oct-17,IMPS TRANSFER,,04-Oct-17,""" 297,573.00 """,,""" 742,936.00 """
409000182803',23-Apr-17,NEFT TRANSFER,,23-Apr-17,,""" 399,644.00 """,""" 1,398,250.00 """
409000452520',09-Aug-17,IMPS TRANSFER,,09-Aug-17,""" 183,078.00 """,,""" -120,301.00 """
409000945930',24-Aug-16,NEFT TRANSFER,,24-Aug-16,""" 245,740.00 """,,""" 640,701.00 """
409000755100',27-Mar-16,NEFT TRANSFER,,27-Mar-16,,""" 448,430.00 """,""" 613,052.00 """
409000950802',17-Jan-16,IMPS TRANSFER,,17-Jan-16,,""" 293,017.00 """,""" 518,890.00 """
409000500535',11-Apr-16,ATM WITHDRAWAL,,11-Apr-16,,""" 105,566.00 """,""" 816,262.00 """
409000444431',11-Sep-16,ATM WITHDRAWAL,,11-Sep-16,,""" 459,079.00 """,""" -526,346.00 """
409000183728',30-Mar-16,FDRL/INTERNAL FUND TRANSFE,,30-Mar-16,,""" 101,341.00 """,""" 336,673.00 """
409000585607',08-Nov-16,FDRL/INTERNAL FUND TRANSFE,,08-Nov-16,,""" 356,268.00 """,""" 1,727,405.00 """
409000139970',29-Aug-17,FDRL/INTERNAL FUND TRANSFE,,29-Aug-17,""" 75,246.00 """,,""" -449,990.00 """
409000308752',21-Jun-16,FDRL/INTERNAL FUND TRANSFE,,21-Jun-16,""" 145,396.00 """,,""" -67,819.00 """
409000585607',05-May-16,FDRL/INTERNAL FUND TRANSFE,,05-May-16,,""" 155,233.00 """,""" 1,882,638.00 """
409000466987',30-Apr-16,TRF FROM  Indiaforensic SERVICES,,30-Apr-16,""" 285,791.00 """,,""" -137,988.00 """
409000815934',04-Sep-17,POS PURCHASE,,04-Sep-17,,""" 335,484.00 """,""" 1,298,279.00 """
409000304900',29-Jun-17,IMPS TRANSFER,,29-Jun-17,""" 362,751.00 """,,""" -268,837.00 """
409000747720',20-Jul-17,TRF FROM  Indiaforensic SERVICES,,20-Jul-17,,""" 413,260.00 """,""" 97,519.00 """
409000985431',06-Jul-16,ATM WITHDRAWAL,,06-Jul-16,""" 370,835.00 """,,""" 367,559.00 """
409000968666',22-Apr-17,FDRL/INTERNAL FUND TRANSFE,,22-Apr-17,,""" 301,052.00 """,""" 1,040,628.00 """
409000442391',28-Aug-16,NEFT TRANSFER,,28-Aug-16,,""" 382,041.00 """,""" 1,709,044.00 """
409000566372',23-Dec-17,NEFT TRANSFER,,23-Dec-17,,""" 266,927.00 """,""" 1,172,408.00 """
409000733355',02-Aug-16,TRF FROM  Indiaforensic SERVICES,,02-Aug-16,""" 197,307.00 """,,""" -10,758.00 """
409000530053',20-Feb-17,TRF FROM  Indiaforensic SERVICES,,20-Feb-17,,""" 448,935.00 """,""" 1,244,789.00 """
409000130217',13-Oct-16,ATM WITHDRAWAL,,13-Oct-16,,""" 152,142.00 """,""" 969,964.00 """
409000808057',03-Apr-17,TRF FROM  Indiaforensic SERVICES,,03-Apr-17,""" 153,978.00 """,,""" -2,195,487.00 """
409000639253',16-Sep-17,FDRL/INTERNAL FUND TRANSFE,,16-Sep-17,""" 486,438.00 """,,""" -286,429.00 """
409000639253',22-Jun-17,NEFT TRANSFER,,22-Jun-17,""" 401,613.00 """,,""" -688,042.00 """
409000112490',05-Mar-16,IMPS TRANSFER,,05-Mar-16,""" 393,050.00 """,,""" -369,489.00 """
409000502720',12-Mar-17,TRF FROM  Indiaforensic SERVICES,,12-Mar-17,,""" 148,465.00 """,""" 1,847,471.00 """
409000942858',25-Nov-17,FDRL/INTERNAL FUND TRANSFE,,25-Nov-17,,""" 245,828.00 """,""" -264,602.00 """
409000553399',13-Mar-17,POS PURCHASE,,13-Mar-17,,""" 219,269.00 """,""" 467,294.00 """
409000263631',09-Apr-16,IMPS TRANSFER,,09-Apr-16,,""" 158,755.00 """,""" 884,059.00 """
409000707260',17-Oct-16,FDRL/INTERNAL FUND TRANSFE,,17-Oct-16,""" 305,978.00 """,,""" 566,628.00 """
409000545992',10-Dec-16,IMPS TRANSFER,,10-Dec-16,,""" 107,093.00 """,""" 633,485.00 """
409000286442',30-Aug-16,POS PURCHASE,,30-Aug-16,""" 98,724.00 """,,""" -945,380.00 """
409000998512',13-May-16,IMPS TRANSFER,,13-May-16,,""" 76,520.00 """,""" -163,619.00 """
409000437062',28-Feb-16,POS PURCHASE,,28-Feb-16,,""" 270,294.00 """,""" 363,026.00 """
409000184133',15-Jul-17,POS PURCHASE,,15-Jul-17,""" 240,052.00 """,,""" 772,535.00 """
409000677702',15-Aug-16,NEFT TRANSFER,,15-Aug-16,,""" 414,262.00 """,""" 2,743,769.00 """
409000771650',06-Jun-17,IMPS TRANSFER,,06-Jun-17,,""" 96,500.00 """,""" -1,311.00 """
409000831495',28-May-17,FDRL/INTERNAL FUND TRANSFE,,28-May-17,,""" 150,480.00 """,""" 351,400.00 """
409000915343',02-Jun-16,IMPS TRANSFER,,02-Jun-16,,""" 233,858.00 """,""" 342,254.00 """
409000816639',18-Mar-16,POS PURCHASE,,18-Mar-16,,""" 89,184.00 """,""" -1,172,389.00 """
409000655411',20-Jun-17,TRF FROM  Indiaforensic SERVICES,,20-Jun-17,""" 113,792.00 """,,""" 333,867.00 """
409000239127',03-Aug-17,TRF FROM  Indiaforensic SERVICES,,03-Aug-17,""" 143,568.00 """,,""" 845,431.00 """
409000793776',17-Aug-16,ATM WITHDRAWAL,,17-Aug-16,""" 189,121.00 """,,""" 311,235.00 """
409000998512',23-Oct-17,ATM WITHDRAWAL,,23-Oct-17,""" 385,194.00 """,,""" -548,813.00 """
409000272332',17-Apr-16,IMPS TRANSFER,,17-Apr-16,,""" 111,400.00 """,""" 1,795,641.00 """
409000590992',16-Jan-17,POS PURCHASE,,16-Jan-17,""" 456,607.00 """,,""" 978,527.00 """
409000466987',16-Jun-16,NEFT TRANSFER,,16-Jun-16,""" 142,674.00 """,,""" -280,662.00 """
409000878488',15-Jun-17,FDRL/INTERNAL FUND TRANSFE,,15-Jun-17,""" 296,818.00 """,,""" 143,931.00 """
409000334036',03-Apr-16,FDRL/INTERNAL FUND TRANSFE,,03-Apr-16,""" 442,958.00 """,,""" 60,266.00 """
409000793776',20-Jan-17,IMPS TRANSFER,,20-Jan-17,,""" 419,602.00 """,""" 730,837.00 """
409000466987',13-Apr-16,POS PURCHASE,,13-Apr-16,,""" 25,141.00 """,""" -255,521.00 """
409000635340',13-Dec-16,NEFT TRANSFER,,13-Dec-16,""" 419,636.00 """,,""" 511,116.00 """
409000530053',19-Jun-16,ATM WITHDRAWAL,,19-Jun-16,""" 357,046.00 """,,""" 887,743.00 """
409000968666',22-May-16,ATM WITHDRAWAL,,22-May-16,,""" 372,697.00 """,""" 1,413,325.00 """
409000953042',11-Oct-17,FDRL/INTERNAL FUND TRANSFE,,11-Oct-17,""" 58,192.00 """,,""" 624,883.00 """
409000509097',31-Jan-16,POS PURCHASE,,31-Jan-16,""" 393,630.00 """,,""" -295,026.00 """
409000936869',07-May-16,ATM WITHDRAWAL,,07-May-16,""" 207,470.00 """,,""" -162,596.00 """
409000375642',03-Dec-17,POS PURCHASE,,03-Dec-17,""" 61,398.00 """,,""" -165,153.00 """
409000110491',02-Aug-16,ATM WITHDRAWAL,,02-Aug-16,,""" 194,331.00 """,""" -680,898.00 """
409000942858',02-Oct-16,POS PURCHASE,,02-Oct-16,""" 258,873.00 """,,""" -523,475.00 """
409000553399',22-Aug-17,NEFT TRANSFER,,22-Aug-17,,""" 182,476.00 """,""" 649,770.00 """
409000684481',15-Nov-16,FDRL/INTERNAL FUND TRANSFE,,15-Nov-16,,""" 480,266.00 """,""" 1,754,821.00 """
409000825195',10-Jul-17,TRF FROM  Indiaforensic SERVICES,,10-Jul-17,,""" 277,167.00 """,""" 1,326,402.00 """
409000659479',05-Jan-16,TRF FROM  Indiaforensic SERVICES,,05-Jan-16,,""" 405,411.00 """,""" 695,644.00 """
409000353617',10-Jan-16,NEFT TRANSFER,,10-Jan-16,,""" 110,999.00 """,""" -349,660.00 """
409000236053',28-Jul-16,ATM WITHDRAWAL,,28-Jul-16,""" 457,958.00 """,,""" -109,270.00 """
409000392132',02-Mar-17,FDRL/INTERNAL FUND TRANSFE,,02-Mar-17,,""" 269,001.00 """,""" 1,478,855.00 """
409000161349',25-Oct-17,FDRL/INTERNAL FUND TRANSFE,,25-Oct-17,,""" 167,542.00 """,""" 919,535.00 """
409000733355',03-Apr-17,ATM WITHDRAWAL,,03-Apr-17,""" 32,835.00 """,,""" -43,593.00 """
409000184133',24-Feb-17,TRF FROM  Indiaforensic SERVICES,,24-Feb-17,,""" 373,699.00 """,""" 1,146,234.00 """
409000879020',11-Dec-17,TRF FROM  Indiaforensic SERVICES,,11-Dec-17,""" 89,964.00 """,,""" 1,111,201.00 """
409000700042',13-Jul-17,IMPS TRANSFER,,13-Jul-17,,""" 758.00 """,""" 531,603.00 """
409000897819',09-Dec-17,FDRL/INTERNAL FUND TRANSFE,,09-Dec-17,""" 193,780.00 """,,""" 448,375.00 """
409000907892',08-Nov-17,ATM WITHDRAWAL,,08-Nov-17,""" 286,753.00 """,,""" -110,724.00 """
409000498090',16-Nov-17,NEFT TRANSFER,,16-Nov-17,,""" 33,537.00 """,""" 200,931.00 """
409000950802',21-Dec-16,TRF FROM  Indiaforensic SERVICES,,21-Dec-16,,""" 173,065.00 """,""" 691,955.00 """
409000530053',20-Oct-17,TRF FROM  Indiaforensic SERVICES,,20-Oct-17,""" 461,719.00 """,,""" 426,024.00 """
409000182011',01-May-17,NEFT TRANSFER,,01-May-17,,""" 214,282.00 """,""" 477,602.00 """
409000985312',07-Apr-16,TRF FROM  Indiaforensic SERVICES,,07-Apr-16,""" 248,520.00 """,,""" 301,297.00 """
409000944848',13-Dec-16,NEFT TRANSFER,,13-Dec-16,""" 215,354.00 """,,""" -765,307.00 """
409000831704',08-Jun-16,POS PURCHASE,,08-Jun-16,,""" 315,134.00 """,""" 968,937.00 """
409000324521',30-Nov-16,POS PURCHASE,,30-Nov-16,""" 189,626.00 """,,""" 1,367,286.00 """
409000590992',22-Jun-17,NEFT TRANSFER,,22-Jun-17,""" 263,524.00 """,,""" 715,003.00 """
409000673061',17-Sep-17,NEFT TRANSFER,,17-Sep-17,,""" 407,667.00 """,""" 1,771,687.00 """
409000224429',22-Mar-16,NEFT TRANSFER,,22-Mar-16,,""" 43,020.00 """,""" 1,796,233.00 """
409000392132',29-May-16,FDRL/INTERNAL FUND TRANSFE,,29-May-16,""" 39,774.00 """,,""" 1,439,081.00 """
409000931284',16-Nov-16,IMPS TRANSFER,,16-Nov-16,,""" 348,635.00 """,""" 484,089.00 """
409000110491',10-Feb-17,NEFT TRANSFER,,10-Feb-17,,""" 315,639.00 """,""" -365,259.00 """
409000226012',26-Dec-17,ATM WITHDRAWAL,,26-Dec-17,,""" 68,066.00 """,""" 1,032,070.00 """
409000110491',07-Mar-17,IMPS TRANSFER,,07-Mar-17,,""" 164,955.00 """,""" -200,304.00 """
409000164947',27-Jul-17,TRF FROM  Indiaforensic SERVICES,,27-Jul-17,,""" 421,981.00 """,""" 52,465.00 """
409000950802',08-Jan-16,POS PURCHASE,,08-Jan-16,,""" 16,848.00 """,""" 708,803.00 """
409000750929',24-Jun-16,NEFT TRANSFER,,24-Jun-16,""" 206,952.00 """,,""" 369,406.00 """
409000375824',15-Jun-16,FDRL/INTERNAL FUND TRANSFE,,15-Jun-16,""" 27,045.00 """,,""" 467,892.00 """
409000985312',16-Mar-16,TRF FROM  Indiaforensic SERVICES,,16-Mar-16,""" 481,715.00 """,,""" -180,418.00 """
409000444022',26-Apr-16,NEFT TRANSFER,,26-Apr-16,,""" 469,147.00 """,""" 859,798.00 """
409000323528',07-Oct-17,FDRL/INTERNAL FUND TRANSFE,,07-Oct-17,,""" 264,132.00 """,""" 291,630.00 """
409000985312',04-Oct-16,FDRL/INTERNAL FUND TRANSFE,,04-Oct-16,""" 239,014.00 """,,""" -419,432.00 """
409000164947',22-Feb-16,FDRL/INTERNAL FUND TRANSFE,,22-Feb-16,""" 472,940.00 """,,""" -420,475.00 """
409000452520',15-Jun-17,FDRL/INTERNAL FUND TRANSFE,,15-Jun-17,""" 220,218.00 """,,""" -340,519.00 """
409000656583',30-Aug-16,FDRL/INTERNAL FUND TRANSFE,,30-Aug-16,,""" 161,982.00 """,""" 737,894.00 """
409000404291',26-Mar-16,NEFT TRANSFER,,26-Mar-16,""" 235,640.00 """,,""" 757,185.00 """
409000263631',26-Feb-17,FDRL/INTERNAL FUND TRANSFE,,26-Feb-17,,""" 465,097.00 """,""" 1,349,156.00 """
409000437062',24-Mar-16,NEFT TRANSFER,,24-Mar-16,""" 361,064.00 """,,""" 1,962.00 """
409000694171',03-Sep-17,POS PURCHASE,,03-Sep-17,""" 437,091.00 """,,""" -627,134.00 """
409000473731',28-May-17,ATM WITHDRAWAL,,28-May-17,""" 343,813.00 """,,""" 486,402.00 """
409000197540',06-May-16,NEFT TRANSFER,,06-May-16,""" 69,709.00 """,,""" 1,108,720.00 """
409000805120',23-Jul-17,POS PURCHASE,,23-Jul-17,,""" 249,344.00 """,""" 957,438.00 """
409000254468',14-Sep-16,NEFT TRANSFER,,14-Sep-16,""" 318,838.00 """,,""" -19,019.00 """
409000397004',06-Jun-16,NEFT TRANSFER,,06-Jun-16,,""" 354,749.00 """,""" 891,257.00 """
409000583676',13-Jan-17,TRF FROM  Indiaforensic SERVICES,,13-Jan-17,""" 335,647.00 """,,""" -546,066.00 """
409000470910',06-Oct-16,FDRL/INTERNAL FUND TRANSFE,,06-Oct-16,,""" 461,697.00 """,""" 2,013,972.00 """
409000334036',29-Nov-16,IMPS TRANSFER,,29-Nov-16,""" 86,089.00 """,,""" -25,823.00 """
409000590992',11-Nov-16,POS PURCHASE,,11-Nov-16,""" 448,643.00 """,,""" 266,360.00 """
409000545992',18-May-16,POS PURCHASE,,18-May-16,""" 332,316.00 """,,""" 301,169.00 """
409000267304',26-Jun-17,ATM WITHDRAWAL,,26-Jun-17,,""" 244,251.00 """,""" -33,569.00 """
409000612815',16-Mar-17,TRF FROM  Indiaforensic SERVICES,,16-Mar-17,,""" 156,255.00 """,""" 1,387,907.00 """
409000941296',15-Aug-17,NEFT TRANSFER,,15-Aug-17,""" 81,657.00 """,,""" 472,880.00 """
409000907892',23-Mar-17,NEFT TRANSFER,,23-Mar-17,""" 115,274.00 """,,""" -225,998.00 """
409000224429',28-Feb-16,TRF FROM  Indiaforensic SERVICES,,28-Feb-16,""" 210,048.00 """,,""" 1,586,185.00 """
409000878488',20-May-17,TRF FROM  Indiaforensic SERVICES,,20-May-17,,""" 361,751.00 """,""" 505,682.00 """
409000254468',10-Mar-16,ATM WITHDRAWAL,,10-Mar-16,,""" 125,393.00 """,""" 106,374.00 """
409000473731',11-Mar-17,NEFT TRANSFER,,11-Mar-17,""" 412,657.00 """,,""" 73,745.00 """
409000952891',18-Mar-16,ATM WITHDRAWAL,,18-Mar-16,,""" 371,076.00 """,""" 411,788.00 """
409000203226',05-Jun-17,IMPS TRANSFER,,05-Jun-17,,""" 197,220.00 """,""" 780,192.00 """
409000219567',10-Nov-16,POS PURCHASE,,10-Nov-16,,""" 210,475.00 """,""" 549,169.00 """
409000509097',23-Mar-17,IMPS TRANSFER,,23-Mar-17,,""" 451,766.00 """,""" 156,740.00 """
409000879598',16-Jan-17,TRF FROM  Indiaforensic SERVICES,,16-Jan-17,,""" 110,982.00 """,""" 883,600.00 """
409000754740',04-Mar-17,TRF FROM  Indiaforensic SERVICES,,04-Mar-17,""" 121,915.00 """,,""" 297,492.00 """
409000693356',11-Feb-17,FDRL/INTERNAL FUND TRANSFE,,11-Feb-17,""" 317,629.00 """,,""" -248,254.00 """
409000747720',16-May-17,FDRL/INTERNAL FUND TRANSFE,,16-May-17,""" 38,339.00 """,,""" 59,180.00 """
409000942858',31-Dec-17,FDRL/INTERNAL FUND TRANSFE,,31-Dec-17,""" 173,821.00 """,,""" -697,296.00 """
409000816639',22-Aug-17,IMPS TRANSFER,,22-Aug-17,""" 283,127.00 """,,""" -1,455,516.00 """
409000950568',27-Jan-17,FDRL/INTERNAL FUND TRANSFE,,27-Jan-17,""" 172,524.00 """,,""" -398,582.00 """
409000998512',25-Jan-16,TRF FROM  Indiaforensic SERVICES,,25-Jan-16,,""" 144,856.00 """,""" -403,957.00 """
409000907892',27-Jan-16,FDRL/INTERNAL FUND TRANSFE,,27-Jan-16,""" 70,328.00 """,,""" -296,326.00 """
409000831704',16-May-17,IMPS TRANSFER,,16-May-17,""" 482,577.00 """,,""" 486,360.00 """
409000157380',18-Nov-17,POS PURCHASE,,18-Nov-17,""" 182,545.00 """,,""" 543,159.00 """
409000930777',09-Jun-17,ATM WITHDRAWAL,,09-Jun-17,""" 98,027.00 """,,""" 100,225.00 """
409000953042',29-Nov-17,ATM WITHDRAWAL,,29-Nov-17,,""" 358,615.00 """,""" 983,498.00 """
409000478491',15-May-16,TRF FROM  Indiaforensic SERVICES,,15-May-16,,""" 258,249.00 """,""" 143,977.00 """
409000950802',22-Apr-16,IMPS TRANSFER,,22-Apr-16,,""" 122,462.00 """,""" 831,265.00 """
409000968666',25-Jun-17,POS PURCHASE,,25-Jun-17,,""" 428,963.00 """,""" 1,842,288.00 """
409000197814',01-Aug-16,POS PURCHASE,,01-Aug-16,""" 308,504.00 """,,""" 118,649.00 """
409000734739',27-Feb-16,NEFT TRANSFER,,27-Feb-16,,""" 262,221.00 """,""" 615,990.00 """
409000130217',24-Aug-16,FDRL/INTERNAL FUND TRANSFE,,24-Aug-16,""" 451,886.00 """,,""" 518,078.00 """
409000101240',04-Apr-16,POS PURCHASE,,04-Apr-16,""" 131,793.00 """,,""" 122,848.00 """
409000707260',03-Jun-17,TRF FROM  Indiaforensic SERVICES,,03-Jun-17,,""" 163,773.00 """,""" 730,401.00 """
409000381613',26-Mar-16,FDRL/INTERNAL FUND TRANSFE,,26-Mar-16,""" 41,944.00 """,,""" 1,100,930.00 """
409000320353',20-Aug-17,IMPS TRANSFER,,20-Aug-17,""" 260,867.00 """,,""" 2,540.00 """
409000101240',05-Feb-16,POS PURCHASE,,05-Feb-16,,""" 403,250.00 """,""" 526,098.00 """
409000316747',02-Oct-16,NEFT TRANSFER,,02-Oct-16,""" 380,812.00 """,,""" -722,137.00 """
409000530053',11-Oct-16,IMPS TRANSFER,,11-Oct-16,,""" 120,127.00 """,""" 546,151.00 """
409000879598',10-Sep-16,POS PURCHASE,,10-Sep-16,""" 167,533.00 """,,""" 716,067.00 """
409000816639',16-May-17,ATM WITHDRAWAL,,16-May-17,""" 166,186.00 """,,""" -1,621,702.00 """
409000456174',16-Dec-16,FDRL/INTERNAL FUND TRANSFE,,16-Dec-16,""" 77,563.00 """,,""" 1,176,215.00 """
409000957334',29-Apr-16,POS PURCHASE,,29-Apr-16,""" 332,509.00 """,,""" 1,254,116.00 """
409000470910',30-Sep-16,TRF FROM  Indiaforensic SERVICES,,30-Sep-16,""" 304,021.00 """,,""" 1,709,951.00 """
409000694171',09-Aug-17,IMPS TRANSFER,,09-Aug-17,""" 364,926.00 """,,""" -992,060.00 """
409000707260',18-May-16,POS PURCHASE,,18-May-16,,""" 450,313.00 """,""" 1,180,714.00 """
409000164947',14-Oct-16,NEFT TRANSFER,,14-Oct-16,""" 369,696.00 """,,""" -790,171.00 """
409000961474',30-May-16,POS PURCHASE,,30-May-16,""" 276,864.00 """,,""" 867,697.00 """
409000157380',15-Sep-17,NEFT TRANSFER,,15-Sep-17,,""" 473,229.00 """,""" 1,016,388.00 """
409000254468',02-Dec-17,IMPS TRANSFER,,02-Dec-17,,""" 44,471.00 """,""" 150,845.00 """
409000693356',21-Jan-16,ATM WITHDRAWAL,,21-Jan-16,""" 72,392.00 """,,""" -320,646.00 """
409000437062',25-Sep-16,POS PURCHASE,,25-Sep-16,,""" 44,162.00 """,""" 46,124.00 """
409000985312',29-Jan-16,NEFT TRANSFER,,29-Jan-16,""" 19,253.00 """,,""" -438,685.00 """
409000164947',10-Mar-16,TRF FROM  Indiaforensic SERVICES,,10-Mar-16,""" 250,802.00 """,,""" -1,040,973.00 """
409000935285',12-Jul-17,IMPS TRANSFER,,12-Jul-17,""" 373,865.00 """,,""" -301,436.00 """
409000101240',03-Oct-17,FDRL/INTERNAL FUND TRANSFE,,03-Oct-17,""" 281,422.00 """,,""" 244,676.00 """
409000959133',18-Mar-16,NEFT TRANSFER,,18-Mar-16,""" 123,823.00 """,,""" 301,876.00 """
409000945930',08-Dec-17,POS PURCHASE,,08-Dec-17,,""" 358,930.00 """,""" 999,631.00 """
409000112490',06-Nov-17,IMPS TRANSFER,,06-Nov-17,""" 94,757.00 """,,""" -464,246.00 """
409000183728',19-Nov-16,FDRL/INTERNAL FUND TRANSFE,,19-Nov-16,,""" 308,230.00 """,""" 644,903.00 """
409000402246',11-Jun-17,TRF FROM  Indiaforensic SERVICES,,11-Jun-17,,""" 84,050.00 """,""" 1,461,642.00 """
409000167461',21-Nov-17,NEFT TRANSFER,,21-Nov-17,""" 178,046.00 """,,""" 1,347,017.00 """
409000907892',16-Jun-17,IMPS TRANSFER,,16-Jun-17,,""" 133,802.00 """,""" -162,524.00 """
409000991571',26-Jun-17,FDRL/INTERNAL FUND TRANSFE,,26-Jun-17,""" 11,357.00 """,,""" 362,487.00 """
409000635999',10-Aug-17,POS PURCHASE,,10-Aug-17,""" 269,091.00 """,,""" 234,293.00 """
409000164947',06-May-16,TRF FROM  Indiaforensic SERVICES,,06-May-16,""" 418,056.00 """,,""" -1,459,029.00 """
409000720631',18-Aug-16,FDRL/INTERNAL FUND TRANSFE,,18-Aug-16,""" 376,443.00 """,,""" -506,653.00 """
409000133390',30-Apr-17,TRF FROM  Indiaforensic SERVICES,,30-Apr-17,,""" 390,987.00 """,""" 1,182,272.00 """
409000263631',04-Nov-16,TRF FROM  Indiaforensic SERVICES,,04-Nov-16,,""" 13,232.00 """,""" 1,362,388.00 """
409000135650',16-Oct-17,FDRL/INTERNAL FUND TRANSFE,,16-Oct-17,,""" 438,748.00 """,""" 925,391.00 """
409000498090',27-Apr-17,TRF FROM  Indiaforensic SERVICES,,27-Apr-17,""" 76,098.00 """,,""" 124,833.00 """
409000952891',17-Sep-17,TRF FROM  Indiaforensic SERVICES,,17-Sep-17,""" 280,602.00 """,,""" 131,186.00 """
409000316747',06-Mar-17,NEFT TRANSFER,,06-Mar-17,,""" 238,515.00 """,""" -483,622.00 """
409000991571',22-Dec-16,TRF FROM  Indiaforensic SERVICES,,22-Dec-16,,""" 113,867.00 """,""" 476,354.00 """
409000236053',04-Aug-17,ATM WITHDRAWAL,,04-Aug-17,""" 247,774.00 """,,""" -357,044.00 """
409000100196',11-Mar-17,IMPS TRANSFER,,11-Mar-17,""" 427,728.00 """,,""" -731,017.00 """
409000251221',18-Oct-16,TRF FROM  Indiaforensic SERVICES,,18-Oct-16,""" 47,816.00 """,,""" -687,956.00 """
409000502720',13-Oct-17,ATM WITHDRAWAL,,13-Oct-17,,""" 118,195.00 """,""" 1,965,666.00 """
409000805120',26-Feb-16,TRF FROM  Indiaforensic SERVICES,,26-Feb-16,""" 221,843.00 """,,""" 735,595.00 """
409000130217',21-Jun-17,IMPS TRANSFER,,21-Jun-17,""" 341,677.00 """,,""" 176,401.00 """
409000135650',01-Jan-17,IMPS TRANSFER,,01-Jan-17,""" 72,207.00 """,,""" 853,184.00 """
409000197814',16-May-17,IMPS TRANSFER,,16-May-17,""" 24,467.00 """,,""" 94,182.00 """
409000402246',14-Mar-17,IMPS TRANSFER,,14-Mar-17,,""" 168,076.00 """,""" 1,629,718.00 """
409000730439',26-Apr-16,TRF FROM  Indiaforensic SERVICES,,26-Apr-16,""" 90,358.00 """,,""" 476,764.00 """
409000612815',31-Jan-16,FDRL/INTERNAL FUND TRANSFE,,31-Jan-16,""" 364,979.00 """,,""" 1,022,928.00 """
409000316747',28-Jun-16,NEFT TRANSFER,,28-Jun-16,,""" 263,294.00 """,""" -220,328.00 """
409000815056',05-May-17,ATM WITHDRAWAL,,05-May-17,""" 364,021.00 """,,""" -302,886.00 """
409000184133',16-Nov-17,TRF FROM  Indiaforensic SERVICES,,16-Nov-17,""" 151,402.00 """,,""" 994,832.00 """
409000897819',28-Feb-17,FDRL/INTERNAL FUND TRANSFE,,28-Feb-17,""" 152,076.00 """,,""" 296,299.00 """
409000818557',17-May-17,TRF FROM  Indiaforensic SERVICES,,17-May-17,,""" 83,451.00 """,""" 255,824.00 """
409000952891',31-Oct-16,POS PURCHASE,,31-Oct-16,,""" 234,017.00 """,""" 365,203.00 """
409000167461',27-Mar-16,TRF FROM  Indiaforensic SERVICES,,27-Mar-16,,""" 14,392.00 """,""" 1,361,409.00 """
409000684481',29-Dec-17,POS PURCHASE,,29-Dec-17,""" 496,561.00 """,,""" 1,258,260.00 """
409000112710',15-Jan-16,FDRL/INTERNAL FUND TRANSFE,,15-Jan-16,""" 397,550.00 """,,""" 1,479,071.00 """
409000226012',04-Aug-17,ATM WITHDRAWAL,,04-Aug-17,""" 9,527.00 """,,""" 1,022,543.00 """
409000431592',11-Oct-16,POS PURCHASE,,11-Oct-16,""" 398,763.00 """,,""" -436,278.00 """
409000353617',20-May-16,POS PURCHASE,,20-May-16,,""" 309,740.00 """,""" -39,920.00 """
409000431592',11-Jun-17,ATM WITHDRAWAL,,11-Jun-17,,""" 270,871.00 """,""" -165,407.00 """
409000974947',30-Aug-17,POS PURCHASE,,30-Aug-17,,""" 193,942.00 """,""" 876,741.00 """
409000437062',25-Sep-17,ATM WITHDRAWAL,,25-Sep-17,""" 159,555.00 """,,""" -113,431.00 """
409000353617',19-Jul-17,POS PURCHASE,,19-Jul-17,,""" 241,792.00 """,""" 201,872.00 """
409000251221',02-May-16,TRF FROM  Indiaforensic SERVICES,,02-May-16,,""" 86,768.00 """,""" -601,188.00 """
409000575316',01-Apr-17,NEFT TRANSFER,,01-Apr-17,,""" 167,391.00 """,""" 1,074,051.00 """
409000334036',19-Aug-17,NEFT TRANSFER,,19-Aug-17,""" 349,584.00 """,,""" -375,407.00 """
409000914209',02-Nov-16,TRF FROM  Indiaforensic SERVICES,,02-Nov-16,""" 378,552.00 """,,""" 936,542.00 """
409000930777',29-Jul-16,IMPS TRANSFER,,29-Jul-16,,""" 99,239.00 """,""" 199,464.00 """
409000215918',06-Nov-17,IMPS TRANSFER,,06-Nov-17,""" 162,082.00 """,,""" -511,934.00 """
409000135650',17-Apr-17,FDRL/INTERNAL FUND TRANSFE,,17-Apr-17,""" 347,128.00 """,,""" 506,056.00 """
409000157380',12-Nov-17,TRF FROM  Indiaforensic SERVICES,,12-Nov-17,,""" 58,636.00 """,""" 1,075,024.00 """
409000369346',18-Jan-16,ATM WITHDRAWAL,,18-Jan-16,,""" 446,914.00 """,""" 1,311,047.00 """
409000135650',09-Aug-16,ATM WITHDRAWAL,,09-Aug-16,,""" 114,958.00 """,""" 621,014.00 """
409000998512',27-Mar-16,ATM WITHDRAWAL,,27-Mar-16,,""" 414,641.00 """,""" 10,684.00 """
409000452520',30-Oct-17,POS PURCHASE,,30-Oct-17,,""" 424,227.00 """,""" 83,708.00 """
409000935285',29-Sep-17,TRF FROM  Indiaforensic SERVICES,,29-Sep-17,""" 400,309.00 """,,""" -701,745.00 """
409000304900',14-Nov-16,TRF FROM  Indiaforensic SERVICES,,14-Nov-16,""" 120,906.00 """,,""" -389,743.00 """
409000257712',13-Sep-17,POS PURCHASE,,13-Sep-17,,""" 142,931.00 """,""" -656,863.00 """
409000157380',02-Jun-16,NEFT TRANSFER,,02-Jun-16,,""" 499,036.00 """,""" 1,574,060.00 """
409000530053',21-Aug-16,POS PURCHASE,,21-Aug-16,,""" 487,381.00 """,""" 1,033,532.00 """
409000308752',01-Apr-17,POS PURCHASE,,01-Apr-17,,""" 68,114.00 """,""" 295.00 """
409000878488',21-Oct-17,ATM WITHDRAWAL,,21-Oct-17,,""" 198,992.00 """,""" 704,674.00 """
409000636341',21-Sep-16,IMPS TRANSFER,,21-Sep-16,,""" 203,684.00 """,""" 1,043,209.00 """
409000831495',19-Mar-17,ATM WITHDRAWAL,,19-Mar-17,,""" 46,856.00 """,""" 398,256.00 """
409000950802',09-Oct-16,FDRL/INTERNAL FUND TRANSFE,,09-Oct-16,""" 48,165.00 """,,""" 783,100.00 """
409000334036',28-May-17,IMPS TRANSFER,,28-May-17,""" 352,453.00 """,,""" -727,860.00 """
409000243381',30-Nov-16,POS PURCHASE,,30-Nov-16,,""" 276,145.00 """,""" 614,300.00 """
409000944848',30-Oct-16,NEFT TRANSFER,,30-Oct-16,""" 293,489.00 """,,""" -1,058,796.00 """
409000985312',30-Nov-16,TRF FROM  Indiaforensic SERVICES,,30-Nov-16,,""" 285,607.00 """,""" -153,078.00 """
409000831704',10-Aug-17,ATM WITHDRAWAL,,10-Aug-17,""" 244,700.00 """,,""" 241,660.00 """
409000935285',20-Mar-16,TRF FROM  Indiaforensic SERVICES,,20-Mar-16,""" 71,296.00 """,,""" -773,041.00 """
409000182011',28-Aug-17,POS PURCHASE,,28-Aug-17,""" 79,244.00 """,,""" 398,358.00 """
409000816639',25-Mar-16,NEFT TRANSFER,,25-Mar-16,""" 407,491.00 """,,""" -2,029,193.00 """
409000281811',11-Aug-16,POS PURCHASE,,11-Aug-16,""" 55,211.00 """,,""" -264,835.00 """
409000182011',14-Dec-16,IMPS TRANSFER,,14-Dec-16,,""" 432,439.00 """,""" 830,797.00 """
409000381613',02-Jul-17,IMPS TRANSFER,,02-Jul-17,,""" 409,113.00 """,""" 1,510,043.00 """
409000304900',24-Feb-16,POS PURCHASE,,24-Feb-16,,""" 260,857.00 """,""" -128,886.00 """
409000635937',29-Dec-17,IMPS TRANSFER,,29-Dec-17,""" 111,631.00 """,,""" -234,945.00 """
409000619259',19-Dec-17,IMPS TRANSFER,,19-Dec-17,""" 175,062.00 """,,""" 805,002.00 """
409000132496',13-Jul-16,NEFT TRANSFER,,13-Jul-16,,""" 373,515.00 """,""" 834,703.00 """
409000133390',09-Mar-17,IMPS TRANSFER,,09-Mar-17,""" 97,145.00 """,,""" 1,085,127.00 """
409000974947',17-Jul-17,FDRL/INTERNAL FUND TRANSFE,,17-Jul-17,,""" 453,801.00 """,""" 1,330,542.00 """
409000941296',05-Oct-17,TRF FROM  Indiaforensic SERVICES,,05-Oct-17,,""" 478,759.00 """,""" 951,639.00 """
409000959133',26-Jan-17,ATM WITHDRAWAL,,26-Jan-17,""" 89,876.00 """,,""" 212,000.00 """
409000494458',08-Feb-17,NEFT TRANSFER,,08-Feb-17,,""" 324,418.00 """,""" 1,519,817.00 """
409000845049',05-Jan-17,ATM WITHDRAWAL,,05-Jan-17,""" 112,540.00 """,,""" 526,898.00 """
409000112490',15-Jun-17,IMPS TRANSFER,,15-Jun-17,""" 27,051.00 """,,""" -491,297.00 """
409000500535',21-Sep-17,IMPS TRANSFER,,21-Sep-17,""" 245,352.00 """,,""" 570,910.00 """
409000941296',10-Jul-16,IMPS TRANSFER,,10-Jul-16,""" 255.00 """,,""" 951,384.00 """
409000635340',28-Jul-16,NEFT TRANSFER,,28-Jul-16,,""" 142,724.00 """,""" 653,840.00 """
409000131038',12-Mar-16,IMPS TRANSFER,,12-Mar-16,""" 355,763.00 """,,""" 107,715.00 """
409000334036',24-Apr-16,IMPS TRANSFER,,24-Apr-16,,""" 240,444.00 """,""" -487,416.00 """
409000656583',27-Oct-16,NEFT TRANSFER,,27-Oct-16,""" 60,139.00 """,,""" 677,755.00 """
409000733355',14-Apr-16,ATM WITHDRAWAL,,14-Apr-16,,""" 164,893.00 """,""" 121,300.00 """
409000945930',11-Jul-16,TRF FROM  Indiaforensic SERVICES,,11-Jul-16,,""" 308,711.00 """,""" 1,308,342.00 """
409000938249',10-Aug-16,FDRL/INTERNAL FUND TRANSFE,,10-Aug-16,,""" 457,685.00 """,""" 1,044,934.00 """
409000635999',31-Jul-17,TRF FROM  Indiaforensic SERVICES,,31-Jul-17,""" 344,977.00 """,,""" -110,684.00 """
409000402246',19-Mar-17,ATM WITHDRAWAL,,19-Mar-17,,""" 351,253.00 """,""" 1,980,971.00 """
409000358006',08-Dec-16,NEFT TRANSFER,,08-Dec-16,,""" 419,588.00 """,""" 716,378.00 """
409000583676',20-Sep-17,ATM WITHDRAWAL,,20-Sep-17,,""" 240,434.00 """,""" -305,632.00 """
409000530205',21-Sep-17,ATM WITHDRAWAL,,21-Sep-17,,""" 360,552.00 """,""" 1,001,649.00 """
409000991571',22-Nov-16,POS PURCHASE,,22-Nov-16,,""" 256,951.00 """,""" 733,305.00 """
409000164947',10-Dec-16,FDRL/INTERNAL FUND TRANSFE,,10-Dec-16,,""" 436,435.00 """,""" -1,022,594.00 """
409000772264',30-Aug-17,ATM WITHDRAWAL,,30-Aug-17,,""" 34,875.00 """,""" 777,811.00 """
409000304900',17-May-17,FDRL/INTERNAL FUND TRANSFE,,17-May-17,,""" 123,797.00 """,""" -5,089.00 """
409000685219',26-Apr-17,NEFT TRANSFER,,26-Apr-17,""" 437,333.00 """,,""" 1,048,211.00 """
409000693356',22-Apr-16,IMPS TRANSFER,,22-Apr-16,""" 110,619.00 """,,""" -431,265.00 """
409000950802',08-Mar-16,ATM WITHDRAWAL,,08-Mar-16,,""" 378,595.00 """,""" 1,161,695.00 """
409000554832',30-Jul-17,POS PURCHASE,,30-Jul-17,,""" 394,091.00 """,""" 459,197.00 """
409000466987',20-Jan-16,IMPS TRANSFER,,20-Jan-16,""" 179,837.00 """,,""" -435,358.00 """
409000375642',08-Jul-16,NEFT TRANSFER,,08-Jul-16,""" 436,854.00 """,,""" -602,007.00 """
409000612815',23-Sep-16,ATM WITHDRAWAL,,23-Sep-16,,""" 135,804.00 """,""" 1,158,732.00 """
409000182803',31-Oct-16,TRF FROM  Indiaforensic SERVICES,,31-Oct-16,,""" 275,884.00 """,""" 1,674,134.00 """
409000586455',05-Jun-17,NEFT TRANSFER,,05-Jun-17,""" 285,623.00 """,,""" 8,593.00 """
409000825195',26-Apr-17,POS PURCHASE,,26-Apr-17,""" 375,697.00 """,,""" 950,705.00 """
409000950802',12-Sep-16,POS PURCHASE,,12-Sep-16,,""" 356,371.00 """,""" 1,518,066.00 """
409000353617',23-Oct-17,IMPS TRANSFER,,23-Oct-17,,""" 198,232.00 """,""" 400,104.00 """
409000941296',06-Sep-17,TRF FROM  Indiaforensic SERVICES,,06-Sep-17,""" 435,563.00 """,,""" 515,821.00 """
409000203226',17-Sep-17,IMPS TRANSFER,,17-Sep-17,""" 179,520.00 """,,""" 600,672.00 """
409000183728',16-Feb-17,POS PURCHASE,,16-Feb-17,""" 203,883.00 """,,""" 441,020.00 """
409000737708',15-Oct-16,IMPS TRANSFER,,15-Oct-16,,""" 425,789.00 """,""" 1,154,249.00 """
409000754740',03-Jan-17,FDRL/INTERNAL FUND TRANSFE,,03-Jan-17,,""" 62,297.00 """,""" 359,789.00 """
409000612815',20-Jul-17,FDRL/INTERNAL FUND TRANSFE,,20-Jul-17,""" 432,724.00 """,,""" 726,008.00 """
409000444022',02-Aug-17,TRF FROM  Indiaforensic SERVICES,,02-Aug-17,,""" 456,408.00 """,""" 1,316,206.00 """
409000272332',22-Jan-17,IMPS TRANSFER,,22-Jan-17,""" 464,458.00 """,,""" 1,331,183.00 """
409000831495',08-Dec-16,IMPS TRANSFER,,08-Dec-16,""" 341,093.00 """,,""" 57,163.00 """
409000825195',09-Jul-17,NEFT TRANSFER,,09-Jul-17,""" 235,161.00 """,,""" 715,544.00 """
409000420436',31-May-17,TRF FROM  Indiaforensic SERVICES,,31-May-17,""" 123,070.00 """,,""" 1,271,728.00 """
409000100196',16-May-17,FDRL/INTERNAL FUND TRANSFE,,16-May-17,,""" 169,583.00 """,""" -561,434.00 """
409000941296',07-Jun-17,POS PURCHASE,,07-Jun-17,""" 279,101.00 """,,""" 236,720.00 """
409000324521',02-Aug-16,NEFT TRANSFER,,02-Aug-16,""" 329,746.00 """,,""" 1,037,540.00 """
409000442391',05-May-16,TRF FROM  Indiaforensic SERVICES,,05-May-16,""" 2,589.00 """,,""" 1,706,455.00 """
409000772264',20-Apr-17,IMPS TRANSFER,,20-Apr-17,,""" 208,944.00 """,""" 986,755.00 """
409000547793',07-Jul-16,IMPS TRANSFER,,07-Jul-16,""" 326,996.00 """,,""" 673,524.00 """
409000907892',01-Jul-17,NEFT TRANSFER,,01-Jul-17,,""" 334,880.00 """,""" 172,356.00 """
409000215918',03-Aug-17,IMPS TRANSFER,,03-Aug-17,,""" 173,837.00 """,""" -338,097.00 """
409000754740',20-Sep-16,TRF FROM  Indiaforensic SERVICES,,20-Sep-16,,""" 396,332.00 """,""" 756,121.00 """
409000936869',02-Mar-16,POS PURCHASE,,02-Mar-16,""" 233,898.00 """,,""" -396,494.00 """
409000807760',04-Nov-17,TRF FROM  Indiaforensic SERVICES,,04-Nov-17,,""" 171,994.00 """,""" 902,476.00 """
409000470910',06-Apr-17,NEFT TRANSFER,,06-Apr-17,""" 259,242.00 """,,""" 1,450,709.00 """
409000239127',27-Aug-16,POS PURCHASE,,27-Aug-16,""" 428,882.00 """,,""" 416,549.00 """
409000807760',06-Aug-16,NEFT TRANSFER,,06-Aug-16,,""" 167,286.00 """,""" 1,069,762.00 """
409000815934',26-Apr-17,FDRL/INTERNAL FUND TRANSFE,,26-Apr-17,,""" 471,270.00 """,""" 1,769,549.00 """
409000673061',23-Jan-17,IMPS TRANSFER,,23-Jan-17,,""" 347,413.00 """,""" 2,119,100.00 """
409000816639',31-May-16,ATM WITHDRAWAL,,31-May-16,,""" 338,642.00 """,""" -1,690,551.00 """
409000733355',30-Jul-16,ATM WITHDRAWAL,,30-Jul-16,""" 375,470.00 """,,""" -254,170.00 """
409000197814',01-Jun-16,TRF FROM  Indiaforensic SERVICES,,01-Jun-16,,""" 396,160.00 """,""" 490,342.00 """
409000879598',07-Oct-16,IMPS TRANSFER,,07-Oct-16,,""" 99,880.00 """,""" 815,947.00 """
409000685219',18-Oct-17,FDRL/INTERNAL FUND TRANSFE,,18-Oct-17,,""" 293,177.00 """,""" 1,341,388.00 """
409000498090',03-Mar-17,POS PURCHASE,,03-Mar-17,,""" 331,841.00 """,""" 456,674.00 """
409000952891',30-Dec-17,POS PURCHASE,,30-Dec-17,,""" 29,114.00 """,""" 394,317.00 """
409000815056',10-Feb-17,POS PURCHASE,,10-Feb-17,,""" 350,268.00 """,""" 47,382.00 """
409000831704',20-Jun-17,NEFT TRANSFER,,20-Jun-17,,""" 198,588.00 """,""" 440,248.00 """
409000748053',27-Jun-16,TRF FROM  Indiaforensic SERVICES,,27-Jun-16,""" 9,094.00 """,,""" 640,758.00 """
409000755100',18-Jul-16,FDRL/INTERNAL FUND TRANSFE,,18-Jul-16,,""" 371,238.00 """,""" 984,290.00 """
409000431592',29-Dec-17,IMPS TRANSFER,,29-Dec-17,""" 236,946.00 """,,""" -402,353.00 """
409000211244',11-Dec-16,POS PURCHASE,,11-Dec-16,""" 90,034.00 """,,""" 694,584.00 """
409000183728',14-Aug-16,NEFT TRANSFER,,14-Aug-16,""" 101,738.00 """,,""" 339,282.00 """
409000473731',04-Aug-17,POS PURCHASE,,04-Aug-17,,""" 122,617.00 """,""" 196,362.00 """
409000805120',02-Oct-16,POS PURCHASE,,02-Oct-16,,""" 463,662.00 """,""" 1,199,257.00 """
409000498090',19-May-17,IMPS TRANSFER,,19-May-17,,""" 323,746.00 """,""" 780,420.00 """
409000219567',26-Sep-16,TRF FROM  Indiaforensic SERVICES,,26-Sep-16,""" 58,322.00 """,,""" 490,847.00 """
409000825195',21-Aug-16,ATM WITHDRAWAL,,21-Aug-16,,""" 194,310.00 """,""" 909,854.00 """
409000961474',08-Sep-16,POS PURCHASE,,08-Sep-16,,""" 426,878.00 """,""" 1,294,575.00 """
409000985312',01-Nov-17,ATM WITHDRAWAL,,01-Nov-17,""" 415,419.00 """,,""" -568,497.00 """
409000575316',04-Oct-16,IMPS TRANSFER,,04-Oct-16,""" 484,897.00 """,,""" 589,154.00 """
409000700042',13-Oct-16,FDRL/INTERNAL FUND TRANSFE,,13-Oct-16,""" 340,061.00 """,,""" 191,542.00 """
409000112710',04-Mar-17,POS PURCHASE,,04-Mar-17,,""" 75,026.00 """,""" 1,554,097.00 """
409000277980',03-May-16,POS PURCHASE,,03-May-16,""" 470,908.00 """,,""" -875,108.00 """
409000619259',25-Aug-17,FDRL/INTERNAL FUND TRANSFE,,25-Aug-17,""" 494,078.00 """,,""" 310,924.00 """
409000243381',29-Jan-16,NEFT TRANSFER,,29-Jan-16,""" 313,629.00 """,,""" 300,671.00 """
409000322448',14-Mar-17,IMPS TRANSFER,,14-Mar-17,,""" 384,292.00 """,""" 1,383,941.00 """
409000437062',05-Aug-16,NEFT TRANSFER,,05-Aug-16,""" 497,032.00 """,,""" -610,463.00 """
409000271204',12-Aug-17,NEFT TRANSFER,,12-Aug-17,,""" 146,310.00 """,""" 330,415.00 """
409000420436',31-Mar-17,NEFT TRANSFER,,31-Mar-17,""" 166,435.00 """,,""" 1,105,293.00 """
409000404291',20-Feb-16,POS PURCHASE,,20-Feb-16,""" 484,095.00 """,,""" 273,090.00 """
409000110491',16-Mar-16,FDRL/INTERNAL FUND TRANSFE,,16-Mar-16,""" 300,573.00 """,,""" -500,877.00 """
409000914209',05-Jun-16,NEFT TRANSFER,,05-Jun-16,""" 133,169.00 """,,""" 803,373.00 """
409000985312',08-Oct-17,IMPS TRANSFER,,08-Oct-17,""" 91,492.00 """,,""" -659,989.00 """
409000961474',04-Jun-16,ATM WITHDRAWAL,,04-Jun-16,""" 300,173.00 """,,""" 994,402.00 """
409000220856',06-Nov-17,TRF FROM  Indiaforensic SERVICES,,06-Nov-17,,""" 218,463.00 """,""" 225,592.00 """
409000444431',27-Jun-16,IMPS TRANSFER,,27-Jun-16,,""" 270,680.00 """,""" -255,666.00 """
409000530053',18-Feb-16,ATM WITHDRAWAL,,18-Feb-16,""" 264,732.00 """,,""" 768,800.00 """
409000575316',21-May-16,NEFT TRANSFER,,21-May-16,,""" 83,210.00 """,""" 672,364.00 """
409000968666',04-Dec-16,POS PURCHASE,,04-Dec-16,,""" 119,813.00 """,""" 1,962,101.00 """
409000358006',14-Dec-16,POS PURCHASE,,14-Dec-16,,""" 238,411.00 """,""" 954,789.00 """
409000658705',29-Mar-17,TRF FROM  Indiaforensic SERVICES,,29-Mar-17,,""" 8,029.00 """,""" 2,080,128.00 """
409000131038',21-Apr-17,FDRL/INTERNAL FUND TRANSFE,,21-Apr-17,,""" 164,250.00 """,""" 271,965.00 """
409000381613',14-Nov-17,ATM WITHDRAWAL,,14-Nov-17,""" 26,663.00 """,,""" 1,483,380.00 """
409000700042',31-Mar-16,ATM WITHDRAWAL,,31-Mar-16,,""" 312,619.00 """,""" 504,161.00 """
409000586455',19-Dec-17,FDRL/INTERNAL FUND TRANSFE,,19-Dec-17,,""" 471,739.00 """,""" 480,332.00 """
409000338678',01-Oct-16,IMPS TRANSFER,,01-Oct-16,""" 373,176.00 """,,""" -690,067.00 """
409000968666',02-Nov-16,IMPS TRANSFER,,02-Nov-16,,""" 35,246.00 """,""" 1,997,347.00 """
409000131038',07-Sep-16,ATM WITHDRAWAL,,07-Sep-16,""" 59,099.00 """,,""" 212,866.00 """
409000737708',20-Apr-16,TRF FROM  Indiaforensic SERVICES,,20-Apr-16,""" 26,562.00 """,,""" 1,127,687.00 """
409000930777',24-Sep-17,POS PURCHASE,,24-Sep-17,,""" 98,929.00 """,""" 298,393.00 """
409000969514',02-Jul-16,TRF FROM  Indiaforensic SERVICES,,02-Jul-16,""" 346,902.00 """,,""" -1,090,331.00 """
409000575316',19-Jul-16,ATM WITHDRAWAL,,19-Jul-16,,""" 354,891.00 """,""" 1,027,255.00 """
409000938249',30-Oct-16,TRF FROM  Indiaforensic SERVICES,,30-Oct-16,""" 100,180.00 """,,""" 944,754.00 """
409000226012',14-Jun-17,TRF FROM  Indiaforensic SERVICES,,14-Jun-17,,""" 156,635.00 """,""" 1,179,178.00 """
409000807760',03-Jul-16,IMPS TRANSFER,,03-Jul-16,,""" 31,568.00 """,""" 1,101,330.00 """
409000466987',12-Apr-16,POS PURCHASE,,12-Apr-16,,""" 243,538.00 """,""" -191,820.00 """
409000530205',19-May-17,ATM WITHDRAWAL,,19-May-17,,""" 114,531.00 """,""" 1,116,180.00 """
409000324521',08-Sep-16,NEFT TRANSFER,,08-Sep-16,""" 424,691.00 """,,""" 612,849.00 """
409000730439',08-Jan-17,FDRL/INTERNAL FUND TRANSFE,,08-Jan-17,""" 442,075.00 """,,""" 34,689.00 """
409000825195',12-Oct-16,TRF FROM  Indiaforensic SERVICES,,12-Oct-16,,""" 6,349.00 """,""" 916,203.00 """
409000494458',29-Jun-16,TRF FROM  Indiaforensic SERVICES,,29-Jun-16,""" 65,547.00 """,,""" 1,454,270.00 """
409000805120',31-Mar-16,ATM WITHDRAWAL,,31-Mar-16,""" 10,342.00 """,,""" 1,188,915.00 """
409000140684',14-Nov-16,POS PURCHASE,,14-Nov-16,,""" 326,795.00 """,""" 763,005.00 """
409000140684',23-Oct-17,POS PURCHASE,,23-Oct-17,,""" 266,159.00 """,""" 1,029,164.00 """
409000815934',22-Aug-16,NEFT TRANSFER,,22-Aug-16,,""" 54,100.00 """,""" 1,823,649.00 """
409000324521',03-Jul-16,NEFT TRANSFER,,03-Jul-16,,""" 372,909.00 """,""" 985,758.00 """
409000243381',24-Aug-17,NEFT TRANSFER,,24-Aug-17,,""" 360,906.00 """,""" 661,577.00 """
409000182803',07-Apr-17,ATM WITHDRAWAL,,07-Apr-17,,""" 75,777.00 """,""" 1,749,911.00 """
409000197814',11-Nov-17,TRF FROM  Indiaforensic SERVICES,,11-Nov-17,,""" 15,867.00 """,""" 506,209.00 """
409000952891',22-Dec-16,ATM WITHDRAWAL,,22-Dec-16,""" 286,852.00 """,,""" 107,465.00 """
409000897819',18-Jan-17,ATM WITHDRAWAL,,18-Jan-17,,""" 98,526.00 """,""" 394,825.00 """
409000101240',04-Mar-16,ATM WITHDRAWAL,,04-Mar-16,,""" 232,586.00 """,""" 477,262.00 """
409000673061',18-Oct-16,IMPS TRANSFER,,18-Oct-16,,""" 75,022.00 """,""" 2,194,122.00 """
409000950568',15-Sep-17,IMPS TRANSFER,,15-Sep-17,,""" 107,701.00 """,""" -290,881.00 """
409000473731',24-Oct-17,IMPS TRANSFER,,24-Oct-17,,""" 418,990.00 """,""" 615,352.00 """
409000747968',21-May-16,ATM WITHDRAWAL,,21-May-16,""" 165,462.00 """,,""" -84,905.00 """
409000277980',12-Jan-17,NEFT TRANSFER,,12-Jan-17,""" 119,318.00 """,,""" -994,426.00 """
409000694171',26-Nov-16,NEFT TRANSFER,,26-Nov-16,,""" 392,010.00 """,""" -600,050.00 """
409000807760',20-Aug-16,TRF FROM  Indiaforensic SERVICES,,20-Aug-16,,""" 329,120.00 """,""" 1,430,450.00 """
409000308752',05-Jan-16,FDRL/INTERNAL FUND TRANSFE,,05-Jan-16,""" 375,539.00 """,,""" -375,244.00 """
409000575316',19-Nov-16,FDRL/INTERNAL FUND TRANSFE,,19-Nov-16,,""" 111,394.00 """,""" 1,138,649.00 """
409000879020',27-Jul-16,FDRL/INTERNAL FUND TRANSFE,,27-Jul-16,,""" 320,483.00 """,""" 1,431,684.00 """
409000879598',23-Jun-16,FDRL/INTERNAL FUND TRANSFE,,23-Jun-16,""" 489,802.00 """,,""" 326,145.00 """
409000139970',10-Mar-17,IMPS TRANSFER,,10-Mar-17,""" 165,011.00 """,,""" -615,001.00 """
409000322448',16-Apr-17,IMPS TRANSFER,,16-Apr-17,""" 160,277.00 """,,""" 1,223,664.00 """
409000226012',25-Nov-17,NEFT TRANSFER,,25-Nov-17,,""" 175,877.00 """,""" 1,355,055.00 """
409000748053',17-May-17,FDRL/INTERNAL FUND TRANSFE,,17-May-17,,""" 157,657.00 """,""" 798,415.00 """
409000879020',14-Jun-17,FDRL/INTERNAL FUND TRANSFE,,14-Jun-17,""" 324,103.00 """,,""" 1,107,581.00 """
409000693356',31-Jan-17,IMPS TRANSFER,,31-Jan-17,""" 245,856.00 """,,""" -677,121.00 """
409000747968',28-May-16,FDRL/INTERNAL FUND TRANSFE,,28-May-16,,""" 102,887.00 """,""" 17,982.00 """
409000807760',24-May-16,FDRL/INTERNAL FUND TRANSFE,,24-May-16,,""" 493,388.00 """,""" 1,923,838.00 """
409000635340',26-Nov-16,ATM WITHDRAWAL,,26-Nov-16,,""" 69,590.00 """,""" 723,430.00 """
409000494458',16-Oct-17,IMPS TRANSFER,,16-Oct-17,,""" 470,635.00 """,""" 1,924,905.00 """
409000215918',25-May-16,TRF FROM  Indiaforensic SERVICES,,25-May-16,""" 353,406.00 """,,""" -691,503.00 """
409000101240',22-Dec-17,POS PURCHASE,,22-Dec-17,""" 377,474.00 """,,""" 99,788.00 """
409000612815',25-Sep-17,TRF FROM  Indiaforensic SERVICES,,25-Sep-17,""" 44,216.00 """,,""" 681,792.00 """
409000271204',22-Mar-16,NEFT TRANSFER,,22-Mar-16,""" 130,779.00 """,,""" 199,636.00 """
409000985312',30-Aug-17,NEFT TRANSFER,,30-Aug-17,""" 74,908.00 """,,""" -734,897.00 """
409000938249',22-Oct-16,FDRL/INTERNAL FUND TRANSFE,,22-Oct-16,""" 361,770.00 """,,""" 582,984.00 """
409000197540',09-Feb-16,ATM WITHDRAWAL,,09-Feb-16,,""" 128,599.00 """,""" 1,237,319.00 """
409000685219',19-Mar-17,IMPS TRANSFER,,19-Mar-17,,""" 114,264.00 """,""" 1,455,652.00 """
409000707260',25-Dec-17,POS PURCHASE,,25-Dec-17,""" 93,849.00 """,,""" 1,086,865.00 """
409000734739',05-Feb-17,POS PURCHASE,,05-Feb-17,,""" 399,612.00 """,""" 1,015,602.00 """
409000160462',15-Aug-17,POS PURCHASE,,15-Aug-17,,""" 395,744.00 """,""" 1,364,050.00 """
409000750929',16-Aug-16,NEFT TRANSFER,,16-Aug-16,""" 127,307.00 """,,""" 242,099.00 """
409000530205',13-Aug-17,FDRL/INTERNAL FUND TRANSFE,,13-Aug-17,""" 147,441.00 """,,""" 968,739.00 """
409000420436',03-Aug-16,POS PURCHASE,,03-Aug-16,""" 176,578.00 """,,""" 928,715.00 """
409000402246',25-Oct-17,POS PURCHASE,,25-Oct-17,,""" 400,430.00 """,""" 2,381,401.00 """
409000957334',28-Sep-17,ATM WITHDRAWAL,,28-Sep-17,,""" 165,990.00 """,""" 1,420,106.00 """
409000897819',28-May-16,NEFT TRANSFER,,28-May-16,""" 214,731.00 """,,""" 180,094.00 """
409000707260',24-Oct-16,TRF FROM  Indiaforensic SERVICES,,24-Oct-16,,""" 345,811.00 """,""" 1,432,676.00 """
409000879020',28-Sep-16,POS PURCHASE,,28-Sep-16,""" 331,683.00 """,,""" 775,898.00 """
409000585607',30-May-17,NEFT TRANSFER,,30-May-17,,""" 174,446.00 """,""" 2,057,084.00 """
409000437062',04-Jul-17,ATM WITHDRAWAL,,04-Jul-17,,""" 208,861.00 """,""" -401,602.00 """
409000945930',11-Aug-16,POS PURCHASE,,11-Aug-16,""" 239,944.00 """,,""" 1,068,398.00 """
409000254468',15-Sep-17,FDRL/INTERNAL FUND TRANSFE,,15-Sep-17,,""" 484,320.00 """,""" 635,165.00 """
409000101240',24-Oct-17,ATM WITHDRAWAL,,24-Oct-17,""" 67,107.00 """,,""" 32,681.00 """
409000682109',23-Jun-17,POS PURCHASE,,23-Jun-17,,""" 491,400.00 """,""" 1,492,736.00 """
409000585607',21-Apr-17,TRF FROM  Indiaforensic SERVICES,,21-Apr-17,""" 354,504.00 """,,""" 1,702,580.00 """
409000547793',30-Oct-16,POS PURCHASE,,30-Oct-16,""" 101,102.00 """,,""" 572,422.00 """
409000420436',28-May-17,NEFT TRANSFER,,28-May-17,,""" 149,004.00 """,""" 1,077,719.00 """
409000845049',27-Nov-16,TRF FROM  Indiaforensic SERVICES,,27-Nov-16,,""" 262,007.00 """,""" 788,905.00 """
409000771650',02-Aug-16,ATM WITHDRAWAL,,02-Aug-16,,""" 49,456.00 """,""" 48,145.00 """
409000619259',27-Sep-16,NEFT TRANSFER,,27-Sep-16,,""" 258,927.00 """,""" 569,851.00 """
409000825195',28-Jun-16,NEFT TRANSFER,,28-Jun-16,,""" 13,515.00 """,""" 929,718.00 """
409000952891',25-Aug-16,NEFT TRANSFER,,25-Aug-16,,""" 257,500.00 """,""" 364,965.00 """
409000656583',11-Oct-16,ATM WITHDRAWAL,,11-Oct-16,,""" 252,950.00 """,""" 930,705.00 """
409000530205',09-Oct-16,IMPS TRANSFER,,09-Oct-16,,""" 116,008.00 """,""" 1,084,747.00 """
409000612576',11-Oct-17,IMPS TRANSFER,,11-Oct-17,,""" 241,456.00 """,""" 554,931.00 """
409000837739',30-May-17,FDRL/INTERNAL FUND TRANSFE,,30-May-17,""" 475,665.00 """,,""" -1,214,832.00 """
409000693356',09-Oct-16,POS PURCHASE,,09-Oct-16,,""" 135,112.00 """,""" -542,009.00 """
409000677702',14-Feb-17,ATM WITHDRAWAL,,14-Feb-17,""" 355,416.00 """,,""" 2,388,353.00 """
409000420436',01-Aug-16,FDRL/INTERNAL FUND TRANSFE,,01-Aug-16,,""" 300,213.00 """,""" 1,377,932.00 """
409000656583',30-Mar-16,FDRL/INTERNAL FUND TRANSFE,,30-Mar-16,""" 108,264.00 """,,""" 822,441.00 """
409000944848',20-Mar-16,NEFT TRANSFER,,20-Mar-16,,""" 495,981.00 """,""" -562,815.00 """
409000473731',23-Oct-16,FDRL/INTERNAL FUND TRANSFE,,23-Oct-16,""" 15,278.00 """,,""" 600,074.00 """
409000105440',01-Jul-16,FDRL/INTERNAL FUND TRANSFE,,01-Jul-16,,""" 225,737.00 """,""" 658,337.00 """
409000554832',05-Feb-17,ATM WITHDRAWAL,,05-Feb-17,""" 175,301.00 """,,""" 283,896.00 """
409000110491',26-Apr-17,TRF FROM  Indiaforensic SERVICES,,26-Apr-17,""" 202,258.00 """,,""" -703,135.00 """
409000586455',28-Jan-16,IMPS TRANSFER,,28-Jan-16,""" 248,295.00 """,,""" 232,037.00 """
409000565236',26-Dec-17,FDRL/INTERNAL FUND TRANSFE,,26-Dec-17,,""" 95,562.00 """,""" 1,390,138.00 """
409000431592',02-Mar-16,IMPS TRANSFER,,02-Mar-16,,""" 349,847.00 """,""" -52,506.00 """
409000545992',26-Sep-16,IMPS TRANSFER,,26-Sep-16,""" 89,147.00 """,,""" 212,022.00 """
409000402246',02-Sep-16,FDRL/INTERNAL FUND TRANSFE,,02-Sep-16,""" 68,486.00 """,,""" 2,312,915.00 """
409000374540',28-Apr-16,IMPS TRANSFER,,28-Apr-16,,""" 45,626.00 """,""" 144,144.00 """
409000974947',10-Aug-17,FDRL/INTERNAL FUND TRANSFE,,10-Aug-17,""" 161,556.00 """,,""" 1,168,986.00 """
409000575316',10-Nov-16,NEFT TRANSFER,,10-Nov-16,,""" 29,213.00 """,""" 1,167,862.00 """
409000375642',25-Oct-17,FDRL/INTERNAL FUND TRANSFE,,25-Oct-17,""" 160,556.00 """,,""" -762,563.00 """
409000358006',17-May-17,FDRL/INTERNAL FUND TRANSFE,,17-May-17,,""" 320,219.00 """,""" 1,275,008.00 """
409000930777',05-Aug-17,NEFT TRANSFER,,05-Aug-17,,""" 144,889.00 """,""" 443,282.00 """
409000195344',25-Feb-17,TRF FROM  Indiaforensic SERVICES,,25-Feb-17,,""" 450,510.00 """,""" 534,780.00 """
409000545992',14-Dec-16,POS PURCHASE,,14-Dec-16,,""" 479,713.00 """,""" 691,735.00 """
409000404291',16-Jun-16,NEFT TRANSFER,,16-Jun-16,""" 305,052.00 """,,""" -31,962.00 """
409000755100',14-Sep-17,FDRL/INTERNAL FUND TRANSFE,,14-Sep-17,""" 178,189.00 """,,""" 806,101.00 """
409000750929',20-Jul-17,TRF FROM  Indiaforensic SERVICES,,20-Jul-17,""" 178,949.00 """,,""" 63,150.00 """
409000530205',17-Dec-16,NEFT TRANSFER,,17-Dec-16,""" 448,856.00 """,,""" 635,891.00 """
409000635937',26-Sep-17,TRF FROM  Indiaforensic SERVICES,,26-Sep-17,""" 268,489.00 """,,""" -503,434.00 """
409000941296',05-Apr-17,FDRL/INTERNAL FUND TRANSFE,,05-Apr-17,,""" 463,760.00 """,""" 700,480.00 """
409000420436',25-Jan-17,NEFT TRANSFER,,25-Jan-17,,""" 218,448.00 """,""" 1,596,380.00 """
409000197814',22-Oct-17,IMPS TRANSFER,,22-Oct-17,,""" 234,742.00 """,""" 740,951.00 """
409000858950',27-Apr-16,TRF FROM  Indiaforensic SERVICES,,27-Apr-16,""" 152,221.00 """,,""" 302,147.00 """
409000180124',01-Apr-16,IMPS TRANSFER,,01-Apr-16,,""" 490,907.00 """,""" 445,399.00 """
409000685219',08-May-17,IMPS TRANSFER,,08-May-17,,""" 300,092.00 """,""" 1,755,744.00 """
409000714173',07-Nov-16,FDRL/INTERNAL FUND TRANSFE,,07-Nov-16,,""" 32,737.00 """,""" 493,787.00 """
409000935285',30-Oct-17,FDRL/INTERNAL FUND TRANSFE,,30-Oct-17,""" 168,490.00 """,,""" -941,531.00 """
409000914209',28-Mar-16,NEFT TRANSFER,,28-Mar-16,""" 147,796.00 """,,""" 655,577.00 """
409000197540',25-Aug-16,TRF FROM  Indiaforensic SERVICES,,25-Aug-16,""" 470,152.00 """,,""" 767,167.00 """
409000381613',17-Mar-17,FDRL/INTERNAL FUND TRANSFE,,17-Mar-17,,""" 349,746.00 """,""" 1,833,126.00 """
409000547793',04-Nov-17,FDRL/INTERNAL FUND TRANSFE,,04-Nov-17,,""" 81,051.00 """,""" 653,473.00 """
409000392132',11-Feb-16,IMPS TRANSFER,,11-Feb-16,""" 244,011.00 """,,""" 1,195,070.00 """
409000402246',18-Oct-16,ATM WITHDRAWAL,,18-Oct-16,,""" 282,511.00 """,""" 2,595,426.00 """
409000140684',25-Oct-16,FDRL/INTERNAL FUND TRANSFE,,25-Oct-16,,""" 294,015.00 """,""" 1,323,179.00 """
409000985312',31-Jan-17,NEFT TRANSFER,,31-Jan-17,""" 192,741.00 """,,""" -927,638.00 """
409000267304',17-Jan-16,TRF FROM  Indiaforensic SERVICES,,17-Jan-16,""" 141,555.00 """,,""" -175,124.00 """
409000714173',25-May-16,POS PURCHASE,,25-May-16,,""" 321,553.00 """,""" 815,340.00 """
409000110491',03-Sep-16,NEFT TRANSFER,,03-Sep-16,,""" 499,043.00 """,""" -204,092.00 """
409000747720',27-Dec-17,POS PURCHASE,,27-Dec-17,,""" 269,817.00 """,""" 328,997.00 """
409000655411',15-Jun-16,IMPS TRANSFER,,15-Jun-16,,""" 6,125.00 """,""" 339,992.00 """
409000659479',15-May-16,IMPS TRANSFER,,15-May-16,,""" 54,036.00 """,""" 749,680.00 """
409000547793',24-Oct-17,POS PURCHASE,,24-Oct-17,,""" 260,373.00 """,""" 913,846.00 """
409000334036',16-Jul-17,NEFT TRANSFER,,16-Jul-17,,""" 316,949.00 """,""" -170,467.00 """
409000566372',19-Feb-17,ATM WITHDRAWAL,,19-Feb-17,""" 353,156.00 """,,""" 819,252.00 """
409000271204',28-Mar-16,TRF FROM  Indiaforensic SERVICES,,28-Mar-16,,""" 140,771.00 """,""" 340,407.00 """
409000130217',11-Aug-17,IMPS TRANSFER,,11-Aug-17,""" 333,753.00 """,,""" -157,352.00 """
409000369346',21-Oct-17,FDRL/INTERNAL FUND TRANSFE,,21-Oct-17,,""" 345,281.00 """,""" 1,656,328.00 """
409000553399',13-Sep-16,POS PURCHASE,,13-Sep-16,,""" 226,665.00 """,""" 876,435.00 """
409000968666',26-Apr-17,TRF FROM  Indiaforensic SERVICES,,26-Apr-17,,""" 200,587.00 """,""" 2,197,934.00 """
409000959133',24-Jun-17,ATM WITHDRAWAL,,24-Jun-17,,""" 299,391.00 """,""" 511,391.00 """
409000308752',03-Jul-17,FDRL/INTERNAL FUND TRANSFE,,03-Jul-17,,""" 140,029.00 """,""" -235,215.00 """
409000969252',28-Aug-16,POS PURCHASE,,28-Aug-16,""" 451,987.00 """,,""" 140,227.00 """
409000566372',22-Nov-16,TRF FROM  Indiaforensic SERVICES,,22-Nov-16,""" 193,810.00 """,,""" 625,442.00 """
409000112710',10-Mar-17,FDRL/INTERNAL FUND TRANSFE,,10-Mar-17,""" 81,923.00 """,,""" 1,472,174.00 """
409000420436',23-Jan-16,FDRL/INTERNAL FUND TRANSFE,,23-Jan-16,""" 458,722.00 """,,""" 1,137,658.00 """
409000236053',17-Aug-16,IMPS TRANSFER,,17-Aug-16,""" 306,896.00 """,,""" -663,940.00 """
409000635340',10-Apr-17,ATM WITHDRAWAL,,10-Apr-17,""" 160,658.00 """,,""" 562,772.00 """
409000257712',26-Jan-17,ATM WITHDRAWAL,,26-Jan-17,""" 352,096.00 """,,""" -1,008,959.00 """
409000935285',26-Apr-16,ATM WITHDRAWAL,,26-Apr-16,""" 187,830.00 """,,""" -1,129,361.00 """
409000456174',25-Oct-17,IMPS TRANSFER,,25-Oct-17,,""" 378,188.00 """,""" 1,554,403.00 """
409000167461',23-Dec-16,FDRL/INTERNAL FUND TRANSFE,,23-Dec-16,,""" 6,293.00 """,""" 1,367,702.00 """
409000682109',21-Dec-17,NEFT TRANSFER,,21-Dec-17,,""" 229,382.00 """,""" 1,722,118.00 """
409000734739',16-Sep-17,FDRL/INTERNAL FUND TRANSFE,,16-Sep-17,""" 328,895.00 """,,""" 686,707.00 """
409000831704',12-Feb-16,TRF FROM  Indiaforensic SERVICES,,12-Feb-16,""" 32,647.00 """,,""" 407,601.00 """
409000969252',13-Nov-16,NEFT TRANSFER,,13-Nov-16,,""" 52,391.00 """,""" 192,618.00 """
409000197540',31-Mar-16,TRF FROM  Indiaforensic SERVICES,,31-Mar-16,,""" 173,044.00 """,""" 940,211.00 """
409000304900',03-Oct-17,NEFT TRANSFER,,03-Oct-17,,""" 237,684.00 """,""" 232,595.00 """
409000332316',01-Mar-17,TRF FROM  Indiaforensic SERVICES,,01-Mar-17,""" 146,990.00 """,,""" -667,192.00 """
409000161349',11-Feb-16,IMPS TRANSFER,,11-Feb-16,""" 156,621.00 """,,""" 762,914.00 """
409000952891',12-Dec-16,POS PURCHASE,,12-Dec-16,""" 229,194.00 """,,""" 135,771.00 """
409000931284',12-Jun-17,POS PURCHASE,,12-Jun-17,,""" 300,911.00 """,""" 785,000.00 """
409000566372',02-Jul-17,FDRL/INTERNAL FUND TRANSFE,,02-Jul-17,,""" 182,619.00 """,""" 808,061.00 """
409000405310',28-Oct-17,NEFT TRANSFER,,28-Oct-17,,""" 329,407.00 """,""" 189,107.00 """
409000969514',30-Aug-17,ATM WITHDRAWAL,,30-Aug-17,,""" 378,185.00 """,""" -712,146.00 """
409000320353',01-Apr-17,IMPS TRANSFER,,01-Apr-17,""" 35,905.00 """,,""" -33,365.00 """
409000219567',03-Dec-16,NEFT TRANSFER,,03-Dec-16,,""" 179,582.00 """,""" 670,429.00 """
409000224429',19-Apr-17,IMPS TRANSFER,,19-Apr-17,,""" 496,026.00 """,""" 2,082,211.00 """
409000957334',17-May-17,ATM WITHDRAWAL,,17-May-17,""" 383,774.00 """,,""" 1,036,332.00 """
409000566372',07-Jun-16,POS PURCHASE,,07-Jun-16,,""" 217,584.00 """,""" 1,025,645.00 """
409000397004',14-Jun-17,FDRL/INTERNAL FUND TRANSFE,,14-Jun-17,""" 242,954.00 """,,""" 648,303.00 """
409000685219',03-Apr-16,IMPS TRANSFER,,03-Apr-16,,""" 147,681.00 """,""" 1,903,425.00 """
409000754213',04-May-16,FDRL/INTERNAL FUND TRANSFE,,04-May-16,,""" 446,000.00 """,""" 126,484.00 """
409000197814',30-Mar-17,FDRL/INTERNAL FUND TRANSFE,,30-Mar-17,,""" 386,451.00 """,""" 1,127,402.00 """
409000930777',02-Jan-16,IMPS TRANSFER,,02-Jan-16,,""" 161,040.00 """,""" 604,322.00 """
409000883932',08-Nov-17,POS PURCHASE,,08-Nov-17,,""" 495,905.00 """,""" 227,101.00 """
409000933271',03-Jan-17,TRF FROM  Indiaforensic SERVICES,,03-Jan-17,""" 353,691.00 """,,""" -852,643.00 """
409000820802',14-May-17,FDRL/INTERNAL FUND TRANSFE,,14-May-17,""" 407,124.00 """,,""" -508,742.00 """
409000596389',01-Dec-16,NEFT TRANSFER,,01-Dec-16,,""" 92,173.00 """,""" 1,356,901.00 """
409000316747',22-Dec-16,NEFT TRANSFER,,22-Dec-16,,""" 167,094.00 """,""" -53,234.00 """
409000748053',05-Jun-16,IMPS TRANSFER,,05-Jun-16,""" 68,087.00 """,,""" 730,328.00 """
409000326234',21-Sep-17,FDRL/INTERNAL FUND TRANSFE,,21-Sep-17,""" 13,179.00 """,,""" 332,921.00 """
409000494458',07-May-16,FDRL/INTERNAL FUND TRANSFE,,07-May-16,""" 207,497.00 """,,""" 1,717,408.00 """
409000720631',22-Jan-16,TRF FROM  Indiaforensic SERVICES,,22-Jan-16,,""" 350,755.00 """,""" -155,898.00 """
409000953042',29-Nov-17,ATM WITHDRAWAL,,29-Nov-17,""" 189,519.00 """,,""" 793,979.00 """
409000673061',03-Jun-17,FDRL/INTERNAL FUND TRANSFE,,03-Jun-17,,""" 333,991.00 """,""" 2,528,113.00 """
409000619259',08-Apr-16,NEFT TRANSFER,,08-Apr-16,""" 329,741.00 """,,""" 240,110.00 """
409000452520',28-Sep-17,POS PURCHASE,,28-Sep-17,,""" 198,797.00 """,""" 282,505.00 """
409000969514',25-Dec-17,IMPS TRANSFER,,25-Dec-17,,""" 21,487.00 """,""" -690,659.00 """
409000831495',05-Jul-16,POS PURCHASE,,05-Jul-16,,""" 443,483.00 """,""" 500,646.00 """
409000685219',23-Mar-16,ATM WITHDRAWAL,,23-Mar-16,""" 213,499.00 """,,""" 1,689,926.00 """
409000659479',31-Jan-17,POS PURCHASE,,31-Jan-17,,""" 135,481.00 """,""" 885,161.00 """
409000494458',17-Mar-17,POS PURCHASE,,17-Mar-17,""" 411,779.00 """,,""" 1,305,629.00 """
409000707260',16-Mar-16,IMPS TRANSFER,,16-Mar-16,,""" 449,696.00 """,""" 1,882,372.00 """
409000494458',15-Jul-16,IMPS TRANSFER,,15-Jul-16,,""" 66,924.00 """,""" 1,372,553.00 """
409000444431',19-Oct-16,IMPS TRANSFER,,19-Oct-16,,""" 14,407.00 """,""" -241,259.00 """
409000933271',28-Jan-16,IMPS TRANSFER,,28-Jan-16,,""" 386,065.00 """,""" -466,578.00 """
409000936869',14-Jun-16,TRF FROM  Indiaforensic SERVICES,,14-Jun-16,""" 241,676.00 """,,""" -638,170.00 """
409000985312',14-Jan-16,IMPS TRANSFER,,14-Jan-16,""" 125,470.00 """,,""" -1,053,108.00 """
409000941296',20-Jul-17,ATM WITHDRAWAL,,20-Jul-17,,""" 53,236.00 """,""" 753,716.00 """
409000324521',16-Apr-16,FDRL/INTERNAL FUND TRANSFE,,16-Apr-16,""" 125,331.00 """,,""" 860,427.00 """
409000737708',03-Apr-17,NEFT TRANSFER,,03-Apr-17,,""" 352,534.00 """,""" 1,480,221.00 """
409000402246',25-Jan-17,FDRL/INTERNAL FUND TRANSFE,,25-Jan-17,""" 257,919.00 """,,""" 2,337,507.00 """
409000586455',25-Nov-16,NEFT TRANSFER,,25-Nov-16,""" 101,421.00 """,,""" 130,616.00 """
409000117598',06-Feb-17,TRF FROM  Indiaforensic SERVICES,,06-Feb-17,""" 345,334.00 """,,""" 233,106.00 """
409000816639',06-Feb-17,FDRL/INTERNAL FUND TRANSFE,,06-Feb-17,,""" 269,387.00 """,""" -1,421,164.00 """
409000969252',21-Nov-17,ATM WITHDRAWAL,,21-Nov-17,""" 396,143.00 """,,""" -203,525.00 """
409000985431',08-May-16,FDRL/INTERNAL FUND TRANSFE,,08-May-16,,""" 170,954.00 """,""" 538,513.00 """
409000968666',13-Jun-17,POS PURCHASE,,13-Jun-17,""" 272,748.00 """,,""" 1,925,186.00 """
409000694171',24-Dec-16,ATM WITHDRAWAL,,24-Dec-16,,""" 273,486.00 """,""" -326,564.00 """
409000825195',28-Sep-16,NEFT TRANSFER,,28-Sep-16,""" 359,050.00 """,,""" 570,668.00 """
409000397004',10-Aug-16,POS PURCHASE,,10-Aug-16,""" 161,917.00 """,,""" 486,386.00 """
409000135650',20-May-17,ATM WITHDRAWAL,,20-May-17,""" 233,701.00 """,,""" 387,313.00 """
409000180124',22-Nov-17,NEFT TRANSFER,,22-Nov-17,""" 79,229.00 """,,""" 366,170.00 """
409000203226',02-Nov-17,IMPS TRANSFER,,02-Nov-17,""" 456,758.00 """,,""" 143,914.00 """
409000470910',04-May-16,POS PURCHASE,,04-May-16,""" 110,536.00 """,,""" 1,340,173.00 """
409000915343',22-Feb-17,TRF FROM  Indiaforensic SERVICES,,22-Feb-17,,""" 7,352.00 """,""" 349,606.00 """
409000177276',29-Jul-16,POS PURCHASE,,29-Jul-16,""" 464,836.00 """,,""" 168,740.00 """
409000607258',26-Apr-16,FDRL/INTERNAL FUND TRANSFE,,26-Apr-16,""" 385,318.00 """,,""" -226,014.00 """
409000936869',14-Aug-16,FDRL/INTERNAL FUND TRANSFE,,14-Aug-16,,""" 222,667.00 """,""" -415,503.00 """
409000130217',27-Apr-16,FDRL/INTERNAL FUND TRANSFE,,27-Apr-16,""" 422,216.00 """,,""" -579,568.00 """
409000139970',01-Mar-16,POS PURCHASE,,01-Mar-16,""" 280,868.00 """,,""" -895,869.00 """
409000184133',17-Mar-17,FDRL/INTERNAL FUND TRANSFE,,17-Mar-17,""" 236,771.00 """,,""" 758,061.00 """
409000661072',16-Jul-17,FDRL/INTERNAL FUND TRANSFE,,16-Jul-17,,""" 184,506.00 """,""" 2,077,110.00 """
409000974947',19-Jun-16,FDRL/INTERNAL FUND TRANSFE,,19-Jun-16,,""" 63,803.00 """,""" 1,232,789.00 """
409000180124',13-Nov-16,FDRL/INTERNAL FUND TRANSFE,,13-Nov-16,,""" 6,154.00 """,""" 372,324.00 """
409000677702',16-Jun-17,POS PURCHASE,,16-Jun-17,,""" 101,644.00 """,""" 2,489,997.00 """
409000545992',17-Apr-16,FDRL/INTERNAL FUND TRANSFE,,17-Apr-16,,""" 427,687.00 """,""" 1,119,422.00 """
409000566372',06-Oct-16,NEFT TRANSFER,,06-Oct-16,,""" 216,255.00 """,""" 1,241,900.00 """
409000197814',10-Jan-16,IMPS TRANSFER,,10-Jan-16,,""" 8,371.00 """,""" 1,135,773.00 """
409000914209',30-Sep-16,ATM WITHDRAWAL,,30-Sep-16,""" 127,690.00 """,,""" 527,887.00 """
409000991571',14-Aug-16,TRF FROM  Indiaforensic SERVICES,,14-Aug-16,,""" 128,076.00 """,""" 861,381.00 """
409000500535',13-Mar-16,ATM WITHDRAWAL,,13-Mar-16,""" 296,447.00 """,,""" 274,463.00 """
409000478491',28-Sep-17,ATM WITHDRAWAL,,28-Sep-17,""" 398,907.00 """,,""" -254,930.00 """
409000661072',24-Jan-17,POS PURCHASE,,24-Jan-17,""" 351,478.00 """,,""" 1,725,632.00 """
409000322448',17-Feb-16,POS PURCHASE,,17-Feb-16,""" 130,626.00 """,,""" 1,093,038.00 """
409000807760',08-Dec-16,POS PURCHASE,,08-Dec-16,,""" 67,238.00 """,""" 1,991,076.00 """
409000831495',09-Feb-16,FDRL/INTERNAL FUND TRANSFE,,09-Feb-16,""" 267,335.00 """,,""" 233,311.00 """
409000818557',06-Dec-16,FDRL/INTERNAL FUND TRANSFE,,06-Dec-16,,""" 166,320.00 """,""" 422,144.00 """
409000596389',10-Nov-17,IMPS TRANSFER,,10-Nov-17,,""" 368,976.00 """,""" 1,725,877.00 """
409000167461',17-May-17,POS PURCHASE,,17-May-17,""" 119,321.00 """,,""" 1,248,381.00 """
409000263631',26-Apr-16,FDRL/INTERNAL FUND TRANSFE,,26-Apr-16,,""" 436,175.00 """,""" 1,798,563.00 """
409000694171',04-Sep-17,IMPS TRANSFER,,04-Sep-17,,""" 230,562.00 """,""" -96,002.00 """
409000553399',08-Oct-16,IMPS TRANSFER,,08-Oct-16,,""" 140,834.00 """,""" 1,017,269.00 """
409000358006',17-May-17,ATM WITHDRAWAL,,17-May-17,,""" 140,931.00 """,""" 1,415,939.00 """
409000105440',22-Jul-16,POS PURCHASE,,22-Jul-16,""" 101,622.00 """,,""" 556,715.00 """
409000755100',07-Dec-16,FDRL/INTERNAL FUND TRANSFE,,07-Dec-16,""" 374,010.00 """,,""" 432,091.00 """
409000110491',15-Nov-17,POS PURCHASE,,15-Nov-17,""" 381,911.00 """,,""" -586,003.00 """
409000271204',28-Feb-16,FDRL/INTERNAL FUND TRANSFE,,28-Feb-16,,""" 371,208.00 """,""" 711,615.00 """
409000444431',15-Dec-16,IMPS TRANSFER,,15-Dec-16,""" 461,804.00 """,,""" -703,063.00 """
409000286442',03-Sep-17,ATM WITHDRAWAL,,03-Sep-17,""" 117,692.00 """,,""" -1,063,072.00 """
409000444431',16-May-16,IMPS TRANSFER,,16-May-16,,""" 160,169.00 """,""" -542,894.00 """
409000820802',17-Nov-17,FDRL/INTERNAL FUND TRANSFE,,17-Nov-17,""" 239,681.00 """,,""" -748,423.00 """
409000332316',04-Sep-17,FDRL/INTERNAL FUND TRANSFE,,04-Sep-17,""" 396,291.00 """,,""" -1,063,483.00 """
409000392132',20-Aug-16,TRF FROM  Indiaforensic SERVICES,,20-Aug-16,""" 282,757.00 """,,""" 912,313.00 """
409000845049',07-Jun-17,IMPS TRANSFER,,07-Jun-17,,""" 187,092.00 """,""" 975,997.00 """
409000612576',23-Dec-17,POS PURCHASE,,23-Dec-17,,""" 93,292.00 """,""" 648,223.00 """
409000326234',21-Jul-17,IMPS TRANSFER,,21-Jul-17,,""" 475,042.00 """,""" 807,963.00 """
409000655411',06-Jan-17,NEFT TRANSFER,,06-Jan-17,,""" 285,647.00 """,""" 625,639.00 """
409000117598',27-Jun-16,TRF FROM  Indiaforensic SERVICES,,27-Jun-16,""" 267,259.00 """,,""" -34,153.00 """
409000132496',10-Mar-16,TRF FROM  Indiaforensic SERVICES,,10-Mar-16,""" 95,073.00 """,,""" 739,630.00 """
409000915343',05-Feb-16,FDRL/INTERNAL FUND TRANSFE,,05-Feb-16,,""" 81,208.00 """,""" 430,814.00 """
409000498090',15-Aug-17,ATM WITHDRAWAL,,15-Aug-17,,""" 181,037.00 """,""" 961,457.00 """
409000656583',16-Sep-17,FDRL/INTERNAL FUND TRANSFE,,16-Sep-17,""" 367,331.00 """,,""" 455,110.00 """
409000219567',09-Oct-16,ATM WITHDRAWAL,,09-Oct-16,""" 497,598.00 """,,""" 172,831.00 """
409000140684',12-Jul-17,ATM WITHDRAWAL,,12-Jul-17,""" 288,219.00 """,,""" 1,034,960.00 """
409000592016',30-Mar-17,NEFT TRANSFER,,30-Mar-17,""" 80,262.00 """,,""" 1,553,528.00 """
409000969252',09-Aug-16,NEFT TRANSFER,,09-Aug-16,,""" 452,253.00 """,""" 248,728.00 """
409000157380',24-Apr-16,TRF FROM  Indiaforensic SERVICES,,24-Apr-16,,""" 277,576.00 """,""" 1,851,636.00 """
409000815934',23-Jul-16,POS PURCHASE,,23-Jul-16,""" 492,679.00 """,,""" 1,330,970.00 """
409000502720',31-Jul-17,IMPS TRANSFER,,31-Jul-17,,""" 9,479.00 """,""" 1,975,145.00 """
409000494458',17-Jan-17,POS PURCHASE,,17-Jan-17,,""" 347,616.00 """,""" 1,720,169.00 """
409000316747',07-Aug-17,IMPS TRANSFER,,07-Aug-17,""" 314,190.00 """,,""" -367,424.00 """
409000930777',12-Mar-17,IMPS TRANSFER,,12-Mar-17,""" 163,955.00 """,,""" 440,367.00 """
409000914209',16-Sep-17,ATM WITHDRAWAL,,16-Sep-17,""" 445,535.00 """,,""" 82,352.00 """
409000612576',14-Jan-17,TRF FROM  Indiaforensic SERVICES,,14-Jan-17,""" 357,584.00 """,,""" 290,639.00 """
409000308752',22-Jun-17,NEFT TRANSFER,,22-Jun-17,""" 80,545.00 """,,""" -315,760.00 """
409000936869',25-May-17,POS PURCHASE,,25-May-17,,""" 335,980.00 """,""" -79,523.00 """
409000707260',16-May-17,TRF FROM  Indiaforensic SERVICES,,16-May-17,""" 153,426.00 """,,""" 1,728,946.00 """
409000554832',23-Dec-17,TRF FROM  Indiaforensic SERVICES,,23-Dec-17,,""" 320,143.00 """,""" 604,039.00 """
409000322448',11-Sep-17,IMPS TRANSFER,,11-Sep-17,""" 497,514.00 """,,""" 595,524.00 """
409000793776',26-Jul-17,ATM WITHDRAWAL,,26-Jul-17,,""" 128,826.00 """,""" 859,663.00 """
409000316747',07-Jul-16,POS PURCHASE,,07-Jul-16,""" 346,197.00 """,,""" -713,621.00 """
409000603011',08-Sep-16,ATM WITHDRAWAL,,08-Sep-16,""" 75,066.00 """,,""" 1,112,935.00 """
409000160462',17-Jan-16,ATM WITHDRAWAL,,17-Jan-16,""" 41,113.00 """,,""" 1,322,937.00 """
409000805120',29-May-16,TRF FROM  Indiaforensic SERVICES,,29-May-16,""" 280,451.00 """,,""" 908,464.00 """
409000444431',30-Nov-17,FDRL/INTERNAL FUND TRANSFE,,30-Nov-17,""" 13,128.00 """,,""" -556,022.00 """
409000100196',21-Oct-16,FDRL/INTERNAL FUND TRANSFE,,21-Oct-16,,""" 131,517.00 """,""" -429,917.00 """
409000112710',08-Jul-17,NEFT TRANSFER,,08-Jul-17,,""" 494,870.00 """,""" 1,967,044.00 """
409000985312',27-Apr-17,POS PURCHASE,,27-Apr-17,""" 203,090.00 """,,""" -1,256,198.00 """
409000969252',11-Dec-17,IMPS TRANSFER,,11-Dec-17,,""" 463,345.00 """,""" 712,073.00 """
409000793776',17-Nov-17,POS PURCHASE,,17-Nov-17,,""" 137,753.00 """,""" 997,416.00 """
409000969514',23-Apr-16,FDRL/INTERNAL FUND TRANSFE,,23-Apr-16,""" 16,091.00 """,,""" -706,750.00 """
409000124116',16-Nov-16,TRF FROM  Indiaforensic SERVICES,,16-Nov-16,,""" 422,230.00 """,""" 1,308,438.00 """
409000220856',19-Nov-17,FDRL/INTERNAL FUND TRANSFE,,19-Nov-17,,""" 305,224.00 """,""" 530,816.00 """
409000945930',28-Jun-16,TRF FROM  Indiaforensic SERVICES,,28-Jun-16,,""" 59,381.00 """,""" 1,127,779.00 """
409000596389',07-Aug-17,IMPS TRANSFER,,07-Aug-17,,""" 418,663.00 """,""" 2,144,540.00 """
409000271204',27-Dec-16,NEFT TRANSFER,,27-Dec-16,""" 199,250.00 """,,""" 512,365.00 """
409000950568',15-Nov-17,POS PURCHASE,,15-Nov-17,,""" 249,046.00 """,""" -41,835.00 """
409000820802',04-Nov-17,ATM WITHDRAWAL,,04-Nov-17,""" 224,244.00 """,,""" -972,667.00 """
409000131038',30-Aug-16,FDRL/INTERNAL FUND TRANSFE,,30-Aug-16,,""" 483,114.00 """,""" 695,980.00 """
409000575316',18-Oct-17,ATM WITHDRAWAL,,18-Oct-17,,""" 351,554.00 """,""" 1,519,416.00 """
409000530053',15-Aug-16,FDRL/INTERNAL FUND TRANSFE,,15-Aug-16,""" 333,642.00 """,,""" 435,158.00 """
409000952891',21-Oct-17,ATM WITHDRAWAL,,21-Oct-17,,""" 307,407.00 """,""" 443,178.00 """
409000575316',07-Sep-17,NEFT TRANSFER,,07-Sep-17,,""" 224,831.00 """,""" 1,744,247.00 """
409000530205',11-Sep-17,ATM WITHDRAWAL,,11-Sep-17,,""" 1,582.00 """,""" 637,473.00 """
409000936869',28-Jul-17,IMPS TRANSFER,,28-Jul-17,,""" 312,255.00 """,""" 232,732.00 """
409000985312',27-Sep-16,ATM WITHDRAWAL,,27-Sep-16,""" 393,445.00 """,,""" -1,649,643.00 """
409000197814',23-Sep-17,IMPS TRANSFER,,23-Sep-17,""" 323,470.00 """,,""" 812,303.00 """
409000733355',18-Feb-17,POS PURCHASE,,18-Feb-17,,""" 497,335.00 """,""" 243,165.00 """
409000998512',21-Sep-17,IMPS TRANSFER,,21-Sep-17,""" 253,051.00 """,,""" -242,367.00 """
409000239127',07-Aug-16,IMPS TRANSFER,,07-Aug-16,,""" 6,208.00 """,""" 422,757.00 """
409000554832',19-Sep-16,TRF FROM  Indiaforensic SERVICES,,19-Sep-16,,""" 65,969.00 """,""" 670,008.00 """
409000100196',22-Nov-16,IMPS TRANSFER,,22-Nov-16,,""" 343,019.00 """,""" -86,898.00 """
409000226012',01-Jul-16,TRF FROM  Indiaforensic SERVICES,,01-Jul-16,,""" 273,771.00 """,""" 1,628,826.00 """
409000304900',12-Apr-17,ATM WITHDRAWAL,,12-Apr-17,""" 208,216.00 """,,""" 24,379.00 """
409000969514',09-Feb-17,FDRL/INTERNAL FUND TRANSFE,,09-Feb-17,,""" 217,920.00 """,""" -488,830.00 """
409000466987',25-Aug-17,IMPS TRANSFER,,25-Aug-17,""" 139,048.00 """,,""" -330,868.00 """
409000272332',17-Aug-17,IMPS TRANSFER,,17-Aug-17,,""" 303,135.00 """,""" 1,634,318.00 """
409000950802',29-Jun-16,POS PURCHASE,,29-Jun-16,,""" 297,143.00 """,""" 1,815,209.00 """
409000957334',28-Aug-16,NEFT TRANSFER,,28-Aug-16,,""" 348,202.00 """,""" 1,384,534.00 """
409000941296',25-Dec-17,TRF FROM  Indiaforensic SERVICES,,25-Dec-17,,""" 64,323.00 """,""" 818,039.00 """
409000938249',03-Apr-16,ATM WITHDRAWAL,,03-Apr-16,,""" 238,051.00 """,""" 821,035.00 """
409000402246',20-Dec-16,TRF FROM  Indiaforensic SERVICES,,20-Dec-16,""" 281,301.00 """,,""" 2,056,206.00 """
409000998512',24-Jan-17,TRF FROM  Indiaforensic SERVICES,,24-Jan-17,,""" 354,790.00 """,""" 112,423.00 """
409000660205',12-Sep-17,TRF FROM  Indiaforensic SERVICES,,12-Sep-17,""" 242,311.00 """,,""" 202,933.00 """
409000885944',29-Aug-16,TRF FROM  Indiaforensic SERVICES,,29-Aug-16,""" 182,690.00 """,,""" 227,762.00 """
409000885944',26-Oct-16,TRF FROM  Indiaforensic SERVICES,,26-Oct-16,,""" 319,847.00 """,""" 547,609.00 """
409000707260',21-Apr-16,TRF FROM  Indiaforensic SERVICES,,21-Apr-16,""" 238,248.00 """,,""" 1,490,698.00 """
409000334036',20-Jul-16,FDRL/INTERNAL FUND TRANSFE,,20-Jul-16,""" 464,384.00 """,,""" -634,851.00 """
409000938249',05-Jan-16,ATM WITHDRAWAL,,05-Jan-16,""" 326,876.00 """,,""" 494,159.00 """
409000793776',04-Oct-16,NEFT TRANSFER,,04-Oct-16,,""" 11,666.00 """,""" 1,009,082.00 """
409000139970',25-Oct-17,POS PURCHASE,,25-Oct-17,,""" 486,071.00 """,""" -409,798.00 """
409000825195',01-Jun-16,TRF FROM  Indiaforensic SERVICES,,01-Jun-16,,""" 473,115.00 """,""" 1,043,783.00 """
409000931284',31-Aug-16,POS PURCHASE,,31-Aug-16,,""" 253,191.00 """,""" 1,038,191.00 """
409000509097',11-Jul-17,ATM WITHDRAWAL,,11-Jul-17,""" 33,503.00 """,,""" 123,237.00 """
409000502720',13-Jul-16,POS PURCHASE,,13-Jul-16,,""" 267,615.00 """,""" 2,242,760.00 """
409000140684',30-Apr-16,POS PURCHASE,,30-Apr-16,""" 36,554.00 """,,""" 998,406.00 """
409000545992',06-Feb-17,NEFT TRANSFER,,06-Feb-17,,""" 495,865.00 """,""" 1,615,287.00 """
409000755100',12-Sep-16,NEFT TRANSFER,,12-Sep-16,""" 40,568.00 """,,""" 391,523.00 """
409000334036',27-Nov-16,TRF FROM  Indiaforensic SERVICES,,27-Nov-16,""" 331,373.00 """,,""" -966,224.00 """
409000607258',16-Sep-17,NEFT TRANSFER,,16-Sep-17,""" 218,117.00 """,,""" -444,131.00 """
409000897819',24-Mar-17,ATM WITHDRAWAL,,24-Mar-17,""" 310,395.00 """,,""" -130,301.00 """
409000405310',27-Sep-17,FDRL/INTERNAL FUND TRANSFE,,27-Sep-17,""" 432,283.00 """,,""" -243,176.00 """
409000381613',10-Jul-16,ATM WITHDRAWAL,,10-Jul-16,""" 9,725.00 """,,""" 1,823,401.00 """
409000586455',03-May-17,ATM WITHDRAWAL,,03-May-17,""" 415,083.00 """,,""" -284,467.00 """
409000381613',18-May-17,POS PURCHASE,,18-May-17,,""" 413,528.00 """,""" 2,236,929.00 """
409000130217',21-Dec-16,ATM WITHDRAWAL,,21-Dec-16,""" 354,807.00 """,,""" -934,375.00 """
409000195344',01-Feb-17,ATM WITHDRAWAL,,01-Feb-17,""" 473,360.00 """,,""" 61,420.00 """
409000243381',28-Dec-17,NEFT TRANSFER,,28-Dec-17,""" 254,789.00 """,,""" 406,788.00 """
409000635999',27-Mar-17,TRF FROM  Indiaforensic SERVICES,,27-Mar-17,,""" 78,282.00 """,""" -32,402.00 """
409000304900',07-Apr-17,ATM WITHDRAWAL,,07-Apr-17,""" 122,251.00 """,,""" -97,872.00 """
409000509097',26-Feb-16,POS PURCHASE,,26-Feb-16,,""" 299,537.00 """,""" 422,774.00 """
409000167461',10-Aug-16,TRF FROM  Indiaforensic SERVICES,,10-Aug-16,""" 148,311.00 """,,""" 1,100,070.00 """
409000117598',13-Apr-17,FDRL/INTERNAL FUND TRANSFE,,13-Apr-17,""" 60,133.00 """,,""" -94,286.00 """
409000884895',24-Oct-17,TRF FROM  Indiaforensic SERVICES,,24-Oct-17,""" 6,611.00 """,,""" 1,427,035.00 """
409000117598',10-Jul-16,POS PURCHASE,,10-Jul-16,""" 258,483.00 """,,""" -352,769.00 """
409000636341',10-May-16,TRF FROM  Indiaforensic SERVICES,,10-May-16,,""" 353,578.00 """,""" 1,396,787.00 """
409000530205',18-Oct-17,NEFT TRANSFER,,18-Oct-17,""" 283,652.00 """,,""" 353,821.00 """
409000267304',13-Aug-17,TRF FROM  Indiaforensic SERVICES,,13-Aug-17,,""" 450,889.00 """,""" 275,765.00 """
409000381613',30-Jul-16,NEFT TRANSFER,,30-Jul-16,,""" 179,078.00 """,""" 2,416,007.00 """
409000112710',23-Mar-17,ATM WITHDRAWAL,,23-Mar-17,,""" 235,080.00 """,""" 2,202,124.00 """
409000547793',24-Jan-16,TRF FROM  Indiaforensic SERVICES,,24-Jan-16,""" 222,071.00 """,,""" 691,775.00 """
409000998512',24-Nov-17,NEFT TRANSFER,,24-Nov-17,,""" 222,804.00 """,""" 335,227.00 """
409000754740',21-Apr-16,TRF FROM  Indiaforensic SERVICES,,21-Apr-16,,""" 299,853.00 """,""" 1,055,974.00 """
409000105440',31-Oct-17,FDRL/INTERNAL FUND TRANSFE,,31-Oct-17,,""" 67,200.00 """,""" 623,915.00 """
409000397004',29-Aug-17,IMPS TRANSFER,,29-Aug-17,,""" 195,651.00 """,""" 682,037.00 """
409000700042',28-Mar-16,FDRL/INTERNAL FUND TRANSFE,,28-Mar-16,,""" 127,616.00 """,""" 631,777.00 """
409000714173',19-Aug-17,TRF FROM  Indiaforensic SERVICES,,19-Aug-17,,""" 364,268.00 """,""" 1,179,608.00 """
409000224429',30-Dec-17,POS PURCHASE,,30-Dec-17,,""" 365,650.00 """,""" 2,447,861.00 """
409000338678',28-Dec-16,ATM WITHDRAWAL,,28-Dec-16,""" 28,618.00 """,,""" -718,685.00 """
409000332316',27-Jan-17,POS PURCHASE,,27-Jan-17,,""" 67,648.00 """,""" -995,835.00 """
409000754740',30-Jun-17,IMPS TRANSFER,,30-Jun-17,""" 243,358.00 """,,""" 812,616.00 """
409000933271',25-Aug-17,TRF FROM  Indiaforensic SERVICES,,25-Aug-17,""" 322,864.00 """,,""" -789,442.00 """
409000470910',12-Mar-17,ATM WITHDRAWAL,,12-Mar-17,,""" 230,509.00 """,""" 1,570,682.00 """
409000815056',20-Sep-17,POS PURCHASE,,20-Sep-17,,""" 408,173.00 """,""" 455,555.00 """
409000944848',02-Mar-16,FDRL/INTERNAL FUND TRANSFE,,02-Mar-16,""" 475,272.00 """,,""" -1,038,087.00 """
409000381613',14-Mar-17,NEFT TRANSFER,,14-Mar-17,""" 327,679.00 """,,""" 2,088,328.00 """
409000879020',24-Jun-16,TRF FROM  Indiaforensic SERVICES,,24-Jun-16,,""" 395,468.00 """,""" 1,171,366.00 """
409000952891',16-Aug-16,POS PURCHASE,,16-Aug-16,""" 103,973.00 """,,""" 339,205.00 """
409000747968',12-Nov-16,NEFT TRANSFER,,12-Nov-16,""" 270,024.00 """,,""" -252,042.00 """
409000545992',27-Jun-16,POS PURCHASE,,27-Jun-16,,""" 41,169.00 """,""" 1,656,456.00 """
409000263631',11-Oct-17,IMPS TRANSFER,,11-Oct-17,""" 338,040.00 """,,""" 1,460,523.00 """
409000879598',25-Dec-17,NEFT TRANSFER,,25-Dec-17,""" 301,513.00 """,,""" 24,632.00 """
409000682109',28-Dec-16,POS PURCHASE,,28-Dec-16,""" 84,417.00 """,,""" 1,637,701.00 """
409000375824',03-Sep-17,TRF FROM  Indiaforensic SERVICES,,03-Sep-17,""" 315,724.00 """,,""" 152,168.00 """
409000112710',16-Oct-16,IMPS TRANSFER,,16-Oct-16,""" 184,948.00 """,,""" 2,017,176.00 """
409000750929',17-Apr-17,FDRL/INTERNAL FUND TRANSFE,,17-Apr-17,,""" 184,359.00 """,""" 247,509.00 """
409000931284',06-Nov-17,ATM WITHDRAWAL,,06-Nov-17,,""" 155,218.00 """,""" 1,193,409.00 """
409000402246',06-Jul-17,ATM WITHDRAWAL,,06-Jul-17,,""" 465,058.00 """,""" 2,521,264.00 """
409000656583',01-Sep-17,FDRL/INTERNAL FUND TRANSFE,,01-Sep-17,""" 145,491.00 """,,""" 309,619.00 """
409000304900',30-Oct-16,NEFT TRANSFER,,30-Oct-16,""" 184,033.00 """,,""" -281,905.00 """
409000793776',19-Oct-16,TRF FROM  Indiaforensic SERVICES,,19-Oct-16,""" 478,979.00 """,,""" 530,103.00 """
409000694171',18-Aug-17,TRF FROM  Indiaforensic SERVICES,,18-Aug-17,,""" 207,731.00 """,""" 111,729.00 """
409000160462',01-Nov-17,NEFT TRANSFER,,01-Nov-17,""" 142,626.00 """,,""" 1,180,311.00 """
409000502720',04-Mar-17,NEFT TRANSFER,,04-Mar-17,,""" 455,189.00 """,""" 2,697,949.00 """
409000117598',07-Jun-17,POS PURCHASE,,07-Jun-17,""" 337,681.00 """,,""" -690,450.00 """
409000941296',14-Oct-17,ATM WITHDRAWAL,,14-Oct-17,,""" 172,266.00 """,""" 990,305.00 """
409000160462',30-Mar-16,IMPS TRANSFER,,30-Mar-16,""" 456,156.00 """,,""" 724,155.00 """
409000358006',31-Jul-17,TRF FROM  Indiaforensic SERVICES,,31-Jul-17,,""" 334,338.00 """,""" 1,750,277.00 """
409000444022',28-Mar-17,IMPS TRANSFER,,28-Mar-17,,""" 486,838.00 """,""" 1,803,044.00 """
409000444022',31-Jul-16,ATM WITHDRAWAL,,31-Jul-16,""" 467,140.00 """,,""" 1,335,904.00 """
409000112710',19-Dec-16,IMPS TRANSFER,,19-Dec-16,""" 170,734.00 """,,""" 1,846,442.00 """
409000554832',21-Mar-16,ATM WITHDRAWAL,,21-Mar-16,""" 40,043.00 """,,""" 629,965.00 """
409000271204',07-Jun-17,NEFT TRANSFER,,07-Jun-17,,""" 213,924.00 """,""" 726,289.00 """
409000907892',28-Jan-16,IMPS TRANSFER,,28-Jan-16,,""" 472,616.00 """,""" 644,972.00 """
409000332316',02-Jun-17,FDRL/INTERNAL FUND TRANSFE,,02-Jun-17,,""" 270,082.00 """,""" -725,753.00 """
409000815056',27-May-17,ATM WITHDRAWAL,,27-May-17,""" 59,158.00 """,,""" 396,397.00 """
409000805120',04-Jul-16,IMPS TRANSFER,,04-Jul-16,""" 32,736.00 """,,""" 875,728.00 """
409000815934',03-Apr-16,TRF FROM  Indiaforensic SERVICES,,03-Apr-16,""" 34,432.00 """,,""" 1,296,538.00 """
409000456174',06-Mar-17,NEFT TRANSFER,,06-Mar-17,,""" 247,918.00 """,""" 1,802,321.00 """
409000639253',15-May-17,FDRL/INTERNAL FUND TRANSFE,,15-May-17,""" 465,042.00 """,,""" -1,153,084.00 """
409000872626',04-Sep-17,POS PURCHASE,,04-Sep-17,,""" 175,739.00 """,""" 211,311.00 """
409000358006',11-May-17,TRF FROM  Indiaforensic SERVICES,,11-May-17,""" 293,631.00 """,,""" 1,456,646.00 """
409000694171',22-Oct-16,FDRL/INTERNAL FUND TRANSFE,,22-Oct-16,""" 497,922.00 """,,""" -386,193.00 """
409000431592',19-Jul-17,TRF FROM  Indiaforensic SERVICES,,19-Jul-17,""" 101,905.00 """,,""" -154,411.00 """
409000892124',03-Apr-16,TRF FROM  Indiaforensic SERVICES,,03-Apr-16,,""" 230,933.00 """,""" 463,914.00 """
409000381613',05-Apr-16,TRF FROM  Indiaforensic SERVICES,,05-Apr-16,,""" 23,130.00 """,""" 2,111,458.00 """
409000236053',03-Oct-16,TRF FROM  Indiaforensic SERVICES,,03-Oct-16,""" 147,297.00 """,,""" -811,237.00 """
409000747720',15-Apr-16,NEFT TRANSFER,,15-Apr-16,,""" 340,140.00 """,""" 669,137.00 """
409000161349',05-Apr-17,IMPS TRANSFER,,05-Apr-17,""" 124,398.00 """,,""" 638,516.00 """
409000177276',16-Jun-17,NEFT TRANSFER,,16-Jun-17,""" 479,523.00 """,,""" -310,783.00 """
409000586455',18-May-16,IMPS TRANSFER,,18-May-16,""" 432,575.00 """,,""" -717,042.00 """
409000326234',17-Feb-16,ATM WITHDRAWAL,,17-Feb-16,""" 233,213.00 """,,""" 574,750.00 """
409000220856',11-Aug-17,FDRL/INTERNAL FUND TRANSFE,,11-Aug-17,,""" 317,007.00 """,""" 847,823.00 """
409000452520',06-Dec-16,IMPS TRANSFER,,06-Dec-16,,""" 430,689.00 """,""" 713,194.00 """
409000251221',21-Sep-16,FDRL/INTERNAL FUND TRANSFE,,21-Sep-16,,""" 358,005.00 """,""" -243,183.00 """
409000592016',17-Feb-17,ATM WITHDRAWAL,,17-Feb-17,,""" 63,574.00 """,""" 1,617,102.00 """
409000404291',06-Jul-17,POS PURCHASE,,06-Jul-17,,""" 348,386.00 """,""" 316,424.00 """
409000219567',29-Oct-16,NEFT TRANSFER,,29-Oct-16,,""" 470,887.00 """,""" 643,718.00 """
409000998512',30-May-16,POS PURCHASE,,30-May-16,""" 167,190.00 """,,""" 168,037.00 """
409000968666',17-Nov-16,TRF FROM  Indiaforensic SERVICES,,17-Nov-16,""" 287,854.00 """,,""" 1,637,332.00 """
409000322448',07-Mar-17,IMPS TRANSFER,,07-Mar-17,,""" 83,006.00 """,""" 678,530.00 """
409000502720',05-Aug-17,ATM WITHDRAWAL,,05-Aug-17,""" 225,656.00 """,,""" 2,472,293.00 """
409000682109',20-Mar-16,FDRL/INTERNAL FUND TRANSFE,,20-Mar-16,,""" 92,820.00 """,""" 1,730,521.00 """
409000478491',17-Dec-16,ATM WITHDRAWAL,,17-Dec-16,,""" 492,442.00 """,""" 237,512.00 """
409000502720',19-Nov-16,IMPS TRANSFER,,19-Nov-16,""" 83,534.00 """,,""" 2,388,759.00 """
409000639253',11-Mar-17,POS PURCHASE,,11-Mar-17,""" 65,827.00 """,,""" -1,218,911.00 """
409000167461',01-Dec-16,NEFT TRANSFER,,01-Dec-16,""" 194,260.00 """,,""" 905,810.00 """
409000682109',13-Jan-17,TRF FROM  Indiaforensic SERVICES,,13-Jan-17,,""" 256,379.00 """,""" 1,986,900.00 """
409000263631',08-Mar-16,FDRL/INTERNAL FUND TRANSFE,,08-Mar-16,,""" 478,099.00 """,""" 1,938,622.00 """
409000375824',25-Aug-16,ATM WITHDRAWAL,,25-Aug-16,""" 163,265.00 """,,""" -11,097.00 """
409000502720',03-Jul-17,TRF FROM  Indiaforensic SERVICES,,03-Jul-17,,""" 368,049.00 """,""" 2,756,808.00 """
409000404291',06-Oct-17,POS PURCHASE,,06-Oct-17,,""" 23,463.00 """,""" 339,887.00 """
409000953042',27-Sep-17,TRF FROM  Indiaforensic SERVICES,,27-Sep-17,""" 75,893.00 """,,""" 718,086.00 """
409000635340',06-Apr-16,FDRL/INTERNAL FUND TRANSFE,,06-Apr-16,""" 220,323.00 """,,""" 342,449.00 """
409000914209',03-May-17,POS PURCHASE,,03-May-17,""" 382,373.00 """,,""" -300,021.00 """
409000316747',24-Dec-16,POS PURCHASE,,24-Dec-16,,""" 398,730.00 """,""" -314,891.00 """
409000635999',17-Oct-17,POS PURCHASE,,17-Oct-17,""" 287,290.00 """,,""" -319,692.00 """
409000353617',02-Aug-17,FDRL/INTERNAL FUND TRANSFE,,02-Aug-17,""" 197,884.00 """,,""" 202,220.00 """
409000437062',03-May-17,NEFT TRANSFER,,03-May-17,""" 305,940.00 """,,""" -707,542.00 """
409000700042',19-Mar-17,IMPS TRANSFER,,19-Mar-17,""" 125,058.00 """,,""" 506,719.00 """
409000747720',17-Jul-17,ATM WITHDRAWAL,,17-Jul-17,,""" 380,635.00 """,""" 1,049,772.00 """
409000239127',11-Dec-16,FDRL/INTERNAL FUND TRANSFE,,11-Dec-16,,""" 318,243.00 """,""" 741,000.00 """
409000135650',17-Oct-17,TRF FROM  Indiaforensic SERVICES,,17-Oct-17,,""" 27,350.00 """,""" 414,663.00 """
409000897819',09-Jan-16,ATM WITHDRAWAL,,09-Jan-16,,""" 396,907.00 """,""" 266,606.00 """
409000878488',16-Mar-16,NEFT TRANSFER,,16-Mar-16,""" 112,349.00 """,,""" 592,325.00 """
409000375824',27-Jun-17,FDRL/INTERNAL FUND TRANSFE,,27-Jun-17,,""" 363,797.00 """,""" 352,700.00 """
409000659479',01-Feb-16,IMPS TRANSFER,,01-Feb-16,""" 464,825.00 """,,""" 420,336.00 """
409000635340',02-Aug-17,TRF FROM  Indiaforensic SERVICES,,02-Aug-17,,""" 493,642.00 """,""" 836,091.00 """
409000286442',09-Feb-16,FDRL/INTERNAL FUND TRANSFE,,09-Feb-16,""" 491,572.00 """,,""" -1,554,644.00 """
409000405310',14-Apr-17,POS PURCHASE,,14-Apr-17,""" 845.00 """,,""" -244,021.00 """
409000754740',23-Sep-17,POS PURCHASE,,23-Sep-17,""" 398,108.00 """,,""" 414,508.00 """
409000530205',12-Aug-17,NEFT TRANSFER,,12-Aug-17,,""" 331,183.00 """,""" 685,004.00 """
409000883932',31-Jul-17,TRF FROM  Indiaforensic SERVICES,,31-Jul-17,""" 34,045.00 """,,""" 193,056.00 """
409000139970',02-Aug-16,ATM WITHDRAWAL,,02-Aug-16,""" 384,738.00 """,,""" -794,536.00 """
409000892124',07-Feb-16,FDRL/INTERNAL FUND TRANSFE,,07-Feb-16,""" 209,342.00 """,,""" 254,572.00 """
409000442391',02-Jan-16,FDRL/INTERNAL FUND TRANSFE,,02-Jan-16,,""" 31,673.00 """,""" 1,738,128.00 """
409000456174',27-Aug-17,ATM WITHDRAWAL,,27-Aug-17,,""" 88,496.00 """,""" 1,890,817.00 """
409000815934',07-Apr-17,TRF FROM  Indiaforensic SERVICES,,07-Apr-17,,""" 358,912.00 """,""" 1,655,450.00 """
409000203226',15-Feb-16,NEFT TRANSFER,,15-Feb-16,,""" 89,536.00 """,""" 233,450.00 """
409000308752',12-Oct-17,TRF FROM  Indiaforensic SERVICES,,12-Oct-17,,""" 254,488.00 """,""" -61,272.00 """
409000112710',19-Jan-16,NEFT TRANSFER,,19-Jan-16,,""" 302,978.00 """,""" 2,149,420.00 """
409000658705',20-Mar-17,ATM WITHDRAWAL,,20-Mar-17,""" 308,139.00 """,,""" 1,771,989.00 """
409000167461',10-May-17,ATM WITHDRAWAL,,10-May-17,""" 389,269.00 """,,""" 516,541.00 """
409000878488',30-Dec-16,NEFT TRANSFER,,30-Dec-16,""" 418,013.00 """,,""" 174,312.00 """
409000612815',20-Aug-16,TRF FROM  Indiaforensic SERVICES,,20-Aug-16,,""" 43,924.00 """,""" 725,716.00 """
409000124116',16-Apr-17,FDRL/INTERNAL FUND TRANSFE,,16-Apr-17,,""" 286,173.00 """,""" 1,594,611.00 """
409000338678',14-Mar-16,POS PURCHASE,,14-Mar-16,,""" 95,043.00 """,""" -623,642.00 """
409000639253',16-Oct-17,ATM WITHDRAWAL,,16-Oct-17,,""" 80,147.00 """,""" -1,138,764.00 """
409000944848',03-Dec-17,ATM WITHDRAWAL,,03-Dec-17,,""" 453,109.00 """,""" -584,978.00 """
409000338678',21-Feb-17,FDRL/INTERNAL FUND TRANSFE,,21-Feb-17,,""" 426,110.00 """,""" -197,532.00 """
409000737708',04-Dec-17,NEFT TRANSFER,,04-Dec-17,""" 54,149.00 """,,""" 1,426,072.00 """
409000941296',28-Mar-16,TRF FROM  Indiaforensic SERVICES,,28-Mar-16,""" 91,579.00 """,,""" 898,726.00 """
409000224429',20-Jun-16,ATM WITHDRAWAL,,20-Jun-16,,""" 18,715.00 """,""" 2,466,576.00 """
409000494458',26-Nov-16,ATM WITHDRAWAL,,26-Nov-16,,""" 218,068.00 """,""" 1,938,237.00 """
409000682109',11-Aug-16,IMPS TRANSFER,,11-Aug-16,""" 228,348.00 """,,""" 1,758,552.00 """
409000332316',21-Oct-16,TRF FROM  Indiaforensic SERVICES,,21-Oct-16,,""" 363,791.00 """,""" -361,962.00 """
409000714173',28-Jan-16,IMPS TRANSFER,,28-Jan-16,""" 239,343.00 """,,""" 940,265.00 """
409000884895',19-Jul-16,POS PURCHASE,,19-Jul-16,,""" 421,912.00 """,""" 1,848,947.00 """
409000211244',30-Oct-17,FDRL/INTERNAL FUND TRANSFE,,30-Oct-17,,""" 330,990.00 """,""" 1,025,574.00 """
409000636341',17-Aug-17,NEFT TRANSFER,,17-Aug-17,,""" 243,435.00 """,""" 1,640,222.00 """
409000183728',08-Apr-16,POS PURCHASE,,08-Apr-16,,""" 359,124.00 """,""" 698,406.00 """
409000998512',22-Apr-16,FDRL/INTERNAL FUND TRANSFE,,22-Apr-16,,""" 28,374.00 """,""" 196,411.00 """
409000338678',29-Oct-16,TRF FROM  Indiaforensic SERVICES,,29-Oct-16,,""" 61,562.00 """,""" -135,970.00 """
409000431592',17-Sep-16,IMPS TRANSFER,,17-Sep-16,,""" 327,579.00 """,""" 173,168.00 """
409000557336',05-Jun-17,FDRL/INTERNAL FUND TRANSFE,,05-Jun-17,""" 445,760.00 """,,""" 966,423.00 """
409000720631',19-Jul-17,NEFT TRANSFER,,19-Jul-17,,""" 235,495.00 """,""" 79,597.00 """
409000184133',01-Dec-16,IMPS TRANSFER,,01-Dec-16,,""" 139,626.00 """,""" 897,687.00 """
409000659479',18-Feb-16,POS PURCHASE,,18-Feb-16,,""" 44,990.00 """,""" 465,326.00 """
409000324521',25-Apr-16,POS PURCHASE,,25-Apr-16,,""" 442,277.00 """,""" 1,302,704.00 """
409000124116',18-Mar-16,IMPS TRANSFER,,18-Mar-16,,""" 5,864.00 """,""" 1,600,475.00 """
409000950568',14-Apr-16,FDRL/INTERNAL FUND TRANSFE,,14-Apr-16,,""" 203,474.00 """,""" 161,639.00 """
409000914209',27-Mar-17,POS PURCHASE,,27-Mar-17,""" 164,410.00 """,,""" -464,431.00 """
409000195344',01-Apr-16,POS PURCHASE,,01-Apr-16,,""" 126,254.00 """,""" 187,674.00 """
409000985431',10-Feb-16,IMPS TRANSFER,,10-Feb-16,""" 417,735.00 """,,""" 120,778.00 """
409000442391',04-Jan-16,FDRL/INTERNAL FUND TRANSFE,,04-Jan-16,,""" 72,422.00 """,""" 1,810,550.00 """
409000353617',20-Mar-16,POS PURCHASE,,20-Mar-16,""" 156,266.00 """,,""" 45,954.00 """
409000402246',22-Jul-17,IMPS TRANSFER,,22-Jul-17,""" 449,816.00 """,,""" 2,071,448.00 """
409000872626',09-Oct-16,IMPS TRANSFER,,09-Oct-16,""" 331,297.00 """,,""" -119,986.00 """
409000700042',10-Apr-16,IMPS TRANSFER,,10-Apr-16,,""" 445,884.00 """,""" 952,603.00 """
409000281811',08-Feb-17,TRF FROM  Indiaforensic SERVICES,,08-Feb-17,,""" 482,271.00 """,""" 217,436.00 """
409000220856',03-Nov-17,POS PURCHASE,,03-Nov-17,,""" 353,254.00 """,""" 1,201,077.00 """
409000635999',07-Jan-16,TRF FROM  Indiaforensic SERVICES,,07-Jan-16,,""" 43,439.00 """,""" -276,253.00 """
409000585607',24-Apr-17,NEFT TRANSFER,,24-Apr-17,,""" 267,054.00 """,""" 1,969,634.00 """
409000831495',07-Nov-17,NEFT TRANSFER,,07-Nov-17,""" 440,050.00 """,,""" -206,739.00 """
409000585607',16-Dec-17,POS PURCHASE,,16-Dec-17,,""" 34,436.00 """,""" 2,004,070.00 """
409000879598',18-Jun-17,NEFT TRANSFER,,18-Jun-17,,""" 108,647.00 """,""" 133,279.00 """
409000808057',06-Jul-17,POS PURCHASE,,06-Jul-17,,""" 247,117.00 """,""" -1,948,370.00 """
409000583676',29-Jul-16,POS PURCHASE,,29-Jul-16,""" 451,610.00 """,,""" -757,242.00 """
409000219567',23-Nov-17,FDRL/INTERNAL FUND TRANSFE,,23-Nov-17,,""" 137,043.00 """,""" 780,761.00 """
409000820802',22-May-17,NEFT TRANSFER,,22-May-17,,""" 55,856.00 """,""" -916,811.00 """
409000944848',04-Nov-16,NEFT TRANSFER,,04-Nov-16,""" 226,804.00 """,,""" -811,782.00 """
409000694171',01-Sep-16,IMPS TRANSFER,,01-Sep-16,,""" 76,209.00 """,""" -309,984.00 """
409000220856',29-Sep-16,TRF FROM  Indiaforensic SERVICES,,29-Sep-16,,""" 141,027.00 """,""" 1,342,104.00 """
409000239127',22-Mar-16,FDRL/INTERNAL FUND TRANSFE,,22-Mar-16,""" 489,532.00 """,,""" 251,468.00 """
409000952891',27-Jan-17,ATM WITHDRAWAL,,27-Jan-17,""" 79,269.00 """,,""" 259,936.00 """
409000402246',26-Aug-17,POS PURCHASE,,26-Aug-17,,""" 430,493.00 """,""" 2,501,941.00 """
409000323528',12-Oct-16,FDRL/INTERNAL FUND TRANSFE,,12-Oct-16,""" 323,010.00 """,,""" -31,380.00 """
409000985312',24-Feb-17,TRF FROM  Indiaforensic SERVICES,,24-Feb-17,""" 393,318.00 """,,""" -2,042,961.00 """
409000884895',12-Nov-16,POS PURCHASE,,12-Nov-16,,""" 351,230.00 """,""" 2,200,177.00 """
409000160462',09-Mar-16,IMPS TRANSFER,,09-Mar-16,""" 14,680.00 """,,""" 709,475.00 """
409000639253',05-Dec-17,ATM WITHDRAWAL,,05-Dec-17,,""" 234,919.00 """,""" -903,845.00 """
409000101240',01-Dec-17,ATM WITHDRAWAL,,01-Dec-17,,""" 277,804.00 """,""" 310,485.00 """
409000825195',25-Jan-17,NEFT TRANSFER,,25-Jan-17,,""" 282,715.00 """,""" 1,326,498.00 """
409000961474',09-Jan-16,IMPS TRANSFER,,09-Jan-16,,""" 246,969.00 """,""" 1,241,371.00 """
409000858950',07-Apr-17,ATM WITHDRAWAL,,07-Apr-17,,""" 277,558.00 """,""" 579,705.00 """
409000915343',26-Nov-17,POS PURCHASE,,26-Nov-17,,""" 122,834.00 """,""" 553,648.00 """
409000184133',20-Sep-16,FDRL/INTERNAL FUND TRANSFE,,20-Sep-16,""" 313,297.00 """,,""" 584,390.00 """
409000224429',16-Oct-16,TRF FROM  Indiaforensic SERVICES,,16-Oct-16,,""" 147,258.00 """,""" 2,613,834.00 """
409000953042',14-Mar-17,POS PURCHASE,,14-Mar-17,""" 180,981.00 """,,""" 537,105.00 """
409000177276',15-Dec-16,POS PURCHASE,,15-Dec-16,""" 341,174.00 """,,""" -651,957.00 """
409000500535',19-Aug-16,NEFT TRANSFER,,19-Aug-16,""" 403,265.00 """,,""" -128,802.00 """
409000498090',29-Aug-16,ATM WITHDRAWAL,,29-Aug-16,""" 183,684.00 """,,""" 777,773.00 """
409000263631',07-Feb-16,TRF FROM  Indiaforensic SERVICES,,07-Feb-16,,""" 274,395.00 """,""" 2,213,017.00 """
409000140684',08-Jan-17,ATM WITHDRAWAL,,08-Jan-17,""" 284,371.00 """,,""" 714,035.00 """
409000161349',09-Jul-17,POS PURCHASE,,09-Jul-17,,""" 405,357.00 """,""" 1,043,873.00 """
409000124116',17-May-17,FDRL/INTERNAL FUND TRANSFE,,17-May-17,,""" 10,070.00 """,""" 1,610,545.00 """
409000878488',20-May-16,ATM WITHDRAWAL,,20-May-16,""" 277,845.00 """,,""" -103,533.00 """
409000160462',27-Nov-16,IMPS TRANSFER,,27-Nov-16,,""" 434,525.00 """,""" 1,144,000.00 """
409000961474',22-May-17,NEFT TRANSFER,,22-May-17,""" 150,433.00 """,,""" 1,090,938.00 """
409000224429',18-Nov-17,POS PURCHASE,,18-Nov-17,,""" 144,347.00 """,""" 2,758,181.00 """
409000566372',21-May-16,NEFT TRANSFER,,21-May-16,""" 405,245.00 """,,""" 836,655.00 """
409000243381',23-Aug-16,FDRL/INTERNAL FUND TRANSFE,,23-Aug-16,,""" 45,222.00 """,""" 452,010.00 """
409000883932',25-Apr-17,NEFT TRANSFER,,25-Apr-17,""" 305,906.00 """,,""" -112,850.00 """
409000160462',04-Oct-17,TRF FROM  Indiaforensic SERVICES,,04-Oct-17,,""" 256,990.00 """,""" 1,400,990.00 """
409000338678',19-Sep-17,POS PURCHASE,,19-Sep-17,,""" 236,494.00 """,""" 100,524.00 """
409000509097',28-Aug-16,FDRL/INTERNAL FUND TRANSFE,,28-Aug-16,""" 49,060.00 """,,""" 373,714.00 """
409000945930',08-Sep-17,FDRL/INTERNAL FUND TRANSFE,,08-Sep-17,""" 442,480.00 """,,""" 685,299.00 """
409000215918',07-May-17,ATM WITHDRAWAL,,07-May-17,,""" 409,297.00 """,""" -282,206.00 """
409000267304',02-Apr-17,FDRL/INTERNAL FUND TRANSFE,,02-Apr-17,""" 286,905.00 """,,""" -11,140.00 """
409000820802',28-Jul-16,ATM WITHDRAWAL,,28-Jul-16,""" 144,657.00 """,,""" -1,061,468.00 """
409000748053',02-Dec-17,NEFT TRANSFER,,02-Dec-17,""" 188,321.00 """,,""" 542,007.00 """
409000375824',02-Jun-16,POS PURCHASE,,02-Jun-16,,""" 309,019.00 """,""" 661,719.00 """
409000195344',21-Nov-17,FDRL/INTERNAL FUND TRANSFE,,21-Nov-17,,""" 109,098.00 """,""" 296,772.00 """
409000397004',03-Oct-16,ATM WITHDRAWAL,,03-Oct-16,,""" 414,061.00 """,""" 1,096,098.00 """
409000203226',18-Dec-17,IMPS TRANSFER,,18-Dec-17,""" 14,123.00 """,,""" 219,327.00 """
409000953042',04-Aug-16,TRF FROM  Indiaforensic SERVICES,,04-Aug-16,""" 40,322.00 """,,""" 496,783.00 """
409000684481',02-Jul-16,POS PURCHASE,,02-Jul-16,""" 404,817.00 """,,""" 853,443.00 """
409000267304',31-Dec-16,FDRL/INTERNAL FUND TRANSFE,,31-Dec-16,,""" 415,271.00 """,""" 404,131.00 """
409000140684',08-May-17,FDRL/INTERNAL FUND TRANSFE,,08-May-17,,""" 135,126.00 """,""" 849,161.00 """
409000831495',19-Feb-16,FDRL/INTERNAL FUND TRANSFE,,19-Feb-16,,""" 201,189.00 """,""" -5,550.00 """
409000420436',25-Feb-16,NEFT TRANSFER,,25-Feb-16,,""" 124,677.00 """,""" 1,262,335.00 """
409000936869',22-Jul-16,IMPS TRANSFER,,22-Jul-16,""" 187,634.00 """,,""" 45,098.00 """
409000197540',09-Mar-16,NEFT TRANSFER,,09-Mar-16,""" 336,605.00 """,,""" 603,606.00 """
409000815056',07-Jun-16,TRF FROM  Indiaforensic SERVICES,,07-Jun-16,""" 186,519.00 """,,""" 209,878.00 """
409000661072',22-May-17,IMPS TRANSFER,,22-May-17,,""" 167,574.00 """,""" 1,893,206.00 """
409000374540',19-Feb-16,IMPS TRANSFER,,19-Feb-16,""" 20,397.00 """,,""" 123,747.00 """
409000456174',12-Jun-16,NEFT TRANSFER,,12-Jun-16,""" 330,850.00 """,,""" 1,559,967.00 """
409000530053',30-Oct-16,POS PURCHASE,,30-Oct-16,,""" 425,705.00 """,""" 860,863.00 """
409000590992',20-Apr-16,NEFT TRANSFER,,20-Apr-16,,""" 379,529.00 """,""" 645,889.00 """
409000281811',09-Jun-17,POS PURCHASE,,09-Jun-17,""" 290,207.00 """,,""" -72,771.00 """
409000161349',06-Aug-17,IMPS TRANSFER,,06-Aug-17,""" 13,803.00 """,,""" 1,030,070.00 """
409000184133',02-Aug-16,IMPS TRANSFER,,02-Aug-16,,""" 88,839.00 """,""" 673,229.00 """
409000720631',26-May-17,ATM WITHDRAWAL,,26-May-17,,""" 306,181.00 """,""" 385,778.00 """
409000935285',17-Sep-17,ATM WITHDRAWAL,,17-Sep-17,,""" 32,677.00 """,""" -1,096,684.00 """
409000658705',13-Jan-17,IMPS TRANSFER,,13-Jan-17,,""" 56,742.00 """,""" 1,828,731.00 """
409000619259',14-Mar-17,TRF FROM  Indiaforensic SERVICES,,14-Mar-17,,""" 266,285.00 """,""" 506,395.00 """
409000793776',15-Nov-16,TRF FROM  Indiaforensic SERVICES,,15-Nov-16,,""" 379,961.00 """,""" 910,064.00 """
409000358006',18-Dec-16,IMPS TRANSFER,,18-Dec-16,,""" 336,922.00 """,""" 1,793,568.00 """
409000754740',24-Nov-17,NEFT TRANSFER,,24-Nov-17,,""" 47,206.00 """,""" 461,714.00 """
409000950802',13-Apr-16,NEFT TRANSFER,,13-Apr-16,,""" 28,935.00 """,""" 1,844,144.00 """
409000322448',03-Feb-16,FDRL/INTERNAL FUND TRANSFE,,03-Feb-16,""" 279,937.00 """,,""" 398,593.00 """
409000444431',01-Nov-17,POS PURCHASE,,01-Nov-17,""" 412,179.00 """,,""" -968,201.00 """
409000585607',21-Mar-17,ATM WITHDRAWAL,,21-Mar-17,""" 390,065.00 """,,""" 1,614,005.00 """
409000197814',14-Feb-16,ATM WITHDRAWAL,,14-Feb-16,,""" 454,589.00 """,""" 1,266,892.00 """
409000254468',16-May-17,IMPS TRANSFER,,16-May-17,""" 413,485.00 """,,""" 221,680.00 """
409000617980',01-Sep-16,ATM WITHDRAWAL,,01-Sep-16,""" 47,833.00 """,,""" 518,384.00 """
409000858950',20-May-17,POS PURCHASE,,20-May-17,,""" 223,471.00 """,""" 803,176.00 """
409000195344',04-Nov-16,POS PURCHASE,,04-Nov-16,,""" 206,965.00 """,""" 503,737.00 """
409000897819',17-Feb-17,FDRL/INTERNAL FUND TRANSFE,,17-Feb-17,""" 424,321.00 """,,""" -157,715.00 """
409000257712',09-Nov-16,NEFT TRANSFER,,09-Nov-16,,""" 182,807.00 """,""" -826,152.00 """
409000220856',16-Feb-16,NEFT TRANSFER,,16-Feb-16,,""" 266,164.00 """,""" 1,608,268.00 """
409000139970',18-Feb-17,IMPS TRANSFER,,18-Feb-17,,""" 468,673.00 """,""" -325,863.00 """
409000251221',17-May-17,IMPS TRANSFER,,17-May-17,,""" 265,555.00 """,""" 22,372.00 """
409000583676',07-May-16,ATM WITHDRAWAL,,07-May-16,""" 121,307.00 """,,""" -878,549.00 """
409000271204',28-Nov-17,TRF FROM  Indiaforensic SERVICES,,28-Nov-17,,""" 254,072.00 """,""" 980,361.00 """
409000747720',10-Jun-16,ATM WITHDRAWAL,,10-Jun-16,""" 335,918.00 """,,""" 713,854.00 """
409000969252',20-Feb-16,IMPS TRANSFER,,20-Feb-16,,""" 31,694.00 """,""" 743,767.00 """
409000160462',04-May-16,TRF FROM  Indiaforensic SERVICES,,04-May-16,,""" 386,172.00 """,""" 1,787,162.00 """
409000509097',29-Nov-17,POS PURCHASE,,29-Nov-17,,""" 53,317.00 """,""" 427,031.00 """
409000952891',21-Jan-16,IMPS TRANSFER,,21-Jan-16,""" 77,464.00 """,,""" 182,472.00 """
409000936869',20-Jul-17,TRF FROM  Indiaforensic SERVICES,,20-Jul-17,,""" 287,656.00 """,""" 332,754.00 """
409000974947',31-May-17,TRF FROM  Indiaforensic SERVICES,,31-May-17,,""" 158,931.00 """,""" 1,391,720.00 """
409000308752',27-Oct-16,NEFT TRANSFER,,27-Oct-16,,""" 471,129.00 """,""" 409,857.00 """
409000197540',26-Jun-16,ATM WITHDRAWAL,,26-Jun-16,,""" 399,793.00 """,""" 1,003,399.00 """
409000203226',08-Oct-17,NEFT TRANSFER,,08-Oct-17,""" 278,348.00 """,,""" -59,021.00 """
409000808057',22-Jun-16,TRF FROM  Indiaforensic SERVICES,,22-Jun-16,""" 371,111.00 """,,""" -2,319,481.00 """
409000661072',21-Sep-16,POS PURCHASE,,21-Sep-16,""" 475,315.00 """,,""" 1,417,891.00 """
409000547793',06-Nov-17,IMPS TRANSFER,,06-Nov-17,,""" 159,668.00 """,""" 851,443.00 """
409000636341',20-Oct-17,NEFT TRANSFER,,20-Oct-17,""" 392,842.00 """,,""" 1,247,380.00 """
409000879598',03-Dec-17,IMPS TRANSFER,,03-Dec-17,""" 170,257.00 """,,""" -36,978.00 """
409000197814',25-Jul-16,TRF FROM  Indiaforensic SERVICES,,25-Jul-16,""" 316,982.00 """,,""" 949,910.00 """
409000682109',24-Mar-17,IMPS TRANSFER,,24-Mar-17,,""" 494,735.00 """,""" 2,253,287.00 """
409000444022',02-Dec-16,TRF FROM  Indiaforensic SERVICES,,02-Dec-16,""" 288,333.00 """,,""" 1,047,571.00 """
409000326234',18-Apr-17,ATM WITHDRAWAL,,18-Apr-17,""" 400,888.00 """,,""" 173,862.00 """
409000771650',02-Jan-16,ATM WITHDRAWAL,,02-Jan-16,""" 85,161.00 """,,""" -37,016.00 """
409000772264',23-Jun-17,TRF FROM  Indiaforensic SERVICES,,23-Jun-17,""" 387,932.00 """,,""" 598,823.00 """
409000257712',26-Jul-17,POS PURCHASE,,26-Jul-17,,""" 230,605.00 """,""" -595,547.00 """
409000124116',31-Jan-16,POS PURCHASE,,31-Jan-16,,""" 94,252.00 """,""" 1,704,797.00 """
409000772264',02-Oct-17,POS PURCHASE,,02-Oct-17,""" 221,377.00 """,,""" 377,446.00 """
409000332316',12-Sep-16,TRF FROM  Indiaforensic SERVICES,,12-Sep-16,,""" 151,513.00 """,""" -210,449.00 """
409000177276',05-Sep-17,IMPS TRANSFER,,05-Sep-17,,""" 285,864.00 """,""" -366,093.00 """
409000660205',08-Jun-17,FDRL/INTERNAL FUND TRANSFE,,08-Jun-17,,""" 388,411.00 """,""" 591,344.00 """
409000220856',30-Aug-17,TRF FROM  Indiaforensic SERVICES,,30-Aug-17,""" 303,278.00 """,,""" 1,304,990.00 """
409000748053',27-Dec-17,IMPS TRANSFER,,27-Dec-17,""" 70,087.00 """,,""" 471,920.00 """
409000953042',23-Feb-16,FDRL/INTERNAL FUND TRANSFE,,23-Feb-16,,""" 44,400.00 """,""" 541,183.00 """
409000815934',13-Mar-16,IMPS TRANSFER,,13-Mar-16,,""" 426,488.00 """,""" 2,081,938.00 """
409000320353',16-Sep-17,ATM WITHDRAWAL,,16-Sep-17,""" 79,892.00 """,,""" -113,257.00 """
409000974947',29-Jan-16,FDRL/INTERNAL FUND TRANSFE,,29-Jan-16,""" 321,431.00 """,,""" 1,070,289.00 """
409000590992',31-May-17,TRF FROM  Indiaforensic SERVICES,,31-May-17,,""" 388,540.00 """,""" 1,034,429.00 """
409000304900',02-Sep-16,TRF FROM  Indiaforensic SERVICES,,02-Sep-16,""" 366,151.00 """,,""" -648,056.00 """
409000714173',10-May-17,FDRL/INTERNAL FUND TRANSFE,,10-May-17,""" 411,130.00 """,,""" 529,135.00 """
409000952891',29-Mar-16,TRF FROM  Indiaforensic SERVICES,,29-Mar-16,""" 335,339.00 """,,""" -152,867.00 """
409000754740',01-Apr-17,NEFT TRANSFER,,01-Apr-17,""" 431,264.00 """,,""" 30,450.00 """
409000402246',29-Jun-17,POS PURCHASE,,29-Jun-17,""" 463,672.00 """,,""" 2,038,269.00 """
409000322448',20-May-17,TRF FROM  Indiaforensic SERVICES,,20-May-17,""" 174,447.00 """,,""" 224,146.00 """
409000998512',19-Dec-17,POS PURCHASE,,19-Dec-17,,""" 321,315.00 """,""" 517,726.00 """
409000161349',16-Nov-17,FDRL/INTERNAL FUND TRANSFE,,16-Nov-17,,""" 100,390.00 """,""" 1,130,460.00 """
409000267304',06-Feb-17,POS PURCHASE,,06-Feb-17,""" 281,824.00 """,,""" 122,307.00 """
409000277980',23-Dec-17,POS PURCHASE,,23-Dec-17,""" 289,203.00 """,,""" -1,283,629.00 """
409000405310',21-Feb-16,ATM WITHDRAWAL,,21-Feb-16,,""" 245,836.00 """,""" 1,815.00 """
409000985431',27-May-17,FDRL/INTERNAL FUND TRANSFE,,27-May-17,""" 28,073.00 """,,""" 92,705.00 """
409000685219',22-Feb-17,ATM WITHDRAWAL,,22-Feb-17,,""" 70,418.00 """,""" 1,760,344.00 """
409000494458',29-Nov-17,TRF FROM  Indiaforensic SERVICES,,29-Nov-17,,""" 139,397.00 """,""" 2,077,634.00 """
409000219567',24-Feb-16,TRF FROM  Indiaforensic SERVICES,,24-Feb-16,""" 50,429.00 """,,""" 730,332.00 """
409000251221',23-Feb-16,IMPS TRANSFER,,23-Feb-16,""" 99,229.00 """,,""" -76,857.00 """
409000553399',18-Apr-16,TRF FROM  Indiaforensic SERVICES,,18-Apr-16,""" 38,206.00 """,,""" 979,063.00 """
409000734739',09-Dec-17,POS PURCHASE,,09-Dec-17,""" 430,194.00 """,,""" 256,513.00 """
409000281811',12-May-17,NEFT TRANSFER,,12-May-17,""" 48,863.00 """,,""" -121,634.00 """
409000590992',24-Nov-16,IMPS TRANSFER,,24-Nov-16,,""" 362,059.00 """,""" 1,396,488.00 """
409000938249',05-Jun-16,POS PURCHASE,,05-Jun-16,,""" 418,233.00 """,""" 912,392.00 """
409000131038',25-Oct-17,NEFT TRANSFER,,25-Oct-17,""" 399,001.00 """,,""" 296,979.00 """
409000879598',24-Aug-17,TRF FROM  Indiaforensic SERVICES,,24-Aug-17,,""" 72,603.00 """,""" 35,625.00 """
409000872626',14-Oct-17,TRF FROM  Indiaforensic SERVICES,,14-Oct-17,,""" 311,083.00 """,""" 191,097.00 """
409000714173',29-Dec-17,IMPS TRANSFER,,29-Dec-17,""" 190,567.00 """,,""" 338,568.00 """
409000684481',18-Apr-17,FDRL/INTERNAL FUND TRANSFE,,18-Apr-17,""" 382,292.00 """,,""" 471,151.00 """
409000226012',30-Apr-16,FDRL/INTERNAL FUND TRANSFE,,30-Apr-16,,""" 294,637.00 """,""" 1,923,463.00 """
409000133390',07-Nov-17,ATM WITHDRAWAL,,07-Nov-17,""" 290,375.00 """,,""" 794,752.00 """
409000338678',22-Dec-16,NEFT TRANSFER,,22-Dec-16,""" 440,005.00 """,,""" -339,481.00 """
409000991571',01-Oct-16,NEFT TRANSFER,,01-Oct-16,""" 85,569.00 """,,""" 775,812.00 """
409000139970',02-Nov-17,ATM WITHDRAWAL,,02-Nov-17,,""" 454,302.00 """,""" 128,439.00 """
409000338678',06-Jan-16,IMPS TRANSFER,,06-Jan-16,,""" 142,426.00 """,""" -197,055.00 """
409000969514',12-Dec-16,NEFT TRANSFER,,12-Dec-16,,""" 291,880.00 """,""" -196,950.00 """
409000655411',01-Nov-17,ATM WITHDRAWAL,,01-Nov-17,""" 679.00 """,,""" 624,960.00 """
409000375642',14-Apr-17,NEFT TRANSFER,,14-Apr-17,,""" 402,840.00 """,""" -359,723.00 """
409000950568',11-Jun-16,TRF FROM  Indiaforensic SERVICES,,11-Jun-16,,""" 194,024.00 """,""" 355,663.00 """
409000139970',24-Oct-16,POS PURCHASE,,24-Oct-16,""" 350,644.00 """,,""" -222,205.00 """
409000694171',06-Jan-17,IMPS TRANSFER,,06-Jan-17,""" 9,767.00 """,,""" -319,751.00 """
409000375642',08-Jul-16,TRF FROM  Indiaforensic SERVICES,,08-Jul-16,""" 246,383.00 """,,""" -606,106.00 """
409000655411',01-Oct-17,POS PURCHASE,,01-Oct-17,""" 108,938.00 """,,""" 516,022.00 """
409000286442',15-Oct-16,ATM WITHDRAWAL,,15-Oct-16,,""" 174,138.00 """,""" -1,380,506.00 """
409000494458',24-Dec-17,FDRL/INTERNAL FUND TRANSFE,,24-Dec-17,,""" 473,093.00 """,""" 2,550,727.00 """
409000747968',24-Oct-17,POS PURCHASE,,24-Oct-17,""" 222,893.00 """,,""" -474,935.00 """
409000161349',09-Jan-17,TRF FROM  Indiaforensic SERVICES,,09-Jan-17,,""" 223,792.00 """,""" 1,354,252.00 """
409000930777',07-Dec-17,TRF FROM  Indiaforensic SERVICES,,07-Dec-17,,""" 401,509.00 """,""" 841,876.00 """
409000897819',30-Oct-16,POS PURCHASE,,30-Oct-16,,""" 176,791.00 """,""" 19,076.00 """
409000935285',11-Jul-17,POS PURCHASE,,11-Jul-17,,""" 424,609.00 """,""" -672,075.00 """
409000353617',04-Apr-16,NEFT TRANSFER,,04-Apr-16,,""" 462,632.00 """,""" 508,586.00 """
409000693356',18-Aug-16,NEFT TRANSFER,,18-Aug-16,""" 385,649.00 """,,""" -927,658.00 """
409000452520',25-Apr-16,IMPS TRANSFER,,25-Apr-16,,""" 29,031.00 """,""" 742,225.00 """
409000220856',15-Jan-17,TRF FROM  Indiaforensic SERVICES,,15-Jan-17,,""" 278,616.00 """,""" 1,583,606.00 """
409000277980',13-Jul-17,FDRL/INTERNAL FUND TRANSFE,,13-Jul-17,""" 369,058.00 """,,""" -1,652,687.00 """
409000397004',18-Aug-17,IMPS TRANSFER,,18-Aug-17,,""" 460,701.00 """,""" 1,556,799.00 """
409000969252',11-Jul-16,ATM WITHDRAWAL,,11-Jul-16,,""" 147,308.00 """,""" 891,075.00 """
409000326234',15-Jul-16,NEFT TRANSFER,,15-Jul-16,""" 164,855.00 """,,""" 9,007.00 """
409000473731',18-Jun-17,POS PURCHASE,,18-Jun-17,""" 32,790.00 """,,""" 567,284.00 """
409000968666',13-Jan-17,ATM WITHDRAWAL,,13-Jan-17,,""" 495,082.00 """,""" 2,132,414.00 """
409000950802',27-Nov-16,IMPS TRANSFER,,27-Nov-16,,""" 171,145.00 """,""" 2,015,289.00 """
409000565236',09-Jun-17,TRF FROM  Indiaforensic SERVICES,,09-Jun-17,""" 133,155.00 """,,""" 1,256,983.00 """
409000677702',30-Jul-16,FDRL/INTERNAL FUND TRANSFE,,30-Jul-16,,""" 274,362.00 """,""" 2,764,359.00 """
409000968666',24-May-17,IMPS TRANSFER,,24-May-17,""" 228,191.00 """,,""" 1,904,223.00 """
409000945930',22-Feb-17,POS PURCHASE,,22-Feb-17,""" 232,009.00 """,,""" 453,290.00 """
409000397004',12-Jan-16,NEFT TRANSFER,,12-Jan-16,""" 451,730.00 """,,""" 1,105,069.00 """
409000530053',10-Apr-17,POS PURCHASE,,10-Apr-17,,""" 470,665.00 """,""" 1,331,528.00 """
409000322448',06-Mar-17,FDRL/INTERNAL FUND TRANSFE,,06-Mar-17,,""" 283,629.00 """,""" 507,775.00 """
409000442391',29-Aug-17,ATM WITHDRAWAL,,29-Aug-17,,""" 450,636.00 """,""" 2,261,186.00 """
409000974947',12-Feb-16,TRF FROM  Indiaforensic SERVICES,,12-Feb-16,,""" 48,297.00 """,""" 1,118,586.00 """
409000397004',22-Feb-17,FDRL/INTERNAL FUND TRANSFE,,22-Feb-17,,""" 87,338.00 """,""" 1,192,407.00 """
409000950802',29-Dec-16,FDRL/INTERNAL FUND TRANSFE,,29-Dec-16,""" 31,180.00 """,,""" 1,984,109.00 """
409000969514',14-Dec-16,FDRL/INTERNAL FUND TRANSFE,,14-Dec-16,,""" 400,842.00 """,""" 203,892.00 """
409000750929',09-Jul-17,FDRL/INTERNAL FUND TRANSFE,,09-Jul-17,""" 312,944.00 """,,""" -65,435.00 """
409000619259',30-May-17,TRF FROM  Indiaforensic SERVICES,,30-May-17,""" 246,556.00 """,,""" 259,839.00 """
409000879598',16-Aug-16,NEFT TRANSFER,,16-Aug-16,""" 435,275.00 """,,""" -399,650.00 """
409000720631',10-Aug-17,POS PURCHASE,,10-Aug-17,,""" 84,404.00 """,""" 470,182.00 """
409000473731',22-Feb-17,POS PURCHASE,,22-Feb-17,,""" 299,098.00 """,""" 866,382.00 """
409000693356',08-Sep-17,POS PURCHASE,,08-Sep-17,,""" 125,197.00 """,""" -802,461.00 """
409000338678',12-Mar-17,ATM WITHDRAWAL,,12-Mar-17,,""" 261,797.00 """,""" 64,742.00 """
409000603011',28-Feb-16,IMPS TRANSFER,,28-Feb-16,,""" 290,168.00 """,""" 1,403,103.00 """
409000808057',17-Aug-16,FDRL/INTERNAL FUND TRANSFE,,17-Aug-16,""" 8,285.00 """,,""" -2,327,766.00 """
409000239127',22-Feb-16,FDRL/INTERNAL FUND TRANSFE,,22-Feb-16,,""" 183,902.00 """,""" 435,370.00 """
409000612576',23-Sep-17,FDRL/INTERNAL FUND TRANSFE,,23-Sep-17,,""" 165,347.00 """,""" 455,986.00 """
409000332316',03-May-17,ATM WITHDRAWAL,,03-May-17,""" 27,689.00 """,,""" -238,138.00 """
409000219567',29-Oct-17,POS PURCHASE,,29-Oct-17,,""" 387,491.00 """,""" 1,117,823.00 """
409000545992',06-Oct-16,FDRL/INTERNAL FUND TRANSFE,,06-Oct-16,""" 256,315.00 """,,""" 1,400,141.00 """
409000243381',16-Feb-17,FDRL/INTERNAL FUND TRANSFE,,16-Feb-17,""" 84,794.00 """,,""" 367,216.00 """
409000177276',25-Mar-17,POS PURCHASE,,25-Mar-17,""" 397,694.00 """,,""" -763,787.00 """
409000157380',06-Apr-16,ATM WITHDRAWAL,,06-Apr-16,,""" 377,982.00 """,""" 2,229,618.00 """
409000815934',30-Nov-16,TRF FROM  Indiaforensic SERVICES,,30-Nov-16,""" 219,958.00 """,,""" 1,861,980.00 """
409000592016',25-Dec-17,TRF FROM  Indiaforensic SERVICES,,25-Dec-17,""" 472,122.00 """,,""" 1,144,980.00 """
409000442391',12-Apr-17,ATM WITHDRAWAL,,12-Apr-17,,""" 98,590.00 """,""" 2,359,776.00 """
409000959133',11-Jan-17,FDRL/INTERNAL FUND TRANSFE,,11-Jan-17,""" 344,612.00 """,,""" 166,779.00 """
409000271204',14-Oct-17,NEFT TRANSFER,,14-Oct-17,,""" 402,336.00 """,""" 1,382,697.00 """
409000677702',15-Mar-17,TRF FROM  Indiaforensic SERVICES,,15-Mar-17,""" 307,847.00 """,,""" 2,456,512.00 """
409000815056',07-Apr-17,TRF FROM  Indiaforensic SERVICES,,07-Apr-17,,""" 308,670.00 """,""" 518,548.00 """
409000195344',24-Nov-17,POS PURCHASE,,24-Nov-17,,""" 463,484.00 """,""" 967,221.00 """
409000375642',16-Aug-16,POS PURCHASE,,16-Aug-16,,""" 350,232.00 """,""" -255,874.00 """
409000590992',25-Apr-17,IMPS TRANSFER,,25-Apr-17,""" 352,332.00 """,,""" 1,044,156.00 """
409000466987',12-Apr-17,ATM WITHDRAWAL,,12-Apr-17,,""" 40,675.00 """,""" -290,193.00 """
409000585607',26-Aug-17,TRF FROM  Indiaforensic SERVICES,,26-Aug-17,""" 384,163.00 """,,""" 1,229,842.00 """
409000239127',15-Apr-16,IMPS TRANSFER,,15-Apr-16,""" 411,961.00 """,,""" 23,409.00 """
409000452520',24-Nov-17,ATM WITHDRAWAL,,24-Nov-17,""" 411,406.00 """,,""" 330,819.00 """
409000272332',20-Mar-17,IMPS TRANSFER,,20-Mar-17,,""" 169,209.00 """,""" 1,803,527.00 """
409000825195',28-Sep-16,IMPS TRANSFER,,28-Sep-16,""" 156,620.00 """,,""" 1,169,878.00 """
409000100196',13-Sep-17,POS PURCHASE,,13-Sep-17,""" 249,558.00 """,,""" -336,456.00 """
409000793776',14-Dec-17,TRF FROM  Indiaforensic SERVICES,,14-Dec-17,""" 200,463.00 """,,""" 709,601.00 """
409000907892',20-Sep-17,POS PURCHASE,,20-Sep-17,""" 367,647.00 """,,""" 277,325.00 """
409000953042',12-Apr-16,ATM WITHDRAWAL,,12-Apr-16,,""" 72,054.00 """,""" 613,237.00 """
409000557336',31-Oct-16,POS PURCHASE,,31-Oct-16,,""" 452,104.00 """,""" 1,418,527.00 """
409000267304',12-Jan-16,NEFT TRANSFER,,12-Jan-16,,""" 274,323.00 """,""" 396,630.00 """
409000565236',08-Aug-17,IMPS TRANSFER,,08-Aug-17,,""" 142,107.00 """,""" 1,399,090.00 """
409000831704',16-Jun-16,TRF FROM  Indiaforensic SERVICES,,16-Jun-16,""" 129,491.00 """,,""" 278,110.00 """
409000914209',30-Sep-17,TRF FROM  Indiaforensic SERVICES,,30-Sep-17,,""" 374,883.00 """,""" -89,548.00 """
409000619259',19-Sep-16,POS PURCHASE,,19-Sep-16,""" 270,721.00 """,,""" -10,882.00 """
409000747968',10-May-17,ATM WITHDRAWAL,,10-May-17,""" 374,891.00 """,,""" -849,826.00 """
409000639253',16-Oct-16,ATM WITHDRAWAL,,16-Oct-16,,""" 299,610.00 """,""" -604,235.00 """
409000936869',20-Aug-17,FDRL/INTERNAL FUND TRANSFE,,20-Aug-17,""" 328,336.00 """,,""" 4,418.00 """
409000135650',21-Jul-17,FDRL/INTERNAL FUND TRANSFE,,21-Jul-17,,""" 354,459.00 """,""" 769,122.00 """
409000161349',18-Sep-16,ATM WITHDRAWAL,,18-Sep-16,""" 1,081.00 """,,""" 1,353,171.00 """
409000177276',18-Dec-16,TRF FROM  Indiaforensic SERVICES,,18-Dec-16,,""" 146,721.00 """,""" -617,066.00 """
409000547793',07-Dec-17,FDRL/INTERNAL FUND TRANSFE,,07-Dec-17,""" 311,481.00 """,,""" 539,962.00 """
409000140684',17-May-17,POS PURCHASE,,17-May-17,,""" 414,262.00 """,""" 1,263,423.00 """
409000635340',16-May-17,TRF FROM  Indiaforensic SERVICES,,16-May-17,""" 113,078.00 """,,""" 723,013.00 """
409000805120',02-Apr-17,POS PURCHASE,,02-Apr-17,,""" 31,341.00 """,""" 907,069.00 """
409000754740',13-Dec-17,POS PURCHASE,,13-Dec-17,,""" 271,414.00 """,""" 301,864.00 """
409000132496',03-Apr-17,ATM WITHDRAWAL,,03-Apr-17,""" 45,976.00 """,,""" 693,654.00 """
409000353617',30-Dec-16,FDRL/INTERNAL FUND TRANSFE,,30-Dec-16,,""" 414,653.00 """,""" 923,239.00 """
409000157380',29-Aug-16,NEFT TRANSFER,,29-Aug-16,""" 218,599.00 """,,""" 2,011,019.00 """
409000677702',13-Nov-17,ATM WITHDRAWAL,,13-Nov-17,""" 65,419.00 """,,""" 2,391,093.00 """
409000326234',05-Feb-16,ATM WITHDRAWAL,,05-Feb-16,,""" 182,499.00 """,""" 191,506.00 """
409000592016',19-Mar-17,POS PURCHASE,,19-Mar-17,,""" 91,564.00 """,""" 1,236,544.00 """
409000808057',08-Jul-17,NEFT TRANSFER,,08-Jul-17,""" 385,120.00 """,,""" -2,712,886.00 """
409000157380',08-Apr-16,POS PURCHASE,,08-Apr-16,,""" 258,811.00 """,""" 2,269,830.00 """
409000734739',18-Mar-17,IMPS TRANSFER,,18-Mar-17,,""" 415,644.00 """,""" 672,157.00 """
409000930777',10-Sep-17,FDRL/INTERNAL FUND TRANSFE,,10-Sep-17,,""" 59,224.00 """,""" 901,100.00 """
409000404291',08-Nov-17,POS PURCHASE,,08-Nov-17,,""" 112,774.00 """,""" 452,661.00 """
409000397004',17-Sep-16,ATM WITHDRAWAL,,17-Sep-16,""" 452,191.00 """,,""" 740,216.00 """
409000553399',24-Mar-16,ATM WITHDRAWAL,,24-Mar-16,,""" 146,452.00 """,""" 1,125,515.00 """
409000509097',05-Jun-16,NEFT TRANSFER,,05-Jun-16,""" 401,780.00 """,,""" 25,251.00 """
409000914209',16-Sep-17,FDRL/INTERNAL FUND TRANSFE,,16-Sep-17,,""" 40,064.00 """,""" -49,484.00 """
409000180124',23-Feb-17,POS PURCHASE,,23-Feb-17,,""" 78,391.00 """,""" 450,715.00 """
409000101240',09-Sep-16,TRF FROM  Indiaforensic SERVICES,,09-Sep-16,""" 171,509.00 """,,""" 138,976.00 """
409000950802',23-Sep-16,TRF FROM  Indiaforensic SERVICES,,23-Sep-16,""" 174,519.00 """,,""" 1,809,590.00 """
409000124116',04-Oct-16,POS PURCHASE,,04-Oct-16,,""" 175,815.00 """,""" 1,880,612.00 """
409000332316',15-Dec-16,TRF FROM  Indiaforensic SERVICES,,15-Dec-16,,""" 368,980.00 """,""" 130,842.00 """
409000892124',19-Sep-17,TRF FROM  Indiaforensic SERVICES,,19-Sep-17,""" 231,220.00 """,,""" 23,352.00 """
409000375642',17-Dec-17,TRF FROM  Indiaforensic SERVICES,,17-Dec-17,,""" 440,891.00 """,""" 185,017.00 """
409000858950',19-Oct-16,IMPS TRANSFER,,19-Oct-16,""" 245,763.00 """,,""" 557,413.00 """
409000502720',20-Feb-17,NEFT TRANSFER,,20-Feb-17,,""" 307,410.00 """,""" 3,064,218.00 """
409000404291',06-Jul-16,TRF FROM  Indiaforensic SERVICES,,06-Jul-16,""" 69,618.00 """,,""" 383,043.00 """
409000509097',12-Nov-17,POS PURCHASE,,12-Nov-17,,""" 275,697.00 """,""" 300,948.00 """
409000105440',16-Jan-16,FDRL/INTERNAL FUND TRANSFE,,16-Jan-16,""" 387,503.00 """,,""" 236,412.00 """
409000815056',16-Nov-16,NEFT TRANSFER,,16-Nov-16,,""" 455,561.00 """,""" 974,109.00 """
409000754213',07-May-16,TRF FROM  Indiaforensic SERVICES,,07-May-16,""" 407,519.00 """,,""" -281,035.00 """
409000375824',25-Oct-17,IMPS TRANSFER,,25-Oct-17,""" 448,235.00 """,,""" 213,484.00 """
409000257712',28-Oct-17,IMPS TRANSFER,,28-Oct-17,""" 185,179.00 """,,""" -780,726.00 """
409000693356',05-Oct-16,ATM WITHDRAWAL,,05-Oct-16,,""" 139,881.00 """,""" -662,580.00 """
409000914209',05-Mar-16,POS PURCHASE,,05-Mar-16,,""" 475,461.00 """,""" 425,977.00 """
409000339352',06-May-16,TRF FROM  Indiaforensic SERVICES,,06-May-16,,""" 479,024.00 """,""" 1,299,774.00 """
409000747720',21-Oct-16,POS PURCHASE,,21-Oct-16,""" 98,621.00 """,,""" 615,233.00 """
409000267304',29-Mar-16,POS PURCHASE,,29-Mar-16,""" 101,542.00 """,,""" 295,088.00 """
409000444431',29-May-16,POS PURCHASE,,29-May-16,""" 52,566.00 """,,""" -1,020,767.00 """
409000858950',18-Nov-17,NEFT TRANSFER,,18-Nov-17,,""" 467,096.00 """,""" 1,024,509.00 """
409000326234',13-May-17,POS PURCHASE,,13-May-17,""" 211,388.00 """,,""" -19,882.00 """
409000720631',30-Jan-16,POS PURCHASE,,30-Jan-16,""" 172,479.00 """,,""" 297,703.00 """
409000226012',18-Nov-16,TRF FROM  Indiaforensic SERVICES,,18-Nov-16,""" 421,170.00 """,,""" 1,502,293.00 """
409000805120',28-Dec-17,TRF FROM  Indiaforensic SERVICES,,28-Dec-17,,""" 157,081.00 """,""" 1,064,150.00 """
409000281811',28-Nov-16,NEFT TRANSFER,,28-Nov-16,,""" 74,163.00 """,""" -47,471.00 """
409000677702',07-Dec-16,TRF FROM  Indiaforensic SERVICES,,07-Dec-16,""" 313,739.00 """,,""" 2,077,354.00 """
409000437062',05-Feb-17,POS PURCHASE,,05-Feb-17,""" 133,693.00 """,,""" -841,235.00 """
409000816639',15-Nov-17,IMPS TRANSFER,,15-Nov-17,""" 195,702.00 """,,""" -1,616,866.00 """
409000635937',06-Dec-17,FDRL/INTERNAL FUND TRANSFE,,06-Dec-17,,""" 9,330.00 """,""" -494,104.00 """
409000635340',28-Apr-17,NEFT TRANSFER,,28-Apr-17,""" 451,690.00 """,,""" 271,323.00 """
409000500535',08-Apr-17,POS PURCHASE,,08-Apr-17,,""" 106,157.00 """,""" -22,645.00 """
409000444431',21-Nov-16,FDRL/INTERNAL FUND TRANSFE,,21-Nov-16,""" 119,492.00 """,,""" -1,140,259.00 """
409000969514',06-Dec-17,TRF FROM  Indiaforensic SERVICES,,06-Dec-17,,""" 247,998.00 """,""" 451,890.00 """
409000655411',31-Mar-16,FDRL/INTERNAL FUND TRANSFE,,31-Mar-16,""" 398,493.00 """,,""" 117,529.00 """
409000747968',07-Feb-16,ATM WITHDRAWAL,,07-Feb-16,""" 323,881.00 """,,""" -1,173,707.00 """
409000737708',22-Feb-17,FDRL/INTERNAL FUND TRANSFE,,22-Feb-17,,""" 202,972.00 """,""" 1,629,044.00 """
409000998512',17-Sep-16,FDRL/INTERNAL FUND TRANSFE,,17-Sep-16,""" 148,425.00 """,,""" 369,301.00 """
409000808057',18-May-16,POS PURCHASE,,18-May-16,""" 33,866.00 """,,""" -2,746,752.00 """
409000112710',02-Jan-17,FDRL/INTERNAL FUND TRANSFE,,02-Jan-17,""" 33,481.00 """,,""" 2,115,939.00 """
409000381613',29-Dec-17,FDRL/INTERNAL FUND TRANSFE,,29-Dec-17,,""" 54,156.00 """,""" 2,165,614.00 """
409000442391',07-Jul-16,IMPS TRANSFER,,07-Jul-16,,""" 371,991.00 """,""" 2,731,767.00 """
409000530053',23-Feb-16,NEFT TRANSFER,,23-Feb-16,,""" 26,164.00 """,""" 1,357,692.00 """
409000444022',12-Aug-16,FDRL/INTERNAL FUND TRANSFE,,12-Aug-16,,""" 370,218.00 """,""" 1,417,789.00 """
409000685219',02-Apr-17,ATM WITHDRAWAL,,02-Apr-17,,""" 154,562.00 """,""" 1,914,906.00 """
409000272332',02-Oct-17,POS PURCHASE,,02-Oct-17,,""" 28,478.00 """,""" 1,832,005.00 """
409000961474',14-Feb-16,ATM WITHDRAWAL,,14-Feb-16,""" 122,658.00 """,,""" 968,280.00 """
409000952891',02-Oct-17,IMPS TRANSFER,,02-Oct-17,,""" 496,108.00 """,""" 343,241.00 """
409000974947',17-Dec-16,ATM WITHDRAWAL,,17-Dec-16,,""" 424,110.00 """,""" 1,542,696.00 """
409000105440',07-Aug-17,ATM WITHDRAWAL,,07-Aug-17,""" 313,298.00 """,,""" -76,886.00 """
409000583676',18-Aug-17,FDRL/INTERNAL FUND TRANSFE,,18-Aug-17,,""" 125,915.00 """,""" -752,634.00 """
409000991571',28-Jan-17,FDRL/INTERNAL FUND TRANSFE,,28-Jan-17,""" 194,161.00 """,,""" 581,651.00 """
409000661072',05-Jun-16,IMPS TRANSFER,,05-Jun-16,,""" 449,257.00 """,""" 1,867,148.00 """
409000772264',17-Jun-17,IMPS TRANSFER,,17-Jun-17,""" 275,571.00 """,,""" 101,875.00 """
409000323528',13-Feb-17,POS PURCHASE,,13-Feb-17,,""" 148,125.00 """,""" 116,745.00 """
409000945930',19-Dec-17,ATM WITHDRAWAL,,19-Dec-17,,""" 146,789.00 """,""" 600,079.00 """
409000952891',22-Sep-17,NEFT TRANSFER,,22-Sep-17,""" 160,897.00 """,,""" 182,344.00 """
409000130217',06-Feb-17,POS PURCHASE,,06-Feb-17,""" 395,753.00 """,,""" -1,330,128.00 """
409000140684',08-Dec-17,ATM WITHDRAWAL,,08-Dec-17,,""" 307,857.00 """,""" 1,571,280.00 """
409000737708',11-Aug-17,NEFT TRANSFER,,11-Aug-17,,""" 115,361.00 """,""" 1,744,405.00 """
409000267304',25-Jun-17,POS PURCHASE,,25-Jun-17,""" 159,297.00 """,,""" 135,791.00 """
409000957334',04-Nov-17,TRF FROM  Indiaforensic SERVICES,,04-Nov-17,,""" 341,290.00 """,""" 1,725,824.00 """
409000161349',01-Dec-16,ATM WITHDRAWAL,,01-Dec-16,,""" 171,027.00 """,""" 1,524,198.00 """
409000189919',14-Nov-17,FDRL/INTERNAL FUND TRANSFE,,14-Nov-17,""" 235,660.00 """,,""" 375,006.00 """
409000879020',24-Oct-16,POS PURCHASE,,24-Oct-16,""" 184,251.00 """,,""" 987,115.00 """
409000945930',06-Apr-17,ATM WITHDRAWAL,,06-Apr-17,""" 467,880.00 """,,""" 132,199.00 """
409000338678',18-Jul-16,TRF FROM  Indiaforensic SERVICES,,18-Jul-16,""" 481,229.00 """,,""" -416,487.00 """
409000530205',16-Jul-16,NEFT TRANSFER,,16-Jul-16,,""" 121,324.00 """,""" 806,328.00 """
409000105440',03-Jan-17,ATM WITHDRAWAL,,03-Jan-17,""" 205,565.00 """,,""" -282,451.00 """
409000793776',07-Jul-17,POS PURCHASE,,07-Jul-17,""" 282,499.00 """,,""" 427,102.00 """
409000985431',30-Sep-17,ATM WITHDRAWAL,,30-Sep-17,""" 1,588.00 """,,""" 91,117.00 """
409000659479',05-Jan-16,FDRL/INTERNAL FUND TRANSFE,,05-Jan-16,,""" 376,811.00 """,""" 842,137.00 """
409000907892',12-Feb-16,ATM WITHDRAWAL,,12-Feb-16,""" 196,718.00 """,,""" 80,607.00 """
409000808057',27-Nov-17,IMPS TRANSFER,,27-Nov-17,,""" 176,231.00 """,""" -2,570,521.00 """
409000684481',06-Dec-16,IMPS TRANSFER,,06-Dec-16,""" 72,385.00 """,,""" 398,766.00 """
409000878488',11-Apr-16,FDRL/INTERNAL FUND TRANSFE,,11-Apr-16,""" 35,853.00 """,,""" -139,386.00 """
409000547793',21-Mar-17,POS PURCHASE,,21-Mar-17,""" 418,682.00 """,,""" 121,280.00 """
409000737708',21-Sep-17,FDRL/INTERNAL FUND TRANSFE,,21-Sep-17,,""" 485,471.00 """,""" 2,229,876.00 """
409000734739',21-Jun-17,ATM WITHDRAWAL,,21-Jun-17,""" 124,709.00 """,,""" 547,448.00 """
409000470910',27-Apr-17,IMPS TRANSFER,,27-Apr-17,""" 412,056.00 """,,""" 1,158,626.00 """
409000655411',03-Apr-17,NEFT TRANSFER,,03-Apr-17,""" 458,794.00 """,,""" -341,265.00 """
409000112710',18-Oct-17,ATM WITHDRAWAL,,18-Oct-17,""" 351,369.00 """,,""" 1,764,570.00 """
409000267304',01-Jul-17,TRF FROM  Indiaforensic SERVICES,,01-Jul-17,""" 245,597.00 """,,""" -109,806.00 """
409000110491',21-Sep-16,TRF FROM  Indiaforensic SERVICES,,21-Sep-16,""" 121,580.00 """,,""" -707,583.00 """
409000807760',05-May-17,IMPS TRANSFER,,05-May-17,,""" 288,078.00 """,""" 2,279,154.00 """
409000885944',07-Dec-16,IMPS TRANSFER,,07-Dec-16,,""" 28,734.00 """,""" 576,343.00 """
409000203226',05-Mar-16,FDRL/INTERNAL FUND TRANSFE,,05-Mar-16,,""" 239,656.00 """,""" 180,635.00 """
409000961474',21-Mar-16,ATM WITHDRAWAL,,21-Mar-16,,""" 431,777.00 """,""" 1,400,057.00 """
409000677702',19-Dec-16,ATM WITHDRAWAL,,19-Dec-16,""" 55,140.00 """,,""" 2,022,214.00 """
409000612576',20-Jul-16,IMPS TRANSFER,,20-Jul-16,,""" 369,259.00 """,""" 825,245.00 """
409000583676',16-Feb-17,NEFT TRANSFER,,16-Feb-17,,""" 490,299.00 """,""" -262,335.00 """
409000139970',06-Jul-16,ATM WITHDRAWAL,,06-Jul-16,,""" 270,508.00 """,""" 48,303.00 """
409000808057',04-Jun-17,POS PURCHASE,,04-Jun-17,""" 115,042.00 """,,""" -2,685,563.00 """
409000772264',06-Jul-17,ATM WITHDRAWAL,,06-Jul-17,""" 322,500.00 """,,""" -220,625.00 """
409000754213',24-Apr-16,TRF FROM  Indiaforensic SERVICES,,24-Apr-16,,""" 182,245.00 """,""" -98,790.00 """
409000402246',11-Aug-17,POS PURCHASE,,11-Aug-17,,""" 327,236.00 """,""" 2,365,505.00 """
409000277980',21-Dec-17,FDRL/INTERNAL FUND TRANSFE,,21-Dec-17,""" 297,511.00 """,,""" -1,950,198.00 """
409000478491',12-Dec-16,FDRL/INTERNAL FUND TRANSFE,,12-Dec-16,""" 183,356.00 """,,""" 54,156.00 """
409000879598',21-Apr-16,ATM WITHDRAWAL,,21-Apr-16,,""" 418,672.00 """,""" 19,022.00 """
409000332316',14-May-16,ATM WITHDRAWAL,,14-May-16,""" 427,877.00 """,,""" -297,035.00 """
409000991571',23-Nov-17,IMPS TRANSFER,,23-Nov-17,,""" 404,007.00 """,""" 985,658.00 """
409000110491',01-Aug-17,ATM WITHDRAWAL,,01-Aug-17,,""" 45,698.00 """,""" -661,885.00 """
409000530205',06-Dec-17,TRF FROM  Indiaforensic SERVICES,,06-Dec-17,,""" 361,779.00 """,""" 1,168,107.00 """
409000771650',21-Oct-17,FDRL/INTERNAL FUND TRANSFE,,21-Oct-17,""" 97,036.00 """,,""" -134,052.00 """
409000473731',24-Jul-16,FDRL/INTERNAL FUND TRANSFE,,24-Jul-16,,""" 113,072.00 """,""" 979,454.00 """
409000442391',19-Aug-16,IMPS TRANSFER,,19-Aug-16,,""" 385,268.00 """,""" 3,117,035.00 """
409000660205',23-Feb-17,FDRL/INTERNAL FUND TRANSFE,,23-Feb-17,""" 447,224.00 """,,""" 144,120.00 """
409000968666',10-Jun-16,ATM WITHDRAWAL,,10-Jun-16,,""" 62,988.00 """,""" 1,967,211.00 """
409000944848',25-Oct-17,POS PURCHASE,,25-Oct-17,""" 141,255.00 """,,""" -953,037.00 """
409000470910',08-Jun-16,IMPS TRANSFER,,08-Jun-16,,""" 44,653.00 """,""" 1,203,279.00 """
409000369346',27-Jan-17,ATM WITHDRAWAL,,27-Jan-17,""" 116,090.00 """,,""" 1,540,238.00 """
409000132496',19-Apr-17,TRF FROM  Indiaforensic SERVICES,,19-Apr-17,,""" 77,748.00 """,""" 771,402.00 """
409000254468',28-Dec-16,FDRL/INTERNAL FUND TRANSFE,,28-Dec-16,,""" 448,478.00 """,""" 670,158.00 """
409000182803',18-Apr-16,TRF FROM  Indiaforensic SERVICES,,18-Apr-16,,""" 274,073.00 """,""" 2,023,984.00 """
409000815934',01-Feb-16,TRF FROM  Indiaforensic SERVICES,,01-Feb-16,,""" 178,929.00 """,""" 2,040,909.00 """
409000239127',28-Sep-17,ATM WITHDRAWAL,,28-Sep-17,,""" 389,577.00 """,""" 412,986.00 """
409000219567',13-Mar-17,ATM WITHDRAWAL,,13-Mar-17,""" 369,080.00 """,,""" 748,743.00 """
409000825195',25-Jan-17,IMPS TRANSFER,,25-Jan-17,,""" 351,010.00 """,""" 1,520,888.00 """
409000658705',19-Jun-16,FDRL/INTERNAL FUND TRANSFE,,19-Jun-16,,""" 318,248.00 """,""" 2,146,979.00 """
409000677702',16-Oct-17,IMPS TRANSFER,,16-Oct-17,,""" 401,871.00 """,""" 2,424,085.00 """
409000139970',11-Jun-17,NEFT TRANSFER,,11-Jun-17,""" 482,802.00 """,,""" -434,499.00 """
409000878488',06-Jan-17,IMPS TRANSFER,,06-Jan-17,""" 210,862.00 """,,""" -350,248.00 """
409000112490',18-Nov-16,IMPS TRANSFER,,18-Nov-16,,""" 456,737.00 """,""" -34,560.00 """
409000160462',03-Mar-16,ATM WITHDRAWAL,,03-Mar-16,,""" 443,403.00 """,""" 2,230,565.00 """
409000565236',18-Nov-17,TRF FROM  Indiaforensic SERVICES,,18-Nov-17,""" 492,635.00 """,,""" 906,455.00 """
409000639253',28-Jun-17,FDRL/INTERNAL FUND TRANSFE,,28-Jun-17,,""" 3,464.00 """,""" -600,771.00 """
409000219567',01-Sep-16,IMPS TRANSFER,,01-Sep-16,,""" 337,195.00 """,""" 1,085,938.00 """
409000793776',10-Sep-17,NEFT TRANSFER,,10-Sep-17,""" 166,333.00 """,,""" 260,769.00 """
409000941296',03-Jul-16,NEFT TRANSFER,,03-Jul-16,""" 142,416.00 """,,""" 756,310.00 """
409000332316',07-Oct-16,POS PURCHASE,,07-Oct-16,""" 230,220.00 """,,""" -527,255.00 """
409000452520',22-Dec-17,ATM WITHDRAWAL,,22-Dec-17,,""" 372,789.00 """,""" 703,608.00 """
409000182803',21-Oct-16,NEFT TRANSFER,,21-Oct-16,""" 256,715.00 """,,""" 1,767,269.00 """
409000444022',05-Jan-16,NEFT TRANSFER,,05-Jan-16,,""" 141,754.00 """,""" 1,559,543.00 """
409000530053',04-Nov-16,ATM WITHDRAWAL,,04-Nov-16,""" 243,257.00 """,,""" 1,114,435.00 """
409000263631',20-Sep-17,POS PURCHASE,,20-Sep-17,,""" 373,518.00 """,""" 2,586,535.00 """
409000617980',02-Dec-17,IMPS TRANSFER,,02-Dec-17,""" 404,718.00 """,,""" 113,666.00 """
409000748053',01-Sep-17,IMPS TRANSFER,,01-Sep-17,,""" 35,977.00 """,""" 507,897.00 """
409000566372',10-May-16,ATM WITHDRAWAL,,10-May-16,,""" 18,277.00 """,""" 854,932.00 """
409000959133',11-Mar-16,TRF FROM  Indiaforensic SERVICES,,11-Mar-16,,""" 379,195.00 """,""" 545,974.00 """
409000879598',14-Aug-16,POS PURCHASE,,14-Aug-16,""" 393,723.00 """,,""" -374,701.00 """
409000547793',11-Sep-17,POS PURCHASE,,11-Sep-17,,""" 116,933.00 """,""" 238,213.00 """
409000612576',31-Jul-17,NEFT TRANSFER,,31-Jul-17,""" 165,596.00 """,,""" 659,649.00 """
409000656583',25-Aug-17,NEFT TRANSFER,,25-Aug-17,,""" 177,576.00 """,""" 487,195.00 """
409000286442',27-Feb-16,IMPS TRANSFER,,27-Feb-16,,""" 157,771.00 """,""" -1,222,735.00 """
409000878488',03-Apr-17,ATM WITHDRAWAL,,03-Apr-17,""" 137,657.00 """,,""" -487,905.00 """
409000831495',07-Oct-17,POS PURCHASE,,07-Oct-17,,""" 72,145.00 """,""" 66,595.00 """
409000369346',30-May-16,POS PURCHASE,,30-May-16,,""" 203,831.00 """,""" 1,744,069.00 """
409000358006',23-Dec-17,FDRL/INTERNAL FUND TRANSFE,,23-Dec-17,,""" 391,688.00 """,""" 2,185,256.00 """
409000933271',10-Jul-17,IMPS TRANSFER,,10-Jul-17,,""" 487,292.00 """,""" -302,150.00 """
409000684481',20-Feb-17,ATM WITHDRAWAL,,20-Feb-17,,""" 318,346.00 """,""" 717,112.00 """
409000944848',16-Nov-17,ATM WITHDRAWAL,,16-Nov-17,,""" 475,692.00 """,""" -477,345.00 """
409000720631',11-May-16,ATM WITHDRAWAL,,11-May-16,,""" 122,434.00 """,""" 420,137.00 """
409000985431',02-May-16,ATM WITHDRAWAL,,02-May-16,,""" 128,671.00 """,""" 219,788.00 """
409000272332',18-Jul-16,TRF FROM  Indiaforensic SERVICES,,18-Jul-16,,""" 494,604.00 """,""" 2,326,609.00 """
409000586455',04-Jul-17,FDRL/INTERNAL FUND TRANSFE,,04-Jul-17,""" 61,676.00 """,,""" -778,718.00 """
409000941296',22-Feb-16,NEFT TRANSFER,,22-Feb-16,""" 94,602.00 """,,""" 661,708.00 """
409000754740',07-Nov-16,ATM WITHDRAWAL,,07-Nov-16,""" 463,540.00 """,,""" -161,676.00 """
409000673061',13-Jun-16,TRF FROM  Indiaforensic SERVICES,,13-Jun-16,,""" 31,539.00 """,""" 2,559,652.00 """
409000224429',23-Dec-17,IMPS TRANSFER,,23-Dec-17,,""" 250,462.00 """,""" 3,008,643.00 """
409000553399',26-Jun-17,ATM WITHDRAWAL,,26-Jun-17,,""" 381,035.00 """,""" 1,506,550.00 """
409000831704',16-Nov-16,NEFT TRANSFER,,16-Nov-16,""" 367,677.00 """,,""" -89,567.00 """
409000323528',05-May-17,NEFT TRANSFER,,05-May-17,""" 415,979.00 """,,""" -299,234.00 """
409000133390',07-Apr-17,FDRL/INTERNAL FUND TRANSFE,,07-Apr-17,""" 395,657.00 """,,""" 399,095.00 """
409000180124',17-Oct-16,IMPS TRANSFER,,17-Oct-16,""" 330,193.00 """,,""" 120,522.00 """
409000730439',27-Apr-16,IMPS TRANSFER,,27-Apr-16,,""" 353,122.00 """,""" 387,811.00 """
409000267304',13-Sep-16,TRF FROM  Indiaforensic SERVICES,,13-Sep-16,,""" 397,913.00 """,""" 288,107.00 """
409000575316',29-Nov-17,POS PURCHASE,,29-Nov-17,,""" 288,369.00 """,""" 2,032,616.00 """
409000117598',29-Feb-16,NEFT TRANSFER,,29-Feb-16,""" 238,341.00 """,,""" -928,791.00 """
409000583676',27-Oct-17,FDRL/INTERNAL FUND TRANSFE,,27-Oct-17,""" 223,526.00 """,,""" -485,861.00 """
409000884895',16-Aug-17,IMPS TRANSFER,,16-Aug-17,,""" 464,611.00 """,""" 2,664,788.00 """
409000267304',11-Oct-16,IMPS TRANSFER,,11-Oct-16,""" 421,853.00 """,,""" -133,746.00 """
409000381613',27-Mar-17,ATM WITHDRAWAL,,27-Mar-17,,""" 356,081.00 """,""" 2,521,695.00 """
409000915343',25-May-16,FDRL/INTERNAL FUND TRANSFE,,25-May-16,,""" 64,015.00 """,""" 617,663.00 """
409000316747',07-Jan-17,NEFT TRANSFER,,07-Jan-17,,""" 118,302.00 """,""" -196,589.00 """
409000452520',29-May-17,NEFT TRANSFER,,29-May-17,""" 109,661.00 """,,""" 593,947.00 """
409000502720',15-Jan-16,FDRL/INTERNAL FUND TRANSFE,,15-Jan-16,""" 212,894.00 """,,""" 2,851,324.00 """
409000985431',30-Oct-17,FDRL/INTERNAL FUND TRANSFE,,30-Oct-17,,""" 426,707.00 """,""" 646,495.00 """
409000381613',31-Jan-16,TRF FROM  Indiaforensic SERVICES,,31-Jan-16,""" 63,668.00 """,,""" 2,458,027.00 """
409000872626',18-Sep-16,POS PURCHASE,,18-Sep-16,,""" 375,240.00 """,""" 566,337.00 """
409000444022',08-Sep-17,POS PURCHASE,,08-Sep-17,,""" 398,310.00 """,""" 1,957,853.00 """
409000612815',08-Nov-16,FDRL/INTERNAL FUND TRANSFE,,08-Nov-16,""" 63,090.00 """,,""" 662,626.00 """
409000323528',31-Aug-16,IMPS TRANSFER,,31-Aug-16,,""" 85,747.00 """,""" -213,487.00 """
409000636341',05-Nov-16,TRF FROM  Indiaforensic SERVICES,,05-Nov-16,""" 145,488.00 """,,""" 1,101,892.00 """
409000771650',26-Nov-17,TRF FROM  Indiaforensic SERVICES,,26-Nov-17,""" 248,094.00 """,,""" -382,146.00 """
409000820802',16-Oct-17,IMPS TRANSFER,,16-Oct-17,,""" 369,351.00 """,""" -692,117.00 """
409000658705',11-Oct-17,ATM WITHDRAWAL,,11-Oct-17,,""" 157,048.00 """,""" 2,304,027.00 """
409000845049',11-Oct-17,TRF FROM  Indiaforensic SERVICES,,11-Oct-17,""" 54,390.00 """,,""" 921,607.00 """
409000985312',20-Dec-17,TRF FROM  Indiaforensic SERVICES,,20-Dec-17,""" 482,034.00 """,,""" -2,524,995.00 """
409000656583',01-Nov-16,ATM WITHDRAWAL,,01-Nov-16,""" 346,177.00 """,,""" 141,018.00 """
409000748053',19-Sep-16,TRF FROM  Indiaforensic SERVICES,,19-Sep-16,,""" 401,267.00 """,""" 909,164.00 """
409000807760',27-Sep-17,NEFT TRANSFER,,27-Sep-17,""" 33,421.00 """,,""" 2,245,733.00 """
409000177276',13-Mar-17,TRF FROM  Indiaforensic SERVICES,,13-Mar-17,,""" 242,928.00 """,""" -374,138.00 """
409000117598',09-Feb-16,ATM WITHDRAWAL,,09-Feb-16,,""" 323,255.00 """,""" -605,536.00 """
409000444022',13-Sep-17,ATM WITHDRAWAL,,13-Sep-17,""" 130,778.00 """,,""" 1,827,075.00 """
409000473731',28-Dec-16,IMPS TRANSFER,,28-Dec-16,""" 315,636.00 """,,""" 663,818.00 """
409000619259',29-Nov-16,TRF FROM  Indiaforensic SERVICES,,29-Nov-16,""" 269,052.00 """,,""" -279,934.00 """
409000442391',16-Nov-17,TRF FROM  Indiaforensic SERVICES,,16-Nov-17,""" 311,824.00 """,,""" 2,805,211.00 """
409000816639',08-Aug-17,TRF FROM  Indiaforensic SERVICES,,08-Aug-17,""" 297,251.00 """,,""" -1,914,117.00 """
409000969514',09-May-17,TRF FROM  Indiaforensic SERVICES,,09-May-17,""" 406,297.00 """,,""" 45,593.00 """
409000831704',29-Mar-17,TRF FROM  Indiaforensic SERVICES,,29-Mar-17,,""" 412,741.00 """,""" 323,174.00 """
409000656583',23-Jul-16,FDRL/INTERNAL FUND TRANSFE,,23-Jul-16,,""" 490,963.00 """,""" 631,981.00 """
409000969252',16-Dec-16,FDRL/INTERNAL FUND TRANSFE,,16-Dec-16,""" 313,894.00 """,,""" 577,181.00 """
409000332316',30-Apr-17,POS PURCHASE,,30-Apr-17,,""" 318,844.00 """,""" -208,411.00 """
409000211244',21-Jan-17,FDRL/INTERNAL FUND TRANSFE,,21-Jan-17,""" 85,738.00 """,,""" 939,836.00 """
409000164947',30-Mar-16,NEFT TRANSFER,,30-Mar-16,""" 375,352.00 """,,""" -1,397,946.00 """
409000263631',04-Jan-17,TRF FROM  Indiaforensic SERVICES,,04-Jan-17,""" 222,842.00 """,,""" 2,363,693.00 """
409000110491',14-Feb-17,POS PURCHASE,,14-Feb-17,""" 103,859.00 """,,""" -765,744.00 """
409000658705',31-Oct-17,ATM WITHDRAWAL,,31-Oct-17,,""" 337,727.00 """,""" 2,641,754.00 """
409000660205',04-Feb-17,NEFT TRANSFER,,04-Feb-17,,""" 133,978.00 """,""" 278,098.00 """
409000444431',09-Dec-17,NEFT TRANSFER,,09-Dec-17,,""" 343,359.00 """,""" -796,900.00 """
409000953042',26-Feb-16,IMPS TRANSFER,,26-Feb-16,,""" 234,905.00 """,""" 848,142.00 """
409000952891',10-Jul-16,FDRL/INTERNAL FUND TRANSFE,,10-Jul-16,""" 339,849.00 """,,""" -157,505.00 """
409000322448',25-Nov-16,POS PURCHASE,,25-Nov-16,""" 443,650.00 """,,""" 64,125.00 """
409000969252',16-Sep-17,TRF FROM  Indiaforensic SERVICES,,16-Sep-17,""" 244,552.00 """,,""" 332,629.00 """
409000402246',18-Jul-16,TRF FROM  Indiaforensic SERVICES,,18-Jul-16,""" 155,367.00 """,,""" 2,210,138.00 """
409000639253',25-Mar-17,FDRL/INTERNAL FUND TRANSFE,,25-Mar-17,,""" 215,903.00 """,""" -384,868.00 """
409000957334',04-Sep-16,IMPS TRANSFER,,04-Sep-16,,""" 336,793.00 """,""" 2,062,617.00 """
409000545992',29-Nov-16,FDRL/INTERNAL FUND TRANSFE,,29-Nov-16,""" 174,627.00 """,,""" 1,225,514.00 """
409000747968',02-Oct-17,ATM WITHDRAWAL,,02-Oct-17,,""" 491,675.00 """,""" -682,032.00 """
409000404291',12-Dec-17,NEFT TRANSFER,,12-Dec-17,,""" 186,140.00 """,""" 569,183.00 """
409000332316',04-Mar-17,NEFT TRANSFER,,04-Mar-17,,""" 264,422.00 """,""" 56,011.00 """
409000747720',20-Apr-16,POS PURCHASE,,20-Apr-16,,""" 235,826.00 """,""" 851,059.00 """
409000254468',09-Jun-17,POS PURCHASE,,09-Jun-17,,""" 479,103.00 """,""" 1,149,261.00 """
409000286442',26-Sep-17,POS PURCHASE,,26-Sep-17,,""" 162,064.00 """,""" -1,060,671.00 """
409000612815',04-Jun-17,TRF FROM  Indiaforensic SERVICES,,04-Jun-17,""" 102,402.00 """,,""" 560,224.00 """
409000105440',02-Mar-17,ATM WITHDRAWAL,,02-Mar-17,""" 344,094.00 """,,""" -626,545.00 """
409000112490',04-Jun-17,IMPS TRANSFER,,04-Jun-17,""" 446,570.00 """,,""" -481,130.00 """
409000267304',17-Oct-17,FDRL/INTERNAL FUND TRANSFE,,17-Oct-17,,""" 2,022.00 """,""" -131,724.00 """
409000831495',08-Dec-17,IMPS TRANSFER,,08-Dec-17,""" 185,851.00 """,,""" -119,256.00 """
409000907892',11-Jan-17,ATM WITHDRAWAL,,11-Jan-17,""" 414,303.00 """,,""" -333,696.00 """
409000682109',24-Apr-17,FDRL/INTERNAL FUND TRANSFE,,24-Apr-17,,""" 237,451.00 """,""" 2,490,738.00 """
409000942858',05-Jan-17,TRF FROM  Indiaforensic SERVICES,,05-Jan-17,""" 56,973.00 """,,""" -754,269.00 """
409000737708',27-Aug-17,FDRL/INTERNAL FUND TRANSFE,,27-Aug-17,""" 264,359.00 """,,""" 1,965,517.00 """
409000324521',03-Dec-17,TRF FROM  Indiaforensic SERVICES,,03-Dec-17,""" 223,846.00 """,,""" 1,078,858.00 """
409000755100',17-Mar-17,NEFT TRANSFER,,17-Mar-17,,""" 198,267.00 """,""" 589,790.00 """
409000452520',20-Jun-17,NEFT TRANSFER,,20-Jun-17,,""" 304,040.00 """,""" 897,987.00 """
409000320353',25-Apr-17,IMPS TRANSFER,,25-Apr-17,""" 447,634.00 """,,""" -560,891.00 """
409000771650',23-May-17,NEFT TRANSFER,,23-May-17,""" 43,406.00 """,,""" -425,552.00 """
409000968666',02-Jun-17,FDRL/INTERNAL FUND TRANSFE,,02-Jun-17,,""" 340,301.00 """,""" 2,307,512.00 """
409000431592',04-Sep-17,TRF FROM  Indiaforensic SERVICES,,04-Sep-17,,""" 93,417.00 """,""" 266,585.00 """
409000547793',04-Dec-16,ATM WITHDRAWAL,,04-Dec-16,,""" 289,180.00 """,""" 527,393.00 """
409000466987',18-Jun-16,FDRL/INTERNAL FUND TRANSFE,,18-Jun-16,,""" 239,117.00 """,""" -51,076.00 """
409000132496',12-Oct-16,NEFT TRANSFER,,12-Oct-16,,""" 134,080.00 """,""" 905,482.00 """
409000239127',11-Jun-17,IMPS TRANSFER,,11-Jun-17,,""" 220,850.00 """,""" 633,836.00 """
409000131038',20-Sep-17,POS PURCHASE,,20-Sep-17,,""" 7,066.00 """,""" 304,045.00 """
409000684481',22-Jul-16,FDRL/INTERNAL FUND TRANSFE,,22-Jul-16,""" 439,834.00 """,,""" 277,278.00 """
409000402246',24-Feb-17,POS PURCHASE,,24-Feb-17,,""" 142,941.00 """,""" 2,353,079.00 """
409000112490',15-Jul-17,NEFT TRANSFER,,15-Jul-17,""" 161,964.00 """,,""" -643,094.00 """
409000700042',05-Jan-17,FDRL/INTERNAL FUND TRANSFE,,05-Jan-17,""" 208,673.00 """,,""" 743,930.00 """
409000117598',01-Mar-17,NEFT TRANSFER,,01-Mar-17,,""" 39,629.00 """,""" -565,907.00 """
409000470910',16-Sep-16,POS PURCHASE,,16-Sep-16,,""" 119,584.00 """,""" 1,322,863.00 """
409000915343',21-Sep-16,POS PURCHASE,,21-Sep-16,""" 77,467.00 """,,""" 540,196.00 """
409000942858',19-Nov-16,TRF FROM  Indiaforensic SERVICES,,19-Nov-16,""" 115,440.00 """,,""" -869,709.00 """
409000257712',27-Aug-16,ATM WITHDRAWAL,,27-Aug-16,,""" 308,696.00 """,""" -472,030.00 """
409000707260',06-May-17,NEFT TRANSFER,,06-May-17,,""" 301,989.00 """,""" 1,792,687.00 """
409000183728',07-Dec-16,TRF FROM  Indiaforensic SERVICES,,07-Dec-16,,""" 232,810.00 """,""" 931,216.00 """
409000183728',03-Dec-17,FDRL/INTERNAL FUND TRANSFE,,03-Dec-17,,""" 230,127.00 """,""" 1,161,343.00 """
409000655411',29-Sep-16,NEFT TRANSFER,,29-Sep-16,,""" 154,328.00 """,""" -186,937.00 """
409000405310',27-Oct-17,FDRL/INTERNAL FUND TRANSFE,,27-Oct-17,""" 318,388.00 """,,""" -316,573.00 """
409000974947',14-Nov-17,FDRL/INTERNAL FUND TRANSFE,,14-Nov-17,""" 222,791.00 """,,""" 1,319,905.00 """
409000825195',28-Apr-17,IMPS TRANSFER,,28-Apr-17,,""" 189,574.00 """,""" 1,710,462.00 """
409000243381',08-Jul-16,IMPS TRANSFER,,08-Jul-16,,""" 383,145.00 """,""" 750,361.00 """
409000444022',06-Dec-16,TRF FROM  Indiaforensic SERVICES,,06-Dec-16,""" 10,597.00 """,,""" 1,816,478.00 """
409000470910',24-Jan-17,POS PURCHASE,,24-Jan-17,""" 256,240.00 """,,""" 1,066,623.00 """
409000583676',27-Sep-16,POS PURCHASE,,27-Sep-16,,""" 300,272.00 """,""" -185,589.00 """
409000639253',28-Apr-16,NEFT TRANSFER,,28-Apr-16,,""" 98,199.00 """,""" -286,669.00 """
409000182011',22-Feb-16,ATM WITHDRAWAL,,22-Feb-16,,""" 60,994.00 """,""" 891,791.00 """
409000566372',27-Jan-16,IMPS TRANSFER,,27-Jan-16,,""" 62,220.00 """,""" 917,152.00 """
409000998512',06-Jun-16,TRF FROM  Indiaforensic SERVICES,,06-Jun-16,""" 256,665.00 """,,""" 112,636.00 """
409000101240',20-Oct-16,TRF FROM  Indiaforensic SERVICES,,20-Oct-16,,""" 128,966.00 """,""" 267,942.00 """
409000530205',30-Sep-16,POS PURCHASE,,30-Sep-16,""" 290,011.00 """,,""" 878,096.00 """
409000968666',20-Jan-17,NEFT TRANSFER,,20-Jan-17,""" 212,774.00 """,,""" 2,094,738.00 """
409000271204',03-Sep-17,FDRL/INTERNAL FUND TRANSFE,,03-Sep-17,,""" 471,186.00 """,""" 1,853,883.00 """
409000251221',14-Oct-16,IMPS TRANSFER,,14-Oct-16,,""" 2,663.00 """,""" -74,194.00 """
409000957334',05-Sep-16,POS PURCHASE,,05-Sep-16,""" 5,442.00 """,,""" 2,057,175.00 """
409000554832',17-Jun-17,IMPS TRANSFER,,17-Jun-17,""" 141,403.00 """,,""" 488,562.00 """
409000332316',13-Jun-17,TRF FROM  Indiaforensic SERVICES,,13-Jun-17,,""" 311,736.00 """,""" 367,747.00 """
409000557336',11-Dec-17,TRF FROM  Indiaforensic SERVICES,,11-Dec-17,,""" 286,407.00 """,""" 1,704,934.00 """
409000685219',27-Oct-16,IMPS TRANSFER,,27-Oct-16,,""" 188,253.00 """,""" 2,103,159.00 """
409000815056',03-Mar-16,TRF FROM  Indiaforensic SERVICES,,03-Mar-16,,""" 215,551.00 """,""" 1,189,660.00 """
409000592016',17-Aug-17,IMPS TRANSFER,,17-Aug-17,,""" 310,876.00 """,""" 1,547,420.00 """
409000226012',26-Oct-17,ATM WITHDRAWAL,,26-Oct-17,""" 323,885.00 """,,""" 1,178,408.00 """
409000117598',01-Jan-17,ATM WITHDRAWAL,,01-Jan-17,""" 203,449.00 """,,""" -769,356.00 """
409000565236',06-Feb-17,FDRL/INTERNAL FUND TRANSFE,,06-Feb-17,""" 229,470.00 """,,""" 676,985.00 """
409000197814',05-Jul-17,NEFT TRANSFER,,05-Jul-17,""" 407,957.00 """,,""" 541,953.00 """
409000184133',08-Dec-16,POS PURCHASE,,08-Dec-16,""" 268,551.00 """,,""" 404,678.00 """
409000405310',20-May-17,TRF FROM  Indiaforensic SERVICES,,20-May-17,""" 291,492.00 """,,""" -608,065.00 """
409000553399',20-Oct-17,IMPS TRANSFER,,20-Oct-17,""" 100,540.00 """,,""" 1,406,010.00 """
409000478491',07-May-17,POS PURCHASE,,07-May-17,""" 395,153.00 """,,""" -340,997.00 """
409000885944',31-Jul-16,IMPS TRANSFER,,31-Jul-16,""" 417,570.00 """,,""" 158,773.00 """
409000607258',10-Feb-17,FDRL/INTERNAL FUND TRANSFE,,10-Feb-17,,""" 199,102.00 """,""" -245,029.00 """
409000135650',14-Nov-16,TRF FROM  Indiaforensic SERVICES,,14-Nov-16,,""" 8,308.00 """,""" 777,430.00 """
409000883932',07-Jun-17,NEFT TRANSFER,,07-Jun-17,""" 99,528.00 """,,""" -212,378.00 """
409000392132',13-Nov-17,IMPS TRANSFER,,13-Nov-17,,""" 227,351.00 """,""" 1,139,664.00 """
409000636341',10-Apr-16,NEFT TRANSFER,,10-Apr-16,""" 67,811.00 """,,""" 1,034,081.00 """
409000942858',02-Dec-17,NEFT TRANSFER,,02-Dec-17,""" 418,755.00 """,,""" -1,288,464.00 """
409000953042',12-Dec-17,FDRL/INTERNAL FUND TRANSFE,,12-Dec-17,""" 450,887.00 """,,""" 397,255.00 """
409000101240',12-May-17,POS PURCHASE,,12-May-17,,""" 31,529.00 """,""" 299,471.00 """
409000530053',27-Jul-17,ATM WITHDRAWAL,,27-Jul-17,""" 64,077.00 """,,""" 1,050,358.00 """
409000189919',27-Mar-17,TRF FROM  Indiaforensic SERVICES,,27-Mar-17,,""" 411,733.00 """,""" 786,739.00 """
409000720631',09-Jul-17,FDRL/INTERNAL FUND TRANSFE,,09-Jul-17,,""" 323,144.00 """,""" 743,281.00 """
409000316747',17-Jul-16,FDRL/INTERNAL FUND TRANSFE,,17-Jul-16,""" 414,360.00 """,,""" -610,949.00 """
409000375824',25-Dec-16,FDRL/INTERNAL FUND TRANSFE,,25-Dec-16,""" 27,081.00 """,,""" 186,403.00 """
409000254468',06-Jun-17,ATM WITHDRAWAL,,06-Jun-17,""" 358,179.00 """,,""" 791,082.00 """
409000272332',01-Sep-16,IMPS TRANSFER,,01-Sep-16,,""" 288,985.00 """,""" 2,615,594.00 """
409000456174',27-Oct-17,NEFT TRANSFER,,27-Oct-17,,""" 100,091.00 """,""" 1,660,058.00 """
409000323528',25-Mar-16,POS PURCHASE,,25-Mar-16,""" 28,620.00 """,,""" -242,107.00 """
409000959133',18-Jul-17,NEFT TRANSFER,,18-Jul-17,,""" 451,356.00 """,""" 997,330.00 """
409000892124',28-May-17,FDRL/INTERNAL FUND TRANSFE,,28-May-17,,""" 428,809.00 """,""" 452,161.00 """
409000707260',15-Aug-17,FDRL/INTERNAL FUND TRANSFE,,15-Aug-17,""" 254,156.00 """,,""" 1,538,531.00 """
409000884895',30-Sep-16,TRF FROM  Indiaforensic SERVICES,,30-Sep-16,""" 274,224.00 """,,""" 2,390,564.00 """
409000747968',27-May-16,NEFT TRANSFER,,27-May-16,,""" 404,856.00 """,""" -277,176.00 """
409000304900',08-Dec-16,POS PURCHASE,,08-Dec-16,,""" 79,805.00 """,""" -568,251.00 """
409000805120',21-Mar-17,ATM WITHDRAWAL,,21-Mar-17,""" 66,147.00 """,,""" 998,003.00 """
409000617980',25-Feb-17,TRF FROM  Indiaforensic SERVICES,,25-Feb-17,,""" 301,911.00 """,""" 415,577.00 """
409000452520',08-Aug-17,ATM WITHDRAWAL,,08-Aug-17,""" 355,488.00 """,,""" 542,499.00 """
409000530053',13-Jun-17,ATM WITHDRAWAL,,13-Jun-17,,""" 344,587.00 """,""" 1,394,945.00 """
409000566372',21-Feb-17,TRF FROM  Indiaforensic SERVICES,,21-Feb-17,,""" 133,933.00 """,""" 1,051,085.00 """
409000308752',12-Feb-16,IMPS TRANSFER,,12-Feb-16,,""" 361,635.00 """,""" 771,492.00 """
409000164947',12-Jan-17,POS PURCHASE,,12-Jan-17,,""" 387,676.00 """,""" -1,010,270.00 """
409000953042',24-Dec-17,NEFT TRANSFER,,24-Dec-17,""" 408,879.00 """,,""" -11,624.00 """
409000553399',12-Nov-16,ATM WITHDRAWAL,,12-Nov-16,""" 202,335.00 """,,""" 1,203,675.00 """
409000636341',28-Jun-16,TRF FROM  Indiaforensic SERVICES,,28-Jun-16,""" 200,062.00 """,,""" 834,019.00 """
409000935285',03-Jun-16,POS PURCHASE,,03-Jun-16,,""" 154,808.00 """,""" -517,267.00 """
409000478491',02-Sep-17,IMPS TRANSFER,,02-Sep-17,,""" 386,997.00 """,""" 46,000.00 """
409000815056',01-Jul-17,NEFT TRANSFER,,01-Jul-17,,""" 334,380.00 """,""" 1,524,040.00 """
409000837739',24-Sep-17,TRF FROM  Indiaforensic SERVICES,,24-Sep-17,""" 127,753.00 """,,""" -1,342,585.00 """
409000639253',23-Mar-16,TRF FROM  Indiaforensic SERVICES,,23-Mar-16,""" 290,612.00 """,,""" -577,281.00 """
409000693356',05-Jul-16,NEFT TRANSFER,,05-Jul-16,""" 204,543.00 """,,""" -867,123.00 """
409000211244',13-May-16,POS PURCHASE,,13-May-16,""" 488,850.00 """,,""" 450,986.00 """
409000183728',17-Oct-17,TRF FROM  Indiaforensic SERVICES,,17-Oct-17,""" 374,734.00 """,,""" 786,609.00 """
409000243381',05-Jul-17,NEFT TRANSFER,,05-Jul-17,,""" 408,279.00 """,""" 1,158,640.00 """
409000720631',04-Jun-16,IMPS TRANSFER,,04-Jun-16,""" 259,037.00 """,,""" 484,244.00 """
409000617980',31-Jan-16,TRF FROM  Indiaforensic SERVICES,,31-Jan-16,""" 81,251.00 """,,""" 334,326.00 """
409000117598',27-Mar-17,FDRL/INTERNAL FUND TRANSFE,,27-Mar-17,""" 494,575.00 """,,""" -1,263,931.00 """
409000596389',27-Oct-16,POS PURCHASE,,27-Oct-16,,""" 247,296.00 """,""" 2,391,836.00 """
409000953042',02-Mar-17,NEFT TRANSFER,,02-Mar-17,""" 392,603.00 """,,""" -404,227.00 """
409000381613',18-Jul-17,POS PURCHASE,,18-Jul-17,""" 98,436.00 """,,""" 2,359,591.00 """
409000938249',28-Oct-17,IMPS TRANSFER,,28-Oct-17,,""" 52,669.00 """,""" 965,061.00 """
409000694171',28-Jun-17,POS PURCHASE,,28-Jun-17,""" 371,566.00 """,,""" -691,317.00 """
409000968666',24-Oct-17,NEFT TRANSFER,,24-Oct-17,""" 223,172.00 """,,""" 1,871,566.00 """
409000180124',07-Sep-16,FDRL/INTERNAL FUND TRANSFE,,07-Sep-16,""" 474,765.00 """,,""" -354,243.00 """
409000140684',07-Jul-16,ATM WITHDRAWAL,,07-Jul-16,""" 142,899.00 """,,""" 1,428,381.00 """
409000530205',05-Dec-16,NEFT TRANSFER,,05-Dec-16,,""" 391,295.00 """,""" 1,269,391.00 """
409000369346',20-Jan-17,IMPS TRANSFER,,20-Jan-17,""" 140,322.00 """,,""" 1,603,747.00 """
409000392132',17-Oct-16,IMPS TRANSFER,,17-Oct-16,""" 118,099.00 """,,""" 1,021,565.00 """
409000659479',10-Sep-16,POS PURCHASE,,10-Sep-16,,""" 270,065.00 """,""" 1,112,202.00 """
409000985431',29-May-16,ATM WITHDRAWAL,,29-May-16,""" 49,776.00 """,,""" 596,719.00 """
409000157380',26-Jan-16,FDRL/INTERNAL FUND TRANSFE,,26-Jan-16,,""" 474,261.00 """,""" 2,744,091.00 """
409000845049',03-May-16,ATM WITHDRAWAL,,03-May-16,,""" 380,456.00 """,""" 1,302,063.00 """
409000164947',02-Mar-17,ATM WITHDRAWAL,,02-Mar-17,""" 167,348.00 """,,""" -1,177,618.00 """
409000635999',24-Jul-16,NEFT TRANSFER,,24-Jul-16,,""" 292,313.00 """,""" 16,060.00 """
409000263631',08-Jan-16,TRF FROM  Indiaforensic SERVICES,,08-Jan-16,""" 61,688.00 """,,""" 2,302,005.00 """
409000700042',28-Mar-16,ATM WITHDRAWAL,,28-Mar-16,""" 167,121.00 """,,""" 576,809.00 """
409000961474',11-Nov-16,FDRL/INTERNAL FUND TRANSFE,,11-Nov-16,""" 102,119.00 """,,""" 1,297,938.00 """
409000974947',10-Nov-17,TRF FROM  Indiaforensic SERVICES,,10-Nov-17,""" 201,084.00 """,,""" 1,118,821.00 """
409000239127',31-Oct-17,ATM WITHDRAWAL,,31-Oct-17,""" 286,841.00 """,,""" 346,995.00 """
409000420436',08-Apr-17,FDRL/INTERNAL FUND TRANSFE,,08-Apr-17,""" 209,967.00 """,,""" 1,052,368.00 """
409000961474',30-Sep-17,IMPS TRANSFER,,30-Sep-17,,""" 64,354.00 """,""" 1,362,292.00 """
409000754740',10-Jul-16,IMPS TRANSFER,,10-Jul-16,,""" 11,849.00 """,""" -149,827.00 """
409000754213',25-Jul-17,IMPS TRANSFER,,25-Jul-17,""" 229,456.00 """,,""" -328,246.00 """
409000203226',28-Oct-16,NEFT TRANSFER,,28-Oct-16,,""" 306,607.00 """,""" 487,242.00 """
409000553399',11-Mar-17,ATM WITHDRAWAL,,11-Mar-17,,""" 275,224.00 """,""" 1,478,899.00 """
409000215918',26-Nov-16,IMPS TRANSFER,,26-Nov-16,""" 397,222.00 """,,""" -679,428.00 """
409000772264',10-Oct-16,ATM WITHDRAWAL,,10-Oct-16,""" 190,837.00 """,,""" -411,462.00 """
409000815056',18-Dec-17,NEFT TRANSFER,,18-Dec-17,,""" 333,352.00 """,""" 1,857,392.00 """
409000271204',06-Jan-16,POS PURCHASE,,06-Jan-16,,""" 390,821.00 """,""" 2,244,704.00 """
409000322448',05-Apr-17,ATM WITHDRAWAL,,05-Apr-17,,""" 116,823.00 """,""" 180,948.00 """
409000952891',29-Aug-16,FDRL/INTERNAL FUND TRANSFE,,29-Aug-16,""" 355,423.00 """,,""" -512,928.00 """
409000685219',17-Jul-16,TRF FROM  Indiaforensic SERVICES,,17-Jul-16,,""" 84,965.00 """,""" 2,188,124.00 """
409000545992',23-Oct-16,ATM WITHDRAWAL,,23-Oct-16,""" 235,546.00 """,,""" 989,968.00 """
409000607258',01-Mar-17,TRF FROM  Indiaforensic SERVICES,,01-Mar-17,""" 169,119.00 """,,""" -414,148.00 """
409000332316',29-Oct-17,NEFT TRANSFER,,29-Oct-17,""" 117,939.00 """,,""" 249,808.00 """
409000304900',14-Oct-16,NEFT TRANSFER,,14-Oct-16,,""" 69,732.00 """,""" -498,519.00 """
409000444022',03-Mar-16,NEFT TRANSFER,,03-Mar-16,""" 211,507.00 """,,""" 1,604,971.00 """
409000239127',28-Sep-16,TRF FROM  Indiaforensic SERVICES,,28-Sep-16,,""" 195,762.00 """,""" 542,757.00 """
409000959133',12-Nov-17,FDRL/INTERNAL FUND TRANSFE,,12-Nov-17,,""" 83,685.00 """,""" 1,081,015.00 """
409000596389',29-Nov-17,ATM WITHDRAWAL,,29-Nov-17,,""" 221,380.00 """,""" 2,613,216.00 """
409000304900',26-Oct-17,POS PURCHASE,,26-Oct-17,""" 392,738.00 """,,""" -891,257.00 """
409000945930',14-Oct-17,NEFT TRANSFER,,14-Oct-17,,""" 249,476.00 """,""" 381,675.00 """
409000219567',10-Dec-17,POS PURCHASE,,10-Dec-17,""" 213,548.00 """,,""" 872,390.00 """
409000478491',10-Oct-17,TRF FROM  Indiaforensic SERVICES,,10-Oct-17,""" 227,722.00 """,,""" -181,722.00 """
409000566372',23-Jan-17,ATM WITHDRAWAL,,23-Jan-17,,""" 322,529.00 """,""" 1,373,614.00 """
409000320353',18-Jan-17,TRF FROM  Indiaforensic SERVICES,,18-Jan-17,,""" 346,348.00 """,""" -214,543.00 """
409000316747',21-Jul-17,TRF FROM  Indiaforensic SERVICES,,21-Jul-17,""" 377,013.00 """,,""" -987,962.00 """
409000164947',12-May-16,IMPS TRANSFER,,12-May-16,,""" 96,647.00 """,""" -1,080,971.00 """
409000720631',10-Nov-16,POS PURCHASE,,10-Nov-16,""" 106,606.00 """,,""" 377,638.00 """
409000322448',10-Feb-16,FDRL/INTERNAL FUND TRANSFE,,10-Feb-16,,""" 210,597.00 """,""" 391,545.00 """
409000950802',13-May-17,POS PURCHASE,,13-May-17,""" 363,454.00 """,,""" 1,446,136.00 """
409000124116',27-Mar-17,IMPS TRANSFER,,27-Mar-17,,""" 94,509.00 """,""" 1,975,121.00 """
409000754213',08-Jun-17,NEFT TRANSFER,,08-Jun-17,""" 304,559.00 """,,""" -632,805.00 """
409000100196',01-Aug-16,ATM WITHDRAWAL,,01-Aug-16,,""" 136,058.00 """,""" -200,398.00 """
409000661072',26-Nov-17,TRF FROM  Indiaforensic SERVICES,,26-Nov-17,""" 20,276.00 """,,""" 1,846,872.00 """
409000215918',21-Mar-16,ATM WITHDRAWAL,,21-Mar-16,,""" 175,677.00 """,""" -503,751.00 """
409000133390',07-Nov-17,FDRL/INTERNAL FUND TRANSFE,,07-Nov-17,""" 11,639.00 """,,""" 387,456.00 """
409000590992',25-Jun-17,POS PURCHASE,,25-Jun-17,""" 79,125.00 """,,""" 965,031.00 """
409000607258',27-Dec-17,FDRL/INTERNAL FUND TRANSFE,,27-Dec-17,,""" 290,640.00 """,""" -123,508.00 """
409000961474',18-May-17,ATM WITHDRAWAL,,18-May-17,,""" 460,678.00 """,""" 1,822,970.00 """
409000586455',10-Dec-16,FDRL/INTERNAL FUND TRANSFE,,10-Dec-16,""" 388,187.00 """,,""" -1,166,905.00 """
409000195344',08-Feb-16,TRF FROM  Indiaforensic SERVICES,,08-Feb-16,""" 451,657.00 """,,""" 515,564.00 """
409000682109',24-Mar-17,POS PURCHASE,,24-Mar-17,""" 212,615.00 """,,""" 2,278,123.00 """
409000635340',22-Oct-16,TRF FROM  Indiaforensic SERVICES,,22-Oct-16,""" 81,787.00 """,,""" 189,536.00 """
409000243381',17-Aug-16,TRF FROM  Indiaforensic SERVICES,,17-Aug-16,,""" 468,211.00 """,""" 1,626,851.00 """
409000323528',10-Dec-17,POS PURCHASE,,10-Dec-17,,""" 60,906.00 """,""" -181,201.00 """
409000224429',09-Sep-16,FDRL/INTERNAL FUND TRANSFE,,09-Sep-16,""" 155,687.00 """,,""" 2,852,956.00 """
409000969252',01-Oct-16,POS PURCHASE,,01-Oct-16,""" 408,623.00 """,,""" -75,994.00 """
409000673061',12-Nov-17,POS PURCHASE,,12-Nov-17,,""" 105,602.00 """,""" 2,665,254.00 """
409000326234',24-May-16,ATM WITHDRAWAL,,24-May-16,,""" 332,255.00 """,""" 312,373.00 """
409000473731',28-May-17,IMPS TRANSFER,,28-May-17,,""" 177,575.00 """,""" 841,393.00 """
409000575316',11-Mar-16,FDRL/INTERNAL FUND TRANSFE,,11-Mar-16,,""" 114,685.00 """,""" 2,147,301.00 """
409000607258',28-Jul-17,TRF FROM  Indiaforensic SERVICES,,28-Jul-17,""" 296,686.00 """,,""" -420,194.00 """
409000219567',19-Dec-16,ATM WITHDRAWAL,,19-Dec-16,""" 378,237.00 """,,""" 494,153.00 """
409000969252',03-Apr-17,ATM WITHDRAWAL,,03-Apr-17,,""" 475,402.00 """,""" 399,408.00 """
409000239127',07-Sep-17,ATM WITHDRAWAL,,07-Sep-17,""" 315,203.00 """,,""" 227,554.00 """
409000263631',04-Nov-16,POS PURCHASE,,04-Nov-16,""" 379,074.00 """,,""" 1,922,931.00 """
409000733355',09-Mar-17,NEFT TRANSFER,,09-Mar-17,,""" 150,285.00 """,""" 393,450.00 """
409000338678',14-Jul-17,POS PURCHASE,,14-Jul-17,,""" 313,290.00 """,""" -103,197.00 """
409000660205',15-Jan-16,TRF FROM  Indiaforensic SERVICES,,15-Jan-16,""" 113,528.00 """,,""" 164,570.00 """
409000133390',23-Nov-16,FDRL/INTERNAL FUND TRANSFE,,23-Nov-16,""" 330,666.00 """,,""" 56,790.00 """
409000339352',27-Jul-17,ATM WITHDRAWAL,,27-Jul-17,,""" 320,037.00 """,""" 1,619,811.00 """
409000737708',07-Mar-16,TRF FROM  Indiaforensic SERVICES,,07-Mar-16,,""" 203,996.00 """,""" 2,169,513.00 """
409000494458',08-Nov-16,FDRL/INTERNAL FUND TRANSFE,,08-Nov-16,,""" 162,732.00 """,""" 2,713,459.00 """
409000243381',04-Oct-17,FDRL/INTERNAL FUND TRANSFE,,04-Oct-17,""" 210,090.00 """,,""" 1,416,761.00 """
409000251221',13-Aug-16,ATM WITHDRAWAL,,13-Aug-16,""" 93,809.00 """,,""" -168,003.00 """
409000182011',04-Feb-17,IMPS TRANSFER,,04-Feb-17,""" 415,923.00 """,,""" 475,868.00 """
409000930777',30-Nov-17,ATM WITHDRAWAL,,30-Nov-17,,""" 332,832.00 """,""" 1,233,932.00 """
409000959133',12-Oct-17,TRF FROM  Indiaforensic SERVICES,,12-Oct-17,,""" 452,035.00 """,""" 1,533,050.00 """
409000132496',20-May-16,IMPS TRANSFER,,20-May-16,,""" 368,942.00 """,""" 1,274,424.00 """
409000747968',19-Aug-16,POS PURCHASE,,19-Aug-16,,""" 303,966.00 """,""" 26,790.00 """
409000953042',15-Jul-17,NEFT TRANSFER,,15-Jul-17,,""" 17,277.00 """,""" -386,950.00 """
409000100196',27-Nov-16,IMPS TRANSFER,,27-Nov-16,""" 212,124.00 """,,""" -412,522.00 """
409000737708',28-Jul-17,ATM WITHDRAWAL,,28-Jul-17,,""" 121,735.00 """,""" 2,291,248.00 """
409000772264',19-May-17,POS PURCHASE,,19-May-17,,""" 269,903.00 """,""" -141,559.00 """
409000110491',01-Oct-16,FDRL/INTERNAL FUND TRANSFE,,01-Oct-16,,""" 491,372.00 """,""" -274,372.00 """
409000498090',01-Sep-17,ATM WITHDRAWAL,,01-Sep-17,,""" 49,185.00 """,""" 826,958.00 """
409000931284',12-May-16,ATM WITHDRAWAL,,12-May-16,,""" 475,105.00 """,""" 1,668,514.00 """
409000655411',24-May-17,ATM WITHDRAWAL,,24-May-17,""" 195,798.00 """,,""" -382,735.00 """
409000112710',01-Jul-16,IMPS TRANSFER,,01-Jul-16,,""" 177,096.00 """,""" 1,941,666.00 """
409000442391',30-Nov-17,FDRL/INTERNAL FUND TRANSFE,,30-Nov-17,""" 475,908.00 """,,""" 2,329,303.00 """
409000930777',24-Feb-17,NEFT TRANSFER,,24-Feb-17,,""" 356,697.00 """,""" 1,590,629.00 """
409000184133',01-Mar-17,ATM WITHDRAWAL,,01-Mar-17,""" 136,093.00 """,,""" 268,585.00 """
409000220856',15-Apr-16,IMPS TRANSFER,,15-Apr-16,,""" 96,826.00 """,""" 1,680,432.00 """
409000339352',25-Feb-16,TRF FROM  Indiaforensic SERVICES,,25-Feb-16,""" 412,695.00 """,,""" 1,207,116.00 """
409000215918',26-Jul-17,NEFT TRANSFER,,26-Jul-17,""" 437,509.00 """,,""" -941,260.00 """
409000737708',14-Jun-17,IMPS TRANSFER,,14-Jun-17,,""" 126,539.00 """,""" 2,417,787.00 """
409000189919',04-Feb-17,IMPS TRANSFER,,04-Feb-17,,""" 450,611.00 """,""" 1,237,350.00 """
409000635937',16-Feb-16,ATM WITHDRAWAL,,16-Feb-16,,""" 8,117.00 """,""" -485,987.00 """
409000635937',21-Oct-17,IMPS TRANSFER,,21-Oct-17,,""" 163,840.00 """,""" -322,147.00 """
409000473731',14-Feb-17,TRF FROM  Indiaforensic SERVICES,,14-Feb-17,,""" 36,720.00 """,""" 878,113.00 """
409000619259',05-Jun-16,TRF FROM  Indiaforensic SERVICES,,05-Jun-16,""" 319,497.00 """,,""" -599,431.00 """
409000456174',12-Jul-16,POS PURCHASE,,12-Jul-16,""" 144,462.00 """,,""" 1,515,596.00 """
409000733355',20-Nov-17,POS PURCHASE,,20-Nov-17,,""" 463,793.00 """,""" 857,243.00 """
409000807760',12-May-17,IMPS TRANSFER,,12-May-17,""" 424,339.00 """,,""" 1,821,394.00 """
409000257712',12-Apr-16,FDRL/INTERNAL FUND TRANSFE,,12-Apr-16,,""" 32,107.00 """,""" -439,923.00 """
409000707260',28-Jan-16,NEFT TRANSFER,,28-Jan-16,""" 396,582.00 """,,""" 1,141,949.00 """
409000257712',04-Mar-16,FDRL/INTERNAL FUND TRANSFE,,04-Mar-16,""" 101,461.00 """,,""" -541,384.00 """
409000793776',09-Oct-16,FDRL/INTERNAL FUND TRANSFE,,09-Oct-16,""" 452,364.00 """,,""" -191,595.00 """
409000263631',16-Feb-16,IMPS TRANSFER,,16-Feb-16,,""" 172,335.00 """,""" 2,095,266.00 """
409000734739',18-Aug-17,ATM WITHDRAWAL,,18-Aug-17,""" 416,464.00 """,,""" 130,984.00 """
409000437062',20-Oct-17,ATM WITHDRAWAL,,20-Oct-17,,""" 190,178.00 """,""" -651,057.00 """
409000969514',29-May-17,POS PURCHASE,,29-May-17,,""" 218,147.00 """,""" 263,740.00 """
409000935285',26-Sep-16,FDRL/INTERNAL FUND TRANSFE,,26-Sep-16,,""" 179,179.00 """,""" -338,088.00 """
409000612576',12-Jul-17,NEFT TRANSFER,,12-Jul-17,,""" 131,619.00 """,""" 791,268.00 """
409000720631',01-Jan-17,IMPS TRANSFER,,01-Jan-17,,""" 164,551.00 """,""" 542,189.00 """
409000324521',10-Oct-16,IMPS TRANSFER,,10-Oct-16,,""" 135,746.00 """,""" 1,214,604.00 """
409000203226',26-Feb-17,NEFT TRANSFER,,26-Feb-17,,""" 313,601.00 """,""" 800,843.00 """
409000617980',13-May-16,NEFT TRANSFER,,13-May-16,""" 249,761.00 """,,""" 84,565.00 """
409000945930',18-Dec-17,IMPS TRANSFER,,18-Dec-17,,""" 317,176.00 """,""" 698,851.00 """
409000251221',16-Sep-17,POS PURCHASE,,16-Sep-17,""" 161,473.00 """,,""" -329,476.00 """
409000590992',13-Jan-16,FDRL/INTERNAL FUND TRANSFE,,13-Jan-16,,""" 337,257.00 """,""" 1,302,288.00 """
409000820802',05-Feb-16,ATM WITHDRAWAL,,05-Feb-16,""" 21,495.00 """,,""" -713,612.00 """
409000263631',03-Dec-16,NEFT TRANSFER,,03-Dec-16,,""" 354,168.00 """,""" 2,449,434.00 """
409000694171',06-Nov-17,POS PURCHASE,,06-Nov-17,""" 170,417.00 """,,""" -861,734.00 """
409000700042',30-Dec-16,IMPS TRANSFER,,30-Dec-16,,""" 52,651.00 """,""" 629,460.00 """
409000575316',26-Feb-17,POS PURCHASE,,26-Feb-17,,""" 485,455.00 """,""" 2,632,756.00 """
409000656583',24-Apr-16,IMPS TRANSFER,,24-Apr-16,""" 306,197.00 """,,""" 325,784.00 """
409000219567',14-Feb-16,FDRL/INTERNAL FUND TRANSFE,,14-Feb-16,,""" 61,843.00 """,""" 555,996.00 """
409000263631',09-Jun-17,NEFT TRANSFER,,09-Jun-17,,""" 418,049.00 """,""" 2,867,483.00 """
409000700042',22-Sep-17,POS PURCHASE,,22-Sep-17,""" 63,209.00 """,,""" 566,251.00 """
409000805120',02-Jan-17,ATM WITHDRAWAL,,02-Jan-17,,""" 3,049.00 """,""" 1,001,052.00 """
409000358006',24-Apr-17,IMPS TRANSFER,,24-Apr-17,""" 48,851.00 """,,""" 2,136,405.00 """
409000374540',16-Jul-16,IMPS TRANSFER,,16-Jul-16,,""" 455,941.00 """,""" 579,688.00 """
409000586455',04-Aug-16,TRF FROM  Indiaforensic SERVICES,,04-Aug-16,""" 57,752.00 """,,""" -1,224,657.00 """
409000323528',15-Dec-17,TRF FROM  Indiaforensic SERVICES,,15-Dec-17,""" 282,019.00 """,,""" -463,220.00 """
409000592016',19-Oct-17,POS PURCHASE,,19-Oct-17,""" 181,545.00 """,,""" 1,365,875.00 """
409000195344',13-Jan-17,FDRL/INTERNAL FUND TRANSFE,,13-Jan-17,,""" 97,518.00 """,""" 613,082.00 """
409000224429',13-Mar-17,TRF FROM  Indiaforensic SERVICES,,13-Mar-17,""" 311,444.00 """,,""" 2,541,512.00 """
409000714173',26-Oct-17,FDRL/INTERNAL FUND TRANSFE,,26-Oct-17,""" 152,742.00 """,,""" 185,826.00 """
409000892124',21-Jan-16,FDRL/INTERNAL FUND TRANSFE,,21-Jan-16,,""" 464,266.00 """,""" 916,427.00 """
409000944848',14-Sep-17,FDRL/INTERNAL FUND TRANSFE,,14-Sep-17,""" 466,060.00 """,,""" -943,405.00 """
409000308752',26-Aug-17,FDRL/INTERNAL FUND TRANSFE,,26-Aug-17,""" 284,534.00 """,,""" 486,958.00 """
409000444022',08-Jul-16,NEFT TRANSFER,,08-Jul-16,,""" 329,302.00 """,""" 1,934,273.00 """
409000961474',06-Mar-17,ATM WITHDRAWAL,,06-Mar-17,""" 376,328.00 """,,""" 1,446,642.00 """
409000656583',25-Feb-16,ATM WITHDRAWAL,,25-Feb-16,""" 80,487.00 """,,""" 245,297.00 """
409000747720',11-Sep-16,IMPS TRANSFER,,11-Sep-16,,""" 111,873.00 """,""" 962,932.00 """
409000878488',20-Nov-16,POS PURCHASE,,20-Nov-16,""" 184,955.00 """,,""" -672,860.00 """
409000755100',27-May-16,FDRL/INTERNAL FUND TRANSFE,,27-May-16,""" 204,578.00 """,,""" 385,212.00 """
409000700042',04-Oct-16,NEFT TRANSFER,,04-Oct-16,,""" 131,587.00 """,""" 697,838.00 """
409000944848',30-Nov-17,NEFT TRANSFER,,30-Nov-17,""" 369,982.00 """,,""" -1,313,387.00 """
409000254468',01-Jan-16,TRF FROM  Indiaforensic SERVICES,,01-Jan-16,""" 201,894.00 """,,""" 589,188.00 """
409000730439',26-May-16,FDRL/INTERNAL FUND TRANSFE,,26-May-16,""" 132,389.00 """,,""" 255,422.00 """
409000879020',17-May-16,POS PURCHASE,,17-May-16,,""" 304,383.00 """,""" 1,291,498.00 """
409000771650',07-Dec-16,TRF FROM  Indiaforensic SERVICES,,07-Dec-16,,""" 200,080.00 """,""" -225,472.00 """
409000748053',17-Sep-16,NEFT TRANSFER,,17-Sep-16,""" 268,916.00 """,,""" 640,248.00 """
409000730439',22-May-17,TRF FROM  Indiaforensic SERVICES,,22-May-17,,""" 92,076.00 """,""" 347,498.00 """
409000968666',07-Jul-17,POS PURCHASE,,07-Jul-17,""" 141,785.00 """,,""" 1,729,781.00 """
409000184133',03-Sep-17,NEFT TRANSFER,,03-Sep-17,,""" 79,958.00 """,""" 348,543.00 """
409000509097',02-Jul-16,POS PURCHASE,,02-Jul-16,,""" 407,315.00 """,""" 708,263.00 """
409000596389',22-Oct-17,ATM WITHDRAWAL,,22-Oct-17,,""" 477,591.00 """,""" 3,090,807.00 """
409000110491',18-Jul-16,IMPS TRANSFER,,18-Jul-16,""" 203,202.00 """,,""" -477,574.00 """
409000509097',01-Aug-16,ATM WITHDRAWAL,,01-Aug-16,""" 49,702.00 """,,""" 658,561.00 """
409000374540',02-Nov-16,POS PURCHASE,,02-Nov-16,""" 418,540.00 """,,""" 161,148.00 """
409000203226',19-Oct-16,IMPS TRANSFER,,19-Oct-16,""" 19,629.00 """,,""" 781,214.00 """
409000985312',05-Dec-16,POS PURCHASE,,05-Dec-16,""" 498,893.00 """,,""" -3,023,888.00 """
409000498090',26-Jul-17,TRF FROM  Indiaforensic SERVICES,,26-Jul-17,,""" 235,215.00 """,""" 1,062,173.00 """
409000100196',14-Jun-16,TRF FROM  Indiaforensic SERVICES,,14-Jun-16,""" 71,211.00 """,,""" -483,733.00 """
409000933271',14-Oct-16,NEFT TRANSFER,,14-Oct-16,,""" 80,122.00 """,""" -222,028.00 """
409000820802',27-Jan-16,IMPS TRANSFER,,27-Jan-16,""" 360,527.00 """,,""" -1,074,139.00 """
409000132496',25-Apr-16,IMPS TRANSFER,,25-Apr-16,,""" 106,890.00 """,""" 1,381,314.00 """
409000998512',14-Oct-16,POS PURCHASE,,14-Oct-16,,""" 219,564.00 """,""" 332,200.00 """
409000998512',09-Aug-16,ATM WITHDRAWAL,,09-Aug-16,""" 38,193.00 """,,""" 294,007.00 """
409000420436',30-Jul-17,NEFT TRANSFER,,30-Jul-17,,""" 85,110.00 """,""" 1,137,478.00 """
409000177276',06-Sep-16,TRF FROM  Indiaforensic SERVICES,,06-Sep-16,""" 447,896.00 """,,""" -822,034.00 """
409000133390',17-Nov-16,FDRL/INTERNAL FUND TRANSFE,,17-Nov-16,,""" 187,372.00 """,""" 244,162.00 """
409000358006',20-Jun-16,FDRL/INTERNAL FUND TRANSFE,,20-Jun-16,,""" 83,365.00 """,""" 2,219,770.00 """
409000592016',20-Dec-16,TRF FROM  Indiaforensic SERVICES,,20-Dec-16,,""" 73,021.00 """,""" 1,438,896.00 """
409000837739',31-Jan-17,NEFT TRANSFER,,31-Jan-17,""" 33,393.00 """,,""" -1,375,978.00 """
409000991571',03-Oct-17,FDRL/INTERNAL FUND TRANSFE,,03-Oct-17,,""" 485,416.00 """,""" 1,471,074.00 """
409000133390',27-Jul-16,NEFT TRANSFER,,27-Jul-16,,""" 350,358.00 """,""" 594,520.00 """
409000677702',05-Mar-16,TRF FROM  Indiaforensic SERVICES,,05-Mar-16,,""" 88,667.00 """,""" 2,512,752.00 """
409000730439',22-Jun-17,FDRL/INTERNAL FUND TRANSFE,,22-Jun-17,""" 306,154.00 """,,""" 41,344.00 """
409000950802',31-Jan-17,IMPS TRANSFER,,31-Jan-17,,""" 116,493.00 """,""" 1,562,629.00 """
409000950802',07-Oct-16,FDRL/INTERNAL FUND TRANSFE,,07-Oct-16,""" 245,486.00 """,,""" 1,317,143.00 """
409000277980',07-Apr-17,POS PURCHASE,,07-Apr-17,,""" 394,654.00 """,""" -1,555,544.00 """
409000685219',14-May-16,ATM WITHDRAWAL,,14-May-16,,""" 233,189.00 """,""" 2,421,313.00 """
409000557336',09-Jun-16,POS PURCHASE,,09-Jun-16,,""" 225,574.00 """,""" 1,930,508.00 """
409000816639',13-Jan-16,IMPS TRANSFER,,13-Jan-16,,""" 181,228.00 """,""" -1,732,889.00 """
409000226012',07-Dec-17,POS PURCHASE,,07-Dec-17,,""" 366,527.00 """,""" 1,544,935.00 """
409000132496',21-Aug-17,POS PURCHASE,,21-Aug-17,""" 98,882.00 """,,""" 1,282,432.00 """
409000263631',28-Mar-16,FDRL/INTERNAL FUND TRANSFE,,28-Mar-16,""" 11,674.00 """,,""" 2,855,809.00 """
409000553399',02-Nov-17,NEFT TRANSFER,,02-Nov-17,,""" 230,683.00 """,""" 1,709,582.00 """
409000226012',02-Mar-16,TRF FROM  Indiaforensic SERVICES,,02-Mar-16,""" 299,819.00 """,,""" 1,245,116.00 """
409000612576',24-Nov-17,ATM WITHDRAWAL,,24-Nov-17,""" 146,925.00 """,,""" 644,343.00 """
409000952891',21-Dec-16,POS PURCHASE,,21-Dec-16,,""" 251,287.00 """,""" -261,641.00 """
409000494458',02-Mar-17,POS PURCHASE,,02-Mar-17,""" 218,889.00 """,,""" 2,494,570.00 """
409000991571',02-Apr-16,POS PURCHASE,,02-Apr-16,,""" 424,066.00 """,""" 1,895,140.00 """
409000117598',01-Apr-17,FDRL/INTERNAL FUND TRANSFE,,01-Apr-17,""" 195,386.00 """,,""" -1,459,317.00 """
409000456174',20-Dec-16,IMPS TRANSFER,,20-Dec-16,""" 301,390.00 """,,""" 1,214,206.00 """
409000566372',22-Jun-16,ATM WITHDRAWAL,,22-Jun-16,""" 235,382.00 """,,""" 1,138,232.00 """
409000195344',17-Dec-16,ATM WITHDRAWAL,,17-Dec-16,,""" 168,665.00 """,""" 781,747.00 """
409000565236',16-May-17,ATM WITHDRAWAL,,16-May-17,,""" 70,988.00 """,""" 747,973.00 """
409000197814',15-Mar-16,TRF FROM  Indiaforensic SERVICES,,15-Mar-16,""" 299,206.00 """,,""" 242,747.00 """
409000375642',11-Sep-17,ATM WITHDRAWAL,,11-Sep-17,""" 77,130.00 """,,""" 107,887.00 """
409000431592',17-Sep-16,IMPS TRANSFER,,17-Sep-16,""" 100,212.00 """,,""" 166,373.00 """
409000272332',26-Jan-17,POS PURCHASE,,26-Jan-17,""" 314,465.00 """,,""" 2,301,129.00 """
409000720631',31-Aug-17,ATM WITHDRAWAL,,31-Aug-17,,""" 463,720.00 """,""" 1,005,909.00 """
409000140684',06-May-17,ATM WITHDRAWAL,,06-May-17,""" 167,390.00 """,,""" 1,260,991.00 """
409000509097',02-Dec-17,ATM WITHDRAWAL,,02-Dec-17,""" 425,921.00 """,,""" 232,640.00 """
409000257712',17-Mar-16,POS PURCHASE,,17-Mar-16,""" 52,594.00 """,,""" -593,978.00 """
409000684481',13-May-16,NEFT TRANSFER,,13-May-16,""" 65,519.00 """,,""" 211,759.00 """
409000211244',10-May-17,FDRL/INTERNAL FUND TRANSFE,,10-May-17,""" 323,349.00 """,,""" 127,637.00 """
409000879598',26-Nov-16,NEFT TRANSFER,,26-Nov-16,""" 24,704.00 """,,""" -399,405.00 """
409000590992',09-Oct-17,NEFT TRANSFER,,09-Oct-17,,""" 34,687.00 """,""" 1,336,975.00 """
409000818557',14-Oct-17,IMPS TRANSFER,,14-Oct-17,,""" 493,786.00 """,""" 915,930.00 """
409000197814',26-Sep-17,POS PURCHASE,,26-Sep-17,""" 161,861.00 """,,""" 80,886.00 """
409000224429',19-Nov-17,ATM WITHDRAWAL,,19-Nov-17,""" 370,037.00 """,,""" 2,171,475.00 """
409000105440',10-Jul-17,ATM WITHDRAWAL,,10-Jul-17,,""" 479,560.00 """,""" -146,985.00 """
409000402246',06-Jul-16,IMPS TRANSFER,,06-Jul-16,,""" 394,800.00 """,""" 2,747,879.00 """
409000858950',16-Mar-16,ATM WITHDRAWAL,,16-Mar-16,""" 136,095.00 """,,""" 888,414.00 """
409000957334',11-Jan-16,TRF FROM  Indiaforensic SERVICES,,11-Jan-16,""" 96,540.00 """,,""" 1,960,635.00 """
409000590992',28-Sep-16,FDRL/INTERNAL FUND TRANSFE,,28-Sep-16,,""" 87,601.00 """,""" 1,424,576.00 """
409000655411',09-Jul-16,ATM WITHDRAWAL,,09-Jul-16,""" 161,916.00 """,,""" -544,651.00 """
409000112490',24-Aug-17,NEFT TRANSFER,,24-Aug-17,""" 93,188.00 """,,""" -736,282.00 """
409000498090',13-Jul-16,TRF FROM  Indiaforensic SERVICES,,13-Jul-16,""" 73,659.00 """,,""" 988,514.00 """
409000885944',28-Mar-17,ATM WITHDRAWAL,,28-Mar-17,,""" 212,246.00 """,""" 371,019.00 """
409000883932',08-Jun-16,POS PURCHASE,,08-Jun-16,""" 54,858.00 """,,""" -267,236.00 """
409000161349',26-Dec-16,TRF FROM  Indiaforensic SERVICES,,26-Dec-16,,""" 309,287.00 """,""" 1,833,485.00 """
409000879020',10-Apr-16,TRF FROM  Indiaforensic SERVICES,,10-Apr-16,""" 229,032.00 """,,""" 1,062,466.00 """
409000197540',05-Aug-17,TRF FROM  Indiaforensic SERVICES,,05-Aug-17,,""" 161,854.00 """,""" 1,165,253.00 """
409000452520',12-Jan-16,TRF FROM  Indiaforensic SERVICES,,12-Jan-16,,""" 77,512.00 """,""" 620,011.00 """
409000323528',15-Dec-17,POS PURCHASE,,15-Dec-17,""" 129,874.00 """,,""" -593,094.00 """
409000392132',19-May-17,IMPS TRANSFER,,19-May-17,""" 144,966.00 """,,""" 876,599.00 """
409000405310',05-Feb-17,IMPS TRANSFER,,05-Feb-17,""" 27,522.00 """,,""" -635,587.00 """
409000673061',11-Jul-16,NEFT TRANSFER,,11-Jul-16,""" 190,475.00 """,,""" 2,474,779.00 """
409000323528',23-Sep-17,IMPS TRANSFER,,23-Sep-17,,""" 107,644.00 """,""" -485,450.00 """
409000879020',31-Oct-16,ATM WITHDRAWAL,,31-Oct-16,,""" 410,696.00 """,""" 1,473,162.00 """
409000879598',09-Oct-17,POS PURCHASE,,09-Oct-17,,""" 496,678.00 """,""" 97,273.00 """
409000682109',22-Jun-17,FDRL/INTERNAL FUND TRANSFE,,22-Jun-17,,""" 466,207.00 """,""" 2,744,330.00 """
409000933271',17-Oct-16,FDRL/INTERNAL FUND TRANSFE,,17-Oct-16,""" 474,297.00 """,,""" -696,325.00 """
409000157380',19-Jun-17,NEFT TRANSFER,,19-Jun-17,,""" 84,769.00 """,""" 2,828,860.00 """
409000707260',20-Oct-17,IMPS TRANSFER,,20-Oct-17,""" 255,759.00 """,,""" 886,190.00 """
409000239127',26-Jan-17,IMPS TRANSFER,,26-Jan-17,,""" 436,351.00 """,""" 663,905.00 """
409000271204',22-Nov-17,NEFT TRANSFER,,22-Nov-17,""" 319,210.00 """,,""" 1,925,494.00 """
409000135650',08-Mar-17,NEFT TRANSFER,,08-Mar-17,""" 295,779.00 """,,""" 481,651.00 """
409000892124',26-Jul-16,POS PURCHASE,,26-Jul-16,,""" 190,751.00 """,""" 1,107,178.00 """
409000358006',02-Jul-16,FDRL/INTERNAL FUND TRANSFE,,02-Jul-16,,""" 447,478.00 """,""" 2,667,248.00 """
409000203226',20-Feb-17,NEFT TRANSFER,,20-Feb-17,,""" 160,377.00 """,""" 941,591.00 """
409000381613',27-Oct-16,NEFT TRANSFER,,27-Oct-16,""" 416,725.00 """,,""" 1,942,866.00 """
409000825195',07-Apr-16,FDRL/INTERNAL FUND TRANSFE,,07-Apr-16,,""" 354,593.00 """,""" 2,065,055.00 """
409000375824',18-Nov-17,TRF FROM  Indiaforensic SERVICES,,18-Nov-17,""" 381,076.00 """,,""" -194,673.00 """
409000444022',12-Jun-17,IMPS TRANSFER,,12-Jun-17,""" 294,547.00 """,,""" 1,639,726.00 """
409000182803',17-Jul-17,TRF FROM  Indiaforensic SERVICES,,17-Jul-17,""" 58,666.00 """,,""" 1,708,603.00 """
409000263631',05-Sep-16,IMPS TRANSFER,,05-Sep-16,""" 162,190.00 """,,""" 2,693,619.00 """
409000131038',01-Feb-16,FDRL/INTERNAL FUND TRANSFE,,01-Feb-16,,""" 342,110.00 """,""" 646,155.00 """
409000612815',15-Sep-17,IMPS TRANSFER,,15-Sep-17,,""" 223,703.00 """,""" 783,927.00 """
409000793776',12-Nov-16,FDRL/INTERNAL FUND TRANSFE,,12-Nov-16,,""" 96,085.00 """,""" -95,510.00 """
409000381613',16-Jan-16,POS PURCHASE,,16-Jan-16,,""" 96,430.00 """,""" 2,039,296.00 """
409000772264',24-Feb-17,NEFT TRANSFER,,24-Feb-17,""" 488,975.00 """,,""" -630,534.00 """
409000135650',17-Aug-17,ATM WITHDRAWAL,,17-Aug-17,""" 50,303.00 """,,""" 431,348.00 """
409000603011',14-May-16,POS PURCHASE,,14-May-16,""" 252,065.00 """,,""" 1,151,038.00 """
409000685219',01-Dec-17,IMPS TRANSFER,,01-Dec-17,,""" 24,637.00 """,""" 2,445,950.00 """
409000442391',09-Jun-17,ATM WITHDRAWAL,,09-Jun-17,""" 388,778.00 """,,""" 1,940,525.00 """
409000807760',28-Feb-16,ATM WITHDRAWAL,,28-Feb-16,""" 111,514.00 """,,""" 1,709,880.00 """
409000693356',19-Aug-16,IMPS TRANSFER,,19-Aug-16,""" 322,880.00 """,,""" -1,190,003.00 """
409000180124',13-Dec-17,TRF FROM  Indiaforensic SERVICES,,13-Dec-17,,""" 231,892.00 """,""" -122,351.00 """
409000110491',11-May-16,FDRL/INTERNAL FUND TRANSFE,,11-May-16,""" 396,327.00 """,,""" -873,901.00 """
409000831495',16-Jan-16,ATM WITHDRAWAL,,16-Jan-16,""" 113,531.00 """,,""" -232,787.00 """
409000941296',13-Apr-17,ATM WITHDRAWAL,,13-Apr-17,""" 499,760.00 """,,""" 161,948.00 """
409000872626',07-Jun-17,NEFT TRANSFER,,07-Jun-17,""" 282,773.00 """,,""" 283,564.00 """
409000818557',15-Apr-16,POS PURCHASE,,15-Apr-16,,""" 292,313.00 """,""" 1,208,243.00 """
409000590992',21-Nov-17,IMPS TRANSFER,,21-Nov-17,""" 55,246.00 """,,""" 1,369,330.00 """
409000635340',24-Aug-17,POS PURCHASE,,24-Aug-17,""" 285,213.00 """,,""" -95,677.00 """
409000619259',15-Mar-17,NEFT TRANSFER,,15-Mar-17,""" 283,024.00 """,,""" -882,455.00 """
409000101240',18-Jul-17,TRF FROM  Indiaforensic SERVICES,,18-Jul-17,,""" 121,508.00 """,""" 420,979.00 """
409000878488',11-Jul-17,IMPS TRANSFER,,11-Jul-17,""" 83,791.00 """,,""" -756,651.00 """
409000858950',26-Dec-16,ATM WITHDRAWAL,,26-Dec-16,""" 199,406.00 """,,""" 689,008.00 """
409000998512',05-Jul-17,TRF FROM  Indiaforensic SERVICES,,05-Jul-17,""" 13,516.00 """,,""" 280,491.00 """
409000182011',04-Dec-17,NEFT TRANSFER,,04-Dec-17,,""" 396,590.00 """,""" 872,458.00 """
409000872626',30-Nov-17,POS PURCHASE,,30-Nov-17,,""" 496,193.00 """,""" 779,757.00 """
409000878488',08-Feb-17,ATM WITHDRAWAL,,08-Feb-17,""" 109,843.00 """,,""" -866,494.00 """
409000837739',04-Sep-16,NEFT TRANSFER,,04-Sep-16,,""" 112,735.00 """,""" -1,263,243.00 """
409000879598',23-May-16,ATM WITHDRAWAL,,23-May-16,,""" 180,254.00 """,""" 277,527.00 """
409000263631',18-Jul-17,ATM WITHDRAWAL,,18-Jul-17,,""" 14,690.00 """,""" 2,708,309.00 """
409000374540',15-Jul-16,TRF FROM  Indiaforensic SERVICES,,15-Jul-16,,""" 206,737.00 """,""" 367,885.00 """
409000968666',09-Nov-17,ATM WITHDRAWAL,,09-Nov-17,,""" 174,496.00 """,""" 1,904,277.00 """
409000112490',03-Dec-17,NEFT TRANSFER,,03-Dec-17,""" 74,396.00 """,,""" -810,678.00 """
409000772264',25-May-17,TRF FROM  Indiaforensic SERVICES,,25-May-17,,""" 291,872.00 """,""" -338,662.00 """
409000720631',13-Oct-17,FDRL/INTERNAL FUND TRANSFE,,13-Oct-17,,""" 212,626.00 """,""" 1,218,535.00 """
409000957334',08-Jul-17,FDRL/INTERNAL FUND TRANSFE,,08-Jul-17,,""" 206,000.00 """,""" 2,166,635.00 """
409000219567',27-Nov-16,POS PURCHASE,,27-Nov-16,""" 332,163.00 """,,""" 223,833.00 """
409000101240',23-Mar-16,POS PURCHASE,,23-Mar-16,,""" 267,647.00 """,""" 688,626.00 """
409000243381',21-Sep-16,NEFT TRANSFER,,21-Sep-16,""" 240,550.00 """,,""" 1,176,211.00 """
409000930777',19-Jun-16,ATM WITHDRAWAL,,19-Jun-16,,""" 113,111.00 """,""" 1,703,740.00 """
409000224429',10-Feb-16,FDRL/INTERNAL FUND TRANSFE,,10-Feb-16,""" 215,947.00 """,,""" 1,955,528.00 """
409000915343',29-Jul-16,IMPS TRANSFER,,29-Jul-16,""" 365,310.00 """,,""" 174,886.00 """
409000884895',22-May-17,FDRL/INTERNAL FUND TRANSFE,,22-May-17,""" 56,143.00 """,,""" 2,334,421.00 """
409000754740',25-Apr-16,NEFT TRANSFER,,25-Apr-16,,""" 131,311.00 """,""" -18,516.00 """
409000808057',16-Aug-17,TRF FROM  Indiaforensic SERVICES,,16-Aug-17,""" 245,481.00 """,,""" -2,931,044.00 """
409000308752',15-Nov-16,ATM WITHDRAWAL,,15-Nov-16,,""" 242,616.00 """,""" 729,574.00 """
409000243381',03-May-16,ATM WITHDRAWAL,,03-May-16,""" 382,011.00 """,,""" 794,200.00 """
409000117598',15-Apr-16,ATM WITHDRAWAL,,15-Apr-16,,""" 274,660.00 """,""" -1,184,657.00 """
409000639253',16-Oct-17,POS PURCHASE,,16-Oct-17,""" 153,887.00 """,,""" -731,168.00 """
409000500535',12-Dec-17,IMPS TRANSFER,,12-Dec-17,""" 175,914.00 """,,""" -198,559.00 """
409000933271',18-Feb-16,FDRL/INTERNAL FUND TRANSFE,,18-Feb-16,,""" 48,508.00 """,""" -647,817.00 """
409000816639',04-Dec-16,IMPS TRANSFER,,04-Dec-16,,""" 495,434.00 """,""" -1,237,455.00 """
409000263631',13-Jun-17,FDRL/INTERNAL FUND TRANSFE,,13-Jun-17,""" 108,592.00 """,,""" 2,599,717.00 """
409000267304',22-Oct-17,FDRL/INTERNAL FUND TRANSFE,,22-Oct-17,,""" 343,624.00 """,""" 211,900.00 """
409000583676',23-Aug-16,FDRL/INTERNAL FUND TRANSFE,,23-Aug-16,""" 109,159.00 """,,""" -294,748.00 """
409000815056',14-Feb-17,FDRL/INTERNAL FUND TRANSFE,,14-Feb-17,,""" 375,584.00 """,""" 2,232,976.00 """
409000161349',02-Oct-16,IMPS TRANSFER,,02-Oct-16,""" 417,780.00 """,,""" 1,415,705.00 """
409000498090',24-Sep-17,FDRL/INTERNAL FUND TRANSFE,,24-Sep-17,,""" 84,097.00 """,""" 1,072,611.00 """
409000565236',02-Dec-16,POS PURCHASE,,02-Dec-16,""" 482,854.00 """,,""" 265,119.00 """
409000815934',22-Oct-17,POS PURCHASE,,22-Oct-17,""" 7,858.00 """,,""" 2,033,051.00 """
409000272332',16-Oct-16,IMPS TRANSFER,,16-Oct-16,""" 21,790.00 """,,""" 2,279,339.00 """
409000547793',10-Jul-17,NEFT TRANSFER,,10-Jul-17,,""" 113,172.00 """,""" 640,565.00 """
409000494458',13-Jan-17,FDRL/INTERNAL FUND TRANSFE,,13-Jan-17,""" 177,692.00 """,,""" 2,316,878.00 """
409000755100',27-Dec-17,ATM WITHDRAWAL,,27-Dec-17,""" 327,958.00 """,,""" 57,254.00 """
409000612576',24-Mar-16,IMPS TRANSFER,,24-Mar-16,,""" 279,293.00 """,""" 923,636.00 """
409000215918',10-Mar-17,NEFT TRANSFER,,10-Mar-17,,""" 462,884.00 """,""" -478,376.00 """
409000936869',20-Jan-17,IMPS TRANSFER,,20-Jan-17,,""" 133,648.00 """,""" 138,066.00 """
409000420436',28-Dec-17,IMPS TRANSFER,,28-Dec-17,,""" 309,163.00 """,""" 1,446,641.00 """
409000969252',19-Jun-16,IMPS TRANSFER,,19-Jun-16,,""" 136,089.00 """,""" 535,497.00 """
409000961474',11-Dec-17,IMPS TRANSFER,,11-Dec-17,""" 124,532.00 """,,""" 1,322,110.00 """
409000720631',02-Jun-17,NEFT TRANSFER,,02-Jun-17,""" 125,056.00 """,,""" 1,093,479.00 """
409000322448',31-Jul-17,POS PURCHASE,,31-Jul-17,,""" 394,833.00 """,""" 786,378.00 """
409000772264',01-Jul-17,POS PURCHASE,,01-Jul-17,""" 60,801.00 """,,""" -399,463.00 """
409000754213',09-Nov-16,ATM WITHDRAWAL,,09-Nov-16,""" 166,461.00 """,,""" -799,266.00 """
409000592016',23-Aug-17,POS PURCHASE,,23-Aug-17,,""" 116,587.00 """,""" 1,555,483.00 """
409000944848',04-Oct-17,IMPS TRANSFER,,04-Oct-17,""" 495,874.00 """,,""" -1,809,261.00 """
409000369346',12-Apr-16,FDRL/INTERNAL FUND TRANSFE,,12-Apr-16,,""" 145,163.00 """,""" 1,748,910.00 """
409000950802',13-May-17,NEFT TRANSFER,,13-May-17,,""" 366,838.00 """,""" 1,683,981.00 """
409000105440',07-Jul-17,NEFT TRANSFER,,07-Jul-17,""" 253,397.00 """,,""" -400,382.00 """
409000957334',19-Apr-17,IMPS TRANSFER,,19-Apr-17,""" 296,619.00 """,,""" 1,870,016.00 """
409000161349',12-Feb-16,POS PURCHASE,,12-Feb-16,,""" 211,465.00 """,""" 1,627,170.00 """
409000931284',29-Apr-17,FDRL/INTERNAL FUND TRANSFE,,29-Apr-17,""" 389,790.00 """,,""" 1,278,724.00 """
409000547793',02-Nov-17,ATM WITHDRAWAL,,02-Nov-17,,""" 370,573.00 """,""" 1,011,138.00 """
409000656583',01-Dec-17,NEFT TRANSFER,,01-Dec-17,,""" 156,253.00 """,""" 401,550.00 """
409000272332',16-Jul-16,POS PURCHASE,,16-Jul-16,,""" 239,267.00 """,""" 2,518,606.00 """
409000772264',28-Jun-16,POS PURCHASE,,28-Jun-16,""" 295,740.00 """,,""" -695,203.00 """
409000915343',21-Jan-17,TRF FROM  Indiaforensic SERVICES,,21-Jan-17,,""" 131,020.00 """,""" 305,906.00 """
409000320353',24-Jun-16,POS PURCHASE,,24-Jun-16,""" 210,813.00 """,,""" -425,356.00 """
409000585607',09-Jan-17,NEFT TRANSFER,,09-Jan-17,""" 263,577.00 """,,""" 966,265.00 """
409000226012',02-Jan-16,IMPS TRANSFER,,02-Jan-16,,""" 121,467.00 """,""" 1,366,583.00 """
409000444022',17-Sep-17,ATM WITHDRAWAL,,17-Sep-17,,""" 394,433.00 """,""" 2,034,159.00 """
409000808057',18-May-17,TRF FROM  Indiaforensic SERVICES,,18-May-17,""" 194,404.00 """,,""" -3,125,448.00 """
409000473731',01-Apr-17,NEFT TRANSFER,,01-Apr-17,""" 177,576.00 """,,""" 700,537.00 """
409000566372',19-Oct-17,POS PURCHASE,,19-Oct-17,,""" 97,207.00 """,""" 1,235,439.00 """
409000837739',27-Aug-16,TRF FROM  Indiaforensic SERVICES,,27-Aug-16,,""" 96,728.00 """,""" -1,166,515.00 """
409000815934',17-Sep-17,TRF FROM  Indiaforensic SERVICES,,17-Sep-17,""" 45,829.00 """,,""" 1,987,222.00 """
409000130217',16-Feb-16,POS PURCHASE,,16-Feb-16,,""" 208,778.00 """,""" -1,121,350.00 """
409000815056',18-Jun-17,IMPS TRANSFER,,18-Jun-17,""" 291,474.00 """,,""" 1,941,502.00 """
409000969514',20-May-17,IMPS TRANSFER,,20-May-17,,""" 169,050.00 """,""" 432,790.00 """
409000332316',02-Feb-16,NEFT TRANSFER,,02-Feb-16,""" 493,588.00 """,,""" -243,780.00 """
409000808057',10-Aug-16,POS PURCHASE,,10-Aug-16,""" 464,996.00 """,,""" -3,590,444.00 """
409000878488',18-May-16,TRF FROM  Indiaforensic SERVICES,,18-May-16,,""" 14,604.00 """,""" -851,890.00 """
409000239127',11-Apr-16,TRF FROM  Indiaforensic SERVICES,,11-Apr-16,,""" 323,888.00 """,""" 987,793.00 """
409000845049',25-Nov-17,FDRL/INTERNAL FUND TRANSFE,,25-Nov-17,,""" 297,436.00 """,""" 1,599,499.00 """
409000132496',09-Feb-16,TRF FROM  Indiaforensic SERVICES,,09-Feb-16,,""" 306,495.00 """,""" 1,588,927.00 """
409000470910',18-Nov-17,POS PURCHASE,,18-Nov-17,""" 217,583.00 """,,""" 849,040.00 """
409000845049',03-Mar-16,ATM WITHDRAWAL,,03-Mar-16,,""" 429,651.00 """,""" 2,029,150.00 """
409000879598',05-Jun-16,FDRL/INTERNAL FUND TRANSFE,,05-Jun-16,,""" 491,495.00 """,""" 769,022.00 """
409000358006',10-Sep-17,ATM WITHDRAWAL,,10-Sep-17,""" 255,559.00 """,,""" 2,411,689.00 """
409000959133',07-Sep-17,NEFT TRANSFER,,07-Sep-17,""" 358,451.00 """,,""" 1,174,599.00 """
409000807760',22-Dec-16,TRF FROM  Indiaforensic SERVICES,,22-Dec-16,,""" 254,967.00 """,""" 1,964,847.00 """
409000124116',11-Jun-17,TRF FROM  Indiaforensic SERVICES,,11-Jun-17,,""" 146,463.00 """,""" 2,121,584.00 """
409000815056',03-Jan-16,IMPS TRANSFER,,03-Jan-16,,""" 253,760.00 """,""" 2,195,262.00 """
409000953042',25-Mar-17,ATM WITHDRAWAL,,25-Mar-17,""" 83,928.00 """,,""" -470,878.00 """
409000304900',15-May-17,TRF FROM  Indiaforensic SERVICES,,15-May-17,,""" 69,023.00 """,""" -822,234.00 """
409000677702',29-Nov-16,NEFT TRANSFER,,29-Nov-16,,""" 292,456.00 """,""" 2,805,208.00 """
409000884895',02-Sep-17,POS PURCHASE,,02-Sep-17,""" 433,723.00 """,,""" 1,900,698.00 """
409000375642',30-Sep-16,POS PURCHASE,,30-Sep-16,,""" 375,965.00 """,""" 483,852.00 """
409000220856',26-Jun-17,TRF FROM  Indiaforensic SERVICES,,26-Jun-17,,""" 255,146.00 """,""" 1,935,578.00 """
409000755100',03-May-16,NEFT TRANSFER,,03-May-16,,""" 429,416.00 """,""" 486,670.00 """
409000557336',25-Mar-17,TRF FROM  Indiaforensic SERVICES,,25-Mar-17,""" 424,714.00 """,,""" 1,505,794.00 """
409000271204',01-Jul-16,POS PURCHASE,,01-Jul-16,""" 295,304.00 """,,""" 1,630,190.00 """
409000220856',07-Nov-16,FDRL/INTERNAL FUND TRANSFE,,07-Nov-16,,""" 488,318.00 """,""" 2,423,896.00 """
409000685219',03-Sep-17,ATM WITHDRAWAL,,03-Sep-17,""" 284,137.00 """,,""" 2,161,813.00 """
409000673061',26-Oct-16,POS PURCHASE,,26-Oct-16,""" 192,534.00 """,,""" 2,282,245.00 """
409000566372',13-Jan-17,IMPS TRANSFER,,13-Jan-17,,""" 335,687.00 """,""" 1,571,126.00 """
409000267304',25-Dec-17,NEFT TRANSFER,,25-Dec-17,""" 65,053.00 """,,""" 146,847.00 """
409000677702',10-Oct-16,ATM WITHDRAWAL,,10-Oct-16,""" 89,993.00 """,,""" 2,715,215.00 """
409000322448',05-Sep-16,NEFT TRANSFER,,05-Sep-16,,""" 316,329.00 """,""" 1,102,707.00 """
409000933271',27-Nov-16,IMPS TRANSFER,,27-Nov-16,""" 12,089.00 """,,""" -659,906.00 """
409000914209',04-Jan-16,ATM WITHDRAWAL,,04-Jan-16,""" 48,945.00 """,,""" 377,032.00 """
409000437062',09-Aug-16,ATM WITHDRAWAL,,09-Aug-16,,""" 191,496.00 """,""" -459,561.00 """
409000747968',18-Nov-17,FDRL/INTERNAL FUND TRANSFE,,18-Nov-17,""" 307,210.00 """,,""" -280,420.00 """
409000592016',29-Mar-16,TRF FROM  Indiaforensic SERVICES,,29-Mar-16,""" 484,748.00 """,,""" 1,070,735.00 """
409000837739',09-Dec-17,FDRL/INTERNAL FUND TRANSFE,,09-Dec-17,""" 471,396.00 """,,""" -1,637,911.00 """
409000112490',13-Jun-16,FDRL/INTERNAL FUND TRANSFE,,13-Jun-16,""" 455,964.00 """,,""" -1,266,642.00 """
409000100196',15-Feb-17,FDRL/INTERNAL FUND TRANSFE,,15-Feb-17,,""" 314,352.00 """,""" -169,381.00 """
409000530205',23-Aug-17,ATM WITHDRAWAL,,23-Aug-17,""" 97,431.00 """,,""" 1,171,960.00 """
409000444022',31-Dec-16,POS PURCHASE,,31-Dec-16,,""" 93,891.00 """,""" 2,128,050.00 """
409000547793',07-Dec-16,NEFT TRANSFER,,07-Dec-16,""" 175,455.00 """,,""" 835,683.00 """
409000139970',25-Nov-16,POS PURCHASE,,25-Nov-16,""" 298,746.00 """,,""" -733,245.00 """
409000110491',25-Dec-17,IMPS TRANSFER,,25-Dec-17,""" 248,543.00 """,,""" -1,122,444.00 """
409000661072',04-May-17,FDRL/INTERNAL FUND TRANSFE,,04-May-17,""" 318,399.00 """,,""" 1,528,473.00 """
409000682109',29-Dec-17,ATM WITHDRAWAL,,29-Dec-17,""" 155,623.00 """,,""" 2,588,707.00 """
409000140684',24-Aug-16,NEFT TRANSFER,,24-Aug-16,""" 385,251.00 """,,""" 875,740.00 """
409000405310',03-Oct-17,NEFT TRANSFER,,03-Oct-17,""" 221,780.00 """,,""" -857,367.00 """
409000545992',12-Jun-16,ATM WITHDRAWAL,,12-Jun-16,""" 64,842.00 """,,""" 925,126.00 """
409000772264',20-Oct-16,POS PURCHASE,,20-Oct-16,,""" 331,682.00 """,""" -363,521.00 """
409000405310',21-Apr-17,POS PURCHASE,,21-Apr-17,""" 132,220.00 """,,""" -989,587.00 """
409000707260',20-Oct-16,ATM WITHDRAWAL,,20-Oct-16,,""" 496,038.00 """,""" 1,382,228.00 """
409000392132',02-Dec-17,IMPS TRANSFER,,02-Dec-17,,""" 285,263.00 """,""" 1,161,862.00 """
409000693356',06-Aug-17,ATM WITHDRAWAL,,06-Aug-17,""" 291,301.00 """,,""" -1,481,304.00 """
409000226012',20-Dec-16,ATM WITHDRAWAL,,20-Dec-16,,""" 378,490.00 """,""" 1,745,073.00 """
409000353617',23-Nov-16,NEFT TRANSFER,,23-Nov-16,""" 255,692.00 """,,""" 667,547.00 """
409000375642',21-Nov-17,POS PURCHASE,,21-Nov-17,,""" 121,674.00 """,""" 605,526.00 """
409000837739',07-Oct-17,TRF FROM  Indiaforensic SERVICES,,07-Oct-17,""" 262,590.00 """,,""" -1,900,501.00 """
409000324521',28-Feb-16,POS PURCHASE,,28-Feb-16,""" 142,156.00 """,,""" 1,072,448.00 """
409000815934',21-Feb-17,ATM WITHDRAWAL,,21-Feb-17,,""" 256,789.00 """,""" 2,244,011.00 """
409000837739',16-Jan-16,TRF FROM  Indiaforensic SERVICES,,16-Jan-16,,""" 297,514.00 """,""" -1,602,987.00 """
409000160462',05-Jul-16,NEFT TRANSFER,,05-Jul-16,""" 75,979.00 """,,""" 2,154,586.00 """
409000944848',15-Feb-16,FDRL/INTERNAL FUND TRANSFE,,15-Feb-16,,""" 267,117.00 """,""" -1,542,144.00 """
409000583676',06-Nov-17,TRF FROM  Indiaforensic SERVICES,,06-Nov-17,,""" 134,164.00 """,""" -160,584.00 """
409000112710',08-Dec-16,ATM WITHDRAWAL,,08-Dec-16,,""" 317,793.00 """,""" 2,259,459.00 """
409000952891',09-Feb-16,NEFT TRANSFER,,09-Feb-16,""" 267,404.00 """,,""" -529,045.00 """
409000197814',13-Sep-16,FDRL/INTERNAL FUND TRANSFE,,13-Sep-16,""" 401,540.00 """,,""" -320,654.00 """
409000985431',18-Sep-16,ATM WITHDRAWAL,,18-Sep-16,,""" 243,151.00 """,""" 839,870.00 """
409000189919',03-Feb-16,POS PURCHASE,,03-Feb-16,,""" 50,460.00 """,""" 1,287,810.00 """
409000470910',06-Feb-17,ATM WITHDRAWAL,,06-Feb-17,,""" 27,778.00 """,""" 876,818.00 """
409000617980',14-Oct-16,POS PURCHASE,,14-Oct-16,,""" 42,730.00 """,""" 127,295.00 """
409000892124',05-Mar-17,POS PURCHASE,,05-Mar-17,,""" 338,451.00 """,""" 1,445,629.00 """
409000375824',12-Jul-17,FDRL/INTERNAL FUND TRANSFE,,12-Jul-17,""" 263,709.00 """,,""" -458,382.00 """
409000397004',15-Dec-17,ATM WITHDRAWAL,,15-Dec-17,,""" 185,446.00 """,""" 925,662.00 """
409000733355',19-Mar-17,FDRL/INTERNAL FUND TRANSFE,,19-Mar-17,""" 316,646.00 """,,""" 540,597.00 """
409000575316',02-Sep-16,TRF FROM  Indiaforensic SERVICES,,02-Sep-16,,""" 456,079.00 """,""" 3,088,835.00 """
409000211244',06-Jul-17,ATM WITHDRAWAL,,06-Jul-17,,""" 25,789.00 """,""" 153,426.00 """
409000320353',16-Dec-16,NEFT TRANSFER,,16-Dec-16,""" 376,407.00 """,,""" -801,763.00 """
409000442391',14-Aug-16,TRF FROM  Indiaforensic SERVICES,,14-Aug-16,,""" 276,128.00 """,""" 2,216,653.00 """
409000730439',20-Dec-16,FDRL/INTERNAL FUND TRANSFE,,20-Dec-16,,""" 135,093.00 """,""" 176,437.00 """
409000263631',11-Jan-17,FDRL/INTERNAL FUND TRANSFE,,11-Jan-17,,""" 237,802.00 """,""" 2,837,519.00 """
409000747968',19-Nov-17,IMPS TRANSFER,,19-Nov-17,""" 214,491.00 """,,""" -494,911.00 """
409000195344',09-Nov-16,IMPS TRANSFER,,09-Nov-16,,""" 387,059.00 """,""" 1,168,806.00 """
409000879598',18-Feb-16,FDRL/INTERNAL FUND TRANSFE,,18-Feb-16,,""" 165,613.00 """,""" 934,635.00 """
409000820802',31-Mar-17,FDRL/INTERNAL FUND TRANSFE,,31-Mar-17,""" 226,502.00 """,,""" -1,300,641.00 """
409000133390',31-Oct-16,ATM WITHDRAWAL,,31-Oct-16,""" 421,572.00 """,,""" 172,948.00 """
409000619259',07-Apr-16,NEFT TRANSFER,,07-Apr-16,""" 372,722.00 """,,""" -1,255,177.00 """
409000808057',08-Oct-16,NEFT TRANSFER,,08-Oct-16,""" 461,572.00 """,,""" -4,052,016.00 """
409000566372',02-Jan-16,FDRL/INTERNAL FUND TRANSFE,,02-Jan-16,,""" 19,325.00 """,""" 1,590,451.00 """
409000969252',08-Jul-16,NEFT TRANSFER,,08-Jul-16,,""" 130,081.00 """,""" 665,578.00 """
409000100196',25-May-17,ATM WITHDRAWAL,,25-May-17,,""" 291,198.00 """,""" 121,817.00 """
409000470910',08-Jul-17,ATM WITHDRAWAL,,08-Jul-17,,""" 41,890.00 """,""" 918,708.00 """
409000131038',28-Feb-17,ATM WITHDRAWAL,,28-Feb-17,""" 93,671.00 """,,""" 552,484.00 """
409000818557',28-Sep-17,TRF FROM  Indiaforensic SERVICES,,28-Sep-17,,""" 334,199.00 """,""" 1,542,442.00 """
409000112490',01-Feb-17,TRF FROM  Indiaforensic SERVICES,,01-Feb-17,""" 74,844.00 """,,""" -1,341,486.00 """
409000837739',14-Jun-17,IMPS TRANSFER,,14-Jun-17,,""" 69,921.00 """,""" -1,533,066.00 """
409000754740',18-Mar-16,IMPS TRANSFER,,18-Mar-16,,""" 21,693.00 """,""" 3,177.00 """
409000272332',02-Jul-16,FDRL/INTERNAL FUND TRANSFE,,02-Jul-16,""" 160,288.00 """,,""" 2,358,318.00 """
409000931284',09-Nov-17,POS PURCHASE,,09-Nov-17,,""" 152,348.00 """,""" 1,431,072.00 """
409000655411',16-Jul-16,TRF FROM  Indiaforensic SERVICES,,16-Jul-16,""" 491,966.00 """,,""" -1,036,617.00 """
409000184133',09-Dec-17,IMPS TRANSFER,,09-Dec-17,""" 272,116.00 """,,""" 76,427.00 """
409000772264',18-Aug-16,FDRL/INTERNAL FUND TRANSFE,,18-Aug-16,""" 280,842.00 """,,""" -644,363.00 """
409000897819',08-Oct-16,ATM WITHDRAWAL,,08-Oct-16,,""" 489,801.00 """,""" 508,877.00 """
409000985312',12-Aug-16,ATM WITHDRAWAL,,12-Aug-16,,""" 178,378.00 """,""" -2,845,510.00 """
409000500535',13-Oct-16,ATM WITHDRAWAL,,13-Oct-16,,""" 178,039.00 """,""" -20,520.00 """
409000907892',13-Apr-16,NEFT TRANSFER,,13-Apr-16,,""" 473,400.00 """,""" 139,704.00 """
409000135650',03-Oct-16,TRF FROM  Indiaforensic SERVICES,,03-Oct-16,""" 75,336.00 """,,""" 356,012.00 """
409000914209',23-Jan-16,POS PURCHASE,,23-Jan-16,,""" 478,495.00 """,""" 855,527.00 """
409000872626',12-Aug-17,IMPS TRANSFER,,12-Aug-17,""" 166,394.00 """,,""" 613,363.00 """
409000733355',25-Jan-16,FDRL/INTERNAL FUND TRANSFE,,25-Jan-16,,""" 406,344.00 """,""" 946,941.00 """
409000369346',09-Aug-17,NEFT TRANSFER,,09-Aug-17,""" 322,980.00 """,,""" 1,425,930.00 """
409000473731',19-Jul-17,FDRL/INTERNAL FUND TRANSFE,,19-Jul-17,""" 462,699.00 """,,""" 237,838.00 """
409000402246',12-May-17,ATM WITHDRAWAL,,12-May-17,""" 393,458.00 """,,""" 2,354,421.00 """
409000553399',07-May-16,TRF FROM  Indiaforensic SERVICES,,07-May-16,""" 248,857.00 """,,""" 1,460,725.00 """
409000308752',02-Jun-17,TRF FROM  Indiaforensic SERVICES,,02-Jun-17,,""" 312,358.00 """,""" 1,041,932.00 """
409000353617',31-Aug-17,FDRL/INTERNAL FUND TRANSFE,,31-Aug-17,""" 244,740.00 """,,""" 422,807.00 """
409000612576',01-Jun-17,TRF FROM  Indiaforensic SERVICES,,01-Jun-17,""" 465,832.00 """,,""" 457,804.00 """
409000470910',23-Feb-16,IMPS TRANSFER,,23-Feb-16,""" 307,664.00 """,,""" 611,044.00 """
409000682109',06-Jan-17,POS PURCHASE,,06-Jan-17,,""" 24,858.00 """,""" 2,613,565.00 """
409000437062',13-Dec-16,FDRL/INTERNAL FUND TRANSFE,,13-Dec-16,,""" 180,269.00 """,""" -279,292.00 """
409000322448',29-Jan-17,IMPS TRANSFER,,29-Jan-17,""" 118,175.00 """,,""" 984,532.00 """
409000831495',09-Feb-17,NEFT TRANSFER,,09-Feb-17,""" 212,541.00 """,,""" -445,328.00 """
409000392132',31-Dec-16,TRF FROM  Indiaforensic SERVICES,,31-Dec-16,""" 76,665.00 """,,""" 1,085,197.00 """
409000431592',20-Feb-17,FDRL/INTERNAL FUND TRANSFE,,20-Feb-17,""" 426,869.00 """,,""" -260,496.00 """
409000944848',12-Jun-16,TRF FROM  Indiaforensic SERVICES,,12-Jun-16,,""" 86,424.00 """,""" -1,455,720.00 """
409000635340',10-Aug-17,FDRL/INTERNAL FUND TRANSFE,,10-Aug-17,,""" 278,654.00 """,""" 182,977.00 """
409000183728',20-Mar-16,ATM WITHDRAWAL,,20-Mar-16,,""" 398,480.00 """,""" 1,185,089.00 """
409000656583',15-Sep-17,IMPS TRANSFER,,15-Sep-17,,""" 294,726.00 """,""" 696,276.00 """
409000661072',09-Oct-17,POS PURCHASE,,09-Oct-17,,""" 43,232.00 """,""" 1,571,705.00 """
409000316747',21-Feb-17,ATM WITHDRAWAL,,21-Feb-17,,""" 242,389.00 """,""" -745,573.00 """
409000619259',01-Jun-17,TRF FROM  Indiaforensic SERVICES,,01-Jun-17,,""" 346,186.00 """,""" -908,991.00 """
409000952891',29-Jul-17,TRF FROM  Indiaforensic SERVICES,,29-Jul-17,,""" 123,305.00 """,""" -405,740.00 """
409000215918',25-Sep-16,FDRL/INTERNAL FUND TRANSFE,,25-Sep-16,,""" 394,042.00 """,""" -84,334.00 """
409000685219',21-Dec-17,FDRL/INTERNAL FUND TRANSFE,,21-Dec-17,,""" 241,887.00 """,""" 2,403,700.00 """
409000322448',11-Aug-17,IMPS TRANSFER,,11-Aug-17,,""" 190,162.00 """,""" 1,174,694.00 """
409000381613',05-Oct-17,POS PURCHASE,,05-Oct-17,,""" 125,954.00 """,""" 2,165,250.00 """
409000101240',06-Jan-16,TRF FROM  Indiaforensic SERVICES,,06-Jan-16,""" 80,314.00 """,,""" 608,312.00 """
409000659479',17-Apr-17,FDRL/INTERNAL FUND TRANSFE,,17-Apr-17,""" 40,210.00 """,,""" 1,071,992.00 """
409000211244',01-Jan-16,FDRL/INTERNAL FUND TRANSFE,,01-Jan-16,""" 342,882.00 """,,""" -189,456.00 """
409000845049',17-Apr-17,FDRL/INTERNAL FUND TRANSFE,,17-Apr-17,,""" 34,199.00 """,""" 2,063,349.00 """
409000392132',16-Jul-16,FDRL/INTERNAL FUND TRANSFE,,16-Jul-16,""" 132,452.00 """,,""" 952,745.00 """
409000332316',08-May-16,POS PURCHASE,,08-May-16,,""" 400,371.00 """,""" 156,591.00 """
409000586455',30-Mar-16,POS PURCHASE,,30-Mar-16,""" 121,396.00 """,,""" -1,346,053.00 """
409000957334',15-Mar-17,ATM WITHDRAWAL,,15-Mar-17,""" 159,102.00 """,,""" 1,710,914.00 """
409000263631',22-Dec-17,ATM WITHDRAWAL,,22-Dec-17,""" 192,503.00 """,,""" 2,645,016.00 """
409000405310',01-May-17,FDRL/INTERNAL FUND TRANSFE,,01-May-17,,""" 23,401.00 """,""" -966,186.00 """
409000130217',13-Sep-17,NEFT TRANSFER,,13-Sep-17,""" 150,546.00 """,,""" -1,271,896.00 """
409000353617',04-Jan-17,TRF FROM  Indiaforensic SERVICES,,04-Jan-17,""" 196,403.00 """,,""" 226,404.00 """
409000131038',04-Mar-16,FDRL/INTERNAL FUND TRANSFE,,04-Mar-16,""" 36,165.00 """,,""" 516,319.00 """
409000226012',09-Jan-16,FDRL/INTERNAL FUND TRANSFE,,09-Jan-16,""" 105,029.00 """,,""" 1,640,044.00 """
409000944848',28-Sep-17,IMPS TRANSFER,,28-Sep-17,""" 413,753.00 """,,""" -1,869,473.00 """
409000754740',11-May-16,POS PURCHASE,,11-May-16,""" 32,113.00 """,,""" -28,936.00 """
409000985431',01-Oct-17,IMPS TRANSFER,,01-Oct-17,""" 225,165.00 """,,""" 614,705.00 """
409000304900',29-Oct-16,TRF FROM  Indiaforensic SERVICES,,29-Oct-16,,""" 185,099.00 """,""" -637,135.00 """
409000816639',05-Jul-17,POS PURCHASE,,05-Jul-17,,""" 25,641.00 """,""" -1,211,814.00 """
409000215918',21-Apr-16,POS PURCHASE,,21-Apr-16,""" 371,308.00 """,,""" -455,642.00 """
409000596389',10-Nov-17,FDRL/INTERNAL FUND TRANSFE,,10-Nov-17,""" 438,112.00 """,,""" 2,652,695.00 """
409000338678',01-Jun-16,TRF FROM  Indiaforensic SERVICES,,01-Jun-16,,""" 145,709.00 """,""" 42,512.00 """
409000316747',13-Dec-17,FDRL/INTERNAL FUND TRANSFE,,13-Dec-17,""" 307,270.00 """,,""" -1,052,843.00 """
409000334036',09-May-17,FDRL/INTERNAL FUND TRANSFE,,09-May-17,""" 414,499.00 """,,""" -1,380,723.00 """
409000100196',05-Mar-16,ATM WITHDRAWAL,,05-Mar-16,""" 394,999.00 """,,""" -273,182.00 """
409000805120',18-Jul-17,IMPS TRANSFER,,18-Jul-17,,""" 435,355.00 """,""" 1,436,407.00 """
409000324521',04-Jun-16,IMPS TRANSFER,,04-Jun-16,""" 134,553.00 """,,""" 937,895.00 """
409000883932',22-Jun-16,POS PURCHASE,,22-Jun-16,,""" 9,012.00 """,""" -258,224.00 """
409000950568',27-Aug-16,IMPS TRANSFER,,27-Aug-16,,""" 279,772.00 """,""" 635,435.00 """
409000737708',06-Jun-17,NEFT TRANSFER,,06-Jun-17,""" 229,425.00 """,,""" 2,188,362.00 """
409000257712',08-Oct-17,NEFT TRANSFER,,08-Oct-17,""" 404,391.00 """,,""" -998,369.00 """
409000660205',13-Jun-16,NEFT TRANSFER,,13-Jun-16,""" 451,042.00 """,,""" -286,472.00 """
409000935285',14-May-16,NEFT TRANSFER,,14-May-16,,""" 258,377.00 """,""" -79,711.00 """
409000334036',31-Oct-17,ATM WITHDRAWAL,,31-Oct-17,""" 398,583.00 """,,""" -1,779,306.00 """
409000879020',01-Mar-16,ATM WITHDRAWAL,,01-Mar-16,,""" 217,616.00 """,""" 1,690,778.00 """
409000322448',25-Apr-17,TRF FROM  Indiaforensic SERVICES,,25-Apr-17,,""" 366,811.00 """,""" 1,541,505.00 """
409000257712',26-Aug-17,IMPS TRANSFER,,26-Aug-17,,""" 182,160.00 """,""" -816,209.00 """
409000257712',11-Jul-17,FDRL/INTERNAL FUND TRANSFE,,11-Jul-17,""" 215,588.00 """,,""" -1,031,797.00 """
409000771650',12-Feb-17,NEFT TRANSFER,,12-Feb-17,,""" 180,833.00 """,""" -44,639.00 """
409000845049',31-Jan-16,TRF FROM  Indiaforensic SERVICES,,31-Jan-16,,""" 32,146.00 """,""" 2,095,495.00 """
409000733355',19-Apr-16,FDRL/INTERNAL FUND TRANSFE,,19-Apr-16,,""" 275,206.00 """,""" 1,222,147.00 """
409000750929',26-Aug-17,NEFT TRANSFER,,26-Aug-17,""" 360,546.00 """,,""" -425,981.00 """
409000658705',27-Jan-16,ATM WITHDRAWAL,,27-Jan-16,,""" 154,860.00 """,""" 2,796,614.00 """
409000747720',24-Apr-16,IMPS TRANSFER,,24-Apr-16,,""" 336,463.00 """,""" 1,299,395.00 """
409000931284',13-Dec-16,ATM WITHDRAWAL,,13-Dec-16,,""" 170,370.00 """,""" 1,601,442.00 """
409000673061',16-Jun-16,IMPS TRANSFER,,16-Jun-16,,""" 125,334.00 """,""" 2,407,579.00 """
409000215918',17-Aug-17,NEFT TRANSFER,,17-Aug-17,,""" 288,247.00 """,""" -167,395.00 """
409000326234',07-Jul-16,ATM WITHDRAWAL,,07-Jul-16,""" 73,394.00 """,,""" 238,979.00 """
409000700042',11-Jan-16,IMPS TRANSFER,,11-Jan-16,,""" 235,582.00 """,""" 933,420.00 """
409000945930',14-Jan-16,TRF FROM  Indiaforensic SERVICES,,14-Jan-16,""" 392,683.00 """,,""" 306,168.00 """
409000195344',04-Sep-17,FDRL/INTERNAL FUND TRANSFE,,04-Sep-17,,""" 239,593.00 """,""" 1,408,399.00 """
409000693356',01-Sep-16,TRF FROM  Indiaforensic SERVICES,,01-Sep-16,""" 384,506.00 """,,""" -1,865,810.00 """
409000969252',25-Apr-16,FDRL/INTERNAL FUND TRANSFE,,25-Apr-16,""" 335,675.00 """,,""" 329,903.00 """
409000161349',21-May-16,FDRL/INTERNAL FUND TRANSFE,,21-May-16,,""" 282,282.00 """,""" 1,909,452.00 """
409000931284',01-Apr-17,POS PURCHASE,,01-Apr-17,""" 202,204.00 """,,""" 1,399,238.00 """
409000816639',28-Sep-17,ATM WITHDRAWAL,,28-Sep-17,""" 309,311.00 """,,""" -1,521,125.00 """
409000180124',28-Aug-17,NEFT TRANSFER,,28-Aug-17,""" 344,207.00 """,,""" -466,558.00 """
409000358006',29-Sep-16,FDRL/INTERNAL FUND TRANSFE,,29-Sep-16,,""" 401,139.00 """,""" 2,812,828.00 """
409000897819',19-Feb-16,POS PURCHASE,,19-Feb-16,,""" 399,451.00 """,""" 908,328.00 """
409000133390',01-Apr-17,FDRL/INTERNAL FUND TRANSFE,,01-Apr-17,,""" 87,258.00 """,""" 260,206.00 """
409000308752',14-Jun-16,FDRL/INTERNAL FUND TRANSFE,,14-Jun-16,,""" 269,107.00 """,""" 1,311,039.00 """
409000316747',17-Jan-17,TRF FROM  Indiaforensic SERVICES,,17-Jan-17,,""" 163,098.00 """,""" -889,745.00 """
409000135650',23-Mar-16,NEFT TRANSFER,,23-Mar-16,""" 217,312.00 """,,""" 138,700.00 """
409000277980',19-Oct-17,IMPS TRANSFER,,19-Oct-17,""" 165,448.00 """,,""" -1,720,992.00 """
409000673061',04-Jan-16,ATM WITHDRAWAL,,04-Jan-16,""" 408,374.00 """,,""" 1,999,205.00 """
409000530053',29-Dec-16,TRF FROM  Indiaforensic SERVICES,,29-Dec-16,""" 459,295.00 """,,""" 935,650.00 """
409000180124',19-Aug-17,TRF FROM  Indiaforensic SERVICES,,19-Aug-17,,""" 498,684.00 """,""" 32,126.00 """
409000271204',17-Nov-16,ATM WITHDRAWAL,,17-Nov-16,""" 130,321.00 """,,""" 1,499,869.00 """
409000820802',18-Jun-16,ATM WITHDRAWAL,,18-Jun-16,""" 204,427.00 """,,""" -1,505,068.00 """
409000545992',03-Jul-17,IMPS TRANSFER,,03-Jul-17,""" 279,136.00 """,,""" 645,990.00 """
409000322448',26-Oct-16,ATM WITHDRAWAL,,26-Oct-16,,""" 302,092.00 """,""" 1,843,597.00 """
409000375642',23-Jan-16,ATM WITHDRAWAL,,23-Jan-16,""" 69,384.00 """,,""" 536,142.00 """
409000353617',23-Mar-17,ATM WITHDRAWAL,,23-Mar-17,,""" 266,792.00 """,""" 493,196.00 """
409000219567',21-Feb-17,NEFT TRANSFER,,21-Feb-17,""" 368,187.00 """,,""" -144,354.00 """
409000575316',21-Feb-16,TRF FROM  Indiaforensic SERVICES,,21-Feb-16,,""" 499,865.00 """,""" 3,588,700.00 """
409000845049',23-Jan-17,POS PURCHASE,,23-Jan-17,""" 135,716.00 """,,""" 1,959,779.00 """
409000635937',21-Feb-17,FDRL/INTERNAL FUND TRANSFE,,21-Feb-17,""" 125,638.00 """,,""" -447,785.00 """
409000998512',25-Aug-16,POS PURCHASE,,25-Aug-16,""" 179,245.00 """,,""" 101,246.00 """
409000772264',23-Jul-17,NEFT TRANSFER,,23-Jul-17,""" 313,778.00 """,,""" -958,141.00 """
409000220856',30-Sep-16,TRF FROM  Indiaforensic SERVICES,,30-Sep-16,""" 84,768.00 """,,""" 2,339,128.00 """
409000942858',06-Dec-16,NEFT TRANSFER,,06-Dec-16,,""" 285,385.00 """,""" -1,003,079.00 """
409000164947',02-Apr-17,ATM WITHDRAWAL,,02-Apr-17,,""" 479,348.00 """,""" -601,623.00 """
409000239127',16-Dec-17,FDRL/INTERNAL FUND TRANSFE,,16-Dec-17,""" 378,734.00 """,,""" 609,059.00 """
409000831495',27-Dec-16,FDRL/INTERNAL FUND TRANSFE,,27-Dec-16,""" 282,468.00 """,,""" -727,796.00 """
409000195344',01-May-16,POS PURCHASE,,01-May-16,""" 29,647.00 """,,""" 1,378,752.00 """
409000133390',15-May-16,POS PURCHASE,,15-May-16,""" 276,611.00 """,,""" -16,405.00 """
409000700042',29-Nov-17,ATM WITHDRAWAL,,29-Nov-17,""" 345,391.00 """,,""" 588,029.00 """
409000730439',27-Aug-16,ATM WITHDRAWAL,,27-Aug-16,,""" 110,399.00 """,""" 286,836.00 """
409000693356',26-Jan-16,ATM WITHDRAWAL,,26-Jan-16,""" 446,374.00 """,,""" -2,312,184.00 """
409000272332',25-Jan-17,ATM WITHDRAWAL,,25-Jan-17,,""" 93,038.00 """,""" 2,451,356.00 """
409000456174',21-May-17,TRF FROM  Indiaforensic SERVICES,,21-May-17,""" 392,622.00 """,,""" 821,584.00 """
409000915343',22-Dec-17,NEFT TRANSFER,,22-Dec-17,,""" 377,841.00 """,""" 683,747.00 """
409000470910',17-Feb-16,TRF FROM  Indiaforensic SERVICES,,17-Feb-16,,""" 345,689.00 """,""" 956,733.00 """
409000818557',20-Aug-16,POS PURCHASE,,20-Aug-16,,""" 109,740.00 """,""" 1,652,182.00 """
409000557336',16-Oct-16,ATM WITHDRAWAL,,16-Oct-16,""" 10,146.00 """,,""" 1,495,648.00 """
409000831704',14-Jul-16,IMPS TRANSFER,,14-Jul-16,""" 59,173.00 """,,""" 264,001.00 """
409000677702',08-Feb-17,POS PURCHASE,,08-Feb-17,""" 126,683.00 """,,""" 2,588,532.00 """
409000845049',05-Jan-16,NEFT TRANSFER,,05-Jan-16,""" 270,526.00 """,,""" 1,689,253.00 """
409000420436',16-Sep-17,FDRL/INTERNAL FUND TRANSFE,,16-Sep-17,,""" 342,876.00 """,""" 1,789,517.00 """
409000985312',20-Mar-16,ATM WITHDRAWAL,,20-Mar-16,,""" 126,232.00 """,""" -2,719,278.00 """
409000673061',28-May-17,FDRL/INTERNAL FUND TRANSFE,,28-May-17,""" 334,574.00 """,,""" 1,664,631.00 """
409000612815',11-Aug-16,NEFT TRANSFER,,11-Aug-16,,""" 190,731.00 """,""" 974,658.00 """
409000167461',13-May-17,ATM WITHDRAWAL,,13-May-17,""" 344,368.00 """,,""" 172,173.00 """
409000685219',13-Feb-17,ATM WITHDRAWAL,,13-Feb-17,,""" 426,144.00 """,""" 2,829,844.00 """
409000655411',04-Jan-17,NEFT TRANSFER,,04-Jan-17,""" 439,747.00 """,,""" -1,476,364.00 """
409000110491',03-May-16,TRF FROM  Indiaforensic SERVICES,,03-May-16,""" 89,421.00 """,,""" -1,211,865.00 """
409000140684',26-Nov-16,ATM WITHDRAWAL,,26-Nov-16,,""" 435,181.00 """,""" 1,310,921.00 """
409000557336',04-Dec-17,TRF FROM  Indiaforensic SERVICES,,04-Dec-17,,""" 17,915.00 """,""" 1,513,563.00 """
409000720631',06-Mar-17,POS PURCHASE,,06-Mar-17,,""" 338,451.00 """,""" 1,431,930.00 """
409000635340',11-Feb-16,ATM WITHDRAWAL,,11-Feb-16,""" 253,194.00 """,,""" -70,217.00 """
409000808057',20-Nov-17,TRF FROM  Indiaforensic SERVICES,,20-Nov-17,""" 498,686.00 """,,""" -4,550,702.00 """
409000392132',18-Aug-16,IMPS TRANSFER,,18-Aug-16,,""" 380,827.00 """,""" 1,333,572.00 """
409000277980',25-Apr-17,NEFT TRANSFER,,25-Apr-17,,""" 194,093.00 """,""" -1,526,899.00 """
409000959133',14-Jan-16,FDRL/INTERNAL FUND TRANSFE,,14-Jan-16,""" 455,944.00 """,,""" 718,655.00 """
409000189919',13-May-16,ATM WITHDRAWAL,,13-May-16,""" 333,101.00 """,,""" 954,709.00 """
409000566372',26-Feb-16,TRF FROM  Indiaforensic SERVICES,,26-Feb-16,,""" 420,241.00 """,""" 2,010,692.00 """
409000263631',01-Jun-17,TRF FROM  Indiaforensic SERVICES,,01-Jun-17,""" 289,293.00 """,,""" 2,355,723.00 """
409000660205',30-Aug-16,FDRL/INTERNAL FUND TRANSFE,,30-Aug-16,""" 188,997.00 """,,""" -475,469.00 """
409000509097',26-Jan-17,NEFT TRANSFER,,26-Jan-17,,""" 358,255.00 """,""" 590,895.00 """
409000684481',03-Nov-16,NEFT TRANSFER,,03-Nov-16,""" 249,375.00 """,,""" -37,616.00 """
409000617980',30-Aug-17,FDRL/INTERNAL FUND TRANSFE,,30-Aug-17,,""" 43,582.00 """,""" 170,877.00 """
409000547793',16-Aug-17,NEFT TRANSFER,,16-Aug-17,,""" 67,961.00 """,""" 903,644.00 """
409000177276',01-Sep-17,IMPS TRANSFER,,01-Sep-17,""" 417,226.00 """,,""" -1,239,260.00 """
409000892124',22-Feb-16,FDRL/INTERNAL FUND TRANSFE,,22-Feb-16,,""" 262,642.00 """,""" 1,708,271.00 """
409000936869',09-Nov-17,ATM WITHDRAWAL,,09-Nov-17,""" 498,532.00 """,,""" -360,466.00 """
409000603011',03-Sep-17,NEFT TRANSFER,,03-Sep-17,""" 378,671.00 """,,""" 772,367.00 """
409000272332',18-Jan-17,POS PURCHASE,,18-Jan-17,""" 85,244.00 """,,""" 2,366,112.00 """
409000831704',09-Feb-16,FDRL/INTERNAL FUND TRANSFE,,09-Feb-16,""" 98,456.00 """,,""" 165,545.00 """
409000254468',17-Jul-16,IMPS TRANSFER,,17-Jul-16,,""" 338,303.00 """,""" 927,491.00 """
409000897819',25-Jan-16,ATM WITHDRAWAL,,25-Jan-16,""" 165,293.00 """,,""" 743,035.00 """
409000879598',26-Jul-16,IMPS TRANSFER,,26-Jul-16,,""" 465,338.00 """,""" 1,399,973.00 """
409000658705',18-Nov-17,TRF FROM  Indiaforensic SERVICES,,18-Nov-17,,""" 184,182.00 """,""" 2,980,796.00 """
409000236053',18-Feb-16,NEFT TRANSFER,,18-Feb-16,""" 219,298.00 """,,""" -1,030,535.00 """
409000420436',15-Aug-16,TRF FROM  Indiaforensic SERVICES,,15-Aug-16,""" 292,365.00 """,,""" 1,497,152.00 """
409000592016',13-Mar-16,NEFT TRANSFER,,13-Mar-16,,""" 163,762.00 """,""" 1,234,497.00 """
409000530053',16-Aug-17,ATM WITHDRAWAL,,16-Aug-17,""" 264,801.00 """,,""" 670,849.00 """
409000545992',19-Jul-16,FDRL/INTERNAL FUND TRANSFE,,19-Jul-16,,""" 121,775.00 """,""" 767,765.00 """
409000161349',05-Jun-17,POS PURCHASE,,05-Jun-17,,""" 41,380.00 """,""" 1,950,832.00 """
409000693356',03-Nov-16,NEFT TRANSFER,,03-Nov-16,""" 278,087.00 """,,""" -2,590,271.00 """
409000693356',04-Dec-17,POS PURCHASE,,04-Dec-17,""" 152,923.00 """,,""" -2,743,194.00 """
409000304900',22-Jun-17,FDRL/INTERNAL FUND TRANSFE,,22-Jun-17,,""" 314,142.00 """,""" -322,993.00 """
409000991571',17-Aug-17,FDRL/INTERNAL FUND TRANSFE,,17-Aug-17,,""" 124,569.00 """,""" 2,019,709.00 """
409000466987',12-Aug-16,FDRL/INTERNAL FUND TRANSFE,,12-Aug-16,""" 84,780.00 """,,""" -135,856.00 """
409000656583',26-Nov-17,POS PURCHASE,,26-Nov-17,,""" 109,225.00 """,""" 805,501.00 """
409000985431',12-Apr-16,ATM WITHDRAWAL,,12-Apr-16,,""" 142,695.00 """,""" 757,400.00 """
409000818557',01-May-16,NEFT TRANSFER,,01-May-16,,""" 353,151.00 """,""" 2,005,333.00 """
409000805120',24-Sep-16,FDRL/INTERNAL FUND TRANSFE,,24-Sep-16,""" 220,801.00 """,,""" 1,215,606.00 """
409000182011',17-May-17,POS PURCHASE,,17-May-17,,""" 302,530.00 """,""" 1,174,988.00 """
409000693356',01-May-17,TRF FROM  Indiaforensic SERVICES,,01-May-17,,""" 460,075.00 """,""" -2,283,119.00 """
409000952891',26-Jul-17,POS PURCHASE,,26-Jul-17,,""" 123,120.00 """,""" -282,620.00 """
409000286442',21-Oct-17,IMPS TRANSFER,,21-Oct-17,""" 386,286.00 """,,""" -1,446,957.00 """
409000470910',19-Jun-17,ATM WITHDRAWAL,,19-Jun-17,""" 281,532.00 """,,""" 675,201.00 """
409000140684',07-Jan-16,ATM WITHDRAWAL,,07-Jan-16,""" 146,072.00 """,,""" 1,164,849.00 """
409000358006',11-Sep-16,FDRL/INTERNAL FUND TRANSFE,,11-Sep-16,,""" 487,660.00 """,""" 3,300,488.00 """
409000338678',28-Aug-16,NEFT TRANSFER,,28-Aug-16,,""" 399,447.00 """,""" 441,959.00 """
409000831495',04-Oct-17,TRF FROM  Indiaforensic SERVICES,,04-Oct-17,""" 56,629.00 """,,""" -784,425.00 """
409000831495',07-May-17,POS PURCHASE,,07-May-17,,""" 213,138.00 """,""" -571,287.00 """
409000883932',02-Jul-17,ATM WITHDRAWAL,,02-Jul-17,""" 451,656.00 """,,""" -709,880.00 """
409000140684',21-Aug-17,TRF FROM  Indiaforensic SERVICES,,21-Aug-17,""" 476,095.00 """,,""" 688,754.00 """
409000381613',14-Jul-16,POS PURCHASE,,14-Jul-16,,""" 170,461.00 """,""" 2,335,711.00 """
409000612815',03-Sep-17,NEFT TRANSFER,,03-Sep-17,,""" 348,251.00 """,""" 1,322,909.00 """
409000404291',25-May-16,ATM WITHDRAWAL,,25-May-16,,""" 260,118.00 """,""" 829,301.00 """
409000612576',09-Sep-17,FDRL/INTERNAL FUND TRANSFE,,09-Sep-17,""" 229,063.00 """,,""" 228,741.00 """
409000885944',14-Aug-17,ATM WITHDRAWAL,,14-Aug-17,,""" 22,567.00 """,""" 393,586.00 """
409000914209',07-Jun-16,TRF FROM  Indiaforensic SERVICES,,07-Jun-16,,""" 223,121.00 """,""" 1,078,648.00 """
409000442391',02-Dec-16,ATM WITHDRAWAL,,02-Dec-16,""" 134,285.00 """,,""" 2,082,368.00 """
409000251221',28-Aug-17,TRF FROM  Indiaforensic SERVICES,,28-Aug-17,,""" 235,437.00 """,""" -94,039.00 """
409000112710',09-Feb-16,FDRL/INTERNAL FUND TRANSFE,,09-Feb-16,""" 304,103.00 """,,""" 1,955,356.00 """
409000748053',25-Oct-17,ATM WITHDRAWAL,,25-Oct-17,""" 443,396.00 """,,""" 196,852.00 """
409000498090',01-Aug-17,FDRL/INTERNAL FUND TRANSFE,,01-Aug-17,""" 264,824.00 """,,""" 807,787.00 """
409000845049',09-Mar-17,FDRL/INTERNAL FUND TRANSFE,,09-Mar-17,""" 393,972.00 """,,""" 1,295,281.00 """
409000612576',09-Mar-17,FDRL/INTERNAL FUND TRANSFE,,09-Mar-17,,""" 209,027.00 """,""" 437,768.00 """
409000969514',20-May-16,FDRL/INTERNAL FUND TRANSFE,,20-May-16,,""" 319,692.00 """,""" 752,482.00 """
409000112710',06-Dec-17,TRF FROM  Indiaforensic SERVICES,,06-Dec-17,""" 191,601.00 """,,""" 1,763,755.00 """
409000747968',06-May-17,TRF FROM  Indiaforensic SERVICES,,06-May-17,""" 260,818.00 """,,""" -755,729.00 """
409000748053',05-Aug-17,POS PURCHASE,,05-Aug-17,,""" 70,446.00 """,""" 267,298.00 """
409000730439',30-Nov-17,FDRL/INTERNAL FUND TRANSFE,,30-Nov-17,,""" 421,945.00 """,""" 708,781.00 """
409000215918',25-Jun-16,IMPS TRANSFER,,25-Jun-16,,""" 212,018.00 """,""" 44,623.00 """
409000815056',29-Jan-16,FDRL/INTERNAL FUND TRANSFE,,29-Jan-16,,""" 36,869.00 """,""" 2,232,131.00 """
409000585607',30-Jan-17,NEFT TRANSFER,,30-Jan-17,""" 477,424.00 """,,""" 488,841.00 """
409000211244',25-Sep-16,IMPS TRANSFER,,25-Sep-16,""" 125,871.00 """,,""" -315,327.00 """
409000498090',31-Dec-17,POS PURCHASE,,31-Dec-17,""" 390,479.00 """,,""" 417,308.00 """
409000655411',11-May-16,NEFT TRANSFER,,11-May-16,,""" 103,986.00 """,""" -1,372,378.00 """
409000316747',17-Jan-16,FDRL/INTERNAL FUND TRANSFE,,17-Jan-16,""" 451,461.00 """,,""" -1,341,206.00 """
409000603011',13-Nov-16,FDRL/INTERNAL FUND TRANSFE,,13-Nov-16,""" 230,086.00 """,,""" 542,281.00 """
409000375642',20-Feb-17,IMPS TRANSFER,,20-Feb-17,,""" 197,715.00 """,""" 733,857.00 """
409000807760',04-Aug-16,NEFT TRANSFER,,04-Aug-16,,""" 387,448.00 """,""" 2,352,295.00 """
409000942858',28-Jul-16,IMPS TRANSFER,,28-Jul-16,""" 365,527.00 """,,""" -1,368,606.00 """
409000320353',18-Aug-17,FDRL/INTERNAL FUND TRANSFE,,18-Aug-17,,""" 356,684.00 """,""" -445,079.00 """
409000808057',05-May-16,FDRL/INTERNAL FUND TRANSFE,,05-May-16,,""" 129,847.00 """,""" -4,420,855.00 """
409000935285',25-Apr-17,IMPS TRANSFER,,25-Apr-17,,""" 22,817.00 """,""" -56,894.00 """
409000257712',29-Jan-16,NEFT TRANSFER,,29-Jan-16,,""" 226,319.00 """,""" -805,478.00 """
409000254468',06-Apr-17,NEFT TRANSFER,,06-Apr-17,""" 59,012.00 """,,""" 868,479.00 """
409000998512',04-Aug-16,IMPS TRANSFER,,04-Aug-16,,""" 402,161.00 """,""" 503,407.00 """
409000271204',20-Feb-17,IMPS TRANSFER,,20-Feb-17,""" 33,987.00 """,,""" 1,465,882.00 """
409000530205',15-Aug-17,ATM WITHDRAWAL,,15-Aug-17,""" 108,590.00 """,,""" 1,063,370.00 """
409000131038',21-Oct-16,FDRL/INTERNAL FUND TRANSFE,,21-Oct-16,""" 398,487.00 """,,""" 117,832.00 """
409000831704',20-Feb-17,NEFT TRANSFER,,20-Feb-17,""" 334,509.00 """,,""" -168,964.00 """
409000509097',26-May-17,IMPS TRANSFER,,26-May-17,""" 139,885.00 """,,""" 451,010.00 """
409000236053',22-May-16,TRF FROM  Indiaforensic SERVICES,,22-May-16,,""" 378,900.00 """,""" -651,635.00 """
409000684481',24-Jan-16,TRF FROM  Indiaforensic SERVICES,,24-Jan-16,""" 188,118.00 """,,""" -225,734.00 """
409000180124',12-Jun-17,ATM WITHDRAWAL,,12-Jun-17,,""" 29,839.00 """,""" 61,965.00 """
409000239127',27-Oct-17,FDRL/INTERNAL FUND TRANSFE,,27-Oct-17,""" 274,396.00 """,,""" 334,663.00 """
409000392132',29-Dec-16,ATM WITHDRAWAL,,29-Dec-16,""" 273,945.00 """,,""" 1,059,627.00 """
409000682109',08-Jan-16,ATM WITHDRAWAL,,08-Jan-16,""" 172,168.00 """,,""" 2,441,397.00 """
409000635937',03-Nov-17,FDRL/INTERNAL FUND TRANSFE,,03-Nov-17,""" 361,089.00 """,,""" -808,874.00 """
409000442391',05-May-17,TRF FROM  Indiaforensic SERVICES,,05-May-17,,""" 260,723.00 """,""" 2,343,091.00 """
409000808057',12-Mar-16,ATM WITHDRAWAL,,12-Mar-16,,""" 384,777.00 """,""" -4,036,078.00 """
409000969252',14-May-16,FDRL/INTERNAL FUND TRANSFE,,14-May-16,""" 226,749.00 """,,""" 103,154.00 """
409000112490',07-Oct-17,ATM WITHDRAWAL,,07-Oct-17,,""" 319,566.00 """,""" -1,021,920.00 """
409000952891',01-Jul-17,POS PURCHASE,,01-Jul-17,""" 142,787.00 """,,""" -425,407.00 """
409000195344',20-Sep-16,POS PURCHASE,,20-Sep-16,,""" 436,660.00 """,""" 1,815,412.00 """
409000700042',17-Feb-17,ATM WITHDRAWAL,,17-Feb-17,,""" 129,297.00 """,""" 717,326.00 """
409000831704',24-Aug-17,ATM WITHDRAWAL,,24-Aug-17,""" 185,494.00 """,,""" -354,458.00 """
409000473731',03-Jul-17,ATM WITHDRAWAL,,03-Jul-17,""" 451,979.00 """,,""" -214,141.00 """
409000547793',25-Aug-16,POS PURCHASE,,25-Aug-16,,""" 196,541.00 """,""" 1,100,185.00 """
409000747968',26-Sep-16,TRF FROM  Indiaforensic SERVICES,,26-Sep-16,""" 9,218.00 """,,""" -764,947.00 """
409000961474',22-Feb-17,IMPS TRANSFER,,22-Feb-17,""" 42,666.00 """,,""" 1,279,444.00 """
409000470910',30-Aug-16,ATM WITHDRAWAL,,30-Aug-16,,""" 305,545.00 """,""" 980,746.00 """
409000157380',22-Mar-16,NEFT TRANSFER,,22-Mar-16,""" 135,100.00 """,,""" 2,693,760.00 """
409000281811',17-Jul-17,POS PURCHASE,,17-Jul-17,""" 36,216.00 """,,""" -83,687.00 """
409000420436',28-Dec-17,POS PURCHASE,,28-Dec-17,,""" 252,547.00 """,""" 1,749,699.00 """
409000915343',07-Jan-16,IMPS TRANSFER,,07-Jan-16,""" 447,646.00 """,,""" 236,101.00 """
409000161349',29-May-16,TRF FROM  Indiaforensic SERVICES,,29-May-16,,""" 454,844.00 """,""" 2,405,676.00 """
409000444022',12-Feb-16,POS PURCHASE,,12-Feb-16,,""" 400,865.00 """,""" 2,528,915.00 """
409000831704',20-Jul-16,TRF FROM  Indiaforensic SERVICES,,20-Jul-16,,""" 439,833.00 """,""" 85,375.00 """
409000677702',19-Nov-17,IMPS TRANSFER,,19-Nov-17,""" 429,965.00 """,,""" 2,158,567.00 """
409000498090',08-Dec-17,TRF FROM  Indiaforensic SERVICES,,08-Dec-17,,""" 271,041.00 """,""" 688,349.00 """
409000215918',22-May-16,ATM WITHDRAWAL,,22-May-16,,""" 62,760.00 """,""" 107,383.00 """
409000586455',23-Mar-17,FDRL/INTERNAL FUND TRANSFE,,23-Mar-17,""" 261,774.00 """,,""" -1,607,827.00 """
409000167461',26-Jun-16,POS PURCHASE,,26-Jun-16,""" 361,894.00 """,,""" -189,721.00 """
409000322448',12-Apr-16,POS PURCHASE,,12-Apr-16,""" 450,424.00 """,,""" 1,393,173.00 """
409000308752',30-Jun-16,ATM WITHDRAWAL,,30-Jun-16,,""" 109,898.00 """,""" 1,420,937.00 """
409000659479',01-Jul-17,NEFT TRANSFER,,01-Jul-17,""" 235,883.00 """,,""" 836,109.00 """
409000392132',17-Jan-17,FDRL/INTERNAL FUND TRANSFE,,17-Jan-17,""" 127,433.00 """,,""" 932,194.00 """
409000338678',13-Apr-17,ATM WITHDRAWAL,,13-Apr-17,,""" 291,692.00 """,""" 733,651.00 """
409000183728',13-Aug-16,NEFT TRANSFER,,13-Aug-16,,""" 470,616.00 """,""" 1,655,705.00 """
409000452520',20-Jun-16,ATM WITHDRAWAL,,20-Jun-16,,""" 289,507.00 """,""" 909,518.00 """
409000130217',17-Oct-17,FDRL/INTERNAL FUND TRANSFE,,17-Oct-17,,""" 252,917.00 """,""" -1,018,979.00 """
409000969514',04-Sep-17,NEFT TRANSFER,,04-Sep-17,""" 96,443.00 """,,""" 656,039.00 """
409000907892',16-Jun-17,NEFT TRANSFER,,16-Jun-17,,""" 60,004.00 """,""" 199,708.00 """
409000267304',06-Dec-17,IMPS TRANSFER,,06-Dec-17,""" 162,943.00 """,,""" -16,096.00 """
409000374540',12-Dec-17,POS PURCHASE,,12-Dec-17,,""" 27,219.00 """,""" 395,104.00 """
409000734739',18-May-16,ATM WITHDRAWAL,,18-May-16,,""" 142,537.00 """,""" 273,521.00 """
409000308752',17-Mar-16,TRF FROM  Indiaforensic SERVICES,,17-Mar-16,,""" 30,889.00 """,""" 1,451,826.00 """
409000815934',18-Sep-16,IMPS TRANSFER,,18-Sep-16,""" 225,585.00 """,,""" 2,018,426.00 """
409000845049',18-Nov-17,POS PURCHASE,,18-Nov-17,""" 193,644.00 """,,""" 1,101,637.00 """
409000694171',03-Sep-16,FDRL/INTERNAL FUND TRANSFE,,03-Sep-16,""" 404,555.00 """,,""" -1,266,289.00 """
409000879598',26-Feb-17,IMPS TRANSFER,,26-Feb-17,,""" 315,578.00 """,""" 1,715,551.00 """
409000211244',12-Dec-16,ATM WITHDRAWAL,,12-Dec-16,""" 86,978.00 """,,""" -402,305.00 """
409000431592',14-Jun-17,NEFT TRANSFER,,14-Jun-17,,""" 239,002.00 """,""" -21,494.00 """
409000816639',31-Aug-17,ATM WITHDRAWAL,,31-Aug-17,,""" 312,910.00 """,""" -1,208,215.00 """
409000878488',11-Nov-16,IMPS TRANSFER,,11-Nov-16,,""" 375,954.00 """,""" -475,936.00 """
409000655411',13-Feb-17,FDRL/INTERNAL FUND TRANSFE,,13-Feb-17,,""" 227,120.00 """,""" -1,145,258.00 """
409000818557',08-Feb-17,POS PURCHASE,,08-Feb-17,,""" 464,819.00 """,""" 2,470,152.00 """
409000872626',24-Feb-16,ATM WITHDRAWAL,,24-Feb-16,,""" 139,713.00 """,""" 753,076.00 """
409000224429',12-Dec-16,IMPS TRANSFER,,12-Dec-16,,""" 47,877.00 """,""" 2,003,405.00 """
409000402246',05-Feb-16,IMPS TRANSFER,,05-Feb-16,""" 298,540.00 """,,""" 2,055,881.00 """
409000673061',27-Mar-16,ATM WITHDRAWAL,,27-Mar-16,,""" 215,809.00 """,""" 1,880,440.00 """
409000837739',15-Jun-17,POS PURCHASE,,15-Jun-17,""" 157,230.00 """,,""" -1,690,296.00 """
409000969252',01-Nov-17,NEFT TRANSFER,,01-Nov-17,""" 289,579.00 """,,""" -186,425.00 """
409000353617',10-Nov-17,ATM WITHDRAWAL,,10-Nov-17,,""" 453,819.00 """,""" 947,015.00 """
409000935285',29-Dec-16,FDRL/INTERNAL FUND TRANSFE,,29-Dec-16,,""" 401,661.00 """,""" 344,767.00 """
409000998512',13-Jan-16,IMPS TRANSFER,,13-Jan-16,""" 127,288.00 """,,""" 376,119.00 """
409000251221',06-Feb-17,IMPS TRANSFER,,06-Feb-17,,""" 167,674.00 """,""" 73,635.00 """
409000286442',11-Jun-16,POS PURCHASE,,11-Jun-16,,""" 146,499.00 """,""" -1,300,458.00 """
409000466987',22-Mar-17,FDRL/INTERNAL FUND TRANSFE,,22-Mar-17,,""" 292,483.00 """,""" 156,627.00 """
409000324521',23-Jun-17,IMPS TRANSFER,,23-Jun-17,,""" 388,104.00 """,""" 1,325,999.00 """
409000772264',30-Apr-16,FDRL/INTERNAL FUND TRANSFE,,30-Apr-16,,""" 250,356.00 """,""" -707,785.00 """
409000182803',31-Jul-16,TRF FROM  Indiaforensic SERVICES,,31-Jul-16,,""" 375,237.00 """,""" 2,083,840.00 """
409000183728',03-Feb-16,FDRL/INTERNAL FUND TRANSFE,,03-Feb-16,,""" 458,851.00 """,""" 2,114,556.00 """
409000130217',26-Dec-17,IMPS TRANSFER,,26-Dec-17,""" 449,489.00 """,,""" -1,468,468.00 """
409000130217',06-Aug-17,NEFT TRANSFER,,06-Aug-17,""" 230,545.00 """,,""" -1,699,013.00 """
409000236053',26-Jul-16,POS PURCHASE,,26-Jul-16,""" 33,873.00 """,,""" -685,508.00 """
409000161349',27-Jan-16,IMPS TRANSFER,,27-Jan-16,""" 113,230.00 """,,""" 2,292,446.00 """
409000685219',27-May-16,TRF FROM  Indiaforensic SERVICES,,27-May-16,,""" 458,356.00 """,""" 3,288,200.00 """
409000603011',19-May-17,NEFT TRANSFER,,19-May-17,,""" 429,828.00 """,""" 972,109.00 """
409000815056',11-Mar-17,NEFT TRANSFER,,11-Mar-17,,""" 93,452.00 """,""" 2,325,583.00 """
409000733355',25-Jul-17,TRF FROM  Indiaforensic SERVICES,,25-Jul-17,,""" 148,646.00 """,""" 1,370,793.00 """
409000263631',21-Jan-17,IMPS TRANSFER,,21-Jan-17,,""" 298,930.00 """,""" 2,654,653.00 """
409000381613',27-Dec-16,IMPS TRANSFER,,27-Dec-16,""" 125,044.00 """,,""" 2,210,667.00 """
409000747720',03-May-16,ATM WITHDRAWAL,,03-May-16,,""" 140,678.00 """,""" 1,440,073.00 """
409000392132',18-Sep-16,FDRL/INTERNAL FUND TRANSFE,,18-Sep-16,""" 397,412.00 """,,""" 534,782.00 """
409000885944',20-Mar-16,ATM WITHDRAWAL,,20-Mar-16,,""" 84,263.00 """,""" 477,849.00 """
409000100196',04-Mar-16,NEFT TRANSFER,,04-Mar-16,,""" 30,725.00 """,""" -242,457.00 """
409000818557',02-Oct-16,NEFT TRANSFER,,02-Oct-16,""" 407,274.00 """,,""" 2,062,878.00 """
409000215918',30-Mar-17,TRF FROM  Indiaforensic SERVICES,,30-Mar-17,,""" 157,094.00 """,""" 264,477.00 """
409000807760',06-Dec-16,ATM WITHDRAWAL,,06-Dec-16,""" 162,071.00 """,,""" 2,190,224.00 """
409000944848',30-Nov-17,NEFT TRANSFER,,30-Nov-17,""" 98,063.00 """,,""" -1,967,536.00 """
409000254468',06-Nov-17,ATM WITHDRAWAL,,06-Nov-17,,""" 428,246.00 """,""" 1,296,725.00 """
409000101240',15-Oct-17,FDRL/INTERNAL FUND TRANSFE,,15-Oct-17,,""" 428,022.00 """,""" 1,036,334.00 """
409000617980',28-Jun-17,FDRL/INTERNAL FUND TRANSFE,,28-Jun-17,,""" 152,745.00 """,""" 323,622.00 """
409000720631',27-Aug-17,POS PURCHASE,,27-Aug-17,,""" 226,722.00 """,""" 1,658,652.00 """
409000545992',04-Jun-17,NEFT TRANSFER,,04-Jun-17,""" 220,984.00 """,,""" 546,781.00 """
409000730439',11-Apr-16,ATM WITHDRAWAL,,11-Apr-16,""" 205,106.00 """,,""" 503,675.00 """
409000286442',05-Apr-17,TRF FROM  Indiaforensic SERVICES,,05-Apr-17,""" 185,615.00 """,,""" -1,486,073.00 """
409000936869',14-Oct-17,TRF FROM  Indiaforensic SERVICES,,14-Oct-17,""" 423,371.00 """,,""" -783,837.00 """
409000374540',14-May-16,NEFT TRANSFER,,14-May-16,,""" 133,238.00 """,""" 528,342.00 """
409000431592',26-Feb-17,TRF FROM  Indiaforensic SERVICES,,26-Feb-17,,""" 32,663.00 """,""" 11,169.00 """
409000818557',27-Jul-17,FDRL/INTERNAL FUND TRANSFE,,27-Jul-17,,""" 119,235.00 """,""" 2,182,113.00 """
409000733355',22-Feb-16,TRF FROM  Indiaforensic SERVICES,,22-Feb-16,""" 386,343.00 """,,""" 984,450.00 """
409000820802',12-Nov-16,IMPS TRANSFER,,12-Nov-16,""" 138,372.00 """,,""" -1,643,440.00 """
409000825195',10-Oct-17,TRF FROM  Indiaforensic SERVICES,,10-Oct-17,""" 402,294.00 """,,""" 1,662,761.00 """
409000219567',03-Mar-17,POS PURCHASE,,03-Mar-17,,""" 62,958.00 """,""" -81,396.00 """
409000557336',08-Aug-16,FDRL/INTERNAL FUND TRANSFE,,08-Aug-16,,""" 256,242.00 """,""" 1,769,805.00 """
409000660205',16-Sep-17,FDRL/INTERNAL FUND TRANSFE,,16-Sep-17,,""" 265,682.00 """,""" -209,787.00 """
409000748053',06-May-17,POS PURCHASE,,06-May-17,""" 141,067.00 """,,""" 126,231.00 """
409000554832',11-Aug-17,NEFT TRANSFER,,11-Aug-17,""" 130,932.00 """,,""" 357,630.00 """
409000807760',13-Dec-17,FDRL/INTERNAL FUND TRANSFE,,13-Dec-17,""" 275,841.00 """,,""" 1,914,383.00 """
409000658705',16-Jan-17,NEFT TRANSFER,,16-Jan-17,,""" 343,241.00 """,""" 3,324,037.00 """
409000161349',29-Jun-17,FDRL/INTERNAL FUND TRANSFE,,29-Jun-17,""" 421,538.00 """,,""" 1,870,908.00 """
409000547793',27-May-17,IMPS TRANSFER,,27-May-17,""" 335,000.00 """,,""" 765,185.00 """
409000444431',03-Aug-17,FDRL/INTERNAL FUND TRANSFE,,03-Aug-17,,""" 383,483.00 """,""" -413,417.00 """
409000358006',09-Sep-16,FDRL/INTERNAL FUND TRANSFE,,09-Sep-16,,""" 41,872.00 """,""" 3,342,360.00 """
409000707260',23-Sep-16,FDRL/INTERNAL FUND TRANSFE,,23-Sep-16,""" 497,200.00 """,,""" 885,028.00 """
409000944848',22-Mar-16,NEFT TRANSFER,,22-Mar-16,""" 355,450.00 """,,""" -2,322,986.00 """
409000730439',05-Apr-17,ATM WITHDRAWAL,,05-Apr-17,""" 44,237.00 """,,""" 459,438.00 """
409000583676',05-Jun-16,NEFT TRANSFER,,05-Jun-16,,""" 146,533.00 """,""" -14,051.00 """
409000684481',23-Jul-16,ATM WITHDRAWAL,,23-Jul-16,""" 80,042.00 """,,""" -305,776.00 """
409000132496',14-Jan-16,POS PURCHASE,,14-Jan-16,,""" 370,822.00 """,""" 1,959,749.00 """
409000402246',19-Oct-17,IMPS TRANSFER,,19-Oct-17,""" 40,259.00 """,,""" 2,015,622.00 """
409000184133',19-Apr-17,IMPS TRANSFER,,19-Apr-17,,""" 217,782.00 """,""" 294,209.00 """
409000603011',14-Mar-16,TRF FROM  Indiaforensic SERVICES,,14-Mar-16,""" 60,293.00 """,,""" 911,816.00 """
409000316747',04-Mar-16,ATM WITHDRAWAL,,04-Mar-16,""" 183,185.00 """,,""" -1,524,391.00 """
409000381613',20-Mar-17,POS PURCHASE,,20-Mar-17,""" 98,865.00 """,,""" 2,111,802.00 """
409000636341',02-Mar-16,POS PURCHASE,,02-Mar-16,,""" 218,618.00 """,""" 1,052,637.00 """
409000685219',26-Feb-16,NEFT TRANSFER,,26-Feb-16,""" 334,854.00 """,,""" 2,953,346.00 """
409000985431',25-Jul-16,NEFT TRANSFER,,25-Jul-16,""" 332,295.00 """,,""" 425,105.00 """
409000112490',11-Jan-17,ATM WITHDRAWAL,,11-Jan-17,,""" 403,143.00 """,""" -618,777.00 """
409000771650',10-May-16,ATM WITHDRAWAL,,10-May-16,,""" 53,601.00 """,""" 8,962.00 """
409000530205',04-Jul-17,IMPS TRANSFER,,04-Jul-17,""" 196,678.00 """,,""" 866,692.00 """
409000734739',21-Nov-17,ATM WITHDRAWAL,,21-Nov-17,""" 257,583.00 """,,""" 15,938.00 """
409000374540',06-Apr-16,ATM WITHDRAWAL,,06-Apr-16,""" 489,793.00 """,,""" 38,549.00 """
409000547793',25-Nov-16,POS PURCHASE,,25-Nov-16,""" 316,385.00 """,,""" 448,800.00 """
409000135650',23-Jun-17,IMPS TRANSFER,,23-Jun-17,,""" 37,840.00 """,""" 176,540.00 """
409000693356',04-Aug-16,NEFT TRANSFER,,04-Aug-16,""" 331,543.00 """,,""" -2,614,662.00 """
409000941296',31-Jul-16,FDRL/INTERNAL FUND TRANSFE,,31-Jul-16,,""" 469,830.00 """,""" 631,778.00 """
409000397004',11-Sep-17,FDRL/INTERNAL FUND TRANSFE,,11-Sep-17,""" 272,041.00 """,,""" 653,621.00 """
409000197540',11-Apr-16,ATM WITHDRAWAL,,11-Apr-16,,""" 105,220.00 """,""" 1,270,473.00 """
409000714173',21-Jun-17,ATM WITHDRAWAL,,21-Jun-17,,""" 363,393.00 """,""" 549,219.00 """
409000930777',13-Nov-16,POS PURCHASE,,13-Nov-16,""" 58,624.00 """,,""" 1,645,116.00 """
409000682109',21-Mar-17,FDRL/INTERNAL FUND TRANSFE,,21-Mar-17,,""" 137,195.00 """,""" 2,578,592.00 """
409000509097',26-Sep-17,TRF FROM  Indiaforensic SERVICES,,26-Sep-17,""" 112,171.00 """,,""" 338,839.00 """
409000243381',03-Sep-17,TRF FROM  Indiaforensic SERVICES,,03-Sep-17,,""" 135,147.00 """,""" 929,347.00 """
409000442391',01-Jul-16,POS PURCHASE,,01-Jul-16,""" 48,662.00 """,,""" 2,294,429.00 """
409000565236',25-Jul-16,TRF FROM  Indiaforensic SERVICES,,25-Jul-16,""" 165,413.00 """,,""" 99,706.00 """
409000583676',15-Sep-16,FDRL/INTERNAL FUND TRANSFE,,15-Sep-16,,""" 209,641.00 """,""" 195,590.00 """
409000694171',28-Sep-16,IMPS TRANSFER,,28-Sep-16,""" 67,839.00 """,,""" -1,334,128.00 """
409000316747',17-Feb-16,TRF FROM  Indiaforensic SERVICES,,17-Feb-16,""" 141,561.00 """,,""" -1,665,952.00 """
409000304900',05-Jan-17,POS PURCHASE,,05-Jan-17,""" 288,591.00 """,,""" -611,584.00 """
409000685219',07-Oct-17,POS PURCHASE,,07-Oct-17,,""" 304,832.00 """,""" 3,258,178.00 """
409000583676',07-Aug-16,NEFT TRANSFER,,07-Aug-16,,""" 39,344.00 """,""" 234,934.00 """
409000583676',12-Mar-16,TRF FROM  Indiaforensic SERVICES,,12-Mar-16,""" 375,215.00 """,,""" -140,281.00 """
409000161349',13-Aug-17,IMPS TRANSFER,,13-Aug-17,""" 241,932.00 """,,""" 1,628,976.00 """
409000639253',26-Jan-16,ATM WITHDRAWAL,,26-Jan-16,""" 421,510.00 """,,""" -1,152,678.00 """
409000700042',09-Nov-17,NEFT TRANSFER,,09-Nov-17,""" 324,854.00 """,,""" 392,472.00 """
409000659479',14-May-17,IMPS TRANSFER,,14-May-17,,""" 190,232.00 """,""" 1,026,341.00 """
409000397004',09-Oct-17,POS PURCHASE,,09-Oct-17,,""" 445,536.00 """,""" 1,099,157.00 """
409000885944',01-Jun-17,TRF FROM  Indiaforensic SERVICES,,01-Jun-17,""" 37,756.00 """,,""" 440,093.00 """
409000339352',01-Sep-16,TRF FROM  Indiaforensic SERVICES,,01-Sep-16,""" 394,833.00 """,,""" 812,283.00 """
409000374540',09-Jan-16,POS PURCHASE,,09-Jan-16,""" 62,039.00 """,,""" -23,490.00 """
409000658705',18-Mar-17,IMPS TRANSFER,,18-Mar-17,,""" 173,657.00 """,""" 3,497,694.00 """
409000720631',22-Feb-16,ATM WITHDRAWAL,,22-Feb-16,""" 66,916.00 """,,""" 1,591,736.00 """
409000684481',09-Jan-16,IMPS TRANSFER,,09-Jan-16,,""" 436,211.00 """,""" 130,435.00 """
409000879598',03-Feb-17,POS PURCHASE,,03-Feb-17,""" 354,006.00 """,,""" 1,361,545.00 """
409000684481',02-Dec-16,FDRL/INTERNAL FUND TRANSFE,,02-Dec-16,""" 318,923.00 """,,""" -188,488.00 """
409000133390',15-Jul-16,POS PURCHASE,,15-Jul-16,,""" 198,545.00 """,""" 182,140.00 """
409000332316',21-Mar-17,NEFT TRANSFER,,21-Mar-17,,""" 171,416.00 """,""" 328,007.00 """
409000660205',17-Nov-17,ATM WITHDRAWAL,,17-Nov-17,,""" 51,676.00 """,""" -158,111.00 """
409000974947',16-Nov-16,NEFT TRANSFER,,16-Nov-16,""" 198,739.00 """,,""" 920,082.00 """
409000272332',15-Feb-17,TRF FROM  Indiaforensic SERVICES,,15-Feb-17,""" 311,148.00 """,,""" 2,054,964.00 """
409000545992',03-Jul-16,FDRL/INTERNAL FUND TRANSFE,,03-Jul-16,""" 192,173.00 """,,""" 354,608.00 """
409000271204',10-Dec-16,FDRL/INTERNAL FUND TRANSFE,,10-Dec-16,""" 32,735.00 """,,""" 1,433,147.00 """
409000565236',25-Dec-17,IMPS TRANSFER,,25-Dec-17,,""" 389,928.00 """,""" 489,634.00 """
409000879598',28-Sep-16,TRF FROM  Indiaforensic SERVICES,,28-Sep-16,""" 39,882.00 """,,""" 1,321,663.00 """
409000936869',05-Nov-17,FDRL/INTERNAL FUND TRANSFE,,05-Nov-17,,""" 51,474.00 """,""" -732,363.00 """
409000124116',05-Jan-17,TRF FROM  Indiaforensic SERVICES,,05-Jan-17,""" 143,896.00 """,,""" 1,977,688.00 """
409000182011',15-Mar-17,ATM WITHDRAWAL,,15-Mar-17,,""" 403,063.00 """,""" 1,578,051.00 """
409000750929',19-Jan-16,TRF FROM  Indiaforensic SERVICES,,19-Jan-16,""" 171,417.00 """,,""" -597,398.00 """
409000969514',28-Nov-16,FDRL/INTERNAL FUND TRANSFE,,28-Nov-16,""" 107,433.00 """,,""" 548,606.00 """
409000101240',28-Aug-17,ATM WITHDRAWAL,,28-Aug-17,,""" 382,670.00 """,""" 1,419,004.00 """
409000324521',19-Nov-16,POS PURCHASE,,19-Nov-16,,""" 207,957.00 """,""" 1,533,956.00 """
409000858950',16-May-17,IMPS TRANSFER,,16-May-17,,""" 329,167.00 """,""" 1,018,175.00 """
409000267304',25-Sep-16,ATM WITHDRAWAL,,25-Sep-16,""" 80,801.00 """,,""" -96,897.00 """
409000112710',15-Nov-17,ATM WITHDRAWAL,,15-Nov-17,""" 43,868.00 """,,""" 1,719,887.00 """
409000694171',20-Apr-16,IMPS TRANSFER,,20-Apr-16,,""" 283,336.00 """,""" -1,050,792.00 """
409000612576',10-Nov-17,POS PURCHASE,,10-Nov-17,,""" 466,446.00 """,""" 904,214.00 """
409000509097',10-Jun-16,NEFT TRANSFER,,10-Jun-16,,""" 138,388.00 """,""" 477,227.00 """
409000211244',27-Aug-17,ATM WITHDRAWAL,,27-Aug-17,,""" 458,320.00 """,""" 56,015.00 """
409000547793',02-Sep-17,TRF FROM  Indiaforensic SERVICES,,02-Sep-17,""" 352,464.00 """,,""" 96,336.00 """
409000182011',04-Mar-17,IMPS TRANSFER,,04-Mar-17,,""" 423,288.00 """,""" 2,001,339.00 """
409000878488',04-Jun-17,FDRL/INTERNAL FUND TRANSFE,,04-Jun-17,,""" 367,504.00 """,""" -108,432.00 """
409000420436',28-Oct-17,NEFT TRANSFER,,28-Oct-17,,""" 354,081.00 """,""" 2,103,780.00 """
409000636341',21-Apr-17,NEFT TRANSFER,,21-Apr-17,,""" 116,716.00 """,""" 1,169,353.00 """
409000112710',09-Sep-16,ATM WITHDRAWAL,,09-Sep-16,""" 208,686.00 """,,""" 1,511,201.00 """
409000466987',03-Dec-17,POS PURCHASE,,03-Dec-17,,""" 348,427.00 """,""" 505,054.00 """
409000456174',14-Sep-16,TRF FROM  Indiaforensic SERVICES,,14-Sep-16,""" 195,460.00 """,,""" 626,124.00 """
409000879598',10-Jan-16,FDRL/INTERNAL FUND TRANSFE,,10-Jan-16,,""" 183,204.00 """,""" 1,504,867.00 """
409000612815',26-Jun-17,POS PURCHASE,,26-Jun-17,""" 354,740.00 """,,""" 968,169.00 """
409000509097',06-Dec-17,IMPS TRANSFER,,06-Dec-17,,""" 468,824.00 """,""" 946,051.00 """
409000431592',19-Jun-16,POS PURCHASE,,19-Jun-16,""" 178,083.00 """,,""" -166,914.00 """
409000872626',02-Sep-16,ATM WITHDRAWAL,,02-Sep-16,""" 281,938.00 """,,""" 471,138.00 """
409000636341',03-Jan-16,TRF FROM  Indiaforensic SERVICES,,03-Jan-16,""" 454,188.00 """,,""" 715,165.00 """
409000456174',16-Jul-17,IMPS TRANSFER,,16-Jul-17,,""" 463,652.00 """,""" 1,089,776.00 """
409000437062',02-Mar-17,IMPS TRANSFER,,02-Mar-17,,""" 199,970.00 """,""" -79,322.00 """
409000456174',07-Apr-16,ATM WITHDRAWAL,,07-Apr-16,,""" 137,167.00 """,""" 1,226,943.00 """
409000374540',07-Aug-17,FDRL/INTERNAL FUND TRANSFE,,07-Aug-17,""" 487,579.00 """,,""" -511,069.00 """
409000139970',25-Nov-16,TRF FROM  Indiaforensic SERVICES,,25-Nov-16,,""" 435,454.00 """,""" -297,791.00 """
409000466987',28-Dec-17,FDRL/INTERNAL FUND TRANSFE,,28-Dec-17,,""" 308,633.00 """,""" 813,687.00 """
409000914209',14-Mar-17,ATM WITHDRAWAL,,14-Mar-17,,""" 382,057.00 """,""" 1,460,705.00 """
409000117598',25-Nov-16,NEFT TRANSFER,,25-Nov-16,""" 64,886.00 """,,""" -1,249,543.00 """
409000565236',30-Sep-16,POS PURCHASE,,30-Sep-16,,""" 153,192.00 """,""" 642,826.00 """
409000286442',18-Aug-17,NEFT TRANSFER,,18-Aug-17,,""" 151,254.00 """,""" -1,334,819.00 """
409000933271',30-Jun-16,POS PURCHASE,,30-Jun-16,,""" 8,557.00 """,""" -651,349.00 """
409000592016',05-Nov-17,ATM WITHDRAWAL,,05-Nov-17,,""" 152,684.00 """,""" 1,387,181.00 """
409000431592',22-Dec-17,TRF FROM  Indiaforensic SERVICES,,22-Dec-17,""" 8,875.00 """,,""" -175,789.00 """
409000950568',15-Aug-17,TRF FROM  Indiaforensic SERVICES,,15-Aug-17,,""" 348,244.00 """,""" 983,679.00 """
409000884895',29-Feb-16,ATM WITHDRAWAL,,29-Feb-16,""" 252,320.00 """,,""" 1,648,378.00 """
409000658705',04-Jun-17,ATM WITHDRAWAL,,04-Jun-17,""" 483,021.00 """,,""" 3,014,673.00 """
409000139970',16-Jul-17,NEFT TRANSFER,,16-Jul-17,,""" 341,848.00 """,""" 44,057.00 """
409000444431',24-Nov-17,NEFT TRANSFER,,24-Nov-17,""" 6,599.00 """,,""" -420,016.00 """
409000139970',21-Jul-16,POS PURCHASE,,21-Jul-16,,""" 262,405.00 """,""" 306,462.00 """
409000737708',18-Dec-16,IMPS TRANSFER,,18-Dec-16,""" 46,182.00 """,,""" 2,142,180.00 """
409000369346',30-Aug-16,IMPS TRANSFER,,30-Aug-16,""" 422,097.00 """,,""" 1,003,833.00 """
409000211244',27-Dec-16,ATM WITHDRAWAL,,27-Dec-16,,""" 3,653.00 """,""" 59,668.00 """
409000557336',09-Dec-16,FDRL/INTERNAL FUND TRANSFE,,09-Dec-16,,""" 187,277.00 """,""" 1,957,082.00 """
409000883932',03-Jun-17,IMPS TRANSFER,,03-Jun-17,,""" 393,550.00 """,""" -316,330.00 """
409000177276',12-Jun-16,NEFT TRANSFER,,12-Jun-16,""" 149,347.00 """,,""" -1,388,607.00 """
409000133390',20-Nov-17,POS PURCHASE,,20-Nov-17,,""" 340,477.00 """,""" 522,617.00 """
409000945930',18-May-16,IMPS TRANSFER,,18-May-16,""" 392,260.00 """,,""" -86,092.00 """
409000700042',06-Mar-17,POS PURCHASE,,06-Mar-17,""" 193,969.00 """,,""" 198,503.00 """
409000682109',09-Apr-16,NEFT TRANSFER,,09-Apr-16,,""" 224,614.00 """,""" 2,803,206.00 """
409000816639',14-Sep-17,IMPS TRANSFER,,14-Sep-17,,""" 475,344.00 """,""" -732,871.00 """
409000685219',04-Jun-17,TRF FROM  Indiaforensic SERVICES,,04-Jun-17,""" 216,455.00 """,,""" 3,041,723.00 """
409000405310',21-Nov-17,IMPS TRANSFER,,21-Nov-17,,""" 152,817.00 """,""" -813,369.00 """
409000124116',21-Dec-17,TRF FROM  Indiaforensic SERVICES,,21-Dec-17,""" 431,861.00 """,,""" 1,545,827.00 """
409000226012',11-Jan-16,IMPS TRANSFER,,11-Jan-16,,""" 412,964.00 """,""" 2,053,008.00 """
409000323528',16-Nov-17,NEFT TRANSFER,,16-Nov-17,""" 444,268.00 """,,""" -929,718.00 """
409000805120',16-Jan-16,ATM WITHDRAWAL,,16-Jan-16,""" 176,323.00 """,,""" 1,039,283.00 """
409000402246',11-May-16,IMPS TRANSFER,,11-May-16,,""" 456,692.00 """,""" 2,472,314.00 """
409000583676',12-Jul-17,NEFT TRANSFER,,12-Jul-17,,""" 90,590.00 """,""" -49,691.00 """
409000607258',29-Nov-16,FDRL/INTERNAL FUND TRANSFE,,29-Nov-16,""" 86,979.00 """,,""" -507,173.00 """
409000730439',29-Apr-17,NEFT TRANSFER,,29-Apr-17,""" 312,816.00 """,,""" 146,622.00 """
409000885944',08-Apr-16,POS PURCHASE,,08-Apr-16,""" 1,615.00 """,,""" 438,478.00 """
409000530205',04-Dec-16,TRF FROM  Indiaforensic SERVICES,,04-Dec-16,""" 80,284.00 """,,""" 786,408.00 """
409000320353',23-Feb-16,TRF FROM  Indiaforensic SERVICES,,23-Feb-16,,""" 472,126.00 """,""" 27,047.00 """
409000750929',31-Aug-16,IMPS TRANSFER,,31-Aug-16,,""" 33,620.00 """,""" -563,778.00 """
409000707260',12-Oct-16,IMPS TRANSFER,,12-Oct-16,,""" 409,476.00 """,""" 1,294,504.00 """
409000257712',22-Jul-16,IMPS TRANSFER,,22-Jul-16,,""" 721.00 """,""" -804,757.00 """
409000530205',20-Jul-17,IMPS TRANSFER,,20-Jul-17,,""" 457,561.00 """,""" 1,243,969.00 """
409000969252',22-Apr-16,TRF FROM  Indiaforensic SERVICES,,22-Apr-16,,""" 447,758.00 """,""" 261,333.00 """
409000858950',30-Aug-16,ATM WITHDRAWAL,,30-Aug-16,,""" 462,145.00 """,""" 1,480,320.00 """
409000183728',23-Jul-17,POS PURCHASE,,23-Jul-17,""" 359,800.00 """,,""" 1,754,756.00 """
409000818557',07-May-17,POS PURCHASE,,07-May-17,""" 475,565.00 """,,""" 1,706,548.00 """
409000323528',23-Mar-16,POS PURCHASE,,23-Mar-16,,""" 472,193.00 """,""" -457,525.00 """
409000793776',21-Apr-16,TRF FROM  Indiaforensic SERVICES,,21-Apr-16,""" 494,116.00 """,,""" -589,626.00 """
409000941296',16-Aug-17,IMPS TRANSFER,,16-Aug-17,,""" 232,841.00 """,""" 864,619.00 """
409000661072',20-Mar-16,NEFT TRANSFER,,20-Mar-16,,""" 199,546.00 """,""" 1,771,251.00 """
409000251221',17-Apr-16,POS PURCHASE,,17-Apr-16,,""" 126,189.00 """,""" 199,824.00 """
409000565236',21-Nov-17,ATM WITHDRAWAL,,21-Nov-17,,""" 266,708.00 """,""" 909,534.00 """
409000257712',16-Jul-17,ATM WITHDRAWAL,,16-Jul-17,,""" 212,828.00 """,""" -591,929.00 """
409000748053',29-Sep-16,FDRL/INTERNAL FUND TRANSFE,,29-Sep-16,,""" 339,867.00 """,""" 466,098.00 """
409000603011',15-Sep-17,FDRL/INTERNAL FUND TRANSFE,,15-Sep-17,,""" 256,489.00 """,""" 1,168,305.00 """
409000915343',28-Dec-17,NEFT TRANSFER,,28-Dec-17,""" 354,712.00 """,,""" -118,611.00 """
409000750929',22-Oct-17,FDRL/INTERNAL FUND TRANSFE,,22-Oct-17,""" 174,801.00 """,,""" -738,579.00 """
409000308752',03-Nov-17,POS PURCHASE,,03-Nov-17,""" 397,410.00 """,,""" 1,054,416.00 """
409000968666',26-Apr-16,ATM WITHDRAWAL,,26-Apr-16,""" 373,786.00 """,,""" 1,530,491.00 """
409000404291',15-Jun-17,ATM WITHDRAWAL,,15-Jun-17,""" 315,081.00 """,,""" 514,220.00 """
409000878488',05-May-16,FDRL/INTERNAL FUND TRANSFE,,05-May-16,""" 292,248.00 """,,""" -400,680.00 """
409000969514',13-Nov-17,POS PURCHASE,,13-Nov-17,""" 120,648.00 """,,""" 427,958.00 """
409000323528',10-Mar-16,TRF FROM  Indiaforensic SERVICES,,10-Mar-16,,""" 418,791.00 """,""" -38,734.00 """
409000189919',01-Oct-17,ATM WITHDRAWAL,,01-Oct-17,""" 403,535.00 """,,""" 551,174.00 """
409000473731',29-Oct-16,POS PURCHASE,,29-Oct-16,,""" 234,193.00 """,""" 20,052.00 """
409000456174',04-Jul-16,POS PURCHASE,,04-Jul-16,,""" 435,707.00 """,""" 1,662,650.00 """
409000636341',07-Jun-17,FDRL/INTERNAL FUND TRANSFE,,07-Jun-17,""" 2,862.00 """,,""" 712,303.00 """
409000677702',16-Feb-16,ATM WITHDRAWAL,,16-Feb-16,""" 99,118.00 """,,""" 2,059,449.00 """
409000818557',15-May-17,POS PURCHASE,,15-May-17,""" 365,891.00 """,,""" 1,340,657.00 """
409000991571',29-Mar-16,ATM WITHDRAWAL,,29-Mar-16,,""" 113,912.00 """,""" 2,133,621.00 """
409000942858',01-Jul-17,IMPS TRANSFER,,01-Jul-17,""" 315,048.00 """,,""" -1,683,654.00 """
409000157380',10-Jan-17,TRF FROM  Indiaforensic SERVICES,,10-Jan-17,""" 1,339.00 """,,""" 2,692,421.00 """
409000635999',15-Sep-17,POS PURCHASE,,15-Sep-17,,""" 351,230.00 """,""" 367,290.00 """
409000583676',12-May-16,FDRL/INTERNAL FUND TRANSFE,,12-May-16,,""" 473,038.00 """,""" 423,347.00 """
409000985312',12-May-17,POS PURCHASE,,12-May-17,,""" 446,601.00 """,""" -2,272,677.00 """
409000659479',13-May-16,TRF FROM  Indiaforensic SERVICES,,13-May-16,,""" 203,829.00 """,""" 1,230,170.00 """
409000203226',30-Dec-17,POS PURCHASE,,30-Dec-17,,""" 68,053.00 """,""" 1,009,644.00 """
409000933271',29-Jan-17,NEFT TRANSFER,,29-Jan-17,,""" 362,382.00 """,""" -288,967.00 """
409000590992',24-Nov-17,POS PURCHASE,,24-Nov-17,,""" 296,025.00 """,""" 1,665,355.00 """
409000197540',28-Dec-16,IMPS TRANSFER,,28-Dec-16,""" 38,855.00 """,,""" 1,231,618.00 """
409000897819',26-Jan-17,POS PURCHASE,,26-Jan-17,""" 198,969.00 """,,""" 544,066.00 """
409000831495',30-Dec-16,FDRL/INTERNAL FUND TRANSFE,,30-Dec-16,,""" 394,536.00 """,""" -176,751.00 """
409000358006',01-Nov-16,ATM WITHDRAWAL,,01-Nov-16,""" 365,674.00 """,,""" 2,976,686.00 """
409000183728',21-Mar-17,POS PURCHASE,,21-Mar-17,,""" 375,650.00 """,""" 2,130,406.00 """
409000590992',20-Jun-17,NEFT TRANSFER,,20-Jun-17,""" 317,273.00 """,,""" 1,348,082.00 """
409000636341',03-Dec-17,IMPS TRANSFER,,03-Dec-17,,""" 391,581.00 """,""" 1,103,884.00 """
409000985431',02-Mar-16,POS PURCHASE,,02-Mar-16,,""" 493,367.00 """,""" 918,472.00 """
409000793776',20-Jun-17,IMPS TRANSFER,,20-Jun-17,""" 132.00 """,,""" -589,758.00 """
409000607258',07-Apr-16,FDRL/INTERNAL FUND TRANSFE,,07-Apr-16,""" 373,656.00 """,,""" -880,829.00 """
409000219567',15-Apr-17,TRF FROM  Indiaforensic SERVICES,,15-Apr-17,,""" 229,736.00 """,""" 148,340.00 """
409000140684',24-Sep-17,TRF FROM  Indiaforensic SERVICES,,24-Sep-17,""" 323,624.00 """,,""" 365,130.00 """
409000254468',14-Oct-17,POS PURCHASE,,14-Oct-17,,""" 90,661.00 """,""" 1,387,386.00 """
409000375824',14-Jul-17,TRF FROM  Indiaforensic SERVICES,,14-Jul-17,,""" 175,942.00 """,""" -282,440.00 """
409000442391',04-Jan-17,IMPS TRANSFER,,04-Jan-17,""" 64,876.00 """,,""" 2,229,553.00 """
409000586455',18-May-17,FDRL/INTERNAL FUND TRANSFE,,18-May-17,""" 103,994.00 """,,""" -1,711,821.00 """
409000957334',07-Jul-16,TRF FROM  Indiaforensic SERVICES,,07-Jul-16,,""" 267,314.00 """,""" 1,978,228.00 """
409000132496',04-Mar-16,TRF FROM  Indiaforensic SERVICES,,04-Mar-16,""" 179,585.00 """,,""" 1,780,164.00 """
409000754740',11-Dec-17,TRF FROM  Indiaforensic SERVICES,,11-Dec-17,,""" 386,506.00 """,""" 357,570.00 """
409000267304',23-Jul-17,TRF FROM  Indiaforensic SERVICES,,23-Jul-17,,""" 63,182.00 """,""" -33,715.00 """
409000714173',21-Feb-16,TRF FROM  Indiaforensic SERVICES,,21-Feb-16,""" 466,512.00 """,,""" 82,707.00 """
409000959133',13-Mar-17,POS PURCHASE,,13-Mar-17,,""" 26,614.00 """,""" 745,269.00 """
409000220856',10-Jul-17,TRF FROM  Indiaforensic SERVICES,,10-Jul-17,""" 340,584.00 """,,""" 1,998,544.00 """
409000941296',06-Jan-16,ATM WITHDRAWAL,,06-Jan-16,,""" 416,479.00 """,""" 1,281,098.00 """
409000466987',29-Jul-16,NEFT TRANSFER,,29-Jul-16,""" 91,541.00 """,,""" 722,146.00 """
409000655411',13-Apr-17,NEFT TRANSFER,,13-Apr-17,""" 161,334.00 """,,""" -1,306,592.00 """
409000470910',19-Dec-17,POS PURCHASE,,19-Dec-17,,""" 58,693.00 """,""" 1,039,439.00 """
409000661072',10-Dec-17,ATM WITHDRAWAL,,10-Dec-17,""" 321,571.00 """,,""" 1,449,680.00 """
409000737708',30-May-16,IMPS TRANSFER,,30-May-16,""" 420,792.00 """,,""" 1,721,388.00 """
409000132496',21-May-17,FDRL/INTERNAL FUND TRANSFE,,21-May-17,""" 39,439.00 """,,""" 1,740,725.00 """
409000974947',10-Jul-17,NEFT TRANSFER,,10-Jul-17,""" 322,597.00 """,,""" 597,485.00 """
409000444431',08-Feb-16,ATM WITHDRAWAL,,08-Feb-16,""" 256,109.00 """,,""" -676,125.00 """
409000885944',23-Apr-17,TRF FROM  Indiaforensic SERVICES,,23-Apr-17,""" 336,358.00 """,,""" 102,120.00 """
409000734739',03-Apr-16,ATM WITHDRAWAL,,03-Apr-16,""" 6,330.00 """,,""" 9,608.00 """
409000884895',12-Aug-17,ATM WITHDRAWAL,,12-Aug-17,,""" 287,145.00 """,""" 1,935,523.00 """
409000203226',04-Sep-16,ATM WITHDRAWAL,,04-Sep-16,""" 93,090.00 """,,""" 916,554.00 """
409000554832',08-Jul-16,ATM WITHDRAWAL,,08-Jul-16,""" 258,929.00 """,,""" 98,701.00 """
409000755100',31-Oct-17,TRF FROM  Indiaforensic SERVICES,,31-Oct-17,,""" 203,244.00 """,""" 689,914.00 """
409000131038',30-Oct-16,IMPS TRANSFER,,30-Oct-16,""" 94,878.00 """,,""" 22,954.00 """
409000952891',26-Jan-17,POS PURCHASE,,26-Jan-17,""" 326,048.00 """,,""" -751,455.00 """
409000592016',09-Feb-16,POS PURCHASE,,09-Feb-16,,""" 487,468.00 """,""" 1,874,649.00 """
409000754213',19-Jan-17,TRF FROM  Indiaforensic SERVICES,,19-Jan-17,""" 17,152.00 """,,""" -816,418.00 """
409000607258',17-Feb-17,ATM WITHDRAWAL,,17-Feb-17,""" 241,720.00 """,,""" -1,122,549.00 """
409000872626',14-Jun-17,POS PURCHASE,,14-Jun-17,""" 5,072.00 """,,""" 466,066.00 """
409000754213',28-Aug-16,IMPS TRANSFER,,28-Aug-16,""" 325,329.00 """,,""" -1,141,747.00 """
409000831704',30-Sep-16,POS PURCHASE,,30-Sep-16,,""" 97,023.00 """,""" 182,398.00 """
409000933271',18-Sep-17,NEFT TRANSFER,,18-Sep-17,""" 376,379.00 """,,""" -665,346.00 """
409000617980',06-Jan-16,ATM WITHDRAWAL,,06-Jan-16,,""" 174,382.00 """,""" 498,004.00 """
409000140684',19-Jul-16,ATM WITHDRAWAL,,19-Jul-16,""" 238,474.00 """,,""" 126,656.00 """
409000324521',30-Jun-16,IMPS TRANSFER,,30-Jun-16,""" 218,781.00 """,,""" 1,315,175.00 """
409000183728',21-Jan-16,ATM WITHDRAWAL,,21-Jan-16,""" 336,902.00 """,,""" 1,793,504.00 """
409000693356',10-May-16,NEFT TRANSFER,,10-May-16,""" 165,883.00 """,,""" -2,780,545.00 """
409000251221',24-Dec-16,FDRL/INTERNAL FUND TRANSFE,,24-Dec-16,""" 245,779.00 """,,""" -45,955.00 """
409000478491',08-Mar-17,IMPS TRANSFER,,08-Mar-17,""" 67,764.00 """,,""" -249,486.00 """
409000452520',24-Apr-16,TRF FROM  Indiaforensic SERVICES,,24-Apr-16,""" 276,317.00 """,,""" 633,201.00 """
409000374540',03-Feb-16,POS PURCHASE,,03-Feb-16,""" 174,654.00 """,,""" -685,723.00 """
409000755100',15-May-16,ATM WITHDRAWAL,,15-May-16,,""" 96,965.00 """,""" 786,879.00 """
409000707260',19-Oct-16,TRF FROM  Indiaforensic SERVICES,,19-Oct-16,""" 167,636.00 """,,""" 1,126,868.00 """
409000338678',05-Sep-16,TRF FROM  Indiaforensic SERVICES,,05-Sep-16,,""" 433,443.00 """,""" 1,167,094.00 """
409000420436',10-Jan-17,POS PURCHASE,,10-Jan-17,,""" 73,612.00 """,""" 2,177,392.00 """
409000991571',06-Dec-16,ATM WITHDRAWAL,,06-Dec-16,,""" 77,891.00 """,""" 2,211,512.00 """
409000959133',08-Mar-16,FDRL/INTERNAL FUND TRANSFE,,08-Mar-16,,""" 313,134.00 """,""" 1,058,403.00 """
409000257712',30-Jun-16,ATM WITHDRAWAL,,30-Jun-16,,""" 219,105.00 """,""" -372,824.00 """
409000945930',25-Sep-16,ATM WITHDRAWAL,,25-Sep-16,""" 391,607.00 """,,""" -477,699.00 """
409000157380',25-Nov-16,ATM WITHDRAWAL,,25-Nov-16,""" 265,266.00 """,,""" 2,427,155.00 """
409000831495',18-Jan-17,ATM WITHDRAWAL,,18-Jan-17,""" 360,083.00 """,,""" -536,834.00 """
409000182011',22-May-16,IMPS TRANSFER,,22-May-16,""" 70,687.00 """,,""" 1,930,652.00 """
409000656583',17-May-16,IMPS TRANSFER,,17-May-16,""" 51,839.00 """,,""" 753,662.00 """
409000805120',17-Apr-17,FDRL/INTERNAL FUND TRANSFE,,17-Apr-17,""" 427,738.00 """,,""" 611,545.00 """
409000224429',24-Jan-17,POS PURCHASE,,24-Jan-17,,""" 335,661.00 """,""" 2,339,066.00 """
409000612815',04-Jun-17,FDRL/INTERNAL FUND TRANSFE,,04-Jun-17,,""" 336,402.00 """,""" 1,304,571.00 """
409000326234',08-Aug-16,TRF FROM  Indiaforensic SERVICES,,08-Aug-16,,""" 463,106.00 """,""" 702,085.00 """
409000566372',20-May-16,NEFT TRANSFER,,20-May-16,,""" 246,839.00 """,""" 2,257,531.00 """
409000405310',04-May-17,POS PURCHASE,,04-May-17,,""" 322,402.00 """,""" -490,967.00 """
409000720631',11-Jan-16,TRF FROM  Indiaforensic SERVICES,,11-Jan-16,,""" 365,308.00 """,""" 1,957,044.00 """
409000878488',10-Jun-16,IMPS TRANSFER,,10-Jun-16,""" 220,510.00 """,,""" -621,190.00 """
409000478491',27-Mar-17,POS PURCHASE,,27-Mar-17,,""" 166,631.00 """,""" -82,855.00 """
409000257712',28-Mar-17,NEFT TRANSFER,,28-Mar-17,""" 123,541.00 """,,""" -496,365.00 """
409000339352',30-Aug-16,TRF FROM  Indiaforensic SERVICES,,30-Aug-16,""" 290,696.00 """,,""" 521,587.00 """
409000897819',06-Sep-17,IMPS TRANSFER,,06-Sep-17,,""" 99,529.00 """,""" 643,595.00 """
409000117598',29-Jul-17,POS PURCHASE,,29-Jul-17,,""" 150,694.00 """,""" -1,098,849.00 """
409000883932',04-Feb-16,ATM WITHDRAWAL,,04-Feb-16,""" 55,739.00 """,,""" -372,069.00 """
409000959133',12-May-17,IMPS TRANSFER,,12-May-17,,""" 265,922.00 """,""" 1,324,325.00 """
409000831704',24-Apr-16,POS PURCHASE,,24-Apr-16,,""" 458,599.00 """,""" 640,997.00 """
409000596389',20-Jan-17,POS PURCHASE,,20-Jan-17,,""" 268,064.00 """,""" 2,920,759.00 """
409000612815',23-Oct-16,NEFT TRANSFER,,23-Oct-16,,""" 442,908.00 """,""" 1,747,479.00 """
409000603011',05-Apr-17,TRF FROM  Indiaforensic SERVICES,,05-Apr-17,,""" 44,340.00 """,""" 1,212,645.00 """
409000969252',10-Jul-16,ATM WITHDRAWAL,,10-Jul-16,""" 6,981.00 """,,""" 254,352.00 """
409000375642',19-May-16,NEFT TRANSFER,,19-May-16,,""" 475,587.00 """,""" 1,209,444.00 """
409000950802',09-Aug-16,POS PURCHASE,,09-Aug-16,""" 102,576.00 """,,""" 1,581,405.00 """
409000635340',24-Jun-17,IMPS TRANSFER,,24-Jun-17,""" 483,934.00 """,,""" -554,151.00 """
409000110491',04-Oct-16,POS PURCHASE,,04-Oct-16,,""" 51,769.00 """,""" -1,160,096.00 """
409000112490',13-May-17,IMPS TRANSFER,,13-May-17,""" 484,726.00 """,,""" -1,103,503.00 """
409000586455',25-Feb-16,POS PURCHASE,,25-Feb-16,,""" 382,030.00 """,""" -1,329,791.00 """
409000707260',10-May-16,FDRL/INTERNAL FUND TRANSFE,,10-May-16,""" 418,820.00 """,,""" 708,048.00 """
409000586455',11-Nov-17,POS PURCHASE,,11-Nov-17,,""" 194,164.00 """,""" -1,135,627.00 """
409000635999',20-Apr-17,POS PURCHASE,,20-Apr-17,,""" 136,292.00 """,""" 503,582.00 """
409000326234',26-Jan-16,TRF FROM  Indiaforensic SERVICES,,26-Jan-16,,""" 168,196.00 """,""" 870,281.00 """
409000748053',08-Mar-17,POS PURCHASE,,08-Mar-17,""" 36,960.00 """,,""" 429,138.00 """
409000566372',06-Dec-16,IMPS TRANSFER,,06-Dec-16,,""" 176,389.00 """,""" 2,433,920.00 """
409000502720',04-May-17,TRF FROM  Indiaforensic SERVICES,,04-May-17,""" 227,334.00 """,,""" 2,623,990.00 """
409000404291',04-Dec-16,TRF FROM  Indiaforensic SERVICES,,04-Dec-16,,""" 101,402.00 """,""" 615,622.00 """
409000100196',07-Jul-17,TRF FROM  Indiaforensic SERVICES,,07-Jul-17,,""" 377,725.00 """,""" 135,268.00 """
409000304900',24-Jul-17,NEFT TRANSFER,,24-Jul-17,,""" 245,579.00 """,""" -366,005.00 """
409000673061',26-Aug-16,ATM WITHDRAWAL,,26-Aug-16,,""" 52,262.00 """,""" 1,932,702.00 """
409000442391',25-Jun-16,POS PURCHASE,,25-Jun-16,""" 39,857.00 """,,""" 2,189,696.00 """
409000755100',04-Apr-17,FDRL/INTERNAL FUND TRANSFE,,04-Apr-17,""" 265,902.00 """,,""" 520,977.00 """
409000130217',07-Dec-16,ATM WITHDRAWAL,,07-Dec-16,,""" 126,002.00 """,""" -1,573,011.00 """
409000565236',18-Jul-16,NEFT TRANSFER,,18-Jul-16,""" 8,516.00 """,,""" 901,018.00 """
409000553399',16-Apr-17,POS PURCHASE,,16-Apr-17,,""" 83,599.00 """,""" 1,544,324.00 """
409000530053',17-Dec-17,IMPS TRANSFER,,17-Dec-17,,""" 248,689.00 """,""" 919,538.00 """
409000807760',04-Mar-17,IMPS TRANSFER,,04-Mar-17,,""" 12,820.00 """,""" 1,927,203.00 """
409000339352',23-Mar-17,TRF FROM  Indiaforensic SERVICES,,23-Mar-17,""" 185,642.00 """,,""" 335,945.00 """
409000942858',29-Jun-16,FDRL/INTERNAL FUND TRANSFE,,29-Jun-16,,""" 158,152.00 """,""" -1,525,502.00 """
409000635937',14-Aug-17,FDRL/INTERNAL FUND TRANSFE,,14-Aug-17,,""" 432,896.00 """,""" -375,978.00 """
409000251221',14-May-16,TRF FROM  Indiaforensic SERVICES,,14-May-16,,""" 97,604.00 """,""" 51,649.00 """
409000953042',03-Mar-16,POS PURCHASE,,03-Mar-16,,""" 278,060.00 """,""" -192,818.00 """
409000324521',09-Mar-16,POS PURCHASE,,09-Mar-16,""" 325,480.00 """,,""" 989,695.00 """
409000263631',15-Dec-17,FDRL/INTERNAL FUND TRANSFE,,15-Dec-17,""" 65,779.00 """,,""" 2,588,874.00 """
409000316747',18-Feb-17,NEFT TRANSFER,,18-Feb-17,,""" 466,583.00 """,""" -1,199,369.00 """
409000733355',22-Feb-17,IMPS TRANSFER,,22-Feb-17,,""" 416,044.00 """,""" 1,400,494.00 """
409000326234',07-Nov-17,TRF FROM  Indiaforensic SERVICES,,07-Nov-17,,""" 104,752.00 """,""" 975,033.00 """
409000112490',26-Jan-17,IMPS TRANSFER,,26-Jan-17,,""" 18,381.00 """,""" -1,085,122.00 """
409000271204',15-Apr-16,NEFT TRANSFER,,15-Apr-16,,""" 241,751.00 """,""" 1,674,898.00 """
409000815934',30-May-16,TRF FROM  Indiaforensic SERVICES,,30-May-16,""" 454,597.00 """,,""" 1,563,829.00 """
409000612815',10-Jan-17,IMPS TRANSFER,,10-Jan-17,,""" 198,761.00 """,""" 1,946,240.00 """
409000583676',16-Mar-17,NEFT TRANSFER,,16-Mar-17,,""" 75,658.00 """,""" 499,005.00 """
409000815934',11-Sep-17,TRF FROM  Indiaforensic SERVICES,,11-Sep-17,,""" 323,411.00 """,""" 1,887,240.00 """
409000565236',25-Nov-17,NEFT TRANSFER,,25-Nov-17,""" 206,534.00 """,,""" 694,484.00 """
409000807760',18-May-16,NEFT TRANSFER,,18-May-16,,""" 43,377.00 """,""" 1,970,580.00 """
409000375824',17-Apr-16,POS PURCHASE,,17-Apr-16,""" 490,775.00 """,,""" -773,215.00 """
409000883932',21-Jun-16,POS PURCHASE,,21-Jun-16,,""" 154,100.00 """,""" -217,969.00 """
409000167461',30-Jul-16,TRF FROM  Indiaforensic SERVICES,,30-Jul-16,""" 202,427.00 """,,""" -392,148.00 """
409000167461',28-Dec-16,TRF FROM  Indiaforensic SERVICES,,28-Dec-16,""" 473,365.00 """,,""" -865,513.00 """
409000969252',14-May-16,ATM WITHDRAWAL,,14-May-16,,""" 496,021.00 """,""" 750,373.00 """
409000267304',15-Apr-17,POS PURCHASE,,15-Apr-17,""" 371,418.00 """,,""" -405,133.00 """
409000545992',05-Oct-16,POS PURCHASE,,05-Oct-16,""" 67,632.00 """,,""" 286,976.00 """
409000808057',24-Nov-16,POS PURCHASE,,24-Nov-16,""" 114,135.00 """,,""" -4,150,213.00 """
409000405310',25-Jul-17,IMPS TRANSFER,,25-Jul-17,,""" 146,275.00 """,""" -344,692.00 """
409000603011',29-Oct-17,POS PURCHASE,,29-Oct-17,""" 88,981.00 """,,""" 1,123,664.00 """
409000263631',06-Jan-17,TRF FROM  Indiaforensic SERVICES,,06-Jan-17,,""" 133,182.00 """,""" 2,722,056.00 """
409000189919',12-Dec-17,IMPS TRANSFER,,12-Dec-17,,""" 355,248.00 """,""" 906,422.00 """
409000557336',01-Feb-17,POS PURCHASE,,01-Feb-17,""" 142,663.00 """,,""" 1,814,419.00 """
409000431592',11-Apr-16,ATM WITHDRAWAL,,11-Apr-16,,""" 243,399.00 """,""" 67,610.00 """
409000677702',14-Oct-17,FDRL/INTERNAL FUND TRANSFE,,14-Oct-17,""" 361,181.00 """,,""" 1,698,268.00 """
409000998512',17-Mar-17,FDRL/INTERNAL FUND TRANSFE,,17-Mar-17,""" 118,092.00 """,,""" 258,027.00 """
409000236053',15-Nov-16,ATM WITHDRAWAL,,15-Nov-16,""" 66,299.00 """,,""" -751,807.00 """
409000211244',10-Jul-17,TRF FROM  Indiaforensic SERVICES,,10-Jul-17,""" 73,995.00 """,,""" -14,327.00 """
409000592016',01-Feb-17,IMPS TRANSFER,,01-Feb-17,,""" 39,154.00 """,""" 1,913,803.00 """
409000755100',24-Mar-16,ATM WITHDRAWAL,,24-Mar-16,,""" 97,608.00 """,""" 618,585.00 """
409000985312',08-Apr-16,ATM WITHDRAWAL,,08-Apr-16,""" 218,121.00 """,,""" -2,490,798.00 """
409000530205',21-Feb-16,NEFT TRANSFER,,21-Feb-16,""" 219,027.00 """,,""" 1,024,942.00 """
409000945930',16-Apr-17,NEFT TRANSFER,,16-Apr-17,,""" 67,150.00 """,""" -410,549.00 """
409000754213',01-Mar-17,NEFT TRANSFER,,01-Mar-17,""" 227,513.00 """,,""" -1,369,260.00 """
409000130217',03-Sep-17,IMPS TRANSFER,,03-Sep-17,""" 210,795.00 """,,""" -1,783,806.00 """
409000941296',12-May-16,POS PURCHASE,,12-May-16,,""" 108,030.00 """,""" 1,389,128.00 """
409000456174',18-Oct-16,POS PURCHASE,,18-Oct-16,,""" 375,180.00 """,""" 2,037,830.00 """
409000286442',14-Sep-16,NEFT TRANSFER,,14-Sep-16,,""" 462,796.00 """,""" -872,023.00 """
409000998512',09-Jul-16,POS PURCHASE,,09-Jul-16,""" 312,156.00 """,,""" -54,129.00 """
409000324521',28-Mar-17,FDRL/INTERNAL FUND TRANSFE,,28-Mar-17,""" 451,951.00 """,,""" 537,744.00 """
409000635999',27-Dec-17,FDRL/INTERNAL FUND TRANSFE,,27-Dec-17,,""" 481,704.00 """,""" 985,286.00 """
409000957334',07-Jul-17,IMPS TRANSFER,,07-Jul-17,""" 256,416.00 """,,""" 1,721,812.00 """
409000545992',05-Apr-17,POS PURCHASE,,05-Apr-17,,""" 431,366.00 """,""" 718,342.00 """
409000635937',06-Jul-17,IMPS TRANSFER,,06-Jul-17,,""" 415,654.00 """,""" 39,676.00 """
409000959133',23-Mar-16,ATM WITHDRAWAL,,23-Mar-16,""" 306,985.00 """,,""" 1,017,340.00 """
409000182803',24-Dec-17,POS PURCHASE,,24-Dec-17,""" 72,440.00 """,,""" 2,011,400.00 """
409000985312',17-Apr-16,FDRL/INTERNAL FUND TRANSFE,,17-Apr-16,""" 241,724.00 """,,""" -2,732,522.00 """
409000845049',04-Dec-16,ATM WITHDRAWAL,,04-Dec-16,,""" 494,490.00 """,""" 1,596,127.00 """
409000658705',21-Feb-17,POS PURCHASE,,21-Feb-17,,""" 228,047.00 """,""" 3,242,720.00 """
409000369346',31-May-16,FDRL/INTERNAL FUND TRANSFE,,31-May-16,""" 197,513.00 """,,""" 806,320.00 """
409000915343',26-Sep-17,TRF FROM  Indiaforensic SERVICES,,26-Sep-17,,""" 390,397.00 """,""" 271,786.00 """
409000105440',12-May-17,FDRL/INTERNAL FUND TRANSFE,,12-May-17,,""" 30,703.00 """,""" -369,679.00 """
409000879598',06-Oct-16,IMPS TRANSFER,,06-Oct-16,""" 278,006.00 """,,""" 1,226,861.00 """
409000885944',13-May-17,ATM WITHDRAWAL,,13-May-17,""" 303,682.00 """,,""" -201,562.00 """
409000220856',03-Jan-16,TRF FROM  Indiaforensic SERVICES,,03-Jan-16,""" 499,119.00 """,,""" 1,499,425.00 """
409000239127',26-May-16,IMPS TRANSFER,,26-May-16,,""" 206,714.00 """,""" 541,377.00 """
409000974947',21-Jun-16,NEFT TRANSFER,,21-Jun-16,""" 348,511.00 """,,""" 248,974.00 """
409000974947',20-Jan-16,IMPS TRANSFER,,20-Jan-16,,""" 141,335.00 """,""" 390,309.00 """
409000845049',04-May-17,NEFT TRANSFER,,04-May-17,,""" 100,622.00 """,""" 1,696,749.00 """
409000942858',29-Sep-16,TRF FROM  Indiaforensic SERVICES,,29-Sep-16,""" 404,557.00 """,,""" -1,930,059.00 """
409000837739',21-Apr-17,TRF FROM  Indiaforensic SERVICES,,21-Apr-17,""" 122,330.00 """,,""" -1,812,626.00 """
409000530205',13-Feb-16,NEFT TRANSFER,,13-Feb-16,""" 45,176.00 """,,""" 979,766.00 """
409000772264',16-Feb-16,POS PURCHASE,,16-Feb-16,,""" 293,485.00 """,""" -414,300.00 """
409000684481',20-Oct-16,FDRL/INTERNAL FUND TRANSFE,,20-Oct-16,""" 314,852.00 """,,""" -503,340.00 """
409000442391',16-Apr-16,POS PURCHASE,,16-Apr-16,,""" 227,245.00 """,""" 2,416,941.00 """
409000831704',20-Nov-16,IMPS TRANSFER,,20-Nov-16,,""" 205,177.00 """,""" 846,174.00 """
409000124116',01-Nov-17,POS PURCHASE,,01-Nov-17,,""" 113,707.00 """,""" 1,659,534.00 """
409000998512',16-May-16,POS PURCHASE,,16-May-16,""" 290,558.00 """,,""" -344,687.00 """
409000714173',24-Apr-16,ATM WITHDRAWAL,,24-Apr-16,,""" 443,995.00 """,""" 526,702.00 """
409000566372',26-Nov-16,TRF FROM  Indiaforensic SERVICES,,26-Nov-16,""" 126,119.00 """,,""" 2,307,801.00 """
409000473731',13-Sep-16,TRF FROM  Indiaforensic SERVICES,,13-Sep-16,,""" 33,743.00 """,""" 53,795.00 """
409000907892',25-Jan-16,POS PURCHASE,,25-Jan-16,""" 329,131.00 """,,""" -129,423.00 """
409000957334',06-Aug-16,ATM WITHDRAWAL,,06-Aug-16,""" 289,815.00 """,,""" 1,431,997.00 """
409000755100',19-Jun-17,POS PURCHASE,,19-Jun-17,,""" 10,565.00 """,""" 629,150.00 """
409000754740',09-Feb-16,TRF FROM  Indiaforensic SERVICES,,09-Feb-16,,""" 39,849.00 """,""" 397,419.00 """
409000936869',02-Apr-16,IMPS TRANSFER,,02-Apr-16,,""" 113,959.00 """,""" -618,404.00 """
409000673061',25-May-16,NEFT TRANSFER,,25-May-16,,""" 20,098.00 """,""" 1,952,800.00 """
409000157380',09-Jun-16,ATM WITHDRAWAL,,09-Jun-16,,""" 140,011.00 """,""" 2,567,166.00 """
409000883932',05-Mar-17,NEFT TRANSFER,,05-Mar-17,,""" 487,753.00 """,""" 269,784.00 """
409000112710',31-Jul-16,POS PURCHASE,,31-Jul-16,,""" 202,777.00 """,""" 1,713,978.00 """
409000320353',30-May-16,POS PURCHASE,,30-May-16,,""" 401,721.00 """,""" 428,768.00 """
409000220856',20-Jan-16,TRF FROM  Indiaforensic SERVICES,,20-Jan-16,""" 149,983.00 """,,""" 1,349,442.00 """
409000197540',15-Jan-16,TRF FROM  Indiaforensic SERVICES,,15-Jan-16,,""" 236,934.00 """,""" 1,468,552.00 """
409000215918',27-Nov-16,FDRL/INTERNAL FUND TRANSFE,,27-Nov-16,,""" 374,364.00 """,""" 638,841.00 """
409000308752',09-Aug-17,TRF FROM  Indiaforensic SERVICES,,09-Aug-17,,""" 260,270.00 """,""" 1,314,686.00 """
409000236053',22-May-16,TRF FROM  Indiaforensic SERVICES,,22-May-16,,""" 349,547.00 """,""" -402,260.00 """
409000494458',04-Jul-17,NEFT TRANSFER,,04-Jul-17,,""" 483,195.00 """,""" 2,800,073.00 """
409000793776',26-May-17,ATM WITHDRAWAL,,26-May-17,,""" 157,747.00 """,""" -432,011.00 """
409000375824',15-Nov-16,POS PURCHASE,,15-Nov-16,""" 333,878.00 """,,""" -1,107,093.00 """
409000177276',13-Oct-16,TRF FROM  Indiaforensic SERVICES,,13-Oct-16,""" 3,812.00 """,,""" -1,392,419.00 """
409000272332',23-Jan-17,TRF FROM  Indiaforensic SERVICES,,23-Jan-17,,""" 39,733.00 """,""" 2,094,697.00 """
409000879598',27-Jun-16,TRF FROM  Indiaforensic SERVICES,,27-Jun-16,,""" 480,129.00 """,""" 1,706,990.00 """
409000883932',29-May-17,IMPS TRANSFER,,29-May-17,""" 423,970.00 """,,""" -154,186.00 """
409000952891',28-Feb-16,ATM WITHDRAWAL,,28-Feb-16,,""" 260,449.00 """,""" -491,006.00 """
409000933271',03-Nov-16,POS PURCHASE,,03-Nov-16,,""" 324,596.00 """,""" -340,750.00 """
409000950802',07-Feb-16,IMPS TRANSFER,,07-Feb-16,,""" 398,412.00 """,""" 1,979,817.00 """
409000160462',05-Aug-17,IMPS TRANSFER,,05-Aug-17,,""" 463,933.00 """,""" 2,618,519.00 """
409000203226',04-Mar-17,POS PURCHASE,,04-Mar-17,,""" 272,585.00 """,""" 1,189,139.00 """
409000793776',27-Feb-16,FDRL/INTERNAL FUND TRANSFE,,27-Feb-16,""" 121,975.00 """,,""" -553,986.00 """
409000130217',10-Jun-16,NEFT TRANSFER,,10-Jun-16,""" 171,257.00 """,,""" -1,955,063.00 """
409000952891',07-Feb-17,TRF FROM  Indiaforensic SERVICES,,07-Feb-17,,""" 198,753.00 """,""" -292,253.00 """
409000661072',02-Feb-17,NEFT TRANSFER,,02-Feb-17,,""" 310,020.00 """,""" 1,759,700.00 """
409000872626',17-Jul-16,FDRL/INTERNAL FUND TRANSFE,,17-Jul-16,""" 290,460.00 """,,""" 175,606.00 """
409000281811',28-Jan-17,ATM WITHDRAWAL,,28-Jan-17,,""" 321,407.00 """,""" 237,720.00 """
409000825195',05-Aug-17,NEFT TRANSFER,,05-Aug-17,""" 366,208.00 """,,""" 1,296,553.00 """
409000112490',16-Apr-17,NEFT TRANSFER,,16-Apr-17,""" 186,001.00 """,,""" -1,271,123.00 """
409000478491',18-Jun-16,TRF FROM  Indiaforensic SERVICES,,18-Jun-16,,""" 205,531.00 """,""" 122,676.00 """
409000322448',05-Feb-17,ATM WITHDRAWAL,,05-Feb-17,,""" 69,274.00 """,""" 1,462,447.00 """
409000183728',20-Apr-17,IMPS TRANSFER,,20-Apr-17,""" 458,301.00 """,,""" 1,335,203.00 """
409000105440',12-Nov-17,NEFT TRANSFER,,12-Nov-17,,""" 449,988.00 """,""" 80,309.00 """
409000968666',08-Oct-17,ATM WITHDRAWAL,,08-Oct-17,,""" 464,687.00 """,""" 1,995,178.00 """
409000177276',20-Aug-17,POS PURCHASE,,20-Aug-17,""" 226,798.00 """,,""" -1,619,217.00 """
409000304900',04-Aug-17,ATM WITHDRAWAL,,04-Aug-17,,""" 396,872.00 """,""" 30,867.00 """
409000431592',16-Sep-17,ATM WITHDRAWAL,,16-Sep-17,""" 180,731.00 """,,""" -113,121.00 """
409000936869',23-Nov-17,TRF FROM  Indiaforensic SERVICES,,23-Nov-17,""" 279,088.00 """,,""" -897,492.00 """
409000374540',14-Jan-17,IMPS TRANSFER,,14-Jan-17,,""" 402,037.00 """,""" -283,686.00 """
409000369346',07-Oct-17,FDRL/INTERNAL FUND TRANSFE,,07-Oct-17,""" 299,235.00 """,,""" 507,085.00 """
409000831704',12-Oct-17,POS PURCHASE,,12-Oct-17,,""" 186,026.00 """,""" 1,032,200.00 """
409000473731',11-Aug-16,POS PURCHASE,,11-Aug-16,,""" 349,552.00 """,""" 403,347.00 """
409000254468',11-Oct-17,TRF FROM  Indiaforensic SERVICES,,11-Oct-17,""" 169,781.00 """,,""" 1,217,605.00 """
409000733355',12-May-16,ATM WITHDRAWAL,,12-May-16,,""" 360,520.00 """,""" 1,761,014.00 """
409000271204',14-Feb-16,NEFT TRANSFER,,14-Feb-16,""" 176,741.00 """,,""" 1,498,157.00 """
409000969252',24-Nov-17,ATM WITHDRAWAL,,24-Nov-17,""" 448,048.00 """,,""" 302,325.00 """
409000935285',06-Dec-17,POS PURCHASE,,06-Dec-17,""" 25,503.00 """,,""" 319,264.00 """
409000133390',30-Oct-17,ATM WITHDRAWAL,,30-Oct-17,""" 47,568.00 """,,""" 475,049.00 """
409000502720',06-Oct-17,NEFT TRANSFER,,06-Oct-17,""" 448,685.00 """,,""" 2,175,305.00 """
409000635340',11-Apr-17,FDRL/INTERNAL FUND TRANSFE,,11-Apr-17,,""" 357,426.00 """,""" -196,725.00 """
409000243381',28-Apr-17,NEFT TRANSFER,,28-Apr-17,""" 3,692.00 """,,""" 925,655.00 """
409000754740',07-Nov-16,TRF FROM  Indiaforensic SERVICES,,07-Nov-16,,""" 108,520.00 """,""" 505,939.00 """
409000754740',19-Oct-17,NEFT TRANSFER,,19-Oct-17,,""" 198,022.00 """,""" 703,961.00 """
409000950802',17-Dec-17,NEFT TRANSFER,,17-Dec-17,,""" 293,698.00 """,""" 2,273,515.00 """
409000444431',30-Oct-17,TRF FROM  Indiaforensic SERVICES,,30-Oct-17,""" 400,507.00 """,,""" -1,076,632.00 """
409000402246',10-Oct-17,FDRL/INTERNAL FUND TRANSFE,,10-Oct-17,,""" 457,795.00 """,""" 2,930,109.00 """
409000991571',13-Apr-16,POS PURCHASE,,13-Apr-16,""" 449,362.00 """,,""" 1,762,150.00 """
409000197814',05-Jun-17,ATM WITHDRAWAL,,05-Jun-17,""" 404,193.00 """,,""" -724,847.00 """
409000655411',21-May-16,FDRL/INTERNAL FUND TRANSFE,,21-May-16,,""" 257,323.00 """,""" -1,049,269.00 """
409000374540',31-Jul-17,FDRL/INTERNAL FUND TRANSFE,,31-Jul-17,""" 217,494.00 """,,""" -501,180.00 """
409000969514',24-Jan-16,TRF FROM  Indiaforensic SERVICES,,24-Jan-16,""" 466,812.00 """,,""" -38,854.00 """
409000509097',22-Apr-17,POS PURCHASE,,22-Apr-17,""" 392,221.00 """,,""" 553,830.00 """
409000985431',04-Sep-16,IMPS TRANSFER,,04-Sep-16,,""" 132,477.00 """,""" 1,050,949.00 """
409000554832',23-Dec-17,ATM WITHDRAWAL,,23-Dec-17,""" 433,392.00 """,,""" -334,691.00 """
409000950568',15-Nov-17,FDRL/INTERNAL FUND TRANSFE,,15-Nov-17,""" 185,882.00 """,,""" 797,797.00 """
409000707260',01-Jul-17,TRF FROM  Indiaforensic SERVICES,,01-Jul-17,,""" 98,301.00 """,""" 806,349.00 """
409000935285',04-Jun-17,ATM WITHDRAWAL,,04-Jun-17,""" 18,743.00 """,,""" 300,521.00 """
409000320353',22-Oct-17,FDRL/INTERNAL FUND TRANSFE,,22-Oct-17,,""" 244,753.00 """,""" 673,521.00 """
409000879020',22-Feb-17,NEFT TRANSFER,,22-Feb-17,""" 207,217.00 """,,""" 1,483,561.00 """
409000161349',23-Feb-16,FDRL/INTERNAL FUND TRANSFE,,23-Feb-16,""" 279,406.00 """,,""" 1,349,570.00 """
409000816639',07-Oct-16,POS PURCHASE,,07-Oct-16,,""" 159,665.00 """,""" -573,206.00 """
409000985312',27-Nov-17,IMPS TRANSFER,,27-Nov-17,""" 406,760.00 """,,""" -3,139,282.00 """
409000938249',25-Oct-17,NEFT TRANSFER,,25-Oct-17,,""" 299,337.00 """,""" 1,264,398.00 """
409000132496',06-Feb-16,NEFT TRANSFER,,06-Feb-16,,""" 138,850.00 """,""" 1,879,575.00 """
409000612815',18-Dec-17,NEFT TRANSFER,,18-Dec-17,,""" 183,711.00 """,""" 2,129,951.00 """
409000105440',20-Jan-17,NEFT TRANSFER,,20-Jan-17,""" 116,733.00 """,,""" -36,424.00 """
409000831704',28-Jul-17,ATM WITHDRAWAL,,28-Jul-17,,""" 9,084.00 """,""" 1,041,284.00 """
409000684481',10-Jun-16,IMPS TRANSFER,,10-Jun-16,,""" 436,547.00 """,""" -66,793.00 """
409000374540',29-Sep-17,FDRL/INTERNAL FUND TRANSFE,,29-Sep-17,,""" 293,978.00 """,""" -207,202.00 """
409000936869',30-Nov-17,FDRL/INTERNAL FUND TRANSFE,,30-Nov-17,,""" 491,249.00 """,""" -406,243.00 """
409000509097',11-Jun-17,NEFT TRANSFER,,11-Jun-17,,""" 280,725.00 """,""" 834,555.00 """
409000101240',18-Sep-17,IMPS TRANSFER,,18-Sep-17,,""" 278,105.00 """,""" 1,697,109.00 """
409000673061',15-Jan-17,ATM WITHDRAWAL,,15-Jan-17,,""" 230,051.00 """,""" 2,182,851.00 """
409000131038',21-Oct-17,NEFT TRANSFER,,21-Oct-17,""" 291,693.00 """,,""" -268,739.00 """
409000661072',02-Oct-17,TRF FROM  Indiaforensic SERVICES,,02-Oct-17,""" 407,648.00 """,,""" 1,352,052.00 """
409000124116',13-Jul-17,POS PURCHASE,,13-Jul-17,""" 319,129.00 """,,""" 1,340,405.00 """
409000323528',14-Nov-17,TRF FROM  Indiaforensic SERVICES,,14-Nov-17,""" 57,477.00 """,,""" -96,211.00 """
409000195344',09-Feb-17,FDRL/INTERNAL FUND TRANSFE,,09-Feb-17,,""" 231,300.00 """,""" 2,046,712.00 """
409000808057',08-Dec-17,POS PURCHASE,,08-Dec-17,""" 98,587.00 """,,""" -4,248,800.00 """
409000470910',24-Sep-16,TRF FROM  Indiaforensic SERVICES,,24-Sep-16,,""" 106,016.00 """,""" 1,145,455.00 """
409000197814',21-Jun-16,POS PURCHASE,,21-Jun-16,""" 495,371.00 """,,""" -1,220,218.00 """
409000953042',23-Aug-16,NEFT TRANSFER,,23-Aug-16,""" 461,017.00 """,,""" -653,835.00 """
409000157380',12-Dec-17,FDRL/INTERNAL FUND TRANSFE,,12-Dec-17,""" 290,525.00 """,,""" 2,276,641.00 """
409000547793',23-Jun-16,FDRL/INTERNAL FUND TRANSFE,,23-Jun-16,""" 427,787.00 """,,""" -331,451.00 """
409000397004',31-Jul-16,IMPS TRANSFER,,31-Jul-16,""" 11,357.00 """,,""" 1,087,800.00 """
409000583676',07-Jun-17,POS PURCHASE,,07-Jun-17,""" 109,814.00 """,,""" 389,191.00 """
409000915343',09-Jun-17,ATM WITHDRAWAL,,09-Jun-17,,""" 452,842.00 """,""" 724,628.00 """
409000405310',27-Apr-16,TRF FROM  Indiaforensic SERVICES,,27-Apr-16,,""" 336,241.00 """,""" -8,451.00 """
409000105440',04-Sep-16,POS PURCHASE,,04-Sep-16,,""" 284,685.00 """,""" 248,261.00 """
409000750929',29-Aug-17,IMPS TRANSFER,,29-Aug-17,""" 57,725.00 """,,""" -796,304.00 """
409000444022',02-Jan-16,NEFT TRANSFER,,02-Jan-16,,""" 270,149.00 """,""" 2,799,064.00 """
409000659479',06-Oct-16,ATM WITHDRAWAL,,06-Oct-16,""" 493,237.00 """,,""" 736,933.00 """
409000470910',13-Oct-17,TRF FROM  Indiaforensic SERVICES,,13-Oct-17,,""" 48,263.00 """,""" 1,193,718.00 """
409000950568',02-Nov-17,ATM WITHDRAWAL,,02-Nov-17,""" 43,234.00 """,,""" 754,563.00 """
409000157380',13-Sep-16,FDRL/INTERNAL FUND TRANSFE,,13-Sep-16,,""" 310,885.00 """,""" 2,587,526.00 """
409000959133',13-Jun-17,FDRL/INTERNAL FUND TRANSFE,,13-Jun-17,,""" 258,526.00 """,""" 1,275,866.00 """
409000271204',15-Feb-16,IMPS TRANSFER,,15-Feb-16,,""" 162,992.00 """,""" 1,661,149.00 """
409000420436',05-Oct-17,TRF FROM  Indiaforensic SERVICES,,05-Oct-17,,""" 413,541.00 """,""" 2,590,933.00 """
409000112490',22-Mar-17,IMPS TRANSFER,,22-Mar-17,""" 229,277.00 """,,""" -1,500,400.00 """
409000420436',20-Nov-16,NEFT TRANSFER,,20-Nov-16,""" 125,900.00 """,,""" 2,465,033.00 """
409000554832',15-Jan-17,IMPS TRANSFER,,15-Jan-17,""" 281,102.00 """,,""" -615,793.00 """
409000892124',17-Jan-17,POS PURCHASE,,17-Jan-17,""" 258,600.00 """,,""" 1,449,671.00 """
409000734739',25-Jun-17,IMPS TRANSFER,,25-Jun-17,,""" 248,339.00 """,""" 257,947.00 """
409000473731',15-Aug-16,FDRL/INTERNAL FUND TRANSFE,,15-Aug-16,,""" 41,552.00 """,""" 444,899.00 """
409000183728',10-Feb-16,FDRL/INTERNAL FUND TRANSFE,,10-Feb-16,""" 227,022.00 """,,""" 1,108,181.00 """
409000879598',22-Feb-17,FDRL/INTERNAL FUND TRANSFE,,22-Feb-17,,""" 260,452.00 """,""" 1,967,442.00 """
409000682109',14-Dec-17,FDRL/INTERNAL FUND TRANSFE,,14-Dec-17,""" 295,147.00 """,,""" 2,508,059.00 """
409000101240',01-Jan-17,IMPS TRANSFER,,01-Jan-17,""" 320,319.00 """,,""" 1,376,790.00 """
409000950568',18-Oct-16,ATM WITHDRAWAL,,18-Oct-16,,""" 310,487.00 """,""" 1,065,050.00 """
409000397004',11-Feb-17,IMPS TRANSFER,,11-Feb-17,""" 479,143.00 """,,""" 608,657.00 """
409000818557',07-Dec-16,IMPS TRANSFER,,07-Dec-16,,""" 133,847.00 """,""" 1,474,504.00 """
409000132496',24-Sep-17,ATM WITHDRAWAL,,24-Sep-17,,""" 142,693.00 """,""" 2,022,268.00 """
409000931284',20-Dec-17,NEFT TRANSFER,,20-Dec-17,""" 364,116.00 """,,""" 1,035,122.00 """
409000747720',06-Jul-17,IMPS TRANSFER,,06-Jul-17,,""" 200,094.00 """,""" 1,640,167.00 """
409000885944',11-Jul-16,FDRL/INTERNAL FUND TRANSFE,,11-Jul-16,,""" 41,395.00 """,""" -160,167.00 """
409000808057',05-Sep-16,NEFT TRANSFER,,05-Sep-16,,""" 177,238.00 """,""" -4,071,562.00 """
409000968666',13-Dec-17,FDRL/INTERNAL FUND TRANSFE,,13-Dec-17,,""" 368,283.00 """,""" 2,363,461.00 """
409000592016',08-Apr-16,POS PURCHASE,,08-Apr-16,,""" 335,495.00 """,""" 2,249,298.00 """
409000272332',16-Feb-16,NEFT TRANSFER,,16-Feb-16,""" 282,084.00 """,,""" 1,812,613.00 """
409000694171',22-Jul-17,FDRL/INTERNAL FUND TRANSFE,,22-Jul-17,,""" 196,229.00 """,""" -854,563.00 """
409000167461',19-Feb-16,ATM WITHDRAWAL,,19-Feb-16,""" 202,260.00 """,,""" -1,067,773.00 """
409000961474',02-Jan-17,POS PURCHASE,,02-Jan-17,""" 49,840.00 """,,""" 1,229,604.00 """
409000635999',28-Apr-16,TRF FROM  Indiaforensic SERVICES,,28-Apr-16,,""" 340,011.00 """,""" 1,325,297.00 """
409000219567',01-Sep-16,IMPS TRANSFER,,01-Sep-16,,""" 60,102.00 """,""" 208,442.00 """
409000304900',15-Dec-16,TRF FROM  Indiaforensic SERVICES,,15-Dec-16,""" 193,563.00 """,,""" -162,696.00 """
409000132496',28-Apr-16,ATM WITHDRAWAL,,28-Apr-16,,""" 350,830.00 """,""" 2,373,098.00 """
409000720631',10-Sep-17,FDRL/INTERNAL FUND TRANSFE,,10-Sep-17,""" 38,771.00 """,,""" 1,918,273.00 """
409000263631',06-Dec-17,TRF FROM  Indiaforensic SERVICES,,06-Dec-17,""" 78,220.00 """,,""" 2,643,836.00 """
409000635340',18-May-16,TRF FROM  Indiaforensic SERVICES,,18-May-16,""" 181,216.00 """,,""" -377,941.00 """
409000404291',09-Apr-17,NEFT TRANSFER,,09-Apr-17,""" 224,814.00 """,,""" 390,808.00 """
409000157380',11-Sep-16,FDRL/INTERNAL FUND TRANSFE,,11-Sep-16,""" 445,348.00 """,,""" 2,142,178.00 """
409000930777',10-Oct-17,NEFT TRANSFER,,10-Oct-17,""" 18,398.00 """,,""" 1,626,718.00 """
409000933271',12-Sep-17,NEFT TRANSFER,,12-Sep-17,""" 232,076.00 """,,""" -572,826.00 """
409000935285',30-Jul-16,IMPS TRANSFER,,30-Jul-16,,""" 251,128.00 """,""" 551,649.00 """
409000334036',19-Aug-16,IMPS TRANSFER,,19-Aug-16,""" 194,563.00 """,,""" -1,973,869.00 """
409000878488',25-Jul-17,NEFT TRANSFER,,25-Jul-17,""" 86,221.00 """,,""" -707,411.00 """
409000332316',17-Oct-17,IMPS TRANSFER,,17-Oct-17,""" 226,129.00 """,,""" 101,878.00 """
409000974947',25-Nov-17,FDRL/INTERNAL FUND TRANSFE,,25-Nov-17,""" 212,129.00 """,,""" 178,180.00 """
409000203226',04-Mar-16,POS PURCHASE,,04-Mar-16,""" 256,606.00 """,,""" 932,533.00 """
409000557336',09-Jul-17,IMPS TRANSFER,,09-Jul-17,,""" 302,910.00 """,""" 2,117,329.00 """
409000431592',20-Mar-17,ATM WITHDRAWAL,,20-Mar-17,""" 455,468.00 """,,""" -568,589.00 """
409000872626',03-Jun-16,IMPS TRANSFER,,03-Jun-16,""" 44,836.00 """,,""" 130,770.00 """
409000402246',29-Apr-17,ATM WITHDRAWAL,,29-Apr-17,""" 118,680.00 """,,""" 2,811,429.00 """
409000585607',02-May-16,IMPS TRANSFER,,02-May-16,""" 483,460.00 """,,""" 5,381.00 """
409000969514',25-Apr-17,NEFT TRANSFER,,25-Apr-17,""" 245,629.00 """,,""" -284,483.00 """
409000530053',09-May-16,NEFT TRANSFER,,09-May-16,""" 376,836.00 """,,""" 542,702.00 """
409000750929',22-Sep-17,IMPS TRANSFER,,22-Sep-17,,""" 143,820.00 """,""" -652,484.00 """
409000132496',27-Jul-17,IMPS TRANSFER,,27-Jul-17,,""" 446,939.00 """,""" 2,820,037.00 """
409000858950',29-Jun-17,POS PURCHASE,,29-Jun-17,,""" 314,069.00 """,""" 1,794,389.00 """
409000944848',11-Oct-17,FDRL/INTERNAL FUND TRANSFE,,11-Oct-17,""" 73,574.00 """,,""" -2,396,560.00 """
409000936869',21-Dec-16,TRF FROM  Indiaforensic SERVICES,,21-Dec-16,""" 401,276.00 """,,""" -807,519.00 """
409000160462',12-Jun-16,NEFT TRANSFER,,12-Jun-16,,""" 128,432.00 """,""" 2,746,951.00 """
409000793776',30-Jan-17,TRF FROM  Indiaforensic SERVICES,,30-Jan-17,,""" 201,422.00 """,""" -352,564.00 """
409000586455',19-Jul-17,IMPS TRANSFER,,19-Jul-17,""" 73,334.00 """,,""" -1,208,961.00 """
409000825195',25-Mar-16,IMPS TRANSFER,,25-Mar-16,""" 388,160.00 """,,""" 908,393.00 """
409000700042',30-Sep-17,FDRL/INTERNAL FUND TRANSFE,,30-Sep-17,""" 412,506.00 """,,""" -214,003.00 """
409000160462',04-Sep-17,NEFT TRANSFER,,04-Sep-17,""" 199,512.00 """,,""" 2,547,439.00 """
409000160462',22-Mar-16,FDRL/INTERNAL FUND TRANSFE,,22-Mar-16,,""" 327,157.00 """,""" 2,874,596.00 """
409000452520',28-Jan-16,FDRL/INTERNAL FUND TRANSFE,,28-Jan-16,""" 234,592.00 """,,""" 398,609.00 """
409000215918',24-May-17,TRF FROM  Indiaforensic SERVICES,,24-May-17,""" 334,402.00 """,,""" 304,439.00 """
409000586455',13-Jul-17,NEFT TRANSFER,,13-Jul-17,""" 340,132.00 """,,""" -1,549,093.00 """
409000375824',01-Oct-17,POS PURCHASE,,01-Oct-17,""" 45,913.00 """,,""" -1,153,006.00 """
409000444431',26-May-17,IMPS TRANSFER,,26-May-17,""" 455,430.00 """,,""" -1,532,062.00 """
409000197814',20-May-16,POS PURCHASE,,20-May-16,,""" 98,018.00 """,""" -1,122,200.00 """
409000818557',11-Nov-17,ATM WITHDRAWAL,,11-Nov-17,,""" 4,555.00 """,""" 1,479,059.00 """
409000575316',21-Oct-17,IMPS TRANSFER,,21-Oct-17,,""" 185,499.00 """,""" 3,774,199.00 """
409000884895',13-Nov-16,IMPS TRANSFER,,13-Nov-16,""" 437,023.00 """,,""" 1,498,500.00 """
409000935285',11-Aug-17,FDRL/INTERNAL FUND TRANSFE,,11-Aug-17,,""" 245,848.00 """,""" 797,497.00 """
409000197540',06-Nov-16,NEFT TRANSFER,,06-Nov-16,,""" 169,155.00 """,""" 1,637,707.00 """
409000374540',06-Feb-16,TRF FROM  Indiaforensic SERVICES,,06-Feb-16,,""" 101,728.00 """,""" -105,474.00 """
409000714173',27-Oct-16,IMPS TRANSFER,,27-Oct-16,,""" 193,433.00 """,""" 720,135.00 """
409000530205',18-Aug-16,POS PURCHASE,,18-Aug-16,""" 364,317.00 """,,""" 615,449.00 """
409000381613',27-May-16,NEFT TRANSFER,,27-May-16,""" 283,319.00 """,,""" 1,828,483.00 """
409000332316',13-Sep-16,POS PURCHASE,,13-Sep-16,""" 11,338.00 """,,""" 90,540.00 """
409000700042',03-May-17,POS PURCHASE,,03-May-17,""" 75,114.00 """,,""" -289,117.00 """
409000557336',22-Sep-16,ATM WITHDRAWAL,,22-Sep-16,,""" 106,146.00 """,""" 2,223,475.00 """
409000101240',17-Jun-16,FDRL/INTERNAL FUND TRANSFE,,17-Jun-16,,""" 74,022.00 """,""" 1,450,812.00 """
409000897819',10-Nov-17,POS PURCHASE,,10-Nov-17,""" 41,807.00 """,,""" 601,788.00 """
409000211244',07-Oct-17,NEFT TRANSFER,,07-Oct-17,""" 446,038.00 """,,""" -460,365.00 """
409000950568',02-Apr-17,TRF FROM  Indiaforensic SERVICES,,02-Apr-17,""" 307,610.00 """,,""" 757,440.00 """
409000612576',24-Apr-16,ATM WITHDRAWAL,,24-Apr-16,""" 41,986.00 """,,""" 862,228.00 """
409000494458',21-Oct-17,POS PURCHASE,,21-Oct-17,""" 251,889.00 """,,""" 2,548,184.00 """
409000530205',26-Jan-16,IMPS TRANSFER,,26-Jan-16,,""" 170,434.00 """,""" 785,883.00 """
409000554832',21-Dec-16,NEFT TRANSFER,,21-Dec-16,,""" 52,893.00 """,""" -562,900.00 """
409000747720',10-Oct-17,IMPS TRANSFER,,10-Oct-17,""" 190,089.00 """,,""" 1,450,078.00 """
409000635340',31-May-17,TRF FROM  Indiaforensic SERVICES,,31-May-17,,""" 71,174.00 """,""" -306,767.00 """
409000639253',08-Oct-16,IMPS TRANSFER,,08-Oct-16,,""" 182,402.00 """,""" -970,276.00 """
409000793776',11-Jul-17,TRF FROM  Indiaforensic SERVICES,,11-Jul-17,,""" 231,664.00 """,""" -120,900.00 """
409000969514',04-Feb-16,ATM WITHDRAWAL,,04-Feb-16,""" 305,264.00 """,,""" -589,747.00 """
409000565236',27-Jul-16,POS PURCHASE,,27-Jul-16,""" 453,998.00 """,,""" 240,486.00 """
409000872626',28-Sep-16,FDRL/INTERNAL FUND TRANSFE,,28-Sep-16,""" 17,425.00 """,,""" 113,345.00 """
409000974947',18-Aug-17,ATM WITHDRAWAL,,18-Aug-17,""" 320,851.00 """,,""" -142,671.00 """
409000243381',02-May-16,TRF FROM  Indiaforensic SERVICES,,02-May-16,,""" 477,291.00 """,""" 1,402,946.00 """
409000583676',01-Feb-17,POS PURCHASE,,01-Feb-17,""" 170,754.00 """,,""" 218,437.00 """
409000304900',26-Mar-17,FDRL/INTERNAL FUND TRANSFE,,26-Mar-17,""" 32,361.00 """,,""" -195,057.00 """
409000914209',13-Apr-17,NEFT TRANSFER,,13-Apr-17,""" 172,109.00 """,,""" 1,288,596.00 """
409000530205',04-Jun-16,ATM WITHDRAWAL,,04-Jun-16,,""" 61,329.00 """,""" 847,212.00 """
409000985312',22-Sep-17,IMPS TRANSFER,,22-Sep-17,,""" 131,855.00 """,""" -3,007,427.00 """
409000730439',06-May-17,IMPS TRANSFER,,06-May-17,""" 42,755.00 """,,""" 103,867.00 """
409000277980',01-Sep-16,FDRL/INTERNAL FUND TRANSFE,,01-Sep-16,""" 355,576.00 """,,""" -1,882,475.00 """
409000554832',29-Apr-16,TRF FROM  Indiaforensic SERVICES,,29-Apr-16,,""" 296,956.00 """,""" -265,944.00 """
409000195344',16-Dec-17,FDRL/INTERNAL FUND TRANSFE,,16-Dec-17,,""" 113,734.00 """,""" 2,160,446.00 """
409000772264',08-Jan-16,ATM WITHDRAWAL,,08-Jan-16,,""" 97,303.00 """,""" -316,997.00 """
409000793776',25-Apr-17,FDRL/INTERNAL FUND TRANSFE,,25-Apr-17,,""" 386,890.00 """,""" 265,990.00 """
409000635937',13-Sep-17,FDRL/INTERNAL FUND TRANSFE,,13-Sep-17,,""" 483,461.00 """,""" 523,137.00 """
409000684481',11-Jan-17,FDRL/INTERNAL FUND TRANSFE,,11-Jan-17,,""" 425,599.00 """,""" 358,806.00 """
409000263631',17-Feb-17,IMPS TRANSFER,,17-Feb-17,,""" 241,940.00 """,""" 2,885,776.00 """
409000907892',29-Aug-17,ATM WITHDRAWAL,,29-Aug-17,""" 328,710.00 """,,""" -458,133.00 """
409000565236',14-Apr-17,IMPS TRANSFER,,14-Apr-17,""" 306,470.00 """,,""" -65,984.00 """
409000101240',07-Jul-16,IMPS TRANSFER,,07-Jul-16,,""" 326,602.00 """,""" 1,777,414.00 """
409000139970',08-Jun-17,FDRL/INTERNAL FUND TRANSFE,,08-Jun-17,,""" 380,264.00 """,""" 686,726.00 """
409000815056',22-Jun-16,POS PURCHASE,,22-Jun-16,""" 240,351.00 """,,""" 2,085,232.00 """
409000590992',25-Oct-17,TRF FROM  Indiaforensic SERVICES,,25-Oct-17,,""" 141,342.00 """,""" 1,489,424.00 """
409000635937',20-Nov-16,IMPS TRANSFER,,20-Nov-16,""" 460,684.00 """,,""" 62,453.00 """
409000326234',03-Apr-16,FDRL/INTERNAL FUND TRANSFE,,03-Apr-16,,""" 452,342.00 """,""" 1,427,375.00 """
409000473731',29-Sep-17,FDRL/INTERNAL FUND TRANSFE,,29-Sep-17,""" 376,454.00 """,,""" 68,445.00 """
409000635937',10-Sep-17,IMPS TRANSFER,,10-Sep-17,,""" 255,567.00 """,""" 318,020.00 """
409000466987',25-Jul-16,ATM WITHDRAWAL,,25-Jul-16,,""" 80,980.00 """,""" 803,126.00 """
409000124116',03-Jan-17,TRF FROM  Indiaforensic SERVICES,,03-Jan-17,,""" 325,408.00 """,""" 1,665,813.00 """
409000897819',11-Apr-17,TRF FROM  Indiaforensic SERVICES,,11-Apr-17,,""" 292,559.00 """,""" 894,347.00 """
409000575316',28-Jan-17,TRF FROM  Indiaforensic SERVICES,,28-Jan-17,""" 304,433.00 """,,""" 3,469,766.00 """
409000183728',22-Aug-16,IMPS TRANSFER,,22-Aug-16,,""" 243,948.00 """,""" 1,352,129.00 """
409000837739',17-Aug-17,FDRL/INTERNAL FUND TRANSFE,,17-Aug-17,,""" 471,599.00 """,""" -1,341,027.00 """
409000985312',15-May-17,NEFT TRANSFER,,15-May-17,""" 88,541.00 """,,""" -3,095,968.00 """
409000131038',28-Jan-16,IMPS TRANSFER,,28-Jan-16,,""" 80,377.00 """,""" -188,362.00 """
409000944848',11-May-16,IMPS TRANSFER,,11-May-16,,""" 137,364.00 """,""" -2,259,196.00 """
409000547793',04-Aug-16,FDRL/INTERNAL FUND TRANSFE,,04-Aug-16,""" 420,775.00 """,,""" -752,226.00 """
409000974947',29-Dec-16,ATM WITHDRAWAL,,29-Dec-16,,""" 76,007.00 """,""" -66,664.00 """
409000700042',20-Mar-16,FDRL/INTERNAL FUND TRANSFE,,20-Mar-16,""" 119,160.00 """,,""" -408,277.00 """
409000308752',17-Aug-16,FDRL/INTERNAL FUND TRANSFE,,17-Aug-16,,""" 424,647.00 """,""" 1,739,333.00 """
409000189919',20-Sep-17,POS PURCHASE,,20-Sep-17,""" 460,386.00 """,,""" 446,036.00 """
409000619259',18-Apr-17,TRF FROM  Indiaforensic SERVICES,,18-Apr-17,""" 478,050.00 """,,""" -1,387,041.00 """
409000177276',24-Sep-17,ATM WITHDRAWAL,,24-Sep-17,""" 218,906.00 """,,""" -1,838,123.00 """
409000884895',26-Oct-16,FDRL/INTERNAL FUND TRANSFE,,26-Oct-16,""" 293,249.00 """,,""" 1,205,251.00 """
409000277980',28-Mar-16,TRF FROM  Indiaforensic SERVICES,,28-Mar-16,""" 417,152.00 """,,""" -2,299,627.00 """
409000420436',06-May-16,NEFT TRANSFER,,06-May-16,,""" 137,146.00 """,""" 2,602,179.00 """
409000694171',11-Jan-17,TRF FROM  Indiaforensic SERVICES,,11-Jan-17,""" 58,912.00 """,,""" -913,475.00 """
409000658705',23-Jun-17,ATM WITHDRAWAL,,23-Jun-17,""" 214,173.00 """,,""" 3,028,547.00 """
409000358006',25-Jul-17,NEFT TRANSFER,,25-Jul-17,""" 35,889.00 """,,""" 2,940,797.00 """
409000985431',21-Feb-17,POS PURCHASE,,21-Feb-17,""" 138,120.00 """,,""" 912,829.00 """
409000117598',13-Jan-16,POS PURCHASE,,13-Jan-16,""" 342,167.00 """,,""" -1,441,016.00 """
409000392132',03-Feb-17,ATM WITHDRAWAL,,03-Feb-17,,""" 73,026.00 """,""" 607,808.00 """
409000530205',22-Mar-16,NEFT TRANSFER,,22-Mar-16,""" 492,511.00 """,,""" 354,701.00 """
409000117598',15-May-17,TRF FROM  Indiaforensic SERVICES,,15-May-17,""" 311,413.00 """,,""" -1,752,429.00 """
409000872626',27-Oct-16,FDRL/INTERNAL FUND TRANSFE,,27-Oct-16,,""" 404,514.00 """,""" 517,859.00 """
409000466987',27-Oct-17,NEFT TRANSFER,,27-Oct-17,,""" 432,238.00 """,""" 1,235,364.00 """
409000933271',09-Apr-17,POS PURCHASE,,09-Apr-17,,""" 402,019.00 """,""" -170,807.00 """
409000494458',17-Sep-16,TRF FROM  Indiaforensic SERVICES,,17-Sep-16,""" 374,491.00 """,,""" 2,173,693.00 """
409000807760',16-Oct-17,TRF FROM  Indiaforensic SERVICES,,16-Oct-17,,""" 296,515.00 """,""" 2,267,095.00 """
409000219567',23-Oct-17,FDRL/INTERNAL FUND TRANSFE,,23-Oct-17,,""" 36,273.00 """,""" 244,715.00 """
409000160462',27-Dec-16,POS PURCHASE,,27-Dec-16,""" 193,461.00 """,,""" 2,681,135.00 """
409000933271',29-Oct-17,ATM WITHDRAWAL,,29-Oct-17,""" 88,580.00 """,,""" -259,387.00 """
409000959133',15-Nov-17,TRF FROM  Indiaforensic SERVICES,,15-Nov-17,""" 458,635.00 """,,""" 817,231.00 """
409000635340',27-Nov-17,FDRL/INTERNAL FUND TRANSFE,,27-Nov-17,,""" 421,844.00 """,""" 115,077.00 """
409000583676',19-Aug-16,FDRL/INTERNAL FUND TRANSFE,,19-Aug-16,""" 343,077.00 """,,""" -124,640.00 """
409000714173',13-Mar-17,FDRL/INTERNAL FUND TRANSFE,,13-Mar-17,,""" 388,907.00 """,""" 1,109,042.00 """
409000807760',06-Oct-16,FDRL/INTERNAL FUND TRANSFE,,06-Oct-16,""" 490,650.00 """,,""" 1,776,445.00 """
409000530205',21-Dec-16,ATM WITHDRAWAL,,21-Dec-16,""" 172,250.00 """,,""" 182,451.00 """
409000180124',12-Feb-16,FDRL/INTERNAL FUND TRANSFE,,12-Feb-16,,""" 71,176.00 """,""" 133,141.00 """
409000130217',15-Apr-16,FDRL/INTERNAL FUND TRANSFE,,15-Apr-16,""" 191,884.00 """,,""" -2,146,947.00 """
409000930777',14-Sep-16,IMPS TRANSFER,,14-Sep-16,""" 40,612.00 """,,""" 1,586,106.00 """
409000197540',06-Aug-17,NEFT TRANSFER,,06-Aug-17,,""" 149,218.00 """,""" 1,786,925.00 """
409000112490',18-Jun-16,NEFT TRANSFER,,18-Jun-16,""" 367,419.00 """,,""" -1,867,819.00 """
409000139970',22-Nov-16,IMPS TRANSFER,,22-Nov-16,,""" 483,320.00 """,""" 1,170,046.00 """
409000707260',09-Aug-16,FDRL/INTERNAL FUND TRANSFE,,09-Aug-16,,""" 247,186.00 """,""" 1,053,535.00 """
409000831704',15-Feb-17,FDRL/INTERNAL FUND TRANSFE,,15-Feb-17,""" 400,252.00 """,,""" 641,032.00 """
409000673061',06-Nov-16,TRF FROM  Indiaforensic SERVICES,,06-Nov-16,""" 450,710.00 """,,""" 1,732,141.00 """
409000554832',30-Dec-17,FDRL/INTERNAL FUND TRANSFE,,30-Dec-17,,""" 21,689.00 """,""" -244,255.00 """
409000502720',14-Jun-16,FDRL/INTERNAL FUND TRANSFE,,14-Jun-16,""" 250,948.00 """,,""" 1,924,357.00 """
409000215918',11-Feb-16,NEFT TRANSFER,,11-Feb-16,,""" 118,205.00 """,""" 422,644.00 """
409000566372',30-May-17,TRF FROM  Indiaforensic SERVICES,,30-May-17,,""" 355,955.00 """,""" 2,663,756.00 """
409000182011',22-Jun-17,NEFT TRANSFER,,22-Jun-17,""" 432,205.00 """,,""" 1,498,447.00 """
409000585607',25-Dec-16,ATM WITHDRAWAL,,25-Dec-16,""" 111,665.00 """,,""" -106,284.00 """
409000720631',16-Jun-16,NEFT TRANSFER,,16-Jun-16,,""" 74,371.00 """,""" 1,992,644.00 """
409000545992',25-Mar-17,POS PURCHASE,,25-Mar-17,,""" 333,858.00 """,""" 1,052,200.00 """
409000375824',26-Nov-16,FDRL/INTERNAL FUND TRANSFE,,26-Nov-16,,""" 174,727.00 """,""" -978,279.00 """
409000938249',29-Mar-16,ATM WITHDRAWAL,,29-Mar-16,,""" 461,155.00 """,""" 1,725,553.00 """
409000224429',22-Jul-17,ATM WITHDRAWAL,,22-Jul-17,""" 119,544.00 """,,""" 2,219,522.00 """
409000130217',13-Oct-16,IMPS TRANSFER,,13-Oct-16,,""" 11,932.00 """,""" -2,135,015.00 """
409000734739',31-Dec-17,IMPS TRANSFER,,31-Dec-17,,""" 11,792.00 """,""" 269,739.00 """
409000117598',19-Jan-16,NEFT TRANSFER,,19-Jan-16,,""" 160,319.00 """,""" -1,592,110.00 """
409000659479',26-Dec-17,POS PURCHASE,,26-Dec-17,""" 262,544.00 """,,""" 474,389.00 """
409000219567',22-Apr-17,TRF FROM  Indiaforensic SERVICES,,22-Apr-17,""" 344,774.00 """,,""" -100,059.00 """
409000100196',21-Dec-16,NEFT TRANSFER,,21-Dec-16,""" 388,770.00 """,,""" -253,502.00 """
409000183728',26-Mar-17,FDRL/INTERNAL FUND TRANSFE,,26-Mar-17,,""" 330,394.00 """,""" 1,682,523.00 """
409000818557',10-Jul-17,TRF FROM  Indiaforensic SERVICES,,10-Jul-17,""" 34,952.00 """,,""" 1,444,107.00 """
409000815934',18-Mar-16,NEFT TRANSFER,,18-Mar-16,,""" 353,070.00 """,""" 2,240,310.00 """
409000322448',10-Oct-16,FDRL/INTERNAL FUND TRANSFE,,10-Oct-16,,""" 128,788.00 """,""" 1,591,235.00 """
409000215918',18-Sep-17,ATM WITHDRAWAL,,18-Sep-17,""" 15,322.00 """,,""" 407,322.00 """
409000961474',02-Jul-17,IMPS TRANSFER,,02-Jul-17,""" 311,112.00 """,,""" 918,492.00 """
409000332316',30-Jul-17,ATM WITHDRAWAL,,30-Jul-17,,""" 179,437.00 """,""" 269,977.00 """
409000941296',05-Apr-17,ATM WITHDRAWAL,,05-Apr-17,""" 98,429.00 """,,""" 1,290,699.00 """
409000931284',01-Feb-16,TRF FROM  Indiaforensic SERVICES,,01-Feb-16,""" 215,378.00 """,,""" 819,744.00 """
409000132496',07-Nov-17,NEFT TRANSFER,,07-Nov-17,""" 323,650.00 """,,""" 2,496,387.00 """
409000884895',21-Jun-16,ATM WITHDRAWAL,,21-Jun-16,,""" 108,143.00 """,""" 1,313,394.00 """
409000224429',04-Apr-16,NEFT TRANSFER,,04-Apr-16,""" 64,798.00 """,,""" 2,154,724.00 """
409000304900',24-Oct-16,FDRL/INTERNAL FUND TRANSFE,,24-Oct-16,,""" 335,043.00 """,""" 139,986.00 """
409000553399',04-Feb-16,TRF FROM  Indiaforensic SERVICES,,04-Feb-16,,""" 18,404.00 """,""" 1,562,728.00 """
409000684481',25-Mar-16,ATM WITHDRAWAL,,25-Mar-16,""" 261,711.00 """,,""" 97,095.00 """
409000110491',30-May-17,IMPS TRANSFER,,30-May-17,""" 15,603.00 """,,""" -1,175,699.00 """
409000945930',14-Jan-16,IMPS TRANSFER,,14-Jan-16,""" 160,377.00 """,,""" -570,926.00 """
409000203226',31-Oct-17,POS PURCHASE,,31-Oct-17,""" 253,553.00 """,,""" 678,980.00 """
409000944848',23-Jul-17,NEFT TRANSFER,,23-Jul-17,""" 192,097.00 """,,""" -2,451,293.00 """
409000950802',12-Jan-16,ATM WITHDRAWAL,,12-Jan-16,,""" 77,223.00 """,""" 2,350,738.00 """
409000985312',27-Oct-17,IMPS TRANSFER,,27-Oct-17,""" 62,358.00 """,,""" -3,158,326.00 """
409000815934',19-Jul-17,POS PURCHASE,,19-Jul-17,""" 474,604.00 """,,""" 1,765,706.00 """
409000730439',18-Mar-17,POS PURCHASE,,18-Mar-17,""" 156,450.00 """,,""" -52,583.00 """
409000952891',09-Jan-17,FDRL/INTERNAL FUND TRANSFE,,09-Jan-17,""" 144,101.00 """,,""" -436,354.00 """
409000281811',24-Sep-17,POS PURCHASE,,24-Sep-17,""" 340,501.00 """,,""" -102,781.00 """
409000160462',27-Nov-17,ATM WITHDRAWAL,,27-Nov-17,""" 332,112.00 """,,""" 2,349,023.00 """
409000693356',05-Mar-17,IMPS TRANSFER,,05-Mar-17,,""" 277,327.00 """,""" -2,503,218.00 """
409000700042',17-Jun-17,ATM WITHDRAWAL,,17-Jun-17,,""" 121,502.00 """,""" -286,775.00 """
409000369346',04-Jul-16,ATM WITHDRAWAL,,04-Jul-16,""" 21,840.00 """,,""" 485,245.00 """
409000883932',30-Jan-17,POS PURCHASE,,30-Jan-17,""" 218,238.00 """,,""" -372,424.00 """
409000110491',07-Jun-16,ATM WITHDRAWAL,,07-Jun-16,,""" 212,527.00 """,""" -963,172.00 """
409000884895',22-Jul-17,IMPS TRANSFER,,22-Jul-17,,""" 284,242.00 """,""" 1,597,636.00 """
409000420436',11-Sep-17,ATM WITHDRAWAL,,11-Sep-17,""" 309,353.00 """,,""" 2,292,826.00 """
409000714173',29-Nov-16,NEFT TRANSFER,,29-Nov-16,,""" 418,731.00 """,""" 1,527,773.00 """
409000257712',04-Jun-16,IMPS TRANSFER,,04-Jun-16,,""" 120,193.00 """,""" -376,172.00 """
409000161349',30-Mar-16,FDRL/INTERNAL FUND TRANSFE,,30-Mar-16,,""" 131,245.00 """,""" 1,480,815.00 """
409000793776',06-Oct-17,ATM WITHDRAWAL,,06-Oct-17,,""" 463,881.00 """,""" 729,871.00 """
409000659479',06-Oct-17,POS PURCHASE,,06-Oct-17,""" 90,307.00 """,,""" 384,082.00 """
409000872626',06-May-17,NEFT TRANSFER,,06-May-17,,""" 280,113.00 """,""" 797,972.00 """
409000682109',18-Jun-17,TRF FROM  Indiaforensic SERVICES,,18-Jun-17,,""" 139,035.00 """,""" 2,647,094.00 """
409000684481',12-Mar-17,POS PURCHASE,,12-Mar-17,""" 35,042.00 """,,""" 62,053.00 """
409000991571',10-Oct-17,POS PURCHASE,,10-Oct-17,""" 273,769.00 """,,""" 1,488,381.00 """
409000281811',13-Nov-17,NEFT TRANSFER,,13-Nov-17,""" 443,976.00 """,,""" -546,757.00 """
409000452520',04-Sep-16,FDRL/INTERNAL FUND TRANSFE,,04-Sep-16,,""" 185,180.00 """,""" 583,789.00 """
409000818557',08-May-16,FDRL/INTERNAL FUND TRANSFE,,08-May-16,""" 372,053.00 """,,""" 1,072,054.00 """
409000182011',27-Dec-17,FDRL/INTERNAL FUND TRANSFE,,27-Dec-17,""" 249,562.00 """,,""" 1,248,885.00 """
409000968666',06-Oct-17,IMPS TRANSFER,,06-Oct-17,,""" 429,709.00 """,""" 2,793,170.00 """
409000547793',07-Jul-17,POS PURCHASE,,07-Jul-17,""" 397,208.00 """,,""" -1,149,434.00 """
409000431592',03-Jan-17,TRF FROM  Indiaforensic SERVICES,,03-Jan-17,""" 68,083.00 """,,""" -636,672.00 """
409000220856',20-Jul-16,NEFT TRANSFER,,20-Jul-16,""" 87,468.00 """,,""" 1,261,974.00 """
409000747968',09-Sep-16,POS PURCHASE,,09-Sep-16,""" 145,712.00 """,,""" -910,659.00 """
409000914209',28-Mar-17,NEFT TRANSFER,,28-Mar-17,,""" 493,771.00 """,""" 1,782,367.00 """
409000442391',01-Oct-16,TRF FROM  Indiaforensic SERVICES,,01-Oct-16,""" 392,084.00 """,,""" 2,024,857.00 """
409000969252',09-Sep-16,ATM WITHDRAWAL,,09-Sep-16,,""" 112,199.00 """,""" 414,524.00 """
409000338678',18-Feb-17,POS PURCHASE,,18-Feb-17,""" 185,789.00 """,,""" 981,305.00 """
409000635937',29-Jun-16,ATM WITHDRAWAL,,29-Jun-16,""" 39,368.00 """,,""" 278,652.00 """
409000837739',19-Jun-16,POS PURCHASE,,19-Jun-16,""" 571.00 """,,""" -1,341,598.00 """
409000883932',14-Apr-17,POS PURCHASE,,14-Apr-17,""" 394,275.00 """,,""" -766,699.00 """
409000961474',16-Nov-16,POS PURCHASE,,16-Nov-16,,""" 146,525.00 """,""" 1,065,017.00 """
409000952891',18-Sep-16,FDRL/INTERNAL FUND TRANSFE,,18-Sep-16,""" 290,655.00 """,,""" -727,009.00 """
409000124116',28-Jan-16,ATM WITHDRAWAL,,28-Jan-16,""" 315,990.00 """,,""" 1,349,823.00 """
409000612576',05-Jul-17,POS PURCHASE,,05-Jul-17,,""" 76,093.00 """,""" 938,321.00 """
409000935285',06-Jan-17,NEFT TRANSFER,,06-Jan-17,""" 345,325.00 """,,""" 452,172.00 """
409000617980',25-Jun-16,TRF FROM  Indiaforensic SERVICES,,25-Jun-16,""" 435,181.00 """,,""" 62,823.00 """
409000397004',06-Jul-17,IMPS TRANSFER,,06-Jul-17,""" 413,927.00 """,,""" 194,730.00 """
409000619259',28-Dec-16,IMPS TRANSFER,,28-Dec-16,,""" 293,380.00 """,""" -1,093,661.00 """
409000682109',30-Jan-16,NEFT TRANSFER,,30-Jan-16,,""" 205,665.00 """,""" 2,852,759.00 """
409000656583',16-May-17,ATM WITHDRAWAL,,16-May-17,,""" 262,514.00 """,""" 1,016,176.00 """
409000381613',09-Jul-17,NEFT TRANSFER,,09-Jul-17,""" 6,466.00 """,,""" 1,822,017.00 """
409000659479',08-Oct-17,IMPS TRANSFER,,08-Oct-17,""" 49,110.00 """,,""" 334,972.00 """
409000133390',05-Jan-16,NEFT TRANSFER,,05-Jan-16,""" 32,301.00 """,,""" 442,748.00 """
409000184133',04-Jul-16,TRF FROM  Indiaforensic SERVICES,,04-Jul-16,""" 385,432.00 """,,""" -91,223.00 """
409000603011',07-Apr-17,TRF FROM  Indiaforensic SERVICES,,07-Apr-17,""" 195,838.00 """,,""" 927,826.00 """
409000897819',11-Oct-17,FDRL/INTERNAL FUND TRANSFE,,11-Oct-17,,""" 446,780.00 """,""" 1,341,127.00 """
409000257712',15-May-16,TRF FROM  Indiaforensic SERVICES,,15-May-16,""" 212,246.00 """,,""" -588,418.00 """
409000375642',29-Sep-17,TRF FROM  Indiaforensic SERVICES,,29-Sep-17,""" 470,109.00 """,,""" 739,335.00 """
409000100196',26-Aug-16,NEFT TRANSFER,,26-Aug-16,,""" 429,345.00 """,""" 175,843.00 """
409000374540',06-May-17,TRF FROM  Indiaforensic SERVICES,,06-May-17,""" 283,760.00 """,,""" -389,234.00 """
409000160462',14-Apr-17,FDRL/INTERNAL FUND TRANSFE,,14-Apr-17,""" 393,329.00 """,,""" 1,955,694.00 """
409000392132',17-Jun-17,NEFT TRANSFER,,17-Jun-17,,""" 377,647.00 """,""" 985,455.00 """
409000998512',11-Apr-17,FDRL/INTERNAL FUND TRANSFE,,11-Apr-17,,""" 15,789.00 """,""" -328,898.00 """
409000112710',22-Feb-16,FDRL/INTERNAL FUND TRANSFE,,22-Feb-16,,""" 173,171.00 """,""" 1,887,149.00 """
409000404291',18-Aug-16,FDRL/INTERNAL FUND TRANSFE,,18-Aug-16,,""" 160,912.00 """,""" 551,720.00 """
409000110491',22-Dec-16,FDRL/INTERNAL FUND TRANSFE,,22-Dec-16,,""" 263,864.00 """,""" -699,308.00 """
409000837739',28-Sep-17,FDRL/INTERNAL FUND TRANSFE,,28-Sep-17,,""" 344,301.00 """,""" -997,297.00 """
409000737708',28-Mar-16,IMPS TRANSFER,,28-Mar-16,,""" 379,823.00 """,""" 2,101,211.00 """
409000444022',22-Aug-16,ATM WITHDRAWAL,,22-Aug-16,""" 427,431.00 """,,""" 2,371,633.00 """
409000203226',11-Mar-17,IMPS TRANSFER,,11-Mar-17,,""" 454,502.00 """,""" 1,133,482.00 """
409000211244',09-Oct-16,FDRL/INTERNAL FUND TRANSFE,,09-Oct-16,""" 385,636.00 """,,""" -846,001.00 """
409000714173',01-Dec-17,ATM WITHDRAWAL,,01-Dec-17,,""" 208,997.00 """,""" 1,736,770.00 """
409000831704',05-Mar-17,POS PURCHASE,,05-Mar-17,,""" 193,190.00 """,""" 834,222.00 """
409000130217',21-Jul-17,ATM WITHDRAWAL,,21-Jul-17,,""" 377,031.00 """,""" -1,757,984.00 """
409000189919',20-Mar-17,FDRL/INTERNAL FUND TRANSFE,,20-Mar-17,""" 456,048.00 """,,""" -10,012.00 """
409000720631',03-Apr-17,TRF FROM  Indiaforensic SERVICES,,03-Apr-17,,""" 366,725.00 """,""" 2,359,369.00 """
409000953042',13-Nov-16,POS PURCHASE,,13-Nov-16,""" 241,525.00 """,,""" -895,360.00 """
409000930777',28-Jul-17,IMPS TRANSFER,,28-Jul-17,""" 82,695.00 """,,""" 1,503,411.00 """
409000755100',07-Dec-16,ATM WITHDRAWAL,,07-Dec-16,""" 491,940.00 """,,""" 137,210.00 """
409000272332',16-Aug-16,NEFT TRANSFER,,16-Aug-16,""" 12,101.00 """,,""" 1,800,512.00 """
409000263631',31-Jul-16,ATM WITHDRAWAL,,31-Jul-16,""" 248,555.00 """,,""" 2,637,221.00 """
409000478491',18-Aug-17,TRF FROM  Indiaforensic SERVICES,,18-Aug-17,,""" 79,696.00 """,""" 202,372.00 """
409000500535',18-May-16,IMPS TRANSFER,,18-May-16,""" 183,500.00 """,,""" -204,020.00 """
409000747968',27-Mar-17,POS PURCHASE,,27-Mar-17,,""" 39,610.00 """,""" -871,049.00 """
409000304900',24-Jul-17,TRF FROM  Indiaforensic SERVICES,,24-Jul-17,""" 418,234.00 """,,""" -278,248.00 """
409000747968',11-Mar-16,FDRL/INTERNAL FUND TRANSFE,,11-Mar-16,""" 45,722.00 """,,""" -916,771.00 """
409000974947',30-May-17,POS PURCHASE,,30-May-17,""" 160,689.00 """,,""" -227,353.00 """
409000872626',08-Mar-16,NEFT TRANSFER,,08-Mar-16,,""" 187,218.00 """,""" 985,190.00 """
409000808057',06-Jan-17,ATM WITHDRAWAL,,06-Jan-17,,""" 454,671.00 """,""" -3,616,891.00 """
409000530205',14-Aug-17,NEFT TRANSFER,,14-Aug-17,,""" 287,097.00 """,""" 469,548.00 """
409000915343',06-May-17,ATM WITHDRAWAL,,06-May-17,""" 71,603.00 """,,""" 653,025.00 """
409000953042',08-May-16,ATM WITHDRAWAL,,08-May-16,""" 300,875.00 """,,""" -1,196,235.00 """
409000184133',03-May-17,NEFT TRANSFER,,03-May-17,""" 4,894.00 """,,""" -96,117.00 """
409000754740',31-Aug-17,FDRL/INTERNAL FUND TRANSFE,,31-Aug-17,,""" 173,255.00 """,""" 877,216.00 """
409000211244',21-Nov-16,FDRL/INTERNAL FUND TRANSFE,,21-Nov-16,,""" 228,489.00 """,""" -617,512.00 """
409000239127',12-May-17,FDRL/INTERNAL FUND TRANSFE,,12-May-17,,""" 478,792.00 """,""" 1,020,169.00 """
409000936869',16-Mar-17,NEFT TRANSFER,,16-Mar-17,""" 335,525.00 """,,""" -1,143,044.00 """
409000130217',18-Jul-16,ATM WITHDRAWAL,,18-Jul-16,""" 294,042.00 """,,""" -2,052,026.00 """
409000157380',01-Apr-17,IMPS TRANSFER,,01-Apr-17,,""" 67,939.00 """,""" 2,210,117.00 """
409000553399',26-Jan-17,TRF FROM  Indiaforensic SERVICES,,26-Jan-17,""" 308,614.00 """,,""" 1,254,114.00 """
409000308752',04-Jan-16,NEFT TRANSFER,,04-Jan-16,""" 53,225.00 """,,""" 1,686,108.00 """
409000612815',24-Nov-16,FDRL/INTERNAL FUND TRANSFE,,24-Nov-16,,""" 448,028.00 """,""" 2,577,979.00 """
409000243381',02-May-17,TRF FROM  Indiaforensic SERVICES,,02-May-17,,""" 445,950.00 """,""" 1,848,896.00 """
409000189919',29-Nov-16,TRF FROM  Indiaforensic SERVICES,,29-Nov-16,""" 57,043.00 """,,""" -67,055.00 """
409000635340',27-Nov-16,NEFT TRANSFER,,27-Nov-16,,""" 352,073.00 """,""" 467,150.00 """
409000509097',22-Sep-17,POS PURCHASE,,22-Sep-17,,""" 134,620.00 """,""" 969,175.00 """
409000182011',01-Sep-16,FDRL/INTERNAL FUND TRANSFE,,01-Sep-16,""" 92,384.00 """,,""" 1,156,501.00 """
409000554832',20-Mar-16,POS PURCHASE,,20-Mar-16,""" 398,398.00 """,,""" -642,653.00 """
409000117598',16-Aug-16,IMPS TRANSFER,,16-Aug-16,""" 379,527.00 """,,""" -1,971,637.00 """
409000404291',25-Dec-16,TRF FROM  Indiaforensic SERVICES,,25-Dec-16,""" 33,602.00 """,,""" 518,118.00 """
409000950568',09-Nov-16,TRF FROM  Indiaforensic SERVICES,,09-Nov-16,,""" 269,025.00 """,""" 1,026,465.00 """
409000897819',26-Jan-16,ATM WITHDRAWAL,,26-Jan-16,,""" 54,041.00 """,""" 1,395,168.00 """
409000957334',26-Mar-17,ATM WITHDRAWAL,,26-Mar-17,""" 329,433.00 """,,""" 1,102,564.00 """
409000655411',14-Aug-17,POS PURCHASE,,14-Aug-17,,""" 335,303.00 """,""" -713,966.00 """
409000197540',30-Aug-16,ATM WITHDRAWAL,,30-Aug-16,,""" 468,290.00 """,""" 2,255,215.00 """
409000553399',11-Oct-17,TRF FROM  Indiaforensic SERVICES,,11-Oct-17,,""" 177,627.00 """,""" 1,431,741.00 """
409000160462',21-Oct-17,POS PURCHASE,,21-Oct-17,""" 10,667.00 """,,""" 1,945,027.00 """
409000831704',09-Jul-17,POS PURCHASE,,09-Jul-17,,""" 331,718.00 """,""" 1,165,940.00 """
409000931284',12-Nov-17,NEFT TRANSFER,,12-Nov-17,,""" 467,370.00 """,""" 1,287,114.00 """
409000885944',13-Oct-16,TRF FROM  Indiaforensic SERVICES,,13-Oct-16,,""" 347,561.00 """,""" 187,394.00 """
409000815056',20-Jul-17,NEFT TRANSFER,,20-Jul-17,""" 337,187.00 """,,""" 1,748,045.00 """
409000952891',29-Sep-16,NEFT TRANSFER,,29-Sep-16,""" 296,714.00 """,,""" -1,023,723.00 """
409000263631',28-Apr-17,NEFT TRANSFER,,28-Apr-17,,""" 9,911.00 """,""" 2,647,132.00 """
409000257712',14-Jun-17,TRF FROM  Indiaforensic SERVICES,,14-Jun-17,,""" 263,695.00 """,""" -324,723.00 """
409000607258',27-Mar-17,FDRL/INTERNAL FUND TRANSFE,,27-Mar-17,,""" 237,894.00 """,""" -884,655.00 """
409000885944',04-Sep-17,NEFT TRANSFER,,04-Sep-17,,""" 248,255.00 """,""" 435,649.00 """
409000105440',02-Sep-16,IMPS TRANSFER,,02-Sep-16,,""" 271,470.00 """,""" 519,731.00 """
409000130217',11-Jun-16,FDRL/INTERNAL FUND TRANSFE,,11-Jun-16,""" 253,613.00 """,,""" -2,305,639.00 """
409000420436',26-Sep-17,TRF FROM  Indiaforensic SERVICES,,26-Sep-17,""" 243,956.00 """,,""" 2,048,870.00 """
409000831495',06-Jan-17,TRF FROM  Indiaforensic SERVICES,,06-Jan-17,,""" 499,798.00 """,""" -37,036.00 """
409000286442',01-Jun-16,POS PURCHASE,,01-Jun-16,""" 99,425.00 """,,""" -971,448.00 """
409000969252',25-Feb-16,TRF FROM  Indiaforensic SERVICES,,25-Feb-16,,""" 56,322.00 """,""" 470,846.00 """
409000808057',01-Nov-16,FDRL/INTERNAL FUND TRANSFE,,01-Nov-16,""" 427,095.00 """,,""" -4,043,986.00 """
409000167461',12-Dec-16,ATM WITHDRAWAL,,12-Dec-16,""" 195,137.00 """,,""" -1,262,910.00 """
409000374540',10-Sep-17,TRF FROM  Indiaforensic SERVICES,,10-Sep-17,,""" 39,812.00 """,""" -349,422.00 """
409000184133',07-Apr-17,FDRL/INTERNAL FUND TRANSFE,,07-Apr-17,""" 350,436.00 """,,""" -446,553.00 """
409000257712',25-Jul-16,TRF FROM  Indiaforensic SERVICES,,25-Jul-16,""" 115,311.00 """,,""" -440,034.00 """
409000969252',05-May-17,NEFT TRANSFER,,05-May-17,,""" 349,641.00 """,""" 820,487.00 """
409000583676',09-Jul-16,ATM WITHDRAWAL,,09-Jul-16,,""" 15,151.00 """,""" -109,489.00 """
409000831704',04-May-16,IMPS TRANSFER,,04-May-16,""" 208,965.00 """,,""" 956,975.00 """
409000478491',02-Oct-17,IMPS TRANSFER,,02-Oct-17,""" 129,696.00 """,,""" 72,676.00 """
409000243381',10-Aug-17,POS PURCHASE,,10-Aug-17,,""" 253,282.00 """,""" 2,102,178.00 """
409000655411',13-Nov-16,ATM WITHDRAWAL,,13-Nov-16,""" 452,576.00 """,,""" -1,166,542.00 """
409000771650',29-Nov-16,NEFT TRANSFER,,29-Nov-16,,""" 426,454.00 """,""" 435,416.00 """
409000271204',28-Nov-17,NEFT TRANSFER,,28-Nov-17,""" 197,494.00 """,,""" 1,463,655.00 """
409000884895',30-Jan-17,ATM WITHDRAWAL,,30-Jan-17,,""" 433,096.00 """,""" 2,030,732.00 """
409000220856',22-Jan-16,ATM WITHDRAWAL,,22-Jan-16,,""" 334,687.00 """,""" 1,596,661.00 """
409000938249',10-May-17,FDRL/INTERNAL FUND TRANSFE,,10-May-17,""" 226,385.00 """,,""" 1,499,168.00 """
409000444431',25-Oct-16,NEFT TRANSFER,,25-Oct-16,,""" 459,213.00 """,""" -1,072,849.00 """
409000693356',08-Aug-17,IMPS TRANSFER,,08-Aug-17,,""" 155,132.00 """,""" -2,348,086.00 """
409000402246',12-Feb-17,NEFT TRANSFER,,12-Feb-17,""" 164,869.00 """,,""" 2,646,560.00 """
409000444431',29-Jan-16,ATM WITHDRAWAL,,29-Jan-16,""" 230,258.00 """,,""" -1,303,107.00 """
409000444022',11-Mar-16,POS PURCHASE,,11-Mar-16,,""" 68,864.00 """,""" 2,440,497.00 """
409000110491',16-Jun-17,TRF FROM  Indiaforensic SERVICES,,16-Jun-17,,""" 448,161.00 """,""" -251,147.00 """
409000635340',13-Feb-16,POS PURCHASE,,13-Feb-16,""" 99,177.00 """,,""" 367,973.00 """
409000167461',27-Sep-16,ATM WITHDRAWAL,,27-Sep-16,""" 486,747.00 """,,""" -1,749,657.00 """
409000961474',01-Jan-16,POS PURCHASE,,01-Jan-16,""" 286,775.00 """,,""" 778,242.00 """
409000660205',12-Apr-16,TRF FROM  Indiaforensic SERVICES,,12-Apr-16,,""" 207,417.00 """,""" 49,306.00 """
409000277980',14-Oct-17,POS PURCHASE,,14-Oct-17,,""" 44,272.00 """,""" -2,255,355.00 """
409000180124',02-Jul-16,POS PURCHASE,,02-Jul-16,""" 89,311.00 """,,""" 43,830.00 """
409000820802',17-Aug-17,TRF FROM  Indiaforensic SERVICES,,17-Aug-17,""" 340,221.00 """,,""" -1,983,661.00 """
409000452520',10-Dec-16,POS PURCHASE,,10-Dec-16,,""" 349,666.00 """,""" 933,455.00 """
409000655411',17-Jul-16,IMPS TRANSFER,,17-Jul-16,,""" 497,386.00 """,""" -669,156.00 """
409000941296',22-May-16,NEFT TRANSFER,,22-May-16,,""" 135,079.00 """,""" 1,425,778.00 """
409000157380',08-Aug-16,NEFT TRANSFER,,08-Aug-16,,""" 442,708.00 """,""" 2,652,825.00 """
409000985431',15-Sep-16,NEFT TRANSFER,,15-Sep-16,""" 454,338.00 """,,""" 458,491.00 """
409000793776',08-Nov-16,FDRL/INTERNAL FUND TRANSFE,,08-Nov-16,,""" 263,190.00 """,""" 993,061.00 """
409000837739',07-Sep-16,IMPS TRANSFER,,07-Sep-16,,""" 108,115.00 """,""" -889,182.00 """
409000837739',16-May-16,NEFT TRANSFER,,16-May-16,""" 45,575.00 """,,""" -934,757.00 """
409000754740',18-Jun-17,IMPS TRANSFER,,18-Jun-17,,""" 446,916.00 """,""" 1,324,132.00 """
409000985431',08-Apr-17,ATM WITHDRAWAL,,08-Apr-17,""" 242,241.00 """,,""" 216,250.00 """
409000444022',09-Dec-17,FDRL/INTERNAL FUND TRANSFE,,09-Dec-17,""" 92,158.00 """,,""" 2,348,339.00 """
409000547793',08-Sep-16,NEFT TRANSFER,,08-Sep-16,""" 487,767.00 """,,""" -1,637,201.00 """
409000473731',24-Mar-16,ATM WITHDRAWAL,,24-Mar-16,""" 114,778.00 """,,""" -46,333.00 """
409000167461',09-Jan-16,FDRL/INTERNAL FUND TRANSFE,,09-Jan-16,,""" 282,144.00 """,""" -1,467,513.00 """
409000189919',30-Apr-17,TRF FROM  Indiaforensic SERVICES,,30-Apr-17,,""" 233,098.00 """,""" 166,043.00 """
409000239127',03-Jan-16,FDRL/INTERNAL FUND TRANSFE,,03-Jan-16,,""" 142,645.00 """,""" 1,162,814.00 """
409000112490',22-Sep-16,POS PURCHASE,,22-Sep-16,,""" 437,405.00 """,""" -1,430,414.00 """
409000682109',15-Sep-17,POS PURCHASE,,15-Sep-17,""" 287,895.00 """,,""" 2,564,864.00 """
409000545992',12-Sep-16,ATM WITHDRAWAL,,12-Sep-16,,""" 76,053.00 """,""" 1,128,253.00 """
409000737708',02-Nov-16,ATM WITHDRAWAL,,02-Nov-16,,""" 469,170.00 """,""" 2,570,381.00 """
409000941296',12-Aug-16,ATM WITHDRAWAL,,12-Aug-16,""" 53,214.00 """,,""" 1,372,564.00 """
409000957334',15-Dec-16,FDRL/INTERNAL FUND TRANSFE,,15-Dec-16,,""" 7,763.00 """,""" 1,110,327.00 """
409000442391',07-Aug-17,FDRL/INTERNAL FUND TRANSFE,,07-Aug-17,""" 205,780.00 """,,""" 1,819,077.00 """
409000444431',24-Sep-17,POS PURCHASE,,24-Sep-17,,""" 14,037.00 """,""" -1,289,070.00 """
409000257712',20-Apr-17,NEFT TRANSFER,,20-Apr-17,,""" 400,821.00 """,""" -39,213.00 """
409000884895',03-Jun-17,POS PURCHASE,,03-Jun-17,,""" 399,309.00 """,""" 2,430,041.00 """
409000369346',13-Jul-16,TRF FROM  Indiaforensic SERVICES,,13-Jul-16,,""" 150,447.00 """,""" 635,692.00 """
409000942858',22-Sep-17,NEFT TRANSFER,,22-Sep-17,,""" 376,623.00 """,""" -1,553,436.00 """
409000673061',22-Jan-16,IMPS TRANSFER,,22-Jan-16,""" 447,917.00 """,,""" 1,284,224.00 """
409000131038',09-Aug-16,POS PURCHASE,,09-Aug-16,""" 277,787.00 """,,""" -466,149.00 """
409000509097',03-Jul-16,IMPS TRANSFER,,03-Jul-16,""" 80,542.00 """,,""" 888,633.00 """
409000323528',27-Nov-17,TRF FROM  Indiaforensic SERVICES,,27-Nov-17,,""" 269,291.00 """,""" 173,080.00 """
409000872626',31-Jan-17,ATM WITHDRAWAL,,31-Jan-17,""" 236,654.00 """,,""" 748,536.00 """
409000957334',08-Mar-16,IMPS TRANSFER,,08-Mar-16,""" 26,803.00 """,,""" 1,083,524.00 """
409000498090',27-Aug-16,IMPS TRANSFER,,27-Aug-16,,""" 267,203.00 """,""" 955,552.00 """
409000183728',16-Jul-17,FDRL/INTERNAL FUND TRANSFE,,16-Jul-17,""" 187,343.00 """,,""" 1,495,180.00 """
409000892124',27-Dec-17,IMPS TRANSFER,,27-Dec-17,,""" 79,812.00 """,""" 1,529,483.00 """
409000793776',07-Sep-17,IMPS TRANSFER,,07-Sep-17,,""" 452,547.00 """,""" 1,445,608.00 """
409000619259',01-May-16,ATM WITHDRAWAL,,01-May-16,,""" 165,423.00 """,""" -928,238.00 """
409000324521',12-Aug-17,FDRL/INTERNAL FUND TRANSFE,,12-Aug-17,,""" 382,208.00 """,""" 919,952.00 """
409000755100',02-Nov-16,NEFT TRANSFER,,02-Nov-16,""" 488,826.00 """,,""" -351,616.00 """
409000442391',07-Apr-16,POS PURCHASE,,07-Apr-16,,""" 406,616.00 """,""" 2,225,693.00 """
409000358006',04-Oct-17,POS PURCHASE,,04-Oct-17,""" 304,561.00 """,,""" 2,636,236.00 """
409000547793',05-Apr-17,POS PURCHASE,,05-Apr-17,""" 220,940.00 """,,""" -1,858,141.00 """
409000682109',25-Aug-16,FDRL/INTERNAL FUND TRANSFE,,25-Aug-16,""" 413,505.00 """,,""" 2,151,359.00 """
409000304900',23-Apr-17,IMPS TRANSFER,,23-Apr-17,""" 134,236.00 """,,""" -412,484.00 """
409000734739',01-Feb-16,ATM WITHDRAWAL,,01-Feb-16,,""" 55,399.00 """,""" 325,138.00 """
409000950568',25-Nov-16,ATM WITHDRAWAL,,25-Nov-16,,""" 449,981.00 """,""" 1,476,446.00 """
409000500535',01-May-17,FDRL/INTERNAL FUND TRANSFE,,01-May-17,""" 236,033.00 """,,""" -440,053.00 """
409000271204',16-Aug-17,FDRL/INTERNAL FUND TRANSFE,,16-Aug-17,,""" 21,298.00 """,""" 1,484,953.00 """
409000130217',08-Feb-16,FDRL/INTERNAL FUND TRANSFE,,08-Feb-16,,""" 160,867.00 """,""" -2,144,772.00 """
409000180124',13-Jul-16,FDRL/INTERNAL FUND TRANSFE,,13-Jul-16,,""" 186,247.00 """,""" 230,077.00 """
409000858950',07-Apr-17,FDRL/INTERNAL FUND TRANSFE,,07-Apr-17,,""" 352,454.00 """,""" 2,146,843.00 """
409000117598',07-Aug-16,POS PURCHASE,,07-Aug-16,""" 69,277.00 """,,""" -2,040,914.00 """
409000885944',13-May-16,TRF FROM  Indiaforensic SERVICES,,13-May-16,,""" 318,431.00 """,""" 754,080.00 """
409000998512',16-Aug-17,NEFT TRANSFER,,16-Aug-17,,""" 28,696.00 """,""" -300,202.00 """
409000998512',24-Mar-16,NEFT TRANSFER,,24-Mar-16,,""" 224,126.00 """,""" -76,076.00 """
409000612815',03-May-16,NEFT TRANSFER,,03-May-16,,""" 366,655.00 """,""" 2,944,634.00 """
409000112490',08-Sep-16,ATM WITHDRAWAL,,08-Sep-16,,""" 409,328.00 """,""" -1,021,086.00 """
409000714173',04-Nov-16,NEFT TRANSFER,,04-Nov-16,""" 62,705.00 """,,""" 1,674,065.00 """
409000239127',12-Apr-16,IMPS TRANSFER,,12-Apr-16,,""" 167,277.00 """,""" 1,330,091.00 """
409000892124',23-Jan-16,NEFT TRANSFER,,23-Jan-16,,""" 13,191.00 """,""" 1,542,674.00 """
409000612815',24-Jun-17,IMPS TRANSFER,,24-Jun-17,""" 490,682.00 """,,""" 2,453,952.00 """
409000944848',19-Feb-17,IMPS TRANSFER,,19-Feb-17,,""" 493,221.00 """,""" -1,958,072.00 """
409000968666',28-Feb-16,FDRL/INTERNAL FUND TRANSFE,,28-Feb-16,,""" 459,999.00 """,""" 3,253,169.00 """
409000553399',01-Dec-17,ATM WITHDRAWAL,,01-Dec-17,""" 11,701.00 """,,""" 1,420,040.00 """
409000747720',27-Jun-17,FDRL/INTERNAL FUND TRANSFE,,27-Jun-17,""" 106,425.00 """,,""" 1,343,653.00 """
409000974947',25-Feb-16,TRF FROM  Indiaforensic SERVICES,,25-Feb-16,,""" 232,165.00 """,""" 4,812.00 """
409000254468',15-May-17,IMPS TRANSFER,,15-May-17,,""" 14,980.00 """,""" 1,232,585.00 """
409000530205',18-Feb-17,TRF FROM  Indiaforensic SERVICES,,18-Feb-17,""" 178,072.00 """,,""" 291,476.00 """
409000590992',22-Mar-16,POS PURCHASE,,22-Mar-16,,""" 397,216.00 """,""" 1,886,640.00 """
409000930777',16-Dec-16,POS PURCHASE,,16-Dec-16,""" 198,410.00 """,,""" 1,305,001.00 """
409000219567',17-Jul-17,IMPS TRANSFER,,17-Jul-17,,""" 314,407.00 """,""" 214,348.00 """
409000281811',29-Nov-17,TRF FROM  Indiaforensic SERVICES,,29-Nov-17,""" 149,764.00 """,,""" -696,521.00 """
409000682109',14-Apr-16,ATM WITHDRAWAL,,14-Apr-16,""" 376,474.00 """,,""" 1,774,885.00 """
409000101240',24-Jan-16,POS PURCHASE,,24-Jan-16,,""" 271,335.00 """,""" 2,048,749.00 """
409000182011',28-Jan-17,NEFT TRANSFER,,28-Jan-17,""" 334,203.00 """,,""" 822,298.00 """
409000660205',07-Mar-17,FDRL/INTERNAL FUND TRANSFE,,07-Mar-17,,""" 146,536.00 """,""" 195,842.00 """
409000586455',29-Nov-16,POS PURCHASE,,29-Nov-16,""" 15,977.00 """,,""" -1,565,070.00 """
409000583676',24-Jun-16,NEFT TRANSFER,,24-Jun-16,""" 432,771.00 """,,""" -542,260.00 """
409000684481',08-Apr-17,FDRL/INTERNAL FUND TRANSFE,,08-Apr-17,""" 119,652.00 """,,""" -57,599.00 """
409000772264',17-Jan-16,NEFT TRANSFER,,17-Jan-16,""" 72,640.00 """,,""" -389,637.00 """
409000557336',06-Jul-17,FDRL/INTERNAL FUND TRANSFE,,06-Jul-17,""" 459,064.00 """,,""" 1,764,411.00 """
409000182803',06-Nov-16,ATM WITHDRAWAL,,06-Nov-16,""" 392,939.00 """,,""" 1,618,461.00 """
409000700042',26-Jul-17,NEFT TRANSFER,,26-Jul-17,""" 12,688.00 """,,""" -299,463.00 """
409000734739',01-Apr-16,TRF FROM  Indiaforensic SERVICES,,01-Apr-16,""" 270,064.00 """,,""" 55,074.00 """
409000879020',03-Aug-16,IMPS TRANSFER,,03-Aug-16,""" 353,826.00 """,,""" 1,129,735.00 """
409000358006',29-Oct-17,IMPS TRANSFER,,29-Oct-17,""" 404,279.00 """,,""" 2,231,957.00 """
409000733355',27-Dec-16,NEFT TRANSFER,,27-Dec-16,,""" 116,968.00 """,""" 1,877,982.00 """
409000636341',03-Oct-16,ATM WITHDRAWAL,,03-Oct-16,""" 25,526.00 """,,""" 1,078,358.00 """
409000263631',04-May-17,FDRL/INTERNAL FUND TRANSFE,,04-May-17,""" 374,897.00 """,,""" 2,272,235.00 """
409000100196',06-Dec-17,ATM WITHDRAWAL,,06-Dec-17,,""" 363,928.00 """,""" 539,771.00 """
409000661072',16-Jan-16,ATM WITHDRAWAL,,16-Jan-16,,""" 78,354.00 """,""" 1,430,406.00 """
409000818557',02-Mar-17,IMPS TRANSFER,,02-Mar-17,,""" 480,560.00 """,""" 1,552,614.00 """
409000884895',07-May-17,ATM WITHDRAWAL,,07-May-17,""" 455,260.00 """,,""" 1,974,781.00 """
409000935285',02-Sep-16,ATM WITHDRAWAL,,02-Sep-16,""" 105,800.00 """,,""" 346,372.00 """
409000565236',24-Jul-16,NEFT TRANSFER,,24-Jul-16,,""" 32,921.00 """,""" -33,063.00 """
409000177276',30-Aug-16,ATM WITHDRAWAL,,30-Aug-16,,""" 427,340.00 """,""" -1,410,783.00 """
409000167461',30-Jul-17,IMPS TRANSFER,,30-Jul-17,,""" 410,001.00 """,""" -1,057,512.00 """
409000277980',29-May-16,NEFT TRANSFER,,29-May-16,""" 68,505.00 """,,""" -2,323,860.00 """
409000707260',19-Dec-16,NEFT TRANSFER,,19-Dec-16,,""" 262,842.00 """,""" 1,316,377.00 """
409000596389',09-Nov-17,NEFT TRANSFER,,09-Nov-17,,""" 194,563.00 """,""" 3,115,322.00 """
409000969252',17-Aug-16,IMPS TRANSFER,,17-Aug-16,,""" 197,633.00 """,""" 1,018,120.00 """
409000251221',24-Sep-17,TRF FROM  Indiaforensic SERVICES,,24-Sep-17,,""" 361,702.00 """,""" 413,351.00 """
409000590992',14-Apr-16,TRF FROM  Indiaforensic SERVICES,,14-Apr-16,,""" 258,259.00 """,""" 2,144,899.00 """
409000617980',12-Feb-16,FDRL/INTERNAL FUND TRANSFE,,12-Feb-16,,""" 255,065.00 """,""" 317,888.00 """
409000636341',06-Jun-17,POS PURCHASE,,06-Jun-17,""" 59,571.00 """,,""" 1,018,787.00 """
409000885944',20-Feb-16,TRF FROM  Indiaforensic SERVICES,,20-Feb-16,,""" 128,652.00 """,""" 882,732.00 """
409000211244',15-Jun-16,POS PURCHASE,,15-Jun-16,,""" 323,346.00 """,""" -294,166.00 """
409000130217',19-Nov-16,NEFT TRANSFER,,19-Nov-16,""" 238,070.00 """,,""" -2,382,842.00 """
409000884895',30-Dec-17,IMPS TRANSFER,,30-Dec-17,,""" 138,517.00 """,""" 2,113,298.00 """
409000635937',21-Aug-16,NEFT TRANSFER,,21-Aug-16,,""" 344,828.00 """,""" 623,480.00 """
409000915343',04-Apr-17,FDRL/INTERNAL FUND TRANSFE,,04-Apr-17,""" 289,959.00 """,,""" 363,066.00 """
409000251221',28-Jun-17,TRF FROM  Indiaforensic SERVICES,,28-Jun-17,""" 387,620.00 """,,""" 25,731.00 """
409000112710',03-Feb-16,POS PURCHASE,,03-Feb-16,""" 124,261.00 """,,""" 1,762,888.00 """
409000953042',24-May-17,NEFT TRANSFER,,24-May-17,,""" 313,637.00 """,""" -882,598.00 """
409000935285',17-Apr-16,IMPS TRANSFER,,17-Apr-16,""" 313,510.00 """,,""" 32,862.00 """
409000936869',16-Dec-17,FDRL/INTERNAL FUND TRANSFE,,16-Dec-17,""" 271,437.00 """,,""" -1,414,481.00 """
409000444431',04-Sep-16,POS PURCHASE,,04-Sep-16,""" 214,925.00 """,,""" -1,503,995.00 """
409000897819',04-Mar-17,ATM WITHDRAWAL,,04-Mar-17,""" 262,435.00 """,,""" 1,132,733.00 """
409000140684',23-Jul-16,IMPS TRANSFER,,23-Jul-16,""" 437,751.00 """,,""" -311,095.00 """
409000326234',03-Jul-16,ATM WITHDRAWAL,,03-Jul-16,,""" 736.00 """,""" 1,428,111.00 """
409000700042',07-Dec-16,TRF FROM  Indiaforensic SERVICES,,07-Dec-16,""" 251,535.00 """,,""" -550,998.00 """
409000220856',02-Jun-16,FDRL/INTERNAL FUND TRANSFE,,02-Jun-16,""" 137,217.00 """,,""" 1,459,444.00 """
409000635999',11-Sep-17,TRF FROM  Indiaforensic SERVICES,,11-Sep-17,,""" 441,569.00 """,""" 1,766,866.00 """
409000858950',29-Jul-17,FDRL/INTERNAL FUND TRANSFE,,29-Jul-17,,""" 208,098.00 """,""" 2,354,941.00 """
409000968666',07-Jun-17,TRF FROM  Indiaforensic SERVICES,,07-Jun-17,""" 342,578.00 """,,""" 2,910,591.00 """
409000907892',24-Feb-17,IMPS TRANSFER,,24-Feb-17,""" 82,298.00 """,,""" -540,431.00 """
409000271204',20-Jul-16,NEFT TRANSFER,,20-Jul-16,""" 466,043.00 """,,""" 1,018,910.00 """
409000251221',30-Jul-17,TRF FROM  Indiaforensic SERVICES,,30-Jul-17,""" 296,219.00 """,,""" -270,488.00 """
409000831704',18-May-17,NEFT TRANSFER,,18-May-17,""" 287,206.00 """,,""" 669,769.00 """
409000808057',03-Nov-16,NEFT TRANSFER,,03-Nov-16,,""" 178,829.00 """,""" -3,865,157.00 """
409000140684',22-May-17,NEFT TRANSFER,,22-May-17,""" 224,602.00 """,,""" -535,697.00 """
409000733355',17-Jun-16,ATM WITHDRAWAL,,17-Jun-16,""" 104,655.00 """,,""" 1,773,327.00 """
409000661072',02-Feb-17,NEFT TRANSFER,,02-Feb-17,,""" 250,808.00 """,""" 1,681,214.00 """
409000243381',11-Nov-17,TRF FROM  Indiaforensic SERVICES,,11-Nov-17,,""" 732.00 """,""" 2,102,910.00 """
409000183728',07-Mar-16,IMPS TRANSFER,,07-Mar-16,,""" 261,052.00 """,""" 1,756,232.00 """
409000807760',19-Nov-17,NEFT TRANSFER,,19-Nov-17,,""" 92,953.00 """,""" 1,869,398.00 """
409000277980',19-Jan-17,TRF FROM  Indiaforensic SERVICES,,19-Jan-17,,""" 160,994.00 """,""" -2,162,866.00 """
409000825195',23-Sep-17,FDRL/INTERNAL FUND TRANSFE,,23-Sep-17,,""" 356,831.00 """,""" 1,265,224.00 """
409000793776',24-Apr-16,FDRL/INTERNAL FUND TRANSFE,,24-Apr-16,""" 353,182.00 """,,""" 1,092,426.00 """
409000693356',27-Nov-16,IMPS TRANSFER,,27-Nov-16,,""" 15,358.00 """,""" -2,332,728.00 """
409000220856',29-Jun-17,IMPS TRANSFER,,29-Jun-17,,""" 77,591.00 """,""" 1,537,035.00 """
409000267304',12-Nov-16,FDRL/INTERNAL FUND TRANSFE,,12-Nov-16,""" 100,293.00 """,,""" -505,426.00 """
409000837739',12-Mar-16,NEFT TRANSFER,,12-Mar-16,""" 316,423.00 """,,""" -1,251,180.00 """
409000816639',20-Oct-16,IMPS TRANSFER,,20-Oct-16,""" 377,826.00 """,,""" -951,032.00 """
409000530205',26-Apr-17,POS PURCHASE,,26-Apr-17,,""" 447,821.00 """,""" 739,297.00 """
409000326234',29-Aug-16,ATM WITHDRAWAL,,29-Aug-16,,""" 59,936.00 """,""" 1,488,047.00 """
409000938249',01-Jun-16,NEFT TRANSFER,,01-Jun-16,""" 451,254.00 """,,""" 1,047,914.00 """
409000478491',16-Nov-17,ATM WITHDRAWAL,,16-Nov-17,,""" 403,080.00 """,""" 475,756.00 """
409000808057',27-Oct-16,ATM WITHDRAWAL,,27-Oct-16,,""" 40,456.00 """,""" -3,824,701.00 """
409000473731',14-May-16,TRF FROM  Indiaforensic SERVICES,,14-May-16,,""" 371,896.00 """,""" 325,563.00 """
409000381613',24-Dec-16,FDRL/INTERNAL FUND TRANSFE,,24-Dec-16,""" 287,795.00 """,,""" 1,534,222.00 """
409000754740',13-Feb-16,IMPS TRANSFER,,13-Feb-16,,""" 455,291.00 """,""" 1,779,423.00 """
409000239127',25-May-17,ATM WITHDRAWAL,,25-May-17,,""" 484,284.00 """,""" 1,814,375.00 """
409000566372',29-Nov-16,TRF FROM  Indiaforensic SERVICES,,29-Nov-16,""" 337,869.00 """,,""" 2,325,887.00 """
409000132496',29-Nov-17,FDRL/INTERNAL FUND TRANSFE,,29-Nov-17,,""" 498,996.00 """,""" 2,995,383.00 """
409000858950',28-Feb-17,TRF FROM  Indiaforensic SERVICES,,28-Feb-17,,""" 432,606.00 """,""" 2,787,547.00 """
409000586455',29-Jun-16,NEFT TRANSFER,,29-Jun-16,,""" 18,263.00 """,""" -1,546,807.00 """
409000112710',15-Oct-17,IMPS TRANSFER,,15-Oct-17,""" 374,116.00 """,,""" 1,388,772.00 """
409000953042',10-Feb-17,FDRL/INTERNAL FUND TRANSFE,,10-Feb-17,,""" 435,897.00 """,""" -446,701.00 """
409000184133',21-Apr-17,FDRL/INTERNAL FUND TRANSFE,,21-Apr-17,""" 392,562.00 """,,""" -839,115.00 """
409000831495',07-Jun-16,POS PURCHASE,,07-Jun-16,,""" 46,727.00 """,""" 9,691.00 """
409000596389',29-Mar-16,FDRL/INTERNAL FUND TRANSFE,,29-Mar-16,,""" 47,852.00 """,""" 3,163,174.00 """
409000730439',05-Dec-16,ATM WITHDRAWAL,,05-Dec-16,,""" 305,667.00 """,""" 253,084.00 """
409000583676',01-Aug-16,TRF FROM  Indiaforensic SERVICES,,01-Aug-16,""" 348,592.00 """,,""" -890,852.00 """
409000267304',14-Dec-16,TRF FROM  Indiaforensic SERVICES,,14-Dec-16,""" 390,824.00 """,,""" -896,250.00 """
409000748053',09-Jul-17,IMPS TRANSFER,,09-Jul-17,""" 266,312.00 """,,""" 162,826.00 """
409000369346',07-Feb-16,TRF FROM  Indiaforensic SERVICES,,07-Feb-16,,""" 254,343.00 """,""" 890,035.00 """
409000998512',24-Sep-17,FDRL/INTERNAL FUND TRANSFE,,24-Sep-17,,""" 56,699.00 """,""" -19,377.00 """
409000754213',04-May-17,FDRL/INTERNAL FUND TRANSFE,,04-May-17,""" 423,963.00 """,,""" -1,793,223.00 """
409000334036',02-May-17,TRF FROM  Indiaforensic SERVICES,,02-May-17,,""" 190,023.00 """,""" -1,783,846.00 """
409000707260',15-Aug-17,NEFT TRANSFER,,15-Aug-17,""" 414,183.00 """,,""" 902,194.00 """
409000323528',28-Oct-17,NEFT TRANSFER,,28-Oct-17,,""" 398,712.00 """,""" 571,792.00 """
409000164947',20-Oct-17,IMPS TRANSFER,,20-Oct-17,,""" 296,911.00 """,""" -304,712.00 """
409000203226',30-Jan-16,POS PURCHASE,,30-Jan-16,""" 462,223.00 """,,""" 671,259.00 """
409000748053',26-Nov-17,NEFT TRANSFER,,26-Nov-17,""" 111,828.00 """,,""" 50,998.00 """
409000945930',26-Jul-17,NEFT TRANSFER,,26-Jul-17,,""" 94,169.00 """,""" -476,757.00 """
409000755100',22-Nov-16,NEFT TRANSFER,,22-Nov-16,,""" 393,082.00 """,""" 41,466.00 """
409000583676',27-May-17,ATM WITHDRAWAL,,27-May-17,,""" 396,497.00 """,""" -494,355.00 """
409000182011',19-Jan-16,IMPS TRANSFER,,19-Jan-16,,""" 220,334.00 """,""" 1,042,632.00 """
409000897819',24-Aug-16,FDRL/INTERNAL FUND TRANSFE,,24-Aug-16,""" 455,639.00 """,,""" 677,094.00 """
409000879020',15-Dec-17,POS PURCHASE,,15-Dec-17,,""" 1,870.00 """,""" 1,131,605.00 """
409000677702',11-Apr-16,NEFT TRANSFER,,11-Apr-16,""" 310,309.00 """,,""" 1,387,959.00 """
409000950802',27-Sep-17,ATM WITHDRAWAL,,27-Sep-17,""" 364,818.00 """,,""" 1,985,920.00 """
409000942858',29-Oct-16,TRF FROM  Indiaforensic SERVICES,,29-Oct-16,""" 199,640.00 """,,""" -1,753,076.00 """
409000872626',31-Dec-16,POS PURCHASE,,31-Dec-16,,""" 128,704.00 """,""" 877,240.00 """
409000793776',23-Dec-17,NEFT TRANSFER,,23-Dec-17,,""" 401,752.00 """,""" 1,494,178.00 """
409000607258',13-Dec-16,POS PURCHASE,,13-Dec-16,""" 25,943.00 """,,""" -910,598.00 """
409000565236',05-Mar-16,POS PURCHASE,,05-Mar-16,""" 441,124.00 """,,""" -474,187.00 """
409000825195',05-Feb-17,TRF FROM  Indiaforensic SERVICES,,05-Feb-17,,""" 176,641.00 """,""" 1,441,865.00 """
409000277980',07-Feb-17,NEFT TRANSFER,,07-Feb-17,,""" 434,609.00 """,""" -1,728,257.00 """
409000456174',12-Sep-16,IMPS TRANSFER,,12-Sep-16,,""" 292,328.00 """,""" 2,330,158.00 """
409000985431',17-Mar-16,IMPS TRANSFER,,17-Mar-16,""" 198,093.00 """,,""" 18,157.00 """
409000339352',06-Mar-16,POS PURCHASE,,06-Mar-16,,""" 461,159.00 """,""" 797,104.00 """
409000308752',04-Dec-16,ATM WITHDRAWAL,,04-Dec-16,""" 212,493.00 """,,""" 1,473,615.00 """
409000203226',25-Sep-16,TRF FROM  Indiaforensic SERVICES,,25-Sep-16,,""" 147,594.00 """,""" 818,853.00 """
409000950802',03-Oct-17,POS PURCHASE,,03-Oct-17,""" 79,189.00 """,,""" 1,906,731.00 """
409000101240',17-Jul-16,ATM WITHDRAWAL,,17-Jul-16,,""" 90,903.00 """,""" 2,139,652.00 """
409000281811',15-Sep-17,NEFT TRANSFER,,15-Sep-17,,""" 355,631.00 """,""" -340,890.00 """
409000135650',02-Aug-16,POS PURCHASE,,02-Aug-16,,""" 313,915.00 """,""" 490,455.00 """
409000693356',16-Jun-16,FDRL/INTERNAL FUND TRANSFE,,16-Jun-16,,""" 275,694.00 """,""" -2,057,034.00 """
409000117598',28-Aug-17,FDRL/INTERNAL FUND TRANSFE,,28-Aug-17,""" 118,325.00 """,,""" -2,159,239.00 """
409000914209',06-Sep-16,ATM WITHDRAWAL,,06-Sep-16,,""" 233,501.00 """,""" 2,015,868.00 """
409000747968',18-Jun-16,TRF FROM  Indiaforensic SERVICES,,18-Jun-16,,""" 330,480.00 """,""" -586,291.00 """
409000124116',02-Jan-16,FDRL/INTERNAL FUND TRANSFE,,02-Jan-16,""" 84,400.00 """,,""" 1,265,423.00 """
409000473731',18-Feb-16,NEFT TRANSFER,,18-Feb-16,""" 96,420.00 """,,""" 229,143.00 """
409000110491',11-Nov-16,ATM WITHDRAWAL,,11-Nov-16,""" 270,789.00 """,,""" -521,936.00 """
409000831704',20-Jan-17,POS PURCHASE,,20-Jan-17,,""" 418,677.00 """,""" 1,088,446.00 """
409000180124',28-Jan-17,IMPS TRANSFER,,28-Jan-17,,""" 157,469.00 """,""" 387,546.00 """
409000771650',16-May-17,ATM WITHDRAWAL,,16-May-17,""" 182,493.00 """,,""" 252,923.00 """
409000968666',16-Feb-17,NEFT TRANSFER,,16-Feb-17,""" 167,591.00 """,,""" 2,743,000.00 """
409000858950',08-Nov-17,NEFT TRANSFER,,08-Nov-17,""" 47,561.00 """,,""" 2,739,986.00 """
409000530053',06-Sep-16,IMPS TRANSFER,,06-Sep-16,,""" 285,099.00 """,""" 827,801.00 """
409000402246',07-Sep-16,TRF FROM  Indiaforensic SERVICES,,07-Sep-16,,""" 258,515.00 """,""" 2,905,075.00 """
409000897819',01-Sep-16,ATM WITHDRAWAL,,01-Sep-16,,""" 392,765.00 """,""" 1,069,859.00 """
409000160462',12-Jun-17,POS PURCHASE,,12-Jun-17,,""" 436,107.00 """,""" 2,381,134.00 """
409000316747',22-Nov-17,POS PURCHASE,,22-Nov-17,""" 465,772.00 """,,""" -1,665,141.00 """
409000375642',24-Jul-17,TRF FROM  Indiaforensic SERVICES,,24-Jul-17,,""" 413,858.00 """,""" 1,153,193.00 """
409000845049',23-Aug-16,NEFT TRANSFER,,23-Aug-16,,""" 247,513.00 """,""" 1,944,262.00 """
409000935285',13-Dec-17,POS PURCHASE,,13-Dec-17,""" 404,874.00 """,,""" -372,012.00 """
409000444022',26-May-16,NEFT TRANSFER,,26-May-16,,""" 248,440.00 """,""" 2,596,779.00 """
409000509097',20-Sep-17,ATM WITHDRAWAL,,20-Sep-17,""" 365,534.00 """,,""" 523,099.00 """
409000557336',04-Mar-16,ATM WITHDRAWAL,,04-Mar-16,,""" 311,944.00 """,""" 2,076,355.00 """
409000930777',13-Jul-16,POS PURCHASE,,13-Jul-16,""" 244,746.00 """,,""" 1,060,255.00 """
409000442391',06-Nov-17,IMPS TRANSFER,,06-Nov-17,,""" 482,077.00 """,""" 2,707,770.00 """
409000583676',11-Aug-16,TRF FROM  Indiaforensic SERVICES,,11-Aug-16,,""" 273,212.00 """,""" -221,143.00 """
409000286442',21-Dec-17,POS PURCHASE,,21-Dec-17,,""" 67,739.00 """,""" -903,709.00 """
409000837739',08-May-17,TRF FROM  Indiaforensic SERVICES,,08-May-17,,""" 123,151.00 """,""" -1,128,029.00 """
409000281811',04-Nov-17,TRF FROM  Indiaforensic SERVICES,,04-Nov-17,""" 160,108.00 """,,""" -500,998.00 """
409000498090',08-Jul-16,FDRL/INTERNAL FUND TRANSFE,,08-Jul-16,""" 5,799.00 """,,""" 949,753.00 """
409000707260',24-Apr-16,TRF FROM  Indiaforensic SERVICES,,24-Apr-16,""" 363,882.00 """,,""" 538,312.00 """
409000184133',15-Oct-16,FDRL/INTERNAL FUND TRANSFE,,15-Oct-16,,""" 451,452.00 """,""" -387,663.00 """
409000720631',11-Dec-16,ATM WITHDRAWAL,,11-Dec-16,,""" 288,887.00 """,""" 2,648,256.00 """
409000831704',15-Dec-17,POS PURCHASE,,15-Dec-17,""" 470,558.00 """,,""" 617,888.00 """
409000452520',19-Jan-16,TRF FROM  Indiaforensic SERVICES,,19-Jan-16,""" 413,973.00 """,,""" 519,482.00 """
409000139970',09-Nov-16,ATM WITHDRAWAL,,09-Nov-16,,""" 41,492.00 """,""" 1,211,538.00 """
409000547793',03-May-16,TRF FROM  Indiaforensic SERVICES,,03-May-16,""" 328,503.00 """,,""" -2,186,644.00 """
409000431592',12-Nov-16,ATM WITHDRAWAL,,12-Nov-16,,""" 412,114.00 """,""" -224,558.00 """
409000585607',15-Jun-17,ATM WITHDRAWAL,,15-Jun-17,""" 491,724.00 """,,""" -598,008.00 """
409000105440',30-Nov-17,POS PURCHASE,,30-Nov-17,""" 17,554.00 """,,""" 502,177.00 """
409000431592',19-Jan-17,POS PURCHASE,,19-Jan-17,""" 288,340.00 """,,""" -512,898.00 """
409000953042',05-Jul-16,ATM WITHDRAWAL,,05-Jul-16,""" 478,121.00 """,,""" -924,822.00 """
409000466987',11-Sep-16,NEFT TRANSFER,,11-Sep-16,""" 382,221.00 """,,""" 853,143.00 """
409000442391',28-Jul-17,FDRL/INTERNAL FUND TRANSFE,,28-Jul-17,,""" 300,945.00 """,""" 3,008,715.00 """
409000100196',17-Dec-16,FDRL/INTERNAL FUND TRANSFE,,17-Dec-16,""" 235,086.00 """,,""" 304,685.00 """
409000884895',07-Jun-17,FDRL/INTERNAL FUND TRANSFE,,07-Jun-17,,""" 352,720.00 """,""" 2,466,018.00 """
409000326234',19-Feb-17,NEFT TRANSFER,,19-Feb-17,""" 48,733.00 """,,""" 1,439,314.00 """
409000700042',24-Feb-17,IMPS TRANSFER,,24-Feb-17,""" 208,855.00 """,,""" -759,853.00 """
409000619259',15-Dec-17,POS PURCHASE,,15-Dec-17,,""" 75,560.00 """,""" -852,678.00 """
409000308752',21-Jul-17,NEFT TRANSFER,,21-Jul-17,,""" 205,252.00 """,""" 1,678,867.00 """
409000334036',10-Jun-17,ATM WITHDRAWAL,,10-Jun-17,""" 147,944.00 """,,""" -1,931,790.00 """
409000470910',24-Aug-16,TRF FROM  Indiaforensic SERVICES,,24-Aug-16,""" 336,359.00 """,,""" 857,359.00 """
409000272332',23-Apr-16,FDRL/INTERNAL FUND TRANSFE,,23-Apr-16,""" 289,304.00 """,,""" 1,511,208.00 """
409000112710',28-Jan-17,TRF FROM  Indiaforensic SERVICES,,28-Jan-17,,""" 46,703.00 """,""" 1,435,475.00 """
409000184133',02-Jan-16,IMPS TRANSFER,,02-Jan-16,""" 322,798.00 """,,""" -710,461.00 """
409000392132',15-Jun-17,POS PURCHASE,,15-Jun-17,,""" 60,060.00 """,""" 1,045,515.00 """
409000748053',29-Jul-16,POS PURCHASE,,29-Jul-16,,""" 131,541.00 """,""" 182,539.00 """
409000750929',27-Sep-16,IMPS TRANSFER,,27-Sep-16,""" 263,534.00 """,,""" -916,018.00 """
409000271204',09-Jul-16,ATM WITHDRAWAL,,09-Jul-16,""" 332,973.00 """,,""" 685,937.00 """
409000607258',25-Oct-17,ATM WITHDRAWAL,,25-Oct-17,,""" 184,693.00 """,""" -725,905.00 """
409000164947',14-Sep-17,ATM WITHDRAWAL,,14-Sep-17,""" 132,896.00 """,,""" -437,608.00 """
409000189919',21-Jun-17,IMPS TRANSFER,,21-Jun-17,""" 142,357.00 """,,""" 23,686.00 """
409000936869',08-Sep-16,IMPS TRANSFER,,08-Sep-16,,""" 251,775.00 """,""" -1,162,706.00 """
409000661072',13-Apr-16,FDRL/INTERNAL FUND TRANSFE,,13-Apr-16,,""" 340,889.00 """,""" 2,022,103.00 """
409000197540',25-Jan-17,ATM WITHDRAWAL,,25-Jan-17,""" 467,866.00 """,,""" 1,787,349.00 """
409000617980',27-Oct-17,TRF FROM  Indiaforensic SERVICES,,27-Oct-17,""" 265,590.00 """,,""" 52,298.00 """
409000473731',06-Oct-16,ATM WITHDRAWAL,,06-Oct-16,,""" 354,111.00 """,""" 583,254.00 """
409000402246',27-Jan-17,ATM WITHDRAWAL,,27-Jan-17,,""" 407,854.00 """,""" 3,312,929.00 """
409000133390',14-Mar-17,FDRL/INTERNAL FUND TRANSFE,,14-Mar-17,,""" 115,177.00 """,""" 557,925.00 """
409000456174',11-Dec-16,FDRL/INTERNAL FUND TRANSFE,,11-Dec-16,,""" 111,449.00 """,""" 2,441,607.00 """
409000263631',18-Mar-17,ATM WITHDRAWAL,,18-Mar-17,""" 102,482.00 """,,""" 2,169,753.00 """
409000831704',31-Jul-16,IMPS TRANSFER,,31-Jul-16,""" 448,094.00 """,,""" 169,794.00 """
409000219567',16-Nov-17,ATM WITHDRAWAL,,16-Nov-17,,""" 52,678.00 """,""" 267,026.00 """
409000612815',08-Jan-16,TRF FROM  Indiaforensic SERVICES,,08-Jan-16,,""" 335,968.00 """,""" 2,789,920.00 """
409000694171',29-Jan-16,FDRL/INTERNAL FUND TRANSFE,,29-Jan-16,,""" 392,994.00 """,""" -520,481.00 """
409000565236',21-May-17,IMPS TRANSFER,,21-May-17,,""" 213,587.00 """,""" -260,600.00 """
409000933271',02-Sep-17,NEFT TRANSFER,,02-Sep-17,,""" 377,448.00 """,""" 118,061.00 """
409000590992',16-Oct-17,ATM WITHDRAWAL,,16-Oct-17,""" 241,678.00 """,,""" 1,903,221.00 """
409000239127',04-Feb-17,IMPS TRANSFER,,04-Feb-17,""" 303,564.00 """,,""" 1,510,811.00 """
409000950568',17-Feb-16,NEFT TRANSFER,,17-Feb-16,,""" 21,632.00 """,""" 1,498,078.00 """
409000509097',28-Feb-16,POS PURCHASE,,28-Feb-16,,""" 34,854.00 """,""" 557,953.00 """
409000930777',21-Jun-16,FDRL/INTERNAL FUND TRANSFE,,21-Jun-16,,""" 161,024.00 """,""" 1,221,279.00 """
409000133390',26-May-17,POS PURCHASE,,26-May-17,,""" 280,002.00 """,""" 837,927.00 """
409000968666',31-Mar-16,FDRL/INTERNAL FUND TRANSFE,,31-Mar-16,,""" 69,464.00 """,""" 2,812,464.00 """
409000375642',13-Nov-17,POS PURCHASE,,13-Nov-17,,""" 237,630.00 """,""" 1,390,823.00 """
409000404291',17-Sep-16,POS PURCHASE,,17-Sep-16,,""" 202,052.00 """,""" 720,170.00 """
409000820802',13-Dec-17,POS PURCHASE,,13-Dec-17,,""" 435,343.00 """,""" -1,548,318.00 """
409000747968',22-May-16,POS PURCHASE,,22-May-16,""" 151,406.00 """,,""" -737,697.00 """
409000612815',29-Oct-17,TRF FROM  Indiaforensic SERVICES,,29-Oct-17,""" 94,879.00 """,,""" 2,695,041.00 """
409000267304',10-Mar-16,POS PURCHASE,,10-Mar-16,""" 101,058.00 """,,""" -997,308.00 """
409000257712',18-Aug-16,TRF FROM  Indiaforensic SERVICES,,18-Aug-16,,""" 455,278.00 """,""" 416,065.00 """
409000195344',16-Feb-16,IMPS TRANSFER,,16-Feb-16,,""" 391,485.00 """,""" 2,551,931.00 """
409000677702',18-Jul-17,FDRL/INTERNAL FUND TRANSFE,,18-Jul-17,,""" 283,435.00 """,""" 1,671,394.00 """
409000635340',23-Aug-16,ATM WITHDRAWAL,,23-Aug-16,""" 317,437.00 """,,""" 50,536.00 """
409000498090',19-Feb-16,NEFT TRANSFER,,19-Feb-16,,""" 295,787.00 """,""" 1,245,540.00 """
409000182011',31-Dec-16,ATM WITHDRAWAL,,31-Dec-16,,""" 132,065.00 """,""" 1,174,697.00 """
409000316747',04-Sep-17,FDRL/INTERNAL FUND TRANSFE,,04-Sep-17,,""" 400,717.00 """,""" -1,264,424.00 """
409000375642',06-Dec-16,IMPS TRANSFER,,06-Dec-16,,""" 466,308.00 """,""" 1,857,131.00 """
409000110491',12-Apr-16,IMPS TRANSFER,,12-Apr-16,,""" 256,614.00 """,""" -265,322.00 """
409000944848',07-Aug-16,TRF FROM  Indiaforensic SERVICES,,07-Aug-16,,""" 433,213.00 """,""" -1,524,859.00 """
409000334036',27-Nov-17,TRF FROM  Indiaforensic SERVICES,,27-Nov-17,""" 246,305.00 """,,""" -2,178,095.00 """
409000950802',28-Aug-17,IMPS TRANSFER,,28-Aug-17,,""" 321,044.00 """,""" 2,227,775.00 """
409000338678',12-Jan-17,NEFT TRANSFER,,12-Jan-17,,""" 213,386.00 """,""" 1,194,691.00 """
409000105440',23-Apr-17,TRF FROM  Indiaforensic SERVICES,,23-Apr-17,""" 207,898.00 """,,""" 294,279.00 """
409000130217',15-Aug-16,FDRL/INTERNAL FUND TRANSFE,,15-Aug-16,,""" 92,844.00 """,""" -2,289,998.00 """
409000112490',24-Apr-17,ATM WITHDRAWAL,,24-Apr-17,,""" 82,987.00 """,""" -938,099.00 """
409000105440',22-Apr-17,ATM WITHDRAWAL,,22-Apr-17,,""" 109,640.00 """,""" 403,919.00 """
409000358006',06-May-17,POS PURCHASE,,06-May-17,,""" 456,719.00 """,""" 2,688,676.00 """
409000772264',12-Mar-17,FDRL/INTERNAL FUND TRANSFE,,12-Mar-17,,""" 441,075.00 """,""" 51,438.00 """
409000635340',07-Mar-17,NEFT TRANSFER,,07-Mar-17,,""" 205,727.00 """,""" 256,263.00 """
409000239127',28-May-16,ATM WITHDRAWAL,,28-May-16,,""" 491,670.00 """,""" 2,002,481.00 """
409000879020',09-Jun-16,FDRL/INTERNAL FUND TRANSFE,,09-Jun-16,,""" 446,937.00 """,""" 1,578,542.00 """
409000100196',17-Jul-16,NEFT TRANSFER,,17-Jul-16,""" 103,868.00 """,,""" 200,817.00 """
409000837739',26-Sep-16,IMPS TRANSFER,,26-Sep-16,""" 185,922.00 """,,""" -1,313,951.00 """
409000897819',02-Apr-16,ATM WITHDRAWAL,,02-Apr-16,,""" 135,759.00 """,""" 1,205,618.00 """
409000271204',26-Oct-17,POS PURCHASE,,26-Oct-17,""" 378,872.00 """,,""" 307,065.00 """
409000177276',09-Jul-17,IMPS TRANSFER,,09-Jul-17,""" 147,719.00 """,,""" -1,558,502.00 """
409000825195',26-Aug-17,ATM WITHDRAWAL,,26-Aug-17,,""" 310,216.00 """,""" 1,752,081.00 """
409000392132',03-Mar-16,TRF FROM  Indiaforensic SERVICES,,03-Mar-16,,""" 394,766.00 """,""" 1,440,281.00 """
409000950802',23-Sep-16,IMPS TRANSFER,,23-Sep-16,""" 338,177.00 """,,""" 1,889,598.00 """
409000953042',22-Apr-17,FDRL/INTERNAL FUND TRANSFE,,22-Apr-17,,""" 111,097.00 """,""" -813,725.00 """
409000404291',21-Mar-16,NEFT TRANSFER,,21-Mar-16,""" 257,374.00 """,,""" 462,796.00 """
409000404291',02-Oct-16,TRF FROM  Indiaforensic SERVICES,,02-Oct-16,""" 102,895.00 """,,""" 359,901.00 """
409000456174',26-Feb-17,TRF FROM  Indiaforensic SERVICES,,26-Feb-17,,""" 420,633.00 """,""" 2,862,240.00 """
409000375642',12-Jul-16,FDRL/INTERNAL FUND TRANSFE,,12-Jul-16,""" 274,519.00 """,,""" 1,582,612.00 """
409000805120',15-Dec-16,NEFT TRANSFER,,15-Dec-16,""" 2,230.00 """,,""" 609,315.00 """
409000952891',01-Dec-17,NEFT TRANSFER,,01-Dec-17,,""" 284,836.00 """,""" -738,887.00 """
409000189919',22-Dec-16,NEFT TRANSFER,,22-Dec-16,""" 405,016.00 """,,""" -381,330.00 """
409000636341',25-Nov-17,ATM WITHDRAWAL,,25-Nov-17,,""" 469,539.00 """,""" 1,488,326.00 """
409000554832',11-Jun-16,NEFT TRANSFER,,11-Jun-16,,""" 450,173.00 """,""" -192,480.00 """
409000858950',28-Nov-17,ATM WITHDRAWAL,,28-Nov-17,,""" 29,078.00 """,""" 2,769,064.00 """
409000636341',01-Feb-16,FDRL/INTERNAL FUND TRANSFE,,01-Feb-16,,""" 264,809.00 """,""" 1,753,135.00 """
409000737708',30-May-17,TRF FROM  Indiaforensic SERVICES,,30-May-17,,""" 331,530.00 """,""" 2,901,911.00 """
409000693356',05-Oct-16,IMPS TRANSFER,,05-Oct-16,,""" 69,181.00 """,""" -1,987,853.00 """
409000661072',11-Sep-17,NEFT TRANSFER,,11-Sep-17,,""" 264,842.00 """,""" 2,286,945.00 """
409000592016',30-Jan-17,NEFT TRANSFER,,30-Jan-17,,""" 8,788.00 """,""" 2,258,086.00 """
409000931284',26-Apr-16,IMPS TRANSFER,,26-Apr-16,,""" 403,014.00 """,""" 1,690,128.00 """
409000639253',07-Jun-16,TRF FROM  Indiaforensic SERVICES,,07-Jun-16,""" 49,075.00 """,,""" -1,019,351.00 """
409000656583',09-Jun-16,TRF FROM  Indiaforensic SERVICES,,09-Jun-16,""" 100,425.00 """,,""" 915,751.00 """
409000509097',26-Sep-16,IMPS TRANSFER,,26-Sep-16,,""" 146,622.00 """,""" 704,575.00 """
409000112710',28-Dec-17,TRF FROM  Indiaforensic SERVICES,,28-Dec-17,,""" 62,495.00 """,""" 1,497,970.00 """
409000639253',11-Apr-17,POS PURCHASE,,11-Apr-17,,""" 58,915.00 """,""" -960,436.00 """
409000944848',10-Jun-16,ATM WITHDRAWAL,,10-Jun-16,,""" 328,117.00 """,""" -1,196,742.00 """
409000322448',21-Dec-16,NEFT TRANSFER,,21-Dec-16,""" 154,262.00 """,,""" 1,436,973.00 """
409000930777',22-Apr-16,NEFT TRANSFER,,22-Apr-16,,""" 3,244.00 """,""" 1,224,523.00 """
409000267304',07-Dec-16,NEFT TRANSFER,,07-Dec-16,""" 498,968.00 """,,""" -1,496,276.00 """
409000215918',03-Feb-17,ATM WITHDRAWAL,,03-Feb-17,,""" 151,412.00 """,""" 558,734.00 """
409000554832',15-Jan-16,NEFT TRANSFER,,15-Jan-16,""" 194,917.00 """,,""" -387,397.00 """
409000807760',30-Jul-16,FDRL/INTERNAL FUND TRANSFE,,30-Jul-16,""" 303,251.00 """,,""" 1,566,147.00 """
409000808057',23-Jan-16,TRF FROM  Indiaforensic SERVICES,,23-Jan-16,,""" 232,026.00 """,""" -3,592,675.00 """
409000959133',21-Sep-17,TRF FROM  Indiaforensic SERVICES,,21-Sep-17,""" 352,132.00 """,,""" 465,099.00 """
409000952891',17-Nov-16,NEFT TRANSFER,,17-Nov-16,""" 220,757.00 """,,""" -959,644.00 """
409000180124',24-Jul-16,NEFT TRANSFER,,24-Jul-16,""" 420,577.00 """,,""" -33,031.00 """
409000392132',20-Oct-16,ATM WITHDRAWAL,,20-Oct-16,""" 974.00 """,,""" 1,439,307.00 """
409000969252',06-Sep-17,TRF FROM  Indiaforensic SERVICES,,06-Sep-17,,""" 360,596.00 """,""" 1,378,716.00 """
409000883932',30-Jan-17,ATM WITHDRAWAL,,30-Jan-17,,""" 393,444.00 """,""" -373,255.00 """
409000304900',24-Feb-17,POS PURCHASE,,24-Feb-17,""" 438,778.00 """,,""" -851,262.00 """
409000936869',07-Jan-17,TRF FROM  Indiaforensic SERVICES,,07-Jan-17,,""" 316,110.00 """,""" -846,596.00 """
409000286442',08-Mar-17,NEFT TRANSFER,,08-Mar-17,,""" 470,305.00 """,""" -433,404.00 """
409000473731',10-Jun-16,POS PURCHASE,,10-Jun-16,""" 418,078.00 """,,""" 165,176.00 """
409000470910',02-Oct-16,TRF FROM  Indiaforensic SERVICES,,02-Oct-16,,""" 281,635.00 """,""" 1,138,994.00 """
409000807760',11-Dec-16,NEFT TRANSFER,,11-Dec-16,,""" 345,674.00 """,""" 1,911,821.00 """
409000656583',20-Nov-16,FDRL/INTERNAL FUND TRANSFE,,20-Nov-16,,""" 186,660.00 """,""" 1,102,411.00 """
409000437062',17-Oct-17,FDRL/INTERNAL FUND TRANSFE,,17-Oct-17,""" 177,696.00 """,,""" -257,018.00 """
409000211244',12-Jul-16,NEFT TRANSFER,,12-Jul-16,,""" 458,732.00 """,""" 164,566.00 """
409000374540',27-Mar-17,IMPS TRANSFER,,27-Mar-17,,""" 61,558.00 """,""" -287,864.00 """
409000271204',09-Aug-16,IMPS TRANSFER,,09-Aug-16,,""" 105,125.00 """,""" 412,190.00 """
409000243381',18-May-16,POS PURCHASE,,18-May-16,,""" 303,067.00 """,""" 2,405,977.00 """
409000184133',12-Nov-17,ATM WITHDRAWAL,,12-Nov-17,""" 51,737.00 """,,""" -762,198.00 """
409000700042',27-Jul-16,FDRL/INTERNAL FUND TRANSFE,,27-Jul-16,""" 211,579.00 """,,""" -971,432.00 """
409000224429',30-Jun-16,ATM WITHDRAWAL,,30-Jun-16,,""" 26,229.00 """,""" 2,180,953.00 """
409000286442',05-May-16,IMPS TRANSFER,,05-May-16,""" 438,123.00 """,,""" -871,527.00 """
409000660205',20-May-17,NEFT TRANSFER,,20-May-17,,""" 499,899.00 """,""" 695,741.00 """
409000771650',11-Nov-17,ATM WITHDRAWAL,,11-Nov-17,,""" 216,567.00 """,""" 469,490.00 """
409000358006',14-Jan-16,TRF FROM  Indiaforensic SERVICES,,14-Jan-16,,""" 389,330.00 """,""" 3,078,006.00 """
409000324521',29-Apr-17,TRF FROM  Indiaforensic SERVICES,,29-Apr-17,""" 187,578.00 """,,""" 732,374.00 """
409000730439',13-Feb-16,IMPS TRANSFER,,13-Feb-16,""" 243,997.00 """,,""" 9,087.00 """
409000323528',22-Jun-17,ATM WITHDRAWAL,,22-Jun-17,""" 199,306.00 """,,""" 372,486.00 """
409000110491',21-Aug-16,FDRL/INTERNAL FUND TRANSFE,,21-Aug-16,,""" 63,261.00 """,""" -202,061.00 """
409000456174',12-Jul-16,TRF FROM  Indiaforensic SERVICES,,12-Jul-16,""" 413,625.00 """,,""" 2,448,615.00 """
409000547793',16-Feb-16,TRF FROM  Indiaforensic SERVICES,,16-Feb-16,,""" 286,943.00 """,""" -1,899,701.00 """
409000969252',18-Jan-16,TRF FROM  Indiaforensic SERVICES,,18-Jan-16,""" 272,496.00 """,,""" 1,106,220.00 """
409000105440',27-May-16,ATM WITHDRAWAL,,27-May-16,""" 67,563.00 """,,""" 336,356.00 """
409000950568',08-Nov-16,FDRL/INTERNAL FUND TRANSFE,,08-Nov-16,,""" 300,160.00 """,""" 1,798,238.00 """
409000442391',23-Sep-17,NEFT TRANSFER,,23-Sep-17,""" 208,002.00 """,,""" 2,800,713.00 """
409000509097',19-Nov-17,NEFT TRANSFER,,19-Nov-17,""" 491,168.00 """,,""" 213,407.00 """
409000437062',24-Jun-17,IMPS TRANSFER,,24-Jun-17,""" 86,664.00 """,,""" -343,682.00 """
409000933271',23-Aug-16,ATM WITHDRAWAL,,23-Aug-16,""" 209,464.00 """,,""" -91,403.00 """
409000189919',08-Oct-17,NEFT TRANSFER,,08-Oct-17,""" 50,695.00 """,,""" -432,025.00 """
409000509097',31-Aug-16,ATM WITHDRAWAL,,31-Aug-16,""" 3,453.00 """,,""" 209,954.00 """
409000251221',05-Apr-16,NEFT TRANSFER,,05-Apr-16,,""" 329,459.00 """,""" 58,971.00 """
409000332316',18-Sep-17,FDRL/INTERNAL FUND TRANSFE,,18-Sep-17,""" 273,345.00 """,,""" -3,368.00 """
409000530205',05-Jul-16,IMPS TRANSFER,,05-Jul-16,""" 478,504.00 """,,""" 260,793.00 """
409000530053',04-Mar-17,POS PURCHASE,,04-Mar-17,,""" 169,518.00 """,""" 997,319.00 """
409000177276',09-Sep-16,FDRL/INTERNAL FUND TRANSFE,,09-Sep-16,,""" 276,811.00 """,""" -1,281,691.00 """
409000754740',02-Mar-16,NEFT TRANSFER,,02-Mar-16,""" 253,275.00 """,,""" 1,526,148.00 """
409000831704',07-Nov-16,POS PURCHASE,,07-Nov-16,""" 486,137.00 """,,""" -316,343.00 """
409000502720',20-Aug-17,ATM WITHDRAWAL,,20-Aug-17,""" 65,596.00 """,,""" 1,858,761.00 """
409000277980',17-Aug-17,FDRL/INTERNAL FUND TRANSFE,,17-Aug-17,,""" 335,956.00 """,""" -1,392,301.00 """
409000339352',02-Mar-17,ATM WITHDRAWAL,,02-Mar-17,,""" 43,585.00 """,""" 840,689.00 """
409000402246',20-Mar-16,POS PURCHASE,,20-Mar-16,,""" 326,480.00 """,""" 3,639,409.00 """
409000405310',10-Jun-17,IMPS TRANSFER,,10-Jun-17,""" 330,701.00 """,,""" -339,152.00 """
409000112490',27-Dec-17,FDRL/INTERNAL FUND TRANSFE,,27-Dec-17,,""" 14,329.00 """,""" -923,770.00 """
409000124116',08-Nov-16,NEFT TRANSFER,,08-Nov-16,,""" 414,533.00 """,""" 1,679,956.00 """
409000754740',19-May-17,NEFT TRANSFER,,19-May-17,""" 11,679.00 """,,""" 1,514,469.00 """
409000500535',28-Jun-16,ATM WITHDRAWAL,,28-Jun-16,""" 61,590.00 """,,""" -501,643.00 """
409000545992',03-Feb-17,ATM WITHDRAWAL,,03-Feb-17,""" 162,843.00 """,,""" 965,410.00 """
409000236053',02-Dec-17,ATM WITHDRAWAL,,02-Dec-17,,""" 189,440.00 """,""" -212,820.00 """
409000478491',20-Mar-16,POS PURCHASE,,20-Mar-16,""" 221,079.00 """,,""" 254,677.00 """
409000931284',10-Jan-16,FDRL/INTERNAL FUND TRANSFE,,10-Jan-16,""" 338,748.00 """,,""" 1,351,380.00 """
409000734739',21-Oct-16,FDRL/INTERNAL FUND TRANSFE,,21-Oct-16,""" 227,075.00 """,,""" -172,001.00 """
409000961474',01-May-17,TRF FROM  Indiaforensic SERVICES,,01-May-17,""" 254,635.00 """,,""" 523,607.00 """
409000405310',30-Mar-16,FDRL/INTERNAL FUND TRANSFE,,30-Mar-16,,""" 75,929.00 """,""" -263,223.00 """
409000897819',09-Apr-17,IMPS TRANSFER,,09-Apr-17,""" 127,852.00 """,,""" 1,077,766.00 """
409000772264',25-Jun-16,TRF FROM  Indiaforensic SERVICES,,25-Jun-16,""" 122,735.00 """,,""" -71,297.00 """
409000183728',12-Jun-16,NEFT TRANSFER,,12-Jun-16,""" 413,261.00 """,,""" 1,342,971.00 """
409000658705',22-Sep-17,IMPS TRANSFER,,22-Sep-17,,""" 480,995.00 """,""" 3,509,542.00 """
409000586455',23-Jul-16,FDRL/INTERNAL FUND TRANSFE,,23-Jul-16,,""" 220,976.00 """,""" -1,325,831.00 """
409000226012',24-Apr-16,NEFT TRANSFER,,24-Apr-16,,""" 370,942.00 """,""" 2,423,950.00 """
409000586455',16-Oct-16,ATM WITHDRAWAL,,16-Oct-16,,""" 293,421.00 """,""" -1,032,410.00 """
409000942858',23-Aug-17,TRF FROM  Indiaforensic SERVICES,,23-Aug-17,,""" 375,008.00 """,""" -1,378,068.00 """
409000339352',06-Feb-16,ATM WITHDRAWAL,,06-Feb-16,,""" 415,854.00 """,""" 1,256,543.00 """
409000655411',16-Feb-16,FDRL/INTERNAL FUND TRANSFE,,16-Feb-16,,""" 71,125.00 """,""" -598,031.00 """
409000402246',25-Oct-17,FDRL/INTERNAL FUND TRANSFE,,25-Oct-17,,""" 261,939.00 """,""" 3,901,348.00 """
409000945930',23-Jun-16,FDRL/INTERNAL FUND TRANSFE,,23-Jun-16,""" 235,734.00 """,,""" -712,491.00 """
409000326234',22-Jun-16,FDRL/INTERNAL FUND TRANSFE,,22-Jun-16,,""" 318,723.00 """,""" 1,758,037.00 """
409000353617',23-Jul-17,IMPS TRANSFER,,23-Jul-17,,""" 452,757.00 """,""" 1,399,772.00 """
409000892124',08-Nov-16,POS PURCHASE,,08-Nov-16,""" 465,854.00 """,,""" 1,076,820.00 """
409000879598',18-Apr-16,IMPS TRANSFER,,18-Apr-16,,""" 174,948.00 """,""" 2,142,390.00 """
409000961474',18-Mar-17,NEFT TRANSFER,,18-Mar-17,""" 332,472.00 """,,""" 191,135.00 """
409000985431',17-Jun-16,TRF FROM  Indiaforensic SERVICES,,17-Jun-16,,""" 95,397.00 """,""" 113,554.00 """
409000961474',26-Nov-17,ATM WITHDRAWAL,,26-Nov-17,""" 473,513.00 """,,""" -282,378.00 """
409000402246',21-Mar-17,POS PURCHASE,,21-Mar-17,""" 214,907.00 """,,""" 3,686,441.00 """
409000673061',03-Nov-16,TRF FROM  Indiaforensic SERVICES,,03-Nov-16,,""" 181,971.00 """,""" 1,466,195.00 """
409000969514',04-Nov-16,NEFT TRANSFER,,04-Nov-16,,""" 333,176.00 """,""" -256,571.00 """
409000660205',29-Apr-16,ATM WITHDRAWAL,,29-Apr-16,""" 296,008.00 """,,""" 399,733.00 """
409000271204',02-Jun-17,ATM WITHDRAWAL,,02-Jun-17,""" 372,428.00 """,,""" 39,762.00 """
409000131038',09-Jun-16,NEFT TRANSFER,,09-Jun-16,,""" 40,681.00 """,""" -425,468.00 """
409000658705',06-Jun-17,ATM WITHDRAWAL,,06-Jun-17,,""" 487,090.00 """,""" 3,996,632.00 """
409000547793',03-Nov-16,FDRL/INTERNAL FUND TRANSFE,,03-Nov-16,""" 123,839.00 """,,""" -2,023,540.00 """
409000431592',19-Feb-17,TRF FROM  Indiaforensic SERVICES,,19-Feb-17,""" 306,168.00 """,,""" -819,066.00 """
409000101240',04-Jan-16,FDRL/INTERNAL FUND TRANSFE,,04-Jan-16,""" 113,721.00 """,,""" 2,025,931.00 """
409000444431',10-Jan-17,NEFT TRANSFER,,10-Jan-17,,""" 104,617.00 """,""" -1,399,378.00 """
409000140684',09-Oct-17,POS PURCHASE,,09-Oct-17,,""" 169,847.00 """,""" -365,850.00 """
409000392132',29-Apr-17,ATM WITHDRAWAL,,29-Apr-17,,""" 378,942.00 """,""" 1,818,249.00 """
409000358006',24-Oct-17,TRF FROM  Indiaforensic SERVICES,,24-Oct-17,,""" 315,398.00 """,""" 3,393,404.00 """
409000281811',05-Jul-17,TRF FROM  Indiaforensic SERVICES,,05-Jul-17,""" 399,988.00 """,,""" -900,986.00 """
409000431592',22-Oct-17,ATM WITHDRAWAL,,22-Oct-17,,""" 270,525.00 """,""" -548,541.00 """
409000339352',07-Feb-17,TRF FROM  Indiaforensic SERVICES,,07-Feb-17,,""" 447,183.00 """,""" 1,703,726.00 """
409000831495',02-Jul-16,POS PURCHASE,,02-Jul-16,""" 465,545.00 """,,""" -455,854.00 """
409000112710',19-Apr-17,FDRL/INTERNAL FUND TRANSFE,,19-Apr-17,,""" 349,840.00 """,""" 1,847,810.00 """
409000470910',11-Nov-17,FDRL/INTERNAL FUND TRANSFE,,11-Nov-17,,""" 175,260.00 """,""" 1,314,254.00 """
409000157380',15-Apr-17,ATM WITHDRAWAL,,15-Apr-17,""" 106,905.00 """,,""" 2,545,920.00 """
409000442391',16-Oct-16,POS PURCHASE,,16-Oct-16,""" 218,145.00 """,,""" 2,582,568.00 """
409000263631',17-Jul-17,NEFT TRANSFER,,17-Jul-17,""" 496,093.00 """,,""" 1,673,660.00 """
409000100196',28-Sep-17,NEFT TRANSFER,,28-Sep-17,,""" 179,840.00 """,""" 380,657.00 """
409000677702',12-Aug-16,NEFT TRANSFER,,12-Aug-16,""" 466,647.00 """,,""" 1,204,747.00 """
409000755100',23-Oct-16,NEFT TRANSFER,,23-Oct-16,""" 59,469.00 """,,""" -18,003.00 """
409000938249',23-Oct-16,ATM WITHDRAWAL,,23-Oct-16,""" 108,474.00 """,,""" 939,440.00 """
409000444022',20-Dec-16,NEFT TRANSFER,,20-Dec-16,""" 42,541.00 """,,""" 2,554,238.00 """
409000553399',07-Jan-16,TRF FROM  Indiaforensic SERVICES,,07-Jan-16,""" 220,619.00 """,,""" 1,199,421.00 """
409000941296',26-Sep-16,FDRL/INTERNAL FUND TRANSFE,,26-Sep-16,""" 251,258.00 """,,""" 1,121,306.00 """
409000969514',06-Sep-17,POS PURCHASE,,06-Sep-17,,""" 422,561.00 """,""" 165,990.00 """
409000197540',12-Feb-17,ATM WITHDRAWAL,,12-Feb-17,,""" 498,072.00 """,""" 2,285,421.00 """
409000820802',07-Jun-17,POS PURCHASE,,07-Jun-17,""" 183,771.00 """,,""" -1,732,089.00 """
409000184133',25-Dec-16,POS PURCHASE,,25-Dec-16,""" 224,763.00 """,,""" -986,961.00 """
409000590992',19-Jun-16,IMPS TRANSFER,,19-Jun-16,,""" 23,330.00 """,""" 1,926,551.00 """
409000545992',30-Jun-16,TRF FROM  Indiaforensic SERVICES,,30-Jun-16,""" 315,069.00 """,,""" 650,341.00 """
409000286442',06-Oct-17,NEFT TRANSFER,,06-Oct-17,""" 193,999.00 """,,""" -1,065,526.00 """
409000110491',14-Sep-17,FDRL/INTERNAL FUND TRANSFE,,14-Sep-17,,""" 456,540.00 """,""" 254,479.00 """
409000324521',01-Jun-16,IMPS TRANSFER,,01-Jun-16,""" 178,048.00 """,,""" 554,326.00 """
409000754213',14-Jun-16,NEFT TRANSFER,,14-Jun-16,,""" 492,127.00 """,""" -1,301,096.00 """
409000139970',06-May-16,NEFT TRANSFER,,06-May-16,""" 489,783.00 """,,""" 721,755.00 """
409000164947',30-Jan-16,POS PURCHASE,,30-Jan-16,,""" 332,416.00 """,""" -105,192.00 """
409000339352',16-Sep-17,IMPS TRANSFER,,16-Sep-17,""" 47,231.00 """,,""" 1,656,495.00 """
409000334036',27-Mar-16,IMPS TRANSFER,,27-Mar-16,,""" 42,205.00 """,""" -2,135,890.00 """
409000961474',15-Aug-17,ATM WITHDRAWAL,,15-Aug-17,""" 160,930.00 """,,""" -443,308.00 """
409000197814',27-Dec-17,ATM WITHDRAWAL,,27-Dec-17,""" 35,199.00 """,,""" -1,157,399.00 """
409000308752',09-Nov-16,FDRL/INTERNAL FUND TRANSFE,,09-Nov-16,""" 153,748.00 """,,""" 1,525,119.00 """
409000167461',17-Feb-17,IMPS TRANSFER,,17-Feb-17,,""" 433,371.00 """,""" -624,141.00 """
409000612576',25-Sep-16,POS PURCHASE,,25-Sep-16,,""" 126,003.00 """,""" 1,064,324.00 """
409000590992',27-Dec-17,TRF FROM  Indiaforensic SERVICES,,27-Dec-17,,""" 102,794.00 """,""" 2,029,345.00 """
409000754213',28-Feb-17,TRF FROM  Indiaforensic SERVICES,,28-Feb-17,""" 320,632.00 """,,""" -1,621,728.00 """
409000243381',08-Aug-16,POS PURCHASE,,08-Aug-16,,""" 284,759.00 """,""" 2,690,736.00 """
409000612576',02-Apr-16,ATM WITHDRAWAL,,02-Apr-16,""" 341,585.00 """,,""" 722,739.00 """
409000160462',29-Jul-16,ATM WITHDRAWAL,,29-Jul-16,""" 41,444.00 """,,""" 2,339,690.00 """
409000953042',18-Sep-17,FDRL/INTERNAL FUND TRANSFE,,18-Sep-17,""" 58,670.00 """,,""" -872,395.00 """
409000907892',01-Nov-17,ATM WITHDRAWAL,,01-Nov-17,""" 88,399.00 """,,""" -628,830.00 """
409000124116',21-Sep-16,TRF FROM  Indiaforensic SERVICES,,21-Sep-16,""" 267,921.00 """,,""" 1,412,035.00 """
409000845049',29-Aug-16,NEFT TRANSFER,,29-Aug-16,,""" 106,165.00 """,""" 2,050,427.00 """
409000885944',01-Sep-16,FDRL/INTERNAL FUND TRANSFE,,01-Sep-16,""" 20,374.00 """,,""" 862,358.00 """
409000985312',16-Feb-17,POS PURCHASE,,16-Feb-17,,""" 165,572.00 """,""" -2,992,754.00 """
409000272332',19-Feb-17,POS PURCHASE,,19-Feb-17,,""" 337,362.00 """,""" 1,848,570.00 """
409000498090',10-Jun-16,POS PURCHASE,,10-Jun-16,""" 230,048.00 """,,""" 1,015,492.00 """
409000557336',01-Aug-16,NEFT TRANSFER,,01-Aug-16,,""" 44,120.00 """,""" 2,120,475.00 """
409000747968',02-Jul-17,FDRL/INTERNAL FUND TRANSFE,,02-Jul-17,,""" 196,244.00 """,""" -541,453.00 """
409000974947',06-Apr-17,POS PURCHASE,,06-Apr-17,""" 480,214.00 """,,""" -475,402.00 """
409000619259',12-Oct-17,NEFT TRANSFER,,12-Oct-17,,""" 287,086.00 """,""" -565,592.00 """
409000636341',15-Jun-16,NEFT TRANSFER,,15-Jun-16,""" 39,401.00 """,,""" 1,713,734.00 """
409000135650',09-Apr-16,FDRL/INTERNAL FUND TRANSFE,,09-Apr-16,,""" 189,265.00 """,""" 679,720.00 """
409000730439',10-Aug-16,IMPS TRANSFER,,10-Aug-16,""" 460,996.00 """,,""" -451,909.00 """
409000907892',01-Oct-17,NEFT TRANSFER,,01-Oct-17,""" 118,174.00 """,,""" -747,004.00 """
409000323528',05-Jul-16,POS PURCHASE,,05-Jul-16,""" 386,652.00 """,,""" -14,166.00 """
409000935285',02-Apr-17,POS PURCHASE,,02-Apr-17,""" 436,256.00 """,,""" -808,268.00 """
409000950568',25-Jul-16,IMPS TRANSFER,,25-Jul-16,,""" 421,931.00 """,""" 2,220,169.00 """
409000884895',12-Mar-16,ATM WITHDRAWAL,,12-Mar-16,,""" 144,135.00 """,""" 2,610,153.00 """
409000243381',10-Sep-16,NEFT TRANSFER,,10-Sep-16,,""" 31,127.00 """,""" 2,721,863.00 """
409000195344',17-Nov-16,IMPS TRANSFER,,17-Nov-16,,""" 53,356.00 """,""" 2,605,287.00 """
409000807760',01-Apr-17,TRF FROM  Indiaforensic SERVICES,,01-Apr-17,,""" 344,916.00 """,""" 2,256,737.00 """
409000444431',09-May-17,TRF FROM  Indiaforensic SERVICES,,09-May-17,,""" 115,020.00 """,""" -1,284,358.00 """
409000334036',01-Dec-17,FDRL/INTERNAL FUND TRANSFE,,01-Dec-17,""" 249,937.00 """,,""" -2,385,827.00 """
409000431592',20-Jan-17,NEFT TRANSFER,,20-Jan-17,,""" 247,060.00 """,""" -301,481.00 """
409000583676',13-May-16,TRF FROM  Indiaforensic SERVICES,,13-May-16,,""" 303,286.00 """,""" 82,143.00 """
409000837739',08-Mar-16,IMPS TRANSFER,,08-Mar-16,,""" 446,429.00 """,""" -867,522.00 """
409000969514',13-Mar-16,NEFT TRANSFER,,13-Mar-16,,""" 383,049.00 """,""" 549,039.00 """
409000323528',02-Oct-16,NEFT TRANSFER,,02-Oct-16,,""" 353,116.00 """,""" 338,950.00 """
409000338678',12-Dec-16,IMPS TRANSFER,,12-Dec-16,,""" 381,057.00 """,""" 1,575,748.00 """
409000456174',04-Jul-17,NEFT TRANSFER,,04-Jul-17,""" 138,106.00 """,,""" 2,310,509.00 """
409000353617',01-Mar-16,TRF FROM  Indiaforensic SERVICES,,01-Mar-16,,""" 354,145.00 """,""" 1,753,917.00 """
409000557336',31-Dec-17,ATM WITHDRAWAL,,31-Dec-17,,""" 322,320.00 """,""" 2,442,795.00 """
409000659479',04-Sep-16,IMPS TRANSFER,,04-Sep-16,""" 233,469.00 """,,""" 101,503.00 """
409000658705',31-Jan-17,NEFT TRANSFER,,31-Jan-17,,""" 322,856.00 """,""" 4,319,488.00 """
409000220856',18-Jan-16,TRF FROM  Indiaforensic SERVICES,,18-Jan-16,""" 33,004.00 """,,""" 1,504,031.00 """
409000557336',01-May-16,ATM WITHDRAWAL,,01-May-16,,""" 407,776.00 """,""" 2,850,571.00 """
409000793776',10-Nov-16,POS PURCHASE,,10-Nov-16,""" 294,263.00 """,,""" 1,199,915.00 """
409000635937',30-Apr-17,FDRL/INTERNAL FUND TRANSFE,,30-Apr-17,""" 302,773.00 """,,""" 320,707.00 """
409000281811',10-Aug-16,NEFT TRANSFER,,10-Aug-16,""" 399,187.00 """,,""" -1,300,173.00 """
409000478491',16-Jan-16,POS PURCHASE,,16-Jan-16,""" 277,584.00 """,,""" -22,907.00 """
409000879598',24-Sep-16,TRF FROM  Indiaforensic SERVICES,,24-Sep-16,,""" 232,751.00 """,""" 2,375,141.00 """
409000431592',07-Oct-17,TRF FROM  Indiaforensic SERVICES,,07-Oct-17,,""" 10,678.00 """,""" -290,803.00 """
409000586455',20-Feb-16,ATM WITHDRAWAL,,20-Feb-16,,""" 449,221.00 """,""" -583,189.00 """
409000444022',08-Jan-17,POS PURCHASE,,08-Jan-17,,""" 116,942.00 """,""" 2,671,180.00 """
409000872626',18-May-16,FDRL/INTERNAL FUND TRANSFE,,18-May-16,,""" 195,257.00 """,""" 1,072,497.00 """
409000950802',08-Feb-16,POS PURCHASE,,08-Feb-16,,""" 107,568.00 """,""" 1,997,166.00 """
409000161349',22-Nov-16,TRF FROM  Indiaforensic SERVICES,,22-Nov-16,""" 302,937.00 """,,""" 1,177,878.00 """
409000272332',22-Apr-16,ATM WITHDRAWAL,,22-Apr-16,,""" 55,384.00 """,""" 1,903,954.00 """
409000941296',01-Apr-17,FDRL/INTERNAL FUND TRANSFE,,01-Apr-17,,""" 38,779.00 """,""" 1,160,085.00 """
409000793776',07-Aug-16,NEFT TRANSFER,,07-Aug-16,""" 83,273.00 """,,""" 1,116,642.00 """
409000547793',03-Dec-16,FDRL/INTERNAL FUND TRANSFE,,03-Dec-16,""" 140,852.00 """,,""" -2,164,392.00 """
409000969514',20-Aug-17,FDRL/INTERNAL FUND TRANSFE,,20-Aug-17,,""" 436,779.00 """,""" 985,818.00 """
409000942858',16-Jul-16,NEFT TRANSFER,,16-Jul-16,""" 319,699.00 """,,""" -1,697,767.00 """
409000793776',24-Dec-17,TRF FROM  Indiaforensic SERVICES,,24-Dec-17,""" 67,678.00 """,,""" 1,048,964.00 """
409000658705',06-Jul-17,POS PURCHASE,,06-Jul-17,""" 448,470.00 """,,""" 3,871,018.00 """
409000456174',04-Feb-17,POS PURCHASE,,04-Feb-17,,""" 452,628.00 """,""" 2,763,137.00 """
409000164947',07-Feb-16,POS PURCHASE,,07-Feb-16,""" 496,870.00 """,,""" -602,062.00 """
409000592016',02-Aug-17,FDRL/INTERNAL FUND TRANSFE,,02-Aug-17,""" 464,659.00 """,,""" 1,793,427.00 """
409000530053',29-Apr-16,ATM WITHDRAWAL,,29-Apr-16,""" 458,524.00 """,,""" 538,795.00 """
409000617980',09-Sep-17,FDRL/INTERNAL FUND TRANSFE,,09-Sep-17,,""" 173,714.00 """,""" 226,012.00 """
409000991571',10-Oct-17,ATM WITHDRAWAL,,10-Oct-17,""" 253,970.00 """,,""" 1,234,411.00 """
409000334036',29-Aug-16,POS PURCHASE,,29-Aug-16,""" 477,024.00 """,,""" -2,862,851.00 """
409000243381',28-Jul-16,TRF FROM  Indiaforensic SERVICES,,28-Jul-16,""" 292,015.00 """,,""" 2,429,848.00 """
409000700042',28-Sep-17,FDRL/INTERNAL FUND TRANSFE,,28-Sep-17,""" 282,494.00 """,,""" -1,253,926.00 """
409000961474',21-May-17,IMPS TRANSFER,,21-May-17,,""" 161,945.00 """,""" -281,363.00 """
409000915343',28-Dec-16,POS PURCHASE,,28-Dec-16,,""" 26,488.00 """,""" 389,554.00 """
409000339352',01-Sep-16,POS PURCHASE,,01-Sep-16,""" 453,883.00 """,,""" 1,202,612.00 """
409000183728',11-Aug-16,IMPS TRANSFER,,11-Aug-16,,""" 26,114.00 """,""" 1,369,085.00 """
409000197540',21-Jan-16,ATM WITHDRAWAL,,21-Jan-16,,""" 155,874.00 """,""" 2,441,295.00 """
409000950568',05-Mar-17,ATM WITHDRAWAL,,05-Mar-17,,""" 53,921.00 """,""" 2,274,090.00 """
409000184133',30-Sep-16,TRF FROM  Indiaforensic SERVICES,,30-Sep-16,""" 329,582.00 """,,""" -1,316,543.00 """
409000105440',07-May-17,NEFT TRANSFER,,07-May-17,""" 470,869.00 """,,""" -134,513.00 """
409000635937',23-Jun-16,NEFT TRANSFER,,23-Jun-16,""" 276,074.00 """,,""" 44,633.00 """
409000907892',23-Aug-16,FDRL/INTERNAL FUND TRANSFE,,23-Aug-16,""" 43,550.00 """,,""" -790,554.00 """
409000197540',28-Oct-17,IMPS TRANSFER,,28-Oct-17,,""" 174,947.00 """,""" 2,616,242.00 """
409000914209',10-May-17,FDRL/INTERNAL FUND TRANSFE,,10-May-17,,""" 234,216.00 """,""" 2,250,084.00 """
409000700042',28-Nov-17,NEFT TRANSFER,,28-Nov-17,""" 222,132.00 """,,""" -1,476,058.00 """
409000320353',23-Dec-16,POS PURCHASE,,23-Dec-16,,""" 401,694.00 """,""" 1,075,215.00 """
409000771650',15-May-16,ATM WITHDRAWAL,,15-May-16,""" 51,613.00 """,,""" 417,877.00 """
409000530205',01-Aug-17,NEFT TRANSFER,,01-Aug-17,""" 266,751.00 """,,""" -5,958.00 """
409000161349',17-Nov-16,IMPS TRANSFER,,17-Nov-16,,""" 362,777.00 """,""" 1,540,655.00 """
409000825195',05-Feb-17,FDRL/INTERNAL FUND TRANSFE,,05-Feb-17,,""" 287,946.00 """,""" 2,040,027.00 """
409000720631',23-Apr-17,TRF FROM  Indiaforensic SERVICES,,23-Apr-17,""" 460,146.00 """,,""" 2,188,110.00 """
409000215918',11-Sep-17,TRF FROM  Indiaforensic SERVICES,,11-Sep-17,""" 325,302.00 """,,""" 233,432.00 """
409000553399',30-Mar-17,FDRL/INTERNAL FUND TRANSFE,,30-Mar-17,,""" 91,485.00 """,""" 1,290,906.00 """
409000592016',21-Apr-17,POS PURCHASE,,21-Apr-17,,""" 447,481.00 """,""" 2,240,908.00 """
409000858950',18-Jul-17,POS PURCHASE,,18-Jul-17,""" 433,851.00 """,,""" 2,335,213.00 """
409000324521',20-Aug-17,FDRL/INTERNAL FUND TRANSFE,,20-Aug-17,""" 105,845.00 """,,""" 448,481.00 """
409000220856',25-Jun-17,NEFT TRANSFER,,25-Jun-17,,""" 290,823.00 """,""" 1,794,854.00 """
409000375642',29-Sep-16,TRF FROM  Indiaforensic SERVICES,,29-Sep-16,,""" 172,879.00 """,""" 1,755,491.00 """
409000942858',14-Jul-17,IMPS TRANSFER,,14-Jul-17,""" 367,598.00 """,,""" -2,065,365.00 """
409000931284',13-Jun-16,ATM WITHDRAWAL,,13-Jun-16,,""" 192,330.00 """,""" 1,543,710.00 """
409000612576',05-Jul-16,NEFT TRANSFER,,05-Jul-16,,""" 276.00 """,""" 723,015.00 """
409000195344',22-Sep-16,POS PURCHASE,,22-Sep-16,""" 339,672.00 """,,""" 2,265,615.00 """
409000211244',29-Sep-16,POS PURCHASE,,29-Sep-16,""" 321,257.00 """,,""" -156,691.00 """
409000677702',10-Oct-16,FDRL/INTERNAL FUND TRANSFE,,10-Oct-16,,""" 331,407.00 """,""" 1,536,154.00 """
409000117598',04-Mar-16,NEFT TRANSFER,,04-Mar-16,""" 60,268.00 """,,""" -2,219,507.00 """
409000326234',14-Apr-16,TRF FROM  Indiaforensic SERVICES,,14-Apr-16,""" 368,807.00 """,,""" 1,389,230.00 """
409000197540',11-Sep-17,ATM WITHDRAWAL,,11-Sep-17,""" 423,304.00 """,,""" 2,192,938.00 """
409000694171',27-May-16,NEFT TRANSFER,,27-May-16,,""" 272,354.00 """,""" -248,127.00 """
409000110491',13-May-16,TRF FROM  Indiaforensic SERVICES,,13-May-16,""" 376,110.00 """,,""" -121,631.00 """
409000219567',20-Mar-17,TRF FROM  Indiaforensic SERVICES,,20-Mar-17,,""" 215,381.00 """,""" 482,407.00 """
409000750929',08-Oct-16,FDRL/INTERNAL FUND TRANSFE,,08-Oct-16,,""" 304,955.00 """,""" -611,063.00 """
409000872626',15-Jan-17,POS PURCHASE,,15-Jan-17,""" 470,532.00 """,,""" 601,965.00 """
409000339352',14-Sep-16,TRF FROM  Indiaforensic SERVICES,,14-Sep-16,""" 394,992.00 """,,""" 807,620.00 """
409000755100',11-Nov-17,TRF FROM  Indiaforensic SERVICES,,11-Nov-17,,""" 111,227.00 """,""" 93,224.00 """
409000437062',13-Jun-17,FDRL/INTERNAL FUND TRANSFE,,13-Jun-17,""" 248,072.00 """,,""" -591,754.00 """
409000167461',09-Sep-17,FDRL/INTERNAL FUND TRANSFE,,09-Sep-17,,""" 379,232.00 """,""" -244,909.00 """
409000677702',10-Apr-16,FDRL/INTERNAL FUND TRANSFE,,10-Apr-16,""" 268,970.00 """,,""" 1,267,184.00 """
409000636341',06-Oct-17,TRF FROM  Indiaforensic SERVICES,,06-Oct-17,,""" 364,955.00 """,""" 2,078,689.00 """
409000878488',14-Nov-17,IMPS TRANSFER,,14-Nov-17,""" 216,655.00 """,,""" -924,066.00 """
409000818557',10-Mar-17,POS PURCHASE,,10-Mar-17,""" 460,852.00 """,,""" 1,091,762.00 """
409000444022',19-Apr-17,FDRL/INTERNAL FUND TRANSFE,,19-Apr-17,,""" 27,931.00 """,""" 2,699,111.00 """
409000714173',09-Jun-17,POS PURCHASE,,09-Jun-17,,""" 372,010.00 """,""" 2,046,075.00 """
409000897819',25-Jul-17,POS PURCHASE,,25-Jul-17,,""" 347,137.00 """,""" 1,424,903.00 """
409000381613',18-May-17,ATM WITHDRAWAL,,18-May-17,,""" 470,387.00 """,""" 2,004,609.00 """
409000180124',22-Apr-17,FDRL/INTERNAL FUND TRANSFE,,22-Apr-17,""" 1,198.00 """,,""" -34,229.00 """
409000879598',08-May-16,TRF FROM  Indiaforensic SERVICES,,08-May-16,""" 37,031.00 """,,""" 2,338,110.00 """
409000257712',20-Nov-17,NEFT TRANSFER,,20-Nov-17,,""" 317,921.00 """,""" 733,986.00 """
409000444431',10-Aug-17,NEFT TRANSFER,,10-Aug-17,""" 413,101.00 """,,""" -1,697,459.00 """
409000805120',18-Oct-17,FDRL/INTERNAL FUND TRANSFE,,18-Oct-17,""" 449,128.00 """,,""" 160,187.00 """
409000442391',15-Sep-16,FDRL/INTERNAL FUND TRANSFE,,15-Sep-16,""" 208,258.00 """,,""" 2,374,310.00 """
409000878488',19-Nov-16,IMPS TRANSFER,,19-Nov-16,""" 489,403.00 """,,""" -1,413,469.00 """
409000603011',14-Mar-16,NEFT TRANSFER,,14-Mar-16,""" 496,059.00 """,,""" 431,767.00 """
409000442391',30-Mar-17,ATM WITHDRAWAL,,30-Mar-17,""" 136,379.00 """,,""" 2,237,931.00 """
409000953042',24-Jun-17,POS PURCHASE,,24-Jun-17,,""" 461,245.00 """,""" -411,150.00 """
409000392132',20-Jan-17,FDRL/INTERNAL FUND TRANSFE,,20-Jan-17,""" 34,582.00 """,,""" 1,783,667.00 """
409000831704',15-Oct-16,FDRL/INTERNAL FUND TRANSFE,,15-Oct-16,,""" 117,757.00 """,""" -198,586.00 """
409000509097',11-Mar-16,NEFT TRANSFER,,11-Mar-16,,""" 461,200.00 """,""" 671,154.00 """
409000195344',17-Jul-16,TRF FROM  Indiaforensic SERVICES,,17-Jul-16,""" 60,184.00 """,,""" 2,205,431.00 """
409000164947',04-Sep-17,FDRL/INTERNAL FUND TRANSFE,,04-Sep-17,,""" 53,431.00 """,""" -548,631.00 """
409000575316',12-Mar-16,POS PURCHASE,,12-Mar-16,""" 388,014.00 """,,""" 3,081,752.00 """
409000257712',16-Feb-17,FDRL/INTERNAL FUND TRANSFE,,16-Feb-17,""" 402,467.00 """,,""" 331,519.00 """
409000816639',22-Apr-16,NEFT TRANSFER,,22-Apr-16,""" 153,687.00 """,,""" -1,104,719.00 """
409000251221',24-Apr-17,NEFT TRANSFER,,24-Apr-17,,""" 477,541.00 """,""" 536,512.00 """
409000639253',26-Nov-17,ATM WITHDRAWAL,,26-Nov-17,""" 451,698.00 """,,""" -1,412,134.00 """
409000968666',31-Dec-16,IMPS TRANSFER,,31-Dec-16,,""" 383,950.00 """,""" 3,196,414.00 """
409000585607',08-Dec-16,FDRL/INTERNAL FUND TRANSFE,,08-Dec-16,,""" 431,376.00 """,""" -166,632.00 """
409000160462',06-May-17,ATM WITHDRAWAL,,06-May-17,,""" 181,373.00 """,""" 2,521,063.00 """
409000878488',27-Nov-17,POS PURCHASE,,27-Nov-17,,""" 178,991.00 """,""" -1,234,478.00 """
409000444431',16-Apr-16,ATM WITHDRAWAL,,16-Apr-16,,""" 103,857.00 """,""" -1,593,602.00 """
409000596389',09-Apr-17,FDRL/INTERNAL FUND TRANSFE,,09-Apr-17,,""" 410,669.00 """,""" 3,573,843.00 """
409000754740',10-Jan-17,ATM WITHDRAWAL,,10-Jan-17,""" 215,502.00 """,,""" 1,298,967.00 """
409000177276',06-Jul-16,IMPS TRANSFER,,06-Jul-16,,""" 475,818.00 """,""" -805,873.00 """
409000845049',20-Jan-16,POS PURCHASE,,20-Jan-16,,""" 255,363.00 """,""" 2,305,790.00 """
409000897819',02-Apr-16,ATM WITHDRAWAL,,02-Apr-16,""" 142,566.00 """,,""" 1,282,337.00 """
409000203226',21-Nov-16,POS PURCHASE,,21-Nov-16,""" 376,933.00 """,,""" 441,920.00 """
409000308752',21-Mar-16,NEFT TRANSFER,,21-Mar-16,,""" 71,102.00 """,""" 1,596,221.00 """
409000607258',02-Mar-17,IMPS TRANSFER,,02-Mar-17,""" 464,200.00 """,,""" -1,190,105.00 """
409000734739',30-Nov-17,POS PURCHASE,,30-Nov-17,""" 390,596.00 """,,""" -562,597.00 """
409000933271',06-Jun-16,ATM WITHDRAWAL,,06-Jun-16,""" 92,974.00 """,,""" -184,377.00 """
409000203226',26-Sep-17,IMPS TRANSFER,,26-Sep-17,,""" 344,088.00 """,""" 786,008.00 """
409000661072',15-Dec-17,IMPS TRANSFER,,15-Dec-17,,""" 382,316.00 """,""" 2,669,261.00 """
409000607258',19-Feb-16,NEFT TRANSFER,,19-Feb-16,""" 199,746.00 """,,""" -1,389,851.00 """
409000592016',28-Nov-17,NEFT TRANSFER,,28-Nov-17,""" 139,230.00 """,,""" 2,101,678.00 """
409000286442',14-Jun-17,ATM WITHDRAWAL,,14-Jun-17,""" 18,707.00 """,,""" -1,084,233.00 """
409000617980',21-Apr-16,IMPS TRANSFER,,21-Apr-16,,""" 410,818.00 """,""" 636,830.00 """
409000820802',04-Jan-16,ATM WITHDRAWAL,,04-Jan-16,""" 411,018.00 """,,""" -2,143,107.00 """
409000437062',01-Jan-16,POS PURCHASE,,01-Jan-16,""" 303,570.00 """,,""" -895,324.00 """
409000547793',18-Aug-16,FDRL/INTERNAL FUND TRANSFE,,18-Aug-16,""" 55,693.00 """,,""" -2,220,085.00 """
409000132496',27-Jul-17,TRF FROM  Indiaforensic SERVICES,,27-Jul-17,""" 403,786.00 """,,""" 2,591,597.00 """
409000985431',08-Apr-17,TRF FROM  Indiaforensic SERVICES,,08-Apr-17,,""" 453,895.00 """,""" 567,449.00 """
409000224429',14-May-17,TRF FROM  Indiaforensic SERVICES,,14-May-17,,""" 397,407.00 """,""" 2,578,360.00 """
409000405310',04-Nov-17,NEFT TRANSFER,,04-Nov-17,,""" 465,363.00 """,""" 202,140.00 """
409000557336',02-Sep-17,ATM WITHDRAWAL,,02-Sep-17,,""" 43,126.00 """,""" 2,893,697.00 """
409000714173',12-Dec-17,IMPS TRANSFER,,12-Dec-17,,""" 426,393.00 """,""" 2,472,468.00 """
409000236053',07-Sep-16,NEFT TRANSFER,,07-Sep-16,,""" 218,206.00 """,""" 5,386.00 """
409000930777',13-Oct-16,TRF FROM  Indiaforensic SERVICES,,13-Oct-16,""" 378,697.00 """,,""" 845,826.00 """
409000565236',10-Jan-17,ATM WITHDRAWAL,,10-Jan-17,""" 397,805.00 """,,""" -658,405.00 """
409000167461',05-Aug-17,FDRL/INTERNAL FUND TRANSFE,,05-Aug-17,""" 99,178.00 """,,""" -344,087.00 """
409000969514',12-May-16,TRF FROM  Indiaforensic SERVICES,,12-May-16,""" 451,965.00 """,,""" 533,853.00 """
409000500535',23-Sep-16,ATM WITHDRAWAL,,23-Sep-16,""" 88,893.00 """,,""" -590,536.00 """
409000878488',11-Dec-17,NEFT TRANSFER,,11-Dec-17,""" 132,512.00 """,,""" -1,366,990.00 """
409000655411',20-Feb-16,POS PURCHASE,,20-Feb-16,,""" 50,384.00 """,""" -547,647.00 """
409000466987',28-Dec-17,ATM WITHDRAWAL,,28-Dec-17,""" 467,063.00 """,,""" 386,080.00 """
409000635340',26-Mar-16,TRF FROM  Indiaforensic SERVICES,,26-Mar-16,,""" 330,294.00 """,""" 586,557.00 """
409000938249',28-Aug-17,IMPS TRANSFER,,28-Aug-17,,""" 470,971.00 """,""" 1,410,411.00 """
409000316747',09-Jun-16,POS PURCHASE,,09-Jun-16,,""" 388,689.00 """,""" -875,735.00 """
409000872626',12-Jun-17,NEFT TRANSFER,,12-Jun-17,""" 16,637.00 """,,""" 585,328.00 """
409000124116',13-Dec-17,FDRL/INTERNAL FUND TRANSFE,,13-Dec-17,,""" 489,020.00 """,""" 1,901,055.00 """
409000197814',28-Aug-16,FDRL/INTERNAL FUND TRANSFE,,28-Aug-16,,""" 344,246.00 """,""" -813,153.00 """
409000815056',28-Nov-17,IMPS TRANSFER,,28-Nov-17,,""" 94,060.00 """,""" 1,842,105.00 """
409000498090',11-Jun-17,TRF FROM  Indiaforensic SERVICES,,11-Jun-17,""" 495,393.00 """,,""" 520,099.00 """
409000132496',11-Dec-17,FDRL/INTERNAL FUND TRANSFE,,11-Dec-17,,""" 232,588.00 """,""" 2,824,185.00 """
409000375642',05-Feb-17,TRF FROM  Indiaforensic SERVICES,,05-Feb-17,""" 32,674.00 """,,""" 1,722,817.00 """
409000545992',06-Jun-16,POS PURCHASE,,06-Jun-16,,""" 182,042.00 """,""" 832,383.00 """
409000747968',07-Sep-17,IMPS TRANSFER,,07-Sep-17,""" 230,205.00 """,,""" -771,658.00 """
409000694171',23-Apr-17,TRF FROM  Indiaforensic SERVICES,,23-Apr-17,,""" 7,769.00 """,""" -240,358.00 """
409000530053',23-May-17,POS PURCHASE,,23-May-17,,""" 404,386.00 """,""" 943,181.00 """
409000635937',15-Apr-16,FDRL/INTERNAL FUND TRANSFE,,15-Apr-16,,""" 169,445.00 """,""" 214,078.00 """
409000750929',26-May-17,TRF FROM  Indiaforensic SERVICES,,26-May-17,,""" 456,349.00 """,""" -154,714.00 """
409000110491',19-Apr-16,POS PURCHASE,,19-Apr-16,,""" 234,905.00 """,""" 113,274.00 """
409000236053',01-Oct-17,IMPS TRANSFER,,01-Oct-17,""" 135,331.00 """,,""" -129,945.00 """
409000883932',01-Sep-17,IMPS TRANSFER,,01-Sep-17,,""" 417,173.00 """,""" 43,918.00 """
409000991571',05-Aug-16,TRF FROM  Indiaforensic SERVICES,,05-Aug-16,,""" 439,417.00 """,""" 1,673,828.00 """
409000991571',18-Feb-17,FDRL/INTERNAL FUND TRANSFE,,18-Feb-17,""" 70,264.00 """,,""" 1,603,564.00 """
409000130217',05-Apr-17,NEFT TRANSFER,,05-Apr-17,,""" 121,532.00 """,""" -2,168,466.00 """
409000734739',19-Mar-17,NEFT TRANSFER,,19-Mar-17,,""" 37,592.00 """,""" -525,005.00 """
409000748053',14-Jul-16,POS PURCHASE,,14-Jul-16,""" 408,935.00 """,,""" -226,396.00 """
409000635340',07-May-16,TRF FROM  Indiaforensic SERVICES,,07-May-16,,""" 98,105.00 """,""" 684,662.00 """
409000825195',27-Oct-17,NEFT TRANSFER,,27-Oct-17,""" 375,388.00 """,,""" 1,664,639.00 """
409000509097',06-Oct-16,NEFT TRANSFER,,06-Oct-16,""" 401,461.00 """,,""" 269,693.00 """
409000603011',17-Feb-16,NEFT TRANSFER,,17-Feb-16,,""" 443,349.00 """,""" 875,116.00 """
409000182803',18-Dec-17,TRF FROM  Indiaforensic SERVICES,,18-Dec-17,,""" 189,217.00 """,""" 1,807,678.00 """
409000105440',15-Apr-17,POS PURCHASE,,15-Apr-17,,""" 42,310.00 """,""" -92,203.00 """
409000603011',26-Jul-16,FDRL/INTERNAL FUND TRANSFE,,26-Jul-16,,""" 449,241.00 """,""" 1,324,357.00 """
409000592016',04-Aug-16,NEFT TRANSFER,,04-Aug-16,""" 176,831.00 """,,""" 1,924,847.00 """
409000673061',22-Nov-17,TRF FROM  Indiaforensic SERVICES,,22-Nov-17,,""" 411,216.00 """,""" 1,877,411.00 """
409000554832',27-Mar-16,TRF FROM  Indiaforensic SERVICES,,27-Mar-16,""" 329,762.00 """,,""" -717,159.00 """
409000879020',23-Mar-16,NEFT TRANSFER,,23-Mar-16,""" 450,885.00 """,,""" 1,127,657.00 """
409000545992',24-Nov-16,IMPS TRANSFER,,24-Nov-16,""" 42,905.00 """,,""" 789,478.00 """
409000612815',05-Jun-17,ATM WITHDRAWAL,,05-Jun-17,""" 212,295.00 """,,""" 2,482,746.00 """
409000750929',15-Oct-16,POS PURCHASE,,15-Oct-16,""" 208,163.00 """,,""" -362,877.00 """
409000182011',09-Feb-16,TRF FROM  Indiaforensic SERVICES,,09-Feb-16,""" 374,526.00 """,,""" 800,171.00 """
409000755100',31-Mar-16,NEFT TRANSFER,,31-Mar-16,""" 142,763.00 """,,""" -49,539.00 """
409000530053',07-Sep-17,ATM WITHDRAWAL,,07-Sep-17,""" 133,562.00 """,,""" 809,619.00 """
409000271204',01-Mar-17,IMPS TRANSFER,,01-Mar-17,,""" 86,610.00 """,""" 126,372.00 """
409000215918',23-Mar-16,ATM WITHDRAWAL,,23-Mar-16,""" 417,558.00 """,,""" -184,126.00 """
409000404291',06-Oct-17,ATM WITHDRAWAL,,06-Oct-17,,""" 151,813.00 """,""" 511,714.00 """
409000991571',26-Sep-16,IMPS TRANSFER,,26-Sep-16,""" 356,452.00 """,,""" 1,247,112.00 """
409000375642',16-Jun-17,IMPS TRANSFER,,16-Jun-17,,""" 398,944.00 """,""" 2,121,761.00 """
409000991571',02-Aug-16,IMPS TRANSFER,,02-Aug-16,,""" 377,678.00 """,""" 1,624,790.00 """
409000968666',26-Jan-16,TRF FROM  Indiaforensic SERVICES,,26-Jan-16,,""" 89,885.00 """,""" 3,286,299.00 """
409000547793',12-May-16,IMPS TRANSFER,,12-May-16,,""" 458,139.00 """,""" -1,761,946.00 """
409000617980',18-Feb-16,ATM WITHDRAWAL,,18-Feb-16,,""" 167,501.00 """,""" 804,331.00 """
409000750929',03-Apr-16,TRF FROM  Indiaforensic SERVICES,,03-Apr-16,,""" 19,210.00 """,""" -343,667.00 """
409000195344',02-Sep-17,NEFT TRANSFER,,02-Sep-17,,""" 189,341.00 """,""" 2,394,772.00 """
409000825195',19-Sep-17,POS PURCHASE,,19-Sep-17,,""" 311,369.00 """,""" 1,976,008.00 """
409000358006',11-Apr-16,TRF FROM  Indiaforensic SERVICES,,11-Apr-16,""" 480,295.00 """,,""" 2,913,109.00 """
409000837739',19-Dec-16,IMPS TRANSFER,,19-Dec-16,""" 84,638.00 """,,""" -952,160.00 """
409000494458',01-May-17,FDRL/INTERNAL FUND TRANSFE,,01-May-17,""" 312,328.00 """,,""" 1,861,365.00 """
409000402246',03-Jan-16,ATM WITHDRAWAL,,03-Jan-16,,""" 322,038.00 """,""" 4,008,479.00 """
409000583676',02-Dec-16,IMPS TRANSFER,,02-Dec-16,""" 42,219.00 """,,""" 39,924.00 """
409000184133',02-Dec-17,TRF FROM  Indiaforensic SERVICES,,02-Dec-17,""" 308,993.00 """,,""" -1,625,536.00 """
409000177276',14-Dec-16,TRF FROM  Indiaforensic SERVICES,,14-Dec-16,""" 167,457.00 """,,""" -973,330.00 """
409000437062',04-Jul-17,POS PURCHASE,,04-Jul-17,,""" 167,558.00 """,""" -727,766.00 """
409000596389',16-Apr-17,IMPS TRANSFER,,16-Apr-17,,""" 244,512.00 """,""" 3,818,355.00 """
409000251221',08-Nov-16,ATM WITHDRAWAL,,08-Nov-16,""" 3,905.00 """,,""" 532,607.00 """
409000195344',18-Oct-17,ATM WITHDRAWAL,,18-Oct-17,,""" 283,206.00 """,""" 2,677,978.00 """
409000304900',06-Dec-17,IMPS TRANSFER,,06-Dec-17,""" 11,427.00 """,,""" -862,689.00 """
409000135650',07-Apr-16,TRF FROM  Indiaforensic SERVICES,,07-Apr-16,,""" 299,121.00 """,""" 978,841.00 """
409000639253',17-Sep-16,ATM WITHDRAWAL,,17-Sep-16,""" 9,013.00 """,,""" -1,421,147.00 """
409000655411',04-Jan-17,ATM WITHDRAWAL,,04-Jan-17,,""" 446,039.00 """,""" -101,608.00 """
409000816639',14-Mar-17,ATM WITHDRAWAL,,14-Mar-17,,""" 388,300.00 """,""" -716,419.00 """
409000509097',24-Nov-17,ATM WITHDRAWAL,,24-Nov-17,""" 247,903.00 """,,""" 21,790.00 """
409000660205',11-Feb-16,FDRL/INTERNAL FUND TRANSFE,,11-Feb-16,""" 278,066.00 """,,""" 121,667.00 """
409000105440',17-Sep-16,NEFT TRANSFER,,17-Sep-16,,""" 284,724.00 """,""" 192,521.00 """
409000251221',06-Jun-16,POS PURCHASE,,06-Jun-16,""" 318,990.00 """,,""" 213,617.00 """
409000326234',14-Apr-16,POS PURCHASE,,14-Apr-16,""" 498,137.00 """,,""" 891,093.00 """
409000938249',03-Sep-16,IMPS TRANSFER,,03-Sep-16,""" 91,902.00 """,,""" 1,318,509.00 """
409000326234',12-Feb-17,FDRL/INTERNAL FUND TRANSFE,,12-Feb-17,,""" 255,672.00 """,""" 1,146,765.00 """
409000831704',13-Nov-16,FDRL/INTERNAL FUND TRANSFE,,13-Nov-16,""" 363,730.00 """,,""" -562,316.00 """
409000494458',04-Jun-16,IMPS TRANSFER,,04-Jun-16,""" 46,606.00 """,,""" 1,814,759.00 """
409000991571',24-Mar-17,IMPS TRANSFER,,24-Mar-17,,""" 458,180.00 """,""" 2,082,970.00 """
409000420436',21-May-17,ATM WITHDRAWAL,,21-May-17,,""" 48,090.00 """,""" 2,096,960.00 """
409000197540',08-May-17,IMPS TRANSFER,,08-May-17,""" 323,144.00 """,,""" 1,869,794.00 """
409000402246',09-May-16,TRF FROM  Indiaforensic SERVICES,,09-May-16,""" 381,792.00 """,,""" 3,626,687.00 """
409000226012',12-May-17,POS PURCHASE,,12-May-17,,""" 180,171.00 """,""" 2,604,121.00 """
409000133390',31-Dec-16,ATM WITHDRAWAL,,31-Dec-16,""" 256,255.00 """,,""" 581,672.00 """
409000677702',28-Jun-17,IMPS TRANSFER,,28-Jun-17,,""" 452,676.00 """,""" 1,719,860.00 """
409000566372',29-Nov-16,POS PURCHASE,,29-Nov-16,,""" 448,139.00 """,""" 2,774,026.00 """
409000183728',05-Dec-16,IMPS TRANSFER,,05-Dec-16,""" 327,786.00 """,,""" 1,041,299.00 """
409000358006',11-Dec-17,POS PURCHASE,,11-Dec-17,,""" 492,709.00 """,""" 3,405,818.00 """
409000161349',18-Jul-17,POS PURCHASE,,18-Jul-17,""" 258,792.00 """,,""" 1,281,863.00 """
409000816639',15-Feb-17,NEFT TRANSFER,,15-Feb-17,,""" 275,675.00 """,""" -440,744.00 """
409000160462',28-Jan-16,ATM WITHDRAWAL,,28-Jan-16,""" 162,167.00 """,,""" 2,358,896.00 """
409000957334',01-Jul-17,FDRL/INTERNAL FUND TRANSFE,,01-Jul-17,""" 294,870.00 """,,""" 788,654.00 """
409000316747',01-Jun-16,NEFT TRANSFER,,01-Jun-16,,""" 362,324.00 """,""" -513,411.00 """
409000324521',16-Sep-16,POS PURCHASE,,16-Sep-16,""" 256,696.00 """,,""" 191,785.00 """
409000431592',15-Mar-17,NEFT TRANSFER,,15-Mar-17,,""" 404,770.00 """,""" 113,967.00 """
409000402246',20-Dec-16,TRF FROM  Indiaforensic SERVICES,,20-Dec-16,""" 168,527.00 """,,""" 3,458,160.00 """
409000914209',19-Aug-16,NEFT TRANSFER,,19-Aug-16,""" 434,190.00 """,,""" 1,815,894.00 """
409000272332',06-Mar-16,POS PURCHASE,,06-Mar-16,""" 291,227.00 """,,""" 1,612,727.00 """
409000220856',15-Oct-16,ATM WITHDRAWAL,,15-Oct-16,""" 187,655.00 """,,""" 1,607,199.00 """
409000161349',13-Apr-17,POS PURCHASE,,13-Apr-17,""" 228,116.00 """,,""" 1,053,747.00 """
409000375824',13-Aug-17,POS PURCHASE,,13-Aug-17,""" 118,289.00 """,,""" -1,096,568.00 """
409000197540',06-Jul-17,IMPS TRANSFER,,06-Jul-17,""" 9,883.00 """,,""" 1,859,911.00 """
409000470910',01-Mar-17,NEFT TRANSFER,,01-Mar-17,""" 118,446.00 """,,""" 1,195,808.00 """
409000677702',25-Mar-17,ATM WITHDRAWAL,,25-Mar-17,""" 312,034.00 """,,""" 1,407,826.00 """
409000969514',06-Sep-16,FDRL/INTERNAL FUND TRANSFE,,06-Sep-16,""" 215,510.00 """,,""" 318,343.00 """
409000220856',21-Feb-16,POS PURCHASE,,21-Feb-16,,""" 167,253.00 """,""" 1,774,452.00 """
409000117598',08-Nov-17,NEFT TRANSFER,,08-Nov-17,,""" 148,093.00 """,""" -2,071,414.00 """
409000277980',09-Nov-16,NEFT TRANSFER,,09-Nov-16,""" 275,198.00 """,,""" -1,667,499.00 """
409000607258',28-Sep-16,TRF FROM  Indiaforensic SERVICES,,28-Sep-16,""" 364,031.00 """,,""" -1,753,882.00 """
409000404291',20-May-17,NEFT TRANSFER,,20-May-17,""" 294,908.00 """,,""" 216,806.00 """
409000820802',13-Sep-16,NEFT TRANSFER,,13-Sep-16,""" 474,159.00 """,,""" -2,617,266.00 """
409000660205',26-Oct-17,ATM WITHDRAWAL,,26-Oct-17,""" 111,365.00 """,,""" 10,302.00 """
409000897819',01-Feb-17,NEFT TRANSFER,,01-Feb-17,""" 275,590.00 """,,""" 1,006,747.00 """
409000805120',28-Mar-16,POS PURCHASE,,28-Mar-16,,""" 190,542.00 """,""" 350,729.00 """
409000639253',17-Jul-17,ATM WITHDRAWAL,,17-Jul-17,,""" 68,327.00 """,""" -1,352,820.00 """
409000338678',22-Feb-17,IMPS TRANSFER,,22-Feb-17,,""" 26,009.00 """,""" 1,601,757.00 """
409000332316',20-Oct-17,ATM WITHDRAWAL,,20-Oct-17,""" 375,374.00 """,,""" -378,742.00 """
409000281811',26-Mar-16,FDRL/INTERNAL FUND TRANSFE,,26-Mar-16,""" 39,567.00 """,,""" -1,339,740.00 """
409000322448',03-Nov-17,IMPS TRANSFER,,03-Nov-17,,""" 318,897.00 """,""" 1,755,870.00 """
409000338678',14-Aug-16,IMPS TRANSFER,,14-Aug-16,""" 112,518.00 """,,""" 1,489,239.00 """
409000755100',23-Feb-17,POS PURCHASE,,23-Feb-17,,""" 50,661.00 """,""" 1,122.00 """
409000452520',27-Oct-16,NEFT TRANSFER,,27-Oct-16,""" 465,169.00 """,,""" 54,313.00 """
409000554832',25-Apr-16,TRF FROM  Indiaforensic SERVICES,,25-Apr-16,,""" 259,135.00 """,""" -458,024.00 """
409000950568',09-Jul-16,TRF FROM  Indiaforensic SERVICES,,09-Jul-16,""" 167,571.00 """,,""" 2,106,519.00 """
409000286442',10-Dec-17,NEFT TRANSFER,,10-Dec-17,,""" 275,451.00 """,""" -808,782.00 """
409000941296',07-Feb-16,NEFT TRANSFER,,07-Feb-16,""" 333,671.00 """,,""" 826,414.00 """
409000286442',13-Mar-16,TRF FROM  Indiaforensic SERVICES,,13-Mar-16,,""" 84,312.00 """,""" -724,470.00 """
409000985431',01-Dec-17,FDRL/INTERNAL FUND TRANSFE,,01-Dec-17,""" 342,100.00 """,,""" 225,349.00 """
409000442391',04-Mar-17,NEFT TRANSFER,,04-Mar-17,""" 196,889.00 """,,""" 2,041,042.00 """
409000693356',20-Dec-17,TRF FROM  Indiaforensic SERVICES,,20-Dec-17,""" 415,296.00 """,,""" -2,403,149.00 """
409000369346',01-Feb-17,FDRL/INTERNAL FUND TRANSFE,,01-Feb-17,,""" 155,208.00 """,""" 1,045,243.00 """
409000442391',08-Aug-16,FDRL/INTERNAL FUND TRANSFE,,08-Aug-16,,""" 82,870.00 """,""" 2,123,912.00 """
409000397004',20-Jun-17,FDRL/INTERNAL FUND TRANSFE,,20-Jun-17,,""" 141,906.00 """,""" 336,636.00 """
409000897819',02-Oct-16,ATM WITHDRAWAL,,02-Oct-16,""" 97,244.00 """,,""" 909,503.00 """
409000747720',02-Dec-16,NEFT TRANSFER,,02-Dec-16,""" 13,178.00 """,,""" 1,330,475.00 """
409000872626',04-May-17,ATM WITHDRAWAL,,04-May-17,""" 191,765.00 """,,""" 393,563.00 """
409000755100',02-Mar-17,POS PURCHASE,,02-Mar-17,""" 326,285.00 """,,""" -325,163.00 """
409000402246',03-May-17,FDRL/INTERNAL FUND TRANSFE,,03-May-17,,""" 182,970.00 """,""" 3,641,130.00 """
409000619259',31-Mar-17,IMPS TRANSFER,,31-Mar-17,,""" 235,158.00 """,""" -330,434.00 """
409000184133',03-Jan-16,TRF FROM  Indiaforensic SERVICES,,03-Jan-16,,""" 430,851.00 """,""" -1,194,685.00 """
409000322448',02-Mar-17,POS PURCHASE,,02-Mar-17,,""" 394,782.00 """,""" 2,150,652.00 """
409000938249',18-Mar-17,IMPS TRANSFER,,18-Mar-17,,""" 315,662.00 """,""" 1,634,171.00 """
409000998512',02-Oct-16,IMPS TRANSFER,,02-Oct-16,""" 191,535.00 """,,""" -210,912.00 """
409000974947',25-Jul-17,POS PURCHASE,,25-Jul-17,,""" 97,597.00 """,""" -377,805.00 """
409000944848',15-Dec-17,NEFT TRANSFER,,15-Dec-17,,""" 364,205.00 """,""" -832,537.00 """
409000257712',31-Oct-17,TRF FROM  Indiaforensic SERVICES,,31-Oct-17,""" 8,446.00 """,,""" 323,073.00 """
409000858950',08-Sep-16,ATM WITHDRAWAL,,08-Sep-16,,""" 136,363.00 """,""" 2,471,576.00 """
409000320353',24-Apr-17,POS PURCHASE,,24-Apr-17,""" 108,545.00 """,,""" 966,670.00 """
409000160462',24-Feb-16,POS PURCHASE,,24-Feb-16,,""" 390,158.00 """,""" 2,749,054.00 """
409000100196',22-Mar-16,NEFT TRANSFER,,22-Mar-16,""" 44,476.00 """,,""" 336,181.00 """
409000747720',13-Oct-17,FDRL/INTERNAL FUND TRANSFE,,13-Oct-17,""" 215,601.00 """,,""" 1,114,874.00 """
409000907892',12-Feb-16,FDRL/INTERNAL FUND TRANSFE,,12-Feb-16,""" 137,295.00 """,,""" -927,849.00 """
409000941296',08-Mar-16,ATM WITHDRAWAL,,08-Mar-16,,""" 460,511.00 """,""" 1,286,925.00 """
409000466987',23-Nov-17,FDRL/INTERNAL FUND TRANSFE,,23-Nov-17,,""" 298,491.00 """,""" 684,571.00 """
409000374540',19-Oct-17,FDRL/INTERNAL FUND TRANSFE,,19-Oct-17,,""" 383,865.00 """,""" 96,001.00 """
409000878488',21-Oct-16,IMPS TRANSFER,,21-Oct-16,,""" 133,251.00 """,""" -1,233,739.00 """
409000420436',03-Jul-17,POS PURCHASE,,03-Jul-17,""" 120,717.00 """,,""" 1,976,243.00 """
409000884895',12-Aug-16,NEFT TRANSFER,,12-Aug-16,""" 125,780.00 """,,""" 2,484,373.00 """
409000879020',02-May-16,TRF FROM  Indiaforensic SERVICES,,02-May-16,,""" 299,579.00 """,""" 1,427,236.00 """
409000677702',30-Aug-17,POS PURCHASE,,30-Aug-17,,""" 201,420.00 """,""" 1,609,246.00 """
409000271204',27-Feb-17,ATM WITHDRAWAL,,27-Feb-17,""" 226,065.00 """,,""" -99,693.00 """
409000112490',29-Feb-16,FDRL/INTERNAL FUND TRANSFE,,29-Feb-16,,""" 496,077.00 """,""" -427,693.00 """
409000583676',23-Jul-16,FDRL/INTERNAL FUND TRANSFE,,23-Jul-16,""" 493,101.00 """,,""" -453,177.00 """
409000915343',13-Feb-17,NEFT TRANSFER,,13-Feb-17,""" 433,977.00 """,,""" -44,423.00 """
409000734739',09-Jan-16,ATM WITHDRAWAL,,09-Jan-16,""" 192,589.00 """,,""" -717,594.00 """
409000892124',15-Sep-16,ATM WITHDRAWAL,,15-Sep-16,""" 485,165.00 """,,""" 591,655.00 """
409000405310',27-Nov-17,TRF FROM  Indiaforensic SERVICES,,27-Nov-17,""" 309,248.00 """,,""" -107,108.00 """
409000872626',24-Feb-17,FDRL/INTERNAL FUND TRANSFE,,24-Feb-17,""" 77,710.00 """,,""" 315,853.00 """
409000991571',07-Nov-16,IMPS TRANSFER,,07-Nov-16,""" 487,274.00 """,,""" 1,595,696.00 """
409000730439',03-Feb-16,FDRL/INTERNAL FUND TRANSFE,,03-Feb-16,,""" 473,247.00 """,""" 21,338.00 """
409000805120',17-Jun-16,TRF FROM  Indiaforensic SERVICES,,17-Jun-16,""" 374,156.00 """,,""" -23,427.00 """
409000969252',15-Feb-16,FDRL/INTERNAL FUND TRANSFE,,15-Feb-16,""" 164,081.00 """,,""" 942,139.00 """
409000575316',21-Jun-16,FDRL/INTERNAL FUND TRANSFE,,21-Jun-16,,""" 379,176.00 """,""" 3,460,928.00 """
409000694171',01-Jul-17,POS PURCHASE,,01-Jul-17,,""" 458,862.00 """,""" 218,504.00 """
409000397004',10-May-16,FDRL/INTERNAL FUND TRANSFE,,10-May-16,,""" 327,156.00 """,""" 663,792.00 """
409000885944',07-Feb-16,FDRL/INTERNAL FUND TRANSFE,,07-Feb-16,""" 152,322.00 """,,""" 710,036.00 """
409000617980',23-Feb-17,IMPS TRANSFER,,23-Feb-17,,""" 347,167.00 """,""" 1,151,498.00 """
409000339352',07-Mar-17,IMPS TRANSFER,,07-Mar-17,""" 161,834.00 """,,""" 645,786.00 """
409000316747',11-Dec-16,POS PURCHASE,,11-Dec-16,""" 192,728.00 """,,""" -706,139.00 """
409000124116',19-Mar-17,FDRL/INTERNAL FUND TRANSFE,,19-Mar-17,,""" 346,662.00 """,""" 2,247,717.00 """
409000110491',14-Oct-16,TRF FROM  Indiaforensic SERVICES,,14-Oct-16,""" 132,686.00 """,,""" -19,412.00 """
409000959133',15-Nov-16,IMPS TRANSFER,,15-Nov-16,""" 296,321.00 """,,""" 168,778.00 """
409000243381',22-Apr-16,POS PURCHASE,,22-Apr-16,,""" 23,289.00 """,""" 2,453,137.00 """
409000884895',10-Jul-17,FDRL/INTERNAL FUND TRANSFE,,10-Jul-17,,""" 119,673.00 """,""" 2,604,046.00 """
409000160462',12-Aug-16,TRF FROM  Indiaforensic SERVICES,,12-Aug-16,""" 354,139.00 """,,""" 2,394,915.00 """
409000845049',27-Dec-16,FDRL/INTERNAL FUND TRANSFE,,27-Dec-16,,""" 147,873.00 """,""" 2,453,663.00 """
409000952891',23-Dec-16,NEFT TRANSFER,,23-Dec-16,,""" 350,254.00 """,""" -609,390.00 """
409000420436',27-Mar-17,FDRL/INTERNAL FUND TRANSFE,,27-Mar-17,""" 351,596.00 """,,""" 1,624,647.00 """
409000659479',02-Oct-17,NEFT TRANSFER,,02-Oct-17,,""" 311,647.00 """,""" 413,150.00 """
409000883932',22-Apr-17,IMPS TRANSFER,,22-Apr-17,,""" 27,648.00 """,""" 71,566.00 """
409000220856',17-Dec-17,IMPS TRANSFER,,17-Dec-17,,""" 16,971.00 """,""" 1,791,423.00 """
409000991571',21-Apr-17,NEFT TRANSFER,,21-Apr-17,""" 53,155.00 """,,""" 1,542,541.00 """
409000545992',21-Oct-16,ATM WITHDRAWAL,,21-Oct-16,,""" 185,163.00 """,""" 974,641.00 """
409000636341',07-Apr-17,POS PURCHASE,,07-Apr-17,""" 124,629.00 """,,""" 1,954,060.00 """
409000509097',25-Nov-17,NEFT TRANSFER,,25-Nov-17,,""" 40,422.00 """,""" 62,212.00 """
409000991571',01-Apr-16,NEFT TRANSFER,,01-Apr-16,,""" 7,300.00 """,""" 1,549,841.00 """
409000907892',20-Oct-17,ATM WITHDRAWAL,,20-Oct-17,,""" 175,571.00 """,""" -752,278.00 """
409000607258',13-Apr-17,FDRL/INTERNAL FUND TRANSFE,,13-Apr-17,,""" 223,434.00 """,""" -1,530,448.00 """
409000936869',24-Dec-16,FDRL/INTERNAL FUND TRANSFE,,24-Dec-16,,""" 18,314.00 """,""" -828,282.00 """
409000420436',24-Dec-16,NEFT TRANSFER,,24-Dec-16,,""" 61,401.00 """,""" 1,686,048.00 """
409000968666',18-Aug-17,IMPS TRANSFER,,18-Aug-17,,""" 119,910.00 """,""" 3,406,209.00 """
409000353617',19-Feb-17,IMPS TRANSFER,,19-Feb-17,,""" 299,372.00 """,""" 2,053,289.00 """
409000907892',26-Oct-17,ATM WITHDRAWAL,,26-Oct-17,""" 499,609.00 """,,""" -1,251,887.00 """
409000596389',26-Aug-16,TRF FROM  Indiaforensic SERVICES,,26-Aug-16,""" 226,152.00 """,,""" 3,592,203.00 """
409000324521',10-Dec-17,FDRL/INTERNAL FUND TRANSFE,,10-Dec-17,""" 87,998.00 """,,""" 103,787.00 """
409000402246',05-May-17,POS PURCHASE,,05-May-17,,""" 125,497.00 """,""" 3,766,627.00 """
409000177276',12-Jan-16,FDRL/INTERNAL FUND TRANSFE,,12-Jan-16,,""" 240,024.00 """,""" -733,306.00 """
409000635999',09-May-17,NEFT TRANSFER,,09-May-17,""" 114,143.00 """,,""" 1,652,723.00 """
409000754213',27-May-16,ATM WITHDRAWAL,,27-May-16,,""" 174,594.00 """,""" -1,447,134.00 """
409000897819',04-Jul-17,IMPS TRANSFER,,04-Jul-17,""" 405,750.00 """,,""" 503,753.00 """
409000603011',15-May-16,IMPS TRANSFER,,15-May-16,""" 422,418.00 """,,""" 901,939.00 """
409000636341',27-May-17,IMPS TRANSFER,,27-May-17,""" 332,365.00 """,,""" 1,621,695.00 """
409000353617',04-Feb-17,ATM WITHDRAWAL,,04-Feb-17,,""" 380,953.00 """,""" 2,434,242.00 """
409000308752',27-Nov-16,IMPS TRANSFER,,27-Nov-16,,""" 96,340.00 """,""" 1,692,561.00 """
409000603011',25-May-17,IMPS TRANSFER,,25-May-17,""" 310,879.00 """,,""" 591,060.00 """
409000220856',17-Feb-17,TRF FROM  Indiaforensic SERVICES,,17-Feb-17,,""" 481,898.00 """,""" 2,273,321.00 """
409000375642',07-May-16,IMPS TRANSFER,,07-May-16,,""" 349,841.00 """,""" 2,471,602.00 """
409000661072',28-Mar-16,ATM WITHDRAWAL,,28-Mar-16,""" 233,783.00 """,,""" 2,435,478.00 """
409000907892',03-Sep-17,TRF FROM  Indiaforensic SERVICES,,03-Sep-17,,""" 307,346.00 """,""" -944,541.00 """
409000661072',17-Oct-16,TRF FROM  Indiaforensic SERVICES,,17-Oct-16,,""" 328,473.00 """,""" 2,763,951.00 """
409000682109',18-Jun-17,TRF FROM  Indiaforensic SERVICES,,18-Jun-17,""" 380,295.00 """,,""" 1,394,590.00 """
409000374540',05-Feb-17,POS PURCHASE,,05-Feb-17,,""" 265,203.00 """,""" 361,204.00 """
409000985312',03-Nov-17,ATM WITHDRAWAL,,03-Nov-17,,""" 465,381.00 """,""" -2,527,373.00 """
409000211244',18-Mar-16,TRF FROM  Indiaforensic SERVICES,,18-Mar-16,,""" 106,706.00 """,""" -49,985.00 """
409000478491',29-Apr-17,IMPS TRANSFER,,29-Apr-17,""" 372,441.00 """,,""" -395,348.00 """
409000374540',07-Mar-16,POS PURCHASE,,07-Mar-16,,""" 76,221.00 """,""" 437,425.00 """
409000897819',18-Nov-16,NEFT TRANSFER,,18-Nov-16,,""" 480,781.00 """,""" 984,534.00 """
409000936869',09-Jan-17,POS PURCHASE,,09-Jan-17,""" 251,953.00 """,,""" -1,080,235.00 """
409000974947',04-Dec-17,IMPS TRANSFER,,04-Dec-17,,""" 158,459.00 """,""" -219,346.00 """
409000737708',08-Sep-16,POS PURCHASE,,08-Sep-16,,""" 364,241.00 """,""" 3,266,152.00 """
409000547793',07-Aug-17,NEFT TRANSFER,,07-Aug-17,,""" 446,074.00 """,""" -1,315,872.00 """
409000124116',17-Aug-17,FDRL/INTERNAL FUND TRANSFE,,17-Aug-17,,""" 429,294.00 """,""" 2,677,011.00 """
409000397004',18-Mar-17,NEFT TRANSFER,,18-Mar-17,""" 411,265.00 """,,""" 252,527.00 """
409000157380',23-Feb-16,POS PURCHASE,,23-Feb-16,,""" 144,399.00 """,""" 2,690,319.00 """
409000575316',19-Jan-17,FDRL/INTERNAL FUND TRANSFE,,19-Jan-17,""" 233,445.00 """,,""" 3,227,483.00 """
409000673061',05-Feb-17,NEFT TRANSFER,,05-Feb-17,,""" 461,740.00 """,""" 2,339,151.00 """
409000617980',20-Jun-16,ATM WITHDRAWAL,,20-Jun-16,,""" 329,152.00 """,""" 1,480,650.00 """
409000933271',01-Apr-16,NEFT TRANSFER,,01-Apr-16,""" 66,771.00 """,,""" -251,148.00 """
409000502720',04-Jul-17,TRF FROM  Indiaforensic SERVICES,,04-Jul-17,,""" 372,039.00 """,""" 2,230,800.00 """
409000793776',03-Jul-17,POS PURCHASE,,03-Jul-17,,""" 136,095.00 """,""" 1,185,059.00 """
409000897819',22-Apr-16,IMPS TRANSFER,,22-Apr-16,""" 340,544.00 """,,""" 643,990.00 """
409000473731',21-Apr-16,IMPS TRANSFER,,21-Apr-16,,""" 375,146.00 """,""" 540,322.00 """
409000530205',24-Feb-16,FDRL/INTERNAL FUND TRANSFE,,24-Feb-16,,""" 153,415.00 """,""" 147,457.00 """
409000936869',25-Feb-16,NEFT TRANSFER,,25-Feb-16,""" 40,092.00 """,,""" -1,120,327.00 """
409000557336',05-Oct-17,TRF FROM  Indiaforensic SERVICES,,05-Oct-17,""" 481,125.00 """,,""" 2,412,572.00 """
409000197814',16-Dec-17,TRF FROM  Indiaforensic SERVICES,,16-Dec-17,""" 129,801.00 """,,""" -942,954.00 """
409000195344',07-Jul-17,NEFT TRANSFER,,07-Jul-17,,""" 248,322.00 """,""" 2,926,300.00 """
409000554832',13-Jan-16,FDRL/INTERNAL FUND TRANSFE,,13-Jan-16,,""" 458,411.00 """,""" 387.00 """
409000831704',04-Dec-16,TRF FROM  Indiaforensic SERVICES,,04-Dec-16,,""" 368,226.00 """,""" -194,090.00 """
409000281811',20-Mar-16,FDRL/INTERNAL FUND TRANSFE,,20-Mar-16,,""" 211,129.00 """,""" -1,128,611.00 """
409000547793',23-Jun-16,NEFT TRANSFER,,23-Jun-16,,""" 261,655.00 """,""" -1,054,217.00 """
409000444431',21-Nov-16,NEFT TRANSFER,,21-Nov-16,""" 398,935.00 """,,""" -1,992,537.00 """
409000825195',19-Oct-17,ATM WITHDRAWAL,,19-Oct-17,""" 426,857.00 """,,""" 1,549,151.00 """
409000444022',27-Oct-17,FDRL/INTERNAL FUND TRANSFE,,27-Oct-17,,""" 174,899.00 """,""" 2,874,010.00 """
409000808057',04-Jan-16,IMPS TRANSFER,,04-Jan-16,,""" 323,179.00 """,""" -3,269,496.00 """
409000837739',02-Feb-16,IMPS TRANSFER,,02-Feb-16,""" 95,077.00 """,,""" -1,047,237.00 """
409000500535',18-Dec-17,TRF FROM  Indiaforensic SERVICES,,18-Dec-17,,""" 132,412.00 """,""" -458,124.00 """
409000161349',21-Apr-16,FDRL/INTERNAL FUND TRANSFE,,21-Apr-16,""" 393,372.00 """,,""" 660,375.00 """
409000950802',25-Apr-17,POS PURCHASE,,25-Apr-17,,""" 97,046.00 """,""" 2,094,212.00 """
409000734739',03-Mar-16,FDRL/INTERNAL FUND TRANSFE,,03-Mar-16,,""" 449,052.00 """,""" -268,542.00 """
409000197540',30-Aug-17,FDRL/INTERNAL FUND TRANSFE,,30-Aug-17,""" 78,149.00 """,,""" 1,781,762.00 """
409000747968',02-Oct-16,IMPS TRANSFER,,02-Oct-16,,""" 214,973.00 """,""" -556,685.00 """
409000885944',02-Feb-17,TRF FROM  Indiaforensic SERVICES,,02-Feb-17,""" 72,049.00 """,,""" 637,987.00 """
409000714173',14-Jun-17,IMPS TRANSFER,,14-Jun-17,,""" 358,358.00 """,""" 2,830,826.00 """
409000656583',21-Nov-17,IMPS TRANSFER,,21-Nov-17,""" 63,397.00 """,,""" 1,039,014.00 """
409000816639',22-Feb-17,IMPS TRANSFER,,22-Feb-17,""" 6,117.00 """,,""" -446,861.00 """
409000820802',07-Apr-16,FDRL/INTERNAL FUND TRANSFE,,07-Apr-16,,""" 216,271.00 """,""" -2,400,995.00 """
409000226012',12-May-16,ATM WITHDRAWAL,,12-May-16,""" 470,580.00 """,,""" 2,133,541.00 """
409000224429',14-Aug-16,FDRL/INTERNAL FUND TRANSFE,,14-Aug-16,,""" 390,154.00 """,""" 2,968,514.00 """
409000655411',10-Apr-17,ATM WITHDRAWAL,,10-Apr-17,,""" 93,528.00 """,""" -8,080.00 """
409000402246',14-Feb-17,POS PURCHASE,,14-Feb-17,""" 309,826.00 """,,""" 3,456,801.00 """
409000500535',26-Aug-16,POS PURCHASE,,26-Aug-16,""" 59,858.00 """,,""" -517,982.00 """
409000530205',23-Sep-16,TRF FROM  Indiaforensic SERVICES,,23-Sep-16,,""" 13,415.00 """,""" 160,872.00 """
409000720631',24-Nov-17,NEFT TRANSFER,,24-Nov-17,""" 212,242.00 """,,""" 1,975,868.00 """
409000974947',03-Jul-16,IMPS TRANSFER,,03-Jul-16,,""" 35,927.00 """,""" -183,419.00 """
409000397004',04-Jun-16,FDRL/INTERNAL FUND TRANSFE,,04-Jun-16,""" 92,970.00 """,,""" 159,557.00 """
409000358006',06-Apr-16,NEFT TRANSFER,,06-Apr-16,""" 464,166.00 """,,""" 2,941,652.00 """
409000320353',13-Nov-16,FDRL/INTERNAL FUND TRANSFE,,13-Nov-16,""" 290,025.00 """,,""" 676,645.00 """
409000281811',01-Jun-17,IMPS TRANSFER,,01-Jun-17,,""" 302,547.00 """,""" -826,064.00 """
409000334036',13-Jul-17,IMPS TRANSFER,,13-Jul-17,,""" 132,718.00 """,""" -2,730,133.00 """
409000405310',08-Jan-16,POS PURCHASE,,08-Jan-16,""" 209,392.00 """,,""" -316,500.00 """
409000157380',09-Oct-16,POS PURCHASE,,09-Oct-16,,""" 9,830.00 """,""" 2,700,149.00 """
409000112490',01-Dec-17,NEFT TRANSFER,,01-Dec-17,,""" 210,308.00 """,""" -217,385.00 """
409000215918',23-Dec-17,POS PURCHASE,,23-Dec-17,,""" 111,042.00 """,""" -73,084.00 """
409000936869',12-Aug-17,IMPS TRANSFER,,12-Aug-17,,""" 467,837.00 """,""" -652,490.00 """
409000969514',09-Jul-16,ATM WITHDRAWAL,,09-Jul-16,""" 228,735.00 """,,""" 89,608.00 """
409000878488',02-Aug-16,IMPS TRANSFER,,02-Aug-16,,""" 447,498.00 """,""" -786,241.00 """
409000879598',19-Nov-16,ATM WITHDRAWAL,,19-Nov-16,,""" 328,781.00 """,""" 2,666,891.00 """
409000197814',31-Oct-16,ATM WITHDRAWAL,,31-Oct-16,,""" 111,310.00 """,""" -831,644.00 """
409000456174',31-Jul-16,ATM WITHDRAWAL,,31-Jul-16,,""" 253,443.00 """,""" 3,016,580.00 """
409000730439',13-Oct-17,NEFT TRANSFER,,13-Oct-17,""" 58,707.00 """,,""" -37,369.00 """
409000164947',27-Jun-17,ATM WITHDRAWAL,,27-Jun-17,,""" 169,098.00 """,""" -379,533.00 """
409000100196',23-May-16,ATM WITHDRAWAL,,23-May-16,""" 384,462.00 """,,""" -48,281.00 """
409000617980',16-Mar-16,POS PURCHASE,,16-Mar-16,,""" 408,225.00 """,""" 1,888,875.00 """
409000334036',17-Oct-16,POS PURCHASE,,17-Oct-16,""" 239,574.00 """,,""" -2,969,707.00 """
409000243381',13-Apr-17,TRF FROM  Indiaforensic SERVICES,,13-Apr-17,,""" 14,471.00 """,""" 2,467,608.00 """
409000112710',28-Jul-17,IMPS TRANSFER,,28-Jul-17,,""" 238,451.00 """,""" 2,086,261.00 """
409000950802',08-Jul-16,IMPS TRANSFER,,08-Jul-16,""" 195,312.00 """,,""" 1,898,900.00 """
409000184133',21-Oct-17,TRF FROM  Indiaforensic SERVICES,,21-Oct-17,,""" 397,793.00 """,""" -796,892.00 """
409000914209',04-May-17,TRF FROM  Indiaforensic SERVICES,,04-May-17,,""" 29,111.00 """,""" 1,845,005.00 """
409000635340',07-Dec-17,ATM WITHDRAWAL,,07-Dec-17,""" 207,440.00 """,,""" 477,222.00 """
409000444022',10-Jan-17,POS PURCHASE,,10-Jan-17,""" 484,652.00 """,,""" 2,389,358.00 """
409000124116',13-Jan-16,ATM WITHDRAWAL,,13-Jan-16,,""" 460,849.00 """,""" 3,137,860.00 """
409000547793',03-Feb-17,POS PURCHASE,,03-Feb-17,""" 430,501.00 """,,""" -1,484,718.00 """
409000353617',14-Apr-16,POS PURCHASE,,14-Apr-16,,""" 226,618.00 """,""" 2,660,860.00 """
409000936869',01-Jul-16,TRF FROM  Indiaforensic SERVICES,,01-Jul-16,""" 103,759.00 """,,""" -756,249.00 """
409000236053',14-Feb-16,NEFT TRANSFER,,14-Feb-16,""" 13,675.00 """,,""" -143,620.00 """
409000135650',14-Aug-17,NEFT TRANSFER,,14-Aug-17,""" 349,418.00 """,,""" 629,423.00 """
409000747968',03-Aug-17,ATM WITHDRAWAL,,03-Aug-17,,""" 341,474.00 """,""" -215,211.00 """
409000530053',22-Jun-16,POS PURCHASE,,22-Jun-16,""" 68,074.00 """,,""" 741,545.00 """
409000953042',04-May-17,TRF FROM  Indiaforensic SERVICES,,04-May-17,""" 491,301.00 """,,""" -902,451.00 """
409000590992',18-May-17,TRF FROM  Indiaforensic SERVICES,,18-May-17,,""" 44,078.00 """,""" 2,073,423.00 """
409000334036',01-Aug-17,IMPS TRANSFER,,01-Aug-17,,""" 65,587.00 """,""" -2,904,120.00 """
409000914209',17-Jan-17,IMPS TRANSFER,,17-Jan-17,""" 28,927.00 """,,""" 1,816,078.00 """
409000132496',11-Aug-17,TRF FROM  Indiaforensic SERVICES,,11-Aug-17,""" 197,568.00 """,,""" 2,626,617.00 """
409000272332',02-Nov-17,FDRL/INTERNAL FUND TRANSFE,,02-Nov-17,,""" 496,559.00 """,""" 2,109,286.00 """
409000942858',11-Dec-16,TRF FROM  Indiaforensic SERVICES,,11-Dec-16,,""" 406,614.00 """,""" -1,658,751.00 """
409000755100',02-Nov-16,IMPS TRANSFER,,02-Nov-16,,""" 260,442.00 """,""" -64,721.00 """
409000583676',06-Apr-17,POS PURCHASE,,06-Apr-17,,""" 453,941.00 """,""" 764.00 """
409000872626',09-Oct-16,POS PURCHASE,,09-Oct-16,""" 407,108.00 """,,""" -91,255.00 """
409000660205',04-Feb-17,IMPS TRANSFER,,04-Feb-17,""" 366,763.00 """,,""" -356,461.00 """
409000164947',27-Nov-16,IMPS TRANSFER,,27-Nov-16,,""" 458,879.00 """,""" 79,346.00 """
409000397004',01-Sep-17,TRF FROM  Indiaforensic SERVICES,,01-Sep-17,""" 86,862.00 """,,""" 72,695.00 """
409000635937',20-Jun-17,ATM WITHDRAWAL,,20-Jun-17,""" 317,327.00 """,,""" -103,249.00 """
409000969252',31-Dec-16,TRF FROM  Indiaforensic SERVICES,,31-Dec-16,""" 248,733.00 """,,""" 693,406.00 """
409000224429',29-Aug-16,IMPS TRANSFER,,29-Aug-16,""" 359,214.00 """,,""" 2,609,300.00 """
409000831495',06-Jan-16,NEFT TRANSFER,,06-Jan-16,,""" 398,974.00 """,""" -56,880.00 """
409000730439',25-Nov-17,ATM WITHDRAWAL,,25-Nov-17,""" 481,916.00 """,,""" -519,285.00 """
409000381613',13-Jul-17,ATM WITHDRAWAL,,13-Jul-17,""" 126,674.00 """,,""" 1,877,935.00 """
409000872626',19-Sep-17,TRF FROM  Indiaforensic SERVICES,,19-Sep-17,""" 315,391.00 """,,""" -406,646.00 """
409000100196',08-Aug-17,POS PURCHASE,,08-Aug-17,""" 324,677.00 """,,""" -372,958.00 """
409000566372',01-Mar-17,FDRL/INTERNAL FUND TRANSFE,,01-Mar-17,""" 36,895.00 """,,""" 2,737,131.00 """
409000603011',02-Oct-16,NEFT TRANSFER,,02-Oct-16,""" 328,691.00 """,,""" 262,369.00 """
409000635340',26-Jul-17,FDRL/INTERNAL FUND TRANSFE,,26-Jul-17,,""" 95,219.00 """,""" 572,441.00 """
409000478491',08-Jul-17,TRF FROM  Indiaforensic SERVICES,,08-Jul-17,""" 182,496.00 """,,""" -577,844.00 """
409000808057',08-Dec-16,ATM WITHDRAWAL,,08-Dec-16,""" 233,563.00 """,,""" -3,503,059.00 """
409000565236',13-Nov-16,FDRL/INTERNAL FUND TRANSFE,,13-Nov-16,""" 341,194.00 """,,""" -999,599.00 """
409000254468',20-Apr-16,IMPS TRANSFER,,20-Apr-16,,""" 429,770.00 """,""" 1,662,355.00 """
409000879020',23-Oct-17,FDRL/INTERNAL FUND TRANSFE,,23-Oct-17,,""" 213,180.00 """,""" 1,640,416.00 """
409000553399',14-Nov-17,POS PURCHASE,,14-Nov-17,""" 295,689.00 """,,""" 995,217.00 """
409000332316',13-May-16,TRF FROM  Indiaforensic SERVICES,,13-May-16,,""" 197,653.00 """,""" -181,089.00 """
409000375642',29-Jul-16,NEFT TRANSFER,,29-Jul-16,""" 11,836.00 """,,""" 2,459,766.00 """
409000105440',07-Jan-17,POS PURCHASE,,07-Jan-17,""" 21,842.00 """,,""" 170,679.00 """
409000164947',29-Sep-16,TRF FROM  Indiaforensic SERVICES,,29-Sep-16,,""" 428,748.00 """,""" 508,094.00 """
409000180124',11-Sep-16,POS PURCHASE,,11-Sep-16,,""" 440,589.00 """,""" 406,360.00 """
409000820802',26-May-17,POS PURCHASE,,26-May-17,,""" 308,031.00 """,""" -2,092,964.00 """
409000730439',04-Jun-16,ATM WITHDRAWAL,,04-Jun-16,,""" 435,520.00 """,""" -83,765.00 """
409000944848',26-Apr-16,NEFT TRANSFER,,26-Apr-16,,""" 312,925.00 """,""" -519,612.00 """
409000203226',20-Aug-17,TRF FROM  Indiaforensic SERVICES,,20-Aug-17,""" 236,500.00 """,,""" 549,508.00 """
409000160462',03-Nov-16,ATM WITHDRAWAL,,03-Nov-16,""" 156,677.00 """,,""" 2,238,238.00 """
409000374540',03-Dec-17,NEFT TRANSFER,,03-Dec-17,,""" 40,407.00 """,""" 477,832.00 """
409000557336',19-Feb-17,FDRL/INTERNAL FUND TRANSFE,,19-Feb-17,""" 81,943.00 """,,""" 2,330,629.00 """
409000879598',26-Nov-17,FDRL/INTERNAL FUND TRANSFE,,26-Nov-17,,""" 429,036.00 """,""" 3,095,927.00 """
409000215918',20-Oct-17,POS PURCHASE,,20-Oct-17,""" 358,106.00 """,,""" -431,190.00 """
409000554832',11-Jan-17,ATM WITHDRAWAL,,11-Jan-17,,""" 112,438.00 """,""" 112,825.00 """
409000969514',03-Feb-16,ATM WITHDRAWAL,,03-Feb-16,,""" 71,067.00 """,""" 160,675.00 """
409000339352',19-Nov-16,NEFT TRANSFER,,19-Nov-16,,""" 233,511.00 """,""" 879,297.00 """
409000714173',16-Aug-17,FDRL/INTERNAL FUND TRANSFE,,16-Aug-17,,""" 483,886.00 """,""" 3,314,712.00 """
409000375824',24-Nov-16,TRF FROM  Indiaforensic SERVICES,,24-Nov-16,""" 398,091.00 """,,""" -1,494,659.00 """
409000892124',12-Jul-16,TRF FROM  Indiaforensic SERVICES,,12-Jul-16,,""" 283,181.00 """,""" 874,836.00 """
409000130217',05-Oct-17,NEFT TRANSFER,,05-Oct-17,,""" 325,356.00 """,""" -1,843,110.00 """
409000452520',06-Jul-17,TRF FROM  Indiaforensic SERVICES,,06-Jul-17,,""" 56,241.00 """,""" 110,554.00 """
409000737708',15-Jul-16,POS PURCHASE,,15-Jul-16,""" 489,857.00 """,,""" 2,776,295.00 """
409000271204',15-Apr-17,NEFT TRANSFER,,15-Apr-17,""" 356,733.00 """,,""" -456,426.00 """
409000968666',16-Mar-17,POS PURCHASE,,16-Mar-17,,""" 297,570.00 """,""" 3,703,779.00 """
409000444431',18-Mar-16,TRF FROM  Indiaforensic SERVICES,,18-Mar-16,,""" 17,936.00 """,""" -1,974,601.00 """
409000959133',22-Jan-17,IMPS TRANSFER,,22-Jan-17,,""" 85,144.00 """,""" 253,922.00 """
409000635937',25-Nov-17,TRF FROM  Indiaforensic SERVICES,,25-Nov-17,,""" 44,568.00 """,""" -58,681.00 """
409000985431',11-May-17,IMPS TRANSFER,,11-May-17,,""" 30,868.00 """,""" 256,217.00 """
409000658705',21-Jan-16,NEFT TRANSFER,,21-Jan-16,""" 370,768.00 """,,""" 3,500,250.00 """
409000818557',16-Aug-16,NEFT TRANSFER,,16-Aug-16,""" 159,506.00 """,,""" 932,256.00 """
409000659479',23-Aug-16,NEFT TRANSFER,,23-Aug-16,""" 244,396.00 """,,""" 168,754.00 """
409000907892',13-Dec-17,IMPS TRANSFER,,13-Dec-17,""" 117,788.00 """,,""" -1,062,329.00 """
409000219567',28-Jun-17,NEFT TRANSFER,,28-Jun-17,,""" 228,707.00 """,""" 711,114.00 """
409000381613',12-Oct-16,ATM WITHDRAWAL,,12-Oct-16,""" 277,080.00 """,,""" 1,600,855.00 """
409000286442',19-Nov-17,POS PURCHASE,,19-Nov-17,""" 112,034.00 """,,""" -836,504.00 """
409000124116',09-Apr-17,POS PURCHASE,,09-Apr-17,""" 432,990.00 """,,""" 2,704,870.00 """
409000157380',29-Dec-16,POS PURCHASE,,29-Dec-16,""" 326,986.00 """,,""" 2,373,163.00 """
409000140684',09-Apr-16,NEFT TRANSFER,,09-Apr-16,""" 46,791.00 """,,""" -412,641.00 """
409000547793',05-Apr-16,FDRL/INTERNAL FUND TRANSFE,,05-Apr-16,,""" 94,386.00 """,""" -1,390,332.00 """
409000959133',28-Apr-16,NEFT TRANSFER,,28-Apr-16,,""" 470,222.00 """,""" 724,144.00 """
409000837739',11-May-17,FDRL/INTERNAL FUND TRANSFE,,11-May-17,""" 36,151.00 """,,""" -1,083,388.00 """
409000105440',01-Oct-16,IMPS TRANSFER,,01-Oct-16,""" 386,774.00 """,,""" -216,095.00 """
409000323528',15-Feb-17,TRF FROM  Indiaforensic SERVICES,,15-Feb-17,""" 368,288.00 """,,""" -29,338.00 """
409000930777',24-Apr-17,POS PURCHASE,,24-Apr-17,""" 435,049.00 """,,""" 410,777.00 """
409000358006',19-Jun-17,ATM WITHDRAWAL,,19-Jun-17,""" 80,060.00 """,,""" 2,861,592.00 """
409000353617',23-May-17,POS PURCHASE,,23-May-17,,""" 85,323.00 """,""" 2,746,183.00 """
409000478491',16-Nov-17,NEFT TRANSFER,,16-Nov-17,,""" 428,090.00 """,""" -149,754.00 """
409000509097',10-Mar-17,NEFT TRANSFER,,10-Mar-17,""" 465,314.00 """,,""" -403,102.00 """
409000892124',27-Oct-16,ATM WITHDRAWAL,,27-Oct-16,,""" 276,828.00 """,""" 1,151,664.00 """
409000950568',06-May-17,NEFT TRANSFER,,06-May-17,""" 360,013.00 """,,""" 1,746,506.00 """
409000404291',06-Feb-17,ATM WITHDRAWAL,,06-Feb-17,""" 320,959.00 """,,""" -104,153.00 """
409000914209',30-Dec-17,ATM WITHDRAWAL,,30-Dec-17,""" 61,286.00 """,,""" 1,754,792.00 """
409000322448',03-Sep-16,POS PURCHASE,,03-Sep-16,,""" 241,895.00 """,""" 2,392,547.00 """
409000590992',11-Dec-16,NEFT TRANSFER,,11-Dec-16,,""" 297,621.00 """,""" 2,371,044.00 """
409000685219',10-Jun-17,FDRL/INTERNAL FUND TRANSFE,,10-Jun-17,,""" 325,796.00 """,""" 3,367,519.00 """
409000660205',31-Jan-17,TRF FROM  Indiaforensic SERVICES,,31-Jan-17,,""" 263,558.00 """,""" -92,903.00 """
409000320353',19-May-16,FDRL/INTERNAL FUND TRANSFE,,19-May-16,,""" 289,321.00 """,""" 965,966.00 """
409000374540',20-Aug-17,ATM WITHDRAWAL,,20-Aug-17,,""" 172,395.00 """,""" 650,227.00 """
409000220856',13-Jun-17,TRF FROM  Indiaforensic SERVICES,,13-Jun-17,""" 478,475.00 """,,""" 1,794,846.00 """
409000957334',22-Dec-16,POS PURCHASE,,22-Dec-16,""" 200,233.00 """,,""" 588,421.00 """
409000112490',05-Sep-16,ATM WITHDRAWAL,,05-Sep-16,,""" 454,311.00 """,""" 236,926.00 """
409000320353',11-Sep-16,ATM WITHDRAWAL,,11-Sep-16,""" 499,774.00 """,,""" 466,192.00 """
409000251221',13-Aug-17,TRF FROM  Indiaforensic SERVICES,,13-Aug-17,""" 258,780.00 """,,""" -45,163.00 """
409000607258',09-Dec-17,NEFT TRANSFER,,09-Dec-17,,""" 288,860.00 """,""" -1,241,588.00 """
409000405310',09-Mar-16,NEFT TRANSFER,,09-Mar-16,""" 463,339.00 """,,""" -779,839.00 """
409000157380',07-Aug-16,NEFT TRANSFER,,07-Aug-16,,""" 35,180.00 """,""" 2,408,343.00 """
409000211244',16-Apr-16,ATM WITHDRAWAL,,16-Apr-16,,""" 424,651.00 """,""" 374,666.00 """
409000885944',16-Sep-16,FDRL/INTERNAL FUND TRANSFE,,16-Sep-16,""" 361,945.00 """,,""" 276,042.00 """
409000930777',31-Mar-16,POS PURCHASE,,31-Mar-16,,""" 6,966.00 """,""" 417,743.00 """
409000961474',14-Jan-17,FDRL/INTERNAL FUND TRANSFE,,14-Jan-17,,""" 414,153.00 """,""" 132,790.00 """
409000635340',03-Sep-16,FDRL/INTERNAL FUND TRANSFE,,03-Sep-16,,""" 42,677.00 """,""" 615,118.00 """
409000473731',01-Jul-17,POS PURCHASE,,01-Jul-17,,""" 369,586.00 """,""" 909,908.00 """
409000100196',01-Dec-16,TRF FROM  Indiaforensic SERVICES,,01-Dec-16,,""" 134,573.00 """,""" -238,385.00 """
409000816639',03-May-17,ATM WITHDRAWAL,,03-May-17,,""" 71,725.00 """,""" -375,136.00 """
409000530053',12-Dec-17,TRF FROM  Indiaforensic SERVICES,,12-Dec-17,""" 298,663.00 """,,""" 442,882.00 """
409000585607',12-Apr-16,ATM WITHDRAWAL,,12-Apr-16,,""" 247,406.00 """,""" 80,774.00 """
409000611074',29-Jun-17,TRF FROM  Indiaforensic SERVICES,,29-Jun-17,," 1,000,000.00 "," 1,000,000.00 "
409000611074',5-Jul-17,TRF FROM  Indiaforensic SERVICES,,5-Jul-17,," 1,000,000.00 "," 2,000,000.00 "
409000611074',18-Jul-17,FDRL/INTERNAL FUND TRANSFE,,18-Jul-17,," 500,000.00 "," 2,500,000.00 "
409000611074',1-Aug-17,TRF FRM  Indiaforensic SERVICES,,1-Aug-17,," 3,000,000.00 "," 5,500,000.00 "
409000611074',16-Aug-17,FDRL/INTERNAL FUND TRANSFE,,16-Aug-17,," 500,000.00 "," 6,000,000.00 "
409000611074',16-Aug-17,FDRL/INTERNAL FUND TRANSFE,,16-Aug-17,," 500,000.00 "," 6,500,000.00 "
409000611074',16-Aug-17,FDRL/INTERNAL FUND TRANSFE,,16-Aug-17,," 500,000.00 "," 7,000,000.00 "
409000611074',16-Aug-17,FDRL/INTERNAL FUND TRANSFE,,16-Aug-17,," 500,000.00 "," 7,500,000.00 "
409000611074',16-Aug-17,FDRL/INTERNAL FUND TRANSFE,,16-Aug-17,," 500,000.00 "," 8,000,000.00 "
409000611074',16-Aug-17,FDRL/INTERNAL FUND TRANSFE,,16-Aug-17,," 500,000.00 "," 8,500,000.00 "
409000611074',16-Aug-17,INDO GIBL Indiaforensic STL01071,,16-Aug-17," 133,900.00 ",," 8,366,100.00 "
409000611074',16-Aug-17,INDO GIBL Indiaforensic STL02071,,16-Aug-17," 18,000.00 ",," 8,348,100.00 "
409000611074',16-Aug-17,INDO GIBL Indiaforensic STL03071,,16-Aug-17," 5,000.00 ",," 8,343,100.00 "
409000611074',16-Aug-17,INDO GIBL Indiaforensic STL04071,,16-Aug-17," 195,800.00 ",," 8,147,300.00 "
409000611074',16-Aug-17,INDO GIBL Indiaforensic STL05071,,16-Aug-17," 81,600.00 ",," 8,065,700.00 "
409000611074',16-Aug-17,INDO GIBL Indiaforensic STL06071,,16-Aug-17," 41,800.00 ",," 8,023,900.00 "
409000611074',16-Aug-17,INDO GIBL Indiaforensic STL07071,,16-Aug-17," 98,500.00 ",," 7,925,400.00 "
409000611074',16-Aug-17,INDO GIBL Indiaforensic STL10071,,16-Aug-17," 143,800.00 ",," 7,781,600.00 "
409000611074',16-Aug-17,INDO GIBL Indiaforensic STL11071,,16-Aug-17," 331,650.00 ",," 7,449,950.00 "
409000611074',16-Aug-17,INDO GIBL Indiaforensic STL12071,,16-Aug-17," 129,000.00 ",," 7,320,950.00 "
409000611074',16-Aug-17,INDO GIBL Indiaforensic STL13071,,16-Aug-17," 230,013.00 ",," 7,090,937.00 "
409000611074',16-Aug-17,INDO GIBL Indiaforensic STL14071,,16-Aug-17," 367,900.00 ",," 6,723,037.00 "
409000611074',16-Aug-17,INDO GIBL Indiaforensic STL15071,,16-Aug-17," 108,000.00 ",," 6,615,037.00 "
409000611074',16-Aug-17,INDO GIBL Indiaforensic STL16071,,16-Aug-17," 64,800.00 ",," 6,550,237.00 "
409000611074',16-Aug-17,INDO GIBL Indiaforensic STL17071,,16-Aug-17," 141,000.00 ",," 6,409,237.00 "
409000611074',16-Aug-17,INDO GIBL Indiaforensic STL18071,,16-Aug-17," 61,750.00 ",," 6,347,487.00 "
409000611074',16-Aug-17,INDO GIBL Indiaforensic STL19071,,16-Aug-17," 67,920.00 ",," 6,279,567.00 "
409000611074',16-Aug-17,INDO GIBL Indiaforensic STL20071,,16-Aug-17," 78,100.00 ",," 6,201,467.00 "
409000611074',16-Aug-17,INDO GIBL Indiaforensic STL21071,,16-Aug-17," 35,650.00 ",," 6,165,817.00 "
409000611074',16-Aug-17,INDO GIBL Indiaforensic STL22071,,16-Aug-17," 206,000.00 ",," 5,959,817.00 "
409000611074',16-Aug-17,INDO GIBL Indiaforensic STL24071,,16-Aug-17," 35,300.00 ",," 5,924,517.00 "
409000611074',16-Aug-17,INDO GIBL Indiaforensic STL25071,,16-Aug-17," 49,800.00 ",," 5,874,717.00 "
409000611074',16-Aug-17,INDO GIBL Indiaforensic STL26071,,16-Aug-17," 53,000.00 ",," 5,821,717.00 "
409000611074',16-Aug-17,INDO GIBL Indiaforensic STL27071,,16-Aug-17," 91,300.00 ",," 5,730,417.00 "
409000611074',16-Aug-17,INDO GIBL Indiaforensic STL28071,,16-Aug-17," 57,499.00 ",," 5,672,918.00 "
409000611074',16-Aug-17,INDO GIBL Indiaforensic STL30071,,16-Aug-17," 20,000.00 ",," 5,652,918.00 "
409000611074',16-Aug-17,INDO GIBL Indiaforensic STL31071,,16-Aug-17," 19,400.00 ",," 5,633,518.00 "
409000611074',6-Sep-17,INDO GIBL Indiaforensic STL01081,,6-Sep-17," 40,500.00 ",," 5,593,018.00 "
409000611074',6-Sep-17,INDO GIBL Indiaforensic STL02081,,6-Sep-17," 242,300.00 ",," 5,350,718.00 "
409000611074',6-Sep-17,INDO GIBL Indiaforensic STL03081,,6-Sep-17," 90,100.00 ",," 5,260,618.00 "
409000611074',6-Sep-17,INDO GIBL Indiaforensic STL04081,,6-Sep-17," 113,250.00 ",," 5,147,368.00 "
409000611074',6-Sep-17,INDO GIBL Indiaforensic STL05081,,6-Sep-17," 12,500.00 ",," 5,134,868.00 "
409000611074',6-Sep-17,INDO GIBL Indiaforensic STL06081,,6-Sep-17," 40,000.00 ",," 5,094,868.00 "
409000611074',6-Sep-17,INDO GIBL Indiaforensic STL07081,,6-Sep-17," 206,900.00 ",," 4,887,968.00 "
409000611074',6-Sep-17,INDO GIBL Indiaforensic STL08081,,6-Sep-17," 276,000.00 ",," 4,611,968.00 "
409000611074',6-Sep-17,INDO GIBL Indiaforensic STL09081,,6-Sep-17," 171,000.00 ",," 4,440,968.00 "
409000611074',6-Sep-17,INDO GIBL Indiaforensic STL10081,,6-Sep-17," 40,100.00 ",," 4,400,868.00 "
409000611074',6-Sep-17,INDO GIBL Indiaforensic STL11081,,6-Sep-17," 189,800.00 ",," 4,211,068.00 "
409000611074',6-Sep-17,INDO GIBL Indiaforensic STL12081,,6-Sep-17," 55,800.00 ",," 4,155,268.00 "
409000611074',6-Sep-17,INDO GIBL Indiaforensic STL13081,,6-Sep-17," 95,400.00 ",," 4,059,868.00 "
409000611074',6-Sep-17,INDO GIBL Indiaforensic STL14081,,6-Sep-17," 271,323.00 ",," 3,788,545.00 "
409000611074',6-Sep-17,INDO GIBL Indiaforensic STL16081,,6-Sep-17," 200,600.00 ",," 3,587,945.00 "
409000611074',6-Sep-17,INDO GIBL Indiaforensic STL17081,,6-Sep-17," 176,900.00 ",," 3,411,045.00 "
409000611074',6-Sep-17,INDO GIBL Indiaforensic STL18081,,6-Sep-17," 150,050.00 ",," 3,260,995.00 "
409000611074',6-Sep-17,INDO GIBL Indiaforensic STL19081,,6-Sep-17," 82,500.00 ",," 3,178,495.00 "
409000611074',6-Sep-17,INDO GIBL Indiaforensic STL20081,,6-Sep-17," 14,800.00 ",," 3,163,695.00 "
409000611074',6-Sep-17,INDO GIBL Indiaforensic STL21081,,6-Sep-17," 150,600.00 ",," 3,013,095.00 "
409000611074',6-Sep-17,INDO GIBL Indiaforensic STL22081,,6-Sep-17," 203,325.00 ",," 2,809,770.00 "
409000611074',6-Sep-17,INDO GIBL Indiaforensic STL23081,,6-Sep-17," 123,900.00 ",," 2,685,870.00 "
409000611074',6-Sep-17,INDO GIBL Indiaforensic STL24081,,6-Sep-17," 33,863.00 ",," 2,652,007.00 "
409000611074',6-Sep-17,INDO GIBL Indiaforensic STL25081,,6-Sep-17," 32,000.00 ",," 2,620,007.00 "
409000611074',6-Sep-17,INDO GIBL Indiaforensic STL26081,,6-Sep-17," 8,299.00 ",," 2,611,708.00 "
409000611074',6-Sep-17,INDO GIBL Indiaforensic STL28081,,6-Sep-17," 52,219.00 ",," 2,559,489.00 "
409000611074',6-Sep-17,INDO GIBL Indiaforensic STL29081,,6-Sep-17," 96,450.00 ",," 2,463,039.00 "
409000611074',6-Sep-17,INDO GIBL Indiaforensic STL30081,,6-Sep-17," 139,863.00 ",," 2,323,176.00 "
409000611074',6-Sep-17,INDO GIBL Indiaforensic STL31081,,6-Sep-17," 52,723.00 ",," 2,270,453.00 "
409000611074',25-Sep-17,INDO GIBL Indiaforensic STL01091,,25-Sep-17," 77,251.00 ",," 2,193,202.00 "
409000611074',25-Sep-17,INDO GIBL Indiaforensic STL02091,,25-Sep-17," 20,000.00 ",," 2,173,202.00 "
409000611074',25-Sep-17,INDO GIBL Indiaforensic STL03091,,25-Sep-17," 10,000.00 ",," 2,163,202.00 "
409000611074',25-Sep-17,INDO GIBL Indiaforensic STL04091,,25-Sep-17," 103,600.00 ",," 2,059,602.00 "
409000611074',25-Sep-17,INDO GIBL Indiaforensic STL05091,,25-Sep-17," 71,000.00 ",," 1,988,602.00 "
409000611074',25-Sep-17,INDO GIBL Indiaforensic STL06091,,25-Sep-17," 129,400.00 ",," 1,859,202.00 "
409000611074',25-Sep-17,INDO GIBL Indiaforensic STL07091,,25-Sep-17," 290,163.00 ",," 1,569,039.00 "
409000611074',25-Sep-17,INDO GIBL Indiaforensic STL08091,,25-Sep-17," 34,300.00 ",," 1,534,739.00 "
409000611074',25-Sep-17,INDO GIBL Indiaforensic STL09091,,25-Sep-17," 49,800.00 ",," 1,484,939.00 "
409000611074',25-Sep-17,INDO GIBL Indiaforensic STL10091,,25-Sep-17," 44,800.00 ",," 1,440,139.00 "
409000611074',25-Sep-17,INDO GIBL Indiaforensic STL11091,,25-Sep-17," 151,550.00 ",," 1,288,589.00 "
409000611074',25-Sep-17,INDO GIBL Indiaforensic STL12091,,25-Sep-17," 310,399.00 ",," 978,190.00 "
409000611074',25-Sep-17,INDO GIBL Indiaforensic STL13091,,25-Sep-17," 271,401.00 ",," 706,789.00 "
409000611074',25-Sep-17,INDO GIBL Indiaforensic STL14091,,25-Sep-17," 275,449.00 ",," 431,340.00 "
409000611074',25-Sep-17,INDO GIBL Indiaforensic STL15091,,25-Sep-17," 51,502.00 ",," 379,838.00 "
409000611074',25-Sep-17,INDO GIBL Indiaforensic STL16091,,25-Sep-17," 36,650.00 ",," 343,188.00 "
409000611074',25-Sep-17,INDO GIBL Indiaforensic STL17091,,25-Sep-17," 99,600.00 ",," 243,588.00 "
409000611074',25-Sep-17,FDRL/INTERNAL FUND TRANSFE,,25-Sep-17,," 500,000.00 "," 743,588.00 "
409000611074',25-Sep-17,FDRL/INTERNAL FUND TRANSFE,,25-Sep-17,," 500,000.00 "," 1,243,588.00 "
409000611074',25-Sep-17,FDRL/INTERNAL FUND TRANSFE,,25-Sep-17,," 500,000.00 "," 1,743,588.00 "
409000611074',25-Sep-17,FDRL/INTERNAL FUND TRANSFE,,25-Sep-17,," 500,000.00 "," 2,243,588.00 "
409000611074',25-Sep-17,FDRL/INTERNAL FUND TRANSFE,,25-Sep-17,," 500,000.00 "," 2,743,588.00 "
409000611074',26-Sep-17,INDO GIBL Indiaforensic STL18091,,26-Sep-17," 411,763.00 ",," 2,331,825.00 "
409000611074',26-Sep-17,INDO GIBL Indiaforensic STL19091,,26-Sep-17," 355,138.00 ",," 1,976,687.00 "
409000611074',26-Sep-17,INDO GIBL Indiaforensic STL20091,,26-Sep-17," 88,656.00 ",," 1,888,031.00 "
409000611074',26-Sep-17,INDO GIBL Indiaforensic STL21091,,26-Sep-17," 14,800.00 ",," 1,873,231.00 "
409000611074',26-Sep-17,INDO GIBL Indiaforensic STL22091,,26-Sep-17," 27,000.00 ",," 1,846,231.00 "
409000611074',26-Sep-17,INDO GIBL Indiaforensic STL23091,,26-Sep-17," 42,850.00 ",," 1,803,381.00 "
409000611074',26-Sep-17,INDO GIBL Indiaforensic STL24091,,26-Sep-17," 39,925.00 ",," 1,763,456.00 "
409000611074',26-Sep-17,INDO GIBL Indiaforensic STL25091,,26-Sep-17," 202,106.00 ",," 1,561,350.00 "
409000611074',27-Sep-17,INDO GIBL Indiaforensic STL26091,,27-Sep-17," 169,802.00 ",," 1,391,548.00 "
409000611074',28-Sep-17,INDO GIBL Indiaforensic STL27091,,28-Sep-17," 200,570.00 ",," 1,190,978.00 "
409000611074',3-Oct-17,INDO GIBL Indiaforensic STL28091,,3-Oct-17," 12,106.00 ",," 1,178,872.00 "
409000611074',3-Oct-17,INDO GIBL Indiaforensic STL29091,,3-Oct-17," 12,611.00 ",," 1,166,261.00 "
409000611074',3-Oct-17,INDO GIBL Indiaforensic STL30091,,3-Oct-17," 9,375.00 ",," 1,156,886.00 "
409000611074',4-Oct-17,INDO GIBL Indiaforensic STL03101,,4-Oct-17," 125,200.00 ",," 1,031,686.00 "
409000611074',5-Oct-17,INDO GIBL Indiaforensic STL04101,,5-Oct-17," 61,400.00 ",," 970,286.00 "
409000611074',6-Oct-17,INDO GIBL Indiaforensic STL05101,,6-Oct-17," 143,700.00 ",," 826,586.00 "
409000611074',16-Oct-17,FDRL/INTERNAL FUND TRANSFE,,16-Oct-17,," 500,000.00 "," 1,326,586.00 "
409000611074',16-Oct-17,FDRL/INTERNAL FUND TRANSFE,,16-Oct-17,," 500,000.00 "," 1,826,586.00 "
409000611074',16-Oct-17,FDRL/INTERNAL FUND TRANSFE,,16-Oct-17,," 500,000.00 "," 2,326,586.00 "
409000611074',17-Oct-17,INDO GIBL Indiaforensic STL06101,,17-Oct-17," 6,000.00 ",," 2,320,586.00 "
409000611074',17-Oct-17,INDO GIBL Indiaforensic STL07101,,17-Oct-17," 97,950.00 ",," 2,222,636.00 "
409000611074',17-Oct-17,INDO GIBL Indiaforensic STL08101,,17-Oct-17," 33,000.00 ",," 2,189,636.00 "
409000611074',17-Oct-17,INDO GIBL Indiaforensic STL09101,,17-Oct-17," 329,300.00 ",," 1,860,336.00 "
409000611074',17-Oct-17,INDO GIBL Indiaforensic STL10101,,17-Oct-17," 18,000.00 ",," 1,842,336.00 "
409000611074',17-Oct-17,INDO GIBL Indiaforensic STL11101,,17-Oct-17," 113,400.00 ",," 1,728,936.00 "
409000611074',17-Oct-17,INDO GIBL Indiaforensic STL12101,,17-Oct-17," 262,226.00 ",," 1,466,710.00 "
409000611074',17-Oct-17,INDO GIBL Indiaforensic STL13101,,17-Oct-17," 318,750.00 ",," 1,147,960.00 "
409000611074',17-Oct-17,INDO GIBL Indiaforensic STL14101,,17-Oct-17," 65,549.00 ",," 1,082,411.00 "
409000611074',18-Oct-17,INDO GIBL Indiaforensic STL17101,,18-Oct-17," 206,501.00 ",," 875,910.00 "
409000611074',21-Oct-17,FDRL/INTERNAL FUND TRANSFE,,21-Oct-17,," 500,000.00 "," 1,375,910.00 "
409000611074',21-Oct-17,INDO GIBL Indiaforensic STL18101,,21-Oct-17," 85,000.00 ",," 1,290,910.00 "
409000611074',21-Oct-17,INDO GIBL Indiaforensic STL19101,,21-Oct-17," 76,389.00 ",," 1,214,521.00 "
409000611074',21-Oct-17,INDO GIBL Indiaforensic STL20101,,21-Oct-17," 62,725.00 ",," 1,151,796.00 "
409000611074',23-Oct-17,INDO GIBL Indiaforensic STL21101,,23-Oct-17," 39,000.00 ",," 1,112,796.00 "
409000611074',23-Oct-17,INDO GIBL Indiaforensic STL22101,,23-Oct-17," 9,600.00 ",," 1,103,196.00 "
409000611074',24-Oct-17,INDO GIBL Indiaforensic STL23101,,24-Oct-17," 123,260.00 ",," 979,936.00 "
409000611074',25-Oct-17,INDO GIBL Indiaforensic STL24101,,25-Oct-17," 369,803.00 ",," 610,133.00 "
409000611074',26-Oct-17,INDO GIBL Indiaforensic STL25101,,26-Oct-17," 170,125.00 ",," 440,008.00 "
409000611074',26-Oct-17,FDRL/INTERNAL FUND TRANSFE,,26-Oct-17,," 500,000.00 "," 940,008.00 "
409000611074',27-Oct-17,INDO GIBL Indiaforensic STL26101,,27-Oct-17," 208,000.00 ",," 732,008.00 "
409000611074',30-Oct-17,FDRL/INTERNAL FUND TRANSFE,,30-Oct-17,," 500,000.00 "," 1,232,008.00 "
409000611074',30-Oct-17,INDO GIBL Indiaforensic STL27101,,30-Oct-17," 291,150.00 ",," 940,858.00 "
409000611074',30-Oct-17,INDO GIBL Indiaforensic STL28101,,30-Oct-17," 24,000.00 ",," 916,858.00 "
409000611074',31-Oct-17,INDO GIBL Indiaforensic STL30101,,31-Oct-17," 141,546.00 ",," 775,312.00 "
409000611074',1-Nov-17,INDO GIBL Indiaforensic STL31101,,1-Nov-17," 80,000.00 ",," 695,312.00 "
409000611074',2-Nov-17,INDO GIBL Indiaforensic STL01111,,2-Nov-17," 46,250.00 ",," 649,062.00 "
409000611074',3-Nov-17,INDO GIBL Indiaforensic STL02111,,3-Nov-17," 42,825.00 ",," 606,237.00 "
409000611074',6-Nov-17,INDO GIBL Indiaforensic STL03111,,6-Nov-17," 179,463.00 ",," 426,774.00 "
409000611074',6-Nov-17,INDO GIBL Indiaforensic STL04111,,6-Nov-17," 18,949.00 ",," 407,825.00 "
409000611074',6-Nov-17,INDO GIBL Indiaforensic STL05111,,6-Nov-17," 91,441.00 ",," 316,384.00 "
409000611074',7-Nov-17,INDO GIBL Indiaforensic STL06111,,7-Nov-17," 147,750.00 ",," 168,634.00 "
409000611074',8-Nov-17,FDRL/INTERNAL FUND TRANSFE,,8-Nov-17,," 500,000.00 "," 668,634.00 "
409000611074',8-Nov-17,FDRL/INTERNAL FUND TRANSFE,,8-Nov-17,," 500,000.00 "," 1,168,634.00 "
409000611074',8-Nov-17,INDO GIBL Indiaforensic STL07111,,8-Nov-17," 110,188.00 ",," 1,058,446.00 "
409000611074',9-Nov-17,INDO GIBL Indiaforensic STL08111,,9-Nov-17," 61,870.00 ",," 996,576.00 "
409000611074',10-Nov-17,INDO GIBL Indiaforensic STL09111,,10-Nov-17," 84,101.00 ",," 912,475.00 "
409000611074',14-Nov-17,INDO GIBL Indiaforensic STL10111,,14-Nov-17," 129,700.00 ",," 782,775.00 "
409000611074',14-Nov-17,INDO GIBL Indiaforensic STL11111,,14-Nov-17," 7,499.00 ",," 775,276.00 "
409000611074',14-Nov-17,INDO GIBL Indiaforensic STL12111,,14-Nov-17," 80,100.00 ",," 695,176.00 "
409000611074',14-Nov-17,INDO GIBL Indiaforensic STL13111,,14-Nov-17," 143,850.00 ",," 551,326.00 "
409000611074',15-Nov-17,INDO GIBL Indiaforensic STL14111,,15-Nov-17," 289,500.00 ",," 261,826.00 "
409000611074',17-Nov-17,FDRL/INTERNAL FUND TRANSFE,,17-Nov-17,," 500,000.00 "," 761,826.00 "
409000611074',17-Nov-17,FDRL/INTERNAL FUND TRANSFE,,17-Nov-17,," 500,000.00 "," 1,261,826.00 "
409000611074',17-Nov-17,INDO GIBL Indiaforensic STL16111,,17-Nov-17," 94,900.00 ",," 1,166,926.00 "
409000611074',17-Nov-17,INDO GIBL Indiaforensic STL15111,,17-Nov-17," 224,851.00 ",," 942,075.00 "
409000611074',18-Nov-17,INDO GIBL Indiaforensic STL17111,,18-Nov-17," 284,953.00 ",," 657,122.00 "
409000611074',20-Nov-17,INDO GIBL Indiaforensic STL18111,,20-Nov-17," 115,150.00 ",," 541,972.00 "
409000611074',20-Nov-17,INDO GIBL Indiaforensic STL19111,,20-Nov-17," 40,000.00 ",," 501,972.00 "
409000611074',21-Nov-17,FDRL/INTERNAL FUND TRANSFE,,21-Nov-17,," 500,000.00 "," 1,001,972.00 "
409000611074',21-Nov-17,INDO GIBL Indiaforensic STL20111,,21-Nov-17," 145,900.00 ",," 856,072.00 "
409000611074',22-Nov-17,INDO GIBL Indiaforensic STL21111,,22-Nov-17," 83,251.00 ",," 772,821.00 "
409000611074',23-Nov-17,INDO GIBL Indiaforensic STL22111,,23-Nov-17," 192,200.00 ",," 580,621.00 "
409000611074',24-Nov-17,INDO GIBL Indiaforensic STL23111,,24-Nov-17," 74,799.00 ",," 505,822.00 "
409000611074',27-Nov-17,FDRL/INTERNAL FUND TRANSFE,,27-Nov-17,," 500,000.00 "," 1,005,822.00 "
409000611074',27-Nov-17,INDO GIBL Indiaforensic STL24117,,27-Nov-17," 19,400.00 ",," 986,422.00 "
409000611074',27-Nov-17,INDO GIBL Indiaforensic STL25117,,27-Nov-17," 39,700.00 ",," 946,722.00 "
409000611074',27-Nov-17,INDO GIBL Indiaforensic STL26117,,27-Nov-17," 42,800.00 ",," 903,922.00 "
409000611074',28-Nov-17,INDO GIBL Indiaforensic STL27111,,28-Nov-17," 100,402.00 ",," 803,520.00 "
409000611074',29-Nov-17,INDO GIBL Indiaforensic STL28111,,29-Nov-17," 101,500.00 ",," 702,020.00 "
409000611074',30-Nov-17,INDO GIBL Indiaforensic STL29111,,30-Nov-17," 36,961.00 ",," 665,059.00 "
409000611074',2-Dec-17,INDO GIBL Indiaforensic STL30111,,2-Dec-17," 67,850.00 ",," 597,209.00 "
409000611074',2-Dec-17,INDO GIBL Indiaforensic STL01121,,2-Dec-17," 19,800.00 ",," 577,409.00 "
409000611074',4-Dec-17,INDO GIBL Indiaforensic STL02121,,4-Dec-17," 10,000.00 ",," 567,409.00 "
409000611074',4-Dec-17,INDO GIBL Indiaforensic STL03121,,4-Dec-17," 24,500.00 ",," 542,909.00 "
409000611074',5-Dec-17,INDO GIBL Indiaforensic STL04121,,5-Dec-17," 41,700.00 ",," 501,209.00 "
409000611074',6-Dec-17,FDRL/INTERNAL FUND TRANSFE,,6-Dec-17,," 500,000.00 "," 1,001,209.00 "
409000611074',6-Dec-17,INDO GIBL Indiaforensic STL05121,,6-Dec-17," 218,050.00 ",," 783,159.00 "
409000611074',7-Dec-17,INDO GIBL Indiaforensic STL06121,,7-Dec-17," 186,400.00 ",," 596,759.00 "
409000611074',8-Dec-17,INDO GIBL Indiaforensic STL07121,,8-Dec-17," 171,330.00 ",," 425,429.00 "
409000611074',11-Dec-17,INDO GIBL Indiaforensic STL08121,,11-Dec-17," 34,400.00 ",," 391,029.00 "
409000611074',11-Dec-17,INDO GIBL Indiaforensic STL09121,,11-Dec-17," 51,199.00 ",," 339,830.00 "
409000611074',11-Dec-17,INDO GIBL Indiaforensic STL10121,,11-Dec-17," 159,150.00 ",," 180,680.00 "
409000611074',12-Dec-17,FDRL/INTERNAL FUND TRANSFE,,12-Dec-17,," 500,000.00 "," 680,680.00 "
409000611074',12-Dec-17,FDRL/INTERNAL FUND TRANSFE,,12-Dec-17,," 500,000.00 "," 1,180,680.00 "
409000611074',13-Dec-17,INDO GIBL Indiaforensic STL11121,,13-Dec-17," 206,075.00 ",," 974,605.00 "
409000611074',13-Dec-17,INDO GIBL Indiaforensic STL12121,,13-Dec-17," 142,000.00 ",," 832,605.00 "
409000611074',14-Dec-17,INDO GIBL Indiaforensic STL13121,,14-Dec-17," 350,350.00 ",," 482,255.00 "
409000611074',15-Dec-17,INDO GIBL Indiaforensic STL14121,,15-Dec-17," 343,900.00 ",," 138,355.00 "
409000611074',18-Dec-17,FDRL/INTERNAL FUND TRANSFE,,18-Dec-17,," 500,000.00 "," 638,355.00 "
409000611074',18-Dec-17,FDRL/INTERNAL FUND TRANSFE,,18-Dec-17,," 500,000.00 "," 1,138,355.00 "
409000611074',18-Dec-17,INDO GIBL Indiaforensic STL15121,,18-Dec-17," 210,500.00 ",," 927,855.00 "
409000611074',18-Dec-17,INDO GIBL Indiaforensic STL17121,,18-Dec-17," 139,500.00 ",," 788,355.00 "
409000611074',18-Dec-17,INDO GIBL Indiaforensic STL16121,,18-Dec-17," 92,550.00 ",," 695,805.00 "
409000611074',19-Dec-17,FDRL/INTERNAL FUND TRANSFE,,19-Dec-17,," 500,000.00 "," 1,195,805.00 "
409000611074',19-Dec-17,FDRL/INTERNAL FUND TRANSFE,,19-Dec-17,," 500,000.00 "," 1,695,805.00 "
409000611074',19-Dec-17,INDO GIBL Indiaforensic STL18121,,19-Dec-17," 654,498.00 ",," 1,041,307.00 "
409000611074',20-Dec-17,INDO GIBL Indiaforensic STL19121,,20-Dec-17," 504,450.00 ",," 536,857.00 "
409000611074',20-Dec-17,FDRL/INTERNAL FUND TRANSFE,,20-Dec-17,," 500,000.00 "," 1,036,857.00 "
409000611074',21-Dec-17,INDO GIBL Indiaforensic STL20121,,21-Dec-17," 561,225.00 ",," 475,632.00 "
409000611074',21-Dec-17,FDRL/INTERNAL FUND TRANSFE,,21-Dec-17,," 500,000.00 "," 975,632.00 "
409000611074',21-Dec-17,FDRL/INTERNAL FUND TRANSFE,,21-Dec-17,," 500,000.00 "," 1,475,632.00 "
409000611074',22-Dec-17,INDO GIBL Indiaforensic STL21121,,22-Dec-17," 146,050.00 ",," 1,329,582.00 "
409000611074',26-Dec-17,INDO GIBL Indiaforensic STL22121,,26-Dec-17," 100,300.00 ",," 1,229,282.00 "
409000611074',26-Dec-17,INDO GIBL Indiaforensic STL23121,,26-Dec-17," 62,425.00 ",," 1,166,857.00 "
409000611074',26-Dec-17,INDO GIBL Indiaforensic STL24121,,26-Dec-17," 365,300.00 ",," 801,557.00 "
409000611074',26-Dec-17,INDO GIBL Indiaforensic STL25121,,26-Dec-17," 23,550.00 ",," 778,007.00 "
409000611074',27-Dec-17,FDRL/INTERNAL FUND TRANSFE,,27-Dec-17,," 500,000.00 "," 1,278,007.00 "
409000611074',27-Dec-17,INDO GIBL Indiaforensic STL26121,,27-Dec-17," 259,525.00 ",," 1,018,482.00 "
409000611074',28-Dec-17,INDO GIBL Indiaforensic STL27121,,28-Dec-17," 383,110.00 ",," 635,372.00 "
409000611074',29-Dec-17,INDO GIBL Indiaforensic STL28121,,29-Dec-17," 138,150.00 ",," 497,222.00 "
409000611074',29-Dec-17,FDRL/INTERNAL FUND TRANSFE,,29-Dec-17,," 500,000.00 "," 997,222.00 "
409000611074',30-Dec-17,INDO GIBL Indiaforensic STL29121,,30-Dec-17," 285,399.00 ",," 711,823.00 "
409000611074',1-Jan-18,INDO GIBL Indiaforensic STL31121,,1-Jan-18," 14,000.00 ",," 697,823.00 "
409000611074',1-Jan-18,INDO GIBL Indiaforensic STL30121,,1-Jan-18," 54,250.00 ",," 643,573.00 "
409000611074',2-Jan-18,INDO GIBL Indiaforensic STL01011,,2-Jan-18," 147,500.00 ",," 496,073.00 "
409000611074',3-Jan-18,FDRL/INTERNAL FUND TRANSFE,,3-Jan-18,," 500,000.00 "," 996,073.00 "
409000611074',3-Jan-18,INDO GIBL Indiaforensic STL02011,,3-Jan-18," 323,500.00 ",," 672,573.00 "
409000611074',4-Jan-18,INDO GIBL Indiaforensic STL03011,,4-Jan-18," 180,300.00 ",," 492,273.00 "
409000611074',5-Jan-18,FDRL/INTERNAL FUND TRANSFE,,5-Jan-18,," 500,000.00 "," 992,273.00 "
409000611074',5-Jan-18,FDRL/INTERNAL FUND TRANSFE,,5-Jan-18,," 500,000.00 "," 1,492,273.00 "
409000611074',5-Jan-18,INDO GIBL Indiaforensic STL04011,,5-Jan-18," 222,800.00 ",," 1,269,473.00 "
409000611074',6-Jan-18,INDO GIBL Indiaforensic STL05011,,6-Jan-18," 145,450.00 ",," 1,124,023.00 "
409000611074',9-Jan-18,INDO GIBL Indiaforensic STL06011,,9-Jan-18," 182,000.00 ",," 942,023.00 "
409000611074',9-Jan-18,INDO GIBL Indiaforensic STL07011,,9-Jan-18," 205,075.00 ",," 736,948.00 "
409000611074',9-Jan-18,INDO GIBL Indiaforensic STL08011,,9-Jan-18," 170,500.00 ",," 566,448.00 "
409000611074',9-Jan-18,FDRL/INTERNAL FUND TRANSFE,,9-Jan-18,," 500,000.00 "," 1,066,448.00 "
409000611074',10-Jan-18,INDO GIBL Indiaforensic STL09011,,10-Jan-18," 495,252.00 ",," 571,196.00 "
409000611074',11-Jan-18,INDO GIBL Indiaforensic STL10011,,11-Jan-18," 256,600.00 ",," 314,596.00 "
409000611074',12-Jan-18,FDRL/INTERNAL FUND TRANSFE,,12-Jan-18,," 500,000.00 "," 814,596.00 "
409000611074',12-Jan-18,FDRL/INTERNAL FUND TRANSFE,,12-Jan-18,," 500,000.00 "," 1,314,596.00 "
409000611074',12-Jan-18,FDRL/INTERNAL FUND TRANSFE,,12-Jan-18,," 500,000.00 "," 1,814,596.00 "
409000611074',12-Jan-18,FDRL/INTERNAL FUND TRANSFE,,12-Jan-18,," 500,000.00 "," 2,314,596.00 "
409000611074',15-Jan-18,INDO GIBL Indiaforensic STL14011,,15-Jan-18," 5,000.00 ",," 2,309,596.00 "
409000611074',15-Jan-18,INDO GIBL Indiaforensic STL11011,,15-Jan-18," 348,200.00 ",," 1,961,396.00 "
409000611074',15-Jan-18,INDO GIBL Indiaforensic STL13011,,15-Jan-18," 112,900.00 ",," 1,848,496.00 "
409000611074',15-Jan-18,INDO GIBL Indiaforensic STL12011,,15-Jan-18," 392,251.00 ",," 1,456,245.00 "
409000611074',16-Jan-18,INDO GIBL Indiaforensic STL15011,,16-Jan-18," 412,300.00 ",," 1,043,945.00 "
409000611074',17-Jan-18,INDO GIBL Indiaforensic STL16011,,17-Jan-18," 518,375.00 ",," 525,570.00 "
409000611074',20-Jan-18,INDO GIBL Indiaforensic STL19011,,20-Jan-18," 296,450.00 ",," 229,120.00 "
409000611074',22-Jan-18,FDRL/INTERNAL FUND TRANSFE,,22-Jan-18,," 500,000.00 "," 729,120.00 "
409000611074',22-Jan-18,FDRL/INTERNAL FUND TRANSFE,,22-Jan-18,," 500,000.00 "," 1,229,120.00 "
409000611074',23-Jan-18,INDO GIBL Indiaforensic STL22011,,23-Jan-18," 274,600.00 ",," 954,520.00 "
409000611074',23-Jan-18,INDO GIBL Indiaforensic STL20011,,23-Jan-18," 159,725.00 ",," 794,795.00 "
409000611074',23-Jan-18,INDO GIBL Indiaforensic STL21011,,23-Jan-18," 69,000.00 ",," 725,795.00 "
409000611074',23-Jan-18,INDO GIBL Indiaforensic STL18011,,23-Jan-18," 244,350.00 ",," 481,445.00 "
409000611074',24-Jan-18,INDO GIBL Indiaforensic STL23011,,24-Jan-18," 224,800.00 ",," 256,645.00 "
409000611074',29-Jan-18,FDRL/INTERNAL FUND TRANSFE,,29-Jan-18,," 500,000.00 "," 756,645.00 "
409000611074',29-Jan-18,FDRL/INTERNAL FUND TRANSFE,,29-Jan-18,," 500,000.00 "," 1,256,645.00 "
409000611074',29-Jan-18,FDRL/INTERNAL FUND TRANSFE,,29-Jan-18,," 500,000.00 "," 1,756,645.00 "
409000611074',29-Jan-18,INDO GIBL Indiaforensic STL25011,,29-Jan-18," 135,050.00 ",," 1,621,595.00 "
409000611074',29-Jan-18,INDO GIBL Indiaforensic STL26011,,29-Jan-18," 31,300.00 ",," 1,590,295.00 "
409000611074',29-Jan-18,INDO GIBL Indiaforensic STL27011,,29-Jan-18," 20,500.00 ",," 1,569,795.00 "
409000611074',29-Jan-18,INDO GIBL Indiaforensic STL28011,,29-Jan-18," 5,500.00 ",," 1,564,295.00 "
409000611074',29-Jan-18,INDO GIBL Indiaforensic STL24011,,29-Jan-18," 204,900.00 ",," 1,359,395.00 "
409000611074',29-Jan-18,INDO GIBL Indiaforensic STL17011,,29-Jan-18," 563,250.00 ",," 796,145.00 "
409000611074',30-Jan-18,INDO GIBL Indiaforensic STL29011,,30-Jan-18," 207,100.00 ",," 589,045.00 "
409000611074',31-Jan-18,INDO GIBL Indiaforensic STL30011,,31-Jan-18," 138,250.00 ",," 450,795.00 "
409000611074',1-Feb-18,INDO GIBL Indiaforensic STL31011,,1-Feb-18," 196,150.00 ",," 254,645.00 "
409000611074',2-Feb-18,FDRL/INTERNAL FUND TRANSFE,,2-Feb-18,," 500,000.00 "," 754,645.00 "
409000611074',2-Feb-18,FDRL/INTERNAL FUND TRANSFE,,2-Feb-18,," 500,000.00 "," 1,254,645.00 "
409000611074',2-Feb-18,FDRL/INTERNAL FUND TRANSFE,,2-Feb-18,," 500,000.00 "," 1,754,645.00 "
409000611074',3-Feb-18,INDO GIBL Indiaforensic STL02021,,3-Feb-18," 119,675.00 ",," 1,634,970.00 "
409000611074',3-Feb-18,INDO GIBL Indiaforensic STL01021,,3-Feb-18," 137,775.00 ",," 1,497,195.00 "
409000611074',7-Feb-18,INDO GIBL Indiaforensic STL03021,,7-Feb-18," 61,500.00 ",," 1,435,695.00 "
409000611074',7-Feb-18,INDO GIBL Indiaforensic STL05021,,7-Feb-18," 138,350.00 ",," 1,297,345.00 "
409000611074',7-Feb-18,INDO GIBL Indiaforensic STL06021,,7-Feb-18," 239,400.00 ",," 1,057,945.00 "
409000611074',8-Feb-18,FDRL/INTERNAL FUND TRANSFE,,8-Feb-18,," 500,000.00 "," 1,557,945.00 "
409000611074',8-Feb-18,FDRL/INTERNAL FUND TRANSFE,,8-Feb-18,," 500,000.00 "," 2,057,945.00 "
409000611074',9-Feb-18,INDO GIBL Indiaforensic STL07021,,9-Feb-18," 271,124.00 ",," 1,786,821.00 "
409000611074',9-Feb-18,INDO GIBL Indiaforensic STL08021,,9-Feb-18," 300,799.00 ",," 1,486,022.00 "
409000611074',16-Feb-18,INDO GIBL Indiaforensic STL09021,,16-Feb-18," 334,900.00 ",," 1,151,122.00 "
409000611074',16-Feb-18,INDO GIBL Indiaforensic STL10021,,16-Feb-18," 68,250.00 ",," 1,082,872.00 "
409000611074',16-Feb-18,INDO GIBL Indiaforensic STL13021,,16-Feb-18," 307,125.00 ",," 775,747.00 "
409000611074',16-Feb-18,INDO GIBL Indiaforensic STL14021,,16-Feb-18," 475,300.00 ",," 300,447.00 "
409000611074',16-Feb-18,FDRL/INTERNAL FUND TRANSFE,,16-Feb-18,," 500,000.00 "," 800,447.00 "
409000611074',16-Feb-18,FDRL/INTERNAL FUND TRANSFE,,16-Feb-18,," 500,000.00 "," 1,300,447.00 "
409000611074',16-Feb-18,FDRL/INTERNAL FUND TRANSFE,,16-Feb-18,," 500,000.00 "," 1,800,447.00 "
409000611074',17-Feb-18,INDO GIBL Indiaforensic STL12021,,17-Feb-18," 594,328.00 ",," 1,206,119.00 "
409000611074',17-Feb-18,INDO GIBL Indiaforensic STL15021,,17-Feb-18," 387,100.00 ",," 819,019.00 "
409000611074',19-Feb-18,FDRL/INTERNAL FUND TRANSFE,,19-Feb-18,," 500,000.00 "," 1,319,019.00 "
409000611074',21-Feb-18,INDO GIBL Indiaforensic STL16021,,21-Feb-18," 710,800.00 ",," 608,219.00 "
409000611074',21-Feb-18,INDO GIBL Indiaforensic STL17021,,21-Feb-18," 385,400.00 ",," 222,819.00 "
409000611074',22-Feb-18,FDRL/INTERNAL FUND TRANSFE,,22-Feb-18,," 500,000.00 "," 722,819.00 "
409000611074',22-Feb-18,FDRL/INTERNAL FUND TRANSFE,,22-Feb-18,," 500,000.00 "," 1,222,819.00 "
409000611074',22-Feb-18,INDO GIBL Indiaforensic STL18021,,22-Feb-18," 79,350.00 ",," 1,143,469.00 "
409000611074',22-Feb-18,INDO GIBL Indiaforensic STL19021,,22-Feb-18," 385,200.00 ",," 758,269.00 "
409000611074',22-Feb-18,INDO GIBL Indiaforensic STL20021,,22-Feb-18," 299,950.00 ",," 458,319.00 "
409000611074',22-Feb-18,FDRL/INTERNAL FUND TRANSFE,,22-Feb-18,," 500,000.00 "," 958,319.00 "
409000611074',23-Feb-18,FDRL/INTERNAL FUND TRANSFE,,23-Feb-18,," 500,000.00 "," 1,458,319.00 "
409000611074',26-Feb-18,INDO GIBL Indiaforensic STL21021,,26-Feb-18," 273,500.00 ",," 1,184,819.00 "
409000611074',26-Feb-18,INDO GIBL Indiaforensic STL22021,,26-Feb-18," 237,500.00 ",," 947,319.00 "
409000611074',26-Feb-18,INDO GIBL Indiaforensic STL23021,,26-Feb-18," 277,753.00 ",," 669,566.00 "
409000611074',26-Feb-18,INDO GIBL Indiaforensic STL24021,,26-Feb-18," 70,300.00 ",," 599,266.00 "
409000611074',26-Feb-18,INDO GIBL Indiaforensic STL25021,,26-Feb-18," 62,400.00 ",," 536,866.00 "
409000611074',26-Feb-18,FDRL/INTERNAL FUND TRANSFE,,26-Feb-18,," 500,000.00 "," 1,036,866.00 "
409000611074',26-Feb-18,FDRL/INTERNAL FUND TRANSFE,,26-Feb-18,," 500,000.00 "," 1,536,866.00 "
409000611074',27-Feb-18,INDO GIBL Indiaforensic STL26021,,27-Feb-18," 103,300.00 ",," 1,433,566.00 "
409000611074',28-Feb-18,INDO GIBL Indiaforensic STL27021,,28-Feb-18," 182,450.00 ",," 1,251,116.00 "
409000611074',1-Mar-18,FDRL/INTERNAL FUND TRANSFE,,1-Mar-18,," 500,000.00 "," 1,751,116.00 "
409000611074',1-Mar-18,FDRL/INTERNAL FUND TRANSFE,,1-Mar-18,," 500,000.00 "," 2,251,116.00 "
409000611074',5-Mar-18,INDO GIBL Indiaforensic STL03031,,5-Mar-18," 155,500.00 ",," 2,095,616.00 "
409000611074',7-Mar-18,INDO GIBL Indiaforensic STL28021,,7-Mar-18," 244,350.00 ",," 1,851,266.00 "
409000611074',7-Mar-18,INDO GIBL Indiaforensic STL01031,,7-Mar-18," 202,799.00 ",," 1,648,467.00 "
409000611074',7-Mar-18,INDO GIBL Indiaforensic STL03031,,7-Mar-18," 155,500.00 ",," 1,492,967.00 "
409000611074',7-Mar-18,INDO GIBL Indiaforensic STL05031,,7-Mar-18," 153,300.00 ",," 1,339,667.00 "
409000611074',7-Mar-18,INDO GIBL Indiaforensic STL06031,,7-Mar-18," 350,150.00 ",," 989,517.00 "
409000611074',8-Mar-18,INDO GIBL Indiaforensic STL07031,,8-Mar-18," 371,900.00 ",," 617,617.00 "
409000611074',9-Mar-18,INDO GIBL Indiaforensic STL08031,,9-Mar-18," 345,930.00 ",," 271,687.00 "
409000611074',9-Mar-18,FDRL/INTERNAL FUND TRANSFE,,9-Mar-18,," 500,000.00 "," 771,687.00 "
409000611074',9-Mar-18,FDRL/INTERNAL FUND TRANSFE,,9-Mar-18,," 500,000.00 "," 1,271,687.00 "
409000611074',12-Mar-18,INDO GIBL Indiaforensic STL09031,,12-Mar-18," 390,850.00 ",," 880,837.00 "
409000611074',12-Mar-18,INDO GIBL Indiaforensic STL1003,,12-Mar-18," 85,800.00 ",," 795,037.00 "
409000611074',12-Mar-18,INDO GIBL Indiaforensic STL11031,,12-Mar-18," 45,000.00 ",," 750,037.00 "
409000611074',12-Mar-18,FDRL/INTERNAL FUND TRANSFE,,12-Mar-18,," 500,000.00 "," 1,250,037.00 "
409000611074',12-Mar-18,FDRL/INTERNAL FUND TRANSFE,,12-Mar-18,," 500,000.00 "," 1,750,037.00 "
409000611074',13-Mar-18,INDO GIBL Indiaforensic STL12031,,13-Mar-18," 577,493.00 ",," 1,172,544.00 "
409000611074',14-Mar-18,INDO GIBL Indiaforensic STL13031,,14-Mar-18," 556,224.00 ",," 616,320.00 "
409000611074',14-Mar-18,FDRL/INTERNAL FUND TRANSFE,,14-Mar-18,," 500,000.00 "," 1,116,320.00 "
409000611074',14-Mar-18,FDRL/INTERNAL FUND TRANSFE,,14-Mar-18,," 500,000.00 "," 1,616,320.00 "
409000611074',15-Mar-18,INDO GIBL Indiaforensic STL14031,,15-Mar-18," 425,700.00 ",," 1,190,620.00 "
409000611074',16-Mar-18,INDO GIBL Indiaforensic STL15031,,16-Mar-18," 213,463.00 ",," 977,157.00 "
409000611074',16-Mar-18,FDRL/INTERNAL FUND TRANSFE,,16-Mar-18,," 500,000.00 "," 1,477,157.00 "
409000611074',17-Mar-18,INDO GIBL Indiaforensic STL16031,,17-Mar-18," 199,983.00 ",," 1,277,174.00 "
409000611074',19-Mar-18,INDO GIBL Indiaforensic STL17031,,19-Mar-18," 230,510.00 ",," 1,046,664.00 "
409000611074',19-Mar-18,INDO GIBL Indiaforensic STL18031,,19-Mar-18," 10,000.00 ",," 1,036,664.00 "
409000611074',20-Mar-18,INDO GIBL Indiaforensic STL19031,,20-Mar-18," 335,250.00 ",," 701,414.00 "
409000611074',20-Mar-18,FDRL/INTERNAL FUND TRANSFE,,20-Mar-18,," 500,000.00 "," 1,201,414.00 "
409000611074',20-Mar-18,Indfor INCM INDO REVREMI0303,,20-Mar-18,," 1,320.00 "," 1,202,734.00 "
409000611074',20-Mar-18,INDO GIBLOXGN REVSTL03031,,20-Mar-18,," 155,500.00 "," 1,358,234.00 "
409000611074',20-Mar-18,Indfor INCM INDO REVREMI0103,,20-Mar-18,," 202,799.00 "," 1,561,033.00 "
409000611074',20-Mar-18,INDO GIBL Indiaforensic STL01031,,20-Mar-18," 200,799.00 ",," 1,360,234.00 "
409000611074',22-Mar-18,INDO GIBL Indiaforensic STL20031,,22-Mar-18," 434,450.00 ",," 925,784.00 "
409000611074',22-Mar-18,INDO GIBL Indiaforensic STL21031,,22-Mar-18," 292,175.00 ",," 633,609.00 "
409000611074',22-Mar-18,FDRL/INTERNAL FUND TRANSFE,,22-Mar-18,," 500,000.00 "," 1,133,609.00 "
409000611074',22-Mar-18,FDRL/INTERNAL FUND TRANSFE,,22-Mar-18,," 500,000.00 "," 1,633,609.00 "
409000611074',23-Mar-18,INDO GIBL Indiaforensic STL22031,,23-Mar-18," 301,200.00 ",," 1,332,409.00 "
409000611074',23-Mar-18,FDRL/INTERNAL FUND TRANSFE,,23-Mar-18,," 500,000.00 "," 1,832,409.00 "
409000611074',26-Mar-18,INDO GIBL Indiaforensic STL23031,,26-Mar-18," 218,975.00 ",," 1,613,434.00 "
409000611074',26-Mar-18,INDO GIBL Indiaforensic STL24031,,26-Mar-18," 44,800.00 ",," 1,568,634.00 "
409000611074',26-Mar-18,INDO GIBL Indiaforensic STL25031,,26-Mar-18," 12,000.00 ",," 1,556,634.00 "
409000611074',27-Mar-18,INDO GIBL Indiaforensic STL26031,,27-Mar-18," 259,150.00 ",," 1,297,484.00 "
409000611074',28-Mar-18,INDO GIBL Indiaforensic STL27031,,28-Mar-18," 139,650.00 ",," 1,157,834.00 "
409000611074',31-Mar-18,INDO GIBL Indiaforensic STL28031,,31-Mar-18," 164,600.00 ",," 993,234.00 "
409000611074',31-Mar-18,INDO GIBL Indiaforensic STL29031,,31-Mar-18," 81,675.00 ",," 911,559.00 "
409000611074',31-Mar-18,INDO GIBL Indiaforensic STL30031,,31-Mar-18," 85,750.00 ",," 825,809.00 "
409000611074',31-Mar-18,FDRL/INTERNAL FUND TRANSFE,,31-Mar-18,," 500,000.00 "," 1,325,809.00 "
409000611074',5-Apr-18,FDRL/INTERNAL FUND TRANSFE,,5-Apr-18,," 500,000.00 "," 1,825,809.00 "
409000611074',5-Apr-18,FDRL/INTERNAL FUND TRANSFE,,5-Apr-18,," 500,000.00 "," 2,325,809.00 "
409000611074',6-Apr-18,INDO GIBL Indiaforensic STL31031,,6-Apr-18," 150,950.00 ",," 2,174,859.00 "
409000611074',6-Apr-18,INDO GIBL Indiaforensic STL01041,,6-Apr-18," 20,000.00 ",," 2,154,859.00 "
409000611074',6-Apr-18,INDO GIBL Indiaforensic STL02041,,6-Apr-18," 26,400.00 ",," 2,128,459.00 "
409000611074',6-Apr-18,INDO GIBL Indiaforensic STL03041,,6-Apr-18," 109,650.00 ",," 2,018,809.00 "
409000611074',6-Apr-18,INDO GIBL Indiaforensic STL04041,,6-Apr-18," 318,100.00 ",," 1,700,709.00 "
409000611074',6-Apr-18,INDO GIBL Indiaforensic STL05041,,6-Apr-18," 309,200.00 ",," 1,391,509.00 "
409000611074',7-Apr-18,INDO GIBL Indiaforensic STL06041,,7-Apr-18," 303,600.00 ",," 1,087,909.00 "
409000611074',9-Apr-18,INDO GIBL Indiaforensic STL07041,,9-Apr-18," 48,800.00 ",," 1,039,109.00 "
409000611074',9-Apr-18,FDRL/INTERNAL FUND TRANSFE,,9-Apr-18,," 500,000.00 "," 1,539,109.00 "
409000611074',10-Apr-18,INDO GIBL Indiaforensic STL09041,,10-Apr-18," 305,950.00 ",," 1,233,159.00 "
409000611074',11-Apr-18,FDRL/INTERNAL FUND TRANSFE,,11-Apr-18,," 500,000.00 "," 1,733,159.00 "
409000611074',11-Apr-18,INDO GIBL Indiaforensic STL10041,,11-Apr-18," 162,600.00 ",," 1,570,559.00 "
409000611074',12-Apr-18,INDO GIBL Indiaforensic STL11041,,12-Apr-18," 639,700.00 ",," 930,859.00 "
409000611074',12-Apr-18,FDRL/INTERNAL FUND TRANSFE,,12-Apr-18,," 500,000.00 "," 1,430,859.00 "
409000611074',13-Apr-18,INDO GIBL Indiaforensic STL12041,,13-Apr-18," 363,900.00 ",," 1,066,959.00 "
409000611074',13-Apr-18,FDRL/INTERNAL FUND TRANSFE,,13-Apr-18,," 500,000.00 "," 1,566,959.00 "
409000611074',13-Apr-18,FDRL/INTERNAL FUND TRANSFE,,13-Apr-18,," 500,000.00 "," 2,066,959.00 "
409000611074',16-Apr-18,INDO GIBL Indiaforensic STL13041,,16-Apr-18," 347,950.00 ",," 1,719,009.00 "
409000611074',16-Apr-18,INDO GIBL Indiaforensic STL14041,,16-Apr-18," 76,900.00 ",," 1,642,109.00 "
409000611074',16-Apr-18,INDO GIBL Indiaforensic STL15041,,16-Apr-18," 48,000.00 ",," 1,594,109.00 "
409000611074',17-Apr-18,INDO GIBL Indiaforensic STL16041,,17-Apr-18," 555,650.00 ",," 1,038,459.00 "
409000611074',18-Apr-18,FDRL/INTERNAL FUND TRANSFE,,18-Apr-18,," 500,000.00 "," 1,538,459.00 "
409000611074',18-Apr-18,INDO GIBL Indiaforensic STL17041,,18-Apr-18," 574,150.00 ",," 964,309.00 "
409000611074',19-Apr-18,INDO GIBL Indiaforensic STL18041,,19-Apr-18," 388,550.00 ",," 575,759.00 "
409000611074',19-Apr-18,FDRL/INTERNAL FUND TRANSFE,,19-Apr-18,," 500,000.00 "," 1,075,759.00 "
409000611074',20-Apr-18,INDO GIBL Indiaforensic STL19041,,20-Apr-18," 276,300.00 ",," 799,459.00 "
409000611074',21-Apr-18,INDO GIBL Indiaforensic STL20041,,21-Apr-18," 167,591.00 ",," 631,868.00 "
409000611074',21-Apr-18,FDRL/INTERNAL FUND TRANSFE,,21-Apr-18,," 500,000.00 "," 1,131,868.00 "
409000611074',21-Apr-18,FDRL/INTERNAL FUND TRANSFE,,21-Apr-18,," 500,000.00 "," 1,631,868.00 "
409000611074',25-Apr-18,INDO GIBL Indiaforensic STL21041,,25-Apr-18," 242,700.00 ",," 1,389,168.00 "
409000611074',25-Apr-18,INDO GIBL Indiaforensic STL22041,,25-Apr-18," 92,900.00 ",," 1,296,268.00 "
409000611074',25-Apr-18,INDO GIBL Indiaforensic STL23041,,25-Apr-18," 315,750.00 ",," 980,518.00 "
409000611074',25-Apr-18,INDO GIBL Indiaforensic STL24041,,25-Apr-18," 377,300.00 ",," 603,218.00 "
409000611074',26-Apr-18,FDRL/INTERNAL FUND TRANSFE,,26-Apr-18,," 500,000.00 "," 1,103,218.00 "
409000611074',26-Apr-18,FDRL/INTERNAL FUND TRANSFE,,26-Apr-18,," 500,000.00 "," 1,603,218.00 "
409000611074',27-Apr-18,INDO GIBL Indiaforensic STL25041,,27-Apr-18," 414,276.00 ",," 1,188,942.00 "
409000611074',27-Apr-18,INDO GIBL Indiaforensic STL26041,,27-Apr-18," 351,100.00 ",," 837,842.00 "
409000611074',27-Apr-18,FDRL/INTERNAL FUND TRANSFE,,27-Apr-18,," 500,000.00 "," 1,337,842.00 "
409000611074',1-May-18,FDRL/INTERNAL FUND TRANSFE,,1-May-18,," 500,000.00 "," 1,837,842.00 "
409000611074',2-May-18,INDO GIBL Indiaforensic STL27041,,2-May-18," 229,949.00 ",," 1,607,893.00 "
409000611074',2-May-18,INDO GIBL Indiaforensic STL28041,,2-May-18," 160,300.00 ",," 1,447,593.00 "
409000611074',2-May-18,INDO GIBL Indiaforensic STL29041,,2-May-18," 76,000.00 ",," 1,371,593.00 "
409000611074',2-May-18,INDO GIBL Indiaforensic STL30041,,2-May-18," 60,449.00 ",," 1,311,144.00 "
409000611074',2-May-18,INDO GIBL Indiaforensic STL01051,,2-May-18," 259,075.00 ",," 1,052,069.00 "
409000611074',2-May-18,FDRL/INTERNAL FUND TRANSFE,,2-May-18,," 500,000.00 "," 1,552,069.00 "
409000611074',3-May-18,INDO GIBL Indiaforensic STL02051,,3-May-18," 206,700.00 ",," 1,345,369.00 "
409000611074',3-May-18,FDRL/INTERNAL FUND TRANSFE,,3-May-18,," 500,000.00 "," 1,845,369.00 "
409000611074',4-May-18,INDO GIBL Indiaforensic STL03051,,4-May-18," 237,000.00 ",," 1,608,369.00 "
409000611074',5-May-18,INDO GIBL Indiaforensic STL04051,,5-May-18," 272,000.00 ",," 1,336,369.00 "
409000611074',7-May-18,INDO GIBL Indiaforensic STL05051,,7-May-18," 387,749.00 ",," 948,620.00 "
409000611074',7-May-18,INDO GIBL Indiaforensic STL06051,,7-May-18," 101,050.00 ",," 847,570.00 "
409000611074',7-May-18,FDRL/INTERNAL FUND TRANSFE,,7-May-18,," 500,000.00 "," 1,347,570.00 "
409000611074',8-May-18,INDO GIBL Indiaforensic STL07051,,8-May-18," 392,900.00 ",," 954,670.00 "
409000611074',9-May-18,INDO GIBL Indiaforensic STL08051,,9-May-18," 290,350.00 ",," 664,320.00 "
409000611074',9-May-18,FDRL/INTERNAL FUND TRANSFE,,9-May-18,," 500,000.00 "," 1,164,320.00 "
409000611074',9-May-18,FDRL/INTERNAL FUND TRANSFE,,9-May-18,," 500,000.00 "," 1,664,320.00 "
409000611074',10-May-18,INDO GIBL Indiaforensic STL09051,,10-May-18," 365,625.00 ",," 1,298,695.00 "
409000611074',11-May-18,INDO GIBL Indiaforensic STL10051,,11-May-18," 352,850.00 ",," 945,845.00 "
409000611074',11-May-18,FDRL/INTERNAL FUND TRANSFE,,11-May-18,," 500,000.00 "," 1,445,845.00 "
409000611074',14-May-18,INDO GIBL Indiaforensic STL11051,,14-May-18," 345,749.00 ",," 1,100,096.00 "
409000611074',14-May-18,INDO GIBL Indiaforensic STL12051,,14-May-18," 225,300.00 ",," 874,796.00 "
409000611074',14-May-18,INDO GIBL Indiaforensic STL13051,,14-May-18," 10,000.00 ",," 864,796.00 "
409000611074',14-May-18,FDRL/INTERNAL FUND TRANSFE,,14-May-18,," 500,000.00 "," 1,364,796.00 "
409000611074',15-May-18,INDO GIBL Indiaforensic STL14051,,15-May-18," 823,240.00 ",," 541,556.00 "
409000611074',15-May-18,FDRL/INTERNAL FUND TRANSFE,,15-May-18,," 500,000.00 "," 1,041,556.00 "
409000611074',15-May-18,FDRL/INTERNAL FUND TRANSFE,,15-May-18,," 500,000.00 "," 1,541,556.00 "
409000611074',16-May-18,INDO GIBL Indiaforensic STL15051,,16-May-18," 785,049.00 ",," 756,507.00 "
409000611074',17-May-18,FDRL/INTERNAL FUND TRANSFE,,17-May-18,," 500,000.00 "," 1,256,507.00 "
409000611074',17-May-18,INDO GIBL Indiaforensic STL16051,,17-May-18," 403,100.00 ",," 853,407.00 "
409000611074',17-May-18,FDRL/INTERNAL FUND TRANSFE,,17-May-18,," 500,000.00 "," 1,353,407.00 "
409000611074',18-May-18,INDO GIBL Indiaforensic STL17051,,18-May-18," 459,800.00 ",," 893,607.00 "
409000611074',18-May-18,FDRL/INTERNAL FUND TRANSFE,,18-May-18,," 500,000.00 "," 1,393,607.00 "
409000611074',19-May-18,INDO GIBL Indiaforensic STL18051,,19-May-18," 373,850.00 ",," 1,019,757.00 "
409000611074',21-May-18,INDO GIBL Indiaforensic STL19051,,21-May-18," 265,500.00 ",," 754,257.00 "
409000611074',21-May-18,INDO GIBL Indiaforensic STL20051,,21-May-18," 25,700.00 ",," 728,557.00 "
409000611074',21-May-18,FDRL/INTERNAL FUND TRANSFE,,21-May-18,," 500,000.00 "," 1,228,557.00 "
409000611074',22-May-18,INDO GIBL Indiaforensic STL21051,,22-May-18," 376,125.00 ",," 852,432.00 "
409000611074',22-May-18,FDRL/INTERNAL FUND TRANSFE,,22-May-18,," 500,000.00 "," 1,352,432.00 "
409000611074',23-May-18,INDO GIBL Indiaforensic STL22051,,23-May-18," 265,250.00 ",," 1,087,182.00 "
409000611074',24-May-18,INDO GIBL Indiaforensic STL23051,,24-May-18," 119,100.00 ",," 968,082.00 "
409000611074',24-May-18,FDRL/INTERNAL FUND TRANSFE,,24-May-18,," 500,000.00 "," 1,468,082.00 "
409000611074',25-May-18,INDO GIBL Indiaforensic STL24051,,25-May-18," 93,350.00 ",," 1,374,732.00 "
409000611074',28-May-18,INDO GIBL Indiaforensic STL25051,,28-May-18," 201,000.00 ",," 1,173,732.00 "
409000611074',28-May-18,INDO GIBL Indiaforensic STL26051,,28-May-18," 80,475.00 ",," 1,093,257.00 "
409000611074',28-May-18,INDO GIBL Indiaforensic STL27051,,28-May-18," 27,200.00 ",," 1,066,057.00 "
409000611074',28-May-18,FDRL/INTERNAL FUND TRANSFE,,28-May-18,," 500,000.00 "," 1,566,057.00 "
409000611074',29-May-18,INDO GIBL Indiaforensic STL28051,,29-May-18," 364,100.00 ",," 1,201,957.00 "
409000611074',30-May-18,INDO GIBL Indiaforensic STL29051,,30-May-18," 341,200.00 ",," 860,757.00 "
409000611074',30-May-18,FDRL/INTERNAL FUND TRANSFE,,30-May-18,," 500,000.00 "," 1,360,757.00 "
409000611074',31-May-18,INDO GIBL Indiaforensic STL30051,,31-May-18," 234,600.00 ",," 1,126,157.00 "
409000611074',1-Jun-18,FDRL/INTERNAL FUND TRANSFE,,1-Jun-18,," 500,000.00 "," 1,626,157.00 "
409000611074',1-Jun-18,INDO GIBL Indiaforensic STL31051,,1-Jun-18," 78,000.00 ",," 1,548,157.00 "
409000611074',2-Jun-18,INDO GIBL Indiaforensic STL01061,,2-Jun-18," 353,500.00 ",," 1,194,657.00 "
409000611074',4-Jun-18,FDRL/INTERNAL FUND TRANSFE,,4-Jun-18,," 500,000.00 "," 1,694,657.00 "
409000611074',4-Jun-18,INDO GIBL Indiaforensic STL02061,,4-Jun-18," 402,850.00 ",," 1,291,807.00 "
409000611074',5-Jun-18,INDO GIBL Indiaforensic STL04061,,5-Jun-18," 578,750.00 ",," 713,057.00 "
409000611074',6-Jun-18,INDO GIBL Indiaforensic STL05061,,6-Jun-18," 251,200.00 ",," 461,857.00 "
409000611074',6-Jun-18,FDRL/INTERNAL FUND TRANSFE,,6-Jun-18,," 500,000.00 "," 961,857.00 "
409000611074',6-Jun-18,FDRL/INTERNAL FUND TRANSFE,,6-Jun-18,," 500,000.00 "," 1,461,857.00 "
409000611074',7-Jun-18,INDO GIBL Indiaforensic STL06061,,7-Jun-18," 217,075.00 ",," 1,244,782.00 "
409000611074',8-Jun-18,INDO GIBL Indiaforensic STL07061,,8-Jun-18," 491,005.00 ",," 753,777.00 "
409000611074',11-Jun-18,FDRL/INTERNAL FUND TRANSFE,,11-Jun-18,," 500,000.00 "," 1,253,777.00 "
409000611074',11-Jun-18,FDRL/INTERNAL FUND TRANSFE,,11-Jun-18,," 500,000.00 "," 1,753,777.00 "
409000611074',11-Jun-18,INDO GIBL Indiaforensic STL08061,,11-Jun-18," 626,600.00 ",," 1,127,177.00 "
409000611074',11-Jun-18,INDO GIBL Indiaforensic STL09061,,11-Jun-18," 340,074.00 ",," 787,103.00 "
409000611074',11-Jun-18,INDO GIBL Indiaforensic STL10061,,11-Jun-18," 24,176.00 ",," 762,927.00 "
409000611074',12-Jun-18,FDRL/INTERNAL FUND TRANSFE,,12-Jun-18,," 500,000.00 "," 1,262,927.00 "
409000611074',12-Jun-18,FDRL/INTERNAL FUND TRANSFE,,12-Jun-18,," 500,000.00 "," 1,762,927.00 "
409000611074',12-Jun-18,INDO GIBL Indiaforensic STL11061,,12-Jun-18," 793,251.00 ",," 969,676.00 "
409000611074',13-Jun-18,FDRL/INTERNAL FUND TRANSFE,,13-Jun-18,," 500,000.00 "," 1,469,676.00 "
409000611074',13-Jun-18,INDO GIBL Indiaforensic STL12061,,13-Jun-18," 717,850.00 ",," 751,826.00 "
409000611074',13-Jun-18,INDO GIBL Indiaforensic STL27041,,13-Jun-18," 32,000.00 ",," 719,826.00 "
409000611074',13-Jun-18,FDRL/INTERNAL FUND TRANSFE,,13-Jun-18,," 500,000.00 "," 1,219,826.00 "
409000611074',14-Jun-18,FDRL/INTERNAL FUND TRANSFE,,14-Jun-18,," 1,000,000.00 "," 2,219,826.00 "
409000611074',14-Jun-18,INDO GIBL Indiaforensic STL13061,,14-Jun-18," 533,800.00 ",," 1,686,026.00 "
409000611074',15-Jun-18,INDO GIBL Indiaforensic STL14061,,15-Jun-18," 559,730.00 ",," 1,126,296.00 "
409000611074',15-Jun-18,FDRL/INTERNAL FUND TRANSFE,,15-Jun-18,," 1,000,000.00 "," 2,126,296.00 "
409000611074',18-Jun-18,INDO GIBL Indiaforensic STL17061,,18-Jun-18," 52,250.00 ",," 2,074,046.00 "
409000611074',18-Jun-18,INDO GIBL Indiaforensic STL16061,,18-Jun-18," 140,750.00 ",," 1,933,296.00 "
409000611074',18-Jun-18,INDO GIBL Indiaforensic STL15061,,18-Jun-18," 325,200.00 ",," 1,608,096.00 "
409000611074',19-Jun-18,FDRL/INTERNAL FUND TRANSFE,,19-Jun-18,," 500,000.00 "," 2,108,096.00 "
409000611074',19-Jun-18,INDO GIBL Indiaforensic STL18061,,19-Jun-18," 709,200.00 ",," 1,398,896.00 "
409000611074',20-Jun-18,FDRL/INTERNAL FUND TRANSFE,,20-Jun-18,," 500,000.00 "," 1,898,896.00 "
409000611074',20-Jun-18,INDO GIBL Indiaforensic STL19061,,20-Jun-18," 689,650.00 ",," 1,209,246.00 "
409000611074',21-Jun-18,FDRL/INTERNAL FUND TRANSFE,,21-Jun-18,," 500,000.00 "," 1,709,246.00 "
409000611074',21-Jun-18,INDO GIBL Indiaforensic STL20061,,21-Jun-18," 386,200.00 ",," 1,323,046.00 "
409000611074',22-Jun-18,INDO GIBL Indiaforensic STL21061,,22-Jun-18," 434,905.00 ",," 888,141.00 "
409000611074',22-Jun-18,FDRL/INTERNAL FUND TRANSFE,,22-Jun-18,," 1,000,000.00 "," 1,888,141.00 "
409000611074',25-Jun-18,INDO GIBL Indiaforensic STL24061,,25-Jun-18," 6,050.00 ",," 1,882,091.00 "
409000611074',25-Jun-18,INDO GIBL Indiaforensic STL23061,,25-Jun-18," 115,051.00 ",," 1,767,040.00 "
409000611074',25-Jun-18,INDO GIBL Indiaforensic STL22061,,25-Jun-18," 242,750.00 ",," 1,524,290.00 "
409000611074',25-Jun-18,TRF FROM  Indiaforensic SERVICES,,25-Jun-18,," 500,000.00 "," 2,024,290.00 "
409000611074',26-Jun-18,INDO GIBL Indiaforensic STL25061,,26-Jun-18," 261,438.00 ",," 1,762,852.00 "
409000611074',27-Jun-18,INDO GIBL Indiaforensic STL26061,,27-Jun-18," 528,175.00 ",," 1,234,677.00 "
409000611074',28-Jun-18,FDRL/INTERNAL FUND TRANSFE,,28-Jun-18,," 500,000.00 "," 1,734,677.00 "
409000611074',28-Jun-18,GIBLRBL INC INDO REM27061,,28-Jun-18," 2,640.00 ",," 1,732,037.00 "
409000611074',28-Jun-18,INDO MFL STL270618,,28-Jun-18," 344,750.00 ",," 1,387,287.00 "
409000611074',29-Jun-18,Indfor INCOME INDO REMI28061,,29-Jun-18," 2,160.00 ",," 1,385,127.00 "
409000611074',29-Jun-18,INDO GIBL Indiaforensic STL28061,,29-Jun-18," 410,181.00 ",," 974,946.00 "
409000611074',29-Jun-18,FDRL/INTERNAL FUND TRANSFE,,29-Jun-18,," 500,000.00 "," 1,474,946.00 "
409000611074',30-Jun-18,Indfor INCOME INDO REMI29061,,30-Jun-18," 1,320.00 ",," 1,473,626.00 "
409000611074',30-Jun-18,INDO GIBL Indiaforensic STL29061,,30-Jun-18," 176,050.00 ",," 1,297,576.00 "
409000611074',2-Jul-18,FDRL/INTERNAL FUND TRANSFE,,2-Jul-18,," 500,000.00 "," 1,797,576.00 "
409000611074',2-Jul-18,Indfor INCOME INDO REMI30061,,2-Jul-18, 960.00 ,," 1,796,616.00 "
409000611074',2-Jul-18,INDO GIBL Indiaforensic STL30061,,2-Jul-18," 200,250.00 ",," 1,596,366.00 "
409000611074',2-Jul-18,Indfor INCOME INDO REMI01071,,2-Jul-18, 120.00 ,," 1,596,246.00 "
409000611074',2-Jul-18,INDO GIBL Indiaforensic STL01071,,2-Jul-18," 10,000.00 ",," 1,586,246.00 "
409000611074',4-Jul-18,Indfor INCOME INDO REMI02071,,4-Jul-18," 2,280.00 ",," 1,583,966.00 "
409000611074',4-Jul-18,INDO GIBL Indiaforensic STL02071,,4-Jul-18," 282,208.00 ",," 1,301,758.00 "
409000611074',4-Jul-18,FDRL/INTERNAL FUND TRANSFE,,4-Jul-18,," 500,000.00 "," 1,801,758.00 "
409000611074',4-Jul-18,Indfor INCOME INDO REMI03071,,4-Jul-18," 2,280.00 ",," 1,799,478.00 "
409000611074',4-Jul-18,INDO GIBL Indiaforensic STL03071,,4-Jul-18," 323,700.00 ",," 1,475,778.00 "
409000611074',5-Jul-18,Indfor INCOME INDO REMI04071,,5-Jul-18," 3,840.00 ",," 1,471,938.00 "
409000611074',5-Jul-18,INDO GIBL Indiaforensic STL04071,,5-Jul-18," 528,300.00 ",," 943,638.00 "
409000611074',6-Jul-18,Indfor INCOME INDO REMI05071,,6-Jul-18," 2,520.00 ",," 941,118.00 "
409000611074',6-Jul-18,INDO GIBL Indiaforensic STL05071,,6-Jul-18," 431,899.00 ",," 509,219.00 "
409000611074',6-Jul-18,FDRL/INTERNAL FUND TRANSFE,,6-Jul-18,," 500,000.00 "," 1,009,219.00 "
409000611074',7-Jul-18,Indfor INCOME INDO REMI06071,,7-Jul-18," 2,640.00 ",," 1,006,579.00 "
409000611074',7-Jul-18,INDO GIBL Indiaforensic STL06071,,7-Jul-18," 295,000.00 ",," 711,579.00 "
409000611074',7-Jul-18,FDRL/INTERNAL FUND TRANSFE,,7-Jul-18,," 500,000.00 "," 1,211,579.00 "
409000611074',9-Jul-18,Indfor INCOME INDO REMI08071,,9-Jul-18, 120.00 ,," 1,211,459.00 "
409000611074',9-Jul-18,INDO GIBL Indiaforensic STL08071,,9-Jul-18," 30,700.00 ",," 1,180,759.00 "
409000611074',9-Jul-18,Indfor INCOME INDO REMI07071,,9-Jul-18," 1,200.00 ",," 1,179,559.00 "
409000611074',9-Jul-18,INDO GIBL Indiaforensic STL07071,,9-Jul-18," 213,225.00 ",," 966,334.00 "
409000611074',9-Jul-18,FDRL/INTERNAL FUND TRANSFE,,9-Jul-18,," 500,000.00 "," 1,466,334.00 "
409000611074',10-Jul-18,Indfor INCOME INDO REMI09071,,10-Jul-18," 4,800.00 ",," 1,461,534.00 "
409000611074',10-Jul-18,INDO GIBL Indiaforensic STL09071,,10-Jul-18," 809,926.00 ",," 651,608.00 "
409000611074',10-Jul-18,FDRL/INTERNAL FUND TRANSFE,,10-Jul-18,," 500,000.00 "," 1,151,608.00 "
409000611074',11-Jul-18,Indfor INCOME INDO REMI10071,,11-Jul-18," 2,640.00 ",," 1,148,968.00 "
409000611074',11-Jul-18,INDO GIBL Indiaforensic STL10071,,11-Jul-18," 435,225.00 ",," 713,743.00 "
409000611074',11-Jul-18,FDRL/INTERNAL FUND TRANSFE,,11-Jul-18,," 500,000.00 "," 1,213,743.00 "
409000611074',12-Jul-18,FDRL/INTERNAL FUND TRANSFE,,12-Jul-18,," 500,000.00 "," 1,713,743.00 "
409000611074',12-Jul-18,Indfor INCOME INDO REMI11071,,12-Jul-18," 4,560.00 ",," 1,709,183.00 "
409000611074',12-Jul-18,INDO GIBL Indiaforensic STL11071,,12-Jul-18," 828,988.00 ",," 880,195.00 "
409000611074',12-Jul-18,FDRL/INTERNAL FUND TRANSFE,,12-Jul-18,," 500,000.00 "," 1,380,195.00 "
409000611074',13-Jul-18,Indfor INCOME INDO REMI12071,,13-Jul-18," 3,120.00 ",," 1,377,075.00 "
409000611074',13-Jul-18,INDO GIBL Indiaforensic STL12071,,13-Jul-18," 447,455.00 ",," 929,620.00 "
409000611074',13-Jul-18,FDRL/INTERNAL FUND TRANSFE,,13-Jul-18,," 500,000.00 "," 1,429,620.00 "
409000611074',13-Jul-18,FDRL/INTERNAL FUND TRANSFE,,13-Jul-18,," 200,000.00 "," 1,629,620.00 "
409000611074',16-Jul-18,Indfor INCOME INDO REMI15071,,16-Jul-18, 360.00 ,," 1,629,260.00 "
409000611074',16-Jul-18,INDO GIBL Indiaforensic STL15071,,16-Jul-18," 69,800.00 ",," 1,559,460.00 "
409000611074',16-Jul-18,Indfor INCOME INDO REMI14071,,16-Jul-18, 840.00 ,," 1,558,620.00 "
409000611074',16-Jul-18,INDO GIBL Indiaforensic STL14071,,16-Jul-18," 121,300.00 ",," 1,437,320.00 "
409000611074',16-Jul-18,Indfor INCOME INDO REMI13071,,16-Jul-18," 3,000.00 ",," 1,434,320.00 "
409000611074',16-Jul-18,INDO GIBL Indiaforensic STL13071,,16-Jul-18," 505,300.00 ",," 929,020.00 "
409000611074',17-Jul-18,FDRL/INTERNAL FUND TRANSFE,,17-Jul-18,," 200,000.00 "," 1,129,020.00 "
409000611074',17-Jul-18,FDRL/INTERNAL FUND TRANSFE,,17-Jul-18,," 500,000.00 "," 1,629,020.00 "
409000611074',17-Jul-18,Indfor INCOME INDO REMI16071,,17-Jul-18," 4,080.00 ",," 1,624,940.00 "
409000611074',17-Jul-18,INDO GIBL Indiaforensic STL16071,,17-Jul-18," 717,000.00 ",," 907,940.00 "
409000611074',17-Jul-18,FDRL/INTERNAL FUND TRANSFE,,17-Jul-18,," 200,000.00 "," 1,107,940.00 "
409000611074',17-Jul-18,FDRL/INTERNAL FUND TRANSFE,,17-Jul-18,," 200,000.00 "," 1,307,940.00 "
409000611074',18-Jul-18,Indfor INCOME INDO REMI17071,,18-Jul-18," 3,960.00 ",," 1,303,980.00 "
409000611074',18-Jul-18,INDO GIBL Indiaforensic STL17071,,18-Jul-18," 581,900.00 ",," 722,080.00 "
409000611074',18-Jul-18,FDRL/INTERNAL FUND TRANSFE,,18-Jul-18,," 200,000.00 "," 922,080.00 "
409000611074',18-Jul-18,FDRL/INTERNAL FUND TRANSFE,,18-Jul-18,," 200,000.00 "," 1,122,080.00 "
409000611074',18-Jul-18,FDRL/INTERNAL FUND TRANSFE,,18-Jul-18,," 200,000.00 "," 1,322,080.00 "
409000611074',18-Jul-18,FDRL/INTERNAL FUND TRANSFE,,18-Jul-18,," 200,000.00 "," 1,522,080.00 "
409000611074',19-Jul-18,FDRL/INTERNAL FUND TRANSFE,,19-Jul-18,," 200,000.00 "," 1,722,080.00 "
409000611074',19-Jul-18,FDRL/INTERNAL FUND TRANSFE,,19-Jul-18,," 200,000.00 "," 1,922,080.00 "
409000611074',19-Jul-18,Indfor INCOME INDO REMI18071,,19-Jul-18," 3,600.00 ",," 1,918,480.00 "
409000611074',19-Jul-18,INDO GIBL Indiaforensic STL18071,,19-Jul-18," 663,350.00 ",," 1,255,130.00 "
409000611074',20-Jul-18,Indfor INCOME INDO REMI19071,,20-Jul-18," 1,440.00 ",," 1,253,690.00 "
409000611074',20-Jul-18,INDO GIBL Indiaforensic STL19071,,20-Jul-18," 135,800.00 ",," 1,117,890.00 "
409000611074',20-Jul-18,FDRL/INTERNAL FUND TRANSFE,,20-Jul-18,," 300,000.00 "," 1,417,890.00 "
409000611074',21-Jul-18,Indfor INCOME INDO REMI20071,,21-Jul-18," 3,600.00 ",," 1,414,290.00 "
409000611074',21-Jul-18,INDO GIBL Indiaforensic STL20071,,21-Jul-18," 712,099.00 ",," 702,191.00 "
409000611074',21-Jul-18,FDRL/INTERNAL FUND TRANSFE,,21-Jul-18,," 1,000,000.00 "," 1,702,191.00 "
409000611074',23-Jul-18,FDRL/INTERNAL FUND TRANSFE,,23-Jul-18,," 300,000.00 "," 2,002,191.00 "
409000611074',23-Jul-18,Indfor INCOME INDO REMI22071,,23-Jul-18, 840.00 ,," 2,001,351.00 "
409000611074',23-Jul-18,INDO GIBL Indiaforensic STL22071,,23-Jul-18," 145,400.00 ",," 1,855,951.00 "
409000611074',23-Jul-18,Indfor INCOME INDO REMI21071,,23-Jul-18," 1,920.00 ",," 1,854,031.00 "
409000611074',23-Jul-18,INDO GIBL Indiaforensic STL21071,,23-Jul-18," 240,535.00 ",," 1,613,496.00 "
409000611074',24-Jul-18,Indfor INCOME INDO REMI23071,,24-Jul-18," 3,840.00 ",," 1,609,656.00 "
409000611074',24-Jul-18,INDO GIBL Indiaforensic STL23071,,24-Jul-18," 610,100.00 ",," 999,556.00 "
409000611074',25-Jul-18,FDRL/INTERNAL FUND TRANSFE,,25-Jul-18,," 500,000.00 "," 1,499,556.00 "
409000611074',25-Jul-18,Indfor INCOME INDO REMI24071,,25-Jul-18," 3,360.00 ",," 1,496,196.00 "
409000611074',25-Jul-18,INDO GIBL Indiaforensic STL24071,,25-Jul-18," 518,500.00 ",," 977,696.00 "
409000611074',25-Jul-18,FDRL/INTERNAL FUND TRANSFE,,25-Jul-18,," 300,000.00 "," 1,277,696.00 "
409000611074',25-Jul-18,FDRL/INTERNAL FUND TRANSFE,,25-Jul-18,," 300,000.00 "," 1,577,696.00 "
409000611074',26-Jul-18,Indfor INCOME INDO REMI25071,,26-Jul-18," 3,240.00 ",," 1,574,456.00 "
409000611074',26-Jul-18,INDO GIBL Indiaforensic STL25071,,26-Jul-18," 442,250.00 ",," 1,132,206.00 "
409000611074',26-Jul-18,FDRL/INTERNAL FUND TRANSFE,,26-Jul-18,," 300,000.00 "," 1,432,206.00 "
409000611074',27-Jul-18,Indfor INCOME INDO REMI26071,,27-Jul-18," 3,240.00 ",," 1,428,966.00 "
409000611074',27-Jul-18,INDO GIBL Indiaforensic STL26071,,27-Jul-18," 389,600.00 ",," 1,039,366.00 "
409000611074',27-Jul-18,FDRL/INTERNAL FUND TRANSFE,,27-Jul-18,," 1,000,000.00 "," 2,039,366.00 "
409000611074',30-Jul-18,Indfor INCOME INDO REMI27071,,30-Jul-18," 2,760.00 ",," 2,036,606.00 "
409000611074',30-Jul-18,INDO GIBL Indiaforensic STL27071,,30-Jul-18," 457,875.00 ",," 1,578,731.00 "
409000611074',30-Jul-18,Indfor INCOME INDO REMI28071,,30-Jul-18, 600.00 ,," 1,578,131.00 "
409000611074',30-Jul-18,INDO GIBL Indiaforensic STL28071,,30-Jul-18," 66,800.00 ",," 1,511,331.00 "
409000611074',31-Jul-18,Indfor INCOME INDO REMI30071,,31-Jul-18," 2,280.00 ",," 1,509,051.00 "
409000611074',31-Jul-18,INDO GIBL Indiaforensic STL30071,,31-Jul-18," 341,400.00 ",," 1,167,651.00 "
409000611074',31-Jul-18,FDRL/INTERNAL FUND TRANSFE,,31-Jul-18,," 300,000.00 "," 1,467,651.00 "
409000611074',1-Aug-18,Indfor INCOME INDO REMI31071,,1-Aug-18," 2,760.00 ",," 1,464,891.00 "
409000611074',1-Aug-18,INDO GIBL Indiaforensic STL31071,,1-Aug-18," 372,350.00 ",," 1,092,541.00 "
409000611074',1-Aug-18,FDRL/INTERNAL FUND TRANSFE,,1-Aug-18,," 300,000.00 "," 1,392,541.00 "
409000611074',2-Aug-18,Indfor INCOME INDO REMI01081,,2-Aug-18," 1,080.00 ",," 1,391,461.00 "
409000611074',2-Aug-18,INDO GIBL Indiaforensic STL01081,,2-Aug-18," 145,500.00 ",," 1,245,961.00 "
409000611074',2-Aug-18,FDRL/INTERNAL FUND TRANSFE,,2-Aug-18,," 300,000.00 "," 1,545,961.00 "
409000611074',3-Aug-18,Indfor INCOME INDO REMI02081,,3-Aug-18, 840.00 ,," 1,545,121.00 "
409000611074',3-Aug-18,INDO GIBL Indiaforensic STL02081,,3-Aug-18," 110,550.00 ",," 1,434,571.00 "
409000611074',4-Aug-18,Indfor INCOME INDO REMI03081,,4-Aug-18," 1,200.00 ",," 1,433,371.00 "
409000611074',4-Aug-18,INDO GIBL Indiaforensic STL03081,,4-Aug-18," 220,801.00 ",," 1,212,570.00 "
409000611074',6-Aug-18,Indfor INCOME INDO REMI04081,,6-Aug-18," 1,560.00 ",," 1,211,010.00 "
409000611074',6-Aug-18,INDO GIBL Indiaforensic STL04081,,6-Aug-18," 269,850.00 ",," 941,160.00 "
409000611074',6-Aug-18,Indfor INCOME INDO REMI05081,,6-Aug-18, 240.00 ,," 940,920.00 "
409000611074',6-Aug-18,INDO GIBL Indiaforensic STL05081,,6-Aug-18," 17,500.00 ",," 923,420.00 "
409000611074',7-Aug-18,FDRL/INTERNAL FUND TRANSFE,,7-Aug-18,," 500,000.00 "," 1,423,420.00 "
409000611074',7-Aug-18,Indfor INCOME INDO REMI06081,,7-Aug-18," 3,720.00 ",," 1,419,700.00 "
409000611074',7-Aug-18,INDO GIBL Indiaforensic STL06081,,7-Aug-18," 457,050.00 ",," 962,650.00 "
409000611074',7-Aug-18,FDRL/INTERNAL FUND TRANSFE,,7-Aug-18,," 300,000.00 "," 1,262,650.00 "
409000611074',7-Aug-18,FDRL/INTERNAL FUND TRANSFE,,7-Aug-18,," 300,000.00 "," 1,562,650.00 "
409000611074',8-Aug-18,Indfor INCOME INDO REMI07081,,8-Aug-18," 3,840.00 ",," 1,558,810.00 "
409000611074',8-Aug-18,INDO GIBL Indiaforensic STL07081,,8-Aug-18," 662,025.00 ",," 896,785.00 "
409000611074',8-Aug-18,FDRL/INTERNAL FUND TRANSFE,,8-Aug-18,," 500,000.00 "," 1,396,785.00 "
409000611074',9-Aug-18,Indfor INCOME INDO REMI08081,,9-Aug-18," 3,480.00 ",," 1,393,305.00 "
409000611074',9-Aug-18,INDO GIBL Indiaforensic STL08081,,9-Aug-18," 556,450.00 ",," 836,855.00 "
409000611074',9-Aug-18,FDRL/INTERNAL FUND TRANSFE,,9-Aug-18,," 500,000.00 "," 1,336,855.00 "
409000611074',10-Aug-18,Indfor INCOME INDO REMI09081,,10-Aug-18," 2,280.00 ",," 1,334,575.00 "
409000611074',10-Aug-18,INDO GIBL Indiaforensic STL09081,,10-Aug-18," 336,850.00 ",," 997,725.00 "
409000611074',10-Aug-18,FDRL/INTERNAL FUND TRANSFE,,10-Aug-18,," 1,000,000.00 "," 1,997,725.00 "
409000611074',13-Aug-18,Indfor INCOME INDO REMI10081,,13-Aug-18," 2,520.00 ",," 1,995,205.00 "
409000611074',13-Aug-18,INDO GIBL Indiaforensic STL10081,,13-Aug-18," 351,200.00 ",," 1,644,005.00 "
409000611074',13-Aug-18,Indfor INCOME INDO REMI11081,,13-Aug-18," 1,320.00 ",," 1,642,685.00 "
409000611074',13-Aug-18,INDO GIBL Indiaforensic STL11081,,13-Aug-18," 200,700.00 ",," 1,441,985.00 "
409000611074',13-Aug-18,Indfor INCOME INDO REMI12081,,13-Aug-18, 840.00 ,," 1,441,145.00 "
409000611074',13-Aug-18,INDO GIBL Indiaforensic STL12081,,13-Aug-18," 116,260.00 ",," 1,324,885.00 "
409000611074',14-Aug-18,Indfor INCOME INDO REMI13081,,14-Aug-18," 3,480.00 ",," 1,321,405.00 "
409000611074',14-Aug-18,INDO GIBL Indiaforensic STL13081,,14-Aug-18," 517,655.00 ",," 803,750.00 "
409000611074',14-Aug-18,FDRL/INTERNAL FUND TRANSFE,,14-Aug-18,," 1,000,000.00 "," 1,803,750.00 "
409000611074',16-Aug-18,Indfor INCOME INDO REMI14081,,16-Aug-18," 3,600.00 ",," 1,800,150.00 "
409000611074',16-Aug-18,INDO GIBL Indiaforensic STL14081,,16-Aug-18," 561,995.00 ",," 1,238,155.00 "
409000611074',16-Aug-18,Indfor INCOME INDO REMI15081,,16-Aug-18," 1,320.00 ",," 1,236,835.00 "
409000611074',16-Aug-18,INDO GIBL Indiaforensic STL15081,,16-Aug-18," 212,000.00 ",," 1,024,835.00 "
409000611074',16-Aug-18,FDRL/INTERNAL FUND TRANSFE,,16-Aug-18,," 500,000.00 "," 1,524,835.00 "
409000611074',17-Aug-18,Indfor INCOME INDO REMI16081,,17-Aug-18," 4,440.00 ",," 1,520,395.00 "
409000611074',17-Aug-18,INDO GIBL Indiaforensic STL16081,,17-Aug-18," 755,505.00 ",," 764,890.00 "
409000611074',17-Aug-18,FDRL/INTERNAL FUND TRANSFE,,17-Aug-18,," 400,000.00 "," 1,164,890.00 "
409000611074',18-Aug-18,Indfor INCOME INDO REMI17081,,18-Aug-18," 3,960.00 ",," 1,160,930.00 "
409000611074',18-Aug-18,INDO GIBL Indiaforensic STL17081,,18-Aug-18," 615,328.00 ",," 545,602.00 "
409000611074',18-Aug-18,FDRL/INTERNAL FUND TRANSFE,,18-Aug-18,," 500,000.00 "," 1,045,602.00 "
409000611074',18-Aug-18,FDRL/INTERNAL FUND TRANSFE,,18-Aug-18,," 500,000.00 "," 1,545,602.00 "
409000611074',20-Aug-18,Indfor INCOME INDO REMI18081,,20-Aug-18," 1,920.00 ",," 1,543,682.00 "
409000611074',20-Aug-18,INDO GIBL Indiaforensic STL18081,,20-Aug-18," 262,900.00 ",," 1,280,782.00 "
409000611074',20-Aug-18,Indfor INCOME INDO REMI19081,,20-Aug-18, 360.00 ,," 1,280,422.00 "
409000611074',20-Aug-18,INDO GIBL Indiaforensic STL19081,,20-Aug-18," 18,000.00 ",," 1,262,422.00 "
409000611074',21-Aug-18,FDRL/INTERNAL FUND TRANSFE,,21-Aug-18,," 400,000.00 "," 1,662,422.00 "
409000611074',21-Aug-18,Indfor INCOME INDO REMI20081,,21-Aug-18," 4,200.00 ",," 1,658,222.00 "
409000611074',21-Aug-18,INDO GIBL Indiaforensic STL20081,,21-Aug-18," 554,751.00 ",," 1,103,471.00 "
409000611074',23-Aug-18,FDRL/INTERNAL FUND TRANSFE,,23-Aug-18,," 400,000.00 "," 1,503,471.00 "
409000611074',23-Aug-18,FDRL/INTERNAL FUND TRANSFE,,23-Aug-18,," 400,000.00 "," 1,903,471.00 "
409000611074',23-Aug-18,Indfor INCOME INDO REMI21081,,23-Aug-18," 5,280.00 ",," 1,898,191.00 "
409000611074',23-Aug-18,INDO GIBL Indiaforensic STL21081,,23-Aug-18," 912,000.00 ",," 986,191.00 "
409000611074',23-Aug-18,Indfor INCOME INDO REMI22081,,23-Aug-18," 1,800.00 ",," 984,391.00 "
409000611074',23-Aug-18,INDO GIBL Indiaforensic STL22081,,23-Aug-18," 335,601.00 ",," 648,790.00 "
409000611074',23-Aug-18,FDRL/INTERNAL FUND TRANSFE,,23-Aug-18,," 400,000.00 "," 1,048,790.00 "
409000611074',24-Aug-18,Indfor INCOME INDO REMI23081,,24-Aug-18," 2,400.00 ",," 1,046,390.00 "
409000611074',24-Aug-18,INDO GIBL Indiaforensic STL23081,,24-Aug-18," 338,131.00 ",," 708,259.00 "
409000611074',24-Aug-18,FDRL/INTERNAL FUND TRANSFE,,24-Aug-18,," 400,000.00 "," 1,108,259.00 "
409000611074',24-Aug-18,FDRL/INTERNAL FUND TRANSFE,,24-Aug-18,," 400,000.00 "," 1,508,259.00 "
409000611074',27-Aug-18,Indfor INCOME INDO REMI24081,,27-Aug-18," 1,560.00 ",," 1,506,699.00 "
409000611074',27-Aug-18,INDO GIBL Indiaforensic STL24081,,27-Aug-18," 230,300.00 ",," 1,276,399.00 "
409000611074',27-Aug-18,Indfor INCOME INDO REMI25081,,27-Aug-18, 720.00 ,," 1,275,679.00 "
409000611074',27-Aug-18,INDO GIBL Indiaforensic STL25081,,27-Aug-18," 71,080.00 ",," 1,204,599.00 "
409000611074',27-Aug-18,FDRL/INTERNAL FUND TRANSFE,,27-Aug-18,," 400,000.00 "," 1,604,599.00 "
409000611074',28-Aug-18,Indfor INCOME INDO REMI27081,,28-Aug-18," 4,320.00 ",," 1,600,279.00 "
409000611074',28-Aug-18,INDO GIBL Indiaforensic STL27081,,28-Aug-18," 518,401.00 ",," 1,081,878.00 "
409000611074',28-Aug-18,FDRL/INTERNAL FUND TRANSFE,,28-Aug-18,," 400,000.00 "," 1,481,878.00 "
409000611074',29-Aug-18,Indfor INCOME INDO REMI28081,,29-Aug-18," 2,160.00 ",," 1,479,718.00 "
409000611074',29-Aug-18,INDO GIBL Indiaforensic STL28081,,29-Aug-18," 254,584.00 ",," 1,225,134.00 "
409000611074',29-Aug-18,FDRL/INTERNAL FUND TRANSFE,,29-Aug-18,," 400,000.00 "," 1,625,134.00 "
409000611074',30-Aug-18,Indfor INCOME INDO REMI29081,,30-Aug-18," 2,760.00 ",," 1,622,374.00 "
409000611074',30-Aug-18,INDO GIBL Indiaforensic STL29081,,30-Aug-18," 350,585.00 ",," 1,271,789.00 "
409000611074',31-Aug-18,Indfor INCOME INDO REMI30081,,31-Aug-18," 2,280.00 ",," 1,269,509.00 "
409000611074',31-Aug-18,INDO GIBL Indiaforensic STL30081,,31-Aug-18," 360,425.00 ",," 909,084.00 "
409000611074',31-Aug-18,FDRL/INTERNAL FUND TRANSFE,,31-Aug-18,," 500,000.00 "," 1,409,084.00 "
409000611074',1-Sep-18,Indfor INCOME INDO REMI31081,,1-Sep-18," 3,000.00 ",," 1,406,084.00 "
409000611074',1-Sep-18,INDO WEIZ STL310818,,1-Sep-18," 414,101.00 ",," 991,983.00 "
409000611074',1-Sep-18,FDRL/INTERNAL FUND TRANSFE,,1-Sep-18,," 500,000.00 "," 1,491,983.00 "
409000611074',3-Sep-18,Indfor INCOME INDO REMI01091,,3-Sep-18," 1,440.00 ",," 1,490,543.00 "
409000611074',3-Sep-18,INDO GIBL Indiaforensic STL01091,,3-Sep-18," 236,300.00 ",," 1,254,243.00 "
409000611074',3-Sep-18,Indfor INCOME INDO REMI02091,,3-Sep-18, 120.00 ,," 1,254,123.00 "
409000611074',3-Sep-18,INDO GIBL Indiaforensic STL02091,,3-Sep-18," 9,800.00 ",," 1,244,323.00 "
409000611074',4-Sep-18,Indfor INCOME INDO REMI03091,,4-Sep-18," 1,920.00 ",," 1,242,403.00 "
409000611074',4-Sep-18,INDO GIBL Indiaforensic STL03091,,4-Sep-18," 228,025.00 ",," 1,014,378.00 "
409000611074',4-Sep-18,FDRL/INTERNAL FUND TRANSFE,,4-Sep-18,," 500,000.00 "," 1,514,378.00 "
409000611074',5-Sep-18,Indfor INCOME INDO REMI04091,,5-Sep-18," 2,880.00 ",," 1,511,498.00 "
409000611074',5-Sep-18,INDO WEIZ STL040918,,5-Sep-18," 368,300.00 ",," 1,143,198.00 "
409000611074',6-Sep-18,Indfor INCOME INDO REMI05091,,6-Sep-18," 2,880.00 ",," 1,140,318.00 "
409000611074',6-Sep-18,INDO GIBL Indiaforensic STL05091,,6-Sep-18," 406,628.00 ",," 733,690.00 "
409000611074',6-Sep-18,FDRL/INTERNAL FUND TRANSFE,,6-Sep-18,," 500,000.00 "," 1,233,690.00 "
409000611074',7-Sep-18,Indfor INCOME INDO REMI06091,,7-Sep-18," 2,760.00 ",," 1,230,930.00 "
409000611074',7-Sep-18,INDO GIBL Indiaforensic STL06091,,7-Sep-18," 377,198.00 ",," 853,732.00 "
409000611074',10-Sep-18,FDRL/INTERNAL FUND TRANSFE,,10-Sep-18,," 500,000.00 "," 1,353,732.00 "
409000611074',10-Sep-18,Indfor INCOME INDO REMI07091,,10-Sep-18," 3,240.00 ",," 1,350,492.00 "
409000611074',10-Sep-18,INDO GIBL Indiaforensic STL07091,,10-Sep-18," 441,750.00 ",," 908,742.00 "
409000611074',10-Sep-18,Indfor INCOME INDO REMI08091,,10-Sep-18," 2,040.00 ",," 906,702.00 "
409000611074',10-Sep-18,INDO GIBL Indiaforensic STL08091,,10-Sep-18," 274,751.00 ",," 631,951.00 "
409000611074',10-Sep-18,Indfor INCOME INDO REMI09091,,10-Sep-18, 360.00 ,," 631,591.00 "
409000611074',10-Sep-18,INDO GIBL Indiaforensic STL09091,,10-Sep-18," 61,600.00 ",," 569,991.00 "
409000611074',10-Sep-18,FDRL/INTERNAL FUND TRANSFE,,10-Sep-18,," 500,000.00 "," 1,069,991.00 "
409000611074',10-Sep-18,FDRL/INTERNAL FUND TRANSFE,,10-Sep-18,," 500,000.00 "," 1,569,991.00 "
409000611074',11-Sep-18,Indfor INCOME INDO REMI10091,,11-Sep-18," 4,200.00 ",," 1,565,791.00 "
409000611074',11-Sep-18,INDO GIBL Indiaforensic STL10091,,11-Sep-18," 537,776.00 ",," 1,028,015.00 "
409000611074',12-Sep-18,FDRL/INTERNAL FUND TRANSFE,,12-Sep-18,," 1,000,000.00 "," 2,028,015.00 "
409000611074',12-Sep-18,Indfor INCOME INDO REMI11091,,12-Sep-18," 5,160.00 ",," 2,022,855.00 "
409000611074',12-Sep-18,INDO GIBL Indiaforensic STL11091,,12-Sep-18," 776,577.00 ",," 1,246,278.00 "
409000611074',14-Sep-18,Indfor INCOME INDO REMI12091,,14-Sep-18," 1,800.00 ",," 1,244,478.00 "
409000611074',14-Sep-18,INDO GIBL Indiaforensic STL12091,,14-Sep-18," 252,025.00 ",," 992,453.00 "
409000611074',14-Sep-18,Indfor INCOME INDO REMI13091,,14-Sep-18," 2,520.00 ",," 989,933.00 "
409000611074',14-Sep-18,INDO GIBL Indiaforensic STL13091,,14-Sep-18," 395,501.00 ",," 594,432.00 "
409000611074',14-Sep-18,FDRL/INTERNAL FUND TRANSFE,,14-Sep-18,," 1,000,000.00 "," 1,594,432.00 "
409000611074',15-Sep-18,Indfor INCOME INDO REMI14091,,15-Sep-18," 3,720.00 ",," 1,590,712.00 "
409000611074',15-Sep-18,INDO GIBL Indiaforensic STL14091,,15-Sep-18," 543,351.00 ",," 1,047,361.00 "
409000611074',17-Sep-18,FDRL/INTERNAL FUND TRANSFE,,17-Sep-18,," 500,000.00 "," 1,547,361.00 "
409000611074',17-Sep-18,FDRL/INTERNAL FUND TRANSFE,,17-Sep-18,," 500,000.00 "," 2,047,361.00 "
409000611074',17-Sep-18,Indfor INCOME INDO REMI15091,,17-Sep-18," 1,200.00 ",," 2,046,161.00 "
409000611074',17-Sep-18,INDO GIBL Indiaforensic STL15091,,17-Sep-18," 223,150.00 ",," 1,823,011.00 "
409000611074',17-Sep-18,Indfor INCOME INDO REMI16091,,17-Sep-18, 120.00 ,," 1,822,891.00 "
409000611074',17-Sep-18,INDO GIBL Indiaforensic STL16091,,17-Sep-18," 12,500.00 ",," 1,810,391.00 "
409000611074',18-Sep-18,Indfor INCOME INDO REMI17091,,18-Sep-18," 3,960.00 ",," 1,806,431.00 "
409000611074',18-Sep-18,INDO GIBL Indiaforensic STL17091,,18-Sep-18," 546,674.00 ",," 1,259,757.00 "
409000611074',19-Sep-18,Indfor INCOME INDO REMI18091,,19-Sep-18," 3,720.00 ",," 1,256,037.00 "
409000611074',19-Sep-18,INDO GIBL Indiaforensic STL18091,,19-Sep-18," 533,052.00 ",," 722,985.00 "
409000611074',20-Sep-18,FDRL/INTERNAL FUND TRANSFE,,20-Sep-18,," 500,000.00 "," 1,222,985.00 "
409000611074',21-Sep-18,Indfor INCOME INDO REMI19091,,21-Sep-18," 2,640.00 ",," 1,220,345.00 "
409000611074',21-Sep-18,INDO GIBL Indiaforensic STL19091,,21-Sep-18," 497,477.00 ",," 722,868.00 "
409000611074',24-Sep-18,FDRL/INTERNAL FUND TRANSFE,,24-Sep-18,," 500,000.00 "," 1,222,868.00 "
409000611074',24-Sep-18,FDRL/INTERNAL FUND TRANSFE,,24-Sep-18,," 500,000.00 "," 1,722,868.00 "
409000611074',24-Sep-18,Indfor INCOME INDO REMI20091,,24-Sep-18," 3,120.00 ",," 1,719,748.00 "
409000611074',24-Sep-18,INDO GIBL Indiaforensic STL20091,,24-Sep-18," 503,006.00 ",," 1,216,742.00 "
409000611074',24-Sep-18,Indfor INCOME INDO REMI21091,,24-Sep-18," 1,800.00 ",," 1,214,942.00 "
409000611074',24-Sep-18,INDO GIBL Indiaforensic STL21091,,24-Sep-18," 255,052.00 ",," 959,890.00 "
409000611074',24-Sep-18,Indfor INCOME INDO REMI22091,,24-Sep-18, 600.00 ,," 959,290.00 "
409000611074',24-Sep-18,INDO GIBL Indiaforensic STL22091,,24-Sep-18," 78,250.00 ",," 881,040.00 "
409000611074',24-Sep-18,Indfor INCOME INDO REMI23091,,24-Sep-18, 120.00 ,," 880,920.00 "
409000611074',24-Sep-18,INDO GIBL Indiaforensic STL23091,,24-Sep-18," 6,250.00 ",," 874,670.00 "
409000611074',24-Sep-18,FDRL/INTERNAL FUND TRANSFE,,24-Sep-18,," 500,000.00 "," 1,374,670.00 "
409000611074',25-Sep-18,Indfor INCOME INDO REMI24091,,25-Sep-18," 2,280.00 ",," 1,372,390.00 "
409000611074',25-Sep-18,INDO GIBL Indiaforensic STL24091,,25-Sep-18," 345,725.00 ",," 1,026,665.00 "
409000611074',26-Sep-18,FDRL/INTERNAL FUND TRANSFE,,26-Sep-18,," 500,000.00 "," 1,526,665.00 "
409000611074',26-Sep-18,Indfor INCOME INDO REMI25091,,26-Sep-18," 2,520.00 ",," 1,524,145.00 "
409000611074',26-Sep-18,INDO GIBL Indiaforensic STL25091,,26-Sep-18," 407,252.00 ",," 1,116,893.00 "
409000611074',27-Sep-18,Indfor INCOME INDO REMI26091,,27-Sep-18," 1,320.00 ",," 1,115,573.00 "
409000611074',27-Sep-18,INDO GIBL Indiaforensic STL26091,,27-Sep-18," 256,050.00 ",," 859,523.00 "
409000611074',28-Sep-18,FDRL/INTERNAL FUND TRANSFE,,28-Sep-18,," 500,000.00 "," 1,359,523.00 "
409000611074',28-Sep-18,Indfor INCOME INDO REMI27091,,28-Sep-18," 2,040.00 ",," 1,357,483.00 "
409000611074',28-Sep-18,INDO GIBL Indiaforensic STL27091,,28-Sep-18," 327,001.00 ",," 1,030,482.00 "
409000611074',29-Sep-18,Indfor INCOME INDO REMI28091,,29-Sep-18," 1,920.00 ",," 1,028,562.00 "
409000611074',29-Sep-18,INDO GIBL Indiaforensic STL28091,,29-Sep-18," 231,275.00 ",," 797,287.00 "
409000611074',1-Oct-18,FDRL/INTERNAL FUND TRANSFE,,1-Oct-18,," 500,000.00 "," 1,297,287.00 "
409000611074',1-Oct-18,Indfor INCOME INDO REMI29091,,1-Oct-18," 2,040.00 ",," 1,295,247.00 "
409000611074',1-Oct-18,INDO GIBL Indiaforensic STL29091,,1-Oct-18," 333,800.00 ",," 961,447.00 "
409000611074',1-Oct-18,Indfor INCOME INDO REMI30091,,1-Oct-18, 120.00 ,," 961,327.00 "
409000611074',1-Oct-18,INDO GIBL Indiaforensic STL30091,,1-Oct-18," 5,000.00 ",," 956,327.00 "
409000611074',3-Oct-18,FDRL/INTERNAL FUND TRANSFE,,3-Oct-18,," 500,000.00 "," 1,456,327.00 "
409000611074',3-Oct-18,Indfor INCOME INDO REMI01101,,3-Oct-18," 3,720.00 ",," 1,452,607.00 "
409000611074',3-Oct-18,INDO GIBL Indiaforensic STL01101,,3-Oct-18," 529,105.00 ",," 923,502.00 "
409000611074',3-Oct-18,Indfor INCOME INDO REMI02101,,3-Oct-18," 1,200.00 ",," 922,302.00 "
409000611074',3-Oct-18,INDO GIBL Indiaforensic STL02101,,3-Oct-18," 225,300.00 ",," 697,002.00 "
409000611074',3-Oct-18,FDRL/INTERNAL FUND TRANSFE,,3-Oct-18,," 500,000.00 "," 1,197,002.00 "
409000611074',3-Oct-18,FDRL/INTERNAL FUND TRANSFE,,3-Oct-18,," 500,000.00 "," 1,697,002.00 "
409000611074',4-Oct-18,Indfor INCOME INDO REMI03101,,4-Oct-18," 3,120.00 ",," 1,693,882.00 "
409000611074',4-Oct-18,INDO GIBL Indiaforensic STL03101,,4-Oct-18," 545,402.00 ",," 1,148,480.00 "
409000611074',5-Oct-18,Indfor INCOME INDO REMI04101,,5-Oct-18," 1,440.00 ",," 1,147,040.00 "
409000611074',5-Oct-18,INDO GIBL Indiaforensic STL04101,,5-Oct-18," 156,313.00 ",," 990,727.00 "
409000611074',6-Oct-18,Indfor INCOME INDO REMI05101,,6-Oct-18," 1,320.00 ",," 989,407.00 "
409000611074',6-Oct-18,INDO GIBL Indiaforensic STL05101,,6-Oct-18," 230,751.00 ",," 758,656.00 "
409000611074',6-Oct-18,FDRL/INTERNAL FUND TRANSFE,,6-Oct-18,," 500,000.00 "," 1,258,656.00 "
409000611074',8-Oct-18,Indfor INCOME INDO REMI07101,,8-Oct-18, 480.00 ,," 1,258,176.00 "
409000611074',8-Oct-18,INDO GIBL Indiaforensic STL07101,,8-Oct-18," 56,000.00 ",," 1,202,176.00 "
409000611074',8-Oct-18,Indfor INCOME INDO REMI06101,,8-Oct-18," 2,280.00 ",," 1,199,896.00 "
409000611074',8-Oct-18,INDO GIBL Indiaforensic STL06101,,8-Oct-18," 282,452.00 ",," 917,444.00 "
409000611074',8-Oct-18,FDRL/INTERNAL FUND TRANSFE,,8-Oct-18,," 500,000.00 "," 1,417,444.00 "
409000611074',9-Oct-18,Indfor INCOME INDO REMI08101,,9-Oct-18," 4,080.00 ",," 1,413,364.00 "
409000611074',9-Oct-18,INDO GIBL Indiaforensic STL08101,,9-Oct-18," 530,352.00 ",," 883,012.00 "
409000611074',9-Oct-18,FDRL/INTERNAL FUND TRANSFE,,9-Oct-18,," 500,000.00 "," 1,383,012.00 "
409000611074',10-Oct-18,Indfor INCOME INDO REMI09101,,10-Oct-18," 1,920.00 ",," 1,381,092.00 "
409000611074',10-Oct-18,INDO GIBL Indiaforensic STL09101,,10-Oct-18," 315,083.00 ",," 1,066,009.00 "
409000611074',11-Oct-18,FDRL/INTERNAL FUND TRANSFE,,11-Oct-18,," 500,000.00 "," 1,566,009.00 "
409000611074',11-Oct-18,Indfor INCOME INDO REMI10101,,11-Oct-18," 3,720.00 ",," 1,562,289.00 "
409000611074',11-Oct-18,INDO GIBL Indiaforensic STL10101,,11-Oct-18," 584,951.00 ",," 977,338.00 "
409000611074',12-Oct-18,FDRL/INTERNAL FUND TRANSFE,,12-Oct-18,," 500,000.00 "," 1,477,338.00 "
409000611074',12-Oct-18,Indfor INCOME INDO REMI11101,,12-Oct-18," 4,080.00 ",," 1,473,258.00 "
409000611074',12-Oct-18,INDO GIBL Indiaforensic STL11101,,12-Oct-18," 599,251.00 ",," 874,007.00 "
409000611074',15-Oct-18,FDRL/INTERNAL FUND TRANSFE,,15-Oct-18,," 500,000.00 "," 1,374,007.00 "
409000611074',15-Oct-18,FDRL/INTERNAL FUND TRANSFE,,15-Oct-18,," 500,000.00 "," 1,874,007.00 "
409000611074',15-Oct-18,Indfor INCOME INDO REMI12101,,15-Oct-18," 3,840.00 ",," 1,870,167.00 "
409000611074',15-Oct-18,INDO GIBL Indiaforensic STL12101,,15-Oct-18," 730,425.00 ",," 1,139,742.00 "
409000611074',15-Oct-18,Indfor INCOME INDO REMI13101,,15-Oct-18," 1,440.00 ",," 1,138,302.00 "
409000611074',15-Oct-18,INDO GIBL Indiaforensic STL13101,,15-Oct-18," 173,350.00 ",," 964,952.00 "
409000611074',15-Oct-18,Indfor INCOME INDO REMI14101,,15-Oct-18, 360.00 ,," 964,592.00 "
409000611074',15-Oct-18,INDO GIBL Indiaforensic STL14101,,15-Oct-18," 34,500.00 ",," 930,092.00 "
409000611074',16-Oct-18,FDRL/INTERNAL FUND TRANSFE,,16-Oct-18,," 500,000.00 "," 1,430,092.00 "
409000611074',16-Oct-18,Indfor INCOME INDO REMI15101,,16-Oct-18," 5,160.00 ",," 1,424,932.00 "
409000611074',16-Oct-18,INDO GIBL Indiaforensic STL15101,,16-Oct-18," 780,576.00 ",," 644,356.00 "
409000611074',17-Oct-18,FDRL/INTERNAL FUND TRANSFE,,17-Oct-18,," 200,000.00 "," 844,356.00 "
409000611074',17-Oct-18,FDRL/INTERNAL FUND TRANSFE,,17-Oct-18,," 300,000.00 "," 1,144,356.00 "
409000611074',17-Oct-18,FDRL/INTERNAL FUND TRANSFE,,17-Oct-18,," 200,000.00 "," 1,344,356.00 "
409000611074',17-Oct-18,FDRL/INTERNAL FUND TRANSFE,,17-Oct-18,," 300,000.00 "," 1,644,356.00 "
409000611074',17-Oct-18,Indfor INCOME INDO REMI16101,,17-Oct-18," 4,080.00 ",," 1,640,276.00 "
409000611074',17-Oct-18,INDO GIBL Indiaforensic STL16101,,17-Oct-18," 673,628.00 ",," 966,648.00 "
409000611074',17-Oct-18,FDRL/INTERNAL FUND TRANSFE,,17-Oct-18,," 500,000.00 "," 1,466,648.00 "
409000611074',19-Oct-18,Indfor INCOME INDO REMI17101,,19-Oct-18," 1,200.00 ",," 1,465,448.00 "
409000611074',19-Oct-18,INDO GIBL Indiaforensic STL17101,,19-Oct-18," 119,200.00 ",," 1,346,248.00 "
409000611074',19-Oct-18,Indfor INCOME INDO REMI18101,,19-Oct-18," 1,200.00 ",," 1,345,048.00 "
409000611074',19-Oct-18,INDO GIBL Indiaforensic STL18101,,19-Oct-18," 149,802.00 ",," 1,195,246.00 "
409000611074',20-Oct-18,Indfor INCOME INDO REMI19101,,20-Oct-18, 480.00 ,," 1,194,766.00 "
409000611074',20-Oct-18,INDO GIBL Indiaforensic STL19101,,20-Oct-18," 56,000.00 ",," 1,138,766.00 "
409000611074',22-Oct-18,Indfor INCOME INDO REMI20101,,22-Oct-18," 1,200.00 ",," 1,137,566.00 "
409000611074',22-Oct-18,INDO GIBL Indiaforensic STL20101,,22-Oct-18," 223,600.00 ",," 913,966.00 "
409000611074',22-Oct-18,Indfor INCOME INDO REMI21101,,22-Oct-18, 120.00 ,," 913,846.00 "
409000611074',22-Oct-18,INDO GIBL Indiaforensic STL21101,,22-Oct-18," 10,500.00 ",," 903,346.00 "
409000611074',22-Oct-18,FDRL/INTERNAL FUND TRANSFE,,22-Oct-18,," 500,000.00 "," 1,403,346.00 "
409000611074',23-Oct-18,Indfor INCOME INDO REMI22101,,23-Oct-18," 2,760.00 ",," 1,400,586.00 "
409000611074',23-Oct-18,INDO GIBL Indiaforensic STL22101,,23-Oct-18," 436,678.00 ",," 963,908.00 "
409000611074',23-Oct-18,FDRL/INTERNAL FUND TRANSFE,,23-Oct-18,," 200,000.00 "," 1,163,908.00 "
409000611074',24-Oct-18,Indfor INCOME INDO REMI23101,,24-Oct-18," 2,040.00 ",," 1,161,868.00 "
409000611074',24-Oct-18,INDO GIBL Indiaforensic STL23101,,24-Oct-18," 432,150.00 ",," 729,718.00 "
409000611074',24-Oct-18,FDRL/INTERNAL FUND TRANSFE,,24-Oct-18,," 500,000.00 "," 1,229,718.00 "
409000611074',25-Oct-18,Indfor INCOME INDO REMI24101,,25-Oct-18," 1,320.00 ",," 1,228,398.00 "
409000611074',25-Oct-18,INDO GIBL Indiaforensic STL24101,,25-Oct-18," 156,401.00 ",," 1,071,997.00 "
409000611074',26-Oct-18,Indfor INCOME INDO REMI25101,,26-Oct-18," 1,320.00 ",," 1,070,677.00 "
409000611074',26-Oct-18,INDO GIBL Indiaforensic STL25101,,26-Oct-18," 232,683.00 ",," 837,994.00 "
409000611074',29-Oct-18,FDRL/INTERNAL FUND TRANSFE,,29-Oct-18,," 200,000.00 "," 1,037,994.00 "
409000611074',29-Oct-18,FDRL/INTERNAL FUND TRANSFE,,29-Oct-18,," 200,000.00 "," 1,237,994.00 "
409000611074',29-Oct-18,FDRL/INTERNAL FUND TRANSFE,,29-Oct-18,," 200,000.00 "," 1,437,994.00 "
409000611074',29-Oct-18,Indfor INCOME INDO REMI26101,,29-Oct-18," 1,560.00 ",," 1,436,434.00 "
409000611074',29-Oct-18,INDO GIBL Indiaforensic STL26101,,29-Oct-18," 224,800.00 ",," 1,211,634.00 "
409000611074',29-Oct-18,Indfor INCOME INDO REMI27101,,29-Oct-18," 1,200.00 ",," 1,210,434.00 "
409000611074',29-Oct-18,INDO GIBL Indiaforensic STL27101,,29-Oct-18," 254,250.00 ",," 956,184.00 "
409000611074',30-Oct-18,Indfor INCOME INDO REMI29101,,30-Oct-18," 3,360.00 ",," 952,824.00 "
409000611074',30-Oct-18,INDO GIBL Indiaforensic STL29101,,30-Oct-18," 364,175.00 ",," 588,649.00 "
409000611074',30-Oct-18,FDRL/INTERNAL FUND TRANSFE,,30-Oct-18,," 200,000.00 "," 788,649.00 "
409000611074',30-Oct-18,FDRL/INTERNAL FUND TRANSFE,,30-Oct-18,," 300,000.00 "," 1,088,649.00 "
409000611074',31-Oct-18,Indfor INCOME INDO REMI30101,,31-Oct-18," 2,520.00 ",," 1,086,129.00 "
409000611074',31-Oct-18,INDO GIBL Indiaforensic STL30101,,31-Oct-18," 274,602.00 ",," 811,527.00 "
409000611074',31-Oct-18,FDRL/INTERNAL FUND TRANSFE,,31-Oct-18,," 200,000.00 "," 1,011,527.00 "
409000611074',31-Oct-18,FDRL/INTERNAL FUND TRANSFE,,31-Oct-18,," 300,000.00 "," 1,311,527.00 "
409000611074',1-Nov-18,Indfor INCOME INDO REMI31101,,1-Nov-18," 1,920.00 ",," 1,309,607.00 "
409000611074',1-Nov-18,INDO GIBL Indiaforensic STL31101,,1-Nov-18," 239,305.00 ",," 1,070,302.00 "
409000611074',2-Nov-18,Indfor INCOME INDO REMI01111,,2-Nov-18," 1,680.00 ",," 1,068,622.00 "
409000611074',2-Nov-18,INDO GIBL Indiaforensic STL01111,,2-Nov-18," 192,675.00 ",," 875,947.00 "
409000611074',3-Nov-18,Indfor INCOME INDO REMI02111,,3-Nov-18," 2,640.00 ",," 873,307.00 "
409000611074',3-Nov-18,INDO GIBL Indiaforensic STL02111,,3-Nov-18," 369,251.00 ",," 504,056.00 "
409000611074',3-Nov-18,FDRL/INTERNAL FUND TRANSFE,,3-Nov-18,," 500,000.00 "," 1,004,056.00 "
409000611074',5-Nov-18,Indfor INCOME INDO REMI03111,,5-Nov-18," 2,280.00 ",," 1,001,776.00 "
409000611074',5-Nov-18,INDO GIBL Indiaforensic STL03111,,5-Nov-18," 323,726.00 ",," 678,050.00 "
409000611074',5-Nov-18,Indfor INCOME INDO REMI04111,,5-Nov-18, 840.00 ,," 677,210.00 "
409000611074',5-Nov-18,INDO GIBL Indiaforensic STL04111,,5-Nov-18," 129,000.00 ",," 548,210.00 "
409000611074',5-Nov-18,FDRL/INTERNAL FUND TRANSFE,,5-Nov-18,," 500,000.00 "," 1,048,210.00 "
409000611074',6-Nov-18,FDRL/INTERNAL FUND TRANSFE,,6-Nov-18,," 500,000.00 "," 1,548,210.00 "
409000611074',6-Nov-18,Indfor INCOME INDO REMI05111,,6-Nov-18," 4,920.00 ",," 1,543,290.00 "
409000611074',6-Nov-18,INDO GIBL Indiaforensic STL05111,,6-Nov-18," 807,502.00 ",," 735,788.00 "
409000611074',6-Nov-18,FDRL/INTERNAL FUND TRANSFE,,6-Nov-18,," 500,000.00 "," 1,235,788.00 "
409000611074',8-Nov-18,FDRL/INTERNAL FUND TRANSFE,,8-Nov-18,," 500,000.00 "," 1,735,788.00 "
409000611074',9-Nov-18,Indfor INCOME INDO REMI06111,,9-Nov-18," 4,920.00 ",," 1,730,868.00 "
409000611074',9-Nov-18,INDO GIBL Indiaforensic STL06111,,9-Nov-18," 780,026.00 ",," 950,842.00 "
409000611074',9-Nov-18,Indfor INCOME INDO REMI07111,,9-Nov-18," 1,320.00 ",," 949,522.00 "
409000611074',9-Nov-18,INDO GIBL Indiaforensic STL07111,,9-Nov-18," 153,513.00 ",," 796,009.00 "
409000611074',9-Nov-18,Indfor INCOME INDO REMI08111,,9-Nov-18, 600.00 ,," 795,409.00 "
409000611074',9-Nov-18,INDO GIBL Indiaforensic STL08111,,9-Nov-18," 102,725.00 ",," 692,684.00 "
409000611074',9-Nov-18,FDRL/INTERNAL FUND TRANSFE,,9-Nov-18,," 500,000.00 "," 1,192,684.00 "
409000611074',12-Nov-18,FDRL/INTERNAL FUND TRANSFE,,12-Nov-18,," 200,000.00 "," 1,392,684.00 "
409000611074',12-Nov-18,FDRL/INTERNAL FUND TRANSFE,,12-Nov-18,," 200,000.00 "," 1,592,684.00 "
409000611074',12-Nov-18,Indfor INCOME INDO REMI09111,,12-Nov-18," 2,040.00 ",," 1,590,644.00 "
409000611074',12-Nov-18,INDO GIBL Indiaforensic STL09111,,12-Nov-18," 478,599.00 ",," 1,112,045.00 "
409000611074',12-Nov-18,Indfor INCOME INDO REMI11111,,12-Nov-18, 120.00 ,," 1,111,925.00 "
409000611074',12-Nov-18,INDO GIBL Indiaforensic STL11111,,12-Nov-18," 8,000.00 ",," 1,103,925.00 "
409000611074',12-Nov-18,Indfor INCOME INDO REMI10111,,12-Nov-18," 2,040.00 ",," 1,101,885.00 "
409000611074',12-Nov-18,INDO GIBL Indiaforensic STL10111,,12-Nov-18," 284,926.00 ",," 816,959.00 "
409000611074',12-Nov-18,FDRL/INTERNAL FUND TRANSFE,,12-Nov-18,," 200,000.00 "," 1,016,959.00 "
409000611074',13-Nov-18,Indfor INCOME INDO REMI12111,,13-Nov-18," 2,280.00 ",," 1,014,679.00 "
409000611074',13-Nov-18,INDO GIBL Indiaforensic STL12111,,13-Nov-18," 354,000.00 ",," 660,679.00 "
409000611074',13-Nov-18,FDRL/INTERNAL FUND TRANSFE,,13-Nov-18,," 200,000.00 "," 860,679.00 "
409000611074',13-Nov-18,FDRL/INTERNAL FUND TRANSFE,,13-Nov-18,," 300,000.00 "," 1,160,679.00 "
409000611074',14-Nov-18,FDRL/INTERNAL FUND TRANSFE,,14-Nov-18,," 300,000.00 "," 1,460,679.00 "
409000611074',14-Nov-18,FDRL/INTERNAL FUND TRANSFE,,14-Nov-18,," 200,000.00 "," 1,660,679.00 "
409000611074',14-Nov-18,Indfor INCOME INDO REMI13111,,14-Nov-18," 4,080.00 ",," 1,656,599.00 "
409000611074',14-Nov-18,INDO GIBL Indiaforensic STL13111,,14-Nov-18," 800,876.00 ",," 855,723.00 "
409000611074',15-Nov-18,FDRL/INTERNAL FUND TRANSFE,,15-Nov-18,," 300,000.00 "," 1,155,723.00 "
409000611074',15-Nov-18,Indfor INCOME INDO REMI14111,,15-Nov-18," 2,160.00 ",," 1,153,563.00 "
409000611074',15-Nov-18,INDO GIBL Indiaforensic STL14111,,15-Nov-18," 404,700.00 ",," 748,863.00 "
409000611074',15-Nov-18,FDRL/INTERNAL FUND TRANSFE,,15-Nov-18,," 300,000.00 "," 1,048,863.00 "
409000611074',16-Nov-18,Indfor INCOME INDO REMI15111,,16-Nov-18," 3,000.00 ",," 1,045,863.00 "
409000611074',16-Nov-18,INDO GIBL Indiaforensic STL15111,,16-Nov-18," 580,226.00 ",," 465,637.00 "
409000611074',16-Nov-18,FDRL/INTERNAL FUND TRANSFE,,16-Nov-18,," 500,000.00 "," 965,637.00 "
409000611074',17-Nov-18,FDRL/INTERNAL FUND TRANSFE,,17-Nov-18,," 300,000.00 "," 1,265,637.00 "
409000611074',17-Nov-18,Indfor INCOME INDO REMI16111,,17-Nov-18," 3,000.00 ",," 1,262,637.00 "
409000611074',17-Nov-18,INDO GIBL Indiaforensic STL16111,,17-Nov-18," 583,076.00 ",," 679,561.00 "
409000611074',17-Nov-18,FDRL/INTERNAL FUND TRANSFE,,17-Nov-18,," 400,000.00 "," 1,079,561.00 "
409000611074',17-Nov-18,FDRL/INTERNAL FUND TRANSFE,,17-Nov-18,," 400,000.00 "," 1,479,561.00 "
409000611074',19-Nov-18,Indfor INCOME INDO REMI18111,,19-Nov-18, 360.00 ,," 1,479,201.00 "
409000611074',19-Nov-18,INDO GIBL Indiaforensic STL18111,,19-Nov-18," 59,700.00 ",," 1,419,501.00 "
409000611074',19-Nov-18,Indfor INCOME INDO REMI17111,,19-Nov-18," 1,320.00 ",," 1,418,181.00 "
409000611074',19-Nov-18,INDO GIBL Indiaforensic STL17111,,19-Nov-18," 207,463.00 ",," 1,210,718.00 "
409000611074',20-Nov-18,FDRL/INTERNAL FUND TRANSFE,,20-Nov-18,," 300,000.00 "," 1,510,718.00 "
409000611074',20-Nov-18,Indfor INCOME INDO REMI19111,,20-Nov-18," 3,600.00 ",," 1,507,118.00 "
409000611074',20-Nov-18,INDO GIBL Indiaforensic STL19111,,20-Nov-18," 613,175.00 ",," 893,943.00 "
409000611074',20-Nov-18,FDRL/INTERNAL FUND TRANSFE,,20-Nov-18,," 400,000.00 "," 1,293,943.00 "
409000611074',22-Nov-18,FDRL/INTERNAL FUND TRANSFE,,22-Nov-18,," 400,000.00 "," 1,693,943.00 "
409000611074',22-Nov-18,Indfor INCOME INDO REMI20111,,22-Nov-18," 3,960.00 ",," 1,689,983.00 "
409000611074',22-Nov-18,INDO GIBL Indiaforensic STL20111,,22-Nov-18," 628,403.00 ",," 1,061,580.00 "
409000611074',22-Nov-18,Indfor INCOME INDO REMI21111,,22-Nov-18," 1,800.00 ",," 1,059,780.00 "
409000611074',22-Nov-18,INDO GIBL Indiaforensic STL21111,,22-Nov-18," 250,951.00 ",," 808,829.00 "
409000611074',22-Nov-18,FDRL/INTERNAL FUND TRANSFE,,22-Nov-18,," 300,000.00 "," 1,108,829.00 "
409000611074',22-Nov-18,FDRL/INTERNAL FUND TRANSFE,,22-Nov-18,," 300,000.00 "," 1,408,829.00 "
409000611074',23-Nov-18,FDRL/INTERNAL FUND TRANSFE,,23-Nov-18,," 400,000.00 "," 1,808,829.00 "
409000611074',26-Nov-18,Indfor INCOME INDO REMI25111,,26-Nov-18, 480.00 ,," 1,808,349.00 "
409000611074',26-Nov-18,INDO GIBL Indiaforensic STL25111,,26-Nov-18," 63,600.00 ",," 1,744,749.00 "
409000611074',26-Nov-18,Indfor INCOME INDO REMI24111,,26-Nov-18, 360.00 ,," 1,744,389.00 "
409000611074',26-Nov-18,INDO GIBL Indiaforensic STL24111,,26-Nov-18," 49,700.00 ",," 1,694,689.00 "
409000611074',26-Nov-18,Indfor INCOME INDO REMI23111,,26-Nov-18," 1,560.00 ",," 1,693,129.00 "
409000611074',26-Nov-18,INDO GIBL Indiaforensic STL23111,,26-Nov-18," 220,402.00 ",," 1,472,727.00 "
409000611074',26-Nov-18,Indfor INCOME INDO REMI22111,,26-Nov-18," 2,280.00 ",," 1,470,447.00 "
409000611074',26-Nov-18,INDO GIBL Indiaforensic STL22111,,26-Nov-18," 334,100.00 ",," 1,136,347.00 "
409000611074',26-Nov-18,FDRL/INTERNAL FUND TRANSFE,,26-Nov-18,," 400,000.00 "," 1,536,347.00 "
409000611074',27-Nov-18,Indfor INCOME INDO REMI26111,,27-Nov-18," 4,440.00 ",," 1,531,907.00 "
409000611074',27-Nov-18,INDO GIBL Indiaforensic STL26111,,27-Nov-18," 615,817.00 ",," 916,090.00 "
409000611074',27-Nov-18,FDRL/INTERNAL FUND TRANSFE,,27-Nov-18,," 300,000.00 "," 1,216,090.00 "
409000611074',27-Nov-18,FDRL/INTERNAL FUND TRANSFE,,27-Nov-18,," 400,000.00 "," 1,616,090.00 "
409000611074',28-Nov-18,Indfor INCOME INDO REMI27111,,28-Nov-18," 2,760.00 ",," 1,613,330.00 "
409000611074',28-Nov-18,INDO GIBL Indiaforensic STL27111,,28-Nov-18," 508,126.00 ",," 1,105,204.00 "
409000611074',28-Nov-18,FDRL/INTERNAL FUND TRANSFE,,28-Nov-18,," 400,000.00 "," 1,505,204.00 "
409000611074',29-Nov-18,Indfor INCOME INDO REMI28111,,29-Nov-18," 2,160.00 ",," 1,503,044.00 "
409000611074',29-Nov-18,INDO GIBL Indiaforensic STL28111,,29-Nov-18," 326,783.00 ",," 1,176,261.00 "
409000611074',30-Nov-18,Indfor INCOME INDO REMI29111,,30-Nov-18," 1,800.00 ",," 1,174,461.00 "
409000611074',30-Nov-18,INDO GIBL Indiaforensic STL29111,,30-Nov-18," 247,700.00 ",," 926,761.00 "
409000611074',30-Nov-18,FDRL/INTERNAL FUND TRANSFE,,30-Nov-18,," 400,000.00 "," 1,326,761.00 "
409000611074',1-Dec-18,Indfor INCOME INDO REMI30111,,1-Dec-18," 3,360.00 ",," 1,323,401.00 "
409000611074',1-Dec-18,INDO GIBL Indiaforensic STL30111,,1-Dec-18," 510,703.00 ",," 812,698.00 "
409000611074',1-Dec-18,FDRL/INTERNAL FUND TRANSFE,,1-Dec-18,," 400,000.00 "," 1,212,698.00 "
409000611074',3-Dec-18,Indfor INCOME INDO REMI02121,,3-Dec-18, 120.00 ,," 1,212,578.00 "
409000611074',3-Dec-18,INDO GIBL Indiaforensic STL02121,,3-Dec-18," 5,000.00 ",," 1,207,578.00 "
409000611074',3-Dec-18,Indfor INCOME INDO REMI01121,,3-Dec-18, 840.00 ,," 1,206,738.00 "
409000611074',3-Dec-18,INDO GIBL Indiaforensic STL01121,,3-Dec-18," 135,500.00 ",," 1,071,238.00 "
409000611074',3-Dec-18,FDRL/INTERNAL FUND TRANSFE,,3-Dec-18,," 500,000.00 "," 1,571,238.00 "
409000611074',4-Dec-18,Indfor INCOME INDO REMI03121,,4-Dec-18," 1,560.00 ",," 1,569,678.00 "
409000611074',4-Dec-18,INDO GIBL Indiaforensic STL03121,,4-Dec-18," 244,750.00 ",," 1,324,928.00 "
409000611074',5-Dec-18,Indfor INCOME INDO REMI04121,,5-Dec-18," 1,920.00 ",," 1,323,008.00 "
409000611074',5-Dec-18,INDO GIBL Indiaforensic STL04121,,5-Dec-18," 233,851.00 ",," 1,089,157.00 "
409000611074',6-Dec-18,FDRL/INTERNAL FUND TRANSFE,,6-Dec-18,," 500,000.00 "," 1,589,157.00 "
409000611074',6-Dec-18,Indfor INCOME INDO REMI05121,,6-Dec-18," 2,760.00 ",," 1,586,397.00 "
409000611074',6-Dec-18,INDO GIBL Indiaforensic STL05121,,6-Dec-18," 437,150.00 ",," 1,149,247.00 "
409000611074',7-Dec-18,Indfor INCOME INDO REMI06121,,7-Dec-18," 2,640.00 ",," 1,146,607.00 "
409000611074',7-Dec-18,INDO GIBL Indiaforensic STL06121,,7-Dec-18," 397,925.00 ",," 748,682.00 "
409000611074',7-Dec-18,FDRL/INTERNAL FUND TRANSFE,,7-Dec-18,," 500,000.00 "," 1,248,682.00 "
409000611074',7-Dec-18,FDRL/INTERNAL FUND TRANSFE,,7-Dec-18,," 500,000.00 "," 1,748,682.00 "
409000611074',10-Dec-18,Indfor INCOME INDO REMI07121,,10-Dec-18," 1,680.00 ",," 1,747,002.00 "
409000611074',10-Dec-18,INDO GIBL Indiaforensic STL07121,,10-Dec-18," 228,177.00 ",," 1,518,825.00 "
409000611074',10-Dec-18,Indfor INCOME INDO REMI08121,,10-Dec-18," 2,160.00 ",," 1,516,665.00 "
409000611074',10-Dec-18,INDO GIBL Indiaforensic STL08121,,10-Dec-18," 240,752.00 ",," 1,275,913.00 "
409000611074',10-Dec-18,Indfor INCOME INDO REMI09121,,10-Dec-18, 360.00 ,," 1,275,553.00 "
409000611074',10-Dec-18,INDO GIBL Indiaforensic STL09121,,10-Dec-18," 48,000.00 ",," 1,227,553.00 "
409000611074',11-Dec-18,FDRL/INTERNAL FUND TRANSFE,,11-Dec-18,," 500,000.00 "," 1,727,553.00 "
409000611074',11-Dec-18,Indfor INCOME INDO REMI10121,,11-Dec-18," 4,560.00 ",," 1,722,993.00 "
409000611074',11-Dec-18,INDO GIBL Indiaforensic STL10121,,11-Dec-18," 776,851.00 ",," 946,142.00 "
409000611074',12-Dec-18,FDRL/INTERNAL FUND TRANSFE,,12-Dec-18,," 500,000.00 "," 1,446,142.00 "
409000611074',12-Dec-18,Indfor INCOME INDO REMI11121,,12-Dec-18," 3,360.00 ",," 1,442,782.00 "
409000611074',12-Dec-18,INDO GIBL Indiaforensic STL11121,,12-Dec-18," 358,750.00 ",," 1,084,032.00 "
409000611074',12-Dec-18,FDRL/INTERNAL FUND TRANSFE,,12-Dec-18,," 500,000.00 "," 1,584,032.00 "
409000611074',13-Dec-18,Indfor INCOME INDO REMI12121,,13-Dec-18," 3,360.00 ",," 1,580,672.00 "
409000611074',13-Dec-18,INDO GIBL Indiaforensic STL12121,,13-Dec-18," 596,375.00 ",," 984,297.00 "
409000611074',13-Dec-18,FDRL/INTERNAL FUND TRANSFE,,13-Dec-18,," 500,000.00 "," 1,484,297.00 "
409000611074',14-Dec-18,Indfor INCOME INDO REMI13121,,14-Dec-18," 2,880.00 ",," 1,481,417.00 "
409000611074',14-Dec-18,INDO GIBL Indiaforensic STL13121,,14-Dec-18," 419,450.00 ",," 1,061,967.00 "
409000611074',14-Dec-18,FDRL/INTERNAL FUND TRANSFE,,14-Dec-18,," 500,000.00 "," 1,561,967.00 "
409000611074',15-Dec-18,Indfor INCOME INDO REMI14121,,15-Dec-18," 2,400.00 ",," 1,559,567.00 "
409000611074',15-Dec-18,INDO GIBL Indiaforensic STL14121,,15-Dec-18," 423,385.00 ",," 1,136,182.00 "
409000611074',17-Dec-18,FDRL/INTERNAL FUND TRANSFE,,17-Dec-18,," 400,000.00 "," 1,536,182.00 "
409000611074',17-Dec-18,FDRL/INTERNAL FUND TRANSFE,,17-Dec-18,," 400,000.00 "," 1,936,182.00 "
409000611074',17-Dec-18,Indfor INCOME INDO REMI16121,,17-Dec-18, 360.00 ,," 1,935,822.00 "
409000611074',17-Dec-18,INDO GIBL Indiaforensic STL16121,,17-Dec-18," 33,549.00 ",," 1,902,273.00 "
409000611074',17-Dec-18,Indfor INCOME INDO REMI15121,,17-Dec-18," 1,680.00 ",," 1,900,593.00 "
409000611074',17-Dec-18,INDO GIBL Indiaforensic STL15121,,17-Dec-18," 288,851.00 ",," 1,611,742.00 "
409000611074',18-Dec-18,Indfor INCOME INDO REMI17121,,18-Dec-18," 4,440.00 ",," 1,607,302.00 "
409000611074',18-Dec-18,INDO GIBL Indiaforensic STL17121,,18-Dec-18," 662,777.00 ",," 944,525.00 "
409000611074',18-Dec-18,FDRL/INTERNAL FUND TRANSFE,,18-Dec-18,," 500,000.00 "," 1,444,525.00 "
409000611074',19-Dec-18,Indfor INCOME INDO REMI18121,,19-Dec-18," 3,480.00 ",," 1,441,045.00 "
409000611074',19-Dec-18,INDO GIBL Indiaforensic STL18121,,19-Dec-18," 616,950.00 ",," 824,095.00 "
409000611074',19-Dec-18,FDRL/INTERNAL FUND TRANSFE,,19-Dec-18,," 400,000.00 "," 1,224,095.00 "
409000611074',20-Dec-18,Indfor INCOME INDO REMI19121,,20-Dec-18," 3,120.00 ",," 1,220,975.00 "
409000611074',20-Dec-18,INDO GIBL Indiaforensic STL19121,,20-Dec-18," 428,150.00 ",," 792,825.00 "
409000611074',20-Dec-18,FDRL/INTERNAL FUND TRANSFE,,20-Dec-18,," 500,000.00 "," 1,292,825.00 "
409000611074',21-Dec-18,Indfor INCOME INDO REMI20121,,21-Dec-18," 2,640.00 ",," 1,290,185.00 "
409000611074',21-Dec-18,INDO GIBL Indiaforensic STL20121,,21-Dec-18," 425,752.00 ",," 864,433.00 "
409000611074',21-Dec-18,FDRL/INTERNAL FUND TRANSFE,,21-Dec-18,," 500,000.00 "," 1,364,433.00 "
409000611074',24-Dec-18,Indfor INCOME INDO REMI23121,,24-Dec-18, 120.00 ,," 1,364,313.00 "
409000611074',24-Dec-18,INDO GIBL Indiaforensic STL23121,,24-Dec-18," 20,000.00 ",," 1,344,313.00 "
409000611074',24-Dec-18,Indfor INCOME INDO REMI22121,,24-Dec-18, 960.00 ,," 1,343,353.00 "
409000611074',24-Dec-18,INDO GIBL Indiaforensic STL22121,,24-Dec-18," 130,600.00 ",," 1,212,753.00 "
409000611074',24-Dec-18,Indfor INCOME INDO REMI21121,,24-Dec-18," 2,760.00 ",," 1,209,993.00 "
409000611074',24-Dec-18,INDO GIBL Indiaforensic STL21121,,24-Dec-18," 422,577.00 ",," 787,416.00 "
409000611074',24-Dec-18,FDRL/INTERNAL FUND TRANSFE,,24-Dec-18,," 500,000.00 "," 1,287,416.00 "
409000611074',24-Dec-18,FDRL/INTERNAL FUND TRANSFE,,24-Dec-18,," 400,000.00 "," 1,687,416.00 "
409000611074',26-Dec-18,Indfor INCOME INDO REMI25121,,26-Dec-18," 1,320.00 ",," 1,686,096.00 "
409000611074',26-Dec-18,INDO GIBL Indiaforensic STL25121,,26-Dec-18," 173,441.00 ",," 1,512,655.00 "
409000611074',26-Dec-18,Indfor INCOME INDO REMI24121,,26-Dec-18," 4,680.00 ",," 1,507,975.00 "
409000611074',26-Dec-18,INDO GIBL Indiaforensic STL24121,,26-Dec-18," 692,917.00 ",," 815,058.00 "
409000611074',26-Dec-18,FDRL/INTERNAL FUND TRANSFE,,26-Dec-18,," 500,000.00 "," 1,315,058.00 "
409000611074',27-Dec-18,Indfor INCOME INDO REMI26121,,27-Dec-18," 1,320.00 ",," 1,313,738.00 "
409000611074',27-Dec-18,INDO GIBL Indiaforensic STL26121,,27-Dec-18," 250,849.00 ",," 1,062,889.00 "
409000611074',27-Dec-18,FDRL/INTERNAL FUND TRANSFE,,27-Dec-18,," 500,000.00 "," 1,562,889.00 "
409000611074',28-Dec-18,Indfor INCOME INDO REMI27121,,28-Dec-18," 4,080.00 ",," 1,558,809.00 "
409000611074',28-Dec-18,INDO GIBL Indiaforensic STL27121,,28-Dec-18," 625,478.00 ",," 933,331.00 "
409000611074',28-Dec-18,FDRL/INTERNAL FUND TRANSFE,,28-Dec-18,," 400,000.00 "," 1,333,331.00 "
409000611074',29-Dec-18,Indfor INCOME INDO REMI28121,,29-Dec-18," 1,320.00 ",," 1,332,011.00 "
409000611074',29-Dec-18,INDO GIBL Indiaforensic STL28121,,29-Dec-18," 153,500.00 ",," 1,178,511.00 "
409000611074',29-Dec-18,FDRL/INTERNAL FUND TRANSFE,,29-Dec-18,," 400,000.00 "," 1,578,511.00 "
409000611074',31-Dec-18,Indfor INCOME INDO REMI30121,,31-Dec-18, 240.00 ,," 1,578,271.00 "
409000611074',31-Dec-18,INDO GIBL Indiaforensic STL30121,,31-Dec-18," 68,700.00 ",," 1,509,571.00 "
409000611074',31-Dec-18,Indfor INCOME INDO REMI29121,,31-Dec-18," 1,200.00 ",," 1,508,371.00 "
409000611074',31-Dec-18,INDO GIBL Indiaforensic STL29121,,31-Dec-18," 200,550.00 ",," 1,307,821.00 "
409000611074',31-Dec-18,FDRL/INTERNAL FUND TRANSFE,,31-Dec-18,," 400,000.00 "," 1,707,821.00 "
409000611074',1-Jan-19,Indfor INCOME INDO REMI31121,,1-Jan-19," 4,560.00 ",," 1,703,261.00 "
409000611074',1-Jan-19,INDO GIBL Indiaforensic STL31121,,1-Jan-19," 776,077.00 ",," 927,184.00 "
409000611074',1-Jan-19,FDRL/INTERNAL FUND TRANSFE,,1-Jan-19,," 300,000.00 "," 1,227,184.00 "
409000611074',1-Jan-19,FDRL/INTERNAL FUND TRANSFE,,1-Jan-19,," 300,000.00 "," 1,527,184.00 "
409000611074',2-Jan-19,Indfor INCOME INDO REMI01011,,2-Jan-19," 2,400.00 ",," 1,524,784.00 "
409000611074',2-Jan-19,INDO GIBL Indiaforensic STL01011,,2-Jan-19," 408,376.00 ",," 1,116,408.00 "
409000611074',2-Jan-19,FDRL/INTERNAL FUND TRANSFE,,2-Jan-19,," 400,000.00 "," 1,516,408.00 "
409000611074',3-Jan-19,Indfor INCOME INDO REMI02011,,3-Jan-19," 5,160.00 ",," 1,511,248.00 "
409000611074',3-Jan-19,INDO GIBL Indiaforensic STL02011,,3-Jan-19," 826,831.00 ",," 684,417.00 "
409000611074',3-Jan-19,FDRL/INTERNAL FUND TRANSFE,,3-Jan-19,," 400,000.00 "," 1,084,417.00 "
409000611074',3-Jan-19,FDRL/INTERNAL FUND TRANSFE,,3-Jan-19,," 400,000.00 "," 1,484,417.00 "
409000611074',4-Jan-19,Indfor INCOME INDO REMI03011,,4-Jan-19," 3,240.00 ",," 1,481,177.00 "
409000611074',4-Jan-19,INDO GIBL Indiaforensic STL03011,,4-Jan-19," 601,604.00 ",," 879,573.00 "
409000611074',4-Jan-19,FDRL/INTERNAL FUND TRANSFE,,4-Jan-19,," 400,000.00 "," 1,279,573.00 "
409000611074',4-Jan-19,FDRL/INTERNAL FUND TRANSFE,,4-Jan-19,," 300,000.00 "," 1,579,573.00 "
409000611074',5-Jan-19,Indfor INCOME INDO REMI04011,,5-Jan-19," 2,160.00 ",," 1,577,413.00 "
409000611074',5-Jan-19,INDO GIBL Indiaforensic STL04011,,5-Jan-19," 218,276.00 ",," 1,359,137.00 "
409000611074',7-Jan-19,Indfor INCOME INDO REMI06011,,7-Jan-19, 240.00 ,," 1,358,897.00 "
409000611074',7-Jan-19,INDO GIBL Indiaforensic STL06011,,7-Jan-19," 17,500.00 ",," 1,341,397.00 "
409000611074',7-Jan-19,Indfor INCOME INDO REMI05011,,7-Jan-19," 2,760.00 ",," 1,338,637.00 "
409000611074',7-Jan-19,INDO GIBL Indiaforensic STL05011,,7-Jan-19," 377,441.00 ",," 961,196.00 "
409000611074',8-Jan-19,FDRL/INTERNAL FUND TRANSFE,,8-Jan-19,," 300,000.00 "," 1,261,196.00 "
409000611074',8-Jan-19,FDRL/INTERNAL FUND TRANSFE,,8-Jan-19,," 300,000.00 "," 1,561,196.00 "
409000611074',8-Jan-19,Indfor INCOME INDO REMI07011,,8-Jan-19," 3,960.00 ",," 1,557,236.00 "
409000611074',8-Jan-19,INDO GIBL Indiaforensic STL07011,,8-Jan-19," 613,279.00 ",," 943,957.00 "
409000611074',8-Jan-19,FDRL/INTERNAL FUND TRANSFE,,8-Jan-19,," 300,000.00 "," 1,243,957.00 "
409000611074',9-Jan-19,Indfor INCOME INDO REMI08011,,9-Jan-19," 3,720.00 ",," 1,240,237.00 "
409000611074',9-Jan-19,INDO GIBL Indiaforensic STL08011,,9-Jan-19," 674,030.00 ",," 566,207.00 "
409000611074',9-Jan-19,FDRL/INTERNAL FUND TRANSFE,,9-Jan-19,," 400,000.00 "," 966,207.00 "
409000611074',9-Jan-19,FDRL/INTERNAL FUND TRANSFE,,9-Jan-19,," 400,000.00 "," 1,366,207.00 "
409000611074',10-Jan-19,Indfor INCOME INDO REMI09011,,10-Jan-19," 1,920.00 ",," 1,364,287.00 "
409000611074',10-Jan-19,INDO GIBL Indiaforensic STL09011,,10-Jan-19," 293,700.00 ",," 1,070,587.00 "
409000611074',10-Jan-19,FDRL/INTERNAL FUND TRANSFE,,10-Jan-19,," 300,000.00 "," 1,370,587.00 "
409000611074',11-Jan-19,Indfor INCOME INDO REMI10011,,11-Jan-19," 2,400.00 ",," 1,368,187.00 "
409000611074',11-Jan-19,INDO GIBL Indiaforensic STL10011,,11-Jan-19," 391,453.00 ",," 976,734.00 "
409000611074',11-Jan-19,FDRL/INTERNAL FUND TRANSFE,,11-Jan-19,," 400,000.00 "," 1,376,734.00 "
409000611074',11-Jan-19,FDRL/INTERNAL FUND TRANSFE,,11-Jan-19,," 400,000.00 "," 1,776,734.00 "
409000611074',14-Jan-19,Indfor INCOME INDO REMI11011,,14-Jan-19," 4,560.00 ",," 1,772,174.00 "
409000611074',14-Jan-19,INDO GIBL Indiaforensic STL11011,,14-Jan-19," 727,659.00 ",," 1,044,515.00 "
409000611074',14-Jan-19,Indfor INCOME INDO REMI12011,,14-Jan-19," 2,520.00 ",," 1,041,995.00 "
409000611074',14-Jan-19,INDO GIBL Indiaforensic STL12011,,14-Jan-19," 344,650.00 ",," 697,345.00 "
409000611074',14-Jan-19,Indfor INCOME INDO REMI13011,,14-Jan-19, 240.00 ,," 697,105.00 "
409000611074',14-Jan-19,INDO GIBL Indiaforensic STL13011,,14-Jan-19," 50,000.00 ",," 647,105.00 "
409000611074',14-Jan-19,FDRL/INTERNAL FUND TRANSFE,,14-Jan-19,," 300,000.00 "," 947,105.00 "
409000611074',14-Jan-19,FDRL/INTERNAL FUND TRANSFE,,14-Jan-19,," 300,000.00 "," 1,247,105.00 "
409000611074',15-Jan-19,Indfor INCOME INDO REMI14011,,15-Jan-19," 3,600.00 ",," 1,243,505.00 "
409000611074',15-Jan-19,INDO GIBL Indiaforensic STL14011,,15-Jan-19," 473,626.00 ",," 769,879.00 "
409000611074',15-Jan-19,FDRL/INTERNAL FUND TRANSFE,,15-Jan-19,," 300,000.00 "," 1,069,879.00 "
409000611074',16-Jan-19,Indfor INCOME INDO REMI15011,,16-Jan-19, 960.00 ,," 1,068,919.00 "
409000611074',16-Jan-19,INDO GIBL Indiaforensic STL15011,,16-Jan-19," 108,200.00 ",," 960,719.00 "
409000611074',16-Jan-19,FDRL/INTERNAL FUND TRANSFE,,16-Jan-19,," 500,000.00 "," 1,460,719.00 "
409000611074',17-Jan-19,Indfor INCOME INDO REMI16011,,17-Jan-19," 3,000.00 ",," 1,457,719.00 "
409000611074',17-Jan-19,INDO GIBL Indiaforensic STL16011,,17-Jan-19," 446,201.00 ",," 1,011,518.00 "
409000611074',17-Jan-19,FDRL/INTERNAL FUND TRANSFE,,17-Jan-19,," 400,000.00 "," 1,411,518.00 "
409000611074',18-Jan-19,Indfor INCOME INDO REMI17011,,18-Jan-19," 3,600.00 ",," 1,407,918.00 "
409000611074',18-Jan-19,INDO GIBL Indiaforensic STL17011,,18-Jan-19," 628,628.00 ",," 779,290.00 "
409000611074',18-Jan-19,FDRL/INTERNAL FUND TRANSFE,,18-Jan-19,," 500,000.00 "," 1,279,290.00 "
409000611074',19-Jan-19,Indfor INCOME INDO REMI18011,,19-Jan-19," 1,440.00 ",," 1,277,850.00 "
409000611074',19-Jan-19,INDO GIBL Indiaforensic STL18011,,19-Jan-19," 229,800.00 ",," 1,048,050.00 "
409000611074',19-Jan-19,FDRL/INTERNAL FUND TRANSFE,,19-Jan-19,," 300,000.00 "," 1,348,050.00 "
409000611074',19-Jan-19,FDRL/INTERNAL FUND TRANSFE,,19-Jan-19,," 300,000.00 "," 1,648,050.00 "
409000611074',21-Jan-19,Indfor INCOME INDO REMI19011,,21-Jan-19, 960.00 ,," 1,647,090.00 "
409000611074',21-Jan-19,INDO GIBL Indiaforensic STL19011,,21-Jan-19," 98,900.00 ",," 1,548,190.00 "
409000611074',21-Jan-19,Indfor INCOME INDO REMI20011,,21-Jan-19, 480.00 ,," 1,547,710.00 "
409000611074',21-Jan-19,INDO GIBL Indiaforensic STL20011,,21-Jan-19," 96,200.00 ",," 1,451,510.00 "
409000611074',21-Jan-19,FDRL/INTERNAL FUND TRANSFE,,21-Jan-19,," 300,000.00 "," 1,751,510.00 "
409000611074',22-Jan-19,Indfor INCOME INDO REMI21011,,22-Jan-19," 4,080.00 ",," 1,747,430.00 "
409000611074',22-Jan-19,INDO GIBL Indiaforensic STL21011,,22-Jan-19," 602,930.00 ",," 1,144,500.00 "
409000611074',22-Jan-19,FDRL/INTERNAL FUND TRANSFE,,22-Jan-19,," 400,000.00 "," 1,544,500.00 "
409000611074',23-Jan-19,Indfor INCOME INDO REMI22011,,23-Jan-19," 3,720.00 ",," 1,540,780.00 "
409000611074',23-Jan-19,INDO GIBL Indiaforensic STL22011,,23-Jan-19," 589,137.00 ",," 951,643.00 "
409000611074',23-Jan-19,FDRL/INTERNAL FUND TRANSFE,,23-Jan-19,," 500,000.00 "," 1,451,643.00 "
409000611074',24-Jan-19,Indfor INCOME INDO REMI23011,,24-Jan-19," 2,880.00 ",," 1,448,763.00 "
409000611074',24-Jan-19,INDO GIBL Indiaforensic STL23011,,24-Jan-19," 388,327.00 ",," 1,060,436.00 "
409000611074',24-Jan-19,FDRL/INTERNAL FUND TRANSFE,,24-Jan-19,," 500,000.00 "," 1,560,436.00 "
409000611074',25-Jan-19,Indfor INCOME INDO REMI24011,,25-Jan-19," 2,040.00 ",," 1,558,396.00 "
409000611074',25-Jan-19,INDO GIBL Indiaforensic STL24011,,25-Jan-19," 245,413.00 ",," 1,312,983.00 "
409000611074',25-Jan-19,FDRL/INTERNAL FUND TRANSFE,,25-Jan-19,," 300,000.00 "," 1,612,983.00 "
409000611074',28-Jan-19,Indfor INCOME INDO REMI25011,,28-Jan-19," 1,920.00 ",," 1,611,063.00 "
409000611074',28-Jan-19,INDO GIBL Indiaforensic STL25011,,28-Jan-19," 466,124.00 ",," 1,144,939.00 "
409000611074',28-Jan-19,Indfor INCOME INDO REMI26011,,28-Jan-19, 360.00 ,," 1,144,579.00 "
409000611074',28-Jan-19,INDO GIBL Indiaforensic STL26011,,28-Jan-19," 17,500.00 ",," 1,127,079.00 "
409000611074',28-Jan-19,FDRL/INTERNAL FUND TRANSFE,,28-Jan-19,," 400,000.00 "," 1,527,079.00 "
409000611074',29-Jan-19,Indfor INCOME INDO REMI28011,,29-Jan-19," 2,520.00 ",," 1,524,559.00 "
409000611074',29-Jan-19,INDO GIBL Indiaforensic STL28011,,29-Jan-19," 299,125.00 ",," 1,225,434.00 "
409000611074',29-Jan-19,FDRL/INTERNAL FUND TRANSFE,,29-Jan-19,," 300,000.00 "," 1,525,434.00 "
409000611074',30-Jan-19,Indfor INCOME INDO REMI29011,,30-Jan-19," 3,360.00 ",," 1,522,074.00 "
409000611074',30-Jan-19,INDO GIBL Indiaforensic STL29011,,30-Jan-19," 401,052.00 ",," 1,121,022.00 "
409000611074',31-Jan-19,Indfor INCOME INDO REMI30011,,31-Jan-19," 1,200.00 ",," 1,119,822.00 "
409000611074',31-Jan-19,INDO GIBL Indiaforensic STL30011,,31-Jan-19," 224,051.00 ",," 895,771.00 "
409000611074',31-Jan-19,FDRL/INTERNAL FUND TRANSFE,,31-Jan-19,," 300,000.00 "," 1,195,771.00 "
409000611074',1-Feb-19,Indfor INCOME INDO REMI31011,,1-Feb-19, 720.00 ,," 1,195,051.00 "
409000611074',1-Feb-19,INDO GIBL Indiaforensic STL31011,,1-Feb-19," 132,851.00 ",," 1,062,200.00 "
409000611074',8-Feb-19,FDRL/INTERNAL FUND TRANSFE,,8-Feb-19," 600,000.00 ",," 462,200.00 "
409000493201',5-Sep-16,TRF FROM  Indiaforensic SERVICES,,5-Sep-16,," 500,000.00 "," 962,200.00 "
409000493201',6-Sep-16,BBPS SETTLEMENT DT 30/08/,,6-Sep-16, 802.77 ,," 961,397.23 "
409000493201',6-Sep-16,BBPS SETTLEMENT DT 31/08/,,6-Sep-16, 239.89 ,," 961,157.34 "
409000493201',6-Sep-16,BBPS SETTLEMENT DT 01/09/,,6-Sep-16," 1,193.54 ",," 959,963.80 "
409000493201',18-Oct-16,BBPS SETTLEMENT DTD 17.10,,18-Oct-16, 32.99 ,," 959,930.81 "
409000493201',19-Oct-16,BBPS SETTLEMENT DTD 18.10,,19-Oct-16, 16.30 ,," 959,914.51 "
409000493201',19-Oct-16,BBPS SETTLEMENT DTD 19.10,,19-Oct-16, 18.04 ,," 959,896.47 "
409000493201',20-Oct-16,BBPS SETTLEMENT DTD 20.10,,20-Oct-16, 22.99 ,," 959,873.48 "
409000493201',21-Oct-16,BBPS SETTLEMENT DTD 21.10,,21-Oct-16, 14.85 ,," 959,858.63 "
409000493201',27-Oct-16,BBPS SETTLEMENT FOR DT 27,,27-Oct-16, 198.15 ,," 959,660.48 "
409000493201',1-Nov-16,BBPS SETTLEMENT FOR DT 31,,1-Nov-16," 1,015.71 ",," 958,644.77 "
409000493201',3-Nov-16,BBPS SETTLEMENT FOR DT 03,,3-Nov-16," 1,925.33 ",," 956,719.44 "
409000493201',4-Nov-16,BBPS SETTLEMENT FOR DT 04,,4-Nov-16," 2,284.09 ",," 954,435.35 "
409000493201',5-Nov-16,BBPS SETTLEMENT FOR DT 05,,5-Nov-16, 689.30 ,," 953,746.05 "
409000493201',7-Nov-16,BBPS SETTLEMENT FOR DTD 0,,7-Nov-16, 199.30 ,," 953,546.75 "
409000493201',17-Nov-16,BBPS SETTLEMENT FOR DT 17,,17-Nov-16," 1,938.02 ",," 951,608.73 "
409000493201',18-Nov-16,BBPS SETTLEMENT FOR DTD 1,,18-Nov-16, 579.30 ,," 951,029.43 "
409000493201',23-Nov-16,BBPS SETTLEMENT FOR DT 23,,23-Nov-16, 899.17 ,," 950,130.26 "
409000493201',24-Nov-16,BBPS SETTLEMENT FOR DT 24,,24-Nov-16," 3,927.50 ",," 946,202.76 "
409000493201',21-Dec-16,BBPS SETTLEMENT FOR DT 21,,21-Dec-16, 8.15 ,," 946,194.61 "
409000493201',22-Dec-16,BBPS SETTLEMENT FOR DT 22,,22-Dec-16, 98.15 ,," 946,096.46 "
409000493201',23-Dec-16,BBPS SETTLEMENT FOR DT 23,,23-Dec-16, 499.17 ,," 945,597.29 "
409000493201',30-Dec-16,BBPS SETTLEMENT DTD 30DEC,,30-Dec-16, 8.15 ,," 945,589.14 "
409000493201',3-Jan-17,BBPS SETTLEMENT FOR DT 03,,3-Jan-17, 8.15 ,," 945,580.99 "
409000493201',4-Jan-17,BBPS SETTLEMENT FOR DT 04,,4-Jan-17," 1,758.02 ",," 943,822.97 "
409000493201',16-Jan-17,BBPS SETTLEMENT FOR 16JAN,,16-Jan-17," 4,320.41 ",," 939,502.56 "
409000493201',17-Jan-17,BBPS SETTLEMENT DTD 17JAN,,17-Jan-17," 3,875.00 ",," 935,627.56 "
409000493201',18-Jan-17,BBPS SETTLEMENT DTD 18JAN,,18-Jan-17," 1,387.44 ",," 934,240.12 "
409000493201',19-Jan-17,BBPS SETTLEMENT DTD 19JAN,,19-Jan-17," 10,379.49 ",," 923,860.63 "
409000493201',20-Jan-17,BBPS SETTLEMENT DTD 20JAN,,20-Jan-17," 3,234.87 ",," 920,625.76 "
409000493201',23-Jan-17,BBPS SETTLEMENT DTD 21JAN,,23-Jan-17, 884.87 ,," 919,740.89 "
409000493201',23-Jan-17,BBPS SETTLEMENT DTD 23JAN,,23-Jan-17, 47.44 ,," 919,693.45 "
409000493201',24-Jan-17,BBPS SETTLEMENT DTD 24JAN,,24-Jan-17, 190.00 ,," 919,503.45 "
409000493201',27-Jan-17,BBPS SETTLEMENT DTD 27JAN,,27-Jan-17," 15,009.49 ",," 904,493.96 "
409000493201',30-Jan-17,BBPS SETTLEMENT FOR DT 30,,30-Jan-17," 41,386.19 ",," 863,107.77 "
409000493201',31-Jan-17,BBPS SETTLEMENT FOR DT 31,,31-Jan-17," 2,232.44 ",," 860,875.33 "
409000493201',1-Feb-17,BBPS SETTLEMENT FOR DT 01,,1-Feb-17," 4,642.19 ",," 856,233.14 "
409000493201',2-Feb-17,BBPS SETTLEMENT FOR DT 02,,2-Feb-17," 2,442.44 ",," 853,790.70 "
409000493201',3-Feb-17,BBPS SETTLEMENT FOR DT 03,,3-Feb-17," 2,338.45 ",," 851,452.25 "
409000493201',4-Feb-17,BBPS SETTLEMENT FOR DT 04,,4-Feb-17, 7.57 ,," 851,444.68 "
409000493201',6-Feb-17,BBPS SETTLEMENT FOR DT 06,,6-Feb-17," 10,449.24 ",," 840,995.44 "
409000493201',7-Feb-17,BBPS SETTLEMENT FOR DT 07,,7-Feb-17," 2,852.05 ",," 838,143.39 "
409000493201',8-Feb-17,BBPS SETTLEMENT FOR DT 08,,8-Feb-17," 6,777.18 ",," 831,366.21 "
409000493201',9-Feb-17,BBPS SETTLEMENT FOR DT 09,,9-Feb-17, 2.10 ,," 831,364.11 "
409000493201',10-Feb-17,BBPS SETTLEMENT FOR DT 10,,10-Feb-17,, 0.90 ," 831,365.01 "
409000493201',13-Feb-17,BBPS SETTLEMENT FOR DT 13,,13-Feb-17, 4.70 ,," 831,360.31 "
409000493201',15-Feb-17,BBPS SETTLEMENT FOR DT 15,,15-Feb-17," 3,238.66 ",," 828,121.65 "
409000493201',16-Feb-17,BBPS SETTLEMENT FOR DT 16,,16-Feb-17, 4.70 ,," 828,116.95 "
409000493201',17-Feb-17,BBPS SETTLEMENT FOR DT 17,,17-Feb-17," 14,823.01 ",," 813,293.94 "
409000493201',18-Feb-17,BBPS SETTLEMENT 18.02.201,,18-Feb-17, 302.48 ,," 812,991.46 "
409000493201',21-Feb-17,BBPS SETTLEMENT FOR DT 21,,21-Feb-17, 523.18 ,," 812,468.28 "
409000493201',22-Feb-17,BBPS SETTLEMENT FOR DT 22,,22-Feb-17," 3,201.71 ",," 809,266.57 "
409000493201',23-Feb-17,BBPS SETTLEMENT FOR DT 23,,23-Feb-17," 6,859.36 ",," 802,407.21 "
409000493201',24-Feb-17,BBPS SETTLEMENT FOR DT 24,,24-Feb-17," 12,674.80 ",," 789,732.41 "
409000493201',27-Feb-17,BBPS SETTLEMENT FOR DT 27,,27-Feb-17," 87,395.82 ",," 702,336.59 "
409000493201',28-Feb-17,BBPS SETTLEMENT FOR DT 28,,28-Feb-17," 15,225.89 ",," 687,110.70 "
409000493201',1-Mar-17,BBPS SETTLEMENT FOR DT 01,,1-Mar-17," 20,337.85 ",," 666,772.85 "
409000493201',2-Mar-17,BBPS SETTLEMENT FOR DT 02,,2-Mar-17," 21,616.66 ",," 645,156.19 "
409000493201',3-Mar-17,BBPS SETTLEMENT FOR DT 03,,3-Mar-17," 8,082.01 ",," 637,074.18 "
409000493201',4-Mar-17,BBPS SETTLEMENT 04032017,,4-Mar-17," 12,695.55 ",," 624,378.63 "
409000493201',6-Mar-17,BBPS SETTLEMENT 06032017,,6-Mar-17," 68,860.48 ",," 555,518.15 "
409000493201',7-Mar-17,BBPS SETTLEMENT 07032017,,7-Mar-17," 73,209.78 ",," 482,308.37 "
409000493201',9-Mar-17,TRF FROM  Indiaforensic SERVICES,,9-Mar-17,," 500,000.00 "," 982,308.37 "
409000493201',9-Mar-17,BBPS SETTLEMENT  OX01 09.,,9-Mar-17," 35,996.01 ",," 946,312.36 "
409000493201',9-Mar-17,BBPS SETTLEMENT FOR OX01,,9-Mar-17," 73,844.12 ",," 872,468.24 "
409000493201',10-Mar-17,BBPS SETTLEMENT 10032017,,10-Mar-17," 71,365.62 ",," 801,102.62 "
409000493201',13-Mar-17,BBPS SETTLEMENT 13032017,,13-Mar-17," 108,914.09 ",," 692,188.53 "
409000493201',14-Mar-17,BBPS SETTLEMENT FOR DT 14,,14-Mar-17," 1,059.13 ",," 691,129.40 "
409000493201',15-Mar-17,BBPS SETTLEMENT 15032017,,15-Mar-17," 83,102.87 ",," 608,026.53 "
409000493201',15-Mar-17,TRF FROM  Indiaforensic SERVICES,,15-Mar-17,," 67,000.00 "," 675,026.53 "
409000493201',16-Mar-17,BBPS SETTLEMENT 16032017,,16-Mar-17," 89,537.25 ",," 585,489.28 "
409000493201',16-Mar-17,TRF FRM  Indiaforensic SERVICES,,16-Mar-17,," 117,000.00 "," 702,489.28 "
409000493201',17-Mar-17,BBPS SETTLEMENT 17032017,,17-Mar-17," 117,674.17 ",," 584,815.11 "
409000493201',17-Mar-17,TRF FRM  Indiaforensic SERVICES,,17-Mar-17,," 150,000.00 "," 734,815.11 "
409000493201',18-Mar-17,BBPS OX01 SETTLEMENT 1803,,18-Mar-17," 93,646.00 ",," 641,169.11 "
409000493201',20-Mar-17,TRF FRM  Indiaforensic SERVICES,,20-Mar-17,," 150,000.00 "," 791,169.11 "
409000493201',20-Mar-17,BBPS SETTLEMENT FOR DT 20,,20-Mar-17," 87,337.96 ",," 703,831.15 "
409000493201',21-Mar-17,BBPS SETTLEMENT 21032017,,21-Mar-17," 183,235.55 ",," 520,595.60 "
409000493201',21-Mar-17,T FRM  Indiaforensic SERVICES IN,,21-Mar-17,," 200,000.00 "," 720,595.60 "
409000493201',22-Mar-17,TRF FROM  Indiaforensic SERVICES,,22-Mar-17,," 100,000.00 "," 820,595.60 "
409000493201',22-Mar-17,BBPS OX01 SETTLEMENT 22.0,,22-Mar-17," 78,583.40 ",," 742,012.20 "
409000493201',23-Mar-17,TRF FRM  Indiaforensic SERVICES,,23-Mar-17,," 100,000.00 "," 842,012.20 "
409000493201',23-Mar-17,BBPS OX01 SETTLEMENT 23.0,,23-Mar-17," 146,774.90 ",," 695,237.30 "
409000493201',24-Mar-17,BBPS XO01 SETTLEMENT 24.0,,24-Mar-17," 81,047.31 ",," 614,189.99 "
409000493201',24-Mar-17,TRF FROM  Indiaforensic SERVICES,,24-Mar-17,," 200,000.00 "," 814,189.99 "
409000493201',26-Mar-17,BBPS SETTLEMENT 26032017,,26-Mar-17," 169,846.16 ",," 644,343.83 "
409000493201',27-Mar-17,TRF FROM  Indiaforensic SERVICES,,27-Mar-17,," 100,000.00 "," 744,343.83 "
409000493201',27-Mar-17,BBPS SETTLEMENT DTD 27MAR,,27-Mar-17," 27,509.12 ",," 716,834.71 "
409000493201',28-Mar-17,TRF FRM  Indiaforensic SERVICES,,28-Mar-17,," 200,000.00 "," 916,834.71 "
409000493201',28-Mar-17,TRF FRM  Indiaforensic SERVICES,,28-Mar-17,," 400,000.00 "," 1,316,834.71 "
409000493201',28-Mar-17,BBPS SETTLEMENT 28032017,,28-Mar-17," 391,248.80 ",," 925,585.91 "
409000493201',29-Mar-17,BBPS SETTLEMENT 29032017,,29-Mar-17," 149,362.11 ",," 776,223.80 "
409000493201',30-Mar-17,BBPS SETTLEMENT 30032017,,30-Mar-17," 192,834.72 ",," 583,389.08 "
409000493201',30-Mar-17,TRF FRM  Indiaforensic SERVICES,,30-Mar-17,," 100,000.00 "," 683,389.08 "
409000493201',31-Mar-17,BBPS SETTLEMENT FOR DT 31,,31-Mar-17," 145,409.67 ",," 537,979.41 "
409000493201',31-Mar-17,FDRL/INTERNAL FUND TRANSFE,,31-Mar-17,," 150,000.00 "," 687,979.41 "
409000493201',3-Apr-17,TRF FROM  Indiaforensic SERVICES,,3-Apr-17,," 200,000.00 "," 887,979.41 "
409000493201',3-Apr-17,BBPS SETTLEMENT 03042017,,3-Apr-17," 348,756.64 ",," 539,222.77 "
409000493201',3-Apr-17,TRF FRM  Indiaforensic SERVICES,,3-Apr-17,," 100,000.00 "," 639,222.77 "
409000493201',4-Apr-17,BBPS SETTLEMENT 04042017,,4-Apr-17," 58,178.96 ",," 581,043.81 "
409000493201',4-Apr-17,TRF FRM  Indiaforensic SERVICES,,4-Apr-17,," 100,000.00 "," 681,043.81 "
409000493201',5-Apr-17,BBPS OX01 SETTLEMENT 05.0,,5-Apr-17," 72,560.62 ",," 608,483.19 "
409000493201',5-Apr-17,TRF FRM  Indiaforensic SERVICES,,5-Apr-17,," 50,000.00 "," 658,483.19 "
409000493201',6-Apr-17,BBPS SETTLEMENT FOR DT 06,,6-Apr-17," 92,843.96 ",," 565,639.23 "
409000493201',6-Apr-17,TRF FRM  Indiaforensic SERVICES,,6-Apr-17,," 100,000.00 "," 665,639.23 "
409000493201',7-Apr-17,BBPS OX01 SETTLEMENT 07.0,,7-Apr-17," 77,750.54 ",," 587,888.69 "
409000493201',7-Apr-17,TRF FRM  Indiaforensic SERVICES,,7-Apr-17,," 50,000.00 "," 637,888.69 "
409000493201',7-Apr-17,TRF FROM  Indiaforensic SERVICES,,7-Apr-17,," 500,000.00 "," 1,137,888.69 "
409000493201',10-Apr-17,BBPS OX01 SETTLEMENT 10.0,,10-Apr-17," 70,821.90 ",," 1,067,066.79 "
409000493201',11-Apr-17,BBPS OX01 SETTLEMENT 11.0,,11-Apr-17," 105,418.35 ",," 961,648.44 "
409000493201',11-Apr-17,WAIVE SWITCHING FEES 31.0,,11-Apr-17,, 665.49 ," 962,313.93 "
409000493201',12-Apr-17,BBPS SETTLEMENT 12042017,,12-Apr-17," 127,317.40 ",," 834,996.53 "
409000493201',13-Apr-17,BBPS SETTLEMENT DTD 13APR,,13-Apr-17," 57,483.14 ",," 777,513.39 "
409000493201',15-Apr-17,BBPS SETTLEMENT FOR DT 15,,15-Apr-17," 103,667.55 ",," 673,845.84 "
409000493201',17-Apr-17,BBPS OX01 SETTLEMENT 17.0,,17-Apr-17," 102,737.16 ",," 571,108.68 "
409000493201',17-Apr-17,TRF FRM  Indiaforensic SERVICES,,17-Apr-17,," 500,000.00 "," 1,071,108.68 "
409000493201',18-Apr-17,BBPS OX01 SETTLEMENT 18.0,,18-Apr-17," 75,758.03 ",," 995,350.65 "
409000493201',19-Apr-17,BBPS OX01 SETTLEMENT 19.0,,19-Apr-17," 145,936.93 ",," 849,413.72 "
409000493201',20-Apr-17,BBPS OX01 SETTLEMENT 20.0,,20-Apr-17," 47,216.93 ",," 802,196.79 "
409000493201',21-Apr-17,BBPS OX01 SETTLEMENT 21.0,,21-Apr-17," 51,735.72 ",," 750,461.07 "
409000493201',24-Apr-17,BBPS SETTLMENT OX01 24.04,,24-Apr-17," 89,131.66 ",," 661,329.41 "
409000493201',25-Apr-17,BBPS SETTLEMENT FOR DT 25,,25-Apr-17," 118,834.97 ",," 542,494.44 "
409000493201',26-Apr-17,TRF FROM  Indiaforensic SERVICES,,26-Apr-17,," 500,000.00 "," 1,042,494.44 "
409000493201',26-Apr-17,BBPS SETTLEMENT FOR DT 26,,26-Apr-17," 107,909.86 ",," 934,584.58 "
409000493201',28-Apr-17,BBPS SETTLEMENT 28042017,,28-Apr-17," 78,121.88 ",," 856,462.70 "
409000493201',29-Apr-17,BBPS SETTLEMENT 29042017,,29-Apr-17," 73,483.43 ",," 782,979.27 "
409000493201',1-May-17,BBPS SETTLEMENT 01052017,,1-May-17," 36,802.24 ",," 746,177.03 "
409000493201',2-May-17,BBPS SETTLEMENT 02052017,,2-May-17," 27,621.17 ",," 718,555.86 "
409000493201',3-May-17,BBPS SETTLEMENT 03052017,,3-May-17," 36,178.03 ",," 682,377.83 "
409000493201',4-May-17,BBPS SETTLEMENT 04052017,,4-May-17," 44,830.92 ",," 637,546.91 "
409000493201',5-May-17,BBPS SETTLEMENT 05052017,,5-May-17," 54,274.88 ",," 583,272.03 "
409000493201',5-May-17,FDRL/INTERNAL FUND TRANSFE,,5-May-17,," 100,000.00 "," 683,272.03 "
409000493201',6-May-17,BBPS SETTLEMENT 06052017,,6-May-17," 56,535.19 ",," 626,736.84 "
409000493201',8-May-17,BBPS SETTLEMENT FOR DT 08,,8-May-17," 76,276.17 ",," 550,460.67 "
409000493201',8-May-17,FDRL/INTERNAL FUND TRANSFE,,8-May-17,," 100,000.00 "," 650,460.67 "
409000493201',9-May-17,BBPS SETTLEMENT 09052017,,9-May-17," 92,354.75 ",," 558,105.92 "
409000493201',9-May-17,BBPS OX01 SETTLEMENT 20.0,,9-May-17," 60,288.54 ",," 497,817.38 "
409000493201',9-May-17,REV BBPS OX01 SETTLEMENT,,9-May-17,," 47,216.93 "," 545,034.31 "
409000493201',10-May-17,FDRL/INTERNAL FUND TRANSFE,,10-May-17,," 100,000.00 "," 645,034.31 "
409000493201',10-May-17,FDRL/INTERNAL FUND TRANSFE,,10-May-17,," 50,000.00 "," 695,034.31 "
409000493201',10-May-17,FDRL/INTERNAL FUND TRANSFE,,10-May-17,," 100,000.00 "," 795,034.31 "
409000493201',10-May-17,BBPS SETTLEMENT 10052017,,10-May-17," 93,277.36 ",," 701,756.95 "
409000493201',11-May-17,BBPS SETTLEMENT 11052017,,11-May-17," 53,444.53 ",," 648,312.42 "
409000493201',12-May-17,BBPS SETTLEMENT 12052017,,12-May-17," 93,913.00 ",," 554,399.42 "
409000493201',12-May-17,FDRL/INTERNAL FUND TRANSFE,,12-May-17,," 100,000.00 "," 654,399.42 "
409000493201',15-May-17,BBPS SETTLEMENT 15052017,,15-May-17," 171,720.19 ",," 482,679.23 "
409000493201',15-May-17,FDRL/INTERNAL FUND TRANSFE,,15-May-17,," 200,000.00 "," 682,679.23 "
409000493201',16-May-17,BBPS SETTLEMENT 16052017,,16-May-17," 195,767.92 ",," 486,911.31 "
409000493201',16-May-17,FDRL/INTERNAL FUND TRANSFE,,16-May-17,," 200,000.00 "," 686,911.31 "
409000493201',17-May-17,BBPS SETTLEMENT 17052017,,17-May-17," 106,620.67 ",," 580,290.64 "
409000493201',18-May-17,FDRL/INTERNAL FUND TRANSFE,,18-May-17,," 200,000.00 "," 780,290.64 "
409000493201',18-May-17,BBPS SETTLEMENT 18052017,,18-May-17," 131,020.40 ",," 649,270.24 "
409000493201',19-May-17,BBPS SETTLEMENT 19052017,,19-May-17," 83,209.48 ",," 566,060.76 "
409000493201',19-May-17,FDRL/INTERNAL FUND TRANSFE,,19-May-17,," 50,000.00 "," 616,060.76 "
409000493201',20-May-17,BBPS SETTLEMENT 20052017,,20-May-17," 97,156.51 ",," 518,904.25 "
409000493201',22-May-17,FDRL/INTERNAL FUND TRANSFE,,22-May-17,," 100,000.00 "," 618,904.25 "
409000493201',22-May-17,BBPS SETTLEMENT 22052017,,22-May-17," 56,789.04 ",," 562,115.21 "
409000493201',23-May-17,BBPS SETTLEMENT 23052017,,23-May-17," 75,945.44 ",," 486,169.77 "
409000493201',24-May-17,FDRL/INTERNAL FUND TRANSFE,,24-May-17,," 200,000.00 "," 686,169.77 "
409000493201',24-May-17,BBPS SETTLEMENT 24052017,,24-May-17," 147,938.81 ",," 538,230.96 "
409000493201',25-May-17,FDRL/INTERNAL FUND TRANSFE,,25-May-17,," 200,000.00 "," 738,230.96 "
409000493201',25-May-17,FDRL/INTERNAL FUND TRANSFE,,25-May-17,," 200,000.00 "," 938,230.96 "
409000493201',25-May-17,BBPS SETTLEMENT 25052017,,25-May-17," 181,189.40 ",," 757,041.56 "
409000493201',26-May-17,BBPS SETTLEMENT 26052017,,26-May-17," 62,213.14 ",," 694,828.42 "
409000493201',26-May-17,FDRL/INTERNAL FUND TRANSFE,,26-May-17,," 100,000.00 "," 794,828.42 "
409000493201',29-May-17,BBPS SETTLEMENT 29052017,,29-May-17," 187,145.89 ",," 607,682.53 "
409000493201',30-May-17,TRF FRM  Indiaforensic SERVICES,,30-May-17,," 400,000.00 "," 1,007,682.53 "
409000493201',30-May-17,BBPS SETTLEMENT 30052017,,30-May-17," 128,069.51 ",," 879,613.02 "
409000493201',30-May-17,FDRL/INTERNAL FUND TRANSFE,,30-May-17,," 100,000.00 "," 979,613.02 "
409000493201',30-May-17,FDRL/INTERNAL FUND TRANSFE,,30-May-17,," 200,000.00 "," 1,179,613.02 "
409000493201',31-May-17,BBPS SETTLEMENT 31052017,,31-May-17," 74,751.37 ",," 1,104,861.65 "
409000493201',1-Jun-17,BBPS SETTLEMENT 01062017,,1-Jun-17," 76,825.54 ",," 1,028,036.11 "
409000493201',2-Jun-17,BBPS STMT FOR DTD 01JUN17,,2-Jun-17," 98,256.42 ",," 929,779.69 "
409000493201',3-Jun-17,BBPS SETMNT FOR DT 020620,,3-Jun-17," 99,989.44 ",," 829,790.25 "
409000493201',5-Jun-17,FDRL/INTERNAL FUND TRANSFE,,5-Jun-17,," 200,000.00 "," 1,029,790.25 "
409000493201',5-Jun-17,BBPS SETMNT FOR DT 030620,,5-Jun-17," 77,700.46 ",," 952,089.79 "
409000493201',6-Jun-17,BBPS SETMNT FOR DT 050620,,6-Jun-17," 54,678.20 ",," 897,411.59 "
409000493201',7-Jun-17,BBPS SETMNT FOR DT 060620,,7-Jun-17," 89,160.28 ",," 808,251.31 "
409000493201',8-Jun-17,BBPS SETMNT FOR DT 070620,,8-Jun-17," 53,804.99 ",," 754,446.32 "
409000493201',9-Jun-17,BBPS SETMNT FOR DT 080620,,9-Jun-17," 92,193.60 ",," 662,252.72 "
409000493201',12-Jun-17,TRF FROM  Indiaforensic SERVICES,,12-Jun-17,," 750,000.00 "," 1,412,252.72 "
409000493201',12-Jun-17,BBPS SETTLEMENT DATED 12.,,12-Jun-17," 856,588.64 ",," 555,664.08 "
409000493201',13-Jun-17,BBPS SETMNT FOR DT 130620,,13-Jun-17," 54,089.18 ",," 501,574.90 "
409000493201',14-Jun-17,FDRL/INTERNAL FUND TRANSFE,,14-Jun-17,," 100,000.00 "," 601,574.90 "
409000493201',14-Jun-17,FDRL/INTERNAL FUND TRANSFE,,14-Jun-17,," 100,000.00 "," 701,574.90 "
409000493201',14-Jun-17,BBPS SETMNT FOR DT 140620,,14-Jun-17," 119,587.27 ",," 581,987.63 "
409000493201',15-Jun-17,FDRL/INTERNAL FUND TRANSFE,,15-Jun-17,," 100,000.00 "," 681,987.63 "
409000493201',15-Jun-17,FDRL/INTERNAL FUND TRANSFE,,15-Jun-17,," 100,000.00 "," 781,987.63 "
409000493201',15-Jun-17,FDRL/INTERNAL FUND TRANSFE,,15-Jun-17,," 100,000.00 "," 881,987.63 "
409000493201',15-Jun-17,BBPS SETMNT FOR DT 150620,,15-Jun-17," 227,030.51 ",," 654,957.12 "
409000493201',16-Jun-17,BBPS SETMNT FOR DT 160620,,16-Jun-17," 119,516.51 ",," 535,440.61 "
409000493201',16-Jun-17,FDRL/INTERNAL FUND TRANSFE,,16-Jun-17,," 200,000.00 "," 735,440.61 "
409000493201',17-Jun-17,BBPS SETMNT FOR DT 170620,,17-Jun-17," 98,749.92 ",," 636,690.69 "
409000493201',19-Jun-17,FDRL/INTERNAL FUND TRANSFE,,19-Jun-17,," 200,000.00 "," 836,690.69 "
409000493201',19-Jun-17,BBPS SETMNT FOR DT 190620,,19-Jun-17," 175,151.51 ",," 661,539.18 "
409000493201',20-Jun-17,BBPS SETMNT FOR DT 200620,,20-Jun-17," 155,678.63 ",," 505,860.55 "
409000493201',20-Jun-17,FDRL/INTERNAL FUND TRANSFE,,20-Jun-17,," 200,000.00 "," 705,860.55 "
409000493201',21-Jun-17,BBPS SETMNT FOR DT 210620,,21-Jun-17," 100,834.49 ",," 605,026.06 "
409000493201',21-Jun-17,FDRL/INTERNAL FUND TRANSFE,,21-Jun-17,," 200,000.00 "," 805,026.06 "
409000493201',22-Jun-17,BBPS SETMNT FOR DT 220620,,22-Jun-17," 127,130.39 ",," 677,895.67 "
409000493201',22-Jun-17,FDRL/INTERNAL FUND TRANSFE,,22-Jun-17,," 200,000.00 "," 877,895.67 "
409000493201',23-Jun-17,BBPS SETMNT FOR DT 230620,,23-Jun-17," 135,857.04 ",," 742,038.63 "
409000493201',27-Jun-17,TRF FROM  Indiaforensic SERVICES,,27-Jun-17,," 500,000.00 "," 1,242,038.63 "
409000493201',27-Jun-17,BBPS SETTLEMENT DATED 270,,27-Jun-17," 540,324.73 ",," 701,713.90 "
409000493201',28-Jun-17,FDRL/INTERNAL FUND TRANSFE,,28-Jun-17,," 100,000.00 "," 801,713.90 "
409000493201',28-Jun-17,FDRL/INTERNAL FUND TRANSFE,,28-Jun-17,," 200,000.00 "," 1,001,713.90 "
409000493201',28-Jun-17,BBPS SETTLEMENT FOR DT 28,,28-Jun-17," 241,548.23 ",," 760,165.67 "
409000493201',29-Jun-17,TRF FROM  Indiaforensic SERVICES,,29-Jun-17,," 500,000.00 "," 1,260,165.67 "
409000493201',29-Jun-17,BBPS SETMNT FOR DT 290620,,29-Jun-17," 66,778.43 ",," 1,193,387.24 "
409000493201',30-Jun-17,BBPS SETMNT FOR DT 300620,,30-Jun-17," 88,020.44 ",," 1,105,366.80 "
409000493201',1-Jul-17,BBPS SETMNT FOR DT 010720,,1-Jul-17," 79,105.87 ",," 1,026,260.93 "
409000493201',3-Jul-17,BBPS SETMNT FOR DT 030720,,3-Jul-17," 129,069.18 ",," 897,191.75 "
409000493201',3-Jul-17,REV SWITCHING FEE + SERVI,,3-Jul-17,," 1,671.63 "," 898,863.38 "
409000493201',4-Jul-17,BBPS SETMNT FOR DT 040720,,4-Jul-17," 131,864.31 ",," 766,999.07 "
409000493201',5-Jul-17,BBPS SETMNT FOR DT 050720,,5-Jul-17," 64,350.32 ",," 702,648.75 "
409000493201',6-Jul-17,BBPS SETMNT FOR DT 060720,,6-Jul-17," 158,111.18 ",," 544,537.57 "
409000493201',7-Jul-17,BBPS SETMNT FOR DT 070720,,7-Jul-17," 39,166.52 ",," 505,371.05 "
409000493201',7-Jul-17,FDRL/INTERNAL FUND TRANSFE,,7-Jul-17,," 200,000.00 "," 705,371.05 "
409000493201',10-Jul-17,BBPS SETMNT FOR DT 100720,,10-Jul-17," 182,353.53 ",," 523,017.52 "
409000493201',10-Jul-17,FDRL/INTERNAL FUND TRANSFE,,10-Jul-17,," 200,000.00 "," 723,017.52 "
409000493201',10-Jul-17,FDRL/INTERNAL FUND TRANSFE,,10-Jul-17,," 200,000.00 "," 923,017.52 "
409000493201',11-Jul-17,BBPS SETMNT FOR DT 110720,,11-Jul-17," 227,142.83 ",," 695,874.69 "
409000493201',11-Jul-17,FDRL/INTERNAL FUND TRANSFE,,11-Jul-17,," 200,000.00 "," 895,874.69 "
409000493201',11-Jul-17,FDRL/INTERNAL FUND TRANSFE,,11-Jul-17,," 100,000.00 "," 995,874.69 "
409000493201',11-Jul-17,FDRL/INTERNAL FUND TRANSFE,,11-Jul-17,," 200,000.00 "," 1,195,874.69 "
409000493201',12-Jul-17,BBPS SETMNT FOR DT 120720,,12-Jul-17," 128,509.50 ",," 1,067,365.19 "
409000493201',13-Jul-17,BBPS SETMNT FOR DT 130720,,13-Jul-17," 138,813.76 ",," 928,551.43 "
409000493201',14-Jul-17,BBPS SETMNT FOR DT 140720,,14-Jul-17," 129,618.64 ",," 798,932.79 "
409000493201',14-Jul-17,FDRL/INTERNAL FUND TRANSFE,,14-Jul-17,," 100,000.00 "," 898,932.79 "
409000493201',14-Jul-17,FDRL/INTERNAL FUND TRANSFE,,14-Jul-17,," 200,000.00 "," 1,098,932.79 "
409000493201',15-Jul-17,BBPS SETMNT FOR DT 150720,,15-Jul-17," 130,451.90 ",," 968,480.89 "
409000493201',17-Jul-17,BBPS SETMNT FOR DT 170720,,17-Jul-17," 125,047.30 ",," 843,433.59 "
409000493201',18-Jul-17,BBPS SETMNT FOR DT 180720,,18-Jul-17," 252,733.40 ",," 590,700.19 "
409000493201',19-Jul-17,BBPS SETMNT FOR DT 190720,,19-Jul-17," 97,236.56 ",," 493,463.63 "
409000493201',19-Jul-17,FDRL/INTERNAL FUND TRANSFE,,19-Jul-17,," 200,000.00 "," 693,463.63 "
409000493201',20-Jul-17,BBPS SETMNT FOR DT 200720,,20-Jul-17," 95,441.08 ",," 598,022.55 "
409000493201',20-Jul-17,FDRL/INTERNAL FUND TRANSFE,,20-Jul-17,," 100,000.00 "," 698,022.55 "
409000493201',20-Jul-17,FDRL/INTERNAL FUND TRANSFE,,20-Jul-17,," 100,000.00 "," 798,022.55 "
409000493201',21-Jul-17,BBPS SETMNT FOR DT 210720,,21-Jul-17," 84,080.38 ",," 713,942.17 "
409000493201',21-Jul-17,FDRL/INTERNAL FUND TRANSFE,,21-Jul-17,," 200,000.00 "," 913,942.17 "
409000493201',21-Jul-17,FDRL/INTERNAL FUND TRANSFE,,21-Jul-17,," 200,000.00 "," 1,113,942.17 "
409000493201',24-Jul-17,BBPS SETMNT FOR DT 240720,,24-Jul-17," 202,879.78 ",," 911,062.39 "
409000493201',25-Jul-17,BBPS SETMNT FOR DT 250720,,25-Jul-17," 137,149.60 ",," 773,912.79 "
409000493201',25-Jul-17,FDRL/INTERNAL FUND TRANSFE,,25-Jul-17,," 200,000.00 "," 973,912.79 "
409000493201',26-Jul-17,BBPS SETMNT FOR DT 260720,,26-Jul-17," 89,718.90 ",," 884,193.89 "
409000493201',27-Jul-17,BBPS SETMNT FOR DT 270720,,27-Jul-17," 109,103.60 ",," 775,090.29 "
409000493201',27-Jul-17,FDRL/INTERNAL FUND TRANSFE,,27-Jul-17,," 100,000.00 "," 875,090.29 "
409000493201',27-Jul-17,FDRL/INTERNAL FUND TRANSFE,,27-Jul-17,," 100,000.00 "," 975,090.29 "
409000493201',28-Jul-17,BBPS SETMNT FOR DT 280720,,28-Jul-17," 128,572.30 ",," 846,517.99 "
409000493201',28-Jul-17,FDRL/INTERNAL FUND TRANSFE,,28-Jul-17,," 50,000.00 "," 896,517.99 "
409000493201',28-Jul-17,FDRL/INTERNAL FUND TRANSFE,,28-Jul-17,," 100,000.00 "," 996,517.99 "
409000493201',28-Jul-17,FDRL/INTERNAL FUND TRANSFE,,28-Jul-17,," 50,000.00 "," 1,046,517.99 "
409000493201',28-Jul-17,FDRL/INTERNAL FUND TRANSFE,,28-Jul-17,," 100,000.00 "," 1,146,517.99 "
409000493201',28-Jul-17,FDRL/INTERNAL FUND TRANSFE,,28-Jul-17,," 100,000.00 "," 1,246,517.99 "
409000493201',28-Jul-17,FDRL/INTERNAL FUND TRANSFE,,28-Jul-17,," 100,000.00 "," 1,346,517.99 "
409000493201',29-Jul-17,BBPS SETMNT FOR DT 290720,,29-Jul-17," 125,092.78 ",," 1,221,425.21 "
409000493201',31-Jul-17,BBPS SETMNT FOR DT 310720,,31-Jul-17," 191,881.30 ",," 1,029,543.91 "
409000493201',1-Aug-17,BBPS SETMNT FOR DT 010820,,1-Aug-17," 99,288.60 ",," 930,255.31 "
409000493201',2-Aug-17,BBPS SETMNT FOR DT 020820,,2-Aug-17," 158,804.40 ",," 771,450.91 "
409000493201',2-Aug-17,FDRL/INTERNAL FUND TRANSFE,,2-Aug-17,," 200,000.00 "," 971,450.91 "
409000493201',3-Aug-17,BBPS SETMNT FOR DT 030820,,3-Aug-17," 52,393.37 ",," 919,057.54 "
409000493201',4-Aug-17,BBPS SETMNT FOR DT 040820,,4-Aug-17," 109,234.48 ",," 809,823.06 "
409000493201',4-Aug-17,FDRL/INTERNAL FUND TRANSFE,,4-Aug-17,," 50,000.00 "," 859,823.06 "
409000493201',4-Aug-17,FDRL/INTERNAL FUND TRANSFE,,4-Aug-17,," 50,000.00 "," 909,823.06 "
409000493201',4-Aug-17,FDRL/INTERNAL FUND TRANSFE,,4-Aug-17,," 50,000.00 "," 959,823.06 "
409000493201',4-Aug-17,FDRL/INTERNAL FUND TRANSFE,,4-Aug-17,," 50,000.00 "," 1,009,823.06 "
409000493201',4-Aug-17,FDRL/INTERNAL FUND TRANSFE,,4-Aug-17,," 50,000.00 "," 1,059,823.06 "
409000493201',4-Aug-17,FDRL/INTERNAL FUND TRANSFE,,4-Aug-17,," 50,000.00 "," 1,109,823.06 "
409000493201',4-Aug-17,FDRL/INTERNAL FUND TRANSFE,,4-Aug-17,," 50,000.00 "," 1,159,823.06 "
409000493201',4-Aug-17,FDRL/INTERNAL FUND TRANSFE,,4-Aug-17,," 50,000.00 "," 1,209,823.06 "
409000493201',4-Aug-17,FDRL/INTERNAL FUND TRANSFE,,4-Aug-17,," 50,000.00 "," 1,259,823.06 "
409000493201',4-Aug-17,FDRL/INTERNAL FUND TRANSFE,,4-Aug-17,," 50,000.00 "," 1,309,823.06 "
409000493201',4-Aug-17,FDRL/INTERNAL FUND TRANSFE,,4-Aug-17,," 50,000.00 "," 1,359,823.06 "
409000493201',4-Aug-17,FDRL/INTERNAL FUND TRANSFE,,4-Aug-17,," 50,000.00 "," 1,409,823.06 "
409000493201',4-Aug-17,FDRL/INTERNAL FUND TRANSFE,,4-Aug-17,," 50,000.00 "," 1,459,823.06 "
409000493201',4-Aug-17,FDRL/INTERNAL FUND TRANSFE,,4-Aug-17,," 50,000.00 "," 1,509,823.06 "
409000493201',4-Aug-17,FDRL/INTERNAL FUND TRANSFE,,4-Aug-17,," 50,000.00 "," 1,559,823.06 "
409000493201',4-Aug-17,FDRL/INTERNAL FUND TRANSFE,,4-Aug-17,," 50,000.00 "," 1,609,823.06 "
409000493201',5-Aug-17,BBPS SETTMT DTD 050817,,5-Aug-17," 174,658.14 ",," 1,435,164.92 "
409000493201',7-Aug-17,BBPS SETMNT FOR DT 070820,,7-Aug-17," 126,978.66 ",," 1,308,186.26 "
409000493201',8-Aug-17,BBPS SETMNT FOR DT 080820,,8-Aug-17," 12,646.88 ",," 1,295,539.38 "
409000493201',9-Aug-17,BBPS SETMNT FOR DT 090820,,9-Aug-17," 234,382.52 ",," 1,061,156.86 "
409000493201',10-Aug-17,BBPS SETMNT FOR DT 100820,,10-Aug-17," 106,384.13 ",," 954,772.73 "
409000493201',11-Aug-17,BBPS SETMNT FOR DT 110820,,11-Aug-17," 137,544.04 ",," 817,228.69 "
409000493201',11-Aug-17,FDRL/INTERNAL FUND TRANSFE,,11-Aug-17,," 50,000.00 "," 867,228.69 "
409000493201',11-Aug-17,FDRL/INTERNAL FUND TRANSFE,,11-Aug-17,," 50,000.00 "," 917,228.69 "
409000493201',11-Aug-17,FDRL/INTERNAL FUND TRANSFE,,11-Aug-17,," 50,000.00 "," 967,228.69 "
409000493201',11-Aug-17,FDRL/INTERNAL FUND TRANSFE,,11-Aug-17,," 50,000.00 "," 1,017,228.69 "
409000493201',11-Aug-17,FDRL/INTERNAL FUND TRANSFE,,11-Aug-17,," 50,000.00 "," 1,067,228.69 "
409000493201',11-Aug-17,FDRL/INTERNAL FUND TRANSFE,,11-Aug-17,," 50,000.00 "," 1,117,228.69 "
409000493201',11-Aug-17,FDRL/INTERNAL FUND TRANSFE,,11-Aug-17,," 50,000.00 "," 1,167,228.69 "
409000493201',11-Aug-17,FDRL/INTERNAL FUND TRANSFE,,11-Aug-17,," 50,000.00 "," 1,217,228.69 "
409000493201',11-Aug-17,FDRL/INTERNAL FUND TRANSFE,,11-Aug-17,," 50,000.00 "," 1,267,228.69 "
409000493201',11-Aug-17,FDRL/INTERNAL FUND TRANSFE,,11-Aug-17,," 50,000.00 "," 1,317,228.69 "
409000493201',11-Aug-17,FDRL/INTERNAL FUND TRANSFE,,11-Aug-17,," 50,000.00 "," 1,367,228.69 "
409000493201',11-Aug-17,FDRL/INTERNAL FUND TRANSFE,,11-Aug-17,," 50,000.00 "," 1,417,228.69 "
409000493201',14-Aug-17,BBPS SETMNT FOR DT 110820,,14-Aug-17," 393,022.08 ",," 1,024,206.61 "
409000493201',16-Aug-17,BBPS SETMNT FOR DT 160820,,16-Aug-17," 320,215.84 ",," 703,990.77 "
409000493201',16-Aug-17,FDRL/INTERNAL FUND TRANSFE,,16-Aug-17,," 50,000.00 "," 753,990.77 "
409000493201',16-Aug-17,FDRL/INTERNAL FUND TRANSFE,,16-Aug-17,," 100,000.00 "," 853,990.77 "
409000493201',16-Aug-17,FDRL/INTERNAL FUND TRANSFE,,16-Aug-17,," 50,000.00 "," 903,990.77 "
409000493201',16-Aug-17,FDRL/INTERNAL FUND TRANSFE,,16-Aug-17,," 50,000.00 "," 953,990.77 "
409000493201',17-Aug-17,BBPS SETMNT FOR DT 170820,,17-Aug-17," 284,668.24 ",," 669,322.53 "
409000493201',17-Aug-17,TRF FRM  Indiaforensic SERVICES,,17-Aug-17,," 300,000.00 "," 969,322.53 "
409000493201',18-Aug-17,BBPS SETMNT FOR DT 180820,,18-Aug-17," 173,738.94 ",," 795,583.59 "
409000493201',18-Aug-17,TRF FROM  Indiaforensic SERVICES,,18-Aug-17,," 700,000.00 "," 1,495,583.59 "
409000493201',19-Aug-17,BBPS SETMNT FOR DT 190820,,19-Aug-17," 312,417.98 ",," 1,183,165.61 "
409000493201',21-Aug-17,BBPS SETMNT FOR DT 210820,,21-Aug-17," 192,034.74 ",," 991,130.87 "
409000493201',22-Aug-17,BBPS SETMNT FOR DT 220820,,22-Aug-17," 197,829.48 ",," 793,301.39 "
409000493201',22-Aug-17,TRF FROM  Indiaforensic SERVICES,,22-Aug-17,," 300,000.00 "," 1,093,301.39 "
409000493201',23-Aug-17,BBPS SETMNT FOR DT 230820,,23-Aug-17," 196,623.90 ",," 896,677.49 "
409000493201',24-Aug-17,BBPS SETMNT FOR DT 240820,,24-Aug-17," 238,134.06 ",," 658,543.43 "
409000493201',24-Aug-17,TRF FROM  Indiaforensic SERVICES,,24-Aug-17,," 1,000,000.00 "," 1,658,543.43 "
409000493201',25-Aug-17,BBPS SETMNT FOR DT 250820,,25-Aug-17," 110,264.22 ",," 1,548,279.21 "
409000493201',28-Aug-17,BBPS SETMNT FOR DT 280820,,28-Aug-17," 292,705.76 ",," 1,255,573.45 "
409000493201',29-Aug-17,BBPS SETMNT FOR DT 290820,,29-Aug-17," 162,675.20 ",," 1,092,898.25 "
409000493201',30-Aug-17,BBPS SETMNT FOR DT 300820,,30-Aug-17," 163,053.01 ",," 929,845.24 "
409000493201',31-Aug-17,BBPS SETMNT FOR DT 310820,,31-Aug-17," 135,399.38 ",," 794,445.86 "
409000493201',31-Aug-17,TRF FROM  Indiaforensic SERVICES,,31-Aug-17,," 300,000.00 "," 1,094,445.86 "
409000493201',1-Sep-17,BBPS SETMNT FOR DT 010920,,1-Sep-17," 95,113.98 ",," 999,331.88 "
409000493201',1-Sep-17,TRF FROM  Indiaforensic SERVICES,,1-Sep-17,," 300,000.00 "," 1,299,331.88 "
409000493201',4-Sep-17,BBPS SETMNT FOR DT 040920,,4-Sep-17," 215,378.07 ",," 1,083,953.81 "
409000493201',5-Sep-17,BBPS SETMNT FOR DT 050920,,5-Sep-17," 139,586.04 ",," 944,367.77 "
409000493201',5-Sep-17,TRF FROM  Indiaforensic SERVICES,,5-Sep-17,," 200,000.00 "," 1,144,367.77 "
409000493201',6-Sep-17,BBPS SETMNT FOR DT 060920,,6-Sep-17," 51,906.35 ",," 1,092,461.42 "
409000493201',7-Sep-17,BBPS SETMNT FOR DT 070920,,7-Sep-17," 103,643.52 ",," 988,817.90 "
409000493201',8-Sep-17,BBPS SETMNT FOR DT 080920,,8-Sep-17," 103,607.47 ",," 885,210.43 "
409000493201',8-Sep-17,TRF FROM  Indiaforensic SERVICES,,8-Sep-17,," 700,000.00 "," 1,585,210.43 "
409000493201',11-Sep-17,BBPS SETMNT FOR DT 110920,,11-Sep-17," 248,270.54 ",," 1,336,939.89 "
409000493201',12-Sep-17,BBPS SETMNT FOR DT 120920,,12-Sep-17," 198,397.74 ",," 1,138,542.15 "
409000493201',13-Sep-17,BBPS SETMNT FOR DT 130920,,13-Sep-17," 185,118.88 ",," 953,423.27 "
409000493201',14-Sep-17,BBPS SETMNT FOR DT 140920,,14-Sep-17," 153,981.32 ",," 799,441.95 "
409000493201',15-Sep-17,BBPS SETMNT FOR DT 150920,,15-Sep-17," 135,500.36 ",," 663,941.59 "
409000493201',15-Sep-17,TRF FROM  Indiaforensic SERVICES,,15-Sep-17,," 500,000.00 "," 1,163,941.59 "
409000493201',16-Sep-17,BBPS SETMNT FOR DT 160920,,16-Sep-17," 136,074.51 ",," 1,027,867.08 "
409000493201',18-Sep-17,BBPS SETMNT FOR DT 180920,,18-Sep-17," 249,806.20 ",," 778,060.88 "
409000493201',18-Sep-17,TRF FRM  Indiaforensic SERVICES,,18-Sep-17,," 300,000.00 "," 1,078,060.88 "
409000493201',19-Sep-17,BBPS SETMNT FOR DT 190920,,19-Sep-17," 209,833.19 ",," 868,227.69 "
409000493201',20-Sep-17,BBPS SETMNT FOR DT 200920,,20-Sep-17," 128,161.28 ",," 740,066.41 "
409000493201',20-Sep-17,TRF FROM  Indiaforensic SERVICES,,20-Sep-17,," 300,000.00 "," 1,040,066.41 "
409000493201',21-Sep-17,BBPS SETMNT FOR DT 210920,,21-Sep-17," 162,881.70 ",," 877,184.71 "
409000493201',22-Sep-17,BBPS SETMNT FOR DT 220920,,22-Sep-17," 144,857.19 ",," 732,327.52 "
409000493201',22-Sep-17,TRF FRM  Indiaforensic SERVICES,,22-Sep-17,," 500,000.00 "," 1,232,327.52 "
409000493201',25-Sep-17,BBPS SETMNT FOR DT 250920,,25-Sep-17," 364,716.38 ",," 867,611.14 "
409000493201',25-Sep-17,NEFT/FDRL666621043/ONE 97,,25-Sep-17,," 2,624.66 "," 870,235.80 "
409000493201',25-Sep-17,TRF FRM  Indiaforensic SERVICES,,25-Sep-17,," 300,000.00 "," 1,170,235.80 "
409000493201',26-Sep-17,BBPS SETMNT FOR DT 260920,,26-Sep-17," 182,120.07 ",," 988,115.73 "
409000493201',27-Sep-17,BBPS SETMNT FOR DT 270920,,27-Sep-17," 234,319.90 ",," 753,795.83 "
409000493201',27-Sep-17,TRF FRM  Indiaforensic SERVICES,,27-Sep-17,," 500,000.00 "," 1,253,795.83 "
409000493201',28-Sep-17,BBPS SETMNT FOR DT 280920,,28-Sep-17," 245,871.02 ",," 1,007,924.81 "
409000493201',29-Sep-17,BBPS SETMNT FOR DT 290920,,29-Sep-17," 157,424.01 ",," 850,500.80 "
409000493201',29-Sep-17,FDRL/INTERNAL FUND TRANSFE,,29-Sep-17,," 200,000.00 "," 1,050,500.80 "
409000493201',29-Sep-17,FDRL/INTERNAL FUND TRANSFE,,29-Sep-17,," 200,000.00 "," 1,250,500.80 "
409000493201',29-Sep-17,FDRL/INTERNAL FUND TRANSFE,,29-Sep-17,," 200,000.00 "," 1,450,500.80 "
409000493201',29-Sep-17,FDRL/INTERNAL FUND TRANSFE,,29-Sep-17,," 200,000.00 "," 1,650,500.80 "
409000493201',29-Sep-17,FDRL/INTERNAL FUND TRANSFE,,29-Sep-17,," 200,000.00 "," 1,850,500.80 "
409000493201',3-Oct-17,BBPS SETMNT FOR DT 031020,,3-Oct-17," 270,162.95 ",," 1,580,337.85 "
409000493201',4-Oct-17,BBPS SETMNT FOR DT 041020,,4-Oct-17," 181,195.86 ",," 1,399,141.99 "
409000493201',5-Oct-17,BBPS SETMNT FOR DT 051020,,5-Oct-17," 161,169.73 ",," 1,237,972.26 "
409000493201',6-Oct-17,BBPS SETMNT FOR DT 061020,,6-Oct-17," 89,091.32 ",," 1,148,880.94 "
409000493201',7-Oct-17,BBPS SETMNT FOR DT 071020,,7-Oct-17," 178,893.40 ",," 969,987.54 "
409000493201',9-Oct-17,BBPS SETMNT FOR DT 091020,,9-Oct-17," 214,144.33 ",," 755,843.21 "
409000493201',9-Oct-17,FDRL/INTERNAL FUND TRANSFE,,9-Oct-17,," 300,000.00 "," 1,055,843.21 "
409000493201',10-Oct-17,BBPS SETMNT FOR DT 101020,,10-Oct-17," 282,299.66 ",," 773,543.55 "
409000493201',11-Oct-17,FDRL/INTERNAL FUND TRANSFE,,11-Oct-17,," 300,000.00 "," 1,073,543.55 "
409000493201',11-Oct-17,BBPS SETMNT FOR DT 111020,,11-Oct-17," 114,192.42 ",," 959,351.13 "
409000493201',12-Oct-17,BBPS SETMNT FOR DT 121020,,12-Oct-17," 115,110.46 ",," 844,240.67 "
409000493201',13-Oct-17,BBPS SETMNT FOR DT 131020,,13-Oct-17," 176,862.77 ",," 667,377.90 "
409000493201',13-Oct-17,FDRL/INTERNAL FUND TRANSFE,,13-Oct-17,," 300,000.00 "," 967,377.90 "
409000493201',13-Oct-17,FDRL/INTERNAL FUND TRANSFE,,13-Oct-17,," 300,000.00 "," 1,267,377.90 "
409000493201',16-Oct-17,BBPS SETMNT FOR DT 161020,,16-Oct-17," 338,660.26 ",," 928,717.64 "
409000493201',17-Oct-17,BBPS SETMNT FOR DT 171020,,17-Oct-17," 197,665.59 ",," 731,052.05 "
409000493201',17-Oct-17,FDRL/INTERNAL FUND TRANSFE,,17-Oct-17,," 200,000.00 "," 931,052.05 "
409000493201',17-Oct-17,FDRL/INTERNAL FUND TRANSFE,,17-Oct-17,," 300,000.00 "," 1,231,052.05 "
409000493201',18-Oct-17,BBPS SETMNT FOR DT 181020,,18-Oct-17," 147,757.43 ",," 1,083,294.62 "
409000493201',18-Oct-17,FDRL/INTERNAL FUND TRANSFE,,18-Oct-17,," 200,000.00 "," 1,283,294.62 "
409000493201',18-Oct-17,FDRL/INTERNAL FUND TRANSFE,,18-Oct-17,," 300,000.00 "," 1,583,294.62 "
409000493201',19-Oct-17,BBPS SETMNT FOR DT 191020,,19-Oct-17," 118,763.54 ",," 1,464,531.08 "
409000493201',20-Oct-17,BBPS SETMNT FOR DT 201020,,20-Oct-17," 36,239.71 ",," 1,428,291.37 "
409000493201',21-Oct-17,BBPS SETMNT FOR DT 211020,,21-Oct-17," 61,013.30 ",," 1,367,278.07 "
409000493201',23-Oct-17,BBPS SETMNT FOR DT 231020,,23-Oct-17," 154,823.14 ",," 1,212,454.93 "
409000493201',24-Oct-17,BBPS SETMNT FOR DT 241020,,24-Oct-17," 201,777.25 ",," 1,010,677.68 "
409000493201',25-Oct-17,FDRL/INTERNAL FUND TRANSFE,,25-Oct-17,," 200,000.00 "," 1,210,677.68 "
409000493201',25-Oct-17,BBPS SETMNT FOR DT 251020,,25-Oct-17," 289,604.87 ",," 921,072.81 "
409000493201',26-Oct-17,BBPS SETMNT FOR DT 261020,,26-Oct-17," 203,242.03 ",," 717,830.78 "
409000493201',26-Oct-17,FDRL/INTERNAL FUND TRANSFE,,26-Oct-17,," 300,000.00 "," 1,017,830.78 "
409000493201',27-Oct-17,BBPS SETMNT FOR DT 271020,,27-Oct-17," 98,594.43 ",," 919,236.35 "
409000493201',27-Oct-17,FDRL/INTERNAL FUND TRANSFE,,27-Oct-17,," 200,000.00 "," 1,119,236.35 "
409000493201',27-Oct-17,FDRL/INTERNAL FUND TRANSFE,,27-Oct-17,," 300,000.00 "," 1,419,236.35 "
409000493201',27-Oct-17,FDRL/INTERNAL FUND TRANSFE,,27-Oct-17,," 300,000.00 "," 1,719,236.35 "
409000493201',30-Oct-17,BBPS SETMNT FOR DT 301020,,30-Oct-17," 322,374.79 ",," 1,396,861.56 "
409000493201',31-Oct-17,BBPS SETMNT FOR DT 311020,,31-Oct-17," 148,633.99 ",," 1,248,227.57 "
409000493201',1-Nov-17,BBPS SETMNT FOR DT 011120,,1-Nov-17," 131,475.17 ",," 1,116,752.40 "
409000493201',2-Nov-17,BBPS SETMNT FOR DT 021120,,2-Nov-17," 126,718.38 ",," 990,034.02 "
409000493201',2-Nov-17,FDRL/INTERNAL FUND TRANSFE,,2-Nov-17,," 300,000.00 "," 1,290,034.02 "
409000493201',3-Nov-17,BBPS SETMNT FOR DT 031120,,3-Nov-17," 111,962.51 ",," 1,178,071.51 "
409000493201',3-Nov-17,FDRL/INTERNAL FUND TRANSFE,,3-Nov-17,," 300,000.00 "," 1,478,071.51 "
409000493201',4-Nov-17,BBPS SETMNT FOR DT 041120,,4-Nov-17," 110,902.77 ",," 1,367,168.74 "
409000493201',6-Nov-17,BBPS SETMNT FOR DT 061120,,6-Nov-17," 150,019.78 ",," 1,217,148.96 "
409000493201',7-Nov-17,BBPS SETMNT FOR DT 071120,,7-Nov-17," 147,817.96 ",," 1,069,331.00 "
409000493201',8-Nov-17,BBPS SETMNT FOR DT 081120,,8-Nov-17," 159,473.08 ",," 909,857.92 "
409000493201',9-Nov-17,BBPS SETMNT FOR DT 091120,,9-Nov-17," 131,508.96 ",," 778,348.96 "
409000493201',9-Nov-17,FDRL/INTERNAL FUND TRANSFE,,9-Nov-17,," 300,000.00 "," 1,078,348.96 "
409000493201',10-Nov-17,BBPS SETMNT FOR DT 101120,,10-Nov-17," 156,605.52 ",," 921,743.44 "
409000493201',10-Nov-17,FDRL/INTERNAL FUND TRANSFE,,10-Nov-17,," 300,000.00 "," 1,221,743.44 "
409000493201',13-Nov-17,BBPS SETMNT FOR DT 131120,,13-Nov-17," 367,421.58 ",," 854,321.86 "
409000493201',13-Nov-17,FDRL/INTERNAL FUND TRANSFE,,13-Nov-17,," 300,000.00 "," 1,154,321.86 "
409000493201',14-Nov-17,BBPS SETMNT FOR DT 141120,,14-Nov-17," 231,316.89 ",," 923,004.97 "
409000493201',15-Nov-17,FDRL/INTERNAL FUND TRANSFE,,15-Nov-17,," 200,000.00 "," 1,123,004.97 "
409000493201',15-Nov-17,FDRL/INTERNAL FUND TRANSFE,,15-Nov-17,," 200,000.00 "," 1,323,004.97 "
409000493201',15-Nov-17,BBPS SETMNT FOR DT 151120,,15-Nov-17," 209,879.95 ",," 1,113,125.02 "
409000493201',16-Nov-17,BBPS SETMNT FOR DT 151120,,16-Nov-17," 134,194.84 ",," 978,930.18 "
409000493201',17-Nov-17,BBPS SETMNT FOR DT 171120,,17-Nov-17," 92,084.66 ",," 886,845.52 "
409000493201',17-Nov-17,FDRL/INTERNAL FUND TRANSFE,,17-Nov-17,," 200,000.00 "," 1,086,845.52 "
409000493201',17-Nov-17,FDRL/INTERNAL FUND TRANSFE,,17-Nov-17,," 200,000.00 "," 1,286,845.52 "
409000493201',18-Nov-17,BBPS SETMNT FOR DT 181120,,18-Nov-17," 196,560.06 ",," 1,090,285.46 "
409000493201',20-Nov-17,BBPS SETMNT FOR DT 201120,,20-Nov-17," 212,645.91 ",," 877,639.55 "
409000493201',20-Nov-17,FDRL/INTERNAL FUND TRANSFE,,20-Nov-17,," 300,000.00 "," 1,177,639.55 "
409000493201',20-Nov-17,FDRL/INTERNAL FUND TRANSFE,,20-Nov-17,," 200,000.00 "," 1,377,639.55 "
409000493201',20-Nov-17,BBPS CERTIFICATE FEE,,20-Nov-17," 472,000.00 ",," 905,639.55 "
409000493201',21-Nov-17,BBPS SETMNT FOR DT 211120,,21-Nov-17," 128,651.14 ",," 776,988.41 "
409000493201',21-Nov-17,FDRL/INTERNAL FUND TRANSFE,,21-Nov-17,," 300,000.00 "," 1,076,988.41 "
409000493201',22-Nov-17,BBPS SETMNT FOR DT 221120,,22-Nov-17," 146,827.17 ",," 930,161.24 "
409000493201',23-Nov-17,BBPS SETMNT FOR DT 231120,,23-Nov-17," 171,906.20 ",," 758,255.04 "
409000493201',24-Nov-17,FDRL/INTERNAL FUND TRANSFE,,24-Nov-17,," 200,000.00 "," 958,255.04 "
409000493201',24-Nov-17,FDRL/INTERNAL FUND TRANSFE,,24-Nov-17,," 200,000.00 "," 1,158,255.04 "
409000493201',24-Nov-17,BBPS SETMNT FOR DT 241120,,24-Nov-17," 75,972.29 ",," 1,082,282.75 "
409000493201',27-Nov-17,BBPS SETMNT FOR DT 271120,,27-Nov-17," 402,695.51 ",," 679,587.24 "
409000493201',27-Nov-17,FDRL/INTERNAL FUND TRANSFE,,27-Nov-17,," 300,000.00 "," 979,587.24 "
409000493201',28-Nov-17,BBPS SETMNT FOR DT 281120,,28-Nov-17," 256,117.48 ",," 723,469.76 "
409000493201',28-Nov-17,FDRL/INTERNAL FUND TRANSFE,,28-Nov-17,," 300,000.00 "," 1,023,469.76 "
409000493201',29-Nov-17,BBPS SETMNT FOR DT 291120,,29-Nov-17," 112,778.71 ",," 910,691.05 "
409000493201',30-Nov-17,BBPS SETMNT FOR DT 301120,,30-Nov-17," 82,700.97 ",," 827,990.08 "
409000493201',1-Dec-17,BBPS SETMNT FOR DT 011220,,1-Dec-17," 97,833.76 ",," 730,156.32 "
409000493201',2-Dec-17,BBPS SETMNT FOR DT 021220,,2-Dec-17," 100,187.20 ",," 629,969.12 "
409000493201',2-Dec-17,FDRL/INTERNAL FUND TRANSFE,,2-Dec-17,," 200,000.00 "," 829,969.12 "
409000493201',2-Dec-17,FDRL/INTERNAL FUND TRANSFE,,2-Dec-17,," 200,000.00 "," 1,029,969.12 "
409000493201',4-Dec-17,BBPS SETMNT FOR DT 041220,,4-Dec-17," 138,532.32 ",," 891,436.80 "
409000493201',5-Dec-17,FDRL/INTERNAL FUND TRANSFE,,5-Dec-17,," 300,000.00 "," 1,191,436.80 "
409000493201',5-Dec-17,BBPS SETMNT FOR DT 051220,,5-Dec-17," 144,026.13 ",," 1,047,410.67 "
409000493201',5-Dec-17,FDRL/INTERNAL FUND TRANSFE,,5-Dec-17,," 300,000.00 "," 1,347,410.67 "
409000493201',6-Dec-17,BBPS SETMNT FOR DT 061220,,6-Dec-17," 119,401.28 ",," 1,228,009.39 "
409000493201',7-Dec-17,BBPS SETMNT FOR DT 071220,,7-Dec-17," 127,675.25 ",," 1,100,334.14 "
409000493201',8-Dec-17,BBPS SETMNT FOR DT 081220,,8-Dec-17," 209,118.73 ",," 891,215.41 "
409000493201',8-Dec-17,FDRL/INTERNAL FUND TRANSFE,,8-Dec-17,," 200,000.00 "," 1,091,215.41 "
409000493201',8-Dec-17,FDRL/INTERNAL FUND TRANSFE,,8-Dec-17,," 200,000.00 "," 1,291,215.41 "
409000493201',11-Dec-17,BBPS SETMNT FOR DT 111220,,11-Dec-17," 472,783.03 ",," 818,432.38 "
409000493201',12-Dec-17,BBPS SETMNT FOR DT 121220,,12-Dec-17," 237,356.27 ",," 581,076.11 "
409000493201',12-Dec-17,FDRL/INTERNAL FUND TRANSFE,,12-Dec-17,," 300,000.00 "," 881,076.11 "
409000493201',13-Dec-17,BBPS SETMNT FOR DT 131220,,13-Dec-17," 186,908.67 ",," 694,167.44 "
409000493201',14-Dec-17,BBPS SETMNT FOR DT 141220,,14-Dec-17," 182,323.36 ",," 511,844.08 "
409000493201',14-Dec-17,FDRL/INTERNAL FUND TRANSFE,,14-Dec-17,," 200,000.00 "," 711,844.08 "
409000493201',14-Dec-17,FDRL/INTERNAL FUND TRANSFE,,14-Dec-17,," 200,000.00 "," 911,844.08 "
409000493201',15-Dec-17,BBPS SETMNT FOR DT 151220,,15-Dec-17," 184,047.01 ",," 727,797.07 "
409000493201',15-Dec-17,FDRL/INTERNAL FUND TRANSFE,,15-Dec-17,," 300,000.00 "," 1,027,797.07 "
409000493201',15-Dec-17,FDRL/INTERNAL FUND TRANSFE,,15-Dec-17,," 200,000.00 "," 1,227,797.07 "
409000493201',16-Dec-17,BBPS SETMNT FOR DT 161220,,16-Dec-17," 118,422.18 ",," 1,109,374.89 "
409000493201',18-Dec-17,FDRL/INTERNAL FUND TRANSFE,,18-Dec-17,," 200,000.00 "," 1,309,374.89 "
409000493201',18-Dec-17,FDRL/INTERNAL FUND TRANSFE,,18-Dec-17,," 200,000.00 "," 1,509,374.89 "
409000493201',18-Dec-17,BBPS SETMNT FOR DT 181220,,18-Dec-17," 216,222.65 ",," 1,293,152.24 "
409000493201',19-Dec-17,BBPS SETMNT FOR DT 191220,,19-Dec-17," 250,413.01 ",," 1,042,739.23 "
409000493201',20-Dec-17,BBPS SETMNT FOR DT 201220,,20-Dec-17," 169,273.67 ",," 873,465.56 "
409000493201',21-Dec-17,BBPS SETMNT FOR DT 211220,,21-Dec-17," 256,321.71 ",," 617,143.85 "
409000493201',22-Dec-17,FDRL/INTERNAL FUND TRANSFE,,22-Dec-17,," 200,000.00 "," 817,143.85 "
409000493201',22-Dec-17,FDRL/INTERNAL FUND TRANSFE,,22-Dec-17,," 300,000.00 "," 1,117,143.85 "
409000493201',22-Dec-17,BBPS SETMNT FOR DT 211220,,22-Dec-17," 183,516.69 ",," 933,627.16 "
409000493201',26-Dec-17,FDRL/INTERNAL FUND TRANSFE,,26-Dec-17,," 300,000.00 "," 1,233,627.16 "
409000493201',26-Dec-17,FDRL/INTERNAL FUND TRANSFE,,26-Dec-17,," 300,000.00 "," 1,533,627.16 "
409000493201',26-Dec-17,BBPS SETMNT FOR DT 261220,,26-Dec-17," 487,006.45 ",," 1,046,620.71 "
409000493201',27-Dec-17,FDRL/INTERNAL FUND TRANSFE,,27-Dec-17,," 200,000.00 "," 1,246,620.71 "
409000493201',27-Dec-17,FDRL/INTERNAL FUND TRANSFE,,27-Dec-17,," 200,000.00 "," 1,446,620.71 "
409000493201',27-Dec-17,BBPS SETMNT FOR DT 271220,,27-Dec-17," 175,551.70 ",," 1,271,069.01 "
409000493201',28-Dec-17,BBPS SETMNT FOR DT 281201,,28-Dec-17," 171,619.00 ",," 1,099,450.01 "
409000493201',29-Dec-17,BBPS SETMNT FOR DT 291220,,29-Dec-17," 140,789.63 ",," 958,660.38 "
409000493201',29-Dec-17,FDRL/INTERNAL FUND TRANSFE,,29-Dec-17,," 200,000.00 "," 1,158,660.38 "
409000493201',29-Dec-17,FDRL/INTERNAL FUND TRANSFE,,29-Dec-17,," 300,000.00 "," 1,458,660.38 "
409000493201',29-Dec-17,FDRL/INTERNAL FUND TRANSFE,,29-Dec-17,," 200,000.00 "," 1,658,660.38 "
409000493201',30-Dec-17,BBPS SETMNT FOR DT 301220,,30-Dec-17," 82,142.95 ",," 1,576,517.43 "
409000493201',1-Jan-18,BBPS SETMNT FOR DT 010120,,1-Jan-18," 199,758.22 ",," 1,376,759.21 "
409000493201',2-Jan-18,BBPS SETMNT FOR DT 020120,,2-Jan-18," 61,493.58 ",," 1,315,265.63 "
409000493201',2-Jan-18,FDRL/INTERNAL FUND TRANSFE,,2-Jan-18,," 200,000.00 "," 1,515,265.63 "
409000493201',2-Jan-18,FDRL/INTERNAL FUND TRANSFE,,2-Jan-18,," 200,000.00 "," 1,715,265.63 "
409000493201',3-Jan-18,BBPS SETMNT FOR DT 030120,,3-Jan-18," 131,874.52 ",," 1,583,391.11 "
409000493201',4-Jan-18,BBPS SETMNT FOR DT 040120,,4-Jan-18," 107,971.83 ",," 1,475,419.28 "
409000493201',5-Jan-18,BBPS SETMNT FOR DT 050120,,5-Jan-18," 119,145.09 ",," 1,356,274.19 "
409000493201',6-Jan-18,BBPS SETMNT FOR DT 060120,,6-Jan-18," 115,908.12 ",," 1,240,366.07 "
409000493201',8-Jan-18,BBPS SETMNT FOR DT 080120,,8-Jan-18," 174,434.50 ",," 1,065,931.57 "
409000493201',8-Jan-18,FDRL/INTERNAL FUND TRANSFE,,8-Jan-18,," 200,000.00 "," 1,265,931.57 "
409000493201',8-Jan-18,FDRL/INTERNAL FUND TRANSFE,,8-Jan-18,," 200,000.00 "," 1,465,931.57 "
409000493201',9-Jan-18,BBPS SETMNT FOR DT 090012,,9-Jan-18," 165,694.99 ",," 1,300,236.58 "
409000493201',10-Jan-18,BBPS SETMNT FOR DT 100120,,10-Jan-18," 187,584.02 ",," 1,112,652.56 "
409000493201',11-Jan-18,BBPS SETMNT FOR DT 110120,,11-Jan-18," 124,081.29 ",," 988,571.27 "
409000493201',12-Jan-18,BBPS SETMNT FOR DT 120120,,12-Jan-18," 175,473.28 ",," 813,097.99 "
409000493201',12-Jan-18,FDRL/INTERNAL FUND TRANSFE,,12-Jan-18,," 300,000.00 "," 1,113,097.99 "
409000493201',12-Jan-18,FDRL/INTERNAL FUND TRANSFE,,12-Jan-18,," 300,000.00 "," 1,413,097.99 "
409000493201',15-Jan-18,BBPS SETMNT FOR DT 150120,,15-Jan-18," 239,083.95 ",," 1,174,014.04 "
409000493201',16-Jan-18,BBPS SETMNT FOR DT 160120,,16-Jan-18," 199,639.98 ",," 974,374.06 "
409000493201',17-Jan-18,BBPS SETMNT FOR DT 170120,,17-Jan-18," 184,162.48 ",," 790,211.58 "
409000493201',17-Jan-18,FDRL/INTERNAL FUND TRANSFE,,17-Jan-18,," 300,000.00 "," 1,090,211.58 "
409000493201',18-Jan-18,BBPS SETMNT FOR DT 180120,,18-Jan-18," 164,097.27 ",," 926,114.31 "
409000493201',19-Jan-18,BBPS SETMNT FOR DT 190120,,19-Jan-18," 160,649.42 ",," 765,464.89 "
409000493201',19-Jan-18,FDRL/INTERNAL FUND TRANSFE,,19-Jan-18,," 200,000.00 "," 965,464.89 "
409000493201',19-Jan-18,FDRL/INTERNAL FUND TRANSFE,,19-Jan-18,," 300,000.00 "," 1,265,464.89 "
409000493201',20-Jan-18,BBPS SETMNT FOR DT 200120,,20-Jan-18," 193,939.03 ",," 1,071,525.86 "
409000493201',22-Jan-18,BBPS SETMNT FOR DT 220120,,22-Jan-18," 153,880.37 ",," 917,645.49 "
409000493201',23-Jan-18,BBPS SETMNT FOR DT 230120,,23-Jan-18," 104,333.66 ",," 813,311.83 "
409000493201',23-Jan-18,FDRL/INTERNAL FUND TRANSFE,,23-Jan-18,," 300,000.00 "," 1,113,311.83 "
409000493201',24-Jan-18,BBPS SETMNT FOR DT 240120,,24-Jan-18," 137,310.84 ",," 976,000.99 "
409000493201',25-Jan-18,BBPS SETMNT FOR DT 250120,,25-Jan-18," 108,268.42 ",," 867,732.57 "
409000493201',25-Jan-18,FDRL/INTERNAL FUND TRANSFE,,25-Jan-18,," 300,000.00 "," 1,167,732.57 "
409000493201',25-Jan-18,FDRL/INTERNAL FUND TRANSFE,,25-Jan-18,," 300,000.00 "," 1,467,732.57 "
409000493201',29-Jan-18,BBPS SETMNT FOR DT 290120,,29-Jan-18," 252,550.92 ",," 1,215,181.65 "
409000493201',30-Jan-18,BBPS SETMNT FOR DT 300120,,30-Jan-18," 117,287.45 ",," 1,097,894.20 "
409000493201',31-Jan-18,BBPS SETMNT FOR DT 310120,,31-Jan-18," 82,482.93 ",," 1,015,411.27 "
409000493201',1-Feb-18,BBPS SETMNT FOR DT 010220,,1-Feb-18," 78,571.00 ",," 936,840.27 "
409000493201',2-Feb-18,BBPS SETMNT FOR DT 020220,,2-Feb-18," 87,199.44 ",," 849,640.83 "
409000493201',2-Feb-18,FDRL/INTERNAL FUND TRANSFE,,2-Feb-18,," 200,000.00 "," 1,049,640.83 "
409000493201',2-Feb-18,FDRL/INTERNAL FUND TRANSFE,,2-Feb-18,," 300,000.00 "," 1,349,640.83 "
409000493201',3-Feb-18,BBPS SETMNT FOR DT 030220,,3-Feb-18," 38,505.91 ",," 1,311,134.92 "
409000493201',5-Feb-18,BBPS SETMNT FOR DT 050220,,5-Feb-18," 70,066.41 ",," 1,241,068.51 "
409000493201',6-Feb-18,BBPS DT 06022018,,6-Feb-18," 87,969.60 ",," 1,153,098.91 "
409000493201',7-Feb-18,BBPS DT 07022018,,7-Feb-18," 91,827.28 ",," 1,061,271.63 "
409000493201',8-Feb-18,BBPS DT 08022018,,8-Feb-18," 55,919.43 ",," 1,005,352.20 "
409000493201',9-Feb-18,BBPS DT 09022018,,9-Feb-18," 153,450.94 ",," 851,901.26 "
409000493201',9-Feb-18,FDRL/INTERNAL FUND TRANSFE,,9-Feb-18,," 200,000.00 "," 1,051,901.26 "
409000493201',9-Feb-18,FDRL/INTERNAL FUND TRANSFE,,9-Feb-18,," 300,000.00 "," 1,351,901.26 "
409000493201',12-Feb-18,BBPS DT 12022018,,12-Feb-18," 171,840.28 ",," 1,180,060.98 "
409000493201',13-Feb-18,BBPS DT 13022018,,13-Feb-18," 37,837.59 ",," 1,142,223.39 "
409000493201',14-Feb-18,BBPS DT 14022018,,14-Feb-18," 29,484.10 ",," 1,112,739.29 "
409000493201',15-Feb-18,BBPS DT 15022018,,15-Feb-18," 61,110.96 ",," 1,051,628.33 "
409000493201',16-Feb-18,BBPS DT 16022018,,16-Feb-18," 102,212.77 ",," 949,415.56 "
409000493201',16-Feb-18,FDRL/INTERNAL FUND TRANSFE,,16-Feb-18,," 300,000.00 "," 1,249,415.56 "
409000493201',17-Feb-18,BBPS DT 17022018,,17-Feb-18," 107,049.16 ",," 1,142,366.40 "
409000493201',19-Feb-18,BBPS DT 19022018,,19-Feb-18," 88,031.13 ",," 1,054,335.27 "
409000493201',20-Feb-18,BBPS DT 20022018,,20-Feb-18," 80,144.06 ",," 974,191.21 "
409000493201',21-Feb-18,BBPS DT 21022018,,21-Feb-18," 134,293.53 ",," 839,897.68 "
409000493201',22-Feb-18,BBPS DT 22022018,,22-Feb-18," 100,015.35 ",," 739,882.33 "
409000493201',22-Feb-18,FDRL/INTERNAL FUND TRANSFE,,22-Feb-18,," 300,000.00 "," 1,039,882.33 "
409000493201',22-Feb-18,FDRL/INTERNAL FUND TRANSFE,,22-Feb-18,," 200,000.00 "," 1,239,882.33 "
409000493201',23-Feb-18,BBPS DT 23022018,,23-Feb-18," 110,202.40 ",," 1,129,679.93 "
409000493201',26-Feb-18,BBPS DT 26022018,,26-Feb-18," 94,909.73 ",," 1,034,770.20 "
409000493201',27-Feb-18,BBPS DT 27022018,,27-Feb-18," 83,883.09 ",," 950,887.11 "
409000493201',28-Feb-18,BBPS DT 28022018,,28-Feb-18," 53,685.02 ",," 897,202.09 "
409000493201',1-Mar-18,BBPS DT 01032018,,1-Mar-18," 92,260.68 ",," 804,941.41 "
409000493201',1-Mar-18,FDRL/INTERNAL FUND TRANSFE,,1-Mar-18,," 300,000.00 "," 1,104,941.41 "
409000493201',1-Mar-18,FDRL/INTERNAL FUND TRANSFE,,1-Mar-18,," 200,000.00 "," 1,304,941.41 "
409000493201',2-Mar-18,BBPS DT 02032018,,2-Mar-18," 22,018.40 ",," 1,282,923.01 "
409000493201',3-Mar-18,BBPS DT 03032018,,3-Mar-18,," 35,851.19 "," 1,318,774.20 "
409000493201',5-Mar-18,BBPS DT 05032018,,5-Mar-18," 77,952.12 ",," 1,240,822.08 "
409000493201',6-Mar-18,BBPS DT 06032018,,6-Mar-18," 78,194.25 ",," 1,162,627.83 "
409000493201',7-Mar-18,BBPS SETTELET DTD 07.03.2,,7-Mar-18," 133,276.73 ",," 1,029,351.10 "
409000493201',8-Mar-18,BBPS DT 08032018,,8-Mar-18," 208,169.53 ",," 821,181.57 "
409000493201',9-Mar-18,BBPS DT 09032018,,9-Mar-18," 205,372.21 ",," 615,809.36 "
409000493201',9-Mar-18,FDRL/INTERNAL FUND TRANSFE,,9-Mar-18,," 200,000.00 "," 815,809.36 "
409000493201',9-Mar-18,FDRL/INTERNAL FUND TRANSFE,,9-Mar-18,," 200,000.00 "," 1,015,809.36 "
409000493201',12-Mar-18,FDRL/INTERNAL FUND TRANSFE,,12-Mar-18,," 200,000.00 "," 1,215,809.36 "
409000493201',12-Mar-18,BBPS DT 12032018,,12-Mar-18," 587,655.98 ",," 628,153.38 "
409000493201',12-Mar-18,FDRL/INTERNAL FUND TRANSFE,,12-Mar-18,," 200,000.00 "," 828,153.38 "
409000493201',12-Mar-18,FDRL/INTERNAL FUND TRANSFE,,12-Mar-18,," 300,000.00 "," 1,128,153.38 "
409000493201',13-Mar-18,BBPS DT 13032018,,13-Mar-18," 232,615.36 ",," 895,538.02 "
409000493201',14-Mar-18,BBPS DT 14032018,,14-Mar-18," 169,248.39 ",," 726,289.63 "
409000493201',14-Mar-18,FDRL/INTERNAL FUND TRANSFE,,14-Mar-18,," 300,000.00 "," 1,026,289.63 "
409000493201',15-Mar-18,BBPS DT 15032018,,15-Mar-18," 181,965.87 ",," 844,323.76 "
409000493201',16-Mar-18,BBPS DT 16032018,,16-Mar-18," 64,069.00 ",," 780,254.76 "
409000493201',16-Mar-18,FDRL/INTERNAL FUND TRANSFE,,16-Mar-18,," 200,000.00 "," 980,254.76 "
409000493201',16-Mar-18,FDRL/INTERNAL FUND TRANSFE,,16-Mar-18,," 300,000.00 "," 1,280,254.76 "
409000493201',17-Mar-18,BBPS DT 17032018,,17-Mar-18," 121,924.84 ",," 1,158,329.92 "
409000493201',19-Mar-18,BBPS DT 19032018,,19-Mar-18," 43,998.98 ",," 1,114,330.94 "
409000493201',20-Mar-18,BBPS DT 20032018,,20-Mar-18," 226,245.30 ",," 888,085.64 "
409000493201',20-Mar-18,FDRL/INTERNAL FUND TRANSFE,,20-Mar-18,," 200,000.00 "," 1,088,085.64 "
409000493201',21-Mar-18,BBPS DT 21032018,,21-Mar-18," 174,291.75 ",," 913,793.89 "
409000493201',21-Mar-18,BBPS  DT 12022018,,21-Mar-18," 50,650.62 ",," 863,143.27 "
409000493201',21-Mar-18,REV BBPS  DT 12022018,,21-Mar-18,," 171,840.28 "," 1,034,983.55 "
409000493201',22-Mar-18,BBPS DT 22032018,,22-Mar-18," 99,571.00 ",," 935,412.55 "
409000493201',23-Mar-18,BBPS DT 23032018,,23-Mar-18," 68,100.91 ",," 867,311.64 "
409000493201',23-Mar-18,FDRL/INTERNAL FUND TRANSFE,,23-Mar-18,," 200,000.00 "," 1,067,311.64 "
409000493201',26-Mar-18,BBPS DT 26032018,,26-Mar-18," 138,542.03 ",," 928,769.61 "
409000493201',27-Mar-18,BBPS DT 27032018,,27-Mar-18," 117,114.79 ",," 811,654.82 "
409000493201',27-Mar-18,FDRL/INTERNAL FUND TRANSFE,,27-Mar-18,," 200,000.00 "," 1,011,654.82 "
409000493201',28-Mar-18,BBPS DT 28032018,,28-Mar-18," 168,011.64 ",," 843,643.18 "
409000493201',29-Mar-18,BBPS DT 29032018,,29-Mar-18," 117,919.02 ",," 725,724.16 "
409000493201',29-Mar-18,FDRL/INTERNAL FUND TRANSFE,,29-Mar-18,," 300,000.00 "," 1,025,724.16 "
409000493201',29-Mar-18,FDRL/INTERNAL FUND TRANSFE,,29-Mar-18,," 200,000.00 "," 1,225,724.16 "
409000493201',31-Mar-18,FDRL/INTERNAL FUND TRANSFE,,31-Mar-18,," 200,000.00 "," 1,425,724.16 "
409000493201',31-Mar-18,BBPS DT 31032018,,31-Mar-18," 213,036.21 ",," 1,212,687.95 "
409000493201',3-Apr-18,BBPS DT 03042018,,3-Apr-18," 62,142.89 ",," 1,150,545.06 "
409000493201',3-Apr-18,BBPS DT 02042018,,3-Apr-18," 54,010.29 ",," 1,096,534.77 "
409000493201',4-Apr-18,BBPS DT 04042018,,4-Apr-18," 40,282.34 ",," 1,056,252.43 "
409000493201',5-Apr-18,BBPS DT 05042018,,5-Apr-18," 118,388.47 ",," 937,863.96 "
409000493201',5-Apr-18,FDRL/INTERNAL FUND TRANSFE,,5-Apr-18,," 200,000.00 "," 1,137,863.96 "
409000493201',6-Apr-18,BBPS DT 06042018,,6-Apr-18," 123,743.72 ",," 1,014,120.24 "
409000493201',7-Apr-18,BBPS DT 07042018,,7-Apr-18," 197,932.71 ",," 816,187.53 "
409000493201',9-Apr-18,BBPS DT 09042018,,9-Apr-18," 235,573.75 ",," 580,613.78 "
409000493201',9-Apr-18,FDRL/INTERNAL FUND TRANSFE,,9-Apr-18,," 300,000.00 "," 880,613.78 "
409000493201',9-Apr-18,FDRL/INTERNAL FUND TRANSFE,,9-Apr-18,," 300,000.00 "," 1,180,613.78 "
409000493201',10-Apr-18,BBPS DT 10042018,,10-Apr-18," 247,145.70 ",," 933,468.08 "
409000493201',11-Apr-18,BBPS DT 11042018,,11-Apr-18," 161,435.30 ",," 772,032.78 "
409000493201',11-Apr-18,FDRL/INTERNAL FUND TRANSFE,,11-Apr-18,," 300,000.00 "," 1,072,032.78 "
409000493201',12-Apr-18,BBPS DT 12042018,,12-Apr-18," 199,217.29 ",," 872,815.49 "
409000493201',12-Apr-18,FDRL/INTERNAL FUND TRANSFE,,12-Apr-18,," 300,000.00 "," 1,172,815.49 "
409000493201',13-Apr-18,BBPS DT 13042018,,13-Apr-18," 191,239.47 ",," 981,576.02 "
409000493201',13-Apr-18,FDRL/INTERNAL FUND TRANSFE,,13-Apr-18,," 200,000.00 "," 1,181,576.02 "
409000493201',13-Apr-18,FDRL/INTERNAL FUND TRANSFE,,13-Apr-18,," 200,000.00 "," 1,381,576.02 "
409000493201',16-Apr-18,BBPS DT 16042018,,16-Apr-18," 76,266.87 ",," 1,305,309.15 "
409000493201',16-Apr-18,BBPS DT 15042018,,16-Apr-18," 133,355.43 ",," 1,171,953.72 "
409000493201',16-Apr-18,BBPS DT 14042018,,16-Apr-18," 100,657.31 ",," 1,071,296.41 "
409000493201',17-Apr-18,BBPS SETTELET DTD 17.04.2,,17-Apr-18," 237,804.30 ",," 833,492.11 "
409000493201',17-Apr-18,FDRL/INTERNAL FUND TRANSFE,,17-Apr-18,," 200,000.00 "," 1,033,492.11 "
409000493201',18-Apr-18,BBPS DT 18042018,,18-Apr-18," 307,704.52 ",," 725,787.59 "
409000493201',18-Apr-18,FDRL/INTERNAL FUND TRANSFE,,18-Apr-18,," 200,000.00 "," 925,787.59 "
409000493201',18-Apr-18,FDRL/INTERNAL FUND TRANSFE,,18-Apr-18,," 300,000.00 "," 1,225,787.59 "
409000493201',19-Apr-18,BBPS DT 19042018,,19-Apr-18," 242,028.32 ",," 983,759.27 "
409000493201',20-Apr-18,BBPS DT 20042018,,20-Apr-18," 240,151.47 ",," 743,607.80 "
409000493201',21-Apr-18,BBPS DT 21042018,,21-Apr-18," 153,156.83 ",," 590,450.97 "
409000493201',21-Apr-18,FDRL/INTERNAL FUND TRANSFE,,21-Apr-18,," 300,000.00 "," 890,450.97 "
409000493201',21-Apr-18,FDRL/INTERNAL FUND TRANSFE,,21-Apr-18,," 300,000.00 "," 1,190,450.97 "
409000493201',23-Apr-18,BBPS DT 22042018,,23-Apr-18," 142,263.54 ",," 1,048,187.43 "
409000493201',23-Apr-18,BBPS DT 23042018,,23-Apr-18," 106,937.58 ",," 941,249.85 "
409000493201',24-Apr-18,BBPS DT 24042018,,24-Apr-18," 212,480.40 ",," 728,769.45 "
409000493201',24-Apr-18,FDRL/INTERNAL FUND TRANSFE,,24-Apr-18,," 300,000.00 "," 1,028,769.45 "
409000493201',24-Apr-18,FDRL/INTERNAL FUND TRANSFE,,24-Apr-18,," 200,000.00 "," 1,228,769.45 "
409000493201',24-Apr-18,FDRL/INTERNAL FUND TRANSFE,,24-Apr-18,," 200,000.00 "," 1,428,769.45 "
409000493201',25-Apr-18,BBPS DT 25042018,,25-Apr-18," 188,141.79 ",," 1,240,627.66 "
409000493201',26-Apr-18,BBPS DT 26042018,,26-Apr-18," 123,185.81 ",," 1,117,441.85 "
409000493201',27-Apr-18,BBPS DT 27042018,,27-Apr-18," 164,119.79 ",," 953,322.06 "
409000493201',27-Apr-18,FDRL/INTERNAL FUND TRANSFE,,27-Apr-18,," 300,000.00 "," 1,253,322.06 "
409000493201',27-Apr-18,FDRL/INTERNAL FUND TRANSFE,,27-Apr-18,," 300,000.00 "," 1,553,322.06 "
409000493201',27-Apr-18,Indiaforensic BBPS GURANATEE FEE,,27-Apr-18," 500,000.00 ",," 1,053,322.06 "
409000493201',30-Apr-18,BBPS DT 28042018,,30-Apr-18," 160,888.20 ",," 892,433.86 "
409000493201',30-Apr-18,BBPS DT 29042018,,30-Apr-18," 157,810.46 ",," 734,623.40 "
409000493201',30-Apr-18,BBPS DT 30042018,,30-Apr-18," 57,084.32 ",," 677,539.08 "
409000493201',30-Apr-18,FDRL/INTERNAL FUND TRANSFE,,30-Apr-18,," 200,000.00 "," 877,539.08 "
409000493201',1-May-18,BBPS DT 01052018,,1-May-18," 154,816.50 ",," 722,722.58 "
409000493201',1-May-18,FDRL/INTERNAL FUND TRANSFE,,1-May-18,," 200,000.00 "," 922,722.58 "
409000493201',1-May-18,FDRL/INTERNAL FUND TRANSFE,,1-May-18,," 200,000.00 "," 1,122,722.58 "
409000493201',2-May-18,BBPS DT 02052018,,2-May-18," 183,929.92 ",," 938,792.66 "
409000493201',3-May-18,BBPS DT 03052018,,3-May-18," 187,650.10 ",," 751,142.56 "
409000493201',3-May-18,FDRL/INTERNAL FUND TRANSFE,,3-May-18,," 300,000.00 "," 1,051,142.56 "
409000493201',4-May-18,BBPS DT 04052018,,4-May-18," 139,069.50 ",," 912,073.06 "
409000493201',4-May-18,FDRL/INTERNAL FUND TRANSFE,,4-May-18,," 200,000.00 "," 1,112,073.06 "
409000493201',4-May-18,FDRL/INTERNAL FUND TRANSFE,,4-May-18,," 300,000.00 "," 1,412,073.06 "
409000493201',5-May-18,BBPS DT 05052018,,5-May-18," 107,985.24 ",," 1,304,087.82 "
409000493201',7-May-18,BBPS DT 06052018,,7-May-18," 190,194.70 ",," 1,113,893.12 "
409000493201',7-May-18,BBPS DT 07052018,,7-May-18," 68,538.04 ",," 1,045,355.08 "
409000493201',8-May-18,BBPS DT 08052018,,8-May-18," 242,380.79 ",," 802,974.29 "
409000493201',8-May-18,FDRL/INTERNAL FUND TRANSFE,,8-May-18,," 300,000.00 "," 1,102,974.29 "
409000493201',9-May-18,BBPS DT 09052018,,9-May-18," 129,549.64 ",," 973,424.65 "
409000493201',9-May-18,FDRL/INTERNAL FUND TRANSFE,,9-May-18,," 300,000.00 "," 1,273,424.65 "
409000493201',10-May-18,BBPS DT 10052018,,10-May-18," 82,525.95 ",," 1,190,898.70 "
409000493201',11-May-18,BBPS DT 11052018,,11-May-18," 77,162.26 ",," 1,113,736.44 "
409000493201',14-May-18,FDRL/INTERNAL FUND TRANSFE,,14-May-18,," 300,000.00 "," 1,413,736.44 "
409000493201',14-May-18,BBPS DT 12052018,,14-May-18," 11,483.23 ",," 1,402,253.21 "
409000493201',14-May-18,BBPS DT 13052018,,14-May-18,," 22,479.51 "," 1,424,732.72 "
409000493201',14-May-18,BBPS DT 14052018,,14-May-18,," 109,368.29 "," 1,534,101.01 "
409000493201',15-May-18,BBPS DT 15052018,,15-May-18," 141,740.47 ",," 1,392,360.54 "
409000493201',16-May-18,BBPS DT 16052018,,16-May-18," 7,367.22 ",," 1,384,993.32 "
409000493201',17-May-18,BBPS DT 17052018,,17-May-18,," 13,011.68 "," 1,398,005.00 "
409000493201',19-May-18,BBPS DT 19052018,,19-May-18,," 20,256.89 "," 1,418,261.89 "
409000493201',19-May-18,BBPS DT 18052018,,19-May-18," 39,858.43 ",," 1,378,403.46 "
409000493201',21-May-18,BBPS DT 20052018,,21-May-18,," 17,961.93 "," 1,396,365.39 "
409000493201',21-May-18,BBPS DT 21052018,,21-May-18,," 41,666.35 "," 1,438,031.74 "
409000493201',22-May-18,BBPS DT 22052018,,22-May-18," 90,671.52 ",," 1,347,360.22 "
409000493201',23-May-18,BBPS DT 23052018,,23-May-18," 153,131.62 ",," 1,194,228.60 "
409000493201',24-May-18,BBPS DT 25052018,,24-May-18," 84,937.59 ",," 1,109,291.01 "
409000493201',25-May-18,BBPS DT 25052018,,25-May-18," 127,374.04 ",," 981,916.97 "
409000493201',28-May-18,BBPS DT 26052018,,28-May-18," 131,055.59 ",," 850,861.38 "
409000493201',28-May-18,BBPS DT 27052018,,28-May-18," 51,500.80 ",," 799,360.58 "
409000493201',28-May-18,BBPS DT 28052018,,28-May-18,," 53,022.28 "," 852,382.86 "
409000493201',28-May-18,FDRL/INTERNAL FUND TRANSFE,,28-May-18,," 300,000.00 "," 1,152,382.86 "
409000493201',29-May-18,BBPS DT 26052018,,29-May-18," 142,369.35 ",," 1,010,013.51 "
409000493201',30-May-18,BBPS DT 30052018,,30-May-18," 110,513.70 ",," 899,499.81 "
409000493201',30-May-18,FDRL/INTERNAL FUND TRANSFE,,30-May-18,," 300,000.00 "," 1,199,499.81 "
409000493201',31-May-18,BBPS DT 31052018,,31-May-18," 115,854.87 ",," 1,083,644.94 "
409000493201',1-Jun-18,BBPS DT 01062018,,1-Jun-18," 34,285.36 ",," 1,049,359.58 "
409000493201',2-Jun-18,BBPS DT 02062018,,2-Jun-18," 65,093.04 ",," 984,266.54 "
409000493201',4-Jun-18,BBPS DT 03062018,,4-Jun-18," 38,019.06 ",," 946,247.48 "
409000493201',4-Jun-18,BBPS DT 04062018,,4-Jun-18,," 14,181.98 "," 960,429.46 "
409000493201',5-Jun-18,BBPS DT 05062018,,5-Jun-18," 78,982.56 ",," 881,446.90 "
409000493201',6-Jun-18,BBPS DT 06062018,,6-Jun-18," 64,415.11 ",," 817,031.79 "
409000493201',7-Jun-18,BBPS DT 07062018,,7-Jun-18," 97,510.32 ",," 719,521.47 "
409000493201',8-Jun-18,BBPS DT 08062018,,8-Jun-18," 25,366.64 ",," 694,154.83 "
409000493201',11-Jun-18,FDRL/INTERNAL FUND TRANSFE,,11-Jun-18,," 300,000.00 "," 994,154.83 "
409000493201',11-Jun-18,FDRL/INTERNAL FUND TRANSFE,,11-Jun-18,," 300,000.00 "," 1,294,154.83 "
409000493201',11-Jun-18,BBPS DT 09062018,,11-Jun-18," 27,920.62 ",," 1,266,234.21 "
409000493201',11-Jun-18,BBPS DT 10062018,,11-Jun-18," 8,112.82 ",," 1,258,121.39 "
409000493201',11-Jun-18,BBPS DT 11062018,,11-Jun-18,," 82,132.09 "," 1,340,253.48 "
409000493201',12-Jun-18,BBPS DT 12062018,,12-Jun-18," 29,859.18 ",," 1,310,394.30 "
409000493201',13-Jun-18,BBPS DT 13062018,,13-Jun-18," 16,905.35 ",," 1,293,488.95 "
409000493201',14-Jun-18,BBPS DT 14062018,,14-Jun-18," 39,815.49 ",," 1,253,673.46 "
409000493201',15-Jun-18,BBPS DT 15062018,,15-Jun-18," 30,196.44 ",," 1,223,477.02 "
409000493201',18-Jun-18,BBPS DT 16062018,,18-Jun-18," 12,958.25 ",," 1,210,518.77 "
409000493201',18-Jun-18,BBPS DT 17062018,,18-Jun-18,," 43,963.21 "," 1,254,481.98 "
409000493201',18-Jun-18,BBPS DT 18062018,,18-Jun-18,," 53,656.53 "," 1,308,138.51 "
409000493201',19-Jun-18,BBPS DT 19062018,,19-Jun-18," 180,907.04 ",," 1,127,231.47 "
409000493201',20-Jun-18,BBPS DT 20062018,,20-Jun-18," 146,123.98 ",," 981,107.49 "
409000493201',21-Jun-18,BBPS DT 21062018,,21-Jun-18," 71,360.10 ",," 909,747.39 "
409000493201',22-Jun-18,BBPS DT 22062018,,22-Jun-18," 34,623.77 ",," 875,123.62 "
409000493201',22-Jun-18,FDRL/INTERNAL FUND TRANSFE,,22-Jun-18,," 200,000.00 "," 1,075,123.62 "
409000493201',25-Jun-18,BBPS DT 23062018,,25-Jun-18," 24,246.10 ",," 1,050,877.52 "
409000493201',25-Jun-18,BBPS DT 24062018,,25-Jun-18," 26,719.16 ",," 1,024,158.36 "
409000493201',25-Jun-18,BBPS DT 25062018,,25-Jun-18,," 55,573.29 "," 1,079,731.65 "
409000493201',26-Jun-18,BBPS DT 26062018,,26-Jun-18," 48,110.56 ",," 1,031,621.09 "
409000493201',27-Jun-18,BBPS DT 27062018,,27-Jun-18," 63,907.21 ",," 967,713.88 "
409000493201',28-Jun-18,BBPS DT 28062018,,28-Jun-18," 23,085.44 ",," 944,628.44 "
409000493201',28-Jun-18,FDRL/INTERNAL FUND TRANSFE,,28-Jun-18,," 200,000.00 "," 1,144,628.44 "
409000493201',29-Jun-18,BBPS DT 29062018,,29-Jun-18," 3,341.29 ",," 1,141,287.15 "
409000493201',30-Jun-18,BBPS DT 30062018,,30-Jun-18," 12,252.00 ",," 1,129,035.15 "
409000493201',2-Jul-18,BBPS DT 01072018,,2-Jul-18," 22,571.88 ",," 1,106,463.27 "
409000493201',2-Jul-18,BBPS DT 02072018,,2-Jul-18,," 55,900.40 "," 1,162,363.67 "
409000493201',3-Jul-18,BBPS DT 03072018,,3-Jul-18,," 44,892.38 "," 1,207,256.05 "
409000493201',4-Jul-18,BBPS DT 04072018,,4-Jul-18," 6,904.87 ",," 1,200,351.18 "
409000493201',5-Jul-18,BBPS DT 05072018,,5-Jul-18,," 17,198.35 "," 1,217,549.53 "
409000493201',6-Jul-18,BBPS DT 06072018,,6-Jul-18," 29,872.95 ",," 1,187,676.58 "
409000493201',7-Jul-18,BBPS DT 07072018,,7-Jul-18,," 12,990.47 "," 1,200,667.05 "
409000493201',9-Jul-18,BBPS DT 09072018,,9-Jul-18,," 67,657.57 "," 1,268,324.62 "
409000493201',9-Jul-18,BBPS DT 08072018,,9-Jul-18," 29,077.09 ",," 1,239,247.53 "
409000493201',10-Jul-18,BBPS DT 10072018,,10-Jul-18," 90,684.03 ",," 1,148,563.50 "
409000493201',11-Jul-18,BBPS DT 11072018,,11-Jul-18," 66,435.79 ",," 1,082,127.71 "
409000493201',12-Jul-18,BBPS DT 12072018,,12-Jul-18," 121,795.12 ",," 960,332.59 "
409000493201',13-Jul-18,BBPS DT 13072018,,13-Jul-18," 41,636.56 ",," 918,696.03 "
409000493201',13-Jul-18,FDRL/INTERNAL FUND TRANSFE,,13-Jul-18,," 300,000.00 "," 1,218,696.03 "
409000493201',16-Jul-18,BBPS DT 14072018,,16-Jul-18," 53,279.64 ",," 1,165,416.39 "
409000493201',16-Jul-18,BBPS DT 15072018,,16-Jul-18,," 3,521.67 "," 1,168,938.06 "
409000493201',16-Jul-18,BBPS DT 16072018,,16-Jul-18,," 100,682.10 "," 1,269,620.16 "
409000493201',17-Jul-18,BBPS DT 17072018,,17-Jul-18," 100,369.80 ",," 1,169,250.36 "
409000493201',18-Jul-18,BBPS DT 18072018,,18-Jul-18," 76,026.55 ",," 1,093,223.81 "
409000493201',19-Jul-18,BBPS DT 19072018,,19-Jul-18," 30,494.01 ",," 1,062,729.80 "
409000493201',20-Jul-18,BBPS DT 20072018,,20-Jul-18," 90,799.39 ",," 971,930.41 "
409000493201',21-Jul-18,BBPS DT 21072018,,21-Jul-18,," 21,731.12 "," 993,661.53 "
409000493201',23-Jul-18,BBPS DT 22072018,,23-Jul-18,," 33,830.77 "," 1,027,492.30 "
409000493201',23-Jul-18,BBPS DT 23072018,,23-Jul-18,," 3,260.67 "," 1,030,752.97 "
409000493201',23-Jul-18,BBPS DT 23072018,,23-Jul-18,," 49,973.88 "," 1,080,726.85 "
409000493201',24-Jul-18,BBPS DT 24072018,,24-Jul-18,," 17,711.45 "," 1,098,438.30 "
409000493201',25-Jul-18,BBPS DT 25072018,,25-Jul-18," 97,234.02 ",," 1,001,204.28 "
409000493201',26-Jul-18,BBPS DT 26072018,,26-Jul-18," 22,302.35 ",," 978,901.93 "
409000493201',27-Jul-18,BBPS DT 27072018,,27-Jul-18,," 10,227.38 "," 989,129.31 "
409000493201',30-Jul-18,BBPS DT 28072018,,30-Jul-18,," 33,190.68 "," 1,022,319.99 "
409000493201',30-Jul-18,BBPS DT 29072018,,30-Jul-18," 4,625.14 ",," 1,017,694.85 "
409000493201',30-Jul-18,BBPS DT 30072018,,30-Jul-18,," 71,337.37 "," 1,089,032.22 "
409000493201',31-Jul-18,BBPS DT 31072018,,31-Jul-18," 29,089.53 ",," 1,059,942.69 "
409000493201',1-Aug-18,BBPS DT 01082018,,1-Aug-18," 30,347.75 ",," 1,029,594.94 "
409000493201',2-Aug-18,BBPS DT 02082018,,2-Aug-18,," 20,224.88 "," 1,049,819.82 "
409000493201',3-Aug-18,BBPS DT 03082018,,3-Aug-18," 4,795.33 ",," 1,045,024.49 "
409000493201',4-Aug-18,BBPS DT 04082018,,4-Aug-18," 14,728.37 ",," 1,030,296.12 "
409000493201',6-Aug-18,BBPS DT 05082018,,6-Aug-18,," 62,024.88 "," 1,092,321.00 "
409000493201',6-Aug-18,BBPS DT 06082018,,6-Aug-18,," 66,966.06 "," 1,159,287.06 "
409000493201',7-Aug-18,BBPS DT 07082018,,7-Aug-18," 35,934.87 ",," 1,123,352.19 "
409000493201',8-Aug-18,BBPS DT 08082018,,8-Aug-18," 10,667.64 ",," 1,112,684.55 "
409000493201',9-Aug-18,BBPS DT 09082018,,9-Aug-18,," 5,322.89 "," 1,118,007.44 "
409000493201',10-Aug-18,BBPS DT 10082018,,10-Aug-18,," 10,564.32 "," 1,128,571.76 "
409000493201',13-Aug-18,BBPS DT 11082018,,13-Aug-18,," 53,362.07 "," 1,181,933.83 "
409000493201',13-Aug-18,BBPS DT 12082018,,13-Aug-18,," 151,788.62 "," 1,333,722.45 "
409000493201',13-Aug-18,BBPS DT 13082018,,13-Aug-18,," 7,164.58 "," 1,340,887.03 "
409000493201',14-Aug-18,BBPS DT 14082018,,14-Aug-18,," 6,597.22 "," 1,347,484.25 "
409000493201',16-Aug-18,BBPS DT 15082018,,16-Aug-18,," 30,456.56 "," 1,377,940.81 "
409000493201',16-Aug-18,BBPS DT 16082018,,16-Aug-18,," 156,813.87 "," 1,534,754.68 "
409000493201',17-Aug-18,BBPS DT 17082018,,17-Aug-18,," 94,982.32 "," 1,629,737.00 "
409000493201',18-Aug-18,BBPS DT 18082018,,18-Aug-18,," 77,676.77 "," 1,707,413.77 "
409000493201',20-Aug-18,BBPS DT 19082018,,20-Aug-18,," 54,826.71 "," 1,762,240.48 "
409000493201',20-Aug-18,BBPS DT 20082018,,20-Aug-18,," 176,705.41 "," 1,938,945.89 "
409000493201',21-Aug-18,BBPS DT 21082018,,21-Aug-18,," 39,601.83 "," 1,978,547.72 "
409000493201',23-Aug-18,BBPS DT 22082018,,23-Aug-18,," 137,436.94 "," 2,115,984.66 "
409000493201',23-Aug-18,BBPS DT 23082018,,23-Aug-18,," 114,273.52 "," 2,230,258.18 "
409000493201',23-Aug-18,TRF TO  Indiaforensic SERVICES I,,23-Aug-18," 1,000,000.00 ",," 1,230,258.18 "
409000493201',24-Aug-18,BBPS DT 24082018,,24-Aug-18,," 65,456.40 "," 1,295,714.58 "
409000493201',27-Aug-18,BBPS DT 25082018,,27-Aug-18,," 89,601.49 "," 1,385,316.07 "
409000493201',27-Aug-18,BBPS DT 26082018,,27-Aug-18,," 113,986.27 "," 1,499,302.34 "
409000493201',27-Aug-18,BBPS DT 27082018,,27-Aug-18,," 137,139.75 "," 1,636,442.09 "
409000493201',28-Aug-18,BBPS DT 28082018,,28-Aug-18,," 58,964.84 "," 1,695,406.93 "
409000493201',29-Aug-18,BBPS DT 29082018,,29-Aug-18,," 71,493.16 "," 1,766,900.09 "
409000493201',30-Aug-18,BBPS DT 30082018,,30-Aug-18," 64,428.81 ",," 1,702,471.28 "
409000493201',31-Aug-18,BBPS DT 31082018,,31-Aug-18,," 8,238.05 "," 1,710,709.33 "
409000493201',1-Sep-18,BBPS DT 01092018,,1-Sep-18,," 93,996.73 "," 1,804,706.06 "
409000493201',3-Sep-18,BBPS DT 02092018,,3-Sep-18,," 159,127.05 "," 1,963,833.11 "
409000493201',3-Sep-18,BBPS DT 03092018,,3-Sep-18,," 233,904.54 "," 2,197,737.65 "
409000493201',3-Sep-18,TRF TO  Indiaforensic SERVICES I,,3-Sep-18," 1,000,000.00 ",," 1,197,737.65 "
409000493201',4-Sep-18,BBPS DT 04092018,,4-Sep-18,," 148,802.00 "," 1,346,539.65 "
409000493201',5-Sep-18,BBPS DT 05092018,,5-Sep-18,," 79,407.40 "," 1,425,947.05 "
409000493201',6-Sep-18,BBPS DT 06092018,,6-Sep-18,," 102,541.01 "," 1,528,488.06 "
409000493201',7-Sep-18,BBPS DT 07092018,,7-Sep-18,," 121,975.46 "," 1,650,463.52 "
409000493201',7-Sep-18,TRF TO  Indiaforensic SERVICES I,,7-Sep-18," 1,000,000.00 ",," 650,463.52 "
409000493201',10-Sep-18,BBPS DT 08092018,,10-Sep-18,," 68,254.49 "," 718,718.01 "
409000493201',10-Sep-18,BBPS DT 09092018,,10-Sep-18,," 179,898.57 "," 898,616.58 "
409000493201',10-Sep-18,BBPS DT 10092018,,10-Sep-18,," 102,201.02 "," 1,000,817.60 "
409000493201',11-Sep-18,BBPS DT 11092018,,11-Sep-18," 62,249.74 ",," 938,567.86 "
409000493201',12-Sep-18,BBPS DT 12092018,,12-Sep-18,," 80,279.07 "," 1,018,846.93 "
409000493201',13-Sep-18,BBPS DT 13092018,,13-Sep-18,," 60,012.23 "," 1,078,859.16 "
409000493201',14-Sep-18,BBPS DT 14092018,,14-Sep-18,," 125,122.85 "," 1,203,982.01 "
409000493201',15-Sep-18,BBPS DT 15092018,,15-Sep-18,," 120,905.14 "," 1,324,887.15 "
409000493201',17-Sep-18,BBPS DT 17092018,,17-Sep-18, 938.84 ,," 1,323,948.31 "
409000493201',17-Sep-18,BBPS DT 16092018,,17-Sep-18,," 113,977.87 "," 1,437,926.18 "
409000493201',17-Sep-18,TRF TO  Indiaforensic SERVICES I,,17-Sep-18," 900,000.00 ",," 537,926.18 "
409000493201',18-Sep-18,BBPS DT 18092018,,18-Sep-18," 6,542.73 ",," 531,383.45 "
409000493201',19-Sep-18,BBPS DT 19092018,,19-Sep-18,," 156,502.39 "," 687,885.84 "
409000493201',20-Sep-18,BBPS DT 20092018,,20-Sep-18,," 161,689.32 "," 849,575.16 "
409000493201',21-Sep-18,BBPS DT 21092018,,21-Sep-18,," 192,331.28 "," 1,041,906.44 "
409000493201',24-Sep-18,BBPS DT 23092018,,24-Sep-18," 100,527.62 ",," 941,378.82 "
409000493201',24-Sep-18,BBPS DT 22092018,,24-Sep-18,," 13,361.85 "," 954,740.67 "
409000493201',24-Sep-18,BBPS DT 24092018,,24-Sep-18," 63,048.84 ",," 891,691.83 "
409000493201',25-Sep-18,BBPS DT 25092018,,25-Sep-18," 202,530.64 ",," 689,161.19 "
409000493201',26-Sep-18,BBPS DT 26092018,,26-Sep-18,," 49,876.46 "," 739,037.65 "
409000493201',27-Sep-18,BBPS DT 27092018,,27-Sep-18,," 67,155.84 "," 806,193.49 "
409000493201',28-Sep-18,BBPS  DT 28092018,,28-Sep-18,," 277,871.07 "," 1,084,064.56 "
409000493201',28-Sep-18,TRF TO  Indiaforensic SERVICES I,,28-Sep-18," 500,000.00 ",," 584,064.56 "
409000493201',29-Sep-18,FDRL/INTERNAL FUND TRANSFE,,29-Sep-18,," 100,000.00 "," 684,064.56 "
409000493201',29-Sep-18,BBPS  DT 29092018,,29-Sep-18," 127,682.12 ",," 556,382.44 "
409000493201',1-Oct-18,BBPS  DT 30092018,,1-Oct-18,," 244,133.61 "," 800,516.05 "
409000493201',1-Oct-18,BBPS  DT 01102018,,1-Oct-18,," 254,293.54 "," 1,054,809.59 "
409000493201',3-Oct-18,BBPS DT 02102018,,3-Oct-18,," 202,370.40 "," 1,257,179.99 "
409000493201',3-Oct-18,BBPS DT 03102018,,3-Oct-18,," 314,101.50 "," 1,571,281.49 "
409000493201',4-Oct-18,BBPS DT 04102018,,4-Oct-18,," 233,096.74 "," 1,804,378.23 "
409000493201',4-Oct-18,TRF TO  Indiaforensic SERVICES I,,4-Oct-18," 1,000,000.00 ",," 804,378.23 "
409000493201',5-Oct-18,BBPS DT 05102018,,5-Oct-18,," 250,778.13 "," 1,055,156.36 "
409000493201',5-Oct-18,TRF TO  Indiaforensic SERVICES I,,5-Oct-18," 400,000.00 ",," 655,156.36 "
409000493201',6-Oct-18,BBPS DT 06102018,,6-Oct-18,," 235,850.74 "," 891,007.10 "
409000493201',8-Oct-18,BBPS DT 07102018,,8-Oct-18,," 276,293.62 "," 1,167,300.72 "
409000493201',8-Oct-18,BBPS DT 08102018,,8-Oct-18,," 358,259.54 "," 1,525,560.26 "
409000493201',9-Oct-18,BBPS DT 09102018,,9-Oct-18,," 130,070.96 "," 1,655,631.22 "
409000493201',9-Oct-18,TRF TO  Indiaforensic SERVICES I,,9-Oct-18," 800,000.00 ",," 855,631.22 "
409000493201',10-Oct-18,BBPS DT 10102018,,10-Oct-18,," 200,021.22 "," 1,055,652.44 "
409000493201',11-Oct-18,BBPS DT 11102018,,11-Oct-18,," 242,343.57 "," 1,297,996.01 "
409000493201',11-Oct-18,TRF TO  Indiaforensic SERVICES I,,11-Oct-18," 600,000.00 ",," 697,996.01 "
409000493201',12-Oct-18,BBPS DT 12102018,,12-Oct-18,," 263,821.96 "," 961,817.97 "
409000493201',15-Oct-18,BBPS DT 13102018,,15-Oct-18,," 324,167.89 "," 1,285,985.86 "
409000493201',15-Oct-18,BBPS DT 14102018,,15-Oct-18,," 303,093.88 "," 1,589,079.74 "
409000493201',15-Oct-18,BBPS DT 15102018,,15-Oct-18,," 322,041.12 "," 1,911,120.86 "
409000493201',15-Oct-18,TRF TO  Indiaforensic SERVICES I,,15-Oct-18," 1,000,000.00 ",," 911,120.86 "
409000493201',16-Oct-18,BBPS DT 16102018,,16-Oct-18,," 151,770.46 "," 1,062,891.32 "
409000493201',17-Oct-18,BBPS DT 17102018,,17-Oct-18,," 267,790.01 "," 1,330,681.33 "
409000493201',17-Oct-18,TRF TO  Indiaforensic SERVICES I,,17-Oct-18," 500,000.00 ",," 830,681.33 "
409000493201',18-Oct-18,BBPS DT 18102018,,18-Oct-18,," 253,166.77 "," 1,083,848.10 "
409000493201',18-Oct-18,TRF TO  Indiaforensic SERVICES I,,18-Oct-18," 400,000.00 ",," 683,848.10 "
409000493201',19-Oct-18,BBPS DT 19102018,,19-Oct-18,," 336,915.95 "," 1,020,764.05 "
409000493201',20-Oct-18,BBPS DT 20102018,,20-Oct-18,," 349,274.16 "," 1,370,038.21 "
409000493201',22-Oct-18,BBPS DT 21102018,,22-Oct-18,," 307,784.50 "," 1,677,822.71 "
409000493201',22-Oct-18,BBPS DT 22102018,,22-Oct-18,," 416,939.17 "," 2,094,761.88 "
409000493201',22-Oct-18,TRF TO  Indiaforensic SERVICES I,,22-Oct-18," 1,300,000.00 ",," 794,761.88 "
409000493201',23-Oct-18,BBPS DT 23102018,,23-Oct-18,," 267,929.89 "," 1,062,691.77 "
409000493201',24-Oct-18,BBPS DT 24102018,,24-Oct-18,," 76,371.19 "," 1,139,062.96 "
409000493201',25-Oct-18,BBPS DT 25102018,,25-Oct-18,," 295,669.35 "," 1,434,732.31 "
409000493201',25-Oct-18,TRF TO  Indiaforensic SERVICES I,,25-Oct-18," 600,000.00 ",," 834,732.31 "
409000493201',26-Oct-18,BBPS DT 26102018,,26-Oct-18,," 126,310.53 "," 961,042.84 "
409000493201',29-Oct-18,BBPS DT 27102018,,29-Oct-18,," 198,833.67 "," 1,159,876.51 "
409000493201',29-Oct-18,BBPS DT 28102018,,29-Oct-18,," 282,479.10 "," 1,442,355.61 "
409000493201',29-Oct-18,BBPS DT 29102018,,29-Oct-18,," 330,885.85 "," 1,773,241.46 "
409000493201',29-Oct-18,TRF TO  Indiaforensic SERVICES I,,29-Oct-18," 1,000,000.00 ",," 773,241.46 "
409000493201',30-Oct-18,BBPS DT 30102018,,30-Oct-18,," 15,113.17 "," 788,354.63 "
409000493201',31-Oct-18,BBPS DT 31102018,,31-Oct-18,," 57,953.44 "," 846,308.07 "
409000493201',1-Nov-18,BBPS DT 01112018,,1-Nov-18,," 290,256.64 "," 1,136,564.71 "
409000493201',2-Nov-18,BBPS DT 02112018,,2-Nov-18,," 355,637.06 "," 1,492,201.77 "
409000493201',3-Nov-18,BBPS DT 03112018,,3-Nov-18,," 282,568.29 "," 1,774,770.06 "
409000493201',5-Nov-18,BBPS DT 04112018,,5-Nov-18,," 354,950.17 "," 2,129,720.23 "
409000493201',5-Nov-18,BBPS DT 05112018,,5-Nov-18,," 545,436.19 "," 2,675,156.42 "
409000493201',6-Nov-18,BBPS DT 06112018,,6-Nov-18,," 182,964.60 "," 2,858,121.02 "
409000493201',6-Nov-18,TRF TO  Indiaforensic SERVICES I,,6-Nov-18," 2,000,000.00 ",," 858,121.02 "
409000493201',7-Nov-18,BBPS DT 07112018,,7-Nov-18,," 471,757.52 "," 1,329,878.54 "
409000493201',8-Nov-18,BBPS DT 08112018,,8-Nov-18,," 375,507.73 "," 1,705,386.27 "
409000493201',9-Nov-18,BBPS DT 09112018,,9-Nov-18,," 506,473.63 "," 2,211,859.90 "
409000493201',12-Nov-18,BBPS DT 10112018,,12-Nov-18,," 352,561.10 "," 2,564,421.00 "
409000493201',12-Nov-18,BBPS DT 11112018,,12-Nov-18,," 290,327.23 "," 2,854,748.23 "
409000493201',12-Nov-18,BBPS DT 12112018,,12-Nov-18,," 419,224.80 "," 3,273,973.03 "
409000493201',12-Nov-18,TRF TO  Indiaforensic SERVICES I,,12-Nov-18," 2,500,000.00 ",," 773,973.03 "
409000493201',13-Nov-18,BBPS DT 13112008,,13-Nov-18,," 163,109.39 "," 937,082.42 "
409000493201',14-Nov-18,BBPS DT 14112008,,14-Nov-18,," 370,836.70 "," 1,307,919.12 "
409000493201',14-Nov-18,TRF TO  Indiaforensic SERVICES I,,14-Nov-18," 500,000.00 ",," 807,919.12 "
409000493201',15-Nov-18,BBPS DT 15112008,,15-Nov-18,," 375,417.76 "," 1,183,336.88 "
409000493201',15-Nov-18,TRF TO  Indiaforensic SERVICES I,,15-Nov-18," 500,000.00 ",," 683,336.88 "
409000493201',16-Nov-18,BBPS DT 16112008,,16-Nov-18,," 379,555.15 "," 1,062,892.03 "
409000493201',16-Nov-18,TRF TO  Indiaforensic SERVICES I,,16-Nov-18," 500,000.00 ",," 562,892.03 "
409000493201',17-Nov-18,BBPS DT 17112008,,17-Nov-18,," 322,009.05 "," 884,901.08 "
409000493201',19-Nov-18,BBPS DT 18112018,,19-Nov-18,," 500,434.76 "," 1,385,335.84 "
409000493201',19-Nov-18,BBPS DT 19112018,,19-Nov-18,," 481,280.06 "," 1,866,615.90 "
409000493201',20-Nov-18,BBPS DT 20112008,,20-Nov-18,," 436,410.64 "," 2,303,026.54 "
409000493201',20-Nov-18,TRF TO  Indiaforensic SERVICES I,,20-Nov-18," 1,700,000.00 ",," 603,026.54 "
409000493201',21-Nov-18,BBPS DT 21112008,,21-Nov-18,," 295,177.19 "," 898,203.73 "
409000493201',22-Nov-18,BBPS DT 22112008,,22-Nov-18,," 426,704.94 "," 1,324,908.67 "
409000493201',22-Nov-18,TRF TO  Indiaforensic SERVICES I,,22-Nov-18," 600,000.00 ",," 724,908.67 "
409000493201',23-Nov-18,BBPS DT 23112008,,23-Nov-18,," 423,446.49 "," 1,148,355.16 "
409000493201',26-Nov-18,BBPS DT 24112018,,26-Nov-18,," 398,309.17 "," 1,546,664.33 "
409000493201',26-Nov-18,BBPS DT 25112018,,26-Nov-18,," 313,533.71 "," 1,860,198.04 "
409000493201',26-Nov-18,BBPS DT 26112018,,26-Nov-18,," 463,841.24 "," 2,324,039.28 "
409000493201',26-Nov-18,TRF TO  Indiaforensic SERVICES I,,26-Nov-18," 1,700,000.00 ",," 624,039.28 "
409000493201',27-Nov-18,BBPS DT 27112008,,27-Nov-18,," 288,502.17 "," 912,541.45 "
409000493201',28-Nov-18,BBPS DT 28112008,,28-Nov-18,," 260,361.75 "," 1,172,903.20 "
409000493201',29-Nov-18,BBPS DT 29112008,,29-Nov-18,," 426,237.52 "," 1,599,140.72 "
409000493201',29-Nov-18,TRF TO  Indiaforensic SERVICES I,,29-Nov-18," 1,000,000.00 ",," 599,140.72 "
409000493201',30-Nov-18,BBPS DT 30112008,,30-Nov-18,," 335,997.77 "," 935,138.49 "
409000493201',1-Dec-18,BBPS DT 01122008,,1-Dec-18,," 268,923.12 "," 1,204,061.61 "
409000493201',3-Dec-18,BBPS DT 02122008,,3-Dec-18,," 271,416.97 "," 1,475,478.58 "
409000493201',3-Dec-18,BBPS DT 03122008,,3-Dec-18,," 291,149.66 "," 1,766,628.24 "
409000493201',3-Dec-18,TRF TO  Indiaforensic SERVICES I,,3-Dec-18," 1,200,000.00 ",," 566,628.24 "
409000493201',4-Dec-18,BBPS DT 04122008,,4-Dec-18,," 360,370.52 "," 926,998.76 "
409000493201',5-Dec-18,BBPS DT 05122008,,5-Dec-18,," 315,346.66 "," 1,242,345.42 "
409000493201',5-Dec-18,FDRL/INTERNAL FUND TRANSFE,,5-Dec-18,," 200,000.00 "," 1,442,345.42 "
409000493201',5-Dec-18,FDRL/INTERNAL FUND TRANSFE,,5-Dec-18,," 300,000.00 "," 1,742,345.42 "
409000493201',5-Dec-18,TRF TO  Indiaforensic SERVICES I,,5-Dec-18," 500,000.00 ",," 1,242,345.42 "
409000493201',6-Dec-18,BBPS DT 06122008,,6-Dec-18,," 403,296.60 "," 1,645,642.02 "
409000493201',7-Dec-18,BBPS DT 06122008,,7-Dec-18,," 615,753.17 "," 2,261,395.19 "
409000493201',7-Dec-18,TRF TO  Indiaforensic SERVICES I,,7-Dec-18," 1,500,000.00 ",," 761,395.19 "
409000493201',10-Dec-18,BBPS DT 08122018,,10-Dec-18,," 515,462.82 "," 1,276,858.01 "
409000493201',10-Dec-18,BBPS DT 09122018,,10-Dec-18,," 193,681.75 "," 1,470,539.76 "
409000493201',10-Dec-18,BBPS DT 10122018,,10-Dec-18,," 439,890.04 "," 1,910,429.80 "
409000493201',10-Dec-18,TRF TO  Indiaforensic SERVICES I,,10-Dec-18," 1,200,000.00 ",," 710,429.80 "
409000493201',11-Dec-18,BBPS DT 11122008,,11-Dec-18,," 245,690.74 "," 956,120.54 "
409000493201',12-Dec-18,BBPS DT 12122018,,12-Dec-18,," 361,675.89 "," 1,317,796.43 "
409000493201',13-Dec-18,BBPS DT 13122008,,13-Dec-18,," 126,219.22 "," 1,444,015.65 "
409000493201',13-Dec-18,TRF TO  Indiaforensic SERVICES I,,13-Dec-18," 800,000.00 ",," 644,015.65 "
409000493201',14-Dec-18,BBPS DT 14122018,,14-Dec-18,," 467,994.77 "," 1,112,010.42 "
409000493201',15-Dec-18,BBPS DT 15122018,,15-Dec-18,," 474,113.93 "," 1,586,124.35 "
409000493201',17-Dec-18,BBPS DT 17122018,,17-Dec-18,," 518,230.79 "," 2,104,355.14 "
409000493201',17-Dec-18,BBPS DT 16122018,,17-Dec-18,," 512,680.61 "," 2,617,035.75 "
409000493201',17-Dec-18,TRF TO  Indiaforensic SERVICES I,,17-Dec-18," 2,000,000.00 ",," 617,035.75 "
409000493201',18-Dec-18,BBPS DT 18122018,,18-Dec-18,," 148,602.58 "," 765,638.33 "
409000493201',19-Dec-18,BBPS DT 19122018,,19-Dec-18,," 193,871.01 "," 959,509.34 "
409000493201',20-Dec-18,BBPS DT 20122018,,20-Dec-18," 2,547.60 ",," 956,961.74 "
409000493201',20-Dec-18,BBPS DT 20122018,,20-Dec-18,," 183,822.29 "," 1,140,784.03 "
409000493201',20-Dec-18,TRF TO  Indiaforensic SERVICES I,,20-Dec-18," 500,000.00 ",," 640,784.03 "
409000493201',21-Dec-18,BBPS DT 21122018,,21-Dec-18,," 86,250.63 "," 727,034.66 "
409000493201',24-Dec-18,BBPS DT 23122018,,24-Dec-18," 182,440.81 ",," 544,593.85 "
409000493201',24-Dec-18,BBPS DT 22122018,,24-Dec-18," 3,261.88 ",," 541,331.97 "
409000493201',24-Dec-18,FDRL/INTERNAL FUND TRANSFE,,24-Dec-18,," 100,000.00 "," 641,331.97 "
409000493201',24-Dec-18,BBPS DT24122018  IMPS GL,,24-Dec-18," 99,820.78 ",," 541,511.19 "
409000493201',26-Dec-18,FDRL/INTERNAL FUND TRANSFE,,26-Dec-18,," 300,000.00 "," 841,511.19 "
409000493201',26-Dec-18,FDRL/INTERNAL FUND TRANSFE,,26-Dec-18,," 300,000.00 "," 1,141,511.19 "
409000493201',26-Dec-18,BBPS DT 26122018,,26-Dec-18," 214,821.75 ",," 926,689.44 "
409000493201',26-Dec-18,BBPS DT 25122018,,26-Dec-18," 242,437.03 ",," 684,252.41 "
409000493201',27-Dec-18,FDRL/INTERNAL FUND TRANSFE,,27-Dec-18,," 100,000.00 "," 784,252.41 "
409000493201',27-Dec-18,BBPS DT 27122018,,27-Dec-18," 209,147.76 ",," 575,104.65 "
409000493201',28-Dec-18,FDRL/INTERNAL FUND TRANSFE,,28-Dec-18,," 200,000.00 "," 775,104.65 "
409000493201',28-Dec-18,BBPS DT 28122018,,28-Dec-18," 200,080.84 ",," 575,023.81 "
409000493201',28-Dec-18,FDRL/INTERNAL FUND TRANSFE,,28-Dec-18,," 300,000.00 "," 875,023.81 "
409000493201',29-Dec-18,BBPS DT 29122018,,29-Dec-18," 146,825.27 ",," 728,198.54 "
409000493201',31-Dec-18,FDRL/INTERNAL FUND TRANSFE,,31-Dec-18,," 100,000.00 "," 828,198.54 "
409000493201',31-Dec-18,BBPS DT 30122018,,31-Dec-18," 117,494.93 ",," 710,703.61 "
409000493201',31-Dec-18,BBPS DT 31122018,,31-Dec-18," 50,376.69 ",," 660,326.92 "
409000493201',31-Dec-18,FDRL/INTERNAL FUND TRANSFE,,31-Dec-18,," 200,000.00 "," 860,326.92 "
409000493201',1-Jan-19,BBPS DT 01012019,,1-Jan-19," 160,965.27 ",," 699,361.65 "
409000493201',2-Jan-19,BBPS DT 02012019,,2-Jan-19," 38,298.74 ",," 661,062.91 "
409000493201',3-Jan-19,FDRL/INTERNAL FUND TRANSFE,,3-Jan-19,," 100,000.00 "," 761,062.91 "
409000493201',3-Jan-19,BBPS DT 03012019,,3-Jan-19," 94,509.56 ",," 666,553.35 "
409000493201',4-Jan-19,FDRL/INTERNAL FUND TRANSFE,,4-Jan-19,," 100,000.00 "," 766,553.35 "
409000493201',4-Jan-19,FDRL/INTERNAL FUND TRANSFE,,4-Jan-19,," 200,000.00 "," 966,553.35 "
409000493201',4-Jan-19,BBPS DT 04012019,,4-Jan-19," 124,836.90 ",," 841,716.45 "
409000493201',5-Jan-19,BBPS DT 05012019,,5-Jan-19," 82,438.52 ",," 759,277.93 "
409000493201',7-Jan-19,BBPS DT 06012019,,7-Jan-19," 146,158.69 ",," 613,119.24 "
409000493201',7-Jan-19,BBPS DT 07012019,,7-Jan-19," 90,624.51 ",," 522,494.73 "
409000493201',7-Jan-19,FDRL/INTERNAL FUND TRANSFE,,7-Jan-19,," 100,000.00 "," 622,494.73 "
409000493201',8-Jan-19,FDRL/INTERNAL FUND TRANSFE,,8-Jan-19,," 200,000.00 "," 822,494.73 "
409000493201',8-Jan-19,BBPS DT 08012019,,8-Jan-19," 200,263.25 ",," 622,231.48 "
409000493201',9-Jan-19,BBPS DT 09012019,,9-Jan-19," 155,967.41 ",," 466,264.07 "
409000493201',9-Jan-19,FDRL/INTERNAL FUND TRANSFE,,9-Jan-19,," 200,000.00 "," 666,264.07 "
409000493201',10-Jan-19,BBPS DT 10012019,,10-Jan-19," 130,922.36 ",," 535,341.71 "
409000493201',10-Jan-19,FDRL/INTERNAL FUND TRANSFE,,10-Jan-19,," 100,000.00 "," 635,341.71 "
409000493201',10-Jan-19,FDRL/INTERNAL FUND TRANSFE,,10-Jan-19,," 100,000.00 "," 735,341.71 "
409000493201',11-Jan-19,BBPS DT 05012019,,11-Jan-19," 125,569.82 ",," 609,771.89 "
409000493201',14-Jan-19,FDRL/INTERNAL FUND TRANSFE,,14-Jan-19,," 200,000.00 "," 809,771.89 "
409000493201',14-Jan-19,BBPS DT 12012019,,14-Jan-19," 86,420.15 ",," 723,351.74 "
409000493201',14-Jan-19,BBPS DT 13012019,,14-Jan-19," 89,563.51 ",," 633,788.23 "
409000493201',14-Jan-19,BBPS DT 14012019,,14-Jan-19," 78,829.57 ",," 554,958.66 "
409000493201',14-Jan-19,FDRL/INTERNAL FUND TRANSFE,,14-Jan-19,," 200,000.00 "," 754,958.66 "
409000493201',15-Jan-19,BBPS DT 15012019,,15-Jan-19," 216,993.16 ",," 537,965.50 "
409000493201',15-Jan-19,FDRL/INTERNAL FUND TRANSFE,,15-Jan-19,," 300,000.00 "," 837,965.50 "
409000493201',16-Jan-19,BBPS DT 16012019,,16-Jan-19," 191,929.33 ",," 646,036.17 "
409000493201',17-Jan-19,BBPS DT 17012019,,17-Jan-19," 126,215.90 ",," 519,820.27 "
409000493201',17-Jan-19,FDRL/INTERNAL FUND TRANSFE,,17-Jan-19,," 300,000.00 "," 819,820.27 "
409000493201',18-Jan-19,BBPS DT 18012019,,18-Jan-19," 130,791.71 ",," 689,028.56 "
409000493201',19-Jan-19,BBPS DT 19012019,,19-Jan-19," 192,484.66 ",," 496,543.90 "
409000493201',19-Jan-19,FDRL/INTERNAL FUND TRANSFE,,19-Jan-19,," 300,000.00 "," 796,543.90 "
409000493201',21-Jan-19,BBPS DT 20012019,,21-Jan-19," 102,723.80 ",," 693,820.10 "
409000493201',21-Jan-19,BBPS DT 21012019,,21-Jan-19," 89,496.01 ",," 604,324.09 "
409000493201',22-Jan-19,FDRL/INTERNAL FUND TRANSFE,,22-Jan-19,," 300,000.00 "," 904,324.09 "
409000493201',22-Jan-19,BBPS DT 22012019,,22-Jan-19," 264,718.05 ",," 639,606.04 "
409000493201',22-Jan-19,FDRL/INTERNAL FUND TRANSFE,,22-Jan-19,," 300,000.00 "," 939,606.04 "
409000493201',23-Jan-19,BBPS DT 23012019,,23-Jan-19," 203,288.12 ",," 736,317.92 "
409000493201',23-Jan-19,FDRL/INTERNAL FUND TRANSFE,,23-Jan-19,," 200,000.00 "," 936,317.92 "
409000493201',24-Jan-19,BBPS DT 24012019,,24-Jan-19," 210,283.26 ",," 726,034.66 "
409000493201',24-Jan-19,FDRL/INTERNAL FUND TRANSFE,,24-Jan-19,," 200,000.00 "," 926,034.66 "
409000493201',25-Jan-19,BBPS DT 25012019,,25-Jan-19," 160,068.63 ",," 765,966.03 "
409000493201',28-Jan-19,BBPS DT 26012019,,28-Jan-19," 184,208.33 ",," 581,757.70 "
409000493201',28-Jan-19,BBPS DT 27012019,,28-Jan-19," 70,743.08 ",," 511,014.62 "
409000493201',28-Jan-19,BBPS DT 28012019,,28-Jan-19," 40,666.41 ",," 470,348.21 "
409000493201',28-Jan-19,FDRL/INTERNAL FUND TRANSFE,,28-Jan-19,," 200,000.00 "," 670,348.21 "
409000493201',29-Jan-19,FDRL/INTERNAL FUND TRANSFE,,29-Jan-19,," 200,000.00 "," 870,348.21 "
409000493201',29-Jan-19,BBPS DT 29012019,,29-Jan-19," 356,676.85 ",," 513,671.36 "
409000493201',29-Jan-19,FDRL/INTERNAL FUND TRANSFE,,29-Jan-19,," 200,000.00 "," 713,671.36 "
409000493201',30-Jan-19,BBPS DT 30012019,,30-Jan-19," 241,598.45 ",," 472,072.91 "
409000493201',30-Jan-19,FDRL/INTERNAL FUND TRANSFE,,30-Jan-19,," 200,000.00 "," 672,072.91 "
409000493201',31-Jan-19,FDRL/INTERNAL FUND TRANSFE,,31-Jan-19,," 100,000.00 "," 772,072.91 "
409000493201',31-Jan-19,BBPS DT 31012019,,31-Jan-19," 207,386.49 ",," 564,686.42 "
409000493201',31-Jan-19,FDRL/INTERNAL FUND TRANSFE,,31-Jan-19,," 200,000.00 "," 764,686.42 "
409000493201',1-Feb-19,BBPS DT 01022019,,1-Feb-19," 194,258.69 ",," 570,427.73 "
409000493201',1-Feb-19,FDRL/INTERNAL FUND TRANSFE,,1-Feb-19,," 200,000.00 "," 770,427.73 "
409000493201',2-Feb-19,BBPS DT 02022019,,2-Feb-19," 99,147.70 ",," 671,280.03 "
409000493201',4-Feb-19,BBPS DT 03022019,,4-Feb-19," 96,122.11 ",," 575,157.92 "
409000493201',4-Feb-19,BBPS DT 04022019,,4-Feb-19," 32,352.14 ",," 542,805.78 "
409000493201',5-Feb-19,FDRL/INTERNAL FUND TRANSFE,,5-Feb-19,," 100,000.00 "," 642,805.78 "
409000493201',5-Feb-19,FDRL/INTERNAL FUND TRANSFE,,5-Feb-19,," 200,000.00 "," 842,805.78 "
409000493201',5-Feb-19,BBPS DT 05022019,,5-Feb-19," 181,443.09 ",," 661,362.69 "
409000493201',5-Feb-19,FDRL/INTERNAL FUND TRANSFE,,5-Feb-19,," 200,000.00 "," 861,362.69 "
409000493201',6-Feb-19,BBPS DT 06022019,,6-Feb-19," 216,238.51 ",," 645,124.18 "
409000493201',6-Feb-19,FDRL/INTERNAL FUND TRANSFE,,6-Feb-19,," 300,000.00 "," 945,124.18 "
409000493201',7-Feb-19,BBPS DT 07022019,,7-Feb-19," 171,418.15 ",," 773,706.03 "
409000493201',8-Feb-19,BBPS DT 08022019,,8-Feb-19," 149,942.60 ",," 623,763.43 "
409000493201',8-Feb-19,FDRL/INTERNAL FUND TRANSFE,,8-Feb-19,," 300,000.00 "," 923,763.43 "
409000493201',11-Feb-19,BBPS DT 09022019,,11-Feb-19," 110,277.09 ",," 813,486.34 "
409000493201',11-Feb-19,BBPS DT 10022019,,11-Feb-19," 80,808.84 ",," 732,677.50 "
409000493201',11-Feb-19,BBPS DT 11022019,,11-Feb-19," 33,114.80 ",," 699,562.70 "
409000493201',12-Feb-19,BBPS DT 12022019,,12-Feb-19," 116,967.69 ",," 582,595.01 "
409000493201',12-Feb-19,FDRL/INTERNAL FUND TRANSFE,,12-Feb-19,," 100,000.00 "," 682,595.01 "
409000493201',13-Feb-19,BBPS DT 13022019,,13-Feb-19," 90,749.23 ",," 591,845.78 "
409000493201',13-Feb-19,FDRL/INTERNAL FUND TRANSFE,,13-Feb-19,," 100,000.00 "," 691,845.78 "
409000493201',14-Feb-19,BBPS DT 14022019,,14-Feb-19," 96,638.52 ",," 595,207.26 "
409000493201',14-Feb-19,FDRL/INTERNAL FUND TRANSFE,,14-Feb-19,," 100,000.00 "," 695,207.26 "
409000493201',15-Feb-19,BBPS DT 15022019,,15-Feb-19," 132,416.61 ",," 562,790.65 "
409000493201',15-Feb-19,FDRL/INTERNAL FUND TRANSFE,,15-Feb-19,," 100,000.00 "," 662,790.65 "
409000493201',16-Feb-19,BBPS DT 16022019,,16-Feb-19," 199,604.27 ",," 463,186.38 "
409000493201',16-Feb-19,FDRL/INTERNAL FUND TRANSFE,,16-Feb-19,," 100,000.00 "," 563,186.38 "
409000493201',18-Feb-19,FDRL/INTERNAL FUND TRANSFE,,18-Feb-19,," 300,000.00 "," 863,186.38 "
409000493201',18-Feb-19,BBPS DT 17022019,,18-Feb-19," 109,270.49 ",," 753,915.89 "
409000493201',18-Feb-19,BBPS DT 18022019,,18-Feb-19," 57,932.84 ",," 695,983.05 "
409000493201',19-Feb-19,BBPS DT 19022019,,19-Feb-19," 181,484.83 ",," 514,498.22 "
409000493201',20-Feb-19,FDRL/INTERNAL FUND TRANSFE,,20-Feb-19,," 100,000.00 "," 614,498.22 "
409000493201',20-Feb-19,FDRL/INTERNAL FUND TRANSFE,,20-Feb-19,," 100,000.00 "," 714,498.22 "
409000493201',20-Feb-19,BBPS DT 20022019,,20-Feb-19," 145,202.42 ",," 569,295.80 "
409000493201',20-Feb-19,FDRL/INTERNAL FUND TRANSFE,,20-Feb-19,," 100,000.00 "," 669,295.80 "
409000493201',21-Feb-19,BBPS DT 21022019,,21-Feb-19," 165,058.25 ",," 504,237.55 "
409000493201',21-Feb-19,FDRL/INTERNAL FUND TRANSFE,,21-Feb-19,," 300,000.00 "," 804,237.55 "
409000493201',22-Feb-19,BBPS DT 22022019,,22-Feb-19," 61,442.29 ",," 742,795.26 "
409000493201',25-Feb-19,FDRL/INTERNAL FUND TRANSFE,,25-Feb-19,," 100,000.00 "," 842,795.26 "
409000493201',25-Feb-19,BBPS DT 23022019,,25-Feb-19," 85,626.32 ",," 757,168.94 "
409000493201',25-Feb-19,BBPS DT 24022019,,25-Feb-19," 78,877.02 ",," 678,291.92 "
409000493201',25-Feb-19,BBPS DT 25022019,,25-Feb-19," 19,145.05 ",," 659,146.87 "
409000493201',25-Feb-19,FDRL/INTERNAL FUND TRANSFE,,25-Feb-19,," 100,000.00 "," 759,146.87 "
409000493201',26-Feb-19,BBPS DT 26022019,,26-Feb-19," 80,664.07 ",," 678,482.80 "
409000493201',26-Feb-19,BBPS TDS @2% OCT 18 VIJAY,,26-Feb-19, 2.70 ,," 678,480.10 "
409000493201',27-Feb-19,BBPS DT 27022019,,27-Feb-19," 135,504.16 ",," 542,975.94 "
409000493201',27-Feb-19,FDRL/INTERNAL FUND TRANSFE,,27-Feb-19,," 200,000.00 "," 742,975.94 "
409000493201',28-Feb-19,BBPS DT 28022019,,28-Feb-19," 92,031.56 ",," 650,944.38 "
409000493201',1-Mar-19,BBPS DT 01032019,,1-Mar-19," 118,475.77 ",," 532,468.61 "
409000493201',2-Mar-19,FDRL/INTERNAL FUND TRANSFE,,2-Mar-19,," 300,000.00 "," 832,468.61 "
409000493201',2-Mar-19,BBPS DT 02032019,,2-Mar-19," 16,440.61 ",," 816,028.00 "
409000493201',4-Mar-19,BBPS DT 03032019,,4-Mar-19," 59,110.48 ",," 756,917.52 "
409000493201',4-Mar-19,BBPS DT 04032019,,4-Mar-19," 3,002.37 ",," 753,915.15 "
409000493201',5-Mar-19,BBPS DT 05032019,,5-Mar-19," 10,331.83 ",," 743,583.32 "
409000425051',23-Feb-16,NEFT/SBIN316054519453/Mr,,23-Feb-16,," 21,000.00 "," 764,583.32 "
409000425051',23-Feb-16,NEFT/SBIN316054795331/Mr,,23-Feb-16,," 1,000.00 "," 765,583.32 "
409000425051',29-Feb-16,NEFT/SD1279001248/DHARAMB,,29-Feb-16,," 21,000.00 "," 786,583.32 "
409000425051',2-Mar-16,NEFT/SBIN116062424445/DEE,,2-Mar-16,," 21,000.00 "," 807,583.32 "
409000425051',30-Mar-16,NEFT/MAHBH16090571628/M/s,,30-Mar-16,," 20,000.00 "," 827,583.32 "
409000425051',6-Apr-16,NEFT/SD1290309312/VIDYART,,6-Apr-16,," 1,000.00 "," 828,583.32 "
409000425051',7-Apr-16,NEFT/BARBH16098696964/MOT,,7-Apr-16,," 1,000.00 "," 829,583.32 "
409000425051',8-Apr-16,NEFT/SAA33261155/SANJEET,,8-Apr-16,," 1,000.00 "," 830,583.32 "
409000425051',13-Apr-16,NEFT/BKIDN16104834588/KAV,,13-Apr-16,," 21,000.00 "," 851,583.32 "
409000425051',16-Apr-16,NEFT/CBINH16107289293/M S,,16-Apr-16,," 1,000.00 "," 852,583.32 "
409000425051',20-Apr-16,NEFT/BKIDN16111600591/KRI,,20-Apr-16,," 1,000.00 "," 853,583.32 "
409000425051',21-Apr-16,NEFT/STBP916112924171/UNI,,21-Apr-16,," 1,000.00 "," 854,583.32 "
409000425051',25-Apr-16,NEFT/SD1293975857/JAI RAM,,25-Apr-16,," 1,000.00 "," 855,583.32 "
409000425051',25-Apr-16,NEFT/SBIN116116210635/PAD,,25-Apr-16,," 21,000.00 "," 876,583.32 "
409000425051',5-May-16,NEFT/BKIDN16126554823/NAS,,5-May-16,," 21,000.00 "," 897,583.32 "
409000425051',6-May-16,NEFT/SBIN216127966232/RAV,,6-May-16,," 20,994.28 "," 918,577.60 "
409000425051',11-May-16,NEFT/CBINH16132151302/Mr.,,11-May-16,," 1,000.00 "," 919,577.60 "
409000425051',12-May-16,NEFT/IBKL160512086896/SUN,,12-May-16,," 21,000.00 "," 940,577.60 "
409000425051',12-May-16,NEFT/SBIN716133295639/PRA,,12-May-16,," 1,000.00 "," 941,577.60 "
409000425051',13-May-16,NEFT/SBIN816134053552/KAS,,13-May-16,," 1,000.00 "," 942,577.60 "
409000425051',13-May-16,NEFT/SBIN816134469009/Mr,,13-May-16,," 21,000.00 "," 963,577.60 "
409000425051',16-May-16,6.13713E+11,,16-May-16,," 5,000.00 "," 968,577.60 "
409000425051',16-May-16,6.13713E+11,,16-May-16,," 5,000.00 "," 973,577.60 "
409000425051',16-May-16,6.13713E+11,,16-May-16,," 5,000.00 "," 978,577.60 "
409000425051',16-May-16,6.13713E+11,,16-May-16,," 5,000.00 "," 983,577.60 "
409000425051',16-May-16,NEFT/SFB52108866/SUMAN EN,,16-May-16,," 21,000.00 "," 1,004,577.60 "
409000425051',17-May-16,6.13812E+11,,17-May-16,," 1,000.00 "," 1,005,577.60 "
409000425051',17-May-16,NEFT/CBINH16138124492/Mr.,,17-May-16,," 20,000.00 "," 1,025,577.60 "
409000425051',19-May-16,NEFT/CBINH16140123873/Mr.,,19-May-16,," 20,000.00 "," 1,045,577.60 "
409000425051',20-May-16,NEFT/BKIDN16141481959/KRI,,20-May-16,," 20,000.00 "," 1,065,577.60 "
409000425051',27-May-16,NEFT/SBIN616148454741/ARJ,,27-May-16,," 20,000.00 "," 1,085,577.60 "
409000425051',31-May-16,NEFT/CBINH16152A05238/MAN,,31-May-16,," 21,000.00 "," 1,106,577.60 "
409000425051',7-Jun-16,NEFT/SBIN616159262965/dee,,7-Jun-16,," 1,000.00 "," 1,107,577.60 "
409000425051',8-Jun-16,NEFT/SBIN616160853986/MOH,,8-Jun-16,," 1,000.00 "," 1,108,577.60 "
409000425051',8-Jun-16,NEFT/SBIN616160853413/ABB,,8-Jun-16,," 1,000.00 "," 1,109,577.60 "
409000425051',9-Jun-16,NEFT/BKIDN16161554131/DEE,,9-Jun-16,," 21,000.00 "," 1,130,577.60 "
409000425051',10-Jun-16,NEFT/SBIN916162127714/Mr,,10-Jun-16,," 1,000.00 "," 1,131,577.60 "
409000425051',16-Jun-16,NEFT/SD1308679702/MANOJ K,,16-Jun-16,," 12,000.00 "," 1,143,577.60 "
409000425051',16-Jun-16,NEFT/SBIN316168317601/RAK,,16-Jun-16,," 12,000.00 "," 1,155,577.60 "
409000425051',16-Jun-16,NEFT/SBIN316168348715/MUK,,16-Jun-16,," 12,000.00 "," 1,167,577.60 "
409000425051',16-Jun-16,NEFT/SBIN316168320808/MUK,,16-Jun-16,," 12,000.00 "," 1,179,577.60 "
409000425051',17-Jun-16,NEFT/SBIN316169520860/A D,,17-Jun-16,," 12,000.00 "," 1,191,577.60 "
409000425051',18-Jun-16,NEFT/FDRL439156264/ACHARIY,,18-Jun-16,," 21,000.00 "," 1,212,577.60 "
409000425051',22-Jun-16,NEFT/SAA34915621/SHIV SHA,,22-Jun-16,," 12,000.00 "," 1,224,577.60 "
409000425051',24-Jun-16,NEFT/SBIN616176940371/Mr,,24-Jun-16,," 1,000.00 "," 1,225,577.60 "
409000425051',27-Jun-16,NEFT/CBINH16179A02820/CHA,,27-Jun-16,," 12,000.00 "," 1,237,577.60 "
409000425051',27-Jun-16,NEFT/SBIN716179727588/Mr,,27-Jun-16,," 1,000.00 "," 1,238,577.60 "
409000425051',28-Jun-16,NEFT/SBIN816180176925/DEE,,28-Jun-16,," 20,000.00 "," 1,258,577.60 "
409000425051',29-Jun-16,NEFT/SBIN816181708340/GOB,,29-Jun-16,," 2,000.00 "," 1,260,577.60 "
409000425051',29-Jun-16,NEFT/SBIN816181725132/NAZ,,29-Jun-16,," 20,000.00 "," 1,280,577.60 "
409000425051',29-Jun-16,NEFT/SBIN816181727342/ABB,,29-Jun-16,," 20,000.00 "," 1,300,577.60 "
409000425051',29-Jun-16,6.18124E+11,,29-Jun-16,," 2,000.00 "," 1,302,577.60 "
409000425051',30-Jun-16,6.18213E+11,,30-Jun-16,," 2,000.00 "," 1,304,577.60 "
409000425051',30-Jun-16,NEFT/SAA205140562/RAJNISH,,30-Jun-16,," 1,000.00 "," 1,305,577.60 "
409000425051',30-Jun-16,NEFT/SBIN916182568748/JAW,,30-Jun-16,," 20,000.00 "," 1,325,577.60 "
409000425051',1-Jul-16,6.18311E+11,,1-Jul-16,," 1,000.00 "," 1,326,577.60 "
409000425051',1-Jul-16,6.18316E+11,,1-Jul-16,," 2,000.00 "," 1,328,577.60 "
409000425051',1-Jul-16,6.18318E+11,,1-Jul-16,," 2,000.00 "," 1,330,577.60 "
409000425051',3-Jul-16,6.18519E+11,,3-Jul-16,," 2,000.00 "," 1,332,577.60 "
409000425051',4-Jul-16,NEFT/SAA205977061/PRAVEEN,,4-Jul-16,," 1,000.00 "," 1,333,577.60 "
409000425051',4-Jul-16,NEFT/SBIN516186067895/Mrs,,4-Jul-16,," 21,000.00 "," 1,354,577.60 "
409000425051',5-Jul-16,NEFT/SBIN616187051242/MO,,5-Jul-16,," 21,000.00 "," 1,375,577.60 "
409000425051',6-Jul-16,6.18814E+11,,6-Jul-16,," 5,000.00 "," 1,380,577.60 "
409000425051',11-Jul-16,NEFT/SBIN816193916982/Mr,,11-Jul-16,," 1,000.00 "," 1,381,577.60 "
409000425051',11-Jul-16,6.19319E+11,,11-Jul-16,," 2,000.00 "," 1,383,577.60 "
409000425051',12-Jul-16,NEFT/SBIN116194122076/Mr,,12-Jul-16,," 21,000.00 "," 1,404,577.60 "
409000425051',12-Jul-16,6.19417E+11,,12-Jul-16,," 2,000.00 "," 1,406,577.60 "
409000425051',14-Jul-16,NEFT/SBIN216196807820/M S,,14-Jul-16,," 1,000.00 "," 1,407,577.60 "
409000425051',15-Jul-16,NEFT/SBIN316197386153/PRA,,15-Jul-16,," 21,000.00 "," 1,428,577.60 "
409000425051',15-Jul-16,NEFT/IBKL160715032313/MD,,15-Jul-16,," 2,000.00 "," 1,430,577.60 "
409000425051',15-Jul-16,NEFT/SBIN316197729327/RAJ,,15-Jul-16,," 21,000.00 "," 1,451,577.60 "
409000425051',15-Jul-16,NEFT/SBIN316197771024/SUM,,15-Jul-16,," 12,000.00 "," 1,463,577.60 "
409000425051',17-Jul-16,6.19916E+11,,17-Jul-16,," 1,000.00 "," 1,464,577.60 "
409000425051',18-Jul-16,6.20016E+11,,18-Jul-16,," 1,000.00 "," 1,465,577.60 "
409000425051',18-Jul-16,NEFT/SBIN416200847549/KUL,,18-Jul-16,," 21,000.00 "," 1,486,577.60 "
409000425051',19-Jul-16,6.20112E+11,,19-Jul-16,," 1,000.00 "," 1,487,577.60 "
409000425051',19-Jul-16,NEFT/VCGBH16201473150/SUR,,19-Jul-16,," 21,000.00 "," 1,508,577.60 "
409000425051',19-Jul-16,NEFT/SBIN516201186588/M S,,19-Jul-16,," 20,000.00 "," 1,528,577.60 "
409000425051',19-Jul-16,NEFT/SBIN516201283749/Mr,,19-Jul-16,," 12,000.00 "," 1,540,577.60 "
409000425051',19-Jul-16,NEFT/CBINH16201130367/Mr.,,19-Jul-16,," 12,000.00 "," 1,552,577.60 "
409000425051',20-Jul-16,6.20216E+11,,20-Jul-16,, 1.00 ," 1,552,578.60 "
409000425051',20-Jul-16,6.20221E+11,,20-Jul-16,," 5,000.00 "," 1,557,578.60 "
409000425051',20-Jul-16,6.20221E+11,,20-Jul-16,," 5,000.00 "," 1,562,578.60 "
409000425051',20-Jul-16,6.20221E+11,,20-Jul-16,," 5,000.00 "," 1,567,578.60 "
409000425051',21-Jul-16,6.20312E+11,,21-Jul-16,," 5,000.00 "," 1,572,578.60 "
409000425051',21-Jul-16,6.20313E+11,,21-Jul-16,," 1,000.00 "," 1,573,578.60 "
409000425051',21-Jul-16,NEFT/N203160171249493/UJA,,21-Jul-16,," 12,000.00 "," 1,585,578.60 "
409000425051',21-Jul-16,6.20317E+11,,21-Jul-16,," 5,000.00 "," 1,590,578.60 "
409000425051',21-Jul-16,NEFT/CBINH16203A02342/PRA,,21-Jul-16,," 1,000.00 "," 1,591,578.60 "
409000425051',21-Jul-16,6.20317E+11,,21-Jul-16,," 2,000.00 "," 1,593,578.60 "
409000425051',22-Jul-16,NEFT/BKIDN16203950524/YUG,,22-Jul-16,," 20,000.00 "," 1,613,578.60 "
409000425051',22-Jul-16,NEFT/SBIN616204824059/Mr,,22-Jul-16,," 20,000.00 "," 1,633,578.60 "
409000425051',22-Jul-16,NEFT/CBINH16204A05024/SUN,,22-Jul-16,," 12,000.00 "," 1,645,578.60 "
409000425051',22-Jul-16,6.20417E+11,,22-Jul-16,," 1,000.00 "," 1,646,578.60 "
409000425051',23-Jul-16,6.20515E+11,,23-Jul-16,," 1,000.00 "," 1,647,578.60 "
409000425051',25-Jul-16,NEFT/SBIN716207496423/Mr,,25-Jul-16,," 10,000.00 "," 1,657,578.60 "
409000425051',25-Jul-16,6.20713E+11,,25-Jul-16,," 4,500.00 "," 1,662,078.60 "
409000425051',25-Jul-16,NEFT/SBIN716207563847/Mr,,25-Jul-16,," 10,000.00 "," 1,672,078.60 "
409000425051',25-Jul-16,6.20715E+11,,25-Jul-16,," 1,000.00 "," 1,673,078.60 "
409000425051',25-Jul-16,6.20717E+11,,25-Jul-16,," 1,000.00 "," 1,674,078.60 "
409000425051',25-Jul-16,NEFT/SBIN716207739939/GOB,,25-Jul-16,," 6,500.00 "," 1,680,578.60 "
409000425051',25-Jul-16,6.20717E+11,,25-Jul-16,," 1,000.00 "," 1,681,578.60 "
409000425051',25-Jul-16,6.20718E+11,,25-Jul-16,," 5,000.00 "," 1,686,578.60 "
409000425051',25-Jul-16,6.20718E+11,,25-Jul-16,," 5,000.00 "," 1,691,578.60 "
409000425051',26-Jul-16,NEFT/SAA209471183/PRAVEEN,,26-Jul-16,," 11,000.00 "," 1,702,578.60 "
409000425051',26-Jul-16,6.20816E+11,,26-Jul-16,," 1,000.00 "," 1,703,578.60 "
409000425051',26-Jul-16,NEFT/SAA209481181/RAJNISH,,26-Jul-16,," 11,000.00 "," 1,714,578.60 "
409000425051',28-Jul-16,TRF TO  Indiaforensic SERVICES I,,28-Jul-16," 1,100,000.00 ",," 614,578.60 "
409000425051',28-Jul-16,NEFT/SBIN916210629562/MD,,28-Jul-16,," 21,000.00 "," 635,578.60 "
409000425051',29-Jul-16,6.21113E+11,,29-Jul-16,," 1,000.00 "," 636,578.60 "
409000425051',29-Jul-16,NEFT/SBIN916211962920/GOU,,29-Jul-16,," 5,000.00 "," 641,578.60 "
409000425051',30-Jul-16,6.21213E+11,,30-Jul-16,," 1,000.00 "," 642,578.60 "
409000425051',30-Jul-16,NEFT/SBIN116212431058/GOU,,30-Jul-16,," 5,000.00 "," 647,578.60 "
409000425051',30-Jul-16,6.21215E+11,,30-Jul-16,," 1,000.00 "," 648,578.60 "
409000425051',30-Jul-16,NEFT/IBKL160730922905/MD,,30-Jul-16,," 10,000.00 "," 658,578.60 "
409000425051',30-Jul-16,6.2122E+11,,30-Jul-16,," 1,000.00 "," 659,578.60 "
409000425051',1-Aug-16,6.21414E+11,,1-Aug-16,," 10,000.00 "," 669,578.60 "
409000425051',2-Aug-16,NEFT/BARBH16215547124/MAN,,2-Aug-16,," 1,000.00 "," 670,578.60 "
409000425051',3-Aug-16,6.21614E+11,,3-Aug-16,," 1,000.00 "," 671,578.60 "
409000425051',3-Aug-16,6.21614E+11,,3-Aug-16,," 1,000.00 "," 672,578.60 "
409000425051',3-Aug-16,NEFT/BKIDN16216653709/AMR,,3-Aug-16,," 1,000.00 "," 673,578.60 "
409000425051',3-Aug-16,6.21614E+11,,3-Aug-16,," 1,000.00 "," 674,578.60 "
409000425051',3-Aug-16,6.21615E+11,,3-Aug-16,," 1,000.00 "," 675,578.60 "
409000425051',3-Aug-16,NEFT/SBIN516216068416/KUN,,3-Aug-16,," 12,000.00 "," 687,578.60 "
409000425051',3-Aug-16,6.21615E+11,,3-Aug-16,," 1,000.00 "," 688,578.60 "
409000425051',3-Aug-16,6.21615E+11,,3-Aug-16,," 1,000.00 "," 689,578.60 "
409000425051',3-Aug-16,6.21615E+11,,3-Aug-16,," 1,000.00 "," 690,578.60 "
409000425051',3-Aug-16,6.21615E+11,,3-Aug-16,," 1,000.00 "," 691,578.60 "
409000425051',3-Aug-16,6.21616E+11,,3-Aug-16,," 1,000.00 "," 692,578.60 "
409000425051',3-Aug-16,6.21619E+11,,3-Aug-16,," 1,000.00 "," 693,578.60 "
409000425051',4-Aug-16,6.21714E+11,,4-Aug-16,," 1,000.00 "," 694,578.60 "
409000425051',4-Aug-16,NEFT/BKIDN16217771228/GAY,,4-Aug-16,," 11,000.00 "," 705,578.60 "
409000425051',5-Aug-16,NEFT/PUNBH16218531092/ASH,,5-Aug-16,," 1,000.00 "," 706,578.60 "
409000425051',5-Aug-16,6.21812E+11,,5-Aug-16,," 1,000.00 "," 707,578.60 "
409000425051',6-Aug-16,6.21916E+11,,6-Aug-16,," 1,000.00 "," 708,578.60 "
409000425051',6-Aug-16,6.21917E+11,,6-Aug-16,," 1,000.00 "," 709,578.60 "
409000425051',8-Aug-16,NEFT/CBINH16221A01703/PRA,,8-Aug-16,," 11,000.00 "," 720,578.60 "
409000425051',8-Aug-16,NEFT/SBIN916221237880/Mr,,8-Aug-16,," 11,000.00 "," 731,578.60 "
409000425051',10-Aug-16,NEFT/BKIDN16223186111/RAK,,10-Aug-16,," 11,000.00 "," 742,578.60 "
409000425051',10-Aug-16,NEFT/CBINH16223132289/Mr.,,10-Aug-16,," 1,000.00 "," 743,578.60 "
409000425051',10-Aug-16,6.22318E+11,,10-Aug-16,," 1,000.00 "," 744,578.60 "
409000425051',10-Aug-16,6.22319E+11,,10-Aug-16,," 5,000.00 "," 749,578.60 "
409000425051',10-Aug-16,6.22319E+11,,10-Aug-16,," 5,000.00 "," 754,578.60 "
409000425051',10-Aug-16,6.22319E+11,,10-Aug-16,," 2,000.00 "," 756,578.60 "
409000425051',11-Aug-16,6.22415E+11,,11-Aug-16,," 1,000.00 "," 757,578.60 "
409000425051',11-Aug-16,NEFT/SBIN316224151904/RAM,,11-Aug-16,," 1,000.00 "," 758,578.60 "
409000425051',12-Aug-16,6.22515E+11,,12-Aug-16,," 1,000.00 "," 759,578.60 "
409000425051',12-Aug-16,NEFT/P16081210064975/ANIL,,12-Aug-16,," 1,000.00 "," 760,578.60 "
409000425051',12-Aug-16,6.22516E+11,,12-Aug-16,," 1,000.00 "," 761,578.60 "
409000425051',12-Aug-16,6.22516E+11,,12-Aug-16,," 1,000.00 "," 762,578.60 "
409000425051',12-Aug-16,6.22516E+11,,12-Aug-16,," 1,000.00 "," 763,578.60 "
409000425051',12-Aug-16,6.22517E+11,,12-Aug-16,," 1,000.00 "," 764,578.60 "
409000425051',12-Aug-16,6.22517E+11,,12-Aug-16,," 1,000.00 "," 765,578.60 "
409000425051',12-Aug-16,6.22517E+11,,12-Aug-16,," 1,000.00 "," 766,578.60 "
409000425051',13-Aug-16,6.22611E+11,,13-Aug-16,," 1,000.00 "," 767,578.60 "
409000425051',13-Aug-16,6.22613E+11,,13-Aug-16,," 1,000.00 "," 768,578.60 "
409000425051',13-Aug-16,6.22614E+11,,13-Aug-16,," 1,000.00 "," 769,578.60 "
409000425051',17-Aug-16,6.23018E+11,,17-Aug-16,," 5,000.00 "," 774,578.60 "
409000425051',17-Aug-16,6.23018E+11,,17-Aug-16,," 5,000.00 "," 779,578.60 "
409000425051',18-Aug-16,NEFT/CBINH16231A00772/SON,,18-Aug-16,," 1,000.00 "," 780,578.60 "
409000425051',18-Aug-16,6.23116E+11,,18-Aug-16,," 1,000.00 "," 781,578.60 "
409000425051',19-Aug-16,6.23216E+11,,19-Aug-16,," 1,000.00 "," 782,578.60 "
409000425051',19-Aug-16,6.23221E+11,,19-Aug-16,," 1,000.00 "," 783,578.60 "
409000425051',20-Aug-16,6.23311E+11,,20-Aug-16,," 1,000.00 "," 784,578.60 "
409000425051',20-Aug-16,6.23312E+11,,20-Aug-16,," 1,000.00 "," 785,578.60 "
409000425051',20-Aug-16,NEFT/CBINH16233A06107/SON,,20-Aug-16,," 10,000.00 "," 795,578.60 "
409000425051',20-Aug-16,6.23313E+11,,20-Aug-16,," 1,000.00 "," 796,578.60 "
409000425051',20-Aug-16,6.23311E+11,,20-Aug-16,," 1,000.00 "," 797,578.60 "
409000425051',21-Aug-16,6.2341E+11,,21-Aug-16,," 1,000.00 "," 798,578.60 "
409000425051',22-Aug-16,6.23516E+11,,22-Aug-16,," 1,000.00 "," 799,578.60 "
409000425051',23-Aug-16,NEFT/SBIN816236506566/SUD,,23-Aug-16,," 1,000.00 "," 800,578.60 "
409000425051',24-Aug-16,NEFT/SBIN816237956149/ANK,,24-Aug-16,," 7,000.00 "," 807,578.60 "
409000425051',24-Aug-16,NEFT/CBINH16237A06113/DHA,,24-Aug-16,," 12,000.00 "," 819,578.60 "
409000425051',24-Aug-16,6.23716E+11,,24-Aug-16,," 1,000.00 "," 820,578.60 "
409000425051',24-Aug-16,NEFT/CBINH16237A06186/SON,,24-Aug-16,," 1,000.00 "," 821,578.60 "
409000425051',25-Aug-16,6.23813E+11,,25-Aug-16,," 1,000.00 "," 822,578.60 "
409000425051',25-Aug-16,NEFT/SBIN916238278625/FIR,,25-Aug-16,," 10,000.00 "," 832,578.60 "
409000425051',25-Aug-16,NEFT/SBIN916238291478/Mr,,25-Aug-16,," 21,000.00 "," 853,578.60 "
409000425051',28-Aug-16,6.24112E+11,,28-Aug-16,," 1,000.00 "," 854,578.60 "
409000425051',29-Aug-16,NEFT/BKIDN16242200003/PRA,,29-Aug-16,," 12,000.00 "," 866,578.60 "
409000425051',30-Aug-16,NEFT/SBIN216243251832/DHA,,30-Aug-16,," 20,000.00 "," 886,578.60 "
409000425051',30-Aug-16,NEFT/SBIN216243317496/ASH,,30-Aug-16,," 20,000.00 "," 906,578.60 "
409000425051',31-Aug-16,NEFT/N244160182458867/SMA,,31-Aug-16,," 12,000.00 "," 918,578.60 "
409000425051',1-Sep-16,NEFT/CBINH16245A00904/HAR,,1-Sep-16,," 1,000.00 "," 919,578.60 "
409000425051',1-Sep-16,NEFT/CBINH16245A00945/RAJ,,1-Sep-16,," 1,000.00 "," 920,578.60 "
409000425051',1-Sep-16,NEFT/SBIN516245435372/ROH,,1-Sep-16,," 20,000.00 "," 940,578.60 "
409000425051',2-Sep-16,6.24614E+11,,2-Sep-16,," 5,000.00 "," 945,578.60 "
409000425051',2-Sep-16,6.24614E+11,,2-Sep-16,," 5,000.00 "," 950,578.60 "
409000425051',2-Sep-16,6.24614E+11,,2-Sep-16,," 2,000.00 "," 952,578.60 "
409000425051',3-Sep-16,NEFT/CBINH16247A05058/SEE,,3-Sep-16,," 1,000.00 "," 953,578.60 "
409000425051',5-Sep-16,NEFT/UTBIN16249526895/MUN,,5-Sep-16,," 1,000.00 "," 954,578.60 "
409000425051',5-Sep-16,NEFT/SBIN816249307265/NAR,,5-Sep-16,," 12,000.00 "," 966,578.60 "
409000425051',7-Sep-16,NEFT/SBIN916251519257/SHU,,7-Sep-16,," 21,000.00 "," 987,578.60 "
409000425051',8-Sep-16,NEFT/CBINH16252A09706/ANI,,8-Sep-16,," 1,000.00 "," 988,578.60 "
409000425051',8-Sep-16,NEFT/BKIDN16252820852/SAN,,8-Sep-16,," 12,000.00 "," 1,000,578.60 "
409000425051',8-Sep-16,NEFT/CBINH16252A09655/MAN,,8-Sep-16,," 1,000.00 "," 1,001,578.60 "
409000425051',8-Sep-16,NEFT/N252160186060982/PAR,,8-Sep-16,," 12,000.00 "," 1,013,578.60 "
409000425051',9-Sep-16,NEFT/SBIN216253660797/RAN,,9-Sep-16,," 12,000.00 "," 1,025,578.60 "
409000425051',9-Sep-16,6.25313E+11,,9-Sep-16,," 20,000.00 "," 1,045,578.60 "
409000425051',9-Sep-16,NEFT/VIJBH16253024948/ANI,,9-Sep-16,," 1,000.00 "," 1,046,578.60 "
409000425051',9-Sep-16,NEFT/BKIDN16253896956/OM,,9-Sep-16,," 21,000.00 "," 1,067,578.60 "
409000425051',9-Sep-16,NEFT/SBIN316253200646/ARB,,9-Sep-16,," 12,000.00 "," 1,079,578.60 "
409000425051',10-Sep-16,6.25414E+11,,10-Sep-16,," 1,000.00 "," 1,080,578.60 "
409000425051',10-Sep-16,6.25414E+11,,10-Sep-16,," 1,000.00 "," 1,081,578.60 "
409000425051',10-Sep-16,6.25415E+11,,10-Sep-16,," 1,000.00 "," 1,082,578.60 "
409000425051',12-Sep-16,NEFT/CBINH16256A05985/VIK,,12-Sep-16,," 1,000.00 "," 1,083,578.60 "
409000425051',12-Sep-16,NEFT/SAA77688970/AGRADUT,,12-Sep-16,," 12,000.00 "," 1,095,578.60 "
409000425051',13-Sep-16,6.25714E+11,,13-Sep-16,," 1,000.00 "," 1,096,578.60 "
409000425051',14-Sep-16,6.25812E+11,,14-Sep-16,," 1,000.00 "," 1,097,578.60 "
409000425051',14-Sep-16,6.25814E+11,,14-Sep-16,," 1,000.00 "," 1,098,578.60 "
409000425051',14-Sep-16,NEFT/SBIN516258102528/Mr,,14-Sep-16,," 1,000.00 "," 1,099,578.60 "
409000425051',14-Sep-16,6.25817E+11,,14-Sep-16,," 1,000.00 "," 1,100,578.60 "
409000425051',15-Sep-16,6.25918E+11,,15-Sep-16,," 1,000.00 "," 1,101,578.60 "
409000425051',15-Sep-16,NEFT/SBIN616259043936/Mr,,15-Sep-16,," 12,000.00 "," 1,113,578.60 "
409000425051',16-Sep-16,6.26018E+11,,16-Sep-16,," 1,000.00 "," 1,114,578.60 "
409000425051',16-Sep-16,6.26018E+11,,16-Sep-16,," 1,000.00 "," 1,115,578.60 "
409000425051',17-Sep-16,6.26116E+11,,17-Sep-16,," 1,000.00 "," 1,116,578.60 "
409000425051',18-Sep-16,6.26212E+11,,18-Sep-16,," 1,000.00 "," 1,117,578.60 "
409000425051',18-Sep-16,6.26212E+11,,18-Sep-16,," 1,000.00 "," 1,118,578.60 "
409000425051',18-Sep-16,6.26213E+11,,18-Sep-16,," 1,000.00 "," 1,119,578.60 "
409000425051',18-Sep-16,6.2622E+11,,18-Sep-16,," 1,000.00 "," 1,120,578.60 "
409000425051',19-Sep-16,NEFT/BKIDN16263432048/CHA,,19-Sep-16,," 1,000.00 "," 1,121,578.60 "
409000425051',19-Sep-16,NEFT/CBINH16263A03570/ARU,,19-Sep-16,," 1,000.00 "," 1,122,578.60 "
409000425051',19-Sep-16,6.26318E+11,,19-Sep-16,," 1,000.00 "," 1,123,578.60 "
409000425051',19-Sep-16,NEFT/SBIN716263669458/PRA,,19-Sep-16,," 11,000.00 "," 1,134,578.60 "
409000425051',20-Sep-16,NEFT/SBIN716264903035/S K,,20-Sep-16,," 1,000.00 "," 1,135,578.60 "
409000425051',20-Sep-16,6.26417E+11,,20-Sep-16,," 1,000.00 "," 1,136,578.60 "
409000425051',21-Sep-16,NEFT/SBIN816265561545/NIT,,21-Sep-16,," 21,000.00 "," 1,157,578.60 "
409000425051',21-Sep-16,6.26518E+11,,21-Sep-16,," 1,000.00 "," 1,158,578.60 "
409000425051',22-Sep-16,6.26605E+11,,22-Sep-16,," 1,000.00 "," 1,159,578.60 "
409000425051',22-Sep-16,6.26606E+11,,22-Sep-16,," 1,000.00 "," 1,160,578.60 "
409000425051',22-Sep-16,6.26606E+11,,22-Sep-16,," 1,000.00 "," 1,161,578.60 "
409000425051',22-Sep-16,NEFT/UTBIN16266467185/MUN,,22-Sep-16,," 11,000.00 "," 1,172,578.60 "
409000425051',23-Sep-16,6.26718E+11,,23-Sep-16,," 1,000.00 "," 1,173,578.60 "
409000425051',23-Sep-16,6.26718E+11,,23-Sep-16,," 1,000.00 "," 1,174,578.60 "
409000425051',24-Sep-16,6.2681E+11,,24-Sep-16,," 1,000.00 "," 1,175,578.60 "
409000425051',24-Sep-16,6.26815E+11,,24-Sep-16,," 1,000.00 "," 1,176,578.60 "
409000425051',24-Sep-16,6.26816E+11,,24-Sep-16,," 1,000.00 "," 1,177,578.60 "
409000425051',24-Sep-16,6.26816E+11,,24-Sep-16,," 1,000.00 "," 1,178,578.60 "
409000425051',26-Sep-16,NEFT/SBIN116270149261/Mr,,26-Sep-16,," 1,000.00 "," 1,179,578.60 "
409000425051',26-Sep-16,NEFT/CBINH16270135641/Mr.,,26-Sep-16,," 11,000.00 "," 1,190,578.60 "
409000425051',26-Sep-16,6.27018E+11,,26-Sep-16,," 1,000.00 "," 1,191,578.60 "
409000425051',26-Sep-16,6.2702E+11,,26-Sep-16,," 1,000.00 "," 1,192,578.60 "
409000425051',27-Sep-16,NEFT/PUNBH16271276983/TAP,,27-Sep-16,," 11,000.00 "," 1,203,578.60 "
409000425051',27-Sep-16,NEFT/BKIDN16271887938/CHA,,27-Sep-16,," 11,000.00 "," 1,214,578.60 "
409000425051',28-Sep-16,NEFT/MAHBH16272458415/Mr.,,28-Sep-16,," 1,000.00 "," 1,215,578.60 "
409000425051',28-Sep-16,6.27216E+11,,28-Sep-16,," 1,000.00 "," 1,216,578.60 "
409000425051',28-Sep-16,NEFT/CBINH16272A09224/MAN,,28-Sep-16,," 11,000.00 "," 1,227,578.60 "
409000425051',28-Sep-16,NEFT/CBINH16272A09388/DHE,,28-Sep-16,," 1,000.00 "," 1,228,578.60 "
409000425051',28-Sep-16,NEFT/CBINH16272A09262/RAK,,28-Sep-16,," 1,000.00 "," 1,229,578.60 "
409000425051',28-Sep-16,NEFT/CBINH16272A09166/GUD,,28-Sep-16,," 12,000.00 "," 1,241,578.60 "
409000425051',28-Sep-16,NEFT/CBINH16272A09197/SAN,,28-Sep-16,," 12,000.00 "," 1,253,578.60 "
409000425051',29-Sep-16,NEFT/SBIN216273932967/SAN,,29-Sep-16,," 20,000.00 "," 1,273,578.60 "
409000425051',29-Sep-16,NEFT/SBIN316273038712/SAN,,29-Sep-16,," 11,000.00 "," 1,284,578.60 "
409000425051',29-Sep-16,NEFT/UTBIN16273732103/M/S,,29-Sep-16,," 21,000.00 "," 1,305,578.60 "
409000425051',29-Sep-16,NEFT/SBIN316273362578/Mr,,29-Sep-16,," 11,000.00 "," 1,316,578.60 "
409000425051',29-Sep-16,6.27317E+11,,29-Sep-16,," 1,000.00 "," 1,317,578.60 "
409000425051',29-Sep-16,NEFT/SBIN316273440441/PRI,,29-Sep-16,," 10,994.25 "," 1,328,572.85 "
409000425051',29-Sep-16,NEFT/CBINH16273133139/Mr.,,29-Sep-16,," 20,000.00 "," 1,348,572.85 "
409000425051',29-Sep-16,NEFT/SBIN316273522566/M S,,29-Sep-16,," 1,000.00 "," 1,349,572.85 "
409000425051',30-Sep-16,NEFT/CBINH16274A04738/MAH,,30-Sep-16,," 1,000.00 "," 1,350,572.85 "
409000425051',30-Sep-16,6.27415E+11,,30-Sep-16,," 1,000.00 "," 1,351,572.85 "
409000425051',30-Sep-16,6.27417E+11,,30-Sep-16,," 1,000.00 "," 1,352,572.85 "
409000425051',1-Oct-16,NEFT/UTBIN16275043249/IJA,,1-Oct-16,," 21,000.00 "," 1,373,572.85 "
409000425051',3-Oct-16,NEFT/CBINH16277A00957/SAN,,3-Oct-16,," 1,000.00 "," 1,374,572.85 "
409000425051',3-Oct-16,NEFT/CBINH16277A09229/VIK,,3-Oct-16,," 11,000.00 "," 1,385,572.85 "
409000425051',5-Oct-16,6.27913E+11,,5-Oct-16,," 11,000.00 "," 1,396,572.85 "
409000425051',6-Oct-16,6.28016E+11,,6-Oct-16,," 5,000.00 "," 1,401,572.85 "
409000425051',6-Oct-16,6.28016E+11,,6-Oct-16,," 5,000.00 "," 1,406,572.85 "
409000425051',6-Oct-16,6.28019E+11,,6-Oct-16,," 2,000.00 "," 1,408,572.85 "
409000425051',7-Oct-16,6.28114E+11,,7-Oct-16,," 5,000.00 "," 1,413,572.85 "
409000425051',7-Oct-16,TRF TO  Indiaforensic SERVICES I,,7-Oct-16," 850,000.00 ",," 563,572.85 "
409000425051',8-Oct-16,6.28211E+11,,8-Oct-16,," 5,000.00 "," 568,572.85 "
409000425051',8-Oct-16,6.28217E+11,,8-Oct-16,," 5,000.00 "," 573,572.85 "
409000425051',8-Oct-16,6.28217E+11,,8-Oct-16,," 5,000.00 "," 578,572.85 "
409000425051',8-Oct-16,6.28217E+11,,8-Oct-16,," 1,000.00 "," 579,572.85 "
409000425051',9-Oct-16,6.28311E+11,,9-Oct-16,," 1,000.00 "," 580,572.85 "
409000425051',11-Oct-16,6.28513E+11,,11-Oct-16,," 12,000.00 "," 592,572.85 "
409000425051',13-Oct-16,NEFT/CBINH16287A05619/SAN,,13-Oct-16,," 1,000.00 "," 593,572.85 "
409000425051',13-Oct-16,NEFT/SBIN416287847203/NAB,,13-Oct-16,," 21,000.00 "," 614,572.85 "
409000425051',13-Oct-16,NEFT/CBINH16287A07910/DHE,,13-Oct-16,," 11,000.00 "," 625,572.85 "
409000425051',14-Oct-16,NEFT/SBIN516288401682/Mr,,14-Oct-16,," 11,000.00 "," 636,572.85 "
409000425051',14-Oct-16,NEFT/SBIN516288474497/M H,,14-Oct-16,," 21,000.00 "," 657,572.85 "
409000425051',15-Oct-16,NEFT/CBINH16289A04744/SAN,,15-Oct-16,," 11,000.00 "," 668,572.85 "
409000425051',15-Oct-16,NEFT/CBINH16289A08393/SAN,,15-Oct-16,," 1,000.00 "," 669,572.85 "
409000425051',19-Oct-16,NEFT/N293160197868430/SAN,,19-Oct-16,," 1,000.00 "," 670,572.85 "
409000425051',20-Oct-16,NEFT/BARBH16294527200/AKH,,20-Oct-16,," 12,000.00 "," 682,572.85 "
409000425051',20-Oct-16,NEFT/CBINH16294A04839/RAJ,,20-Oct-16,," 11,000.00 "," 693,572.85 "
409000425051',20-Oct-16,NEFT/CBINH16294A04692/HAR,,20-Oct-16,," 11,000.00 "," 704,572.85 "
409000425051',24-Oct-16,NEFT/SBIN116298681910/GAN,,24-Oct-16,," 12,000.00 "," 716,572.85 "
409000425051',24-Oct-16,NEFT/MAHBH16298499334/Mr.,,24-Oct-16,," 12,000.00 "," 728,572.85 "
409000425051',25-Oct-16,NEFT/CBINH16299A08915/MAH,,25-Oct-16,," 11,000.00 "," 739,572.85 "
409000425051',25-Oct-16,NEFT/N299160199285360/RAK,,25-Oct-16,," 11,000.00 "," 750,572.85 "
409000425051',26-Oct-16,6.30015E+11,,26-Oct-16,," 12,000.00 "," 762,572.85 "
409000425051',26-Oct-16,6.30015E+11,,26-Oct-16,," 12,000.00 "," 774,572.85 "
409000425051',27-Oct-16,6.30108E+11,,27-Oct-16,," 5,000.00 "," 779,572.85 "
409000425051',27-Oct-16,6.30108E+11,,27-Oct-16,," 5,000.00 "," 784,572.85 "
409000425051',27-Oct-16,6.30108E+11,,27-Oct-16,," 2,000.00 "," 786,572.85 "
409000425051',27-Oct-16,6.30109E+11,,27-Oct-16,," 5,000.00 "," 791,572.85 "
409000425051',27-Oct-16,6.30109E+11,,27-Oct-16,," 5,000.00 "," 796,572.85 "
409000425051',27-Oct-16,6.30109E+11,,27-Oct-16,," 2,000.00 "," 798,572.85 "
409000425051',27-Oct-16,NEFT/SBIN416301935538/MOH,,27-Oct-16,," 1,000.00 "," 799,572.85 "
409000425051',28-Oct-16,6.30212E+11,,28-Oct-16,," 1,000.00 "," 800,572.85 "
409000425051',29-Oct-16,NEFT/SBIN816303366296/SAN,,29-Oct-16,," 1,000.00 "," 801,572.85 "
409000425051',31-Oct-16,NEFT/SBIN116305096270/IRF,,31-Oct-16,," 12,000.00 "," 813,572.85 "
409000425051',31-Oct-16,6.30521E+11,,31-Oct-16,," 1,000.00 "," 814,572.85 "
409000425051',2-Nov-16,NEFT/SBIN216307265211/ROH,,2-Nov-16,," 1,000.00 "," 815,572.85 "
409000425051',3-Nov-16,6.30811E+11,,3-Nov-16,," 5,000.00 "," 820,572.85 "
409000425051',3-Nov-16,6.30811E+11,,3-Nov-16,," 5,000.00 "," 825,572.85 "
409000425051',3-Nov-16,6.30811E+11,,3-Nov-16,," 2,000.00 "," 827,572.85 "
409000425051',4-Nov-16,6.30916E+11,,4-Nov-16,," 21,000.00 "," 848,572.85 "
409000425051',4-Nov-16,NEFT/P16110447781189/UPEN,,4-Nov-16,," 12,000.00 "," 860,572.85 "
409000425051',5-Nov-16,6.31011E+11,,5-Nov-16,," 1,000.00 "," 861,572.85 "
409000425051',7-Nov-16,6.31214E+11,,7-Nov-16,," 1,000.00 "," 862,572.85 "
409000425051',7-Nov-16,NEFT/SAA37986382/JITENDRA,,7-Nov-16,," 1,000.00 "," 863,572.85 "
409000425051',7-Nov-16,6.31216E+11,,7-Nov-16,," 1,000.00 "," 864,572.85 "
409000425051',8-Nov-16,NEFT/CBINH16313A08810/JIT,,8-Nov-16,," 12,000.00 "," 876,572.85 "
409000425051',10-Nov-16,6.3151E+11,,10-Nov-16,," 1,000.00 "," 877,572.85 "
409000425051',10-Nov-16,6.31512E+11,,10-Nov-16,," 5,000.00 "," 882,572.85 "
409000425051',10-Nov-16,6.31512E+11,,10-Nov-16,," 3,000.00 "," 885,572.85 "
409000425051',10-Nov-16,6.31515E+11,,10-Nov-16,," 5,000.00 "," 890,572.85 "
409000425051',10-Nov-16,6.31515E+11,,10-Nov-16,," 3,000.00 "," 893,572.85 "
409000425051',10-Nov-16,6.31518E+11,,10-Nov-16,, 1.00 ," 893,573.85 "
409000425051',10-Nov-16,6.31518E+11,,10-Nov-16,," 5,000.00 "," 898,573.85 "
409000425051',10-Nov-16,6.31518E+11,,10-Nov-16,," 2,000.00 "," 900,573.85 "
409000425051',10-Nov-16,6.3152E+11,,10-Nov-16,," 5,000.00 "," 905,573.85 "
409000425051',10-Nov-16,6.31521E+11,,10-Nov-16,," 3,000.00 "," 908,573.85 "
409000425051',11-Nov-16,6.3161E+11,,11-Nov-16,," 5,000.00 "," 913,573.85 "
409000425051',11-Nov-16,6.3161E+11,,11-Nov-16,," 2,000.00 "," 915,573.85 "
409000425051',11-Nov-16,6.31615E+11,,11-Nov-16,," 5,000.00 "," 920,573.85 "
409000425051',11-Nov-16,6.31615E+11,,11-Nov-16,," 3,000.00 "," 923,573.85 "
409000425051',11-Nov-16,6.31617E+11,,11-Nov-16,," 1,000.00 "," 924,573.85 "
409000425051',11-Nov-16,6.31619E+11,,11-Nov-16,," 1,000.00 "," 925,573.85 "
409000425051',12-Nov-16,6.31718E+11,,12-Nov-16,," 5,000.00 "," 930,573.85 "
409000425051',12-Nov-16,6.31718E+11,,12-Nov-16,," 3,000.00 "," 933,573.85 "
409000425051',13-Nov-16,NEFT/CBINH16318A06030/MUN,,13-Nov-16,," 8,000.00 "," 941,573.85 "
409000425051',13-Nov-16,NEFT/AXISF16318000234/SUM,,13-Nov-16,," 8,000.00 "," 949,573.85 "
409000425051',14-Nov-16,6.31914E+11,,14-Nov-16,," 5,000.00 "," 954,573.85 "
409000425051',14-Nov-16,6.31914E+11,,14-Nov-16,," 3,000.00 "," 957,573.85 "
409000425051',14-Nov-16,6.31914E+11,,14-Nov-16,," 5,000.00 "," 962,573.85 "
409000425051',14-Nov-16,6.31914E+11,,14-Nov-16,," 3,000.00 "," 965,573.85 "
409000425051',14-Nov-16,6.31915E+11,,14-Nov-16,," 5,000.00 "," 970,573.85 "
409000425051',14-Nov-16,6.31915E+11,,14-Nov-16,," 3,000.00 "," 973,573.85 "
409000425051',14-Nov-16,6.31916E+11,,14-Nov-16,," 5,000.00 "," 978,573.85 "
409000425051',14-Nov-16,6.31916E+11,,14-Nov-16,," 3,000.00 "," 981,573.85 "
409000425051',14-Nov-16,6.31917E+11,,14-Nov-16,," 5,000.00 "," 986,573.85 "
409000425051',14-Nov-16,6.31917E+11,,14-Nov-16,," 3,000.00 "," 989,573.85 "
409000425051',14-Nov-16,6.31921E+11,,14-Nov-16,," 8,000.00 "," 997,573.85 "
409000425051',15-Nov-16,6.32013E+11,,15-Nov-16,," 5,000.00 "," 1,002,573.85 "
409000425051',15-Nov-16,6.32013E+11,,15-Nov-16,," 3,000.00 "," 1,005,573.85 "
409000425051',15-Nov-16,6.32013E+11,,15-Nov-16,," 5,000.00 "," 1,010,573.85 "
409000425051',15-Nov-16,6.32013E+11,,15-Nov-16,," 3,000.00 "," 1,013,573.85 "
409000425051',15-Nov-16,6.32013E+11,,15-Nov-16,," 5,000.00 "," 1,018,573.85 "
409000425051',15-Nov-16,6.32013E+11,,15-Nov-16,," 3,000.00 "," 1,021,573.85 "
409000425051',15-Nov-16,6.32015E+11,,15-Nov-16,," 5,000.00 "," 1,026,573.85 "
409000425051',15-Nov-16,6.32015E+11,,15-Nov-16,," 3,000.00 "," 1,029,573.85 "
409000425051',15-Nov-16,6.32015E+11,,15-Nov-16,," 5,000.00 "," 1,034,573.85 "
409000425051',15-Nov-16,6.32015E+11,,15-Nov-16,," 3,000.00 "," 1,037,573.85 "
409000425051',15-Nov-16,6.32016E+11,,15-Nov-16,," 5,000.00 "," 1,042,573.85 "
409000425051',15-Nov-16,6.32016E+11,,15-Nov-16,," 3,000.00 "," 1,045,573.85 "
409000425051',15-Nov-16,6.32016E+11,,15-Nov-16,," 5,000.00 "," 1,050,573.85 "
409000425051',15-Nov-16,6.32016E+11,,15-Nov-16,," 3,000.00 "," 1,053,573.85 "
409000425051',15-Nov-16,6.32017E+11,,15-Nov-16,," 5,000.00 "," 1,058,573.85 "
409000425051',15-Nov-16,6.32017E+11,,15-Nov-16,," 3,000.00 "," 1,061,573.85 "
409000425051',15-Nov-16,6.32017E+11,,15-Nov-16,," 5,000.00 "," 1,066,573.85 "
409000425051',15-Nov-16,6.32017E+11,,15-Nov-16,," 3,000.00 "," 1,069,573.85 "
409000425051',15-Nov-16,6.32017E+11,,15-Nov-16,," 5,000.00 "," 1,074,573.85 "
409000425051',15-Nov-16,6.32017E+11,,15-Nov-16,," 3,000.00 "," 1,077,573.85 "
409000425051',15-Nov-16,6.32017E+11,,15-Nov-16,," 5,000.00 "," 1,082,573.85 "
409000425051',15-Nov-16,6.32017E+11,,15-Nov-16,," 3,000.00 "," 1,085,573.85 "
409000425051',15-Nov-16,6.32017E+11,,15-Nov-16,," 5,000.00 "," 1,090,573.85 "
409000425051',15-Nov-16,6.32017E+11,,15-Nov-16,," 3,000.00 "," 1,093,573.85 "
409000425051',15-Nov-16,6.32017E+11,,15-Nov-16,," 5,000.00 "," 1,098,573.85 "
409000425051',15-Nov-16,6.32017E+11,,15-Nov-16,," 3,000.00 "," 1,101,573.85 "
409000425051',15-Nov-16,6.32018E+11,,15-Nov-16,," 5,000.00 "," 1,106,573.85 "
409000425051',15-Nov-16,6.32018E+11,,15-Nov-16,," 3,000.00 "," 1,109,573.85 "
409000425051',16-Nov-16,6.32112E+11,,16-Nov-16,," 5,000.00 "," 1,114,573.85 "
409000425051',16-Nov-16,6.32112E+11,,16-Nov-16,," 3,000.00 "," 1,117,573.85 "
409000425051',16-Nov-16,6.32114E+11,,16-Nov-16,," 5,000.00 "," 1,122,573.85 "
409000425051',16-Nov-16,6.32114E+11,,16-Nov-16,," 3,000.00 "," 1,125,573.85 "
409000425051',16-Nov-16,6.32115E+11,,16-Nov-16,," 5,000.00 "," 1,130,573.85 "
409000425051',16-Nov-16,6.32115E+11,,16-Nov-16,," 3,000.00 "," 1,133,573.85 "
409000425051',16-Nov-16,6.32115E+11,,16-Nov-16,," 5,000.00 "," 1,138,573.85 "
409000425051',16-Nov-16,6.32115E+11,,16-Nov-16,," 3,000.00 "," 1,141,573.85 "
409000425051',16-Nov-16,6.32116E+11,,16-Nov-16,," 5,000.00 "," 1,146,573.85 "
409000425051',16-Nov-16,6.32116E+11,,16-Nov-16,," 3,000.00 "," 1,149,573.85 "
409000425051',16-Nov-16,6.32116E+11,,16-Nov-16,," 5,000.00 "," 1,154,573.85 "
409000425051',16-Nov-16,6.32116E+11,,16-Nov-16,," 3,000.00 "," 1,157,573.85 "
409000425051',16-Nov-16,6.32117E+11,,16-Nov-16,," 5,000.00 "," 1,162,573.85 "
409000425051',16-Nov-16,6.32117E+11,,16-Nov-16,," 3,000.00 "," 1,165,573.85 "
409000425051',16-Nov-16,6.32118E+11,,16-Nov-16,," 1,000.00 "," 1,166,573.85 "
409000425051',17-Nov-16,6.32212E+11,,17-Nov-16,," 5,000.00 "," 1,171,573.85 "
409000425051',17-Nov-16,6.32212E+11,,17-Nov-16,," 3,000.00 "," 1,174,573.85 "
409000425051',17-Nov-16,6.32213E+11,,17-Nov-16,," 5,000.00 "," 1,179,573.85 "
409000425051',17-Nov-16,6.32213E+11,,17-Nov-16,, 11.00 ," 1,179,584.85 "
409000425051',17-Nov-16,6.32213E+11,,17-Nov-16,," 1,989.00 "," 1,181,573.85 "
409000425051',17-Nov-16,6.32214E+11,,17-Nov-16,," 5,000.00 "," 1,186,573.85 "
409000425051',17-Nov-16,6.32214E+11,,17-Nov-16,," 3,000.00 "," 1,189,573.85 "
409000425051',17-Nov-16,6.32214E+11,,17-Nov-16,," 5,000.00 "," 1,194,573.85 "
409000425051',17-Nov-16,6.32214E+11,,17-Nov-16,," 3,000.00 "," 1,197,573.85 "
409000425051',17-Nov-16,NEFT/CBINH16322A00296/ASH,,17-Nov-16,," 8,000.00 "," 1,205,573.85 "
409000425051',17-Nov-16,NEFT/CBINH16322A00231/NIL,,17-Nov-16,," 8,000.00 "," 1,213,573.85 "
409000425051',17-Nov-16,6.32219E+11,,17-Nov-16,," 5,000.00 "," 1,218,573.85 "
409000425051',17-Nov-16,6.32219E+11,,17-Nov-16,," 1,000.00 "," 1,219,573.85 "
409000425051',17-Nov-16,6.3222E+11,,17-Nov-16,," 5,000.00 "," 1,224,573.85 "
409000425051',17-Nov-16,6.3222E+11,,17-Nov-16,," 5,000.00 "," 1,229,573.85 "
409000425051',18-Nov-16,6.3231E+11,,18-Nov-16,," 8,000.00 "," 1,237,573.85 "
409000425051',18-Nov-16,6.32312E+11,,18-Nov-16,," 5,000.00 "," 1,242,573.85 "
409000425051',18-Nov-16,6.32312E+11,,18-Nov-16,," 3,000.00 "," 1,245,573.85 "
409000425051',18-Nov-16,6.32312E+11,,18-Nov-16,," 5,000.00 "," 1,250,573.85 "
409000425051',18-Nov-16,6.32312E+11,,18-Nov-16,," 3,000.00 "," 1,253,573.85 "
409000425051',18-Nov-16,6.32311E+11,,18-Nov-16,, 1.00 ," 1,253,574.85 "
409000425051',18-Nov-16,6.32311E+11,,18-Nov-16,," 5,000.00 "," 1,258,574.85 "
409000425051',18-Nov-16,6.32311E+11,,18-Nov-16,," 3,000.00 "," 1,261,574.85 "
409000425051',18-Nov-16,6.32315E+11,,18-Nov-16,," 5,000.00 "," 1,266,574.85 "
409000425051',18-Nov-16,6.32315E+11,,18-Nov-16,," 3,000.00 "," 1,269,574.85 "
409000425051',18-Nov-16,NEFT/PUNBH16323383189/RAJ,,18-Nov-16,," 8,000.00 "," 1,277,574.85 "
409000425051',18-Nov-16,6.32317E+11,,18-Nov-16,, 1.00 ," 1,277,575.85 "
409000425051',18-Nov-16,NEFT/PUGBH16323282208/Mr,,18-Nov-16,," 8,000.00 "," 1,285,575.85 "
409000425051',18-Nov-16,6.32318E+11,,18-Nov-16,," 8,000.00 "," 1,293,575.85 "
409000425051',18-Nov-16,6.32322E+11,,18-Nov-16,," 5,000.00 "," 1,298,575.85 "
409000425051',18-Nov-16,6.32322E+11,,18-Nov-16,," 3,000.00 "," 1,301,575.85 "
409000425051',19-Nov-16,6.32409E+11,,19-Nov-16,," 5,000.00 "," 1,306,575.85 "
409000425051',19-Nov-16,6.32409E+11,,19-Nov-16,," 3,000.00 "," 1,309,575.85 "
409000425051',19-Nov-16,6.32409E+11,,19-Nov-16,, 1.00 ," 1,309,576.85 "
409000425051',19-Nov-16,6.32409E+11,,19-Nov-16,," 5,000.00 "," 1,314,576.85 "
409000425051',19-Nov-16,6.32409E+11,,19-Nov-16,," 3,000.00 "," 1,317,576.85 "
409000425051',19-Nov-16,6.32411E+11,,19-Nov-16,, 1.00 ," 1,317,577.85 "
409000425051',19-Nov-16,6.32411E+11,,19-Nov-16,," 5,000.00 "," 1,322,577.85 "
409000425051',19-Nov-16,6.32411E+11,,19-Nov-16,," 3,000.00 "," 1,325,577.85 "
409000425051',19-Nov-16,6.32411E+11,,19-Nov-16,," 5,000.00 "," 1,330,577.85 "
409000425051',19-Nov-16,6.32411E+11,,19-Nov-16,," 3,000.00 "," 1,333,577.85 "
409000425051',19-Nov-16,6.32411E+11,,19-Nov-16,," 5,000.00 "," 1,338,577.85 "
409000425051',19-Nov-16,6.32411E+11,,19-Nov-16,," 3,000.00 "," 1,341,577.85 "
409000425051',19-Nov-16,6.32412E+11,,19-Nov-16,," 5,000.00 "," 1,346,577.85 "
409000425051',19-Nov-16,6.32412E+11,,19-Nov-16,," 3,000.00 "," 1,349,577.85 "
409000425051',19-Nov-16,NEFT/AXSK163240006111/MAH,,19-Nov-16,," 8,000.00 "," 1,357,577.85 "
409000425051',19-Nov-16,6.32418E+11,,19-Nov-16,," 5,000.00 "," 1,362,577.85 "
409000425051',19-Nov-16,6.32418E+11,,19-Nov-16,, 6.00 ," 1,362,583.85 "
409000425051',19-Nov-16,6.32418E+11,,19-Nov-16,," 2,994.00 "," 1,365,577.85 "
409000425051',19-Nov-16,6.32418E+11,,19-Nov-16,," 5,000.00 "," 1,370,577.85 "
409000425051',19-Nov-16,6.32418E+11,,19-Nov-16,," 3,000.00 "," 1,373,577.85 "
409000425051',20-Nov-16,6.32514E+11,,20-Nov-16,," 5,000.00 "," 1,378,577.85 "
409000425051',20-Nov-16,6.32514E+11,,20-Nov-16,," 3,000.00 "," 1,381,577.85 "
409000425051',20-Nov-16,6.32515E+11,,20-Nov-16,, 1.00 ," 1,381,578.85 "
409000425051',20-Nov-16,6.32514E+11,,20-Nov-16,," 5,000.00 "," 1,386,578.85 "
409000425051',20-Nov-16,6.32514E+11,,20-Nov-16,," 3,000.00 "," 1,389,578.85 "
409000425051',20-Nov-16,6.32517E+11,,20-Nov-16,," 5,000.00 "," 1,394,578.85 "
409000425051',20-Nov-16,6.32517E+11,,20-Nov-16,," 3,000.00 "," 1,397,578.85 "
409000425051',20-Nov-16,6.32518E+11,,20-Nov-16,," 5,000.00 "," 1,402,578.85 "
409000425051',20-Nov-16,6.32518E+11,,20-Nov-16,," 3,000.00 "," 1,405,578.85 "
409000425051',20-Nov-16,6.32518E+11,,20-Nov-16,," 5,000.00 "," 1,410,578.85 "
409000425051',20-Nov-16,6.32518E+11,,20-Nov-16,," 3,000.00 "," 1,413,578.85 "
409000425051',21-Nov-16,6.32611E+11,,21-Nov-16,," 5,000.00 "," 1,418,578.85 "
409000425051',21-Nov-16,6.32611E+11,,21-Nov-16,," 3,000.00 "," 1,421,578.85 "
409000425051',21-Nov-16,6.32617E+11,,21-Nov-16,," 5,000.00 "," 1,426,578.85 "
409000425051',21-Nov-16,6.32617E+11,,21-Nov-16,," 3,000.00 "," 1,429,578.85 "
409000425051',21-Nov-16,6.32617E+11,,21-Nov-16,," 5,000.00 "," 1,434,578.85 "
409000425051',21-Nov-16,6.32617E+11,,21-Nov-16,," 3,000.00 "," 1,437,578.85 "
409000425051',21-Nov-16,6.32618E+11,,21-Nov-16,," 5,000.00 "," 1,442,578.85 "
409000425051',21-Nov-16,6.32618E+11,,21-Nov-16,," 3,000.00 "," 1,445,578.85 "
409000425051',21-Nov-16,6.32618E+11,,21-Nov-16,," 5,000.00 "," 1,450,578.85 "
409000425051',21-Nov-16,6.32618E+11,,21-Nov-16,," 3,000.00 "," 1,453,578.85 "
409000425051',21-Nov-16,6.32619E+11,,21-Nov-16,," 5,000.00 "," 1,458,578.85 "
409000425051',21-Nov-16,6.32619E+11,,21-Nov-16,," 3,000.00 "," 1,461,578.85 "
409000425051',21-Nov-16,6.3262E+11,,21-Nov-16,," 5,000.00 "," 1,466,578.85 "
409000425051',21-Nov-16,6.3262E+11,,21-Nov-16,," 3,000.00 "," 1,469,578.85 "
409000425051',21-Nov-16,6.32621E+11,,21-Nov-16,," 5,000.00 "," 1,474,578.85 "
409000425051',21-Nov-16,6.32621E+11,,21-Nov-16,," 3,000.00 "," 1,477,578.85 "
409000425051',21-Nov-16,6.32621E+11,,21-Nov-16,," 5,000.00 "," 1,482,578.85 "
409000425051',21-Nov-16,6.32621E+11,,21-Nov-16,," 3,000.00 "," 1,485,578.85 "
409000425051',22-Nov-16,6.32711E+11,,22-Nov-16,," 5,000.00 "," 1,490,578.85 "
409000425051',22-Nov-16,6.32711E+11,,22-Nov-16,," 3,000.00 "," 1,493,578.85 "
409000425051',22-Nov-16,6.32711E+11,,22-Nov-16,," 8,000.00 "," 1,501,578.85 "
409000425051',22-Nov-16,6.32713E+11,,22-Nov-16,," 5,000.00 "," 1,506,578.85 "
409000425051',22-Nov-16,6.32713E+11,,22-Nov-16,," 3,000.00 "," 1,509,578.85 "
409000425051',22-Nov-16,6.32713E+11,,22-Nov-16,," 5,000.00 "," 1,514,578.85 "
409000425051',22-Nov-16,6.32713E+11,,22-Nov-16,," 3,000.00 "," 1,517,578.85 "
409000425051',22-Nov-16,6.32713E+11,,22-Nov-16,," 5,000.00 "," 1,522,578.85 "
409000425051',22-Nov-16,6.32713E+11,,22-Nov-16,," 3,000.00 "," 1,525,578.85 "
409000425051',22-Nov-16,6.32713E+11,,22-Nov-16,," 5,000.00 "," 1,530,578.85 "
409000425051',22-Nov-16,6.32713E+11,,22-Nov-16,," 3,000.00 "," 1,533,578.85 "
409000425051',22-Nov-16,6.32715E+11,,22-Nov-16,," 5,000.00 "," 1,538,578.85 "
409000425051',22-Nov-16,6.32715E+11,,22-Nov-16,," 5,000.00 "," 1,543,578.85 "
409000425051',22-Nov-16,6.32715E+11,,22-Nov-16,," 3,000.00 "," 1,546,578.85 "
409000425051',22-Nov-16,6.32715E+11,,22-Nov-16,," 3,000.00 "," 1,549,578.85 "
409000425051',22-Nov-16,NEFT/SBIN216327754744/Mr,,22-Nov-16,," 8,000.00 "," 1,557,578.85 "
409000425051',22-Nov-16,6.32717E+11,,22-Nov-16,," 5,000.00 "," 1,562,578.85 "
409000425051',22-Nov-16,6.32717E+11,,22-Nov-16,," 3,000.00 "," 1,565,578.85 "
409000425051',22-Nov-16,6.32717E+11,,22-Nov-16,," 5,000.00 "," 1,570,578.85 "
409000425051',22-Nov-16,6.32717E+11,,22-Nov-16,," 3,000.00 "," 1,573,578.85 "
409000425051',22-Nov-16,NEFT/MAHBH16327500557/SAI,,22-Nov-16,," 8,000.00 "," 1,581,578.85 "
409000425051',22-Nov-16,6.32718E+11,,22-Nov-16,," 5,000.00 "," 1,586,578.85 "
409000425051',22-Nov-16,6.32718E+11,,22-Nov-16,," 3,000.00 "," 1,589,578.85 "
409000425051',22-Nov-16,6.32719E+11,,22-Nov-16,," 5,000.00 "," 1,594,578.85 "
409000425051',22-Nov-16,6.32719E+11,,22-Nov-16,," 3,000.00 "," 1,597,578.85 "
409000425051',22-Nov-16,IB:  OFT TO XX5051 INTERN,,22-Nov-16,," 8,000.00 "," 1,605,578.85 "
409000425051',22-Nov-16,NEFT/BARBH16327549610/RAJ,,22-Nov-16,," 8,000.00 "," 1,613,578.85 "
409000425051',23-Nov-16,6.3281E+11,,23-Nov-16,, 1.00 ," 1,613,579.85 "
409000425051',23-Nov-16,6.3281E+11,,23-Nov-16,," 8,000.00 "," 1,621,579.85 "
409000425051',23-Nov-16,6.32811E+11,,23-Nov-16,," 5,000.00 "," 1,626,579.85 "
409000425051',23-Nov-16,6.32811E+11,,23-Nov-16,," 3,000.00 "," 1,629,579.85 "
409000425051',23-Nov-16,6.32811E+11,,23-Nov-16,," 5,000.00 "," 1,634,579.85 "
409000425051',23-Nov-16,6.32811E+11,,23-Nov-16,," 3,000.00 "," 1,637,579.85 "
409000425051',23-Nov-16,6.32812E+11,,23-Nov-16,," 5,000.00 "," 1,642,579.85 "
409000425051',23-Nov-16,6.32812E+11,,23-Nov-16,," 3,000.00 "," 1,645,579.85 "
409000425051',23-Nov-16,6.32812E+11,,23-Nov-16,, 1.00 ," 1,645,580.85 "
409000425051',23-Nov-16,6.32812E+11,,23-Nov-16,," 5,000.00 "," 1,650,580.85 "
409000425051',23-Nov-16,6.32812E+11,,23-Nov-16,," 3,000.00 "," 1,653,580.85 "
409000425051',23-Nov-16,6.32813E+11,,23-Nov-16,," 5,000.00 "," 1,658,580.85 "
409000425051',23-Nov-16,6.32813E+11,,23-Nov-16,," 3,000.00 "," 1,661,580.85 "
409000425051',23-Nov-16,6.32816E+11,,23-Nov-16,," 5,000.00 "," 1,666,580.85 "
409000425051',23-Nov-16,6.32816E+11,,23-Nov-16,," 3,000.00 "," 1,669,580.85 "
409000425051',23-Nov-16,6.32816E+11,,23-Nov-16,," 8,000.00 "," 1,677,580.85 "
409000425051',23-Nov-16,6.32817E+11,,23-Nov-16,," 5,000.00 "," 1,682,580.85 "
409000425051',23-Nov-16,6.32817E+11,,23-Nov-16,," 3,000.00 "," 1,685,580.85 "
409000425051',23-Nov-16,6.32817E+11,,23-Nov-16,," 5,000.00 "," 1,690,580.85 "
409000425051',23-Nov-16,6.32817E+11,,23-Nov-16,," 3,000.00 "," 1,693,580.85 "
409000425051',23-Nov-16,6.32817E+11,,23-Nov-16,," 5,000.00 "," 1,698,580.85 "
409000425051',23-Nov-16,6.32817E+11,,23-Nov-16,," 3,000.00 "," 1,701,580.85 "
409000425051',23-Nov-16,6.32818E+11,,23-Nov-16,," 5,000.00 "," 1,706,580.85 "
409000425051',23-Nov-16,6.32818E+11,,23-Nov-16,," 3,000.00 "," 1,709,580.85 "
409000425051',23-Nov-16,6.32818E+11,,23-Nov-16,," 5,000.00 "," 1,714,580.85 "
409000425051',23-Nov-16,6.32818E+11,,23-Nov-16,," 3,000.00 "," 1,717,580.85 "
409000425051',23-Nov-16,6.32818E+11,,23-Nov-16,," 5,000.00 "," 1,722,580.85 "
409000425051',23-Nov-16,6.32818E+11,,23-Nov-16,," 3,000.00 "," 1,725,580.85 "
409000425051',23-Nov-16,6.32818E+11,,23-Nov-16,," 5,000.00 "," 1,730,580.85 "
409000425051',23-Nov-16,6.32818E+11,,23-Nov-16,, 6.00 ," 1,730,586.85 "
409000425051',23-Nov-16,6.32818E+11,,23-Nov-16,," 2,994.00 "," 1,733,580.85 "
409000425051',23-Nov-16,6.32819E+11,,23-Nov-16,," 5,000.00 "," 1,738,580.85 "
409000425051',23-Nov-16,6.32819E+11,,23-Nov-16,," 3,000.00 "," 1,741,580.85 "
409000425051',23-Nov-16,NEFT/IBKL161123081134/SAC,,23-Nov-16,," 8,000.00 "," 1,749,580.85 "
409000425051',23-Nov-16,6.32819E+11,,23-Nov-16,," 5,000.00 "," 1,754,580.85 "
409000425051',23-Nov-16,6.32819E+11,,23-Nov-16,," 3,000.00 "," 1,757,580.85 "
409000425051',23-Nov-16,NEFT/BKIDN16328518534/SHR,,23-Nov-16,," 8,000.00 "," 1,765,580.85 "
409000425051',24-Nov-16,6.3291E+11,,24-Nov-16,," 5,000.00 "," 1,770,580.85 "
409000425051',24-Nov-16,6.3291E+11,,24-Nov-16,," 3,000.00 "," 1,773,580.85 "
409000425051',24-Nov-16,6.32911E+11,,24-Nov-16,," 5,000.00 "," 1,778,580.85 "
409000425051',24-Nov-16,6.32911E+11,,24-Nov-16,," 3,000.00 "," 1,781,580.85 "
409000425051',24-Nov-16,NEFT/SBIN316329772877/M S,,24-Nov-16,," 8,000.00 "," 1,789,580.85 "
409000425051',24-Nov-16,NEFT/SBIN316329804113/Mr,,24-Nov-16,," 8,000.00 "," 1,797,580.85 "
409000425051',24-Nov-16,NEFT/SBIN316329788979/M S,,24-Nov-16,," 8,000.00 "," 1,805,580.85 "
409000425051',24-Nov-16,6.32914E+11,,24-Nov-16,," 5,000.00 "," 1,810,580.85 "
409000425051',24-Nov-16,6.32914E+11,,24-Nov-16,," 3,000.00 "," 1,813,580.85 "
409000425051',24-Nov-16,NEFT/000017885305/VINITA,,24-Nov-16,," 8,000.00 "," 1,821,580.85 "
409000425051',24-Nov-16,NEFT/BKIDN16329563035/VIS,,24-Nov-16,," 8,000.00 "," 1,829,580.85 "
409000425051',24-Nov-16,NEFT/MAHBH16329549188/Mr.,,24-Nov-16,," 8,000.00 "," 1,837,580.85 "
409000425051',24-Nov-16,6.32917E+11,,24-Nov-16,," 5,000.00 "," 1,842,580.85 "
409000425051',24-Nov-16,6.32917E+11,,24-Nov-16,," 5,000.00 "," 1,847,580.85 "
409000425051',24-Nov-16,6.32917E+11,,24-Nov-16,," 3,000.00 "," 1,850,580.85 "
409000425051',24-Nov-16,NEFT/SBIN316329943138/MOH,,24-Nov-16,," 8,000.00 "," 1,858,580.85 "
409000425051',24-Nov-16,NEFT/SBIN316329943719/PAR,,24-Nov-16,," 8,000.00 "," 1,866,580.85 "
409000425051',24-Nov-16,6.32918E+11,,24-Nov-16,," 8,000.00 "," 1,874,580.85 "
409000425051',24-Nov-16,6.32919E+11,,24-Nov-16,, 1.00 ," 1,874,581.85 "
409000425051',24-Nov-16,6.32919E+11,,24-Nov-16,," 5,000.00 "," 1,879,581.85 "
409000425051',24-Nov-16,6.32919E+11,,24-Nov-16,," 3,000.00 "," 1,882,581.85 "
409000425051',24-Nov-16,6.32921E+11,,24-Nov-16,," 5,000.00 "," 1,887,581.85 "
409000425051',24-Nov-16,6.32921E+11,,24-Nov-16,," 3,000.00 "," 1,890,581.85 "
409000425051',25-Nov-16,6.33011E+11,,25-Nov-16,," 3,000.00 "," 1,893,581.85 "
409000425051',25-Nov-16,6.33012E+11,,25-Nov-16,," 5,000.00 "," 1,898,581.85 "
409000425051',25-Nov-16,6.33012E+11,,25-Nov-16,," 3,000.00 "," 1,901,581.85 "
409000425051',25-Nov-16,TRF TO  Indiaforensic SERVICES I,,25-Nov-16," 1,450,000.00 ",," 451,581.85 "
409000425051',25-Nov-16,6.33013E+11,,25-Nov-16,," 5,000.00 "," 456,581.85 "
409000425051',25-Nov-16,6.33013E+11,,25-Nov-16,," 3,000.00 "," 459,581.85 "
409000425051',25-Nov-16,6.33013E+11,,25-Nov-16,, 1.00 ," 459,582.85 "
409000425051',25-Nov-16,6.33013E+11,,25-Nov-16,," 5,000.00 "," 464,582.85 "
409000425051',25-Nov-16,6.33013E+11,,25-Nov-16,," 3,000.00 "," 467,582.85 "
409000425051',25-Nov-16,NEFT/SBIN416330350067/Mr,,25-Nov-16,," 8,000.00 "," 475,582.85 "
409000425051',25-Nov-16,6.33014E+11,,25-Nov-16,," 5,000.00 "," 480,582.85 "
409000425051',25-Nov-16,6.33014E+11,,25-Nov-16,," 3,000.00 "," 483,582.85 "
409000425051',25-Nov-16,6.33016E+11,,25-Nov-16,," 8,000.00 "," 491,582.85 "
409000425051',25-Nov-16,NEFT/SBIN416330433005/HEM,,25-Nov-16,," 8,000.00 "," 499,582.85 "
409000425051',25-Nov-16,6.33019E+11,,25-Nov-16,," 5,000.00 "," 504,582.85 "
409000425051',25-Nov-16,6.33019E+11,,25-Nov-16,," 3,000.00 "," 507,582.85 "
409000425051',25-Nov-16,NEFT/SBIN416330583714/Mr,,25-Nov-16,," 8,000.00 "," 515,582.85 "
409000425051',25-Nov-16,NEFT/MAHBH16330589081/Mr.,,25-Nov-16,," 8,000.00 "," 523,582.85 "
409000425051',25-Nov-16,NEFT/N330160210685878/RAJ,,25-Nov-16,," 8,000.00 "," 531,582.85 "
409000425051',25-Nov-16,6.3302E+11,,25-Nov-16,," 5,000.00 "," 536,582.85 "
409000425051',25-Nov-16,6.3302E+11,,25-Nov-16,," 3,000.00 "," 539,582.85 "
409000425051',25-Nov-16,6.33021E+11,,25-Nov-16,," 5,000.00 "," 544,582.85 "
409000425051',25-Nov-16,6.33021E+11,,25-Nov-16,," 3,000.00 "," 547,582.85 "
409000425051',25-Nov-16,6.33021E+11,,25-Nov-16,," 5,000.00 "," 552,582.85 "
409000425051',25-Nov-16,6.33021E+11,,25-Nov-16,," 3,000.00 "," 555,582.85 "
409000425051',26-Nov-16,6.3311E+11,,26-Nov-16,," 5,000.00 "," 560,582.85 "
409000425051',26-Nov-16,6.3311E+11,,26-Nov-16,," 3,000.00 "," 563,582.85 "
409000425051',26-Nov-16,6.33112E+11,,26-Nov-16,," 4,000.00 "," 567,582.85 "
409000425051',26-Nov-16,6.33112E+11,,26-Nov-16,," 4,000.00 "," 571,582.85 "
409000425051',26-Nov-16,6.33113E+11,,26-Nov-16,," 5,000.00 "," 576,582.85 "
409000425051',26-Nov-16,6.33113E+11,,26-Nov-16,," 3,000.00 "," 579,582.85 "
409000425051',26-Nov-16,6.33114E+11,,26-Nov-16,," 5,000.00 "," 584,582.85 "
409000425051',26-Nov-16,6.33114E+11,,26-Nov-16,, 788.00 ," 585,370.85 "
409000425051',26-Nov-16,6.33114E+11,,26-Nov-16,," 2,212.00 "," 587,582.85 "
409000425051',26-Nov-16,6.33114E+11,,26-Nov-16,," 5,000.00 "," 592,582.85 "
409000425051',26-Nov-16,6.33114E+11,,26-Nov-16,," 3,000.00 "," 595,582.85 "
409000425051',26-Nov-16,6.33116E+11,,26-Nov-16,," 8,000.00 "," 603,582.85 "
409000425051',26-Nov-16,6.33116E+11,,26-Nov-16,," 8,000.00 "," 611,582.85 "
409000425051',26-Nov-16,6.33115E+11,,26-Nov-16,," 5,000.00 "," 616,582.85 "
409000425051',26-Nov-16,6.33115E+11,,26-Nov-16,," 3,000.00 "," 619,582.85 "
409000425051',27-Nov-16,6.33213E+11,,27-Nov-16,," 5,000.00 "," 624,582.85 "
409000425051',27-Nov-16,6.33213E+11,,27-Nov-16,," 3,000.00 "," 627,582.85 "
409000425051',27-Nov-16,6.33213E+11,,27-Nov-16,," 8,000.00 "," 635,582.85 "
409000425051',27-Nov-16,6.33213E+11,,27-Nov-16,," 5,000.00 "," 640,582.85 "
409000425051',27-Nov-16,6.33213E+11,,27-Nov-16,," 3,000.00 "," 643,582.85 "
409000425051',27-Nov-16,6.33215E+11,,27-Nov-16,," 5,000.00 "," 648,582.85 "
409000425051',27-Nov-16,6.33215E+11,,27-Nov-16,," 3,500.00 "," 652,082.85 "
409000425051',27-Nov-16,6.33218E+11,,27-Nov-16,," 8,000.00 "," 660,082.85 "
409000425051',28-Nov-16,6.33311E+11,,28-Nov-16,," 5,000.00 "," 665,082.85 "
409000425051',28-Nov-16,6.33311E+11,,28-Nov-16,," 2,000.00 "," 667,082.85 "
409000425051',28-Nov-16,6.33315E+11,,28-Nov-16,," 5,000.00 "," 672,082.85 "
409000425051',28-Nov-16,6.33315E+11,,28-Nov-16,," 2,000.00 "," 674,082.85 "
409000425051',28-Nov-16,6.33316E+11,,28-Nov-16,," 5,000.00 "," 679,082.85 "
409000425051',28-Nov-16,6.33316E+11,,28-Nov-16,," 3,000.00 "," 682,082.85 "
409000425051',28-Nov-16,6.33317E+11,,28-Nov-16,," 5,000.00 "," 687,082.85 "
409000425051',28-Nov-16,6.33317E+11,,28-Nov-16,," 3,000.00 "," 690,082.85 "
409000425051',28-Nov-16,6.33317E+11,,28-Nov-16,," 5,000.00 "," 695,082.85 "
409000425051',28-Nov-16,6.33317E+11,,28-Nov-16,," 3,000.00 "," 698,082.85 "
409000425051',28-Nov-16,NEFT/SDC49400210/GOVINDSI,,28-Nov-16,," 8,000.00 "," 706,082.85 "
409000425051',28-Nov-16,6.3332E+11,,28-Nov-16,," 5,000.00 "," 711,082.85 "
409000425051',28-Nov-16,6.3332E+11,,28-Nov-16,," 3,000.00 "," 714,082.85 "
409000425051',29-Nov-16,6.33412E+11,,29-Nov-16,," 5,000.00 "," 719,082.85 "
409000425051',29-Nov-16,6.33412E+11,,29-Nov-16,," 3,000.00 "," 722,082.85 "
409000425051',29-Nov-16,6.33413E+11,,29-Nov-16,," 5,000.00 "," 727,082.85 "
409000425051',29-Nov-16,6.33413E+11,,29-Nov-16,," 3,000.00 "," 730,082.85 "
409000425051',29-Nov-16,NEFT/BDBLH16334003065/NAN,,29-Nov-16,," 8,000.00 "," 738,082.85 "
409000425051',29-Nov-16,6.33415E+11,,29-Nov-16,," 5,000.00 "," 743,082.85 "
409000425051',29-Nov-16,6.33415E+11,,29-Nov-16,," 3,000.00 "," 746,082.85 "
409000425051',29-Nov-16,6.33417E+11,,29-Nov-16,, 800.00 ," 746,882.85 "
409000425051',29-Nov-16,6.33418E+11,,29-Nov-16,," 5,000.00 "," 751,882.85 "
409000425051',29-Nov-16,6.33418E+11,,29-Nov-16,," 3,000.00 "," 754,882.85 "
409000425051',29-Nov-16,6.33418E+11,,29-Nov-16,," 5,000.00 "," 759,882.85 "
409000425051',29-Nov-16,6.33418E+11,,29-Nov-16,," 3,000.00 "," 762,882.85 "
409000425051',29-Nov-16,6.33418E+11,,29-Nov-16,," 5,000.00 "," 767,882.85 "
409000425051',29-Nov-16,6.33418E+11,,29-Nov-16,," 3,000.00 "," 770,882.85 "
409000425051',29-Nov-16,6.33418E+11,,29-Nov-16,," 7,200.00 "," 778,082.85 "
409000425051',29-Nov-16,NEFT/ALLAH16334158721/Mr.,,29-Nov-16,," 8,000.00 "," 786,082.85 "
409000425051',29-Nov-16,6.33422E+11,,29-Nov-16,," 8,000.00 "," 794,082.85 "
409000425051',30-Nov-16,NEFT/BARBH16335651527/SHA,,30-Nov-16,," 8,000.00 "," 802,082.85 "
409000425051',30-Nov-16,NEFT/0P16113016945610/SAT,,30-Nov-16,," 8,000.00 "," 810,082.85 "
409000425051',30-Nov-16,6.33516E+11,,30-Nov-16,," 5,000.00 "," 815,082.85 "
409000425051',30-Nov-16,6.33516E+11,,30-Nov-16,," 3,000.00 "," 818,082.85 "
409000425051',30-Nov-16,6.33516E+11,,30-Nov-16,," 5,000.00 "," 823,082.85 "
409000425051',30-Nov-16,6.33516E+11,,30-Nov-16,," 3,000.00 "," 826,082.85 "
409000425051',30-Nov-16,NEFT/CBINH16335A07116/KAV,,30-Nov-16,," 8,000.00 "," 834,082.85 "
409000425051',30-Nov-16,NEFT/SBIN716335138946/Mr,,30-Nov-16,," 8,000.00 "," 842,082.85 "
409000425051',30-Nov-16,NEFT/CBINH16335158143/Mr.,,30-Nov-16,," 8,000.00 "," 850,082.85 "
409000425051',30-Nov-16,NEFT/1091242044/SANWARIYA,,30-Nov-16,," 25,500.00 "," 875,582.85 "
409000425051',1-Dec-16,6.33611E+11,,1-Dec-16,," 5,000.00 "," 880,582.85 "
409000425051',1-Dec-16,6.33611E+11,,1-Dec-16,," 3,000.00 "," 883,582.85 "
409000425051',1-Dec-16,6.33611E+11,,1-Dec-16,," 5,000.00 "," 888,582.85 "
409000425051',1-Dec-16,6.33611E+11,,1-Dec-16,," 3,000.00 "," 891,582.85 "
409000425051',1-Dec-16,6.33612E+11,,1-Dec-16,," 5,000.00 "," 896,582.85 "
409000425051',1-Dec-16,6.33612E+11,,1-Dec-16,," 3,000.00 "," 899,582.85 "
409000425051',1-Dec-16,6.33613E+11,,1-Dec-16,," 5,000.00 "," 904,582.85 "
409000425051',1-Dec-16,6.33613E+11,,1-Dec-16,," 3,000.00 "," 907,582.85 "
409000425051',1-Dec-16,6.33614E+11,,1-Dec-16,," 5,000.00 "," 912,582.85 "
409000425051',1-Dec-16,6.33614E+11,,1-Dec-16,," 3,000.00 "," 915,582.85 "
409000425051',1-Dec-16,6.33614E+11,,1-Dec-16,," 5,000.00 "," 920,582.85 "
409000425051',1-Dec-16,6.33614E+11,,1-Dec-16,," 3,000.00 "," 923,582.85 "
409000425051',1-Dec-16,NEFT/SBIN816336479938/Mr,,1-Dec-16,," 8,000.00 "," 931,582.85 "
409000425051',1-Dec-16,6.33615E+11,,1-Dec-16,," 5,000.00 "," 936,582.85 "
409000425051',1-Dec-16,6.33615E+11,,1-Dec-16,," 3,000.00 "," 939,582.85 "
409000425051',1-Dec-16,6.33616E+11,,1-Dec-16,," 5,000.00 "," 944,582.85 "
409000425051',1-Dec-16,6.33616E+11,,1-Dec-16,," 3,000.00 "," 947,582.85 "
409000425051',1-Dec-16,NEFT/SAA38581225/JITENDRA,,1-Dec-16,," 7,000.00 "," 954,582.85 "
409000425051',1-Dec-16,6.33617E+11,,1-Dec-16,," 5,000.00 "," 959,582.85 "
409000425051',1-Dec-16,6.33617E+11,,1-Dec-16,," 3,000.00 "," 962,582.85 "
409000425051',1-Dec-16,6.33617E+11,,1-Dec-16,," 5,000.00 "," 967,582.85 "
409000425051',1-Dec-16,6.33617E+11,,1-Dec-16,," 3,000.00 "," 970,582.85 "
409000425051',1-Dec-16,6.33617E+11,,1-Dec-16,," 5,000.00 "," 975,582.85 "
409000425051',1-Dec-16,6.33617E+11,,1-Dec-16,," 3,000.00 "," 978,582.85 "
409000425051',1-Dec-16,6.33618E+11,,1-Dec-16,," 5,000.00 "," 983,582.85 "
409000425051',1-Dec-16,6.33618E+11,,1-Dec-16,," 3,000.00 "," 986,582.85 "
409000425051',1-Dec-16,6.33619E+11,,1-Dec-16,," 8,000.00 "," 994,582.85 "
409000425051',1-Dec-16,6.33618E+11,,1-Dec-16,," 5,000.00 "," 999,582.85 "
409000425051',1-Dec-16,6.33618E+11,,1-Dec-16,," 3,000.00 "," 1,002,582.85 "
409000425051',1-Dec-16,NEFT/SAA231927480/KANTNIS,,1-Dec-16,," 8,000.00 "," 1,010,582.85 "
409000425051',2-Dec-16,NEFT/SBIN916336237712/RAK,,2-Dec-16,," 8,000.00 "," 1,018,582.85 "
409000425051',2-Dec-16,NEFT/SBIN916336236043/FAR,,2-Dec-16,," 8,000.00 "," 1,026,582.85 "
409000425051',2-Dec-16,NEFT/SBIN916337969837/Mr,,2-Dec-16,," 8,000.00 "," 1,034,582.85 "
409000425051',2-Dec-16,6.33711E+11,,2-Dec-16,," 8,000.00 "," 1,042,582.85 "
409000425051',2-Dec-16,6.33713E+11,,2-Dec-16,, 1.00 ," 1,042,583.85 "
409000425051',2-Dec-16,6.33713E+11,,2-Dec-16,, 1.00 ," 1,042,584.85 "
409000425051',2-Dec-16,NEFT/SBIN116337379239/ROH,,2-Dec-16,," 8,000.00 "," 1,050,584.85 "
409000425051',2-Dec-16,NEFT/N337160213723440/ANS,,2-Dec-16,," 20,001.00 "," 1,070,585.85 "
409000425051',2-Dec-16,NEFT/SBIN116337455715/Mr,,2-Dec-16,," 8,000.00 "," 1,078,585.85 "
409000425051',2-Dec-16,NEFT/BKIDN16337187796/AJA,,2-Dec-16,," 8,000.00 "," 1,086,585.85 "
409000425051',3-Dec-16,6.33809E+11,,3-Dec-16,," 5,000.00 "," 1,091,585.85 "
409000425051',3-Dec-16,6.33809E+11,,3-Dec-16,," 3,000.00 "," 1,094,585.85 "
409000425051',3-Dec-16,6.3381E+11,,3-Dec-16,," 5,000.00 "," 1,099,585.85 "
409000425051',3-Dec-16,6.3381E+11,,3-Dec-16,," 3,000.00 "," 1,102,585.85 "
409000425051',3-Dec-16,NEFT/SBHY516338879156/JAY,,3-Dec-16,," 8,500.00 "," 1,111,085.85 "
409000425051',3-Dec-16,NEFT/SBIN216338216703/Mr,,3-Dec-16,," 8,000.00 "," 1,119,085.85 "
409000425051',3-Dec-16,6.33816E+11,,3-Dec-16,," 5,000.00 "," 1,124,085.85 "
409000425051',3-Dec-16,6.33816E+11,,3-Dec-16,," 3,000.00 "," 1,127,085.85 "
409000425051',3-Dec-16,6.33816E+11,,3-Dec-16,," 5,000.00 "," 1,132,085.85 "
409000425051',3-Dec-16,6.33816E+11,,3-Dec-16,," 3,000.00 "," 1,135,085.85 "
409000425051',4-Dec-16,6.33913E+11,,4-Dec-16,," 5,000.00 "," 1,140,085.85 "
409000425051',4-Dec-16,6.33913E+11,,4-Dec-16,," 3,000.00 "," 1,143,085.85 "
409000425051',4-Dec-16,6.33913E+11,,4-Dec-16,," 5,000.00 "," 1,148,085.85 "
409000425051',4-Dec-16,6.33913E+11,,4-Dec-16,," 3,000.00 "," 1,151,085.85 "
409000425051',4-Dec-16,6.33915E+11,,4-Dec-16,," 5,000.00 "," 1,156,085.85 "
409000425051',4-Dec-16,6.33914E+11,,4-Dec-16,," 3,000.00 "," 1,159,085.85 "
409000425051',5-Dec-16,6.34017E+11,,5-Dec-16,, 1.00 ," 1,159,086.85 "
409000425051',5-Dec-16,6.34022E+11,,5-Dec-16,," 5,000.00 "," 1,164,086.85 "
409000425051',5-Dec-16,6.34022E+11,,5-Dec-16,," 3,000.00 "," 1,167,086.85 "
409000425051',6-Dec-16,6.34111E+11,,6-Dec-16,," 5,000.00 "," 1,172,086.85 "
409000425051',6-Dec-16,6.34111E+11,,6-Dec-16,," 3,000.00 "," 1,175,086.85 "
409000425051',6-Dec-16,6.34113E+11,,6-Dec-16,," 5,000.00 "," 1,180,086.85 "
409000425051',6-Dec-16,6.34113E+11,,6-Dec-16,," 3,000.00 "," 1,183,086.85 "
409000425051',6-Dec-16,NEFT/CBINH16341A05108/SHA,,6-Dec-16,," 8,000.00 "," 1,191,086.85 "
409000425051',6-Dec-16,NEFT/CBINH16341A05041/AMR,,6-Dec-16,," 8,000.00 "," 1,199,086.85 "
409000425051',7-Dec-16,NEFT/ALLAH16342461607/M/s,,7-Dec-16,," 8,000.00 "," 1,207,086.85 "
409000425051',8-Dec-16,6.34315E+11,,8-Dec-16,," 8,000.00 "," 1,215,086.85 "
409000425051',8-Dec-16,6.34314E+11,,8-Dec-16,," 5,000.00 "," 1,220,086.85 "
409000425051',8-Dec-16,6.34314E+11,,8-Dec-16,," 3,000.00 "," 1,223,086.85 "
409000425051',8-Dec-16,6.34317E+11,,8-Dec-16,," 8,000.00 "," 1,231,086.85 "
409000425051',10-Dec-16,6.34515E+11,,10-Dec-16,," 8,000.00 "," 1,239,086.85 "
409000425051',12-Dec-16,6.34709E+11,,12-Dec-16,," 5,000.00 "," 1,244,086.85 "
409000425051',12-Dec-16,6.34709E+11,,12-Dec-16,," 3,000.00 "," 1,247,086.85 "
409000425051',12-Dec-16,6.34713E+11,,12-Dec-16,," 5,000.00 "," 1,252,086.85 "
409000425051',12-Dec-16,6.34713E+11,,12-Dec-16,," 3,000.00 "," 1,255,086.85 "
409000425051',12-Dec-16,6.34714E+11,,12-Dec-16,," 5,000.00 "," 1,260,086.85 "
409000425051',12-Dec-16,6.34714E+11,,12-Dec-16,," 3,000.00 "," 1,263,086.85 "
409000425051',13-Dec-16,NEFT/SBHY616348705420/JAY,,13-Dec-16,," 25,000.00 "," 1,288,086.85 "
409000425051',14-Dec-16,NEFT/17920614C1600001/NAY,,14-Dec-16,," 8,000.00 "," 1,296,086.85 "
409000425051',14-Dec-16,NEFT/BKIDN16349979816/SAN,,14-Dec-16,," 7,000.00 "," 1,303,086.85 "
409000425051',16-Dec-16,NEFT/AXIR163517559576/SAN,,16-Dec-16,," 8,000.00 "," 1,311,086.85 "
409000425051',16-Dec-16,6.35112E+11,,16-Dec-16,," 5,000.00 "," 1,316,086.85 "
409000425051',16-Dec-16,6.35112E+11,,16-Dec-16,," 3,000.00 "," 1,319,086.85 "
409000425051',16-Dec-16,6.35112E+11,,16-Dec-16,," 5,000.00 "," 1,324,086.85 "
409000425051',16-Dec-16,6.35112E+11,,16-Dec-16,," 3,000.00 "," 1,327,086.85 "
409000425051',21-Dec-16,6.35618E+11,,21-Dec-16,," 5,000.00 "," 1,332,086.85 "
409000425051',21-Dec-16,6.35618E+11,,21-Dec-16,," 3,000.00 "," 1,335,086.85 "
409000425051',21-Dec-16,NEFT/SBIN816356480003/SIS,,21-Dec-16,," 8,000.00 "," 1,343,086.85 "
409000425051',22-Dec-16,6.35713E+11,,22-Dec-16,," 5,000.00 "," 1,348,086.85 "
409000425051',22-Dec-16,6.35713E+11,,22-Dec-16,," 3,000.00 "," 1,351,086.85 "
409000425051',22-Dec-16,6.35713E+11,,22-Dec-16,," 5,000.00 "," 1,356,086.85 "
409000425051',22-Dec-16,6.35713E+11,,22-Dec-16,," 3,000.00 "," 1,359,086.85 "
409000425051',22-Dec-16,6.35718E+11,,22-Dec-16,," 5,000.00 "," 1,364,086.85 "
409000425051',22-Dec-16,6.35718E+11,,22-Dec-16,," 3,000.00 "," 1,367,086.85 "
409000425051',29-Dec-16,NEFT/SBIN416364533068/BIK,,29-Dec-16,," 8,000.00 "," 1,375,086.85 "
409000425051',3-Jan-17,NEFT/BKIDN17003770149/ARJ,,3-Jan-17,," 8,000.00 "," 1,383,086.85 "
409000425051',7-Jan-17,7.00716E+11,,7-Jan-17,," 5,000.00 "," 1,388,086.85 "
409000425051',7-Jan-17,7.00716E+11,,7-Jan-17,," 3,000.00 "," 1,391,086.85 "
409000425051',12-Jan-17,7.01211E+11,,12-Jan-17,," 5,000.00 "," 1,396,086.85 "
409000425051',12-Jan-17,7.01211E+11,,12-Jan-17,," 3,000.00 "," 1,399,086.85 "
409000425051',13-Jan-17,NEFT/SBIN317013377571/NIK,,13-Jan-17,," 8,000.00 "," 1,407,086.85 "
409000425051',16-Jan-17,701616382504-193247227116,,16-Jan-17,," 8,000.00 "," 1,415,086.85 "
409000425051',17-Jan-17,7.01718E+11,,17-Jan-17,," 5,000.00 "," 1,420,086.85 "
409000425051',17-Jan-17,7.01718E+11,,17-Jan-17,," 3,000.00 "," 1,423,086.85 "
409000425051',19-Jan-17,7.01913E+11,,19-Jan-17,," 2,000.00 "," 1,425,086.85 "
409000425051',23-Jan-17,7.02316E+11,,23-Jan-17,," 5,000.00 "," 1,430,086.85 "
409000425051',23-Jan-17,7.02316E+11,,23-Jan-17,," 5,000.00 "," 1,435,086.85 "
409000425051',3-Feb-17,7.03415E+11,,3-Feb-17,," 10,000.00 "," 1,445,086.85 "
409000425051',3-Feb-17,NEFT/SBIN117034378839/ROH,,3-Feb-17,," 1,000.00 "," 1,446,086.85 "
409000425051',6-Feb-17,NEFT/SBIN317037483530/Mr,,6-Feb-17,," 5,000.00 "," 1,451,086.85 "
409000425051',7-Feb-17,NEFT/SBIN417038897386/Mr,,7-Feb-17,," 5,000.00 "," 1,456,086.85 "
409000425051',10-Feb-17,TRF TO  Indiaforensic SERVICES I,,10-Feb-17," 1,000,000.00 ",," 456,086.85 "
409000425051',4-Mar-17,7.06315E+11,,4-Mar-17,, 100.00 ," 456,186.85 "
409000425051',9-Mar-17,NEFT/1164947163/DILIP POP,,9-Mar-17,," 25,000.00 "," 481,186.85 "
409000425051',10-Mar-17,NEFT/1165815732/DILIP POP,,10-Mar-17,," 50,000.00 "," 531,186.85 "
409000425051',21-Mar-17,NEFT/SBIN417080713726/NAR,,21-Mar-17,," 8,050.00 "," 539,236.85 "
409000425051',24-Mar-17,708316683155-199306494324,,24-Mar-17,, 1.00 ," 539,237.85 "
409000425051',31-Mar-17,7.09016E+11,,31-Mar-17,," 2,000.00 "," 541,237.85 "
409000425051',3-Apr-17,TRF TO  Indiaforensic SERVICES I,,3-Apr-17," 100,000.00 ",," 441,237.85 "
409000425051',17-Apr-17,7.10715E+11,,17-Apr-17,," 100,000.00 "," 541,237.85 "
409000425051',3-May-17,NEFT/SBIN117123335066/GAY,,3-May-17,," 8,050.00 "," 549,287.85 "
409000425051',19-May-17,7.13913E+11,,19-May-17,," 2,000.00 "," 551,287.85 "
409000425051',31-May-17,NEFT/SBIN517151880769/DIL,,31-May-17,," 25,000.00 "," 576,287.85 "
409000425051',31-May-17,NEFT/SBIN517151881312/DIL,,31-May-17,," 25,000.00 "," 601,287.85 "
409000425051',12-Jun-17,Indiaforensic SERVICES INDIA PVT,1,12-Jun-17, 200.00 ,," 601,087.85 "
409000425051',12-Jun-17,Indiaforensic SERVICES I P LTD F,2,12-Jun-17, 200.00 ,," 600,887.85 "
409000425051',12-Jun-17,Indiaforensic SERVICES I P LTD P,5,12-Jun-17, 200.00 ,," 600,687.85 "
409000425051',12-Jun-17,Indiaforensic SERVICES INDIA PVT,6,12-Jun-17, 200.00 ,," 600,487.85 "
409000425051',12-Jun-17,Indiaforensic SERVICES I P LTD R,4,12-Jun-17, 200.00 ,," 600,287.85 "
409000425051',12-Jun-17,Indiaforensic SERVICES I P LTD R,3,12-Jun-17, 200.00 ,," 600,087.85 "
409000425051',14-Jun-17,Indiaforensic SERVICES INDIA PVT,9,14-Jun-17, 200.00 ,," 599,887.85 "
409000425051',14-Jun-17,Indiaforensic SERVICES INDIA PVT,7,14-Jun-17, 200.00 ,," 599,687.85 "
409000425051',14-Jun-17,Indiaforensic SERVICES INDIA PVT,8,14-Jun-17, 200.00 ,," 599,487.85 "
409000425051',29-Jun-17,COMMISSION CHARGES,,29-Jun-17, 250.00 ,," 599,237.85 "
409000425051',29-Jun-17,SERVICE TAX,,29-Jun-17, 35.00 ,," 599,202.85 "
409000425051',29-Jun-17,SWACHH BHARAT CESS,,29-Jun-17, 1.25 ,," 599,201.60 "
409000425051',29-Jun-17,KRISHI KALYAN CESS,,29-Jun-17, 1.25 ,," 599,200.35 "
409000425051',6-Jul-17,TRF TO  Indiaforensic ONLINE SER,,6-Jul-17," 100,000.00 ",," 499,200.35 "
409000425051',26-Jul-17,7.20718E+11,,26-Jul-17,," 50,000.00 "," 549,200.35 "
409000425051',7-Apr-18,IMPS 809712134438 FROM OX,,7-Apr-18,," 10,000.00 "," 559,200.35 "
409000425051',12-Jul-18,TRF TO  Indiaforensic SERVICES I,,12-Jul-18," 100,000.00 ",," 459,200.35 "