[2026-04-28T16:38:20.349+0000] {processor.py:161} INFO - Started process (PID=124) to work on /home/airflow/.local/lib/python3.12/site-packages/airflow/example_dags/plugins/listener_plugin.py
[2026-04-28T16:38:20.353+0000] {processor.py:830} INFO - Processing file /home/airflow/.local/lib/python3.12/site-packages/airflow/example_dags/plugins/listener_plugin.py for tasks to queue
[2026-04-28T16:38:20.367+0000] {logging_mixin.py:188} INFO - [2026-04-28T16:38:20.366+0000] {dagbag.py:540} INFO - Filling up the DagBag from /home/airflow/.local/lib/python3.12/site-packages/airflow/example_dags/plugins/listener_plugin.py
[2026-04-28T16:38:20.415+0000] {processor.py:842} WARNING - No viable dags retrieved from /home/airflow/.local/lib/python3.12/site-packages/airflow/example_dags/plugins/listener_plugin.py
[2026-04-28T16:38:20.516+0000] {processor.py:183} INFO - Processing /home/airflow/.local/lib/python3.12/site-packages/airflow/example_dags/plugins/listener_plugin.py took 0.219 seconds
[2026-04-28T16:43:04.732+0000] {processor.py:161} INFO - Started process (PID=116) to work on /home/airflow/.local/lib/python3.12/site-packages/airflow/example_dags/plugins/listener_plugin.py
[2026-04-28T16:43:04.747+0000] {processor.py:830} INFO - Processing file /home/airflow/.local/lib/python3.12/site-packages/airflow/example_dags/plugins/listener_plugin.py for tasks to queue
[2026-04-28T16:43:04.753+0000] {logging_mixin.py:188} INFO - [2026-04-28T16:43:04.752+0000] {dagbag.py:540} INFO - Filling up the DagBag from /home/airflow/.local/lib/python3.12/site-packages/airflow/example_dags/plugins/listener_plugin.py
[2026-04-28T16:43:04.795+0000] {processor.py:842} WARNING - No viable dags retrieved from /home/airflow/.local/lib/python3.12/site-packages/airflow/example_dags/plugins/listener_plugin.py
[2026-04-28T16:43:04.900+0000] {processor.py:183} INFO - Processing /home/airflow/.local/lib/python3.12/site-packages/airflow/example_dags/plugins/listener_plugin.py took 0.203 seconds
[2026-04-28T16:43:35.660+0000] {processor.py:161} INFO - Started process (PID=181) to work on /home/airflow/.local/lib/python3.12/site-packages/airflow/example_dags/plugins/listener_plugin.py
[2026-04-28T16:43:35.661+0000] {processor.py:830} INFO - Processing file /home/airflow/.local/lib/python3.12/site-packages/airflow/example_dags/plugins/listener_plugin.py for tasks to queue
[2026-04-28T16:43:35.663+0000] {logging_mixin.py:188} INFO - [2026-04-28T16:43:35.663+0000] {dagbag.py:540} INFO - Filling up the DagBag from /home/airflow/.local/lib/python3.12/site-packages/airflow/example_dags/plugins/listener_plugin.py
[2026-04-28T16:43:35.669+0000] {processor.py:842} WARNING - No viable dags retrieved from /home/airflow/.local/lib/python3.12/site-packages/airflow/example_dags/plugins/listener_plugin.py
[2026-04-28T16:43:35.685+0000] {processor.py:183} INFO - Processing /home/airflow/.local/lib/python3.12/site-packages/airflow/example_dags/plugins/listener_plugin.py took 0.032 seconds
[2026-04-28T16:44:05.715+0000] {processor.py:161} INFO - Started process (PID=241) to work on /home/airflow/.local/lib/python3.12/site-packages/airflow/example_dags/plugins/listener_plugin.py
[2026-04-28T16:44:05.715+0000] {processor.py:830} INFO - Processing file /home/airflow/.local/lib/python3.12/site-packages/airflow/example_dags/plugins/listener_plugin.py for tasks to queue
[2026-04-28T16:44:05.717+0000] {logging_mixin.py:188} INFO - [2026-04-28T16:44:05.717+0000] {dagbag.py:540} INFO - Filling up the DagBag from /home/airflow/.local/lib/python3.12/site-packages/airflow/example_dags/plugins/listener_plugin.py
[2026-04-28T16:44:05.721+0000] {processor.py:842} WARNING - No viable dags retrieved from /home/airflow/.local/lib/python3.12/site-packages/airflow/example_dags/plugins/listener_plugin.py
[2026-04-28T16:44:05.733+0000] {processor.py:183} INFO - Processing /home/airflow/.local/lib/python3.12/site-packages/airflow/example_dags/plugins/listener_plugin.py took 0.024 seconds
[2026-04-28T16:44:36.521+0000] {processor.py:161} INFO - Started process (PID=302) to work on /home/airflow/.local/lib/python3.12/site-packages/airflow/example_dags/plugins/listener_plugin.py
[2026-04-28T16:44:36.523+0000] {processor.py:830} INFO - Processing file /home/airflow/.local/lib/python3.12/site-packages/airflow/example_dags/plugins/listener_plugin.py for tasks to queue
[2026-04-28T16:44:36.526+0000] {logging_mixin.py:188} INFO - [2026-04-28T16:44:36.525+0000] {dagbag.py:540} INFO - Filling up the DagBag from /home/airflow/.local/lib/python3.12/site-packages/airflow/example_dags/plugins/listener_plugin.py
[2026-04-28T16:44:36.536+0000] {processor.py:842} WARNING - No viable dags retrieved from /home/airflow/.local/lib/python3.12/site-packages/airflow/example_dags/plugins/listener_plugin.py
[2026-04-28T16:44:36.613+0000] {processor.py:183} INFO - Processing /home/airflow/.local/lib/python3.12/site-packages/airflow/example_dags/plugins/listener_plugin.py took 0.106 seconds
[2026-04-28T16:45:08.016+0000] {processor.py:161} INFO - Started process (PID=362) to work on /home/airflow/.local/lib/python3.12/site-packages/airflow/example_dags/plugins/listener_plugin.py
[2026-04-28T16:45:08.021+0000] {processor.py:830} INFO - Processing file /home/airflow/.local/lib/python3.12/site-packages/airflow/example_dags/plugins/listener_plugin.py for tasks to queue
[2026-04-28T16:45:08.023+0000] {logging_mixin.py:188} INFO - [2026-04-28T16:45:08.023+0000] {dagbag.py:540} INFO - Filling up the DagBag from /home/airflow/.local/lib/python3.12/site-packages/airflow/example_dags/plugins/listener_plugin.py
[2026-04-28T16:45:08.047+0000] {processor.py:842} WARNING - No viable dags retrieved from /home/airflow/.local/lib/python3.12/site-packages/airflow/example_dags/plugins/listener_plugin.py
[2026-04-28T16:45:08.100+0000] {processor.py:183} INFO - Processing /home/airflow/.local/lib/python3.12/site-packages/airflow/example_dags/plugins/listener_plugin.py took 0.137 seconds
[2026-04-28T16:45:38.554+0000] {processor.py:161} INFO - Started process (PID=422) to work on /home/airflow/.local/lib/python3.12/site-packages/airflow/example_dags/plugins/listener_plugin.py
[2026-04-28T16:45:38.555+0000] {processor.py:830} INFO - Processing file /home/airflow/.local/lib/python3.12/site-packages/airflow/example_dags/plugins/listener_plugin.py for tasks to queue
[2026-04-28T16:45:38.557+0000] {logging_mixin.py:188} INFO - [2026-04-28T16:45:38.557+0000] {dagbag.py:540} INFO - Filling up the DagBag from /home/airflow/.local/lib/python3.12/site-packages/airflow/example_dags/plugins/listener_plugin.py
[2026-04-28T16:45:38.560+0000] {processor.py:842} WARNING - No viable dags retrieved from /home/airflow/.local/lib/python3.12/site-packages/airflow/example_dags/plugins/listener_plugin.py
[2026-04-28T16:45:38.575+0000] {processor.py:183} INFO - Processing /home/airflow/.local/lib/python3.12/site-packages/airflow/example_dags/plugins/listener_plugin.py took 0.029 seconds
[2026-04-28T16:46:09.087+0000] {processor.py:161} INFO - Started process (PID=482) to work on /home/airflow/.local/lib/python3.12/site-packages/airflow/example_dags/plugins/listener_plugin.py
[2026-04-28T16:46:09.088+0000] {processor.py:830} INFO - Processing file /home/airflow/.local/lib/python3.12/site-packages/airflow/example_dags/plugins/listener_plugin.py for tasks to queue
[2026-04-28T16:46:09.093+0000] {logging_mixin.py:188} INFO - [2026-04-28T16:46:09.092+0000] {dagbag.py:540} INFO - Filling up the DagBag from /home/airflow/.local/lib/python3.12/site-packages/airflow/example_dags/plugins/listener_plugin.py
[2026-04-28T16:46:09.107+0000] {processor.py:842} WARNING - No viable dags retrieved from /home/airflow/.local/lib/python3.12/site-packages/airflow/example_dags/plugins/listener_plugin.py
[2026-04-28T16:46:09.179+0000] {processor.py:183} INFO - Processing /home/airflow/.local/lib/python3.12/site-packages/airflow/example_dags/plugins/listener_plugin.py took 0.109 seconds
[2026-04-28T16:46:39.893+0000] {processor.py:161} INFO - Started process (PID=541) to work on /home/airflow/.local/lib/python3.12/site-packages/airflow/example_dags/plugins/listener_plugin.py
[2026-04-28T16:46:39.905+0000] {processor.py:830} INFO - Processing file /home/airflow/.local/lib/python3.12/site-packages/airflow/example_dags/plugins/listener_plugin.py for tasks to queue
[2026-04-28T16:46:39.927+0000] {logging_mixin.py:188} INFO - [2026-04-28T16:46:39.923+0000] {dagbag.py:540} INFO - Filling up the DagBag from /home/airflow/.local/lib/python3.12/site-packages/airflow/example_dags/plugins/listener_plugin.py
[2026-04-28T16:46:39.944+0000] {processor.py:842} WARNING - No viable dags retrieved from /home/airflow/.local/lib/python3.12/site-packages/airflow/example_dags/plugins/listener_plugin.py
[2026-04-28T16:46:39.987+0000] {processor.py:183} INFO - Processing /home/airflow/.local/lib/python3.12/site-packages/airflow/example_dags/plugins/listener_plugin.py took 0.119 seconds
[2026-04-28T16:47:10.474+0000] {processor.py:161} INFO - Started process (PID=601) to work on /home/airflow/.local/lib/python3.12/site-packages/airflow/example_dags/plugins/listener_plugin.py
[2026-04-28T16:47:10.475+0000] {processor.py:830} INFO - Processing file /home/airflow/.local/lib/python3.12/site-packages/airflow/example_dags/plugins/listener_plugin.py for tasks to queue
[2026-04-28T16:47:10.477+0000] {logging_mixin.py:188} INFO - [2026-04-28T16:47:10.476+0000] {dagbag.py:540} INFO - Filling up the DagBag from /home/airflow/.local/lib/python3.12/site-packages/airflow/example_dags/plugins/listener_plugin.py
[2026-04-28T16:47:10.480+0000] {processor.py:842} WARNING - No viable dags retrieved from /home/airflow/.local/lib/python3.12/site-packages/airflow/example_dags/plugins/listener_plugin.py
[2026-04-28T16:47:10.497+0000] {processor.py:183} INFO - Processing /home/airflow/.local/lib/python3.12/site-packages/airflow/example_dags/plugins/listener_plugin.py took 0.030 seconds
[2026-04-28T16:47:41.522+0000] {processor.py:161} INFO - Started process (PID=661) to work on /home/airflow/.local/lib/python3.12/site-packages/airflow/example_dags/plugins/listener_plugin.py
[2026-04-28T16:47:41.523+0000] {processor.py:830} INFO - Processing file /home/airflow/.local/lib/python3.12/site-packages/airflow/example_dags/plugins/listener_plugin.py for tasks to queue
[2026-04-28T16:47:41.525+0000] {logging_mixin.py:188} INFO - [2026-04-28T16:47:41.525+0000] {dagbag.py:540} INFO - Filling up the DagBag from /home/airflow/.local/lib/python3.12/site-packages/airflow/example_dags/plugins/listener_plugin.py
[2026-04-28T16:47:41.528+0000] {processor.py:842} WARNING - No viable dags retrieved from /home/airflow/.local/lib/python3.12/site-packages/airflow/example_dags/plugins/listener_plugin.py
[2026-04-28T16:47:41.544+0000] {processor.py:183} INFO - Processing /home/airflow/.local/lib/python3.12/site-packages/airflow/example_dags/plugins/listener_plugin.py took 0.029 seconds
[2026-04-28T16:48:12.116+0000] {processor.py:161} INFO - Started process (PID=721) to work on /home/airflow/.local/lib/python3.12/site-packages/airflow/example_dags/plugins/listener_plugin.py
[2026-04-28T16:48:12.117+0000] {processor.py:830} INFO - Processing file /home/airflow/.local/lib/python3.12/site-packages/airflow/example_dags/plugins/listener_plugin.py for tasks to queue
[2026-04-28T16:48:12.119+0000] {logging_mixin.py:188} INFO - [2026-04-28T16:48:12.119+0000] {dagbag.py:540} INFO - Filling up the DagBag from /home/airflow/.local/lib/python3.12/site-packages/airflow/example_dags/plugins/listener_plugin.py
[2026-04-28T16:48:12.122+0000] {processor.py:842} WARNING - No viable dags retrieved from /home/airflow/.local/lib/python3.12/site-packages/airflow/example_dags/plugins/listener_plugin.py
[2026-04-28T16:48:12.136+0000] {processor.py:183} INFO - Processing /home/airflow/.local/lib/python3.12/site-packages/airflow/example_dags/plugins/listener_plugin.py took 0.027 seconds
[2026-04-28T17:25:32.975+0000] {processor.py:161} INFO - Started process (PID=110) to work on /home/airflow/.local/lib/python3.12/site-packages/airflow/example_dags/plugins/listener_plugin.py
[2026-04-28T17:25:33.033+0000] {processor.py:830} INFO - Processing file /home/airflow/.local/lib/python3.12/site-packages/airflow/example_dags/plugins/listener_plugin.py for tasks to queue
[2026-04-28T17:25:33.036+0000] {logging_mixin.py:188} INFO - [2026-04-28T17:25:33.035+0000] {dagbag.py:540} INFO - Filling up the DagBag from /home/airflow/.local/lib/python3.12/site-packages/airflow/example_dags/plugins/listener_plugin.py
[2026-04-28T17:25:33.055+0000] {processor.py:842} WARNING - No viable dags retrieved from /home/airflow/.local/lib/python3.12/site-packages/airflow/example_dags/plugins/listener_plugin.py
[2026-04-28T17:25:33.134+0000] {processor.py:183} INFO - Processing /home/airflow/.local/lib/python3.12/site-packages/airflow/example_dags/plugins/listener_plugin.py took 0.165 seconds
[2026-04-28T17:26:03.624+0000] {processor.py:161} INFO - Started process (PID=168) to work on /home/airflow/.local/lib/python3.12/site-packages/airflow/example_dags/plugins/listener_plugin.py
[2026-04-28T17:26:03.625+0000] {processor.py:830} INFO - Processing file /home/airflow/.local/lib/python3.12/site-packages/airflow/example_dags/plugins/listener_plugin.py for tasks to queue
[2026-04-28T17:26:03.626+0000] {logging_mixin.py:188} INFO - [2026-04-28T17:26:03.626+0000] {dagbag.py:540} INFO - Filling up the DagBag from /home/airflow/.local/lib/python3.12/site-packages/airflow/example_dags/plugins/listener_plugin.py
[2026-04-28T17:26:03.629+0000] {processor.py:842} WARNING - No viable dags retrieved from /home/airflow/.local/lib/python3.12/site-packages/airflow/example_dags/plugins/listener_plugin.py
[2026-04-28T17:26:03.644+0000] {processor.py:183} INFO - Processing /home/airflow/.local/lib/python3.12/site-packages/airflow/example_dags/plugins/listener_plugin.py took 0.027 seconds
[2026-04-28T17:26:34.696+0000] {processor.py:161} INFO - Started process (PID=227) to work on /home/airflow/.local/lib/python3.12/site-packages/airflow/example_dags/plugins/listener_plugin.py
[2026-04-28T17:26:34.697+0000] {processor.py:830} INFO - Processing file /home/airflow/.local/lib/python3.12/site-packages/airflow/example_dags/plugins/listener_plugin.py for tasks to queue
[2026-04-28T17:26:34.699+0000] {logging_mixin.py:188} INFO - [2026-04-28T17:26:34.698+0000] {dagbag.py:540} INFO - Filling up the DagBag from /home/airflow/.local/lib/python3.12/site-packages/airflow/example_dags/plugins/listener_plugin.py
[2026-04-28T17:26:34.701+0000] {processor.py:842} WARNING - No viable dags retrieved from /home/airflow/.local/lib/python3.12/site-packages/airflow/example_dags/plugins/listener_plugin.py
[2026-04-28T17:26:34.717+0000] {processor.py:183} INFO - Processing /home/airflow/.local/lib/python3.12/site-packages/airflow/example_dags/plugins/listener_plugin.py took 0.028 seconds
[2026-04-28T17:27:06.845+0000] {processor.py:161} INFO - Started process (PID=287) to work on /home/airflow/.local/lib/python3.12/site-packages/airflow/example_dags/plugins/listener_plugin.py
[2026-04-28T17:27:06.847+0000] {processor.py:830} INFO - Processing file /home/airflow/.local/lib/python3.12/site-packages/airflow/example_dags/plugins/listener_plugin.py for tasks to queue
[2026-04-28T17:27:06.855+0000] {logging_mixin.py:188} INFO - [2026-04-28T17:27:06.854+0000] {dagbag.py:540} INFO - Filling up the DagBag from /home/airflow/.local/lib/python3.12/site-packages/airflow/example_dags/plugins/listener_plugin.py
[2026-04-28T17:27:06.870+0000] {processor.py:842} WARNING - No viable dags retrieved from /home/airflow/.local/lib/python3.12/site-packages/airflow/example_dags/plugins/listener_plugin.py
[2026-04-28T17:27:06.905+0000] {processor.py:183} INFO - Processing /home/airflow/.local/lib/python3.12/site-packages/airflow/example_dags/plugins/listener_plugin.py took 0.226 seconds
[2026-04-28T17:27:37.753+0000] {processor.py:161} INFO - Started process (PID=347) to work on /home/airflow/.local/lib/python3.12/site-packages/airflow/example_dags/plugins/listener_plugin.py
[2026-04-28T17:27:37.754+0000] {processor.py:830} INFO - Processing file /home/airflow/.local/lib/python3.12/site-packages/airflow/example_dags/plugins/listener_plugin.py for tasks to queue
[2026-04-28T17:27:37.755+0000] {logging_mixin.py:188} INFO - [2026-04-28T17:27:37.755+0000] {dagbag.py:540} INFO - Filling up the DagBag from /home/airflow/.local/lib/python3.12/site-packages/airflow/example_dags/plugins/listener_plugin.py
[2026-04-28T17:27:37.758+0000] {processor.py:842} WARNING - No viable dags retrieved from /home/airflow/.local/lib/python3.12/site-packages/airflow/example_dags/plugins/listener_plugin.py
[2026-04-28T17:27:37.773+0000] {processor.py:183} INFO - Processing /home/airflow/.local/lib/python3.12/site-packages/airflow/example_dags/plugins/listener_plugin.py took 0.027 seconds
[2026-04-28T17:28:08.049+0000] {processor.py:161} INFO - Started process (PID=406) to work on /home/airflow/.local/lib/python3.12/site-packages/airflow/example_dags/plugins/listener_plugin.py
[2026-04-28T17:28:08.050+0000] {processor.py:830} INFO - Processing file /home/airflow/.local/lib/python3.12/site-packages/airflow/example_dags/plugins/listener_plugin.py for tasks to queue
[2026-04-28T17:28:08.052+0000] {logging_mixin.py:188} INFO - [2026-04-28T17:28:08.052+0000] {dagbag.py:540} INFO - Filling up the DagBag from /home/airflow/.local/lib/python3.12/site-packages/airflow/example_dags/plugins/listener_plugin.py
[2026-04-28T17:28:08.055+0000] {processor.py:842} WARNING - No viable dags retrieved from /home/airflow/.local/lib/python3.12/site-packages/airflow/example_dags/plugins/listener_plugin.py
[2026-04-28T17:28:08.070+0000] {processor.py:183} INFO - Processing /home/airflow/.local/lib/python3.12/site-packages/airflow/example_dags/plugins/listener_plugin.py took 0.028 seconds
[2026-04-28T17:28:38.465+0000] {processor.py:161} INFO - Started process (PID=466) to work on /home/airflow/.local/lib/python3.12/site-packages/airflow/example_dags/plugins/listener_plugin.py
[2026-04-28T17:28:38.466+0000] {processor.py:830} INFO - Processing file /home/airflow/.local/lib/python3.12/site-packages/airflow/example_dags/plugins/listener_plugin.py for tasks to queue
[2026-04-28T17:28:38.468+0000] {logging_mixin.py:188} INFO - [2026-04-28T17:28:38.468+0000] {dagbag.py:540} INFO - Filling up the DagBag from /home/airflow/.local/lib/python3.12/site-packages/airflow/example_dags/plugins/listener_plugin.py
[2026-04-28T17:28:38.471+0000] {processor.py:842} WARNING - No viable dags retrieved from /home/airflow/.local/lib/python3.12/site-packages/airflow/example_dags/plugins/listener_plugin.py
[2026-04-28T17:28:38.485+0000] {processor.py:183} INFO - Processing /home/airflow/.local/lib/python3.12/site-packages/airflow/example_dags/plugins/listener_plugin.py took 0.026 seconds
[2026-04-28T17:29:08.972+0000] {processor.py:161} INFO - Started process (PID=526) to work on /home/airflow/.local/lib/python3.12/site-packages/airflow/example_dags/plugins/listener_plugin.py
[2026-04-28T17:29:08.972+0000] {processor.py:830} INFO - Processing file /home/airflow/.local/lib/python3.12/site-packages/airflow/example_dags/plugins/listener_plugin.py for tasks to queue
[2026-04-28T17:29:08.974+0000] {logging_mixin.py:188} INFO - [2026-04-28T17:29:08.974+0000] {dagbag.py:540} INFO - Filling up the DagBag from /home/airflow/.local/lib/python3.12/site-packages/airflow/example_dags/plugins/listener_plugin.py
[2026-04-28T17:29:08.977+0000] {processor.py:842} WARNING - No viable dags retrieved from /home/airflow/.local/lib/python3.12/site-packages/airflow/example_dags/plugins/listener_plugin.py
[2026-04-28T17:29:08.993+0000] {processor.py:183} INFO - Processing /home/airflow/.local/lib/python3.12/site-packages/airflow/example_dags/plugins/listener_plugin.py took 0.028 seconds
[2026-04-28T17:29:39.617+0000] {processor.py:161} INFO - Started process (PID=586) to work on /home/airflow/.local/lib/python3.12/site-packages/airflow/example_dags/plugins/listener_plugin.py
[2026-04-28T17:29:39.618+0000] {processor.py:830} INFO - Processing file /home/airflow/.local/lib/python3.12/site-packages/airflow/example_dags/plugins/listener_plugin.py for tasks to queue
[2026-04-28T17:29:39.619+0000] {logging_mixin.py:188} INFO - [2026-04-28T17:29:39.619+0000] {dagbag.py:540} INFO - Filling up the DagBag from /home/airflow/.local/lib/python3.12/site-packages/airflow/example_dags/plugins/listener_plugin.py
[2026-04-28T17:29:39.622+0000] {processor.py:842} WARNING - No viable dags retrieved from /home/airflow/.local/lib/python3.12/site-packages/airflow/example_dags/plugins/listener_plugin.py
[2026-04-28T17:29:39.639+0000] {processor.py:183} INFO - Processing /home/airflow/.local/lib/python3.12/site-packages/airflow/example_dags/plugins/listener_plugin.py took 0.029 seconds
[2026-04-28T17:30:09.838+0000] {processor.py:161} INFO - Started process (PID=647) to work on /home/airflow/.local/lib/python3.12/site-packages/airflow/example_dags/plugins/listener_plugin.py
[2026-04-28T17:30:09.839+0000] {processor.py:830} INFO - Processing file /home/airflow/.local/lib/python3.12/site-packages/airflow/example_dags/plugins/listener_plugin.py for tasks to queue
[2026-04-28T17:30:09.841+0000] {logging_mixin.py:188} INFO - [2026-04-28T17:30:09.841+0000] {dagbag.py:540} INFO - Filling up the DagBag from /home/airflow/.local/lib/python3.12/site-packages/airflow/example_dags/plugins/listener_plugin.py
[2026-04-28T17:30:09.844+0000] {processor.py:842} WARNING - No viable dags retrieved from /home/airflow/.local/lib/python3.12/site-packages/airflow/example_dags/plugins/listener_plugin.py
[2026-04-28T17:30:09.860+0000] {processor.py:183} INFO - Processing /home/airflow/.local/lib/python3.12/site-packages/airflow/example_dags/plugins/listener_plugin.py took 0.033 seconds
[2026-04-28T17:30:40.752+0000] {processor.py:161} INFO - Started process (PID=707) to work on /home/airflow/.local/lib/python3.12/site-packages/airflow/example_dags/plugins/listener_plugin.py
[2026-04-28T17:30:40.752+0000] {processor.py:830} INFO - Processing file /home/airflow/.local/lib/python3.12/site-packages/airflow/example_dags/plugins/listener_plugin.py for tasks to queue
[2026-04-28T17:30:40.754+0000] {logging_mixin.py:188} INFO - [2026-04-28T17:30:40.754+0000] {dagbag.py:540} INFO - Filling up the DagBag from /home/airflow/.local/lib/python3.12/site-packages/airflow/example_dags/plugins/listener_plugin.py
[2026-04-28T17:30:40.757+0000] {processor.py:842} WARNING - No viable dags retrieved from /home/airflow/.local/lib/python3.12/site-packages/airflow/example_dags/plugins/listener_plugin.py
[2026-04-28T17:30:40.772+0000] {processor.py:183} INFO - Processing /home/airflow/.local/lib/python3.12/site-packages/airflow/example_dags/plugins/listener_plugin.py took 0.027 seconds
[2026-04-28T17:31:11.933+0000] {processor.py:161} INFO - Started process (PID=767) to work on /home/airflow/.local/lib/python3.12/site-packages/airflow/example_dags/plugins/listener_plugin.py
[2026-04-28T17:31:11.934+0000] {processor.py:830} INFO - Processing file /home/airflow/.local/lib/python3.12/site-packages/airflow/example_dags/plugins/listener_plugin.py for tasks to queue
[2026-04-28T17:31:11.935+0000] {logging_mixin.py:188} INFO - [2026-04-28T17:31:11.935+0000] {dagbag.py:540} INFO - Filling up the DagBag from /home/airflow/.local/lib/python3.12/site-packages/airflow/example_dags/plugins/listener_plugin.py
[2026-04-28T17:31:11.938+0000] {processor.py:842} WARNING - No viable dags retrieved from /home/airflow/.local/lib/python3.12/site-packages/airflow/example_dags/plugins/listener_plugin.py
[2026-04-28T17:31:11.952+0000] {processor.py:183} INFO - Processing /home/airflow/.local/lib/python3.12/site-packages/airflow/example_dags/plugins/listener_plugin.py took 0.026 seconds
[2026-04-28T17:31:42.452+0000] {processor.py:161} INFO - Started process (PID=827) to work on /home/airflow/.local/lib/python3.12/site-packages/airflow/example_dags/plugins/listener_plugin.py
[2026-04-28T17:31:42.453+0000] {processor.py:830} INFO - Processing file /home/airflow/.local/lib/python3.12/site-packages/airflow/example_dags/plugins/listener_plugin.py for tasks to queue
[2026-04-28T17:31:42.455+0000] {logging_mixin.py:188} INFO - [2026-04-28T17:31:42.455+0000] {dagbag.py:540} INFO - Filling up the DagBag from /home/airflow/.local/lib/python3.12/site-packages/airflow/example_dags/plugins/listener_plugin.py
[2026-04-28T17:31:42.459+0000] {processor.py:842} WARNING - No viable dags retrieved from /home/airflow/.local/lib/python3.12/site-packages/airflow/example_dags/plugins/listener_plugin.py
[2026-04-28T17:31:42.476+0000] {processor.py:183} INFO - Processing /home/airflow/.local/lib/python3.12/site-packages/airflow/example_dags/plugins/listener_plugin.py took 0.031 seconds
[2026-04-28T17:32:12.796+0000] {processor.py:161} INFO - Started process (PID=886) to work on /home/airflow/.local/lib/python3.12/site-packages/airflow/example_dags/plugins/listener_plugin.py
[2026-04-28T17:32:12.797+0000] {processor.py:830} INFO - Processing file /home/airflow/.local/lib/python3.12/site-packages/airflow/example_dags/plugins/listener_plugin.py for tasks to queue
[2026-04-28T17:32:12.799+0000] {logging_mixin.py:188} INFO - [2026-04-28T17:32:12.799+0000] {dagbag.py:540} INFO - Filling up the DagBag from /home/airflow/.local/lib/python3.12/site-packages/airflow/example_dags/plugins/listener_plugin.py
[2026-04-28T17:32:12.801+0000] {processor.py:842} WARNING - No viable dags retrieved from /home/airflow/.local/lib/python3.12/site-packages/airflow/example_dags/plugins/listener_plugin.py
[2026-04-28T17:32:12.816+0000] {processor.py:183} INFO - Processing /home/airflow/.local/lib/python3.12/site-packages/airflow/example_dags/plugins/listener_plugin.py took 0.027 seconds
[2026-04-28T17:32:43.139+0000] {processor.py:161} INFO - Started process (PID=946) to work on /home/airflow/.local/lib/python3.12/site-packages/airflow/example_dags/plugins/listener_plugin.py
[2026-04-28T17:32:43.140+0000] {processor.py:830} INFO - Processing file /home/airflow/.local/lib/python3.12/site-packages/airflow/example_dags/plugins/listener_plugin.py for tasks to queue
[2026-04-28T17:32:43.142+0000] {logging_mixin.py:188} INFO - [2026-04-28T17:32:43.142+0000] {dagbag.py:540} INFO - Filling up the DagBag from /home/airflow/.local/lib/python3.12/site-packages/airflow/example_dags/plugins/listener_plugin.py
[2026-04-28T17:32:43.148+0000] {processor.py:842} WARNING - No viable dags retrieved from /home/airflow/.local/lib/python3.12/site-packages/airflow/example_dags/plugins/listener_plugin.py
[2026-04-28T17:32:43.161+0000] {processor.py:183} INFO - Processing /home/airflow/.local/lib/python3.12/site-packages/airflow/example_dags/plugins/listener_plugin.py took 0.028 seconds
[2026-04-28T17:33:13.918+0000] {processor.py:161} INFO - Started process (PID=1006) to work on /home/airflow/.local/lib/python3.12/site-packages/airflow/example_dags/plugins/listener_plugin.py
[2026-04-28T17:33:13.919+0000] {processor.py:830} INFO - Processing file /home/airflow/.local/lib/python3.12/site-packages/airflow/example_dags/plugins/listener_plugin.py for tasks to queue
[2026-04-28T17:33:13.921+0000] {logging_mixin.py:188} INFO - [2026-04-28T17:33:13.921+0000] {dagbag.py:540} INFO - Filling up the DagBag from /home/airflow/.local/lib/python3.12/site-packages/airflow/example_dags/plugins/listener_plugin.py
[2026-04-28T17:33:13.924+0000] {processor.py:842} WARNING - No viable dags retrieved from /home/airflow/.local/lib/python3.12/site-packages/airflow/example_dags/plugins/listener_plugin.py
[2026-04-28T17:33:13.940+0000] {processor.py:183} INFO - Processing /home/airflow/.local/lib/python3.12/site-packages/airflow/example_dags/plugins/listener_plugin.py took 0.031 seconds
[2026-04-28T17:33:44.219+0000] {processor.py:161} INFO - Started process (PID=1066) to work on /home/airflow/.local/lib/python3.12/site-packages/airflow/example_dags/plugins/listener_plugin.py
[2026-04-28T17:33:44.225+0000] {processor.py:830} INFO - Processing file /home/airflow/.local/lib/python3.12/site-packages/airflow/example_dags/plugins/listener_plugin.py for tasks to queue
[2026-04-28T17:33:44.228+0000] {logging_mixin.py:188} INFO - [2026-04-28T17:33:44.228+0000] {dagbag.py:540} INFO - Filling up the DagBag from /home/airflow/.local/lib/python3.12/site-packages/airflow/example_dags/plugins/listener_plugin.py
[2026-04-28T17:33:44.233+0000] {processor.py:842} WARNING - No viable dags retrieved from /home/airflow/.local/lib/python3.12/site-packages/airflow/example_dags/plugins/listener_plugin.py
[2026-04-28T17:33:44.263+0000] {processor.py:183} INFO - Processing /home/airflow/.local/lib/python3.12/site-packages/airflow/example_dags/plugins/listener_plugin.py took 0.061 seconds
[2026-04-28T17:34:14.388+0000] {processor.py:161} INFO - Started process (PID=1126) to work on /home/airflow/.local/lib/python3.12/site-packages/airflow/example_dags/plugins/listener_plugin.py
[2026-04-28T17:34:14.389+0000] {processor.py:830} INFO - Processing file /home/airflow/.local/lib/python3.12/site-packages/airflow/example_dags/plugins/listener_plugin.py for tasks to queue
[2026-04-28T17:34:14.391+0000] {logging_mixin.py:188} INFO - [2026-04-28T17:34:14.390+0000] {dagbag.py:540} INFO - Filling up the DagBag from /home/airflow/.local/lib/python3.12/site-packages/airflow/example_dags/plugins/listener_plugin.py
[2026-04-28T17:34:14.393+0000] {processor.py:842} WARNING - No viable dags retrieved from /home/airflow/.local/lib/python3.12/site-packages/airflow/example_dags/plugins/listener_plugin.py
[2026-04-28T17:34:14.409+0000] {processor.py:183} INFO - Processing /home/airflow/.local/lib/python3.12/site-packages/airflow/example_dags/plugins/listener_plugin.py took 0.028 seconds
[2026-04-28T17:34:45.313+0000] {processor.py:161} INFO - Started process (PID=1186) to work on /home/airflow/.local/lib/python3.12/site-packages/airflow/example_dags/plugins/listener_plugin.py
[2026-04-28T17:34:45.313+0000] {processor.py:830} INFO - Processing file /home/airflow/.local/lib/python3.12/site-packages/airflow/example_dags/plugins/listener_plugin.py for tasks to queue
[2026-04-28T17:34:45.316+0000] {logging_mixin.py:188} INFO - [2026-04-28T17:34:45.315+0000] {dagbag.py:540} INFO - Filling up the DagBag from /home/airflow/.local/lib/python3.12/site-packages/airflow/example_dags/plugins/listener_plugin.py
[2026-04-28T17:34:45.319+0000] {processor.py:842} WARNING - No viable dags retrieved from /home/airflow/.local/lib/python3.12/site-packages/airflow/example_dags/plugins/listener_plugin.py
[2026-04-28T17:34:45.334+0000] {processor.py:183} INFO - Processing /home/airflow/.local/lib/python3.12/site-packages/airflow/example_dags/plugins/listener_plugin.py took 0.029 seconds
[2026-04-28T17:35:16.048+0000] {processor.py:161} INFO - Started process (PID=1246) to work on /home/airflow/.local/lib/python3.12/site-packages/airflow/example_dags/plugins/listener_plugin.py
[2026-04-28T17:35:16.049+0000] {processor.py:830} INFO - Processing file /home/airflow/.local/lib/python3.12/site-packages/airflow/example_dags/plugins/listener_plugin.py for tasks to queue
[2026-04-28T17:35:16.050+0000] {logging_mixin.py:188} INFO - [2026-04-28T17:35:16.050+0000] {dagbag.py:540} INFO - Filling up the DagBag from /home/airflow/.local/lib/python3.12/site-packages/airflow/example_dags/plugins/listener_plugin.py
[2026-04-28T17:35:16.052+0000] {processor.py:842} WARNING - No viable dags retrieved from /home/airflow/.local/lib/python3.12/site-packages/airflow/example_dags/plugins/listener_plugin.py
[2026-04-28T17:35:16.066+0000] {processor.py:183} INFO - Processing /home/airflow/.local/lib/python3.12/site-packages/airflow/example_dags/plugins/listener_plugin.py took 0.023 seconds
[2026-04-28T17:35:46.614+0000] {processor.py:161} INFO - Started process (PID=1311) to work on /home/airflow/.local/lib/python3.12/site-packages/airflow/example_dags/plugins/listener_plugin.py
[2026-04-28T17:35:46.616+0000] {processor.py:830} INFO - Processing file /home/airflow/.local/lib/python3.12/site-packages/airflow/example_dags/plugins/listener_plugin.py for tasks to queue
[2026-04-28T17:35:46.617+0000] {logging_mixin.py:188} INFO - [2026-04-28T17:35:46.617+0000] {dagbag.py:540} INFO - Filling up the DagBag from /home/airflow/.local/lib/python3.12/site-packages/airflow/example_dags/plugins/listener_plugin.py
[2026-04-28T17:35:46.620+0000] {processor.py:842} WARNING - No viable dags retrieved from /home/airflow/.local/lib/python3.12/site-packages/airflow/example_dags/plugins/listener_plugin.py
[2026-04-28T17:35:46.635+0000] {processor.py:183} INFO - Processing /home/airflow/.local/lib/python3.12/site-packages/airflow/example_dags/plugins/listener_plugin.py took 0.027 seconds
[2026-04-28T17:36:18.027+0000] {processor.py:161} INFO - Started process (PID=1370) to work on /home/airflow/.local/lib/python3.12/site-packages/airflow/example_dags/plugins/listener_plugin.py
[2026-04-28T17:36:18.033+0000] {processor.py:830} INFO - Processing file /home/airflow/.local/lib/python3.12/site-packages/airflow/example_dags/plugins/listener_plugin.py for tasks to queue
[2026-04-28T17:36:18.039+0000] {logging_mixin.py:188} INFO - [2026-04-28T17:36:18.039+0000] {dagbag.py:540} INFO - Filling up the DagBag from /home/airflow/.local/lib/python3.12/site-packages/airflow/example_dags/plugins/listener_plugin.py
[2026-04-28T17:36:18.049+0000] {processor.py:842} WARNING - No viable dags retrieved from /home/airflow/.local/lib/python3.12/site-packages/airflow/example_dags/plugins/listener_plugin.py
[2026-04-28T17:36:18.064+0000] {processor.py:183} INFO - Processing /home/airflow/.local/lib/python3.12/site-packages/airflow/example_dags/plugins/listener_plugin.py took 0.045 seconds
[2026-04-28T17:36:49.150+0000] {processor.py:161} INFO - Started process (PID=1431) to work on /home/airflow/.local/lib/python3.12/site-packages/airflow/example_dags/plugins/listener_plugin.py
[2026-04-28T17:36:49.153+0000] {processor.py:830} INFO - Processing file /home/airflow/.local/lib/python3.12/site-packages/airflow/example_dags/plugins/listener_plugin.py for tasks to queue
[2026-04-28T17:36:49.155+0000] {logging_mixin.py:188} INFO - [2026-04-28T17:36:49.154+0000] {dagbag.py:540} INFO - Filling up the DagBag from /home/airflow/.local/lib/python3.12/site-packages/airflow/example_dags/plugins/listener_plugin.py
[2026-04-28T17:36:49.160+0000] {processor.py:842} WARNING - No viable dags retrieved from /home/airflow/.local/lib/python3.12/site-packages/airflow/example_dags/plugins/listener_plugin.py
[2026-04-28T17:36:49.194+0000] {processor.py:183} INFO - Processing /home/airflow/.local/lib/python3.12/site-packages/airflow/example_dags/plugins/listener_plugin.py took 0.060 seconds
[2026-04-28T17:37:19.433+0000] {processor.py:161} INFO - Started process (PID=1490) to work on /home/airflow/.local/lib/python3.12/site-packages/airflow/example_dags/plugins/listener_plugin.py
[2026-04-28T17:37:19.434+0000] {processor.py:830} INFO - Processing file /home/airflow/.local/lib/python3.12/site-packages/airflow/example_dags/plugins/listener_plugin.py for tasks to queue
[2026-04-28T17:37:19.436+0000] {logging_mixin.py:188} INFO - [2026-04-28T17:37:19.436+0000] {dagbag.py:540} INFO - Filling up the DagBag from /home/airflow/.local/lib/python3.12/site-packages/airflow/example_dags/plugins/listener_plugin.py
[2026-04-28T17:37:19.439+0000] {processor.py:842} WARNING - No viable dags retrieved from /home/airflow/.local/lib/python3.12/site-packages/airflow/example_dags/plugins/listener_plugin.py
[2026-04-28T17:37:19.455+0000] {processor.py:183} INFO - Processing /home/airflow/.local/lib/python3.12/site-packages/airflow/example_dags/plugins/listener_plugin.py took 0.029 seconds
[2026-04-28T17:37:50.454+0000] {processor.py:161} INFO - Started process (PID=1551) to work on /home/airflow/.local/lib/python3.12/site-packages/airflow/example_dags/plugins/listener_plugin.py
[2026-04-28T17:37:50.455+0000] {processor.py:830} INFO - Processing file /home/airflow/.local/lib/python3.12/site-packages/airflow/example_dags/plugins/listener_plugin.py for tasks to queue
[2026-04-28T17:37:50.457+0000] {logging_mixin.py:188} INFO - [2026-04-28T17:37:50.456+0000] {dagbag.py:540} INFO - Filling up the DagBag from /home/airflow/.local/lib/python3.12/site-packages/airflow/example_dags/plugins/listener_plugin.py
[2026-04-28T17:37:50.460+0000] {processor.py:842} WARNING - No viable dags retrieved from /home/airflow/.local/lib/python3.12/site-packages/airflow/example_dags/plugins/listener_plugin.py
[2026-04-28T17:37:50.475+0000] {processor.py:183} INFO - Processing /home/airflow/.local/lib/python3.12/site-packages/airflow/example_dags/plugins/listener_plugin.py took 0.028 seconds
[2026-04-28T17:38:20.791+0000] {processor.py:161} INFO - Started process (PID=1610) to work on /home/airflow/.local/lib/python3.12/site-packages/airflow/example_dags/plugins/listener_plugin.py
[2026-04-28T17:38:20.791+0000] {processor.py:830} INFO - Processing file /home/airflow/.local/lib/python3.12/site-packages/airflow/example_dags/plugins/listener_plugin.py for tasks to queue
[2026-04-28T17:38:20.793+0000] {logging_mixin.py:188} INFO - [2026-04-28T17:38:20.793+0000] {dagbag.py:540} INFO - Filling up the DagBag from /home/airflow/.local/lib/python3.12/site-packages/airflow/example_dags/plugins/listener_plugin.py
[2026-04-28T17:38:20.796+0000] {processor.py:842} WARNING - No viable dags retrieved from /home/airflow/.local/lib/python3.12/site-packages/airflow/example_dags/plugins/listener_plugin.py
[2026-04-28T17:38:20.812+0000] {processor.py:183} INFO - Processing /home/airflow/.local/lib/python3.12/site-packages/airflow/example_dags/plugins/listener_plugin.py took 0.029 seconds
[2026-04-28T17:38:50.951+0000] {processor.py:161} INFO - Started process (PID=1670) to work on /home/airflow/.local/lib/python3.12/site-packages/airflow/example_dags/plugins/listener_plugin.py
[2026-04-28T17:38:50.952+0000] {processor.py:830} INFO - Processing file /home/airflow/.local/lib/python3.12/site-packages/airflow/example_dags/plugins/listener_plugin.py for tasks to queue
[2026-04-28T17:38:50.954+0000] {logging_mixin.py:188} INFO - [2026-04-28T17:38:50.954+0000] {dagbag.py:540} INFO - Filling up the DagBag from /home/airflow/.local/lib/python3.12/site-packages/airflow/example_dags/plugins/listener_plugin.py
[2026-04-28T17:38:50.957+0000] {processor.py:842} WARNING - No viable dags retrieved from /home/airflow/.local/lib/python3.12/site-packages/airflow/example_dags/plugins/listener_plugin.py
[2026-04-28T17:38:50.975+0000] {processor.py:183} INFO - Processing /home/airflow/.local/lib/python3.12/site-packages/airflow/example_dags/plugins/listener_plugin.py took 0.032 seconds
[2026-04-28T17:39:21.949+0000] {processor.py:161} INFO - Started process (PID=1732) to work on /home/airflow/.local/lib/python3.12/site-packages/airflow/example_dags/plugins/listener_plugin.py
[2026-04-28T17:39:21.950+0000] {processor.py:830} INFO - Processing file /home/airflow/.local/lib/python3.12/site-packages/airflow/example_dags/plugins/listener_plugin.py for tasks to queue
[2026-04-28T17:39:21.952+0000] {logging_mixin.py:188} INFO - [2026-04-28T17:39:21.952+0000] {dagbag.py:540} INFO - Filling up the DagBag from /home/airflow/.local/lib/python3.12/site-packages/airflow/example_dags/plugins/listener_plugin.py
[2026-04-28T17:39:21.955+0000] {processor.py:842} WARNING - No viable dags retrieved from /home/airflow/.local/lib/python3.12/site-packages/airflow/example_dags/plugins/listener_plugin.py
[2026-04-28T17:39:21.970+0000] {processor.py:183} INFO - Processing /home/airflow/.local/lib/python3.12/site-packages/airflow/example_dags/plugins/listener_plugin.py took 0.028 seconds
[2026-04-28T17:39:52.209+0000] {processor.py:161} INFO - Started process (PID=1791) to work on /home/airflow/.local/lib/python3.12/site-packages/airflow/example_dags/plugins/listener_plugin.py
[2026-04-28T17:39:52.210+0000] {processor.py:830} INFO - Processing file /home/airflow/.local/lib/python3.12/site-packages/airflow/example_dags/plugins/listener_plugin.py for tasks to queue
[2026-04-28T17:39:52.212+0000] {logging_mixin.py:188} INFO - [2026-04-28T17:39:52.212+0000] {dagbag.py:540} INFO - Filling up the DagBag from /home/airflow/.local/lib/python3.12/site-packages/airflow/example_dags/plugins/listener_plugin.py
[2026-04-28T17:39:52.215+0000] {processor.py:842} WARNING - No viable dags retrieved from /home/airflow/.local/lib/python3.12/site-packages/airflow/example_dags/plugins/listener_plugin.py
[2026-04-28T17:39:52.231+0000] {processor.py:183} INFO - Processing /home/airflow/.local/lib/python3.12/site-packages/airflow/example_dags/plugins/listener_plugin.py took 0.029 seconds
[2026-04-28T17:40:22.881+0000] {processor.py:161} INFO - Started process (PID=1850) to work on /home/airflow/.local/lib/python3.12/site-packages/airflow/example_dags/plugins/listener_plugin.py
[2026-04-28T17:40:22.882+0000] {processor.py:830} INFO - Processing file /home/airflow/.local/lib/python3.12/site-packages/airflow/example_dags/plugins/listener_plugin.py for tasks to queue
[2026-04-28T17:40:22.884+0000] {logging_mixin.py:188} INFO - [2026-04-28T17:40:22.883+0000] {dagbag.py:540} INFO - Filling up the DagBag from /home/airflow/.local/lib/python3.12/site-packages/airflow/example_dags/plugins/listener_plugin.py
[2026-04-28T17:40:22.886+0000] {processor.py:842} WARNING - No viable dags retrieved from /home/airflow/.local/lib/python3.12/site-packages/airflow/example_dags/plugins/listener_plugin.py
[2026-04-28T17:40:22.900+0000] {processor.py:183} INFO - Processing /home/airflow/.local/lib/python3.12/site-packages/airflow/example_dags/plugins/listener_plugin.py took 0.027 seconds
[2026-04-28T17:40:53.768+0000] {processor.py:161} INFO - Started process (PID=1911) to work on /home/airflow/.local/lib/python3.12/site-packages/airflow/example_dags/plugins/listener_plugin.py
[2026-04-28T17:40:53.769+0000] {processor.py:830} INFO - Processing file /home/airflow/.local/lib/python3.12/site-packages/airflow/example_dags/plugins/listener_plugin.py for tasks to queue
[2026-04-28T17:40:53.771+0000] {logging_mixin.py:188} INFO - [2026-04-28T17:40:53.771+0000] {dagbag.py:540} INFO - Filling up the DagBag from /home/airflow/.local/lib/python3.12/site-packages/airflow/example_dags/plugins/listener_plugin.py
[2026-04-28T17:40:53.774+0000] {processor.py:842} WARNING - No viable dags retrieved from /home/airflow/.local/lib/python3.12/site-packages/airflow/example_dags/plugins/listener_plugin.py
[2026-04-28T17:40:53.790+0000] {processor.py:183} INFO - Processing /home/airflow/.local/lib/python3.12/site-packages/airflow/example_dags/plugins/listener_plugin.py took 0.029 seconds
[2026-04-28T17:41:24.333+0000] {processor.py:161} INFO - Started process (PID=1971) to work on /home/airflow/.local/lib/python3.12/site-packages/airflow/example_dags/plugins/listener_plugin.py
[2026-04-28T17:41:24.334+0000] {processor.py:830} INFO - Processing file /home/airflow/.local/lib/python3.12/site-packages/airflow/example_dags/plugins/listener_plugin.py for tasks to queue
[2026-04-28T17:41:24.336+0000] {logging_mixin.py:188} INFO - [2026-04-28T17:41:24.336+0000] {dagbag.py:540} INFO - Filling up the DagBag from /home/airflow/.local/lib/python3.12/site-packages/airflow/example_dags/plugins/listener_plugin.py
[2026-04-28T17:41:24.339+0000] {processor.py:842} WARNING - No viable dags retrieved from /home/airflow/.local/lib/python3.12/site-packages/airflow/example_dags/plugins/listener_plugin.py
[2026-04-28T17:41:24.354+0000] {processor.py:183} INFO - Processing /home/airflow/.local/lib/python3.12/site-packages/airflow/example_dags/plugins/listener_plugin.py took 0.028 seconds
[2026-04-28T17:41:55.005+0000] {processor.py:161} INFO - Started process (PID=2031) to work on /home/airflow/.local/lib/python3.12/site-packages/airflow/example_dags/plugins/listener_plugin.py
[2026-04-28T17:41:55.006+0000] {processor.py:830} INFO - Processing file /home/airflow/.local/lib/python3.12/site-packages/airflow/example_dags/plugins/listener_plugin.py for tasks to queue
[2026-04-28T17:41:55.008+0000] {logging_mixin.py:188} INFO - [2026-04-28T17:41:55.007+0000] {dagbag.py:540} INFO - Filling up the DagBag from /home/airflow/.local/lib/python3.12/site-packages/airflow/example_dags/plugins/listener_plugin.py
[2026-04-28T17:41:55.010+0000] {processor.py:842} WARNING - No viable dags retrieved from /home/airflow/.local/lib/python3.12/site-packages/airflow/example_dags/plugins/listener_plugin.py
[2026-04-28T17:41:55.026+0000] {processor.py:183} INFO - Processing /home/airflow/.local/lib/python3.12/site-packages/airflow/example_dags/plugins/listener_plugin.py took 0.028 seconds
[2026-04-28T17:42:25.410+0000] {processor.py:161} INFO - Started process (PID=2091) to work on /home/airflow/.local/lib/python3.12/site-packages/airflow/example_dags/plugins/listener_plugin.py
[2026-04-28T17:42:25.410+0000] {processor.py:830} INFO - Processing file /home/airflow/.local/lib/python3.12/site-packages/airflow/example_dags/plugins/listener_plugin.py for tasks to queue
[2026-04-28T17:42:25.412+0000] {logging_mixin.py:188} INFO - [2026-04-28T17:42:25.412+0000] {dagbag.py:540} INFO - Filling up the DagBag from /home/airflow/.local/lib/python3.12/site-packages/airflow/example_dags/plugins/listener_plugin.py
[2026-04-28T17:42:25.415+0000] {processor.py:842} WARNING - No viable dags retrieved from /home/airflow/.local/lib/python3.12/site-packages/airflow/example_dags/plugins/listener_plugin.py
[2026-04-28T17:42:25.431+0000] {processor.py:183} INFO - Processing /home/airflow/.local/lib/python3.12/site-packages/airflow/example_dags/plugins/listener_plugin.py took 0.031 seconds
[2026-04-28T17:42:56.666+0000] {processor.py:161} INFO - Started process (PID=2151) to work on /home/airflow/.local/lib/python3.12/site-packages/airflow/example_dags/plugins/listener_plugin.py
[2026-04-28T17:42:56.667+0000] {processor.py:830} INFO - Processing file /home/airflow/.local/lib/python3.12/site-packages/airflow/example_dags/plugins/listener_plugin.py for tasks to queue
[2026-04-28T17:42:56.669+0000] {logging_mixin.py:188} INFO - [2026-04-28T17:42:56.669+0000] {dagbag.py:540} INFO - Filling up the DagBag from /home/airflow/.local/lib/python3.12/site-packages/airflow/example_dags/plugins/listener_plugin.py
[2026-04-28T17:42:56.672+0000] {processor.py:842} WARNING - No viable dags retrieved from /home/airflow/.local/lib/python3.12/site-packages/airflow/example_dags/plugins/listener_plugin.py
[2026-04-28T17:42:56.687+0000] {processor.py:183} INFO - Processing /home/airflow/.local/lib/python3.12/site-packages/airflow/example_dags/plugins/listener_plugin.py took 0.028 seconds
[2026-04-28T17:43:28.277+0000] {processor.py:161} INFO - Started process (PID=2211) to work on /home/airflow/.local/lib/python3.12/site-packages/airflow/example_dags/plugins/listener_plugin.py
[2026-04-28T17:43:28.277+0000] {processor.py:830} INFO - Processing file /home/airflow/.local/lib/python3.12/site-packages/airflow/example_dags/plugins/listener_plugin.py for tasks to queue
[2026-04-28T17:43:28.279+0000] {logging_mixin.py:188} INFO - [2026-04-28T17:43:28.279+0000] {dagbag.py:540} INFO - Filling up the DagBag from /home/airflow/.local/lib/python3.12/site-packages/airflow/example_dags/plugins/listener_plugin.py
[2026-04-28T17:43:28.282+0000] {processor.py:842} WARNING - No viable dags retrieved from /home/airflow/.local/lib/python3.12/site-packages/airflow/example_dags/plugins/listener_plugin.py
[2026-04-28T17:43:28.297+0000] {processor.py:183} INFO - Processing /home/airflow/.local/lib/python3.12/site-packages/airflow/example_dags/plugins/listener_plugin.py took 0.032 seconds
[2026-04-28T17:43:58.869+0000] {processor.py:161} INFO - Started process (PID=2271) to work on /home/airflow/.local/lib/python3.12/site-packages/airflow/example_dags/plugins/listener_plugin.py
[2026-04-28T17:43:58.870+0000] {processor.py:830} INFO - Processing file /home/airflow/.local/lib/python3.12/site-packages/airflow/example_dags/plugins/listener_plugin.py for tasks to queue
[2026-04-28T17:43:58.872+0000] {logging_mixin.py:188} INFO - [2026-04-28T17:43:58.872+0000] {dagbag.py:540} INFO - Filling up the DagBag from /home/airflow/.local/lib/python3.12/site-packages/airflow/example_dags/plugins/listener_plugin.py
[2026-04-28T17:43:58.875+0000] {processor.py:842} WARNING - No viable dags retrieved from /home/airflow/.local/lib/python3.12/site-packages/airflow/example_dags/plugins/listener_plugin.py
[2026-04-28T17:43:58.890+0000] {processor.py:183} INFO - Processing /home/airflow/.local/lib/python3.12/site-packages/airflow/example_dags/plugins/listener_plugin.py took 0.028 seconds
[2026-04-28T17:44:29.377+0000] {processor.py:161} INFO - Started process (PID=2331) to work on /home/airflow/.local/lib/python3.12/site-packages/airflow/example_dags/plugins/listener_plugin.py
[2026-04-28T17:44:29.378+0000] {processor.py:830} INFO - Processing file /home/airflow/.local/lib/python3.12/site-packages/airflow/example_dags/plugins/listener_plugin.py for tasks to queue
[2026-04-28T17:44:29.379+0000] {logging_mixin.py:188} INFO - [2026-04-28T17:44:29.379+0000] {dagbag.py:540} INFO - Filling up the DagBag from /home/airflow/.local/lib/python3.12/site-packages/airflow/example_dags/plugins/listener_plugin.py
[2026-04-28T17:44:29.381+0000] {processor.py:842} WARNING - No viable dags retrieved from /home/airflow/.local/lib/python3.12/site-packages/airflow/example_dags/plugins/listener_plugin.py
[2026-04-28T17:44:29.393+0000] {processor.py:183} INFO - Processing /home/airflow/.local/lib/python3.12/site-packages/airflow/example_dags/plugins/listener_plugin.py took 0.021 seconds
[2026-04-28T17:45:00.449+0000] {processor.py:161} INFO - Started process (PID=2391) to work on /home/airflow/.local/lib/python3.12/site-packages/airflow/example_dags/plugins/listener_plugin.py
[2026-04-28T17:45:00.459+0000] {processor.py:830} INFO - Processing file /home/airflow/.local/lib/python3.12/site-packages/airflow/example_dags/plugins/listener_plugin.py for tasks to queue
[2026-04-28T17:45:00.477+0000] {logging_mixin.py:188} INFO - [2026-04-28T17:45:00.475+0000] {dagbag.py:540} INFO - Filling up the DagBag from /home/airflow/.local/lib/python3.12/site-packages/airflow/example_dags/plugins/listener_plugin.py
[2026-04-28T17:45:00.483+0000] {processor.py:842} WARNING - No viable dags retrieved from /home/airflow/.local/lib/python3.12/site-packages/airflow/example_dags/plugins/listener_plugin.py
[2026-04-28T17:45:00.523+0000] {processor.py:183} INFO - Processing /home/airflow/.local/lib/python3.12/site-packages/airflow/example_dags/plugins/listener_plugin.py took 0.101 seconds
[2026-04-28T17:45:31.132+0000] {processor.py:161} INFO - Started process (PID=2451) to work on /home/airflow/.local/lib/python3.12/site-packages/airflow/example_dags/plugins/listener_plugin.py
[2026-04-28T17:45:31.133+0000] {processor.py:830} INFO - Processing file /home/airflow/.local/lib/python3.12/site-packages/airflow/example_dags/plugins/listener_plugin.py for tasks to queue
[2026-04-28T17:45:31.135+0000] {logging_mixin.py:188} INFO - [2026-04-28T17:45:31.134+0000] {dagbag.py:540} INFO - Filling up the DagBag from /home/airflow/.local/lib/python3.12/site-packages/airflow/example_dags/plugins/listener_plugin.py
[2026-04-28T17:45:31.138+0000] {processor.py:842} WARNING - No viable dags retrieved from /home/airflow/.local/lib/python3.12/site-packages/airflow/example_dags/plugins/listener_plugin.py
[2026-04-28T17:45:31.153+0000] {processor.py:183} INFO - Processing /home/airflow/.local/lib/python3.12/site-packages/airflow/example_dags/plugins/listener_plugin.py took 0.028 seconds
[2026-04-28T17:46:01.732+0000] {processor.py:161} INFO - Started process (PID=2511) to work on /home/airflow/.local/lib/python3.12/site-packages/airflow/example_dags/plugins/listener_plugin.py
[2026-04-28T17:46:01.733+0000] {processor.py:830} INFO - Processing file /home/airflow/.local/lib/python3.12/site-packages/airflow/example_dags/plugins/listener_plugin.py for tasks to queue
[2026-04-28T17:46:01.735+0000] {logging_mixin.py:188} INFO - [2026-04-28T17:46:01.735+0000] {dagbag.py:540} INFO - Filling up the DagBag from /home/airflow/.local/lib/python3.12/site-packages/airflow/example_dags/plugins/listener_plugin.py
[2026-04-28T17:46:01.738+0000] {processor.py:842} WARNING - No viable dags retrieved from /home/airflow/.local/lib/python3.12/site-packages/airflow/example_dags/plugins/listener_plugin.py
[2026-04-28T17:46:01.752+0000] {processor.py:183} INFO - Processing /home/airflow/.local/lib/python3.12/site-packages/airflow/example_dags/plugins/listener_plugin.py took 0.027 seconds
[2026-04-28T17:46:32.540+0000] {processor.py:161} INFO - Started process (PID=2571) to work on /home/airflow/.local/lib/python3.12/site-packages/airflow/example_dags/plugins/listener_plugin.py
[2026-04-28T17:46:32.543+0000] {processor.py:830} INFO - Processing file /home/airflow/.local/lib/python3.12/site-packages/airflow/example_dags/plugins/listener_plugin.py for tasks to queue
[2026-04-28T17:46:32.547+0000] {logging_mixin.py:188} INFO - [2026-04-28T17:46:32.546+0000] {dagbag.py:540} INFO - Filling up the DagBag from /home/airflow/.local/lib/python3.12/site-packages/airflow/example_dags/plugins/listener_plugin.py
[2026-04-28T17:46:32.550+0000] {processor.py:842} WARNING - No viable dags retrieved from /home/airflow/.local/lib/python3.12/site-packages/airflow/example_dags/plugins/listener_plugin.py
[2026-04-28T17:46:32.564+0000] {processor.py:183} INFO - Processing /home/airflow/.local/lib/python3.12/site-packages/airflow/example_dags/plugins/listener_plugin.py took 0.044 seconds
[2026-04-28T17:47:02.706+0000] {processor.py:161} INFO - Started process (PID=2631) to work on /home/airflow/.local/lib/python3.12/site-packages/airflow/example_dags/plugins/listener_plugin.py
[2026-04-28T17:47:02.707+0000] {processor.py:830} INFO - Processing file /home/airflow/.local/lib/python3.12/site-packages/airflow/example_dags/plugins/listener_plugin.py for tasks to queue
[2026-04-28T17:47:02.709+0000] {logging_mixin.py:188} INFO - [2026-04-28T17:47:02.709+0000] {dagbag.py:540} INFO - Filling up the DagBag from /home/airflow/.local/lib/python3.12/site-packages/airflow/example_dags/plugins/listener_plugin.py
[2026-04-28T17:47:02.712+0000] {processor.py:842} WARNING - No viable dags retrieved from /home/airflow/.local/lib/python3.12/site-packages/airflow/example_dags/plugins/listener_plugin.py
[2026-04-28T17:47:02.726+0000] {processor.py:183} INFO - Processing /home/airflow/.local/lib/python3.12/site-packages/airflow/example_dags/plugins/listener_plugin.py took 0.027 seconds
[2026-04-28T17:47:33.467+0000] {processor.py:161} INFO - Started process (PID=2691) to work on /home/airflow/.local/lib/python3.12/site-packages/airflow/example_dags/plugins/listener_plugin.py
[2026-04-28T17:47:33.468+0000] {processor.py:830} INFO - Processing file /home/airflow/.local/lib/python3.12/site-packages/airflow/example_dags/plugins/listener_plugin.py for tasks to queue
[2026-04-28T17:47:33.470+0000] {logging_mixin.py:188} INFO - [2026-04-28T17:47:33.470+0000] {dagbag.py:540} INFO - Filling up the DagBag from /home/airflow/.local/lib/python3.12/site-packages/airflow/example_dags/plugins/listener_plugin.py
[2026-04-28T17:47:33.473+0000] {processor.py:842} WARNING - No viable dags retrieved from /home/airflow/.local/lib/python3.12/site-packages/airflow/example_dags/plugins/listener_plugin.py
[2026-04-28T17:47:33.487+0000] {processor.py:183} INFO - Processing /home/airflow/.local/lib/python3.12/site-packages/airflow/example_dags/plugins/listener_plugin.py took 0.027 seconds
[2026-04-28T17:48:04.035+0000] {processor.py:161} INFO - Started process (PID=2751) to work on /home/airflow/.local/lib/python3.12/site-packages/airflow/example_dags/plugins/listener_plugin.py
[2026-04-28T17:48:04.036+0000] {processor.py:830} INFO - Processing file /home/airflow/.local/lib/python3.12/site-packages/airflow/example_dags/plugins/listener_plugin.py for tasks to queue
[2026-04-28T17:48:04.038+0000] {logging_mixin.py:188} INFO - [2026-04-28T17:48:04.038+0000] {dagbag.py:540} INFO - Filling up the DagBag from /home/airflow/.local/lib/python3.12/site-packages/airflow/example_dags/plugins/listener_plugin.py
[2026-04-28T17:48:04.041+0000] {processor.py:842} WARNING - No viable dags retrieved from /home/airflow/.local/lib/python3.12/site-packages/airflow/example_dags/plugins/listener_plugin.py
[2026-04-28T17:48:04.056+0000] {processor.py:183} INFO - Processing /home/airflow/.local/lib/python3.12/site-packages/airflow/example_dags/plugins/listener_plugin.py took 0.027 seconds
[2026-04-28T17:48:35.048+0000] {processor.py:161} INFO - Started process (PID=2811) to work on /home/airflow/.local/lib/python3.12/site-packages/airflow/example_dags/plugins/listener_plugin.py
[2026-04-28T17:48:35.052+0000] {processor.py:830} INFO - Processing file /home/airflow/.local/lib/python3.12/site-packages/airflow/example_dags/plugins/listener_plugin.py for tasks to queue
[2026-04-28T17:48:35.054+0000] {logging_mixin.py:188} INFO - [2026-04-28T17:48:35.054+0000] {dagbag.py:540} INFO - Filling up the DagBag from /home/airflow/.local/lib/python3.12/site-packages/airflow/example_dags/plugins/listener_plugin.py
[2026-04-28T17:48:35.057+0000] {processor.py:842} WARNING - No viable dags retrieved from /home/airflow/.local/lib/python3.12/site-packages/airflow/example_dags/plugins/listener_plugin.py
[2026-04-28T17:48:35.072+0000] {processor.py:183} INFO - Processing /home/airflow/.local/lib/python3.12/site-packages/airflow/example_dags/plugins/listener_plugin.py took 0.032 seconds
[2026-04-28T17:49:05.805+0000] {processor.py:161} INFO - Started process (PID=2871) to work on /home/airflow/.local/lib/python3.12/site-packages/airflow/example_dags/plugins/listener_plugin.py
[2026-04-28T17:49:05.808+0000] {processor.py:830} INFO - Processing file /home/airflow/.local/lib/python3.12/site-packages/airflow/example_dags/plugins/listener_plugin.py for tasks to queue
[2026-04-28T17:49:05.812+0000] {logging_mixin.py:188} INFO - [2026-04-28T17:49:05.811+0000] {dagbag.py:540} INFO - Filling up the DagBag from /home/airflow/.local/lib/python3.12/site-packages/airflow/example_dags/plugins/listener_plugin.py
[2026-04-28T17:49:05.816+0000] {processor.py:842} WARNING - No viable dags retrieved from /home/airflow/.local/lib/python3.12/site-packages/airflow/example_dags/plugins/listener_plugin.py
[2026-04-28T17:49:05.860+0000] {processor.py:183} INFO - Processing /home/airflow/.local/lib/python3.12/site-packages/airflow/example_dags/plugins/listener_plugin.py took 0.085 seconds
[2026-04-28T17:49:35.917+0000] {processor.py:161} INFO - Started process (PID=2930) to work on /home/airflow/.local/lib/python3.12/site-packages/airflow/example_dags/plugins/listener_plugin.py
[2026-04-28T17:49:35.918+0000] {processor.py:830} INFO - Processing file /home/airflow/.local/lib/python3.12/site-packages/airflow/example_dags/plugins/listener_plugin.py for tasks to queue
[2026-04-28T17:49:35.929+0000] {logging_mixin.py:188} INFO - [2026-04-28T17:49:35.929+0000] {dagbag.py:540} INFO - Filling up the DagBag from /home/airflow/.local/lib/python3.12/site-packages/airflow/example_dags/plugins/listener_plugin.py
[2026-04-28T17:49:35.937+0000] {processor.py:842} WARNING - No viable dags retrieved from /home/airflow/.local/lib/python3.12/site-packages/airflow/example_dags/plugins/listener_plugin.py
[2026-04-28T17:49:35.968+0000] {processor.py:183} INFO - Processing /home/airflow/.local/lib/python3.12/site-packages/airflow/example_dags/plugins/listener_plugin.py took 0.058 seconds
[2026-04-28T17:50:06.970+0000] {processor.py:161} INFO - Started process (PID=2991) to work on /home/airflow/.local/lib/python3.12/site-packages/airflow/example_dags/plugins/listener_plugin.py
[2026-04-28T17:50:06.970+0000] {processor.py:830} INFO - Processing file /home/airflow/.local/lib/python3.12/site-packages/airflow/example_dags/plugins/listener_plugin.py for tasks to queue
[2026-04-28T17:50:06.973+0000] {logging_mixin.py:188} INFO - [2026-04-28T17:50:06.972+0000] {dagbag.py:540} INFO - Filling up the DagBag from /home/airflow/.local/lib/python3.12/site-packages/airflow/example_dags/plugins/listener_plugin.py
[2026-04-28T17:50:06.975+0000] {processor.py:842} WARNING - No viable dags retrieved from /home/airflow/.local/lib/python3.12/site-packages/airflow/example_dags/plugins/listener_plugin.py
[2026-04-28T17:50:06.989+0000] {processor.py:183} INFO - Processing /home/airflow/.local/lib/python3.12/site-packages/airflow/example_dags/plugins/listener_plugin.py took 0.026 seconds
[2026-04-28T17:50:37.973+0000] {processor.py:161} INFO - Started process (PID=3050) to work on /home/airflow/.local/lib/python3.12/site-packages/airflow/example_dags/plugins/listener_plugin.py
[2026-04-28T17:50:37.975+0000] {processor.py:830} INFO - Processing file /home/airflow/.local/lib/python3.12/site-packages/airflow/example_dags/plugins/listener_plugin.py for tasks to queue
[2026-04-28T17:50:37.977+0000] {logging_mixin.py:188} INFO - [2026-04-28T17:50:37.977+0000] {dagbag.py:540} INFO - Filling up the DagBag from /home/airflow/.local/lib/python3.12/site-packages/airflow/example_dags/plugins/listener_plugin.py
[2026-04-28T17:50:37.980+0000] {processor.py:842} WARNING - No viable dags retrieved from /home/airflow/.local/lib/python3.12/site-packages/airflow/example_dags/plugins/listener_plugin.py
[2026-04-28T17:50:37.995+0000] {processor.py:183} INFO - Processing /home/airflow/.local/lib/python3.12/site-packages/airflow/example_dags/plugins/listener_plugin.py took 0.031 seconds
[2026-04-28T17:51:08.697+0000] {processor.py:161} INFO - Started process (PID=3110) to work on /home/airflow/.local/lib/python3.12/site-packages/airflow/example_dags/plugins/listener_plugin.py
[2026-04-28T17:51:08.698+0000] {processor.py:830} INFO - Processing file /home/airflow/.local/lib/python3.12/site-packages/airflow/example_dags/plugins/listener_plugin.py for tasks to queue
[2026-04-28T17:51:08.700+0000] {logging_mixin.py:188} INFO - [2026-04-28T17:51:08.699+0000] {dagbag.py:540} INFO - Filling up the DagBag from /home/airflow/.local/lib/python3.12/site-packages/airflow/example_dags/plugins/listener_plugin.py
[2026-04-28T17:51:08.702+0000] {processor.py:842} WARNING - No viable dags retrieved from /home/airflow/.local/lib/python3.12/site-packages/airflow/example_dags/plugins/listener_plugin.py
[2026-04-28T17:51:08.731+0000] {processor.py:183} INFO - Processing /home/airflow/.local/lib/python3.12/site-packages/airflow/example_dags/plugins/listener_plugin.py took 0.043 seconds
[2026-04-28T17:51:40.570+0000] {processor.py:161} INFO - Started process (PID=3170) to work on /home/airflow/.local/lib/python3.12/site-packages/airflow/example_dags/plugins/listener_plugin.py
[2026-04-28T17:51:40.571+0000] {processor.py:830} INFO - Processing file /home/airflow/.local/lib/python3.12/site-packages/airflow/example_dags/plugins/listener_plugin.py for tasks to queue
[2026-04-28T17:51:40.577+0000] {logging_mixin.py:188} INFO - [2026-04-28T17:51:40.576+0000] {dagbag.py:540} INFO - Filling up the DagBag from /home/airflow/.local/lib/python3.12/site-packages/airflow/example_dags/plugins/listener_plugin.py
[2026-04-28T17:51:40.579+0000] {processor.py:842} WARNING - No viable dags retrieved from /home/airflow/.local/lib/python3.12/site-packages/airflow/example_dags/plugins/listener_plugin.py
[2026-04-28T17:51:40.596+0000] {processor.py:183} INFO - Processing /home/airflow/.local/lib/python3.12/site-packages/airflow/example_dags/plugins/listener_plugin.py took 0.033 seconds
[2026-04-28T17:52:11.382+0000] {processor.py:161} INFO - Started process (PID=3230) to work on /home/airflow/.local/lib/python3.12/site-packages/airflow/example_dags/plugins/listener_plugin.py
[2026-04-28T17:52:11.386+0000] {processor.py:830} INFO - Processing file /home/airflow/.local/lib/python3.12/site-packages/airflow/example_dags/plugins/listener_plugin.py for tasks to queue
[2026-04-28T17:52:11.390+0000] {logging_mixin.py:188} INFO - [2026-04-28T17:52:11.390+0000] {dagbag.py:540} INFO - Filling up the DagBag from /home/airflow/.local/lib/python3.12/site-packages/airflow/example_dags/plugins/listener_plugin.py
[2026-04-28T17:52:11.395+0000] {processor.py:842} WARNING - No viable dags retrieved from /home/airflow/.local/lib/python3.12/site-packages/airflow/example_dags/plugins/listener_plugin.py
[2026-04-28T17:52:11.432+0000] {processor.py:183} INFO - Processing /home/airflow/.local/lib/python3.12/site-packages/airflow/example_dags/plugins/listener_plugin.py took 0.066 seconds
[2026-04-28T17:52:41.886+0000] {processor.py:161} INFO - Started process (PID=3290) to work on /home/airflow/.local/lib/python3.12/site-packages/airflow/example_dags/plugins/listener_plugin.py
[2026-04-28T17:52:41.887+0000] {processor.py:830} INFO - Processing file /home/airflow/.local/lib/python3.12/site-packages/airflow/example_dags/plugins/listener_plugin.py for tasks to queue
[2026-04-28T17:52:41.888+0000] {logging_mixin.py:188} INFO - [2026-04-28T17:52:41.888+0000] {dagbag.py:540} INFO - Filling up the DagBag from /home/airflow/.local/lib/python3.12/site-packages/airflow/example_dags/plugins/listener_plugin.py
[2026-04-28T17:52:41.891+0000] {processor.py:842} WARNING - No viable dags retrieved from /home/airflow/.local/lib/python3.12/site-packages/airflow/example_dags/plugins/listener_plugin.py
[2026-04-28T17:52:41.907+0000] {processor.py:183} INFO - Processing /home/airflow/.local/lib/python3.12/site-packages/airflow/example_dags/plugins/listener_plugin.py took 0.028 seconds
[2026-04-28T17:53:12.296+0000] {processor.py:161} INFO - Started process (PID=3350) to work on /home/airflow/.local/lib/python3.12/site-packages/airflow/example_dags/plugins/listener_plugin.py
[2026-04-28T17:53:12.297+0000] {processor.py:830} INFO - Processing file /home/airflow/.local/lib/python3.12/site-packages/airflow/example_dags/plugins/listener_plugin.py for tasks to queue
[2026-04-28T17:53:12.299+0000] {logging_mixin.py:188} INFO - [2026-04-28T17:53:12.298+0000] {dagbag.py:540} INFO - Filling up the DagBag from /home/airflow/.local/lib/python3.12/site-packages/airflow/example_dags/plugins/listener_plugin.py
[2026-04-28T17:53:12.302+0000] {processor.py:842} WARNING - No viable dags retrieved from /home/airflow/.local/lib/python3.12/site-packages/airflow/example_dags/plugins/listener_plugin.py
[2026-04-28T17:53:12.314+0000] {processor.py:183} INFO - Processing /home/airflow/.local/lib/python3.12/site-packages/airflow/example_dags/plugins/listener_plugin.py took 0.026 seconds
[2026-04-28T17:53:42.809+0000] {processor.py:161} INFO - Started process (PID=3411) to work on /home/airflow/.local/lib/python3.12/site-packages/airflow/example_dags/plugins/listener_plugin.py
[2026-04-28T17:53:42.810+0000] {processor.py:830} INFO - Processing file /home/airflow/.local/lib/python3.12/site-packages/airflow/example_dags/plugins/listener_plugin.py for tasks to queue
[2026-04-28T17:53:42.812+0000] {logging_mixin.py:188} INFO - [2026-04-28T17:53:42.812+0000] {dagbag.py:540} INFO - Filling up the DagBag from /home/airflow/.local/lib/python3.12/site-packages/airflow/example_dags/plugins/listener_plugin.py
[2026-04-28T17:53:42.815+0000] {processor.py:842} WARNING - No viable dags retrieved from /home/airflow/.local/lib/python3.12/site-packages/airflow/example_dags/plugins/listener_plugin.py
[2026-04-28T17:53:42.829+0000] {processor.py:183} INFO - Processing /home/airflow/.local/lib/python3.12/site-packages/airflow/example_dags/plugins/listener_plugin.py took 0.027 seconds
[2026-04-28T17:54:13.047+0000] {processor.py:161} INFO - Started process (PID=3471) to work on /home/airflow/.local/lib/python3.12/site-packages/airflow/example_dags/plugins/listener_plugin.py
[2026-04-28T17:54:13.048+0000] {processor.py:830} INFO - Processing file /home/airflow/.local/lib/python3.12/site-packages/airflow/example_dags/plugins/listener_plugin.py for tasks to queue
[2026-04-28T17:54:13.050+0000] {logging_mixin.py:188} INFO - [2026-04-28T17:54:13.050+0000] {dagbag.py:540} INFO - Filling up the DagBag from /home/airflow/.local/lib/python3.12/site-packages/airflow/example_dags/plugins/listener_plugin.py
[2026-04-28T17:54:13.053+0000] {processor.py:842} WARNING - No viable dags retrieved from /home/airflow/.local/lib/python3.12/site-packages/airflow/example_dags/plugins/listener_plugin.py
[2026-04-28T17:54:13.070+0000] {processor.py:183} INFO - Processing /home/airflow/.local/lib/python3.12/site-packages/airflow/example_dags/plugins/listener_plugin.py took 0.031 seconds
[2026-04-28T17:54:43.390+0000] {processor.py:161} INFO - Started process (PID=3531) to work on /home/airflow/.local/lib/python3.12/site-packages/airflow/example_dags/plugins/listener_plugin.py
[2026-04-28T17:54:43.391+0000] {processor.py:830} INFO - Processing file /home/airflow/.local/lib/python3.12/site-packages/airflow/example_dags/plugins/listener_plugin.py for tasks to queue
[2026-04-28T17:54:43.392+0000] {logging_mixin.py:188} INFO - [2026-04-28T17:54:43.392+0000] {dagbag.py:540} INFO - Filling up the DagBag from /home/airflow/.local/lib/python3.12/site-packages/airflow/example_dags/plugins/listener_plugin.py
[2026-04-28T17:54:43.395+0000] {processor.py:842} WARNING - No viable dags retrieved from /home/airflow/.local/lib/python3.12/site-packages/airflow/example_dags/plugins/listener_plugin.py
[2026-04-28T17:54:43.410+0000] {processor.py:183} INFO - Processing /home/airflow/.local/lib/python3.12/site-packages/airflow/example_dags/plugins/listener_plugin.py took 0.027 seconds
[2026-04-28T17:55:13.486+0000] {processor.py:161} INFO - Started process (PID=3591) to work on /home/airflow/.local/lib/python3.12/site-packages/airflow/example_dags/plugins/listener_plugin.py
[2026-04-28T17:55:13.488+0000] {processor.py:830} INFO - Processing file /home/airflow/.local/lib/python3.12/site-packages/airflow/example_dags/plugins/listener_plugin.py for tasks to queue
[2026-04-28T17:55:13.490+0000] {logging_mixin.py:188} INFO - [2026-04-28T17:55:13.489+0000] {dagbag.py:540} INFO - Filling up the DagBag from /home/airflow/.local/lib/python3.12/site-packages/airflow/example_dags/plugins/listener_plugin.py
[2026-04-28T17:55:13.492+0000] {processor.py:842} WARNING - No viable dags retrieved from /home/airflow/.local/lib/python3.12/site-packages/airflow/example_dags/plugins/listener_plugin.py
[2026-04-28T17:55:13.508+0000] {processor.py:183} INFO - Processing /home/airflow/.local/lib/python3.12/site-packages/airflow/example_dags/plugins/listener_plugin.py took 0.029 seconds
[2026-04-28T17:55:44.317+0000] {processor.py:161} INFO - Started process (PID=3653) to work on /home/airflow/.local/lib/python3.12/site-packages/airflow/example_dags/plugins/listener_plugin.py
[2026-04-28T17:55:44.318+0000] {processor.py:830} INFO - Processing file /home/airflow/.local/lib/python3.12/site-packages/airflow/example_dags/plugins/listener_plugin.py for tasks to queue
[2026-04-28T17:55:44.320+0000] {logging_mixin.py:188} INFO - [2026-04-28T17:55:44.320+0000] {dagbag.py:540} INFO - Filling up the DagBag from /home/airflow/.local/lib/python3.12/site-packages/airflow/example_dags/plugins/listener_plugin.py
[2026-04-28T17:55:44.324+0000] {processor.py:842} WARNING - No viable dags retrieved from /home/airflow/.local/lib/python3.12/site-packages/airflow/example_dags/plugins/listener_plugin.py
[2026-04-28T17:55:44.340+0000] {processor.py:183} INFO - Processing /home/airflow/.local/lib/python3.12/site-packages/airflow/example_dags/plugins/listener_plugin.py took 0.030 seconds
[2026-04-28T17:56:14.969+0000] {processor.py:161} INFO - Started process (PID=3713) to work on /home/airflow/.local/lib/python3.12/site-packages/airflow/example_dags/plugins/listener_plugin.py
[2026-04-28T17:56:14.970+0000] {processor.py:830} INFO - Processing file /home/airflow/.local/lib/python3.12/site-packages/airflow/example_dags/plugins/listener_plugin.py for tasks to queue
[2026-04-28T17:56:14.973+0000] {logging_mixin.py:188} INFO - [2026-04-28T17:56:14.972+0000] {dagbag.py:540} INFO - Filling up the DagBag from /home/airflow/.local/lib/python3.12/site-packages/airflow/example_dags/plugins/listener_plugin.py
[2026-04-28T17:56:14.976+0000] {processor.py:842} WARNING - No viable dags retrieved from /home/airflow/.local/lib/python3.12/site-packages/airflow/example_dags/plugins/listener_plugin.py
[2026-04-28T17:56:15.001+0000] {processor.py:183} INFO - Processing /home/airflow/.local/lib/python3.12/site-packages/airflow/example_dags/plugins/listener_plugin.py took 0.042 seconds
[2026-04-28T17:56:45.718+0000] {processor.py:161} INFO - Started process (PID=3773) to work on /home/airflow/.local/lib/python3.12/site-packages/airflow/example_dags/plugins/listener_plugin.py
[2026-04-28T17:56:45.721+0000] {processor.py:830} INFO - Processing file /home/airflow/.local/lib/python3.12/site-packages/airflow/example_dags/plugins/listener_plugin.py for tasks to queue
[2026-04-28T17:56:45.725+0000] {logging_mixin.py:188} INFO - [2026-04-28T17:56:45.725+0000] {dagbag.py:540} INFO - Filling up the DagBag from /home/airflow/.local/lib/python3.12/site-packages/airflow/example_dags/plugins/listener_plugin.py
[2026-04-28T17:56:45.730+0000] {processor.py:842} WARNING - No viable dags retrieved from /home/airflow/.local/lib/python3.12/site-packages/airflow/example_dags/plugins/listener_plugin.py
[2026-04-28T17:56:45.747+0000] {processor.py:183} INFO - Processing /home/airflow/.local/lib/python3.12/site-packages/airflow/example_dags/plugins/listener_plugin.py took 0.044 seconds
[2026-04-28T17:57:16.661+0000] {processor.py:161} INFO - Started process (PID=3833) to work on /home/airflow/.local/lib/python3.12/site-packages/airflow/example_dags/plugins/listener_plugin.py
[2026-04-28T17:57:16.664+0000] {processor.py:830} INFO - Processing file /home/airflow/.local/lib/python3.12/site-packages/airflow/example_dags/plugins/listener_plugin.py for tasks to queue
[2026-04-28T17:57:16.668+0000] {logging_mixin.py:188} INFO - [2026-04-28T17:57:16.665+0000] {dagbag.py:540} INFO - Filling up the DagBag from /home/airflow/.local/lib/python3.12/site-packages/airflow/example_dags/plugins/listener_plugin.py
[2026-04-28T17:57:16.672+0000] {processor.py:842} WARNING - No viable dags retrieved from /home/airflow/.local/lib/python3.12/site-packages/airflow/example_dags/plugins/listener_plugin.py
[2026-04-28T17:57:16.702+0000] {processor.py:183} INFO - Processing /home/airflow/.local/lib/python3.12/site-packages/airflow/example_dags/plugins/listener_plugin.py took 0.049 seconds
[2026-04-28T17:57:47.289+0000] {processor.py:161} INFO - Started process (PID=3892) to work on /home/airflow/.local/lib/python3.12/site-packages/airflow/example_dags/plugins/listener_plugin.py
[2026-04-28T17:57:47.290+0000] {processor.py:830} INFO - Processing file /home/airflow/.local/lib/python3.12/site-packages/airflow/example_dags/plugins/listener_plugin.py for tasks to queue
[2026-04-28T17:57:47.292+0000] {logging_mixin.py:188} INFO - [2026-04-28T17:57:47.292+0000] {dagbag.py:540} INFO - Filling up the DagBag from /home/airflow/.local/lib/python3.12/site-packages/airflow/example_dags/plugins/listener_plugin.py
[2026-04-28T17:57:47.295+0000] {processor.py:842} WARNING - No viable dags retrieved from /home/airflow/.local/lib/python3.12/site-packages/airflow/example_dags/plugins/listener_plugin.py
[2026-04-28T17:57:47.308+0000] {processor.py:183} INFO - Processing /home/airflow/.local/lib/python3.12/site-packages/airflow/example_dags/plugins/listener_plugin.py took 0.032 seconds
[2026-04-28T17:58:18.436+0000] {processor.py:161} INFO - Started process (PID=3953) to work on /home/airflow/.local/lib/python3.12/site-packages/airflow/example_dags/plugins/listener_plugin.py
[2026-04-28T17:58:18.436+0000] {processor.py:830} INFO - Processing file /home/airflow/.local/lib/python3.12/site-packages/airflow/example_dags/plugins/listener_plugin.py for tasks to queue
[2026-04-28T17:58:18.438+0000] {logging_mixin.py:188} INFO - [2026-04-28T17:58:18.438+0000] {dagbag.py:540} INFO - Filling up the DagBag from /home/airflow/.local/lib/python3.12/site-packages/airflow/example_dags/plugins/listener_plugin.py
[2026-04-28T17:58:18.441+0000] {processor.py:842} WARNING - No viable dags retrieved from /home/airflow/.local/lib/python3.12/site-packages/airflow/example_dags/plugins/listener_plugin.py
[2026-04-28T17:58:18.466+0000] {processor.py:183} INFO - Processing /home/airflow/.local/lib/python3.12/site-packages/airflow/example_dags/plugins/listener_plugin.py took 0.038 seconds
[2026-04-28T18:01:17.294+0000] {processor.py:161} INFO - Started process (PID=125) to work on /home/airflow/.local/lib/python3.12/site-packages/airflow/example_dags/plugins/listener_plugin.py
[2026-04-28T18:01:17.301+0000] {processor.py:830} INFO - Processing file /home/airflow/.local/lib/python3.12/site-packages/airflow/example_dags/plugins/listener_plugin.py for tasks to queue
[2026-04-28T18:01:17.311+0000] {logging_mixin.py:188} INFO - [2026-04-28T18:01:17.311+0000] {dagbag.py:540} INFO - Filling up the DagBag from /home/airflow/.local/lib/python3.12/site-packages/airflow/example_dags/plugins/listener_plugin.py
[2026-04-28T18:01:17.328+0000] {processor.py:842} WARNING - No viable dags retrieved from /home/airflow/.local/lib/python3.12/site-packages/airflow/example_dags/plugins/listener_plugin.py
[2026-04-28T18:01:17.377+0000] {processor.py:183} INFO - Processing /home/airflow/.local/lib/python3.12/site-packages/airflow/example_dags/plugins/listener_plugin.py took 0.092 seconds
[2026-04-28T18:01:47.868+0000] {processor.py:161} INFO - Started process (PID=183) to work on /home/airflow/.local/lib/python3.12/site-packages/airflow/example_dags/plugins/listener_plugin.py
[2026-04-28T18:01:47.870+0000] {processor.py:830} INFO - Processing file /home/airflow/.local/lib/python3.12/site-packages/airflow/example_dags/plugins/listener_plugin.py for tasks to queue
[2026-04-28T18:01:47.873+0000] {logging_mixin.py:188} INFO - [2026-04-28T18:01:47.871+0000] {dagbag.py:540} INFO - Filling up the DagBag from /home/airflow/.local/lib/python3.12/site-packages/airflow/example_dags/plugins/listener_plugin.py
[2026-04-28T18:01:47.888+0000] {processor.py:842} WARNING - No viable dags retrieved from /home/airflow/.local/lib/python3.12/site-packages/airflow/example_dags/plugins/listener_plugin.py
[2026-04-28T18:01:47.921+0000] {processor.py:183} INFO - Processing /home/airflow/.local/lib/python3.12/site-packages/airflow/example_dags/plugins/listener_plugin.py took 0.066 seconds
[2026-04-28T18:02:18.753+0000] {processor.py:161} INFO - Started process (PID=243) to work on /home/airflow/.local/lib/python3.12/site-packages/airflow/example_dags/plugins/listener_plugin.py
[2026-04-28T18:02:18.756+0000] {processor.py:830} INFO - Processing file /home/airflow/.local/lib/python3.12/site-packages/airflow/example_dags/plugins/listener_plugin.py for tasks to queue
[2026-04-28T18:02:18.761+0000] {logging_mixin.py:188} INFO - [2026-04-28T18:02:18.758+0000] {dagbag.py:540} INFO - Filling up the DagBag from /home/airflow/.local/lib/python3.12/site-packages/airflow/example_dags/plugins/listener_plugin.py
[2026-04-28T18:02:18.781+0000] {processor.py:842} WARNING - No viable dags retrieved from /home/airflow/.local/lib/python3.12/site-packages/airflow/example_dags/plugins/listener_plugin.py
[2026-04-28T18:02:18.832+0000] {processor.py:183} INFO - Processing /home/airflow/.local/lib/python3.12/site-packages/airflow/example_dags/plugins/listener_plugin.py took 0.096 seconds
[2026-04-28T18:02:49.822+0000] {processor.py:161} INFO - Started process (PID=303) to work on /home/airflow/.local/lib/python3.12/site-packages/airflow/example_dags/plugins/listener_plugin.py
[2026-04-28T18:02:49.827+0000] {processor.py:830} INFO - Processing file /home/airflow/.local/lib/python3.12/site-packages/airflow/example_dags/plugins/listener_plugin.py for tasks to queue
[2026-04-28T18:02:49.833+0000] {logging_mixin.py:188} INFO - [2026-04-28T18:02:49.833+0000] {dagbag.py:540} INFO - Filling up the DagBag from /home/airflow/.local/lib/python3.12/site-packages/airflow/example_dags/plugins/listener_plugin.py
[2026-04-28T18:02:49.840+0000] {processor.py:842} WARNING - No viable dags retrieved from /home/airflow/.local/lib/python3.12/site-packages/airflow/example_dags/plugins/listener_plugin.py
[2026-04-28T18:02:49.874+0000] {processor.py:183} INFO - Processing /home/airflow/.local/lib/python3.12/site-packages/airflow/example_dags/plugins/listener_plugin.py took 0.078 seconds
[2026-04-28T18:03:21.060+0000] {processor.py:161} INFO - Started process (PID=363) to work on /home/airflow/.local/lib/python3.12/site-packages/airflow/example_dags/plugins/listener_plugin.py
[2026-04-28T18:03:21.062+0000] {processor.py:830} INFO - Processing file /home/airflow/.local/lib/python3.12/site-packages/airflow/example_dags/plugins/listener_plugin.py for tasks to queue
[2026-04-28T18:03:21.066+0000] {logging_mixin.py:188} INFO - [2026-04-28T18:03:21.065+0000] {dagbag.py:540} INFO - Filling up the DagBag from /home/airflow/.local/lib/python3.12/site-packages/airflow/example_dags/plugins/listener_plugin.py
[2026-04-28T18:03:21.071+0000] {processor.py:842} WARNING - No viable dags retrieved from /home/airflow/.local/lib/python3.12/site-packages/airflow/example_dags/plugins/listener_plugin.py
[2026-04-28T18:03:21.106+0000] {processor.py:183} INFO - Processing /home/airflow/.local/lib/python3.12/site-packages/airflow/example_dags/plugins/listener_plugin.py took 0.073 seconds
[2026-04-28T18:03:51.794+0000] {processor.py:161} INFO - Started process (PID=423) to work on /home/airflow/.local/lib/python3.12/site-packages/airflow/example_dags/plugins/listener_plugin.py
[2026-04-28T18:03:51.803+0000] {processor.py:830} INFO - Processing file /home/airflow/.local/lib/python3.12/site-packages/airflow/example_dags/plugins/listener_plugin.py for tasks to queue
[2026-04-28T18:03:51.811+0000] {logging_mixin.py:188} INFO - [2026-04-28T18:03:51.811+0000] {dagbag.py:540} INFO - Filling up the DagBag from /home/airflow/.local/lib/python3.12/site-packages/airflow/example_dags/plugins/listener_plugin.py
[2026-04-28T18:03:51.832+0000] {processor.py:842} WARNING - No viable dags retrieved from /home/airflow/.local/lib/python3.12/site-packages/airflow/example_dags/plugins/listener_plugin.py
[2026-04-28T18:03:51.917+0000] {processor.py:183} INFO - Processing /home/airflow/.local/lib/python3.12/site-packages/airflow/example_dags/plugins/listener_plugin.py took 0.170 seconds
[2026-04-28T18:04:22.594+0000] {processor.py:161} INFO - Started process (PID=483) to work on /home/airflow/.local/lib/python3.12/site-packages/airflow/example_dags/plugins/listener_plugin.py
[2026-04-28T18:04:22.595+0000] {processor.py:830} INFO - Processing file /home/airflow/.local/lib/python3.12/site-packages/airflow/example_dags/plugins/listener_plugin.py for tasks to queue
[2026-04-28T18:04:22.597+0000] {logging_mixin.py:188} INFO - [2026-04-28T18:04:22.597+0000] {dagbag.py:540} INFO - Filling up the DagBag from /home/airflow/.local/lib/python3.12/site-packages/airflow/example_dags/plugins/listener_plugin.py
[2026-04-28T18:04:22.600+0000] {processor.py:842} WARNING - No viable dags retrieved from /home/airflow/.local/lib/python3.12/site-packages/airflow/example_dags/plugins/listener_plugin.py
[2026-04-28T18:04:22.622+0000] {processor.py:183} INFO - Processing /home/airflow/.local/lib/python3.12/site-packages/airflow/example_dags/plugins/listener_plugin.py took 0.035 seconds
[2026-04-28T18:04:53.077+0000] {processor.py:161} INFO - Started process (PID=543) to work on /home/airflow/.local/lib/python3.12/site-packages/airflow/example_dags/plugins/listener_plugin.py
[2026-04-28T18:04:53.077+0000] {processor.py:830} INFO - Processing file /home/airflow/.local/lib/python3.12/site-packages/airflow/example_dags/plugins/listener_plugin.py for tasks to queue
[2026-04-28T18:04:53.079+0000] {logging_mixin.py:188} INFO - [2026-04-28T18:04:53.079+0000] {dagbag.py:540} INFO - Filling up the DagBag from /home/airflow/.local/lib/python3.12/site-packages/airflow/example_dags/plugins/listener_plugin.py
[2026-04-28T18:04:53.082+0000] {processor.py:842} WARNING - No viable dags retrieved from /home/airflow/.local/lib/python3.12/site-packages/airflow/example_dags/plugins/listener_plugin.py
[2026-04-28T18:04:53.099+0000] {processor.py:183} INFO - Processing /home/airflow/.local/lib/python3.12/site-packages/airflow/example_dags/plugins/listener_plugin.py took 0.030 seconds
[2026-04-28T18:05:23.739+0000] {processor.py:161} INFO - Started process (PID=603) to work on /home/airflow/.local/lib/python3.12/site-packages/airflow/example_dags/plugins/listener_plugin.py
[2026-04-28T18:05:23.740+0000] {processor.py:830} INFO - Processing file /home/airflow/.local/lib/python3.12/site-packages/airflow/example_dags/plugins/listener_plugin.py for tasks to queue
[2026-04-28T18:05:23.742+0000] {logging_mixin.py:188} INFO - [2026-04-28T18:05:23.742+0000] {dagbag.py:540} INFO - Filling up the DagBag from /home/airflow/.local/lib/python3.12/site-packages/airflow/example_dags/plugins/listener_plugin.py
[2026-04-28T18:05:23.745+0000] {processor.py:842} WARNING - No viable dags retrieved from /home/airflow/.local/lib/python3.12/site-packages/airflow/example_dags/plugins/listener_plugin.py
[2026-04-28T18:05:23.761+0000] {processor.py:183} INFO - Processing /home/airflow/.local/lib/python3.12/site-packages/airflow/example_dags/plugins/listener_plugin.py took 0.029 seconds
[2026-04-28T18:05:54.462+0000] {processor.py:161} INFO - Started process (PID=664) to work on /home/airflow/.local/lib/python3.12/site-packages/airflow/example_dags/plugins/listener_plugin.py
[2026-04-28T18:05:54.463+0000] {processor.py:830} INFO - Processing file /home/airflow/.local/lib/python3.12/site-packages/airflow/example_dags/plugins/listener_plugin.py for tasks to queue
[2026-04-28T18:05:54.465+0000] {logging_mixin.py:188} INFO - [2026-04-28T18:05:54.464+0000] {dagbag.py:540} INFO - Filling up the DagBag from /home/airflow/.local/lib/python3.12/site-packages/airflow/example_dags/plugins/listener_plugin.py
[2026-04-28T18:05:54.468+0000] {processor.py:842} WARNING - No viable dags retrieved from /home/airflow/.local/lib/python3.12/site-packages/airflow/example_dags/plugins/listener_plugin.py
[2026-04-28T18:05:54.482+0000] {processor.py:183} INFO - Processing /home/airflow/.local/lib/python3.12/site-packages/airflow/example_dags/plugins/listener_plugin.py took 0.027 seconds
[2026-04-28T18:06:24.962+0000] {processor.py:161} INFO - Started process (PID=724) to work on /home/airflow/.local/lib/python3.12/site-packages/airflow/example_dags/plugins/listener_plugin.py
[2026-04-28T18:06:24.962+0000] {processor.py:830} INFO - Processing file /home/airflow/.local/lib/python3.12/site-packages/airflow/example_dags/plugins/listener_plugin.py for tasks to queue
[2026-04-28T18:06:24.966+0000] {logging_mixin.py:188} INFO - [2026-04-28T18:06:24.965+0000] {dagbag.py:540} INFO - Filling up the DagBag from /home/airflow/.local/lib/python3.12/site-packages/airflow/example_dags/plugins/listener_plugin.py
[2026-04-28T18:06:24.969+0000] {processor.py:842} WARNING - No viable dags retrieved from /home/airflow/.local/lib/python3.12/site-packages/airflow/example_dags/plugins/listener_plugin.py
[2026-04-28T18:06:24.991+0000] {processor.py:183} INFO - Processing /home/airflow/.local/lib/python3.12/site-packages/airflow/example_dags/plugins/listener_plugin.py took 0.040 seconds
[2026-04-28T18:06:55.240+0000] {processor.py:161} INFO - Started process (PID=784) to work on /home/airflow/.local/lib/python3.12/site-packages/airflow/example_dags/plugins/listener_plugin.py
[2026-04-28T18:06:55.241+0000] {processor.py:830} INFO - Processing file /home/airflow/.local/lib/python3.12/site-packages/airflow/example_dags/plugins/listener_plugin.py for tasks to queue
[2026-04-28T18:06:55.243+0000] {logging_mixin.py:188} INFO - [2026-04-28T18:06:55.242+0000] {dagbag.py:540} INFO - Filling up the DagBag from /home/airflow/.local/lib/python3.12/site-packages/airflow/example_dags/plugins/listener_plugin.py
[2026-04-28T18:06:55.245+0000] {processor.py:842} WARNING - No viable dags retrieved from /home/airflow/.local/lib/python3.12/site-packages/airflow/example_dags/plugins/listener_plugin.py
[2026-04-28T18:06:55.260+0000] {processor.py:183} INFO - Processing /home/airflow/.local/lib/python3.12/site-packages/airflow/example_dags/plugins/listener_plugin.py took 0.027 seconds
[2026-04-28T18:07:25.695+0000] {processor.py:161} INFO - Started process (PID=844) to work on /home/airflow/.local/lib/python3.12/site-packages/airflow/example_dags/plugins/listener_plugin.py
[2026-04-28T18:07:25.696+0000] {processor.py:830} INFO - Processing file /home/airflow/.local/lib/python3.12/site-packages/airflow/example_dags/plugins/listener_plugin.py for tasks to queue
[2026-04-28T18:07:25.698+0000] {logging_mixin.py:188} INFO - [2026-04-28T18:07:25.698+0000] {dagbag.py:540} INFO - Filling up the DagBag from /home/airflow/.local/lib/python3.12/site-packages/airflow/example_dags/plugins/listener_plugin.py
[2026-04-28T18:07:25.701+0000] {processor.py:842} WARNING - No viable dags retrieved from /home/airflow/.local/lib/python3.12/site-packages/airflow/example_dags/plugins/listener_plugin.py
[2026-04-28T18:07:25.715+0000] {processor.py:183} INFO - Processing /home/airflow/.local/lib/python3.12/site-packages/airflow/example_dags/plugins/listener_plugin.py took 0.027 seconds
[2026-04-28T18:07:55.835+0000] {processor.py:161} INFO - Started process (PID=903) to work on /home/airflow/.local/lib/python3.12/site-packages/airflow/example_dags/plugins/listener_plugin.py
[2026-04-28T18:07:55.838+0000] {processor.py:830} INFO - Processing file /home/airflow/.local/lib/python3.12/site-packages/airflow/example_dags/plugins/listener_plugin.py for tasks to queue
[2026-04-28T18:07:55.841+0000] {logging_mixin.py:188} INFO - [2026-04-28T18:07:55.841+0000] {dagbag.py:540} INFO - Filling up the DagBag from /home/airflow/.local/lib/python3.12/site-packages/airflow/example_dags/plugins/listener_plugin.py
[2026-04-28T18:07:55.846+0000] {processor.py:842} WARNING - No viable dags retrieved from /home/airflow/.local/lib/python3.12/site-packages/airflow/example_dags/plugins/listener_plugin.py
[2026-04-28T18:07:55.875+0000] {processor.py:183} INFO - Processing /home/airflow/.local/lib/python3.12/site-packages/airflow/example_dags/plugins/listener_plugin.py took 0.055 seconds
[2026-04-28T18:08:26.595+0000] {processor.py:161} INFO - Started process (PID=963) to work on /home/airflow/.local/lib/python3.12/site-packages/airflow/example_dags/plugins/listener_plugin.py
[2026-04-28T18:08:26.598+0000] {processor.py:830} INFO - Processing file /home/airflow/.local/lib/python3.12/site-packages/airflow/example_dags/plugins/listener_plugin.py for tasks to queue
[2026-04-28T18:08:26.604+0000] {logging_mixin.py:188} INFO - [2026-04-28T18:08:26.604+0000] {dagbag.py:540} INFO - Filling up the DagBag from /home/airflow/.local/lib/python3.12/site-packages/airflow/example_dags/plugins/listener_plugin.py
[2026-04-28T18:08:26.613+0000] {processor.py:842} WARNING - No viable dags retrieved from /home/airflow/.local/lib/python3.12/site-packages/airflow/example_dags/plugins/listener_plugin.py
[2026-04-28T18:08:26.673+0000] {processor.py:183} INFO - Processing /home/airflow/.local/lib/python3.12/site-packages/airflow/example_dags/plugins/listener_plugin.py took 0.130 seconds
[2026-04-28T18:08:57.186+0000] {processor.py:161} INFO - Started process (PID=1024) to work on /home/airflow/.local/lib/python3.12/site-packages/airflow/example_dags/plugins/listener_plugin.py
[2026-04-28T18:08:57.187+0000] {processor.py:830} INFO - Processing file /home/airflow/.local/lib/python3.12/site-packages/airflow/example_dags/plugins/listener_plugin.py for tasks to queue
[2026-04-28T18:08:57.189+0000] {logging_mixin.py:188} INFO - [2026-04-28T18:08:57.188+0000] {dagbag.py:540} INFO - Filling up the DagBag from /home/airflow/.local/lib/python3.12/site-packages/airflow/example_dags/plugins/listener_plugin.py
[2026-04-28T18:08:57.191+0000] {processor.py:842} WARNING - No viable dags retrieved from /home/airflow/.local/lib/python3.12/site-packages/airflow/example_dags/plugins/listener_plugin.py
[2026-04-28T18:08:57.242+0000] {processor.py:183} INFO - Processing /home/airflow/.local/lib/python3.12/site-packages/airflow/example_dags/plugins/listener_plugin.py took 0.063 seconds
[2026-04-28T18:09:27.547+0000] {processor.py:161} INFO - Started process (PID=1083) to work on /home/airflow/.local/lib/python3.12/site-packages/airflow/example_dags/plugins/listener_plugin.py
[2026-04-28T18:09:27.548+0000] {processor.py:830} INFO - Processing file /home/airflow/.local/lib/python3.12/site-packages/airflow/example_dags/plugins/listener_plugin.py for tasks to queue
[2026-04-28T18:09:27.550+0000] {logging_mixin.py:188} INFO - [2026-04-28T18:09:27.550+0000] {dagbag.py:540} INFO - Filling up the DagBag from /home/airflow/.local/lib/python3.12/site-packages/airflow/example_dags/plugins/listener_plugin.py
[2026-04-28T18:09:27.553+0000] {processor.py:842} WARNING - No viable dags retrieved from /home/airflow/.local/lib/python3.12/site-packages/airflow/example_dags/plugins/listener_plugin.py
[2026-04-28T18:09:27.567+0000] {processor.py:183} INFO - Processing /home/airflow/.local/lib/python3.12/site-packages/airflow/example_dags/plugins/listener_plugin.py took 0.027 seconds
[2026-04-28T18:09:58.455+0000] {processor.py:161} INFO - Started process (PID=1144) to work on /home/airflow/.local/lib/python3.12/site-packages/airflow/example_dags/plugins/listener_plugin.py
[2026-04-28T18:09:58.456+0000] {processor.py:830} INFO - Processing file /home/airflow/.local/lib/python3.12/site-packages/airflow/example_dags/plugins/listener_plugin.py for tasks to queue
[2026-04-28T18:09:58.458+0000] {logging_mixin.py:188} INFO - [2026-04-28T18:09:58.458+0000] {dagbag.py:540} INFO - Filling up the DagBag from /home/airflow/.local/lib/python3.12/site-packages/airflow/example_dags/plugins/listener_plugin.py
[2026-04-28T18:09:58.461+0000] {processor.py:842} WARNING - No viable dags retrieved from /home/airflow/.local/lib/python3.12/site-packages/airflow/example_dags/plugins/listener_plugin.py
[2026-04-28T18:09:58.475+0000] {processor.py:183} INFO - Processing /home/airflow/.local/lib/python3.12/site-packages/airflow/example_dags/plugins/listener_plugin.py took 0.027 seconds
[2026-04-28T18:10:29.296+0000] {processor.py:161} INFO - Started process (PID=1204) to work on /home/airflow/.local/lib/python3.12/site-packages/airflow/example_dags/plugins/listener_plugin.py
[2026-04-28T18:10:29.297+0000] {processor.py:830} INFO - Processing file /home/airflow/.local/lib/python3.12/site-packages/airflow/example_dags/plugins/listener_plugin.py for tasks to queue
[2026-04-28T18:10:29.299+0000] {logging_mixin.py:188} INFO - [2026-04-28T18:10:29.299+0000] {dagbag.py:540} INFO - Filling up the DagBag from /home/airflow/.local/lib/python3.12/site-packages/airflow/example_dags/plugins/listener_plugin.py
[2026-04-28T18:10:29.302+0000] {processor.py:842} WARNING - No viable dags retrieved from /home/airflow/.local/lib/python3.12/site-packages/airflow/example_dags/plugins/listener_plugin.py
[2026-04-28T18:10:29.317+0000] {processor.py:183} INFO - Processing /home/airflow/.local/lib/python3.12/site-packages/airflow/example_dags/plugins/listener_plugin.py took 0.028 seconds
[2026-04-28T18:10:59.454+0000] {processor.py:161} INFO - Started process (PID=1263) to work on /home/airflow/.local/lib/python3.12/site-packages/airflow/example_dags/plugins/listener_plugin.py
[2026-04-28T18:10:59.455+0000] {processor.py:830} INFO - Processing file /home/airflow/.local/lib/python3.12/site-packages/airflow/example_dags/plugins/listener_plugin.py for tasks to queue
[2026-04-28T18:10:59.460+0000] {logging_mixin.py:188} INFO - [2026-04-28T18:10:59.460+0000] {dagbag.py:540} INFO - Filling up the DagBag from /home/airflow/.local/lib/python3.12/site-packages/airflow/example_dags/plugins/listener_plugin.py
[2026-04-28T18:10:59.463+0000] {processor.py:842} WARNING - No viable dags retrieved from /home/airflow/.local/lib/python3.12/site-packages/airflow/example_dags/plugins/listener_plugin.py
[2026-04-28T18:10:59.476+0000] {processor.py:183} INFO - Processing /home/airflow/.local/lib/python3.12/site-packages/airflow/example_dags/plugins/listener_plugin.py took 0.029 seconds
[2026-04-28T18:11:29.967+0000] {processor.py:161} INFO - Started process (PID=1324) to work on /home/airflow/.local/lib/python3.12/site-packages/airflow/example_dags/plugins/listener_plugin.py
[2026-04-28T18:11:29.968+0000] {processor.py:830} INFO - Processing file /home/airflow/.local/lib/python3.12/site-packages/airflow/example_dags/plugins/listener_plugin.py for tasks to queue
[2026-04-28T18:11:29.970+0000] {logging_mixin.py:188} INFO - [2026-04-28T18:11:29.970+0000] {dagbag.py:540} INFO - Filling up the DagBag from /home/airflow/.local/lib/python3.12/site-packages/airflow/example_dags/plugins/listener_plugin.py
[2026-04-28T18:11:29.973+0000] {processor.py:842} WARNING - No viable dags retrieved from /home/airflow/.local/lib/python3.12/site-packages/airflow/example_dags/plugins/listener_plugin.py
[2026-04-28T18:11:29.988+0000] {processor.py:183} INFO - Processing /home/airflow/.local/lib/python3.12/site-packages/airflow/example_dags/plugins/listener_plugin.py took 0.027 seconds
[2026-04-28T18:12:00.849+0000] {processor.py:161} INFO - Started process (PID=1384) to work on /home/airflow/.local/lib/python3.12/site-packages/airflow/example_dags/plugins/listener_plugin.py
[2026-04-28T18:12:00.850+0000] {processor.py:830} INFO - Processing file /home/airflow/.local/lib/python3.12/site-packages/airflow/example_dags/plugins/listener_plugin.py for tasks to queue
[2026-04-28T18:12:00.852+0000] {logging_mixin.py:188} INFO - [2026-04-28T18:12:00.851+0000] {dagbag.py:540} INFO - Filling up the DagBag from /home/airflow/.local/lib/python3.12/site-packages/airflow/example_dags/plugins/listener_plugin.py
[2026-04-28T18:12:00.854+0000] {processor.py:842} WARNING - No viable dags retrieved from /home/airflow/.local/lib/python3.12/site-packages/airflow/example_dags/plugins/listener_plugin.py
[2026-04-28T18:12:00.869+0000] {processor.py:183} INFO - Processing /home/airflow/.local/lib/python3.12/site-packages/airflow/example_dags/plugins/listener_plugin.py took 0.028 seconds
[2026-04-28T18:12:31.504+0000] {processor.py:161} INFO - Started process (PID=1444) to work on /home/airflow/.local/lib/python3.12/site-packages/airflow/example_dags/plugins/listener_plugin.py
[2026-04-28T18:12:31.505+0000] {processor.py:830} INFO - Processing file /home/airflow/.local/lib/python3.12/site-packages/airflow/example_dags/plugins/listener_plugin.py for tasks to queue
[2026-04-28T18:12:31.507+0000] {logging_mixin.py:188} INFO - [2026-04-28T18:12:31.506+0000] {dagbag.py:540} INFO - Filling up the DagBag from /home/airflow/.local/lib/python3.12/site-packages/airflow/example_dags/plugins/listener_plugin.py
[2026-04-28T18:12:31.509+0000] {processor.py:842} WARNING - No viable dags retrieved from /home/airflow/.local/lib/python3.12/site-packages/airflow/example_dags/plugins/listener_plugin.py
[2026-04-28T18:12:31.525+0000] {processor.py:183} INFO - Processing /home/airflow/.local/lib/python3.12/site-packages/airflow/example_dags/plugins/listener_plugin.py took 0.029 seconds
[2026-04-28T18:13:02.362+0000] {processor.py:161} INFO - Started process (PID=1504) to work on /home/airflow/.local/lib/python3.12/site-packages/airflow/example_dags/plugins/listener_plugin.py
[2026-04-28T18:13:02.363+0000] {processor.py:830} INFO - Processing file /home/airflow/.local/lib/python3.12/site-packages/airflow/example_dags/plugins/listener_plugin.py for tasks to queue
[2026-04-28T18:13:02.365+0000] {logging_mixin.py:188} INFO - [2026-04-28T18:13:02.365+0000] {dagbag.py:540} INFO - Filling up the DagBag from /home/airflow/.local/lib/python3.12/site-packages/airflow/example_dags/plugins/listener_plugin.py
[2026-04-28T18:13:02.368+0000] {processor.py:842} WARNING - No viable dags retrieved from /home/airflow/.local/lib/python3.12/site-packages/airflow/example_dags/plugins/listener_plugin.py
[2026-04-28T18:13:02.382+0000] {processor.py:183} INFO - Processing /home/airflow/.local/lib/python3.12/site-packages/airflow/example_dags/plugins/listener_plugin.py took 0.027 seconds
[2026-04-28T18:13:33.398+0000] {processor.py:161} INFO - Started process (PID=1564) to work on /home/airflow/.local/lib/python3.12/site-packages/airflow/example_dags/plugins/listener_plugin.py
[2026-04-28T18:13:33.398+0000] {processor.py:830} INFO - Processing file /home/airflow/.local/lib/python3.12/site-packages/airflow/example_dags/plugins/listener_plugin.py for tasks to queue
[2026-04-28T18:13:33.402+0000] {logging_mixin.py:188} INFO - [2026-04-28T18:13:33.402+0000] {dagbag.py:540} INFO - Filling up the DagBag from /home/airflow/.local/lib/python3.12/site-packages/airflow/example_dags/plugins/listener_plugin.py
[2026-04-28T18:13:33.406+0000] {processor.py:842} WARNING - No viable dags retrieved from /home/airflow/.local/lib/python3.12/site-packages/airflow/example_dags/plugins/listener_plugin.py
[2026-04-28T18:13:33.436+0000] {processor.py:183} INFO - Processing /home/airflow/.local/lib/python3.12/site-packages/airflow/example_dags/plugins/listener_plugin.py took 0.046 seconds
[2026-04-28T18:14:04.283+0000] {processor.py:161} INFO - Started process (PID=1624) to work on /home/airflow/.local/lib/python3.12/site-packages/airflow/example_dags/plugins/listener_plugin.py
[2026-04-28T18:14:04.283+0000] {processor.py:830} INFO - Processing file /home/airflow/.local/lib/python3.12/site-packages/airflow/example_dags/plugins/listener_plugin.py for tasks to queue
[2026-04-28T18:14:04.285+0000] {logging_mixin.py:188} INFO - [2026-04-28T18:14:04.285+0000] {dagbag.py:540} INFO - Filling up the DagBag from /home/airflow/.local/lib/python3.12/site-packages/airflow/example_dags/plugins/listener_plugin.py
[2026-04-28T18:14:04.288+0000] {processor.py:842} WARNING - No viable dags retrieved from /home/airflow/.local/lib/python3.12/site-packages/airflow/example_dags/plugins/listener_plugin.py
[2026-04-28T18:14:04.302+0000] {processor.py:183} INFO - Processing /home/airflow/.local/lib/python3.12/site-packages/airflow/example_dags/plugins/listener_plugin.py took 0.027 seconds
[2026-04-28T18:14:35.421+0000] {processor.py:161} INFO - Started process (PID=1684) to work on /home/airflow/.local/lib/python3.12/site-packages/airflow/example_dags/plugins/listener_plugin.py
[2026-04-28T18:14:35.423+0000] {processor.py:830} INFO - Processing file /home/airflow/.local/lib/python3.12/site-packages/airflow/example_dags/plugins/listener_plugin.py for tasks to queue
[2026-04-28T18:14:35.427+0000] {logging_mixin.py:188} INFO - [2026-04-28T18:14:35.427+0000] {dagbag.py:540} INFO - Filling up the DagBag from /home/airflow/.local/lib/python3.12/site-packages/airflow/example_dags/plugins/listener_plugin.py
[2026-04-28T18:14:35.432+0000] {processor.py:842} WARNING - No viable dags retrieved from /home/airflow/.local/lib/python3.12/site-packages/airflow/example_dags/plugins/listener_plugin.py
[2026-04-28T18:14:35.462+0000] {processor.py:183} INFO - Processing /home/airflow/.local/lib/python3.12/site-packages/airflow/example_dags/plugins/listener_plugin.py took 0.058 seconds
[2026-04-28T18:15:05.528+0000] {processor.py:161} INFO - Started process (PID=1744) to work on /home/airflow/.local/lib/python3.12/site-packages/airflow/example_dags/plugins/listener_plugin.py
[2026-04-28T18:15:05.528+0000] {processor.py:830} INFO - Processing file /home/airflow/.local/lib/python3.12/site-packages/airflow/example_dags/plugins/listener_plugin.py for tasks to queue
[2026-04-28T18:15:05.530+0000] {logging_mixin.py:188} INFO - [2026-04-28T18:15:05.530+0000] {dagbag.py:540} INFO - Filling up the DagBag from /home/airflow/.local/lib/python3.12/site-packages/airflow/example_dags/plugins/listener_plugin.py
[2026-04-28T18:15:05.533+0000] {processor.py:842} WARNING - No viable dags retrieved from /home/airflow/.local/lib/python3.12/site-packages/airflow/example_dags/plugins/listener_plugin.py
[2026-04-28T18:15:05.548+0000] {processor.py:183} INFO - Processing /home/airflow/.local/lib/python3.12/site-packages/airflow/example_dags/plugins/listener_plugin.py took 0.027 seconds
[2026-04-28T18:15:35.703+0000] {processor.py:161} INFO - Started process (PID=1803) to work on /home/airflow/.local/lib/python3.12/site-packages/airflow/example_dags/plugins/listener_plugin.py
[2026-04-28T18:15:35.703+0000] {processor.py:830} INFO - Processing file /home/airflow/.local/lib/python3.12/site-packages/airflow/example_dags/plugins/listener_plugin.py for tasks to queue
[2026-04-28T18:15:35.705+0000] {logging_mixin.py:188} INFO - [2026-04-28T18:15:35.705+0000] {dagbag.py:540} INFO - Filling up the DagBag from /home/airflow/.local/lib/python3.12/site-packages/airflow/example_dags/plugins/listener_plugin.py
[2026-04-28T18:15:35.708+0000] {processor.py:842} WARNING - No viable dags retrieved from /home/airflow/.local/lib/python3.12/site-packages/airflow/example_dags/plugins/listener_plugin.py
[2026-04-28T18:15:35.724+0000] {processor.py:183} INFO - Processing /home/airflow/.local/lib/python3.12/site-packages/airflow/example_dags/plugins/listener_plugin.py took 0.046 seconds
[2026-04-28T18:16:06.549+0000] {processor.py:161} INFO - Started process (PID=1864) to work on /home/airflow/.local/lib/python3.12/site-packages/airflow/example_dags/plugins/listener_plugin.py
[2026-04-28T18:16:06.550+0000] {processor.py:830} INFO - Processing file /home/airflow/.local/lib/python3.12/site-packages/airflow/example_dags/plugins/listener_plugin.py for tasks to queue
[2026-04-28T18:16:06.552+0000] {logging_mixin.py:188} INFO - [2026-04-28T18:16:06.551+0000] {dagbag.py:540} INFO - Filling up the DagBag from /home/airflow/.local/lib/python3.12/site-packages/airflow/example_dags/plugins/listener_plugin.py
[2026-04-28T18:16:06.554+0000] {processor.py:842} WARNING - No viable dags retrieved from /home/airflow/.local/lib/python3.12/site-packages/airflow/example_dags/plugins/listener_plugin.py
[2026-04-28T18:16:06.570+0000] {processor.py:183} INFO - Processing /home/airflow/.local/lib/python3.12/site-packages/airflow/example_dags/plugins/listener_plugin.py took 0.028 seconds
[2026-04-28T18:16:36.860+0000] {processor.py:161} INFO - Started process (PID=1924) to work on /home/airflow/.local/lib/python3.12/site-packages/airflow/example_dags/plugins/listener_plugin.py
[2026-04-28T18:16:36.861+0000] {processor.py:830} INFO - Processing file /home/airflow/.local/lib/python3.12/site-packages/airflow/example_dags/plugins/listener_plugin.py for tasks to queue
[2026-04-28T18:16:36.863+0000] {logging_mixin.py:188} INFO - [2026-04-28T18:16:36.862+0000] {dagbag.py:540} INFO - Filling up the DagBag from /home/airflow/.local/lib/python3.12/site-packages/airflow/example_dags/plugins/listener_plugin.py
[2026-04-28T18:16:36.865+0000] {processor.py:842} WARNING - No viable dags retrieved from /home/airflow/.local/lib/python3.12/site-packages/airflow/example_dags/plugins/listener_plugin.py
[2026-04-28T18:16:36.879+0000] {processor.py:183} INFO - Processing /home/airflow/.local/lib/python3.12/site-packages/airflow/example_dags/plugins/listener_plugin.py took 0.026 seconds
[2026-04-28T18:17:06.978+0000] {processor.py:161} INFO - Started process (PID=1984) to work on /home/airflow/.local/lib/python3.12/site-packages/airflow/example_dags/plugins/listener_plugin.py
[2026-04-28T18:17:06.978+0000] {processor.py:830} INFO - Processing file /home/airflow/.local/lib/python3.12/site-packages/airflow/example_dags/plugins/listener_plugin.py for tasks to queue
[2026-04-28T18:17:06.980+0000] {logging_mixin.py:188} INFO - [2026-04-28T18:17:06.980+0000] {dagbag.py:540} INFO - Filling up the DagBag from /home/airflow/.local/lib/python3.12/site-packages/airflow/example_dags/plugins/listener_plugin.py
[2026-04-28T18:17:06.983+0000] {processor.py:842} WARNING - No viable dags retrieved from /home/airflow/.local/lib/python3.12/site-packages/airflow/example_dags/plugins/listener_plugin.py
[2026-04-28T18:17:06.999+0000] {processor.py:183} INFO - Processing /home/airflow/.local/lib/python3.12/site-packages/airflow/example_dags/plugins/listener_plugin.py took 0.028 seconds
[2026-04-28T18:17:37.879+0000] {processor.py:161} INFO - Started process (PID=2044) to work on /home/airflow/.local/lib/python3.12/site-packages/airflow/example_dags/plugins/listener_plugin.py
[2026-04-28T18:17:37.880+0000] {processor.py:830} INFO - Processing file /home/airflow/.local/lib/python3.12/site-packages/airflow/example_dags/plugins/listener_plugin.py for tasks to queue
[2026-04-28T18:17:37.882+0000] {logging_mixin.py:188} INFO - [2026-04-28T18:17:37.882+0000] {dagbag.py:540} INFO - Filling up the DagBag from /home/airflow/.local/lib/python3.12/site-packages/airflow/example_dags/plugins/listener_plugin.py
[2026-04-28T18:17:37.885+0000] {processor.py:842} WARNING - No viable dags retrieved from /home/airflow/.local/lib/python3.12/site-packages/airflow/example_dags/plugins/listener_plugin.py
[2026-04-28T18:17:37.898+0000] {processor.py:183} INFO - Processing /home/airflow/.local/lib/python3.12/site-packages/airflow/example_dags/plugins/listener_plugin.py took 0.025 seconds
[2026-04-28T18:18:08.542+0000] {processor.py:161} INFO - Started process (PID=2104) to work on /home/airflow/.local/lib/python3.12/site-packages/airflow/example_dags/plugins/listener_plugin.py
[2026-04-28T18:18:08.543+0000] {processor.py:830} INFO - Processing file /home/airflow/.local/lib/python3.12/site-packages/airflow/example_dags/plugins/listener_plugin.py for tasks to queue
[2026-04-28T18:18:08.545+0000] {logging_mixin.py:188} INFO - [2026-04-28T18:18:08.545+0000] {dagbag.py:540} INFO - Filling up the DagBag from /home/airflow/.local/lib/python3.12/site-packages/airflow/example_dags/plugins/listener_plugin.py
[2026-04-28T18:18:08.548+0000] {processor.py:842} WARNING - No viable dags retrieved from /home/airflow/.local/lib/python3.12/site-packages/airflow/example_dags/plugins/listener_plugin.py
[2026-04-28T18:18:08.562+0000] {processor.py:183} INFO - Processing /home/airflow/.local/lib/python3.12/site-packages/airflow/example_dags/plugins/listener_plugin.py took 0.026 seconds
[2026-04-28T18:18:38.913+0000] {processor.py:161} INFO - Started process (PID=2164) to work on /home/airflow/.local/lib/python3.12/site-packages/airflow/example_dags/plugins/listener_plugin.py
[2026-04-28T18:18:38.913+0000] {processor.py:830} INFO - Processing file /home/airflow/.local/lib/python3.12/site-packages/airflow/example_dags/plugins/listener_plugin.py for tasks to queue
[2026-04-28T18:18:38.915+0000] {logging_mixin.py:188} INFO - [2026-04-28T18:18:38.915+0000] {dagbag.py:540} INFO - Filling up the DagBag from /home/airflow/.local/lib/python3.12/site-packages/airflow/example_dags/plugins/listener_plugin.py
[2026-04-28T18:18:38.918+0000] {processor.py:842} WARNING - No viable dags retrieved from /home/airflow/.local/lib/python3.12/site-packages/airflow/example_dags/plugins/listener_plugin.py
[2026-04-28T18:18:38.931+0000] {processor.py:183} INFO - Processing /home/airflow/.local/lib/python3.12/site-packages/airflow/example_dags/plugins/listener_plugin.py took 0.025 seconds
[2026-04-28T18:19:09.650+0000] {processor.py:161} INFO - Started process (PID=2224) to work on /home/airflow/.local/lib/python3.12/site-packages/airflow/example_dags/plugins/listener_plugin.py
[2026-04-28T18:19:09.651+0000] {processor.py:830} INFO - Processing file /home/airflow/.local/lib/python3.12/site-packages/airflow/example_dags/plugins/listener_plugin.py for tasks to queue
[2026-04-28T18:19:09.653+0000] {logging_mixin.py:188} INFO - [2026-04-28T18:19:09.653+0000] {dagbag.py:540} INFO - Filling up the DagBag from /home/airflow/.local/lib/python3.12/site-packages/airflow/example_dags/plugins/listener_plugin.py
[2026-04-28T18:19:09.656+0000] {processor.py:842} WARNING - No viable dags retrieved from /home/airflow/.local/lib/python3.12/site-packages/airflow/example_dags/plugins/listener_plugin.py
[2026-04-28T18:19:09.671+0000] {processor.py:183} INFO - Processing /home/airflow/.local/lib/python3.12/site-packages/airflow/example_dags/plugins/listener_plugin.py took 0.027 seconds
[2026-04-28T18:19:40.150+0000] {processor.py:161} INFO - Started process (PID=2284) to work on /home/airflow/.local/lib/python3.12/site-packages/airflow/example_dags/plugins/listener_plugin.py
[2026-04-28T18:19:40.151+0000] {processor.py:830} INFO - Processing file /home/airflow/.local/lib/python3.12/site-packages/airflow/example_dags/plugins/listener_plugin.py for tasks to queue
[2026-04-28T18:19:40.153+0000] {logging_mixin.py:188} INFO - [2026-04-28T18:19:40.153+0000] {dagbag.py:540} INFO - Filling up the DagBag from /home/airflow/.local/lib/python3.12/site-packages/airflow/example_dags/plugins/listener_plugin.py
[2026-04-28T18:19:40.156+0000] {processor.py:842} WARNING - No viable dags retrieved from /home/airflow/.local/lib/python3.12/site-packages/airflow/example_dags/plugins/listener_plugin.py
[2026-04-28T18:19:40.169+0000] {processor.py:183} INFO - Processing /home/airflow/.local/lib/python3.12/site-packages/airflow/example_dags/plugins/listener_plugin.py took 0.025 seconds
[2026-04-28T18:20:10.723+0000] {processor.py:161} INFO - Started process (PID=2344) to work on /home/airflow/.local/lib/python3.12/site-packages/airflow/example_dags/plugins/listener_plugin.py
[2026-04-28T18:20:10.724+0000] {processor.py:830} INFO - Processing file /home/airflow/.local/lib/python3.12/site-packages/airflow/example_dags/plugins/listener_plugin.py for tasks to queue
[2026-04-28T18:20:10.726+0000] {logging_mixin.py:188} INFO - [2026-04-28T18:20:10.726+0000] {dagbag.py:540} INFO - Filling up the DagBag from /home/airflow/.local/lib/python3.12/site-packages/airflow/example_dags/plugins/listener_plugin.py
[2026-04-28T18:20:10.729+0000] {processor.py:842} WARNING - No viable dags retrieved from /home/airflow/.local/lib/python3.12/site-packages/airflow/example_dags/plugins/listener_plugin.py
[2026-04-28T18:20:10.744+0000] {processor.py:183} INFO - Processing /home/airflow/.local/lib/python3.12/site-packages/airflow/example_dags/plugins/listener_plugin.py took 0.028 seconds
[2026-04-28T18:20:41.549+0000] {processor.py:161} INFO - Started process (PID=2403) to work on /home/airflow/.local/lib/python3.12/site-packages/airflow/example_dags/plugins/listener_plugin.py
[2026-04-28T18:20:41.549+0000] {processor.py:830} INFO - Processing file /home/airflow/.local/lib/python3.12/site-packages/airflow/example_dags/plugins/listener_plugin.py for tasks to queue
[2026-04-28T18:20:41.552+0000] {logging_mixin.py:188} INFO - [2026-04-28T18:20:41.551+0000] {dagbag.py:540} INFO - Filling up the DagBag from /home/airflow/.local/lib/python3.12/site-packages/airflow/example_dags/plugins/listener_plugin.py
[2026-04-28T18:20:41.554+0000] {processor.py:842} WARNING - No viable dags retrieved from /home/airflow/.local/lib/python3.12/site-packages/airflow/example_dags/plugins/listener_plugin.py
[2026-04-28T18:20:41.570+0000] {processor.py:183} INFO - Processing /home/airflow/.local/lib/python3.12/site-packages/airflow/example_dags/plugins/listener_plugin.py took 0.029 seconds
[2026-04-28T18:21:12.492+0000] {processor.py:161} INFO - Started process (PID=2463) to work on /home/airflow/.local/lib/python3.12/site-packages/airflow/example_dags/plugins/listener_plugin.py
[2026-04-28T18:21:12.494+0000] {processor.py:830} INFO - Processing file /home/airflow/.local/lib/python3.12/site-packages/airflow/example_dags/plugins/listener_plugin.py for tasks to queue
[2026-04-28T18:21:12.500+0000] {logging_mixin.py:188} INFO - [2026-04-28T18:21:12.500+0000] {dagbag.py:540} INFO - Filling up the DagBag from /home/airflow/.local/lib/python3.12/site-packages/airflow/example_dags/plugins/listener_plugin.py
[2026-04-28T18:21:12.509+0000] {processor.py:842} WARNING - No viable dags retrieved from /home/airflow/.local/lib/python3.12/site-packages/airflow/example_dags/plugins/listener_plugin.py
[2026-04-28T18:21:12.575+0000] {processor.py:183} INFO - Processing /home/airflow/.local/lib/python3.12/site-packages/airflow/example_dags/plugins/listener_plugin.py took 0.101 seconds
[2026-04-28T18:21:42.995+0000] {processor.py:161} INFO - Started process (PID=2523) to work on /home/airflow/.local/lib/python3.12/site-packages/airflow/example_dags/plugins/listener_plugin.py
[2026-04-28T18:21:42.995+0000] {processor.py:830} INFO - Processing file /home/airflow/.local/lib/python3.12/site-packages/airflow/example_dags/plugins/listener_plugin.py for tasks to queue
[2026-04-28T18:21:42.997+0000] {logging_mixin.py:188} INFO - [2026-04-28T18:21:42.997+0000] {dagbag.py:540} INFO - Filling up the DagBag from /home/airflow/.local/lib/python3.12/site-packages/airflow/example_dags/plugins/listener_plugin.py
[2026-04-28T18:21:43.000+0000] {processor.py:842} WARNING - No viable dags retrieved from /home/airflow/.local/lib/python3.12/site-packages/airflow/example_dags/plugins/listener_plugin.py
[2026-04-28T18:21:43.015+0000] {processor.py:183} INFO - Processing /home/airflow/.local/lib/python3.12/site-packages/airflow/example_dags/plugins/listener_plugin.py took 0.027 seconds
[2026-04-28T18:22:13.415+0000] {processor.py:161} INFO - Started process (PID=2583) to work on /home/airflow/.local/lib/python3.12/site-packages/airflow/example_dags/plugins/listener_plugin.py
[2026-04-28T18:22:13.416+0000] {processor.py:830} INFO - Processing file /home/airflow/.local/lib/python3.12/site-packages/airflow/example_dags/plugins/listener_plugin.py for tasks to queue
[2026-04-28T18:22:13.418+0000] {logging_mixin.py:188} INFO - [2026-04-28T18:22:13.418+0000] {dagbag.py:540} INFO - Filling up the DagBag from /home/airflow/.local/lib/python3.12/site-packages/airflow/example_dags/plugins/listener_plugin.py
[2026-04-28T18:22:13.421+0000] {processor.py:842} WARNING - No viable dags retrieved from /home/airflow/.local/lib/python3.12/site-packages/airflow/example_dags/plugins/listener_plugin.py
[2026-04-28T18:22:13.448+0000] {processor.py:183} INFO - Processing /home/airflow/.local/lib/python3.12/site-packages/airflow/example_dags/plugins/listener_plugin.py took 0.041 seconds
[2026-04-28T18:22:44.310+0000] {processor.py:161} INFO - Started process (PID=2643) to work on /home/airflow/.local/lib/python3.12/site-packages/airflow/example_dags/plugins/listener_plugin.py
[2026-04-28T18:22:44.311+0000] {processor.py:830} INFO - Processing file /home/airflow/.local/lib/python3.12/site-packages/airflow/example_dags/plugins/listener_plugin.py for tasks to queue
[2026-04-28T18:22:44.313+0000] {logging_mixin.py:188} INFO - [2026-04-28T18:22:44.313+0000] {dagbag.py:540} INFO - Filling up the DagBag from /home/airflow/.local/lib/python3.12/site-packages/airflow/example_dags/plugins/listener_plugin.py
[2026-04-28T18:22:44.316+0000] {processor.py:842} WARNING - No viable dags retrieved from /home/airflow/.local/lib/python3.12/site-packages/airflow/example_dags/plugins/listener_plugin.py
[2026-04-28T18:22:44.331+0000] {processor.py:183} INFO - Processing /home/airflow/.local/lib/python3.12/site-packages/airflow/example_dags/plugins/listener_plugin.py took 0.031 seconds
[2026-04-28T18:23:15.070+0000] {processor.py:161} INFO - Started process (PID=2703) to work on /home/airflow/.local/lib/python3.12/site-packages/airflow/example_dags/plugins/listener_plugin.py
[2026-04-28T18:23:15.070+0000] {processor.py:830} INFO - Processing file /home/airflow/.local/lib/python3.12/site-packages/airflow/example_dags/plugins/listener_plugin.py for tasks to queue
[2026-04-28T18:23:15.072+0000] {logging_mixin.py:188} INFO - [2026-04-28T18:23:15.072+0000] {dagbag.py:540} INFO - Filling up the DagBag from /home/airflow/.local/lib/python3.12/site-packages/airflow/example_dags/plugins/listener_plugin.py
[2026-04-28T18:23:15.075+0000] {processor.py:842} WARNING - No viable dags retrieved from /home/airflow/.local/lib/python3.12/site-packages/airflow/example_dags/plugins/listener_plugin.py
[2026-04-28T18:23:15.091+0000] {processor.py:183} INFO - Processing /home/airflow/.local/lib/python3.12/site-packages/airflow/example_dags/plugins/listener_plugin.py took 0.029 seconds
[2026-04-28T18:23:45.374+0000] {processor.py:161} INFO - Started process (PID=2764) to work on /home/airflow/.local/lib/python3.12/site-packages/airflow/example_dags/plugins/listener_plugin.py
[2026-04-28T18:23:45.377+0000] {processor.py:830} INFO - Processing file /home/airflow/.local/lib/python3.12/site-packages/airflow/example_dags/plugins/listener_plugin.py for tasks to queue
[2026-04-28T18:23:45.382+0000] {logging_mixin.py:188} INFO - [2026-04-28T18:23:45.382+0000] {dagbag.py:540} INFO - Filling up the DagBag from /home/airflow/.local/lib/python3.12/site-packages/airflow/example_dags/plugins/listener_plugin.py
[2026-04-28T18:23:45.392+0000] {processor.py:842} WARNING - No viable dags retrieved from /home/airflow/.local/lib/python3.12/site-packages/airflow/example_dags/plugins/listener_plugin.py
[2026-04-28T18:23:45.423+0000] {processor.py:183} INFO - Processing /home/airflow/.local/lib/python3.12/site-packages/airflow/example_dags/plugins/listener_plugin.py took 0.058 seconds
[2026-04-28T18:24:15.967+0000] {processor.py:161} INFO - Started process (PID=2824) to work on /home/airflow/.local/lib/python3.12/site-packages/airflow/example_dags/plugins/listener_plugin.py
[2026-04-28T18:24:15.967+0000] {processor.py:830} INFO - Processing file /home/airflow/.local/lib/python3.12/site-packages/airflow/example_dags/plugins/listener_plugin.py for tasks to queue
[2026-04-28T18:24:15.969+0000] {logging_mixin.py:188} INFO - [2026-04-28T18:24:15.969+0000] {dagbag.py:540} INFO - Filling up the DagBag from /home/airflow/.local/lib/python3.12/site-packages/airflow/example_dags/plugins/listener_plugin.py
[2026-04-28T18:24:15.972+0000] {processor.py:842} WARNING - No viable dags retrieved from /home/airflow/.local/lib/python3.12/site-packages/airflow/example_dags/plugins/listener_plugin.py
[2026-04-28T18:24:15.983+0000] {processor.py:183} INFO - Processing /home/airflow/.local/lib/python3.12/site-packages/airflow/example_dags/plugins/listener_plugin.py took 0.022 seconds
[2026-04-28T18:24:46.293+0000] {processor.py:161} INFO - Started process (PID=2884) to work on /home/airflow/.local/lib/python3.12/site-packages/airflow/example_dags/plugins/listener_plugin.py
[2026-04-28T18:24:46.294+0000] {processor.py:830} INFO - Processing file /home/airflow/.local/lib/python3.12/site-packages/airflow/example_dags/plugins/listener_plugin.py for tasks to queue
[2026-04-28T18:24:46.296+0000] {logging_mixin.py:188} INFO - [2026-04-28T18:24:46.296+0000] {dagbag.py:540} INFO - Filling up the DagBag from /home/airflow/.local/lib/python3.12/site-packages/airflow/example_dags/plugins/listener_plugin.py
[2026-04-28T18:24:46.299+0000] {processor.py:842} WARNING - No viable dags retrieved from /home/airflow/.local/lib/python3.12/site-packages/airflow/example_dags/plugins/listener_plugin.py
[2026-04-28T18:24:46.313+0000] {processor.py:183} INFO - Processing /home/airflow/.local/lib/python3.12/site-packages/airflow/example_dags/plugins/listener_plugin.py took 0.026 seconds
[2026-04-28T18:25:16.937+0000] {processor.py:161} INFO - Started process (PID=2944) to work on /home/airflow/.local/lib/python3.12/site-packages/airflow/example_dags/plugins/listener_plugin.py
[2026-04-28T18:25:16.938+0000] {processor.py:830} INFO - Processing file /home/airflow/.local/lib/python3.12/site-packages/airflow/example_dags/plugins/listener_plugin.py for tasks to queue
[2026-04-28T18:25:16.940+0000] {logging_mixin.py:188} INFO - [2026-04-28T18:25:16.939+0000] {dagbag.py:540} INFO - Filling up the DagBag from /home/airflow/.local/lib/python3.12/site-packages/airflow/example_dags/plugins/listener_plugin.py
[2026-04-28T18:25:16.943+0000] {processor.py:842} WARNING - No viable dags retrieved from /home/airflow/.local/lib/python3.12/site-packages/airflow/example_dags/plugins/listener_plugin.py
[2026-04-28T18:25:16.959+0000] {processor.py:183} INFO - Processing /home/airflow/.local/lib/python3.12/site-packages/airflow/example_dags/plugins/listener_plugin.py took 0.037 seconds
[2026-04-28T18:25:48.020+0000] {processor.py:161} INFO - Started process (PID=3004) to work on /home/airflow/.local/lib/python3.12/site-packages/airflow/example_dags/plugins/listener_plugin.py
[2026-04-28T18:25:48.136+0000] {processor.py:830} INFO - Processing file /home/airflow/.local/lib/python3.12/site-packages/airflow/example_dags/plugins/listener_plugin.py for tasks to queue
[2026-04-28T18:25:48.140+0000] {logging_mixin.py:188} INFO - [2026-04-28T18:25:48.139+0000] {dagbag.py:540} INFO - Filling up the DagBag from /home/airflow/.local/lib/python3.12/site-packages/airflow/example_dags/plugins/listener_plugin.py
[2026-04-28T18:25:48.146+0000] {processor.py:842} WARNING - No viable dags retrieved from /home/airflow/.local/lib/python3.12/site-packages/airflow/example_dags/plugins/listener_plugin.py
[2026-04-28T18:25:48.198+0000] {processor.py:183} INFO - Processing /home/airflow/.local/lib/python3.12/site-packages/airflow/example_dags/plugins/listener_plugin.py took 0.185 seconds
[2026-04-28T18:26:19.376+0000] {processor.py:161} INFO - Started process (PID=3064) to work on /home/airflow/.local/lib/python3.12/site-packages/airflow/example_dags/plugins/listener_plugin.py
[2026-04-28T18:26:19.381+0000] {processor.py:830} INFO - Processing file /home/airflow/.local/lib/python3.12/site-packages/airflow/example_dags/plugins/listener_plugin.py for tasks to queue
[2026-04-28T18:26:19.385+0000] {logging_mixin.py:188} INFO - [2026-04-28T18:26:19.382+0000] {dagbag.py:540} INFO - Filling up the DagBag from /home/airflow/.local/lib/python3.12/site-packages/airflow/example_dags/plugins/listener_plugin.py
[2026-04-28T18:26:19.390+0000] {processor.py:842} WARNING - No viable dags retrieved from /home/airflow/.local/lib/python3.12/site-packages/airflow/example_dags/plugins/listener_plugin.py
[2026-04-28T18:26:19.425+0000] {processor.py:183} INFO - Processing /home/airflow/.local/lib/python3.12/site-packages/airflow/example_dags/plugins/listener_plugin.py took 0.063 seconds
[2026-04-28T18:26:49.948+0000] {processor.py:161} INFO - Started process (PID=3124) to work on /home/airflow/.local/lib/python3.12/site-packages/airflow/example_dags/plugins/listener_plugin.py
[2026-04-28T18:26:49.950+0000] {processor.py:830} INFO - Processing file /home/airflow/.local/lib/python3.12/site-packages/airflow/example_dags/plugins/listener_plugin.py for tasks to queue
[2026-04-28T18:26:49.952+0000] {logging_mixin.py:188} INFO - [2026-04-28T18:26:49.951+0000] {dagbag.py:540} INFO - Filling up the DagBag from /home/airflow/.local/lib/python3.12/site-packages/airflow/example_dags/plugins/listener_plugin.py
[2026-04-28T18:26:49.955+0000] {processor.py:842} WARNING - No viable dags retrieved from /home/airflow/.local/lib/python3.12/site-packages/airflow/example_dags/plugins/listener_plugin.py
[2026-04-28T18:26:49.970+0000] {processor.py:183} INFO - Processing /home/airflow/.local/lib/python3.12/site-packages/airflow/example_dags/plugins/listener_plugin.py took 0.030 seconds
[2026-04-28T18:27:20.582+0000] {processor.py:161} INFO - Started process (PID=3184) to work on /home/airflow/.local/lib/python3.12/site-packages/airflow/example_dags/plugins/listener_plugin.py
[2026-04-28T18:27:20.583+0000] {processor.py:830} INFO - Processing file /home/airflow/.local/lib/python3.12/site-packages/airflow/example_dags/plugins/listener_plugin.py for tasks to queue
[2026-04-28T18:27:20.585+0000] {logging_mixin.py:188} INFO - [2026-04-28T18:27:20.585+0000] {dagbag.py:540} INFO - Filling up the DagBag from /home/airflow/.local/lib/python3.12/site-packages/airflow/example_dags/plugins/listener_plugin.py
[2026-04-28T18:27:20.588+0000] {processor.py:842} WARNING - No viable dags retrieved from /home/airflow/.local/lib/python3.12/site-packages/airflow/example_dags/plugins/listener_plugin.py
[2026-04-28T18:27:20.608+0000] {processor.py:183} INFO - Processing /home/airflow/.local/lib/python3.12/site-packages/airflow/example_dags/plugins/listener_plugin.py took 0.034 seconds
[2026-04-28T18:27:50.985+0000] {processor.py:161} INFO - Started process (PID=3250) to work on /home/airflow/.local/lib/python3.12/site-packages/airflow/example_dags/plugins/listener_plugin.py
[2026-04-28T18:27:50.989+0000] {processor.py:830} INFO - Processing file /home/airflow/.local/lib/python3.12/site-packages/airflow/example_dags/plugins/listener_plugin.py for tasks to queue
[2026-04-28T18:27:50.991+0000] {logging_mixin.py:188} INFO - [2026-04-28T18:27:50.990+0000] {dagbag.py:540} INFO - Filling up the DagBag from /home/airflow/.local/lib/python3.12/site-packages/airflow/example_dags/plugins/listener_plugin.py
[2026-04-28T18:27:50.994+0000] {processor.py:842} WARNING - No viable dags retrieved from /home/airflow/.local/lib/python3.12/site-packages/airflow/example_dags/plugins/listener_plugin.py
[2026-04-28T18:27:51.011+0000] {processor.py:183} INFO - Processing /home/airflow/.local/lib/python3.12/site-packages/airflow/example_dags/plugins/listener_plugin.py took 0.033 seconds
[2026-04-28T18:28:21.676+0000] {processor.py:161} INFO - Started process (PID=3310) to work on /home/airflow/.local/lib/python3.12/site-packages/airflow/example_dags/plugins/listener_plugin.py
[2026-04-28T18:28:21.677+0000] {processor.py:830} INFO - Processing file /home/airflow/.local/lib/python3.12/site-packages/airflow/example_dags/plugins/listener_plugin.py for tasks to queue
[2026-04-28T18:28:21.679+0000] {logging_mixin.py:188} INFO - [2026-04-28T18:28:21.678+0000] {dagbag.py:540} INFO - Filling up the DagBag from /home/airflow/.local/lib/python3.12/site-packages/airflow/example_dags/plugins/listener_plugin.py
[2026-04-28T18:28:21.681+0000] {processor.py:842} WARNING - No viable dags retrieved from /home/airflow/.local/lib/python3.12/site-packages/airflow/example_dags/plugins/listener_plugin.py
[2026-04-28T18:28:21.703+0000] {processor.py:183} INFO - Processing /home/airflow/.local/lib/python3.12/site-packages/airflow/example_dags/plugins/listener_plugin.py took 0.039 seconds
[2026-04-28T18:28:52.724+0000] {processor.py:161} INFO - Started process (PID=3371) to work on /home/airflow/.local/lib/python3.12/site-packages/airflow/example_dags/plugins/listener_plugin.py
[2026-04-28T18:28:52.726+0000] {processor.py:830} INFO - Processing file /home/airflow/.local/lib/python3.12/site-packages/airflow/example_dags/plugins/listener_plugin.py for tasks to queue
[2026-04-28T18:28:52.731+0000] {logging_mixin.py:188} INFO - [2026-04-28T18:28:52.730+0000] {dagbag.py:540} INFO - Filling up the DagBag from /home/airflow/.local/lib/python3.12/site-packages/airflow/example_dags/plugins/listener_plugin.py
[2026-04-28T18:28:52.736+0000] {processor.py:842} WARNING - No viable dags retrieved from /home/airflow/.local/lib/python3.12/site-packages/airflow/example_dags/plugins/listener_plugin.py
[2026-04-28T18:28:52.770+0000] {processor.py:183} INFO - Processing /home/airflow/.local/lib/python3.12/site-packages/airflow/example_dags/plugins/listener_plugin.py took 0.059 seconds
[2026-04-28T18:29:22.895+0000] {processor.py:161} INFO - Started process (PID=3431) to work on /home/airflow/.local/lib/python3.12/site-packages/airflow/example_dags/plugins/listener_plugin.py
[2026-04-28T18:29:22.895+0000] {processor.py:830} INFO - Processing file /home/airflow/.local/lib/python3.12/site-packages/airflow/example_dags/plugins/listener_plugin.py for tasks to queue
[2026-04-28T18:29:22.897+0000] {logging_mixin.py:188} INFO - [2026-04-28T18:29:22.897+0000] {dagbag.py:540} INFO - Filling up the DagBag from /home/airflow/.local/lib/python3.12/site-packages/airflow/example_dags/plugins/listener_plugin.py
[2026-04-28T18:29:22.900+0000] {processor.py:842} WARNING - No viable dags retrieved from /home/airflow/.local/lib/python3.12/site-packages/airflow/example_dags/plugins/listener_plugin.py
[2026-04-28T18:29:22.916+0000] {processor.py:183} INFO - Processing /home/airflow/.local/lib/python3.12/site-packages/airflow/example_dags/plugins/listener_plugin.py took 0.029 seconds
[2026-04-28T18:29:53.207+0000] {processor.py:161} INFO - Started process (PID=3491) to work on /home/airflow/.local/lib/python3.12/site-packages/airflow/example_dags/plugins/listener_plugin.py
[2026-04-28T18:29:53.208+0000] {processor.py:830} INFO - Processing file /home/airflow/.local/lib/python3.12/site-packages/airflow/example_dags/plugins/listener_plugin.py for tasks to queue
[2026-04-28T18:29:53.210+0000] {logging_mixin.py:188} INFO - [2026-04-28T18:29:53.210+0000] {dagbag.py:540} INFO - Filling up the DagBag from /home/airflow/.local/lib/python3.12/site-packages/airflow/example_dags/plugins/listener_plugin.py
[2026-04-28T18:29:53.213+0000] {processor.py:842} WARNING - No viable dags retrieved from /home/airflow/.local/lib/python3.12/site-packages/airflow/example_dags/plugins/listener_plugin.py
[2026-04-28T18:29:53.229+0000] {processor.py:183} INFO - Processing /home/airflow/.local/lib/python3.12/site-packages/airflow/example_dags/plugins/listener_plugin.py took 0.029 seconds
[2026-04-28T18:30:23.880+0000] {processor.py:161} INFO - Started process (PID=3551) to work on /home/airflow/.local/lib/python3.12/site-packages/airflow/example_dags/plugins/listener_plugin.py
[2026-04-28T18:30:23.881+0000] {processor.py:830} INFO - Processing file /home/airflow/.local/lib/python3.12/site-packages/airflow/example_dags/plugins/listener_plugin.py for tasks to queue
[2026-04-28T18:30:23.883+0000] {logging_mixin.py:188} INFO - [2026-04-28T18:30:23.883+0000] {dagbag.py:540} INFO - Filling up the DagBag from /home/airflow/.local/lib/python3.12/site-packages/airflow/example_dags/plugins/listener_plugin.py
[2026-04-28T18:30:23.886+0000] {processor.py:842} WARNING - No viable dags retrieved from /home/airflow/.local/lib/python3.12/site-packages/airflow/example_dags/plugins/listener_plugin.py
[2026-04-28T18:30:23.905+0000] {processor.py:183} INFO - Processing /home/airflow/.local/lib/python3.12/site-packages/airflow/example_dags/plugins/listener_plugin.py took 0.033 seconds
[2026-04-28T18:30:54.582+0000] {processor.py:161} INFO - Started process (PID=3611) to work on /home/airflow/.local/lib/python3.12/site-packages/airflow/example_dags/plugins/listener_plugin.py
[2026-04-28T18:30:54.583+0000] {processor.py:830} INFO - Processing file /home/airflow/.local/lib/python3.12/site-packages/airflow/example_dags/plugins/listener_plugin.py for tasks to queue
[2026-04-28T18:30:54.585+0000] {logging_mixin.py:188} INFO - [2026-04-28T18:30:54.585+0000] {dagbag.py:540} INFO - Filling up the DagBag from /home/airflow/.local/lib/python3.12/site-packages/airflow/example_dags/plugins/listener_plugin.py
[2026-04-28T18:30:54.588+0000] {processor.py:842} WARNING - No viable dags retrieved from /home/airflow/.local/lib/python3.12/site-packages/airflow/example_dags/plugins/listener_plugin.py
[2026-04-28T18:30:54.621+0000] {processor.py:183} INFO - Processing /home/airflow/.local/lib/python3.12/site-packages/airflow/example_dags/plugins/listener_plugin.py took 0.046 seconds
[2026-04-28T18:31:24.750+0000] {processor.py:161} INFO - Started process (PID=3670) to work on /home/airflow/.local/lib/python3.12/site-packages/airflow/example_dags/plugins/listener_plugin.py
[2026-04-28T18:31:24.751+0000] {processor.py:830} INFO - Processing file /home/airflow/.local/lib/python3.12/site-packages/airflow/example_dags/plugins/listener_plugin.py for tasks to queue
[2026-04-28T18:31:24.753+0000] {logging_mixin.py:188} INFO - [2026-04-28T18:31:24.752+0000] {dagbag.py:540} INFO - Filling up the DagBag from /home/airflow/.local/lib/python3.12/site-packages/airflow/example_dags/plugins/listener_plugin.py
[2026-04-28T18:31:24.755+0000] {processor.py:842} WARNING - No viable dags retrieved from /home/airflow/.local/lib/python3.12/site-packages/airflow/example_dags/plugins/listener_plugin.py
[2026-04-28T18:31:24.770+0000] {processor.py:183} INFO - Processing /home/airflow/.local/lib/python3.12/site-packages/airflow/example_dags/plugins/listener_plugin.py took 0.027 seconds
[2026-04-28T18:31:56.052+0000] {processor.py:161} INFO - Started process (PID=3730) to work on /home/airflow/.local/lib/python3.12/site-packages/airflow/example_dags/plugins/listener_plugin.py
[2026-04-28T18:31:56.055+0000] {processor.py:830} INFO - Processing file /home/airflow/.local/lib/python3.12/site-packages/airflow/example_dags/plugins/listener_plugin.py for tasks to queue
[2026-04-28T18:31:56.058+0000] {logging_mixin.py:188} INFO - [2026-04-28T18:31:56.058+0000] {dagbag.py:540} INFO - Filling up the DagBag from /home/airflow/.local/lib/python3.12/site-packages/airflow/example_dags/plugins/listener_plugin.py
[2026-04-28T18:31:56.063+0000] {processor.py:842} WARNING - No viable dags retrieved from /home/airflow/.local/lib/python3.12/site-packages/airflow/example_dags/plugins/listener_plugin.py
[2026-04-28T18:31:56.096+0000] {processor.py:183} INFO - Processing /home/airflow/.local/lib/python3.12/site-packages/airflow/example_dags/plugins/listener_plugin.py took 0.060 seconds
[2026-04-28T18:32:26.194+0000] {processor.py:161} INFO - Started process (PID=3788) to work on /home/airflow/.local/lib/python3.12/site-packages/airflow/example_dags/plugins/listener_plugin.py
[2026-04-28T18:32:26.195+0000] {processor.py:830} INFO - Processing file /home/airflow/.local/lib/python3.12/site-packages/airflow/example_dags/plugins/listener_plugin.py for tasks to queue
[2026-04-28T18:32:26.197+0000] {logging_mixin.py:188} INFO - [2026-04-28T18:32:26.197+0000] {dagbag.py:540} INFO - Filling up the DagBag from /home/airflow/.local/lib/python3.12/site-packages/airflow/example_dags/plugins/listener_plugin.py
[2026-04-28T18:32:26.200+0000] {processor.py:842} WARNING - No viable dags retrieved from /home/airflow/.local/lib/python3.12/site-packages/airflow/example_dags/plugins/listener_plugin.py
[2026-04-28T18:32:26.216+0000] {processor.py:183} INFO - Processing /home/airflow/.local/lib/python3.12/site-packages/airflow/example_dags/plugins/listener_plugin.py took 0.029 seconds
[2026-04-28T18:32:57.166+0000] {processor.py:161} INFO - Started process (PID=3849) to work on /home/airflow/.local/lib/python3.12/site-packages/airflow/example_dags/plugins/listener_plugin.py
[2026-04-28T18:32:57.167+0000] {processor.py:830} INFO - Processing file /home/airflow/.local/lib/python3.12/site-packages/airflow/example_dags/plugins/listener_plugin.py for tasks to queue
[2026-04-28T18:32:57.169+0000] {logging_mixin.py:188} INFO - [2026-04-28T18:32:57.169+0000] {dagbag.py:540} INFO - Filling up the DagBag from /home/airflow/.local/lib/python3.12/site-packages/airflow/example_dags/plugins/listener_plugin.py
[2026-04-28T18:32:57.172+0000] {processor.py:842} WARNING - No viable dags retrieved from /home/airflow/.local/lib/python3.12/site-packages/airflow/example_dags/plugins/listener_plugin.py
[2026-04-28T18:32:57.187+0000] {processor.py:183} INFO - Processing /home/airflow/.local/lib/python3.12/site-packages/airflow/example_dags/plugins/listener_plugin.py took 0.029 seconds
[2026-04-28T18:33:27.453+0000] {processor.py:161} INFO - Started process (PID=3909) to work on /home/airflow/.local/lib/python3.12/site-packages/airflow/example_dags/plugins/listener_plugin.py
[2026-04-28T18:33:27.454+0000] {processor.py:830} INFO - Processing file /home/airflow/.local/lib/python3.12/site-packages/airflow/example_dags/plugins/listener_plugin.py for tasks to queue
[2026-04-28T18:33:27.463+0000] {logging_mixin.py:188} INFO - [2026-04-28T18:33:27.461+0000] {dagbag.py:540} INFO - Filling up the DagBag from /home/airflow/.local/lib/python3.12/site-packages/airflow/example_dags/plugins/listener_plugin.py
[2026-04-28T18:33:27.479+0000] {processor.py:842} WARNING - No viable dags retrieved from /home/airflow/.local/lib/python3.12/site-packages/airflow/example_dags/plugins/listener_plugin.py
[2026-04-28T18:33:27.528+0000] {processor.py:183} INFO - Processing /home/airflow/.local/lib/python3.12/site-packages/airflow/example_dags/plugins/listener_plugin.py took 0.110 seconds
[2026-04-28T18:33:57.620+0000] {processor.py:161} INFO - Started process (PID=3968) to work on /home/airflow/.local/lib/python3.12/site-packages/airflow/example_dags/plugins/listener_plugin.py
[2026-04-28T18:33:57.626+0000] {processor.py:830} INFO - Processing file /home/airflow/.local/lib/python3.12/site-packages/airflow/example_dags/plugins/listener_plugin.py for tasks to queue
[2026-04-28T18:33:57.633+0000] {logging_mixin.py:188} INFO - [2026-04-28T18:33:57.627+0000] {dagbag.py:540} INFO - Filling up the DagBag from /home/airflow/.local/lib/python3.12/site-packages/airflow/example_dags/plugins/listener_plugin.py
[2026-04-28T18:33:57.641+0000] {processor.py:842} WARNING - No viable dags retrieved from /home/airflow/.local/lib/python3.12/site-packages/airflow/example_dags/plugins/listener_plugin.py
[2026-04-28T18:33:57.664+0000] {processor.py:183} INFO - Processing /home/airflow/.local/lib/python3.12/site-packages/airflow/example_dags/plugins/listener_plugin.py took 0.068 seconds
[2026-04-28T18:34:28.344+0000] {processor.py:161} INFO - Started process (PID=4029) to work on /home/airflow/.local/lib/python3.12/site-packages/airflow/example_dags/plugins/listener_plugin.py
[2026-04-28T18:34:28.346+0000] {processor.py:830} INFO - Processing file /home/airflow/.local/lib/python3.12/site-packages/airflow/example_dags/plugins/listener_plugin.py for tasks to queue
[2026-04-28T18:34:28.351+0000] {logging_mixin.py:188} INFO - [2026-04-28T18:34:28.350+0000] {dagbag.py:540} INFO - Filling up the DagBag from /home/airflow/.local/lib/python3.12/site-packages/airflow/example_dags/plugins/listener_plugin.py
[2026-04-28T18:34:28.358+0000] {processor.py:842} WARNING - No viable dags retrieved from /home/airflow/.local/lib/python3.12/site-packages/airflow/example_dags/plugins/listener_plugin.py
[2026-04-28T18:34:28.416+0000] {processor.py:183} INFO - Processing /home/airflow/.local/lib/python3.12/site-packages/airflow/example_dags/plugins/listener_plugin.py took 0.092 seconds
[2026-04-28T18:34:59.624+0000] {processor.py:161} INFO - Started process (PID=4089) to work on /home/airflow/.local/lib/python3.12/site-packages/airflow/example_dags/plugins/listener_plugin.py
[2026-04-28T18:34:59.625+0000] {processor.py:830} INFO - Processing file /home/airflow/.local/lib/python3.12/site-packages/airflow/example_dags/plugins/listener_plugin.py for tasks to queue
[2026-04-28T18:34:59.628+0000] {logging_mixin.py:188} INFO - [2026-04-28T18:34:59.628+0000] {dagbag.py:540} INFO - Filling up the DagBag from /home/airflow/.local/lib/python3.12/site-packages/airflow/example_dags/plugins/listener_plugin.py
[2026-04-28T18:34:59.635+0000] {processor.py:842} WARNING - No viable dags retrieved from /home/airflow/.local/lib/python3.12/site-packages/airflow/example_dags/plugins/listener_plugin.py
[2026-04-28T18:34:59.671+0000] {processor.py:183} INFO - Processing /home/airflow/.local/lib/python3.12/site-packages/airflow/example_dags/plugins/listener_plugin.py took 0.070 seconds
[2026-04-28T19:05:37.886+0000] {processor.py:161} INFO - Started process (PID=118) to work on /home/airflow/.local/lib/python3.12/site-packages/airflow/example_dags/plugins/listener_plugin.py
[2026-04-28T19:05:37.895+0000] {processor.py:830} INFO - Processing file /home/airflow/.local/lib/python3.12/site-packages/airflow/example_dags/plugins/listener_plugin.py for tasks to queue
[2026-04-28T19:05:37.900+0000] {logging_mixin.py:188} INFO - [2026-04-28T19:05:37.899+0000] {dagbag.py:540} INFO - Filling up the DagBag from /home/airflow/.local/lib/python3.12/site-packages/airflow/example_dags/plugins/listener_plugin.py
[2026-04-28T19:05:37.904+0000] {processor.py:842} WARNING - No viable dags retrieved from /home/airflow/.local/lib/python3.12/site-packages/airflow/example_dags/plugins/listener_plugin.py
[2026-04-28T19:05:37.957+0000] {processor.py:183} INFO - Processing /home/airflow/.local/lib/python3.12/site-packages/airflow/example_dags/plugins/listener_plugin.py took 0.078 seconds
[2026-04-28T19:06:09.586+0000] {processor.py:161} INFO - Started process (PID=176) to work on /home/airflow/.local/lib/python3.12/site-packages/airflow/example_dags/plugins/listener_plugin.py
[2026-04-28T19:06:09.587+0000] {processor.py:830} INFO - Processing file /home/airflow/.local/lib/python3.12/site-packages/airflow/example_dags/plugins/listener_plugin.py for tasks to queue
[2026-04-28T19:06:09.588+0000] {logging_mixin.py:188} INFO - [2026-04-28T19:06:09.588+0000] {dagbag.py:540} INFO - Filling up the DagBag from /home/airflow/.local/lib/python3.12/site-packages/airflow/example_dags/plugins/listener_plugin.py
[2026-04-28T19:06:09.591+0000] {processor.py:842} WARNING - No viable dags retrieved from /home/airflow/.local/lib/python3.12/site-packages/airflow/example_dags/plugins/listener_plugin.py
[2026-04-28T19:06:09.606+0000] {processor.py:183} INFO - Processing /home/airflow/.local/lib/python3.12/site-packages/airflow/example_dags/plugins/listener_plugin.py took 0.026 seconds
[2026-04-28T19:06:42.529+0000] {processor.py:161} INFO - Started process (PID=236) to work on /home/airflow/.local/lib/python3.12/site-packages/airflow/example_dags/plugins/listener_plugin.py
[2026-04-28T19:06:42.536+0000] {processor.py:830} INFO - Processing file /home/airflow/.local/lib/python3.12/site-packages/airflow/example_dags/plugins/listener_plugin.py for tasks to queue
[2026-04-28T19:06:42.544+0000] {logging_mixin.py:188} INFO - [2026-04-28T19:06:42.543+0000] {dagbag.py:540} INFO - Filling up the DagBag from /home/airflow/.local/lib/python3.12/site-packages/airflow/example_dags/plugins/listener_plugin.py
[2026-04-28T19:06:42.554+0000] {processor.py:842} WARNING - No viable dags retrieved from /home/airflow/.local/lib/python3.12/site-packages/airflow/example_dags/plugins/listener_plugin.py
[2026-04-28T19:06:42.622+0000] {processor.py:183} INFO - Processing /home/airflow/.local/lib/python3.12/site-packages/airflow/example_dags/plugins/listener_plugin.py took 0.118 seconds
[2026-04-28T19:07:12.724+0000] {processor.py:161} INFO - Started process (PID=296) to work on /home/airflow/.local/lib/python3.12/site-packages/airflow/example_dags/plugins/listener_plugin.py
[2026-04-28T19:07:12.725+0000] {processor.py:830} INFO - Processing file /home/airflow/.local/lib/python3.12/site-packages/airflow/example_dags/plugins/listener_plugin.py for tasks to queue
[2026-04-28T19:07:12.727+0000] {logging_mixin.py:188} INFO - [2026-04-28T19:07:12.726+0000] {dagbag.py:540} INFO - Filling up the DagBag from /home/airflow/.local/lib/python3.12/site-packages/airflow/example_dags/plugins/listener_plugin.py
[2026-04-28T19:07:12.730+0000] {processor.py:842} WARNING - No viable dags retrieved from /home/airflow/.local/lib/python3.12/site-packages/airflow/example_dags/plugins/listener_plugin.py
[2026-04-28T19:07:12.744+0000] {processor.py:183} INFO - Processing /home/airflow/.local/lib/python3.12/site-packages/airflow/example_dags/plugins/listener_plugin.py took 0.027 seconds
[2026-04-28T19:07:43.337+0000] {processor.py:161} INFO - Started process (PID=356) to work on /home/airflow/.local/lib/python3.12/site-packages/airflow/example_dags/plugins/listener_plugin.py
[2026-04-28T19:07:43.338+0000] {processor.py:830} INFO - Processing file /home/airflow/.local/lib/python3.12/site-packages/airflow/example_dags/plugins/listener_plugin.py for tasks to queue
[2026-04-28T19:07:43.340+0000] {logging_mixin.py:188} INFO - [2026-04-28T19:07:43.340+0000] {dagbag.py:540} INFO - Filling up the DagBag from /home/airflow/.local/lib/python3.12/site-packages/airflow/example_dags/plugins/listener_plugin.py
[2026-04-28T19:07:43.343+0000] {processor.py:842} WARNING - No viable dags retrieved from /home/airflow/.local/lib/python3.12/site-packages/airflow/example_dags/plugins/listener_plugin.py
[2026-04-28T19:07:43.357+0000] {processor.py:183} INFO - Processing /home/airflow/.local/lib/python3.12/site-packages/airflow/example_dags/plugins/listener_plugin.py took 0.027 seconds
[2026-04-28T19:08:13.819+0000] {processor.py:161} INFO - Started process (PID=415) to work on /home/airflow/.local/lib/python3.12/site-packages/airflow/example_dags/plugins/listener_plugin.py
[2026-04-28T19:08:13.820+0000] {processor.py:830} INFO - Processing file /home/airflow/.local/lib/python3.12/site-packages/airflow/example_dags/plugins/listener_plugin.py for tasks to queue
[2026-04-28T19:08:13.823+0000] {logging_mixin.py:188} INFO - [2026-04-28T19:08:13.822+0000] {dagbag.py:540} INFO - Filling up the DagBag from /home/airflow/.local/lib/python3.12/site-packages/airflow/example_dags/plugins/listener_plugin.py
[2026-04-28T19:08:13.826+0000] {processor.py:842} WARNING - No viable dags retrieved from /home/airflow/.local/lib/python3.12/site-packages/airflow/example_dags/plugins/listener_plugin.py
[2026-04-28T19:08:13.842+0000] {processor.py:183} INFO - Processing /home/airflow/.local/lib/python3.12/site-packages/airflow/example_dags/plugins/listener_plugin.py took 0.029 seconds
[2026-04-28T19:08:44.269+0000] {processor.py:161} INFO - Started process (PID=475) to work on /home/airflow/.local/lib/python3.12/site-packages/airflow/example_dags/plugins/listener_plugin.py
[2026-04-28T19:08:44.270+0000] {processor.py:830} INFO - Processing file /home/airflow/.local/lib/python3.12/site-packages/airflow/example_dags/plugins/listener_plugin.py for tasks to queue
[2026-04-28T19:08:44.272+0000] {logging_mixin.py:188} INFO - [2026-04-28T19:08:44.272+0000] {dagbag.py:540} INFO - Filling up the DagBag from /home/airflow/.local/lib/python3.12/site-packages/airflow/example_dags/plugins/listener_plugin.py
[2026-04-28T19:08:44.275+0000] {processor.py:842} WARNING - No viable dags retrieved from /home/airflow/.local/lib/python3.12/site-packages/airflow/example_dags/plugins/listener_plugin.py
[2026-04-28T19:08:44.288+0000] {processor.py:183} INFO - Processing /home/airflow/.local/lib/python3.12/site-packages/airflow/example_dags/plugins/listener_plugin.py took 0.026 seconds
[2026-04-28T19:09:14.901+0000] {processor.py:161} INFO - Started process (PID=535) to work on /home/airflow/.local/lib/python3.12/site-packages/airflow/example_dags/plugins/listener_plugin.py
[2026-04-28T19:09:14.902+0000] {processor.py:830} INFO - Processing file /home/airflow/.local/lib/python3.12/site-packages/airflow/example_dags/plugins/listener_plugin.py for tasks to queue
[2026-04-28T19:09:14.904+0000] {logging_mixin.py:188} INFO - [2026-04-28T19:09:14.903+0000] {dagbag.py:540} INFO - Filling up the DagBag from /home/airflow/.local/lib/python3.12/site-packages/airflow/example_dags/plugins/listener_plugin.py
[2026-04-28T19:09:14.906+0000] {processor.py:842} WARNING - No viable dags retrieved from /home/airflow/.local/lib/python3.12/site-packages/airflow/example_dags/plugins/listener_plugin.py
[2026-04-28T19:09:14.921+0000] {processor.py:183} INFO - Processing /home/airflow/.local/lib/python3.12/site-packages/airflow/example_dags/plugins/listener_plugin.py took 0.027 seconds
[2026-04-28T19:09:46.082+0000] {processor.py:161} INFO - Started process (PID=595) to work on /home/airflow/.local/lib/python3.12/site-packages/airflow/example_dags/plugins/listener_plugin.py
[2026-04-28T19:09:46.092+0000] {processor.py:830} INFO - Processing file /home/airflow/.local/lib/python3.12/site-packages/airflow/example_dags/plugins/listener_plugin.py for tasks to queue
[2026-04-28T19:09:46.096+0000] {logging_mixin.py:188} INFO - [2026-04-28T19:09:46.095+0000] {dagbag.py:540} INFO - Filling up the DagBag from /home/airflow/.local/lib/python3.12/site-packages/airflow/example_dags/plugins/listener_plugin.py
[2026-04-28T19:09:46.100+0000] {processor.py:842} WARNING - No viable dags retrieved from /home/airflow/.local/lib/python3.12/site-packages/airflow/example_dags/plugins/listener_plugin.py
[2026-04-28T19:09:46.129+0000] {processor.py:183} INFO - Processing /home/airflow/.local/lib/python3.12/site-packages/airflow/example_dags/plugins/listener_plugin.py took 0.058 seconds
[2026-04-28T19:10:17.658+0000] {processor.py:161} INFO - Started process (PID=655) to work on /home/airflow/.local/lib/python3.12/site-packages/airflow/example_dags/plugins/listener_plugin.py
[2026-04-28T19:10:17.667+0000] {processor.py:830} INFO - Processing file /home/airflow/.local/lib/python3.12/site-packages/airflow/example_dags/plugins/listener_plugin.py for tasks to queue
[2026-04-28T19:10:17.697+0000] {logging_mixin.py:188} INFO - [2026-04-28T19:10:17.692+0000] {dagbag.py:540} INFO - Filling up the DagBag from /home/airflow/.local/lib/python3.12/site-packages/airflow/example_dags/plugins/listener_plugin.py
[2026-04-28T19:10:17.712+0000] {processor.py:842} WARNING - No viable dags retrieved from /home/airflow/.local/lib/python3.12/site-packages/airflow/example_dags/plugins/listener_plugin.py
[2026-04-28T19:10:17.782+0000] {processor.py:183} INFO - Processing /home/airflow/.local/lib/python3.12/site-packages/airflow/example_dags/plugins/listener_plugin.py took 0.174 seconds
[2026-04-28T19:10:47.852+0000] {processor.py:161} INFO - Started process (PID=714) to work on /home/airflow/.local/lib/python3.12/site-packages/airflow/example_dags/plugins/listener_plugin.py
[2026-04-28T19:10:47.853+0000] {processor.py:830} INFO - Processing file /home/airflow/.local/lib/python3.12/site-packages/airflow/example_dags/plugins/listener_plugin.py for tasks to queue
[2026-04-28T19:10:47.854+0000] {logging_mixin.py:188} INFO - [2026-04-28T19:10:47.854+0000] {dagbag.py:540} INFO - Filling up the DagBag from /home/airflow/.local/lib/python3.12/site-packages/airflow/example_dags/plugins/listener_plugin.py
[2026-04-28T19:10:47.856+0000] {processor.py:842} WARNING - No viable dags retrieved from /home/airflow/.local/lib/python3.12/site-packages/airflow/example_dags/plugins/listener_plugin.py
[2026-04-28T19:10:47.868+0000] {processor.py:183} INFO - Processing /home/airflow/.local/lib/python3.12/site-packages/airflow/example_dags/plugins/listener_plugin.py took 0.021 seconds
[2026-04-28T19:11:18.029+0000] {processor.py:161} INFO - Started process (PID=774) to work on /home/airflow/.local/lib/python3.12/site-packages/airflow/example_dags/plugins/listener_plugin.py
[2026-04-28T19:11:18.030+0000] {processor.py:830} INFO - Processing file /home/airflow/.local/lib/python3.12/site-packages/airflow/example_dags/plugins/listener_plugin.py for tasks to queue
[2026-04-28T19:11:18.032+0000] {logging_mixin.py:188} INFO - [2026-04-28T19:11:18.032+0000] {dagbag.py:540} INFO - Filling up the DagBag from /home/airflow/.local/lib/python3.12/site-packages/airflow/example_dags/plugins/listener_plugin.py
[2026-04-28T19:11:18.035+0000] {processor.py:842} WARNING - No viable dags retrieved from /home/airflow/.local/lib/python3.12/site-packages/airflow/example_dags/plugins/listener_plugin.py
[2026-04-28T19:11:18.051+0000] {processor.py:183} INFO - Processing /home/airflow/.local/lib/python3.12/site-packages/airflow/example_dags/plugins/listener_plugin.py took 0.028 seconds
[2026-04-28T19:11:48.700+0000] {processor.py:161} INFO - Started process (PID=834) to work on /home/airflow/.local/lib/python3.12/site-packages/airflow/example_dags/plugins/listener_plugin.py
[2026-04-28T19:11:48.701+0000] {processor.py:830} INFO - Processing file /home/airflow/.local/lib/python3.12/site-packages/airflow/example_dags/plugins/listener_plugin.py for tasks to queue
[2026-04-28T19:11:48.703+0000] {logging_mixin.py:188} INFO - [2026-04-28T19:11:48.702+0000] {dagbag.py:540} INFO - Filling up the DagBag from /home/airflow/.local/lib/python3.12/site-packages/airflow/example_dags/plugins/listener_plugin.py
[2026-04-28T19:11:48.705+0000] {processor.py:842} WARNING - No viable dags retrieved from /home/airflow/.local/lib/python3.12/site-packages/airflow/example_dags/plugins/listener_plugin.py
[2026-04-28T19:11:48.718+0000] {processor.py:183} INFO - Processing /home/airflow/.local/lib/python3.12/site-packages/airflow/example_dags/plugins/listener_plugin.py took 0.024 seconds
[2026-04-28T19:12:19.622+0000] {processor.py:161} INFO - Started process (PID=894) to work on /home/airflow/.local/lib/python3.12/site-packages/airflow/example_dags/plugins/listener_plugin.py
[2026-04-28T19:12:19.623+0000] {processor.py:830} INFO - Processing file /home/airflow/.local/lib/python3.12/site-packages/airflow/example_dags/plugins/listener_plugin.py for tasks to queue
[2026-04-28T19:12:19.625+0000] {logging_mixin.py:188} INFO - [2026-04-28T19:12:19.624+0000] {dagbag.py:540} INFO - Filling up the DagBag from /home/airflow/.local/lib/python3.12/site-packages/airflow/example_dags/plugins/listener_plugin.py
[2026-04-28T19:12:19.627+0000] {processor.py:842} WARNING - No viable dags retrieved from /home/airflow/.local/lib/python3.12/site-packages/airflow/example_dags/plugins/listener_plugin.py
[2026-04-28T19:12:19.643+0000] {processor.py:183} INFO - Processing /home/airflow/.local/lib/python3.12/site-packages/airflow/example_dags/plugins/listener_plugin.py took 0.028 seconds
[2026-04-28T19:12:50.526+0000] {processor.py:161} INFO - Started process (PID=954) to work on /home/airflow/.local/lib/python3.12/site-packages/airflow/example_dags/plugins/listener_plugin.py
[2026-04-28T19:12:50.527+0000] {processor.py:830} INFO - Processing file /home/airflow/.local/lib/python3.12/site-packages/airflow/example_dags/plugins/listener_plugin.py for tasks to queue
[2026-04-28T19:12:50.529+0000] {logging_mixin.py:188} INFO - [2026-04-28T19:12:50.529+0000] {dagbag.py:540} INFO - Filling up the DagBag from /home/airflow/.local/lib/python3.12/site-packages/airflow/example_dags/plugins/listener_plugin.py
[2026-04-28T19:12:50.532+0000] {processor.py:842} WARNING - No viable dags retrieved from /home/airflow/.local/lib/python3.12/site-packages/airflow/example_dags/plugins/listener_plugin.py
[2026-04-28T19:12:50.555+0000] {processor.py:183} INFO - Processing /home/airflow/.local/lib/python3.12/site-packages/airflow/example_dags/plugins/listener_plugin.py took 0.035 seconds
[2026-04-28T19:39:04.451+0000] {processor.py:161} INFO - Started process (PID=227) to work on /home/airflow/.local/lib/python3.12/site-packages/airflow/example_dags/plugins/listener_plugin.py
[2026-04-28T19:39:04.460+0000] {processor.py:830} INFO - Processing file /home/airflow/.local/lib/python3.12/site-packages/airflow/example_dags/plugins/listener_plugin.py for tasks to queue
[2026-04-28T19:39:04.472+0000] {logging_mixin.py:188} INFO - [2026-04-28T19:39:04.472+0000] {dagbag.py:540} INFO - Filling up the DagBag from /home/airflow/.local/lib/python3.12/site-packages/airflow/example_dags/plugins/listener_plugin.py
[2026-04-28T19:39:04.486+0000] {processor.py:842} WARNING - No viable dags retrieved from /home/airflow/.local/lib/python3.12/site-packages/airflow/example_dags/plugins/listener_plugin.py
[2026-04-28T19:39:04.514+0000] {processor.py:183} INFO - Processing /home/airflow/.local/lib/python3.12/site-packages/airflow/example_dags/plugins/listener_plugin.py took 0.101 seconds
[2026-04-28T19:39:35.072+0000] {processor.py:161} INFO - Started process (PID=285) to work on /home/airflow/.local/lib/python3.12/site-packages/airflow/example_dags/plugins/listener_plugin.py
[2026-04-28T19:39:35.100+0000] {processor.py:830} INFO - Processing file /home/airflow/.local/lib/python3.12/site-packages/airflow/example_dags/plugins/listener_plugin.py for tasks to queue
[2026-04-28T19:39:35.114+0000] {logging_mixin.py:188} INFO - [2026-04-28T19:39:35.114+0000] {dagbag.py:540} INFO - Filling up the DagBag from /home/airflow/.local/lib/python3.12/site-packages/airflow/example_dags/plugins/listener_plugin.py
[2026-04-28T19:39:35.146+0000] {processor.py:842} WARNING - No viable dags retrieved from /home/airflow/.local/lib/python3.12/site-packages/airflow/example_dags/plugins/listener_plugin.py
[2026-04-28T19:39:35.172+0000] {processor.py:183} INFO - Processing /home/airflow/.local/lib/python3.12/site-packages/airflow/example_dags/plugins/listener_plugin.py took 0.174 seconds
[2026-04-28T19:40:05.410+0000] {processor.py:161} INFO - Started process (PID=338) to work on /home/airflow/.local/lib/python3.12/site-packages/airflow/example_dags/plugins/listener_plugin.py
[2026-04-28T19:40:05.412+0000] {processor.py:830} INFO - Processing file /home/airflow/.local/lib/python3.12/site-packages/airflow/example_dags/plugins/listener_plugin.py for tasks to queue
[2026-04-28T19:40:05.416+0000] {logging_mixin.py:188} INFO - [2026-04-28T19:40:05.416+0000] {dagbag.py:540} INFO - Filling up the DagBag from /home/airflow/.local/lib/python3.12/site-packages/airflow/example_dags/plugins/listener_plugin.py
[2026-04-28T19:40:05.422+0000] {processor.py:842} WARNING - No viable dags retrieved from /home/airflow/.local/lib/python3.12/site-packages/airflow/example_dags/plugins/listener_plugin.py
[2026-04-28T19:40:05.483+0000] {processor.py:183} INFO - Processing /home/airflow/.local/lib/python3.12/site-packages/airflow/example_dags/plugins/listener_plugin.py took 0.094 seconds
[2026-04-28T19:40:39.925+0000] {processor.py:161} INFO - Started process (PID=407) to work on /home/airflow/.local/lib/python3.12/site-packages/airflow/example_dags/plugins/listener_plugin.py
[2026-04-28T19:40:39.931+0000] {processor.py:830} INFO - Processing file /home/airflow/.local/lib/python3.12/site-packages/airflow/example_dags/plugins/listener_plugin.py for tasks to queue
[2026-04-28T19:40:39.943+0000] {logging_mixin.py:188} INFO - [2026-04-28T19:40:39.939+0000] {dagbag.py:540} INFO - Filling up the DagBag from /home/airflow/.local/lib/python3.12/site-packages/airflow/example_dags/plugins/listener_plugin.py
[2026-04-28T19:40:39.957+0000] {processor.py:842} WARNING - No viable dags retrieved from /home/airflow/.local/lib/python3.12/site-packages/airflow/example_dags/plugins/listener_plugin.py
[2026-04-28T19:40:40.030+0000] {processor.py:183} INFO - Processing /home/airflow/.local/lib/python3.12/site-packages/airflow/example_dags/plugins/listener_plugin.py took 0.136 seconds
[2026-04-28T19:41:11.670+0000] {processor.py:161} INFO - Started process (PID=466) to work on /home/airflow/.local/lib/python3.12/site-packages/airflow/example_dags/plugins/listener_plugin.py
[2026-04-28T19:41:11.677+0000] {processor.py:830} INFO - Processing file /home/airflow/.local/lib/python3.12/site-packages/airflow/example_dags/plugins/listener_plugin.py for tasks to queue
[2026-04-28T19:41:11.688+0000] {logging_mixin.py:188} INFO - [2026-04-28T19:41:11.683+0000] {dagbag.py:540} INFO - Filling up the DagBag from /home/airflow/.local/lib/python3.12/site-packages/airflow/example_dags/plugins/listener_plugin.py
[2026-04-28T19:41:11.707+0000] {processor.py:842} WARNING - No viable dags retrieved from /home/airflow/.local/lib/python3.12/site-packages/airflow/example_dags/plugins/listener_plugin.py
[2026-04-28T19:41:11.770+0000] {processor.py:183} INFO - Processing /home/airflow/.local/lib/python3.12/site-packages/airflow/example_dags/plugins/listener_plugin.py took 0.176 seconds
[2026-04-28T19:41:41.996+0000] {processor.py:161} INFO - Started process (PID=525) to work on /home/airflow/.local/lib/python3.12/site-packages/airflow/example_dags/plugins/listener_plugin.py
[2026-04-28T19:41:42.000+0000] {processor.py:830} INFO - Processing file /home/airflow/.local/lib/python3.12/site-packages/airflow/example_dags/plugins/listener_plugin.py for tasks to queue
[2026-04-28T19:41:42.003+0000] {logging_mixin.py:188} INFO - [2026-04-28T19:41:42.003+0000] {dagbag.py:540} INFO - Filling up the DagBag from /home/airflow/.local/lib/python3.12/site-packages/airflow/example_dags/plugins/listener_plugin.py
[2026-04-28T19:41:42.015+0000] {processor.py:842} WARNING - No viable dags retrieved from /home/airflow/.local/lib/python3.12/site-packages/airflow/example_dags/plugins/listener_plugin.py
[2026-04-28T19:41:42.085+0000] {processor.py:183} INFO - Processing /home/airflow/.local/lib/python3.12/site-packages/airflow/example_dags/plugins/listener_plugin.py took 0.101 seconds
[2026-04-28T19:42:12.619+0000] {processor.py:161} INFO - Started process (PID=586) to work on /home/airflow/.local/lib/python3.12/site-packages/airflow/example_dags/plugins/listener_plugin.py
[2026-04-28T19:42:12.620+0000] {processor.py:830} INFO - Processing file /home/airflow/.local/lib/python3.12/site-packages/airflow/example_dags/plugins/listener_plugin.py for tasks to queue
[2026-04-28T19:42:12.623+0000] {logging_mixin.py:188} INFO - [2026-04-28T19:42:12.623+0000] {dagbag.py:540} INFO - Filling up the DagBag from /home/airflow/.local/lib/python3.12/site-packages/airflow/example_dags/plugins/listener_plugin.py
[2026-04-28T19:42:12.628+0000] {processor.py:842} WARNING - No viable dags retrieved from /home/airflow/.local/lib/python3.12/site-packages/airflow/example_dags/plugins/listener_plugin.py
[2026-04-28T19:42:12.643+0000] {processor.py:183} INFO - Processing /home/airflow/.local/lib/python3.12/site-packages/airflow/example_dags/plugins/listener_plugin.py took 0.033 seconds
[2026-04-28T19:42:43.057+0000] {processor.py:161} INFO - Started process (PID=645) to work on /home/airflow/.local/lib/python3.12/site-packages/airflow/example_dags/plugins/listener_plugin.py
[2026-04-28T19:42:43.058+0000] {processor.py:830} INFO - Processing file /home/airflow/.local/lib/python3.12/site-packages/airflow/example_dags/plugins/listener_plugin.py for tasks to queue
[2026-04-28T19:42:43.060+0000] {logging_mixin.py:188} INFO - [2026-04-28T19:42:43.059+0000] {dagbag.py:540} INFO - Filling up the DagBag from /home/airflow/.local/lib/python3.12/site-packages/airflow/example_dags/plugins/listener_plugin.py
[2026-04-28T19:42:43.063+0000] {processor.py:842} WARNING - No viable dags retrieved from /home/airflow/.local/lib/python3.12/site-packages/airflow/example_dags/plugins/listener_plugin.py
[2026-04-28T19:42:43.078+0000] {processor.py:183} INFO - Processing /home/airflow/.local/lib/python3.12/site-packages/airflow/example_dags/plugins/listener_plugin.py took 0.027 seconds
[2026-04-28T19:43:13.424+0000] {processor.py:161} INFO - Started process (PID=705) to work on /home/airflow/.local/lib/python3.12/site-packages/airflow/example_dags/plugins/listener_plugin.py
[2026-04-28T19:43:13.424+0000] {processor.py:830} INFO - Processing file /home/airflow/.local/lib/python3.12/site-packages/airflow/example_dags/plugins/listener_plugin.py for tasks to queue
[2026-04-28T19:43:13.427+0000] {logging_mixin.py:188} INFO - [2026-04-28T19:43:13.426+0000] {dagbag.py:540} INFO - Filling up the DagBag from /home/airflow/.local/lib/python3.12/site-packages/airflow/example_dags/plugins/listener_plugin.py
[2026-04-28T19:43:13.430+0000] {processor.py:842} WARNING - No viable dags retrieved from /home/airflow/.local/lib/python3.12/site-packages/airflow/example_dags/plugins/listener_plugin.py
[2026-04-28T19:43:13.459+0000] {processor.py:183} INFO - Processing /home/airflow/.local/lib/python3.12/site-packages/airflow/example_dags/plugins/listener_plugin.py took 0.042 seconds
[2026-04-28T19:43:43.841+0000] {processor.py:161} INFO - Started process (PID=765) to work on /home/airflow/.local/lib/python3.12/site-packages/airflow/example_dags/plugins/listener_plugin.py
[2026-04-28T19:43:43.842+0000] {processor.py:830} INFO - Processing file /home/airflow/.local/lib/python3.12/site-packages/airflow/example_dags/plugins/listener_plugin.py for tasks to queue
[2026-04-28T19:43:43.844+0000] {logging_mixin.py:188} INFO - [2026-04-28T19:43:43.843+0000] {dagbag.py:540} INFO - Filling up the DagBag from /home/airflow/.local/lib/python3.12/site-packages/airflow/example_dags/plugins/listener_plugin.py
[2026-04-28T19:43:43.847+0000] {processor.py:842} WARNING - No viable dags retrieved from /home/airflow/.local/lib/python3.12/site-packages/airflow/example_dags/plugins/listener_plugin.py
[2026-04-28T19:43:43.863+0000] {processor.py:183} INFO - Processing /home/airflow/.local/lib/python3.12/site-packages/airflow/example_dags/plugins/listener_plugin.py took 0.031 seconds
[2026-04-28T19:44:14.342+0000] {processor.py:161} INFO - Started process (PID=825) to work on /home/airflow/.local/lib/python3.12/site-packages/airflow/example_dags/plugins/listener_plugin.py
[2026-04-28T19:44:14.343+0000] {processor.py:830} INFO - Processing file /home/airflow/.local/lib/python3.12/site-packages/airflow/example_dags/plugins/listener_plugin.py for tasks to queue
[2026-04-28T19:44:14.345+0000] {logging_mixin.py:188} INFO - [2026-04-28T19:44:14.344+0000] {dagbag.py:540} INFO - Filling up the DagBag from /home/airflow/.local/lib/python3.12/site-packages/airflow/example_dags/plugins/listener_plugin.py
[2026-04-28T19:44:14.348+0000] {processor.py:842} WARNING - No viable dags retrieved from /home/airflow/.local/lib/python3.12/site-packages/airflow/example_dags/plugins/listener_plugin.py
[2026-04-28T19:44:14.364+0000] {processor.py:183} INFO - Processing /home/airflow/.local/lib/python3.12/site-packages/airflow/example_dags/plugins/listener_plugin.py took 0.029 seconds
[2026-04-28T19:44:47.892+0000] {processor.py:161} INFO - Started process (PID=885) to work on /home/airflow/.local/lib/python3.12/site-packages/airflow/example_dags/plugins/listener_plugin.py
[2026-04-28T19:44:47.901+0000] {processor.py:830} INFO - Processing file /home/airflow/.local/lib/python3.12/site-packages/airflow/example_dags/plugins/listener_plugin.py for tasks to queue
[2026-04-28T19:44:47.909+0000] {logging_mixin.py:188} INFO - [2026-04-28T19:44:47.909+0000] {dagbag.py:540} INFO - Filling up the DagBag from /home/airflow/.local/lib/python3.12/site-packages/airflow/example_dags/plugins/listener_plugin.py
[2026-04-28T19:44:47.921+0000] {processor.py:842} WARNING - No viable dags retrieved from /home/airflow/.local/lib/python3.12/site-packages/airflow/example_dags/plugins/listener_plugin.py
[2026-04-28T19:44:53.659+0000] {logging_mixin.py:188} INFO - [2026-04-28T19:44:53.657+0000] {process_utils.py:263} INFO - Waiting up to 5 seconds for processes to exit...
[2026-04-28T19:55:00.324+0000] {processor.py:161} INFO - Started process (PID=226) to work on /home/airflow/.local/lib/python3.12/site-packages/airflow/example_dags/plugins/listener_plugin.py
[2026-04-28T19:55:00.337+0000] {processor.py:830} INFO - Processing file /home/airflow/.local/lib/python3.12/site-packages/airflow/example_dags/plugins/listener_plugin.py for tasks to queue
[2026-04-28T19:55:00.351+0000] {logging_mixin.py:188} INFO - [2026-04-28T19:55:00.346+0000] {dagbag.py:540} INFO - Filling up the DagBag from /home/airflow/.local/lib/python3.12/site-packages/airflow/example_dags/plugins/listener_plugin.py
[2026-04-28T19:55:00.386+0000] {processor.py:842} WARNING - No viable dags retrieved from /home/airflow/.local/lib/python3.12/site-packages/airflow/example_dags/plugins/listener_plugin.py
[2026-04-28T19:55:00.484+0000] {processor.py:183} INFO - Processing /home/airflow/.local/lib/python3.12/site-packages/airflow/example_dags/plugins/listener_plugin.py took 0.203 seconds
[2026-04-28T19:55:30.691+0000] {processor.py:161} INFO - Started process (PID=285) to work on /home/airflow/.local/lib/python3.12/site-packages/airflow/example_dags/plugins/listener_plugin.py
[2026-04-28T19:55:30.696+0000] {processor.py:830} INFO - Processing file /home/airflow/.local/lib/python3.12/site-packages/airflow/example_dags/plugins/listener_plugin.py for tasks to queue
[2026-04-28T19:55:30.703+0000] {logging_mixin.py:188} INFO - [2026-04-28T19:55:30.703+0000] {dagbag.py:540} INFO - Filling up the DagBag from /home/airflow/.local/lib/python3.12/site-packages/airflow/example_dags/plugins/listener_plugin.py
[2026-04-28T19:55:30.720+0000] {processor.py:842} WARNING - No viable dags retrieved from /home/airflow/.local/lib/python3.12/site-packages/airflow/example_dags/plugins/listener_plugin.py
[2026-04-28T19:55:30.822+0000] {processor.py:183} INFO - Processing /home/airflow/.local/lib/python3.12/site-packages/airflow/example_dags/plugins/listener_plugin.py took 0.162 seconds
[2026-04-28T19:56:01.515+0000] {processor.py:161} INFO - Started process (PID=345) to work on /home/airflow/.local/lib/python3.12/site-packages/airflow/example_dags/plugins/listener_plugin.py
[2026-04-28T19:56:01.516+0000] {processor.py:830} INFO - Processing file /home/airflow/.local/lib/python3.12/site-packages/airflow/example_dags/plugins/listener_plugin.py for tasks to queue
[2026-04-28T19:56:01.518+0000] {logging_mixin.py:188} INFO - [2026-04-28T19:56:01.518+0000] {dagbag.py:540} INFO - Filling up the DagBag from /home/airflow/.local/lib/python3.12/site-packages/airflow/example_dags/plugins/listener_plugin.py
[2026-04-28T19:56:01.524+0000] {processor.py:842} WARNING - No viable dags retrieved from /home/airflow/.local/lib/python3.12/site-packages/airflow/example_dags/plugins/listener_plugin.py
[2026-04-28T19:56:01.540+0000] {processor.py:183} INFO - Processing /home/airflow/.local/lib/python3.12/site-packages/airflow/example_dags/plugins/listener_plugin.py took 0.035 seconds
[2026-04-28T19:56:32.534+0000] {processor.py:161} INFO - Started process (PID=405) to work on /home/airflow/.local/lib/python3.12/site-packages/airflow/example_dags/plugins/listener_plugin.py
[2026-04-28T19:56:32.537+0000] {processor.py:830} INFO - Processing file /home/airflow/.local/lib/python3.12/site-packages/airflow/example_dags/plugins/listener_plugin.py for tasks to queue
[2026-04-28T19:56:32.539+0000] {logging_mixin.py:188} INFO - [2026-04-28T19:56:32.539+0000] {dagbag.py:540} INFO - Filling up the DagBag from /home/airflow/.local/lib/python3.12/site-packages/airflow/example_dags/plugins/listener_plugin.py
[2026-04-28T19:56:32.542+0000] {processor.py:842} WARNING - No viable dags retrieved from /home/airflow/.local/lib/python3.12/site-packages/airflow/example_dags/plugins/listener_plugin.py
[2026-04-28T19:56:32.559+0000] {processor.py:183} INFO - Processing /home/airflow/.local/lib/python3.12/site-packages/airflow/example_dags/plugins/listener_plugin.py took 0.031 seconds
[2026-04-28T19:57:02.710+0000] {processor.py:161} INFO - Started process (PID=465) to work on /home/airflow/.local/lib/python3.12/site-packages/airflow/example_dags/plugins/listener_plugin.py
[2026-04-28T19:57:02.718+0000] {processor.py:830} INFO - Processing file /home/airflow/.local/lib/python3.12/site-packages/airflow/example_dags/plugins/listener_plugin.py for tasks to queue
[2026-04-28T19:57:02.721+0000] {logging_mixin.py:188} INFO - [2026-04-28T19:57:02.721+0000] {dagbag.py:540} INFO - Filling up the DagBag from /home/airflow/.local/lib/python3.12/site-packages/airflow/example_dags/plugins/listener_plugin.py
[2026-04-28T19:57:02.738+0000] {processor.py:842} WARNING - No viable dags retrieved from /home/airflow/.local/lib/python3.12/site-packages/airflow/example_dags/plugins/listener_plugin.py
[2026-04-28T19:57:02.783+0000] {processor.py:183} INFO - Processing /home/airflow/.local/lib/python3.12/site-packages/airflow/example_dags/plugins/listener_plugin.py took 0.079 seconds
[2026-04-28T19:57:33.177+0000] {processor.py:161} INFO - Started process (PID=524) to work on /home/airflow/.local/lib/python3.12/site-packages/airflow/example_dags/plugins/listener_plugin.py
[2026-04-28T19:57:33.180+0000] {processor.py:830} INFO - Processing file /home/airflow/.local/lib/python3.12/site-packages/airflow/example_dags/plugins/listener_plugin.py for tasks to queue
[2026-04-28T19:57:33.184+0000] {logging_mixin.py:188} INFO - [2026-04-28T19:57:33.184+0000] {dagbag.py:540} INFO - Filling up the DagBag from /home/airflow/.local/lib/python3.12/site-packages/airflow/example_dags/plugins/listener_plugin.py
[2026-04-28T19:57:33.193+0000] {processor.py:842} WARNING - No viable dags retrieved from /home/airflow/.local/lib/python3.12/site-packages/airflow/example_dags/plugins/listener_plugin.py
[2026-04-28T19:57:33.224+0000] {processor.py:183} INFO - Processing /home/airflow/.local/lib/python3.12/site-packages/airflow/example_dags/plugins/listener_plugin.py took 0.060 seconds
[2026-04-28T19:58:03.295+0000] {processor.py:161} INFO - Started process (PID=583) to work on /home/airflow/.local/lib/python3.12/site-packages/airflow/example_dags/plugins/listener_plugin.py
[2026-04-28T19:58:03.297+0000] {processor.py:830} INFO - Processing file /home/airflow/.local/lib/python3.12/site-packages/airflow/example_dags/plugins/listener_plugin.py for tasks to queue
[2026-04-28T19:58:03.299+0000] {logging_mixin.py:188} INFO - [2026-04-28T19:58:03.299+0000] {dagbag.py:540} INFO - Filling up the DagBag from /home/airflow/.local/lib/python3.12/site-packages/airflow/example_dags/plugins/listener_plugin.py
[2026-04-28T19:58:03.301+0000] {processor.py:842} WARNING - No viable dags retrieved from /home/airflow/.local/lib/python3.12/site-packages/airflow/example_dags/plugins/listener_plugin.py
[2026-04-28T19:58:03.313+0000] {processor.py:183} INFO - Processing /home/airflow/.local/lib/python3.12/site-packages/airflow/example_dags/plugins/listener_plugin.py took 0.029 seconds
[2026-04-28T19:58:33.747+0000] {processor.py:161} INFO - Started process (PID=643) to work on /home/airflow/.local/lib/python3.12/site-packages/airflow/example_dags/plugins/listener_plugin.py
[2026-04-28T19:58:33.748+0000] {processor.py:830} INFO - Processing file /home/airflow/.local/lib/python3.12/site-packages/airflow/example_dags/plugins/listener_plugin.py for tasks to queue
[2026-04-28T19:58:33.750+0000] {logging_mixin.py:188} INFO - [2026-04-28T19:58:33.750+0000] {dagbag.py:540} INFO - Filling up the DagBag from /home/airflow/.local/lib/python3.12/site-packages/airflow/example_dags/plugins/listener_plugin.py
[2026-04-28T19:58:33.755+0000] {processor.py:842} WARNING - No viable dags retrieved from /home/airflow/.local/lib/python3.12/site-packages/airflow/example_dags/plugins/listener_plugin.py
[2026-04-28T19:58:33.768+0000] {processor.py:183} INFO - Processing /home/airflow/.local/lib/python3.12/site-packages/airflow/example_dags/plugins/listener_plugin.py took 0.026 seconds
[2026-04-28T19:59:04.076+0000] {processor.py:161} INFO - Started process (PID=703) to work on /home/airflow/.local/lib/python3.12/site-packages/airflow/example_dags/plugins/listener_plugin.py
[2026-04-28T19:59:04.076+0000] {processor.py:830} INFO - Processing file /home/airflow/.local/lib/python3.12/site-packages/airflow/example_dags/plugins/listener_plugin.py for tasks to queue
[2026-04-28T19:59:04.078+0000] {logging_mixin.py:188} INFO - [2026-04-28T19:59:04.078+0000] {dagbag.py:540} INFO - Filling up the DagBag from /home/airflow/.local/lib/python3.12/site-packages/airflow/example_dags/plugins/listener_plugin.py
[2026-04-28T19:59:04.080+0000] {processor.py:842} WARNING - No viable dags retrieved from /home/airflow/.local/lib/python3.12/site-packages/airflow/example_dags/plugins/listener_plugin.py
[2026-04-28T19:59:04.093+0000] {processor.py:183} INFO - Processing /home/airflow/.local/lib/python3.12/site-packages/airflow/example_dags/plugins/listener_plugin.py took 0.023 seconds
[2026-04-28T19:59:34.338+0000] {processor.py:161} INFO - Started process (PID=762) to work on /home/airflow/.local/lib/python3.12/site-packages/airflow/example_dags/plugins/listener_plugin.py
[2026-04-28T19:59:34.339+0000] {processor.py:830} INFO - Processing file /home/airflow/.local/lib/python3.12/site-packages/airflow/example_dags/plugins/listener_plugin.py for tasks to queue
[2026-04-28T19:59:34.341+0000] {logging_mixin.py:188} INFO - [2026-04-28T19:59:34.340+0000] {dagbag.py:540} INFO - Filling up the DagBag from /home/airflow/.local/lib/python3.12/site-packages/airflow/example_dags/plugins/listener_plugin.py
[2026-04-28T19:59:34.343+0000] {processor.py:842} WARNING - No viable dags retrieved from /home/airflow/.local/lib/python3.12/site-packages/airflow/example_dags/plugins/listener_plugin.py
[2026-04-28T19:59:34.355+0000] {processor.py:183} INFO - Processing /home/airflow/.local/lib/python3.12/site-packages/airflow/example_dags/plugins/listener_plugin.py took 0.022 seconds
[2026-04-28T20:00:04.892+0000] {processor.py:161} INFO - Started process (PID=822) to work on /home/airflow/.local/lib/python3.12/site-packages/airflow/example_dags/plugins/listener_plugin.py
[2026-04-28T20:00:04.894+0000] {processor.py:830} INFO - Processing file /home/airflow/.local/lib/python3.12/site-packages/airflow/example_dags/plugins/listener_plugin.py for tasks to queue
[2026-04-28T20:00:04.899+0000] {logging_mixin.py:188} INFO - [2026-04-28T20:00:04.899+0000] {dagbag.py:540} INFO - Filling up the DagBag from /home/airflow/.local/lib/python3.12/site-packages/airflow/example_dags/plugins/listener_plugin.py
[2026-04-28T20:00:04.904+0000] {processor.py:842} WARNING - No viable dags retrieved from /home/airflow/.local/lib/python3.12/site-packages/airflow/example_dags/plugins/listener_plugin.py
[2026-04-28T20:00:04.988+0000] {processor.py:183} INFO - Processing /home/airflow/.local/lib/python3.12/site-packages/airflow/example_dags/plugins/listener_plugin.py took 0.106 seconds
[2026-04-28T20:00:35.250+0000] {processor.py:161} INFO - Started process (PID=882) to work on /home/airflow/.local/lib/python3.12/site-packages/airflow/example_dags/plugins/listener_plugin.py
[2026-04-28T20:00:35.251+0000] {processor.py:830} INFO - Processing file /home/airflow/.local/lib/python3.12/site-packages/airflow/example_dags/plugins/listener_plugin.py for tasks to queue
[2026-04-28T20:00:35.253+0000] {logging_mixin.py:188} INFO - [2026-04-28T20:00:35.252+0000] {dagbag.py:540} INFO - Filling up the DagBag from /home/airflow/.local/lib/python3.12/site-packages/airflow/example_dags/plugins/listener_plugin.py
[2026-04-28T20:00:35.255+0000] {processor.py:842} WARNING - No viable dags retrieved from /home/airflow/.local/lib/python3.12/site-packages/airflow/example_dags/plugins/listener_plugin.py
[2026-04-28T20:00:35.268+0000] {processor.py:183} INFO - Processing /home/airflow/.local/lib/python3.12/site-packages/airflow/example_dags/plugins/listener_plugin.py took 0.023 seconds
[2026-04-28T20:01:05.436+0000] {processor.py:161} INFO - Started process (PID=941) to work on /home/airflow/.local/lib/python3.12/site-packages/airflow/example_dags/plugins/listener_plugin.py
[2026-04-28T20:01:05.436+0000] {processor.py:830} INFO - Processing file /home/airflow/.local/lib/python3.12/site-packages/airflow/example_dags/plugins/listener_plugin.py for tasks to queue
[2026-04-28T20:01:05.439+0000] {logging_mixin.py:188} INFO - [2026-04-28T20:01:05.438+0000] {dagbag.py:540} INFO - Filling up the DagBag from /home/airflow/.local/lib/python3.12/site-packages/airflow/example_dags/plugins/listener_plugin.py
[2026-04-28T20:01:05.441+0000] {processor.py:842} WARNING - No viable dags retrieved from /home/airflow/.local/lib/python3.12/site-packages/airflow/example_dags/plugins/listener_plugin.py
[2026-04-28T20:01:05.452+0000] {processor.py:183} INFO - Processing /home/airflow/.local/lib/python3.12/site-packages/airflow/example_dags/plugins/listener_plugin.py took 0.022 seconds
[2026-04-28T20:01:35.980+0000] {processor.py:161} INFO - Started process (PID=1001) to work on /home/airflow/.local/lib/python3.12/site-packages/airflow/example_dags/plugins/listener_plugin.py
[2026-04-28T20:01:35.981+0000] {processor.py:830} INFO - Processing file /home/airflow/.local/lib/python3.12/site-packages/airflow/example_dags/plugins/listener_plugin.py for tasks to queue
[2026-04-28T20:01:35.983+0000] {logging_mixin.py:188} INFO - [2026-04-28T20:01:35.982+0000] {dagbag.py:540} INFO - Filling up the DagBag from /home/airflow/.local/lib/python3.12/site-packages/airflow/example_dags/plugins/listener_plugin.py
[2026-04-28T20:01:35.986+0000] {processor.py:842} WARNING - No viable dags retrieved from /home/airflow/.local/lib/python3.12/site-packages/airflow/example_dags/plugins/listener_plugin.py
[2026-04-28T20:01:36.000+0000] {processor.py:183} INFO - Processing /home/airflow/.local/lib/python3.12/site-packages/airflow/example_dags/plugins/listener_plugin.py took 0.025 seconds
[2026-04-28T20:02:06.392+0000] {processor.py:161} INFO - Started process (PID=1061) to work on /home/airflow/.local/lib/python3.12/site-packages/airflow/example_dags/plugins/listener_plugin.py
[2026-04-28T20:02:06.392+0000] {processor.py:830} INFO - Processing file /home/airflow/.local/lib/python3.12/site-packages/airflow/example_dags/plugins/listener_plugin.py for tasks to queue
[2026-04-28T20:02:06.394+0000] {logging_mixin.py:188} INFO - [2026-04-28T20:02:06.394+0000] {dagbag.py:540} INFO - Filling up the DagBag from /home/airflow/.local/lib/python3.12/site-packages/airflow/example_dags/plugins/listener_plugin.py
[2026-04-28T20:02:06.403+0000] {processor.py:842} WARNING - No viable dags retrieved from /home/airflow/.local/lib/python3.12/site-packages/airflow/example_dags/plugins/listener_plugin.py
[2026-04-28T20:02:06.416+0000] {processor.py:183} INFO - Processing /home/airflow/.local/lib/python3.12/site-packages/airflow/example_dags/plugins/listener_plugin.py took 0.030 seconds
[2026-04-28T20:02:36.777+0000] {processor.py:161} INFO - Started process (PID=1120) to work on /home/airflow/.local/lib/python3.12/site-packages/airflow/example_dags/plugins/listener_plugin.py
[2026-04-28T20:02:36.778+0000] {processor.py:830} INFO - Processing file /home/airflow/.local/lib/python3.12/site-packages/airflow/example_dags/plugins/listener_plugin.py for tasks to queue
[2026-04-28T20:02:36.780+0000] {logging_mixin.py:188} INFO - [2026-04-28T20:02:36.780+0000] {dagbag.py:540} INFO - Filling up the DagBag from /home/airflow/.local/lib/python3.12/site-packages/airflow/example_dags/plugins/listener_plugin.py
[2026-04-28T20:02:36.784+0000] {processor.py:842} WARNING - No viable dags retrieved from /home/airflow/.local/lib/python3.12/site-packages/airflow/example_dags/plugins/listener_plugin.py
[2026-04-28T20:02:36.800+0000] {processor.py:183} INFO - Processing /home/airflow/.local/lib/python3.12/site-packages/airflow/example_dags/plugins/listener_plugin.py took 0.030 seconds
[2026-04-28T20:03:07.376+0000] {processor.py:161} INFO - Started process (PID=1180) to work on /home/airflow/.local/lib/python3.12/site-packages/airflow/example_dags/plugins/listener_plugin.py
[2026-04-28T20:03:07.382+0000] {processor.py:830} INFO - Processing file /home/airflow/.local/lib/python3.12/site-packages/airflow/example_dags/plugins/listener_plugin.py for tasks to queue
[2026-04-28T20:03:07.385+0000] {logging_mixin.py:188} INFO - [2026-04-28T20:03:07.383+0000] {dagbag.py:540} INFO - Filling up the DagBag from /home/airflow/.local/lib/python3.12/site-packages/airflow/example_dags/plugins/listener_plugin.py
[2026-04-28T20:03:07.392+0000] {processor.py:842} WARNING - No viable dags retrieved from /home/airflow/.local/lib/python3.12/site-packages/airflow/example_dags/plugins/listener_plugin.py
[2026-04-28T20:03:07.411+0000] {processor.py:183} INFO - Processing /home/airflow/.local/lib/python3.12/site-packages/airflow/example_dags/plugins/listener_plugin.py took 0.042 seconds
[2026-04-28T20:03:38.387+0000] {processor.py:161} INFO - Started process (PID=1238) to work on /home/airflow/.local/lib/python3.12/site-packages/airflow/example_dags/plugins/listener_plugin.py
[2026-04-28T20:03:38.399+0000] {processor.py:830} INFO - Processing file /home/airflow/.local/lib/python3.12/site-packages/airflow/example_dags/plugins/listener_plugin.py for tasks to queue
[2026-04-28T20:03:38.401+0000] {logging_mixin.py:188} INFO - [2026-04-28T20:03:38.400+0000] {dagbag.py:540} INFO - Filling up the DagBag from /home/airflow/.local/lib/python3.12/site-packages/airflow/example_dags/plugins/listener_plugin.py
[2026-04-28T20:03:38.410+0000] {processor.py:842} WARNING - No viable dags retrieved from /home/airflow/.local/lib/python3.12/site-packages/airflow/example_dags/plugins/listener_plugin.py
[2026-04-28T20:03:38.430+0000] {processor.py:183} INFO - Processing /home/airflow/.local/lib/python3.12/site-packages/airflow/example_dags/plugins/listener_plugin.py took 0.050 seconds
[2026-04-28T20:04:09.011+0000] {processor.py:161} INFO - Started process (PID=1297) to work on /home/airflow/.local/lib/python3.12/site-packages/airflow/example_dags/plugins/listener_plugin.py
[2026-04-28T20:04:09.012+0000] {processor.py:830} INFO - Processing file /home/airflow/.local/lib/python3.12/site-packages/airflow/example_dags/plugins/listener_plugin.py for tasks to queue
[2026-04-28T20:04:09.019+0000] {logging_mixin.py:188} INFO - [2026-04-28T20:04:09.019+0000] {dagbag.py:540} INFO - Filling up the DagBag from /home/airflow/.local/lib/python3.12/site-packages/airflow/example_dags/plugins/listener_plugin.py
[2026-04-28T20:04:09.034+0000] {processor.py:842} WARNING - No viable dags retrieved from /home/airflow/.local/lib/python3.12/site-packages/airflow/example_dags/plugins/listener_plugin.py
[2026-04-28T20:04:09.051+0000] {processor.py:183} INFO - Processing /home/airflow/.local/lib/python3.12/site-packages/airflow/example_dags/plugins/listener_plugin.py took 0.047 seconds
[2026-04-28T20:04:39.083+0000] {processor.py:161} INFO - Started process (PID=1357) to work on /home/airflow/.local/lib/python3.12/site-packages/airflow/example_dags/plugins/listener_plugin.py
[2026-04-28T20:04:39.086+0000] {processor.py:830} INFO - Processing file /home/airflow/.local/lib/python3.12/site-packages/airflow/example_dags/plugins/listener_plugin.py for tasks to queue
[2026-04-28T20:04:39.088+0000] {logging_mixin.py:188} INFO - [2026-04-28T20:04:39.088+0000] {dagbag.py:540} INFO - Filling up the DagBag from /home/airflow/.local/lib/python3.12/site-packages/airflow/example_dags/plugins/listener_plugin.py
[2026-04-28T20:04:39.102+0000] {processor.py:842} WARNING - No viable dags retrieved from /home/airflow/.local/lib/python3.12/site-packages/airflow/example_dags/plugins/listener_plugin.py
[2026-04-28T20:04:39.117+0000] {processor.py:183} INFO - Processing /home/airflow/.local/lib/python3.12/site-packages/airflow/example_dags/plugins/listener_plugin.py took 0.040 seconds
[2026-04-28T20:05:09.900+0000] {processor.py:161} INFO - Started process (PID=1417) to work on /home/airflow/.local/lib/python3.12/site-packages/airflow/example_dags/plugins/listener_plugin.py
[2026-04-28T20:05:09.904+0000] {processor.py:830} INFO - Processing file /home/airflow/.local/lib/python3.12/site-packages/airflow/example_dags/plugins/listener_plugin.py for tasks to queue
[2026-04-28T20:05:09.911+0000] {logging_mixin.py:188} INFO - [2026-04-28T20:05:09.910+0000] {dagbag.py:540} INFO - Filling up the DagBag from /home/airflow/.local/lib/python3.12/site-packages/airflow/example_dags/plugins/listener_plugin.py
[2026-04-28T20:05:09.937+0000] {processor.py:842} WARNING - No viable dags retrieved from /home/airflow/.local/lib/python3.12/site-packages/airflow/example_dags/plugins/listener_plugin.py
[2026-04-28T20:05:09.951+0000] {processor.py:183} INFO - Processing /home/airflow/.local/lib/python3.12/site-packages/airflow/example_dags/plugins/listener_plugin.py took 0.060 seconds
[2026-04-28T20:05:40.136+0000] {processor.py:161} INFO - Started process (PID=1477) to work on /home/airflow/.local/lib/python3.12/site-packages/airflow/example_dags/plugins/listener_plugin.py
[2026-04-28T20:05:40.139+0000] {processor.py:830} INFO - Processing file /home/airflow/.local/lib/python3.12/site-packages/airflow/example_dags/plugins/listener_plugin.py for tasks to queue
[2026-04-28T20:05:40.142+0000] {logging_mixin.py:188} INFO - [2026-04-28T20:05:40.141+0000] {dagbag.py:540} INFO - Filling up the DagBag from /home/airflow/.local/lib/python3.12/site-packages/airflow/example_dags/plugins/listener_plugin.py
[2026-04-28T20:05:40.153+0000] {processor.py:842} WARNING - No viable dags retrieved from /home/airflow/.local/lib/python3.12/site-packages/airflow/example_dags/plugins/listener_plugin.py
[2026-04-28T20:05:40.166+0000] {processor.py:183} INFO - Processing /home/airflow/.local/lib/python3.12/site-packages/airflow/example_dags/plugins/listener_plugin.py took 0.037 seconds
[2026-04-28T20:06:10.685+0000] {processor.py:161} INFO - Started process (PID=1536) to work on /home/airflow/.local/lib/python3.12/site-packages/airflow/example_dags/plugins/listener_plugin.py
[2026-04-28T20:06:10.687+0000] {processor.py:830} INFO - Processing file /home/airflow/.local/lib/python3.12/site-packages/airflow/example_dags/plugins/listener_plugin.py for tasks to queue
[2026-04-28T20:06:10.691+0000] {logging_mixin.py:188} INFO - [2026-04-28T20:06:10.691+0000] {dagbag.py:540} INFO - Filling up the DagBag from /home/airflow/.local/lib/python3.12/site-packages/airflow/example_dags/plugins/listener_plugin.py
[2026-04-28T20:06:10.697+0000] {processor.py:842} WARNING - No viable dags retrieved from /home/airflow/.local/lib/python3.12/site-packages/airflow/example_dags/plugins/listener_plugin.py
[2026-04-28T20:06:10.730+0000] {processor.py:183} INFO - Processing /home/airflow/.local/lib/python3.12/site-packages/airflow/example_dags/plugins/listener_plugin.py took 0.059 seconds
[2026-04-28T20:06:41.035+0000] {processor.py:161} INFO - Started process (PID=1594) to work on /home/airflow/.local/lib/python3.12/site-packages/airflow/example_dags/plugins/listener_plugin.py
[2026-04-28T20:06:41.036+0000] {processor.py:830} INFO - Processing file /home/airflow/.local/lib/python3.12/site-packages/airflow/example_dags/plugins/listener_plugin.py for tasks to queue
[2026-04-28T20:06:41.038+0000] {logging_mixin.py:188} INFO - [2026-04-28T20:06:41.038+0000] {dagbag.py:540} INFO - Filling up the DagBag from /home/airflow/.local/lib/python3.12/site-packages/airflow/example_dags/plugins/listener_plugin.py
[2026-04-28T20:06:41.043+0000] {processor.py:842} WARNING - No viable dags retrieved from /home/airflow/.local/lib/python3.12/site-packages/airflow/example_dags/plugins/listener_plugin.py
[2026-04-28T20:06:41.071+0000] {processor.py:183} INFO - Processing /home/airflow/.local/lib/python3.12/site-packages/airflow/example_dags/plugins/listener_plugin.py took 0.043 seconds
[2026-04-28T20:07:11.474+0000] {processor.py:161} INFO - Started process (PID=1655) to work on /home/airflow/.local/lib/python3.12/site-packages/airflow/example_dags/plugins/listener_plugin.py
[2026-04-28T20:07:11.475+0000] {processor.py:830} INFO - Processing file /home/airflow/.local/lib/python3.12/site-packages/airflow/example_dags/plugins/listener_plugin.py for tasks to queue
[2026-04-28T20:07:11.477+0000] {logging_mixin.py:188} INFO - [2026-04-28T20:07:11.477+0000] {dagbag.py:540} INFO - Filling up the DagBag from /home/airflow/.local/lib/python3.12/site-packages/airflow/example_dags/plugins/listener_plugin.py
[2026-04-28T20:07:11.482+0000] {processor.py:842} WARNING - No viable dags retrieved from /home/airflow/.local/lib/python3.12/site-packages/airflow/example_dags/plugins/listener_plugin.py
[2026-04-28T20:07:11.496+0000] {processor.py:183} INFO - Processing /home/airflow/.local/lib/python3.12/site-packages/airflow/example_dags/plugins/listener_plugin.py took 0.030 seconds
[2026-04-28T20:07:41.895+0000] {processor.py:161} INFO - Started process (PID=1715) to work on /home/airflow/.local/lib/python3.12/site-packages/airflow/example_dags/plugins/listener_plugin.py
[2026-04-28T20:07:41.896+0000] {processor.py:830} INFO - Processing file /home/airflow/.local/lib/python3.12/site-packages/airflow/example_dags/plugins/listener_plugin.py for tasks to queue
[2026-04-28T20:07:41.898+0000] {logging_mixin.py:188} INFO - [2026-04-28T20:07:41.898+0000] {dagbag.py:540} INFO - Filling up the DagBag from /home/airflow/.local/lib/python3.12/site-packages/airflow/example_dags/plugins/listener_plugin.py
[2026-04-28T20:07:41.902+0000] {processor.py:842} WARNING - No viable dags retrieved from /home/airflow/.local/lib/python3.12/site-packages/airflow/example_dags/plugins/listener_plugin.py
[2026-04-28T20:07:41.918+0000] {processor.py:183} INFO - Processing /home/airflow/.local/lib/python3.12/site-packages/airflow/example_dags/plugins/listener_plugin.py took 0.030 seconds
[2026-04-28T20:08:12.300+0000] {processor.py:161} INFO - Started process (PID=1775) to work on /home/airflow/.local/lib/python3.12/site-packages/airflow/example_dags/plugins/listener_plugin.py
[2026-04-28T20:08:12.301+0000] {processor.py:830} INFO - Processing file /home/airflow/.local/lib/python3.12/site-packages/airflow/example_dags/plugins/listener_plugin.py for tasks to queue
[2026-04-28T20:08:12.303+0000] {logging_mixin.py:188} INFO - [2026-04-28T20:08:12.303+0000] {dagbag.py:540} INFO - Filling up the DagBag from /home/airflow/.local/lib/python3.12/site-packages/airflow/example_dags/plugins/listener_plugin.py
[2026-04-28T20:08:12.306+0000] {processor.py:842} WARNING - No viable dags retrieved from /home/airflow/.local/lib/python3.12/site-packages/airflow/example_dags/plugins/listener_plugin.py
[2026-04-28T20:08:12.318+0000] {processor.py:183} INFO - Processing /home/airflow/.local/lib/python3.12/site-packages/airflow/example_dags/plugins/listener_plugin.py took 0.023 seconds
[2026-04-28T20:08:42.885+0000] {processor.py:161} INFO - Started process (PID=1835) to work on /home/airflow/.local/lib/python3.12/site-packages/airflow/example_dags/plugins/listener_plugin.py
[2026-04-28T20:08:42.886+0000] {processor.py:830} INFO - Processing file /home/airflow/.local/lib/python3.12/site-packages/airflow/example_dags/plugins/listener_plugin.py for tasks to queue
[2026-04-28T20:08:42.889+0000] {logging_mixin.py:188} INFO - [2026-04-28T20:08:42.888+0000] {dagbag.py:540} INFO - Filling up the DagBag from /home/airflow/.local/lib/python3.12/site-packages/airflow/example_dags/plugins/listener_plugin.py
[2026-04-28T20:08:42.893+0000] {processor.py:842} WARNING - No viable dags retrieved from /home/airflow/.local/lib/python3.12/site-packages/airflow/example_dags/plugins/listener_plugin.py
[2026-04-28T20:08:42.955+0000] {processor.py:183} INFO - Processing /home/airflow/.local/lib/python3.12/site-packages/airflow/example_dags/plugins/listener_plugin.py took 0.079 seconds
[2026-04-28T20:09:13.890+0000] {processor.py:161} INFO - Started process (PID=1894) to work on /home/airflow/.local/lib/python3.12/site-packages/airflow/example_dags/plugins/listener_plugin.py
[2026-04-28T20:09:13.893+0000] {processor.py:830} INFO - Processing file /home/airflow/.local/lib/python3.12/site-packages/airflow/example_dags/plugins/listener_plugin.py for tasks to queue
[2026-04-28T20:09:13.900+0000] {logging_mixin.py:188} INFO - [2026-04-28T20:09:13.899+0000] {dagbag.py:540} INFO - Filling up the DagBag from /home/airflow/.local/lib/python3.12/site-packages/airflow/example_dags/plugins/listener_plugin.py
[2026-04-28T20:09:13.908+0000] {processor.py:842} WARNING - No viable dags retrieved from /home/airflow/.local/lib/python3.12/site-packages/airflow/example_dags/plugins/listener_plugin.py
[2026-04-28T20:09:13.959+0000] {processor.py:183} INFO - Processing /home/airflow/.local/lib/python3.12/site-packages/airflow/example_dags/plugins/listener_plugin.py took 0.083 seconds
[2026-04-28T20:09:44.317+0000] {processor.py:161} INFO - Started process (PID=1954) to work on /home/airflow/.local/lib/python3.12/site-packages/airflow/example_dags/plugins/listener_plugin.py
[2026-04-28T20:09:44.318+0000] {processor.py:830} INFO - Processing file /home/airflow/.local/lib/python3.12/site-packages/airflow/example_dags/plugins/listener_plugin.py for tasks to queue
[2026-04-28T20:09:44.320+0000] {logging_mixin.py:188} INFO - [2026-04-28T20:09:44.319+0000] {dagbag.py:540} INFO - Filling up the DagBag from /home/airflow/.local/lib/python3.12/site-packages/airflow/example_dags/plugins/listener_plugin.py
[2026-04-28T20:09:44.322+0000] {processor.py:842} WARNING - No viable dags retrieved from /home/airflow/.local/lib/python3.12/site-packages/airflow/example_dags/plugins/listener_plugin.py
[2026-04-28T20:09:44.340+0000] {processor.py:183} INFO - Processing /home/airflow/.local/lib/python3.12/site-packages/airflow/example_dags/plugins/listener_plugin.py took 0.030 seconds
[2026-04-28T20:10:14.958+0000] {processor.py:161} INFO - Started process (PID=2014) to work on /home/airflow/.local/lib/python3.12/site-packages/airflow/example_dags/plugins/listener_plugin.py
[2026-04-28T20:10:14.958+0000] {processor.py:830} INFO - Processing file /home/airflow/.local/lib/python3.12/site-packages/airflow/example_dags/plugins/listener_plugin.py for tasks to queue
[2026-04-28T20:10:14.960+0000] {logging_mixin.py:188} INFO - [2026-04-28T20:10:14.960+0000] {dagbag.py:540} INFO - Filling up the DagBag from /home/airflow/.local/lib/python3.12/site-packages/airflow/example_dags/plugins/listener_plugin.py
[2026-04-28T20:10:14.963+0000] {processor.py:842} WARNING - No viable dags retrieved from /home/airflow/.local/lib/python3.12/site-packages/airflow/example_dags/plugins/listener_plugin.py
[2026-04-28T20:10:14.979+0000] {processor.py:183} INFO - Processing /home/airflow/.local/lib/python3.12/site-packages/airflow/example_dags/plugins/listener_plugin.py took 0.029 seconds
[2026-04-28T20:10:45.668+0000] {processor.py:161} INFO - Started process (PID=2073) to work on /home/airflow/.local/lib/python3.12/site-packages/airflow/example_dags/plugins/listener_plugin.py
[2026-04-28T20:10:45.669+0000] {processor.py:830} INFO - Processing file /home/airflow/.local/lib/python3.12/site-packages/airflow/example_dags/plugins/listener_plugin.py for tasks to queue
[2026-04-28T20:10:45.671+0000] {logging_mixin.py:188} INFO - [2026-04-28T20:10:45.671+0000] {dagbag.py:540} INFO - Filling up the DagBag from /home/airflow/.local/lib/python3.12/site-packages/airflow/example_dags/plugins/listener_plugin.py
[2026-04-28T20:10:45.682+0000] {processor.py:842} WARNING - No viable dags retrieved from /home/airflow/.local/lib/python3.12/site-packages/airflow/example_dags/plugins/listener_plugin.py
[2026-04-28T20:10:45.706+0000] {processor.py:183} INFO - Processing /home/airflow/.local/lib/python3.12/site-packages/airflow/example_dags/plugins/listener_plugin.py took 0.045 seconds
[2026-04-28T20:11:16.379+0000] {processor.py:161} INFO - Started process (PID=2133) to work on /home/airflow/.local/lib/python3.12/site-packages/airflow/example_dags/plugins/listener_plugin.py
[2026-04-28T20:11:16.381+0000] {processor.py:830} INFO - Processing file /home/airflow/.local/lib/python3.12/site-packages/airflow/example_dags/plugins/listener_plugin.py for tasks to queue
[2026-04-28T20:11:16.386+0000] {logging_mixin.py:188} INFO - [2026-04-28T20:11:16.386+0000] {dagbag.py:540} INFO - Filling up the DagBag from /home/airflow/.local/lib/python3.12/site-packages/airflow/example_dags/plugins/listener_plugin.py
[2026-04-28T20:11:16.401+0000] {processor.py:842} WARNING - No viable dags retrieved from /home/airflow/.local/lib/python3.12/site-packages/airflow/example_dags/plugins/listener_plugin.py
[2026-04-28T20:11:16.429+0000] {processor.py:183} INFO - Processing /home/airflow/.local/lib/python3.12/site-packages/airflow/example_dags/plugins/listener_plugin.py took 0.065 seconds
[2026-04-28T20:11:46.657+0000] {processor.py:161} INFO - Started process (PID=2193) to work on /home/airflow/.local/lib/python3.12/site-packages/airflow/example_dags/plugins/listener_plugin.py
[2026-04-28T20:11:46.659+0000] {processor.py:830} INFO - Processing file /home/airflow/.local/lib/python3.12/site-packages/airflow/example_dags/plugins/listener_plugin.py for tasks to queue
[2026-04-28T20:11:46.661+0000] {logging_mixin.py:188} INFO - [2026-04-28T20:11:46.661+0000] {dagbag.py:540} INFO - Filling up the DagBag from /home/airflow/.local/lib/python3.12/site-packages/airflow/example_dags/plugins/listener_plugin.py
[2026-04-28T20:11:46.668+0000] {processor.py:842} WARNING - No viable dags retrieved from /home/airflow/.local/lib/python3.12/site-packages/airflow/example_dags/plugins/listener_plugin.py
[2026-04-28T20:11:46.685+0000] {processor.py:183} INFO - Processing /home/airflow/.local/lib/python3.12/site-packages/airflow/example_dags/plugins/listener_plugin.py took 0.035 seconds
[2026-04-28T20:12:17.606+0000] {processor.py:161} INFO - Started process (PID=2253) to work on /home/airflow/.local/lib/python3.12/site-packages/airflow/example_dags/plugins/listener_plugin.py
[2026-04-28T20:12:17.607+0000] {processor.py:830} INFO - Processing file /home/airflow/.local/lib/python3.12/site-packages/airflow/example_dags/plugins/listener_plugin.py for tasks to queue
[2026-04-28T20:12:17.609+0000] {logging_mixin.py:188} INFO - [2026-04-28T20:12:17.609+0000] {dagbag.py:540} INFO - Filling up the DagBag from /home/airflow/.local/lib/python3.12/site-packages/airflow/example_dags/plugins/listener_plugin.py
[2026-04-28T20:12:17.617+0000] {processor.py:842} WARNING - No viable dags retrieved from /home/airflow/.local/lib/python3.12/site-packages/airflow/example_dags/plugins/listener_plugin.py
[2026-04-28T20:12:17.632+0000] {processor.py:183} INFO - Processing /home/airflow/.local/lib/python3.12/site-packages/airflow/example_dags/plugins/listener_plugin.py took 0.033 seconds
[2026-04-28T20:12:48.505+0000] {processor.py:161} INFO - Started process (PID=2313) to work on /home/airflow/.local/lib/python3.12/site-packages/airflow/example_dags/plugins/listener_plugin.py
[2026-04-28T20:12:48.506+0000] {processor.py:830} INFO - Processing file /home/airflow/.local/lib/python3.12/site-packages/airflow/example_dags/plugins/listener_plugin.py for tasks to queue
[2026-04-28T20:12:48.508+0000] {logging_mixin.py:188} INFO - [2026-04-28T20:12:48.508+0000] {dagbag.py:540} INFO - Filling up the DagBag from /home/airflow/.local/lib/python3.12/site-packages/airflow/example_dags/plugins/listener_plugin.py
[2026-04-28T20:12:48.512+0000] {processor.py:842} WARNING - No viable dags retrieved from /home/airflow/.local/lib/python3.12/site-packages/airflow/example_dags/plugins/listener_plugin.py
[2026-04-28T20:12:48.537+0000] {processor.py:183} INFO - Processing /home/airflow/.local/lib/python3.12/site-packages/airflow/example_dags/plugins/listener_plugin.py took 0.038 seconds
[2026-04-28T20:13:20.001+0000] {processor.py:161} INFO - Started process (PID=2379) to work on /home/airflow/.local/lib/python3.12/site-packages/airflow/example_dags/plugins/listener_plugin.py
[2026-04-28T20:13:20.013+0000] {processor.py:830} INFO - Processing file /home/airflow/.local/lib/python3.12/site-packages/airflow/example_dags/plugins/listener_plugin.py for tasks to queue
[2026-04-28T20:13:20.022+0000] {logging_mixin.py:188} INFO - [2026-04-28T20:13:20.021+0000] {dagbag.py:540} INFO - Filling up the DagBag from /home/airflow/.local/lib/python3.12/site-packages/airflow/example_dags/plugins/listener_plugin.py
[2026-04-28T20:13:20.048+0000] {processor.py:842} WARNING - No viable dags retrieved from /home/airflow/.local/lib/python3.12/site-packages/airflow/example_dags/plugins/listener_plugin.py
[2026-04-28T20:13:20.067+0000] {processor.py:183} INFO - Processing /home/airflow/.local/lib/python3.12/site-packages/airflow/example_dags/plugins/listener_plugin.py took 0.098 seconds
[2026-04-28T20:13:51.002+0000] {processor.py:161} INFO - Started process (PID=2440) to work on /home/airflow/.local/lib/python3.12/site-packages/airflow/example_dags/plugins/listener_plugin.py
[2026-04-28T20:13:51.005+0000] {processor.py:830} INFO - Processing file /home/airflow/.local/lib/python3.12/site-packages/airflow/example_dags/plugins/listener_plugin.py for tasks to queue
[2026-04-28T20:13:51.013+0000] {logging_mixin.py:188} INFO - [2026-04-28T20:13:51.009+0000] {dagbag.py:540} INFO - Filling up the DagBag from /home/airflow/.local/lib/python3.12/site-packages/airflow/example_dags/plugins/listener_plugin.py
[2026-04-28T20:13:51.016+0000] {processor.py:842} WARNING - No viable dags retrieved from /home/airflow/.local/lib/python3.12/site-packages/airflow/example_dags/plugins/listener_plugin.py
[2026-04-28T20:13:51.062+0000] {processor.py:183} INFO - Processing /home/airflow/.local/lib/python3.12/site-packages/airflow/example_dags/plugins/listener_plugin.py took 0.075 seconds
[2026-04-28T20:14:21.196+0000] {processor.py:161} INFO - Started process (PID=2500) to work on /home/airflow/.local/lib/python3.12/site-packages/airflow/example_dags/plugins/listener_plugin.py
[2026-04-28T20:14:21.197+0000] {processor.py:830} INFO - Processing file /home/airflow/.local/lib/python3.12/site-packages/airflow/example_dags/plugins/listener_plugin.py for tasks to queue
[2026-04-28T20:14:21.199+0000] {logging_mixin.py:188} INFO - [2026-04-28T20:14:21.199+0000] {dagbag.py:540} INFO - Filling up the DagBag from /home/airflow/.local/lib/python3.12/site-packages/airflow/example_dags/plugins/listener_plugin.py
[2026-04-28T20:14:21.203+0000] {processor.py:842} WARNING - No viable dags retrieved from /home/airflow/.local/lib/python3.12/site-packages/airflow/example_dags/plugins/listener_plugin.py
[2026-04-28T20:14:21.217+0000] {processor.py:183} INFO - Processing /home/airflow/.local/lib/python3.12/site-packages/airflow/example_dags/plugins/listener_plugin.py took 0.029 seconds
[2026-04-28T20:14:51.469+0000] {processor.py:161} INFO - Started process (PID=2560) to work on /home/airflow/.local/lib/python3.12/site-packages/airflow/example_dags/plugins/listener_plugin.py
[2026-04-28T20:14:51.470+0000] {processor.py:830} INFO - Processing file /home/airflow/.local/lib/python3.12/site-packages/airflow/example_dags/plugins/listener_plugin.py for tasks to queue
[2026-04-28T20:14:51.472+0000] {logging_mixin.py:188} INFO - [2026-04-28T20:14:51.472+0000] {dagbag.py:540} INFO - Filling up the DagBag from /home/airflow/.local/lib/python3.12/site-packages/airflow/example_dags/plugins/listener_plugin.py
[2026-04-28T20:14:51.483+0000] {processor.py:842} WARNING - No viable dags retrieved from /home/airflow/.local/lib/python3.12/site-packages/airflow/example_dags/plugins/listener_plugin.py
[2026-04-28T20:14:51.506+0000] {processor.py:183} INFO - Processing /home/airflow/.local/lib/python3.12/site-packages/airflow/example_dags/plugins/listener_plugin.py took 0.045 seconds
[2026-04-28T20:15:22.306+0000] {processor.py:161} INFO - Started process (PID=2620) to work on /home/airflow/.local/lib/python3.12/site-packages/airflow/example_dags/plugins/listener_plugin.py
[2026-04-28T20:15:22.310+0000] {processor.py:830} INFO - Processing file /home/airflow/.local/lib/python3.12/site-packages/airflow/example_dags/plugins/listener_plugin.py for tasks to queue
[2026-04-28T20:15:22.312+0000] {logging_mixin.py:188} INFO - [2026-04-28T20:15:22.311+0000] {dagbag.py:540} INFO - Filling up the DagBag from /home/airflow/.local/lib/python3.12/site-packages/airflow/example_dags/plugins/listener_plugin.py
[2026-04-28T20:15:22.315+0000] {processor.py:842} WARNING - No viable dags retrieved from /home/airflow/.local/lib/python3.12/site-packages/airflow/example_dags/plugins/listener_plugin.py
[2026-04-28T20:15:22.332+0000] {processor.py:183} INFO - Processing /home/airflow/.local/lib/python3.12/site-packages/airflow/example_dags/plugins/listener_plugin.py took 0.037 seconds
[2026-04-28T20:15:52.520+0000] {processor.py:161} INFO - Started process (PID=2680) to work on /home/airflow/.local/lib/python3.12/site-packages/airflow/example_dags/plugins/listener_plugin.py
[2026-04-28T20:15:52.522+0000] {processor.py:830} INFO - Processing file /home/airflow/.local/lib/python3.12/site-packages/airflow/example_dags/plugins/listener_plugin.py for tasks to queue
[2026-04-28T20:15:52.529+0000] {logging_mixin.py:188} INFO - [2026-04-28T20:15:52.528+0000] {dagbag.py:540} INFO - Filling up the DagBag from /home/airflow/.local/lib/python3.12/site-packages/airflow/example_dags/plugins/listener_plugin.py
[2026-04-28T20:15:52.537+0000] {processor.py:842} WARNING - No viable dags retrieved from /home/airflow/.local/lib/python3.12/site-packages/airflow/example_dags/plugins/listener_plugin.py
[2026-04-28T20:15:52.564+0000] {processor.py:183} INFO - Processing /home/airflow/.local/lib/python3.12/site-packages/airflow/example_dags/plugins/listener_plugin.py took 0.057 seconds
[2026-04-28T20:16:22.865+0000] {processor.py:161} INFO - Started process (PID=2739) to work on /home/airflow/.local/lib/python3.12/site-packages/airflow/example_dags/plugins/listener_plugin.py
[2026-04-28T20:16:22.865+0000] {processor.py:830} INFO - Processing file /home/airflow/.local/lib/python3.12/site-packages/airflow/example_dags/plugins/listener_plugin.py for tasks to queue
[2026-04-28T20:16:22.867+0000] {logging_mixin.py:188} INFO - [2026-04-28T20:16:22.867+0000] {dagbag.py:540} INFO - Filling up the DagBag from /home/airflow/.local/lib/python3.12/site-packages/airflow/example_dags/plugins/listener_plugin.py
[2026-04-28T20:16:22.869+0000] {processor.py:842} WARNING - No viable dags retrieved from /home/airflow/.local/lib/python3.12/site-packages/airflow/example_dags/plugins/listener_plugin.py
[2026-04-28T20:16:22.881+0000] {processor.py:183} INFO - Processing /home/airflow/.local/lib/python3.12/site-packages/airflow/example_dags/plugins/listener_plugin.py took 0.022 seconds
[2026-04-28T20:16:53.684+0000] {processor.py:161} INFO - Started process (PID=2800) to work on /home/airflow/.local/lib/python3.12/site-packages/airflow/example_dags/plugins/listener_plugin.py
[2026-04-28T20:16:53.685+0000] {processor.py:830} INFO - Processing file /home/airflow/.local/lib/python3.12/site-packages/airflow/example_dags/plugins/listener_plugin.py for tasks to queue
[2026-04-28T20:16:53.687+0000] {logging_mixin.py:188} INFO - [2026-04-28T20:16:53.687+0000] {dagbag.py:540} INFO - Filling up the DagBag from /home/airflow/.local/lib/python3.12/site-packages/airflow/example_dags/plugins/listener_plugin.py
[2026-04-28T20:16:53.690+0000] {processor.py:842} WARNING - No viable dags retrieved from /home/airflow/.local/lib/python3.12/site-packages/airflow/example_dags/plugins/listener_plugin.py
[2026-04-28T20:16:53.708+0000] {processor.py:183} INFO - Processing /home/airflow/.local/lib/python3.12/site-packages/airflow/example_dags/plugins/listener_plugin.py took 0.031 seconds
[2026-04-28T20:17:24.233+0000] {processor.py:161} INFO - Started process (PID=2860) to work on /home/airflow/.local/lib/python3.12/site-packages/airflow/example_dags/plugins/listener_plugin.py
[2026-04-28T20:17:24.234+0000] {processor.py:830} INFO - Processing file /home/airflow/.local/lib/python3.12/site-packages/airflow/example_dags/plugins/listener_plugin.py for tasks to queue
[2026-04-28T20:17:24.236+0000] {logging_mixin.py:188} INFO - [2026-04-28T20:17:24.236+0000] {dagbag.py:540} INFO - Filling up the DagBag from /home/airflow/.local/lib/python3.12/site-packages/airflow/example_dags/plugins/listener_plugin.py
[2026-04-28T20:17:24.267+0000] {processor.py:842} WARNING - No viable dags retrieved from /home/airflow/.local/lib/python3.12/site-packages/airflow/example_dags/plugins/listener_plugin.py
[2026-04-28T20:17:24.283+0000] {processor.py:183} INFO - Processing /home/airflow/.local/lib/python3.12/site-packages/airflow/example_dags/plugins/listener_plugin.py took 0.058 seconds
[2026-04-28T20:17:55.075+0000] {processor.py:161} INFO - Started process (PID=2920) to work on /home/airflow/.local/lib/python3.12/site-packages/airflow/example_dags/plugins/listener_plugin.py
[2026-04-28T20:17:55.076+0000] {processor.py:830} INFO - Processing file /home/airflow/.local/lib/python3.12/site-packages/airflow/example_dags/plugins/listener_plugin.py for tasks to queue
[2026-04-28T20:17:55.078+0000] {logging_mixin.py:188} INFO - [2026-04-28T20:17:55.078+0000] {dagbag.py:540} INFO - Filling up the DagBag from /home/airflow/.local/lib/python3.12/site-packages/airflow/example_dags/plugins/listener_plugin.py
[2026-04-28T20:17:55.082+0000] {processor.py:842} WARNING - No viable dags retrieved from /home/airflow/.local/lib/python3.12/site-packages/airflow/example_dags/plugins/listener_plugin.py
[2026-04-28T20:17:55.100+0000] {processor.py:183} INFO - Processing /home/airflow/.local/lib/python3.12/site-packages/airflow/example_dags/plugins/listener_plugin.py took 0.032 seconds
[2026-04-28T20:18:25.304+0000] {processor.py:161} INFO - Started process (PID=2979) to work on /home/airflow/.local/lib/python3.12/site-packages/airflow/example_dags/plugins/listener_plugin.py
[2026-04-28T20:18:25.306+0000] {processor.py:830} INFO - Processing file /home/airflow/.local/lib/python3.12/site-packages/airflow/example_dags/plugins/listener_plugin.py for tasks to queue
[2026-04-28T20:18:25.309+0000] {logging_mixin.py:188} INFO - [2026-04-28T20:18:25.308+0000] {dagbag.py:540} INFO - Filling up the DagBag from /home/airflow/.local/lib/python3.12/site-packages/airflow/example_dags/plugins/listener_plugin.py
[2026-04-28T20:18:25.312+0000] {processor.py:842} WARNING - No viable dags retrieved from /home/airflow/.local/lib/python3.12/site-packages/airflow/example_dags/plugins/listener_plugin.py
[2026-04-28T20:18:25.331+0000] {processor.py:183} INFO - Processing /home/airflow/.local/lib/python3.12/site-packages/airflow/example_dags/plugins/listener_plugin.py took 0.034 seconds
[2026-04-28T20:18:55.673+0000] {processor.py:161} INFO - Started process (PID=3039) to work on /home/airflow/.local/lib/python3.12/site-packages/airflow/example_dags/plugins/listener_plugin.py
[2026-04-28T20:18:55.675+0000] {processor.py:830} INFO - Processing file /home/airflow/.local/lib/python3.12/site-packages/airflow/example_dags/plugins/listener_plugin.py for tasks to queue
[2026-04-28T20:18:55.677+0000] {logging_mixin.py:188} INFO - [2026-04-28T20:18:55.677+0000] {dagbag.py:540} INFO - Filling up the DagBag from /home/airflow/.local/lib/python3.12/site-packages/airflow/example_dags/plugins/listener_plugin.py
[2026-04-28T20:18:55.680+0000] {processor.py:842} WARNING - No viable dags retrieved from /home/airflow/.local/lib/python3.12/site-packages/airflow/example_dags/plugins/listener_plugin.py
[2026-04-28T20:18:55.697+0000] {processor.py:183} INFO - Processing /home/airflow/.local/lib/python3.12/site-packages/airflow/example_dags/plugins/listener_plugin.py took 0.030 seconds
[2026-04-28T20:19:26.472+0000] {processor.py:161} INFO - Started process (PID=3099) to work on /home/airflow/.local/lib/python3.12/site-packages/airflow/example_dags/plugins/listener_plugin.py
[2026-04-28T20:19:26.472+0000] {processor.py:830} INFO - Processing file /home/airflow/.local/lib/python3.12/site-packages/airflow/example_dags/plugins/listener_plugin.py for tasks to queue
[2026-04-28T20:19:26.476+0000] {logging_mixin.py:188} INFO - [2026-04-28T20:19:26.476+0000] {dagbag.py:540} INFO - Filling up the DagBag from /home/airflow/.local/lib/python3.12/site-packages/airflow/example_dags/plugins/listener_plugin.py
[2026-04-28T20:19:26.483+0000] {processor.py:842} WARNING - No viable dags retrieved from /home/airflow/.local/lib/python3.12/site-packages/airflow/example_dags/plugins/listener_plugin.py
[2026-04-28T20:19:26.542+0000] {processor.py:183} INFO - Processing /home/airflow/.local/lib/python3.12/site-packages/airflow/example_dags/plugins/listener_plugin.py took 0.078 seconds
[2026-04-28T20:19:56.897+0000] {processor.py:161} INFO - Started process (PID=3159) to work on /home/airflow/.local/lib/python3.12/site-packages/airflow/example_dags/plugins/listener_plugin.py
[2026-04-28T20:19:56.897+0000] {processor.py:830} INFO - Processing file /home/airflow/.local/lib/python3.12/site-packages/airflow/example_dags/plugins/listener_plugin.py for tasks to queue
[2026-04-28T20:19:56.900+0000] {logging_mixin.py:188} INFO - [2026-04-28T20:19:56.899+0000] {dagbag.py:540} INFO - Filling up the DagBag from /home/airflow/.local/lib/python3.12/site-packages/airflow/example_dags/plugins/listener_plugin.py
[2026-04-28T20:19:56.904+0000] {processor.py:842} WARNING - No viable dags retrieved from /home/airflow/.local/lib/python3.12/site-packages/airflow/example_dags/plugins/listener_plugin.py
[2026-04-28T20:19:56.928+0000] {processor.py:183} INFO - Processing /home/airflow/.local/lib/python3.12/site-packages/airflow/example_dags/plugins/listener_plugin.py took 0.041 seconds
[2026-04-28T20:20:27.852+0000] {processor.py:161} INFO - Started process (PID=3219) to work on /home/airflow/.local/lib/python3.12/site-packages/airflow/example_dags/plugins/listener_plugin.py
[2026-04-28T20:20:27.854+0000] {processor.py:830} INFO - Processing file /home/airflow/.local/lib/python3.12/site-packages/airflow/example_dags/plugins/listener_plugin.py for tasks to queue
[2026-04-28T20:20:27.857+0000] {logging_mixin.py:188} INFO - [2026-04-28T20:20:27.857+0000] {dagbag.py:540} INFO - Filling up the DagBag from /home/airflow/.local/lib/python3.12/site-packages/airflow/example_dags/plugins/listener_plugin.py
[2026-04-28T20:20:27.862+0000] {processor.py:842} WARNING - No viable dags retrieved from /home/airflow/.local/lib/python3.12/site-packages/airflow/example_dags/plugins/listener_plugin.py
[2026-04-28T20:20:27.910+0000] {processor.py:183} INFO - Processing /home/airflow/.local/lib/python3.12/site-packages/airflow/example_dags/plugins/listener_plugin.py took 0.066 seconds
[2026-04-28T20:20:58.196+0000] {processor.py:161} INFO - Started process (PID=3279) to work on /home/airflow/.local/lib/python3.12/site-packages/airflow/example_dags/plugins/listener_plugin.py
[2026-04-28T20:20:58.197+0000] {processor.py:830} INFO - Processing file /home/airflow/.local/lib/python3.12/site-packages/airflow/example_dags/plugins/listener_plugin.py for tasks to queue
[2026-04-28T20:20:58.198+0000] {logging_mixin.py:188} INFO - [2026-04-28T20:20:58.198+0000] {dagbag.py:540} INFO - Filling up the DagBag from /home/airflow/.local/lib/python3.12/site-packages/airflow/example_dags/plugins/listener_plugin.py
[2026-04-28T20:20:58.201+0000] {processor.py:842} WARNING - No viable dags retrieved from /home/airflow/.local/lib/python3.12/site-packages/airflow/example_dags/plugins/listener_plugin.py
[2026-04-28T20:20:58.220+0000] {processor.py:183} INFO - Processing /home/airflow/.local/lib/python3.12/site-packages/airflow/example_dags/plugins/listener_plugin.py took 0.031 seconds
[2026-04-28T20:21:42.638+0000] {processor.py:161} INFO - Started process (PID=3339) to work on /home/airflow/.local/lib/python3.12/site-packages/airflow/example_dags/plugins/listener_plugin.py
[2026-04-28T20:21:42.651+0000] {processor.py:830} INFO - Processing file /home/airflow/.local/lib/python3.12/site-packages/airflow/example_dags/plugins/listener_plugin.py for tasks to queue
[2026-04-28T20:21:42.660+0000] {logging_mixin.py:188} INFO - [2026-04-28T20:21:42.659+0000] {dagbag.py:540} INFO - Filling up the DagBag from /home/airflow/.local/lib/python3.12/site-packages/airflow/example_dags/plugins/listener_plugin.py
[2026-04-28T20:21:42.696+0000] {processor.py:842} WARNING - No viable dags retrieved from /home/airflow/.local/lib/python3.12/site-packages/airflow/example_dags/plugins/listener_plugin.py
[2026-04-28T20:21:42.864+0000] {processor.py:183} INFO - Processing /home/airflow/.local/lib/python3.12/site-packages/airflow/example_dags/plugins/listener_plugin.py took 0.275 seconds
[2026-04-28T20:32:51.067+0000] {processor.py:161} INFO - Started process (PID=224) to work on /home/airflow/.local/lib/python3.12/site-packages/airflow/example_dags/plugins/listener_plugin.py
[2026-04-28T20:32:51.077+0000] {processor.py:830} INFO - Processing file /home/airflow/.local/lib/python3.12/site-packages/airflow/example_dags/plugins/listener_plugin.py for tasks to queue
[2026-04-28T20:32:51.084+0000] {logging_mixin.py:188} INFO - [2026-04-28T20:32:51.082+0000] {dagbag.py:540} INFO - Filling up the DagBag from /home/airflow/.local/lib/python3.12/site-packages/airflow/example_dags/plugins/listener_plugin.py
[2026-04-28T20:32:51.099+0000] {processor.py:842} WARNING - No viable dags retrieved from /home/airflow/.local/lib/python3.12/site-packages/airflow/example_dags/plugins/listener_plugin.py
[2026-04-28T20:32:51.172+0000] {processor.py:183} INFO - Processing /home/airflow/.local/lib/python3.12/site-packages/airflow/example_dags/plugins/listener_plugin.py took 0.153 seconds
[2026-04-28T20:33:23.337+0000] {processor.py:161} INFO - Started process (PID=283) to work on /home/airflow/.local/lib/python3.12/site-packages/airflow/example_dags/plugins/listener_plugin.py
[2026-04-28T20:33:23.343+0000] {processor.py:830} INFO - Processing file /home/airflow/.local/lib/python3.12/site-packages/airflow/example_dags/plugins/listener_plugin.py for tasks to queue
[2026-04-28T20:33:23.351+0000] {logging_mixin.py:188} INFO - [2026-04-28T20:33:23.350+0000] {dagbag.py:540} INFO - Filling up the DagBag from /home/airflow/.local/lib/python3.12/site-packages/airflow/example_dags/plugins/listener_plugin.py
[2026-04-28T20:33:23.366+0000] {processor.py:842} WARNING - No viable dags retrieved from /home/airflow/.local/lib/python3.12/site-packages/airflow/example_dags/plugins/listener_plugin.py
[2026-04-28T20:33:23.415+0000] {processor.py:183} INFO - Processing /home/airflow/.local/lib/python3.12/site-packages/airflow/example_dags/plugins/listener_plugin.py took 0.104 seconds
[2026-04-28T20:33:56.702+0000] {processor.py:161} INFO - Started process (PID=343) to work on /home/airflow/.local/lib/python3.12/site-packages/airflow/example_dags/plugins/listener_plugin.py
[2026-04-28T20:33:56.707+0000] {processor.py:830} INFO - Processing file /home/airflow/.local/lib/python3.12/site-packages/airflow/example_dags/plugins/listener_plugin.py for tasks to queue
[2026-04-28T20:33:56.726+0000] {logging_mixin.py:188} INFO - [2026-04-28T20:33:56.726+0000] {dagbag.py:540} INFO - Filling up the DagBag from /home/airflow/.local/lib/python3.12/site-packages/airflow/example_dags/plugins/listener_plugin.py
[2026-04-28T20:33:56.740+0000] {processor.py:842} WARNING - No viable dags retrieved from /home/airflow/.local/lib/python3.12/site-packages/airflow/example_dags/plugins/listener_plugin.py
[2026-04-28T20:33:56.960+0000] {processor.py:183} INFO - Processing /home/airflow/.local/lib/python3.12/site-packages/airflow/example_dags/plugins/listener_plugin.py took 0.312 seconds
[2026-04-28T20:34:27.332+0000] {processor.py:161} INFO - Started process (PID=402) to work on /home/airflow/.local/lib/python3.12/site-packages/airflow/example_dags/plugins/listener_plugin.py
[2026-04-28T20:34:27.337+0000] {processor.py:830} INFO - Processing file /home/airflow/.local/lib/python3.12/site-packages/airflow/example_dags/plugins/listener_plugin.py for tasks to queue
[2026-04-28T20:34:27.340+0000] {logging_mixin.py:188} INFO - [2026-04-28T20:34:27.339+0000] {dagbag.py:540} INFO - Filling up the DagBag from /home/airflow/.local/lib/python3.12/site-packages/airflow/example_dags/plugins/listener_plugin.py
[2026-04-28T20:34:27.348+0000] {processor.py:842} WARNING - No viable dags retrieved from /home/airflow/.local/lib/python3.12/site-packages/airflow/example_dags/plugins/listener_plugin.py
[2026-04-28T20:34:27.366+0000] {processor.py:183} INFO - Processing /home/airflow/.local/lib/python3.12/site-packages/airflow/example_dags/plugins/listener_plugin.py took 0.042 seconds
[2026-04-28T20:47:31.288+0000] {processor.py:161} INFO - Started process (PID=122) to work on /home/airflow/.local/lib/python3.12/site-packages/airflow/example_dags/plugins/listener_plugin.py
[2026-04-28T20:47:31.295+0000] {processor.py:830} INFO - Processing file /home/airflow/.local/lib/python3.12/site-packages/airflow/example_dags/plugins/listener_plugin.py for tasks to queue
[2026-04-28T20:47:31.298+0000] {logging_mixin.py:188} INFO - [2026-04-28T20:47:31.297+0000] {dagbag.py:540} INFO - Filling up the DagBag from /home/airflow/.local/lib/python3.12/site-packages/airflow/example_dags/plugins/listener_plugin.py
[2026-04-28T20:47:31.348+0000] {processor.py:842} WARNING - No viable dags retrieved from /home/airflow/.local/lib/python3.12/site-packages/airflow/example_dags/plugins/listener_plugin.py
[2026-04-28T20:47:31.443+0000] {processor.py:183} INFO - Processing /home/airflow/.local/lib/python3.12/site-packages/airflow/example_dags/plugins/listener_plugin.py took 0.163 seconds
[2026-04-28T20:48:02.324+0000] {processor.py:161} INFO - Started process (PID=180) to work on /home/airflow/.local/lib/python3.12/site-packages/airflow/example_dags/plugins/listener_plugin.py
[2026-04-28T20:48:02.326+0000] {processor.py:830} INFO - Processing file /home/airflow/.local/lib/python3.12/site-packages/airflow/example_dags/plugins/listener_plugin.py for tasks to queue
[2026-04-28T20:48:02.329+0000] {logging_mixin.py:188} INFO - [2026-04-28T20:48:02.328+0000] {dagbag.py:540} INFO - Filling up the DagBag from /home/airflow/.local/lib/python3.12/site-packages/airflow/example_dags/plugins/listener_plugin.py
[2026-04-28T20:48:02.333+0000] {processor.py:842} WARNING - No viable dags retrieved from /home/airflow/.local/lib/python3.12/site-packages/airflow/example_dags/plugins/listener_plugin.py
[2026-04-28T20:48:02.352+0000] {processor.py:183} INFO - Processing /home/airflow/.local/lib/python3.12/site-packages/airflow/example_dags/plugins/listener_plugin.py took 0.035 seconds
[2026-04-28T20:48:33.299+0000] {processor.py:161} INFO - Started process (PID=240) to work on /home/airflow/.local/lib/python3.12/site-packages/airflow/example_dags/plugins/listener_plugin.py
[2026-04-28T20:48:33.306+0000] {processor.py:830} INFO - Processing file /home/airflow/.local/lib/python3.12/site-packages/airflow/example_dags/plugins/listener_plugin.py for tasks to queue
[2026-04-28T20:48:33.309+0000] {logging_mixin.py:188} INFO - [2026-04-28T20:48:33.308+0000] {dagbag.py:540} INFO - Filling up the DagBag from /home/airflow/.local/lib/python3.12/site-packages/airflow/example_dags/plugins/listener_plugin.py
[2026-04-28T20:48:33.313+0000] {processor.py:842} WARNING - No viable dags retrieved from /home/airflow/.local/lib/python3.12/site-packages/airflow/example_dags/plugins/listener_plugin.py
[2026-04-28T20:48:33.334+0000] {processor.py:183} INFO - Processing /home/airflow/.local/lib/python3.12/site-packages/airflow/example_dags/plugins/listener_plugin.py took 0.044 seconds
[2026-04-28T20:49:03.662+0000] {processor.py:161} INFO - Started process (PID=300) to work on /home/airflow/.local/lib/python3.12/site-packages/airflow/example_dags/plugins/listener_plugin.py
[2026-04-28T20:49:03.663+0000] {processor.py:830} INFO - Processing file /home/airflow/.local/lib/python3.12/site-packages/airflow/example_dags/plugins/listener_plugin.py for tasks to queue
[2026-04-28T20:49:03.666+0000] {logging_mixin.py:188} INFO - [2026-04-28T20:49:03.665+0000] {dagbag.py:540} INFO - Filling up the DagBag from /home/airflow/.local/lib/python3.12/site-packages/airflow/example_dags/plugins/listener_plugin.py
[2026-04-28T20:49:03.682+0000] {processor.py:842} WARNING - No viable dags retrieved from /home/airflow/.local/lib/python3.12/site-packages/airflow/example_dags/plugins/listener_plugin.py
[2026-04-28T20:49:03.714+0000] {processor.py:183} INFO - Processing /home/airflow/.local/lib/python3.12/site-packages/airflow/example_dags/plugins/listener_plugin.py took 0.074 seconds
[2026-04-28T20:49:33.860+0000] {processor.py:161} INFO - Started process (PID=360) to work on /home/airflow/.local/lib/python3.12/site-packages/airflow/example_dags/plugins/listener_plugin.py
[2026-04-28T20:49:33.861+0000] {processor.py:830} INFO - Processing file /home/airflow/.local/lib/python3.12/site-packages/airflow/example_dags/plugins/listener_plugin.py for tasks to queue
[2026-04-28T20:49:33.864+0000] {logging_mixin.py:188} INFO - [2026-04-28T20:49:33.863+0000] {dagbag.py:540} INFO - Filling up the DagBag from /home/airflow/.local/lib/python3.12/site-packages/airflow/example_dags/plugins/listener_plugin.py
[2026-04-28T20:49:33.867+0000] {processor.py:842} WARNING - No viable dags retrieved from /home/airflow/.local/lib/python3.12/site-packages/airflow/example_dags/plugins/listener_plugin.py
[2026-04-28T20:49:33.883+0000] {processor.py:183} INFO - Processing /home/airflow/.local/lib/python3.12/site-packages/airflow/example_dags/plugins/listener_plugin.py took 0.030 seconds
[2026-04-28T20:50:04.004+0000] {processor.py:161} INFO - Started process (PID=420) to work on /home/airflow/.local/lib/python3.12/site-packages/airflow/example_dags/plugins/listener_plugin.py
[2026-04-28T20:50:04.008+0000] {processor.py:830} INFO - Processing file /home/airflow/.local/lib/python3.12/site-packages/airflow/example_dags/plugins/listener_plugin.py for tasks to queue
[2026-04-28T20:50:04.011+0000] {logging_mixin.py:188} INFO - [2026-04-28T20:50:04.011+0000] {dagbag.py:540} INFO - Filling up the DagBag from /home/airflow/.local/lib/python3.12/site-packages/airflow/example_dags/plugins/listener_plugin.py
[2026-04-28T20:50:04.027+0000] {processor.py:842} WARNING - No viable dags retrieved from /home/airflow/.local/lib/python3.12/site-packages/airflow/example_dags/plugins/listener_plugin.py
[2026-04-28T20:50:04.059+0000] {processor.py:183} INFO - Processing /home/airflow/.local/lib/python3.12/site-packages/airflow/example_dags/plugins/listener_plugin.py took 0.066 seconds
[2026-04-28T20:50:34.994+0000] {processor.py:161} INFO - Started process (PID=480) to work on /home/airflow/.local/lib/python3.12/site-packages/airflow/example_dags/plugins/listener_plugin.py
[2026-04-28T20:50:34.996+0000] {processor.py:830} INFO - Processing file /home/airflow/.local/lib/python3.12/site-packages/airflow/example_dags/plugins/listener_plugin.py for tasks to queue
[2026-04-28T20:50:34.998+0000] {logging_mixin.py:188} INFO - [2026-04-28T20:50:34.998+0000] {dagbag.py:540} INFO - Filling up the DagBag from /home/airflow/.local/lib/python3.12/site-packages/airflow/example_dags/plugins/listener_plugin.py
[2026-04-28T20:50:35.006+0000] {processor.py:842} WARNING - No viable dags retrieved from /home/airflow/.local/lib/python3.12/site-packages/airflow/example_dags/plugins/listener_plugin.py
[2026-04-28T20:50:35.033+0000] {processor.py:183} INFO - Processing /home/airflow/.local/lib/python3.12/site-packages/airflow/example_dags/plugins/listener_plugin.py took 0.045 seconds
[2026-04-28T20:51:05.115+0000] {processor.py:161} INFO - Started process (PID=540) to work on /home/airflow/.local/lib/python3.12/site-packages/airflow/example_dags/plugins/listener_plugin.py
[2026-04-28T20:51:05.116+0000] {processor.py:830} INFO - Processing file /home/airflow/.local/lib/python3.12/site-packages/airflow/example_dags/plugins/listener_plugin.py for tasks to queue
[2026-04-28T20:51:05.118+0000] {logging_mixin.py:188} INFO - [2026-04-28T20:51:05.117+0000] {dagbag.py:540} INFO - Filling up the DagBag from /home/airflow/.local/lib/python3.12/site-packages/airflow/example_dags/plugins/listener_plugin.py
[2026-04-28T20:51:05.122+0000] {processor.py:842} WARNING - No viable dags retrieved from /home/airflow/.local/lib/python3.12/site-packages/airflow/example_dags/plugins/listener_plugin.py
[2026-04-28T20:51:05.141+0000] {processor.py:183} INFO - Processing /home/airflow/.local/lib/python3.12/site-packages/airflow/example_dags/plugins/listener_plugin.py took 0.034 seconds
[2026-04-28T20:51:36.157+0000] {processor.py:161} INFO - Started process (PID=600) to work on /home/airflow/.local/lib/python3.12/site-packages/airflow/example_dags/plugins/listener_plugin.py
[2026-04-28T20:51:36.158+0000] {processor.py:830} INFO - Processing file /home/airflow/.local/lib/python3.12/site-packages/airflow/example_dags/plugins/listener_plugin.py for tasks to queue
[2026-04-28T20:51:36.160+0000] {logging_mixin.py:188} INFO - [2026-04-28T20:51:36.160+0000] {dagbag.py:540} INFO - Filling up the DagBag from /home/airflow/.local/lib/python3.12/site-packages/airflow/example_dags/plugins/listener_plugin.py
[2026-04-28T20:51:36.169+0000] {processor.py:842} WARNING - No viable dags retrieved from /home/airflow/.local/lib/python3.12/site-packages/airflow/example_dags/plugins/listener_plugin.py
[2026-04-28T20:51:36.184+0000] {processor.py:183} INFO - Processing /home/airflow/.local/lib/python3.12/site-packages/airflow/example_dags/plugins/listener_plugin.py took 0.034 seconds
[2026-04-28T20:52:06.603+0000] {processor.py:161} INFO - Started process (PID=661) to work on /home/airflow/.local/lib/python3.12/site-packages/airflow/example_dags/plugins/listener_plugin.py
[2026-04-28T20:52:06.604+0000] {processor.py:830} INFO - Processing file /home/airflow/.local/lib/python3.12/site-packages/airflow/example_dags/plugins/listener_plugin.py for tasks to queue
[2026-04-28T20:52:06.607+0000] {logging_mixin.py:188} INFO - [2026-04-28T20:52:06.606+0000] {dagbag.py:540} INFO - Filling up the DagBag from /home/airflow/.local/lib/python3.12/site-packages/airflow/example_dags/plugins/listener_plugin.py
[2026-04-28T20:52:06.610+0000] {processor.py:842} WARNING - No viable dags retrieved from /home/airflow/.local/lib/python3.12/site-packages/airflow/example_dags/plugins/listener_plugin.py
[2026-04-28T20:52:06.626+0000] {processor.py:183} INFO - Processing /home/airflow/.local/lib/python3.12/site-packages/airflow/example_dags/plugins/listener_plugin.py took 0.030 seconds
[2026-04-28T20:52:36.934+0000] {processor.py:161} INFO - Started process (PID=720) to work on /home/airflow/.local/lib/python3.12/site-packages/airflow/example_dags/plugins/listener_plugin.py
[2026-04-28T20:52:36.935+0000] {processor.py:830} INFO - Processing file /home/airflow/.local/lib/python3.12/site-packages/airflow/example_dags/plugins/listener_plugin.py for tasks to queue
[2026-04-28T20:52:36.937+0000] {logging_mixin.py:188} INFO - [2026-04-28T20:52:36.937+0000] {dagbag.py:540} INFO - Filling up the DagBag from /home/airflow/.local/lib/python3.12/site-packages/airflow/example_dags/plugins/listener_plugin.py
[2026-04-28T20:52:36.942+0000] {processor.py:842} WARNING - No viable dags retrieved from /home/airflow/.local/lib/python3.12/site-packages/airflow/example_dags/plugins/listener_plugin.py
[2026-04-28T20:52:36.959+0000] {processor.py:183} INFO - Processing /home/airflow/.local/lib/python3.12/site-packages/airflow/example_dags/plugins/listener_plugin.py took 0.032 seconds
[2026-04-28T20:53:08.268+0000] {processor.py:161} INFO - Started process (PID=781) to work on /home/airflow/.local/lib/python3.12/site-packages/airflow/example_dags/plugins/listener_plugin.py
[2026-04-28T20:53:08.271+0000] {processor.py:830} INFO - Processing file /home/airflow/.local/lib/python3.12/site-packages/airflow/example_dags/plugins/listener_plugin.py for tasks to queue
[2026-04-28T20:53:08.273+0000] {logging_mixin.py:188} INFO - [2026-04-28T20:53:08.273+0000] {dagbag.py:540} INFO - Filling up the DagBag from /home/airflow/.local/lib/python3.12/site-packages/airflow/example_dags/plugins/listener_plugin.py
[2026-04-28T20:53:08.278+0000] {processor.py:842} WARNING - No viable dags retrieved from /home/airflow/.local/lib/python3.12/site-packages/airflow/example_dags/plugins/listener_plugin.py
[2026-04-28T20:53:08.315+0000] {processor.py:183} INFO - Processing /home/airflow/.local/lib/python3.12/site-packages/airflow/example_dags/plugins/listener_plugin.py took 0.061 seconds
[2026-04-28T20:53:38.611+0000] {processor.py:161} INFO - Started process (PID=841) to work on /home/airflow/.local/lib/python3.12/site-packages/airflow/example_dags/plugins/listener_plugin.py
[2026-04-28T20:53:38.612+0000] {processor.py:830} INFO - Processing file /home/airflow/.local/lib/python3.12/site-packages/airflow/example_dags/plugins/listener_plugin.py for tasks to queue
[2026-04-28T20:53:38.614+0000] {logging_mixin.py:188} INFO - [2026-04-28T20:53:38.614+0000] {dagbag.py:540} INFO - Filling up the DagBag from /home/airflow/.local/lib/python3.12/site-packages/airflow/example_dags/plugins/listener_plugin.py
[2026-04-28T20:53:38.617+0000] {processor.py:842} WARNING - No viable dags retrieved from /home/airflow/.local/lib/python3.12/site-packages/airflow/example_dags/plugins/listener_plugin.py
[2026-04-28T20:53:38.633+0000] {processor.py:183} INFO - Processing /home/airflow/.local/lib/python3.12/site-packages/airflow/example_dags/plugins/listener_plugin.py took 0.029 seconds
[2026-04-28T20:54:09.469+0000] {processor.py:161} INFO - Started process (PID=901) to work on /home/airflow/.local/lib/python3.12/site-packages/airflow/example_dags/plugins/listener_plugin.py
[2026-04-28T20:54:09.471+0000] {processor.py:830} INFO - Processing file /home/airflow/.local/lib/python3.12/site-packages/airflow/example_dags/plugins/listener_plugin.py for tasks to queue
[2026-04-28T20:54:09.473+0000] {logging_mixin.py:188} INFO - [2026-04-28T20:54:09.472+0000] {dagbag.py:540} INFO - Filling up the DagBag from /home/airflow/.local/lib/python3.12/site-packages/airflow/example_dags/plugins/listener_plugin.py
[2026-04-28T20:54:09.478+0000] {processor.py:842} WARNING - No viable dags retrieved from /home/airflow/.local/lib/python3.12/site-packages/airflow/example_dags/plugins/listener_plugin.py
[2026-04-28T20:54:09.493+0000] {processor.py:183} INFO - Processing /home/airflow/.local/lib/python3.12/site-packages/airflow/example_dags/plugins/listener_plugin.py took 0.031 seconds
[2026-04-28T21:03:38.104+0000] {processor.py:161} INFO - Started process (PID=116) to work on /home/airflow/.local/lib/python3.12/site-packages/airflow/example_dags/plugins/listener_plugin.py
[2026-04-28T21:03:38.107+0000] {processor.py:830} INFO - Processing file /home/airflow/.local/lib/python3.12/site-packages/airflow/example_dags/plugins/listener_plugin.py for tasks to queue
[2026-04-28T21:03:38.111+0000] {logging_mixin.py:188} INFO - [2026-04-28T21:03:38.111+0000] {dagbag.py:540} INFO - Filling up the DagBag from /home/airflow/.local/lib/python3.12/site-packages/airflow/example_dags/plugins/listener_plugin.py
[2026-04-28T21:03:38.121+0000] {processor.py:842} WARNING - No viable dags retrieved from /home/airflow/.local/lib/python3.12/site-packages/airflow/example_dags/plugins/listener_plugin.py
[2026-04-28T21:03:38.153+0000] {processor.py:183} INFO - Processing /home/airflow/.local/lib/python3.12/site-packages/airflow/example_dags/plugins/listener_plugin.py took 0.056 seconds
[2026-04-28T21:04:09.006+0000] {processor.py:161} INFO - Started process (PID=173) to work on /home/airflow/.local/lib/python3.12/site-packages/airflow/example_dags/plugins/listener_plugin.py
[2026-04-28T21:04:09.008+0000] {processor.py:830} INFO - Processing file /home/airflow/.local/lib/python3.12/site-packages/airflow/example_dags/plugins/listener_plugin.py for tasks to queue
[2026-04-28T21:04:09.010+0000] {logging_mixin.py:188} INFO - [2026-04-28T21:04:09.010+0000] {dagbag.py:540} INFO - Filling up the DagBag from /home/airflow/.local/lib/python3.12/site-packages/airflow/example_dags/plugins/listener_plugin.py
[2026-04-28T21:04:09.015+0000] {processor.py:842} WARNING - No viable dags retrieved from /home/airflow/.local/lib/python3.12/site-packages/airflow/example_dags/plugins/listener_plugin.py
[2026-04-28T21:04:09.031+0000] {processor.py:183} INFO - Processing /home/airflow/.local/lib/python3.12/site-packages/airflow/example_dags/plugins/listener_plugin.py took 0.031 seconds
[2026-04-28T21:04:39.565+0000] {processor.py:161} INFO - Started process (PID=233) to work on /home/airflow/.local/lib/python3.12/site-packages/airflow/example_dags/plugins/listener_plugin.py
[2026-04-28T21:04:39.573+0000] {processor.py:830} INFO - Processing file /home/airflow/.local/lib/python3.12/site-packages/airflow/example_dags/plugins/listener_plugin.py for tasks to queue
[2026-04-28T21:04:39.580+0000] {logging_mixin.py:188} INFO - [2026-04-28T21:04:39.580+0000] {dagbag.py:540} INFO - Filling up the DagBag from /home/airflow/.local/lib/python3.12/site-packages/airflow/example_dags/plugins/listener_plugin.py
[2026-04-28T21:04:39.592+0000] {processor.py:842} WARNING - No viable dags retrieved from /home/airflow/.local/lib/python3.12/site-packages/airflow/example_dags/plugins/listener_plugin.py
[2026-04-28T21:04:39.650+0000] {processor.py:183} INFO - Processing /home/airflow/.local/lib/python3.12/site-packages/airflow/example_dags/plugins/listener_plugin.py took 0.108 seconds
[2026-04-28T21:05:10.736+0000] {processor.py:161} INFO - Started process (PID=292) to work on /home/airflow/.local/lib/python3.12/site-packages/airflow/example_dags/plugins/listener_plugin.py
[2026-04-28T21:05:10.739+0000] {processor.py:830} INFO - Processing file /home/airflow/.local/lib/python3.12/site-packages/airflow/example_dags/plugins/listener_plugin.py for tasks to queue
[2026-04-28T21:05:10.742+0000] {logging_mixin.py:188} INFO - [2026-04-28T21:05:10.742+0000] {dagbag.py:540} INFO - Filling up the DagBag from /home/airflow/.local/lib/python3.12/site-packages/airflow/example_dags/plugins/listener_plugin.py
[2026-04-28T21:05:10.749+0000] {processor.py:842} WARNING - No viable dags retrieved from /home/airflow/.local/lib/python3.12/site-packages/airflow/example_dags/plugins/listener_plugin.py
[2026-04-28T21:05:10.765+0000] {processor.py:183} INFO - Processing /home/airflow/.local/lib/python3.12/site-packages/airflow/example_dags/plugins/listener_plugin.py took 0.037 seconds
[2026-04-28T21:05:41.254+0000] {processor.py:161} INFO - Started process (PID=352) to work on /home/airflow/.local/lib/python3.12/site-packages/airflow/example_dags/plugins/listener_plugin.py
[2026-04-28T21:05:41.257+0000] {processor.py:830} INFO - Processing file /home/airflow/.local/lib/python3.12/site-packages/airflow/example_dags/plugins/listener_plugin.py for tasks to queue
[2026-04-28T21:05:41.264+0000] {logging_mixin.py:188} INFO - [2026-04-28T21:05:41.263+0000] {dagbag.py:540} INFO - Filling up the DagBag from /home/airflow/.local/lib/python3.12/site-packages/airflow/example_dags/plugins/listener_plugin.py
[2026-04-28T21:05:41.271+0000] {processor.py:842} WARNING - No viable dags retrieved from /home/airflow/.local/lib/python3.12/site-packages/airflow/example_dags/plugins/listener_plugin.py
[2026-04-28T21:05:41.292+0000] {processor.py:183} INFO - Processing /home/airflow/.local/lib/python3.12/site-packages/airflow/example_dags/plugins/listener_plugin.py took 0.054 seconds
[2026-04-28T21:06:11.527+0000] {processor.py:161} INFO - Started process (PID=412) to work on /home/airflow/.local/lib/python3.12/site-packages/airflow/example_dags/plugins/listener_plugin.py
[2026-04-28T21:06:11.528+0000] {processor.py:830} INFO - Processing file /home/airflow/.local/lib/python3.12/site-packages/airflow/example_dags/plugins/listener_plugin.py for tasks to queue
[2026-04-28T21:06:11.533+0000] {logging_mixin.py:188} INFO - [2026-04-28T21:06:11.532+0000] {dagbag.py:540} INFO - Filling up the DagBag from /home/airflow/.local/lib/python3.12/site-packages/airflow/example_dags/plugins/listener_plugin.py
[2026-04-28T21:06:11.539+0000] {processor.py:842} WARNING - No viable dags retrieved from /home/airflow/.local/lib/python3.12/site-packages/airflow/example_dags/plugins/listener_plugin.py
[2026-04-28T21:06:11.554+0000] {processor.py:183} INFO - Processing /home/airflow/.local/lib/python3.12/site-packages/airflow/example_dags/plugins/listener_plugin.py took 0.037 seconds
[2026-04-28T21:06:41.717+0000] {processor.py:161} INFO - Started process (PID=471) to work on /home/airflow/.local/lib/python3.12/site-packages/airflow/example_dags/plugins/listener_plugin.py
[2026-04-28T21:06:41.718+0000] {processor.py:830} INFO - Processing file /home/airflow/.local/lib/python3.12/site-packages/airflow/example_dags/plugins/listener_plugin.py for tasks to queue
[2026-04-28T21:06:41.720+0000] {logging_mixin.py:188} INFO - [2026-04-28T21:06:41.720+0000] {dagbag.py:540} INFO - Filling up the DagBag from /home/airflow/.local/lib/python3.12/site-packages/airflow/example_dags/plugins/listener_plugin.py
[2026-04-28T21:06:41.733+0000] {processor.py:842} WARNING - No viable dags retrieved from /home/airflow/.local/lib/python3.12/site-packages/airflow/example_dags/plugins/listener_plugin.py
[2026-04-28T21:06:41.752+0000] {processor.py:183} INFO - Processing /home/airflow/.local/lib/python3.12/site-packages/airflow/example_dags/plugins/listener_plugin.py took 0.042 seconds
[2026-04-28T21:07:12.493+0000] {processor.py:161} INFO - Started process (PID=532) to work on /home/airflow/.local/lib/python3.12/site-packages/airflow/example_dags/plugins/listener_plugin.py
[2026-04-28T21:07:12.495+0000] {processor.py:830} INFO - Processing file /home/airflow/.local/lib/python3.12/site-packages/airflow/example_dags/plugins/listener_plugin.py for tasks to queue
[2026-04-28T21:07:12.497+0000] {logging_mixin.py:188} INFO - [2026-04-28T21:07:12.497+0000] {dagbag.py:540} INFO - Filling up the DagBag from /home/airflow/.local/lib/python3.12/site-packages/airflow/example_dags/plugins/listener_plugin.py
[2026-04-28T21:07:12.504+0000] {processor.py:842} WARNING - No viable dags retrieved from /home/airflow/.local/lib/python3.12/site-packages/airflow/example_dags/plugins/listener_plugin.py
[2026-04-28T21:07:12.525+0000] {processor.py:183} INFO - Processing /home/airflow/.local/lib/python3.12/site-packages/airflow/example_dags/plugins/listener_plugin.py took 0.041 seconds
[2026-04-28T21:07:43.843+0000] {processor.py:161} INFO - Started process (PID=592) to work on /home/airflow/.local/lib/python3.12/site-packages/airflow/example_dags/plugins/listener_plugin.py
[2026-04-28T21:07:43.859+0000] {processor.py:830} INFO - Processing file /home/airflow/.local/lib/python3.12/site-packages/airflow/example_dags/plugins/listener_plugin.py for tasks to queue
[2026-04-28T21:07:43.867+0000] {logging_mixin.py:188} INFO - [2026-04-28T21:07:43.866+0000] {dagbag.py:540} INFO - Filling up the DagBag from /home/airflow/.local/lib/python3.12/site-packages/airflow/example_dags/plugins/listener_plugin.py
[2026-04-28T21:07:43.906+0000] {processor.py:842} WARNING - No viable dags retrieved from /home/airflow/.local/lib/python3.12/site-packages/airflow/example_dags/plugins/listener_plugin.py
[2026-04-28T21:07:43.961+0000] {processor.py:183} INFO - Processing /home/airflow/.local/lib/python3.12/site-packages/airflow/example_dags/plugins/listener_plugin.py took 0.137 seconds
[2026-04-28T21:08:14.565+0000] {processor.py:161} INFO - Started process (PID=651) to work on /home/airflow/.local/lib/python3.12/site-packages/airflow/example_dags/plugins/listener_plugin.py
[2026-04-28T21:08:14.570+0000] {processor.py:830} INFO - Processing file /home/airflow/.local/lib/python3.12/site-packages/airflow/example_dags/plugins/listener_plugin.py for tasks to queue
[2026-04-28T21:08:14.574+0000] {logging_mixin.py:188} INFO - [2026-04-28T21:08:14.574+0000] {dagbag.py:540} INFO - Filling up the DagBag from /home/airflow/.local/lib/python3.12/site-packages/airflow/example_dags/plugins/listener_plugin.py
[2026-04-28T21:08:14.583+0000] {processor.py:842} WARNING - No viable dags retrieved from /home/airflow/.local/lib/python3.12/site-packages/airflow/example_dags/plugins/listener_plugin.py
[2026-04-28T21:08:14.630+0000] {processor.py:183} INFO - Processing /home/airflow/.local/lib/python3.12/site-packages/airflow/example_dags/plugins/listener_plugin.py took 0.084 seconds
[2026-04-28T21:08:44.974+0000] {processor.py:161} INFO - Started process (PID=711) to work on /home/airflow/.local/lib/python3.12/site-packages/airflow/example_dags/plugins/listener_plugin.py
[2026-04-28T21:08:44.981+0000] {processor.py:830} INFO - Processing file /home/airflow/.local/lib/python3.12/site-packages/airflow/example_dags/plugins/listener_plugin.py for tasks to queue
[2026-04-28T21:08:44.984+0000] {logging_mixin.py:188} INFO - [2026-04-28T21:08:44.983+0000] {dagbag.py:540} INFO - Filling up the DagBag from /home/airflow/.local/lib/python3.12/site-packages/airflow/example_dags/plugins/listener_plugin.py
[2026-04-28T21:08:44.999+0000] {processor.py:842} WARNING - No viable dags retrieved from /home/airflow/.local/lib/python3.12/site-packages/airflow/example_dags/plugins/listener_plugin.py
[2026-04-28T21:08:45.030+0000] {processor.py:183} INFO - Processing /home/airflow/.local/lib/python3.12/site-packages/airflow/example_dags/plugins/listener_plugin.py took 0.064 seconds
[2026-04-28T21:09:15.361+0000] {processor.py:161} INFO - Started process (PID=770) to work on /home/airflow/.local/lib/python3.12/site-packages/airflow/example_dags/plugins/listener_plugin.py
[2026-04-28T21:09:15.367+0000] {processor.py:830} INFO - Processing file /home/airflow/.local/lib/python3.12/site-packages/airflow/example_dags/plugins/listener_plugin.py for tasks to queue
[2026-04-28T21:09:15.374+0000] {logging_mixin.py:188} INFO - [2026-04-28T21:09:15.374+0000] {dagbag.py:540} INFO - Filling up the DagBag from /home/airflow/.local/lib/python3.12/site-packages/airflow/example_dags/plugins/listener_plugin.py
[2026-04-28T21:09:15.394+0000] {processor.py:842} WARNING - No viable dags retrieved from /home/airflow/.local/lib/python3.12/site-packages/airflow/example_dags/plugins/listener_plugin.py
[2026-04-28T21:09:15.447+0000] {processor.py:183} INFO - Processing /home/airflow/.local/lib/python3.12/site-packages/airflow/example_dags/plugins/listener_plugin.py took 0.117 seconds
[2026-04-28T21:09:46.020+0000] {processor.py:161} INFO - Started process (PID=830) to work on /home/airflow/.local/lib/python3.12/site-packages/airflow/example_dags/plugins/listener_plugin.py
[2026-04-28T21:09:46.023+0000] {processor.py:830} INFO - Processing file /home/airflow/.local/lib/python3.12/site-packages/airflow/example_dags/plugins/listener_plugin.py for tasks to queue
[2026-04-28T21:09:46.025+0000] {logging_mixin.py:188} INFO - [2026-04-28T21:09:46.025+0000] {dagbag.py:540} INFO - Filling up the DagBag from /home/airflow/.local/lib/python3.12/site-packages/airflow/example_dags/plugins/listener_plugin.py
[2026-04-28T21:09:46.030+0000] {processor.py:842} WARNING - No viable dags retrieved from /home/airflow/.local/lib/python3.12/site-packages/airflow/example_dags/plugins/listener_plugin.py
[2026-04-28T21:09:46.048+0000] {processor.py:183} INFO - Processing /home/airflow/.local/lib/python3.12/site-packages/airflow/example_dags/plugins/listener_plugin.py took 0.034 seconds
[2026-04-28T21:10:17.232+0000] {processor.py:161} INFO - Started process (PID=895) to work on /home/airflow/.local/lib/python3.12/site-packages/airflow/example_dags/plugins/listener_plugin.py
[2026-04-28T21:10:17.240+0000] {processor.py:830} INFO - Processing file /home/airflow/.local/lib/python3.12/site-packages/airflow/example_dags/plugins/listener_plugin.py for tasks to queue
[2026-04-28T21:10:17.243+0000] {logging_mixin.py:188} INFO - [2026-04-28T21:10:17.243+0000] {dagbag.py:540} INFO - Filling up the DagBag from /home/airflow/.local/lib/python3.12/site-packages/airflow/example_dags/plugins/listener_plugin.py
[2026-04-28T21:10:17.272+0000] {processor.py:842} WARNING - No viable dags retrieved from /home/airflow/.local/lib/python3.12/site-packages/airflow/example_dags/plugins/listener_plugin.py
[2026-04-28T21:10:17.293+0000] {processor.py:183} INFO - Processing /home/airflow/.local/lib/python3.12/site-packages/airflow/example_dags/plugins/listener_plugin.py took 0.075 seconds
[2026-04-28T21:10:47.978+0000] {processor.py:161} INFO - Started process (PID=956) to work on /home/airflow/.local/lib/python3.12/site-packages/airflow/example_dags/plugins/listener_plugin.py
[2026-04-28T21:10:47.979+0000] {processor.py:830} INFO - Processing file /home/airflow/.local/lib/python3.12/site-packages/airflow/example_dags/plugins/listener_plugin.py for tasks to queue
[2026-04-28T21:10:47.981+0000] {logging_mixin.py:188} INFO - [2026-04-28T21:10:47.980+0000] {dagbag.py:540} INFO - Filling up the DagBag from /home/airflow/.local/lib/python3.12/site-packages/airflow/example_dags/plugins/listener_plugin.py
[2026-04-28T21:10:47.992+0000] {processor.py:842} WARNING - No viable dags retrieved from /home/airflow/.local/lib/python3.12/site-packages/airflow/example_dags/plugins/listener_plugin.py
[2026-04-28T21:10:48.008+0000] {processor.py:183} INFO - Processing /home/airflow/.local/lib/python3.12/site-packages/airflow/example_dags/plugins/listener_plugin.py took 0.038 seconds
[2026-04-28T21:11:27.650+0000] {processor.py:161} INFO - Started process (PID=1016) to work on /home/airflow/.local/lib/python3.12/site-packages/airflow/example_dags/plugins/listener_plugin.py
[2026-04-28T21:11:27.652+0000] {processor.py:830} INFO - Processing file /home/airflow/.local/lib/python3.12/site-packages/airflow/example_dags/plugins/listener_plugin.py for tasks to queue
[2026-04-28T21:11:27.655+0000] {logging_mixin.py:188} INFO - [2026-04-28T21:11:27.654+0000] {dagbag.py:540} INFO - Filling up the DagBag from /home/airflow/.local/lib/python3.12/site-packages/airflow/example_dags/plugins/listener_plugin.py
[2026-04-28T21:11:27.696+0000] {processor.py:842} WARNING - No viable dags retrieved from /home/airflow/.local/lib/python3.12/site-packages/airflow/example_dags/plugins/listener_plugin.py
[2026-04-28T21:11:27.736+0000] {processor.py:183} INFO - Processing /home/airflow/.local/lib/python3.12/site-packages/airflow/example_dags/plugins/listener_plugin.py took 0.096 seconds
[2026-04-28T21:11:58.639+0000] {processor.py:161} INFO - Started process (PID=1076) to work on /home/airflow/.local/lib/python3.12/site-packages/airflow/example_dags/plugins/listener_plugin.py
[2026-04-28T21:11:58.641+0000] {processor.py:830} INFO - Processing file /home/airflow/.local/lib/python3.12/site-packages/airflow/example_dags/plugins/listener_plugin.py for tasks to queue
[2026-04-28T21:11:58.644+0000] {logging_mixin.py:188} INFO - [2026-04-28T21:11:58.643+0000] {dagbag.py:540} INFO - Filling up the DagBag from /home/airflow/.local/lib/python3.12/site-packages/airflow/example_dags/plugins/listener_plugin.py
[2026-04-28T21:11:58.649+0000] {processor.py:842} WARNING - No viable dags retrieved from /home/airflow/.local/lib/python3.12/site-packages/airflow/example_dags/plugins/listener_plugin.py
[2026-04-28T21:11:58.665+0000] {processor.py:183} INFO - Processing /home/airflow/.local/lib/python3.12/site-packages/airflow/example_dags/plugins/listener_plugin.py took 0.033 seconds
[2026-04-28T21:12:29.959+0000] {processor.py:161} INFO - Started process (PID=1140) to work on /home/airflow/.local/lib/python3.12/site-packages/airflow/example_dags/plugins/listener_plugin.py
[2026-04-28T21:12:29.962+0000] {processor.py:830} INFO - Processing file /home/airflow/.local/lib/python3.12/site-packages/airflow/example_dags/plugins/listener_plugin.py for tasks to queue
[2026-04-28T21:12:29.965+0000] {logging_mixin.py:188} INFO - [2026-04-28T21:12:29.964+0000] {dagbag.py:540} INFO - Filling up the DagBag from /home/airflow/.local/lib/python3.12/site-packages/airflow/example_dags/plugins/listener_plugin.py
[2026-04-28T21:12:29.971+0000] {processor.py:842} WARNING - No viable dags retrieved from /home/airflow/.local/lib/python3.12/site-packages/airflow/example_dags/plugins/listener_plugin.py
[2026-04-28T21:12:29.987+0000] {processor.py:183} INFO - Processing /home/airflow/.local/lib/python3.12/site-packages/airflow/example_dags/plugins/listener_plugin.py took 0.035 seconds
[2026-04-28T21:13:02.204+0000] {processor.py:161} INFO - Started process (PID=1204) to work on /home/airflow/.local/lib/python3.12/site-packages/airflow/example_dags/plugins/listener_plugin.py
[2026-04-28T21:13:02.208+0000] {processor.py:830} INFO - Processing file /home/airflow/.local/lib/python3.12/site-packages/airflow/example_dags/plugins/listener_plugin.py for tasks to queue
[2026-04-28T21:13:02.210+0000] {logging_mixin.py:188} INFO - [2026-04-28T21:13:02.210+0000] {dagbag.py:540} INFO - Filling up the DagBag from /home/airflow/.local/lib/python3.12/site-packages/airflow/example_dags/plugins/listener_plugin.py
[2026-04-28T21:13:02.221+0000] {processor.py:842} WARNING - No viable dags retrieved from /home/airflow/.local/lib/python3.12/site-packages/airflow/example_dags/plugins/listener_plugin.py
[2026-04-28T21:13:02.248+0000] {processor.py:183} INFO - Processing /home/airflow/.local/lib/python3.12/site-packages/airflow/example_dags/plugins/listener_plugin.py took 0.070 seconds
[2026-04-28T21:13:32.903+0000] {processor.py:161} INFO - Started process (PID=1264) to work on /home/airflow/.local/lib/python3.12/site-packages/airflow/example_dags/plugins/listener_plugin.py
[2026-04-28T21:13:32.913+0000] {processor.py:830} INFO - Processing file /home/airflow/.local/lib/python3.12/site-packages/airflow/example_dags/plugins/listener_plugin.py for tasks to queue
[2026-04-28T21:13:32.921+0000] {logging_mixin.py:188} INFO - [2026-04-28T21:13:32.920+0000] {dagbag.py:540} INFO - Filling up the DagBag from /home/airflow/.local/lib/python3.12/site-packages/airflow/example_dags/plugins/listener_plugin.py
[2026-04-28T21:13:32.928+0000] {processor.py:842} WARNING - No viable dags retrieved from /home/airflow/.local/lib/python3.12/site-packages/airflow/example_dags/plugins/listener_plugin.py
[2026-04-28T21:13:33.025+0000] {processor.py:183} INFO - Processing /home/airflow/.local/lib/python3.12/site-packages/airflow/example_dags/plugins/listener_plugin.py took 0.178 seconds
[2026-04-28T21:14:03.345+0000] {processor.py:161} INFO - Started process (PID=1324) to work on /home/airflow/.local/lib/python3.12/site-packages/airflow/example_dags/plugins/listener_plugin.py
[2026-04-28T21:14:03.348+0000] {processor.py:830} INFO - Processing file /home/airflow/.local/lib/python3.12/site-packages/airflow/example_dags/plugins/listener_plugin.py for tasks to queue
[2026-04-28T21:14:03.352+0000] {logging_mixin.py:188} INFO - [2026-04-28T21:14:03.352+0000] {dagbag.py:540} INFO - Filling up the DagBag from /home/airflow/.local/lib/python3.12/site-packages/airflow/example_dags/plugins/listener_plugin.py
[2026-04-28T21:14:03.368+0000] {processor.py:842} WARNING - No viable dags retrieved from /home/airflow/.local/lib/python3.12/site-packages/airflow/example_dags/plugins/listener_plugin.py
[2026-04-28T21:14:03.387+0000] {processor.py:183} INFO - Processing /home/airflow/.local/lib/python3.12/site-packages/airflow/example_dags/plugins/listener_plugin.py took 0.050 seconds
[2026-04-28T21:20:43.552+0000] {processor.py:161} INFO - Started process (PID=116) to work on /home/airflow/.local/lib/python3.12/site-packages/airflow/example_dags/plugins/listener_plugin.py
[2026-04-28T21:20:43.558+0000] {processor.py:830} INFO - Processing file /home/airflow/.local/lib/python3.12/site-packages/airflow/example_dags/plugins/listener_plugin.py for tasks to queue
[2026-04-28T21:20:43.563+0000] {logging_mixin.py:188} INFO - [2026-04-28T21:20:43.562+0000] {dagbag.py:540} INFO - Filling up the DagBag from /home/airflow/.local/lib/python3.12/site-packages/airflow/example_dags/plugins/listener_plugin.py
[2026-04-28T21:20:43.576+0000] {processor.py:842} WARNING - No viable dags retrieved from /home/airflow/.local/lib/python3.12/site-packages/airflow/example_dags/plugins/listener_plugin.py
[2026-04-28T21:20:43.613+0000] {processor.py:183} INFO - Processing /home/airflow/.local/lib/python3.12/site-packages/airflow/example_dags/plugins/listener_plugin.py took 0.074 seconds
[2026-04-28T21:21:14.187+0000] {processor.py:161} INFO - Started process (PID=174) to work on /home/airflow/.local/lib/python3.12/site-packages/airflow/example_dags/plugins/listener_plugin.py
[2026-04-28T21:21:14.191+0000] {processor.py:830} INFO - Processing file /home/airflow/.local/lib/python3.12/site-packages/airflow/example_dags/plugins/listener_plugin.py for tasks to queue
[2026-04-28T21:21:14.193+0000] {logging_mixin.py:188} INFO - [2026-04-28T21:21:14.193+0000] {dagbag.py:540} INFO - Filling up the DagBag from /home/airflow/.local/lib/python3.12/site-packages/airflow/example_dags/plugins/listener_plugin.py
[2026-04-28T21:21:14.200+0000] {processor.py:842} WARNING - No viable dags retrieved from /home/airflow/.local/lib/python3.12/site-packages/airflow/example_dags/plugins/listener_plugin.py
[2026-04-28T21:21:14.217+0000] {processor.py:183} INFO - Processing /home/airflow/.local/lib/python3.12/site-packages/airflow/example_dags/plugins/listener_plugin.py took 0.037 seconds
[2026-04-28T21:21:45.038+0000] {processor.py:161} INFO - Started process (PID=234) to work on /home/airflow/.local/lib/python3.12/site-packages/airflow/example_dags/plugins/listener_plugin.py
[2026-04-28T21:21:45.039+0000] {processor.py:830} INFO - Processing file /home/airflow/.local/lib/python3.12/site-packages/airflow/example_dags/plugins/listener_plugin.py for tasks to queue
[2026-04-28T21:21:45.041+0000] {logging_mixin.py:188} INFO - [2026-04-28T21:21:45.041+0000] {dagbag.py:540} INFO - Filling up the DagBag from /home/airflow/.local/lib/python3.12/site-packages/airflow/example_dags/plugins/listener_plugin.py
[2026-04-28T21:21:45.048+0000] {processor.py:842} WARNING - No viable dags retrieved from /home/airflow/.local/lib/python3.12/site-packages/airflow/example_dags/plugins/listener_plugin.py
[2026-04-28T21:21:45.064+0000] {processor.py:183} INFO - Processing /home/airflow/.local/lib/python3.12/site-packages/airflow/example_dags/plugins/listener_plugin.py took 0.033 seconds
[2026-04-28T21:22:15.367+0000] {processor.py:161} INFO - Started process (PID=294) to work on /home/airflow/.local/lib/python3.12/site-packages/airflow/example_dags/plugins/listener_plugin.py
[2026-04-28T21:22:15.392+0000] {processor.py:830} INFO - Processing file /home/airflow/.local/lib/python3.12/site-packages/airflow/example_dags/plugins/listener_plugin.py for tasks to queue
[2026-04-28T21:22:15.407+0000] {logging_mixin.py:188} INFO - [2026-04-28T21:22:15.406+0000] {dagbag.py:540} INFO - Filling up the DagBag from /home/airflow/.local/lib/python3.12/site-packages/airflow/example_dags/plugins/listener_plugin.py
[2026-04-28T21:22:15.486+0000] {processor.py:842} WARNING - No viable dags retrieved from /home/airflow/.local/lib/python3.12/site-packages/airflow/example_dags/plugins/listener_plugin.py
[2026-04-28T21:22:15.537+0000] {processor.py:183} INFO - Processing /home/airflow/.local/lib/python3.12/site-packages/airflow/example_dags/plugins/listener_plugin.py took 0.210 seconds
[2026-04-28T21:22:46.416+0000] {processor.py:161} INFO - Started process (PID=354) to work on /home/airflow/.local/lib/python3.12/site-packages/airflow/example_dags/plugins/listener_plugin.py
[2026-04-28T21:22:46.418+0000] {processor.py:830} INFO - Processing file /home/airflow/.local/lib/python3.12/site-packages/airflow/example_dags/plugins/listener_plugin.py for tasks to queue
[2026-04-28T21:22:46.420+0000] {logging_mixin.py:188} INFO - [2026-04-28T21:22:46.419+0000] {dagbag.py:540} INFO - Filling up the DagBag from /home/airflow/.local/lib/python3.12/site-packages/airflow/example_dags/plugins/listener_plugin.py
[2026-04-28T21:22:46.426+0000] {processor.py:842} WARNING - No viable dags retrieved from /home/airflow/.local/lib/python3.12/site-packages/airflow/example_dags/plugins/listener_plugin.py
[2026-04-28T21:22:46.448+0000] {processor.py:183} INFO - Processing /home/airflow/.local/lib/python3.12/site-packages/airflow/example_dags/plugins/listener_plugin.py took 0.039 seconds
[2026-04-28T21:23:17.317+0000] {processor.py:161} INFO - Started process (PID=414) to work on /home/airflow/.local/lib/python3.12/site-packages/airflow/example_dags/plugins/listener_plugin.py
[2026-04-28T21:23:17.318+0000] {processor.py:830} INFO - Processing file /home/airflow/.local/lib/python3.12/site-packages/airflow/example_dags/plugins/listener_plugin.py for tasks to queue
[2026-04-28T21:23:17.320+0000] {logging_mixin.py:188} INFO - [2026-04-28T21:23:17.320+0000] {dagbag.py:540} INFO - Filling up the DagBag from /home/airflow/.local/lib/python3.12/site-packages/airflow/example_dags/plugins/listener_plugin.py
[2026-04-28T21:23:17.329+0000] {processor.py:842} WARNING - No viable dags retrieved from /home/airflow/.local/lib/python3.12/site-packages/airflow/example_dags/plugins/listener_plugin.py
[2026-04-28T21:23:17.344+0000] {processor.py:183} INFO - Processing /home/airflow/.local/lib/python3.12/site-packages/airflow/example_dags/plugins/listener_plugin.py took 0.034 seconds
[2026-04-28T21:23:48.018+0000] {processor.py:161} INFO - Started process (PID=475) to work on /home/airflow/.local/lib/python3.12/site-packages/airflow/example_dags/plugins/listener_plugin.py
[2026-04-28T21:23:48.023+0000] {processor.py:830} INFO - Processing file /home/airflow/.local/lib/python3.12/site-packages/airflow/example_dags/plugins/listener_plugin.py for tasks to queue
[2026-04-28T21:23:48.028+0000] {logging_mixin.py:188} INFO - [2026-04-28T21:23:48.027+0000] {dagbag.py:540} INFO - Filling up the DagBag from /home/airflow/.local/lib/python3.12/site-packages/airflow/example_dags/plugins/listener_plugin.py
[2026-04-28T21:23:48.100+0000] {processor.py:842} WARNING - No viable dags retrieved from /home/airflow/.local/lib/python3.12/site-packages/airflow/example_dags/plugins/listener_plugin.py
[2026-04-28T21:23:48.154+0000] {processor.py:183} INFO - Processing /home/airflow/.local/lib/python3.12/site-packages/airflow/example_dags/plugins/listener_plugin.py took 0.148 seconds
[2026-04-28T21:24:19.007+0000] {processor.py:161} INFO - Started process (PID=534) to work on /home/airflow/.local/lib/python3.12/site-packages/airflow/example_dags/plugins/listener_plugin.py
[2026-04-28T21:24:19.014+0000] {processor.py:830} INFO - Processing file /home/airflow/.local/lib/python3.12/site-packages/airflow/example_dags/plugins/listener_plugin.py for tasks to queue
[2026-04-28T21:24:19.018+0000] {logging_mixin.py:188} INFO - [2026-04-28T21:24:19.018+0000] {dagbag.py:540} INFO - Filling up the DagBag from /home/airflow/.local/lib/python3.12/site-packages/airflow/example_dags/plugins/listener_plugin.py
[2026-04-28T21:24:19.038+0000] {processor.py:842} WARNING - No viable dags retrieved from /home/airflow/.local/lib/python3.12/site-packages/airflow/example_dags/plugins/listener_plugin.py
[2026-04-28T21:24:19.087+0000] {processor.py:183} INFO - Processing /home/airflow/.local/lib/python3.12/site-packages/airflow/example_dags/plugins/listener_plugin.py took 0.092 seconds
[2026-04-28T21:24:52.306+0000] {processor.py:161} INFO - Started process (PID=601) to work on /home/airflow/.local/lib/python3.12/site-packages/airflow/example_dags/plugins/listener_plugin.py
[2026-04-28T21:24:52.310+0000] {processor.py:830} INFO - Processing file /home/airflow/.local/lib/python3.12/site-packages/airflow/example_dags/plugins/listener_plugin.py for tasks to queue
[2026-04-28T21:24:52.314+0000] {logging_mixin.py:188} INFO - [2026-04-28T21:24:52.314+0000] {dagbag.py:540} INFO - Filling up the DagBag from /home/airflow/.local/lib/python3.12/site-packages/airflow/example_dags/plugins/listener_plugin.py
[2026-04-28T21:24:52.329+0000] {processor.py:842} WARNING - No viable dags retrieved from /home/airflow/.local/lib/python3.12/site-packages/airflow/example_dags/plugins/listener_plugin.py
[2026-04-28T21:24:52.368+0000] {processor.py:183} INFO - Processing /home/airflow/.local/lib/python3.12/site-packages/airflow/example_dags/plugins/listener_plugin.py took 0.075 seconds
[2026-04-28T21:25:22.514+0000] {processor.py:161} INFO - Started process (PID=654) to work on /home/airflow/.local/lib/python3.12/site-packages/airflow/example_dags/plugins/listener_plugin.py
[2026-04-28T21:25:22.516+0000] {processor.py:830} INFO - Processing file /home/airflow/.local/lib/python3.12/site-packages/airflow/example_dags/plugins/listener_plugin.py for tasks to queue
[2026-04-28T21:25:22.522+0000] {logging_mixin.py:188} INFO - [2026-04-28T21:25:22.520+0000] {dagbag.py:540} INFO - Filling up the DagBag from /home/airflow/.local/lib/python3.12/site-packages/airflow/example_dags/plugins/listener_plugin.py
[2026-04-28T21:25:22.530+0000] {processor.py:842} WARNING - No viable dags retrieved from /home/airflow/.local/lib/python3.12/site-packages/airflow/example_dags/plugins/listener_plugin.py
[2026-04-28T21:25:22.556+0000] {processor.py:183} INFO - Processing /home/airflow/.local/lib/python3.12/site-packages/airflow/example_dags/plugins/listener_plugin.py took 0.050 seconds
[2026-04-28T21:25:53.451+0000] {processor.py:161} INFO - Started process (PID=720) to work on /home/airflow/.local/lib/python3.12/site-packages/airflow/example_dags/plugins/listener_plugin.py
[2026-04-28T21:25:53.453+0000] {processor.py:830} INFO - Processing file /home/airflow/.local/lib/python3.12/site-packages/airflow/example_dags/plugins/listener_plugin.py for tasks to queue
[2026-04-28T21:25:53.457+0000] {logging_mixin.py:188} INFO - [2026-04-28T21:25:53.457+0000] {dagbag.py:540} INFO - Filling up the DagBag from /home/airflow/.local/lib/python3.12/site-packages/airflow/example_dags/plugins/listener_plugin.py
[2026-04-28T21:25:53.470+0000] {processor.py:842} WARNING - No viable dags retrieved from /home/airflow/.local/lib/python3.12/site-packages/airflow/example_dags/plugins/listener_plugin.py
[2026-04-28T21:25:53.515+0000] {processor.py:183} INFO - Processing /home/airflow/.local/lib/python3.12/site-packages/airflow/example_dags/plugins/listener_plugin.py took 0.083 seconds
[2026-04-28T21:26:24.912+0000] {processor.py:161} INFO - Started process (PID=780) to work on /home/airflow/.local/lib/python3.12/site-packages/airflow/example_dags/plugins/listener_plugin.py
[2026-04-28T21:26:24.928+0000] {processor.py:830} INFO - Processing file /home/airflow/.local/lib/python3.12/site-packages/airflow/example_dags/plugins/listener_plugin.py for tasks to queue
[2026-04-28T21:26:24.936+0000] {logging_mixin.py:188} INFO - [2026-04-28T21:26:24.935+0000] {dagbag.py:540} INFO - Filling up the DagBag from /home/airflow/.local/lib/python3.12/site-packages/airflow/example_dags/plugins/listener_plugin.py
[2026-04-28T21:26:24.984+0000] {processor.py:842} WARNING - No viable dags retrieved from /home/airflow/.local/lib/python3.12/site-packages/airflow/example_dags/plugins/listener_plugin.py
[2026-04-28T21:26:25.025+0000] {processor.py:183} INFO - Processing /home/airflow/.local/lib/python3.12/site-packages/airflow/example_dags/plugins/listener_plugin.py took 0.137 seconds
[2026-04-28T21:26:55.541+0000] {processor.py:161} INFO - Started process (PID=840) to work on /home/airflow/.local/lib/python3.12/site-packages/airflow/example_dags/plugins/listener_plugin.py
[2026-04-28T21:26:55.547+0000] {processor.py:830} INFO - Processing file /home/airflow/.local/lib/python3.12/site-packages/airflow/example_dags/plugins/listener_plugin.py for tasks to queue
[2026-04-28T21:26:55.559+0000] {logging_mixin.py:188} INFO - [2026-04-28T21:26:55.559+0000] {dagbag.py:540} INFO - Filling up the DagBag from /home/airflow/.local/lib/python3.12/site-packages/airflow/example_dags/plugins/listener_plugin.py
[2026-04-28T21:26:55.584+0000] {processor.py:842} WARNING - No viable dags retrieved from /home/airflow/.local/lib/python3.12/site-packages/airflow/example_dags/plugins/listener_plugin.py
[2026-04-28T21:26:55.638+0000] {processor.py:183} INFO - Processing /home/airflow/.local/lib/python3.12/site-packages/airflow/example_dags/plugins/listener_plugin.py took 0.118 seconds
[2026-04-28T21:27:26.305+0000] {processor.py:161} INFO - Started process (PID=899) to work on /home/airflow/.local/lib/python3.12/site-packages/airflow/example_dags/plugins/listener_plugin.py
[2026-04-28T21:27:26.306+0000] {processor.py:830} INFO - Processing file /home/airflow/.local/lib/python3.12/site-packages/airflow/example_dags/plugins/listener_plugin.py for tasks to queue
[2026-04-28T21:27:26.308+0000] {logging_mixin.py:188} INFO - [2026-04-28T21:27:26.308+0000] {dagbag.py:540} INFO - Filling up the DagBag from /home/airflow/.local/lib/python3.12/site-packages/airflow/example_dags/plugins/listener_plugin.py
[2026-04-28T21:27:26.314+0000] {processor.py:842} WARNING - No viable dags retrieved from /home/airflow/.local/lib/python3.12/site-packages/airflow/example_dags/plugins/listener_plugin.py
[2026-04-28T21:27:26.330+0000] {processor.py:183} INFO - Processing /home/airflow/.local/lib/python3.12/site-packages/airflow/example_dags/plugins/listener_plugin.py took 0.033 seconds
[2026-04-28T21:27:57.001+0000] {processor.py:161} INFO - Started process (PID=959) to work on /home/airflow/.local/lib/python3.12/site-packages/airflow/example_dags/plugins/listener_plugin.py
[2026-04-28T21:27:57.003+0000] {processor.py:830} INFO - Processing file /home/airflow/.local/lib/python3.12/site-packages/airflow/example_dags/plugins/listener_plugin.py for tasks to queue
[2026-04-28T21:27:57.005+0000] {logging_mixin.py:188} INFO - [2026-04-28T21:27:57.004+0000] {dagbag.py:540} INFO - Filling up the DagBag from /home/airflow/.local/lib/python3.12/site-packages/airflow/example_dags/plugins/listener_plugin.py
[2026-04-28T21:27:57.012+0000] {processor.py:842} WARNING - No viable dags retrieved from /home/airflow/.local/lib/python3.12/site-packages/airflow/example_dags/plugins/listener_plugin.py
[2026-04-28T21:27:57.029+0000] {processor.py:183} INFO - Processing /home/airflow/.local/lib/python3.12/site-packages/airflow/example_dags/plugins/listener_plugin.py took 0.035 seconds
[2026-04-28T21:28:27.843+0000] {processor.py:161} INFO - Started process (PID=1019) to work on /home/airflow/.local/lib/python3.12/site-packages/airflow/example_dags/plugins/listener_plugin.py
[2026-04-28T21:28:27.847+0000] {processor.py:830} INFO - Processing file /home/airflow/.local/lib/python3.12/site-packages/airflow/example_dags/plugins/listener_plugin.py for tasks to queue
[2026-04-28T21:28:27.851+0000] {logging_mixin.py:188} INFO - [2026-04-28T21:28:27.850+0000] {dagbag.py:540} INFO - Filling up the DagBag from /home/airflow/.local/lib/python3.12/site-packages/airflow/example_dags/plugins/listener_plugin.py
[2026-04-28T21:28:27.859+0000] {processor.py:842} WARNING - No viable dags retrieved from /home/airflow/.local/lib/python3.12/site-packages/airflow/example_dags/plugins/listener_plugin.py
[2026-04-28T21:28:27.873+0000] {processor.py:183} INFO - Processing /home/airflow/.local/lib/python3.12/site-packages/airflow/example_dags/plugins/listener_plugin.py took 0.037 seconds
[2026-04-28T21:28:58.176+0000] {processor.py:161} INFO - Started process (PID=1079) to work on /home/airflow/.local/lib/python3.12/site-packages/airflow/example_dags/plugins/listener_plugin.py
[2026-04-28T21:28:58.178+0000] {processor.py:830} INFO - Processing file /home/airflow/.local/lib/python3.12/site-packages/airflow/example_dags/plugins/listener_plugin.py for tasks to queue
[2026-04-28T21:28:58.181+0000] {logging_mixin.py:188} INFO - [2026-04-28T21:28:58.180+0000] {dagbag.py:540} INFO - Filling up the DagBag from /home/airflow/.local/lib/python3.12/site-packages/airflow/example_dags/plugins/listener_plugin.py
[2026-04-28T21:28:58.188+0000] {processor.py:842} WARNING - No viable dags retrieved from /home/airflow/.local/lib/python3.12/site-packages/airflow/example_dags/plugins/listener_plugin.py
[2026-04-28T21:28:58.203+0000] {processor.py:183} INFO - Processing /home/airflow/.local/lib/python3.12/site-packages/airflow/example_dags/plugins/listener_plugin.py took 0.035 seconds
[2026-04-28T21:29:29.334+0000] {processor.py:161} INFO - Started process (PID=1138) to work on /home/airflow/.local/lib/python3.12/site-packages/airflow/example_dags/plugins/listener_plugin.py
[2026-04-28T21:29:29.335+0000] {processor.py:830} INFO - Processing file /home/airflow/.local/lib/python3.12/site-packages/airflow/example_dags/plugins/listener_plugin.py for tasks to queue
[2026-04-28T21:29:29.337+0000] {logging_mixin.py:188} INFO - [2026-04-28T21:29:29.336+0000] {dagbag.py:540} INFO - Filling up the DagBag from /home/airflow/.local/lib/python3.12/site-packages/airflow/example_dags/plugins/listener_plugin.py
[2026-04-28T21:29:29.345+0000] {processor.py:842} WARNING - No viable dags retrieved from /home/airflow/.local/lib/python3.12/site-packages/airflow/example_dags/plugins/listener_plugin.py
[2026-04-28T21:29:29.359+0000] {processor.py:183} INFO - Processing /home/airflow/.local/lib/python3.12/site-packages/airflow/example_dags/plugins/listener_plugin.py took 0.032 seconds
[2026-04-28T21:30:00.154+0000] {processor.py:161} INFO - Started process (PID=1198) to work on /home/airflow/.local/lib/python3.12/site-packages/airflow/example_dags/plugins/listener_plugin.py
[2026-04-28T21:30:00.155+0000] {processor.py:830} INFO - Processing file /home/airflow/.local/lib/python3.12/site-packages/airflow/example_dags/plugins/listener_plugin.py for tasks to queue
[2026-04-28T21:30:00.158+0000] {logging_mixin.py:188} INFO - [2026-04-28T21:30:00.158+0000] {dagbag.py:540} INFO - Filling up the DagBag from /home/airflow/.local/lib/python3.12/site-packages/airflow/example_dags/plugins/listener_plugin.py
[2026-04-28T21:30:00.163+0000] {processor.py:842} WARNING - No viable dags retrieved from /home/airflow/.local/lib/python3.12/site-packages/airflow/example_dags/plugins/listener_plugin.py
[2026-04-28T21:30:00.192+0000] {processor.py:183} INFO - Processing /home/airflow/.local/lib/python3.12/site-packages/airflow/example_dags/plugins/listener_plugin.py took 0.052 seconds
[2026-04-28T21:30:31.569+0000] {processor.py:161} INFO - Started process (PID=1257) to work on /home/airflow/.local/lib/python3.12/site-packages/airflow/example_dags/plugins/listener_plugin.py
[2026-04-28T21:30:31.570+0000] {processor.py:830} INFO - Processing file /home/airflow/.local/lib/python3.12/site-packages/airflow/example_dags/plugins/listener_plugin.py for tasks to queue
[2026-04-28T21:30:31.576+0000] {logging_mixin.py:188} INFO - [2026-04-28T21:30:31.575+0000] {dagbag.py:540} INFO - Filling up the DagBag from /home/airflow/.local/lib/python3.12/site-packages/airflow/example_dags/plugins/listener_plugin.py
[2026-04-28T21:30:31.579+0000] {processor.py:842} WARNING - No viable dags retrieved from /home/airflow/.local/lib/python3.12/site-packages/airflow/example_dags/plugins/listener_plugin.py
[2026-04-28T21:30:31.993+0000] {processor.py:183} INFO - Processing /home/airflow/.local/lib/python3.12/site-packages/airflow/example_dags/plugins/listener_plugin.py took 0.432 seconds
[2026-04-28T21:31:02.806+0000] {processor.py:161} INFO - Started process (PID=1317) to work on /home/airflow/.local/lib/python3.12/site-packages/airflow/example_dags/plugins/listener_plugin.py
[2026-04-28T21:31:02.809+0000] {processor.py:830} INFO - Processing file /home/airflow/.local/lib/python3.12/site-packages/airflow/example_dags/plugins/listener_plugin.py for tasks to queue
[2026-04-28T21:31:02.815+0000] {logging_mixin.py:188} INFO - [2026-04-28T21:31:02.815+0000] {dagbag.py:540} INFO - Filling up the DagBag from /home/airflow/.local/lib/python3.12/site-packages/airflow/example_dags/plugins/listener_plugin.py
[2026-04-28T21:31:02.853+0000] {processor.py:842} WARNING - No viable dags retrieved from /home/airflow/.local/lib/python3.12/site-packages/airflow/example_dags/plugins/listener_plugin.py
[2026-04-28T21:31:02.885+0000] {processor.py:183} INFO - Processing /home/airflow/.local/lib/python3.12/site-packages/airflow/example_dags/plugins/listener_plugin.py took 0.091 seconds
[2026-04-28T21:31:33.457+0000] {processor.py:161} INFO - Started process (PID=1377) to work on /home/airflow/.local/lib/python3.12/site-packages/airflow/example_dags/plugins/listener_plugin.py
[2026-04-28T21:31:33.458+0000] {processor.py:830} INFO - Processing file /home/airflow/.local/lib/python3.12/site-packages/airflow/example_dags/plugins/listener_plugin.py for tasks to queue
[2026-04-28T21:31:33.460+0000] {logging_mixin.py:188} INFO - [2026-04-28T21:31:33.460+0000] {dagbag.py:540} INFO - Filling up the DagBag from /home/airflow/.local/lib/python3.12/site-packages/airflow/example_dags/plugins/listener_plugin.py
[2026-04-28T21:31:33.467+0000] {processor.py:842} WARNING - No viable dags retrieved from /home/airflow/.local/lib/python3.12/site-packages/airflow/example_dags/plugins/listener_plugin.py
[2026-04-28T21:31:33.483+0000] {processor.py:183} INFO - Processing /home/airflow/.local/lib/python3.12/site-packages/airflow/example_dags/plugins/listener_plugin.py took 0.033 seconds
[2026-04-28T21:32:04.255+0000] {processor.py:161} INFO - Started process (PID=1437) to work on /home/airflow/.local/lib/python3.12/site-packages/airflow/example_dags/plugins/listener_plugin.py
[2026-04-28T21:32:04.256+0000] {processor.py:830} INFO - Processing file /home/airflow/.local/lib/python3.12/site-packages/airflow/example_dags/plugins/listener_plugin.py for tasks to queue
[2026-04-28T21:32:04.258+0000] {logging_mixin.py:188} INFO - [2026-04-28T21:32:04.258+0000] {dagbag.py:540} INFO - Filling up the DagBag from /home/airflow/.local/lib/python3.12/site-packages/airflow/example_dags/plugins/listener_plugin.py
[2026-04-28T21:32:04.265+0000] {processor.py:842} WARNING - No viable dags retrieved from /home/airflow/.local/lib/python3.12/site-packages/airflow/example_dags/plugins/listener_plugin.py
[2026-04-28T21:32:04.282+0000] {processor.py:183} INFO - Processing /home/airflow/.local/lib/python3.12/site-packages/airflow/example_dags/plugins/listener_plugin.py took 0.034 seconds
[2026-04-28T21:32:37.246+0000] {processor.py:161} INFO - Started process (PID=1496) to work on /home/airflow/.local/lib/python3.12/site-packages/airflow/example_dags/plugins/listener_plugin.py
[2026-04-28T21:32:37.252+0000] {processor.py:830} INFO - Processing file /home/airflow/.local/lib/python3.12/site-packages/airflow/example_dags/plugins/listener_plugin.py for tasks to queue
[2026-04-28T21:32:37.258+0000] {logging_mixin.py:188} INFO - [2026-04-28T21:32:37.258+0000] {dagbag.py:540} INFO - Filling up the DagBag from /home/airflow/.local/lib/python3.12/site-packages/airflow/example_dags/plugins/listener_plugin.py
[2026-04-28T21:32:37.289+0000] {processor.py:842} WARNING - No viable dags retrieved from /home/airflow/.local/lib/python3.12/site-packages/airflow/example_dags/plugins/listener_plugin.py
[2026-04-28T21:32:37.373+0000] {processor.py:183} INFO - Processing /home/airflow/.local/lib/python3.12/site-packages/airflow/example_dags/plugins/listener_plugin.py took 0.158 seconds
[2026-04-28T21:33:09.502+0000] {processor.py:161} INFO - Started process (PID=1556) to work on /home/airflow/.local/lib/python3.12/site-packages/airflow/example_dags/plugins/listener_plugin.py
[2026-04-28T21:33:09.506+0000] {processor.py:830} INFO - Processing file /home/airflow/.local/lib/python3.12/site-packages/airflow/example_dags/plugins/listener_plugin.py for tasks to queue
[2026-04-28T21:33:09.511+0000] {logging_mixin.py:188} INFO - [2026-04-28T21:33:09.511+0000] {dagbag.py:540} INFO - Filling up the DagBag from /home/airflow/.local/lib/python3.12/site-packages/airflow/example_dags/plugins/listener_plugin.py
[2026-04-28T21:33:09.549+0000] {processor.py:842} WARNING - No viable dags retrieved from /home/airflow/.local/lib/python3.12/site-packages/airflow/example_dags/plugins/listener_plugin.py
[2026-04-28T21:33:09.596+0000] {processor.py:183} INFO - Processing /home/airflow/.local/lib/python3.12/site-packages/airflow/example_dags/plugins/listener_plugin.py took 0.111 seconds
[2026-04-28T21:33:40.138+0000] {processor.py:161} INFO - Started process (PID=1617) to work on /home/airflow/.local/lib/python3.12/site-packages/airflow/example_dags/plugins/listener_plugin.py
[2026-04-28T21:33:40.140+0000] {processor.py:830} INFO - Processing file /home/airflow/.local/lib/python3.12/site-packages/airflow/example_dags/plugins/listener_plugin.py for tasks to queue
[2026-04-28T21:33:40.142+0000] {logging_mixin.py:188} INFO - [2026-04-28T21:33:40.141+0000] {dagbag.py:540} INFO - Filling up the DagBag from /home/airflow/.local/lib/python3.12/site-packages/airflow/example_dags/plugins/listener_plugin.py
[2026-04-28T21:33:40.154+0000] {processor.py:842} WARNING - No viable dags retrieved from /home/airflow/.local/lib/python3.12/site-packages/airflow/example_dags/plugins/listener_plugin.py
[2026-04-28T21:33:40.171+0000] {processor.py:183} INFO - Processing /home/airflow/.local/lib/python3.12/site-packages/airflow/example_dags/plugins/listener_plugin.py took 0.039 seconds
[2026-04-28T21:34:10.929+0000] {processor.py:161} INFO - Started process (PID=1676) to work on /home/airflow/.local/lib/python3.12/site-packages/airflow/example_dags/plugins/listener_plugin.py
[2026-04-28T21:34:10.933+0000] {processor.py:830} INFO - Processing file /home/airflow/.local/lib/python3.12/site-packages/airflow/example_dags/plugins/listener_plugin.py for tasks to queue
[2026-04-28T21:34:10.935+0000] {logging_mixin.py:188} INFO - [2026-04-28T21:34:10.934+0000] {dagbag.py:540} INFO - Filling up the DagBag from /home/airflow/.local/lib/python3.12/site-packages/airflow/example_dags/plugins/listener_plugin.py
[2026-04-28T21:34:10.938+0000] {processor.py:842} WARNING - No viable dags retrieved from /home/airflow/.local/lib/python3.12/site-packages/airflow/example_dags/plugins/listener_plugin.py
[2026-04-28T21:34:10.962+0000] {processor.py:183} INFO - Processing /home/airflow/.local/lib/python3.12/site-packages/airflow/example_dags/plugins/listener_plugin.py took 0.040 seconds
[2026-04-28T21:34:44.666+0000] {processor.py:161} INFO - Started process (PID=1736) to work on /home/airflow/.local/lib/python3.12/site-packages/airflow/example_dags/plugins/listener_plugin.py
[2026-04-28T21:34:44.669+0000] {processor.py:830} INFO - Processing file /home/airflow/.local/lib/python3.12/site-packages/airflow/example_dags/plugins/listener_plugin.py for tasks to queue
[2026-04-28T21:34:44.682+0000] {logging_mixin.py:188} INFO - [2026-04-28T21:34:44.678+0000] {dagbag.py:540} INFO - Filling up the DagBag from /home/airflow/.local/lib/python3.12/site-packages/airflow/example_dags/plugins/listener_plugin.py
[2026-04-28T21:34:44.736+0000] {processor.py:842} WARNING - No viable dags retrieved from /home/airflow/.local/lib/python3.12/site-packages/airflow/example_dags/plugins/listener_plugin.py
[2026-04-28T21:34:44.776+0000] {processor.py:183} INFO - Processing /home/airflow/.local/lib/python3.12/site-packages/airflow/example_dags/plugins/listener_plugin.py took 0.131 seconds
[2026-04-28T21:35:15.108+0000] {processor.py:161} INFO - Started process (PID=1797) to work on /home/airflow/.local/lib/python3.12/site-packages/airflow/example_dags/plugins/listener_plugin.py
[2026-04-28T21:35:15.109+0000] {processor.py:830} INFO - Processing file /home/airflow/.local/lib/python3.12/site-packages/airflow/example_dags/plugins/listener_plugin.py for tasks to queue
[2026-04-28T21:35:15.111+0000] {logging_mixin.py:188} INFO - [2026-04-28T21:35:15.111+0000] {dagbag.py:540} INFO - Filling up the DagBag from /home/airflow/.local/lib/python3.12/site-packages/airflow/example_dags/plugins/listener_plugin.py
[2026-04-28T21:35:15.115+0000] {processor.py:842} WARNING - No viable dags retrieved from /home/airflow/.local/lib/python3.12/site-packages/airflow/example_dags/plugins/listener_plugin.py
[2026-04-28T21:35:15.130+0000] {processor.py:183} INFO - Processing /home/airflow/.local/lib/python3.12/site-packages/airflow/example_dags/plugins/listener_plugin.py took 0.029 seconds
[2026-04-28T21:35:46.691+0000] {processor.py:161} INFO - Started process (PID=1857) to work on /home/airflow/.local/lib/python3.12/site-packages/airflow/example_dags/plugins/listener_plugin.py
[2026-04-28T21:35:46.693+0000] {processor.py:830} INFO - Processing file /home/airflow/.local/lib/python3.12/site-packages/airflow/example_dags/plugins/listener_plugin.py for tasks to queue
[2026-04-28T21:35:46.700+0000] {logging_mixin.py:188} INFO - [2026-04-28T21:35:46.699+0000] {dagbag.py:540} INFO - Filling up the DagBag from /home/airflow/.local/lib/python3.12/site-packages/airflow/example_dags/plugins/listener_plugin.py
[2026-04-28T21:35:46.709+0000] {processor.py:842} WARNING - No viable dags retrieved from /home/airflow/.local/lib/python3.12/site-packages/airflow/example_dags/plugins/listener_plugin.py
[2026-04-28T21:35:46.777+0000] {processor.py:183} INFO - Processing /home/airflow/.local/lib/python3.12/site-packages/airflow/example_dags/plugins/listener_plugin.py took 0.121 seconds
[2026-04-28T21:36:18.635+0000] {processor.py:161} INFO - Started process (PID=1920) to work on /home/airflow/.local/lib/python3.12/site-packages/airflow/example_dags/plugins/listener_plugin.py
[2026-04-28T21:36:18.637+0000] {processor.py:830} INFO - Processing file /home/airflow/.local/lib/python3.12/site-packages/airflow/example_dags/plugins/listener_plugin.py for tasks to queue
[2026-04-28T21:36:18.639+0000] {logging_mixin.py:188} INFO - [2026-04-28T21:36:18.638+0000] {dagbag.py:540} INFO - Filling up the DagBag from /home/airflow/.local/lib/python3.12/site-packages/airflow/example_dags/plugins/listener_plugin.py
[2026-04-28T21:36:18.668+0000] {processor.py:842} WARNING - No viable dags retrieved from /home/airflow/.local/lib/python3.12/site-packages/airflow/example_dags/plugins/listener_plugin.py
[2026-04-28T21:36:18.736+0000] {processor.py:183} INFO - Processing /home/airflow/.local/lib/python3.12/site-packages/airflow/example_dags/plugins/listener_plugin.py took 0.118 seconds
[2026-04-28T21:36:49.734+0000] {processor.py:161} INFO - Started process (PID=1980) to work on /home/airflow/.local/lib/python3.12/site-packages/airflow/example_dags/plugins/listener_plugin.py
[2026-04-28T21:36:49.738+0000] {processor.py:830} INFO - Processing file /home/airflow/.local/lib/python3.12/site-packages/airflow/example_dags/plugins/listener_plugin.py for tasks to queue
[2026-04-28T21:36:49.741+0000] {logging_mixin.py:188} INFO - [2026-04-28T21:36:49.740+0000] {dagbag.py:540} INFO - Filling up the DagBag from /home/airflow/.local/lib/python3.12/site-packages/airflow/example_dags/plugins/listener_plugin.py
[2026-04-28T21:36:49.766+0000] {processor.py:842} WARNING - No viable dags retrieved from /home/airflow/.local/lib/python3.12/site-packages/airflow/example_dags/plugins/listener_plugin.py
[2026-04-28T21:36:49.784+0000] {processor.py:183} INFO - Processing /home/airflow/.local/lib/python3.12/site-packages/airflow/example_dags/plugins/listener_plugin.py took 0.057 seconds
[2026-04-28T21:37:19.845+0000] {processor.py:161} INFO - Started process (PID=2038) to work on /home/airflow/.local/lib/python3.12/site-packages/airflow/example_dags/plugins/listener_plugin.py
[2026-04-28T21:37:19.848+0000] {processor.py:830} INFO - Processing file /home/airflow/.local/lib/python3.12/site-packages/airflow/example_dags/plugins/listener_plugin.py for tasks to queue
[2026-04-28T21:37:19.850+0000] {logging_mixin.py:188} INFO - [2026-04-28T21:37:19.850+0000] {dagbag.py:540} INFO - Filling up the DagBag from /home/airflow/.local/lib/python3.12/site-packages/airflow/example_dags/plugins/listener_plugin.py
[2026-04-28T21:37:19.862+0000] {processor.py:842} WARNING - No viable dags retrieved from /home/airflow/.local/lib/python3.12/site-packages/airflow/example_dags/plugins/listener_plugin.py
[2026-04-28T21:37:19.881+0000] {processor.py:183} INFO - Processing /home/airflow/.local/lib/python3.12/site-packages/airflow/example_dags/plugins/listener_plugin.py took 0.043 seconds
[2026-04-28T21:37:50.527+0000] {processor.py:161} INFO - Started process (PID=2098) to work on /home/airflow/.local/lib/python3.12/site-packages/airflow/example_dags/plugins/listener_plugin.py
[2026-04-28T21:37:50.529+0000] {processor.py:830} INFO - Processing file /home/airflow/.local/lib/python3.12/site-packages/airflow/example_dags/plugins/listener_plugin.py for tasks to queue
[2026-04-28T21:37:50.532+0000] {logging_mixin.py:188} INFO - [2026-04-28T21:37:50.531+0000] {dagbag.py:540} INFO - Filling up the DagBag from /home/airflow/.local/lib/python3.12/site-packages/airflow/example_dags/plugins/listener_plugin.py
[2026-04-28T21:37:50.553+0000] {processor.py:842} WARNING - No viable dags retrieved from /home/airflow/.local/lib/python3.12/site-packages/airflow/example_dags/plugins/listener_plugin.py
[2026-04-28T21:37:50.572+0000] {processor.py:183} INFO - Processing /home/airflow/.local/lib/python3.12/site-packages/airflow/example_dags/plugins/listener_plugin.py took 0.052 seconds
[2026-04-28T21:38:21.014+0000] {processor.py:161} INFO - Started process (PID=2157) to work on /home/airflow/.local/lib/python3.12/site-packages/airflow/example_dags/plugins/listener_plugin.py
[2026-04-28T21:38:21.017+0000] {processor.py:830} INFO - Processing file /home/airflow/.local/lib/python3.12/site-packages/airflow/example_dags/plugins/listener_plugin.py for tasks to queue
[2026-04-28T21:38:21.020+0000] {logging_mixin.py:188} INFO - [2026-04-28T21:38:21.019+0000] {dagbag.py:540} INFO - Filling up the DagBag from /home/airflow/.local/lib/python3.12/site-packages/airflow/example_dags/plugins/listener_plugin.py
[2026-04-28T21:38:21.035+0000] {processor.py:842} WARNING - No viable dags retrieved from /home/airflow/.local/lib/python3.12/site-packages/airflow/example_dags/plugins/listener_plugin.py
[2026-04-28T21:38:21.051+0000] {processor.py:183} INFO - Processing /home/airflow/.local/lib/python3.12/site-packages/airflow/example_dags/plugins/listener_plugin.py took 0.044 seconds
[2026-04-28T21:38:52.378+0000] {processor.py:161} INFO - Started process (PID=2219) to work on /home/airflow/.local/lib/python3.12/site-packages/airflow/example_dags/plugins/listener_plugin.py
[2026-04-28T21:38:52.380+0000] {processor.py:830} INFO - Processing file /home/airflow/.local/lib/python3.12/site-packages/airflow/example_dags/plugins/listener_plugin.py for tasks to queue
[2026-04-28T21:38:52.382+0000] {logging_mixin.py:188} INFO - [2026-04-28T21:38:52.381+0000] {dagbag.py:540} INFO - Filling up the DagBag from /home/airflow/.local/lib/python3.12/site-packages/airflow/example_dags/plugins/listener_plugin.py
[2026-04-28T21:38:52.396+0000] {processor.py:842} WARNING - No viable dags retrieved from /home/airflow/.local/lib/python3.12/site-packages/airflow/example_dags/plugins/listener_plugin.py
[2026-04-28T21:38:52.453+0000] {processor.py:183} INFO - Processing /home/airflow/.local/lib/python3.12/site-packages/airflow/example_dags/plugins/listener_plugin.py took 0.082 seconds
[2026-04-28T21:39:23.198+0000] {processor.py:161} INFO - Started process (PID=2278) to work on /home/airflow/.local/lib/python3.12/site-packages/airflow/example_dags/plugins/listener_plugin.py
[2026-04-28T21:39:23.201+0000] {processor.py:830} INFO - Processing file /home/airflow/.local/lib/python3.12/site-packages/airflow/example_dags/plugins/listener_plugin.py for tasks to queue
[2026-04-28T21:39:23.204+0000] {logging_mixin.py:188} INFO - [2026-04-28T21:39:23.203+0000] {dagbag.py:540} INFO - Filling up the DagBag from /home/airflow/.local/lib/python3.12/site-packages/airflow/example_dags/plugins/listener_plugin.py
[2026-04-28T21:39:23.228+0000] {processor.py:842} WARNING - No viable dags retrieved from /home/airflow/.local/lib/python3.12/site-packages/airflow/example_dags/plugins/listener_plugin.py
[2026-04-28T21:39:23.251+0000] {processor.py:183} INFO - Processing /home/airflow/.local/lib/python3.12/site-packages/airflow/example_dags/plugins/listener_plugin.py took 0.060 seconds
[2026-04-28T21:39:54.585+0000] {processor.py:161} INFO - Started process (PID=2338) to work on /home/airflow/.local/lib/python3.12/site-packages/airflow/example_dags/plugins/listener_plugin.py
[2026-04-28T21:39:54.587+0000] {processor.py:830} INFO - Processing file /home/airflow/.local/lib/python3.12/site-packages/airflow/example_dags/plugins/listener_plugin.py for tasks to queue
[2026-04-28T21:39:54.601+0000] {logging_mixin.py:188} INFO - [2026-04-28T21:39:54.600+0000] {dagbag.py:540} INFO - Filling up the DagBag from /home/airflow/.local/lib/python3.12/site-packages/airflow/example_dags/plugins/listener_plugin.py
[2026-04-28T21:39:54.636+0000] {processor.py:842} WARNING - No viable dags retrieved from /home/airflow/.local/lib/python3.12/site-packages/airflow/example_dags/plugins/listener_plugin.py
[2026-04-28T21:39:54.729+0000] {processor.py:183} INFO - Processing /home/airflow/.local/lib/python3.12/site-packages/airflow/example_dags/plugins/listener_plugin.py took 0.160 seconds
[2026-04-28T21:43:34.451+0000] {processor.py:161} INFO - Started process (PID=118) to work on /home/airflow/.local/lib/python3.12/site-packages/airflow/example_dags/plugins/listener_plugin.py
[2026-04-28T21:43:34.452+0000] {processor.py:830} INFO - Processing file /home/airflow/.local/lib/python3.12/site-packages/airflow/example_dags/plugins/listener_plugin.py for tasks to queue
[2026-04-28T21:43:34.457+0000] {logging_mixin.py:188} INFO - [2026-04-28T21:43:34.456+0000] {dagbag.py:540} INFO - Filling up the DagBag from /home/airflow/.local/lib/python3.12/site-packages/airflow/example_dags/plugins/listener_plugin.py
[2026-04-28T21:43:34.466+0000] {processor.py:842} WARNING - No viable dags retrieved from /home/airflow/.local/lib/python3.12/site-packages/airflow/example_dags/plugins/listener_plugin.py
[2026-04-28T21:43:34.483+0000] {processor.py:183} INFO - Processing /home/airflow/.local/lib/python3.12/site-packages/airflow/example_dags/plugins/listener_plugin.py took 0.045 seconds
[2026-04-28T21:44:04.972+0000] {processor.py:161} INFO - Started process (PID=176) to work on /home/airflow/.local/lib/python3.12/site-packages/airflow/example_dags/plugins/listener_plugin.py
[2026-04-28T21:44:04.975+0000] {processor.py:830} INFO - Processing file /home/airflow/.local/lib/python3.12/site-packages/airflow/example_dags/plugins/listener_plugin.py for tasks to queue
[2026-04-28T21:44:04.977+0000] {logging_mixin.py:188} INFO - [2026-04-28T21:44:04.977+0000] {dagbag.py:540} INFO - Filling up the DagBag from /home/airflow/.local/lib/python3.12/site-packages/airflow/example_dags/plugins/listener_plugin.py
[2026-04-28T21:44:04.984+0000] {processor.py:842} WARNING - No viable dags retrieved from /home/airflow/.local/lib/python3.12/site-packages/airflow/example_dags/plugins/listener_plugin.py
[2026-04-28T21:44:05.001+0000] {processor.py:183} INFO - Processing /home/airflow/.local/lib/python3.12/site-packages/airflow/example_dags/plugins/listener_plugin.py took 0.037 seconds
[2026-04-28T21:44:35.589+0000] {processor.py:161} INFO - Started process (PID=235) to work on /home/airflow/.local/lib/python3.12/site-packages/airflow/example_dags/plugins/listener_plugin.py
[2026-04-28T21:44:35.595+0000] {processor.py:830} INFO - Processing file /home/airflow/.local/lib/python3.12/site-packages/airflow/example_dags/plugins/listener_plugin.py for tasks to queue
[2026-04-28T21:44:35.598+0000] {logging_mixin.py:188} INFO - [2026-04-28T21:44:35.598+0000] {dagbag.py:540} INFO - Filling up the DagBag from /home/airflow/.local/lib/python3.12/site-packages/airflow/example_dags/plugins/listener_plugin.py
[2026-04-28T21:44:35.604+0000] {processor.py:842} WARNING - No viable dags retrieved from /home/airflow/.local/lib/python3.12/site-packages/airflow/example_dags/plugins/listener_plugin.py
[2026-04-28T21:44:35.671+0000] {processor.py:183} INFO - Processing /home/airflow/.local/lib/python3.12/site-packages/airflow/example_dags/plugins/listener_plugin.py took 0.115 seconds
[2026-04-28T21:45:06.686+0000] {processor.py:161} INFO - Started process (PID=295) to work on /home/airflow/.local/lib/python3.12/site-packages/airflow/example_dags/plugins/listener_plugin.py
[2026-04-28T21:45:06.687+0000] {processor.py:830} INFO - Processing file /home/airflow/.local/lib/python3.12/site-packages/airflow/example_dags/plugins/listener_plugin.py for tasks to queue
[2026-04-28T21:45:06.692+0000] {logging_mixin.py:188} INFO - [2026-04-28T21:45:06.691+0000] {dagbag.py:540} INFO - Filling up the DagBag from /home/airflow/.local/lib/python3.12/site-packages/airflow/example_dags/plugins/listener_plugin.py
[2026-04-28T21:45:06.699+0000] {processor.py:842} WARNING - No viable dags retrieved from /home/airflow/.local/lib/python3.12/site-packages/airflow/example_dags/plugins/listener_plugin.py
[2026-04-28T21:45:06.732+0000] {processor.py:183} INFO - Processing /home/airflow/.local/lib/python3.12/site-packages/airflow/example_dags/plugins/listener_plugin.py took 0.058 seconds
[2026-04-28T21:45:36.987+0000] {processor.py:161} INFO - Started process (PID=355) to work on /home/airflow/.local/lib/python3.12/site-packages/airflow/example_dags/plugins/listener_plugin.py
[2026-04-28T21:45:36.988+0000] {processor.py:830} INFO - Processing file /home/airflow/.local/lib/python3.12/site-packages/airflow/example_dags/plugins/listener_plugin.py for tasks to queue
[2026-04-28T21:45:36.990+0000] {logging_mixin.py:188} INFO - [2026-04-28T21:45:36.990+0000] {dagbag.py:540} INFO - Filling up the DagBag from /home/airflow/.local/lib/python3.12/site-packages/airflow/example_dags/plugins/listener_plugin.py
[2026-04-28T21:45:36.993+0000] {processor.py:842} WARNING - No viable dags retrieved from /home/airflow/.local/lib/python3.12/site-packages/airflow/example_dags/plugins/listener_plugin.py
[2026-04-28T21:45:37.019+0000] {processor.py:183} INFO - Processing /home/airflow/.local/lib/python3.12/site-packages/airflow/example_dags/plugins/listener_plugin.py took 0.038 seconds
[2026-04-28T21:46:07.489+0000] {processor.py:161} INFO - Started process (PID=415) to work on /home/airflow/.local/lib/python3.12/site-packages/airflow/example_dags/plugins/listener_plugin.py
[2026-04-28T21:46:07.492+0000] {processor.py:830} INFO - Processing file /home/airflow/.local/lib/python3.12/site-packages/airflow/example_dags/plugins/listener_plugin.py for tasks to queue
[2026-04-28T21:46:07.494+0000] {logging_mixin.py:188} INFO - [2026-04-28T21:46:07.493+0000] {dagbag.py:540} INFO - Filling up the DagBag from /home/airflow/.local/lib/python3.12/site-packages/airflow/example_dags/plugins/listener_plugin.py
[2026-04-28T21:46:07.501+0000] {processor.py:842} WARNING - No viable dags retrieved from /home/airflow/.local/lib/python3.12/site-packages/airflow/example_dags/plugins/listener_plugin.py
[2026-04-28T21:46:07.550+0000] {processor.py:183} INFO - Processing /home/airflow/.local/lib/python3.12/site-packages/airflow/example_dags/plugins/listener_plugin.py took 0.076 seconds
[2026-04-28T21:46:38.201+0000] {processor.py:161} INFO - Started process (PID=474) to work on /home/airflow/.local/lib/python3.12/site-packages/airflow/example_dags/plugins/listener_plugin.py
[2026-04-28T21:46:38.204+0000] {processor.py:830} INFO - Processing file /home/airflow/.local/lib/python3.12/site-packages/airflow/example_dags/plugins/listener_plugin.py for tasks to queue
[2026-04-28T21:46:38.209+0000] {logging_mixin.py:188} INFO - [2026-04-28T21:46:38.208+0000] {dagbag.py:540} INFO - Filling up the DagBag from /home/airflow/.local/lib/python3.12/site-packages/airflow/example_dags/plugins/listener_plugin.py
[2026-04-28T21:46:38.226+0000] {processor.py:842} WARNING - No viable dags retrieved from /home/airflow/.local/lib/python3.12/site-packages/airflow/example_dags/plugins/listener_plugin.py
[2026-04-28T21:46:38.268+0000] {processor.py:183} INFO - Processing /home/airflow/.local/lib/python3.12/site-packages/airflow/example_dags/plugins/listener_plugin.py took 0.086 seconds
[2026-04-28T21:47:08.544+0000] {processor.py:161} INFO - Started process (PID=534) to work on /home/airflow/.local/lib/python3.12/site-packages/airflow/example_dags/plugins/listener_plugin.py
[2026-04-28T21:47:08.550+0000] {processor.py:830} INFO - Processing file /home/airflow/.local/lib/python3.12/site-packages/airflow/example_dags/plugins/listener_plugin.py for tasks to queue
[2026-04-28T21:47:08.554+0000] {logging_mixin.py:188} INFO - [2026-04-28T21:47:08.553+0000] {dagbag.py:540} INFO - Filling up the DagBag from /home/airflow/.local/lib/python3.12/site-packages/airflow/example_dags/plugins/listener_plugin.py
[2026-04-28T21:47:08.601+0000] {processor.py:842} WARNING - No viable dags retrieved from /home/airflow/.local/lib/python3.12/site-packages/airflow/example_dags/plugins/listener_plugin.py
[2026-04-28T21:47:08.630+0000] {processor.py:183} INFO - Processing /home/airflow/.local/lib/python3.12/site-packages/airflow/example_dags/plugins/listener_plugin.py took 0.096 seconds
[2026-04-28T21:47:39.015+0000] {processor.py:161} INFO - Started process (PID=594) to work on /home/airflow/.local/lib/python3.12/site-packages/airflow/example_dags/plugins/listener_plugin.py
[2026-04-28T21:47:39.019+0000] {processor.py:830} INFO - Processing file /home/airflow/.local/lib/python3.12/site-packages/airflow/example_dags/plugins/listener_plugin.py for tasks to queue
[2026-04-28T21:47:39.023+0000] {logging_mixin.py:188} INFO - [2026-04-28T21:47:39.023+0000] {dagbag.py:540} INFO - Filling up the DagBag from /home/airflow/.local/lib/python3.12/site-packages/airflow/example_dags/plugins/listener_plugin.py
[2026-04-28T21:47:39.034+0000] {processor.py:842} WARNING - No viable dags retrieved from /home/airflow/.local/lib/python3.12/site-packages/airflow/example_dags/plugins/listener_plugin.py
[2026-04-28T21:47:39.074+0000] {processor.py:183} INFO - Processing /home/airflow/.local/lib/python3.12/site-packages/airflow/example_dags/plugins/listener_plugin.py took 0.091 seconds
[2026-04-28T21:48:11.781+0000] {processor.py:161} INFO - Started process (PID=654) to work on /home/airflow/.local/lib/python3.12/site-packages/airflow/example_dags/plugins/listener_plugin.py
[2026-04-28T21:48:11.787+0000] {processor.py:830} INFO - Processing file /home/airflow/.local/lib/python3.12/site-packages/airflow/example_dags/plugins/listener_plugin.py for tasks to queue
[2026-04-28T21:48:11.791+0000] {logging_mixin.py:188} INFO - [2026-04-28T21:48:11.790+0000] {dagbag.py:540} INFO - Filling up the DagBag from /home/airflow/.local/lib/python3.12/site-packages/airflow/example_dags/plugins/listener_plugin.py
[2026-04-28T21:48:11.818+0000] {processor.py:842} WARNING - No viable dags retrieved from /home/airflow/.local/lib/python3.12/site-packages/airflow/example_dags/plugins/listener_plugin.py
[2026-04-28T21:48:11.881+0000] {processor.py:183} INFO - Processing /home/airflow/.local/lib/python3.12/site-packages/airflow/example_dags/plugins/listener_plugin.py took 0.171 seconds
[2026-04-28T21:48:42.833+0000] {processor.py:161} INFO - Started process (PID=714) to work on /home/airflow/.local/lib/python3.12/site-packages/airflow/example_dags/plugins/listener_plugin.py
[2026-04-28T21:48:42.837+0000] {processor.py:830} INFO - Processing file /home/airflow/.local/lib/python3.12/site-packages/airflow/example_dags/plugins/listener_plugin.py for tasks to queue
[2026-04-28T21:48:42.839+0000] {logging_mixin.py:188} INFO - [2026-04-28T21:48:42.839+0000] {dagbag.py:540} INFO - Filling up the DagBag from /home/airflow/.local/lib/python3.12/site-packages/airflow/example_dags/plugins/listener_plugin.py
[2026-04-28T21:48:42.856+0000] {processor.py:842} WARNING - No viable dags retrieved from /home/airflow/.local/lib/python3.12/site-packages/airflow/example_dags/plugins/listener_plugin.py
[2026-04-28T21:48:42.917+0000] {processor.py:183} INFO - Processing /home/airflow/.local/lib/python3.12/site-packages/airflow/example_dags/plugins/listener_plugin.py took 0.096 seconds
[2026-04-28T21:49:14.077+0000] {processor.py:161} INFO - Started process (PID=780) to work on /home/airflow/.local/lib/python3.12/site-packages/airflow/example_dags/plugins/listener_plugin.py
[2026-04-28T21:49:14.086+0000] {processor.py:830} INFO - Processing file /home/airflow/.local/lib/python3.12/site-packages/airflow/example_dags/plugins/listener_plugin.py for tasks to queue
[2026-04-28T21:49:14.095+0000] {logging_mixin.py:188} INFO - [2026-04-28T21:49:14.094+0000] {dagbag.py:540} INFO - Filling up the DagBag from /home/airflow/.local/lib/python3.12/site-packages/airflow/example_dags/plugins/listener_plugin.py
[2026-04-28T21:49:14.112+0000] {processor.py:842} WARNING - No viable dags retrieved from /home/airflow/.local/lib/python3.12/site-packages/airflow/example_dags/plugins/listener_plugin.py
[2026-04-28T21:49:14.198+0000] {processor.py:183} INFO - Processing /home/airflow/.local/lib/python3.12/site-packages/airflow/example_dags/plugins/listener_plugin.py took 0.138 seconds
[2026-04-28T21:49:46.008+0000] {processor.py:161} INFO - Started process (PID=840) to work on /home/airflow/.local/lib/python3.12/site-packages/airflow/example_dags/plugins/listener_plugin.py
[2026-04-28T21:49:46.009+0000] {processor.py:830} INFO - Processing file /home/airflow/.local/lib/python3.12/site-packages/airflow/example_dags/plugins/listener_plugin.py for tasks to queue
[2026-04-28T21:49:46.013+0000] {logging_mixin.py:188} INFO - [2026-04-28T21:49:46.012+0000] {dagbag.py:540} INFO - Filling up the DagBag from /home/airflow/.local/lib/python3.12/site-packages/airflow/example_dags/plugins/listener_plugin.py
[2026-04-28T21:49:46.029+0000] {processor.py:842} WARNING - No viable dags retrieved from /home/airflow/.local/lib/python3.12/site-packages/airflow/example_dags/plugins/listener_plugin.py
[2026-04-28T21:49:46.063+0000] {processor.py:183} INFO - Processing /home/airflow/.local/lib/python3.12/site-packages/airflow/example_dags/plugins/listener_plugin.py took 0.065 seconds
[2026-04-28T21:50:17.658+0000] {processor.py:161} INFO - Started process (PID=900) to work on /home/airflow/.local/lib/python3.12/site-packages/airflow/example_dags/plugins/listener_plugin.py
[2026-04-28T21:50:17.664+0000] {processor.py:830} INFO - Processing file /home/airflow/.local/lib/python3.12/site-packages/airflow/example_dags/plugins/listener_plugin.py for tasks to queue
[2026-04-28T21:50:17.667+0000] {logging_mixin.py:188} INFO - [2026-04-28T21:50:17.666+0000] {dagbag.py:540} INFO - Filling up the DagBag from /home/airflow/.local/lib/python3.12/site-packages/airflow/example_dags/plugins/listener_plugin.py
[2026-04-28T21:50:17.672+0000] {processor.py:842} WARNING - No viable dags retrieved from /home/airflow/.local/lib/python3.12/site-packages/airflow/example_dags/plugins/listener_plugin.py
[2026-04-28T21:50:17.703+0000] {processor.py:183} INFO - Processing /home/airflow/.local/lib/python3.12/site-packages/airflow/example_dags/plugins/listener_plugin.py took 0.052 seconds
[2026-04-28T21:50:50.786+0000] {processor.py:161} INFO - Started process (PID=960) to work on /home/airflow/.local/lib/python3.12/site-packages/airflow/example_dags/plugins/listener_plugin.py
[2026-04-28T21:50:50.791+0000] {processor.py:830} INFO - Processing file /home/airflow/.local/lib/python3.12/site-packages/airflow/example_dags/plugins/listener_plugin.py for tasks to queue
[2026-04-28T21:50:50.797+0000] {logging_mixin.py:188} INFO - [2026-04-28T21:50:50.797+0000] {dagbag.py:540} INFO - Filling up the DagBag from /home/airflow/.local/lib/python3.12/site-packages/airflow/example_dags/plugins/listener_plugin.py
[2026-04-28T21:50:50.817+0000] {processor.py:842} WARNING - No viable dags retrieved from /home/airflow/.local/lib/python3.12/site-packages/airflow/example_dags/plugins/listener_plugin.py
[2026-04-28T21:50:50.879+0000] {processor.py:183} INFO - Processing /home/airflow/.local/lib/python3.12/site-packages/airflow/example_dags/plugins/listener_plugin.py took 0.116 seconds
[2026-04-28T21:51:21.660+0000] {processor.py:161} INFO - Started process (PID=1020) to work on /home/airflow/.local/lib/python3.12/site-packages/airflow/example_dags/plugins/listener_plugin.py
[2026-04-28T21:51:21.661+0000] {processor.py:830} INFO - Processing file /home/airflow/.local/lib/python3.12/site-packages/airflow/example_dags/plugins/listener_plugin.py for tasks to queue
[2026-04-28T21:51:21.663+0000] {logging_mixin.py:188} INFO - [2026-04-28T21:51:21.663+0000] {dagbag.py:540} INFO - Filling up the DagBag from /home/airflow/.local/lib/python3.12/site-packages/airflow/example_dags/plugins/listener_plugin.py
[2026-04-28T21:51:21.673+0000] {processor.py:842} WARNING - No viable dags retrieved from /home/airflow/.local/lib/python3.12/site-packages/airflow/example_dags/plugins/listener_plugin.py
[2026-04-28T21:51:21.688+0000] {processor.py:183} INFO - Processing /home/airflow/.local/lib/python3.12/site-packages/airflow/example_dags/plugins/listener_plugin.py took 0.034 seconds
[2026-04-28T21:51:52.231+0000] {processor.py:161} INFO - Started process (PID=1080) to work on /home/airflow/.local/lib/python3.12/site-packages/airflow/example_dags/plugins/listener_plugin.py
[2026-04-28T21:51:52.233+0000] {processor.py:830} INFO - Processing file /home/airflow/.local/lib/python3.12/site-packages/airflow/example_dags/plugins/listener_plugin.py for tasks to queue
[2026-04-28T21:51:52.235+0000] {logging_mixin.py:188} INFO - [2026-04-28T21:51:52.235+0000] {dagbag.py:540} INFO - Filling up the DagBag from /home/airflow/.local/lib/python3.12/site-packages/airflow/example_dags/plugins/listener_plugin.py
[2026-04-28T21:51:52.243+0000] {processor.py:842} WARNING - No viable dags retrieved from /home/airflow/.local/lib/python3.12/site-packages/airflow/example_dags/plugins/listener_plugin.py
[2026-04-28T21:51:52.257+0000] {processor.py:183} INFO - Processing /home/airflow/.local/lib/python3.12/site-packages/airflow/example_dags/plugins/listener_plugin.py took 0.034 seconds
[2026-04-28T21:52:22.828+0000] {processor.py:161} INFO - Started process (PID=1139) to work on /home/airflow/.local/lib/python3.12/site-packages/airflow/example_dags/plugins/listener_plugin.py
[2026-04-28T21:52:22.829+0000] {processor.py:830} INFO - Processing file /home/airflow/.local/lib/python3.12/site-packages/airflow/example_dags/plugins/listener_plugin.py for tasks to queue
[2026-04-28T21:52:22.831+0000] {logging_mixin.py:188} INFO - [2026-04-28T21:52:22.830+0000] {dagbag.py:540} INFO - Filling up the DagBag from /home/airflow/.local/lib/python3.12/site-packages/airflow/example_dags/plugins/listener_plugin.py
[2026-04-28T21:52:22.836+0000] {processor.py:842} WARNING - No viable dags retrieved from /home/airflow/.local/lib/python3.12/site-packages/airflow/example_dags/plugins/listener_plugin.py
[2026-04-28T21:52:22.855+0000] {processor.py:183} INFO - Processing /home/airflow/.local/lib/python3.12/site-packages/airflow/example_dags/plugins/listener_plugin.py took 0.034 seconds
[2026-04-28T21:52:53.761+0000] {processor.py:161} INFO - Started process (PID=1198) to work on /home/airflow/.local/lib/python3.12/site-packages/airflow/example_dags/plugins/listener_plugin.py
[2026-04-28T21:52:53.766+0000] {processor.py:830} INFO - Processing file /home/airflow/.local/lib/python3.12/site-packages/airflow/example_dags/plugins/listener_plugin.py for tasks to queue
[2026-04-28T21:52:53.768+0000] {logging_mixin.py:188} INFO - [2026-04-28T21:52:53.768+0000] {dagbag.py:540} INFO - Filling up the DagBag from /home/airflow/.local/lib/python3.12/site-packages/airflow/example_dags/plugins/listener_plugin.py
[2026-04-28T21:52:53.783+0000] {processor.py:842} WARNING - No viable dags retrieved from /home/airflow/.local/lib/python3.12/site-packages/airflow/example_dags/plugins/listener_plugin.py
[2026-04-28T21:52:53.799+0000] {processor.py:183} INFO - Processing /home/airflow/.local/lib/python3.12/site-packages/airflow/example_dags/plugins/listener_plugin.py took 0.045 seconds
[2026-04-28T21:53:27.320+0000] {processor.py:161} INFO - Started process (PID=1258) to work on /home/airflow/.local/lib/python3.12/site-packages/airflow/example_dags/plugins/listener_plugin.py
[2026-04-28T21:53:27.328+0000] {processor.py:830} INFO - Processing file /home/airflow/.local/lib/python3.12/site-packages/airflow/example_dags/plugins/listener_plugin.py for tasks to queue
[2026-04-28T21:53:27.333+0000] {logging_mixin.py:188} INFO - [2026-04-28T21:53:27.333+0000] {dagbag.py:540} INFO - Filling up the DagBag from /home/airflow/.local/lib/python3.12/site-packages/airflow/example_dags/plugins/listener_plugin.py
[2026-04-28T21:53:27.349+0000] {processor.py:842} WARNING - No viable dags retrieved from /home/airflow/.local/lib/python3.12/site-packages/airflow/example_dags/plugins/listener_plugin.py
[2026-04-28T21:53:27.388+0000] {processor.py:183} INFO - Processing /home/airflow/.local/lib/python3.12/site-packages/airflow/example_dags/plugins/listener_plugin.py took 0.082 seconds
[2026-04-28T21:53:57.798+0000] {processor.py:161} INFO - Started process (PID=1317) to work on /home/airflow/.local/lib/python3.12/site-packages/airflow/example_dags/plugins/listener_plugin.py
[2026-04-28T21:53:57.801+0000] {processor.py:830} INFO - Processing file /home/airflow/.local/lib/python3.12/site-packages/airflow/example_dags/plugins/listener_plugin.py for tasks to queue
[2026-04-28T21:53:57.807+0000] {logging_mixin.py:188} INFO - [2026-04-28T21:53:57.807+0000] {dagbag.py:540} INFO - Filling up the DagBag from /home/airflow/.local/lib/python3.12/site-packages/airflow/example_dags/plugins/listener_plugin.py
[2026-04-28T21:53:57.826+0000] {processor.py:842} WARNING - No viable dags retrieved from /home/airflow/.local/lib/python3.12/site-packages/airflow/example_dags/plugins/listener_plugin.py
[2026-04-28T21:53:57.885+0000] {processor.py:183} INFO - Processing /home/airflow/.local/lib/python3.12/site-packages/airflow/example_dags/plugins/listener_plugin.py took 0.096 seconds
[2026-04-28T21:54:28.671+0000] {processor.py:161} INFO - Started process (PID=1377) to work on /home/airflow/.local/lib/python3.12/site-packages/airflow/example_dags/plugins/listener_plugin.py
[2026-04-28T21:54:28.673+0000] {processor.py:830} INFO - Processing file /home/airflow/.local/lib/python3.12/site-packages/airflow/example_dags/plugins/listener_plugin.py for tasks to queue
[2026-04-28T21:54:28.676+0000] {logging_mixin.py:188} INFO - [2026-04-28T21:54:28.675+0000] {dagbag.py:540} INFO - Filling up the DagBag from /home/airflow/.local/lib/python3.12/site-packages/airflow/example_dags/plugins/listener_plugin.py
[2026-04-28T21:54:28.692+0000] {processor.py:842} WARNING - No viable dags retrieved from /home/airflow/.local/lib/python3.12/site-packages/airflow/example_dags/plugins/listener_plugin.py
[2026-04-28T21:54:28.710+0000] {processor.py:183} INFO - Processing /home/airflow/.local/lib/python3.12/site-packages/airflow/example_dags/plugins/listener_plugin.py took 0.054 seconds
[2026-04-28T21:54:59.010+0000] {processor.py:161} INFO - Started process (PID=1437) to work on /home/airflow/.local/lib/python3.12/site-packages/airflow/example_dags/plugins/listener_plugin.py
[2026-04-28T21:54:59.011+0000] {processor.py:830} INFO - Processing file /home/airflow/.local/lib/python3.12/site-packages/airflow/example_dags/plugins/listener_plugin.py for tasks to queue
[2026-04-28T21:54:59.013+0000] {logging_mixin.py:188} INFO - [2026-04-28T21:54:59.012+0000] {dagbag.py:540} INFO - Filling up the DagBag from /home/airflow/.local/lib/python3.12/site-packages/airflow/example_dags/plugins/listener_plugin.py
[2026-04-28T21:54:59.025+0000] {processor.py:842} WARNING - No viable dags retrieved from /home/airflow/.local/lib/python3.12/site-packages/airflow/example_dags/plugins/listener_plugin.py
[2026-04-28T21:54:59.042+0000] {processor.py:183} INFO - Processing /home/airflow/.local/lib/python3.12/site-packages/airflow/example_dags/plugins/listener_plugin.py took 0.042 seconds
[2026-04-28T21:55:30.316+0000] {processor.py:161} INFO - Started process (PID=1497) to work on /home/airflow/.local/lib/python3.12/site-packages/airflow/example_dags/plugins/listener_plugin.py
[2026-04-28T21:55:30.328+0000] {processor.py:830} INFO - Processing file /home/airflow/.local/lib/python3.12/site-packages/airflow/example_dags/plugins/listener_plugin.py for tasks to queue
[2026-04-28T21:55:30.338+0000] {logging_mixin.py:188} INFO - [2026-04-28T21:55:30.337+0000] {dagbag.py:540} INFO - Filling up the DagBag from /home/airflow/.local/lib/python3.12/site-packages/airflow/example_dags/plugins/listener_plugin.py
[2026-04-28T21:55:30.362+0000] {processor.py:842} WARNING - No viable dags retrieved from /home/airflow/.local/lib/python3.12/site-packages/airflow/example_dags/plugins/listener_plugin.py
[2026-04-28T21:55:30.427+0000] {processor.py:183} INFO - Processing /home/airflow/.local/lib/python3.12/site-packages/airflow/example_dags/plugins/listener_plugin.py took 0.121 seconds
[2026-04-28T21:56:01.336+0000] {processor.py:161} INFO - Started process (PID=1557) to work on /home/airflow/.local/lib/python3.12/site-packages/airflow/example_dags/plugins/listener_plugin.py
[2026-04-28T21:56:01.341+0000] {processor.py:830} INFO - Processing file /home/airflow/.local/lib/python3.12/site-packages/airflow/example_dags/plugins/listener_plugin.py for tasks to queue
[2026-04-28T21:56:01.346+0000] {logging_mixin.py:188} INFO - [2026-04-28T21:56:01.346+0000] {dagbag.py:540} INFO - Filling up the DagBag from /home/airflow/.local/lib/python3.12/site-packages/airflow/example_dags/plugins/listener_plugin.py
[2026-04-28T21:56:01.401+0000] {processor.py:842} WARNING - No viable dags retrieved from /home/airflow/.local/lib/python3.12/site-packages/airflow/example_dags/plugins/listener_plugin.py
[2026-04-28T21:56:01.456+0000] {processor.py:183} INFO - Processing /home/airflow/.local/lib/python3.12/site-packages/airflow/example_dags/plugins/listener_plugin.py took 0.147 seconds
[2026-04-28T21:56:32.283+0000] {processor.py:161} INFO - Started process (PID=1617) to work on /home/airflow/.local/lib/python3.12/site-packages/airflow/example_dags/plugins/listener_plugin.py
[2026-04-28T21:56:32.289+0000] {processor.py:830} INFO - Processing file /home/airflow/.local/lib/python3.12/site-packages/airflow/example_dags/plugins/listener_plugin.py for tasks to queue
[2026-04-28T21:56:32.298+0000] {logging_mixin.py:188} INFO - [2026-04-28T21:56:32.296+0000] {dagbag.py:540} INFO - Filling up the DagBag from /home/airflow/.local/lib/python3.12/site-packages/airflow/example_dags/plugins/listener_plugin.py
[2026-04-28T21:56:32.329+0000] {processor.py:842} WARNING - No viable dags retrieved from /home/airflow/.local/lib/python3.12/site-packages/airflow/example_dags/plugins/listener_plugin.py
[2026-04-28T21:56:32.351+0000] {processor.py:183} INFO - Processing /home/airflow/.local/lib/python3.12/site-packages/airflow/example_dags/plugins/listener_plugin.py took 0.081 seconds
[2026-04-28T21:59:29.224+0000] {processor.py:161} INFO - Started process (PID=117) to work on /home/airflow/.local/lib/python3.12/site-packages/airflow/example_dags/plugins/listener_plugin.py
[2026-04-28T21:59:29.226+0000] {processor.py:830} INFO - Processing file /home/airflow/.local/lib/python3.12/site-packages/airflow/example_dags/plugins/listener_plugin.py for tasks to queue
[2026-04-28T21:59:29.231+0000] {logging_mixin.py:188} INFO - [2026-04-28T21:59:29.230+0000] {dagbag.py:540} INFO - Filling up the DagBag from /home/airflow/.local/lib/python3.12/site-packages/airflow/example_dags/plugins/listener_plugin.py
[2026-04-28T21:59:29.246+0000] {processor.py:842} WARNING - No viable dags retrieved from /home/airflow/.local/lib/python3.12/site-packages/airflow/example_dags/plugins/listener_plugin.py
[2026-04-28T21:59:29.311+0000] {processor.py:183} INFO - Processing /home/airflow/.local/lib/python3.12/site-packages/airflow/example_dags/plugins/listener_plugin.py took 0.094 seconds
[2026-04-28T22:00:00.025+0000] {processor.py:161} INFO - Started process (PID=175) to work on /home/airflow/.local/lib/python3.12/site-packages/airflow/example_dags/plugins/listener_plugin.py
[2026-04-28T22:00:00.027+0000] {processor.py:830} INFO - Processing file /home/airflow/.local/lib/python3.12/site-packages/airflow/example_dags/plugins/listener_plugin.py for tasks to queue
[2026-04-28T22:00:00.032+0000] {logging_mixin.py:188} INFO - [2026-04-28T22:00:00.032+0000] {dagbag.py:540} INFO - Filling up the DagBag from /home/airflow/.local/lib/python3.12/site-packages/airflow/example_dags/plugins/listener_plugin.py
[2026-04-28T22:00:00.060+0000] {processor.py:842} WARNING - No viable dags retrieved from /home/airflow/.local/lib/python3.12/site-packages/airflow/example_dags/plugins/listener_plugin.py
[2026-04-28T22:00:00.091+0000] {processor.py:183} INFO - Processing /home/airflow/.local/lib/python3.12/site-packages/airflow/example_dags/plugins/listener_plugin.py took 0.073 seconds
[2026-04-28T22:00:30.271+0000] {processor.py:161} INFO - Started process (PID=235) to work on /home/airflow/.local/lib/python3.12/site-packages/airflow/example_dags/plugins/listener_plugin.py
[2026-04-28T22:00:30.272+0000] {processor.py:830} INFO - Processing file /home/airflow/.local/lib/python3.12/site-packages/airflow/example_dags/plugins/listener_plugin.py for tasks to queue
[2026-04-28T22:00:30.274+0000] {logging_mixin.py:188} INFO - [2026-04-28T22:00:30.274+0000] {dagbag.py:540} INFO - Filling up the DagBag from /home/airflow/.local/lib/python3.12/site-packages/airflow/example_dags/plugins/listener_plugin.py
[2026-04-28T22:00:30.277+0000] {processor.py:842} WARNING - No viable dags retrieved from /home/airflow/.local/lib/python3.12/site-packages/airflow/example_dags/plugins/listener_plugin.py
[2026-04-28T22:00:30.294+0000] {processor.py:183} INFO - Processing /home/airflow/.local/lib/python3.12/site-packages/airflow/example_dags/plugins/listener_plugin.py took 0.030 seconds
[2026-04-28T22:01:01.291+0000] {processor.py:161} INFO - Started process (PID=296) to work on /home/airflow/.local/lib/python3.12/site-packages/airflow/example_dags/plugins/listener_plugin.py
[2026-04-28T22:01:01.297+0000] {processor.py:830} INFO - Processing file /home/airflow/.local/lib/python3.12/site-packages/airflow/example_dags/plugins/listener_plugin.py for tasks to queue
[2026-04-28T22:01:01.299+0000] {logging_mixin.py:188} INFO - [2026-04-28T22:01:01.299+0000] {dagbag.py:540} INFO - Filling up the DagBag from /home/airflow/.local/lib/python3.12/site-packages/airflow/example_dags/plugins/listener_plugin.py
[2026-04-28T22:01:01.335+0000] {processor.py:842} WARNING - No viable dags retrieved from /home/airflow/.local/lib/python3.12/site-packages/airflow/example_dags/plugins/listener_plugin.py
[2026-04-28T22:01:01.348+0000] {processor.py:183} INFO - Processing /home/airflow/.local/lib/python3.12/site-packages/airflow/example_dags/plugins/listener_plugin.py took 0.072 seconds
[2026-04-28T22:01:32.278+0000] {processor.py:161} INFO - Started process (PID=355) to work on /home/airflow/.local/lib/python3.12/site-packages/airflow/example_dags/plugins/listener_plugin.py
[2026-04-28T22:01:32.279+0000] {processor.py:830} INFO - Processing file /home/airflow/.local/lib/python3.12/site-packages/airflow/example_dags/plugins/listener_plugin.py for tasks to queue
[2026-04-28T22:01:32.281+0000] {logging_mixin.py:188} INFO - [2026-04-28T22:01:32.280+0000] {dagbag.py:540} INFO - Filling up the DagBag from /home/airflow/.local/lib/python3.12/site-packages/airflow/example_dags/plugins/listener_plugin.py
[2026-04-28T22:01:32.283+0000] {processor.py:842} WARNING - No viable dags retrieved from /home/airflow/.local/lib/python3.12/site-packages/airflow/example_dags/plugins/listener_plugin.py
[2026-04-28T22:01:32.299+0000] {processor.py:183} INFO - Processing /home/airflow/.local/lib/python3.12/site-packages/airflow/example_dags/plugins/listener_plugin.py took 0.028 seconds
[2026-04-28T22:02:02.800+0000] {processor.py:161} INFO - Started process (PID=415) to work on /home/airflow/.local/lib/python3.12/site-packages/airflow/example_dags/plugins/listener_plugin.py
[2026-04-28T22:02:02.801+0000] {processor.py:830} INFO - Processing file /home/airflow/.local/lib/python3.12/site-packages/airflow/example_dags/plugins/listener_plugin.py for tasks to queue
[2026-04-28T22:02:02.806+0000] {logging_mixin.py:188} INFO - [2026-04-28T22:02:02.805+0000] {dagbag.py:540} INFO - Filling up the DagBag from /home/airflow/.local/lib/python3.12/site-packages/airflow/example_dags/plugins/listener_plugin.py
[2026-04-28T22:02:02.812+0000] {processor.py:842} WARNING - No viable dags retrieved from /home/airflow/.local/lib/python3.12/site-packages/airflow/example_dags/plugins/listener_plugin.py
[2026-04-28T22:02:02.837+0000] {processor.py:183} INFO - Processing /home/airflow/.local/lib/python3.12/site-packages/airflow/example_dags/plugins/listener_plugin.py took 0.058 seconds
[2026-04-28T22:02:32.998+0000] {processor.py:161} INFO - Started process (PID=474) to work on /home/airflow/.local/lib/python3.12/site-packages/airflow/example_dags/plugins/listener_plugin.py
[2026-04-28T22:02:33.000+0000] {processor.py:830} INFO - Processing file /home/airflow/.local/lib/python3.12/site-packages/airflow/example_dags/plugins/listener_plugin.py for tasks to queue
[2026-04-28T22:02:33.002+0000] {logging_mixin.py:188} INFO - [2026-04-28T22:02:33.001+0000] {dagbag.py:540} INFO - Filling up the DagBag from /home/airflow/.local/lib/python3.12/site-packages/airflow/example_dags/plugins/listener_plugin.py
[2026-04-28T22:02:33.005+0000] {processor.py:842} WARNING - No viable dags retrieved from /home/airflow/.local/lib/python3.12/site-packages/airflow/example_dags/plugins/listener_plugin.py
[2026-04-28T22:02:33.019+0000] {processor.py:183} INFO - Processing /home/airflow/.local/lib/python3.12/site-packages/airflow/example_dags/plugins/listener_plugin.py took 0.027 seconds
[2026-04-28T22:03:03.117+0000] {processor.py:161} INFO - Started process (PID=533) to work on /home/airflow/.local/lib/python3.12/site-packages/airflow/example_dags/plugins/listener_plugin.py
[2026-04-28T22:03:03.119+0000] {processor.py:830} INFO - Processing file /home/airflow/.local/lib/python3.12/site-packages/airflow/example_dags/plugins/listener_plugin.py for tasks to queue
[2026-04-28T22:03:03.121+0000] {logging_mixin.py:188} INFO - [2026-04-28T22:03:03.121+0000] {dagbag.py:540} INFO - Filling up the DagBag from /home/airflow/.local/lib/python3.12/site-packages/airflow/example_dags/plugins/listener_plugin.py
[2026-04-28T22:03:03.124+0000] {processor.py:842} WARNING - No viable dags retrieved from /home/airflow/.local/lib/python3.12/site-packages/airflow/example_dags/plugins/listener_plugin.py
[2026-04-28T22:03:03.140+0000] {processor.py:183} INFO - Processing /home/airflow/.local/lib/python3.12/site-packages/airflow/example_dags/plugins/listener_plugin.py took 0.029 seconds
[2026-04-28T22:03:33.631+0000] {processor.py:161} INFO - Started process (PID=593) to work on /home/airflow/.local/lib/python3.12/site-packages/airflow/example_dags/plugins/listener_plugin.py
[2026-04-28T22:03:33.633+0000] {processor.py:830} INFO - Processing file /home/airflow/.local/lib/python3.12/site-packages/airflow/example_dags/plugins/listener_plugin.py for tasks to queue
[2026-04-28T22:03:33.635+0000] {logging_mixin.py:188} INFO - [2026-04-28T22:03:33.634+0000] {dagbag.py:540} INFO - Filling up the DagBag from /home/airflow/.local/lib/python3.12/site-packages/airflow/example_dags/plugins/listener_plugin.py
[2026-04-28T22:03:33.641+0000] {processor.py:842} WARNING - No viable dags retrieved from /home/airflow/.local/lib/python3.12/site-packages/airflow/example_dags/plugins/listener_plugin.py
[2026-04-28T22:03:33.683+0000] {processor.py:183} INFO - Processing /home/airflow/.local/lib/python3.12/site-packages/airflow/example_dags/plugins/listener_plugin.py took 0.067 seconds
[2026-04-28T22:04:04.671+0000] {processor.py:161} INFO - Started process (PID=653) to work on /home/airflow/.local/lib/python3.12/site-packages/airflow/example_dags/plugins/listener_plugin.py
[2026-04-28T22:04:04.672+0000] {processor.py:830} INFO - Processing file /home/airflow/.local/lib/python3.12/site-packages/airflow/example_dags/plugins/listener_plugin.py for tasks to queue
[2026-04-28T22:04:04.686+0000] {logging_mixin.py:188} INFO - [2026-04-28T22:04:04.686+0000] {dagbag.py:540} INFO - Filling up the DagBag from /home/airflow/.local/lib/python3.12/site-packages/airflow/example_dags/plugins/listener_plugin.py
[2026-04-28T22:04:04.710+0000] {processor.py:842} WARNING - No viable dags retrieved from /home/airflow/.local/lib/python3.12/site-packages/airflow/example_dags/plugins/listener_plugin.py
[2026-04-28T22:04:04.882+0000] {processor.py:183} INFO - Processing /home/airflow/.local/lib/python3.12/site-packages/airflow/example_dags/plugins/listener_plugin.py took 0.238 seconds
[2026-04-28T22:04:34.988+0000] {processor.py:161} INFO - Started process (PID=714) to work on /home/airflow/.local/lib/python3.12/site-packages/airflow/example_dags/plugins/listener_plugin.py
[2026-04-28T22:04:34.989+0000] {processor.py:830} INFO - Processing file /home/airflow/.local/lib/python3.12/site-packages/airflow/example_dags/plugins/listener_plugin.py for tasks to queue
[2026-04-28T22:04:34.990+0000] {logging_mixin.py:188} INFO - [2026-04-28T22:04:34.990+0000] {dagbag.py:540} INFO - Filling up the DagBag from /home/airflow/.local/lib/python3.12/site-packages/airflow/example_dags/plugins/listener_plugin.py
[2026-04-28T22:04:34.993+0000] {processor.py:842} WARNING - No viable dags retrieved from /home/airflow/.local/lib/python3.12/site-packages/airflow/example_dags/plugins/listener_plugin.py
[2026-04-28T22:04:35.004+0000] {processor.py:183} INFO - Processing /home/airflow/.local/lib/python3.12/site-packages/airflow/example_dags/plugins/listener_plugin.py took 0.021 seconds
[2026-04-28T22:05:05.914+0000] {processor.py:161} INFO - Started process (PID=773) to work on /home/airflow/.local/lib/python3.12/site-packages/airflow/example_dags/plugins/listener_plugin.py
[2026-04-28T22:05:05.916+0000] {processor.py:830} INFO - Processing file /home/airflow/.local/lib/python3.12/site-packages/airflow/example_dags/plugins/listener_plugin.py for tasks to queue
[2026-04-28T22:05:05.918+0000] {logging_mixin.py:188} INFO - [2026-04-28T22:05:05.918+0000] {dagbag.py:540} INFO - Filling up the DagBag from /home/airflow/.local/lib/python3.12/site-packages/airflow/example_dags/plugins/listener_plugin.py
[2026-04-28T22:05:05.921+0000] {processor.py:842} WARNING - No viable dags retrieved from /home/airflow/.local/lib/python3.12/site-packages/airflow/example_dags/plugins/listener_plugin.py
[2026-04-28T22:05:05.937+0000] {processor.py:183} INFO - Processing /home/airflow/.local/lib/python3.12/site-packages/airflow/example_dags/plugins/listener_plugin.py took 0.029 seconds
[2026-04-28T22:05:36.696+0000] {processor.py:161} INFO - Started process (PID=833) to work on /home/airflow/.local/lib/python3.12/site-packages/airflow/example_dags/plugins/listener_plugin.py
[2026-04-28T22:05:36.697+0000] {processor.py:830} INFO - Processing file /home/airflow/.local/lib/python3.12/site-packages/airflow/example_dags/plugins/listener_plugin.py for tasks to queue
[2026-04-28T22:05:36.699+0000] {logging_mixin.py:188} INFO - [2026-04-28T22:05:36.699+0000] {dagbag.py:540} INFO - Filling up the DagBag from /home/airflow/.local/lib/python3.12/site-packages/airflow/example_dags/plugins/listener_plugin.py
[2026-04-28T22:05:36.702+0000] {processor.py:842} WARNING - No viable dags retrieved from /home/airflow/.local/lib/python3.12/site-packages/airflow/example_dags/plugins/listener_plugin.py
[2026-04-28T22:05:36.719+0000] {processor.py:183} INFO - Processing /home/airflow/.local/lib/python3.12/site-packages/airflow/example_dags/plugins/listener_plugin.py took 0.030 seconds
[2026-04-28T22:06:07.318+0000] {processor.py:161} INFO - Started process (PID=893) to work on /home/airflow/.local/lib/python3.12/site-packages/airflow/example_dags/plugins/listener_plugin.py
[2026-04-28T22:06:07.319+0000] {processor.py:830} INFO - Processing file /home/airflow/.local/lib/python3.12/site-packages/airflow/example_dags/plugins/listener_plugin.py for tasks to queue
[2026-04-28T22:06:07.321+0000] {logging_mixin.py:188} INFO - [2026-04-28T22:06:07.321+0000] {dagbag.py:540} INFO - Filling up the DagBag from /home/airflow/.local/lib/python3.12/site-packages/airflow/example_dags/plugins/listener_plugin.py
[2026-04-28T22:06:07.328+0000] {processor.py:842} WARNING - No viable dags retrieved from /home/airflow/.local/lib/python3.12/site-packages/airflow/example_dags/plugins/listener_plugin.py
[2026-04-28T22:06:07.347+0000] {processor.py:183} INFO - Processing /home/airflow/.local/lib/python3.12/site-packages/airflow/example_dags/plugins/listener_plugin.py took 0.039 seconds
[2026-04-28T22:06:37.761+0000] {processor.py:161} INFO - Started process (PID=953) to work on /home/airflow/.local/lib/python3.12/site-packages/airflow/example_dags/plugins/listener_plugin.py
[2026-04-28T22:06:37.762+0000] {processor.py:830} INFO - Processing file /home/airflow/.local/lib/python3.12/site-packages/airflow/example_dags/plugins/listener_plugin.py for tasks to queue
[2026-04-28T22:06:37.764+0000] {logging_mixin.py:188} INFO - [2026-04-28T22:06:37.764+0000] {dagbag.py:540} INFO - Filling up the DagBag from /home/airflow/.local/lib/python3.12/site-packages/airflow/example_dags/plugins/listener_plugin.py
[2026-04-28T22:06:37.767+0000] {processor.py:842} WARNING - No viable dags retrieved from /home/airflow/.local/lib/python3.12/site-packages/airflow/example_dags/plugins/listener_plugin.py
[2026-04-28T22:06:37.782+0000] {processor.py:183} INFO - Processing /home/airflow/.local/lib/python3.12/site-packages/airflow/example_dags/plugins/listener_plugin.py took 0.027 seconds
[2026-04-28T22:07:08.812+0000] {processor.py:161} INFO - Started process (PID=1013) to work on /home/airflow/.local/lib/python3.12/site-packages/airflow/example_dags/plugins/listener_plugin.py
[2026-04-28T22:07:08.813+0000] {processor.py:830} INFO - Processing file /home/airflow/.local/lib/python3.12/site-packages/airflow/example_dags/plugins/listener_plugin.py for tasks to queue
[2026-04-28T22:07:08.818+0000] {logging_mixin.py:188} INFO - [2026-04-28T22:07:08.815+0000] {dagbag.py:540} INFO - Filling up the DagBag from /home/airflow/.local/lib/python3.12/site-packages/airflow/example_dags/plugins/listener_plugin.py
[2026-04-28T22:07:08.821+0000] {processor.py:842} WARNING - No viable dags retrieved from /home/airflow/.local/lib/python3.12/site-packages/airflow/example_dags/plugins/listener_plugin.py
[2026-04-28T22:07:08.847+0000] {processor.py:183} INFO - Processing /home/airflow/.local/lib/python3.12/site-packages/airflow/example_dags/plugins/listener_plugin.py took 0.042 seconds
[2026-04-28T22:07:39.558+0000] {processor.py:161} INFO - Started process (PID=1072) to work on /home/airflow/.local/lib/python3.12/site-packages/airflow/example_dags/plugins/listener_plugin.py
[2026-04-28T22:07:39.559+0000] {processor.py:830} INFO - Processing file /home/airflow/.local/lib/python3.12/site-packages/airflow/example_dags/plugins/listener_plugin.py for tasks to queue
[2026-04-28T22:07:39.562+0000] {logging_mixin.py:188} INFO - [2026-04-28T22:07:39.561+0000] {dagbag.py:540} INFO - Filling up the DagBag from /home/airflow/.local/lib/python3.12/site-packages/airflow/example_dags/plugins/listener_plugin.py
[2026-04-28T22:07:39.565+0000] {processor.py:842} WARNING - No viable dags retrieved from /home/airflow/.local/lib/python3.12/site-packages/airflow/example_dags/plugins/listener_plugin.py
[2026-04-28T22:07:39.579+0000] {processor.py:183} INFO - Processing /home/airflow/.local/lib/python3.12/site-packages/airflow/example_dags/plugins/listener_plugin.py took 0.030 seconds
[2026-04-28T22:08:09.902+0000] {processor.py:161} INFO - Started process (PID=1132) to work on /home/airflow/.local/lib/python3.12/site-packages/airflow/example_dags/plugins/listener_plugin.py
[2026-04-28T22:08:09.903+0000] {processor.py:830} INFO - Processing file /home/airflow/.local/lib/python3.12/site-packages/airflow/example_dags/plugins/listener_plugin.py for tasks to queue
[2026-04-28T22:08:09.906+0000] {logging_mixin.py:188} INFO - [2026-04-28T22:08:09.906+0000] {dagbag.py:540} INFO - Filling up the DagBag from /home/airflow/.local/lib/python3.12/site-packages/airflow/example_dags/plugins/listener_plugin.py
[2026-04-28T22:08:09.911+0000] {processor.py:842} WARNING - No viable dags retrieved from /home/airflow/.local/lib/python3.12/site-packages/airflow/example_dags/plugins/listener_plugin.py
[2026-04-28T22:08:09.936+0000] {processor.py:183} INFO - Processing /home/airflow/.local/lib/python3.12/site-packages/airflow/example_dags/plugins/listener_plugin.py took 0.050 seconds
[2026-04-28T22:08:42.145+0000] {processor.py:161} INFO - Started process (PID=1198) to work on /home/airflow/.local/lib/python3.12/site-packages/airflow/example_dags/plugins/listener_plugin.py
[2026-04-28T22:08:42.146+0000] {processor.py:830} INFO - Processing file /home/airflow/.local/lib/python3.12/site-packages/airflow/example_dags/plugins/listener_plugin.py for tasks to queue
[2026-04-28T22:08:42.148+0000] {logging_mixin.py:188} INFO - [2026-04-28T22:08:42.148+0000] {dagbag.py:540} INFO - Filling up the DagBag from /home/airflow/.local/lib/python3.12/site-packages/airflow/example_dags/plugins/listener_plugin.py
[2026-04-28T22:08:42.153+0000] {processor.py:842} WARNING - No viable dags retrieved from /home/airflow/.local/lib/python3.12/site-packages/airflow/example_dags/plugins/listener_plugin.py
[2026-04-28T22:08:42.168+0000] {processor.py:183} INFO - Processing /home/airflow/.local/lib/python3.12/site-packages/airflow/example_dags/plugins/listener_plugin.py took 0.031 seconds
[2026-04-28T22:09:12.961+0000] {processor.py:161} INFO - Started process (PID=1258) to work on /home/airflow/.local/lib/python3.12/site-packages/airflow/example_dags/plugins/listener_plugin.py
[2026-04-28T22:09:12.964+0000] {processor.py:830} INFO - Processing file /home/airflow/.local/lib/python3.12/site-packages/airflow/example_dags/plugins/listener_plugin.py for tasks to queue
[2026-04-28T22:09:12.969+0000] {logging_mixin.py:188} INFO - [2026-04-28T22:09:12.968+0000] {dagbag.py:540} INFO - Filling up the DagBag from /home/airflow/.local/lib/python3.12/site-packages/airflow/example_dags/plugins/listener_plugin.py
[2026-04-28T22:09:12.974+0000] {processor.py:842} WARNING - No viable dags retrieved from /home/airflow/.local/lib/python3.12/site-packages/airflow/example_dags/plugins/listener_plugin.py
[2026-04-28T22:09:13.015+0000] {processor.py:183} INFO - Processing /home/airflow/.local/lib/python3.12/site-packages/airflow/example_dags/plugins/listener_plugin.py took 0.069 seconds
[2026-04-28T22:09:43.076+0000] {processor.py:161} INFO - Started process (PID=1317) to work on /home/airflow/.local/lib/python3.12/site-packages/airflow/example_dags/plugins/listener_plugin.py
[2026-04-28T22:09:43.077+0000] {processor.py:830} INFO - Processing file /home/airflow/.local/lib/python3.12/site-packages/airflow/example_dags/plugins/listener_plugin.py for tasks to queue
[2026-04-28T22:09:43.078+0000] {logging_mixin.py:188} INFO - [2026-04-28T22:09:43.078+0000] {dagbag.py:540} INFO - Filling up the DagBag from /home/airflow/.local/lib/python3.12/site-packages/airflow/example_dags/plugins/listener_plugin.py
[2026-04-28T22:09:43.081+0000] {processor.py:842} WARNING - No viable dags retrieved from /home/airflow/.local/lib/python3.12/site-packages/airflow/example_dags/plugins/listener_plugin.py
[2026-04-28T22:09:43.093+0000] {processor.py:183} INFO - Processing /home/airflow/.local/lib/python3.12/site-packages/airflow/example_dags/plugins/listener_plugin.py took 0.022 seconds
[2026-04-28T22:10:13.801+0000] {processor.py:161} INFO - Started process (PID=1377) to work on /home/airflow/.local/lib/python3.12/site-packages/airflow/example_dags/plugins/listener_plugin.py
[2026-04-28T22:10:13.802+0000] {processor.py:830} INFO - Processing file /home/airflow/.local/lib/python3.12/site-packages/airflow/example_dags/plugins/listener_plugin.py for tasks to queue
[2026-04-28T22:10:13.804+0000] {logging_mixin.py:188} INFO - [2026-04-28T22:10:13.803+0000] {dagbag.py:540} INFO - Filling up the DagBag from /home/airflow/.local/lib/python3.12/site-packages/airflow/example_dags/plugins/listener_plugin.py
[2026-04-28T22:10:13.807+0000] {processor.py:842} WARNING - No viable dags retrieved from /home/airflow/.local/lib/python3.12/site-packages/airflow/example_dags/plugins/listener_plugin.py
[2026-04-28T22:10:13.823+0000] {processor.py:183} INFO - Processing /home/airflow/.local/lib/python3.12/site-packages/airflow/example_dags/plugins/listener_plugin.py took 0.029 seconds
[2026-04-28T22:10:44.750+0000] {processor.py:161} INFO - Started process (PID=1437) to work on /home/airflow/.local/lib/python3.12/site-packages/airflow/example_dags/plugins/listener_plugin.py
[2026-04-28T22:10:44.751+0000] {processor.py:830} INFO - Processing file /home/airflow/.local/lib/python3.12/site-packages/airflow/example_dags/plugins/listener_plugin.py for tasks to queue
[2026-04-28T22:10:44.752+0000] {logging_mixin.py:188} INFO - [2026-04-28T22:10:44.752+0000] {dagbag.py:540} INFO - Filling up the DagBag from /home/airflow/.local/lib/python3.12/site-packages/airflow/example_dags/plugins/listener_plugin.py
[2026-04-28T22:10:44.755+0000] {processor.py:842} WARNING - No viable dags retrieved from /home/airflow/.local/lib/python3.12/site-packages/airflow/example_dags/plugins/listener_plugin.py
[2026-04-28T22:10:44.766+0000] {processor.py:183} INFO - Processing /home/airflow/.local/lib/python3.12/site-packages/airflow/example_dags/plugins/listener_plugin.py took 0.023 seconds
[2026-04-28T22:11:15.676+0000] {processor.py:161} INFO - Started process (PID=1497) to work on /home/airflow/.local/lib/python3.12/site-packages/airflow/example_dags/plugins/listener_plugin.py
[2026-04-28T22:11:15.677+0000] {processor.py:830} INFO - Processing file /home/airflow/.local/lib/python3.12/site-packages/airflow/example_dags/plugins/listener_plugin.py for tasks to queue
[2026-04-28T22:11:15.679+0000] {logging_mixin.py:188} INFO - [2026-04-28T22:11:15.679+0000] {dagbag.py:540} INFO - Filling up the DagBag from /home/airflow/.local/lib/python3.12/site-packages/airflow/example_dags/plugins/listener_plugin.py
[2026-04-28T22:11:15.682+0000] {processor.py:842} WARNING - No viable dags retrieved from /home/airflow/.local/lib/python3.12/site-packages/airflow/example_dags/plugins/listener_plugin.py
[2026-04-28T22:11:15.698+0000] {processor.py:183} INFO - Processing /home/airflow/.local/lib/python3.12/site-packages/airflow/example_dags/plugins/listener_plugin.py took 0.029 seconds
[2026-04-28T22:11:46.059+0000] {processor.py:161} INFO - Started process (PID=1557) to work on /home/airflow/.local/lib/python3.12/site-packages/airflow/example_dags/plugins/listener_plugin.py
[2026-04-28T22:11:46.060+0000] {processor.py:830} INFO - Processing file /home/airflow/.local/lib/python3.12/site-packages/airflow/example_dags/plugins/listener_plugin.py for tasks to queue
[2026-04-28T22:11:46.063+0000] {logging_mixin.py:188} INFO - [2026-04-28T22:11:46.063+0000] {dagbag.py:540} INFO - Filling up the DagBag from /home/airflow/.local/lib/python3.12/site-packages/airflow/example_dags/plugins/listener_plugin.py
[2026-04-28T22:11:46.066+0000] {processor.py:842} WARNING - No viable dags retrieved from /home/airflow/.local/lib/python3.12/site-packages/airflow/example_dags/plugins/listener_plugin.py
[2026-04-28T22:11:46.083+0000] {processor.py:183} INFO - Processing /home/airflow/.local/lib/python3.12/site-packages/airflow/example_dags/plugins/listener_plugin.py took 0.031 seconds
[2026-04-28T22:12:16.766+0000] {processor.py:161} INFO - Started process (PID=1617) to work on /home/airflow/.local/lib/python3.12/site-packages/airflow/example_dags/plugins/listener_plugin.py
[2026-04-28T22:12:16.771+0000] {processor.py:830} INFO - Processing file /home/airflow/.local/lib/python3.12/site-packages/airflow/example_dags/plugins/listener_plugin.py for tasks to queue
[2026-04-28T22:12:16.777+0000] {logging_mixin.py:188} INFO - [2026-04-28T22:12:16.776+0000] {dagbag.py:540} INFO - Filling up the DagBag from /home/airflow/.local/lib/python3.12/site-packages/airflow/example_dags/plugins/listener_plugin.py
[2026-04-28T22:12:16.784+0000] {processor.py:842} WARNING - No viable dags retrieved from /home/airflow/.local/lib/python3.12/site-packages/airflow/example_dags/plugins/listener_plugin.py
[2026-04-28T22:12:16.801+0000] {processor.py:183} INFO - Processing /home/airflow/.local/lib/python3.12/site-packages/airflow/example_dags/plugins/listener_plugin.py took 0.060 seconds
[2026-04-28T22:12:47.879+0000] {processor.py:161} INFO - Started process (PID=1677) to work on /home/airflow/.local/lib/python3.12/site-packages/airflow/example_dags/plugins/listener_plugin.py
[2026-04-28T22:12:47.882+0000] {processor.py:830} INFO - Processing file /home/airflow/.local/lib/python3.12/site-packages/airflow/example_dags/plugins/listener_plugin.py for tasks to queue
[2026-04-28T22:12:47.886+0000] {logging_mixin.py:188} INFO - [2026-04-28T22:12:47.886+0000] {dagbag.py:540} INFO - Filling up the DagBag from /home/airflow/.local/lib/python3.12/site-packages/airflow/example_dags/plugins/listener_plugin.py
[2026-04-28T22:12:47.889+0000] {processor.py:842} WARNING - No viable dags retrieved from /home/airflow/.local/lib/python3.12/site-packages/airflow/example_dags/plugins/listener_plugin.py
[2026-04-28T22:12:47.909+0000] {processor.py:183} INFO - Processing /home/airflow/.local/lib/python3.12/site-packages/airflow/example_dags/plugins/listener_plugin.py took 0.043 seconds
[2026-04-28T22:13:18.677+0000] {processor.py:161} INFO - Started process (PID=1738) to work on /home/airflow/.local/lib/python3.12/site-packages/airflow/example_dags/plugins/listener_plugin.py
[2026-04-28T22:13:18.684+0000] {processor.py:830} INFO - Processing file /home/airflow/.local/lib/python3.12/site-packages/airflow/example_dags/plugins/listener_plugin.py for tasks to queue
[2026-04-28T22:13:18.691+0000] {logging_mixin.py:188} INFO - [2026-04-28T22:13:18.690+0000] {dagbag.py:540} INFO - Filling up the DagBag from /home/airflow/.local/lib/python3.12/site-packages/airflow/example_dags/plugins/listener_plugin.py
[2026-04-28T22:13:18.694+0000] {processor.py:842} WARNING - No viable dags retrieved from /home/airflow/.local/lib/python3.12/site-packages/airflow/example_dags/plugins/listener_plugin.py
[2026-04-28T22:13:18.721+0000] {processor.py:183} INFO - Processing /home/airflow/.local/lib/python3.12/site-packages/airflow/example_dags/plugins/listener_plugin.py took 0.067 seconds
[2026-04-28T22:13:49.640+0000] {processor.py:161} INFO - Started process (PID=1798) to work on /home/airflow/.local/lib/python3.12/site-packages/airflow/example_dags/plugins/listener_plugin.py
[2026-04-28T22:13:49.641+0000] {processor.py:830} INFO - Processing file /home/airflow/.local/lib/python3.12/site-packages/airflow/example_dags/plugins/listener_plugin.py for tasks to queue
[2026-04-28T22:13:49.642+0000] {logging_mixin.py:188} INFO - [2026-04-28T22:13:49.642+0000] {dagbag.py:540} INFO - Filling up the DagBag from /home/airflow/.local/lib/python3.12/site-packages/airflow/example_dags/plugins/listener_plugin.py
[2026-04-28T22:13:49.645+0000] {processor.py:842} WARNING - No viable dags retrieved from /home/airflow/.local/lib/python3.12/site-packages/airflow/example_dags/plugins/listener_plugin.py
[2026-04-28T22:13:49.656+0000] {processor.py:183} INFO - Processing /home/airflow/.local/lib/python3.12/site-packages/airflow/example_dags/plugins/listener_plugin.py took 0.022 seconds
[2026-04-28T22:14:19.949+0000] {processor.py:161} INFO - Started process (PID=1857) to work on /home/airflow/.local/lib/python3.12/site-packages/airflow/example_dags/plugins/listener_plugin.py
[2026-04-28T22:14:19.951+0000] {processor.py:830} INFO - Processing file /home/airflow/.local/lib/python3.12/site-packages/airflow/example_dags/plugins/listener_plugin.py for tasks to queue
[2026-04-28T22:14:19.956+0000] {logging_mixin.py:188} INFO - [2026-04-28T22:14:19.955+0000] {dagbag.py:540} INFO - Filling up the DagBag from /home/airflow/.local/lib/python3.12/site-packages/airflow/example_dags/plugins/listener_plugin.py
[2026-04-28T22:14:19.962+0000] {processor.py:842} WARNING - No viable dags retrieved from /home/airflow/.local/lib/python3.12/site-packages/airflow/example_dags/plugins/listener_plugin.py
[2026-04-28T22:14:19.985+0000] {processor.py:183} INFO - Processing /home/airflow/.local/lib/python3.12/site-packages/airflow/example_dags/plugins/listener_plugin.py took 0.045 seconds
[2026-04-28T22:14:50.773+0000] {processor.py:161} INFO - Started process (PID=1917) to work on /home/airflow/.local/lib/python3.12/site-packages/airflow/example_dags/plugins/listener_plugin.py
[2026-04-28T22:14:50.774+0000] {processor.py:830} INFO - Processing file /home/airflow/.local/lib/python3.12/site-packages/airflow/example_dags/plugins/listener_plugin.py for tasks to queue
[2026-04-28T22:14:50.776+0000] {logging_mixin.py:188} INFO - [2026-04-28T22:14:50.776+0000] {dagbag.py:540} INFO - Filling up the DagBag from /home/airflow/.local/lib/python3.12/site-packages/airflow/example_dags/plugins/listener_plugin.py
[2026-04-28T22:14:50.780+0000] {processor.py:842} WARNING - No viable dags retrieved from /home/airflow/.local/lib/python3.12/site-packages/airflow/example_dags/plugins/listener_plugin.py
[2026-04-28T22:14:50.794+0000] {processor.py:183} INFO - Processing /home/airflow/.local/lib/python3.12/site-packages/airflow/example_dags/plugins/listener_plugin.py took 0.028 seconds
[2026-04-28T22:15:21.117+0000] {processor.py:161} INFO - Started process (PID=1977) to work on /home/airflow/.local/lib/python3.12/site-packages/airflow/example_dags/plugins/listener_plugin.py
[2026-04-28T22:15:21.118+0000] {processor.py:830} INFO - Processing file /home/airflow/.local/lib/python3.12/site-packages/airflow/example_dags/plugins/listener_plugin.py for tasks to queue
[2026-04-28T22:15:21.120+0000] {logging_mixin.py:188} INFO - [2026-04-28T22:15:21.120+0000] {dagbag.py:540} INFO - Filling up the DagBag from /home/airflow/.local/lib/python3.12/site-packages/airflow/example_dags/plugins/listener_plugin.py
[2026-04-28T22:15:21.123+0000] {processor.py:842} WARNING - No viable dags retrieved from /home/airflow/.local/lib/python3.12/site-packages/airflow/example_dags/plugins/listener_plugin.py
[2026-04-28T22:15:21.135+0000] {processor.py:183} INFO - Processing /home/airflow/.local/lib/python3.12/site-packages/airflow/example_dags/plugins/listener_plugin.py took 0.025 seconds
[2026-04-28T22:15:52.215+0000] {processor.py:161} INFO - Started process (PID=2037) to work on /home/airflow/.local/lib/python3.12/site-packages/airflow/example_dags/plugins/listener_plugin.py
[2026-04-28T22:15:52.216+0000] {processor.py:830} INFO - Processing file /home/airflow/.local/lib/python3.12/site-packages/airflow/example_dags/plugins/listener_plugin.py for tasks to queue
[2026-04-28T22:15:52.218+0000] {logging_mixin.py:188} INFO - [2026-04-28T22:15:52.218+0000] {dagbag.py:540} INFO - Filling up the DagBag from /home/airflow/.local/lib/python3.12/site-packages/airflow/example_dags/plugins/listener_plugin.py
[2026-04-28T22:15:52.221+0000] {processor.py:842} WARNING - No viable dags retrieved from /home/airflow/.local/lib/python3.12/site-packages/airflow/example_dags/plugins/listener_plugin.py
[2026-04-28T22:15:52.248+0000] {processor.py:183} INFO - Processing /home/airflow/.local/lib/python3.12/site-packages/airflow/example_dags/plugins/listener_plugin.py took 0.040 seconds
[2026-04-28T22:19:41.064+0000] {processor.py:161} INFO - Started process (PID=115) to work on /home/airflow/.local/lib/python3.12/site-packages/airflow/example_dags/plugins/listener_plugin.py
[2026-04-28T22:19:41.068+0000] {processor.py:830} INFO - Processing file /home/airflow/.local/lib/python3.12/site-packages/airflow/example_dags/plugins/listener_plugin.py for tasks to queue
[2026-04-28T22:19:41.071+0000] {logging_mixin.py:188} INFO - [2026-04-28T22:19:41.071+0000] {dagbag.py:540} INFO - Filling up the DagBag from /home/airflow/.local/lib/python3.12/site-packages/airflow/example_dags/plugins/listener_plugin.py
[2026-04-28T22:19:41.078+0000] {processor.py:842} WARNING - No viable dags retrieved from /home/airflow/.local/lib/python3.12/site-packages/airflow/example_dags/plugins/listener_plugin.py
[2026-04-28T22:19:41.104+0000] {processor.py:183} INFO - Processing /home/airflow/.local/lib/python3.12/site-packages/airflow/example_dags/plugins/listener_plugin.py took 0.056 seconds
[2026-04-28T22:20:11.645+0000] {processor.py:161} INFO - Started process (PID=173) to work on /home/airflow/.local/lib/python3.12/site-packages/airflow/example_dags/plugins/listener_plugin.py
[2026-04-28T22:20:11.653+0000] {processor.py:830} INFO - Processing file /home/airflow/.local/lib/python3.12/site-packages/airflow/example_dags/plugins/listener_plugin.py for tasks to queue
[2026-04-28T22:20:11.669+0000] {logging_mixin.py:188} INFO - [2026-04-28T22:20:11.654+0000] {dagbag.py:540} INFO - Filling up the DagBag from /home/airflow/.local/lib/python3.12/site-packages/airflow/example_dags/plugins/listener_plugin.py
[2026-04-28T22:20:11.782+0000] {processor.py:842} WARNING - No viable dags retrieved from /home/airflow/.local/lib/python3.12/site-packages/airflow/example_dags/plugins/listener_plugin.py
[2026-04-28T22:20:11.876+0000] {processor.py:183} INFO - Processing /home/airflow/.local/lib/python3.12/site-packages/airflow/example_dags/plugins/listener_plugin.py took 0.299 seconds
[2026-04-28T22:20:42.207+0000] {processor.py:161} INFO - Started process (PID=233) to work on /home/airflow/.local/lib/python3.12/site-packages/airflow/example_dags/plugins/listener_plugin.py
[2026-04-28T22:20:42.212+0000] {processor.py:830} INFO - Processing file /home/airflow/.local/lib/python3.12/site-packages/airflow/example_dags/plugins/listener_plugin.py for tasks to queue
[2026-04-28T22:20:42.217+0000] {logging_mixin.py:188} INFO - [2026-04-28T22:20:42.216+0000] {dagbag.py:540} INFO - Filling up the DagBag from /home/airflow/.local/lib/python3.12/site-packages/airflow/example_dags/plugins/listener_plugin.py
[2026-04-28T22:20:42.226+0000] {processor.py:842} WARNING - No viable dags retrieved from /home/airflow/.local/lib/python3.12/site-packages/airflow/example_dags/plugins/listener_plugin.py
[2026-04-28T22:20:42.262+0000] {processor.py:183} INFO - Processing /home/airflow/.local/lib/python3.12/site-packages/airflow/example_dags/plugins/listener_plugin.py took 0.064 seconds
[2026-04-28T22:21:12.663+0000] {processor.py:161} INFO - Started process (PID=293) to work on /home/airflow/.local/lib/python3.12/site-packages/airflow/example_dags/plugins/listener_plugin.py
[2026-04-28T22:21:12.664+0000] {processor.py:830} INFO - Processing file /home/airflow/.local/lib/python3.12/site-packages/airflow/example_dags/plugins/listener_plugin.py for tasks to queue
[2026-04-28T22:21:12.666+0000] {logging_mixin.py:188} INFO - [2026-04-28T22:21:12.665+0000] {dagbag.py:540} INFO - Filling up the DagBag from /home/airflow/.local/lib/python3.12/site-packages/airflow/example_dags/plugins/listener_plugin.py
[2026-04-28T22:21:12.669+0000] {processor.py:842} WARNING - No viable dags retrieved from /home/airflow/.local/lib/python3.12/site-packages/airflow/example_dags/plugins/listener_plugin.py
[2026-04-28T22:21:12.685+0000] {processor.py:183} INFO - Processing /home/airflow/.local/lib/python3.12/site-packages/airflow/example_dags/plugins/listener_plugin.py took 0.028 seconds
[2026-04-28T22:21:43.544+0000] {processor.py:161} INFO - Started process (PID=353) to work on /home/airflow/.local/lib/python3.12/site-packages/airflow/example_dags/plugins/listener_plugin.py
[2026-04-28T22:21:43.548+0000] {processor.py:830} INFO - Processing file /home/airflow/.local/lib/python3.12/site-packages/airflow/example_dags/plugins/listener_plugin.py for tasks to queue
[2026-04-28T22:21:43.555+0000] {logging_mixin.py:188} INFO - [2026-04-28T22:21:43.554+0000] {dagbag.py:540} INFO - Filling up the DagBag from /home/airflow/.local/lib/python3.12/site-packages/airflow/example_dags/plugins/listener_plugin.py
[2026-04-28T22:21:43.616+0000] {processor.py:842} WARNING - No viable dags retrieved from /home/airflow/.local/lib/python3.12/site-packages/airflow/example_dags/plugins/listener_plugin.py
[2026-04-28T22:21:43.673+0000] {processor.py:183} INFO - Processing /home/airflow/.local/lib/python3.12/site-packages/airflow/example_dags/plugins/listener_plugin.py took 0.147 seconds
[2026-04-28T22:22:14.483+0000] {processor.py:161} INFO - Started process (PID=413) to work on /home/airflow/.local/lib/python3.12/site-packages/airflow/example_dags/plugins/listener_plugin.py
[2026-04-28T22:22:14.498+0000] {processor.py:830} INFO - Processing file /home/airflow/.local/lib/python3.12/site-packages/airflow/example_dags/plugins/listener_plugin.py for tasks to queue
[2026-04-28T22:22:14.506+0000] {logging_mixin.py:188} INFO - [2026-04-28T22:22:14.506+0000] {dagbag.py:540} INFO - Filling up the DagBag from /home/airflow/.local/lib/python3.12/site-packages/airflow/example_dags/plugins/listener_plugin.py
[2026-04-28T22:22:14.566+0000] {processor.py:842} WARNING - No viable dags retrieved from /home/airflow/.local/lib/python3.12/site-packages/airflow/example_dags/plugins/listener_plugin.py
[2026-04-28T22:22:14.659+0000] {processor.py:183} INFO - Processing /home/airflow/.local/lib/python3.12/site-packages/airflow/example_dags/plugins/listener_plugin.py took 0.220 seconds
[2026-04-28T22:22:44.716+0000] {processor.py:161} INFO - Started process (PID=474) to work on /home/airflow/.local/lib/python3.12/site-packages/airflow/example_dags/plugins/listener_plugin.py
[2026-04-28T22:22:44.718+0000] {processor.py:830} INFO - Processing file /home/airflow/.local/lib/python3.12/site-packages/airflow/example_dags/plugins/listener_plugin.py for tasks to queue
[2026-04-28T22:22:44.720+0000] {logging_mixin.py:188} INFO - [2026-04-28T22:22:44.719+0000] {dagbag.py:540} INFO - Filling up the DagBag from /home/airflow/.local/lib/python3.12/site-packages/airflow/example_dags/plugins/listener_plugin.py
[2026-04-28T22:22:44.727+0000] {processor.py:842} WARNING - No viable dags retrieved from /home/airflow/.local/lib/python3.12/site-packages/airflow/example_dags/plugins/listener_plugin.py
[2026-04-28T22:22:44.740+0000] {processor.py:183} INFO - Processing /home/airflow/.local/lib/python3.12/site-packages/airflow/example_dags/plugins/listener_plugin.py took 0.028 seconds
[2026-04-28T22:23:15.528+0000] {processor.py:161} INFO - Started process (PID=533) to work on /home/airflow/.local/lib/python3.12/site-packages/airflow/example_dags/plugins/listener_plugin.py
[2026-04-28T22:23:15.529+0000] {processor.py:830} INFO - Processing file /home/airflow/.local/lib/python3.12/site-packages/airflow/example_dags/plugins/listener_plugin.py for tasks to queue
[2026-04-28T22:23:15.530+0000] {logging_mixin.py:188} INFO - [2026-04-28T22:23:15.530+0000] {dagbag.py:540} INFO - Filling up the DagBag from /home/airflow/.local/lib/python3.12/site-packages/airflow/example_dags/plugins/listener_plugin.py
[2026-04-28T22:23:15.539+0000] {processor.py:842} WARNING - No viable dags retrieved from /home/airflow/.local/lib/python3.12/site-packages/airflow/example_dags/plugins/listener_plugin.py
[2026-04-28T22:23:15.551+0000] {processor.py:183} INFO - Processing /home/airflow/.local/lib/python3.12/site-packages/airflow/example_dags/plugins/listener_plugin.py took 0.028 seconds
[2026-04-28T22:23:46.857+0000] {processor.py:161} INFO - Started process (PID=593) to work on /home/airflow/.local/lib/python3.12/site-packages/airflow/example_dags/plugins/listener_plugin.py
[2026-04-28T22:23:46.859+0000] {processor.py:830} INFO - Processing file /home/airflow/.local/lib/python3.12/site-packages/airflow/example_dags/plugins/listener_plugin.py for tasks to queue
[2026-04-28T22:23:46.861+0000] {logging_mixin.py:188} INFO - [2026-04-28T22:23:46.861+0000] {dagbag.py:540} INFO - Filling up the DagBag from /home/airflow/.local/lib/python3.12/site-packages/airflow/example_dags/plugins/listener_plugin.py
[2026-04-28T22:23:46.872+0000] {processor.py:842} WARNING - No viable dags retrieved from /home/airflow/.local/lib/python3.12/site-packages/airflow/example_dags/plugins/listener_plugin.py
[2026-04-28T22:23:46.888+0000] {processor.py:183} INFO - Processing /home/airflow/.local/lib/python3.12/site-packages/airflow/example_dags/plugins/listener_plugin.py took 0.037 seconds
[2026-04-28T22:24:17.590+0000] {processor.py:161} INFO - Started process (PID=653) to work on /home/airflow/.local/lib/python3.12/site-packages/airflow/example_dags/plugins/listener_plugin.py
[2026-04-28T22:24:17.591+0000] {processor.py:830} INFO - Processing file /home/airflow/.local/lib/python3.12/site-packages/airflow/example_dags/plugins/listener_plugin.py for tasks to queue
[2026-04-28T22:24:17.593+0000] {logging_mixin.py:188} INFO - [2026-04-28T22:24:17.592+0000] {dagbag.py:540} INFO - Filling up the DagBag from /home/airflow/.local/lib/python3.12/site-packages/airflow/example_dags/plugins/listener_plugin.py
[2026-04-28T22:24:17.597+0000] {processor.py:842} WARNING - No viable dags retrieved from /home/airflow/.local/lib/python3.12/site-packages/airflow/example_dags/plugins/listener_plugin.py
[2026-04-28T22:24:17.615+0000] {processor.py:183} INFO - Processing /home/airflow/.local/lib/python3.12/site-packages/airflow/example_dags/plugins/listener_plugin.py took 0.032 seconds
[2026-04-28T22:24:48.671+0000] {processor.py:161} INFO - Started process (PID=713) to work on /home/airflow/.local/lib/python3.12/site-packages/airflow/example_dags/plugins/listener_plugin.py
[2026-04-28T22:24:48.673+0000] {processor.py:830} INFO - Processing file /home/airflow/.local/lib/python3.12/site-packages/airflow/example_dags/plugins/listener_plugin.py for tasks to queue
[2026-04-28T22:24:48.677+0000] {logging_mixin.py:188} INFO - [2026-04-28T22:24:48.677+0000] {dagbag.py:540} INFO - Filling up the DagBag from /home/airflow/.local/lib/python3.12/site-packages/airflow/example_dags/plugins/listener_plugin.py
[2026-04-28T22:24:48.681+0000] {processor.py:842} WARNING - No viable dags retrieved from /home/airflow/.local/lib/python3.12/site-packages/airflow/example_dags/plugins/listener_plugin.py
[2026-04-28T22:24:48.697+0000] {processor.py:183} INFO - Processing /home/airflow/.local/lib/python3.12/site-packages/airflow/example_dags/plugins/listener_plugin.py took 0.033 seconds
[2026-04-28T22:25:19.768+0000] {processor.py:161} INFO - Started process (PID=773) to work on /home/airflow/.local/lib/python3.12/site-packages/airflow/example_dags/plugins/listener_plugin.py
[2026-04-28T22:25:19.769+0000] {processor.py:830} INFO - Processing file /home/airflow/.local/lib/python3.12/site-packages/airflow/example_dags/plugins/listener_plugin.py for tasks to queue
[2026-04-28T22:25:19.771+0000] {logging_mixin.py:188} INFO - [2026-04-28T22:25:19.771+0000] {dagbag.py:540} INFO - Filling up the DagBag from /home/airflow/.local/lib/python3.12/site-packages/airflow/example_dags/plugins/listener_plugin.py
[2026-04-28T22:25:19.776+0000] {processor.py:842} WARNING - No viable dags retrieved from /home/airflow/.local/lib/python3.12/site-packages/airflow/example_dags/plugins/listener_plugin.py
[2026-04-28T22:25:19.793+0000] {processor.py:183} INFO - Processing /home/airflow/.local/lib/python3.12/site-packages/airflow/example_dags/plugins/listener_plugin.py took 0.038 seconds
[2026-04-28T22:25:50.749+0000] {processor.py:161} INFO - Started process (PID=839) to work on /home/airflow/.local/lib/python3.12/site-packages/airflow/example_dags/plugins/listener_plugin.py
[2026-04-28T22:25:50.750+0000] {processor.py:830} INFO - Processing file /home/airflow/.local/lib/python3.12/site-packages/airflow/example_dags/plugins/listener_plugin.py for tasks to queue
[2026-04-28T22:25:50.752+0000] {logging_mixin.py:188} INFO - [2026-04-28T22:25:50.752+0000] {dagbag.py:540} INFO - Filling up the DagBag from /home/airflow/.local/lib/python3.12/site-packages/airflow/example_dags/plugins/listener_plugin.py
[2026-04-28T22:25:50.756+0000] {processor.py:842} WARNING - No viable dags retrieved from /home/airflow/.local/lib/python3.12/site-packages/airflow/example_dags/plugins/listener_plugin.py
[2026-04-28T22:25:50.772+0000] {processor.py:183} INFO - Processing /home/airflow/.local/lib/python3.12/site-packages/airflow/example_dags/plugins/listener_plugin.py took 0.028 seconds
[2026-04-28T22:26:21.387+0000] {processor.py:161} INFO - Started process (PID=899) to work on /home/airflow/.local/lib/python3.12/site-packages/airflow/example_dags/plugins/listener_plugin.py
[2026-04-28T22:26:21.390+0000] {processor.py:830} INFO - Processing file /home/airflow/.local/lib/python3.12/site-packages/airflow/example_dags/plugins/listener_plugin.py for tasks to queue
[2026-04-28T22:26:21.392+0000] {logging_mixin.py:188} INFO - [2026-04-28T22:26:21.391+0000] {dagbag.py:540} INFO - Filling up the DagBag from /home/airflow/.local/lib/python3.12/site-packages/airflow/example_dags/plugins/listener_plugin.py
[2026-04-28T22:26:21.397+0000] {processor.py:842} WARNING - No viable dags retrieved from /home/airflow/.local/lib/python3.12/site-packages/airflow/example_dags/plugins/listener_plugin.py
[2026-04-28T22:26:21.411+0000] {processor.py:183} INFO - Processing /home/airflow/.local/lib/python3.12/site-packages/airflow/example_dags/plugins/listener_plugin.py took 0.031 seconds
[2026-04-28T22:26:52.245+0000] {processor.py:161} INFO - Started process (PID=958) to work on /home/airflow/.local/lib/python3.12/site-packages/airflow/example_dags/plugins/listener_plugin.py
[2026-04-28T22:26:52.249+0000] {processor.py:830} INFO - Processing file /home/airflow/.local/lib/python3.12/site-packages/airflow/example_dags/plugins/listener_plugin.py for tasks to queue
[2026-04-28T22:26:52.252+0000] {logging_mixin.py:188} INFO - [2026-04-28T22:26:52.252+0000] {dagbag.py:540} INFO - Filling up the DagBag from /home/airflow/.local/lib/python3.12/site-packages/airflow/example_dags/plugins/listener_plugin.py
[2026-04-28T22:26:52.262+0000] {processor.py:842} WARNING - No viable dags retrieved from /home/airflow/.local/lib/python3.12/site-packages/airflow/example_dags/plugins/listener_plugin.py
[2026-04-28T22:26:52.283+0000] {processor.py:183} INFO - Processing /home/airflow/.local/lib/python3.12/site-packages/airflow/example_dags/plugins/listener_plugin.py took 0.044 seconds
[2026-04-28T22:27:23.106+0000] {processor.py:161} INFO - Started process (PID=1018) to work on /home/airflow/.local/lib/python3.12/site-packages/airflow/example_dags/plugins/listener_plugin.py
[2026-04-28T22:27:23.107+0000] {processor.py:830} INFO - Processing file /home/airflow/.local/lib/python3.12/site-packages/airflow/example_dags/plugins/listener_plugin.py for tasks to queue
[2026-04-28T22:27:23.109+0000] {logging_mixin.py:188} INFO - [2026-04-28T22:27:23.108+0000] {dagbag.py:540} INFO - Filling up the DagBag from /home/airflow/.local/lib/python3.12/site-packages/airflow/example_dags/plugins/listener_plugin.py
[2026-04-28T22:27:23.119+0000] {processor.py:842} WARNING - No viable dags retrieved from /home/airflow/.local/lib/python3.12/site-packages/airflow/example_dags/plugins/listener_plugin.py
[2026-04-28T22:27:23.135+0000] {processor.py:183} INFO - Processing /home/airflow/.local/lib/python3.12/site-packages/airflow/example_dags/plugins/listener_plugin.py took 0.037 seconds
[2026-04-28T22:27:54.143+0000] {processor.py:161} INFO - Started process (PID=1078) to work on /home/airflow/.local/lib/python3.12/site-packages/airflow/example_dags/plugins/listener_plugin.py
[2026-04-28T22:27:54.145+0000] {processor.py:830} INFO - Processing file /home/airflow/.local/lib/python3.12/site-packages/airflow/example_dags/plugins/listener_plugin.py for tasks to queue
[2026-04-28T22:27:54.148+0000] {logging_mixin.py:188} INFO - [2026-04-28T22:27:54.147+0000] {dagbag.py:540} INFO - Filling up the DagBag from /home/airflow/.local/lib/python3.12/site-packages/airflow/example_dags/plugins/listener_plugin.py
[2026-04-28T22:27:54.166+0000] {processor.py:842} WARNING - No viable dags retrieved from /home/airflow/.local/lib/python3.12/site-packages/airflow/example_dags/plugins/listener_plugin.py
[2026-04-28T22:27:54.192+0000] {processor.py:183} INFO - Processing /home/airflow/.local/lib/python3.12/site-packages/airflow/example_dags/plugins/listener_plugin.py took 0.063 seconds
[2026-04-28T22:28:24.437+0000] {processor.py:161} INFO - Started process (PID=1137) to work on /home/airflow/.local/lib/python3.12/site-packages/airflow/example_dags/plugins/listener_plugin.py
[2026-04-28T22:28:24.445+0000] {processor.py:830} INFO - Processing file /home/airflow/.local/lib/python3.12/site-packages/airflow/example_dags/plugins/listener_plugin.py for tasks to queue
[2026-04-28T22:28:24.450+0000] {logging_mixin.py:188} INFO - [2026-04-28T22:28:24.448+0000] {dagbag.py:540} INFO - Filling up the DagBag from /home/airflow/.local/lib/python3.12/site-packages/airflow/example_dags/plugins/listener_plugin.py
[2026-04-28T22:28:24.464+0000] {processor.py:842} WARNING - No viable dags retrieved from /home/airflow/.local/lib/python3.12/site-packages/airflow/example_dags/plugins/listener_plugin.py
[2026-04-28T22:28:24.511+0000] {processor.py:183} INFO - Processing /home/airflow/.local/lib/python3.12/site-packages/airflow/example_dags/plugins/listener_plugin.py took 0.086 seconds
[2026-04-28T22:28:54.983+0000] {processor.py:161} INFO - Started process (PID=1196) to work on /home/airflow/.local/lib/python3.12/site-packages/airflow/example_dags/plugins/listener_plugin.py
[2026-04-28T22:28:54.988+0000] {processor.py:830} INFO - Processing file /home/airflow/.local/lib/python3.12/site-packages/airflow/example_dags/plugins/listener_plugin.py for tasks to queue
[2026-04-28T22:28:54.995+0000] {logging_mixin.py:188} INFO - [2026-04-28T22:28:54.995+0000] {dagbag.py:540} INFO - Filling up the DagBag from /home/airflow/.local/lib/python3.12/site-packages/airflow/example_dags/plugins/listener_plugin.py
[2026-04-28T22:28:55.006+0000] {processor.py:842} WARNING - No viable dags retrieved from /home/airflow/.local/lib/python3.12/site-packages/airflow/example_dags/plugins/listener_plugin.py
[2026-04-28T22:28:55.039+0000] {processor.py:183} INFO - Processing /home/airflow/.local/lib/python3.12/site-packages/airflow/example_dags/plugins/listener_plugin.py took 0.079 seconds
[2026-04-28T22:29:31.698+0000] {processor.py:161} INFO - Started process (PID=1255) to work on /home/airflow/.local/lib/python3.12/site-packages/airflow/example_dags/plugins/listener_plugin.py
[2026-04-28T22:29:31.708+0000] {processor.py:830} INFO - Processing file /home/airflow/.local/lib/python3.12/site-packages/airflow/example_dags/plugins/listener_plugin.py for tasks to queue
[2026-04-28T22:29:31.735+0000] {logging_mixin.py:188} INFO - [2026-04-28T22:29:31.723+0000] {dagbag.py:540} INFO - Filling up the DagBag from /home/airflow/.local/lib/python3.12/site-packages/airflow/example_dags/plugins/listener_plugin.py
[2026-04-28T22:29:31.802+0000] {processor.py:842} WARNING - No viable dags retrieved from /home/airflow/.local/lib/python3.12/site-packages/airflow/example_dags/plugins/listener_plugin.py
[2026-04-28T22:29:31.868+0000] {processor.py:183} INFO - Processing /home/airflow/.local/lib/python3.12/site-packages/airflow/example_dags/plugins/listener_plugin.py took 0.218 seconds
[2026-04-28T22:30:02.695+0000] {processor.py:161} INFO - Started process (PID=1315) to work on /home/airflow/.local/lib/python3.12/site-packages/airflow/example_dags/plugins/listener_plugin.py
[2026-04-28T22:30:02.697+0000] {processor.py:830} INFO - Processing file /home/airflow/.local/lib/python3.12/site-packages/airflow/example_dags/plugins/listener_plugin.py for tasks to queue
[2026-04-28T22:30:02.699+0000] {logging_mixin.py:188} INFO - [2026-04-28T22:30:02.699+0000] {dagbag.py:540} INFO - Filling up the DagBag from /home/airflow/.local/lib/python3.12/site-packages/airflow/example_dags/plugins/listener_plugin.py
[2026-04-28T22:30:02.704+0000] {processor.py:842} WARNING - No viable dags retrieved from /home/airflow/.local/lib/python3.12/site-packages/airflow/example_dags/plugins/listener_plugin.py
[2026-04-28T22:30:02.718+0000] {processor.py:183} INFO - Processing /home/airflow/.local/lib/python3.12/site-packages/airflow/example_dags/plugins/listener_plugin.py took 0.030 seconds
[2026-04-28T22:30:33.232+0000] {processor.py:161} INFO - Started process (PID=1375) to work on /home/airflow/.local/lib/python3.12/site-packages/airflow/example_dags/plugins/listener_plugin.py
[2026-04-28T22:30:33.233+0000] {processor.py:830} INFO - Processing file /home/airflow/.local/lib/python3.12/site-packages/airflow/example_dags/plugins/listener_plugin.py for tasks to queue
[2026-04-28T22:30:33.235+0000] {logging_mixin.py:188} INFO - [2026-04-28T22:30:33.234+0000] {dagbag.py:540} INFO - Filling up the DagBag from /home/airflow/.local/lib/python3.12/site-packages/airflow/example_dags/plugins/listener_plugin.py
[2026-04-28T22:30:33.238+0000] {processor.py:842} WARNING - No viable dags retrieved from /home/airflow/.local/lib/python3.12/site-packages/airflow/example_dags/plugins/listener_plugin.py
[2026-04-28T22:30:33.253+0000] {processor.py:183} INFO - Processing /home/airflow/.local/lib/python3.12/site-packages/airflow/example_dags/plugins/listener_plugin.py took 0.027 seconds
[2026-04-28T22:31:03.674+0000] {processor.py:161} INFO - Started process (PID=1436) to work on /home/airflow/.local/lib/python3.12/site-packages/airflow/example_dags/plugins/listener_plugin.py
[2026-04-28T22:31:03.675+0000] {processor.py:830} INFO - Processing file /home/airflow/.local/lib/python3.12/site-packages/airflow/example_dags/plugins/listener_plugin.py for tasks to queue
[2026-04-28T22:31:03.680+0000] {logging_mixin.py:188} INFO - [2026-04-28T22:31:03.679+0000] {dagbag.py:540} INFO - Filling up the DagBag from /home/airflow/.local/lib/python3.12/site-packages/airflow/example_dags/plugins/listener_plugin.py
[2026-04-28T22:31:03.683+0000] {processor.py:842} WARNING - No viable dags retrieved from /home/airflow/.local/lib/python3.12/site-packages/airflow/example_dags/plugins/listener_plugin.py
[2026-04-28T22:31:03.702+0000] {processor.py:183} INFO - Processing /home/airflow/.local/lib/python3.12/site-packages/airflow/example_dags/plugins/listener_plugin.py took 0.035 seconds
[2026-04-28T22:31:34.141+0000] {processor.py:161} INFO - Started process (PID=1496) to work on /home/airflow/.local/lib/python3.12/site-packages/airflow/example_dags/plugins/listener_plugin.py
[2026-04-28T22:31:34.142+0000] {processor.py:830} INFO - Processing file /home/airflow/.local/lib/python3.12/site-packages/airflow/example_dags/plugins/listener_plugin.py for tasks to queue
[2026-04-28T22:31:34.144+0000] {logging_mixin.py:188} INFO - [2026-04-28T22:31:34.144+0000] {dagbag.py:540} INFO - Filling up the DagBag from /home/airflow/.local/lib/python3.12/site-packages/airflow/example_dags/plugins/listener_plugin.py
[2026-04-28T22:31:34.147+0000] {processor.py:842} WARNING - No viable dags retrieved from /home/airflow/.local/lib/python3.12/site-packages/airflow/example_dags/plugins/listener_plugin.py
[2026-04-28T22:31:34.162+0000] {processor.py:183} INFO - Processing /home/airflow/.local/lib/python3.12/site-packages/airflow/example_dags/plugins/listener_plugin.py took 0.029 seconds
[2026-04-28T22:32:04.406+0000] {processor.py:161} INFO - Started process (PID=1555) to work on /home/airflow/.local/lib/python3.12/site-packages/airflow/example_dags/plugins/listener_plugin.py
[2026-04-28T22:32:04.407+0000] {processor.py:830} INFO - Processing file /home/airflow/.local/lib/python3.12/site-packages/airflow/example_dags/plugins/listener_plugin.py for tasks to queue
[2026-04-28T22:32:04.409+0000] {logging_mixin.py:188} INFO - [2026-04-28T22:32:04.409+0000] {dagbag.py:540} INFO - Filling up the DagBag from /home/airflow/.local/lib/python3.12/site-packages/airflow/example_dags/plugins/listener_plugin.py
[2026-04-28T22:32:04.412+0000] {processor.py:842} WARNING - No viable dags retrieved from /home/airflow/.local/lib/python3.12/site-packages/airflow/example_dags/plugins/listener_plugin.py
[2026-04-28T22:32:04.427+0000] {processor.py:183} INFO - Processing /home/airflow/.local/lib/python3.12/site-packages/airflow/example_dags/plugins/listener_plugin.py took 0.027 seconds
[2026-04-28T22:32:34.874+0000] {processor.py:161} INFO - Started process (PID=1615) to work on /home/airflow/.local/lib/python3.12/site-packages/airflow/example_dags/plugins/listener_plugin.py
[2026-04-28T22:32:34.875+0000] {processor.py:830} INFO - Processing file /home/airflow/.local/lib/python3.12/site-packages/airflow/example_dags/plugins/listener_plugin.py for tasks to queue
[2026-04-28T22:32:34.877+0000] {logging_mixin.py:188} INFO - [2026-04-28T22:32:34.876+0000] {dagbag.py:540} INFO - Filling up the DagBag from /home/airflow/.local/lib/python3.12/site-packages/airflow/example_dags/plugins/listener_plugin.py
[2026-04-28T22:32:34.879+0000] {processor.py:842} WARNING - No viable dags retrieved from /home/airflow/.local/lib/python3.12/site-packages/airflow/example_dags/plugins/listener_plugin.py
[2026-04-28T22:32:34.894+0000] {processor.py:183} INFO - Processing /home/airflow/.local/lib/python3.12/site-packages/airflow/example_dags/plugins/listener_plugin.py took 0.027 seconds
[2026-04-28T22:33:05.409+0000] {processor.py:161} INFO - Started process (PID=1675) to work on /home/airflow/.local/lib/python3.12/site-packages/airflow/example_dags/plugins/listener_plugin.py
[2026-04-28T22:33:05.411+0000] {processor.py:830} INFO - Processing file /home/airflow/.local/lib/python3.12/site-packages/airflow/example_dags/plugins/listener_plugin.py for tasks to queue
[2026-04-28T22:33:05.413+0000] {logging_mixin.py:188} INFO - [2026-04-28T22:33:05.412+0000] {dagbag.py:540} INFO - Filling up the DagBag from /home/airflow/.local/lib/python3.12/site-packages/airflow/example_dags/plugins/listener_plugin.py
[2026-04-28T22:33:05.416+0000] {processor.py:842} WARNING - No viable dags retrieved from /home/airflow/.local/lib/python3.12/site-packages/airflow/example_dags/plugins/listener_plugin.py
[2026-04-28T22:33:05.431+0000] {processor.py:183} INFO - Processing /home/airflow/.local/lib/python3.12/site-packages/airflow/example_dags/plugins/listener_plugin.py took 0.028 seconds
[2026-04-28T22:33:35.882+0000] {processor.py:161} INFO - Started process (PID=1735) to work on /home/airflow/.local/lib/python3.12/site-packages/airflow/example_dags/plugins/listener_plugin.py
[2026-04-28T22:33:35.884+0000] {processor.py:830} INFO - Processing file /home/airflow/.local/lib/python3.12/site-packages/airflow/example_dags/plugins/listener_plugin.py for tasks to queue
[2026-04-28T22:33:35.888+0000] {logging_mixin.py:188} INFO - [2026-04-28T22:33:35.887+0000] {dagbag.py:540} INFO - Filling up the DagBag from /home/airflow/.local/lib/python3.12/site-packages/airflow/example_dags/plugins/listener_plugin.py
[2026-04-28T22:33:35.890+0000] {processor.py:842} WARNING - No viable dags retrieved from /home/airflow/.local/lib/python3.12/site-packages/airflow/example_dags/plugins/listener_plugin.py
[2026-04-28T22:33:35.904+0000] {processor.py:183} INFO - Processing /home/airflow/.local/lib/python3.12/site-packages/airflow/example_dags/plugins/listener_plugin.py took 0.031 seconds
[2026-04-28T22:34:06.159+0000] {processor.py:161} INFO - Started process (PID=1795) to work on /home/airflow/.local/lib/python3.12/site-packages/airflow/example_dags/plugins/listener_plugin.py
[2026-04-28T22:34:06.161+0000] {processor.py:830} INFO - Processing file /home/airflow/.local/lib/python3.12/site-packages/airflow/example_dags/plugins/listener_plugin.py for tasks to queue
[2026-04-28T22:34:06.164+0000] {logging_mixin.py:188} INFO - [2026-04-28T22:34:06.164+0000] {dagbag.py:540} INFO - Filling up the DagBag from /home/airflow/.local/lib/python3.12/site-packages/airflow/example_dags/plugins/listener_plugin.py
[2026-04-28T22:34:06.176+0000] {processor.py:842} WARNING - No viable dags retrieved from /home/airflow/.local/lib/python3.12/site-packages/airflow/example_dags/plugins/listener_plugin.py
[2026-04-28T22:34:06.200+0000] {processor.py:183} INFO - Processing /home/airflow/.local/lib/python3.12/site-packages/airflow/example_dags/plugins/listener_plugin.py took 0.048 seconds
[2026-04-28T22:34:36.451+0000] {processor.py:161} INFO - Started process (PID=1855) to work on /home/airflow/.local/lib/python3.12/site-packages/airflow/example_dags/plugins/listener_plugin.py
[2026-04-28T22:34:36.453+0000] {processor.py:830} INFO - Processing file /home/airflow/.local/lib/python3.12/site-packages/airflow/example_dags/plugins/listener_plugin.py for tasks to queue
[2026-04-28T22:34:36.457+0000] {logging_mixin.py:188} INFO - [2026-04-28T22:34:36.456+0000] {dagbag.py:540} INFO - Filling up the DagBag from /home/airflow/.local/lib/python3.12/site-packages/airflow/example_dags/plugins/listener_plugin.py
[2026-04-28T22:34:36.461+0000] {processor.py:842} WARNING - No viable dags retrieved from /home/airflow/.local/lib/python3.12/site-packages/airflow/example_dags/plugins/listener_plugin.py
[2026-04-28T22:34:36.481+0000] {processor.py:183} INFO - Processing /home/airflow/.local/lib/python3.12/site-packages/airflow/example_dags/plugins/listener_plugin.py took 0.037 seconds
[2026-04-28T22:35:07.280+0000] {processor.py:161} INFO - Started process (PID=1915) to work on /home/airflow/.local/lib/python3.12/site-packages/airflow/example_dags/plugins/listener_plugin.py
[2026-04-28T22:35:07.281+0000] {processor.py:830} INFO - Processing file /home/airflow/.local/lib/python3.12/site-packages/airflow/example_dags/plugins/listener_plugin.py for tasks to queue
[2026-04-28T22:35:07.282+0000] {logging_mixin.py:188} INFO - [2026-04-28T22:35:07.282+0000] {dagbag.py:540} INFO - Filling up the DagBag from /home/airflow/.local/lib/python3.12/site-packages/airflow/example_dags/plugins/listener_plugin.py
[2026-04-28T22:35:07.284+0000] {processor.py:842} WARNING - No viable dags retrieved from /home/airflow/.local/lib/python3.12/site-packages/airflow/example_dags/plugins/listener_plugin.py
[2026-04-28T22:35:07.296+0000] {processor.py:183} INFO - Processing /home/airflow/.local/lib/python3.12/site-packages/airflow/example_dags/plugins/listener_plugin.py took 0.022 seconds
[2026-04-28T22:35:37.418+0000] {processor.py:161} INFO - Started process (PID=1975) to work on /home/airflow/.local/lib/python3.12/site-packages/airflow/example_dags/plugins/listener_plugin.py
[2026-04-28T22:35:37.419+0000] {processor.py:830} INFO - Processing file /home/airflow/.local/lib/python3.12/site-packages/airflow/example_dags/plugins/listener_plugin.py for tasks to queue
[2026-04-28T22:35:37.421+0000] {logging_mixin.py:188} INFO - [2026-04-28T22:35:37.421+0000] {dagbag.py:540} INFO - Filling up the DagBag from /home/airflow/.local/lib/python3.12/site-packages/airflow/example_dags/plugins/listener_plugin.py
[2026-04-28T22:35:37.424+0000] {processor.py:842} WARNING - No viable dags retrieved from /home/airflow/.local/lib/python3.12/site-packages/airflow/example_dags/plugins/listener_plugin.py
[2026-04-28T22:35:37.453+0000] {processor.py:183} INFO - Processing /home/airflow/.local/lib/python3.12/site-packages/airflow/example_dags/plugins/listener_plugin.py took 0.042 seconds
[2026-04-28T22:36:07.809+0000] {processor.py:161} INFO - Started process (PID=2035) to work on /home/airflow/.local/lib/python3.12/site-packages/airflow/example_dags/plugins/listener_plugin.py
[2026-04-28T22:36:07.810+0000] {processor.py:830} INFO - Processing file /home/airflow/.local/lib/python3.12/site-packages/airflow/example_dags/plugins/listener_plugin.py for tasks to queue
[2026-04-28T22:36:07.812+0000] {logging_mixin.py:188} INFO - [2026-04-28T22:36:07.812+0000] {dagbag.py:540} INFO - Filling up the DagBag from /home/airflow/.local/lib/python3.12/site-packages/airflow/example_dags/plugins/listener_plugin.py
[2026-04-28T22:36:07.815+0000] {processor.py:842} WARNING - No viable dags retrieved from /home/airflow/.local/lib/python3.12/site-packages/airflow/example_dags/plugins/listener_plugin.py
[2026-04-28T22:36:07.831+0000] {processor.py:183} INFO - Processing /home/airflow/.local/lib/python3.12/site-packages/airflow/example_dags/plugins/listener_plugin.py took 0.028 seconds
[2026-04-28T22:36:38.023+0000] {processor.py:161} INFO - Started process (PID=2095) to work on /home/airflow/.local/lib/python3.12/site-packages/airflow/example_dags/plugins/listener_plugin.py
[2026-04-28T22:36:38.026+0000] {processor.py:830} INFO - Processing file /home/airflow/.local/lib/python3.12/site-packages/airflow/example_dags/plugins/listener_plugin.py for tasks to queue
[2026-04-28T22:36:38.029+0000] {logging_mixin.py:188} INFO - [2026-04-28T22:36:38.028+0000] {dagbag.py:540} INFO - Filling up the DagBag from /home/airflow/.local/lib/python3.12/site-packages/airflow/example_dags/plugins/listener_plugin.py
[2026-04-28T22:36:38.033+0000] {processor.py:842} WARNING - No viable dags retrieved from /home/airflow/.local/lib/python3.12/site-packages/airflow/example_dags/plugins/listener_plugin.py
[2026-04-28T22:36:38.048+0000] {processor.py:183} INFO - Processing /home/airflow/.local/lib/python3.12/site-packages/airflow/example_dags/plugins/listener_plugin.py took 0.032 seconds
[2026-04-28T22:37:08.462+0000] {processor.py:161} INFO - Started process (PID=2155) to work on /home/airflow/.local/lib/python3.12/site-packages/airflow/example_dags/plugins/listener_plugin.py
[2026-04-28T22:37:08.462+0000] {processor.py:830} INFO - Processing file /home/airflow/.local/lib/python3.12/site-packages/airflow/example_dags/plugins/listener_plugin.py for tasks to queue
[2026-04-28T22:37:08.464+0000] {logging_mixin.py:188} INFO - [2026-04-28T22:37:08.464+0000] {dagbag.py:540} INFO - Filling up the DagBag from /home/airflow/.local/lib/python3.12/site-packages/airflow/example_dags/plugins/listener_plugin.py
[2026-04-28T22:37:08.467+0000] {processor.py:842} WARNING - No viable dags retrieved from /home/airflow/.local/lib/python3.12/site-packages/airflow/example_dags/plugins/listener_plugin.py
[2026-04-28T22:37:08.483+0000] {processor.py:183} INFO - Processing /home/airflow/.local/lib/python3.12/site-packages/airflow/example_dags/plugins/listener_plugin.py took 0.031 seconds
[2026-04-28T22:37:39.379+0000] {processor.py:161} INFO - Started process (PID=2215) to work on /home/airflow/.local/lib/python3.12/site-packages/airflow/example_dags/plugins/listener_plugin.py
[2026-04-28T22:37:39.381+0000] {processor.py:830} INFO - Processing file /home/airflow/.local/lib/python3.12/site-packages/airflow/example_dags/plugins/listener_plugin.py for tasks to queue
[2026-04-28T22:37:39.383+0000] {logging_mixin.py:188} INFO - [2026-04-28T22:37:39.383+0000] {dagbag.py:540} INFO - Filling up the DagBag from /home/airflow/.local/lib/python3.12/site-packages/airflow/example_dags/plugins/listener_plugin.py
[2026-04-28T22:37:39.390+0000] {processor.py:842} WARNING - No viable dags retrieved from /home/airflow/.local/lib/python3.12/site-packages/airflow/example_dags/plugins/listener_plugin.py
[2026-04-28T22:37:39.423+0000] {processor.py:183} INFO - Processing /home/airflow/.local/lib/python3.12/site-packages/airflow/example_dags/plugins/listener_plugin.py took 0.059 seconds
[2026-04-28T22:38:10.121+0000] {processor.py:161} INFO - Started process (PID=2274) to work on /home/airflow/.local/lib/python3.12/site-packages/airflow/example_dags/plugins/listener_plugin.py
[2026-04-28T22:38:10.126+0000] {processor.py:830} INFO - Processing file /home/airflow/.local/lib/python3.12/site-packages/airflow/example_dags/plugins/listener_plugin.py for tasks to queue
[2026-04-28T22:38:10.132+0000] {logging_mixin.py:188} INFO - [2026-04-28T22:38:10.132+0000] {dagbag.py:540} INFO - Filling up the DagBag from /home/airflow/.local/lib/python3.12/site-packages/airflow/example_dags/plugins/listener_plugin.py
[2026-04-28T22:38:10.187+0000] {processor.py:842} WARNING - No viable dags retrieved from /home/airflow/.local/lib/python3.12/site-packages/airflow/example_dags/plugins/listener_plugin.py
[2026-04-28T22:38:10.219+0000] {processor.py:183} INFO - Processing /home/airflow/.local/lib/python3.12/site-packages/airflow/example_dags/plugins/listener_plugin.py took 0.105 seconds
[2026-04-28T22:38:40.411+0000] {processor.py:161} INFO - Started process (PID=2333) to work on /home/airflow/.local/lib/python3.12/site-packages/airflow/example_dags/plugins/listener_plugin.py
[2026-04-28T22:38:40.425+0000] {processor.py:830} INFO - Processing file /home/airflow/.local/lib/python3.12/site-packages/airflow/example_dags/plugins/listener_plugin.py for tasks to queue
[2026-04-28T22:38:40.430+0000] {logging_mixin.py:188} INFO - [2026-04-28T22:38:40.428+0000] {dagbag.py:540} INFO - Filling up the DagBag from /home/airflow/.local/lib/python3.12/site-packages/airflow/example_dags/plugins/listener_plugin.py
[2026-04-28T22:38:40.447+0000] {processor.py:842} WARNING - No viable dags retrieved from /home/airflow/.local/lib/python3.12/site-packages/airflow/example_dags/plugins/listener_plugin.py
[2026-04-28T22:38:40.501+0000] {processor.py:183} INFO - Processing /home/airflow/.local/lib/python3.12/site-packages/airflow/example_dags/plugins/listener_plugin.py took 0.108 seconds
[2026-04-28T22:39:10.664+0000] {processor.py:161} INFO - Started process (PID=2392) to work on /home/airflow/.local/lib/python3.12/site-packages/airflow/example_dags/plugins/listener_plugin.py
[2026-04-28T22:39:10.669+0000] {processor.py:830} INFO - Processing file /home/airflow/.local/lib/python3.12/site-packages/airflow/example_dags/plugins/listener_plugin.py for tasks to queue
[2026-04-28T22:39:10.673+0000] {logging_mixin.py:188} INFO - [2026-04-28T22:39:10.673+0000] {dagbag.py:540} INFO - Filling up the DagBag from /home/airflow/.local/lib/python3.12/site-packages/airflow/example_dags/plugins/listener_plugin.py
[2026-04-28T22:39:10.710+0000] {processor.py:842} WARNING - No viable dags retrieved from /home/airflow/.local/lib/python3.12/site-packages/airflow/example_dags/plugins/listener_plugin.py
[2026-04-28T22:39:10.731+0000] {processor.py:183} INFO - Processing /home/airflow/.local/lib/python3.12/site-packages/airflow/example_dags/plugins/listener_plugin.py took 0.074 seconds
[2026-04-28T22:39:42.423+0000] {processor.py:161} INFO - Started process (PID=2452) to work on /home/airflow/.local/lib/python3.12/site-packages/airflow/example_dags/plugins/listener_plugin.py
[2026-04-28T22:39:42.437+0000] {processor.py:830} INFO - Processing file /home/airflow/.local/lib/python3.12/site-packages/airflow/example_dags/plugins/listener_plugin.py for tasks to queue
[2026-04-28T22:39:42.439+0000] {logging_mixin.py:188} INFO - [2026-04-28T22:39:42.439+0000] {dagbag.py:540} INFO - Filling up the DagBag from /home/airflow/.local/lib/python3.12/site-packages/airflow/example_dags/plugins/listener_plugin.py
[2026-04-28T22:39:42.521+0000] {processor.py:842} WARNING - No viable dags retrieved from /home/airflow/.local/lib/python3.12/site-packages/airflow/example_dags/plugins/listener_plugin.py
[2026-04-28T22:39:42.547+0000] {processor.py:183} INFO - Processing /home/airflow/.local/lib/python3.12/site-packages/airflow/example_dags/plugins/listener_plugin.py took 0.133 seconds
[2026-04-28T22:40:12.849+0000] {processor.py:161} INFO - Started process (PID=2512) to work on /home/airflow/.local/lib/python3.12/site-packages/airflow/example_dags/plugins/listener_plugin.py
[2026-04-28T22:40:12.850+0000] {processor.py:830} INFO - Processing file /home/airflow/.local/lib/python3.12/site-packages/airflow/example_dags/plugins/listener_plugin.py for tasks to queue
[2026-04-28T22:40:12.852+0000] {logging_mixin.py:188} INFO - [2026-04-28T22:40:12.852+0000] {dagbag.py:540} INFO - Filling up the DagBag from /home/airflow/.local/lib/python3.12/site-packages/airflow/example_dags/plugins/listener_plugin.py
[2026-04-28T22:40:12.861+0000] {processor.py:842} WARNING - No viable dags retrieved from /home/airflow/.local/lib/python3.12/site-packages/airflow/example_dags/plugins/listener_plugin.py
[2026-04-28T22:40:12.882+0000] {processor.py:183} INFO - Processing /home/airflow/.local/lib/python3.12/site-packages/airflow/example_dags/plugins/listener_plugin.py took 0.042 seconds
[2026-04-28T22:40:44.332+0000] {processor.py:161} INFO - Started process (PID=2573) to work on /home/airflow/.local/lib/python3.12/site-packages/airflow/example_dags/plugins/listener_plugin.py
[2026-04-28T22:40:44.361+0000] {processor.py:830} INFO - Processing file /home/airflow/.local/lib/python3.12/site-packages/airflow/example_dags/plugins/listener_plugin.py for tasks to queue
[2026-04-28T22:40:44.364+0000] {logging_mixin.py:188} INFO - [2026-04-28T22:40:44.363+0000] {dagbag.py:540} INFO - Filling up the DagBag from /home/airflow/.local/lib/python3.12/site-packages/airflow/example_dags/plugins/listener_plugin.py
[2026-04-28T22:40:44.391+0000] {processor.py:842} WARNING - No viable dags retrieved from /home/airflow/.local/lib/python3.12/site-packages/airflow/example_dags/plugins/listener_plugin.py
[2026-04-28T22:40:44.495+0000] {processor.py:183} INFO - Processing /home/airflow/.local/lib/python3.12/site-packages/airflow/example_dags/plugins/listener_plugin.py took 0.225 seconds
[2026-04-28T22:41:15.549+0000] {processor.py:161} INFO - Started process (PID=2633) to work on /home/airflow/.local/lib/python3.12/site-packages/airflow/example_dags/plugins/listener_plugin.py
[2026-04-28T22:41:15.552+0000] {processor.py:830} INFO - Processing file /home/airflow/.local/lib/python3.12/site-packages/airflow/example_dags/plugins/listener_plugin.py for tasks to queue
[2026-04-28T22:41:15.556+0000] {logging_mixin.py:188} INFO - [2026-04-28T22:41:15.555+0000] {dagbag.py:540} INFO - Filling up the DagBag from /home/airflow/.local/lib/python3.12/site-packages/airflow/example_dags/plugins/listener_plugin.py
[2026-04-28T22:41:15.574+0000] {processor.py:842} WARNING - No viable dags retrieved from /home/airflow/.local/lib/python3.12/site-packages/airflow/example_dags/plugins/listener_plugin.py
[2026-04-28T22:41:15.618+0000] {processor.py:183} INFO - Processing /home/airflow/.local/lib/python3.12/site-packages/airflow/example_dags/plugins/listener_plugin.py took 0.083 seconds
[2026-04-28T22:41:46.526+0000] {processor.py:161} INFO - Started process (PID=2693) to work on /home/airflow/.local/lib/python3.12/site-packages/airflow/example_dags/plugins/listener_plugin.py
[2026-04-28T22:41:46.530+0000] {processor.py:830} INFO - Processing file /home/airflow/.local/lib/python3.12/site-packages/airflow/example_dags/plugins/listener_plugin.py for tasks to queue
[2026-04-28T22:41:46.532+0000] {logging_mixin.py:188} INFO - [2026-04-28T22:41:46.532+0000] {dagbag.py:540} INFO - Filling up the DagBag from /home/airflow/.local/lib/python3.12/site-packages/airflow/example_dags/plugins/listener_plugin.py
[2026-04-28T22:41:46.541+0000] {processor.py:842} WARNING - No viable dags retrieved from /home/airflow/.local/lib/python3.12/site-packages/airflow/example_dags/plugins/listener_plugin.py
[2026-04-28T22:41:46.570+0000] {processor.py:183} INFO - Processing /home/airflow/.local/lib/python3.12/site-packages/airflow/example_dags/plugins/listener_plugin.py took 0.052 seconds
[2026-04-28T22:42:21.794+0000] {processor.py:161} INFO - Started process (PID=2757) to work on /home/airflow/.local/lib/python3.12/site-packages/airflow/example_dags/plugins/listener_plugin.py
[2026-04-28T22:42:21.804+0000] {processor.py:830} INFO - Processing file /home/airflow/.local/lib/python3.12/site-packages/airflow/example_dags/plugins/listener_plugin.py for tasks to queue
[2026-04-28T22:42:21.809+0000] {logging_mixin.py:188} INFO - [2026-04-28T22:42:21.808+0000] {dagbag.py:540} INFO - Filling up the DagBag from /home/airflow/.local/lib/python3.12/site-packages/airflow/example_dags/plugins/listener_plugin.py
[2026-04-28T22:42:21.837+0000] {processor.py:842} WARNING - No viable dags retrieved from /home/airflow/.local/lib/python3.12/site-packages/airflow/example_dags/plugins/listener_plugin.py
[2026-04-28T22:42:22.058+0000] {processor.py:183} INFO - Processing /home/airflow/.local/lib/python3.12/site-packages/airflow/example_dags/plugins/listener_plugin.py took 0.300 seconds
[2026-04-28T22:42:52.426+0000] {processor.py:161} INFO - Started process (PID=2816) to work on /home/airflow/.local/lib/python3.12/site-packages/airflow/example_dags/plugins/listener_plugin.py
[2026-04-28T22:42:52.427+0000] {processor.py:830} INFO - Processing file /home/airflow/.local/lib/python3.12/site-packages/airflow/example_dags/plugins/listener_plugin.py for tasks to queue
[2026-04-28T22:42:52.428+0000] {logging_mixin.py:188} INFO - [2026-04-28T22:42:52.428+0000] {dagbag.py:540} INFO - Filling up the DagBag from /home/airflow/.local/lib/python3.12/site-packages/airflow/example_dags/plugins/listener_plugin.py
[2026-04-28T22:42:52.433+0000] {processor.py:842} WARNING - No viable dags retrieved from /home/airflow/.local/lib/python3.12/site-packages/airflow/example_dags/plugins/listener_plugin.py
[2026-04-28T22:42:52.445+0000] {processor.py:183} INFO - Processing /home/airflow/.local/lib/python3.12/site-packages/airflow/example_dags/plugins/listener_plugin.py took 0.025 seconds
[2026-04-28T22:43:23.992+0000] {processor.py:161} INFO - Started process (PID=2877) to work on /home/airflow/.local/lib/python3.12/site-packages/airflow/example_dags/plugins/listener_plugin.py
[2026-04-28T22:43:23.998+0000] {processor.py:830} INFO - Processing file /home/airflow/.local/lib/python3.12/site-packages/airflow/example_dags/plugins/listener_plugin.py for tasks to queue
[2026-04-28T22:43:24.003+0000] {logging_mixin.py:188} INFO - [2026-04-28T22:43:24.002+0000] {dagbag.py:540} INFO - Filling up the DagBag from /home/airflow/.local/lib/python3.12/site-packages/airflow/example_dags/plugins/listener_plugin.py
[2026-04-28T22:43:24.049+0000] {processor.py:842} WARNING - No viable dags retrieved from /home/airflow/.local/lib/python3.12/site-packages/airflow/example_dags/plugins/listener_plugin.py
[2026-04-28T22:43:24.117+0000] {processor.py:183} INFO - Processing /home/airflow/.local/lib/python3.12/site-packages/airflow/example_dags/plugins/listener_plugin.py took 0.145 seconds
[2026-04-28T22:43:54.415+0000] {processor.py:161} INFO - Started process (PID=2936) to work on /home/airflow/.local/lib/python3.12/site-packages/airflow/example_dags/plugins/listener_plugin.py
[2026-04-28T22:43:54.427+0000] {processor.py:830} INFO - Processing file /home/airflow/.local/lib/python3.12/site-packages/airflow/example_dags/plugins/listener_plugin.py for tasks to queue
[2026-04-28T22:43:54.430+0000] {logging_mixin.py:188} INFO - [2026-04-28T22:43:54.430+0000] {dagbag.py:540} INFO - Filling up the DagBag from /home/airflow/.local/lib/python3.12/site-packages/airflow/example_dags/plugins/listener_plugin.py
[2026-04-28T22:43:54.459+0000] {processor.py:842} WARNING - No viable dags retrieved from /home/airflow/.local/lib/python3.12/site-packages/airflow/example_dags/plugins/listener_plugin.py
[2026-04-28T22:43:54.490+0000] {processor.py:183} INFO - Processing /home/airflow/.local/lib/python3.12/site-packages/airflow/example_dags/plugins/listener_plugin.py took 0.086 seconds
[2026-04-28T22:44:25.157+0000] {processor.py:161} INFO - Started process (PID=2995) to work on /home/airflow/.local/lib/python3.12/site-packages/airflow/example_dags/plugins/listener_plugin.py
[2026-04-28T22:44:25.158+0000] {processor.py:830} INFO - Processing file /home/airflow/.local/lib/python3.12/site-packages/airflow/example_dags/plugins/listener_plugin.py for tasks to queue
[2026-04-28T22:44:25.161+0000] {logging_mixin.py:188} INFO - [2026-04-28T22:44:25.160+0000] {dagbag.py:540} INFO - Filling up the DagBag from /home/airflow/.local/lib/python3.12/site-packages/airflow/example_dags/plugins/listener_plugin.py
[2026-04-28T22:44:25.170+0000] {processor.py:842} WARNING - No viable dags retrieved from /home/airflow/.local/lib/python3.12/site-packages/airflow/example_dags/plugins/listener_plugin.py
[2026-04-28T22:44:25.197+0000] {processor.py:183} INFO - Processing /home/airflow/.local/lib/python3.12/site-packages/airflow/example_dags/plugins/listener_plugin.py took 0.048 seconds
[2026-04-28T22:44:56.354+0000] {processor.py:161} INFO - Started process (PID=3054) to work on /home/airflow/.local/lib/python3.12/site-packages/airflow/example_dags/plugins/listener_plugin.py
[2026-04-28T22:44:56.364+0000] {processor.py:830} INFO - Processing file /home/airflow/.local/lib/python3.12/site-packages/airflow/example_dags/plugins/listener_plugin.py for tasks to queue
[2026-04-28T22:44:56.370+0000] {logging_mixin.py:188} INFO - [2026-04-28T22:44:56.370+0000] {dagbag.py:540} INFO - Filling up the DagBag from /home/airflow/.local/lib/python3.12/site-packages/airflow/example_dags/plugins/listener_plugin.py
[2026-04-28T22:44:56.402+0000] {processor.py:842} WARNING - No viable dags retrieved from /home/airflow/.local/lib/python3.12/site-packages/airflow/example_dags/plugins/listener_plugin.py
[2026-04-28T22:44:56.459+0000] {processor.py:183} INFO - Processing /home/airflow/.local/lib/python3.12/site-packages/airflow/example_dags/plugins/listener_plugin.py took 0.126 seconds
[2026-04-28T22:45:27.147+0000] {processor.py:161} INFO - Started process (PID=3113) to work on /home/airflow/.local/lib/python3.12/site-packages/airflow/example_dags/plugins/listener_plugin.py
[2026-04-28T22:45:27.151+0000] {processor.py:830} INFO - Processing file /home/airflow/.local/lib/python3.12/site-packages/airflow/example_dags/plugins/listener_plugin.py for tasks to queue
[2026-04-28T22:45:27.157+0000] {logging_mixin.py:188} INFO - [2026-04-28T22:45:27.157+0000] {dagbag.py:540} INFO - Filling up the DagBag from /home/airflow/.local/lib/python3.12/site-packages/airflow/example_dags/plugins/listener_plugin.py
[2026-04-28T22:45:27.169+0000] {processor.py:842} WARNING - No viable dags retrieved from /home/airflow/.local/lib/python3.12/site-packages/airflow/example_dags/plugins/listener_plugin.py
[2026-04-28T22:45:27.208+0000] {processor.py:183} INFO - Processing /home/airflow/.local/lib/python3.12/site-packages/airflow/example_dags/plugins/listener_plugin.py took 0.080 seconds
[2026-04-28T22:46:02.281+0000] {processor.py:161} INFO - Started process (PID=3174) to work on /home/airflow/.local/lib/python3.12/site-packages/airflow/example_dags/plugins/listener_plugin.py
[2026-04-28T22:46:02.306+0000] {processor.py:830} INFO - Processing file /home/airflow/.local/lib/python3.12/site-packages/airflow/example_dags/plugins/listener_plugin.py for tasks to queue
[2026-04-28T22:46:02.314+0000] {logging_mixin.py:188} INFO - [2026-04-28T22:46:02.314+0000] {dagbag.py:540} INFO - Filling up the DagBag from /home/airflow/.local/lib/python3.12/site-packages/airflow/example_dags/plugins/listener_plugin.py
[2026-04-28T22:46:02.373+0000] {processor.py:842} WARNING - No viable dags retrieved from /home/airflow/.local/lib/python3.12/site-packages/airflow/example_dags/plugins/listener_plugin.py
[2026-04-28T22:46:02.449+0000] {processor.py:183} INFO - Processing /home/airflow/.local/lib/python3.12/site-packages/airflow/example_dags/plugins/listener_plugin.py took 0.215 seconds
[2026-04-28T22:46:32.721+0000] {processor.py:161} INFO - Started process (PID=3233) to work on /home/airflow/.local/lib/python3.12/site-packages/airflow/example_dags/plugins/listener_plugin.py
[2026-04-28T22:46:32.726+0000] {processor.py:830} INFO - Processing file /home/airflow/.local/lib/python3.12/site-packages/airflow/example_dags/plugins/listener_plugin.py for tasks to queue
[2026-04-28T22:46:32.748+0000] {logging_mixin.py:188} INFO - [2026-04-28T22:46:32.745+0000] {dagbag.py:540} INFO - Filling up the DagBag from /home/airflow/.local/lib/python3.12/site-packages/airflow/example_dags/plugins/listener_plugin.py
[2026-04-28T22:46:32.854+0000] {processor.py:842} WARNING - No viable dags retrieved from /home/airflow/.local/lib/python3.12/site-packages/airflow/example_dags/plugins/listener_plugin.py
[2026-04-28T22:46:33.105+0000] {processor.py:183} INFO - Processing /home/airflow/.local/lib/python3.12/site-packages/airflow/example_dags/plugins/listener_plugin.py took 0.444 seconds
[2026-04-28T22:47:03.508+0000] {processor.py:161} INFO - Started process (PID=3293) to work on /home/airflow/.local/lib/python3.12/site-packages/airflow/example_dags/plugins/listener_plugin.py
[2026-04-28T22:47:03.512+0000] {processor.py:830} INFO - Processing file /home/airflow/.local/lib/python3.12/site-packages/airflow/example_dags/plugins/listener_plugin.py for tasks to queue
[2026-04-28T22:47:03.523+0000] {logging_mixin.py:188} INFO - [2026-04-28T22:47:03.522+0000] {dagbag.py:540} INFO - Filling up the DagBag from /home/airflow/.local/lib/python3.12/site-packages/airflow/example_dags/plugins/listener_plugin.py
[2026-04-28T22:47:03.545+0000] {processor.py:842} WARNING - No viable dags retrieved from /home/airflow/.local/lib/python3.12/site-packages/airflow/example_dags/plugins/listener_plugin.py
[2026-04-28T22:47:03.585+0000] {processor.py:183} INFO - Processing /home/airflow/.local/lib/python3.12/site-packages/airflow/example_dags/plugins/listener_plugin.py took 0.090 seconds
[2026-04-28T22:47:33.681+0000] {processor.py:161} INFO - Started process (PID=3352) to work on /home/airflow/.local/lib/python3.12/site-packages/airflow/example_dags/plugins/listener_plugin.py
[2026-04-28T22:47:33.683+0000] {processor.py:830} INFO - Processing file /home/airflow/.local/lib/python3.12/site-packages/airflow/example_dags/plugins/listener_plugin.py for tasks to queue
[2026-04-28T22:47:33.685+0000] {logging_mixin.py:188} INFO - [2026-04-28T22:47:33.684+0000] {dagbag.py:540} INFO - Filling up the DagBag from /home/airflow/.local/lib/python3.12/site-packages/airflow/example_dags/plugins/listener_plugin.py
[2026-04-28T22:47:33.688+0000] {processor.py:842} WARNING - No viable dags retrieved from /home/airflow/.local/lib/python3.12/site-packages/airflow/example_dags/plugins/listener_plugin.py
[2026-04-28T22:47:33.701+0000] {processor.py:183} INFO - Processing /home/airflow/.local/lib/python3.12/site-packages/airflow/example_dags/plugins/listener_plugin.py took 0.025 seconds
[2026-04-28T22:48:04.284+0000] {processor.py:161} INFO - Started process (PID=3412) to work on /home/airflow/.local/lib/python3.12/site-packages/airflow/example_dags/plugins/listener_plugin.py
[2026-04-28T22:48:04.286+0000] {processor.py:830} INFO - Processing file /home/airflow/.local/lib/python3.12/site-packages/airflow/example_dags/plugins/listener_plugin.py for tasks to queue
[2026-04-28T22:48:04.288+0000] {logging_mixin.py:188} INFO - [2026-04-28T22:48:04.288+0000] {dagbag.py:540} INFO - Filling up the DagBag from /home/airflow/.local/lib/python3.12/site-packages/airflow/example_dags/plugins/listener_plugin.py
[2026-04-28T22:48:04.305+0000] {processor.py:842} WARNING - No viable dags retrieved from /home/airflow/.local/lib/python3.12/site-packages/airflow/example_dags/plugins/listener_plugin.py
[2026-04-28T22:48:04.354+0000] {processor.py:183} INFO - Processing /home/airflow/.local/lib/python3.12/site-packages/airflow/example_dags/plugins/listener_plugin.py took 0.086 seconds
[2026-04-28T22:48:34.647+0000] {processor.py:161} INFO - Started process (PID=3472) to work on /home/airflow/.local/lib/python3.12/site-packages/airflow/example_dags/plugins/listener_plugin.py
[2026-04-28T22:48:34.648+0000] {processor.py:830} INFO - Processing file /home/airflow/.local/lib/python3.12/site-packages/airflow/example_dags/plugins/listener_plugin.py for tasks to queue
[2026-04-28T22:48:34.653+0000] {logging_mixin.py:188} INFO - [2026-04-28T22:48:34.653+0000] {dagbag.py:540} INFO - Filling up the DagBag from /home/airflow/.local/lib/python3.12/site-packages/airflow/example_dags/plugins/listener_plugin.py
[2026-04-28T22:48:34.664+0000] {processor.py:842} WARNING - No viable dags retrieved from /home/airflow/.local/lib/python3.12/site-packages/airflow/example_dags/plugins/listener_plugin.py
[2026-04-28T22:48:34.685+0000] {processor.py:183} INFO - Processing /home/airflow/.local/lib/python3.12/site-packages/airflow/example_dags/plugins/listener_plugin.py took 0.046 seconds
[2026-04-28T22:49:05.398+0000] {processor.py:161} INFO - Started process (PID=3531) to work on /home/airflow/.local/lib/python3.12/site-packages/airflow/example_dags/plugins/listener_plugin.py
[2026-04-28T22:49:05.399+0000] {processor.py:830} INFO - Processing file /home/airflow/.local/lib/python3.12/site-packages/airflow/example_dags/plugins/listener_plugin.py for tasks to queue
[2026-04-28T22:49:05.406+0000] {logging_mixin.py:188} INFO - [2026-04-28T22:49:05.406+0000] {dagbag.py:540} INFO - Filling up the DagBag from /home/airflow/.local/lib/python3.12/site-packages/airflow/example_dags/plugins/listener_plugin.py
[2026-04-28T22:49:05.419+0000] {processor.py:842} WARNING - No viable dags retrieved from /home/airflow/.local/lib/python3.12/site-packages/airflow/example_dags/plugins/listener_plugin.py
[2026-04-28T22:49:05.444+0000] {processor.py:183} INFO - Processing /home/airflow/.local/lib/python3.12/site-packages/airflow/example_dags/plugins/listener_plugin.py took 0.053 seconds
[2026-04-28T22:49:36.028+0000] {processor.py:161} INFO - Started process (PID=3590) to work on /home/airflow/.local/lib/python3.12/site-packages/airflow/example_dags/plugins/listener_plugin.py
[2026-04-28T22:49:36.029+0000] {processor.py:830} INFO - Processing file /home/airflow/.local/lib/python3.12/site-packages/airflow/example_dags/plugins/listener_plugin.py for tasks to queue
[2026-04-28T22:49:36.031+0000] {logging_mixin.py:188} INFO - [2026-04-28T22:49:36.031+0000] {dagbag.py:540} INFO - Filling up the DagBag from /home/airflow/.local/lib/python3.12/site-packages/airflow/example_dags/plugins/listener_plugin.py
[2026-04-28T22:49:36.049+0000] {processor.py:842} WARNING - No viable dags retrieved from /home/airflow/.local/lib/python3.12/site-packages/airflow/example_dags/plugins/listener_plugin.py
[2026-04-28T22:49:36.061+0000] {processor.py:183} INFO - Processing /home/airflow/.local/lib/python3.12/site-packages/airflow/example_dags/plugins/listener_plugin.py took 0.040 seconds
[2026-04-28T22:50:06.633+0000] {processor.py:161} INFO - Started process (PID=3650) to work on /home/airflow/.local/lib/python3.12/site-packages/airflow/example_dags/plugins/listener_plugin.py
[2026-04-28T22:50:06.635+0000] {processor.py:830} INFO - Processing file /home/airflow/.local/lib/python3.12/site-packages/airflow/example_dags/plugins/listener_plugin.py for tasks to queue
[2026-04-28T22:50:06.637+0000] {logging_mixin.py:188} INFO - [2026-04-28T22:50:06.637+0000] {dagbag.py:540} INFO - Filling up the DagBag from /home/airflow/.local/lib/python3.12/site-packages/airflow/example_dags/plugins/listener_plugin.py
[2026-04-28T22:50:06.642+0000] {processor.py:842} WARNING - No viable dags retrieved from /home/airflow/.local/lib/python3.12/site-packages/airflow/example_dags/plugins/listener_plugin.py
[2026-04-28T22:50:06.656+0000] {processor.py:183} INFO - Processing /home/airflow/.local/lib/python3.12/site-packages/airflow/example_dags/plugins/listener_plugin.py took 0.028 seconds
[2026-04-28T22:50:36.787+0000] {processor.py:161} INFO - Started process (PID=3710) to work on /home/airflow/.local/lib/python3.12/site-packages/airflow/example_dags/plugins/listener_plugin.py
[2026-04-28T22:50:36.788+0000] {processor.py:830} INFO - Processing file /home/airflow/.local/lib/python3.12/site-packages/airflow/example_dags/plugins/listener_plugin.py for tasks to queue
[2026-04-28T22:50:36.792+0000] {logging_mixin.py:188} INFO - [2026-04-28T22:50:36.791+0000] {dagbag.py:540} INFO - Filling up the DagBag from /home/airflow/.local/lib/python3.12/site-packages/airflow/example_dags/plugins/listener_plugin.py
[2026-04-28T22:50:36.797+0000] {processor.py:842} WARNING - No viable dags retrieved from /home/airflow/.local/lib/python3.12/site-packages/airflow/example_dags/plugins/listener_plugin.py
[2026-04-28T22:50:36.816+0000] {processor.py:183} INFO - Processing /home/airflow/.local/lib/python3.12/site-packages/airflow/example_dags/plugins/listener_plugin.py took 0.037 seconds
[2026-04-28T22:51:07.267+0000] {processor.py:161} INFO - Started process (PID=3770) to work on /home/airflow/.local/lib/python3.12/site-packages/airflow/example_dags/plugins/listener_plugin.py
[2026-04-28T22:51:07.271+0000] {processor.py:830} INFO - Processing file /home/airflow/.local/lib/python3.12/site-packages/airflow/example_dags/plugins/listener_plugin.py for tasks to queue
[2026-04-28T22:51:07.276+0000] {logging_mixin.py:188} INFO - [2026-04-28T22:51:07.274+0000] {dagbag.py:540} INFO - Filling up the DagBag from /home/airflow/.local/lib/python3.12/site-packages/airflow/example_dags/plugins/listener_plugin.py
[2026-04-28T22:51:07.323+0000] {processor.py:842} WARNING - No viable dags retrieved from /home/airflow/.local/lib/python3.12/site-packages/airflow/example_dags/plugins/listener_plugin.py
[2026-04-28T22:51:07.436+0000] {processor.py:183} INFO - Processing /home/airflow/.local/lib/python3.12/site-packages/airflow/example_dags/plugins/listener_plugin.py took 0.214 seconds
[2026-04-28T22:51:38.061+0000] {processor.py:161} INFO - Started process (PID=3831) to work on /home/airflow/.local/lib/python3.12/site-packages/airflow/example_dags/plugins/listener_plugin.py
[2026-04-28T22:51:38.062+0000] {processor.py:830} INFO - Processing file /home/airflow/.local/lib/python3.12/site-packages/airflow/example_dags/plugins/listener_plugin.py for tasks to queue
[2026-04-28T22:51:38.065+0000] {logging_mixin.py:188} INFO - [2026-04-28T22:51:38.064+0000] {dagbag.py:540} INFO - Filling up the DagBag from /home/airflow/.local/lib/python3.12/site-packages/airflow/example_dags/plugins/listener_plugin.py
[2026-04-28T22:51:38.068+0000] {processor.py:842} WARNING - No viable dags retrieved from /home/airflow/.local/lib/python3.12/site-packages/airflow/example_dags/plugins/listener_plugin.py
[2026-04-28T22:51:38.081+0000] {processor.py:183} INFO - Processing /home/airflow/.local/lib/python3.12/site-packages/airflow/example_dags/plugins/listener_plugin.py took 0.026 seconds
[2026-04-28T22:52:08.900+0000] {processor.py:161} INFO - Started process (PID=3891) to work on /home/airflow/.local/lib/python3.12/site-packages/airflow/example_dags/plugins/listener_plugin.py
[2026-04-28T22:52:08.901+0000] {processor.py:830} INFO - Processing file /home/airflow/.local/lib/python3.12/site-packages/airflow/example_dags/plugins/listener_plugin.py for tasks to queue
[2026-04-28T22:52:08.902+0000] {logging_mixin.py:188} INFO - [2026-04-28T22:52:08.902+0000] {dagbag.py:540} INFO - Filling up the DagBag from /home/airflow/.local/lib/python3.12/site-packages/airflow/example_dags/plugins/listener_plugin.py
[2026-04-28T22:52:08.907+0000] {processor.py:842} WARNING - No viable dags retrieved from /home/airflow/.local/lib/python3.12/site-packages/airflow/example_dags/plugins/listener_plugin.py
[2026-04-28T22:52:08.918+0000] {processor.py:183} INFO - Processing /home/airflow/.local/lib/python3.12/site-packages/airflow/example_dags/plugins/listener_plugin.py took 0.024 seconds
[2026-04-28T22:52:39.495+0000] {processor.py:161} INFO - Started process (PID=3951) to work on /home/airflow/.local/lib/python3.12/site-packages/airflow/example_dags/plugins/listener_plugin.py
[2026-04-28T22:52:39.504+0000] {processor.py:830} INFO - Processing file /home/airflow/.local/lib/python3.12/site-packages/airflow/example_dags/plugins/listener_plugin.py for tasks to queue
[2026-04-28T22:52:39.520+0000] {logging_mixin.py:188} INFO - [2026-04-28T22:52:39.519+0000] {dagbag.py:540} INFO - Filling up the DagBag from /home/airflow/.local/lib/python3.12/site-packages/airflow/example_dags/plugins/listener_plugin.py
[2026-04-28T22:52:39.559+0000] {processor.py:842} WARNING - No viable dags retrieved from /home/airflow/.local/lib/python3.12/site-packages/airflow/example_dags/plugins/listener_plugin.py
[2026-04-28T22:52:39.617+0000] {processor.py:183} INFO - Processing /home/airflow/.local/lib/python3.12/site-packages/airflow/example_dags/plugins/listener_plugin.py took 0.161 seconds
[2026-04-28T22:53:09.964+0000] {processor.py:161} INFO - Started process (PID=4011) to work on /home/airflow/.local/lib/python3.12/site-packages/airflow/example_dags/plugins/listener_plugin.py
[2026-04-28T22:53:09.968+0000] {processor.py:830} INFO - Processing file /home/airflow/.local/lib/python3.12/site-packages/airflow/example_dags/plugins/listener_plugin.py for tasks to queue
[2026-04-28T22:53:09.973+0000] {logging_mixin.py:188} INFO - [2026-04-28T22:53:09.972+0000] {dagbag.py:540} INFO - Filling up the DagBag from /home/airflow/.local/lib/python3.12/site-packages/airflow/example_dags/plugins/listener_plugin.py
[2026-04-28T22:53:09.977+0000] {processor.py:842} WARNING - No viable dags retrieved from /home/airflow/.local/lib/python3.12/site-packages/airflow/example_dags/plugins/listener_plugin.py
[2026-04-28T22:53:09.997+0000] {processor.py:183} INFO - Processing /home/airflow/.local/lib/python3.12/site-packages/airflow/example_dags/plugins/listener_plugin.py took 0.044 seconds
[2026-04-28T22:53:40.946+0000] {processor.py:161} INFO - Started process (PID=4071) to work on /home/airflow/.local/lib/python3.12/site-packages/airflow/example_dags/plugins/listener_plugin.py
[2026-04-28T22:53:40.947+0000] {processor.py:830} INFO - Processing file /home/airflow/.local/lib/python3.12/site-packages/airflow/example_dags/plugins/listener_plugin.py for tasks to queue
[2026-04-28T22:53:40.950+0000] {logging_mixin.py:188} INFO - [2026-04-28T22:53:40.950+0000] {dagbag.py:540} INFO - Filling up the DagBag from /home/airflow/.local/lib/python3.12/site-packages/airflow/example_dags/plugins/listener_plugin.py
[2026-04-28T22:53:40.954+0000] {processor.py:842} WARNING - No viable dags retrieved from /home/airflow/.local/lib/python3.12/site-packages/airflow/example_dags/plugins/listener_plugin.py
[2026-04-28T22:53:40.982+0000] {processor.py:183} INFO - Processing /home/airflow/.local/lib/python3.12/site-packages/airflow/example_dags/plugins/listener_plugin.py took 0.043 seconds
[2026-04-28T22:54:11.102+0000] {processor.py:161} INFO - Started process (PID=4131) to work on /home/airflow/.local/lib/python3.12/site-packages/airflow/example_dags/plugins/listener_plugin.py
[2026-04-28T22:54:11.106+0000] {processor.py:830} INFO - Processing file /home/airflow/.local/lib/python3.12/site-packages/airflow/example_dags/plugins/listener_plugin.py for tasks to queue
[2026-04-28T22:54:11.109+0000] {logging_mixin.py:188} INFO - [2026-04-28T22:54:11.108+0000] {dagbag.py:540} INFO - Filling up the DagBag from /home/airflow/.local/lib/python3.12/site-packages/airflow/example_dags/plugins/listener_plugin.py
[2026-04-28T22:54:11.114+0000] {processor.py:842} WARNING - No viable dags retrieved from /home/airflow/.local/lib/python3.12/site-packages/airflow/example_dags/plugins/listener_plugin.py
[2026-04-28T22:54:11.129+0000] {processor.py:183} INFO - Processing /home/airflow/.local/lib/python3.12/site-packages/airflow/example_dags/plugins/listener_plugin.py took 0.034 seconds
[2026-04-28T22:54:42.151+0000] {processor.py:161} INFO - Started process (PID=4191) to work on /home/airflow/.local/lib/python3.12/site-packages/airflow/example_dags/plugins/listener_plugin.py
[2026-04-28T22:54:42.152+0000] {processor.py:830} INFO - Processing file /home/airflow/.local/lib/python3.12/site-packages/airflow/example_dags/plugins/listener_plugin.py for tasks to queue
[2026-04-28T22:54:42.154+0000] {logging_mixin.py:188} INFO - [2026-04-28T22:54:42.154+0000] {dagbag.py:540} INFO - Filling up the DagBag from /home/airflow/.local/lib/python3.12/site-packages/airflow/example_dags/plugins/listener_plugin.py
[2026-04-28T22:54:42.159+0000] {processor.py:842} WARNING - No viable dags retrieved from /home/airflow/.local/lib/python3.12/site-packages/airflow/example_dags/plugins/listener_plugin.py
[2026-04-28T22:54:42.171+0000] {processor.py:183} INFO - Processing /home/airflow/.local/lib/python3.12/site-packages/airflow/example_dags/plugins/listener_plugin.py took 0.026 seconds
[2026-04-28T22:55:12.391+0000] {processor.py:161} INFO - Started process (PID=4251) to work on /home/airflow/.local/lib/python3.12/site-packages/airflow/example_dags/plugins/listener_plugin.py
[2026-04-28T22:55:12.393+0000] {processor.py:830} INFO - Processing file /home/airflow/.local/lib/python3.12/site-packages/airflow/example_dags/plugins/listener_plugin.py for tasks to queue
[2026-04-28T22:55:12.395+0000] {logging_mixin.py:188} INFO - [2026-04-28T22:55:12.395+0000] {dagbag.py:540} INFO - Filling up the DagBag from /home/airflow/.local/lib/python3.12/site-packages/airflow/example_dags/plugins/listener_plugin.py
[2026-04-28T22:55:12.400+0000] {processor.py:842} WARNING - No viable dags retrieved from /home/airflow/.local/lib/python3.12/site-packages/airflow/example_dags/plugins/listener_plugin.py
[2026-04-28T22:55:12.412+0000] {processor.py:183} INFO - Processing /home/airflow/.local/lib/python3.12/site-packages/airflow/example_dags/plugins/listener_plugin.py took 0.026 seconds
[2026-04-28T22:55:43.411+0000] {processor.py:161} INFO - Started process (PID=4311) to work on /home/airflow/.local/lib/python3.12/site-packages/airflow/example_dags/plugins/listener_plugin.py
[2026-04-28T22:55:43.412+0000] {processor.py:830} INFO - Processing file /home/airflow/.local/lib/python3.12/site-packages/airflow/example_dags/plugins/listener_plugin.py for tasks to queue
[2026-04-28T22:55:43.414+0000] {logging_mixin.py:188} INFO - [2026-04-28T22:55:43.414+0000] {dagbag.py:540} INFO - Filling up the DagBag from /home/airflow/.local/lib/python3.12/site-packages/airflow/example_dags/plugins/listener_plugin.py
[2026-04-28T22:55:43.418+0000] {processor.py:842} WARNING - No viable dags retrieved from /home/airflow/.local/lib/python3.12/site-packages/airflow/example_dags/plugins/listener_plugin.py
[2026-04-28T22:55:43.430+0000] {processor.py:183} INFO - Processing /home/airflow/.local/lib/python3.12/site-packages/airflow/example_dags/plugins/listener_plugin.py took 0.024 seconds
[2026-04-28T22:56:13.923+0000] {processor.py:161} INFO - Started process (PID=4371) to work on /home/airflow/.local/lib/python3.12/site-packages/airflow/example_dags/plugins/listener_plugin.py
[2026-04-28T22:56:13.935+0000] {processor.py:830} INFO - Processing file /home/airflow/.local/lib/python3.12/site-packages/airflow/example_dags/plugins/listener_plugin.py for tasks to queue
[2026-04-28T22:56:13.949+0000] {logging_mixin.py:188} INFO - [2026-04-28T22:56:13.944+0000] {dagbag.py:540} INFO - Filling up the DagBag from /home/airflow/.local/lib/python3.12/site-packages/airflow/example_dags/plugins/listener_plugin.py
[2026-04-28T22:56:13.968+0000] {processor.py:842} WARNING - No viable dags retrieved from /home/airflow/.local/lib/python3.12/site-packages/airflow/example_dags/plugins/listener_plugin.py
[2026-04-28T22:56:13.998+0000] {processor.py:183} INFO - Processing /home/airflow/.local/lib/python3.12/site-packages/airflow/example_dags/plugins/listener_plugin.py took 0.095 seconds
[2026-04-28T22:56:44.274+0000] {processor.py:161} INFO - Started process (PID=4430) to work on /home/airflow/.local/lib/python3.12/site-packages/airflow/example_dags/plugins/listener_plugin.py
[2026-04-28T22:56:44.276+0000] {processor.py:830} INFO - Processing file /home/airflow/.local/lib/python3.12/site-packages/airflow/example_dags/plugins/listener_plugin.py for tasks to queue
[2026-04-28T22:56:44.278+0000] {logging_mixin.py:188} INFO - [2026-04-28T22:56:44.277+0000] {dagbag.py:540} INFO - Filling up the DagBag from /home/airflow/.local/lib/python3.12/site-packages/airflow/example_dags/plugins/listener_plugin.py
[2026-04-28T22:56:44.281+0000] {processor.py:842} WARNING - No viable dags retrieved from /home/airflow/.local/lib/python3.12/site-packages/airflow/example_dags/plugins/listener_plugin.py
[2026-04-28T22:56:44.297+0000] {processor.py:183} INFO - Processing /home/airflow/.local/lib/python3.12/site-packages/airflow/example_dags/plugins/listener_plugin.py took 0.029 seconds
[2026-04-28T22:57:14.538+0000] {processor.py:161} INFO - Started process (PID=4489) to work on /home/airflow/.local/lib/python3.12/site-packages/airflow/example_dags/plugins/listener_plugin.py
[2026-04-28T22:57:14.539+0000] {processor.py:830} INFO - Processing file /home/airflow/.local/lib/python3.12/site-packages/airflow/example_dags/plugins/listener_plugin.py for tasks to queue
[2026-04-28T22:57:14.542+0000] {logging_mixin.py:188} INFO - [2026-04-28T22:57:14.541+0000] {dagbag.py:540} INFO - Filling up the DagBag from /home/airflow/.local/lib/python3.12/site-packages/airflow/example_dags/plugins/listener_plugin.py
[2026-04-28T22:57:14.553+0000] {processor.py:842} WARNING - No viable dags retrieved from /home/airflow/.local/lib/python3.12/site-packages/airflow/example_dags/plugins/listener_plugin.py
[2026-04-28T22:57:14.567+0000] {processor.py:183} INFO - Processing /home/airflow/.local/lib/python3.12/site-packages/airflow/example_dags/plugins/listener_plugin.py took 0.036 seconds
[2026-04-28T22:57:44.909+0000] {processor.py:161} INFO - Started process (PID=4549) to work on /home/airflow/.local/lib/python3.12/site-packages/airflow/example_dags/plugins/listener_plugin.py
[2026-04-28T22:57:44.910+0000] {processor.py:830} INFO - Processing file /home/airflow/.local/lib/python3.12/site-packages/airflow/example_dags/plugins/listener_plugin.py for tasks to queue
[2026-04-28T22:57:44.912+0000] {logging_mixin.py:188} INFO - [2026-04-28T22:57:44.912+0000] {dagbag.py:540} INFO - Filling up the DagBag from /home/airflow/.local/lib/python3.12/site-packages/airflow/example_dags/plugins/listener_plugin.py
[2026-04-28T22:57:44.920+0000] {processor.py:842} WARNING - No viable dags retrieved from /home/airflow/.local/lib/python3.12/site-packages/airflow/example_dags/plugins/listener_plugin.py
[2026-04-28T22:57:44.932+0000] {processor.py:183} INFO - Processing /home/airflow/.local/lib/python3.12/site-packages/airflow/example_dags/plugins/listener_plugin.py took 0.028 seconds
[2026-04-28T22:58:15.634+0000] {processor.py:161} INFO - Started process (PID=4608) to work on /home/airflow/.local/lib/python3.12/site-packages/airflow/example_dags/plugins/listener_plugin.py
[2026-04-28T22:58:15.635+0000] {processor.py:830} INFO - Processing file /home/airflow/.local/lib/python3.12/site-packages/airflow/example_dags/plugins/listener_plugin.py for tasks to queue
[2026-04-28T22:58:15.638+0000] {logging_mixin.py:188} INFO - [2026-04-28T22:58:15.638+0000] {dagbag.py:540} INFO - Filling up the DagBag from /home/airflow/.local/lib/python3.12/site-packages/airflow/example_dags/plugins/listener_plugin.py
[2026-04-28T22:58:15.657+0000] {processor.py:842} WARNING - No viable dags retrieved from /home/airflow/.local/lib/python3.12/site-packages/airflow/example_dags/plugins/listener_plugin.py
[2026-04-28T22:58:15.671+0000] {processor.py:183} INFO - Processing /home/airflow/.local/lib/python3.12/site-packages/airflow/example_dags/plugins/listener_plugin.py took 0.048 seconds
[2026-04-28T22:58:46.056+0000] {processor.py:161} INFO - Started process (PID=4668) to work on /home/airflow/.local/lib/python3.12/site-packages/airflow/example_dags/plugins/listener_plugin.py
[2026-04-28T22:58:46.062+0000] {processor.py:830} INFO - Processing file /home/airflow/.local/lib/python3.12/site-packages/airflow/example_dags/plugins/listener_plugin.py for tasks to queue
[2026-04-28T22:58:46.067+0000] {logging_mixin.py:188} INFO - [2026-04-28T22:58:46.066+0000] {dagbag.py:540} INFO - Filling up the DagBag from /home/airflow/.local/lib/python3.12/site-packages/airflow/example_dags/plugins/listener_plugin.py
[2026-04-28T22:58:46.086+0000] {processor.py:842} WARNING - No viable dags retrieved from /home/airflow/.local/lib/python3.12/site-packages/airflow/example_dags/plugins/listener_plugin.py
[2026-04-28T22:58:46.118+0000] {processor.py:183} INFO - Processing /home/airflow/.local/lib/python3.12/site-packages/airflow/example_dags/plugins/listener_plugin.py took 0.096 seconds
[2026-04-28T22:59:16.182+0000] {processor.py:161} INFO - Started process (PID=4728) to work on /home/airflow/.local/lib/python3.12/site-packages/airflow/example_dags/plugins/listener_plugin.py
[2026-04-28T22:59:16.183+0000] {processor.py:830} INFO - Processing file /home/airflow/.local/lib/python3.12/site-packages/airflow/example_dags/plugins/listener_plugin.py for tasks to queue
[2026-04-28T22:59:16.184+0000] {logging_mixin.py:188} INFO - [2026-04-28T22:59:16.184+0000] {dagbag.py:540} INFO - Filling up the DagBag from /home/airflow/.local/lib/python3.12/site-packages/airflow/example_dags/plugins/listener_plugin.py
[2026-04-28T22:59:16.188+0000] {processor.py:842} WARNING - No viable dags retrieved from /home/airflow/.local/lib/python3.12/site-packages/airflow/example_dags/plugins/listener_plugin.py
[2026-04-28T22:59:16.201+0000] {processor.py:183} INFO - Processing /home/airflow/.local/lib/python3.12/site-packages/airflow/example_dags/plugins/listener_plugin.py took 0.024 seconds
[2026-04-28T22:59:47.265+0000] {processor.py:161} INFO - Started process (PID=4788) to work on /home/airflow/.local/lib/python3.12/site-packages/airflow/example_dags/plugins/listener_plugin.py
[2026-04-28T22:59:47.265+0000] {processor.py:830} INFO - Processing file /home/airflow/.local/lib/python3.12/site-packages/airflow/example_dags/plugins/listener_plugin.py for tasks to queue
[2026-04-28T22:59:47.267+0000] {logging_mixin.py:188} INFO - [2026-04-28T22:59:47.267+0000] {dagbag.py:540} INFO - Filling up the DagBag from /home/airflow/.local/lib/python3.12/site-packages/airflow/example_dags/plugins/listener_plugin.py
[2026-04-28T22:59:47.272+0000] {processor.py:842} WARNING - No viable dags retrieved from /home/airflow/.local/lib/python3.12/site-packages/airflow/example_dags/plugins/listener_plugin.py
[2026-04-28T22:59:47.284+0000] {processor.py:183} INFO - Processing /home/airflow/.local/lib/python3.12/site-packages/airflow/example_dags/plugins/listener_plugin.py took 0.025 seconds
[2026-04-28T23:00:17.557+0000] {processor.py:161} INFO - Started process (PID=4848) to work on /home/airflow/.local/lib/python3.12/site-packages/airflow/example_dags/plugins/listener_plugin.py
[2026-04-28T23:00:17.559+0000] {processor.py:830} INFO - Processing file /home/airflow/.local/lib/python3.12/site-packages/airflow/example_dags/plugins/listener_plugin.py for tasks to queue
[2026-04-28T23:00:17.562+0000] {logging_mixin.py:188} INFO - [2026-04-28T23:00:17.561+0000] {dagbag.py:540} INFO - Filling up the DagBag from /home/airflow/.local/lib/python3.12/site-packages/airflow/example_dags/plugins/listener_plugin.py
[2026-04-28T23:00:17.572+0000] {processor.py:842} WARNING - No viable dags retrieved from /home/airflow/.local/lib/python3.12/site-packages/airflow/example_dags/plugins/listener_plugin.py
[2026-04-28T23:00:17.588+0000] {processor.py:183} INFO - Processing /home/airflow/.local/lib/python3.12/site-packages/airflow/example_dags/plugins/listener_plugin.py took 0.038 seconds
[2026-04-28T23:00:47.955+0000] {processor.py:161} INFO - Started process (PID=4907) to work on /home/airflow/.local/lib/python3.12/site-packages/airflow/example_dags/plugins/listener_plugin.py
[2026-04-28T23:00:47.958+0000] {processor.py:830} INFO - Processing file /home/airflow/.local/lib/python3.12/site-packages/airflow/example_dags/plugins/listener_plugin.py for tasks to queue
[2026-04-28T23:00:47.959+0000] {logging_mixin.py:188} INFO - [2026-04-28T23:00:47.959+0000] {dagbag.py:540} INFO - Filling up the DagBag from /home/airflow/.local/lib/python3.12/site-packages/airflow/example_dags/plugins/listener_plugin.py
[2026-04-28T23:00:47.964+0000] {processor.py:842} WARNING - No viable dags retrieved from /home/airflow/.local/lib/python3.12/site-packages/airflow/example_dags/plugins/listener_plugin.py
[2026-04-28T23:00:47.981+0000] {processor.py:183} INFO - Processing /home/airflow/.local/lib/python3.12/site-packages/airflow/example_dags/plugins/listener_plugin.py took 0.031 seconds
[2026-04-28T23:01:19.087+0000] {processor.py:161} INFO - Started process (PID=4967) to work on /home/airflow/.local/lib/python3.12/site-packages/airflow/example_dags/plugins/listener_plugin.py
[2026-04-28T23:01:19.090+0000] {processor.py:830} INFO - Processing file /home/airflow/.local/lib/python3.12/site-packages/airflow/example_dags/plugins/listener_plugin.py for tasks to queue
[2026-04-28T23:01:19.095+0000] {logging_mixin.py:188} INFO - [2026-04-28T23:01:19.094+0000] {dagbag.py:540} INFO - Filling up the DagBag from /home/airflow/.local/lib/python3.12/site-packages/airflow/example_dags/plugins/listener_plugin.py
[2026-04-28T23:01:19.108+0000] {processor.py:842} WARNING - No viable dags retrieved from /home/airflow/.local/lib/python3.12/site-packages/airflow/example_dags/plugins/listener_plugin.py
[2026-04-28T23:01:19.136+0000] {processor.py:183} INFO - Processing /home/airflow/.local/lib/python3.12/site-packages/airflow/example_dags/plugins/listener_plugin.py took 0.062 seconds
[2026-04-28T23:01:50.042+0000] {processor.py:161} INFO - Started process (PID=5027) to work on /home/airflow/.local/lib/python3.12/site-packages/airflow/example_dags/plugins/listener_plugin.py
[2026-04-28T23:01:50.043+0000] {processor.py:830} INFO - Processing file /home/airflow/.local/lib/python3.12/site-packages/airflow/example_dags/plugins/listener_plugin.py for tasks to queue
[2026-04-28T23:01:50.045+0000] {logging_mixin.py:188} INFO - [2026-04-28T23:01:50.044+0000] {dagbag.py:540} INFO - Filling up the DagBag from /home/airflow/.local/lib/python3.12/site-packages/airflow/example_dags/plugins/listener_plugin.py
[2026-04-28T23:01:50.049+0000] {processor.py:842} WARNING - No viable dags retrieved from /home/airflow/.local/lib/python3.12/site-packages/airflow/example_dags/plugins/listener_plugin.py
[2026-04-28T23:01:50.064+0000] {processor.py:183} INFO - Processing /home/airflow/.local/lib/python3.12/site-packages/airflow/example_dags/plugins/listener_plugin.py took 0.032 seconds
[2026-04-28T23:02:20.220+0000] {processor.py:161} INFO - Started process (PID=5087) to work on /home/airflow/.local/lib/python3.12/site-packages/airflow/example_dags/plugins/listener_plugin.py
[2026-04-28T23:02:20.222+0000] {processor.py:830} INFO - Processing file /home/airflow/.local/lib/python3.12/site-packages/airflow/example_dags/plugins/listener_plugin.py for tasks to queue
[2026-04-28T23:02:20.224+0000] {logging_mixin.py:188} INFO - [2026-04-28T23:02:20.224+0000] {dagbag.py:540} INFO - Filling up the DagBag from /home/airflow/.local/lib/python3.12/site-packages/airflow/example_dags/plugins/listener_plugin.py
[2026-04-28T23:02:20.231+0000] {processor.py:842} WARNING - No viable dags retrieved from /home/airflow/.local/lib/python3.12/site-packages/airflow/example_dags/plugins/listener_plugin.py
[2026-04-28T23:02:20.245+0000] {processor.py:183} INFO - Processing /home/airflow/.local/lib/python3.12/site-packages/airflow/example_dags/plugins/listener_plugin.py took 0.037 seconds
[2026-04-28T23:02:50.791+0000] {processor.py:161} INFO - Started process (PID=5147) to work on /home/airflow/.local/lib/python3.12/site-packages/airflow/example_dags/plugins/listener_plugin.py
[2026-04-28T23:02:50.793+0000] {processor.py:830} INFO - Processing file /home/airflow/.local/lib/python3.12/site-packages/airflow/example_dags/plugins/listener_plugin.py for tasks to queue
[2026-04-28T23:02:50.795+0000] {logging_mixin.py:188} INFO - [2026-04-28T23:02:50.794+0000] {dagbag.py:540} INFO - Filling up the DagBag from /home/airflow/.local/lib/python3.12/site-packages/airflow/example_dags/plugins/listener_plugin.py
[2026-04-28T23:02:50.807+0000] {processor.py:842} WARNING - No viable dags retrieved from /home/airflow/.local/lib/python3.12/site-packages/airflow/example_dags/plugins/listener_plugin.py
[2026-04-28T23:02:50.821+0000] {processor.py:183} INFO - Processing /home/airflow/.local/lib/python3.12/site-packages/airflow/example_dags/plugins/listener_plugin.py took 0.039 seconds
[2026-04-28T23:03:21.275+0000] {processor.py:161} INFO - Started process (PID=5207) to work on /home/airflow/.local/lib/python3.12/site-packages/airflow/example_dags/plugins/listener_plugin.py
[2026-04-28T23:03:21.279+0000] {processor.py:830} INFO - Processing file /home/airflow/.local/lib/python3.12/site-packages/airflow/example_dags/plugins/listener_plugin.py for tasks to queue
[2026-04-28T23:03:21.283+0000] {logging_mixin.py:188} INFO - [2026-04-28T23:03:21.282+0000] {dagbag.py:540} INFO - Filling up the DagBag from /home/airflow/.local/lib/python3.12/site-packages/airflow/example_dags/plugins/listener_plugin.py
[2026-04-28T23:03:21.293+0000] {processor.py:842} WARNING - No viable dags retrieved from /home/airflow/.local/lib/python3.12/site-packages/airflow/example_dags/plugins/listener_plugin.py
[2026-04-28T23:03:21.326+0000] {processor.py:183} INFO - Processing /home/airflow/.local/lib/python3.12/site-packages/airflow/example_dags/plugins/listener_plugin.py took 0.059 seconds
[2026-04-28T23:03:51.862+0000] {processor.py:161} INFO - Started process (PID=5267) to work on /home/airflow/.local/lib/python3.12/site-packages/airflow/example_dags/plugins/listener_plugin.py
[2026-04-28T23:03:51.864+0000] {processor.py:830} INFO - Processing file /home/airflow/.local/lib/python3.12/site-packages/airflow/example_dags/plugins/listener_plugin.py for tasks to queue
[2026-04-28T23:03:51.867+0000] {logging_mixin.py:188} INFO - [2026-04-28T23:03:51.867+0000] {dagbag.py:540} INFO - Filling up the DagBag from /home/airflow/.local/lib/python3.12/site-packages/airflow/example_dags/plugins/listener_plugin.py
[2026-04-28T23:03:51.873+0000] {processor.py:842} WARNING - No viable dags retrieved from /home/airflow/.local/lib/python3.12/site-packages/airflow/example_dags/plugins/listener_plugin.py
[2026-04-28T23:03:51.887+0000] {processor.py:183} INFO - Processing /home/airflow/.local/lib/python3.12/site-packages/airflow/example_dags/plugins/listener_plugin.py took 0.032 seconds
[2026-04-28T23:04:22.911+0000] {processor.py:161} INFO - Started process (PID=5327) to work on /home/airflow/.local/lib/python3.12/site-packages/airflow/example_dags/plugins/listener_plugin.py
[2026-04-28T23:04:22.915+0000] {processor.py:830} INFO - Processing file /home/airflow/.local/lib/python3.12/site-packages/airflow/example_dags/plugins/listener_plugin.py for tasks to queue
[2026-04-28T23:04:22.917+0000] {logging_mixin.py:188} INFO - [2026-04-28T23:04:22.916+0000] {dagbag.py:540} INFO - Filling up the DagBag from /home/airflow/.local/lib/python3.12/site-packages/airflow/example_dags/plugins/listener_plugin.py
[2026-04-28T23:04:22.921+0000] {processor.py:842} WARNING - No viable dags retrieved from /home/airflow/.local/lib/python3.12/site-packages/airflow/example_dags/plugins/listener_plugin.py
[2026-04-28T23:04:22.942+0000] {processor.py:183} INFO - Processing /home/airflow/.local/lib/python3.12/site-packages/airflow/example_dags/plugins/listener_plugin.py took 0.041 seconds
[2026-04-28T23:04:53.135+0000] {processor.py:161} INFO - Started process (PID=5387) to work on /home/airflow/.local/lib/python3.12/site-packages/airflow/example_dags/plugins/listener_plugin.py
[2026-04-28T23:04:53.136+0000] {processor.py:830} INFO - Processing file /home/airflow/.local/lib/python3.12/site-packages/airflow/example_dags/plugins/listener_plugin.py for tasks to queue
[2026-04-28T23:04:53.138+0000] {logging_mixin.py:188} INFO - [2026-04-28T23:04:53.138+0000] {dagbag.py:540} INFO - Filling up the DagBag from /home/airflow/.local/lib/python3.12/site-packages/airflow/example_dags/plugins/listener_plugin.py
[2026-04-28T23:04:53.144+0000] {processor.py:842} WARNING - No viable dags retrieved from /home/airflow/.local/lib/python3.12/site-packages/airflow/example_dags/plugins/listener_plugin.py
[2026-04-28T23:04:53.161+0000] {processor.py:183} INFO - Processing /home/airflow/.local/lib/python3.12/site-packages/airflow/example_dags/plugins/listener_plugin.py took 0.033 seconds
[2026-04-28T23:05:23.406+0000] {processor.py:161} INFO - Started process (PID=5447) to work on /home/airflow/.local/lib/python3.12/site-packages/airflow/example_dags/plugins/listener_plugin.py
[2026-04-28T23:05:23.407+0000] {processor.py:830} INFO - Processing file /home/airflow/.local/lib/python3.12/site-packages/airflow/example_dags/plugins/listener_plugin.py for tasks to queue
[2026-04-28T23:05:23.409+0000] {logging_mixin.py:188} INFO - [2026-04-28T23:05:23.409+0000] {dagbag.py:540} INFO - Filling up the DagBag from /home/airflow/.local/lib/python3.12/site-packages/airflow/example_dags/plugins/listener_plugin.py
[2026-04-28T23:05:23.420+0000] {processor.py:842} WARNING - No viable dags retrieved from /home/airflow/.local/lib/python3.12/site-packages/airflow/example_dags/plugins/listener_plugin.py
[2026-04-28T23:05:23.435+0000] {processor.py:183} INFO - Processing /home/airflow/.local/lib/python3.12/site-packages/airflow/example_dags/plugins/listener_plugin.py took 0.036 seconds
[2026-04-28T23:05:54.501+0000] {processor.py:161} INFO - Started process (PID=5507) to work on /home/airflow/.local/lib/python3.12/site-packages/airflow/example_dags/plugins/listener_plugin.py
[2026-04-28T23:05:54.505+0000] {processor.py:830} INFO - Processing file /home/airflow/.local/lib/python3.12/site-packages/airflow/example_dags/plugins/listener_plugin.py for tasks to queue
[2026-04-28T23:05:54.520+0000] {logging_mixin.py:188} INFO - [2026-04-28T23:05:54.512+0000] {dagbag.py:540} INFO - Filling up the DagBag from /home/airflow/.local/lib/python3.12/site-packages/airflow/example_dags/plugins/listener_plugin.py
[2026-04-28T23:05:54.543+0000] {processor.py:842} WARNING - No viable dags retrieved from /home/airflow/.local/lib/python3.12/site-packages/airflow/example_dags/plugins/listener_plugin.py
[2026-04-28T23:05:54.617+0000] {processor.py:183} INFO - Processing /home/airflow/.local/lib/python3.12/site-packages/airflow/example_dags/plugins/listener_plugin.py took 0.141 seconds
[2026-04-28T23:06:24.767+0000] {processor.py:161} INFO - Started process (PID=5566) to work on /home/airflow/.local/lib/python3.12/site-packages/airflow/example_dags/plugins/listener_plugin.py
[2026-04-28T23:06:24.768+0000] {processor.py:830} INFO - Processing file /home/airflow/.local/lib/python3.12/site-packages/airflow/example_dags/plugins/listener_plugin.py for tasks to queue
[2026-04-28T23:06:24.770+0000] {logging_mixin.py:188} INFO - [2026-04-28T23:06:24.769+0000] {dagbag.py:540} INFO - Filling up the DagBag from /home/airflow/.local/lib/python3.12/site-packages/airflow/example_dags/plugins/listener_plugin.py
[2026-04-28T23:06:24.774+0000] {processor.py:842} WARNING - No viable dags retrieved from /home/airflow/.local/lib/python3.12/site-packages/airflow/example_dags/plugins/listener_plugin.py
[2026-04-28T23:06:24.786+0000] {processor.py:183} INFO - Processing /home/airflow/.local/lib/python3.12/site-packages/airflow/example_dags/plugins/listener_plugin.py took 0.025 seconds
[2026-04-28T23:06:55.518+0000] {processor.py:161} INFO - Started process (PID=5627) to work on /home/airflow/.local/lib/python3.12/site-packages/airflow/example_dags/plugins/listener_plugin.py
[2026-04-28T23:06:55.521+0000] {processor.py:830} INFO - Processing file /home/airflow/.local/lib/python3.12/site-packages/airflow/example_dags/plugins/listener_plugin.py for tasks to queue
[2026-04-28T23:06:55.523+0000] {logging_mixin.py:188} INFO - [2026-04-28T23:06:55.522+0000] {dagbag.py:540} INFO - Filling up the DagBag from /home/airflow/.local/lib/python3.12/site-packages/airflow/example_dags/plugins/listener_plugin.py
[2026-04-28T23:06:55.528+0000] {processor.py:842} WARNING - No viable dags retrieved from /home/airflow/.local/lib/python3.12/site-packages/airflow/example_dags/plugins/listener_plugin.py
[2026-04-28T23:06:55.543+0000] {processor.py:183} INFO - Processing /home/airflow/.local/lib/python3.12/site-packages/airflow/example_dags/plugins/listener_plugin.py took 0.033 seconds
[2026-04-28T23:07:25.890+0000] {processor.py:161} INFO - Started process (PID=5687) to work on /home/airflow/.local/lib/python3.12/site-packages/airflow/example_dags/plugins/listener_plugin.py
[2026-04-28T23:07:25.892+0000] {processor.py:830} INFO - Processing file /home/airflow/.local/lib/python3.12/site-packages/airflow/example_dags/plugins/listener_plugin.py for tasks to queue
[2026-04-28T23:07:25.896+0000] {logging_mixin.py:188} INFO - [2026-04-28T23:07:25.895+0000] {dagbag.py:540} INFO - Filling up the DagBag from /home/airflow/.local/lib/python3.12/site-packages/airflow/example_dags/plugins/listener_plugin.py
[2026-04-28T23:07:25.904+0000] {processor.py:842} WARNING - No viable dags retrieved from /home/airflow/.local/lib/python3.12/site-packages/airflow/example_dags/plugins/listener_plugin.py
[2026-04-28T23:07:25.920+0000] {processor.py:183} INFO - Processing /home/airflow/.local/lib/python3.12/site-packages/airflow/example_dags/plugins/listener_plugin.py took 0.038 seconds
[2026-04-28T23:07:56.960+0000] {processor.py:161} INFO - Started process (PID=5747) to work on /home/airflow/.local/lib/python3.12/site-packages/airflow/example_dags/plugins/listener_plugin.py
[2026-04-28T23:07:56.985+0000] {processor.py:830} INFO - Processing file /home/airflow/.local/lib/python3.12/site-packages/airflow/example_dags/plugins/listener_plugin.py for tasks to queue
[2026-04-28T23:07:56.992+0000] {logging_mixin.py:188} INFO - [2026-04-28T23:07:56.991+0000] {dagbag.py:540} INFO - Filling up the DagBag from /home/airflow/.local/lib/python3.12/site-packages/airflow/example_dags/plugins/listener_plugin.py
[2026-04-28T23:07:57.031+0000] {processor.py:842} WARNING - No viable dags retrieved from /home/airflow/.local/lib/python3.12/site-packages/airflow/example_dags/plugins/listener_plugin.py
[2026-04-28T23:07:57.091+0000] {processor.py:183} INFO - Processing /home/airflow/.local/lib/python3.12/site-packages/airflow/example_dags/plugins/listener_plugin.py took 0.142 seconds
[2026-04-28T23:08:27.798+0000] {processor.py:161} INFO - Started process (PID=5807) to work on /home/airflow/.local/lib/python3.12/site-packages/airflow/example_dags/plugins/listener_plugin.py
[2026-04-28T23:08:27.799+0000] {processor.py:830} INFO - Processing file /home/airflow/.local/lib/python3.12/site-packages/airflow/example_dags/plugins/listener_plugin.py for tasks to queue
[2026-04-28T23:08:27.800+0000] {logging_mixin.py:188} INFO - [2026-04-28T23:08:27.800+0000] {dagbag.py:540} INFO - Filling up the DagBag from /home/airflow/.local/lib/python3.12/site-packages/airflow/example_dags/plugins/listener_plugin.py
[2026-04-28T23:08:27.805+0000] {processor.py:842} WARNING - No viable dags retrieved from /home/airflow/.local/lib/python3.12/site-packages/airflow/example_dags/plugins/listener_plugin.py
[2026-04-28T23:08:27.818+0000] {processor.py:183} INFO - Processing /home/airflow/.local/lib/python3.12/site-packages/airflow/example_dags/plugins/listener_plugin.py took 0.027 seconds
[2026-04-28T23:08:58.005+0000] {processor.py:161} INFO - Started process (PID=5867) to work on /home/airflow/.local/lib/python3.12/site-packages/airflow/example_dags/plugins/listener_plugin.py
[2026-04-28T23:08:58.007+0000] {processor.py:830} INFO - Processing file /home/airflow/.local/lib/python3.12/site-packages/airflow/example_dags/plugins/listener_plugin.py for tasks to queue
[2026-04-28T23:08:58.013+0000] {logging_mixin.py:188} INFO - [2026-04-28T23:08:58.013+0000] {dagbag.py:540} INFO - Filling up the DagBag from /home/airflow/.local/lib/python3.12/site-packages/airflow/example_dags/plugins/listener_plugin.py
[2026-04-28T23:08:58.023+0000] {processor.py:842} WARNING - No viable dags retrieved from /home/airflow/.local/lib/python3.12/site-packages/airflow/example_dags/plugins/listener_plugin.py
[2026-04-28T23:08:58.075+0000] {processor.py:183} INFO - Processing /home/airflow/.local/lib/python3.12/site-packages/airflow/example_dags/plugins/listener_plugin.py took 0.080 seconds
[2026-04-28T23:09:28.685+0000] {processor.py:161} INFO - Started process (PID=5927) to work on /home/airflow/.local/lib/python3.12/site-packages/airflow/example_dags/plugins/listener_plugin.py
[2026-04-28T23:09:28.686+0000] {processor.py:830} INFO - Processing file /home/airflow/.local/lib/python3.12/site-packages/airflow/example_dags/plugins/listener_plugin.py for tasks to queue
[2026-04-28T23:09:28.688+0000] {logging_mixin.py:188} INFO - [2026-04-28T23:09:28.688+0000] {dagbag.py:540} INFO - Filling up the DagBag from /home/airflow/.local/lib/python3.12/site-packages/airflow/example_dags/plugins/listener_plugin.py
[2026-04-28T23:09:28.693+0000] {processor.py:842} WARNING - No viable dags retrieved from /home/airflow/.local/lib/python3.12/site-packages/airflow/example_dags/plugins/listener_plugin.py
[2026-04-28T23:09:28.715+0000] {processor.py:183} INFO - Processing /home/airflow/.local/lib/python3.12/site-packages/airflow/example_dags/plugins/listener_plugin.py took 0.038 seconds
[2026-04-28T23:09:59.484+0000] {processor.py:161} INFO - Started process (PID=5986) to work on /home/airflow/.local/lib/python3.12/site-packages/airflow/example_dags/plugins/listener_plugin.py
[2026-04-28T23:09:59.486+0000] {processor.py:830} INFO - Processing file /home/airflow/.local/lib/python3.12/site-packages/airflow/example_dags/plugins/listener_plugin.py for tasks to queue
[2026-04-28T23:09:59.488+0000] {logging_mixin.py:188} INFO - [2026-04-28T23:09:59.488+0000] {dagbag.py:540} INFO - Filling up the DagBag from /home/airflow/.local/lib/python3.12/site-packages/airflow/example_dags/plugins/listener_plugin.py
[2026-04-28T23:09:59.507+0000] {processor.py:842} WARNING - No viable dags retrieved from /home/airflow/.local/lib/python3.12/site-packages/airflow/example_dags/plugins/listener_plugin.py
[2026-04-28T23:09:59.568+0000] {processor.py:183} INFO - Processing /home/airflow/.local/lib/python3.12/site-packages/airflow/example_dags/plugins/listener_plugin.py took 0.096 seconds
[2026-04-28T23:10:30.423+0000] {processor.py:161} INFO - Started process (PID=6045) to work on /home/airflow/.local/lib/python3.12/site-packages/airflow/example_dags/plugins/listener_plugin.py
[2026-04-28T23:10:30.431+0000] {processor.py:830} INFO - Processing file /home/airflow/.local/lib/python3.12/site-packages/airflow/example_dags/plugins/listener_plugin.py for tasks to queue
[2026-04-28T23:10:30.438+0000] {logging_mixin.py:188} INFO - [2026-04-28T23:10:30.437+0000] {dagbag.py:540} INFO - Filling up the DagBag from /home/airflow/.local/lib/python3.12/site-packages/airflow/example_dags/plugins/listener_plugin.py
[2026-04-28T23:10:30.485+0000] {processor.py:842} WARNING - No viable dags retrieved from /home/airflow/.local/lib/python3.12/site-packages/airflow/example_dags/plugins/listener_plugin.py
[2026-04-28T23:10:30.535+0000] {processor.py:183} INFO - Processing /home/airflow/.local/lib/python3.12/site-packages/airflow/example_dags/plugins/listener_plugin.py took 0.120 seconds
[2026-04-28T23:11:00.756+0000] {processor.py:161} INFO - Started process (PID=6105) to work on /home/airflow/.local/lib/python3.12/site-packages/airflow/example_dags/plugins/listener_plugin.py
[2026-04-28T23:11:00.757+0000] {processor.py:830} INFO - Processing file /home/airflow/.local/lib/python3.12/site-packages/airflow/example_dags/plugins/listener_plugin.py for tasks to queue
[2026-04-28T23:11:00.759+0000] {logging_mixin.py:188} INFO - [2026-04-28T23:11:00.758+0000] {dagbag.py:540} INFO - Filling up the DagBag from /home/airflow/.local/lib/python3.12/site-packages/airflow/example_dags/plugins/listener_plugin.py
[2026-04-28T23:11:00.763+0000] {processor.py:842} WARNING - No viable dags retrieved from /home/airflow/.local/lib/python3.12/site-packages/airflow/example_dags/plugins/listener_plugin.py
[2026-04-28T23:11:00.779+0000] {processor.py:183} INFO - Processing /home/airflow/.local/lib/python3.12/site-packages/airflow/example_dags/plugins/listener_plugin.py took 0.031 seconds
[2026-04-28T23:11:30.967+0000] {processor.py:161} INFO - Started process (PID=6165) to work on /home/airflow/.local/lib/python3.12/site-packages/airflow/example_dags/plugins/listener_plugin.py
[2026-04-28T23:11:30.979+0000] {processor.py:830} INFO - Processing file /home/airflow/.local/lib/python3.12/site-packages/airflow/example_dags/plugins/listener_plugin.py for tasks to queue
[2026-04-28T23:11:30.996+0000] {logging_mixin.py:188} INFO - [2026-04-28T23:11:30.991+0000] {dagbag.py:540} INFO - Filling up the DagBag from /home/airflow/.local/lib/python3.12/site-packages/airflow/example_dags/plugins/listener_plugin.py
[2026-04-28T23:11:31.032+0000] {processor.py:842} WARNING - No viable dags retrieved from /home/airflow/.local/lib/python3.12/site-packages/airflow/example_dags/plugins/listener_plugin.py
[2026-04-28T23:11:31.078+0000] {processor.py:183} INFO - Processing /home/airflow/.local/lib/python3.12/site-packages/airflow/example_dags/plugins/listener_plugin.py took 0.123 seconds
[2026-04-28T23:12:02.792+0000] {processor.py:161} INFO - Started process (PID=6231) to work on /home/airflow/.local/lib/python3.12/site-packages/airflow/example_dags/plugins/listener_plugin.py
[2026-04-28T23:12:02.794+0000] {processor.py:830} INFO - Processing file /home/airflow/.local/lib/python3.12/site-packages/airflow/example_dags/plugins/listener_plugin.py for tasks to queue
[2026-04-28T23:12:02.797+0000] {logging_mixin.py:188} INFO - [2026-04-28T23:12:02.796+0000] {dagbag.py:540} INFO - Filling up the DagBag from /home/airflow/.local/lib/python3.12/site-packages/airflow/example_dags/plugins/listener_plugin.py
[2026-04-28T23:12:02.819+0000] {processor.py:842} WARNING - No viable dags retrieved from /home/airflow/.local/lib/python3.12/site-packages/airflow/example_dags/plugins/listener_plugin.py
[2026-04-28T23:12:02.842+0000] {processor.py:183} INFO - Processing /home/airflow/.local/lib/python3.12/site-packages/airflow/example_dags/plugins/listener_plugin.py took 0.058 seconds
