[2026-04-28T16:38:19.555+0000] {processor.py:161} INFO - Started process (PID=122) to work on /home/airflow/.local/lib/python3.12/site-packages/airflow/example_dags/plugins/workday.py
[2026-04-28T16:38:19.556+0000] {processor.py:830} INFO - Processing file /home/airflow/.local/lib/python3.12/site-packages/airflow/example_dags/plugins/workday.py for tasks to queue
[2026-04-28T16:38:19.564+0000] {logging_mixin.py:188} INFO - [2026-04-28T16:38:19.564+0000] {dagbag.py:540} INFO - Filling up the DagBag from /home/airflow/.local/lib/python3.12/site-packages/airflow/example_dags/plugins/workday.py
[2026-04-28T16:38:23.390+0000] {processor.py:842} WARNING - No viable dags retrieved from /home/airflow/.local/lib/python3.12/site-packages/airflow/example_dags/plugins/workday.py
[2026-04-28T16:38:23.450+0000] {processor.py:183} INFO - Processing /home/airflow/.local/lib/python3.12/site-packages/airflow/example_dags/plugins/workday.py took 3.926 seconds
[2026-04-28T16:43:03.614+0000] {processor.py:161} INFO - Started process (PID=114) to work on /home/airflow/.local/lib/python3.12/site-packages/airflow/example_dags/plugins/workday.py
[2026-04-28T16:43:03.631+0000] {processor.py:830} INFO - Processing file /home/airflow/.local/lib/python3.12/site-packages/airflow/example_dags/plugins/workday.py for tasks to queue
[2026-04-28T16:43:03.646+0000] {logging_mixin.py:188} INFO - [2026-04-28T16:43:03.640+0000] {dagbag.py:540} INFO - Filling up the DagBag from /home/airflow/.local/lib/python3.12/site-packages/airflow/example_dags/plugins/workday.py
[2026-04-28T16:43:09.578+0000] {processor.py:842} WARNING - No viable dags retrieved from /home/airflow/.local/lib/python3.12/site-packages/airflow/example_dags/plugins/workday.py
[2026-04-28T16:43:09.596+0000] {processor.py:183} INFO - Processing /home/airflow/.local/lib/python3.12/site-packages/airflow/example_dags/plugins/workday.py took 6.010 seconds
[2026-04-28T16:43:39.897+0000] {processor.py:161} INFO - Started process (PID=187) to work on /home/airflow/.local/lib/python3.12/site-packages/airflow/example_dags/plugins/workday.py
[2026-04-28T16:43:39.898+0000] {processor.py:830} INFO - Processing file /home/airflow/.local/lib/python3.12/site-packages/airflow/example_dags/plugins/workday.py for tasks to queue
[2026-04-28T16:43:39.899+0000] {logging_mixin.py:188} INFO - [2026-04-28T16:43:39.899+0000] {dagbag.py:540} INFO - Filling up the DagBag from /home/airflow/.local/lib/python3.12/site-packages/airflow/example_dags/plugins/workday.py
[2026-04-28T16:43:40.454+0000] {processor.py:842} WARNING - No viable dags retrieved from /home/airflow/.local/lib/python3.12/site-packages/airflow/example_dags/plugins/workday.py
[2026-04-28T16:43:40.464+0000] {processor.py:183} INFO - Processing /home/airflow/.local/lib/python3.12/site-packages/airflow/example_dags/plugins/workday.py took 0.573 seconds
[2026-04-28T16:44:11.170+0000] {processor.py:161} INFO - Started process (PID=247) to work on /home/airflow/.local/lib/python3.12/site-packages/airflow/example_dags/plugins/workday.py
[2026-04-28T16:44:11.171+0000] {processor.py:830} INFO - Processing file /home/airflow/.local/lib/python3.12/site-packages/airflow/example_dags/plugins/workday.py for tasks to queue
[2026-04-28T16:44:11.173+0000] {logging_mixin.py:188} INFO - [2026-04-28T16:44:11.173+0000] {dagbag.py:540} INFO - Filling up the DagBag from /home/airflow/.local/lib/python3.12/site-packages/airflow/example_dags/plugins/workday.py
[2026-04-28T16:44:11.763+0000] {processor.py:842} WARNING - No viable dags retrieved from /home/airflow/.local/lib/python3.12/site-packages/airflow/example_dags/plugins/workday.py
[2026-04-28T16:44:11.776+0000] {processor.py:183} INFO - Processing /home/airflow/.local/lib/python3.12/site-packages/airflow/example_dags/plugins/workday.py took 0.620 seconds
[2026-04-28T16:44:41.982+0000] {processor.py:161} INFO - Started process (PID=308) to work on /home/airflow/.local/lib/python3.12/site-packages/airflow/example_dags/plugins/workday.py
[2026-04-28T16:44:41.983+0000] {processor.py:830} INFO - Processing file /home/airflow/.local/lib/python3.12/site-packages/airflow/example_dags/plugins/workday.py for tasks to queue
[2026-04-28T16:44:41.985+0000] {logging_mixin.py:188} INFO - [2026-04-28T16:44:41.984+0000] {dagbag.py:540} INFO - Filling up the DagBag from /home/airflow/.local/lib/python3.12/site-packages/airflow/example_dags/plugins/workday.py
[2026-04-28T16:44:42.417+0000] {processor.py:842} WARNING - No viable dags retrieved from /home/airflow/.local/lib/python3.12/site-packages/airflow/example_dags/plugins/workday.py
[2026-04-28T16:44:42.427+0000] {processor.py:183} INFO - Processing /home/airflow/.local/lib/python3.12/site-packages/airflow/example_dags/plugins/workday.py took 0.449 seconds
[2026-04-28T16:45:12.626+0000] {processor.py:161} INFO - Started process (PID=368) to work on /home/airflow/.local/lib/python3.12/site-packages/airflow/example_dags/plugins/workday.py
[2026-04-28T16:45:12.627+0000] {processor.py:830} INFO - Processing file /home/airflow/.local/lib/python3.12/site-packages/airflow/example_dags/plugins/workday.py for tasks to queue
[2026-04-28T16:45:12.629+0000] {logging_mixin.py:188} INFO - [2026-04-28T16:45:12.628+0000] {dagbag.py:540} INFO - Filling up the DagBag from /home/airflow/.local/lib/python3.12/site-packages/airflow/example_dags/plugins/workday.py
[2026-04-28T16:45:13.034+0000] {processor.py:842} WARNING - No viable dags retrieved from /home/airflow/.local/lib/python3.12/site-packages/airflow/example_dags/plugins/workday.py
[2026-04-28T16:45:13.044+0000] {processor.py:183} INFO - Processing /home/airflow/.local/lib/python3.12/site-packages/airflow/example_dags/plugins/workday.py took 0.423 seconds
[2026-04-28T16:45:43.157+0000] {processor.py:161} INFO - Started process (PID=428) to work on /home/airflow/.local/lib/python3.12/site-packages/airflow/example_dags/plugins/workday.py
[2026-04-28T16:45:43.158+0000] {processor.py:830} INFO - Processing file /home/airflow/.local/lib/python3.12/site-packages/airflow/example_dags/plugins/workday.py for tasks to queue
[2026-04-28T16:45:43.160+0000] {logging_mixin.py:188} INFO - [2026-04-28T16:45:43.160+0000] {dagbag.py:540} INFO - Filling up the DagBag from /home/airflow/.local/lib/python3.12/site-packages/airflow/example_dags/plugins/workday.py
[2026-04-28T16:45:45.113+0000] {processor.py:842} WARNING - No viable dags retrieved from /home/airflow/.local/lib/python3.12/site-packages/airflow/example_dags/plugins/workday.py
[2026-04-28T16:45:45.138+0000] {processor.py:183} INFO - Processing /home/airflow/.local/lib/python3.12/site-packages/airflow/example_dags/plugins/workday.py took 1.995 seconds
[2026-04-28T16:46:16.014+0000] {processor.py:161} INFO - Started process (PID=491) to work on /home/airflow/.local/lib/python3.12/site-packages/airflow/example_dags/plugins/workday.py
[2026-04-28T16:46:16.014+0000] {processor.py:830} INFO - Processing file /home/airflow/.local/lib/python3.12/site-packages/airflow/example_dags/plugins/workday.py for tasks to queue
[2026-04-28T16:46:16.016+0000] {logging_mixin.py:188} INFO - [2026-04-28T16:46:16.015+0000] {dagbag.py:540} INFO - Filling up the DagBag from /home/airflow/.local/lib/python3.12/site-packages/airflow/example_dags/plugins/workday.py
[2026-04-28T16:46:16.819+0000] {processor.py:842} WARNING - No viable dags retrieved from /home/airflow/.local/lib/python3.12/site-packages/airflow/example_dags/plugins/workday.py
[2026-04-28T16:46:16.832+0000] {processor.py:183} INFO - Processing /home/airflow/.local/lib/python3.12/site-packages/airflow/example_dags/plugins/workday.py took 0.824 seconds
[2026-04-28T16:46:47.770+0000] {processor.py:161} INFO - Started process (PID=551) to work on /home/airflow/.local/lib/python3.12/site-packages/airflow/example_dags/plugins/workday.py
[2026-04-28T16:46:47.774+0000] {processor.py:830} INFO - Processing file /home/airflow/.local/lib/python3.12/site-packages/airflow/example_dags/plugins/workday.py for tasks to queue
[2026-04-28T16:46:47.778+0000] {logging_mixin.py:188} INFO - [2026-04-28T16:46:47.775+0000] {dagbag.py:540} INFO - Filling up the DagBag from /home/airflow/.local/lib/python3.12/site-packages/airflow/example_dags/plugins/workday.py
[2026-04-28T16:46:48.460+0000] {processor.py:842} WARNING - No viable dags retrieved from /home/airflow/.local/lib/python3.12/site-packages/airflow/example_dags/plugins/workday.py
[2026-04-28T16:46:48.485+0000] {processor.py:183} INFO - Processing /home/airflow/.local/lib/python3.12/site-packages/airflow/example_dags/plugins/workday.py took 0.728 seconds
[2026-04-28T16:47:19.151+0000] {processor.py:161} INFO - Started process (PID=613) to work on /home/airflow/.local/lib/python3.12/site-packages/airflow/example_dags/plugins/workday.py
[2026-04-28T16:47:19.152+0000] {processor.py:830} INFO - Processing file /home/airflow/.local/lib/python3.12/site-packages/airflow/example_dags/plugins/workday.py for tasks to queue
[2026-04-28T16:47:19.153+0000] {logging_mixin.py:188} INFO - [2026-04-28T16:47:19.153+0000] {dagbag.py:540} INFO - Filling up the DagBag from /home/airflow/.local/lib/python3.12/site-packages/airflow/example_dags/plugins/workday.py
[2026-04-28T16:47:19.795+0000] {processor.py:842} WARNING - No viable dags retrieved from /home/airflow/.local/lib/python3.12/site-packages/airflow/example_dags/plugins/workday.py
[2026-04-28T16:47:19.805+0000] {processor.py:183} INFO - Processing /home/airflow/.local/lib/python3.12/site-packages/airflow/example_dags/plugins/workday.py took 0.659 seconds
[2026-04-28T16:47:49.987+0000] {processor.py:161} INFO - Started process (PID=673) to work on /home/airflow/.local/lib/python3.12/site-packages/airflow/example_dags/plugins/workday.py
[2026-04-28T16:47:49.988+0000] {processor.py:830} INFO - Processing file /home/airflow/.local/lib/python3.12/site-packages/airflow/example_dags/plugins/workday.py for tasks to queue
[2026-04-28T16:47:49.990+0000] {logging_mixin.py:188} INFO - [2026-04-28T16:47:49.989+0000] {dagbag.py:540} INFO - Filling up the DagBag from /home/airflow/.local/lib/python3.12/site-packages/airflow/example_dags/plugins/workday.py
[2026-04-28T16:47:50.403+0000] {processor.py:842} WARNING - No viable dags retrieved from /home/airflow/.local/lib/python3.12/site-packages/airflow/example_dags/plugins/workday.py
[2026-04-28T16:47:50.413+0000] {processor.py:183} INFO - Processing /home/airflow/.local/lib/python3.12/site-packages/airflow/example_dags/plugins/workday.py took 0.438 seconds
[2026-04-28T16:48:20.637+0000] {processor.py:161} INFO - Started process (PID=733) to work on /home/airflow/.local/lib/python3.12/site-packages/airflow/example_dags/plugins/workday.py
[2026-04-28T16:48:20.638+0000] {processor.py:830} INFO - Processing file /home/airflow/.local/lib/python3.12/site-packages/airflow/example_dags/plugins/workday.py for tasks to queue
[2026-04-28T16:48:20.640+0000] {logging_mixin.py:188} INFO - [2026-04-28T16:48:20.639+0000] {dagbag.py:540} INFO - Filling up the DagBag from /home/airflow/.local/lib/python3.12/site-packages/airflow/example_dags/plugins/workday.py
[2026-04-28T16:48:21.305+0000] {processor.py:842} WARNING - No viable dags retrieved from /home/airflow/.local/lib/python3.12/site-packages/airflow/example_dags/plugins/workday.py
[2026-04-28T16:48:21.314+0000] {processor.py:183} INFO - Processing /home/airflow/.local/lib/python3.12/site-packages/airflow/example_dags/plugins/workday.py took 0.686 seconds
[2026-04-28T17:25:32.482+0000] {processor.py:161} INFO - Started process (PID=108) to work on /home/airflow/.local/lib/python3.12/site-packages/airflow/example_dags/plugins/workday.py
[2026-04-28T17:25:32.483+0000] {processor.py:830} INFO - Processing file /home/airflow/.local/lib/python3.12/site-packages/airflow/example_dags/plugins/workday.py for tasks to queue
[2026-04-28T17:25:32.486+0000] {logging_mixin.py:188} INFO - [2026-04-28T17:25:32.486+0000] {dagbag.py:540} INFO - Filling up the DagBag from /home/airflow/.local/lib/python3.12/site-packages/airflow/example_dags/plugins/workday.py
[2026-04-28T17:25:34.466+0000] {processor.py:842} WARNING - No viable dags retrieved from /home/airflow/.local/lib/python3.12/site-packages/airflow/example_dags/plugins/workday.py
[2026-04-28T17:25:34.497+0000] {processor.py:183} INFO - Processing /home/airflow/.local/lib/python3.12/site-packages/airflow/example_dags/plugins/workday.py took 2.048 seconds
[2026-04-28T17:26:04.822+0000] {processor.py:161} INFO - Started process (PID=172) to work on /home/airflow/.local/lib/python3.12/site-packages/airflow/example_dags/plugins/workday.py
[2026-04-28T17:26:04.824+0000] {processor.py:830} INFO - Processing file /home/airflow/.local/lib/python3.12/site-packages/airflow/example_dags/plugins/workday.py for tasks to queue
[2026-04-28T17:26:04.827+0000] {logging_mixin.py:188} INFO - [2026-04-28T17:26:04.827+0000] {dagbag.py:540} INFO - Filling up the DagBag from /home/airflow/.local/lib/python3.12/site-packages/airflow/example_dags/plugins/workday.py
[2026-04-28T17:26:05.640+0000] {processor.py:842} WARNING - No viable dags retrieved from /home/airflow/.local/lib/python3.12/site-packages/airflow/example_dags/plugins/workday.py
[2026-04-28T17:26:05.649+0000] {processor.py:183} INFO - Processing /home/airflow/.local/lib/python3.12/site-packages/airflow/example_dags/plugins/workday.py took 0.834 seconds
[2026-04-28T17:26:35.927+0000] {processor.py:161} INFO - Started process (PID=232) to work on /home/airflow/.local/lib/python3.12/site-packages/airflow/example_dags/plugins/workday.py
[2026-04-28T17:26:35.927+0000] {processor.py:830} INFO - Processing file /home/airflow/.local/lib/python3.12/site-packages/airflow/example_dags/plugins/workday.py for tasks to queue
[2026-04-28T17:26:35.929+0000] {logging_mixin.py:188} INFO - [2026-04-28T17:26:35.928+0000] {dagbag.py:540} INFO - Filling up the DagBag from /home/airflow/.local/lib/python3.12/site-packages/airflow/example_dags/plugins/workday.py
[2026-04-28T17:26:36.351+0000] {processor.py:842} WARNING - No viable dags retrieved from /home/airflow/.local/lib/python3.12/site-packages/airflow/example_dags/plugins/workday.py
[2026-04-28T17:26:36.360+0000] {processor.py:183} INFO - Processing /home/airflow/.local/lib/python3.12/site-packages/airflow/example_dags/plugins/workday.py took 0.439 seconds
[2026-04-28T17:27:07.282+0000] {processor.py:161} INFO - Started process (PID=291) to work on /home/airflow/.local/lib/python3.12/site-packages/airflow/example_dags/plugins/workday.py
[2026-04-28T17:27:07.286+0000] {processor.py:830} INFO - Processing file /home/airflow/.local/lib/python3.12/site-packages/airflow/example_dags/plugins/workday.py for tasks to queue
[2026-04-28T17:27:07.294+0000] {logging_mixin.py:188} INFO - [2026-04-28T17:27:07.294+0000] {dagbag.py:540} INFO - Filling up the DagBag from /home/airflow/.local/lib/python3.12/site-packages/airflow/example_dags/plugins/workday.py
[2026-04-28T17:27:08.452+0000] {processor.py:842} WARNING - No viable dags retrieved from /home/airflow/.local/lib/python3.12/site-packages/airflow/example_dags/plugins/workday.py
[2026-04-28T17:27:08.476+0000] {processor.py:183} INFO - Processing /home/airflow/.local/lib/python3.12/site-packages/airflow/example_dags/plugins/workday.py took 1.218 seconds
[2026-04-28T17:27:38.842+0000] {processor.py:161} INFO - Started process (PID=351) to work on /home/airflow/.local/lib/python3.12/site-packages/airflow/example_dags/plugins/workday.py
[2026-04-28T17:27:38.843+0000] {processor.py:830} INFO - Processing file /home/airflow/.local/lib/python3.12/site-packages/airflow/example_dags/plugins/workday.py for tasks to queue
[2026-04-28T17:27:38.844+0000] {logging_mixin.py:188} INFO - [2026-04-28T17:27:38.844+0000] {dagbag.py:540} INFO - Filling up the DagBag from /home/airflow/.local/lib/python3.12/site-packages/airflow/example_dags/plugins/workday.py
[2026-04-28T17:27:39.291+0000] {processor.py:842} WARNING - No viable dags retrieved from /home/airflow/.local/lib/python3.12/site-packages/airflow/example_dags/plugins/workday.py
[2026-04-28T17:27:39.304+0000] {processor.py:183} INFO - Processing /home/airflow/.local/lib/python3.12/site-packages/airflow/example_dags/plugins/workday.py took 0.467 seconds
[2026-04-28T17:28:10.152+0000] {processor.py:161} INFO - Started process (PID=410) to work on /home/airflow/.local/lib/python3.12/site-packages/airflow/example_dags/plugins/workday.py
[2026-04-28T17:28:10.152+0000] {processor.py:830} INFO - Processing file /home/airflow/.local/lib/python3.12/site-packages/airflow/example_dags/plugins/workday.py for tasks to queue
[2026-04-28T17:28:10.154+0000] {logging_mixin.py:188} INFO - [2026-04-28T17:28:10.153+0000] {dagbag.py:540} INFO - Filling up the DagBag from /home/airflow/.local/lib/python3.12/site-packages/airflow/example_dags/plugins/workday.py
[2026-04-28T17:28:10.588+0000] {processor.py:842} WARNING - No viable dags retrieved from /home/airflow/.local/lib/python3.12/site-packages/airflow/example_dags/plugins/workday.py
[2026-04-28T17:28:10.597+0000] {processor.py:183} INFO - Processing /home/airflow/.local/lib/python3.12/site-packages/airflow/example_dags/plugins/workday.py took 0.451 seconds
[2026-04-28T17:28:41.599+0000] {processor.py:161} INFO - Started process (PID=470) to work on /home/airflow/.local/lib/python3.12/site-packages/airflow/example_dags/plugins/workday.py
[2026-04-28T17:28:41.599+0000] {processor.py:830} INFO - Processing file /home/airflow/.local/lib/python3.12/site-packages/airflow/example_dags/plugins/workday.py for tasks to queue
[2026-04-28T17:28:41.601+0000] {logging_mixin.py:188} INFO - [2026-04-28T17:28:41.601+0000] {dagbag.py:540} INFO - Filling up the DagBag from /home/airflow/.local/lib/python3.12/site-packages/airflow/example_dags/plugins/workday.py
[2026-04-28T17:28:42.088+0000] {processor.py:842} WARNING - No viable dags retrieved from /home/airflow/.local/lib/python3.12/site-packages/airflow/example_dags/plugins/workday.py
[2026-04-28T17:28:42.101+0000] {processor.py:183} INFO - Processing /home/airflow/.local/lib/python3.12/site-packages/airflow/example_dags/plugins/workday.py took 0.507 seconds
[2026-04-28T17:29:13.077+0000] {processor.py:161} INFO - Started process (PID=530) to work on /home/airflow/.local/lib/python3.12/site-packages/airflow/example_dags/plugins/workday.py
[2026-04-28T17:29:13.078+0000] {processor.py:830} INFO - Processing file /home/airflow/.local/lib/python3.12/site-packages/airflow/example_dags/plugins/workday.py for tasks to queue
[2026-04-28T17:29:13.079+0000] {logging_mixin.py:188} INFO - [2026-04-28T17:29:13.079+0000] {dagbag.py:540} INFO - Filling up the DagBag from /home/airflow/.local/lib/python3.12/site-packages/airflow/example_dags/plugins/workday.py
[2026-04-28T17:29:13.718+0000] {processor.py:842} WARNING - No viable dags retrieved from /home/airflow/.local/lib/python3.12/site-packages/airflow/example_dags/plugins/workday.py
[2026-04-28T17:29:13.727+0000] {processor.py:183} INFO - Processing /home/airflow/.local/lib/python3.12/site-packages/airflow/example_dags/plugins/workday.py took 0.655 seconds
[2026-04-28T17:29:43.771+0000] {processor.py:161} INFO - Started process (PID=590) to work on /home/airflow/.local/lib/python3.12/site-packages/airflow/example_dags/plugins/workday.py
[2026-04-28T17:29:43.772+0000] {processor.py:830} INFO - Processing file /home/airflow/.local/lib/python3.12/site-packages/airflow/example_dags/plugins/workday.py for tasks to queue
[2026-04-28T17:29:43.775+0000] {logging_mixin.py:188} INFO - [2026-04-28T17:29:43.774+0000] {dagbag.py:540} INFO - Filling up the DagBag from /home/airflow/.local/lib/python3.12/site-packages/airflow/example_dags/plugins/workday.py
[2026-04-28T17:29:44.225+0000] {processor.py:842} WARNING - No viable dags retrieved from /home/airflow/.local/lib/python3.12/site-packages/airflow/example_dags/plugins/workday.py
[2026-04-28T17:29:44.235+0000] {processor.py:183} INFO - Processing /home/airflow/.local/lib/python3.12/site-packages/airflow/example_dags/plugins/workday.py took 0.472 seconds
[2026-04-28T17:30:14.984+0000] {processor.py:161} INFO - Started process (PID=651) to work on /home/airflow/.local/lib/python3.12/site-packages/airflow/example_dags/plugins/workday.py
[2026-04-28T17:30:14.984+0000] {processor.py:830} INFO - Processing file /home/airflow/.local/lib/python3.12/site-packages/airflow/example_dags/plugins/workday.py for tasks to queue
[2026-04-28T17:30:14.986+0000] {logging_mixin.py:188} INFO - [2026-04-28T17:30:14.986+0000] {dagbag.py:540} INFO - Filling up the DagBag from /home/airflow/.local/lib/python3.12/site-packages/airflow/example_dags/plugins/workday.py
[2026-04-28T17:30:15.469+0000] {processor.py:842} WARNING - No viable dags retrieved from /home/airflow/.local/lib/python3.12/site-packages/airflow/example_dags/plugins/workday.py
[2026-04-28T17:30:15.478+0000] {processor.py:183} INFO - Processing /home/airflow/.local/lib/python3.12/site-packages/airflow/example_dags/plugins/workday.py took 0.500 seconds
[2026-04-28T17:30:45.888+0000] {processor.py:161} INFO - Started process (PID=717) to work on /home/airflow/.local/lib/python3.12/site-packages/airflow/example_dags/plugins/workday.py
[2026-04-28T17:30:45.889+0000] {processor.py:830} INFO - Processing file /home/airflow/.local/lib/python3.12/site-packages/airflow/example_dags/plugins/workday.py for tasks to queue
[2026-04-28T17:30:45.890+0000] {logging_mixin.py:188} INFO - [2026-04-28T17:30:45.890+0000] {dagbag.py:540} INFO - Filling up the DagBag from /home/airflow/.local/lib/python3.12/site-packages/airflow/example_dags/plugins/workday.py
[2026-04-28T17:30:46.291+0000] {processor.py:842} WARNING - No viable dags retrieved from /home/airflow/.local/lib/python3.12/site-packages/airflow/example_dags/plugins/workday.py
[2026-04-28T17:30:46.306+0000] {processor.py:183} INFO - Processing /home/airflow/.local/lib/python3.12/site-packages/airflow/example_dags/plugins/workday.py took 0.423 seconds
[2026-04-28T17:31:17.139+0000] {processor.py:161} INFO - Started process (PID=777) to work on /home/airflow/.local/lib/python3.12/site-packages/airflow/example_dags/plugins/workday.py
[2026-04-28T17:31:17.140+0000] {processor.py:830} INFO - Processing file /home/airflow/.local/lib/python3.12/site-packages/airflow/example_dags/plugins/workday.py for tasks to queue
[2026-04-28T17:31:17.141+0000] {logging_mixin.py:188} INFO - [2026-04-28T17:31:17.141+0000] {dagbag.py:540} INFO - Filling up the DagBag from /home/airflow/.local/lib/python3.12/site-packages/airflow/example_dags/plugins/workday.py
[2026-04-28T17:31:17.535+0000] {processor.py:842} WARNING - No viable dags retrieved from /home/airflow/.local/lib/python3.12/site-packages/airflow/example_dags/plugins/workday.py
[2026-04-28T17:31:17.544+0000] {processor.py:183} INFO - Processing /home/airflow/.local/lib/python3.12/site-packages/airflow/example_dags/plugins/workday.py took 0.410 seconds
[2026-04-28T17:31:47.640+0000] {processor.py:161} INFO - Started process (PID=836) to work on /home/airflow/.local/lib/python3.12/site-packages/airflow/example_dags/plugins/workday.py
[2026-04-28T17:31:47.641+0000] {processor.py:830} INFO - Processing file /home/airflow/.local/lib/python3.12/site-packages/airflow/example_dags/plugins/workday.py for tasks to queue
[2026-04-28T17:31:47.643+0000] {logging_mixin.py:188} INFO - [2026-04-28T17:31:47.643+0000] {dagbag.py:540} INFO - Filling up the DagBag from /home/airflow/.local/lib/python3.12/site-packages/airflow/example_dags/plugins/workday.py
[2026-04-28T17:31:48.369+0000] {processor.py:842} WARNING - No viable dags retrieved from /home/airflow/.local/lib/python3.12/site-packages/airflow/example_dags/plugins/workday.py
[2026-04-28T17:31:48.386+0000] {processor.py:183} INFO - Processing /home/airflow/.local/lib/python3.12/site-packages/airflow/example_dags/plugins/workday.py took 0.753 seconds
[2026-04-28T17:32:18.989+0000] {processor.py:161} INFO - Started process (PID=896) to work on /home/airflow/.local/lib/python3.12/site-packages/airflow/example_dags/plugins/workday.py
[2026-04-28T17:32:18.990+0000] {processor.py:830} INFO - Processing file /home/airflow/.local/lib/python3.12/site-packages/airflow/example_dags/plugins/workday.py for tasks to queue
[2026-04-28T17:32:18.992+0000] {logging_mixin.py:188} INFO - [2026-04-28T17:32:18.992+0000] {dagbag.py:540} INFO - Filling up the DagBag from /home/airflow/.local/lib/python3.12/site-packages/airflow/example_dags/plugins/workday.py
[2026-04-28T17:32:19.698+0000] {processor.py:842} WARNING - No viable dags retrieved from /home/airflow/.local/lib/python3.12/site-packages/airflow/example_dags/plugins/workday.py
[2026-04-28T17:32:19.735+0000] {processor.py:183} INFO - Processing /home/airflow/.local/lib/python3.12/site-packages/airflow/example_dags/plugins/workday.py took 0.755 seconds
[2026-04-28T17:32:50.281+0000] {processor.py:161} INFO - Started process (PID=956) to work on /home/airflow/.local/lib/python3.12/site-packages/airflow/example_dags/plugins/workday.py
[2026-04-28T17:32:50.282+0000] {processor.py:830} INFO - Processing file /home/airflow/.local/lib/python3.12/site-packages/airflow/example_dags/plugins/workday.py for tasks to queue
[2026-04-28T17:32:50.284+0000] {logging_mixin.py:188} INFO - [2026-04-28T17:32:50.283+0000] {dagbag.py:540} INFO - Filling up the DagBag from /home/airflow/.local/lib/python3.12/site-packages/airflow/example_dags/plugins/workday.py
[2026-04-28T17:32:50.871+0000] {processor.py:842} WARNING - No viable dags retrieved from /home/airflow/.local/lib/python3.12/site-packages/airflow/example_dags/plugins/workday.py
[2026-04-28T17:32:50.883+0000] {processor.py:183} INFO - Processing /home/airflow/.local/lib/python3.12/site-packages/airflow/example_dags/plugins/workday.py took 0.613 seconds
[2026-04-28T17:33:21.116+0000] {processor.py:161} INFO - Started process (PID=1016) to work on /home/airflow/.local/lib/python3.12/site-packages/airflow/example_dags/plugins/workday.py
[2026-04-28T17:33:21.117+0000] {processor.py:830} INFO - Processing file /home/airflow/.local/lib/python3.12/site-packages/airflow/example_dags/plugins/workday.py for tasks to queue
[2026-04-28T17:33:21.118+0000] {logging_mixin.py:188} INFO - [2026-04-28T17:33:21.118+0000] {dagbag.py:540} INFO - Filling up the DagBag from /home/airflow/.local/lib/python3.12/site-packages/airflow/example_dags/plugins/workday.py
[2026-04-28T17:33:21.521+0000] {processor.py:842} WARNING - No viable dags retrieved from /home/airflow/.local/lib/python3.12/site-packages/airflow/example_dags/plugins/workday.py
[2026-04-28T17:33:21.530+0000] {processor.py:183} INFO - Processing /home/airflow/.local/lib/python3.12/site-packages/airflow/example_dags/plugins/workday.py took 0.420 seconds
[2026-04-28T17:33:52.437+0000] {processor.py:161} INFO - Started process (PID=1076) to work on /home/airflow/.local/lib/python3.12/site-packages/airflow/example_dags/plugins/workday.py
[2026-04-28T17:33:52.438+0000] {processor.py:830} INFO - Processing file /home/airflow/.local/lib/python3.12/site-packages/airflow/example_dags/plugins/workday.py for tasks to queue
[2026-04-28T17:33:52.439+0000] {logging_mixin.py:188} INFO - [2026-04-28T17:33:52.439+0000] {dagbag.py:540} INFO - Filling up the DagBag from /home/airflow/.local/lib/python3.12/site-packages/airflow/example_dags/plugins/workday.py
[2026-04-28T17:33:52.890+0000] {processor.py:842} WARNING - No viable dags retrieved from /home/airflow/.local/lib/python3.12/site-packages/airflow/example_dags/plugins/workday.py
[2026-04-28T17:33:52.899+0000] {processor.py:183} INFO - Processing /home/airflow/.local/lib/python3.12/site-packages/airflow/example_dags/plugins/workday.py took 0.468 seconds
[2026-04-28T17:34:23.596+0000] {processor.py:161} INFO - Started process (PID=1136) to work on /home/airflow/.local/lib/python3.12/site-packages/airflow/example_dags/plugins/workday.py
[2026-04-28T17:34:23.596+0000] {processor.py:830} INFO - Processing file /home/airflow/.local/lib/python3.12/site-packages/airflow/example_dags/plugins/workday.py for tasks to queue
[2026-04-28T17:34:23.598+0000] {logging_mixin.py:188} INFO - [2026-04-28T17:34:23.597+0000] {dagbag.py:540} INFO - Filling up the DagBag from /home/airflow/.local/lib/python3.12/site-packages/airflow/example_dags/plugins/workday.py
[2026-04-28T17:34:24.037+0000] {processor.py:842} WARNING - No viable dags retrieved from /home/airflow/.local/lib/python3.12/site-packages/airflow/example_dags/plugins/workday.py
[2026-04-28T17:34:24.046+0000] {processor.py:183} INFO - Processing /home/airflow/.local/lib/python3.12/site-packages/airflow/example_dags/plugins/workday.py took 0.457 seconds
[2026-04-28T17:34:54.474+0000] {processor.py:161} INFO - Started process (PID=1196) to work on /home/airflow/.local/lib/python3.12/site-packages/airflow/example_dags/plugins/workday.py
[2026-04-28T17:34:54.474+0000] {processor.py:830} INFO - Processing file /home/airflow/.local/lib/python3.12/site-packages/airflow/example_dags/plugins/workday.py for tasks to queue
[2026-04-28T17:34:54.476+0000] {logging_mixin.py:188} INFO - [2026-04-28T17:34:54.475+0000] {dagbag.py:540} INFO - Filling up the DagBag from /home/airflow/.local/lib/python3.12/site-packages/airflow/example_dags/plugins/workday.py
[2026-04-28T17:34:54.896+0000] {processor.py:842} WARNING - No viable dags retrieved from /home/airflow/.local/lib/python3.12/site-packages/airflow/example_dags/plugins/workday.py
[2026-04-28T17:34:54.906+0000] {processor.py:183} INFO - Processing /home/airflow/.local/lib/python3.12/site-packages/airflow/example_dags/plugins/workday.py took 0.438 seconds
[2026-04-28T17:35:25.305+0000] {processor.py:161} INFO - Started process (PID=1255) to work on /home/airflow/.local/lib/python3.12/site-packages/airflow/example_dags/plugins/workday.py
[2026-04-28T17:35:25.306+0000] {processor.py:830} INFO - Processing file /home/airflow/.local/lib/python3.12/site-packages/airflow/example_dags/plugins/workday.py for tasks to queue
[2026-04-28T17:35:25.307+0000] {logging_mixin.py:188} INFO - [2026-04-28T17:35:25.307+0000] {dagbag.py:540} INFO - Filling up the DagBag from /home/airflow/.local/lib/python3.12/site-packages/airflow/example_dags/plugins/workday.py
[2026-04-28T17:35:25.841+0000] {processor.py:842} WARNING - No viable dags retrieved from /home/airflow/.local/lib/python3.12/site-packages/airflow/example_dags/plugins/workday.py
[2026-04-28T17:35:25.853+0000] {processor.py:183} INFO - Processing /home/airflow/.local/lib/python3.12/site-packages/airflow/example_dags/plugins/workday.py took 0.554 seconds
[2026-04-28T17:35:55.972+0000] {processor.py:161} INFO - Started process (PID=1315) to work on /home/airflow/.local/lib/python3.12/site-packages/airflow/example_dags/plugins/workday.py
[2026-04-28T17:35:55.973+0000] {processor.py:830} INFO - Processing file /home/airflow/.local/lib/python3.12/site-packages/airflow/example_dags/plugins/workday.py for tasks to queue
[2026-04-28T17:35:55.974+0000] {logging_mixin.py:188} INFO - [2026-04-28T17:35:55.974+0000] {dagbag.py:540} INFO - Filling up the DagBag from /home/airflow/.local/lib/python3.12/site-packages/airflow/example_dags/plugins/workday.py
[2026-04-28T17:35:56.426+0000] {processor.py:842} WARNING - No viable dags retrieved from /home/airflow/.local/lib/python3.12/site-packages/airflow/example_dags/plugins/workday.py
[2026-04-28T17:35:56.435+0000] {processor.py:183} INFO - Processing /home/airflow/.local/lib/python3.12/site-packages/airflow/example_dags/plugins/workday.py took 0.468 seconds
[2026-04-28T17:36:27.204+0000] {processor.py:161} INFO - Started process (PID=1375) to work on /home/airflow/.local/lib/python3.12/site-packages/airflow/example_dags/plugins/workday.py
[2026-04-28T17:36:27.205+0000] {processor.py:830} INFO - Processing file /home/airflow/.local/lib/python3.12/site-packages/airflow/example_dags/plugins/workday.py for tasks to queue
[2026-04-28T17:36:27.208+0000] {logging_mixin.py:188} INFO - [2026-04-28T17:36:27.207+0000] {dagbag.py:540} INFO - Filling up the DagBag from /home/airflow/.local/lib/python3.12/site-packages/airflow/example_dags/plugins/workday.py
[2026-04-28T17:36:27.516+0000] {processor.py:842} WARNING - No viable dags retrieved from /home/airflow/.local/lib/python3.12/site-packages/airflow/example_dags/plugins/workday.py
[2026-04-28T17:36:27.527+0000] {processor.py:183} INFO - Processing /home/airflow/.local/lib/python3.12/site-packages/airflow/example_dags/plugins/workday.py took 0.329 seconds
[2026-04-28T17:36:58.475+0000] {processor.py:161} INFO - Started process (PID=1435) to work on /home/airflow/.local/lib/python3.12/site-packages/airflow/example_dags/plugins/workday.py
[2026-04-28T17:36:58.476+0000] {processor.py:830} INFO - Processing file /home/airflow/.local/lib/python3.12/site-packages/airflow/example_dags/plugins/workday.py for tasks to queue
[2026-04-28T17:36:58.478+0000] {logging_mixin.py:188} INFO - [2026-04-28T17:36:58.477+0000] {dagbag.py:540} INFO - Filling up the DagBag from /home/airflow/.local/lib/python3.12/site-packages/airflow/example_dags/plugins/workday.py
[2026-04-28T17:36:58.759+0000] {processor.py:842} WARNING - No viable dags retrieved from /home/airflow/.local/lib/python3.12/site-packages/airflow/example_dags/plugins/workday.py
[2026-04-28T17:36:58.770+0000] {processor.py:183} INFO - Processing /home/airflow/.local/lib/python3.12/site-packages/airflow/example_dags/plugins/workday.py took 0.302 seconds
[2026-04-28T17:37:29.763+0000] {processor.py:161} INFO - Started process (PID=1495) to work on /home/airflow/.local/lib/python3.12/site-packages/airflow/example_dags/plugins/workday.py
[2026-04-28T17:37:29.764+0000] {processor.py:830} INFO - Processing file /home/airflow/.local/lib/python3.12/site-packages/airflow/example_dags/plugins/workday.py for tasks to queue
[2026-04-28T17:37:29.765+0000] {logging_mixin.py:188} INFO - [2026-04-28T17:37:29.765+0000] {dagbag.py:540} INFO - Filling up the DagBag from /home/airflow/.local/lib/python3.12/site-packages/airflow/example_dags/plugins/workday.py
[2026-04-28T17:37:30.048+0000] {processor.py:842} WARNING - No viable dags retrieved from /home/airflow/.local/lib/python3.12/site-packages/airflow/example_dags/plugins/workday.py
[2026-04-28T17:37:30.060+0000] {processor.py:183} INFO - Processing /home/airflow/.local/lib/python3.12/site-packages/airflow/example_dags/plugins/workday.py took 0.303 seconds
[2026-04-28T17:38:00.767+0000] {processor.py:161} INFO - Started process (PID=1555) to work on /home/airflow/.local/lib/python3.12/site-packages/airflow/example_dags/plugins/workday.py
[2026-04-28T17:38:00.768+0000] {processor.py:830} INFO - Processing file /home/airflow/.local/lib/python3.12/site-packages/airflow/example_dags/plugins/workday.py for tasks to queue
[2026-04-28T17:38:00.769+0000] {logging_mixin.py:188} INFO - [2026-04-28T17:38:00.769+0000] {dagbag.py:540} INFO - Filling up the DagBag from /home/airflow/.local/lib/python3.12/site-packages/airflow/example_dags/plugins/workday.py
[2026-04-28T17:38:01.095+0000] {processor.py:842} WARNING - No viable dags retrieved from /home/airflow/.local/lib/python3.12/site-packages/airflow/example_dags/plugins/workday.py
[2026-04-28T17:38:01.165+0000] {processor.py:183} INFO - Processing /home/airflow/.local/lib/python3.12/site-packages/airflow/example_dags/plugins/workday.py took 0.404 seconds
[2026-04-28T17:38:32.058+0000] {processor.py:161} INFO - Started process (PID=1615) to work on /home/airflow/.local/lib/python3.12/site-packages/airflow/example_dags/plugins/workday.py
[2026-04-28T17:38:32.059+0000] {processor.py:830} INFO - Processing file /home/airflow/.local/lib/python3.12/site-packages/airflow/example_dags/plugins/workday.py for tasks to queue
[2026-04-28T17:38:32.060+0000] {logging_mixin.py:188} INFO - [2026-04-28T17:38:32.060+0000] {dagbag.py:540} INFO - Filling up the DagBag from /home/airflow/.local/lib/python3.12/site-packages/airflow/example_dags/plugins/workday.py
[2026-04-28T17:38:32.337+0000] {processor.py:842} WARNING - No viable dags retrieved from /home/airflow/.local/lib/python3.12/site-packages/airflow/example_dags/plugins/workday.py
[2026-04-28T17:38:32.347+0000] {processor.py:183} INFO - Processing /home/airflow/.local/lib/python3.12/site-packages/airflow/example_dags/plugins/workday.py took 0.294 seconds
[2026-04-28T17:39:03.357+0000] {processor.py:161} INFO - Started process (PID=1677) to work on /home/airflow/.local/lib/python3.12/site-packages/airflow/example_dags/plugins/workday.py
[2026-04-28T17:39:03.358+0000] {processor.py:830} INFO - Processing file /home/airflow/.local/lib/python3.12/site-packages/airflow/example_dags/plugins/workday.py for tasks to queue
[2026-04-28T17:39:03.359+0000] {logging_mixin.py:188} INFO - [2026-04-28T17:39:03.359+0000] {dagbag.py:540} INFO - Filling up the DagBag from /home/airflow/.local/lib/python3.12/site-packages/airflow/example_dags/plugins/workday.py
[2026-04-28T17:39:03.631+0000] {processor.py:842} WARNING - No viable dags retrieved from /home/airflow/.local/lib/python3.12/site-packages/airflow/example_dags/plugins/workday.py
[2026-04-28T17:39:03.643+0000] {processor.py:183} INFO - Processing /home/airflow/.local/lib/python3.12/site-packages/airflow/example_dags/plugins/workday.py took 0.291 seconds
[2026-04-28T17:39:34.541+0000] {processor.py:161} INFO - Started process (PID=1739) to work on /home/airflow/.local/lib/python3.12/site-packages/airflow/example_dags/plugins/workday.py
[2026-04-28T17:39:34.542+0000] {processor.py:830} INFO - Processing file /home/airflow/.local/lib/python3.12/site-packages/airflow/example_dags/plugins/workday.py for tasks to queue
[2026-04-28T17:39:34.544+0000] {logging_mixin.py:188} INFO - [2026-04-28T17:39:34.543+0000] {dagbag.py:540} INFO - Filling up the DagBag from /home/airflow/.local/lib/python3.12/site-packages/airflow/example_dags/plugins/workday.py
[2026-04-28T17:39:34.959+0000] {processor.py:842} WARNING - No viable dags retrieved from /home/airflow/.local/lib/python3.12/site-packages/airflow/example_dags/plugins/workday.py
[2026-04-28T17:39:34.974+0000] {processor.py:183} INFO - Processing /home/airflow/.local/lib/python3.12/site-packages/airflow/example_dags/plugins/workday.py took 0.441 seconds
[2026-04-28T17:40:05.589+0000] {processor.py:161} INFO - Started process (PID=1798) to work on /home/airflow/.local/lib/python3.12/site-packages/airflow/example_dags/plugins/workday.py
[2026-04-28T17:40:05.590+0000] {processor.py:830} INFO - Processing file /home/airflow/.local/lib/python3.12/site-packages/airflow/example_dags/plugins/workday.py for tasks to queue
[2026-04-28T17:40:05.591+0000] {logging_mixin.py:188} INFO - [2026-04-28T17:40:05.591+0000] {dagbag.py:540} INFO - Filling up the DagBag from /home/airflow/.local/lib/python3.12/site-packages/airflow/example_dags/plugins/workday.py
[2026-04-28T17:40:05.866+0000] {processor.py:842} WARNING - No viable dags retrieved from /home/airflow/.local/lib/python3.12/site-packages/airflow/example_dags/plugins/workday.py
[2026-04-28T17:40:05.879+0000] {processor.py:183} INFO - Processing /home/airflow/.local/lib/python3.12/site-packages/airflow/example_dags/plugins/workday.py took 0.295 seconds
[2026-04-28T17:40:36.321+0000] {processor.py:161} INFO - Started process (PID=1858) to work on /home/airflow/.local/lib/python3.12/site-packages/airflow/example_dags/plugins/workday.py
[2026-04-28T17:40:36.322+0000] {processor.py:830} INFO - Processing file /home/airflow/.local/lib/python3.12/site-packages/airflow/example_dags/plugins/workday.py for tasks to queue
[2026-04-28T17:40:36.324+0000] {logging_mixin.py:188} INFO - [2026-04-28T17:40:36.323+0000] {dagbag.py:540} INFO - Filling up the DagBag from /home/airflow/.local/lib/python3.12/site-packages/airflow/example_dags/plugins/workday.py
[2026-04-28T17:40:36.685+0000] {processor.py:842} WARNING - No viable dags retrieved from /home/airflow/.local/lib/python3.12/site-packages/airflow/example_dags/plugins/workday.py
[2026-04-28T17:40:36.695+0000] {processor.py:183} INFO - Processing /home/airflow/.local/lib/python3.12/site-packages/airflow/example_dags/plugins/workday.py took 0.383 seconds
[2026-04-28T17:41:07.376+0000] {processor.py:161} INFO - Started process (PID=1918) to work on /home/airflow/.local/lib/python3.12/site-packages/airflow/example_dags/plugins/workday.py
[2026-04-28T17:41:07.380+0000] {processor.py:830} INFO - Processing file /home/airflow/.local/lib/python3.12/site-packages/airflow/example_dags/plugins/workday.py for tasks to queue
[2026-04-28T17:41:07.383+0000] {logging_mixin.py:188} INFO - [2026-04-28T17:41:07.383+0000] {dagbag.py:540} INFO - Filling up the DagBag from /home/airflow/.local/lib/python3.12/site-packages/airflow/example_dags/plugins/workday.py
[2026-04-28T17:41:08.011+0000] {processor.py:842} WARNING - No viable dags retrieved from /home/airflow/.local/lib/python3.12/site-packages/airflow/example_dags/plugins/workday.py
[2026-04-28T17:41:08.025+0000] {processor.py:183} INFO - Processing /home/airflow/.local/lib/python3.12/site-packages/airflow/example_dags/plugins/workday.py took 0.670 seconds
[2026-04-28T17:41:38.835+0000] {processor.py:161} INFO - Started process (PID=1979) to work on /home/airflow/.local/lib/python3.12/site-packages/airflow/example_dags/plugins/workday.py
[2026-04-28T17:41:38.836+0000] {processor.py:830} INFO - Processing file /home/airflow/.local/lib/python3.12/site-packages/airflow/example_dags/plugins/workday.py for tasks to queue
[2026-04-28T17:41:38.839+0000] {logging_mixin.py:188} INFO - [2026-04-28T17:41:38.839+0000] {dagbag.py:540} INFO - Filling up the DagBag from /home/airflow/.local/lib/python3.12/site-packages/airflow/example_dags/plugins/workday.py
[2026-04-28T17:41:39.416+0000] {processor.py:842} WARNING - No viable dags retrieved from /home/airflow/.local/lib/python3.12/site-packages/airflow/example_dags/plugins/workday.py
[2026-04-28T17:41:39.431+0000] {processor.py:183} INFO - Processing /home/airflow/.local/lib/python3.12/site-packages/airflow/example_dags/plugins/workday.py took 0.611 seconds
[2026-04-28T17:42:09.534+0000] {processor.py:161} INFO - Started process (PID=2039) to work on /home/airflow/.local/lib/python3.12/site-packages/airflow/example_dags/plugins/workday.py
[2026-04-28T17:42:09.535+0000] {processor.py:830} INFO - Processing file /home/airflow/.local/lib/python3.12/site-packages/airflow/example_dags/plugins/workday.py for tasks to queue
[2026-04-28T17:42:09.537+0000] {logging_mixin.py:188} INFO - [2026-04-28T17:42:09.537+0000] {dagbag.py:540} INFO - Filling up the DagBag from /home/airflow/.local/lib/python3.12/site-packages/airflow/example_dags/plugins/workday.py
[2026-04-28T17:42:09.872+0000] {processor.py:842} WARNING - No viable dags retrieved from /home/airflow/.local/lib/python3.12/site-packages/airflow/example_dags/plugins/workday.py
[2026-04-28T17:42:09.882+0000] {processor.py:183} INFO - Processing /home/airflow/.local/lib/python3.12/site-packages/airflow/example_dags/plugins/workday.py took 0.354 seconds
[2026-04-28T17:42:40.008+0000] {processor.py:161} INFO - Started process (PID=2100) to work on /home/airflow/.local/lib/python3.12/site-packages/airflow/example_dags/plugins/workday.py
[2026-04-28T17:42:40.009+0000] {processor.py:830} INFO - Processing file /home/airflow/.local/lib/python3.12/site-packages/airflow/example_dags/plugins/workday.py for tasks to queue
[2026-04-28T17:42:40.011+0000] {logging_mixin.py:188} INFO - [2026-04-28T17:42:40.010+0000] {dagbag.py:540} INFO - Filling up the DagBag from /home/airflow/.local/lib/python3.12/site-packages/airflow/example_dags/plugins/workday.py
[2026-04-28T17:42:40.294+0000] {processor.py:842} WARNING - No viable dags retrieved from /home/airflow/.local/lib/python3.12/site-packages/airflow/example_dags/plugins/workday.py
[2026-04-28T17:42:40.305+0000] {processor.py:183} INFO - Processing /home/airflow/.local/lib/python3.12/site-packages/airflow/example_dags/plugins/workday.py took 0.302 seconds
[2026-04-28T17:43:11.229+0000] {processor.py:161} INFO - Started process (PID=2161) to work on /home/airflow/.local/lib/python3.12/site-packages/airflow/example_dags/plugins/workday.py
[2026-04-28T17:43:11.232+0000] {processor.py:830} INFO - Processing file /home/airflow/.local/lib/python3.12/site-packages/airflow/example_dags/plugins/workday.py for tasks to queue
[2026-04-28T17:43:11.236+0000] {logging_mixin.py:188} INFO - [2026-04-28T17:43:11.235+0000] {dagbag.py:540} INFO - Filling up the DagBag from /home/airflow/.local/lib/python3.12/site-packages/airflow/example_dags/plugins/workday.py
[2026-04-28T17:43:11.721+0000] {processor.py:842} WARNING - No viable dags retrieved from /home/airflow/.local/lib/python3.12/site-packages/airflow/example_dags/plugins/workday.py
[2026-04-28T17:43:11.733+0000] {processor.py:183} INFO - Processing /home/airflow/.local/lib/python3.12/site-packages/airflow/example_dags/plugins/workday.py took 0.524 seconds
[2026-04-28T17:43:41.908+0000] {processor.py:161} INFO - Started process (PID=2223) to work on /home/airflow/.local/lib/python3.12/site-packages/airflow/example_dags/plugins/workday.py
[2026-04-28T17:43:41.909+0000] {processor.py:830} INFO - Processing file /home/airflow/.local/lib/python3.12/site-packages/airflow/example_dags/plugins/workday.py for tasks to queue
[2026-04-28T17:43:41.911+0000] {logging_mixin.py:188} INFO - [2026-04-28T17:43:41.910+0000] {dagbag.py:540} INFO - Filling up the DagBag from /home/airflow/.local/lib/python3.12/site-packages/airflow/example_dags/plugins/workday.py
[2026-04-28T17:43:42.190+0000] {processor.py:842} WARNING - No viable dags retrieved from /home/airflow/.local/lib/python3.12/site-packages/airflow/example_dags/plugins/workday.py
[2026-04-28T17:43:42.200+0000] {processor.py:183} INFO - Processing /home/airflow/.local/lib/python3.12/site-packages/airflow/example_dags/plugins/workday.py took 0.300 seconds
[2026-04-28T17:44:12.517+0000] {processor.py:161} INFO - Started process (PID=2283) to work on /home/airflow/.local/lib/python3.12/site-packages/airflow/example_dags/plugins/workday.py
[2026-04-28T17:44:12.517+0000] {processor.py:830} INFO - Processing file /home/airflow/.local/lib/python3.12/site-packages/airflow/example_dags/plugins/workday.py for tasks to queue
[2026-04-28T17:44:12.519+0000] {logging_mixin.py:188} INFO - [2026-04-28T17:44:12.519+0000] {dagbag.py:540} INFO - Filling up the DagBag from /home/airflow/.local/lib/python3.12/site-packages/airflow/example_dags/plugins/workday.py
[2026-04-28T17:44:12.861+0000] {processor.py:842} WARNING - No viable dags retrieved from /home/airflow/.local/lib/python3.12/site-packages/airflow/example_dags/plugins/workday.py
[2026-04-28T17:44:12.877+0000] {processor.py:183} INFO - Processing /home/airflow/.local/lib/python3.12/site-packages/airflow/example_dags/plugins/workday.py took 0.368 seconds
[2026-04-28T17:44:43.110+0000] {processor.py:161} INFO - Started process (PID=2343) to work on /home/airflow/.local/lib/python3.12/site-packages/airflow/example_dags/plugins/workday.py
[2026-04-28T17:44:43.111+0000] {processor.py:830} INFO - Processing file /home/airflow/.local/lib/python3.12/site-packages/airflow/example_dags/plugins/workday.py for tasks to queue
[2026-04-28T17:44:43.113+0000] {logging_mixin.py:188} INFO - [2026-04-28T17:44:43.113+0000] {dagbag.py:540} INFO - Filling up the DagBag from /home/airflow/.local/lib/python3.12/site-packages/airflow/example_dags/plugins/workday.py
[2026-04-28T17:44:43.398+0000] {processor.py:842} WARNING - No viable dags retrieved from /home/airflow/.local/lib/python3.12/site-packages/airflow/example_dags/plugins/workday.py
[2026-04-28T17:44:43.409+0000] {processor.py:183} INFO - Processing /home/airflow/.local/lib/python3.12/site-packages/airflow/example_dags/plugins/workday.py took 0.306 seconds
[2026-04-28T17:45:14.479+0000] {processor.py:161} INFO - Started process (PID=2405) to work on /home/airflow/.local/lib/python3.12/site-packages/airflow/example_dags/plugins/workday.py
[2026-04-28T17:45:14.479+0000] {processor.py:830} INFO - Processing file /home/airflow/.local/lib/python3.12/site-packages/airflow/example_dags/plugins/workday.py for tasks to queue
[2026-04-28T17:45:14.481+0000] {logging_mixin.py:188} INFO - [2026-04-28T17:45:14.480+0000] {dagbag.py:540} INFO - Filling up the DagBag from /home/airflow/.local/lib/python3.12/site-packages/airflow/example_dags/plugins/workday.py
[2026-04-28T17:45:14.744+0000] {processor.py:842} WARNING - No viable dags retrieved from /home/airflow/.local/lib/python3.12/site-packages/airflow/example_dags/plugins/workday.py
[2026-04-28T17:45:14.755+0000] {processor.py:183} INFO - Processing /home/airflow/.local/lib/python3.12/site-packages/airflow/example_dags/plugins/workday.py took 0.281 seconds
[2026-04-28T17:45:45.192+0000] {processor.py:161} INFO - Started process (PID=2465) to work on /home/airflow/.local/lib/python3.12/site-packages/airflow/example_dags/plugins/workday.py
[2026-04-28T17:45:45.193+0000] {processor.py:830} INFO - Processing file /home/airflow/.local/lib/python3.12/site-packages/airflow/example_dags/plugins/workday.py for tasks to queue
[2026-04-28T17:45:45.195+0000] {logging_mixin.py:188} INFO - [2026-04-28T17:45:45.195+0000] {dagbag.py:540} INFO - Filling up the DagBag from /home/airflow/.local/lib/python3.12/site-packages/airflow/example_dags/plugins/workday.py
[2026-04-28T17:45:45.465+0000] {processor.py:842} WARNING - No viable dags retrieved from /home/airflow/.local/lib/python3.12/site-packages/airflow/example_dags/plugins/workday.py
[2026-04-28T17:45:45.475+0000] {processor.py:183} INFO - Processing /home/airflow/.local/lib/python3.12/site-packages/airflow/example_dags/plugins/workday.py took 0.290 seconds
[2026-04-28T17:46:15.941+0000] {processor.py:161} INFO - Started process (PID=2525) to work on /home/airflow/.local/lib/python3.12/site-packages/airflow/example_dags/plugins/workday.py
[2026-04-28T17:46:15.942+0000] {processor.py:830} INFO - Processing file /home/airflow/.local/lib/python3.12/site-packages/airflow/example_dags/plugins/workday.py for tasks to queue
[2026-04-28T17:46:15.943+0000] {logging_mixin.py:188} INFO - [2026-04-28T17:46:15.943+0000] {dagbag.py:540} INFO - Filling up the DagBag from /home/airflow/.local/lib/python3.12/site-packages/airflow/example_dags/plugins/workday.py
[2026-04-28T17:46:16.247+0000] {processor.py:842} WARNING - No viable dags retrieved from /home/airflow/.local/lib/python3.12/site-packages/airflow/example_dags/plugins/workday.py
[2026-04-28T17:46:16.258+0000] {processor.py:183} INFO - Processing /home/airflow/.local/lib/python3.12/site-packages/airflow/example_dags/plugins/workday.py took 0.322 seconds
[2026-04-28T17:46:46.685+0000] {processor.py:161} INFO - Started process (PID=2585) to work on /home/airflow/.local/lib/python3.12/site-packages/airflow/example_dags/plugins/workday.py
[2026-04-28T17:46:46.686+0000] {processor.py:830} INFO - Processing file /home/airflow/.local/lib/python3.12/site-packages/airflow/example_dags/plugins/workday.py for tasks to queue
[2026-04-28T17:46:46.688+0000] {logging_mixin.py:188} INFO - [2026-04-28T17:46:46.688+0000] {dagbag.py:540} INFO - Filling up the DagBag from /home/airflow/.local/lib/python3.12/site-packages/airflow/example_dags/plugins/workday.py
[2026-04-28T17:46:47.121+0000] {processor.py:842} WARNING - No viable dags retrieved from /home/airflow/.local/lib/python3.12/site-packages/airflow/example_dags/plugins/workday.py
[2026-04-28T17:46:47.136+0000] {processor.py:183} INFO - Processing /home/airflow/.local/lib/python3.12/site-packages/airflow/example_dags/plugins/workday.py took 0.458 seconds
[2026-04-28T17:47:17.528+0000] {processor.py:161} INFO - Started process (PID=2645) to work on /home/airflow/.local/lib/python3.12/site-packages/airflow/example_dags/plugins/workday.py
[2026-04-28T17:47:17.529+0000] {processor.py:830} INFO - Processing file /home/airflow/.local/lib/python3.12/site-packages/airflow/example_dags/plugins/workday.py for tasks to queue
[2026-04-28T17:47:17.531+0000] {logging_mixin.py:188} INFO - [2026-04-28T17:47:17.530+0000] {dagbag.py:540} INFO - Filling up the DagBag from /home/airflow/.local/lib/python3.12/site-packages/airflow/example_dags/plugins/workday.py
[2026-04-28T17:47:17.869+0000] {processor.py:842} WARNING - No viable dags retrieved from /home/airflow/.local/lib/python3.12/site-packages/airflow/example_dags/plugins/workday.py
[2026-04-28T17:47:17.883+0000] {processor.py:183} INFO - Processing /home/airflow/.local/lib/python3.12/site-packages/airflow/example_dags/plugins/workday.py took 0.362 seconds
[2026-04-28T17:47:48.336+0000] {processor.py:161} INFO - Started process (PID=2705) to work on /home/airflow/.local/lib/python3.12/site-packages/airflow/example_dags/plugins/workday.py
[2026-04-28T17:47:48.338+0000] {processor.py:830} INFO - Processing file /home/airflow/.local/lib/python3.12/site-packages/airflow/example_dags/plugins/workday.py for tasks to queue
[2026-04-28T17:47:48.343+0000] {logging_mixin.py:188} INFO - [2026-04-28T17:47:48.343+0000] {dagbag.py:540} INFO - Filling up the DagBag from /home/airflow/.local/lib/python3.12/site-packages/airflow/example_dags/plugins/workday.py
[2026-04-28T17:47:48.697+0000] {processor.py:842} WARNING - No viable dags retrieved from /home/airflow/.local/lib/python3.12/site-packages/airflow/example_dags/plugins/workday.py
[2026-04-28T17:47:48.707+0000] {processor.py:183} INFO - Processing /home/airflow/.local/lib/python3.12/site-packages/airflow/example_dags/plugins/workday.py took 0.381 seconds
[2026-04-28T17:48:19.102+0000] {processor.py:161} INFO - Started process (PID=2771) to work on /home/airflow/.local/lib/python3.12/site-packages/airflow/example_dags/plugins/workday.py
[2026-04-28T17:48:19.103+0000] {processor.py:830} INFO - Processing file /home/airflow/.local/lib/python3.12/site-packages/airflow/example_dags/plugins/workday.py for tasks to queue
[2026-04-28T17:48:19.104+0000] {logging_mixin.py:188} INFO - [2026-04-28T17:48:19.104+0000] {dagbag.py:540} INFO - Filling up the DagBag from /home/airflow/.local/lib/python3.12/site-packages/airflow/example_dags/plugins/workday.py
[2026-04-28T17:48:19.372+0000] {processor.py:842} WARNING - No viable dags retrieved from /home/airflow/.local/lib/python3.12/site-packages/airflow/example_dags/plugins/workday.py
[2026-04-28T17:48:19.402+0000] {processor.py:183} INFO - Processing /home/airflow/.local/lib/python3.12/site-packages/airflow/example_dags/plugins/workday.py took 0.305 seconds
[2026-04-28T17:48:50.288+0000] {processor.py:161} INFO - Started process (PID=2831) to work on /home/airflow/.local/lib/python3.12/site-packages/airflow/example_dags/plugins/workday.py
[2026-04-28T17:48:50.291+0000] {processor.py:830} INFO - Processing file /home/airflow/.local/lib/python3.12/site-packages/airflow/example_dags/plugins/workday.py for tasks to queue
[2026-04-28T17:48:50.294+0000] {logging_mixin.py:188} INFO - [2026-04-28T17:48:50.293+0000] {dagbag.py:540} INFO - Filling up the DagBag from /home/airflow/.local/lib/python3.12/site-packages/airflow/example_dags/plugins/workday.py
[2026-04-28T17:48:50.726+0000] {processor.py:842} WARNING - No viable dags retrieved from /home/airflow/.local/lib/python3.12/site-packages/airflow/example_dags/plugins/workday.py
[2026-04-28T17:48:50.740+0000] {processor.py:183} INFO - Processing /home/airflow/.local/lib/python3.12/site-packages/airflow/example_dags/plugins/workday.py took 0.469 seconds
[2026-04-28T17:49:20.790+0000] {processor.py:161} INFO - Started process (PID=2891) to work on /home/airflow/.local/lib/python3.12/site-packages/airflow/example_dags/plugins/workday.py
[2026-04-28T17:49:20.791+0000] {processor.py:830} INFO - Processing file /home/airflow/.local/lib/python3.12/site-packages/airflow/example_dags/plugins/workday.py for tasks to queue
[2026-04-28T17:49:20.792+0000] {logging_mixin.py:188} INFO - [2026-04-28T17:49:20.792+0000] {dagbag.py:540} INFO - Filling up the DagBag from /home/airflow/.local/lib/python3.12/site-packages/airflow/example_dags/plugins/workday.py
[2026-04-28T17:49:21.175+0000] {processor.py:842} WARNING - No viable dags retrieved from /home/airflow/.local/lib/python3.12/site-packages/airflow/example_dags/plugins/workday.py
[2026-04-28T17:49:21.199+0000] {processor.py:183} INFO - Processing /home/airflow/.local/lib/python3.12/site-packages/airflow/example_dags/plugins/workday.py took 0.415 seconds
[2026-04-28T17:49:51.998+0000] {processor.py:161} INFO - Started process (PID=2952) to work on /home/airflow/.local/lib/python3.12/site-packages/airflow/example_dags/plugins/workday.py
[2026-04-28T17:49:51.999+0000] {processor.py:830} INFO - Processing file /home/airflow/.local/lib/python3.12/site-packages/airflow/example_dags/plugins/workday.py for tasks to queue
[2026-04-28T17:49:52.001+0000] {logging_mixin.py:188} INFO - [2026-04-28T17:49:52.001+0000] {dagbag.py:540} INFO - Filling up the DagBag from /home/airflow/.local/lib/python3.12/site-packages/airflow/example_dags/plugins/workday.py
[2026-04-28T17:49:52.382+0000] {processor.py:842} WARNING - No viable dags retrieved from /home/airflow/.local/lib/python3.12/site-packages/airflow/example_dags/plugins/workday.py
[2026-04-28T17:49:52.393+0000] {processor.py:183} INFO - Processing /home/airflow/.local/lib/python3.12/site-packages/airflow/example_dags/plugins/workday.py took 0.404 seconds
[2026-04-28T17:50:22.807+0000] {processor.py:161} INFO - Started process (PID=3012) to work on /home/airflow/.local/lib/python3.12/site-packages/airflow/example_dags/plugins/workday.py
[2026-04-28T17:50:22.808+0000] {processor.py:830} INFO - Processing file /home/airflow/.local/lib/python3.12/site-packages/airflow/example_dags/plugins/workday.py for tasks to queue
[2026-04-28T17:50:22.809+0000] {logging_mixin.py:188} INFO - [2026-04-28T17:50:22.809+0000] {dagbag.py:540} INFO - Filling up the DagBag from /home/airflow/.local/lib/python3.12/site-packages/airflow/example_dags/plugins/workday.py
[2026-04-28T17:50:23.082+0000] {processor.py:842} WARNING - No viable dags retrieved from /home/airflow/.local/lib/python3.12/site-packages/airflow/example_dags/plugins/workday.py
[2026-04-28T17:50:23.097+0000] {processor.py:183} INFO - Processing /home/airflow/.local/lib/python3.12/site-packages/airflow/example_dags/plugins/workday.py took 0.296 seconds
[2026-04-28T17:50:53.334+0000] {processor.py:161} INFO - Started process (PID=3072) to work on /home/airflow/.local/lib/python3.12/site-packages/airflow/example_dags/plugins/workday.py
[2026-04-28T17:50:53.335+0000] {processor.py:830} INFO - Processing file /home/airflow/.local/lib/python3.12/site-packages/airflow/example_dags/plugins/workday.py for tasks to queue
[2026-04-28T17:50:53.337+0000] {logging_mixin.py:188} INFO - [2026-04-28T17:50:53.336+0000] {dagbag.py:540} INFO - Filling up the DagBag from /home/airflow/.local/lib/python3.12/site-packages/airflow/example_dags/plugins/workday.py
[2026-04-28T17:50:53.623+0000] {processor.py:842} WARNING - No viable dags retrieved from /home/airflow/.local/lib/python3.12/site-packages/airflow/example_dags/plugins/workday.py
[2026-04-28T17:50:53.633+0000] {processor.py:183} INFO - Processing /home/airflow/.local/lib/python3.12/site-packages/airflow/example_dags/plugins/workday.py took 0.306 seconds
[2026-04-28T17:51:24.000+0000] {processor.py:161} INFO - Started process (PID=3132) to work on /home/airflow/.local/lib/python3.12/site-packages/airflow/example_dags/plugins/workday.py
[2026-04-28T17:51:24.001+0000] {processor.py:830} INFO - Processing file /home/airflow/.local/lib/python3.12/site-packages/airflow/example_dags/plugins/workday.py for tasks to queue
[2026-04-28T17:51:24.003+0000] {logging_mixin.py:188} INFO - [2026-04-28T17:51:24.003+0000] {dagbag.py:540} INFO - Filling up the DagBag from /home/airflow/.local/lib/python3.12/site-packages/airflow/example_dags/plugins/workday.py
[2026-04-28T17:51:24.323+0000] {processor.py:842} WARNING - No viable dags retrieved from /home/airflow/.local/lib/python3.12/site-packages/airflow/example_dags/plugins/workday.py
[2026-04-28T17:51:24.338+0000] {processor.py:183} INFO - Processing /home/airflow/.local/lib/python3.12/site-packages/airflow/example_dags/plugins/workday.py took 0.344 seconds
[2026-04-28T17:51:54.800+0000] {processor.py:161} INFO - Started process (PID=3192) to work on /home/airflow/.local/lib/python3.12/site-packages/airflow/example_dags/plugins/workday.py
[2026-04-28T17:51:54.801+0000] {processor.py:830} INFO - Processing file /home/airflow/.local/lib/python3.12/site-packages/airflow/example_dags/plugins/workday.py for tasks to queue
[2026-04-28T17:51:54.803+0000] {logging_mixin.py:188} INFO - [2026-04-28T17:51:54.802+0000] {dagbag.py:540} INFO - Filling up the DagBag from /home/airflow/.local/lib/python3.12/site-packages/airflow/example_dags/plugins/workday.py
[2026-04-28T17:51:55.126+0000] {processor.py:842} WARNING - No viable dags retrieved from /home/airflow/.local/lib/python3.12/site-packages/airflow/example_dags/plugins/workday.py
[2026-04-28T17:51:55.136+0000] {processor.py:183} INFO - Processing /home/airflow/.local/lib/python3.12/site-packages/airflow/example_dags/plugins/workday.py took 0.344 seconds
[2026-04-28T17:52:25.402+0000] {processor.py:161} INFO - Started process (PID=3252) to work on /home/airflow/.local/lib/python3.12/site-packages/airflow/example_dags/plugins/workday.py
[2026-04-28T17:52:25.404+0000] {processor.py:830} INFO - Processing file /home/airflow/.local/lib/python3.12/site-packages/airflow/example_dags/plugins/workday.py for tasks to queue
[2026-04-28T17:52:25.417+0000] {logging_mixin.py:188} INFO - [2026-04-28T17:52:25.417+0000] {dagbag.py:540} INFO - Filling up the DagBag from /home/airflow/.local/lib/python3.12/site-packages/airflow/example_dags/plugins/workday.py
[2026-04-28T17:52:25.786+0000] {processor.py:842} WARNING - No viable dags retrieved from /home/airflow/.local/lib/python3.12/site-packages/airflow/example_dags/plugins/workday.py
[2026-04-28T17:52:25.797+0000] {processor.py:183} INFO - Processing /home/airflow/.local/lib/python3.12/site-packages/airflow/example_dags/plugins/workday.py took 0.403 seconds
[2026-04-28T17:52:55.964+0000] {processor.py:161} INFO - Started process (PID=3314) to work on /home/airflow/.local/lib/python3.12/site-packages/airflow/example_dags/plugins/workday.py
[2026-04-28T17:52:55.964+0000] {processor.py:830} INFO - Processing file /home/airflow/.local/lib/python3.12/site-packages/airflow/example_dags/plugins/workday.py for tasks to queue
[2026-04-28T17:52:55.966+0000] {logging_mixin.py:188} INFO - [2026-04-28T17:52:55.965+0000] {dagbag.py:540} INFO - Filling up the DagBag from /home/airflow/.local/lib/python3.12/site-packages/airflow/example_dags/plugins/workday.py
[2026-04-28T17:52:56.260+0000] {processor.py:842} WARNING - No viable dags retrieved from /home/airflow/.local/lib/python3.12/site-packages/airflow/example_dags/plugins/workday.py
[2026-04-28T17:52:56.285+0000] {processor.py:183} INFO - Processing /home/airflow/.local/lib/python3.12/site-packages/airflow/example_dags/plugins/workday.py took 0.326 seconds
[2026-04-28T17:53:27.050+0000] {processor.py:161} INFO - Started process (PID=3374) to work on /home/airflow/.local/lib/python3.12/site-packages/airflow/example_dags/plugins/workday.py
[2026-04-28T17:53:27.051+0000] {processor.py:830} INFO - Processing file /home/airflow/.local/lib/python3.12/site-packages/airflow/example_dags/plugins/workday.py for tasks to queue
[2026-04-28T17:53:27.053+0000] {logging_mixin.py:188} INFO - [2026-04-28T17:53:27.052+0000] {dagbag.py:540} INFO - Filling up the DagBag from /home/airflow/.local/lib/python3.12/site-packages/airflow/example_dags/plugins/workday.py
[2026-04-28T17:53:27.479+0000] {processor.py:842} WARNING - No viable dags retrieved from /home/airflow/.local/lib/python3.12/site-packages/airflow/example_dags/plugins/workday.py
[2026-04-28T17:53:27.492+0000] {processor.py:183} INFO - Processing /home/airflow/.local/lib/python3.12/site-packages/airflow/example_dags/plugins/workday.py took 0.456 seconds
[2026-04-28T17:53:58.667+0000] {processor.py:161} INFO - Started process (PID=3440) to work on /home/airflow/.local/lib/python3.12/site-packages/airflow/example_dags/plugins/workday.py
[2026-04-28T17:53:58.668+0000] {processor.py:830} INFO - Processing file /home/airflow/.local/lib/python3.12/site-packages/airflow/example_dags/plugins/workday.py for tasks to queue
[2026-04-28T17:53:58.670+0000] {logging_mixin.py:188} INFO - [2026-04-28T17:53:58.669+0000] {dagbag.py:540} INFO - Filling up the DagBag from /home/airflow/.local/lib/python3.12/site-packages/airflow/example_dags/plugins/workday.py
[2026-04-28T17:53:58.969+0000] {processor.py:842} WARNING - No viable dags retrieved from /home/airflow/.local/lib/python3.12/site-packages/airflow/example_dags/plugins/workday.py
[2026-04-28T17:53:58.988+0000] {processor.py:183} INFO - Processing /home/airflow/.local/lib/python3.12/site-packages/airflow/example_dags/plugins/workday.py took 0.328 seconds
[2026-04-28T17:54:30.207+0000] {processor.py:161} INFO - Started process (PID=3502) to work on /home/airflow/.local/lib/python3.12/site-packages/airflow/example_dags/plugins/workday.py
[2026-04-28T17:54:30.210+0000] {processor.py:830} INFO - Processing file /home/airflow/.local/lib/python3.12/site-packages/airflow/example_dags/plugins/workday.py for tasks to queue
[2026-04-28T17:54:30.216+0000] {logging_mixin.py:188} INFO - [2026-04-28T17:54:30.216+0000] {dagbag.py:540} INFO - Filling up the DagBag from /home/airflow/.local/lib/python3.12/site-packages/airflow/example_dags/plugins/workday.py
[2026-04-28T17:54:30.683+0000] {processor.py:842} WARNING - No viable dags retrieved from /home/airflow/.local/lib/python3.12/site-packages/airflow/example_dags/plugins/workday.py
[2026-04-28T17:54:30.696+0000] {processor.py:183} INFO - Processing /home/airflow/.local/lib/python3.12/site-packages/airflow/example_dags/plugins/workday.py took 0.527 seconds
[2026-04-28T17:55:01.508+0000] {processor.py:161} INFO - Started process (PID=3564) to work on /home/airflow/.local/lib/python3.12/site-packages/airflow/example_dags/plugins/workday.py
[2026-04-28T17:55:01.508+0000] {processor.py:830} INFO - Processing file /home/airflow/.local/lib/python3.12/site-packages/airflow/example_dags/plugins/workday.py for tasks to queue
[2026-04-28T17:55:01.510+0000] {logging_mixin.py:188} INFO - [2026-04-28T17:55:01.510+0000] {dagbag.py:540} INFO - Filling up the DagBag from /home/airflow/.local/lib/python3.12/site-packages/airflow/example_dags/plugins/workday.py
[2026-04-28T17:55:01.826+0000] {processor.py:842} WARNING - No viable dags retrieved from /home/airflow/.local/lib/python3.12/site-packages/airflow/example_dags/plugins/workday.py
[2026-04-28T17:55:01.839+0000] {processor.py:183} INFO - Processing /home/airflow/.local/lib/python3.12/site-packages/airflow/example_dags/plugins/workday.py took 0.336 seconds
[2026-04-28T17:55:32.438+0000] {processor.py:161} INFO - Started process (PID=3625) to work on /home/airflow/.local/lib/python3.12/site-packages/airflow/example_dags/plugins/workday.py
[2026-04-28T17:55:32.439+0000] {processor.py:830} INFO - Processing file /home/airflow/.local/lib/python3.12/site-packages/airflow/example_dags/plugins/workday.py for tasks to queue
[2026-04-28T17:55:32.440+0000] {logging_mixin.py:188} INFO - [2026-04-28T17:55:32.440+0000] {dagbag.py:540} INFO - Filling up the DagBag from /home/airflow/.local/lib/python3.12/site-packages/airflow/example_dags/plugins/workday.py
[2026-04-28T17:55:32.742+0000] {processor.py:842} WARNING - No viable dags retrieved from /home/airflow/.local/lib/python3.12/site-packages/airflow/example_dags/plugins/workday.py
[2026-04-28T17:55:32.752+0000] {processor.py:183} INFO - Processing /home/airflow/.local/lib/python3.12/site-packages/airflow/example_dags/plugins/workday.py took 0.319 seconds
[2026-04-28T17:56:03.335+0000] {processor.py:161} INFO - Started process (PID=3685) to work on /home/airflow/.local/lib/python3.12/site-packages/airflow/example_dags/plugins/workday.py
[2026-04-28T17:56:03.338+0000] {processor.py:830} INFO - Processing file /home/airflow/.local/lib/python3.12/site-packages/airflow/example_dags/plugins/workday.py for tasks to queue
[2026-04-28T17:56:03.343+0000] {logging_mixin.py:188} INFO - [2026-04-28T17:56:03.343+0000] {dagbag.py:540} INFO - Filling up the DagBag from /home/airflow/.local/lib/python3.12/site-packages/airflow/example_dags/plugins/workday.py
[2026-04-28T17:56:03.819+0000] {processor.py:842} WARNING - No viable dags retrieved from /home/airflow/.local/lib/python3.12/site-packages/airflow/example_dags/plugins/workday.py
[2026-04-28T17:56:03.833+0000] {processor.py:183} INFO - Processing /home/airflow/.local/lib/python3.12/site-packages/airflow/example_dags/plugins/workday.py took 0.511 seconds
[2026-04-28T17:56:35.030+0000] {processor.py:161} INFO - Started process (PID=3747) to work on /home/airflow/.local/lib/python3.12/site-packages/airflow/example_dags/plugins/workday.py
[2026-04-28T17:56:35.036+0000] {processor.py:830} INFO - Processing file /home/airflow/.local/lib/python3.12/site-packages/airflow/example_dags/plugins/workday.py for tasks to queue
[2026-04-28T17:56:35.042+0000] {logging_mixin.py:188} INFO - [2026-04-28T17:56:35.042+0000] {dagbag.py:540} INFO - Filling up the DagBag from /home/airflow/.local/lib/python3.12/site-packages/airflow/example_dags/plugins/workday.py
[2026-04-28T17:56:35.668+0000] {processor.py:842} WARNING - No viable dags retrieved from /home/airflow/.local/lib/python3.12/site-packages/airflow/example_dags/plugins/workday.py
[2026-04-28T17:56:35.697+0000] {processor.py:183} INFO - Processing /home/airflow/.local/lib/python3.12/site-packages/airflow/example_dags/plugins/workday.py took 0.684 seconds
[2026-04-28T17:57:06.526+0000] {processor.py:161} INFO - Started process (PID=3809) to work on /home/airflow/.local/lib/python3.12/site-packages/airflow/example_dags/plugins/workday.py
[2026-04-28T17:57:06.526+0000] {processor.py:830} INFO - Processing file /home/airflow/.local/lib/python3.12/site-packages/airflow/example_dags/plugins/workday.py for tasks to queue
[2026-04-28T17:57:06.528+0000] {logging_mixin.py:188} INFO - [2026-04-28T17:57:06.528+0000] {dagbag.py:540} INFO - Filling up the DagBag from /home/airflow/.local/lib/python3.12/site-packages/airflow/example_dags/plugins/workday.py
[2026-04-28T17:57:06.888+0000] {processor.py:842} WARNING - No viable dags retrieved from /home/airflow/.local/lib/python3.12/site-packages/airflow/example_dags/plugins/workday.py
[2026-04-28T17:57:06.899+0000] {processor.py:183} INFO - Processing /home/airflow/.local/lib/python3.12/site-packages/airflow/example_dags/plugins/workday.py took 0.396 seconds
[2026-04-28T17:57:37.781+0000] {processor.py:161} INFO - Started process (PID=3870) to work on /home/airflow/.local/lib/python3.12/site-packages/airflow/example_dags/plugins/workday.py
[2026-04-28T17:57:37.782+0000] {processor.py:830} INFO - Processing file /home/airflow/.local/lib/python3.12/site-packages/airflow/example_dags/plugins/workday.py for tasks to queue
[2026-04-28T17:57:37.784+0000] {logging_mixin.py:188} INFO - [2026-04-28T17:57:37.783+0000] {dagbag.py:540} INFO - Filling up the DagBag from /home/airflow/.local/lib/python3.12/site-packages/airflow/example_dags/plugins/workday.py
[2026-04-28T17:57:38.173+0000] {processor.py:842} WARNING - No viable dags retrieved from /home/airflow/.local/lib/python3.12/site-packages/airflow/example_dags/plugins/workday.py
[2026-04-28T17:57:38.199+0000] {processor.py:183} INFO - Processing /home/airflow/.local/lib/python3.12/site-packages/airflow/example_dags/plugins/workday.py took 0.431 seconds
[2026-04-28T17:58:08.275+0000] {processor.py:161} INFO - Started process (PID=3930) to work on /home/airflow/.local/lib/python3.12/site-packages/airflow/example_dags/plugins/workday.py
[2026-04-28T17:58:08.275+0000] {processor.py:830} INFO - Processing file /home/airflow/.local/lib/python3.12/site-packages/airflow/example_dags/plugins/workday.py for tasks to queue
[2026-04-28T17:58:08.277+0000] {logging_mixin.py:188} INFO - [2026-04-28T17:58:08.277+0000] {dagbag.py:540} INFO - Filling up the DagBag from /home/airflow/.local/lib/python3.12/site-packages/airflow/example_dags/plugins/workday.py
[2026-04-28T17:58:08.604+0000] {processor.py:842} WARNING - No viable dags retrieved from /home/airflow/.local/lib/python3.12/site-packages/airflow/example_dags/plugins/workday.py
[2026-04-28T17:58:08.616+0000] {processor.py:183} INFO - Processing /home/airflow/.local/lib/python3.12/site-packages/airflow/example_dags/plugins/workday.py took 0.350 seconds
[2026-04-28T17:58:38.654+0000] {processor.py:161} INFO - Started process (PID=3990) to work on /home/airflow/.local/lib/python3.12/site-packages/airflow/example_dags/plugins/workday.py
[2026-04-28T17:58:38.655+0000] {processor.py:830} INFO - Processing file /home/airflow/.local/lib/python3.12/site-packages/airflow/example_dags/plugins/workday.py for tasks to queue
[2026-04-28T17:58:38.657+0000] {logging_mixin.py:188} INFO - [2026-04-28T17:58:38.656+0000] {dagbag.py:540} INFO - Filling up the DagBag from /home/airflow/.local/lib/python3.12/site-packages/airflow/example_dags/plugins/workday.py
[2026-04-28T17:58:38.984+0000] {processor.py:842} WARNING - No viable dags retrieved from /home/airflow/.local/lib/python3.12/site-packages/airflow/example_dags/plugins/workday.py
[2026-04-28T17:58:38.994+0000] {processor.py:183} INFO - Processing /home/airflow/.local/lib/python3.12/site-packages/airflow/example_dags/plugins/workday.py took 0.349 seconds
[2026-04-28T18:01:16.737+0000] {processor.py:161} INFO - Started process (PID=123) to work on /home/airflow/.local/lib/python3.12/site-packages/airflow/example_dags/plugins/workday.py
[2026-04-28T18:01:16.742+0000] {processor.py:830} INFO - Processing file /home/airflow/.local/lib/python3.12/site-packages/airflow/example_dags/plugins/workday.py for tasks to queue
[2026-04-28T18:01:16.753+0000] {logging_mixin.py:188} INFO - [2026-04-28T18:01:16.752+0000] {dagbag.py:540} INFO - Filling up the DagBag from /home/airflow/.local/lib/python3.12/site-packages/airflow/example_dags/plugins/workday.py
[2026-04-28T18:01:22.305+0000] {processor.py:842} WARNING - No viable dags retrieved from /home/airflow/.local/lib/python3.12/site-packages/airflow/example_dags/plugins/workday.py
[2026-04-28T18:01:22.338+0000] {processor.py:183} INFO - Processing /home/airflow/.local/lib/python3.12/site-packages/airflow/example_dags/plugins/workday.py took 5.614 seconds
[2026-04-28T18:01:53.022+0000] {processor.py:161} INFO - Started process (PID=190) to work on /home/airflow/.local/lib/python3.12/site-packages/airflow/example_dags/plugins/workday.py
[2026-04-28T18:01:53.023+0000] {processor.py:830} INFO - Processing file /home/airflow/.local/lib/python3.12/site-packages/airflow/example_dags/plugins/workday.py for tasks to queue
[2026-04-28T18:01:53.025+0000] {logging_mixin.py:188} INFO - [2026-04-28T18:01:53.025+0000] {dagbag.py:540} INFO - Filling up the DagBag from /home/airflow/.local/lib/python3.12/site-packages/airflow/example_dags/plugins/workday.py
[2026-04-28T18:01:53.896+0000] {processor.py:842} WARNING - No viable dags retrieved from /home/airflow/.local/lib/python3.12/site-packages/airflow/example_dags/plugins/workday.py
[2026-04-28T18:01:53.919+0000] {processor.py:183} INFO - Processing /home/airflow/.local/lib/python3.12/site-packages/airflow/example_dags/plugins/workday.py took 0.919 seconds
[2026-04-28T18:02:24.275+0000] {processor.py:161} INFO - Started process (PID=250) to work on /home/airflow/.local/lib/python3.12/site-packages/airflow/example_dags/plugins/workday.py
[2026-04-28T18:02:24.276+0000] {processor.py:830} INFO - Processing file /home/airflow/.local/lib/python3.12/site-packages/airflow/example_dags/plugins/workday.py for tasks to queue
[2026-04-28T18:02:24.277+0000] {logging_mixin.py:188} INFO - [2026-04-28T18:02:24.277+0000] {dagbag.py:540} INFO - Filling up the DagBag from /home/airflow/.local/lib/python3.12/site-packages/airflow/example_dags/plugins/workday.py
[2026-04-28T18:02:24.768+0000] {processor.py:842} WARNING - No viable dags retrieved from /home/airflow/.local/lib/python3.12/site-packages/airflow/example_dags/plugins/workday.py
[2026-04-28T18:02:24.778+0000] {processor.py:183} INFO - Processing /home/airflow/.local/lib/python3.12/site-packages/airflow/example_dags/plugins/workday.py took 0.507 seconds
[2026-04-28T18:02:55.293+0000] {processor.py:161} INFO - Started process (PID=311) to work on /home/airflow/.local/lib/python3.12/site-packages/airflow/example_dags/plugins/workday.py
[2026-04-28T18:02:55.294+0000] {processor.py:830} INFO - Processing file /home/airflow/.local/lib/python3.12/site-packages/airflow/example_dags/plugins/workday.py for tasks to queue
[2026-04-28T18:02:55.296+0000] {logging_mixin.py:188} INFO - [2026-04-28T18:02:55.296+0000] {dagbag.py:540} INFO - Filling up the DagBag from /home/airflow/.local/lib/python3.12/site-packages/airflow/example_dags/plugins/workday.py
[2026-04-28T18:02:55.779+0000] {processor.py:842} WARNING - No viable dags retrieved from /home/airflow/.local/lib/python3.12/site-packages/airflow/example_dags/plugins/workday.py
[2026-04-28T18:02:55.788+0000] {processor.py:183} INFO - Processing /home/airflow/.local/lib/python3.12/site-packages/airflow/example_dags/plugins/workday.py took 0.502 seconds
[2026-04-28T18:03:25.822+0000] {processor.py:161} INFO - Started process (PID=371) to work on /home/airflow/.local/lib/python3.12/site-packages/airflow/example_dags/plugins/workday.py
[2026-04-28T18:03:25.822+0000] {processor.py:830} INFO - Processing file /home/airflow/.local/lib/python3.12/site-packages/airflow/example_dags/plugins/workday.py for tasks to queue
[2026-04-28T18:03:25.824+0000] {logging_mixin.py:188} INFO - [2026-04-28T18:03:25.824+0000] {dagbag.py:540} INFO - Filling up the DagBag from /home/airflow/.local/lib/python3.12/site-packages/airflow/example_dags/plugins/workday.py
[2026-04-28T18:03:26.257+0000] {processor.py:842} WARNING - No viable dags retrieved from /home/airflow/.local/lib/python3.12/site-packages/airflow/example_dags/plugins/workday.py
[2026-04-28T18:03:26.266+0000] {processor.py:183} INFO - Processing /home/airflow/.local/lib/python3.12/site-packages/airflow/example_dags/plugins/workday.py took 0.450 seconds
[2026-04-28T18:03:56.634+0000] {processor.py:161} INFO - Started process (PID=431) to work on /home/airflow/.local/lib/python3.12/site-packages/airflow/example_dags/plugins/workday.py
[2026-04-28T18:03:56.637+0000] {processor.py:830} INFO - Processing file /home/airflow/.local/lib/python3.12/site-packages/airflow/example_dags/plugins/workday.py for tasks to queue
[2026-04-28T18:03:56.641+0000] {logging_mixin.py:188} INFO - [2026-04-28T18:03:56.641+0000] {dagbag.py:540} INFO - Filling up the DagBag from /home/airflow/.local/lib/python3.12/site-packages/airflow/example_dags/plugins/workday.py
[2026-04-28T18:03:58.802+0000] {processor.py:842} WARNING - No viable dags retrieved from /home/airflow/.local/lib/python3.12/site-packages/airflow/example_dags/plugins/workday.py
[2026-04-28T18:03:58.900+0000] {processor.py:183} INFO - Processing /home/airflow/.local/lib/python3.12/site-packages/airflow/example_dags/plugins/workday.py took 2.285 seconds
[2026-04-28T18:04:30.488+0000] {processor.py:161} INFO - Started process (PID=494) to work on /home/airflow/.local/lib/python3.12/site-packages/airflow/example_dags/plugins/workday.py
[2026-04-28T18:04:30.490+0000] {processor.py:830} INFO - Processing file /home/airflow/.local/lib/python3.12/site-packages/airflow/example_dags/plugins/workday.py for tasks to queue
[2026-04-28T18:04:30.494+0000] {logging_mixin.py:188} INFO - [2026-04-28T18:04:30.494+0000] {dagbag.py:540} INFO - Filling up the DagBag from /home/airflow/.local/lib/python3.12/site-packages/airflow/example_dags/plugins/workday.py
[2026-04-28T18:04:32.246+0000] {processor.py:842} WARNING - No viable dags retrieved from /home/airflow/.local/lib/python3.12/site-packages/airflow/example_dags/plugins/workday.py
[2026-04-28T18:04:32.297+0000] {processor.py:183} INFO - Processing /home/airflow/.local/lib/python3.12/site-packages/airflow/example_dags/plugins/workday.py took 1.831 seconds
[2026-04-28T18:05:03.109+0000] {processor.py:161} INFO - Started process (PID=558) to work on /home/airflow/.local/lib/python3.12/site-packages/airflow/example_dags/plugins/workday.py
[2026-04-28T18:05:03.113+0000] {processor.py:830} INFO - Processing file /home/airflow/.local/lib/python3.12/site-packages/airflow/example_dags/plugins/workday.py for tasks to queue
[2026-04-28T18:05:03.117+0000] {logging_mixin.py:188} INFO - [2026-04-28T18:05:03.117+0000] {dagbag.py:540} INFO - Filling up the DagBag from /home/airflow/.local/lib/python3.12/site-packages/airflow/example_dags/plugins/workday.py
[2026-04-28T18:05:03.732+0000] {processor.py:842} WARNING - No viable dags retrieved from /home/airflow/.local/lib/python3.12/site-packages/airflow/example_dags/plugins/workday.py
[2026-04-28T18:05:03.741+0000] {processor.py:183} INFO - Processing /home/airflow/.local/lib/python3.12/site-packages/airflow/example_dags/plugins/workday.py took 0.648 seconds
[2026-04-28T18:05:33.832+0000] {processor.py:161} INFO - Started process (PID=619) to work on /home/airflow/.local/lib/python3.12/site-packages/airflow/example_dags/plugins/workday.py
[2026-04-28T18:05:33.833+0000] {processor.py:830} INFO - Processing file /home/airflow/.local/lib/python3.12/site-packages/airflow/example_dags/plugins/workday.py for tasks to queue
[2026-04-28T18:05:33.835+0000] {logging_mixin.py:188} INFO - [2026-04-28T18:05:33.835+0000] {dagbag.py:540} INFO - Filling up the DagBag from /home/airflow/.local/lib/python3.12/site-packages/airflow/example_dags/plugins/workday.py
[2026-04-28T18:05:34.250+0000] {processor.py:842} WARNING - No viable dags retrieved from /home/airflow/.local/lib/python3.12/site-packages/airflow/example_dags/plugins/workday.py
[2026-04-28T18:05:34.260+0000] {processor.py:183} INFO - Processing /home/airflow/.local/lib/python3.12/site-packages/airflow/example_dags/plugins/workday.py took 0.433 seconds
[2026-04-28T18:06:04.392+0000] {processor.py:161} INFO - Started process (PID=680) to work on /home/airflow/.local/lib/python3.12/site-packages/airflow/example_dags/plugins/workday.py
[2026-04-28T18:06:04.392+0000] {processor.py:830} INFO - Processing file /home/airflow/.local/lib/python3.12/site-packages/airflow/example_dags/plugins/workday.py for tasks to queue
[2026-04-28T18:06:04.394+0000] {logging_mixin.py:188} INFO - [2026-04-28T18:06:04.394+0000] {dagbag.py:540} INFO - Filling up the DagBag from /home/airflow/.local/lib/python3.12/site-packages/airflow/example_dags/plugins/workday.py
[2026-04-28T18:06:04.793+0000] {processor.py:842} WARNING - No viable dags retrieved from /home/airflow/.local/lib/python3.12/site-packages/airflow/example_dags/plugins/workday.py
[2026-04-28T18:06:04.803+0000] {processor.py:183} INFO - Processing /home/airflow/.local/lib/python3.12/site-packages/airflow/example_dags/plugins/workday.py took 0.416 seconds
[2026-04-28T18:06:34.919+0000] {processor.py:161} INFO - Started process (PID=740) to work on /home/airflow/.local/lib/python3.12/site-packages/airflow/example_dags/plugins/workday.py
[2026-04-28T18:06:34.920+0000] {processor.py:830} INFO - Processing file /home/airflow/.local/lib/python3.12/site-packages/airflow/example_dags/plugins/workday.py for tasks to queue
[2026-04-28T18:06:34.921+0000] {logging_mixin.py:188} INFO - [2026-04-28T18:06:34.921+0000] {dagbag.py:540} INFO - Filling up the DagBag from /home/airflow/.local/lib/python3.12/site-packages/airflow/example_dags/plugins/workday.py
[2026-04-28T18:06:35.312+0000] {processor.py:842} WARNING - No viable dags retrieved from /home/airflow/.local/lib/python3.12/site-packages/airflow/example_dags/plugins/workday.py
[2026-04-28T18:06:35.321+0000] {processor.py:183} INFO - Processing /home/airflow/.local/lib/python3.12/site-packages/airflow/example_dags/plugins/workday.py took 0.407 seconds
[2026-04-28T18:07:06.429+0000] {processor.py:161} INFO - Started process (PID=802) to work on /home/airflow/.local/lib/python3.12/site-packages/airflow/example_dags/plugins/workday.py
[2026-04-28T18:07:06.430+0000] {processor.py:830} INFO - Processing file /home/airflow/.local/lib/python3.12/site-packages/airflow/example_dags/plugins/workday.py for tasks to queue
[2026-04-28T18:07:06.431+0000] {logging_mixin.py:188} INFO - [2026-04-28T18:07:06.431+0000] {dagbag.py:540} INFO - Filling up the DagBag from /home/airflow/.local/lib/python3.12/site-packages/airflow/example_dags/plugins/workday.py
[2026-04-28T18:07:06.873+0000] {processor.py:842} WARNING - No viable dags retrieved from /home/airflow/.local/lib/python3.12/site-packages/airflow/example_dags/plugins/workday.py
[2026-04-28T18:07:06.882+0000] {processor.py:183} INFO - Processing /home/airflow/.local/lib/python3.12/site-packages/airflow/example_dags/plugins/workday.py took 0.459 seconds
[2026-04-28T18:07:37.189+0000] {processor.py:161} INFO - Started process (PID=862) to work on /home/airflow/.local/lib/python3.12/site-packages/airflow/example_dags/plugins/workday.py
[2026-04-28T18:07:37.190+0000] {processor.py:830} INFO - Processing file /home/airflow/.local/lib/python3.12/site-packages/airflow/example_dags/plugins/workday.py for tasks to queue
[2026-04-28T18:07:37.191+0000] {logging_mixin.py:188} INFO - [2026-04-28T18:07:37.191+0000] {dagbag.py:540} INFO - Filling up the DagBag from /home/airflow/.local/lib/python3.12/site-packages/airflow/example_dags/plugins/workday.py
[2026-04-28T18:07:37.593+0000] {processor.py:842} WARNING - No viable dags retrieved from /home/airflow/.local/lib/python3.12/site-packages/airflow/example_dags/plugins/workday.py
[2026-04-28T18:07:37.603+0000] {processor.py:183} INFO - Processing /home/airflow/.local/lib/python3.12/site-packages/airflow/example_dags/plugins/workday.py took 0.419 seconds
[2026-04-28T18:08:08.388+0000] {processor.py:161} INFO - Started process (PID=922) to work on /home/airflow/.local/lib/python3.12/site-packages/airflow/example_dags/plugins/workday.py
[2026-04-28T18:08:08.389+0000] {processor.py:830} INFO - Processing file /home/airflow/.local/lib/python3.12/site-packages/airflow/example_dags/plugins/workday.py for tasks to queue
[2026-04-28T18:08:08.390+0000] {logging_mixin.py:188} INFO - [2026-04-28T18:08:08.390+0000] {dagbag.py:540} INFO - Filling up the DagBag from /home/airflow/.local/lib/python3.12/site-packages/airflow/example_dags/plugins/workday.py
[2026-04-28T18:08:08.802+0000] {processor.py:842} WARNING - No viable dags retrieved from /home/airflow/.local/lib/python3.12/site-packages/airflow/example_dags/plugins/workday.py
[2026-04-28T18:08:08.811+0000] {processor.py:183} INFO - Processing /home/airflow/.local/lib/python3.12/site-packages/airflow/example_dags/plugins/workday.py took 0.429 seconds
[2026-04-28T18:08:38.965+0000] {processor.py:161} INFO - Started process (PID=982) to work on /home/airflow/.local/lib/python3.12/site-packages/airflow/example_dags/plugins/workday.py
[2026-04-28T18:08:38.966+0000] {processor.py:830} INFO - Processing file /home/airflow/.local/lib/python3.12/site-packages/airflow/example_dags/plugins/workday.py for tasks to queue
[2026-04-28T18:08:38.967+0000] {logging_mixin.py:188} INFO - [2026-04-28T18:08:38.967+0000] {dagbag.py:540} INFO - Filling up the DagBag from /home/airflow/.local/lib/python3.12/site-packages/airflow/example_dags/plugins/workday.py
[2026-04-28T18:08:39.382+0000] {processor.py:842} WARNING - No viable dags retrieved from /home/airflow/.local/lib/python3.12/site-packages/airflow/example_dags/plugins/workday.py
[2026-04-28T18:08:39.391+0000] {processor.py:183} INFO - Processing /home/airflow/.local/lib/python3.12/site-packages/airflow/example_dags/plugins/workday.py took 0.431 seconds
[2026-04-28T18:09:10.152+0000] {processor.py:161} INFO - Started process (PID=1042) to work on /home/airflow/.local/lib/python3.12/site-packages/airflow/example_dags/plugins/workday.py
[2026-04-28T18:09:10.152+0000] {processor.py:830} INFO - Processing file /home/airflow/.local/lib/python3.12/site-packages/airflow/example_dags/plugins/workday.py for tasks to queue
[2026-04-28T18:09:10.154+0000] {logging_mixin.py:188} INFO - [2026-04-28T18:09:10.154+0000] {dagbag.py:540} INFO - Filling up the DagBag from /home/airflow/.local/lib/python3.12/site-packages/airflow/example_dags/plugins/workday.py
[2026-04-28T18:09:10.639+0000] {processor.py:842} WARNING - No viable dags retrieved from /home/airflow/.local/lib/python3.12/site-packages/airflow/example_dags/plugins/workday.py
[2026-04-28T18:09:10.650+0000] {processor.py:183} INFO - Processing /home/airflow/.local/lib/python3.12/site-packages/airflow/example_dags/plugins/workday.py took 0.503 seconds
[2026-04-28T18:09:41.258+0000] {processor.py:161} INFO - Started process (PID=1104) to work on /home/airflow/.local/lib/python3.12/site-packages/airflow/example_dags/plugins/workday.py
[2026-04-28T18:09:41.259+0000] {processor.py:830} INFO - Processing file /home/airflow/.local/lib/python3.12/site-packages/airflow/example_dags/plugins/workday.py for tasks to queue
[2026-04-28T18:09:41.260+0000] {logging_mixin.py:188} INFO - [2026-04-28T18:09:41.260+0000] {dagbag.py:540} INFO - Filling up the DagBag from /home/airflow/.local/lib/python3.12/site-packages/airflow/example_dags/plugins/workday.py
[2026-04-28T18:09:41.725+0000] {processor.py:842} WARNING - No viable dags retrieved from /home/airflow/.local/lib/python3.12/site-packages/airflow/example_dags/plugins/workday.py
[2026-04-28T18:09:41.737+0000] {processor.py:183} INFO - Processing /home/airflow/.local/lib/python3.12/site-packages/airflow/example_dags/plugins/workday.py took 0.492 seconds
[2026-04-28T18:10:12.163+0000] {processor.py:161} INFO - Started process (PID=1164) to work on /home/airflow/.local/lib/python3.12/site-packages/airflow/example_dags/plugins/workday.py
[2026-04-28T18:10:12.164+0000] {processor.py:830} INFO - Processing file /home/airflow/.local/lib/python3.12/site-packages/airflow/example_dags/plugins/workday.py for tasks to queue
[2026-04-28T18:10:12.165+0000] {logging_mixin.py:188} INFO - [2026-04-28T18:10:12.165+0000] {dagbag.py:540} INFO - Filling up the DagBag from /home/airflow/.local/lib/python3.12/site-packages/airflow/example_dags/plugins/workday.py
[2026-04-28T18:10:12.552+0000] {processor.py:842} WARNING - No viable dags retrieved from /home/airflow/.local/lib/python3.12/site-packages/airflow/example_dags/plugins/workday.py
[2026-04-28T18:10:12.561+0000] {processor.py:183} INFO - Processing /home/airflow/.local/lib/python3.12/site-packages/airflow/example_dags/plugins/workday.py took 0.403 seconds
[2026-04-28T18:10:43.524+0000] {processor.py:161} INFO - Started process (PID=1224) to work on /home/airflow/.local/lib/python3.12/site-packages/airflow/example_dags/plugins/workday.py
[2026-04-28T18:10:43.530+0000] {processor.py:830} INFO - Processing file /home/airflow/.local/lib/python3.12/site-packages/airflow/example_dags/plugins/workday.py for tasks to queue
[2026-04-28T18:10:43.536+0000] {logging_mixin.py:188} INFO - [2026-04-28T18:10:43.531+0000] {dagbag.py:540} INFO - Filling up the DagBag from /home/airflow/.local/lib/python3.12/site-packages/airflow/example_dags/plugins/workday.py
[2026-04-28T18:10:44.201+0000] {processor.py:842} WARNING - No viable dags retrieved from /home/airflow/.local/lib/python3.12/site-packages/airflow/example_dags/plugins/workday.py
[2026-04-28T18:10:44.213+0000] {processor.py:183} INFO - Processing /home/airflow/.local/lib/python3.12/site-packages/airflow/example_dags/plugins/workday.py took 0.712 seconds
[2026-04-28T18:11:14.887+0000] {processor.py:161} INFO - Started process (PID=1284) to work on /home/airflow/.local/lib/python3.12/site-packages/airflow/example_dags/plugins/workday.py
[2026-04-28T18:11:14.888+0000] {processor.py:830} INFO - Processing file /home/airflow/.local/lib/python3.12/site-packages/airflow/example_dags/plugins/workday.py for tasks to queue
[2026-04-28T18:11:14.890+0000] {logging_mixin.py:188} INFO - [2026-04-28T18:11:14.890+0000] {dagbag.py:540} INFO - Filling up the DagBag from /home/airflow/.local/lib/python3.12/site-packages/airflow/example_dags/plugins/workday.py
[2026-04-28T18:11:15.516+0000] {processor.py:842} WARNING - No viable dags retrieved from /home/airflow/.local/lib/python3.12/site-packages/airflow/example_dags/plugins/workday.py
[2026-04-28T18:11:15.560+0000] {processor.py:183} INFO - Processing /home/airflow/.local/lib/python3.12/site-packages/airflow/example_dags/plugins/workday.py took 0.680 seconds
[2026-04-28T18:11:46.337+0000] {processor.py:161} INFO - Started process (PID=1344) to work on /home/airflow/.local/lib/python3.12/site-packages/airflow/example_dags/plugins/workday.py
[2026-04-28T18:11:46.337+0000] {processor.py:830} INFO - Processing file /home/airflow/.local/lib/python3.12/site-packages/airflow/example_dags/plugins/workday.py for tasks to queue
[2026-04-28T18:11:46.339+0000] {logging_mixin.py:188} INFO - [2026-04-28T18:11:46.339+0000] {dagbag.py:540} INFO - Filling up the DagBag from /home/airflow/.local/lib/python3.12/site-packages/airflow/example_dags/plugins/workday.py
[2026-04-28T18:11:46.623+0000] {processor.py:842} WARNING - No viable dags retrieved from /home/airflow/.local/lib/python3.12/site-packages/airflow/example_dags/plugins/workday.py
[2026-04-28T18:11:46.633+0000] {processor.py:183} INFO - Processing /home/airflow/.local/lib/python3.12/site-packages/airflow/example_dags/plugins/workday.py took 0.301 seconds
[2026-04-28T18:12:17.014+0000] {processor.py:161} INFO - Started process (PID=1404) to work on /home/airflow/.local/lib/python3.12/site-packages/airflow/example_dags/plugins/workday.py
[2026-04-28T18:12:17.015+0000] {processor.py:830} INFO - Processing file /home/airflow/.local/lib/python3.12/site-packages/airflow/example_dags/plugins/workday.py for tasks to queue
[2026-04-28T18:12:17.017+0000] {logging_mixin.py:188} INFO - [2026-04-28T18:12:17.017+0000] {dagbag.py:540} INFO - Filling up the DagBag from /home/airflow/.local/lib/python3.12/site-packages/airflow/example_dags/plugins/workday.py
[2026-04-28T18:12:17.441+0000] {processor.py:842} WARNING - No viable dags retrieved from /home/airflow/.local/lib/python3.12/site-packages/airflow/example_dags/plugins/workday.py
[2026-04-28T18:12:17.454+0000] {processor.py:183} INFO - Processing /home/airflow/.local/lib/python3.12/site-packages/airflow/example_dags/plugins/workday.py took 0.447 seconds
[2026-04-28T18:12:47.815+0000] {processor.py:161} INFO - Started process (PID=1464) to work on /home/airflow/.local/lib/python3.12/site-packages/airflow/example_dags/plugins/workday.py
[2026-04-28T18:12:47.816+0000] {processor.py:830} INFO - Processing file /home/airflow/.local/lib/python3.12/site-packages/airflow/example_dags/plugins/workday.py for tasks to queue
[2026-04-28T18:12:47.818+0000] {logging_mixin.py:188} INFO - [2026-04-28T18:12:47.818+0000] {dagbag.py:540} INFO - Filling up the DagBag from /home/airflow/.local/lib/python3.12/site-packages/airflow/example_dags/plugins/workday.py
[2026-04-28T18:12:48.132+0000] {processor.py:842} WARNING - No viable dags retrieved from /home/airflow/.local/lib/python3.12/site-packages/airflow/example_dags/plugins/workday.py
[2026-04-28T18:12:48.145+0000] {processor.py:183} INFO - Processing /home/airflow/.local/lib/python3.12/site-packages/airflow/example_dags/plugins/workday.py took 0.335 seconds
[2026-04-28T18:13:18.508+0000] {processor.py:161} INFO - Started process (PID=1530) to work on /home/airflow/.local/lib/python3.12/site-packages/airflow/example_dags/plugins/workday.py
[2026-04-28T18:13:18.509+0000] {processor.py:830} INFO - Processing file /home/airflow/.local/lib/python3.12/site-packages/airflow/example_dags/plugins/workday.py for tasks to queue
[2026-04-28T18:13:18.510+0000] {logging_mixin.py:188} INFO - [2026-04-28T18:13:18.510+0000] {dagbag.py:540} INFO - Filling up the DagBag from /home/airflow/.local/lib/python3.12/site-packages/airflow/example_dags/plugins/workday.py
[2026-04-28T18:13:18.884+0000] {processor.py:842} WARNING - No viable dags retrieved from /home/airflow/.local/lib/python3.12/site-packages/airflow/example_dags/plugins/workday.py
[2026-04-28T18:13:18.894+0000] {processor.py:183} INFO - Processing /home/airflow/.local/lib/python3.12/site-packages/airflow/example_dags/plugins/workday.py took 0.390 seconds
[2026-04-28T18:13:50.061+0000] {processor.py:161} INFO - Started process (PID=1593) to work on /home/airflow/.local/lib/python3.12/site-packages/airflow/example_dags/plugins/workday.py
[2026-04-28T18:13:50.062+0000] {processor.py:830} INFO - Processing file /home/airflow/.local/lib/python3.12/site-packages/airflow/example_dags/plugins/workday.py for tasks to queue
[2026-04-28T18:13:50.063+0000] {logging_mixin.py:188} INFO - [2026-04-28T18:13:50.063+0000] {dagbag.py:540} INFO - Filling up the DagBag from /home/airflow/.local/lib/python3.12/site-packages/airflow/example_dags/plugins/workday.py
[2026-04-28T18:13:50.412+0000] {processor.py:842} WARNING - No viable dags retrieved from /home/airflow/.local/lib/python3.12/site-packages/airflow/example_dags/plugins/workday.py
[2026-04-28T18:13:50.486+0000] {processor.py:183} INFO - Processing /home/airflow/.local/lib/python3.12/site-packages/airflow/example_dags/plugins/workday.py took 0.430 seconds
[2026-04-28T18:14:20.788+0000] {processor.py:161} INFO - Started process (PID=1653) to work on /home/airflow/.local/lib/python3.12/site-packages/airflow/example_dags/plugins/workday.py
[2026-04-28T18:14:20.788+0000] {processor.py:830} INFO - Processing file /home/airflow/.local/lib/python3.12/site-packages/airflow/example_dags/plugins/workday.py for tasks to queue
[2026-04-28T18:14:20.790+0000] {logging_mixin.py:188} INFO - [2026-04-28T18:14:20.790+0000] {dagbag.py:540} INFO - Filling up the DagBag from /home/airflow/.local/lib/python3.12/site-packages/airflow/example_dags/plugins/workday.py
[2026-04-28T18:14:21.070+0000] {processor.py:842} WARNING - No viable dags retrieved from /home/airflow/.local/lib/python3.12/site-packages/airflow/example_dags/plugins/workday.py
[2026-04-28T18:14:21.090+0000] {processor.py:183} INFO - Processing /home/airflow/.local/lib/python3.12/site-packages/airflow/example_dags/plugins/workday.py took 0.307 seconds
[2026-04-28T18:14:52.166+0000] {processor.py:161} INFO - Started process (PID=1716) to work on /home/airflow/.local/lib/python3.12/site-packages/airflow/example_dags/plugins/workday.py
[2026-04-28T18:14:52.168+0000] {processor.py:830} INFO - Processing file /home/airflow/.local/lib/python3.12/site-packages/airflow/example_dags/plugins/workday.py for tasks to queue
[2026-04-28T18:14:52.170+0000] {logging_mixin.py:188} INFO - [2026-04-28T18:14:52.169+0000] {dagbag.py:540} INFO - Filling up the DagBag from /home/airflow/.local/lib/python3.12/site-packages/airflow/example_dags/plugins/workday.py
[2026-04-28T18:14:52.467+0000] {processor.py:842} WARNING - No viable dags retrieved from /home/airflow/.local/lib/python3.12/site-packages/airflow/example_dags/plugins/workday.py
[2026-04-28T18:14:52.477+0000] {processor.py:183} INFO - Processing /home/airflow/.local/lib/python3.12/site-packages/airflow/example_dags/plugins/workday.py took 0.318 seconds
[2026-04-28T18:15:22.920+0000] {processor.py:161} INFO - Started process (PID=1776) to work on /home/airflow/.local/lib/python3.12/site-packages/airflow/example_dags/plugins/workday.py
[2026-04-28T18:15:22.921+0000] {processor.py:830} INFO - Processing file /home/airflow/.local/lib/python3.12/site-packages/airflow/example_dags/plugins/workday.py for tasks to queue
[2026-04-28T18:15:22.923+0000] {logging_mixin.py:188} INFO - [2026-04-28T18:15:22.923+0000] {dagbag.py:540} INFO - Filling up the DagBag from /home/airflow/.local/lib/python3.12/site-packages/airflow/example_dags/plugins/workday.py
[2026-04-28T18:15:23.210+0000] {processor.py:842} WARNING - No viable dags retrieved from /home/airflow/.local/lib/python3.12/site-packages/airflow/example_dags/plugins/workday.py
[2026-04-28T18:15:23.220+0000] {processor.py:183} INFO - Processing /home/airflow/.local/lib/python3.12/site-packages/airflow/example_dags/plugins/workday.py took 0.314 seconds
[2026-04-28T18:15:53.684+0000] {processor.py:161} INFO - Started process (PID=1836) to work on /home/airflow/.local/lib/python3.12/site-packages/airflow/example_dags/plugins/workday.py
[2026-04-28T18:15:53.685+0000] {processor.py:830} INFO - Processing file /home/airflow/.local/lib/python3.12/site-packages/airflow/example_dags/plugins/workday.py for tasks to queue
[2026-04-28T18:15:53.688+0000] {logging_mixin.py:188} INFO - [2026-04-28T18:15:53.687+0000] {dagbag.py:540} INFO - Filling up the DagBag from /home/airflow/.local/lib/python3.12/site-packages/airflow/example_dags/plugins/workday.py
[2026-04-28T18:15:54.022+0000] {processor.py:842} WARNING - No viable dags retrieved from /home/airflow/.local/lib/python3.12/site-packages/airflow/example_dags/plugins/workday.py
[2026-04-28T18:15:54.032+0000] {processor.py:183} INFO - Processing /home/airflow/.local/lib/python3.12/site-packages/airflow/example_dags/plugins/workday.py took 0.358 seconds
[2026-04-28T18:16:24.730+0000] {processor.py:161} INFO - Started process (PID=1896) to work on /home/airflow/.local/lib/python3.12/site-packages/airflow/example_dags/plugins/workday.py
[2026-04-28T18:16:24.731+0000] {processor.py:830} INFO - Processing file /home/airflow/.local/lib/python3.12/site-packages/airflow/example_dags/plugins/workday.py for tasks to queue
[2026-04-28T18:16:24.740+0000] {logging_mixin.py:188} INFO - [2026-04-28T18:16:24.732+0000] {dagbag.py:540} INFO - Filling up the DagBag from /home/airflow/.local/lib/python3.12/site-packages/airflow/example_dags/plugins/workday.py
[2026-04-28T18:16:25.060+0000] {processor.py:842} WARNING - No viable dags retrieved from /home/airflow/.local/lib/python3.12/site-packages/airflow/example_dags/plugins/workday.py
[2026-04-28T18:16:25.073+0000] {processor.py:183} INFO - Processing /home/airflow/.local/lib/python3.12/site-packages/airflow/example_dags/plugins/workday.py took 0.355 seconds
[2026-04-28T18:16:56.245+0000] {processor.py:161} INFO - Started process (PID=1963) to work on /home/airflow/.local/lib/python3.12/site-packages/airflow/example_dags/plugins/workday.py
[2026-04-28T18:16:56.246+0000] {processor.py:830} INFO - Processing file /home/airflow/.local/lib/python3.12/site-packages/airflow/example_dags/plugins/workday.py for tasks to queue
[2026-04-28T18:16:56.248+0000] {logging_mixin.py:188} INFO - [2026-04-28T18:16:56.248+0000] {dagbag.py:540} INFO - Filling up the DagBag from /home/airflow/.local/lib/python3.12/site-packages/airflow/example_dags/plugins/workday.py
[2026-04-28T18:16:56.550+0000] {processor.py:842} WARNING - No viable dags retrieved from /home/airflow/.local/lib/python3.12/site-packages/airflow/example_dags/plugins/workday.py
[2026-04-28T18:16:56.560+0000] {processor.py:183} INFO - Processing /home/airflow/.local/lib/python3.12/site-packages/airflow/example_dags/plugins/workday.py took 0.322 seconds
[2026-04-28T18:17:26.652+0000] {processor.py:161} INFO - Started process (PID=2023) to work on /home/airflow/.local/lib/python3.12/site-packages/airflow/example_dags/plugins/workday.py
[2026-04-28T18:17:26.653+0000] {processor.py:830} INFO - Processing file /home/airflow/.local/lib/python3.12/site-packages/airflow/example_dags/plugins/workday.py for tasks to queue
[2026-04-28T18:17:26.655+0000] {logging_mixin.py:188} INFO - [2026-04-28T18:17:26.654+0000] {dagbag.py:540} INFO - Filling up the DagBag from /home/airflow/.local/lib/python3.12/site-packages/airflow/example_dags/plugins/workday.py
[2026-04-28T18:17:26.966+0000] {processor.py:842} WARNING - No viable dags retrieved from /home/airflow/.local/lib/python3.12/site-packages/airflow/example_dags/plugins/workday.py
[2026-04-28T18:17:26.977+0000] {processor.py:183} INFO - Processing /home/airflow/.local/lib/python3.12/site-packages/airflow/example_dags/plugins/workday.py took 0.332 seconds
[2026-04-28T18:17:57.426+0000] {processor.py:161} INFO - Started process (PID=2083) to work on /home/airflow/.local/lib/python3.12/site-packages/airflow/example_dags/plugins/workday.py
[2026-04-28T18:17:57.427+0000] {processor.py:830} INFO - Processing file /home/airflow/.local/lib/python3.12/site-packages/airflow/example_dags/plugins/workday.py for tasks to queue
[2026-04-28T18:17:57.428+0000] {logging_mixin.py:188} INFO - [2026-04-28T18:17:57.428+0000] {dagbag.py:540} INFO - Filling up the DagBag from /home/airflow/.local/lib/python3.12/site-packages/airflow/example_dags/plugins/workday.py
[2026-04-28T18:17:57.787+0000] {processor.py:842} WARNING - No viable dags retrieved from /home/airflow/.local/lib/python3.12/site-packages/airflow/example_dags/plugins/workday.py
[2026-04-28T18:17:57.798+0000] {processor.py:183} INFO - Processing /home/airflow/.local/lib/python3.12/site-packages/airflow/example_dags/plugins/workday.py took 0.377 seconds
[2026-04-28T18:18:28.155+0000] {processor.py:161} INFO - Started process (PID=2143) to work on /home/airflow/.local/lib/python3.12/site-packages/airflow/example_dags/plugins/workday.py
[2026-04-28T18:18:28.156+0000] {processor.py:830} INFO - Processing file /home/airflow/.local/lib/python3.12/site-packages/airflow/example_dags/plugins/workday.py for tasks to queue
[2026-04-28T18:18:28.158+0000] {logging_mixin.py:188} INFO - [2026-04-28T18:18:28.158+0000] {dagbag.py:540} INFO - Filling up the DagBag from /home/airflow/.local/lib/python3.12/site-packages/airflow/example_dags/plugins/workday.py
[2026-04-28T18:18:28.571+0000] {processor.py:842} WARNING - No viable dags retrieved from /home/airflow/.local/lib/python3.12/site-packages/airflow/example_dags/plugins/workday.py
[2026-04-28T18:18:28.584+0000] {processor.py:183} INFO - Processing /home/airflow/.local/lib/python3.12/site-packages/airflow/example_dags/plugins/workday.py took 0.436 seconds
[2026-04-28T18:18:59.173+0000] {processor.py:161} INFO - Started process (PID=2204) to work on /home/airflow/.local/lib/python3.12/site-packages/airflow/example_dags/plugins/workday.py
[2026-04-28T18:18:59.174+0000] {processor.py:830} INFO - Processing file /home/airflow/.local/lib/python3.12/site-packages/airflow/example_dags/plugins/workday.py for tasks to queue
[2026-04-28T18:18:59.176+0000] {logging_mixin.py:188} INFO - [2026-04-28T18:18:59.176+0000] {dagbag.py:540} INFO - Filling up the DagBag from /home/airflow/.local/lib/python3.12/site-packages/airflow/example_dags/plugins/workday.py
[2026-04-28T18:18:59.472+0000] {processor.py:842} WARNING - No viable dags retrieved from /home/airflow/.local/lib/python3.12/site-packages/airflow/example_dags/plugins/workday.py
[2026-04-28T18:18:59.483+0000] {processor.py:183} INFO - Processing /home/airflow/.local/lib/python3.12/site-packages/airflow/example_dags/plugins/workday.py took 0.317 seconds
[2026-04-28T18:19:29.905+0000] {processor.py:161} INFO - Started process (PID=2264) to work on /home/airflow/.local/lib/python3.12/site-packages/airflow/example_dags/plugins/workday.py
[2026-04-28T18:19:29.905+0000] {processor.py:830} INFO - Processing file /home/airflow/.local/lib/python3.12/site-packages/airflow/example_dags/plugins/workday.py for tasks to queue
[2026-04-28T18:19:29.907+0000] {logging_mixin.py:188} INFO - [2026-04-28T18:19:29.907+0000] {dagbag.py:540} INFO - Filling up the DagBag from /home/airflow/.local/lib/python3.12/site-packages/airflow/example_dags/plugins/workday.py
[2026-04-28T18:19:30.184+0000] {processor.py:842} WARNING - No viable dags retrieved from /home/airflow/.local/lib/python3.12/site-packages/airflow/example_dags/plugins/workday.py
[2026-04-28T18:19:30.196+0000] {processor.py:183} INFO - Processing /home/airflow/.local/lib/python3.12/site-packages/airflow/example_dags/plugins/workday.py took 0.296 seconds
[2026-04-28T18:20:00.707+0000] {processor.py:161} INFO - Started process (PID=2324) to work on /home/airflow/.local/lib/python3.12/site-packages/airflow/example_dags/plugins/workday.py
[2026-04-28T18:20:00.709+0000] {processor.py:830} INFO - Processing file /home/airflow/.local/lib/python3.12/site-packages/airflow/example_dags/plugins/workday.py for tasks to queue
[2026-04-28T18:20:00.711+0000] {logging_mixin.py:188} INFO - [2026-04-28T18:20:00.711+0000] {dagbag.py:540} INFO - Filling up the DagBag from /home/airflow/.local/lib/python3.12/site-packages/airflow/example_dags/plugins/workday.py
[2026-04-28T18:20:01.117+0000] {processor.py:842} WARNING - No viable dags retrieved from /home/airflow/.local/lib/python3.12/site-packages/airflow/example_dags/plugins/workday.py
[2026-04-28T18:20:01.127+0000] {processor.py:183} INFO - Processing /home/airflow/.local/lib/python3.12/site-packages/airflow/example_dags/plugins/workday.py took 0.430 seconds
[2026-04-28T18:20:32.046+0000] {processor.py:161} INFO - Started process (PID=2384) to work on /home/airflow/.local/lib/python3.12/site-packages/airflow/example_dags/plugins/workday.py
[2026-04-28T18:20:32.047+0000] {processor.py:830} INFO - Processing file /home/airflow/.local/lib/python3.12/site-packages/airflow/example_dags/plugins/workday.py for tasks to queue
[2026-04-28T18:20:32.049+0000] {logging_mixin.py:188} INFO - [2026-04-28T18:20:32.049+0000] {dagbag.py:540} INFO - Filling up the DagBag from /home/airflow/.local/lib/python3.12/site-packages/airflow/example_dags/plugins/workday.py
[2026-04-28T18:20:32.528+0000] {processor.py:842} WARNING - No viable dags retrieved from /home/airflow/.local/lib/python3.12/site-packages/airflow/example_dags/plugins/workday.py
[2026-04-28T18:20:32.547+0000] {processor.py:183} INFO - Processing /home/airflow/.local/lib/python3.12/site-packages/airflow/example_dags/plugins/workday.py took 0.509 seconds
[2026-04-28T18:21:02.970+0000] {processor.py:161} INFO - Started process (PID=2444) to work on /home/airflow/.local/lib/python3.12/site-packages/airflow/example_dags/plugins/workday.py
[2026-04-28T18:21:02.971+0000] {processor.py:830} INFO - Processing file /home/airflow/.local/lib/python3.12/site-packages/airflow/example_dags/plugins/workday.py for tasks to queue
[2026-04-28T18:21:02.973+0000] {logging_mixin.py:188} INFO - [2026-04-28T18:21:02.973+0000] {dagbag.py:540} INFO - Filling up the DagBag from /home/airflow/.local/lib/python3.12/site-packages/airflow/example_dags/plugins/workday.py
[2026-04-28T18:21:03.472+0000] {processor.py:842} WARNING - No viable dags retrieved from /home/airflow/.local/lib/python3.12/site-packages/airflow/example_dags/plugins/workday.py
[2026-04-28T18:21:03.488+0000] {processor.py:183} INFO - Processing /home/airflow/.local/lib/python3.12/site-packages/airflow/example_dags/plugins/workday.py took 0.525 seconds
[2026-04-28T18:21:34.473+0000] {processor.py:161} INFO - Started process (PID=2507) to work on /home/airflow/.local/lib/python3.12/site-packages/airflow/example_dags/plugins/workday.py
[2026-04-28T18:21:34.474+0000] {processor.py:830} INFO - Processing file /home/airflow/.local/lib/python3.12/site-packages/airflow/example_dags/plugins/workday.py for tasks to queue
[2026-04-28T18:21:34.476+0000] {logging_mixin.py:188} INFO - [2026-04-28T18:21:34.476+0000] {dagbag.py:540} INFO - Filling up the DagBag from /home/airflow/.local/lib/python3.12/site-packages/airflow/example_dags/plugins/workday.py
[2026-04-28T18:21:34.792+0000] {processor.py:842} WARNING - No viable dags retrieved from /home/airflow/.local/lib/python3.12/site-packages/airflow/example_dags/plugins/workday.py
[2026-04-28T18:21:34.812+0000] {processor.py:183} INFO - Processing /home/airflow/.local/lib/python3.12/site-packages/airflow/example_dags/plugins/workday.py took 0.345 seconds
[2026-04-28T18:22:05.424+0000] {processor.py:161} INFO - Started process (PID=2567) to work on /home/airflow/.local/lib/python3.12/site-packages/airflow/example_dags/plugins/workday.py
[2026-04-28T18:22:05.424+0000] {processor.py:830} INFO - Processing file /home/airflow/.local/lib/python3.12/site-packages/airflow/example_dags/plugins/workday.py for tasks to queue
[2026-04-28T18:22:05.426+0000] {logging_mixin.py:188} INFO - [2026-04-28T18:22:05.426+0000] {dagbag.py:540} INFO - Filling up the DagBag from /home/airflow/.local/lib/python3.12/site-packages/airflow/example_dags/plugins/workday.py
[2026-04-28T18:22:05.720+0000] {processor.py:842} WARNING - No viable dags retrieved from /home/airflow/.local/lib/python3.12/site-packages/airflow/example_dags/plugins/workday.py
[2026-04-28T18:22:05.731+0000] {processor.py:183} INFO - Processing /home/airflow/.local/lib/python3.12/site-packages/airflow/example_dags/plugins/workday.py took 0.314 seconds
[2026-04-28T18:22:36.117+0000] {processor.py:161} INFO - Started process (PID=2627) to work on /home/airflow/.local/lib/python3.12/site-packages/airflow/example_dags/plugins/workday.py
[2026-04-28T18:22:36.118+0000] {processor.py:830} INFO - Processing file /home/airflow/.local/lib/python3.12/site-packages/airflow/example_dags/plugins/workday.py for tasks to queue
[2026-04-28T18:22:36.120+0000] {logging_mixin.py:188} INFO - [2026-04-28T18:22:36.119+0000] {dagbag.py:540} INFO - Filling up the DagBag from /home/airflow/.local/lib/python3.12/site-packages/airflow/example_dags/plugins/workday.py
[2026-04-28T18:22:36.453+0000] {processor.py:842} WARNING - No viable dags retrieved from /home/airflow/.local/lib/python3.12/site-packages/airflow/example_dags/plugins/workday.py
[2026-04-28T18:22:36.463+0000] {processor.py:183} INFO - Processing /home/airflow/.local/lib/python3.12/site-packages/airflow/example_dags/plugins/workday.py took 0.353 seconds
[2026-04-28T18:23:06.904+0000] {processor.py:161} INFO - Started process (PID=2687) to work on /home/airflow/.local/lib/python3.12/site-packages/airflow/example_dags/plugins/workday.py
[2026-04-28T18:23:06.906+0000] {processor.py:830} INFO - Processing file /home/airflow/.local/lib/python3.12/site-packages/airflow/example_dags/plugins/workday.py for tasks to queue
[2026-04-28T18:23:06.908+0000] {logging_mixin.py:188} INFO - [2026-04-28T18:23:06.908+0000] {dagbag.py:540} INFO - Filling up the DagBag from /home/airflow/.local/lib/python3.12/site-packages/airflow/example_dags/plugins/workday.py
[2026-04-28T18:23:07.211+0000] {processor.py:842} WARNING - No viable dags retrieved from /home/airflow/.local/lib/python3.12/site-packages/airflow/example_dags/plugins/workday.py
[2026-04-28T18:23:07.222+0000] {processor.py:183} INFO - Processing /home/airflow/.local/lib/python3.12/site-packages/airflow/example_dags/plugins/workday.py took 0.332 seconds
[2026-04-28T18:23:37.560+0000] {processor.py:161} INFO - Started process (PID=2748) to work on /home/airflow/.local/lib/python3.12/site-packages/airflow/example_dags/plugins/workday.py
[2026-04-28T18:23:37.561+0000] {processor.py:830} INFO - Processing file /home/airflow/.local/lib/python3.12/site-packages/airflow/example_dags/plugins/workday.py for tasks to queue
[2026-04-28T18:23:37.563+0000] {logging_mixin.py:188} INFO - [2026-04-28T18:23:37.563+0000] {dagbag.py:540} INFO - Filling up the DagBag from /home/airflow/.local/lib/python3.12/site-packages/airflow/example_dags/plugins/workday.py
[2026-04-28T18:23:37.921+0000] {processor.py:842} WARNING - No viable dags retrieved from /home/airflow/.local/lib/python3.12/site-packages/airflow/example_dags/plugins/workday.py
[2026-04-28T18:23:37.932+0000] {processor.py:183} INFO - Processing /home/airflow/.local/lib/python3.12/site-packages/airflow/example_dags/plugins/workday.py took 0.379 seconds
[2026-04-28T18:24:08.003+0000] {processor.py:161} INFO - Started process (PID=2808) to work on /home/airflow/.local/lib/python3.12/site-packages/airflow/example_dags/plugins/workday.py
[2026-04-28T18:24:08.004+0000] {processor.py:830} INFO - Processing file /home/airflow/.local/lib/python3.12/site-packages/airflow/example_dags/plugins/workday.py for tasks to queue
[2026-04-28T18:24:08.006+0000] {logging_mixin.py:188} INFO - [2026-04-28T18:24:08.006+0000] {dagbag.py:540} INFO - Filling up the DagBag from /home/airflow/.local/lib/python3.12/site-packages/airflow/example_dags/plugins/workday.py
[2026-04-28T18:24:08.315+0000] {processor.py:842} WARNING - No viable dags retrieved from /home/airflow/.local/lib/python3.12/site-packages/airflow/example_dags/plugins/workday.py
[2026-04-28T18:24:08.334+0000] {processor.py:183} INFO - Processing /home/airflow/.local/lib/python3.12/site-packages/airflow/example_dags/plugins/workday.py took 0.337 seconds
[2026-04-28T18:24:38.860+0000] {processor.py:161} INFO - Started process (PID=2868) to work on /home/airflow/.local/lib/python3.12/site-packages/airflow/example_dags/plugins/workday.py
[2026-04-28T18:24:38.867+0000] {processor.py:830} INFO - Processing file /home/airflow/.local/lib/python3.12/site-packages/airflow/example_dags/plugins/workday.py for tasks to queue
[2026-04-28T18:24:38.874+0000] {logging_mixin.py:188} INFO - [2026-04-28T18:24:38.874+0000] {dagbag.py:540} INFO - Filling up the DagBag from /home/airflow/.local/lib/python3.12/site-packages/airflow/example_dags/plugins/workday.py
[2026-04-28T18:24:39.406+0000] {processor.py:842} WARNING - No viable dags retrieved from /home/airflow/.local/lib/python3.12/site-packages/airflow/example_dags/plugins/workday.py
[2026-04-28T18:24:39.420+0000] {processor.py:183} INFO - Processing /home/airflow/.local/lib/python3.12/site-packages/airflow/example_dags/plugins/workday.py took 0.590 seconds
[2026-04-28T18:25:09.736+0000] {processor.py:161} INFO - Started process (PID=2928) to work on /home/airflow/.local/lib/python3.12/site-packages/airflow/example_dags/plugins/workday.py
[2026-04-28T18:25:09.738+0000] {processor.py:830} INFO - Processing file /home/airflow/.local/lib/python3.12/site-packages/airflow/example_dags/plugins/workday.py for tasks to queue
[2026-04-28T18:25:09.740+0000] {logging_mixin.py:188} INFO - [2026-04-28T18:25:09.740+0000] {dagbag.py:540} INFO - Filling up the DagBag from /home/airflow/.local/lib/python3.12/site-packages/airflow/example_dags/plugins/workday.py
[2026-04-28T18:25:10.353+0000] {processor.py:842} WARNING - No viable dags retrieved from /home/airflow/.local/lib/python3.12/site-packages/airflow/example_dags/plugins/workday.py
[2026-04-28T18:25:10.364+0000] {processor.py:183} INFO - Processing /home/airflow/.local/lib/python3.12/site-packages/airflow/example_dags/plugins/workday.py took 0.644 seconds
[2026-04-28T18:25:40.576+0000] {processor.py:161} INFO - Started process (PID=2988) to work on /home/airflow/.local/lib/python3.12/site-packages/airflow/example_dags/plugins/workday.py
[2026-04-28T18:25:40.579+0000] {processor.py:830} INFO - Processing file /home/airflow/.local/lib/python3.12/site-packages/airflow/example_dags/plugins/workday.py for tasks to queue
[2026-04-28T18:25:40.581+0000] {logging_mixin.py:188} INFO - [2026-04-28T18:25:40.581+0000] {dagbag.py:540} INFO - Filling up the DagBag from /home/airflow/.local/lib/python3.12/site-packages/airflow/example_dags/plugins/workday.py
[2026-04-28T18:25:41.360+0000] {processor.py:842} WARNING - No viable dags retrieved from /home/airflow/.local/lib/python3.12/site-packages/airflow/example_dags/plugins/workday.py
[2026-04-28T18:25:41.380+0000] {processor.py:183} INFO - Processing /home/airflow/.local/lib/python3.12/site-packages/airflow/example_dags/plugins/workday.py took 0.827 seconds
[2026-04-28T18:26:11.511+0000] {processor.py:161} INFO - Started process (PID=3047) to work on /home/airflow/.local/lib/python3.12/site-packages/airflow/example_dags/plugins/workday.py
[2026-04-28T18:26:11.512+0000] {processor.py:830} INFO - Processing file /home/airflow/.local/lib/python3.12/site-packages/airflow/example_dags/plugins/workday.py for tasks to queue
[2026-04-28T18:26:11.514+0000] {logging_mixin.py:188} INFO - [2026-04-28T18:26:11.514+0000] {dagbag.py:540} INFO - Filling up the DagBag from /home/airflow/.local/lib/python3.12/site-packages/airflow/example_dags/plugins/workday.py
[2026-04-28T18:26:12.662+0000] {processor.py:842} WARNING - No viable dags retrieved from /home/airflow/.local/lib/python3.12/site-packages/airflow/example_dags/plugins/workday.py
[2026-04-28T18:26:12.678+0000] {processor.py:183} INFO - Processing /home/airflow/.local/lib/python3.12/site-packages/airflow/example_dags/plugins/workday.py took 1.175 seconds
[2026-04-28T18:26:43.607+0000] {processor.py:161} INFO - Started process (PID=3109) to work on /home/airflow/.local/lib/python3.12/site-packages/airflow/example_dags/plugins/workday.py
[2026-04-28T18:26:43.609+0000] {processor.py:830} INFO - Processing file /home/airflow/.local/lib/python3.12/site-packages/airflow/example_dags/plugins/workday.py for tasks to queue
[2026-04-28T18:26:43.611+0000] {logging_mixin.py:188} INFO - [2026-04-28T18:26:43.610+0000] {dagbag.py:540} INFO - Filling up the DagBag from /home/airflow/.local/lib/python3.12/site-packages/airflow/example_dags/plugins/workday.py
[2026-04-28T18:26:44.354+0000] {processor.py:842} WARNING - No viable dags retrieved from /home/airflow/.local/lib/python3.12/site-packages/airflow/example_dags/plugins/workday.py
[2026-04-28T18:26:44.365+0000] {processor.py:183} INFO - Processing /home/airflow/.local/lib/python3.12/site-packages/airflow/example_dags/plugins/workday.py took 0.765 seconds
[2026-04-28T18:27:14.968+0000] {processor.py:161} INFO - Started process (PID=3171) to work on /home/airflow/.local/lib/python3.12/site-packages/airflow/example_dags/plugins/workday.py
[2026-04-28T18:27:14.969+0000] {processor.py:830} INFO - Processing file /home/airflow/.local/lib/python3.12/site-packages/airflow/example_dags/plugins/workday.py for tasks to queue
[2026-04-28T18:27:14.971+0000] {logging_mixin.py:188} INFO - [2026-04-28T18:27:14.971+0000] {dagbag.py:540} INFO - Filling up the DagBag from /home/airflow/.local/lib/python3.12/site-packages/airflow/example_dags/plugins/workday.py
[2026-04-28T18:27:15.510+0000] {processor.py:842} WARNING - No viable dags retrieved from /home/airflow/.local/lib/python3.12/site-packages/airflow/example_dags/plugins/workday.py
[2026-04-28T18:27:15.523+0000] {processor.py:183} INFO - Processing /home/airflow/.local/lib/python3.12/site-packages/airflow/example_dags/plugins/workday.py took 0.562 seconds
[2026-04-28T18:27:46.576+0000] {processor.py:161} INFO - Started process (PID=3234) to work on /home/airflow/.local/lib/python3.12/site-packages/airflow/example_dags/plugins/workday.py
[2026-04-28T18:27:46.577+0000] {processor.py:830} INFO - Processing file /home/airflow/.local/lib/python3.12/site-packages/airflow/example_dags/plugins/workday.py for tasks to queue
[2026-04-28T18:27:46.580+0000] {logging_mixin.py:188} INFO - [2026-04-28T18:27:46.580+0000] {dagbag.py:540} INFO - Filling up the DagBag from /home/airflow/.local/lib/python3.12/site-packages/airflow/example_dags/plugins/workday.py
[2026-04-28T18:27:47.215+0000] {processor.py:842} WARNING - No viable dags retrieved from /home/airflow/.local/lib/python3.12/site-packages/airflow/example_dags/plugins/workday.py
[2026-04-28T18:27:47.244+0000] {processor.py:183} INFO - Processing /home/airflow/.local/lib/python3.12/site-packages/airflow/example_dags/plugins/workday.py took 0.676 seconds
[2026-04-28T18:28:18.290+0000] {processor.py:161} INFO - Started process (PID=3296) to work on /home/airflow/.local/lib/python3.12/site-packages/airflow/example_dags/plugins/workday.py
[2026-04-28T18:28:18.291+0000] {processor.py:830} INFO - Processing file /home/airflow/.local/lib/python3.12/site-packages/airflow/example_dags/plugins/workday.py for tasks to queue
[2026-04-28T18:28:18.292+0000] {logging_mixin.py:188} INFO - [2026-04-28T18:28:18.292+0000] {dagbag.py:540} INFO - Filling up the DagBag from /home/airflow/.local/lib/python3.12/site-packages/airflow/example_dags/plugins/workday.py
[2026-04-28T18:28:18.889+0000] {processor.py:842} WARNING - No viable dags retrieved from /home/airflow/.local/lib/python3.12/site-packages/airflow/example_dags/plugins/workday.py
[2026-04-28T18:28:18.925+0000] {processor.py:183} INFO - Processing /home/airflow/.local/lib/python3.12/site-packages/airflow/example_dags/plugins/workday.py took 0.640 seconds
[2026-04-28T18:28:49.800+0000] {processor.py:161} INFO - Started process (PID=3356) to work on /home/airflow/.local/lib/python3.12/site-packages/airflow/example_dags/plugins/workday.py
[2026-04-28T18:28:49.801+0000] {processor.py:830} INFO - Processing file /home/airflow/.local/lib/python3.12/site-packages/airflow/example_dags/plugins/workday.py for tasks to queue
[2026-04-28T18:28:49.802+0000] {logging_mixin.py:188} INFO - [2026-04-28T18:28:49.802+0000] {dagbag.py:540} INFO - Filling up the DagBag from /home/airflow/.local/lib/python3.12/site-packages/airflow/example_dags/plugins/workday.py
[2026-04-28T18:28:50.179+0000] {processor.py:842} WARNING - No viable dags retrieved from /home/airflow/.local/lib/python3.12/site-packages/airflow/example_dags/plugins/workday.py
[2026-04-28T18:28:50.193+0000] {processor.py:183} INFO - Processing /home/airflow/.local/lib/python3.12/site-packages/airflow/example_dags/plugins/workday.py took 0.399 seconds
[2026-04-28T18:29:21.107+0000] {processor.py:161} INFO - Started process (PID=3418) to work on /home/airflow/.local/lib/python3.12/site-packages/airflow/example_dags/plugins/workday.py
[2026-04-28T18:29:21.108+0000] {processor.py:830} INFO - Processing file /home/airflow/.local/lib/python3.12/site-packages/airflow/example_dags/plugins/workday.py for tasks to queue
[2026-04-28T18:29:21.110+0000] {logging_mixin.py:188} INFO - [2026-04-28T18:29:21.109+0000] {dagbag.py:540} INFO - Filling up the DagBag from /home/airflow/.local/lib/python3.12/site-packages/airflow/example_dags/plugins/workday.py
[2026-04-28T18:29:21.454+0000] {processor.py:842} WARNING - No viable dags retrieved from /home/airflow/.local/lib/python3.12/site-packages/airflow/example_dags/plugins/workday.py
[2026-04-28T18:29:21.464+0000] {processor.py:183} INFO - Processing /home/airflow/.local/lib/python3.12/site-packages/airflow/example_dags/plugins/workday.py took 0.369 seconds
[2026-04-28T18:29:52.021+0000] {processor.py:161} INFO - Started process (PID=3486) to work on /home/airflow/.local/lib/python3.12/site-packages/airflow/example_dags/plugins/workday.py
[2026-04-28T18:29:52.022+0000] {processor.py:830} INFO - Processing file /home/airflow/.local/lib/python3.12/site-packages/airflow/example_dags/plugins/workday.py for tasks to queue
[2026-04-28T18:29:52.024+0000] {logging_mixin.py:188} INFO - [2026-04-28T18:29:52.023+0000] {dagbag.py:540} INFO - Filling up the DagBag from /home/airflow/.local/lib/python3.12/site-packages/airflow/example_dags/plugins/workday.py
[2026-04-28T18:29:52.462+0000] {processor.py:842} WARNING - No viable dags retrieved from /home/airflow/.local/lib/python3.12/site-packages/airflow/example_dags/plugins/workday.py
[2026-04-28T18:29:52.513+0000] {processor.py:183} INFO - Processing /home/airflow/.local/lib/python3.12/site-packages/airflow/example_dags/plugins/workday.py took 0.497 seconds
[2026-04-28T18:30:22.717+0000] {processor.py:161} INFO - Started process (PID=3546) to work on /home/airflow/.local/lib/python3.12/site-packages/airflow/example_dags/plugins/workday.py
[2026-04-28T18:30:22.718+0000] {processor.py:830} INFO - Processing file /home/airflow/.local/lib/python3.12/site-packages/airflow/example_dags/plugins/workday.py for tasks to queue
[2026-04-28T18:30:22.720+0000] {logging_mixin.py:188} INFO - [2026-04-28T18:30:22.719+0000] {dagbag.py:540} INFO - Filling up the DagBag from /home/airflow/.local/lib/python3.12/site-packages/airflow/example_dags/plugins/workday.py
[2026-04-28T18:30:22.992+0000] {processor.py:842} WARNING - No viable dags retrieved from /home/airflow/.local/lib/python3.12/site-packages/airflow/example_dags/plugins/workday.py
[2026-04-28T18:30:23.003+0000] {processor.py:183} INFO - Processing /home/airflow/.local/lib/python3.12/site-packages/airflow/example_dags/plugins/workday.py took 0.291 seconds
[2026-04-28T18:30:53.295+0000] {processor.py:161} INFO - Started process (PID=3606) to work on /home/airflow/.local/lib/python3.12/site-packages/airflow/example_dags/plugins/workday.py
[2026-04-28T18:30:53.296+0000] {processor.py:830} INFO - Processing file /home/airflow/.local/lib/python3.12/site-packages/airflow/example_dags/plugins/workday.py for tasks to queue
[2026-04-28T18:30:53.298+0000] {logging_mixin.py:188} INFO - [2026-04-28T18:30:53.298+0000] {dagbag.py:540} INFO - Filling up the DagBag from /home/airflow/.local/lib/python3.12/site-packages/airflow/example_dags/plugins/workday.py
[2026-04-28T18:30:53.673+0000] {processor.py:842} WARNING - No viable dags retrieved from /home/airflow/.local/lib/python3.12/site-packages/airflow/example_dags/plugins/workday.py
[2026-04-28T18:30:53.688+0000] {processor.py:183} INFO - Processing /home/airflow/.local/lib/python3.12/site-packages/airflow/example_dags/plugins/workday.py took 0.400 seconds
[2026-04-28T18:31:24.080+0000] {processor.py:161} INFO - Started process (PID=3665) to work on /home/airflow/.local/lib/python3.12/site-packages/airflow/example_dags/plugins/workday.py
[2026-04-28T18:31:24.080+0000] {processor.py:830} INFO - Processing file /home/airflow/.local/lib/python3.12/site-packages/airflow/example_dags/plugins/workday.py for tasks to queue
[2026-04-28T18:31:24.082+0000] {logging_mixin.py:188} INFO - [2026-04-28T18:31:24.081+0000] {dagbag.py:540} INFO - Filling up the DagBag from /home/airflow/.local/lib/python3.12/site-packages/airflow/example_dags/plugins/workday.py
[2026-04-28T18:31:24.521+0000] {processor.py:842} WARNING - No viable dags retrieved from /home/airflow/.local/lib/python3.12/site-packages/airflow/example_dags/plugins/workday.py
[2026-04-28T18:31:24.538+0000] {processor.py:183} INFO - Processing /home/airflow/.local/lib/python3.12/site-packages/airflow/example_dags/plugins/workday.py took 0.463 seconds
[2026-04-28T18:31:55.806+0000] {processor.py:161} INFO - Started process (PID=3728) to work on /home/airflow/.local/lib/python3.12/site-packages/airflow/example_dags/plugins/workday.py
[2026-04-28T18:31:55.809+0000] {processor.py:830} INFO - Processing file /home/airflow/.local/lib/python3.12/site-packages/airflow/example_dags/plugins/workday.py for tasks to queue
[2026-04-28T18:31:55.812+0000] {logging_mixin.py:188} INFO - [2026-04-28T18:31:55.811+0000] {dagbag.py:540} INFO - Filling up the DagBag from /home/airflow/.local/lib/python3.12/site-packages/airflow/example_dags/plugins/workday.py
[2026-04-28T18:31:56.436+0000] {processor.py:842} WARNING - No viable dags retrieved from /home/airflow/.local/lib/python3.12/site-packages/airflow/example_dags/plugins/workday.py
[2026-04-28T18:31:56.447+0000] {processor.py:183} INFO - Processing /home/airflow/.local/lib/python3.12/site-packages/airflow/example_dags/plugins/workday.py took 0.663 seconds
[2026-04-28T18:32:26.517+0000] {processor.py:161} INFO - Started process (PID=3791) to work on /home/airflow/.local/lib/python3.12/site-packages/airflow/example_dags/plugins/workday.py
[2026-04-28T18:32:26.519+0000] {processor.py:830} INFO - Processing file /home/airflow/.local/lib/python3.12/site-packages/airflow/example_dags/plugins/workday.py for tasks to queue
[2026-04-28T18:32:26.521+0000] {logging_mixin.py:188} INFO - [2026-04-28T18:32:26.521+0000] {dagbag.py:540} INFO - Filling up the DagBag from /home/airflow/.local/lib/python3.12/site-packages/airflow/example_dags/plugins/workday.py
[2026-04-28T18:32:27.002+0000] {processor.py:842} WARNING - No viable dags retrieved from /home/airflow/.local/lib/python3.12/site-packages/airflow/example_dags/plugins/workday.py
[2026-04-28T18:32:27.031+0000] {processor.py:183} INFO - Processing /home/airflow/.local/lib/python3.12/site-packages/airflow/example_dags/plugins/workday.py took 0.530 seconds
[2026-04-28T18:32:57.362+0000] {processor.py:161} INFO - Started process (PID=3853) to work on /home/airflow/.local/lib/python3.12/site-packages/airflow/example_dags/plugins/workday.py
[2026-04-28T18:32:57.363+0000] {processor.py:830} INFO - Processing file /home/airflow/.local/lib/python3.12/site-packages/airflow/example_dags/plugins/workday.py for tasks to queue
[2026-04-28T18:32:57.366+0000] {logging_mixin.py:188} INFO - [2026-04-28T18:32:57.365+0000] {dagbag.py:540} INFO - Filling up the DagBag from /home/airflow/.local/lib/python3.12/site-packages/airflow/example_dags/plugins/workday.py
[2026-04-28T18:32:57.788+0000] {processor.py:842} WARNING - No viable dags retrieved from /home/airflow/.local/lib/python3.12/site-packages/airflow/example_dags/plugins/workday.py
[2026-04-28T18:32:57.817+0000] {processor.py:183} INFO - Processing /home/airflow/.local/lib/python3.12/site-packages/airflow/example_dags/plugins/workday.py took 0.464 seconds
[2026-04-28T18:33:28.842+0000] {processor.py:161} INFO - Started process (PID=3916) to work on /home/airflow/.local/lib/python3.12/site-packages/airflow/example_dags/plugins/workday.py
[2026-04-28T18:33:28.842+0000] {processor.py:830} INFO - Processing file /home/airflow/.local/lib/python3.12/site-packages/airflow/example_dags/plugins/workday.py for tasks to queue
[2026-04-28T18:33:28.844+0000] {logging_mixin.py:188} INFO - [2026-04-28T18:33:28.844+0000] {dagbag.py:540} INFO - Filling up the DagBag from /home/airflow/.local/lib/python3.12/site-packages/airflow/example_dags/plugins/workday.py
[2026-04-28T18:33:29.391+0000] {processor.py:842} WARNING - No viable dags retrieved from /home/airflow/.local/lib/python3.12/site-packages/airflow/example_dags/plugins/workday.py
[2026-04-28T18:33:29.403+0000] {processor.py:183} INFO - Processing /home/airflow/.local/lib/python3.12/site-packages/airflow/example_dags/plugins/workday.py took 0.568 seconds
[2026-04-28T18:34:00.031+0000] {processor.py:161} INFO - Started process (PID=3976) to work on /home/airflow/.local/lib/python3.12/site-packages/airflow/example_dags/plugins/workday.py
[2026-04-28T18:34:00.031+0000] {processor.py:830} INFO - Processing file /home/airflow/.local/lib/python3.12/site-packages/airflow/example_dags/plugins/workday.py for tasks to queue
[2026-04-28T18:34:00.033+0000] {logging_mixin.py:188} INFO - [2026-04-28T18:34:00.033+0000] {dagbag.py:540} INFO - Filling up the DagBag from /home/airflow/.local/lib/python3.12/site-packages/airflow/example_dags/plugins/workday.py
[2026-04-28T18:34:00.554+0000] {processor.py:842} WARNING - No viable dags retrieved from /home/airflow/.local/lib/python3.12/site-packages/airflow/example_dags/plugins/workday.py
[2026-04-28T18:34:00.564+0000] {processor.py:183} INFO - Processing /home/airflow/.local/lib/python3.12/site-packages/airflow/example_dags/plugins/workday.py took 0.539 seconds
[2026-04-28T18:34:30.762+0000] {processor.py:161} INFO - Started process (PID=4036) to work on /home/airflow/.local/lib/python3.12/site-packages/airflow/example_dags/plugins/workday.py
[2026-04-28T18:34:30.763+0000] {processor.py:830} INFO - Processing file /home/airflow/.local/lib/python3.12/site-packages/airflow/example_dags/plugins/workday.py for tasks to queue
[2026-04-28T18:34:30.766+0000] {logging_mixin.py:188} INFO - [2026-04-28T18:34:30.765+0000] {dagbag.py:540} INFO - Filling up the DagBag from /home/airflow/.local/lib/python3.12/site-packages/airflow/example_dags/plugins/workday.py
[2026-04-28T18:34:31.250+0000] {processor.py:842} WARNING - No viable dags retrieved from /home/airflow/.local/lib/python3.12/site-packages/airflow/example_dags/plugins/workday.py
[2026-04-28T18:34:31.259+0000] {processor.py:183} INFO - Processing /home/airflow/.local/lib/python3.12/site-packages/airflow/example_dags/plugins/workday.py took 0.509 seconds
[2026-04-28T18:35:02.152+0000] {processor.py:161} INFO - Started process (PID=4096) to work on /home/airflow/.local/lib/python3.12/site-packages/airflow/example_dags/plugins/workday.py
[2026-04-28T18:35:02.153+0000] {processor.py:830} INFO - Processing file /home/airflow/.local/lib/python3.12/site-packages/airflow/example_dags/plugins/workday.py for tasks to queue
[2026-04-28T18:35:02.154+0000] {logging_mixin.py:188} INFO - [2026-04-28T18:35:02.154+0000] {dagbag.py:540} INFO - Filling up the DagBag from /home/airflow/.local/lib/python3.12/site-packages/airflow/example_dags/plugins/workday.py
[2026-04-28T18:35:02.768+0000] {processor.py:842} WARNING - No viable dags retrieved from /home/airflow/.local/lib/python3.12/site-packages/airflow/example_dags/plugins/workday.py
[2026-04-28T18:35:02.777+0000] {processor.py:183} INFO - Processing /home/airflow/.local/lib/python3.12/site-packages/airflow/example_dags/plugins/workday.py took 0.632 seconds
[2026-04-28T19:05:37.756+0000] {processor.py:161} INFO - Started process (PID=116) to work on /home/airflow/.local/lib/python3.12/site-packages/airflow/example_dags/plugins/workday.py
[2026-04-28T19:05:37.757+0000] {processor.py:830} INFO - Processing file /home/airflow/.local/lib/python3.12/site-packages/airflow/example_dags/plugins/workday.py for tasks to queue
[2026-04-28T19:05:37.759+0000] {logging_mixin.py:188} INFO - [2026-04-28T19:05:37.759+0000] {dagbag.py:540} INFO - Filling up the DagBag from /home/airflow/.local/lib/python3.12/site-packages/airflow/example_dags/plugins/workday.py
[2026-04-28T19:05:39.636+0000] {processor.py:842} WARNING - No viable dags retrieved from /home/airflow/.local/lib/python3.12/site-packages/airflow/example_dags/plugins/workday.py
[2026-04-28T19:05:39.652+0000] {processor.py:183} INFO - Processing /home/airflow/.local/lib/python3.12/site-packages/airflow/example_dags/plugins/workday.py took 1.902 seconds
[2026-04-28T19:06:09.926+0000] {processor.py:161} INFO - Started process (PID=180) to work on /home/airflow/.local/lib/python3.12/site-packages/airflow/example_dags/plugins/workday.py
[2026-04-28T19:06:09.927+0000] {processor.py:830} INFO - Processing file /home/airflow/.local/lib/python3.12/site-packages/airflow/example_dags/plugins/workday.py for tasks to queue
[2026-04-28T19:06:09.929+0000] {logging_mixin.py:188} INFO - [2026-04-28T19:06:09.929+0000] {dagbag.py:540} INFO - Filling up the DagBag from /home/airflow/.local/lib/python3.12/site-packages/airflow/example_dags/plugins/workday.py
[2026-04-28T19:06:10.475+0000] {processor.py:842} WARNING - No viable dags retrieved from /home/airflow/.local/lib/python3.12/site-packages/airflow/example_dags/plugins/workday.py
[2026-04-28T19:06:10.488+0000] {processor.py:183} INFO - Processing /home/airflow/.local/lib/python3.12/site-packages/airflow/example_dags/plugins/workday.py took 0.575 seconds
[2026-04-28T19:06:42.904+0000] {processor.py:161} INFO - Started process (PID=240) to work on /home/airflow/.local/lib/python3.12/site-packages/airflow/example_dags/plugins/workday.py
[2026-04-28T19:06:42.907+0000] {processor.py:830} INFO - Processing file /home/airflow/.local/lib/python3.12/site-packages/airflow/example_dags/plugins/workday.py for tasks to queue
[2026-04-28T19:06:42.911+0000] {logging_mixin.py:188} INFO - [2026-04-28T19:06:42.911+0000] {dagbag.py:540} INFO - Filling up the DagBag from /home/airflow/.local/lib/python3.12/site-packages/airflow/example_dags/plugins/workday.py
[2026-04-28T19:06:43.936+0000] {processor.py:842} WARNING - No viable dags retrieved from /home/airflow/.local/lib/python3.12/site-packages/airflow/example_dags/plugins/workday.py
[2026-04-28T19:06:43.958+0000] {processor.py:183} INFO - Processing /home/airflow/.local/lib/python3.12/site-packages/airflow/example_dags/plugins/workday.py took 1.081 seconds
[2026-04-28T19:07:14.896+0000] {processor.py:161} INFO - Started process (PID=300) to work on /home/airflow/.local/lib/python3.12/site-packages/airflow/example_dags/plugins/workday.py
[2026-04-28T19:07:14.897+0000] {processor.py:830} INFO - Processing file /home/airflow/.local/lib/python3.12/site-packages/airflow/example_dags/plugins/workday.py for tasks to queue
[2026-04-28T19:07:14.898+0000] {logging_mixin.py:188} INFO - [2026-04-28T19:07:14.898+0000] {dagbag.py:540} INFO - Filling up the DagBag from /home/airflow/.local/lib/python3.12/site-packages/airflow/example_dags/plugins/workday.py
[2026-04-28T19:07:15.326+0000] {processor.py:842} WARNING - No viable dags retrieved from /home/airflow/.local/lib/python3.12/site-packages/airflow/example_dags/plugins/workday.py
[2026-04-28T19:07:15.336+0000] {processor.py:183} INFO - Processing /home/airflow/.local/lib/python3.12/site-packages/airflow/example_dags/plugins/workday.py took 0.446 seconds
[2026-04-28T19:07:45.452+0000] {processor.py:161} INFO - Started process (PID=360) to work on /home/airflow/.local/lib/python3.12/site-packages/airflow/example_dags/plugins/workday.py
[2026-04-28T19:07:45.453+0000] {processor.py:830} INFO - Processing file /home/airflow/.local/lib/python3.12/site-packages/airflow/example_dags/plugins/workday.py for tasks to queue
[2026-04-28T19:07:45.454+0000] {logging_mixin.py:188} INFO - [2026-04-28T19:07:45.454+0000] {dagbag.py:540} INFO - Filling up the DagBag from /home/airflow/.local/lib/python3.12/site-packages/airflow/example_dags/plugins/workday.py
[2026-04-28T19:07:45.860+0000] {processor.py:842} WARNING - No viable dags retrieved from /home/airflow/.local/lib/python3.12/site-packages/airflow/example_dags/plugins/workday.py
[2026-04-28T19:07:45.870+0000] {processor.py:183} INFO - Processing /home/airflow/.local/lib/python3.12/site-packages/airflow/example_dags/plugins/workday.py took 0.423 seconds
[2026-04-28T19:08:15.968+0000] {processor.py:161} INFO - Started process (PID=419) to work on /home/airflow/.local/lib/python3.12/site-packages/airflow/example_dags/plugins/workday.py
[2026-04-28T19:08:15.969+0000] {processor.py:830} INFO - Processing file /home/airflow/.local/lib/python3.12/site-packages/airflow/example_dags/plugins/workday.py for tasks to queue
[2026-04-28T19:08:15.970+0000] {logging_mixin.py:188} INFO - [2026-04-28T19:08:15.970+0000] {dagbag.py:540} INFO - Filling up the DagBag from /home/airflow/.local/lib/python3.12/site-packages/airflow/example_dags/plugins/workday.py
[2026-04-28T19:08:16.386+0000] {processor.py:842} WARNING - No viable dags retrieved from /home/airflow/.local/lib/python3.12/site-packages/airflow/example_dags/plugins/workday.py
[2026-04-28T19:08:16.395+0000] {processor.py:183} INFO - Processing /home/airflow/.local/lib/python3.12/site-packages/airflow/example_dags/plugins/workday.py took 0.432 seconds
[2026-04-28T19:08:46.431+0000] {processor.py:161} INFO - Started process (PID=479) to work on /home/airflow/.local/lib/python3.12/site-packages/airflow/example_dags/plugins/workday.py
[2026-04-28T19:08:46.432+0000] {processor.py:830} INFO - Processing file /home/airflow/.local/lib/python3.12/site-packages/airflow/example_dags/plugins/workday.py for tasks to queue
[2026-04-28T19:08:46.434+0000] {logging_mixin.py:188} INFO - [2026-04-28T19:08:46.434+0000] {dagbag.py:540} INFO - Filling up the DagBag from /home/airflow/.local/lib/python3.12/site-packages/airflow/example_dags/plugins/workday.py
[2026-04-28T19:08:46.870+0000] {processor.py:842} WARNING - No viable dags retrieved from /home/airflow/.local/lib/python3.12/site-packages/airflow/example_dags/plugins/workday.py
[2026-04-28T19:08:46.881+0000] {processor.py:183} INFO - Processing /home/airflow/.local/lib/python3.12/site-packages/airflow/example_dags/plugins/workday.py took 0.457 seconds
[2026-04-28T19:09:17.046+0000] {processor.py:161} INFO - Started process (PID=539) to work on /home/airflow/.local/lib/python3.12/site-packages/airflow/example_dags/plugins/workday.py
[2026-04-28T19:09:17.046+0000] {processor.py:830} INFO - Processing file /home/airflow/.local/lib/python3.12/site-packages/airflow/example_dags/plugins/workday.py for tasks to queue
[2026-04-28T19:09:17.048+0000] {logging_mixin.py:188} INFO - [2026-04-28T19:09:17.048+0000] {dagbag.py:540} INFO - Filling up the DagBag from /home/airflow/.local/lib/python3.12/site-packages/airflow/example_dags/plugins/workday.py
[2026-04-28T19:09:17.490+0000] {processor.py:842} WARNING - No viable dags retrieved from /home/airflow/.local/lib/python3.12/site-packages/airflow/example_dags/plugins/workday.py
[2026-04-28T19:09:17.499+0000] {processor.py:183} INFO - Processing /home/airflow/.local/lib/python3.12/site-packages/airflow/example_dags/plugins/workday.py took 0.460 seconds
[2026-04-28T19:09:48.340+0000] {processor.py:161} INFO - Started process (PID=599) to work on /home/airflow/.local/lib/python3.12/site-packages/airflow/example_dags/plugins/workday.py
[2026-04-28T19:09:48.341+0000] {processor.py:830} INFO - Processing file /home/airflow/.local/lib/python3.12/site-packages/airflow/example_dags/plugins/workday.py for tasks to queue
[2026-04-28T19:09:48.343+0000] {logging_mixin.py:188} INFO - [2026-04-28T19:09:48.342+0000] {dagbag.py:540} INFO - Filling up the DagBag from /home/airflow/.local/lib/python3.12/site-packages/airflow/example_dags/plugins/workday.py
[2026-04-28T19:09:49.624+0000] {processor.py:842} WARNING - No viable dags retrieved from /home/airflow/.local/lib/python3.12/site-packages/airflow/example_dags/plugins/workday.py
[2026-04-28T19:09:49.672+0000] {processor.py:183} INFO - Processing /home/airflow/.local/lib/python3.12/site-packages/airflow/example_dags/plugins/workday.py took 1.356 seconds
[2026-04-28T19:10:20.117+0000] {processor.py:161} INFO - Started process (PID=659) to work on /home/airflow/.local/lib/python3.12/site-packages/airflow/example_dags/plugins/workday.py
[2026-04-28T19:10:20.119+0000] {processor.py:830} INFO - Processing file /home/airflow/.local/lib/python3.12/site-packages/airflow/example_dags/plugins/workday.py for tasks to queue
[2026-04-28T19:10:20.121+0000] {logging_mixin.py:188} INFO - [2026-04-28T19:10:20.120+0000] {dagbag.py:540} INFO - Filling up the DagBag from /home/airflow/.local/lib/python3.12/site-packages/airflow/example_dags/plugins/workday.py
[2026-04-28T19:10:20.656+0000] {processor.py:842} WARNING - No viable dags retrieved from /home/airflow/.local/lib/python3.12/site-packages/airflow/example_dags/plugins/workday.py
[2026-04-28T19:10:20.666+0000] {processor.py:183} INFO - Processing /home/airflow/.local/lib/python3.12/site-packages/airflow/example_dags/plugins/workday.py took 0.555 seconds
[2026-04-28T19:10:51.181+0000] {processor.py:161} INFO - Started process (PID=719) to work on /home/airflow/.local/lib/python3.12/site-packages/airflow/example_dags/plugins/workday.py
[2026-04-28T19:10:51.182+0000] {processor.py:830} INFO - Processing file /home/airflow/.local/lib/python3.12/site-packages/airflow/example_dags/plugins/workday.py for tasks to queue
[2026-04-28T19:10:51.184+0000] {logging_mixin.py:188} INFO - [2026-04-28T19:10:51.184+0000] {dagbag.py:540} INFO - Filling up the DagBag from /home/airflow/.local/lib/python3.12/site-packages/airflow/example_dags/plugins/workday.py
[2026-04-28T19:10:51.896+0000] {processor.py:842} WARNING - No viable dags retrieved from /home/airflow/.local/lib/python3.12/site-packages/airflow/example_dags/plugins/workday.py
[2026-04-28T19:10:51.930+0000] {processor.py:183} INFO - Processing /home/airflow/.local/lib/python3.12/site-packages/airflow/example_dags/plugins/workday.py took 0.774 seconds
[2026-04-28T19:11:22.321+0000] {processor.py:161} INFO - Started process (PID=779) to work on /home/airflow/.local/lib/python3.12/site-packages/airflow/example_dags/plugins/workday.py
[2026-04-28T19:11:22.322+0000] {processor.py:830} INFO - Processing file /home/airflow/.local/lib/python3.12/site-packages/airflow/example_dags/plugins/workday.py for tasks to queue
[2026-04-28T19:11:22.324+0000] {logging_mixin.py:188} INFO - [2026-04-28T19:11:22.324+0000] {dagbag.py:540} INFO - Filling up the DagBag from /home/airflow/.local/lib/python3.12/site-packages/airflow/example_dags/plugins/workday.py
[2026-04-28T19:11:22.919+0000] {processor.py:842} WARNING - No viable dags retrieved from /home/airflow/.local/lib/python3.12/site-packages/airflow/example_dags/plugins/workday.py
[2026-04-28T19:11:22.932+0000] {processor.py:183} INFO - Processing /home/airflow/.local/lib/python3.12/site-packages/airflow/example_dags/plugins/workday.py took 0.621 seconds
[2026-04-28T19:11:53.879+0000] {processor.py:161} INFO - Started process (PID=839) to work on /home/airflow/.local/lib/python3.12/site-packages/airflow/example_dags/plugins/workday.py
[2026-04-28T19:11:53.880+0000] {processor.py:830} INFO - Processing file /home/airflow/.local/lib/python3.12/site-packages/airflow/example_dags/plugins/workday.py for tasks to queue
[2026-04-28T19:11:53.882+0000] {logging_mixin.py:188} INFO - [2026-04-28T19:11:53.881+0000] {dagbag.py:540} INFO - Filling up the DagBag from /home/airflow/.local/lib/python3.12/site-packages/airflow/example_dags/plugins/workday.py
[2026-04-28T19:11:54.284+0000] {processor.py:842} WARNING - No viable dags retrieved from /home/airflow/.local/lib/python3.12/site-packages/airflow/example_dags/plugins/workday.py
[2026-04-28T19:11:54.293+0000] {processor.py:183} INFO - Processing /home/airflow/.local/lib/python3.12/site-packages/airflow/example_dags/plugins/workday.py took 0.419 seconds
[2026-04-28T19:12:25.051+0000] {processor.py:161} INFO - Started process (PID=899) to work on /home/airflow/.local/lib/python3.12/site-packages/airflow/example_dags/plugins/workday.py
[2026-04-28T19:12:25.052+0000] {processor.py:830} INFO - Processing file /home/airflow/.local/lib/python3.12/site-packages/airflow/example_dags/plugins/workday.py for tasks to queue
[2026-04-28T19:12:25.054+0000] {logging_mixin.py:188} INFO - [2026-04-28T19:12:25.054+0000] {dagbag.py:540} INFO - Filling up the DagBag from /home/airflow/.local/lib/python3.12/site-packages/airflow/example_dags/plugins/workday.py
[2026-04-28T19:12:25.461+0000] {processor.py:842} WARNING - No viable dags retrieved from /home/airflow/.local/lib/python3.12/site-packages/airflow/example_dags/plugins/workday.py
[2026-04-28T19:12:25.470+0000] {processor.py:183} INFO - Processing /home/airflow/.local/lib/python3.12/site-packages/airflow/example_dags/plugins/workday.py took 0.427 seconds
[2026-04-28T19:12:55.744+0000] {processor.py:161} INFO - Started process (PID=959) to work on /home/airflow/.local/lib/python3.12/site-packages/airflow/example_dags/plugins/workday.py
[2026-04-28T19:12:55.747+0000] {processor.py:830} INFO - Processing file /home/airflow/.local/lib/python3.12/site-packages/airflow/example_dags/plugins/workday.py for tasks to queue
[2026-04-28T19:12:55.751+0000] {logging_mixin.py:188} INFO - [2026-04-28T19:12:55.750+0000] {dagbag.py:540} INFO - Filling up the DagBag from /home/airflow/.local/lib/python3.12/site-packages/airflow/example_dags/plugins/workday.py
[2026-04-28T19:12:56.406+0000] {processor.py:842} WARNING - No viable dags retrieved from /home/airflow/.local/lib/python3.12/site-packages/airflow/example_dags/plugins/workday.py
[2026-04-28T19:12:56.416+0000] {processor.py:183} INFO - Processing /home/airflow/.local/lib/python3.12/site-packages/airflow/example_dags/plugins/workday.py took 0.696 seconds
[2026-04-28T19:39:00.596+0000] {processor.py:161} INFO - Started process (PID=219) to work on /home/airflow/.local/lib/python3.12/site-packages/airflow/example_dags/plugins/workday.py
[2026-04-28T19:39:00.599+0000] {processor.py:830} INFO - Processing file /home/airflow/.local/lib/python3.12/site-packages/airflow/example_dags/plugins/workday.py for tasks to queue
[2026-04-28T19:39:00.603+0000] {logging_mixin.py:188} INFO - [2026-04-28T19:39:00.602+0000] {dagbag.py:540} INFO - Filling up the DagBag from /home/airflow/.local/lib/python3.12/site-packages/airflow/example_dags/plugins/workday.py
[2026-04-28T19:39:13.328+0000] {processor.py:842} WARNING - No viable dags retrieved from /home/airflow/.local/lib/python3.12/site-packages/airflow/example_dags/plugins/workday.py
[2026-04-28T19:39:13.377+0000] {processor.py:183} INFO - Processing /home/airflow/.local/lib/python3.12/site-packages/airflow/example_dags/plugins/workday.py took 12.806 seconds
[2026-04-28T19:39:43.843+0000] {processor.py:161} INFO - Started process (PID=300) to work on /home/airflow/.local/lib/python3.12/site-packages/airflow/example_dags/plugins/workday.py
[2026-04-28T19:39:43.847+0000] {processor.py:830} INFO - Processing file /home/airflow/.local/lib/python3.12/site-packages/airflow/example_dags/plugins/workday.py for tasks to queue
[2026-04-28T19:39:43.852+0000] {logging_mixin.py:188} INFO - [2026-04-28T19:39:43.852+0000] {dagbag.py:540} INFO - Filling up the DagBag from /home/airflow/.local/lib/python3.12/site-packages/airflow/example_dags/plugins/workday.py
[2026-04-28T19:39:46.360+0000] {processor.py:842} WARNING - No viable dags retrieved from /home/airflow/.local/lib/python3.12/site-packages/airflow/example_dags/plugins/workday.py
[2026-04-28T19:39:46.409+0000] {processor.py:183} INFO - Processing /home/airflow/.local/lib/python3.12/site-packages/airflow/example_dags/plugins/workday.py took 2.599 seconds
[2026-04-28T19:40:17.967+0000] {processor.py:161} INFO - Started process (PID=363) to work on /home/airflow/.local/lib/python3.12/site-packages/airflow/example_dags/plugins/workday.py
[2026-04-28T19:40:17.978+0000] {processor.py:830} INFO - Processing file /home/airflow/.local/lib/python3.12/site-packages/airflow/example_dags/plugins/workday.py for tasks to queue
[2026-04-28T19:40:17.983+0000] {logging_mixin.py:188} INFO - [2026-04-28T19:40:17.983+0000] {dagbag.py:540} INFO - Filling up the DagBag from /home/airflow/.local/lib/python3.12/site-packages/airflow/example_dags/plugins/workday.py
[2026-04-28T19:40:21.855+0000] {processor.py:842} WARNING - No viable dags retrieved from /home/airflow/.local/lib/python3.12/site-packages/airflow/example_dags/plugins/workday.py
[2026-04-28T19:40:21.884+0000] {processor.py:183} INFO - Processing /home/airflow/.local/lib/python3.12/site-packages/airflow/example_dags/plugins/workday.py took 3.928 seconds
[2026-04-28T19:40:52.384+0000] {processor.py:161} INFO - Started process (PID=424) to work on /home/airflow/.local/lib/python3.12/site-packages/airflow/example_dags/plugins/workday.py
[2026-04-28T19:40:52.388+0000] {processor.py:830} INFO - Processing file /home/airflow/.local/lib/python3.12/site-packages/airflow/example_dags/plugins/workday.py for tasks to queue
[2026-04-28T19:40:52.390+0000] {logging_mixin.py:188} INFO - [2026-04-28T19:40:52.390+0000] {dagbag.py:540} INFO - Filling up the DagBag from /home/airflow/.local/lib/python3.12/site-packages/airflow/example_dags/plugins/workday.py
[2026-04-28T19:40:53.375+0000] {processor.py:842} WARNING - No viable dags retrieved from /home/airflow/.local/lib/python3.12/site-packages/airflow/example_dags/plugins/workday.py
[2026-04-28T19:40:53.389+0000] {processor.py:183} INFO - Processing /home/airflow/.local/lib/python3.12/site-packages/airflow/example_dags/plugins/workday.py took 1.013 seconds
[2026-04-28T19:41:23.666+0000] {processor.py:161} INFO - Started process (PID=483) to work on /home/airflow/.local/lib/python3.12/site-packages/airflow/example_dags/plugins/workday.py
[2026-04-28T19:41:23.667+0000] {processor.py:830} INFO - Processing file /home/airflow/.local/lib/python3.12/site-packages/airflow/example_dags/plugins/workday.py for tasks to queue
[2026-04-28T19:41:23.669+0000] {logging_mixin.py:188} INFO - [2026-04-28T19:41:23.669+0000] {dagbag.py:540} INFO - Filling up the DagBag from /home/airflow/.local/lib/python3.12/site-packages/airflow/example_dags/plugins/workday.py
[2026-04-28T19:41:24.287+0000] {processor.py:842} WARNING - No viable dags retrieved from /home/airflow/.local/lib/python3.12/site-packages/airflow/example_dags/plugins/workday.py
[2026-04-28T19:41:24.297+0000] {processor.py:183} INFO - Processing /home/airflow/.local/lib/python3.12/site-packages/airflow/example_dags/plugins/workday.py took 0.637 seconds
[2026-04-28T19:41:54.892+0000] {processor.py:161} INFO - Started process (PID=543) to work on /home/airflow/.local/lib/python3.12/site-packages/airflow/example_dags/plugins/workday.py
[2026-04-28T19:41:54.893+0000] {processor.py:830} INFO - Processing file /home/airflow/.local/lib/python3.12/site-packages/airflow/example_dags/plugins/workday.py for tasks to queue
[2026-04-28T19:41:54.895+0000] {logging_mixin.py:188} INFO - [2026-04-28T19:41:54.894+0000] {dagbag.py:540} INFO - Filling up the DagBag from /home/airflow/.local/lib/python3.12/site-packages/airflow/example_dags/plugins/workday.py
[2026-04-28T19:41:55.521+0000] {processor.py:842} WARNING - No viable dags retrieved from /home/airflow/.local/lib/python3.12/site-packages/airflow/example_dags/plugins/workday.py
[2026-04-28T19:41:55.531+0000] {processor.py:183} INFO - Processing /home/airflow/.local/lib/python3.12/site-packages/airflow/example_dags/plugins/workday.py took 0.644 seconds
[2026-04-28T19:42:25.907+0000] {processor.py:161} INFO - Started process (PID=605) to work on /home/airflow/.local/lib/python3.12/site-packages/airflow/example_dags/plugins/workday.py
[2026-04-28T19:42:25.910+0000] {processor.py:830} INFO - Processing file /home/airflow/.local/lib/python3.12/site-packages/airflow/example_dags/plugins/workday.py for tasks to queue
[2026-04-28T19:42:25.914+0000] {logging_mixin.py:188} INFO - [2026-04-28T19:42:25.913+0000] {dagbag.py:540} INFO - Filling up the DagBag from /home/airflow/.local/lib/python3.12/site-packages/airflow/example_dags/plugins/workday.py
[2026-04-28T19:42:26.469+0000] {processor.py:842} WARNING - No viable dags retrieved from /home/airflow/.local/lib/python3.12/site-packages/airflow/example_dags/plugins/workday.py
[2026-04-28T19:42:26.481+0000] {processor.py:183} INFO - Processing /home/airflow/.local/lib/python3.12/site-packages/airflow/example_dags/plugins/workday.py took 0.582 seconds
[2026-04-28T19:42:56.783+0000] {processor.py:161} INFO - Started process (PID=664) to work on /home/airflow/.local/lib/python3.12/site-packages/airflow/example_dags/plugins/workday.py
[2026-04-28T19:42:56.786+0000] {processor.py:830} INFO - Processing file /home/airflow/.local/lib/python3.12/site-packages/airflow/example_dags/plugins/workday.py for tasks to queue
[2026-04-28T19:42:56.790+0000] {logging_mixin.py:188} INFO - [2026-04-28T19:42:56.790+0000] {dagbag.py:540} INFO - Filling up the DagBag from /home/airflow/.local/lib/python3.12/site-packages/airflow/example_dags/plugins/workday.py
[2026-04-28T19:42:58.303+0000] {processor.py:842} WARNING - No viable dags retrieved from /home/airflow/.local/lib/python3.12/site-packages/airflow/example_dags/plugins/workday.py
[2026-04-28T19:42:58.346+0000] {processor.py:183} INFO - Processing /home/airflow/.local/lib/python3.12/site-packages/airflow/example_dags/plugins/workday.py took 1.578 seconds
[2026-04-28T19:43:29.202+0000] {processor.py:161} INFO - Started process (PID=728) to work on /home/airflow/.local/lib/python3.12/site-packages/airflow/example_dags/plugins/workday.py
[2026-04-28T19:43:29.203+0000] {processor.py:830} INFO - Processing file /home/airflow/.local/lib/python3.12/site-packages/airflow/example_dags/plugins/workday.py for tasks to queue
[2026-04-28T19:43:29.204+0000] {logging_mixin.py:188} INFO - [2026-04-28T19:43:29.204+0000] {dagbag.py:540} INFO - Filling up the DagBag from /home/airflow/.local/lib/python3.12/site-packages/airflow/example_dags/plugins/workday.py
[2026-04-28T19:43:29.642+0000] {processor.py:842} WARNING - No viable dags retrieved from /home/airflow/.local/lib/python3.12/site-packages/airflow/example_dags/plugins/workday.py
[2026-04-28T19:43:29.652+0000] {processor.py:183} INFO - Processing /home/airflow/.local/lib/python3.12/site-packages/airflow/example_dags/plugins/workday.py took 0.455 seconds
[2026-04-28T19:44:00.368+0000] {processor.py:161} INFO - Started process (PID=788) to work on /home/airflow/.local/lib/python3.12/site-packages/airflow/example_dags/plugins/workday.py
[2026-04-28T19:44:00.370+0000] {processor.py:830} INFO - Processing file /home/airflow/.local/lib/python3.12/site-packages/airflow/example_dags/plugins/workday.py for tasks to queue
[2026-04-28T19:44:00.372+0000] {logging_mixin.py:188} INFO - [2026-04-28T19:44:00.372+0000] {dagbag.py:540} INFO - Filling up the DagBag from /home/airflow/.local/lib/python3.12/site-packages/airflow/example_dags/plugins/workday.py
[2026-04-28T19:44:00.809+0000] {processor.py:842} WARNING - No viable dags retrieved from /home/airflow/.local/lib/python3.12/site-packages/airflow/example_dags/plugins/workday.py
[2026-04-28T19:44:00.819+0000] {processor.py:183} INFO - Processing /home/airflow/.local/lib/python3.12/site-packages/airflow/example_dags/plugins/workday.py took 0.456 seconds
[2026-04-28T19:44:31.382+0000] {processor.py:161} INFO - Started process (PID=848) to work on /home/airflow/.local/lib/python3.12/site-packages/airflow/example_dags/plugins/workday.py
[2026-04-28T19:44:31.383+0000] {processor.py:830} INFO - Processing file /home/airflow/.local/lib/python3.12/site-packages/airflow/example_dags/plugins/workday.py for tasks to queue
[2026-04-28T19:44:31.384+0000] {logging_mixin.py:188} INFO - [2026-04-28T19:44:31.384+0000] {dagbag.py:540} INFO - Filling up the DagBag from /home/airflow/.local/lib/python3.12/site-packages/airflow/example_dags/plugins/workday.py
[2026-04-28T19:44:31.846+0000] {processor.py:842} WARNING - No viable dags retrieved from /home/airflow/.local/lib/python3.12/site-packages/airflow/example_dags/plugins/workday.py
[2026-04-28T19:44:31.856+0000] {processor.py:183} INFO - Processing /home/airflow/.local/lib/python3.12/site-packages/airflow/example_dags/plugins/workday.py took 0.479 seconds
[2026-04-28T19:54:59.208+0000] {processor.py:161} INFO - Started process (PID=225) to work on /home/airflow/.local/lib/python3.12/site-packages/airflow/example_dags/plugins/workday.py
[2026-04-28T19:54:59.216+0000] {processor.py:830} INFO - Processing file /home/airflow/.local/lib/python3.12/site-packages/airflow/example_dags/plugins/workday.py for tasks to queue
[2026-04-28T19:54:59.229+0000] {logging_mixin.py:188} INFO - [2026-04-28T19:54:59.225+0000] {dagbag.py:540} INFO - Filling up the DagBag from /home/airflow/.local/lib/python3.12/site-packages/airflow/example_dags/plugins/workday.py
[2026-04-28T19:55:16.228+0000] {processor.py:842} WARNING - No viable dags retrieved from /home/airflow/.local/lib/python3.12/site-packages/airflow/example_dags/plugins/workday.py
[2026-04-28T19:55:16.372+0000] {processor.py:183} INFO - Processing /home/airflow/.local/lib/python3.12/site-packages/airflow/example_dags/plugins/workday.py took 17.179 seconds
[2026-04-28T19:55:47.372+0000] {processor.py:161} INFO - Started process (PID=311) to work on /home/airflow/.local/lib/python3.12/site-packages/airflow/example_dags/plugins/workday.py
[2026-04-28T19:55:47.375+0000] {processor.py:830} INFO - Processing file /home/airflow/.local/lib/python3.12/site-packages/airflow/example_dags/plugins/workday.py for tasks to queue
[2026-04-28T19:55:47.377+0000] {logging_mixin.py:188} INFO - [2026-04-28T19:55:47.377+0000] {dagbag.py:540} INFO - Filling up the DagBag from /home/airflow/.local/lib/python3.12/site-packages/airflow/example_dags/plugins/workday.py
[2026-04-28T19:55:48.096+0000] {processor.py:842} WARNING - No viable dags retrieved from /home/airflow/.local/lib/python3.12/site-packages/airflow/example_dags/plugins/workday.py
[2026-04-28T19:55:48.112+0000] {processor.py:183} INFO - Processing /home/airflow/.local/lib/python3.12/site-packages/airflow/example_dags/plugins/workday.py took 0.748 seconds
[2026-04-28T19:56:19.314+0000] {processor.py:161} INFO - Started process (PID=376) to work on /home/airflow/.local/lib/python3.12/site-packages/airflow/example_dags/plugins/workday.py
[2026-04-28T19:56:19.315+0000] {processor.py:830} INFO - Processing file /home/airflow/.local/lib/python3.12/site-packages/airflow/example_dags/plugins/workday.py for tasks to queue
[2026-04-28T19:56:19.317+0000] {logging_mixin.py:188} INFO - [2026-04-28T19:56:19.316+0000] {dagbag.py:540} INFO - Filling up the DagBag from /home/airflow/.local/lib/python3.12/site-packages/airflow/example_dags/plugins/workday.py
[2026-04-28T19:56:19.902+0000] {processor.py:842} WARNING - No viable dags retrieved from /home/airflow/.local/lib/python3.12/site-packages/airflow/example_dags/plugins/workday.py
[2026-04-28T19:56:19.915+0000] {processor.py:183} INFO - Processing /home/airflow/.local/lib/python3.12/site-packages/airflow/example_dags/plugins/workday.py took 0.609 seconds
[2026-04-28T19:56:50.067+0000] {processor.py:161} INFO - Started process (PID=436) to work on /home/airflow/.local/lib/python3.12/site-packages/airflow/example_dags/plugins/workday.py
[2026-04-28T19:56:50.067+0000] {processor.py:830} INFO - Processing file /home/airflow/.local/lib/python3.12/site-packages/airflow/example_dags/plugins/workday.py for tasks to queue
[2026-04-28T19:56:50.069+0000] {logging_mixin.py:188} INFO - [2026-04-28T19:56:50.069+0000] {dagbag.py:540} INFO - Filling up the DagBag from /home/airflow/.local/lib/python3.12/site-packages/airflow/example_dags/plugins/workday.py
[2026-04-28T19:56:50.544+0000] {processor.py:842} WARNING - No viable dags retrieved from /home/airflow/.local/lib/python3.12/site-packages/airflow/example_dags/plugins/workday.py
[2026-04-28T19:56:50.554+0000] {processor.py:183} INFO - Processing /home/airflow/.local/lib/python3.12/site-packages/airflow/example_dags/plugins/workday.py took 0.493 seconds
[2026-04-28T19:57:21.880+0000] {processor.py:161} INFO - Started process (PID=502) to work on /home/airflow/.local/lib/python3.12/site-packages/airflow/example_dags/plugins/workday.py
[2026-04-28T19:57:21.882+0000] {processor.py:830} INFO - Processing file /home/airflow/.local/lib/python3.12/site-packages/airflow/example_dags/plugins/workday.py for tasks to queue
[2026-04-28T19:57:21.884+0000] {logging_mixin.py:188} INFO - [2026-04-28T19:57:21.884+0000] {dagbag.py:540} INFO - Filling up the DagBag from /home/airflow/.local/lib/python3.12/site-packages/airflow/example_dags/plugins/workday.py
[2026-04-28T19:57:22.439+0000] {processor.py:842} WARNING - No viable dags retrieved from /home/airflow/.local/lib/python3.12/site-packages/airflow/example_dags/plugins/workday.py
[2026-04-28T19:57:22.449+0000] {processor.py:183} INFO - Processing /home/airflow/.local/lib/python3.12/site-packages/airflow/example_dags/plugins/workday.py took 0.576 seconds
[2026-04-28T19:57:53.843+0000] {processor.py:161} INFO - Started process (PID=568) to work on /home/airflow/.local/lib/python3.12/site-packages/airflow/example_dags/plugins/workday.py
[2026-04-28T19:57:53.844+0000] {processor.py:830} INFO - Processing file /home/airflow/.local/lib/python3.12/site-packages/airflow/example_dags/plugins/workday.py for tasks to queue
[2026-04-28T19:57:53.846+0000] {logging_mixin.py:188} INFO - [2026-04-28T19:57:53.846+0000] {dagbag.py:540} INFO - Filling up the DagBag from /home/airflow/.local/lib/python3.12/site-packages/airflow/example_dags/plugins/workday.py
[2026-04-28T19:57:54.373+0000] {processor.py:842} WARNING - No viable dags retrieved from /home/airflow/.local/lib/python3.12/site-packages/airflow/example_dags/plugins/workday.py
[2026-04-28T19:57:54.406+0000] {processor.py:183} INFO - Processing /home/airflow/.local/lib/python3.12/site-packages/airflow/example_dags/plugins/workday.py took 0.570 seconds
[2026-04-28T19:58:25.442+0000] {processor.py:161} INFO - Started process (PID=632) to work on /home/airflow/.local/lib/python3.12/site-packages/airflow/example_dags/plugins/workday.py
[2026-04-28T19:58:25.444+0000] {processor.py:830} INFO - Processing file /home/airflow/.local/lib/python3.12/site-packages/airflow/example_dags/plugins/workday.py for tasks to queue
[2026-04-28T19:58:25.450+0000] {logging_mixin.py:188} INFO - [2026-04-28T19:58:25.447+0000] {dagbag.py:540} INFO - Filling up the DagBag from /home/airflow/.local/lib/python3.12/site-packages/airflow/example_dags/plugins/workday.py
[2026-04-28T19:58:26.641+0000] {processor.py:842} WARNING - No viable dags retrieved from /home/airflow/.local/lib/python3.12/site-packages/airflow/example_dags/plugins/workday.py
[2026-04-28T19:58:26.652+0000] {processor.py:183} INFO - Processing /home/airflow/.local/lib/python3.12/site-packages/airflow/example_dags/plugins/workday.py took 1.223 seconds
[2026-04-28T19:58:57.157+0000] {processor.py:161} INFO - Started process (PID=695) to work on /home/airflow/.local/lib/python3.12/site-packages/airflow/example_dags/plugins/workday.py
[2026-04-28T19:58:57.162+0000] {processor.py:830} INFO - Processing file /home/airflow/.local/lib/python3.12/site-packages/airflow/example_dags/plugins/workday.py for tasks to queue
[2026-04-28T19:58:57.167+0000] {logging_mixin.py:188} INFO - [2026-04-28T19:58:57.166+0000] {dagbag.py:540} INFO - Filling up the DagBag from /home/airflow/.local/lib/python3.12/site-packages/airflow/example_dags/plugins/workday.py
[2026-04-28T19:58:58.000+0000] {processor.py:842} WARNING - No viable dags retrieved from /home/airflow/.local/lib/python3.12/site-packages/airflow/example_dags/plugins/workday.py
[2026-04-28T19:58:58.013+0000] {processor.py:183} INFO - Processing /home/airflow/.local/lib/python3.12/site-packages/airflow/example_dags/plugins/workday.py took 0.869 seconds
[2026-04-28T19:59:28.632+0000] {processor.py:161} INFO - Started process (PID=754) to work on /home/airflow/.local/lib/python3.12/site-packages/airflow/example_dags/plugins/workday.py
[2026-04-28T19:59:28.633+0000] {processor.py:830} INFO - Processing file /home/airflow/.local/lib/python3.12/site-packages/airflow/example_dags/plugins/workday.py for tasks to queue
[2026-04-28T19:59:28.634+0000] {logging_mixin.py:188} INFO - [2026-04-28T19:59:28.634+0000] {dagbag.py:540} INFO - Filling up the DagBag from /home/airflow/.local/lib/python3.12/site-packages/airflow/example_dags/plugins/workday.py
[2026-04-28T19:59:29.074+0000] {processor.py:842} WARNING - No viable dags retrieved from /home/airflow/.local/lib/python3.12/site-packages/airflow/example_dags/plugins/workday.py
[2026-04-28T19:59:29.084+0000] {processor.py:183} INFO - Processing /home/airflow/.local/lib/python3.12/site-packages/airflow/example_dags/plugins/workday.py took 0.457 seconds
[2026-04-28T19:59:59.389+0000] {processor.py:161} INFO - Started process (PID=814) to work on /home/airflow/.local/lib/python3.12/site-packages/airflow/example_dags/plugins/workday.py
[2026-04-28T19:59:59.391+0000] {processor.py:830} INFO - Processing file /home/airflow/.local/lib/python3.12/site-packages/airflow/example_dags/plugins/workday.py for tasks to queue
[2026-04-28T19:59:59.401+0000] {logging_mixin.py:188} INFO - [2026-04-28T19:59:59.400+0000] {dagbag.py:540} INFO - Filling up the DagBag from /home/airflow/.local/lib/python3.12/site-packages/airflow/example_dags/plugins/workday.py
[2026-04-28T19:59:59.975+0000] {processor.py:842} WARNING - No viable dags retrieved from /home/airflow/.local/lib/python3.12/site-packages/airflow/example_dags/plugins/workday.py
[2026-04-28T19:59:59.985+0000] {processor.py:183} INFO - Processing /home/airflow/.local/lib/python3.12/site-packages/airflow/example_dags/plugins/workday.py took 0.605 seconds
[2026-04-28T20:00:30.893+0000] {processor.py:161} INFO - Started process (PID=876) to work on /home/airflow/.local/lib/python3.12/site-packages/airflow/example_dags/plugins/workday.py
[2026-04-28T20:00:30.894+0000] {processor.py:830} INFO - Processing file /home/airflow/.local/lib/python3.12/site-packages/airflow/example_dags/plugins/workday.py for tasks to queue
[2026-04-28T20:00:30.895+0000] {logging_mixin.py:188} INFO - [2026-04-28T20:00:30.895+0000] {dagbag.py:540} INFO - Filling up the DagBag from /home/airflow/.local/lib/python3.12/site-packages/airflow/example_dags/plugins/workday.py
[2026-04-28T20:00:31.338+0000] {processor.py:842} WARNING - No viable dags retrieved from /home/airflow/.local/lib/python3.12/site-packages/airflow/example_dags/plugins/workday.py
[2026-04-28T20:00:31.348+0000] {processor.py:183} INFO - Processing /home/airflow/.local/lib/python3.12/site-packages/airflow/example_dags/plugins/workday.py took 0.461 seconds
[2026-04-28T20:01:01.707+0000] {processor.py:161} INFO - Started process (PID=935) to work on /home/airflow/.local/lib/python3.12/site-packages/airflow/example_dags/plugins/workday.py
[2026-04-28T20:01:01.708+0000] {processor.py:830} INFO - Processing file /home/airflow/.local/lib/python3.12/site-packages/airflow/example_dags/plugins/workday.py for tasks to queue
[2026-04-28T20:01:01.709+0000] {logging_mixin.py:188} INFO - [2026-04-28T20:01:01.709+0000] {dagbag.py:540} INFO - Filling up the DagBag from /home/airflow/.local/lib/python3.12/site-packages/airflow/example_dags/plugins/workday.py
[2026-04-28T20:01:02.125+0000] {processor.py:842} WARNING - No viable dags retrieved from /home/airflow/.local/lib/python3.12/site-packages/airflow/example_dags/plugins/workday.py
[2026-04-28T20:01:02.136+0000] {processor.py:183} INFO - Processing /home/airflow/.local/lib/python3.12/site-packages/airflow/example_dags/plugins/workday.py took 0.436 seconds
[2026-04-28T20:01:32.678+0000] {processor.py:161} INFO - Started process (PID=995) to work on /home/airflow/.local/lib/python3.12/site-packages/airflow/example_dags/plugins/workday.py
[2026-04-28T20:01:32.679+0000] {processor.py:830} INFO - Processing file /home/airflow/.local/lib/python3.12/site-packages/airflow/example_dags/plugins/workday.py for tasks to queue
[2026-04-28T20:01:32.680+0000] {logging_mixin.py:188} INFO - [2026-04-28T20:01:32.680+0000] {dagbag.py:540} INFO - Filling up the DagBag from /home/airflow/.local/lib/python3.12/site-packages/airflow/example_dags/plugins/workday.py
[2026-04-28T20:01:33.132+0000] {processor.py:842} WARNING - No viable dags retrieved from /home/airflow/.local/lib/python3.12/site-packages/airflow/example_dags/plugins/workday.py
[2026-04-28T20:01:33.151+0000] {processor.py:183} INFO - Processing /home/airflow/.local/lib/python3.12/site-packages/airflow/example_dags/plugins/workday.py took 0.478 seconds
[2026-04-28T20:02:04.423+0000] {processor.py:161} INFO - Started process (PID=1057) to work on /home/airflow/.local/lib/python3.12/site-packages/airflow/example_dags/plugins/workday.py
[2026-04-28T20:02:04.424+0000] {processor.py:830} INFO - Processing file /home/airflow/.local/lib/python3.12/site-packages/airflow/example_dags/plugins/workday.py for tasks to queue
[2026-04-28T20:02:04.426+0000] {logging_mixin.py:188} INFO - [2026-04-28T20:02:04.425+0000] {dagbag.py:540} INFO - Filling up the DagBag from /home/airflow/.local/lib/python3.12/site-packages/airflow/example_dags/plugins/workday.py
[2026-04-28T20:02:05.261+0000] {processor.py:842} WARNING - No viable dags retrieved from /home/airflow/.local/lib/python3.12/site-packages/airflow/example_dags/plugins/workday.py
[2026-04-28T20:02:05.289+0000] {processor.py:183} INFO - Processing /home/airflow/.local/lib/python3.12/site-packages/airflow/example_dags/plugins/workday.py took 0.874 seconds
[2026-04-28T20:02:35.703+0000] {processor.py:161} INFO - Started process (PID=1118) to work on /home/airflow/.local/lib/python3.12/site-packages/airflow/example_dags/plugins/workday.py
[2026-04-28T20:02:35.705+0000] {processor.py:830} INFO - Processing file /home/airflow/.local/lib/python3.12/site-packages/airflow/example_dags/plugins/workday.py for tasks to queue
[2026-04-28T20:02:35.708+0000] {logging_mixin.py:188} INFO - [2026-04-28T20:02:35.707+0000] {dagbag.py:540} INFO - Filling up the DagBag from /home/airflow/.local/lib/python3.12/site-packages/airflow/example_dags/plugins/workday.py
[2026-04-28T20:02:36.352+0000] {processor.py:842} WARNING - No viable dags retrieved from /home/airflow/.local/lib/python3.12/site-packages/airflow/example_dags/plugins/workday.py
[2026-04-28T20:02:36.366+0000] {processor.py:183} INFO - Processing /home/airflow/.local/lib/python3.12/site-packages/airflow/example_dags/plugins/workday.py took 0.675 seconds
[2026-04-28T20:03:06.487+0000] {processor.py:161} INFO - Started process (PID=1178) to work on /home/airflow/.local/lib/python3.12/site-packages/airflow/example_dags/plugins/workday.py
[2026-04-28T20:03:06.492+0000] {processor.py:830} INFO - Processing file /home/airflow/.local/lib/python3.12/site-packages/airflow/example_dags/plugins/workday.py for tasks to queue
[2026-04-28T20:03:06.494+0000] {logging_mixin.py:188} INFO - [2026-04-28T20:03:06.494+0000] {dagbag.py:540} INFO - Filling up the DagBag from /home/airflow/.local/lib/python3.12/site-packages/airflow/example_dags/plugins/workday.py
[2026-04-28T20:03:07.510+0000] {processor.py:842} WARNING - No viable dags retrieved from /home/airflow/.local/lib/python3.12/site-packages/airflow/example_dags/plugins/workday.py
[2026-04-28T20:03:07.520+0000] {processor.py:183} INFO - Processing /home/airflow/.local/lib/python3.12/site-packages/airflow/example_dags/plugins/workday.py took 1.040 seconds
[2026-04-28T20:03:38.376+0000] {processor.py:161} INFO - Started process (PID=1237) to work on /home/airflow/.local/lib/python3.12/site-packages/airflow/example_dags/plugins/workday.py
[2026-04-28T20:03:38.378+0000] {processor.py:830} INFO - Processing file /home/airflow/.local/lib/python3.12/site-packages/airflow/example_dags/plugins/workday.py for tasks to queue
[2026-04-28T20:03:38.380+0000] {logging_mixin.py:188} INFO - [2026-04-28T20:03:38.380+0000] {dagbag.py:540} INFO - Filling up the DagBag from /home/airflow/.local/lib/python3.12/site-packages/airflow/example_dags/plugins/workday.py
[2026-04-28T20:03:39.218+0000] {processor.py:842} WARNING - No viable dags retrieved from /home/airflow/.local/lib/python3.12/site-packages/airflow/example_dags/plugins/workday.py
[2026-04-28T20:03:39.229+0000] {processor.py:183} INFO - Processing /home/airflow/.local/lib/python3.12/site-packages/airflow/example_dags/plugins/workday.py took 0.860 seconds
[2026-04-28T20:04:10.071+0000] {processor.py:161} INFO - Started process (PID=1299) to work on /home/airflow/.local/lib/python3.12/site-packages/airflow/example_dags/plugins/workday.py
[2026-04-28T20:04:10.078+0000] {processor.py:830} INFO - Processing file /home/airflow/.local/lib/python3.12/site-packages/airflow/example_dags/plugins/workday.py for tasks to queue
[2026-04-28T20:04:10.083+0000] {logging_mixin.py:188} INFO - [2026-04-28T20:04:10.083+0000] {dagbag.py:540} INFO - Filling up the DagBag from /home/airflow/.local/lib/python3.12/site-packages/airflow/example_dags/plugins/workday.py
[2026-04-28T20:04:11.451+0000] {processor.py:842} WARNING - No viable dags retrieved from /home/airflow/.local/lib/python3.12/site-packages/airflow/example_dags/plugins/workday.py
[2026-04-28T20:04:11.465+0000] {processor.py:183} INFO - Processing /home/airflow/.local/lib/python3.12/site-packages/airflow/example_dags/plugins/workday.py took 1.401 seconds
[2026-04-28T20:04:41.728+0000] {processor.py:161} INFO - Started process (PID=1362) to work on /home/airflow/.local/lib/python3.12/site-packages/airflow/example_dags/plugins/workday.py
[2026-04-28T20:04:41.736+0000] {processor.py:830} INFO - Processing file /home/airflow/.local/lib/python3.12/site-packages/airflow/example_dags/plugins/workday.py for tasks to queue
[2026-04-28T20:04:41.738+0000] {logging_mixin.py:188} INFO - [2026-04-28T20:04:41.738+0000] {dagbag.py:540} INFO - Filling up the DagBag from /home/airflow/.local/lib/python3.12/site-packages/airflow/example_dags/plugins/workday.py
[2026-04-28T20:04:44.159+0000] {processor.py:842} WARNING - No viable dags retrieved from /home/airflow/.local/lib/python3.12/site-packages/airflow/example_dags/plugins/workday.py
[2026-04-28T20:04:44.174+0000] {processor.py:183} INFO - Processing /home/airflow/.local/lib/python3.12/site-packages/airflow/example_dags/plugins/workday.py took 2.476 seconds
[2026-04-28T20:05:15.182+0000] {processor.py:161} INFO - Started process (PID=1424) to work on /home/airflow/.local/lib/python3.12/site-packages/airflow/example_dags/plugins/workday.py
[2026-04-28T20:05:15.186+0000] {processor.py:830} INFO - Processing file /home/airflow/.local/lib/python3.12/site-packages/airflow/example_dags/plugins/workday.py for tasks to queue
[2026-04-28T20:05:15.188+0000] {logging_mixin.py:188} INFO - [2026-04-28T20:05:15.187+0000] {dagbag.py:540} INFO - Filling up the DagBag from /home/airflow/.local/lib/python3.12/site-packages/airflow/example_dags/plugins/workday.py
[2026-04-28T20:05:16.221+0000] {processor.py:842} WARNING - No viable dags retrieved from /home/airflow/.local/lib/python3.12/site-packages/airflow/example_dags/plugins/workday.py
[2026-04-28T20:05:16.233+0000] {processor.py:183} INFO - Processing /home/airflow/.local/lib/python3.12/site-packages/airflow/example_dags/plugins/workday.py took 1.057 seconds
[2026-04-28T20:05:46.408+0000] {processor.py:161} INFO - Started process (PID=1484) to work on /home/airflow/.local/lib/python3.12/site-packages/airflow/example_dags/plugins/workday.py
[2026-04-28T20:05:46.412+0000] {processor.py:830} INFO - Processing file /home/airflow/.local/lib/python3.12/site-packages/airflow/example_dags/plugins/workday.py for tasks to queue
[2026-04-28T20:05:46.414+0000] {logging_mixin.py:188} INFO - [2026-04-28T20:05:46.413+0000] {dagbag.py:540} INFO - Filling up the DagBag from /home/airflow/.local/lib/python3.12/site-packages/airflow/example_dags/plugins/workday.py
[2026-04-28T20:05:47.069+0000] {processor.py:842} WARNING - No viable dags retrieved from /home/airflow/.local/lib/python3.12/site-packages/airflow/example_dags/plugins/workday.py
[2026-04-28T20:05:47.081+0000] {processor.py:183} INFO - Processing /home/airflow/.local/lib/python3.12/site-packages/airflow/example_dags/plugins/workday.py took 0.679 seconds
[2026-04-28T20:06:17.189+0000] {processor.py:161} INFO - Started process (PID=1543) to work on /home/airflow/.local/lib/python3.12/site-packages/airflow/example_dags/plugins/workday.py
[2026-04-28T20:06:17.189+0000] {processor.py:830} INFO - Processing file /home/airflow/.local/lib/python3.12/site-packages/airflow/example_dags/plugins/workday.py for tasks to queue
[2026-04-28T20:06:17.191+0000] {logging_mixin.py:188} INFO - [2026-04-28T20:06:17.191+0000] {dagbag.py:540} INFO - Filling up the DagBag from /home/airflow/.local/lib/python3.12/site-packages/airflow/example_dags/plugins/workday.py
[2026-04-28T20:06:17.689+0000] {processor.py:842} WARNING - No viable dags retrieved from /home/airflow/.local/lib/python3.12/site-packages/airflow/example_dags/plugins/workday.py
[2026-04-28T20:06:17.701+0000] {processor.py:183} INFO - Processing /home/airflow/.local/lib/python3.12/site-packages/airflow/example_dags/plugins/workday.py took 0.519 seconds
[2026-04-28T20:06:48.593+0000] {processor.py:161} INFO - Started process (PID=1608) to work on /home/airflow/.local/lib/python3.12/site-packages/airflow/example_dags/plugins/workday.py
[2026-04-28T20:06:48.597+0000] {processor.py:830} INFO - Processing file /home/airflow/.local/lib/python3.12/site-packages/airflow/example_dags/plugins/workday.py for tasks to queue
[2026-04-28T20:06:48.599+0000] {logging_mixin.py:188} INFO - [2026-04-28T20:06:48.599+0000] {dagbag.py:540} INFO - Filling up the DagBag from /home/airflow/.local/lib/python3.12/site-packages/airflow/example_dags/plugins/workday.py
[2026-04-28T20:06:49.103+0000] {processor.py:842} WARNING - No viable dags retrieved from /home/airflow/.local/lib/python3.12/site-packages/airflow/example_dags/plugins/workday.py
[2026-04-28T20:06:49.115+0000] {processor.py:183} INFO - Processing /home/airflow/.local/lib/python3.12/site-packages/airflow/example_dags/plugins/workday.py took 0.528 seconds
[2026-04-28T20:07:19.803+0000] {processor.py:161} INFO - Started process (PID=1668) to work on /home/airflow/.local/lib/python3.12/site-packages/airflow/example_dags/plugins/workday.py
[2026-04-28T20:07:19.804+0000] {processor.py:830} INFO - Processing file /home/airflow/.local/lib/python3.12/site-packages/airflow/example_dags/plugins/workday.py for tasks to queue
[2026-04-28T20:07:19.806+0000] {logging_mixin.py:188} INFO - [2026-04-28T20:07:19.805+0000] {dagbag.py:540} INFO - Filling up the DagBag from /home/airflow/.local/lib/python3.12/site-packages/airflow/example_dags/plugins/workday.py
[2026-04-28T20:07:20.260+0000] {processor.py:842} WARNING - No viable dags retrieved from /home/airflow/.local/lib/python3.12/site-packages/airflow/example_dags/plugins/workday.py
[2026-04-28T20:07:20.284+0000] {processor.py:183} INFO - Processing /home/airflow/.local/lib/python3.12/site-packages/airflow/example_dags/plugins/workday.py took 0.489 seconds
[2026-04-28T20:07:51.690+0000] {processor.py:161} INFO - Started process (PID=1732) to work on /home/airflow/.local/lib/python3.12/site-packages/airflow/example_dags/plugins/workday.py
[2026-04-28T20:07:51.694+0000] {processor.py:830} INFO - Processing file /home/airflow/.local/lib/python3.12/site-packages/airflow/example_dags/plugins/workday.py for tasks to queue
[2026-04-28T20:07:51.697+0000] {logging_mixin.py:188} INFO - [2026-04-28T20:07:51.697+0000] {dagbag.py:540} INFO - Filling up the DagBag from /home/airflow/.local/lib/python3.12/site-packages/airflow/example_dags/plugins/workday.py
[2026-04-28T20:07:52.195+0000] {processor.py:842} WARNING - No viable dags retrieved from /home/airflow/.local/lib/python3.12/site-packages/airflow/example_dags/plugins/workday.py
[2026-04-28T20:07:52.211+0000] {processor.py:183} INFO - Processing /home/airflow/.local/lib/python3.12/site-packages/airflow/example_dags/plugins/workday.py took 0.539 seconds
[2026-04-28T20:08:22.828+0000] {processor.py:161} INFO - Started process (PID=1792) to work on /home/airflow/.local/lib/python3.12/site-packages/airflow/example_dags/plugins/workday.py
[2026-04-28T20:08:22.829+0000] {processor.py:830} INFO - Processing file /home/airflow/.local/lib/python3.12/site-packages/airflow/example_dags/plugins/workday.py for tasks to queue
[2026-04-28T20:08:22.831+0000] {logging_mixin.py:188} INFO - [2026-04-28T20:08:22.830+0000] {dagbag.py:540} INFO - Filling up the DagBag from /home/airflow/.local/lib/python3.12/site-packages/airflow/example_dags/plugins/workday.py
[2026-04-28T20:08:23.116+0000] {processor.py:842} WARNING - No viable dags retrieved from /home/airflow/.local/lib/python3.12/site-packages/airflow/example_dags/plugins/workday.py
[2026-04-28T20:08:23.127+0000] {processor.py:183} INFO - Processing /home/airflow/.local/lib/python3.12/site-packages/airflow/example_dags/plugins/workday.py took 0.307 seconds
[2026-04-28T20:08:53.520+0000] {processor.py:161} INFO - Started process (PID=1851) to work on /home/airflow/.local/lib/python3.12/site-packages/airflow/example_dags/plugins/workday.py
[2026-04-28T20:08:53.521+0000] {processor.py:830} INFO - Processing file /home/airflow/.local/lib/python3.12/site-packages/airflow/example_dags/plugins/workday.py for tasks to queue
[2026-04-28T20:08:53.523+0000] {logging_mixin.py:188} INFO - [2026-04-28T20:08:53.522+0000] {dagbag.py:540} INFO - Filling up the DagBag from /home/airflow/.local/lib/python3.12/site-packages/airflow/example_dags/plugins/workday.py
[2026-04-28T20:08:53.798+0000] {processor.py:842} WARNING - No viable dags retrieved from /home/airflow/.local/lib/python3.12/site-packages/airflow/example_dags/plugins/workday.py
[2026-04-28T20:08:53.810+0000] {processor.py:183} INFO - Processing /home/airflow/.local/lib/python3.12/site-packages/airflow/example_dags/plugins/workday.py took 0.295 seconds
[2026-04-28T20:09:24.431+0000] {processor.py:161} INFO - Started process (PID=1911) to work on /home/airflow/.local/lib/python3.12/site-packages/airflow/example_dags/plugins/workday.py
[2026-04-28T20:09:24.432+0000] {processor.py:830} INFO - Processing file /home/airflow/.local/lib/python3.12/site-packages/airflow/example_dags/plugins/workday.py for tasks to queue
[2026-04-28T20:09:24.434+0000] {logging_mixin.py:188} INFO - [2026-04-28T20:09:24.433+0000] {dagbag.py:540} INFO - Filling up the DagBag from /home/airflow/.local/lib/python3.12/site-packages/airflow/example_dags/plugins/workday.py
[2026-04-28T20:09:24.733+0000] {processor.py:842} WARNING - No viable dags retrieved from /home/airflow/.local/lib/python3.12/site-packages/airflow/example_dags/plugins/workday.py
[2026-04-28T20:09:24.745+0000] {processor.py:183} INFO - Processing /home/airflow/.local/lib/python3.12/site-packages/airflow/example_dags/plugins/workday.py took 0.319 seconds
[2026-04-28T20:09:55.133+0000] {processor.py:161} INFO - Started process (PID=1972) to work on /home/airflow/.local/lib/python3.12/site-packages/airflow/example_dags/plugins/workday.py
[2026-04-28T20:09:55.136+0000] {processor.py:830} INFO - Processing file /home/airflow/.local/lib/python3.12/site-packages/airflow/example_dags/plugins/workday.py for tasks to queue
[2026-04-28T20:09:55.138+0000] {logging_mixin.py:188} INFO - [2026-04-28T20:09:55.138+0000] {dagbag.py:540} INFO - Filling up the DagBag from /home/airflow/.local/lib/python3.12/site-packages/airflow/example_dags/plugins/workday.py
[2026-04-28T20:09:55.557+0000] {processor.py:842} WARNING - No viable dags retrieved from /home/airflow/.local/lib/python3.12/site-packages/airflow/example_dags/plugins/workday.py
[2026-04-28T20:09:55.569+0000] {processor.py:183} INFO - Processing /home/airflow/.local/lib/python3.12/site-packages/airflow/example_dags/plugins/workday.py took 0.443 seconds
[2026-04-28T20:10:25.721+0000] {processor.py:161} INFO - Started process (PID=2031) to work on /home/airflow/.local/lib/python3.12/site-packages/airflow/example_dags/plugins/workday.py
[2026-04-28T20:10:25.722+0000] {processor.py:830} INFO - Processing file /home/airflow/.local/lib/python3.12/site-packages/airflow/example_dags/plugins/workday.py for tasks to queue
[2026-04-28T20:10:25.724+0000] {logging_mixin.py:188} INFO - [2026-04-28T20:10:25.724+0000] {dagbag.py:540} INFO - Filling up the DagBag from /home/airflow/.local/lib/python3.12/site-packages/airflow/example_dags/plugins/workday.py
[2026-04-28T20:10:26.222+0000] {processor.py:842} WARNING - No viable dags retrieved from /home/airflow/.local/lib/python3.12/site-packages/airflow/example_dags/plugins/workday.py
[2026-04-28T20:10:26.235+0000] {processor.py:183} INFO - Processing /home/airflow/.local/lib/python3.12/site-packages/airflow/example_dags/plugins/workday.py took 0.522 seconds
[2026-04-28T20:10:56.604+0000] {processor.py:161} INFO - Started process (PID=2091) to work on /home/airflow/.local/lib/python3.12/site-packages/airflow/example_dags/plugins/workday.py
[2026-04-28T20:10:56.605+0000] {processor.py:830} INFO - Processing file /home/airflow/.local/lib/python3.12/site-packages/airflow/example_dags/plugins/workday.py for tasks to queue
[2026-04-28T20:10:56.614+0000] {logging_mixin.py:188} INFO - [2026-04-28T20:10:56.614+0000] {dagbag.py:540} INFO - Filling up the DagBag from /home/airflow/.local/lib/python3.12/site-packages/airflow/example_dags/plugins/workday.py
[2026-04-28T20:10:57.911+0000] {processor.py:842} WARNING - No viable dags retrieved from /home/airflow/.local/lib/python3.12/site-packages/airflow/example_dags/plugins/workday.py
[2026-04-28T20:10:57.947+0000] {processor.py:183} INFO - Processing /home/airflow/.local/lib/python3.12/site-packages/airflow/example_dags/plugins/workday.py took 1.375 seconds
[2026-04-28T20:11:28.061+0000] {processor.py:161} INFO - Started process (PID=2151) to work on /home/airflow/.local/lib/python3.12/site-packages/airflow/example_dags/plugins/workday.py
[2026-04-28T20:11:28.070+0000] {processor.py:830} INFO - Processing file /home/airflow/.local/lib/python3.12/site-packages/airflow/example_dags/plugins/workday.py for tasks to queue
[2026-04-28T20:11:28.073+0000] {logging_mixin.py:188} INFO - [2026-04-28T20:11:28.072+0000] {dagbag.py:540} INFO - Filling up the DagBag from /home/airflow/.local/lib/python3.12/site-packages/airflow/example_dags/plugins/workday.py
[2026-04-28T20:11:28.982+0000] {processor.py:842} WARNING - No viable dags retrieved from /home/airflow/.local/lib/python3.12/site-packages/airflow/example_dags/plugins/workday.py
[2026-04-28T20:11:28.999+0000] {processor.py:183} INFO - Processing /home/airflow/.local/lib/python3.12/site-packages/airflow/example_dags/plugins/workday.py took 0.948 seconds
[2026-04-28T20:11:59.569+0000] {processor.py:161} INFO - Started process (PID=2212) to work on /home/airflow/.local/lib/python3.12/site-packages/airflow/example_dags/plugins/workday.py
[2026-04-28T20:11:59.572+0000] {processor.py:830} INFO - Processing file /home/airflow/.local/lib/python3.12/site-packages/airflow/example_dags/plugins/workday.py for tasks to queue
[2026-04-28T20:11:59.576+0000] {logging_mixin.py:188} INFO - [2026-04-28T20:11:59.573+0000] {dagbag.py:540} INFO - Filling up the DagBag from /home/airflow/.local/lib/python3.12/site-packages/airflow/example_dags/plugins/workday.py
[2026-04-28T20:12:00.014+0000] {processor.py:842} WARNING - No viable dags retrieved from /home/airflow/.local/lib/python3.12/site-packages/airflow/example_dags/plugins/workday.py
[2026-04-28T20:12:00.025+0000] {processor.py:183} INFO - Processing /home/airflow/.local/lib/python3.12/site-packages/airflow/example_dags/plugins/workday.py took 0.463 seconds
[2026-04-28T20:12:30.344+0000] {processor.py:161} INFO - Started process (PID=2272) to work on /home/airflow/.local/lib/python3.12/site-packages/airflow/example_dags/plugins/workday.py
[2026-04-28T20:12:30.345+0000] {processor.py:830} INFO - Processing file /home/airflow/.local/lib/python3.12/site-packages/airflow/example_dags/plugins/workday.py for tasks to queue
[2026-04-28T20:12:30.347+0000] {logging_mixin.py:188} INFO - [2026-04-28T20:12:30.347+0000] {dagbag.py:540} INFO - Filling up the DagBag from /home/airflow/.local/lib/python3.12/site-packages/airflow/example_dags/plugins/workday.py
[2026-04-28T20:12:31.012+0000] {processor.py:842} WARNING - No viable dags retrieved from /home/airflow/.local/lib/python3.12/site-packages/airflow/example_dags/plugins/workday.py
[2026-04-28T20:12:31.025+0000] {processor.py:183} INFO - Processing /home/airflow/.local/lib/python3.12/site-packages/airflow/example_dags/plugins/workday.py took 0.688 seconds
[2026-04-28T20:13:01.893+0000] {processor.py:161} INFO - Started process (PID=2331) to work on /home/airflow/.local/lib/python3.12/site-packages/airflow/example_dags/plugins/workday.py
[2026-04-28T20:13:01.896+0000] {processor.py:830} INFO - Processing file /home/airflow/.local/lib/python3.12/site-packages/airflow/example_dags/plugins/workday.py for tasks to queue
[2026-04-28T20:13:01.898+0000] {logging_mixin.py:188} INFO - [2026-04-28T20:13:01.898+0000] {dagbag.py:540} INFO - Filling up the DagBag from /home/airflow/.local/lib/python3.12/site-packages/airflow/example_dags/plugins/workday.py
[2026-04-28T20:13:02.884+0000] {processor.py:842} WARNING - No viable dags retrieved from /home/airflow/.local/lib/python3.12/site-packages/airflow/example_dags/plugins/workday.py
[2026-04-28T20:13:02.901+0000] {processor.py:183} INFO - Processing /home/airflow/.local/lib/python3.12/site-packages/airflow/example_dags/plugins/workday.py took 1.015 seconds
[2026-04-28T20:13:33.016+0000] {processor.py:161} INFO - Started process (PID=2392) to work on /home/airflow/.local/lib/python3.12/site-packages/airflow/example_dags/plugins/workday.py
[2026-04-28T20:13:33.019+0000] {processor.py:830} INFO - Processing file /home/airflow/.local/lib/python3.12/site-packages/airflow/example_dags/plugins/workday.py for tasks to queue
[2026-04-28T20:13:33.021+0000] {logging_mixin.py:188} INFO - [2026-04-28T20:13:33.021+0000] {dagbag.py:540} INFO - Filling up the DagBag from /home/airflow/.local/lib/python3.12/site-packages/airflow/example_dags/plugins/workday.py
[2026-04-28T20:13:33.773+0000] {processor.py:842} WARNING - No viable dags retrieved from /home/airflow/.local/lib/python3.12/site-packages/airflow/example_dags/plugins/workday.py
[2026-04-28T20:13:33.790+0000] {processor.py:183} INFO - Processing /home/airflow/.local/lib/python3.12/site-packages/airflow/example_dags/plugins/workday.py took 0.782 seconds
[2026-04-28T20:14:04.467+0000] {processor.py:161} INFO - Started process (PID=2455) to work on /home/airflow/.local/lib/python3.12/site-packages/airflow/example_dags/plugins/workday.py
[2026-04-28T20:14:04.468+0000] {processor.py:830} INFO - Processing file /home/airflow/.local/lib/python3.12/site-packages/airflow/example_dags/plugins/workday.py for tasks to queue
[2026-04-28T20:14:04.469+0000] {logging_mixin.py:188} INFO - [2026-04-28T20:14:04.469+0000] {dagbag.py:540} INFO - Filling up the DagBag from /home/airflow/.local/lib/python3.12/site-packages/airflow/example_dags/plugins/workday.py
[2026-04-28T20:14:04.984+0000] {processor.py:842} WARNING - No viable dags retrieved from /home/airflow/.local/lib/python3.12/site-packages/airflow/example_dags/plugins/workday.py
[2026-04-28T20:14:05.000+0000] {processor.py:183} INFO - Processing /home/airflow/.local/lib/python3.12/site-packages/airflow/example_dags/plugins/workday.py took 0.539 seconds
[2026-04-28T20:14:35.468+0000] {processor.py:161} INFO - Started process (PID=2517) to work on /home/airflow/.local/lib/python3.12/site-packages/airflow/example_dags/plugins/workday.py
[2026-04-28T20:14:35.469+0000] {processor.py:830} INFO - Processing file /home/airflow/.local/lib/python3.12/site-packages/airflow/example_dags/plugins/workday.py for tasks to queue
[2026-04-28T20:14:35.471+0000] {logging_mixin.py:188} INFO - [2026-04-28T20:14:35.471+0000] {dagbag.py:540} INFO - Filling up the DagBag from /home/airflow/.local/lib/python3.12/site-packages/airflow/example_dags/plugins/workday.py
[2026-04-28T20:14:36.015+0000] {processor.py:842} WARNING - No viable dags retrieved from /home/airflow/.local/lib/python3.12/site-packages/airflow/example_dags/plugins/workday.py
[2026-04-28T20:14:36.027+0000] {processor.py:183} INFO - Processing /home/airflow/.local/lib/python3.12/site-packages/airflow/example_dags/plugins/workday.py took 0.570 seconds
[2026-04-28T20:15:06.613+0000] {processor.py:161} INFO - Started process (PID=2576) to work on /home/airflow/.local/lib/python3.12/site-packages/airflow/example_dags/plugins/workday.py
[2026-04-28T20:15:06.615+0000] {processor.py:830} INFO - Processing file /home/airflow/.local/lib/python3.12/site-packages/airflow/example_dags/plugins/workday.py for tasks to queue
[2026-04-28T20:15:06.617+0000] {logging_mixin.py:188} INFO - [2026-04-28T20:15:06.616+0000] {dagbag.py:540} INFO - Filling up the DagBag from /home/airflow/.local/lib/python3.12/site-packages/airflow/example_dags/plugins/workday.py
[2026-04-28T20:15:07.250+0000] {processor.py:842} WARNING - No viable dags retrieved from /home/airflow/.local/lib/python3.12/site-packages/airflow/example_dags/plugins/workday.py
[2026-04-28T20:15:07.262+0000] {processor.py:183} INFO - Processing /home/airflow/.local/lib/python3.12/site-packages/airflow/example_dags/plugins/workday.py took 0.656 seconds
[2026-04-28T20:15:37.508+0000] {processor.py:161} INFO - Started process (PID=2636) to work on /home/airflow/.local/lib/python3.12/site-packages/airflow/example_dags/plugins/workday.py
[2026-04-28T20:15:37.509+0000] {processor.py:830} INFO - Processing file /home/airflow/.local/lib/python3.12/site-packages/airflow/example_dags/plugins/workday.py for tasks to queue
[2026-04-28T20:15:37.512+0000] {logging_mixin.py:188} INFO - [2026-04-28T20:15:37.511+0000] {dagbag.py:540} INFO - Filling up the DagBag from /home/airflow/.local/lib/python3.12/site-packages/airflow/example_dags/plugins/workday.py
[2026-04-28T20:15:37.873+0000] {processor.py:842} WARNING - No viable dags retrieved from /home/airflow/.local/lib/python3.12/site-packages/airflow/example_dags/plugins/workday.py
[2026-04-28T20:15:37.884+0000] {processor.py:183} INFO - Processing /home/airflow/.local/lib/python3.12/site-packages/airflow/example_dags/plugins/workday.py took 0.384 seconds
[2026-04-28T20:16:07.943+0000] {processor.py:161} INFO - Started process (PID=2696) to work on /home/airflow/.local/lib/python3.12/site-packages/airflow/example_dags/plugins/workday.py
[2026-04-28T20:16:07.944+0000] {processor.py:830} INFO - Processing file /home/airflow/.local/lib/python3.12/site-packages/airflow/example_dags/plugins/workday.py for tasks to queue
[2026-04-28T20:16:07.950+0000] {logging_mixin.py:188} INFO - [2026-04-28T20:16:07.950+0000] {dagbag.py:540} INFO - Filling up the DagBag from /home/airflow/.local/lib/python3.12/site-packages/airflow/example_dags/plugins/workday.py
[2026-04-28T20:16:08.553+0000] {processor.py:842} WARNING - No viable dags retrieved from /home/airflow/.local/lib/python3.12/site-packages/airflow/example_dags/plugins/workday.py
[2026-04-28T20:16:08.570+0000] {processor.py:183} INFO - Processing /home/airflow/.local/lib/python3.12/site-packages/airflow/example_dags/plugins/workday.py took 0.638 seconds
[2026-04-28T20:16:39.152+0000] {processor.py:161} INFO - Started process (PID=2756) to work on /home/airflow/.local/lib/python3.12/site-packages/airflow/example_dags/plugins/workday.py
[2026-04-28T20:16:39.154+0000] {processor.py:830} INFO - Processing file /home/airflow/.local/lib/python3.12/site-packages/airflow/example_dags/plugins/workday.py for tasks to queue
[2026-04-28T20:16:39.156+0000] {logging_mixin.py:188} INFO - [2026-04-28T20:16:39.155+0000] {dagbag.py:540} INFO - Filling up the DagBag from /home/airflow/.local/lib/python3.12/site-packages/airflow/example_dags/plugins/workday.py
[2026-04-28T20:16:39.455+0000] {processor.py:842} WARNING - No viable dags retrieved from /home/airflow/.local/lib/python3.12/site-packages/airflow/example_dags/plugins/workday.py
[2026-04-28T20:16:39.467+0000] {processor.py:183} INFO - Processing /home/airflow/.local/lib/python3.12/site-packages/airflow/example_dags/plugins/workday.py took 0.320 seconds
[2026-04-28T20:17:09.970+0000] {processor.py:161} INFO - Started process (PID=2816) to work on /home/airflow/.local/lib/python3.12/site-packages/airflow/example_dags/plugins/workday.py
[2026-04-28T20:17:09.971+0000] {processor.py:830} INFO - Processing file /home/airflow/.local/lib/python3.12/site-packages/airflow/example_dags/plugins/workday.py for tasks to queue
[2026-04-28T20:17:09.972+0000] {logging_mixin.py:188} INFO - [2026-04-28T20:17:09.972+0000] {dagbag.py:540} INFO - Filling up the DagBag from /home/airflow/.local/lib/python3.12/site-packages/airflow/example_dags/plugins/workday.py
[2026-04-28T20:17:10.573+0000] {processor.py:842} WARNING - No viable dags retrieved from /home/airflow/.local/lib/python3.12/site-packages/airflow/example_dags/plugins/workday.py
[2026-04-28T20:17:10.588+0000] {processor.py:183} INFO - Processing /home/airflow/.local/lib/python3.12/site-packages/airflow/example_dags/plugins/workday.py took 0.624 seconds
[2026-04-28T20:17:40.762+0000] {processor.py:161} INFO - Started process (PID=2876) to work on /home/airflow/.local/lib/python3.12/site-packages/airflow/example_dags/plugins/workday.py
[2026-04-28T20:17:40.763+0000] {processor.py:830} INFO - Processing file /home/airflow/.local/lib/python3.12/site-packages/airflow/example_dags/plugins/workday.py for tasks to queue
[2026-04-28T20:17:40.765+0000] {logging_mixin.py:188} INFO - [2026-04-28T20:17:40.765+0000] {dagbag.py:540} INFO - Filling up the DagBag from /home/airflow/.local/lib/python3.12/site-packages/airflow/example_dags/plugins/workday.py
[2026-04-28T20:17:41.081+0000] {processor.py:842} WARNING - No viable dags retrieved from /home/airflow/.local/lib/python3.12/site-packages/airflow/example_dags/plugins/workday.py
[2026-04-28T20:17:41.094+0000] {processor.py:183} INFO - Processing /home/airflow/.local/lib/python3.12/site-packages/airflow/example_dags/plugins/workday.py took 0.337 seconds
[2026-04-28T20:18:11.228+0000] {processor.py:161} INFO - Started process (PID=2936) to work on /home/airflow/.local/lib/python3.12/site-packages/airflow/example_dags/plugins/workday.py
[2026-04-28T20:18:11.230+0000] {processor.py:830} INFO - Processing file /home/airflow/.local/lib/python3.12/site-packages/airflow/example_dags/plugins/workday.py for tasks to queue
[2026-04-28T20:18:11.236+0000] {logging_mixin.py:188} INFO - [2026-04-28T20:18:11.236+0000] {dagbag.py:540} INFO - Filling up the DagBag from /home/airflow/.local/lib/python3.12/site-packages/airflow/example_dags/plugins/workday.py
[2026-04-28T20:18:11.563+0000] {processor.py:842} WARNING - No viable dags retrieved from /home/airflow/.local/lib/python3.12/site-packages/airflow/example_dags/plugins/workday.py
[2026-04-28T20:18:11.579+0000] {processor.py:183} INFO - Processing /home/airflow/.local/lib/python3.12/site-packages/airflow/example_dags/plugins/workday.py took 0.359 seconds
[2026-04-28T20:18:42.710+0000] {processor.py:161} INFO - Started process (PID=2997) to work on /home/airflow/.local/lib/python3.12/site-packages/airflow/example_dags/plugins/workday.py
[2026-04-28T20:18:42.711+0000] {processor.py:830} INFO - Processing file /home/airflow/.local/lib/python3.12/site-packages/airflow/example_dags/plugins/workday.py for tasks to queue
[2026-04-28T20:18:42.714+0000] {logging_mixin.py:188} INFO - [2026-04-28T20:18:42.713+0000] {dagbag.py:540} INFO - Filling up the DagBag from /home/airflow/.local/lib/python3.12/site-packages/airflow/example_dags/plugins/workday.py
[2026-04-28T20:18:43.903+0000] {processor.py:842} WARNING - No viable dags retrieved from /home/airflow/.local/lib/python3.12/site-packages/airflow/example_dags/plugins/workday.py
[2026-04-28T20:18:43.924+0000] {processor.py:183} INFO - Processing /home/airflow/.local/lib/python3.12/site-packages/airflow/example_dags/plugins/workday.py took 1.223 seconds
[2026-04-28T20:19:14.193+0000] {processor.py:161} INFO - Started process (PID=3058) to work on /home/airflow/.local/lib/python3.12/site-packages/airflow/example_dags/plugins/workday.py
[2026-04-28T20:19:14.194+0000] {processor.py:830} INFO - Processing file /home/airflow/.local/lib/python3.12/site-packages/airflow/example_dags/plugins/workday.py for tasks to queue
[2026-04-28T20:19:14.196+0000] {logging_mixin.py:188} INFO - [2026-04-28T20:19:14.196+0000] {dagbag.py:540} INFO - Filling up the DagBag from /home/airflow/.local/lib/python3.12/site-packages/airflow/example_dags/plugins/workday.py
[2026-04-28T20:19:14.535+0000] {processor.py:842} WARNING - No viable dags retrieved from /home/airflow/.local/lib/python3.12/site-packages/airflow/example_dags/plugins/workday.py
[2026-04-28T20:19:14.546+0000] {processor.py:183} INFO - Processing /home/airflow/.local/lib/python3.12/site-packages/airflow/example_dags/plugins/workday.py took 0.360 seconds
[2026-04-28T20:19:44.774+0000] {processor.py:161} INFO - Started process (PID=3118) to work on /home/airflow/.local/lib/python3.12/site-packages/airflow/example_dags/plugins/workday.py
[2026-04-28T20:19:44.775+0000] {processor.py:830} INFO - Processing file /home/airflow/.local/lib/python3.12/site-packages/airflow/example_dags/plugins/workday.py for tasks to queue
[2026-04-28T20:19:44.778+0000] {logging_mixin.py:188} INFO - [2026-04-28T20:19:44.777+0000] {dagbag.py:540} INFO - Filling up the DagBag from /home/airflow/.local/lib/python3.12/site-packages/airflow/example_dags/plugins/workday.py
[2026-04-28T20:19:45.102+0000] {processor.py:842} WARNING - No viable dags retrieved from /home/airflow/.local/lib/python3.12/site-packages/airflow/example_dags/plugins/workday.py
[2026-04-28T20:19:45.114+0000] {processor.py:183} INFO - Processing /home/airflow/.local/lib/python3.12/site-packages/airflow/example_dags/plugins/workday.py took 0.347 seconds
[2026-04-28T20:20:15.346+0000] {processor.py:161} INFO - Started process (PID=3178) to work on /home/airflow/.local/lib/python3.12/site-packages/airflow/example_dags/plugins/workday.py
[2026-04-28T20:20:15.350+0000] {processor.py:830} INFO - Processing file /home/airflow/.local/lib/python3.12/site-packages/airflow/example_dags/plugins/workday.py for tasks to queue
[2026-04-28T20:20:15.353+0000] {logging_mixin.py:188} INFO - [2026-04-28T20:20:15.353+0000] {dagbag.py:540} INFO - Filling up the DagBag from /home/airflow/.local/lib/python3.12/site-packages/airflow/example_dags/plugins/workday.py
[2026-04-28T20:20:15.786+0000] {processor.py:842} WARNING - No viable dags retrieved from /home/airflow/.local/lib/python3.12/site-packages/airflow/example_dags/plugins/workday.py
[2026-04-28T20:20:15.800+0000] {processor.py:183} INFO - Processing /home/airflow/.local/lib/python3.12/site-packages/airflow/example_dags/plugins/workday.py took 0.462 seconds
[2026-04-28T20:20:46.540+0000] {processor.py:161} INFO - Started process (PID=3238) to work on /home/airflow/.local/lib/python3.12/site-packages/airflow/example_dags/plugins/workday.py
[2026-04-28T20:20:46.541+0000] {processor.py:830} INFO - Processing file /home/airflow/.local/lib/python3.12/site-packages/airflow/example_dags/plugins/workday.py for tasks to queue
[2026-04-28T20:20:46.542+0000] {logging_mixin.py:188} INFO - [2026-04-28T20:20:46.542+0000] {dagbag.py:540} INFO - Filling up the DagBag from /home/airflow/.local/lib/python3.12/site-packages/airflow/example_dags/plugins/workday.py
[2026-04-28T20:20:46.915+0000] {processor.py:842} WARNING - No viable dags retrieved from /home/airflow/.local/lib/python3.12/site-packages/airflow/example_dags/plugins/workday.py
[2026-04-28T20:20:46.941+0000] {processor.py:183} INFO - Processing /home/airflow/.local/lib/python3.12/site-packages/airflow/example_dags/plugins/workday.py took 0.406 seconds
[2026-04-28T20:21:18.350+0000] {processor.py:161} INFO - Started process (PID=3300) to work on /home/airflow/.local/lib/python3.12/site-packages/airflow/example_dags/plugins/workday.py
[2026-04-28T20:21:18.370+0000] {processor.py:830} INFO - Processing file /home/airflow/.local/lib/python3.12/site-packages/airflow/example_dags/plugins/workday.py for tasks to queue
[2026-04-28T20:21:18.377+0000] {logging_mixin.py:188} INFO - [2026-04-28T20:21:18.376+0000] {dagbag.py:540} INFO - Filling up the DagBag from /home/airflow/.local/lib/python3.12/site-packages/airflow/example_dags/plugins/workday.py
[2026-04-28T20:21:29.657+0000] {processor.py:842} WARNING - No viable dags retrieved from /home/airflow/.local/lib/python3.12/site-packages/airflow/example_dags/plugins/workday.py
[2026-04-28T20:21:29.763+0000] {processor.py:183} INFO - Processing /home/airflow/.local/lib/python3.12/site-packages/airflow/example_dags/plugins/workday.py took 11.431 seconds
[2026-04-28T20:32:51.012+0000] {processor.py:161} INFO - Started process (PID=223) to work on /home/airflow/.local/lib/python3.12/site-packages/airflow/example_dags/plugins/workday.py
[2026-04-28T20:32:51.033+0000] {processor.py:830} INFO - Processing file /home/airflow/.local/lib/python3.12/site-packages/airflow/example_dags/plugins/workday.py for tasks to queue
[2026-04-28T20:32:51.044+0000] {logging_mixin.py:188} INFO - [2026-04-28T20:32:51.043+0000] {dagbag.py:540} INFO - Filling up the DagBag from /home/airflow/.local/lib/python3.12/site-packages/airflow/example_dags/plugins/workday.py
[2026-04-28T20:33:11.000+0000] {processor.py:842} WARNING - No viable dags retrieved from /home/airflow/.local/lib/python3.12/site-packages/airflow/example_dags/plugins/workday.py
[2026-04-28T20:33:11.059+0000] {processor.py:183} INFO - Processing /home/airflow/.local/lib/python3.12/site-packages/airflow/example_dags/plugins/workday.py took 20.095 seconds
[2026-04-28T20:33:41.531+0000] {processor.py:161} INFO - Started process (PID=305) to work on /home/airflow/.local/lib/python3.12/site-packages/airflow/example_dags/plugins/workday.py
[2026-04-28T20:33:41.535+0000] {processor.py:830} INFO - Processing file /home/airflow/.local/lib/python3.12/site-packages/airflow/example_dags/plugins/workday.py for tasks to queue
[2026-04-28T20:33:41.540+0000] {logging_mixin.py:188} INFO - [2026-04-28T20:33:41.539+0000] {dagbag.py:540} INFO - Filling up the DagBag from /home/airflow/.local/lib/python3.12/site-packages/airflow/example_dags/plugins/workday.py
[2026-04-28T20:33:45.595+0000] {processor.py:842} WARNING - No viable dags retrieved from /home/airflow/.local/lib/python3.12/site-packages/airflow/example_dags/plugins/workday.py
[2026-04-28T20:33:45.619+0000] {processor.py:183} INFO - Processing /home/airflow/.local/lib/python3.12/site-packages/airflow/example_dags/plugins/workday.py took 4.102 seconds
[2026-04-28T20:34:16.214+0000] {processor.py:161} INFO - Started process (PID=371) to work on /home/airflow/.local/lib/python3.12/site-packages/airflow/example_dags/plugins/workday.py
[2026-04-28T20:34:16.215+0000] {processor.py:830} INFO - Processing file /home/airflow/.local/lib/python3.12/site-packages/airflow/example_dags/plugins/workday.py for tasks to queue
[2026-04-28T20:34:16.217+0000] {logging_mixin.py:188} INFO - [2026-04-28T20:34:16.217+0000] {dagbag.py:540} INFO - Filling up the DagBag from /home/airflow/.local/lib/python3.12/site-packages/airflow/example_dags/plugins/workday.py
[2026-04-28T20:34:17.573+0000] {processor.py:842} WARNING - No viable dags retrieved from /home/airflow/.local/lib/python3.12/site-packages/airflow/example_dags/plugins/workday.py
[2026-04-28T20:34:17.594+0000] {processor.py:183} INFO - Processing /home/airflow/.local/lib/python3.12/site-packages/airflow/example_dags/plugins/workday.py took 1.388 seconds
[2026-04-28T20:34:49.262+0000] {processor.py:161} INFO - Started process (PID=436) to work on /home/airflow/.local/lib/python3.12/site-packages/airflow/example_dags/plugins/workday.py
[2026-04-28T20:34:49.262+0000] {processor.py:830} INFO - Processing file /home/airflow/.local/lib/python3.12/site-packages/airflow/example_dags/plugins/workday.py for tasks to queue
[2026-04-28T20:34:49.264+0000] {logging_mixin.py:188} INFO - [2026-04-28T20:34:49.264+0000] {dagbag.py:540} INFO - Filling up the DagBag from /home/airflow/.local/lib/python3.12/site-packages/airflow/example_dags/plugins/workday.py
[2026-04-28T20:34:50.308+0000] {processor.py:842} WARNING - No viable dags retrieved from /home/airflow/.local/lib/python3.12/site-packages/airflow/example_dags/plugins/workday.py
[2026-04-28T20:34:50.322+0000] {processor.py:183} INFO - Processing /home/airflow/.local/lib/python3.12/site-packages/airflow/example_dags/plugins/workday.py took 1.066 seconds
[2026-04-28T20:47:30.498+0000] {processor.py:161} INFO - Started process (PID=120) to work on /home/airflow/.local/lib/python3.12/site-packages/airflow/example_dags/plugins/workday.py
[2026-04-28T20:47:30.510+0000] {processor.py:830} INFO - Processing file /home/airflow/.local/lib/python3.12/site-packages/airflow/example_dags/plugins/workday.py for tasks to queue
[2026-04-28T20:47:30.522+0000] {logging_mixin.py:188} INFO - [2026-04-28T20:47:30.521+0000] {dagbag.py:540} INFO - Filling up the DagBag from /home/airflow/.local/lib/python3.12/site-packages/airflow/example_dags/plugins/workday.py
[2026-04-28T20:47:35.763+0000] {processor.py:842} WARNING - No viable dags retrieved from /home/airflow/.local/lib/python3.12/site-packages/airflow/example_dags/plugins/workday.py
[2026-04-28T20:47:35.783+0000] {processor.py:183} INFO - Processing /home/airflow/.local/lib/python3.12/site-packages/airflow/example_dags/plugins/workday.py took 5.298 seconds
[2026-04-28T20:48:06.455+0000] {processor.py:161} INFO - Started process (PID=184) to work on /home/airflow/.local/lib/python3.12/site-packages/airflow/example_dags/plugins/workday.py
[2026-04-28T20:48:06.460+0000] {processor.py:830} INFO - Processing file /home/airflow/.local/lib/python3.12/site-packages/airflow/example_dags/plugins/workday.py for tasks to queue
[2026-04-28T20:48:06.462+0000] {logging_mixin.py:188} INFO - [2026-04-28T20:48:06.462+0000] {dagbag.py:540} INFO - Filling up the DagBag from /home/airflow/.local/lib/python3.12/site-packages/airflow/example_dags/plugins/workday.py
[2026-04-28T20:48:07.681+0000] {processor.py:842} WARNING - No viable dags retrieved from /home/airflow/.local/lib/python3.12/site-packages/airflow/example_dags/plugins/workday.py
[2026-04-28T20:48:07.703+0000] {processor.py:183} INFO - Processing /home/airflow/.local/lib/python3.12/site-packages/airflow/example_dags/plugins/workday.py took 1.255 seconds
[2026-04-28T20:48:38.440+0000] {processor.py:161} INFO - Started process (PID=244) to work on /home/airflow/.local/lib/python3.12/site-packages/airflow/example_dags/plugins/workday.py
[2026-04-28T20:48:38.442+0000] {processor.py:830} INFO - Processing file /home/airflow/.local/lib/python3.12/site-packages/airflow/example_dags/plugins/workday.py for tasks to queue
[2026-04-28T20:48:38.444+0000] {logging_mixin.py:188} INFO - [2026-04-28T20:48:38.444+0000] {dagbag.py:540} INFO - Filling up the DagBag from /home/airflow/.local/lib/python3.12/site-packages/airflow/example_dags/plugins/workday.py
[2026-04-28T20:48:39.227+0000] {processor.py:842} WARNING - No viable dags retrieved from /home/airflow/.local/lib/python3.12/site-packages/airflow/example_dags/plugins/workday.py
[2026-04-28T20:48:39.241+0000] {processor.py:183} INFO - Processing /home/airflow/.local/lib/python3.12/site-packages/airflow/example_dags/plugins/workday.py took 0.805 seconds
[2026-04-28T20:49:09.933+0000] {processor.py:161} INFO - Started process (PID=305) to work on /home/airflow/.local/lib/python3.12/site-packages/airflow/example_dags/plugins/workday.py
[2026-04-28T20:49:09.935+0000] {processor.py:830} INFO - Processing file /home/airflow/.local/lib/python3.12/site-packages/airflow/example_dags/plugins/workday.py for tasks to queue
[2026-04-28T20:49:09.937+0000] {logging_mixin.py:188} INFO - [2026-04-28T20:49:09.937+0000] {dagbag.py:540} INFO - Filling up the DagBag from /home/airflow/.local/lib/python3.12/site-packages/airflow/example_dags/plugins/workday.py
[2026-04-28T20:49:10.961+0000] {processor.py:842} WARNING - No viable dags retrieved from /home/airflow/.local/lib/python3.12/site-packages/airflow/example_dags/plugins/workday.py
[2026-04-28T20:49:10.981+0000] {processor.py:183} INFO - Processing /home/airflow/.local/lib/python3.12/site-packages/airflow/example_dags/plugins/workday.py took 1.057 seconds
[2026-04-28T20:49:41.127+0000] {processor.py:161} INFO - Started process (PID=366) to work on /home/airflow/.local/lib/python3.12/site-packages/airflow/example_dags/plugins/workday.py
[2026-04-28T20:49:41.128+0000] {processor.py:830} INFO - Processing file /home/airflow/.local/lib/python3.12/site-packages/airflow/example_dags/plugins/workday.py for tasks to queue
[2026-04-28T20:49:41.130+0000] {logging_mixin.py:188} INFO - [2026-04-28T20:49:41.130+0000] {dagbag.py:540} INFO - Filling up the DagBag from /home/airflow/.local/lib/python3.12/site-packages/airflow/example_dags/plugins/workday.py
[2026-04-28T20:49:41.874+0000] {processor.py:842} WARNING - No viable dags retrieved from /home/airflow/.local/lib/python3.12/site-packages/airflow/example_dags/plugins/workday.py
[2026-04-28T20:49:41.887+0000] {processor.py:183} INFO - Processing /home/airflow/.local/lib/python3.12/site-packages/airflow/example_dags/plugins/workday.py took 0.768 seconds
[2026-04-28T20:50:12.585+0000] {processor.py:161} INFO - Started process (PID=426) to work on /home/airflow/.local/lib/python3.12/site-packages/airflow/example_dags/plugins/workday.py
[2026-04-28T20:50:12.592+0000] {processor.py:830} INFO - Processing file /home/airflow/.local/lib/python3.12/site-packages/airflow/example_dags/plugins/workday.py for tasks to queue
[2026-04-28T20:50:12.594+0000] {logging_mixin.py:188} INFO - [2026-04-28T20:50:12.594+0000] {dagbag.py:540} INFO - Filling up the DagBag from /home/airflow/.local/lib/python3.12/site-packages/airflow/example_dags/plugins/workday.py
[2026-04-28T20:50:14.398+0000] {processor.py:842} WARNING - No viable dags retrieved from /home/airflow/.local/lib/python3.12/site-packages/airflow/example_dags/plugins/workday.py
[2026-04-28T20:50:14.408+0000] {processor.py:183} INFO - Processing /home/airflow/.local/lib/python3.12/site-packages/airflow/example_dags/plugins/workday.py took 1.836 seconds
[2026-04-28T20:50:44.687+0000] {processor.py:161} INFO - Started process (PID=488) to work on /home/airflow/.local/lib/python3.12/site-packages/airflow/example_dags/plugins/workday.py
[2026-04-28T20:50:44.690+0000] {processor.py:830} INFO - Processing file /home/airflow/.local/lib/python3.12/site-packages/airflow/example_dags/plugins/workday.py for tasks to queue
[2026-04-28T20:50:44.696+0000] {logging_mixin.py:188} INFO - [2026-04-28T20:50:44.695+0000] {dagbag.py:540} INFO - Filling up the DagBag from /home/airflow/.local/lib/python3.12/site-packages/airflow/example_dags/plugins/workday.py
[2026-04-28T20:50:46.088+0000] {processor.py:842} WARNING - No viable dags retrieved from /home/airflow/.local/lib/python3.12/site-packages/airflow/example_dags/plugins/workday.py
[2026-04-28T20:50:46.102+0000] {processor.py:183} INFO - Processing /home/airflow/.local/lib/python3.12/site-packages/airflow/example_dags/plugins/workday.py took 1.423 seconds
[2026-04-28T20:51:16.753+0000] {processor.py:161} INFO - Started process (PID=548) to work on /home/airflow/.local/lib/python3.12/site-packages/airflow/example_dags/plugins/workday.py
[2026-04-28T20:51:16.753+0000] {processor.py:830} INFO - Processing file /home/airflow/.local/lib/python3.12/site-packages/airflow/example_dags/plugins/workday.py for tasks to queue
[2026-04-28T20:51:16.755+0000] {logging_mixin.py:188} INFO - [2026-04-28T20:51:16.755+0000] {dagbag.py:540} INFO - Filling up the DagBag from /home/airflow/.local/lib/python3.12/site-packages/airflow/example_dags/plugins/workday.py
[2026-04-28T20:51:17.298+0000] {processor.py:842} WARNING - No viable dags retrieved from /home/airflow/.local/lib/python3.12/site-packages/airflow/example_dags/plugins/workday.py
[2026-04-28T20:51:17.308+0000] {processor.py:183} INFO - Processing /home/airflow/.local/lib/python3.12/site-packages/airflow/example_dags/plugins/workday.py took 0.560 seconds
[2026-04-28T20:51:47.920+0000] {processor.py:161} INFO - Started process (PID=609) to work on /home/airflow/.local/lib/python3.12/site-packages/airflow/example_dags/plugins/workday.py
[2026-04-28T20:51:47.924+0000] {processor.py:830} INFO - Processing file /home/airflow/.local/lib/python3.12/site-packages/airflow/example_dags/plugins/workday.py for tasks to queue
[2026-04-28T20:51:47.933+0000] {logging_mixin.py:188} INFO - [2026-04-28T20:51:47.930+0000] {dagbag.py:540} INFO - Filling up the DagBag from /home/airflow/.local/lib/python3.12/site-packages/airflow/example_dags/plugins/workday.py
[2026-04-28T20:51:49.140+0000] {processor.py:842} WARNING - No viable dags retrieved from /home/airflow/.local/lib/python3.12/site-packages/airflow/example_dags/plugins/workday.py
[2026-04-28T20:51:49.151+0000] {processor.py:183} INFO - Processing /home/airflow/.local/lib/python3.12/site-packages/airflow/example_dags/plugins/workday.py took 1.250 seconds
[2026-04-28T20:52:19.693+0000] {processor.py:161} INFO - Started process (PID=671) to work on /home/airflow/.local/lib/python3.12/site-packages/airflow/example_dags/plugins/workday.py
[2026-04-28T20:52:19.695+0000] {processor.py:830} INFO - Processing file /home/airflow/.local/lib/python3.12/site-packages/airflow/example_dags/plugins/workday.py for tasks to queue
[2026-04-28T20:52:19.697+0000] {logging_mixin.py:188} INFO - [2026-04-28T20:52:19.697+0000] {dagbag.py:540} INFO - Filling up the DagBag from /home/airflow/.local/lib/python3.12/site-packages/airflow/example_dags/plugins/workday.py
[2026-04-28T20:52:21.661+0000] {processor.py:842} WARNING - No viable dags retrieved from /home/airflow/.local/lib/python3.12/site-packages/airflow/example_dags/plugins/workday.py
[2026-04-28T20:52:21.674+0000] {processor.py:183} INFO - Processing /home/airflow/.local/lib/python3.12/site-packages/airflow/example_dags/plugins/workday.py took 1.988 seconds
[2026-04-28T20:52:52.096+0000] {processor.py:161} INFO - Started process (PID=733) to work on /home/airflow/.local/lib/python3.12/site-packages/airflow/example_dags/plugins/workday.py
[2026-04-28T20:52:52.097+0000] {processor.py:830} INFO - Processing file /home/airflow/.local/lib/python3.12/site-packages/airflow/example_dags/plugins/workday.py for tasks to queue
[2026-04-28T20:52:52.098+0000] {logging_mixin.py:188} INFO - [2026-04-28T20:52:52.098+0000] {dagbag.py:540} INFO - Filling up the DagBag from /home/airflow/.local/lib/python3.12/site-packages/airflow/example_dags/plugins/workday.py
[2026-04-28T20:52:52.882+0000] {processor.py:842} WARNING - No viable dags retrieved from /home/airflow/.local/lib/python3.12/site-packages/airflow/example_dags/plugins/workday.py
[2026-04-28T20:52:52.897+0000] {processor.py:183} INFO - Processing /home/airflow/.local/lib/python3.12/site-packages/airflow/example_dags/plugins/workday.py took 0.806 seconds
[2026-04-28T20:53:23.439+0000] {processor.py:161} INFO - Started process (PID=795) to work on /home/airflow/.local/lib/python3.12/site-packages/airflow/example_dags/plugins/workday.py
[2026-04-28T20:53:23.440+0000] {processor.py:830} INFO - Processing file /home/airflow/.local/lib/python3.12/site-packages/airflow/example_dags/plugins/workday.py for tasks to queue
[2026-04-28T20:53:23.441+0000] {logging_mixin.py:188} INFO - [2026-04-28T20:53:23.441+0000] {dagbag.py:540} INFO - Filling up the DagBag from /home/airflow/.local/lib/python3.12/site-packages/airflow/example_dags/plugins/workday.py
[2026-04-28T20:53:23.953+0000] {processor.py:842} WARNING - No viable dags retrieved from /home/airflow/.local/lib/python3.12/site-packages/airflow/example_dags/plugins/workday.py
[2026-04-28T20:53:23.964+0000] {processor.py:183} INFO - Processing /home/airflow/.local/lib/python3.12/site-packages/airflow/example_dags/plugins/workday.py took 0.531 seconds
[2026-04-28T20:53:54.656+0000] {processor.py:161} INFO - Started process (PID=863) to work on /home/airflow/.local/lib/python3.12/site-packages/airflow/example_dags/plugins/workday.py
[2026-04-28T20:53:54.657+0000] {processor.py:830} INFO - Processing file /home/airflow/.local/lib/python3.12/site-packages/airflow/example_dags/plugins/workday.py for tasks to queue
[2026-04-28T20:53:54.659+0000] {logging_mixin.py:188} INFO - [2026-04-28T20:53:54.658+0000] {dagbag.py:540} INFO - Filling up the DagBag from /home/airflow/.local/lib/python3.12/site-packages/airflow/example_dags/plugins/workday.py
[2026-04-28T20:53:55.311+0000] {processor.py:842} WARNING - No viable dags retrieved from /home/airflow/.local/lib/python3.12/site-packages/airflow/example_dags/plugins/workday.py
[2026-04-28T20:53:55.321+0000] {processor.py:183} INFO - Processing /home/airflow/.local/lib/python3.12/site-packages/airflow/example_dags/plugins/workday.py took 0.673 seconds
[2026-04-28T20:54:25.492+0000] {processor.py:161} INFO - Started process (PID=923) to work on /home/airflow/.local/lib/python3.12/site-packages/airflow/example_dags/plugins/workday.py
[2026-04-28T20:54:25.493+0000] {processor.py:830} INFO - Processing file /home/airflow/.local/lib/python3.12/site-packages/airflow/example_dags/plugins/workday.py for tasks to queue
[2026-04-28T20:54:25.494+0000] {logging_mixin.py:188} INFO - [2026-04-28T20:54:25.494+0000] {dagbag.py:540} INFO - Filling up the DagBag from /home/airflow/.local/lib/python3.12/site-packages/airflow/example_dags/plugins/workday.py
[2026-04-28T20:54:26.067+0000] {processor.py:842} WARNING - No viable dags retrieved from /home/airflow/.local/lib/python3.12/site-packages/airflow/example_dags/plugins/workday.py
[2026-04-28T20:54:26.077+0000] {processor.py:183} INFO - Processing /home/airflow/.local/lib/python3.12/site-packages/airflow/example_dags/plugins/workday.py took 0.591 seconds
[2026-04-28T21:03:37.799+0000] {processor.py:161} INFO - Started process (PID=114) to work on /home/airflow/.local/lib/python3.12/site-packages/airflow/example_dags/plugins/workday.py
[2026-04-28T21:03:37.801+0000] {processor.py:830} INFO - Processing file /home/airflow/.local/lib/python3.12/site-packages/airflow/example_dags/plugins/workday.py for tasks to queue
[2026-04-28T21:03:37.805+0000] {logging_mixin.py:188} INFO - [2026-04-28T21:03:37.805+0000] {dagbag.py:540} INFO - Filling up the DagBag from /home/airflow/.local/lib/python3.12/site-packages/airflow/example_dags/plugins/workday.py
[2026-04-28T21:03:40.680+0000] {processor.py:842} WARNING - No viable dags retrieved from /home/airflow/.local/lib/python3.12/site-packages/airflow/example_dags/plugins/workday.py
[2026-04-28T21:03:40.693+0000] {processor.py:183} INFO - Processing /home/airflow/.local/lib/python3.12/site-packages/airflow/example_dags/plugins/workday.py took 2.911 seconds
[2026-04-28T21:04:11.166+0000] {processor.py:161} INFO - Started process (PID=177) to work on /home/airflow/.local/lib/python3.12/site-packages/airflow/example_dags/plugins/workday.py
[2026-04-28T21:04:11.168+0000] {processor.py:830} INFO - Processing file /home/airflow/.local/lib/python3.12/site-packages/airflow/example_dags/plugins/workday.py for tasks to queue
[2026-04-28T21:04:11.170+0000] {logging_mixin.py:188} INFO - [2026-04-28T21:04:11.170+0000] {dagbag.py:540} INFO - Filling up the DagBag from /home/airflow/.local/lib/python3.12/site-packages/airflow/example_dags/plugins/workday.py
[2026-04-28T21:04:11.946+0000] {processor.py:842} WARNING - No viable dags retrieved from /home/airflow/.local/lib/python3.12/site-packages/airflow/example_dags/plugins/workday.py
[2026-04-28T21:04:11.957+0000] {processor.py:183} INFO - Processing /home/airflow/.local/lib/python3.12/site-packages/airflow/example_dags/plugins/workday.py took 0.798 seconds
[2026-04-28T21:04:42.899+0000] {processor.py:161} INFO - Started process (PID=237) to work on /home/airflow/.local/lib/python3.12/site-packages/airflow/example_dags/plugins/workday.py
[2026-04-28T21:04:42.902+0000] {processor.py:830} INFO - Processing file /home/airflow/.local/lib/python3.12/site-packages/airflow/example_dags/plugins/workday.py for tasks to queue
[2026-04-28T21:04:42.903+0000] {logging_mixin.py:188} INFO - [2026-04-28T21:04:42.903+0000] {dagbag.py:540} INFO - Filling up the DagBag from /home/airflow/.local/lib/python3.12/site-packages/airflow/example_dags/plugins/workday.py
[2026-04-28T21:04:43.682+0000] {processor.py:842} WARNING - No viable dags retrieved from /home/airflow/.local/lib/python3.12/site-packages/airflow/example_dags/plugins/workday.py
[2026-04-28T21:04:43.697+0000] {processor.py:183} INFO - Processing /home/airflow/.local/lib/python3.12/site-packages/airflow/example_dags/plugins/workday.py took 0.803 seconds
[2026-04-28T21:05:13.988+0000] {processor.py:161} INFO - Started process (PID=302) to work on /home/airflow/.local/lib/python3.12/site-packages/airflow/example_dags/plugins/workday.py
[2026-04-28T21:05:13.992+0000] {processor.py:830} INFO - Processing file /home/airflow/.local/lib/python3.12/site-packages/airflow/example_dags/plugins/workday.py for tasks to queue
[2026-04-28T21:05:13.997+0000] {logging_mixin.py:188} INFO - [2026-04-28T21:05:13.995+0000] {dagbag.py:540} INFO - Filling up the DagBag from /home/airflow/.local/lib/python3.12/site-packages/airflow/example_dags/plugins/workday.py
[2026-04-28T21:05:15.773+0000] {processor.py:842} WARNING - No viable dags retrieved from /home/airflow/.local/lib/python3.12/site-packages/airflow/example_dags/plugins/workday.py
[2026-04-28T21:05:15.796+0000] {processor.py:183} INFO - Processing /home/airflow/.local/lib/python3.12/site-packages/airflow/example_dags/plugins/workday.py took 1.818 seconds
[2026-04-28T21:05:46.540+0000] {processor.py:161} INFO - Started process (PID=362) to work on /home/airflow/.local/lib/python3.12/site-packages/airflow/example_dags/plugins/workday.py
[2026-04-28T21:05:46.541+0000] {processor.py:830} INFO - Processing file /home/airflow/.local/lib/python3.12/site-packages/airflow/example_dags/plugins/workday.py for tasks to queue
[2026-04-28T21:05:46.543+0000] {logging_mixin.py:188} INFO - [2026-04-28T21:05:46.543+0000] {dagbag.py:540} INFO - Filling up the DagBag from /home/airflow/.local/lib/python3.12/site-packages/airflow/example_dags/plugins/workday.py
[2026-04-28T21:05:47.220+0000] {processor.py:842} WARNING - No viable dags retrieved from /home/airflow/.local/lib/python3.12/site-packages/airflow/example_dags/plugins/workday.py
[2026-04-28T21:05:47.230+0000] {processor.py:183} INFO - Processing /home/airflow/.local/lib/python3.12/site-packages/airflow/example_dags/plugins/workday.py took 0.699 seconds
[2026-04-28T21:06:18.038+0000] {processor.py:161} INFO - Started process (PID=424) to work on /home/airflow/.local/lib/python3.12/site-packages/airflow/example_dags/plugins/workday.py
[2026-04-28T21:06:18.040+0000] {processor.py:830} INFO - Processing file /home/airflow/.local/lib/python3.12/site-packages/airflow/example_dags/plugins/workday.py for tasks to queue
[2026-04-28T21:06:18.043+0000] {logging_mixin.py:188} INFO - [2026-04-28T21:06:18.042+0000] {dagbag.py:540} INFO - Filling up the DagBag from /home/airflow/.local/lib/python3.12/site-packages/airflow/example_dags/plugins/workday.py
[2026-04-28T21:06:19.594+0000] {processor.py:842} WARNING - No viable dags retrieved from /home/airflow/.local/lib/python3.12/site-packages/airflow/example_dags/plugins/workday.py
[2026-04-28T21:06:19.608+0000] {processor.py:183} INFO - Processing /home/airflow/.local/lib/python3.12/site-packages/airflow/example_dags/plugins/workday.py took 1.577 seconds
[2026-04-28T21:06:50.132+0000] {processor.py:161} INFO - Started process (PID=485) to work on /home/airflow/.local/lib/python3.12/site-packages/airflow/example_dags/plugins/workday.py
[2026-04-28T21:06:50.133+0000] {processor.py:830} INFO - Processing file /home/airflow/.local/lib/python3.12/site-packages/airflow/example_dags/plugins/workday.py for tasks to queue
[2026-04-28T21:06:50.135+0000] {logging_mixin.py:188} INFO - [2026-04-28T21:06:50.135+0000] {dagbag.py:540} INFO - Filling up the DagBag from /home/airflow/.local/lib/python3.12/site-packages/airflow/example_dags/plugins/workday.py
[2026-04-28T21:06:51.190+0000] {processor.py:842} WARNING - No viable dags retrieved from /home/airflow/.local/lib/python3.12/site-packages/airflow/example_dags/plugins/workday.py
[2026-04-28T21:06:51.260+0000] {processor.py:183} INFO - Processing /home/airflow/.local/lib/python3.12/site-packages/airflow/example_dags/plugins/workday.py took 1.140 seconds
[2026-04-28T21:07:21.857+0000] {processor.py:161} INFO - Started process (PID=545) to work on /home/airflow/.local/lib/python3.12/site-packages/airflow/example_dags/plugins/workday.py
[2026-04-28T21:07:21.858+0000] {processor.py:830} INFO - Processing file /home/airflow/.local/lib/python3.12/site-packages/airflow/example_dags/plugins/workday.py for tasks to queue
[2026-04-28T21:07:21.860+0000] {logging_mixin.py:188} INFO - [2026-04-28T21:07:21.859+0000] {dagbag.py:540} INFO - Filling up the DagBag from /home/airflow/.local/lib/python3.12/site-packages/airflow/example_dags/plugins/workday.py
[2026-04-28T21:07:22.963+0000] {processor.py:842} WARNING - No viable dags retrieved from /home/airflow/.local/lib/python3.12/site-packages/airflow/example_dags/plugins/workday.py
[2026-04-28T21:07:22.973+0000] {processor.py:183} INFO - Processing /home/airflow/.local/lib/python3.12/site-packages/airflow/example_dags/plugins/workday.py took 1.122 seconds
[2026-04-28T21:07:53.603+0000] {processor.py:161} INFO - Started process (PID=606) to work on /home/airflow/.local/lib/python3.12/site-packages/airflow/example_dags/plugins/workday.py
[2026-04-28T21:07:53.604+0000] {processor.py:830} INFO - Processing file /home/airflow/.local/lib/python3.12/site-packages/airflow/example_dags/plugins/workday.py for tasks to queue
[2026-04-28T21:07:53.607+0000] {logging_mixin.py:188} INFO - [2026-04-28T21:07:53.606+0000] {dagbag.py:540} INFO - Filling up the DagBag from /home/airflow/.local/lib/python3.12/site-packages/airflow/example_dags/plugins/workday.py
[2026-04-28T21:07:54.823+0000] {processor.py:842} WARNING - No viable dags retrieved from /home/airflow/.local/lib/python3.12/site-packages/airflow/example_dags/plugins/workday.py
[2026-04-28T21:07:54.834+0000] {processor.py:183} INFO - Processing /home/airflow/.local/lib/python3.12/site-packages/airflow/example_dags/plugins/workday.py took 1.243 seconds
[2026-04-28T21:08:25.487+0000] {processor.py:161} INFO - Started process (PID=670) to work on /home/airflow/.local/lib/python3.12/site-packages/airflow/example_dags/plugins/workday.py
[2026-04-28T21:08:25.489+0000] {processor.py:830} INFO - Processing file /home/airflow/.local/lib/python3.12/site-packages/airflow/example_dags/plugins/workday.py for tasks to queue
[2026-04-28T21:08:25.491+0000] {logging_mixin.py:188} INFO - [2026-04-28T21:08:25.491+0000] {dagbag.py:540} INFO - Filling up the DagBag from /home/airflow/.local/lib/python3.12/site-packages/airflow/example_dags/plugins/workday.py
[2026-04-28T21:08:26.282+0000] {processor.py:842} WARNING - No viable dags retrieved from /home/airflow/.local/lib/python3.12/site-packages/airflow/example_dags/plugins/workday.py
[2026-04-28T21:08:26.293+0000] {processor.py:183} INFO - Processing /home/airflow/.local/lib/python3.12/site-packages/airflow/example_dags/plugins/workday.py took 0.815 seconds
[2026-04-28T21:08:56.961+0000] {processor.py:161} INFO - Started process (PID=731) to work on /home/airflow/.local/lib/python3.12/site-packages/airflow/example_dags/plugins/workday.py
[2026-04-28T21:08:56.964+0000] {processor.py:830} INFO - Processing file /home/airflow/.local/lib/python3.12/site-packages/airflow/example_dags/plugins/workday.py for tasks to queue
[2026-04-28T21:08:56.966+0000] {logging_mixin.py:188} INFO - [2026-04-28T21:08:56.965+0000] {dagbag.py:540} INFO - Filling up the DagBag from /home/airflow/.local/lib/python3.12/site-packages/airflow/example_dags/plugins/workday.py
[2026-04-28T21:08:57.796+0000] {processor.py:842} WARNING - No viable dags retrieved from /home/airflow/.local/lib/python3.12/site-packages/airflow/example_dags/plugins/workday.py
[2026-04-28T21:08:57.829+0000] {processor.py:183} INFO - Processing /home/airflow/.local/lib/python3.12/site-packages/airflow/example_dags/plugins/workday.py took 0.874 seconds
[2026-04-28T21:09:28.034+0000] {processor.py:161} INFO - Started process (PID=791) to work on /home/airflow/.local/lib/python3.12/site-packages/airflow/example_dags/plugins/workday.py
[2026-04-28T21:09:28.042+0000] {processor.py:830} INFO - Processing file /home/airflow/.local/lib/python3.12/site-packages/airflow/example_dags/plugins/workday.py for tasks to queue
[2026-04-28T21:09:28.062+0000] {logging_mixin.py:188} INFO - [2026-04-28T21:09:28.060+0000] {dagbag.py:540} INFO - Filling up the DagBag from /home/airflow/.local/lib/python3.12/site-packages/airflow/example_dags/plugins/workday.py
[2026-04-28T21:09:30.277+0000] {processor.py:842} WARNING - No viable dags retrieved from /home/airflow/.local/lib/python3.12/site-packages/airflow/example_dags/plugins/workday.py
[2026-04-28T21:09:30.307+0000] {processor.py:183} INFO - Processing /home/airflow/.local/lib/python3.12/site-packages/airflow/example_dags/plugins/workday.py took 2.310 seconds
[2026-04-28T21:10:01.425+0000] {processor.py:161} INFO - Started process (PID=854) to work on /home/airflow/.local/lib/python3.12/site-packages/airflow/example_dags/plugins/workday.py
[2026-04-28T21:10:01.427+0000] {processor.py:830} INFO - Processing file /home/airflow/.local/lib/python3.12/site-packages/airflow/example_dags/plugins/workday.py for tasks to queue
[2026-04-28T21:10:01.429+0000] {logging_mixin.py:188} INFO - [2026-04-28T21:10:01.429+0000] {dagbag.py:540} INFO - Filling up the DagBag from /home/airflow/.local/lib/python3.12/site-packages/airflow/example_dags/plugins/workday.py
[2026-04-28T21:10:05.163+0000] {processor.py:842} WARNING - No viable dags retrieved from /home/airflow/.local/lib/python3.12/site-packages/airflow/example_dags/plugins/workday.py
[2026-04-28T21:10:05.178+0000] {processor.py:183} INFO - Processing /home/airflow/.local/lib/python3.12/site-packages/airflow/example_dags/plugins/workday.py took 3.760 seconds
[2026-04-28T21:10:36.914+0000] {processor.py:161} INFO - Started process (PID=921) to work on /home/airflow/.local/lib/python3.12/site-packages/airflow/example_dags/plugins/workday.py
[2026-04-28T21:10:36.915+0000] {processor.py:830} INFO - Processing file /home/airflow/.local/lib/python3.12/site-packages/airflow/example_dags/plugins/workday.py for tasks to queue
[2026-04-28T21:10:36.918+0000] {logging_mixin.py:188} INFO - [2026-04-28T21:10:36.917+0000] {dagbag.py:540} INFO - Filling up the DagBag from /home/airflow/.local/lib/python3.12/site-packages/airflow/example_dags/plugins/workday.py
[2026-04-28T21:10:37.963+0000] {processor.py:842} WARNING - No viable dags retrieved from /home/airflow/.local/lib/python3.12/site-packages/airflow/example_dags/plugins/workday.py
[2026-04-28T21:10:37.984+0000] {processor.py:183} INFO - Processing /home/airflow/.local/lib/python3.12/site-packages/airflow/example_dags/plugins/workday.py took 1.077 seconds
[2026-04-28T21:11:09.161+0000] {processor.py:161} INFO - Started process (PID=985) to work on /home/airflow/.local/lib/python3.12/site-packages/airflow/example_dags/plugins/workday.py
[2026-04-28T21:11:09.172+0000] {processor.py:830} INFO - Processing file /home/airflow/.local/lib/python3.12/site-packages/airflow/example_dags/plugins/workday.py for tasks to queue
[2026-04-28T21:11:09.181+0000] {logging_mixin.py:188} INFO - [2026-04-28T21:11:09.181+0000] {dagbag.py:540} INFO - Filling up the DagBag from /home/airflow/.local/lib/python3.12/site-packages/airflow/example_dags/plugins/workday.py
[2026-04-28T21:11:12.377+0000] {processor.py:842} WARNING - No viable dags retrieved from /home/airflow/.local/lib/python3.12/site-packages/airflow/example_dags/plugins/workday.py
[2026-04-28T21:11:12.470+0000] {processor.py:183} INFO - Processing /home/airflow/.local/lib/python3.12/site-packages/airflow/example_dags/plugins/workday.py took 3.331 seconds
[2026-04-28T21:11:43.016+0000] {processor.py:161} INFO - Started process (PID=1047) to work on /home/airflow/.local/lib/python3.12/site-packages/airflow/example_dags/plugins/workday.py
[2026-04-28T21:11:43.017+0000] {processor.py:830} INFO - Processing file /home/airflow/.local/lib/python3.12/site-packages/airflow/example_dags/plugins/workday.py for tasks to queue
[2026-04-28T21:11:43.019+0000] {logging_mixin.py:188} INFO - [2026-04-28T21:11:43.018+0000] {dagbag.py:540} INFO - Filling up the DagBag from /home/airflow/.local/lib/python3.12/site-packages/airflow/example_dags/plugins/workday.py
[2026-04-28T21:11:44.195+0000] {processor.py:842} WARNING - No viable dags retrieved from /home/airflow/.local/lib/python3.12/site-packages/airflow/example_dags/plugins/workday.py
[2026-04-28T21:11:44.206+0000] {processor.py:183} INFO - Processing /home/airflow/.local/lib/python3.12/site-packages/airflow/example_dags/plugins/workday.py took 1.195 seconds
[2026-04-28T21:12:14.571+0000] {processor.py:161} INFO - Started process (PID=1108) to work on /home/airflow/.local/lib/python3.12/site-packages/airflow/example_dags/plugins/workday.py
[2026-04-28T21:12:14.572+0000] {processor.py:830} INFO - Processing file /home/airflow/.local/lib/python3.12/site-packages/airflow/example_dags/plugins/workday.py for tasks to queue
[2026-04-28T21:12:14.574+0000] {logging_mixin.py:188} INFO - [2026-04-28T21:12:14.574+0000] {dagbag.py:540} INFO - Filling up the DagBag from /home/airflow/.local/lib/python3.12/site-packages/airflow/example_dags/plugins/workday.py
[2026-04-28T21:12:15.453+0000] {processor.py:842} WARNING - No viable dags retrieved from /home/airflow/.local/lib/python3.12/site-packages/airflow/example_dags/plugins/workday.py
[2026-04-28T21:12:15.464+0000] {processor.py:183} INFO - Processing /home/airflow/.local/lib/python3.12/site-packages/airflow/example_dags/plugins/workday.py took 0.898 seconds
[2026-04-28T21:12:45.511+0000] {processor.py:161} INFO - Started process (PID=1168) to work on /home/airflow/.local/lib/python3.12/site-packages/airflow/example_dags/plugins/workday.py
[2026-04-28T21:12:45.513+0000] {processor.py:830} INFO - Processing file /home/airflow/.local/lib/python3.12/site-packages/airflow/example_dags/plugins/workday.py for tasks to queue
[2026-04-28T21:12:45.515+0000] {logging_mixin.py:188} INFO - [2026-04-28T21:12:45.515+0000] {dagbag.py:540} INFO - Filling up the DagBag from /home/airflow/.local/lib/python3.12/site-packages/airflow/example_dags/plugins/workday.py
[2026-04-28T21:12:46.269+0000] {processor.py:842} WARNING - No viable dags retrieved from /home/airflow/.local/lib/python3.12/site-packages/airflow/example_dags/plugins/workday.py
[2026-04-28T21:12:46.281+0000] {processor.py:183} INFO - Processing /home/airflow/.local/lib/python3.12/site-packages/airflow/example_dags/plugins/workday.py took 0.777 seconds
[2026-04-28T21:13:17.715+0000] {processor.py:161} INFO - Started process (PID=1233) to work on /home/airflow/.local/lib/python3.12/site-packages/airflow/example_dags/plugins/workday.py
[2026-04-28T21:13:17.721+0000] {processor.py:830} INFO - Processing file /home/airflow/.local/lib/python3.12/site-packages/airflow/example_dags/plugins/workday.py for tasks to queue
[2026-04-28T21:13:17.727+0000] {logging_mixin.py:188} INFO - [2026-04-28T21:13:17.726+0000] {dagbag.py:540} INFO - Filling up the DagBag from /home/airflow/.local/lib/python3.12/site-packages/airflow/example_dags/plugins/workday.py
[2026-04-28T21:13:19.419+0000] {processor.py:842} WARNING - No viable dags retrieved from /home/airflow/.local/lib/python3.12/site-packages/airflow/example_dags/plugins/workday.py
[2026-04-28T21:13:19.438+0000] {processor.py:183} INFO - Processing /home/airflow/.local/lib/python3.12/site-packages/airflow/example_dags/plugins/workday.py took 1.738 seconds
[2026-04-28T21:13:49.736+0000] {processor.py:161} INFO - Started process (PID=1293) to work on /home/airflow/.local/lib/python3.12/site-packages/airflow/example_dags/plugins/workday.py
[2026-04-28T21:13:49.743+0000] {processor.py:830} INFO - Processing file /home/airflow/.local/lib/python3.12/site-packages/airflow/example_dags/plugins/workday.py for tasks to queue
[2026-04-28T21:13:49.748+0000] {logging_mixin.py:188} INFO - [2026-04-28T21:13:49.747+0000] {dagbag.py:540} INFO - Filling up the DagBag from /home/airflow/.local/lib/python3.12/site-packages/airflow/example_dags/plugins/workday.py
[2026-04-28T21:13:50.350+0000] {processor.py:842} WARNING - No viable dags retrieved from /home/airflow/.local/lib/python3.12/site-packages/airflow/example_dags/plugins/workday.py
[2026-04-28T21:13:50.379+0000] {processor.py:183} INFO - Processing /home/airflow/.local/lib/python3.12/site-packages/airflow/example_dags/plugins/workday.py took 0.657 seconds
[2026-04-28T21:20:43.083+0000] {processor.py:161} INFO - Started process (PID=114) to work on /home/airflow/.local/lib/python3.12/site-packages/airflow/example_dags/plugins/workday.py
[2026-04-28T21:20:43.087+0000] {processor.py:830} INFO - Processing file /home/airflow/.local/lib/python3.12/site-packages/airflow/example_dags/plugins/workday.py for tasks to queue
[2026-04-28T21:20:43.090+0000] {logging_mixin.py:188} INFO - [2026-04-28T21:20:43.090+0000] {dagbag.py:540} INFO - Filling up the DagBag from /home/airflow/.local/lib/python3.12/site-packages/airflow/example_dags/plugins/workday.py
[2026-04-28T21:20:46.673+0000] {processor.py:842} WARNING - No viable dags retrieved from /home/airflow/.local/lib/python3.12/site-packages/airflow/example_dags/plugins/workday.py
[2026-04-28T21:20:46.727+0000] {processor.py:183} INFO - Processing /home/airflow/.local/lib/python3.12/site-packages/airflow/example_dags/plugins/workday.py took 3.652 seconds
[2026-04-28T21:21:17.540+0000] {processor.py:161} INFO - Started process (PID=178) to work on /home/airflow/.local/lib/python3.12/site-packages/airflow/example_dags/plugins/workday.py
[2026-04-28T21:21:17.541+0000] {processor.py:830} INFO - Processing file /home/airflow/.local/lib/python3.12/site-packages/airflow/example_dags/plugins/workday.py for tasks to queue
[2026-04-28T21:21:17.543+0000] {logging_mixin.py:188} INFO - [2026-04-28T21:21:17.543+0000] {dagbag.py:540} INFO - Filling up the DagBag from /home/airflow/.local/lib/python3.12/site-packages/airflow/example_dags/plugins/workday.py
[2026-04-28T21:21:18.416+0000] {processor.py:842} WARNING - No viable dags retrieved from /home/airflow/.local/lib/python3.12/site-packages/airflow/example_dags/plugins/workday.py
[2026-04-28T21:21:18.427+0000] {processor.py:183} INFO - Processing /home/airflow/.local/lib/python3.12/site-packages/airflow/example_dags/plugins/workday.py took 0.892 seconds
[2026-04-28T21:21:49.307+0000] {processor.py:161} INFO - Started process (PID=244) to work on /home/airflow/.local/lib/python3.12/site-packages/airflow/example_dags/plugins/workday.py
[2026-04-28T21:21:49.309+0000] {processor.py:830} INFO - Processing file /home/airflow/.local/lib/python3.12/site-packages/airflow/example_dags/plugins/workday.py for tasks to queue
[2026-04-28T21:21:49.316+0000] {logging_mixin.py:188} INFO - [2026-04-28T21:21:49.315+0000] {dagbag.py:540} INFO - Filling up the DagBag from /home/airflow/.local/lib/python3.12/site-packages/airflow/example_dags/plugins/workday.py
[2026-04-28T21:21:50.033+0000] {processor.py:842} WARNING - No viable dags retrieved from /home/airflow/.local/lib/python3.12/site-packages/airflow/example_dags/plugins/workday.py
[2026-04-28T21:21:50.044+0000] {processor.py:183} INFO - Processing /home/airflow/.local/lib/python3.12/site-packages/airflow/example_dags/plugins/workday.py took 0.747 seconds
[2026-04-28T21:22:20.917+0000] {processor.py:161} INFO - Started process (PID=304) to work on /home/airflow/.local/lib/python3.12/site-packages/airflow/example_dags/plugins/workday.py
[2026-04-28T21:22:20.921+0000] {processor.py:830} INFO - Processing file /home/airflow/.local/lib/python3.12/site-packages/airflow/example_dags/plugins/workday.py for tasks to queue
[2026-04-28T21:22:20.924+0000] {logging_mixin.py:188} INFO - [2026-04-28T21:22:20.923+0000] {dagbag.py:540} INFO - Filling up the DagBag from /home/airflow/.local/lib/python3.12/site-packages/airflow/example_dags/plugins/workday.py
[2026-04-28T21:22:22.612+0000] {processor.py:842} WARNING - No viable dags retrieved from /home/airflow/.local/lib/python3.12/site-packages/airflow/example_dags/plugins/workday.py
[2026-04-28T21:22:22.627+0000] {processor.py:183} INFO - Processing /home/airflow/.local/lib/python3.12/site-packages/airflow/example_dags/plugins/workday.py took 1.718 seconds
[2026-04-28T21:22:52.760+0000] {processor.py:161} INFO - Started process (PID=364) to work on /home/airflow/.local/lib/python3.12/site-packages/airflow/example_dags/plugins/workday.py
[2026-04-28T21:22:52.766+0000] {processor.py:830} INFO - Processing file /home/airflow/.local/lib/python3.12/site-packages/airflow/example_dags/plugins/workday.py for tasks to queue
[2026-04-28T21:22:52.776+0000] {logging_mixin.py:188} INFO - [2026-04-28T21:22:52.775+0000] {dagbag.py:540} INFO - Filling up the DagBag from /home/airflow/.local/lib/python3.12/site-packages/airflow/example_dags/plugins/workday.py
[2026-04-28T21:22:54.615+0000] {processor.py:842} WARNING - No viable dags retrieved from /home/airflow/.local/lib/python3.12/site-packages/airflow/example_dags/plugins/workday.py
[2026-04-28T21:22:54.642+0000] {processor.py:183} INFO - Processing /home/airflow/.local/lib/python3.12/site-packages/airflow/example_dags/plugins/workday.py took 1.906 seconds
[2026-04-28T21:23:25.539+0000] {processor.py:161} INFO - Started process (PID=425) to work on /home/airflow/.local/lib/python3.12/site-packages/airflow/example_dags/plugins/workday.py
[2026-04-28T21:23:25.540+0000] {processor.py:830} INFO - Processing file /home/airflow/.local/lib/python3.12/site-packages/airflow/example_dags/plugins/workday.py for tasks to queue
[2026-04-28T21:23:25.542+0000] {logging_mixin.py:188} INFO - [2026-04-28T21:23:25.542+0000] {dagbag.py:540} INFO - Filling up the DagBag from /home/airflow/.local/lib/python3.12/site-packages/airflow/example_dags/plugins/workday.py
[2026-04-28T21:23:26.445+0000] {processor.py:842} WARNING - No viable dags retrieved from /home/airflow/.local/lib/python3.12/site-packages/airflow/example_dags/plugins/workday.py
[2026-04-28T21:23:26.458+0000] {processor.py:183} INFO - Processing /home/airflow/.local/lib/python3.12/site-packages/airflow/example_dags/plugins/workday.py took 0.925 seconds
[2026-04-28T21:23:56.638+0000] {processor.py:161} INFO - Started process (PID=486) to work on /home/airflow/.local/lib/python3.12/site-packages/airflow/example_dags/plugins/workday.py
[2026-04-28T21:23:56.644+0000] {processor.py:830} INFO - Processing file /home/airflow/.local/lib/python3.12/site-packages/airflow/example_dags/plugins/workday.py for tasks to queue
[2026-04-28T21:23:56.648+0000] {logging_mixin.py:188} INFO - [2026-04-28T21:23:56.647+0000] {dagbag.py:540} INFO - Filling up the DagBag from /home/airflow/.local/lib/python3.12/site-packages/airflow/example_dags/plugins/workday.py
[2026-04-28T21:23:58.472+0000] {processor.py:842} WARNING - No viable dags retrieved from /home/airflow/.local/lib/python3.12/site-packages/airflow/example_dags/plugins/workday.py
[2026-04-28T21:23:58.512+0000] {processor.py:183} INFO - Processing /home/airflow/.local/lib/python3.12/site-packages/airflow/example_dags/plugins/workday.py took 1.890 seconds
[2026-04-28T21:24:29.550+0000] {processor.py:161} INFO - Started process (PID=548) to work on /home/airflow/.local/lib/python3.12/site-packages/airflow/example_dags/plugins/workday.py
[2026-04-28T21:24:29.560+0000] {processor.py:830} INFO - Processing file /home/airflow/.local/lib/python3.12/site-packages/airflow/example_dags/plugins/workday.py for tasks to queue
[2026-04-28T21:24:29.573+0000] {logging_mixin.py:188} INFO - [2026-04-28T21:24:29.562+0000] {dagbag.py:540} INFO - Filling up the DagBag from /home/airflow/.local/lib/python3.12/site-packages/airflow/example_dags/plugins/workday.py
[2026-04-28T21:24:31.119+0000] {processor.py:842} WARNING - No viable dags retrieved from /home/airflow/.local/lib/python3.12/site-packages/airflow/example_dags/plugins/workday.py
[2026-04-28T21:24:31.134+0000] {processor.py:183} INFO - Processing /home/airflow/.local/lib/python3.12/site-packages/airflow/example_dags/plugins/workday.py took 1.619 seconds
[2026-04-28T21:25:01.272+0000] {processor.py:161} INFO - Started process (PID=609) to work on /home/airflow/.local/lib/python3.12/site-packages/airflow/example_dags/plugins/workday.py
[2026-04-28T21:25:01.274+0000] {processor.py:830} INFO - Processing file /home/airflow/.local/lib/python3.12/site-packages/airflow/example_dags/plugins/workday.py for tasks to queue
[2026-04-28T21:25:01.276+0000] {logging_mixin.py:188} INFO - [2026-04-28T21:25:01.276+0000] {dagbag.py:540} INFO - Filling up the DagBag from /home/airflow/.local/lib/python3.12/site-packages/airflow/example_dags/plugins/workday.py
[2026-04-28T21:25:02.573+0000] {processor.py:842} WARNING - No viable dags retrieved from /home/airflow/.local/lib/python3.12/site-packages/airflow/example_dags/plugins/workday.py
[2026-04-28T21:25:02.586+0000] {processor.py:183} INFO - Processing /home/airflow/.local/lib/python3.12/site-packages/airflow/example_dags/plugins/workday.py took 1.319 seconds
[2026-04-28T21:25:33.122+0000] {processor.py:161} INFO - Started process (PID=670) to work on /home/airflow/.local/lib/python3.12/site-packages/airflow/example_dags/plugins/workday.py
[2026-04-28T21:25:33.128+0000] {processor.py:830} INFO - Processing file /home/airflow/.local/lib/python3.12/site-packages/airflow/example_dags/plugins/workday.py for tasks to queue
[2026-04-28T21:25:33.138+0000] {logging_mixin.py:188} INFO - [2026-04-28T21:25:33.135+0000] {dagbag.py:540} INFO - Filling up the DagBag from /home/airflow/.local/lib/python3.12/site-packages/airflow/example_dags/plugins/workday.py
[2026-04-28T21:25:37.066+0000] {processor.py:842} WARNING - No viable dags retrieved from /home/airflow/.local/lib/python3.12/site-packages/airflow/example_dags/plugins/workday.py
[2026-04-28T21:25:37.088+0000] {processor.py:183} INFO - Processing /home/airflow/.local/lib/python3.12/site-packages/airflow/example_dags/plugins/workday.py took 4.013 seconds
[2026-04-28T21:26:07.461+0000] {processor.py:161} INFO - Started process (PID=732) to work on /home/airflow/.local/lib/python3.12/site-packages/airflow/example_dags/plugins/workday.py
[2026-04-28T21:26:07.469+0000] {processor.py:830} INFO - Processing file /home/airflow/.local/lib/python3.12/site-packages/airflow/example_dags/plugins/workday.py for tasks to queue
[2026-04-28T21:26:07.475+0000] {logging_mixin.py:188} INFO - [2026-04-28T21:26:07.475+0000] {dagbag.py:540} INFO - Filling up the DagBag from /home/airflow/.local/lib/python3.12/site-packages/airflow/example_dags/plugins/workday.py
[2026-04-28T21:26:09.305+0000] {processor.py:842} WARNING - No viable dags retrieved from /home/airflow/.local/lib/python3.12/site-packages/airflow/example_dags/plugins/workday.py
[2026-04-28T21:26:09.316+0000] {processor.py:183} INFO - Processing /home/airflow/.local/lib/python3.12/site-packages/airflow/example_dags/plugins/workday.py took 1.898 seconds
[2026-04-28T21:26:40.128+0000] {processor.py:161} INFO - Started process (PID=798) to work on /home/airflow/.local/lib/python3.12/site-packages/airflow/example_dags/plugins/workday.py
[2026-04-28T21:26:40.130+0000] {processor.py:830} INFO - Processing file /home/airflow/.local/lib/python3.12/site-packages/airflow/example_dags/plugins/workday.py for tasks to queue
[2026-04-28T21:26:40.132+0000] {logging_mixin.py:188} INFO - [2026-04-28T21:26:40.132+0000] {dagbag.py:540} INFO - Filling up the DagBag from /home/airflow/.local/lib/python3.12/site-packages/airflow/example_dags/plugins/workday.py
[2026-04-28T21:26:41.196+0000] {processor.py:842} WARNING - No viable dags retrieved from /home/airflow/.local/lib/python3.12/site-packages/airflow/example_dags/plugins/workday.py
[2026-04-28T21:26:41.209+0000] {processor.py:183} INFO - Processing /home/airflow/.local/lib/python3.12/site-packages/airflow/example_dags/plugins/workday.py took 1.088 seconds
[2026-04-28T21:27:12.061+0000] {processor.py:161} INFO - Started process (PID=859) to work on /home/airflow/.local/lib/python3.12/site-packages/airflow/example_dags/plugins/workday.py
[2026-04-28T21:27:12.063+0000] {processor.py:830} INFO - Processing file /home/airflow/.local/lib/python3.12/site-packages/airflow/example_dags/plugins/workday.py for tasks to queue
[2026-04-28T21:27:12.066+0000] {logging_mixin.py:188} INFO - [2026-04-28T21:27:12.065+0000] {dagbag.py:540} INFO - Filling up the DagBag from /home/airflow/.local/lib/python3.12/site-packages/airflow/example_dags/plugins/workday.py
[2026-04-28T21:27:12.909+0000] {processor.py:842} WARNING - No viable dags retrieved from /home/airflow/.local/lib/python3.12/site-packages/airflow/example_dags/plugins/workday.py
[2026-04-28T21:27:12.925+0000] {processor.py:183} INFO - Processing /home/airflow/.local/lib/python3.12/site-packages/airflow/example_dags/plugins/workday.py took 0.870 seconds
[2026-04-28T21:27:43.733+0000] {processor.py:161} INFO - Started process (PID=920) to work on /home/airflow/.local/lib/python3.12/site-packages/airflow/example_dags/plugins/workday.py
[2026-04-28T21:27:43.734+0000] {processor.py:830} INFO - Processing file /home/airflow/.local/lib/python3.12/site-packages/airflow/example_dags/plugins/workday.py for tasks to queue
[2026-04-28T21:27:43.737+0000] {logging_mixin.py:188} INFO - [2026-04-28T21:27:43.736+0000] {dagbag.py:540} INFO - Filling up the DagBag from /home/airflow/.local/lib/python3.12/site-packages/airflow/example_dags/plugins/workday.py
[2026-04-28T21:27:44.705+0000] {processor.py:842} WARNING - No viable dags retrieved from /home/airflow/.local/lib/python3.12/site-packages/airflow/example_dags/plugins/workday.py
[2026-04-28T21:27:44.715+0000] {processor.py:183} INFO - Processing /home/airflow/.local/lib/python3.12/site-packages/airflow/example_dags/plugins/workday.py took 0.992 seconds
[2026-04-28T21:28:15.060+0000] {processor.py:161} INFO - Started process (PID=982) to work on /home/airflow/.local/lib/python3.12/site-packages/airflow/example_dags/plugins/workday.py
[2026-04-28T21:28:15.061+0000] {processor.py:830} INFO - Processing file /home/airflow/.local/lib/python3.12/site-packages/airflow/example_dags/plugins/workday.py for tasks to queue
[2026-04-28T21:28:15.063+0000] {logging_mixin.py:188} INFO - [2026-04-28T21:28:15.062+0000] {dagbag.py:540} INFO - Filling up the DagBag from /home/airflow/.local/lib/python3.12/site-packages/airflow/example_dags/plugins/workday.py
[2026-04-28T21:28:16.071+0000] {processor.py:842} WARNING - No viable dags retrieved from /home/airflow/.local/lib/python3.12/site-packages/airflow/example_dags/plugins/workday.py
[2026-04-28T21:28:16.083+0000] {processor.py:183} INFO - Processing /home/airflow/.local/lib/python3.12/site-packages/airflow/example_dags/plugins/workday.py took 1.028 seconds
[2026-04-28T21:28:47.301+0000] {processor.py:161} INFO - Started process (PID=1045) to work on /home/airflow/.local/lib/python3.12/site-packages/airflow/example_dags/plugins/workday.py
[2026-04-28T21:28:47.305+0000] {processor.py:830} INFO - Processing file /home/airflow/.local/lib/python3.12/site-packages/airflow/example_dags/plugins/workday.py for tasks to queue
[2026-04-28T21:28:47.309+0000] {logging_mixin.py:188} INFO - [2026-04-28T21:28:47.308+0000] {dagbag.py:540} INFO - Filling up the DagBag from /home/airflow/.local/lib/python3.12/site-packages/airflow/example_dags/plugins/workday.py
[2026-04-28T21:28:48.923+0000] {processor.py:842} WARNING - No viable dags retrieved from /home/airflow/.local/lib/python3.12/site-packages/airflow/example_dags/plugins/workday.py
[2026-04-28T21:28:48.939+0000] {processor.py:183} INFO - Processing /home/airflow/.local/lib/python3.12/site-packages/airflow/example_dags/plugins/workday.py took 1.653 seconds
[2026-04-28T21:29:19.413+0000] {processor.py:161} INFO - Started process (PID=1107) to work on /home/airflow/.local/lib/python3.12/site-packages/airflow/example_dags/plugins/workday.py
[2026-04-28T21:29:19.421+0000] {processor.py:830} INFO - Processing file /home/airflow/.local/lib/python3.12/site-packages/airflow/example_dags/plugins/workday.py for tasks to queue
[2026-04-28T21:29:19.426+0000] {logging_mixin.py:188} INFO - [2026-04-28T21:29:19.425+0000] {dagbag.py:540} INFO - Filling up the DagBag from /home/airflow/.local/lib/python3.12/site-packages/airflow/example_dags/plugins/workday.py
[2026-04-28T21:29:22.575+0000] {processor.py:842} WARNING - No viable dags retrieved from /home/airflow/.local/lib/python3.12/site-packages/airflow/example_dags/plugins/workday.py
[2026-04-28T21:29:22.624+0000] {processor.py:183} INFO - Processing /home/airflow/.local/lib/python3.12/site-packages/airflow/example_dags/plugins/workday.py took 3.219 seconds
[2026-04-28T21:29:53.274+0000] {processor.py:161} INFO - Started process (PID=1171) to work on /home/airflow/.local/lib/python3.12/site-packages/airflow/example_dags/plugins/workday.py
[2026-04-28T21:29:53.279+0000] {processor.py:830} INFO - Processing file /home/airflow/.local/lib/python3.12/site-packages/airflow/example_dags/plugins/workday.py for tasks to queue
[2026-04-28T21:29:53.282+0000] {logging_mixin.py:188} INFO - [2026-04-28T21:29:53.281+0000] {dagbag.py:540} INFO - Filling up the DagBag from /home/airflow/.local/lib/python3.12/site-packages/airflow/example_dags/plugins/workday.py
[2026-04-28T21:29:55.028+0000] {processor.py:842} WARNING - No viable dags retrieved from /home/airflow/.local/lib/python3.12/site-packages/airflow/example_dags/plugins/workday.py
[2026-04-28T21:29:55.057+0000] {processor.py:183} INFO - Processing /home/airflow/.local/lib/python3.12/site-packages/airflow/example_dags/plugins/workday.py took 1.792 seconds
[2026-04-28T21:30:25.132+0000] {processor.py:161} INFO - Started process (PID=1232) to work on /home/airflow/.local/lib/python3.12/site-packages/airflow/example_dags/plugins/workday.py
[2026-04-28T21:30:25.133+0000] {processor.py:830} INFO - Processing file /home/airflow/.local/lib/python3.12/site-packages/airflow/example_dags/plugins/workday.py for tasks to queue
[2026-04-28T21:30:25.136+0000] {logging_mixin.py:188} INFO - [2026-04-28T21:30:25.135+0000] {dagbag.py:540} INFO - Filling up the DagBag from /home/airflow/.local/lib/python3.12/site-packages/airflow/example_dags/plugins/workday.py
[2026-04-28T21:30:26.191+0000] {processor.py:842} WARNING - No viable dags retrieved from /home/airflow/.local/lib/python3.12/site-packages/airflow/example_dags/plugins/workday.py
[2026-04-28T21:30:26.216+0000] {processor.py:183} INFO - Processing /home/airflow/.local/lib/python3.12/site-packages/airflow/example_dags/plugins/workday.py took 1.093 seconds
[2026-04-28T21:30:57.188+0000] {processor.py:161} INFO - Started process (PID=1293) to work on /home/airflow/.local/lib/python3.12/site-packages/airflow/example_dags/plugins/workday.py
[2026-04-28T21:30:57.190+0000] {processor.py:830} INFO - Processing file /home/airflow/.local/lib/python3.12/site-packages/airflow/example_dags/plugins/workday.py for tasks to queue
[2026-04-28T21:30:57.192+0000] {logging_mixin.py:188} INFO - [2026-04-28T21:30:57.192+0000] {dagbag.py:540} INFO - Filling up the DagBag from /home/airflow/.local/lib/python3.12/site-packages/airflow/example_dags/plugins/workday.py
[2026-04-28T21:30:58.692+0000] {processor.py:842} WARNING - No viable dags retrieved from /home/airflow/.local/lib/python3.12/site-packages/airflow/example_dags/plugins/workday.py
[2026-04-28T21:30:58.709+0000] {processor.py:183} INFO - Processing /home/airflow/.local/lib/python3.12/site-packages/airflow/example_dags/plugins/workday.py took 1.528 seconds
[2026-04-28T21:31:29.753+0000] {processor.py:161} INFO - Started process (PID=1364) to work on /home/airflow/.local/lib/python3.12/site-packages/airflow/example_dags/plugins/workday.py
[2026-04-28T21:31:29.754+0000] {processor.py:830} INFO - Processing file /home/airflow/.local/lib/python3.12/site-packages/airflow/example_dags/plugins/workday.py for tasks to queue
[2026-04-28T21:31:29.756+0000] {logging_mixin.py:188} INFO - [2026-04-28T21:31:29.755+0000] {dagbag.py:540} INFO - Filling up the DagBag from /home/airflow/.local/lib/python3.12/site-packages/airflow/example_dags/plugins/workday.py
[2026-04-28T21:31:30.341+0000] {processor.py:842} WARNING - No viable dags retrieved from /home/airflow/.local/lib/python3.12/site-packages/airflow/example_dags/plugins/workday.py
[2026-04-28T21:31:30.356+0000] {processor.py:183} INFO - Processing /home/airflow/.local/lib/python3.12/site-packages/airflow/example_dags/plugins/workday.py took 0.609 seconds
[2026-04-28T21:32:01.701+0000] {processor.py:161} INFO - Started process (PID=1429) to work on /home/airflow/.local/lib/python3.12/site-packages/airflow/example_dags/plugins/workday.py
[2026-04-28T21:32:01.705+0000] {processor.py:830} INFO - Processing file /home/airflow/.local/lib/python3.12/site-packages/airflow/example_dags/plugins/workday.py for tasks to queue
[2026-04-28T21:32:01.713+0000] {logging_mixin.py:188} INFO - [2026-04-28T21:32:01.712+0000] {dagbag.py:540} INFO - Filling up the DagBag from /home/airflow/.local/lib/python3.12/site-packages/airflow/example_dags/plugins/workday.py
[2026-04-28T21:32:02.876+0000] {processor.py:842} WARNING - No viable dags retrieved from /home/airflow/.local/lib/python3.12/site-packages/airflow/example_dags/plugins/workday.py
[2026-04-28T21:32:02.891+0000] {processor.py:183} INFO - Processing /home/airflow/.local/lib/python3.12/site-packages/airflow/example_dags/plugins/workday.py took 1.217 seconds
[2026-04-28T21:32:36.689+0000] {processor.py:161} INFO - Started process (PID=1495) to work on /home/airflow/.local/lib/python3.12/site-packages/airflow/example_dags/plugins/workday.py
[2026-04-28T21:32:36.711+0000] {processor.py:830} INFO - Processing file /home/airflow/.local/lib/python3.12/site-packages/airflow/example_dags/plugins/workday.py for tasks to queue
[2026-04-28T21:32:36.752+0000] {logging_mixin.py:188} INFO - [2026-04-28T21:32:36.740+0000] {dagbag.py:540} INFO - Filling up the DagBag from /home/airflow/.local/lib/python3.12/site-packages/airflow/example_dags/plugins/workday.py
[2026-04-28T21:32:39.711+0000] {processor.py:842} WARNING - No viable dags retrieved from /home/airflow/.local/lib/python3.12/site-packages/airflow/example_dags/plugins/workday.py
[2026-04-28T21:32:39.751+0000] {processor.py:183} INFO - Processing /home/airflow/.local/lib/python3.12/site-packages/airflow/example_dags/plugins/workday.py took 3.092 seconds
[2026-04-28T21:33:10.162+0000] {processor.py:161} INFO - Started process (PID=1560) to work on /home/airflow/.local/lib/python3.12/site-packages/airflow/example_dags/plugins/workday.py
[2026-04-28T21:33:10.166+0000] {processor.py:830} INFO - Processing file /home/airflow/.local/lib/python3.12/site-packages/airflow/example_dags/plugins/workday.py for tasks to queue
[2026-04-28T21:33:10.170+0000] {logging_mixin.py:188} INFO - [2026-04-28T21:33:10.169+0000] {dagbag.py:540} INFO - Filling up the DagBag from /home/airflow/.local/lib/python3.12/site-packages/airflow/example_dags/plugins/workday.py
[2026-04-28T21:33:12.600+0000] {processor.py:842} WARNING - No viable dags retrieved from /home/airflow/.local/lib/python3.12/site-packages/airflow/example_dags/plugins/workday.py
[2026-04-28T21:33:12.622+0000] {processor.py:183} INFO - Processing /home/airflow/.local/lib/python3.12/site-packages/airflow/example_dags/plugins/workday.py took 2.469 seconds
[2026-04-28T21:33:43.414+0000] {processor.py:161} INFO - Started process (PID=1624) to work on /home/airflow/.local/lib/python3.12/site-packages/airflow/example_dags/plugins/workday.py
[2026-04-28T21:33:43.415+0000] {processor.py:830} INFO - Processing file /home/airflow/.local/lib/python3.12/site-packages/airflow/example_dags/plugins/workday.py for tasks to queue
[2026-04-28T21:33:43.416+0000] {logging_mixin.py:188} INFO - [2026-04-28T21:33:43.416+0000] {dagbag.py:540} INFO - Filling up the DagBag from /home/airflow/.local/lib/python3.12/site-packages/airflow/example_dags/plugins/workday.py
[2026-04-28T21:33:43.926+0000] {processor.py:842} WARNING - No viable dags retrieved from /home/airflow/.local/lib/python3.12/site-packages/airflow/example_dags/plugins/workday.py
[2026-04-28T21:33:43.937+0000] {processor.py:183} INFO - Processing /home/airflow/.local/lib/python3.12/site-packages/airflow/example_dags/plugins/workday.py took 0.529 seconds
[2026-04-28T21:34:14.419+0000] {processor.py:161} INFO - Started process (PID=1683) to work on /home/airflow/.local/lib/python3.12/site-packages/airflow/example_dags/plugins/workday.py
[2026-04-28T21:34:14.420+0000] {processor.py:830} INFO - Processing file /home/airflow/.local/lib/python3.12/site-packages/airflow/example_dags/plugins/workday.py for tasks to queue
[2026-04-28T21:34:14.422+0000] {logging_mixin.py:188} INFO - [2026-04-28T21:34:14.422+0000] {dagbag.py:540} INFO - Filling up the DagBag from /home/airflow/.local/lib/python3.12/site-packages/airflow/example_dags/plugins/workday.py
[2026-04-28T21:34:15.769+0000] {processor.py:842} WARNING - No viable dags retrieved from /home/airflow/.local/lib/python3.12/site-packages/airflow/example_dags/plugins/workday.py
[2026-04-28T21:34:15.787+0000] {processor.py:183} INFO - Processing /home/airflow/.local/lib/python3.12/site-packages/airflow/example_dags/plugins/workday.py took 1.378 seconds
[2026-04-28T21:34:46.604+0000] {processor.py:161} INFO - Started process (PID=1744) to work on /home/airflow/.local/lib/python3.12/site-packages/airflow/example_dags/plugins/workday.py
[2026-04-28T21:34:46.615+0000] {processor.py:830} INFO - Processing file /home/airflow/.local/lib/python3.12/site-packages/airflow/example_dags/plugins/workday.py for tasks to queue
[2026-04-28T21:34:46.624+0000] {logging_mixin.py:188} INFO - [2026-04-28T21:34:46.623+0000] {dagbag.py:540} INFO - Filling up the DagBag from /home/airflow/.local/lib/python3.12/site-packages/airflow/example_dags/plugins/workday.py
[2026-04-28T21:34:48.987+0000] {processor.py:842} WARNING - No viable dags retrieved from /home/airflow/.local/lib/python3.12/site-packages/airflow/example_dags/plugins/workday.py
[2026-04-28T21:34:49.016+0000] {processor.py:183} INFO - Processing /home/airflow/.local/lib/python3.12/site-packages/airflow/example_dags/plugins/workday.py took 2.447 seconds
[2026-04-28T21:35:19.487+0000] {processor.py:161} INFO - Started process (PID=1805) to work on /home/airflow/.local/lib/python3.12/site-packages/airflow/example_dags/plugins/workday.py
[2026-04-28T21:35:19.490+0000] {processor.py:830} INFO - Processing file /home/airflow/.local/lib/python3.12/site-packages/airflow/example_dags/plugins/workday.py for tasks to queue
[2026-04-28T21:35:19.492+0000] {logging_mixin.py:188} INFO - [2026-04-28T21:35:19.491+0000] {dagbag.py:540} INFO - Filling up the DagBag from /home/airflow/.local/lib/python3.12/site-packages/airflow/example_dags/plugins/workday.py
[2026-04-28T21:35:20.040+0000] {processor.py:842} WARNING - No viable dags retrieved from /home/airflow/.local/lib/python3.12/site-packages/airflow/example_dags/plugins/workday.py
[2026-04-28T21:35:20.062+0000] {processor.py:183} INFO - Processing /home/airflow/.local/lib/python3.12/site-packages/airflow/example_dags/plugins/workday.py took 0.582 seconds
[2026-04-28T21:35:50.762+0000] {processor.py:161} INFO - Started process (PID=1865) to work on /home/airflow/.local/lib/python3.12/site-packages/airflow/example_dags/plugins/workday.py
[2026-04-28T21:35:50.764+0000] {processor.py:830} INFO - Processing file /home/airflow/.local/lib/python3.12/site-packages/airflow/example_dags/plugins/workday.py for tasks to queue
[2026-04-28T21:35:50.767+0000] {logging_mixin.py:188} INFO - [2026-04-28T21:35:50.766+0000] {dagbag.py:540} INFO - Filling up the DagBag from /home/airflow/.local/lib/python3.12/site-packages/airflow/example_dags/plugins/workday.py
[2026-04-28T21:35:52.062+0000] {processor.py:842} WARNING - No viable dags retrieved from /home/airflow/.local/lib/python3.12/site-packages/airflow/example_dags/plugins/workday.py
[2026-04-28T21:35:52.109+0000] {processor.py:183} INFO - Processing /home/airflow/.local/lib/python3.12/site-packages/airflow/example_dags/plugins/workday.py took 1.360 seconds
[2026-04-28T21:36:22.448+0000] {processor.py:161} INFO - Started process (PID=1925) to work on /home/airflow/.local/lib/python3.12/site-packages/airflow/example_dags/plugins/workday.py
[2026-04-28T21:36:22.452+0000] {processor.py:830} INFO - Processing file /home/airflow/.local/lib/python3.12/site-packages/airflow/example_dags/plugins/workday.py for tasks to queue
[2026-04-28T21:36:22.457+0000] {logging_mixin.py:188} INFO - [2026-04-28T21:36:22.456+0000] {dagbag.py:540} INFO - Filling up the DagBag from /home/airflow/.local/lib/python3.12/site-packages/airflow/example_dags/plugins/workday.py
[2026-04-28T21:36:24.519+0000] {processor.py:842} WARNING - No viable dags retrieved from /home/airflow/.local/lib/python3.12/site-packages/airflow/example_dags/plugins/workday.py
[2026-04-28T21:36:24.551+0000] {processor.py:183} INFO - Processing /home/airflow/.local/lib/python3.12/site-packages/airflow/example_dags/plugins/workday.py took 2.114 seconds
[2026-04-28T21:36:55.322+0000] {processor.py:161} INFO - Started process (PID=1988) to work on /home/airflow/.local/lib/python3.12/site-packages/airflow/example_dags/plugins/workday.py
[2026-04-28T21:36:55.324+0000] {processor.py:830} INFO - Processing file /home/airflow/.local/lib/python3.12/site-packages/airflow/example_dags/plugins/workday.py for tasks to queue
[2026-04-28T21:36:55.328+0000] {logging_mixin.py:188} INFO - [2026-04-28T21:36:55.328+0000] {dagbag.py:540} INFO - Filling up the DagBag from /home/airflow/.local/lib/python3.12/site-packages/airflow/example_dags/plugins/workday.py
[2026-04-28T21:36:56.735+0000] {processor.py:842} WARNING - No viable dags retrieved from /home/airflow/.local/lib/python3.12/site-packages/airflow/example_dags/plugins/workday.py
[2026-04-28T21:36:56.750+0000] {processor.py:183} INFO - Processing /home/airflow/.local/lib/python3.12/site-packages/airflow/example_dags/plugins/workday.py took 1.438 seconds
[2026-04-28T21:37:26.918+0000] {processor.py:161} INFO - Started process (PID=2049) to work on /home/airflow/.local/lib/python3.12/site-packages/airflow/example_dags/plugins/workday.py
[2026-04-28T21:37:26.922+0000] {processor.py:830} INFO - Processing file /home/airflow/.local/lib/python3.12/site-packages/airflow/example_dags/plugins/workday.py for tasks to queue
[2026-04-28T21:37:26.927+0000] {logging_mixin.py:188} INFO - [2026-04-28T21:37:26.926+0000] {dagbag.py:540} INFO - Filling up the DagBag from /home/airflow/.local/lib/python3.12/site-packages/airflow/example_dags/plugins/workday.py
[2026-04-28T21:37:28.600+0000] {processor.py:842} WARNING - No viable dags retrieved from /home/airflow/.local/lib/python3.12/site-packages/airflow/example_dags/plugins/workday.py
[2026-04-28T21:37:28.662+0000] {processor.py:183} INFO - Processing /home/airflow/.local/lib/python3.12/site-packages/airflow/example_dags/plugins/workday.py took 1.758 seconds
[2026-04-28T21:37:59.559+0000] {processor.py:161} INFO - Started process (PID=2112) to work on /home/airflow/.local/lib/python3.12/site-packages/airflow/example_dags/plugins/workday.py
[2026-04-28T21:37:59.560+0000] {processor.py:830} INFO - Processing file /home/airflow/.local/lib/python3.12/site-packages/airflow/example_dags/plugins/workday.py for tasks to queue
[2026-04-28T21:37:59.562+0000] {logging_mixin.py:188} INFO - [2026-04-28T21:37:59.561+0000] {dagbag.py:540} INFO - Filling up the DagBag from /home/airflow/.local/lib/python3.12/site-packages/airflow/example_dags/plugins/workday.py
[2026-04-28T21:38:00.370+0000] {processor.py:842} WARNING - No viable dags retrieved from /home/airflow/.local/lib/python3.12/site-packages/airflow/example_dags/plugins/workday.py
[2026-04-28T21:38:00.386+0000] {processor.py:183} INFO - Processing /home/airflow/.local/lib/python3.12/site-packages/airflow/example_dags/plugins/workday.py took 0.833 seconds
[2026-04-28T21:38:30.863+0000] {processor.py:161} INFO - Started process (PID=2171) to work on /home/airflow/.local/lib/python3.12/site-packages/airflow/example_dags/plugins/workday.py
[2026-04-28T21:38:30.864+0000] {processor.py:830} INFO - Processing file /home/airflow/.local/lib/python3.12/site-packages/airflow/example_dags/plugins/workday.py for tasks to queue
[2026-04-28T21:38:30.867+0000] {logging_mixin.py:188} INFO - [2026-04-28T21:38:30.866+0000] {dagbag.py:540} INFO - Filling up the DagBag from /home/airflow/.local/lib/python3.12/site-packages/airflow/example_dags/plugins/workday.py
[2026-04-28T21:38:31.780+0000] {processor.py:842} WARNING - No viable dags retrieved from /home/airflow/.local/lib/python3.12/site-packages/airflow/example_dags/plugins/workday.py
[2026-04-28T21:38:31.793+0000] {processor.py:183} INFO - Processing /home/airflow/.local/lib/python3.12/site-packages/airflow/example_dags/plugins/workday.py took 0.938 seconds
[2026-04-28T21:39:02.491+0000] {processor.py:161} INFO - Started process (PID=2233) to work on /home/airflow/.local/lib/python3.12/site-packages/airflow/example_dags/plugins/workday.py
[2026-04-28T21:39:02.496+0000] {processor.py:830} INFO - Processing file /home/airflow/.local/lib/python3.12/site-packages/airflow/example_dags/plugins/workday.py for tasks to queue
[2026-04-28T21:39:02.499+0000] {logging_mixin.py:188} INFO - [2026-04-28T21:39:02.498+0000] {dagbag.py:540} INFO - Filling up the DagBag from /home/airflow/.local/lib/python3.12/site-packages/airflow/example_dags/plugins/workday.py
[2026-04-28T21:39:03.943+0000] {processor.py:842} WARNING - No viable dags retrieved from /home/airflow/.local/lib/python3.12/site-packages/airflow/example_dags/plugins/workday.py
[2026-04-28T21:39:03.959+0000] {processor.py:183} INFO - Processing /home/airflow/.local/lib/python3.12/site-packages/airflow/example_dags/plugins/workday.py took 1.487 seconds
[2026-04-28T21:39:34.329+0000] {processor.py:161} INFO - Started process (PID=2294) to work on /home/airflow/.local/lib/python3.12/site-packages/airflow/example_dags/plugins/workday.py
[2026-04-28T21:39:34.331+0000] {processor.py:830} INFO - Processing file /home/airflow/.local/lib/python3.12/site-packages/airflow/example_dags/plugins/workday.py for tasks to queue
[2026-04-28T21:39:34.333+0000] {logging_mixin.py:188} INFO - [2026-04-28T21:39:34.332+0000] {dagbag.py:540} INFO - Filling up the DagBag from /home/airflow/.local/lib/python3.12/site-packages/airflow/example_dags/plugins/workday.py
[2026-04-28T21:39:35.573+0000] {processor.py:842} WARNING - No viable dags retrieved from /home/airflow/.local/lib/python3.12/site-packages/airflow/example_dags/plugins/workday.py
[2026-04-28T21:39:35.626+0000] {processor.py:183} INFO - Processing /home/airflow/.local/lib/python3.12/site-packages/airflow/example_dags/plugins/workday.py took 1.302 seconds
[2026-04-28T21:43:34.253+0000] {processor.py:161} INFO - Started process (PID=116) to work on /home/airflow/.local/lib/python3.12/site-packages/airflow/example_dags/plugins/workday.py
[2026-04-28T21:43:34.256+0000] {processor.py:830} INFO - Processing file /home/airflow/.local/lib/python3.12/site-packages/airflow/example_dags/plugins/workday.py for tasks to queue
[2026-04-28T21:43:34.258+0000] {logging_mixin.py:188} INFO - [2026-04-28T21:43:34.258+0000] {dagbag.py:540} INFO - Filling up the DagBag from /home/airflow/.local/lib/python3.12/site-packages/airflow/example_dags/plugins/workday.py
[2026-04-28T21:43:37.197+0000] {processor.py:842} WARNING - No viable dags retrieved from /home/airflow/.local/lib/python3.12/site-packages/airflow/example_dags/plugins/workday.py
[2026-04-28T21:43:37.213+0000] {processor.py:183} INFO - Processing /home/airflow/.local/lib/python3.12/site-packages/airflow/example_dags/plugins/workday.py took 2.969 seconds
[2026-04-28T21:44:08.177+0000] {processor.py:161} INFO - Started process (PID=180) to work on /home/airflow/.local/lib/python3.12/site-packages/airflow/example_dags/plugins/workday.py
[2026-04-28T21:44:08.178+0000] {processor.py:830} INFO - Processing file /home/airflow/.local/lib/python3.12/site-packages/airflow/example_dags/plugins/workday.py for tasks to queue
[2026-04-28T21:44:08.180+0000] {logging_mixin.py:188} INFO - [2026-04-28T21:44:08.180+0000] {dagbag.py:540} INFO - Filling up the DagBag from /home/airflow/.local/lib/python3.12/site-packages/airflow/example_dags/plugins/workday.py
[2026-04-28T21:44:08.765+0000] {processor.py:842} WARNING - No viable dags retrieved from /home/airflow/.local/lib/python3.12/site-packages/airflow/example_dags/plugins/workday.py
[2026-04-28T21:44:08.779+0000] {processor.py:183} INFO - Processing /home/airflow/.local/lib/python3.12/site-packages/airflow/example_dags/plugins/workday.py took 0.607 seconds
[2026-04-28T21:44:38.849+0000] {processor.py:161} INFO - Started process (PID=239) to work on /home/airflow/.local/lib/python3.12/site-packages/airflow/example_dags/plugins/workday.py
[2026-04-28T21:44:38.854+0000] {processor.py:830} INFO - Processing file /home/airflow/.local/lib/python3.12/site-packages/airflow/example_dags/plugins/workday.py for tasks to queue
[2026-04-28T21:44:38.870+0000] {logging_mixin.py:188} INFO - [2026-04-28T21:44:38.868+0000] {dagbag.py:540} INFO - Filling up the DagBag from /home/airflow/.local/lib/python3.12/site-packages/airflow/example_dags/plugins/workday.py
[2026-04-28T21:44:39.653+0000] {processor.py:842} WARNING - No viable dags retrieved from /home/airflow/.local/lib/python3.12/site-packages/airflow/example_dags/plugins/workday.py
[2026-04-28T21:44:39.666+0000] {processor.py:183} INFO - Processing /home/airflow/.local/lib/python3.12/site-packages/airflow/example_dags/plugins/workday.py took 0.831 seconds
[2026-04-28T21:45:09.900+0000] {processor.py:161} INFO - Started process (PID=299) to work on /home/airflow/.local/lib/python3.12/site-packages/airflow/example_dags/plugins/workday.py
[2026-04-28T21:45:09.901+0000] {processor.py:830} INFO - Processing file /home/airflow/.local/lib/python3.12/site-packages/airflow/example_dags/plugins/workday.py for tasks to queue
[2026-04-28T21:45:09.904+0000] {logging_mixin.py:188} INFO - [2026-04-28T21:45:09.903+0000] {dagbag.py:540} INFO - Filling up the DagBag from /home/airflow/.local/lib/python3.12/site-packages/airflow/example_dags/plugins/workday.py
[2026-04-28T21:45:10.787+0000] {processor.py:842} WARNING - No viable dags retrieved from /home/airflow/.local/lib/python3.12/site-packages/airflow/example_dags/plugins/workday.py
[2026-04-28T21:45:10.801+0000] {processor.py:183} INFO - Processing /home/airflow/.local/lib/python3.12/site-packages/airflow/example_dags/plugins/workday.py took 0.914 seconds
[2026-04-28T21:45:41.203+0000] {processor.py:161} INFO - Started process (PID=365) to work on /home/airflow/.local/lib/python3.12/site-packages/airflow/example_dags/plugins/workday.py
[2026-04-28T21:45:41.205+0000] {processor.py:830} INFO - Processing file /home/airflow/.local/lib/python3.12/site-packages/airflow/example_dags/plugins/workday.py for tasks to queue
[2026-04-28T21:45:41.207+0000] {logging_mixin.py:188} INFO - [2026-04-28T21:45:41.207+0000] {dagbag.py:540} INFO - Filling up the DagBag from /home/airflow/.local/lib/python3.12/site-packages/airflow/example_dags/plugins/workday.py
[2026-04-28T21:45:42.131+0000] {processor.py:842} WARNING - No viable dags retrieved from /home/airflow/.local/lib/python3.12/site-packages/airflow/example_dags/plugins/workday.py
[2026-04-28T21:45:42.141+0000] {processor.py:183} INFO - Processing /home/airflow/.local/lib/python3.12/site-packages/airflow/example_dags/plugins/workday.py took 0.946 seconds
[2026-04-28T21:46:12.909+0000] {processor.py:161} INFO - Started process (PID=424) to work on /home/airflow/.local/lib/python3.12/site-packages/airflow/example_dags/plugins/workday.py
[2026-04-28T21:46:12.916+0000] {processor.py:830} INFO - Processing file /home/airflow/.local/lib/python3.12/site-packages/airflow/example_dags/plugins/workday.py for tasks to queue
[2026-04-28T21:46:12.927+0000] {logging_mixin.py:188} INFO - [2026-04-28T21:46:12.927+0000] {dagbag.py:540} INFO - Filling up the DagBag from /home/airflow/.local/lib/python3.12/site-packages/airflow/example_dags/plugins/workday.py
[2026-04-28T21:46:15.297+0000] {processor.py:842} WARNING - No viable dags retrieved from /home/airflow/.local/lib/python3.12/site-packages/airflow/example_dags/plugins/workday.py
[2026-04-28T21:46:15.325+0000] {processor.py:183} INFO - Processing /home/airflow/.local/lib/python3.12/site-packages/airflow/example_dags/plugins/workday.py took 2.450 seconds
[2026-04-28T21:46:45.660+0000] {processor.py:161} INFO - Started process (PID=485) to work on /home/airflow/.local/lib/python3.12/site-packages/airflow/example_dags/plugins/workday.py
[2026-04-28T21:46:45.668+0000] {processor.py:830} INFO - Processing file /home/airflow/.local/lib/python3.12/site-packages/airflow/example_dags/plugins/workday.py for tasks to queue
[2026-04-28T21:46:45.673+0000] {logging_mixin.py:188} INFO - [2026-04-28T21:46:45.672+0000] {dagbag.py:540} INFO - Filling up the DagBag from /home/airflow/.local/lib/python3.12/site-packages/airflow/example_dags/plugins/workday.py
[2026-04-28T21:46:49.474+0000] {processor.py:842} WARNING - No viable dags retrieved from /home/airflow/.local/lib/python3.12/site-packages/airflow/example_dags/plugins/workday.py
[2026-04-28T21:46:49.556+0000] {processor.py:183} INFO - Processing /home/airflow/.local/lib/python3.12/site-packages/airflow/example_dags/plugins/workday.py took 3.915 seconds
[2026-04-28T21:47:20.152+0000] {processor.py:161} INFO - Started process (PID=550) to work on /home/airflow/.local/lib/python3.12/site-packages/airflow/example_dags/plugins/workday.py
[2026-04-28T21:47:20.154+0000] {processor.py:830} INFO - Processing file /home/airflow/.local/lib/python3.12/site-packages/airflow/example_dags/plugins/workday.py for tasks to queue
[2026-04-28T21:47:20.156+0000] {logging_mixin.py:188} INFO - [2026-04-28T21:47:20.156+0000] {dagbag.py:540} INFO - Filling up the DagBag from /home/airflow/.local/lib/python3.12/site-packages/airflow/example_dags/plugins/workday.py
[2026-04-28T21:47:21.204+0000] {processor.py:842} WARNING - No viable dags retrieved from /home/airflow/.local/lib/python3.12/site-packages/airflow/example_dags/plugins/workday.py
[2026-04-28T21:47:21.214+0000] {processor.py:183} INFO - Processing /home/airflow/.local/lib/python3.12/site-packages/airflow/example_dags/plugins/workday.py took 1.070 seconds
[2026-04-28T21:47:51.532+0000] {processor.py:161} INFO - Started process (PID=610) to work on /home/airflow/.local/lib/python3.12/site-packages/airflow/example_dags/plugins/workday.py
[2026-04-28T21:47:51.535+0000] {processor.py:830} INFO - Processing file /home/airflow/.local/lib/python3.12/site-packages/airflow/example_dags/plugins/workday.py for tasks to queue
[2026-04-28T21:47:51.538+0000] {logging_mixin.py:188} INFO - [2026-04-28T21:47:51.538+0000] {dagbag.py:540} INFO - Filling up the DagBag from /home/airflow/.local/lib/python3.12/site-packages/airflow/example_dags/plugins/workday.py
[2026-04-28T21:47:52.352+0000] {processor.py:842} WARNING - No viable dags retrieved from /home/airflow/.local/lib/python3.12/site-packages/airflow/example_dags/plugins/workday.py
[2026-04-28T21:47:52.363+0000] {processor.py:183} INFO - Processing /home/airflow/.local/lib/python3.12/site-packages/airflow/example_dags/plugins/workday.py took 0.840 seconds
[2026-04-28T21:48:22.992+0000] {processor.py:161} INFO - Started process (PID=670) to work on /home/airflow/.local/lib/python3.12/site-packages/airflow/example_dags/plugins/workday.py
[2026-04-28T21:48:22.994+0000] {processor.py:830} INFO - Processing file /home/airflow/.local/lib/python3.12/site-packages/airflow/example_dags/plugins/workday.py for tasks to queue
[2026-04-28T21:48:23.000+0000] {logging_mixin.py:188} INFO - [2026-04-28T21:48:22.998+0000] {dagbag.py:540} INFO - Filling up the DagBag from /home/airflow/.local/lib/python3.12/site-packages/airflow/example_dags/plugins/workday.py
[2026-04-28T21:48:24.734+0000] {processor.py:842} WARNING - No viable dags retrieved from /home/airflow/.local/lib/python3.12/site-packages/airflow/example_dags/plugins/workday.py
[2026-04-28T21:48:24.754+0000] {processor.py:183} INFO - Processing /home/airflow/.local/lib/python3.12/site-packages/airflow/example_dags/plugins/workday.py took 1.769 seconds
[2026-04-28T21:48:54.929+0000] {processor.py:161} INFO - Started process (PID=730) to work on /home/airflow/.local/lib/python3.12/site-packages/airflow/example_dags/plugins/workday.py
[2026-04-28T21:48:54.936+0000] {processor.py:830} INFO - Processing file /home/airflow/.local/lib/python3.12/site-packages/airflow/example_dags/plugins/workday.py for tasks to queue
[2026-04-28T21:48:54.949+0000] {logging_mixin.py:188} INFO - [2026-04-28T21:48:54.948+0000] {dagbag.py:540} INFO - Filling up the DagBag from /home/airflow/.local/lib/python3.12/site-packages/airflow/example_dags/plugins/workday.py
[2026-04-28T21:48:59.389+0000] {processor.py:842} WARNING - No viable dags retrieved from /home/airflow/.local/lib/python3.12/site-packages/airflow/example_dags/plugins/workday.py
[2026-04-28T21:48:59.418+0000] {processor.py:183} INFO - Processing /home/airflow/.local/lib/python3.12/site-packages/airflow/example_dags/plugins/workday.py took 4.510 seconds
[2026-04-28T21:49:29.623+0000] {processor.py:161} INFO - Started process (PID=795) to work on /home/airflow/.local/lib/python3.12/site-packages/airflow/example_dags/plugins/workday.py
[2026-04-28T21:49:29.638+0000] {processor.py:830} INFO - Processing file /home/airflow/.local/lib/python3.12/site-packages/airflow/example_dags/plugins/workday.py for tasks to queue
[2026-04-28T21:49:29.648+0000] {logging_mixin.py:188} INFO - [2026-04-28T21:49:29.645+0000] {dagbag.py:540} INFO - Filling up the DagBag from /home/airflow/.local/lib/python3.12/site-packages/airflow/example_dags/plugins/workday.py
[2026-04-28T21:49:36.234+0000] {processor.py:842} WARNING - No viable dags retrieved from /home/airflow/.local/lib/python3.12/site-packages/airflow/example_dags/plugins/workday.py
[2026-04-28T21:49:36.359+0000] {processor.py:183} INFO - Processing /home/airflow/.local/lib/python3.12/site-packages/airflow/example_dags/plugins/workday.py took 6.760 seconds
[2026-04-28T21:50:07.376+0000] {processor.py:161} INFO - Started process (PID=860) to work on /home/airflow/.local/lib/python3.12/site-packages/airflow/example_dags/plugins/workday.py
[2026-04-28T21:50:07.384+0000] {processor.py:830} INFO - Processing file /home/airflow/.local/lib/python3.12/site-packages/airflow/example_dags/plugins/workday.py for tasks to queue
[2026-04-28T21:50:07.389+0000] {logging_mixin.py:188} INFO - [2026-04-28T21:50:07.388+0000] {dagbag.py:540} INFO - Filling up the DagBag from /home/airflow/.local/lib/python3.12/site-packages/airflow/example_dags/plugins/workday.py
[2026-04-28T21:50:11.032+0000] {processor.py:842} WARNING - No viable dags retrieved from /home/airflow/.local/lib/python3.12/site-packages/airflow/example_dags/plugins/workday.py
[2026-04-28T21:50:11.069+0000] {processor.py:183} INFO - Processing /home/airflow/.local/lib/python3.12/site-packages/airflow/example_dags/plugins/workday.py took 3.706 seconds
[2026-04-28T21:50:41.809+0000] {processor.py:161} INFO - Started process (PID=925) to work on /home/airflow/.local/lib/python3.12/site-packages/airflow/example_dags/plugins/workday.py
[2026-04-28T21:50:41.813+0000] {processor.py:830} INFO - Processing file /home/airflow/.local/lib/python3.12/site-packages/airflow/example_dags/plugins/workday.py for tasks to queue
[2026-04-28T21:50:41.815+0000] {logging_mixin.py:188} INFO - [2026-04-28T21:50:41.815+0000] {dagbag.py:540} INFO - Filling up the DagBag from /home/airflow/.local/lib/python3.12/site-packages/airflow/example_dags/plugins/workday.py
[2026-04-28T21:50:45.569+0000] {processor.py:842} WARNING - No viable dags retrieved from /home/airflow/.local/lib/python3.12/site-packages/airflow/example_dags/plugins/workday.py
[2026-04-28T21:50:45.694+0000] {processor.py:183} INFO - Processing /home/airflow/.local/lib/python3.12/site-packages/airflow/example_dags/plugins/workday.py took 3.898 seconds
[2026-04-28T21:51:16.888+0000] {processor.py:161} INFO - Started process (PID=997) to work on /home/airflow/.local/lib/python3.12/site-packages/airflow/example_dags/plugins/workday.py
[2026-04-28T21:51:16.890+0000] {processor.py:830} INFO - Processing file /home/airflow/.local/lib/python3.12/site-packages/airflow/example_dags/plugins/workday.py for tasks to queue
[2026-04-28T21:51:16.892+0000] {logging_mixin.py:188} INFO - [2026-04-28T21:51:16.892+0000] {dagbag.py:540} INFO - Filling up the DagBag from /home/airflow/.local/lib/python3.12/site-packages/airflow/example_dags/plugins/workday.py
[2026-04-28T21:51:18.844+0000] {processor.py:842} WARNING - No viable dags retrieved from /home/airflow/.local/lib/python3.12/site-packages/airflow/example_dags/plugins/workday.py
[2026-04-28T21:51:18.885+0000] {processor.py:183} INFO - Processing /home/airflow/.local/lib/python3.12/site-packages/airflow/example_dags/plugins/workday.py took 2.007 seconds
[2026-04-28T21:51:49.334+0000] {processor.py:161} INFO - Started process (PID=1061) to work on /home/airflow/.local/lib/python3.12/site-packages/airflow/example_dags/plugins/workday.py
[2026-04-28T21:51:49.336+0000] {processor.py:830} INFO - Processing file /home/airflow/.local/lib/python3.12/site-packages/airflow/example_dags/plugins/workday.py for tasks to queue
[2026-04-28T21:51:49.338+0000] {logging_mixin.py:188} INFO - [2026-04-28T21:51:49.337+0000] {dagbag.py:540} INFO - Filling up the DagBag from /home/airflow/.local/lib/python3.12/site-packages/airflow/example_dags/plugins/workday.py
[2026-04-28T21:51:50.501+0000] {processor.py:842} WARNING - No viable dags retrieved from /home/airflow/.local/lib/python3.12/site-packages/airflow/example_dags/plugins/workday.py
[2026-04-28T21:51:50.520+0000] {processor.py:183} INFO - Processing /home/airflow/.local/lib/python3.12/site-packages/airflow/example_dags/plugins/workday.py took 1.193 seconds
[2026-04-28T21:52:21.071+0000] {processor.py:161} INFO - Started process (PID=1125) to work on /home/airflow/.local/lib/python3.12/site-packages/airflow/example_dags/plugins/workday.py
[2026-04-28T21:52:21.073+0000] {processor.py:830} INFO - Processing file /home/airflow/.local/lib/python3.12/site-packages/airflow/example_dags/plugins/workday.py for tasks to queue
[2026-04-28T21:52:21.076+0000] {logging_mixin.py:188} INFO - [2026-04-28T21:52:21.075+0000] {dagbag.py:540} INFO - Filling up the DagBag from /home/airflow/.local/lib/python3.12/site-packages/airflow/example_dags/plugins/workday.py
[2026-04-28T21:52:22.619+0000] {processor.py:842} WARNING - No viable dags retrieved from /home/airflow/.local/lib/python3.12/site-packages/airflow/example_dags/plugins/workday.py
[2026-04-28T21:52:22.633+0000] {processor.py:183} INFO - Processing /home/airflow/.local/lib/python3.12/site-packages/airflow/example_dags/plugins/workday.py took 1.568 seconds
[2026-04-28T21:52:53.515+0000] {processor.py:161} INFO - Started process (PID=1195) to work on /home/airflow/.local/lib/python3.12/site-packages/airflow/example_dags/plugins/workday.py
[2026-04-28T21:52:53.518+0000] {processor.py:830} INFO - Processing file /home/airflow/.local/lib/python3.12/site-packages/airflow/example_dags/plugins/workday.py for tasks to queue
[2026-04-28T21:52:53.522+0000] {logging_mixin.py:188} INFO - [2026-04-28T21:52:53.522+0000] {dagbag.py:540} INFO - Filling up the DagBag from /home/airflow/.local/lib/python3.12/site-packages/airflow/example_dags/plugins/workday.py
[2026-04-28T21:52:54.671+0000] {processor.py:842} WARNING - No viable dags retrieved from /home/airflow/.local/lib/python3.12/site-packages/airflow/example_dags/plugins/workday.py
[2026-04-28T21:52:54.692+0000] {processor.py:183} INFO - Processing /home/airflow/.local/lib/python3.12/site-packages/airflow/example_dags/plugins/workday.py took 1.213 seconds
[2026-04-28T21:53:27.304+0000] {processor.py:161} INFO - Started process (PID=1257) to work on /home/airflow/.local/lib/python3.12/site-packages/airflow/example_dags/plugins/workday.py
[2026-04-28T21:53:27.309+0000] {processor.py:830} INFO - Processing file /home/airflow/.local/lib/python3.12/site-packages/airflow/example_dags/plugins/workday.py for tasks to queue
[2026-04-28T21:53:27.314+0000] {logging_mixin.py:188} INFO - [2026-04-28T21:53:27.313+0000] {dagbag.py:540} INFO - Filling up the DagBag from /home/airflow/.local/lib/python3.12/site-packages/airflow/example_dags/plugins/workday.py
[2026-04-28T21:53:28.119+0000] {processor.py:842} WARNING - No viable dags retrieved from /home/airflow/.local/lib/python3.12/site-packages/airflow/example_dags/plugins/workday.py
[2026-04-28T21:53:28.130+0000] {processor.py:183} INFO - Processing /home/airflow/.local/lib/python3.12/site-packages/airflow/example_dags/plugins/workday.py took 0.839 seconds
[2026-04-28T21:53:58.238+0000] {processor.py:161} INFO - Started process (PID=1322) to work on /home/airflow/.local/lib/python3.12/site-packages/airflow/example_dags/plugins/workday.py
[2026-04-28T21:53:58.240+0000] {processor.py:830} INFO - Processing file /home/airflow/.local/lib/python3.12/site-packages/airflow/example_dags/plugins/workday.py for tasks to queue
[2026-04-28T21:53:58.242+0000] {logging_mixin.py:188} INFO - [2026-04-28T21:53:58.242+0000] {dagbag.py:540} INFO - Filling up the DagBag from /home/airflow/.local/lib/python3.12/site-packages/airflow/example_dags/plugins/workday.py
[2026-04-28T21:53:59.646+0000] {processor.py:842} WARNING - No viable dags retrieved from /home/airflow/.local/lib/python3.12/site-packages/airflow/example_dags/plugins/workday.py
[2026-04-28T21:53:59.704+0000] {processor.py:183} INFO - Processing /home/airflow/.local/lib/python3.12/site-packages/airflow/example_dags/plugins/workday.py took 1.474 seconds
[2026-04-28T21:54:30.503+0000] {processor.py:161} INFO - Started process (PID=1385) to work on /home/airflow/.local/lib/python3.12/site-packages/airflow/example_dags/plugins/workday.py
[2026-04-28T21:54:30.507+0000] {processor.py:830} INFO - Processing file /home/airflow/.local/lib/python3.12/site-packages/airflow/example_dags/plugins/workday.py for tasks to queue
[2026-04-28T21:54:30.513+0000] {logging_mixin.py:188} INFO - [2026-04-28T21:54:30.513+0000] {dagbag.py:540} INFO - Filling up the DagBag from /home/airflow/.local/lib/python3.12/site-packages/airflow/example_dags/plugins/workday.py
[2026-04-28T21:54:32.017+0000] {processor.py:842} WARNING - No viable dags retrieved from /home/airflow/.local/lib/python3.12/site-packages/airflow/example_dags/plugins/workday.py
[2026-04-28T21:54:32.035+0000] {processor.py:183} INFO - Processing /home/airflow/.local/lib/python3.12/site-packages/airflow/example_dags/plugins/workday.py took 1.553 seconds
[2026-04-28T21:55:02.488+0000] {processor.py:161} INFO - Started process (PID=1445) to work on /home/airflow/.local/lib/python3.12/site-packages/airflow/example_dags/plugins/workday.py
[2026-04-28T21:55:02.490+0000] {processor.py:830} INFO - Processing file /home/airflow/.local/lib/python3.12/site-packages/airflow/example_dags/plugins/workday.py for tasks to queue
[2026-04-28T21:55:02.492+0000] {logging_mixin.py:188} INFO - [2026-04-28T21:55:02.492+0000] {dagbag.py:540} INFO - Filling up the DagBag from /home/airflow/.local/lib/python3.12/site-packages/airflow/example_dags/plugins/workday.py
[2026-04-28T21:55:03.845+0000] {processor.py:842} WARNING - No viable dags retrieved from /home/airflow/.local/lib/python3.12/site-packages/airflow/example_dags/plugins/workday.py
[2026-04-28T21:55:03.857+0000] {processor.py:183} INFO - Processing /home/airflow/.local/lib/python3.12/site-packages/airflow/example_dags/plugins/workday.py took 1.377 seconds
[2026-04-28T21:55:34.983+0000] {processor.py:161} INFO - Started process (PID=1506) to work on /home/airflow/.local/lib/python3.12/site-packages/airflow/example_dags/plugins/workday.py
[2026-04-28T21:55:34.984+0000] {processor.py:830} INFO - Processing file /home/airflow/.local/lib/python3.12/site-packages/airflow/example_dags/plugins/workday.py for tasks to queue
[2026-04-28T21:55:34.986+0000] {logging_mixin.py:188} INFO - [2026-04-28T21:55:34.986+0000] {dagbag.py:540} INFO - Filling up the DagBag from /home/airflow/.local/lib/python3.12/site-packages/airflow/example_dags/plugins/workday.py
[2026-04-28T21:55:35.793+0000] {processor.py:842} WARNING - No viable dags retrieved from /home/airflow/.local/lib/python3.12/site-packages/airflow/example_dags/plugins/workday.py
[2026-04-28T21:55:35.805+0000] {processor.py:183} INFO - Processing /home/airflow/.local/lib/python3.12/site-packages/airflow/example_dags/plugins/workday.py took 0.828 seconds
[2026-04-28T21:56:06.249+0000] {processor.py:161} INFO - Started process (PID=1567) to work on /home/airflow/.local/lib/python3.12/site-packages/airflow/example_dags/plugins/workday.py
[2026-04-28T21:56:06.252+0000] {processor.py:830} INFO - Processing file /home/airflow/.local/lib/python3.12/site-packages/airflow/example_dags/plugins/workday.py for tasks to queue
[2026-04-28T21:56:06.253+0000] {logging_mixin.py:188} INFO - [2026-04-28T21:56:06.253+0000] {dagbag.py:540} INFO - Filling up the DagBag from /home/airflow/.local/lib/python3.12/site-packages/airflow/example_dags/plugins/workday.py
[2026-04-28T21:56:07.113+0000] {processor.py:842} WARNING - No viable dags retrieved from /home/airflow/.local/lib/python3.12/site-packages/airflow/example_dags/plugins/workday.py
[2026-04-28T21:56:07.134+0000] {processor.py:183} INFO - Processing /home/airflow/.local/lib/python3.12/site-packages/airflow/example_dags/plugins/workday.py took 0.891 seconds
[2026-04-28T21:56:37.373+0000] {processor.py:161} INFO - Started process (PID=1627) to work on /home/airflow/.local/lib/python3.12/site-packages/airflow/example_dags/plugins/workday.py
[2026-04-28T21:56:37.373+0000] {processor.py:830} INFO - Processing file /home/airflow/.local/lib/python3.12/site-packages/airflow/example_dags/plugins/workday.py for tasks to queue
[2026-04-28T21:56:37.375+0000] {logging_mixin.py:188} INFO - [2026-04-28T21:56:37.375+0000] {dagbag.py:540} INFO - Filling up the DagBag from /home/airflow/.local/lib/python3.12/site-packages/airflow/example_dags/plugins/workday.py
[2026-04-28T21:56:37.985+0000] {processor.py:842} WARNING - No viable dags retrieved from /home/airflow/.local/lib/python3.12/site-packages/airflow/example_dags/plugins/workday.py
[2026-04-28T21:56:37.997+0000] {processor.py:183} INFO - Processing /home/airflow/.local/lib/python3.12/site-packages/airflow/example_dags/plugins/workday.py took 0.630 seconds
[2026-04-28T21:59:29.016+0000] {processor.py:161} INFO - Started process (PID=115) to work on /home/airflow/.local/lib/python3.12/site-packages/airflow/example_dags/plugins/workday.py
[2026-04-28T21:59:29.021+0000] {processor.py:830} INFO - Processing file /home/airflow/.local/lib/python3.12/site-packages/airflow/example_dags/plugins/workday.py for tasks to queue
[2026-04-28T21:59:29.023+0000] {logging_mixin.py:188} INFO - [2026-04-28T21:59:29.023+0000] {dagbag.py:540} INFO - Filling up the DagBag from /home/airflow/.local/lib/python3.12/site-packages/airflow/example_dags/plugins/workday.py
[2026-04-28T21:59:31.427+0000] {processor.py:842} WARNING - No viable dags retrieved from /home/airflow/.local/lib/python3.12/site-packages/airflow/example_dags/plugins/workday.py
[2026-04-28T21:59:31.454+0000] {processor.py:183} INFO - Processing /home/airflow/.local/lib/python3.12/site-packages/airflow/example_dags/plugins/workday.py took 2.445 seconds
[2026-04-28T22:00:02.221+0000] {processor.py:161} INFO - Started process (PID=179) to work on /home/airflow/.local/lib/python3.12/site-packages/airflow/example_dags/plugins/workday.py
[2026-04-28T22:00:02.223+0000] {processor.py:830} INFO - Processing file /home/airflow/.local/lib/python3.12/site-packages/airflow/example_dags/plugins/workday.py for tasks to queue
[2026-04-28T22:00:02.225+0000] {logging_mixin.py:188} INFO - [2026-04-28T22:00:02.225+0000] {dagbag.py:540} INFO - Filling up the DagBag from /home/airflow/.local/lib/python3.12/site-packages/airflow/example_dags/plugins/workday.py
[2026-04-28T22:00:02.801+0000] {processor.py:842} WARNING - No viable dags retrieved from /home/airflow/.local/lib/python3.12/site-packages/airflow/example_dags/plugins/workday.py
[2026-04-28T22:00:02.814+0000] {processor.py:183} INFO - Processing /home/airflow/.local/lib/python3.12/site-packages/airflow/example_dags/plugins/workday.py took 0.598 seconds
[2026-04-28T22:00:33.643+0000] {processor.py:161} INFO - Started process (PID=239) to work on /home/airflow/.local/lib/python3.12/site-packages/airflow/example_dags/plugins/workday.py
[2026-04-28T22:00:33.645+0000] {processor.py:830} INFO - Processing file /home/airflow/.local/lib/python3.12/site-packages/airflow/example_dags/plugins/workday.py for tasks to queue
[2026-04-28T22:00:33.647+0000] {logging_mixin.py:188} INFO - [2026-04-28T22:00:33.647+0000] {dagbag.py:540} INFO - Filling up the DagBag from /home/airflow/.local/lib/python3.12/site-packages/airflow/example_dags/plugins/workday.py
[2026-04-28T22:00:34.599+0000] {processor.py:842} WARNING - No viable dags retrieved from /home/airflow/.local/lib/python3.12/site-packages/airflow/example_dags/plugins/workday.py
[2026-04-28T22:00:34.612+0000] {processor.py:183} INFO - Processing /home/airflow/.local/lib/python3.12/site-packages/airflow/example_dags/plugins/workday.py took 0.977 seconds
[2026-04-28T22:01:05.443+0000] {processor.py:161} INFO - Started process (PID=300) to work on /home/airflow/.local/lib/python3.12/site-packages/airflow/example_dags/plugins/workday.py
[2026-04-28T22:01:05.445+0000] {processor.py:830} INFO - Processing file /home/airflow/.local/lib/python3.12/site-packages/airflow/example_dags/plugins/workday.py for tasks to queue
[2026-04-28T22:01:05.447+0000] {logging_mixin.py:188} INFO - [2026-04-28T22:01:05.447+0000] {dagbag.py:540} INFO - Filling up the DagBag from /home/airflow/.local/lib/python3.12/site-packages/airflow/example_dags/plugins/workday.py
[2026-04-28T22:01:06.315+0000] {processor.py:842} WARNING - No viable dags retrieved from /home/airflow/.local/lib/python3.12/site-packages/airflow/example_dags/plugins/workday.py
[2026-04-28T22:01:06.329+0000] {processor.py:183} INFO - Processing /home/airflow/.local/lib/python3.12/site-packages/airflow/example_dags/plugins/workday.py took 0.903 seconds
[2026-04-28T22:01:36.422+0000] {processor.py:161} INFO - Started process (PID=359) to work on /home/airflow/.local/lib/python3.12/site-packages/airflow/example_dags/plugins/workday.py
[2026-04-28T22:01:36.423+0000] {processor.py:830} INFO - Processing file /home/airflow/.local/lib/python3.12/site-packages/airflow/example_dags/plugins/workday.py for tasks to queue
[2026-04-28T22:01:36.425+0000] {logging_mixin.py:188} INFO - [2026-04-28T22:01:36.425+0000] {dagbag.py:540} INFO - Filling up the DagBag from /home/airflow/.local/lib/python3.12/site-packages/airflow/example_dags/plugins/workday.py
[2026-04-28T22:01:36.920+0000] {processor.py:842} WARNING - No viable dags retrieved from /home/airflow/.local/lib/python3.12/site-packages/airflow/example_dags/plugins/workday.py
[2026-04-28T22:01:36.930+0000] {processor.py:183} INFO - Processing /home/airflow/.local/lib/python3.12/site-packages/airflow/example_dags/plugins/workday.py took 0.515 seconds
[2026-04-28T22:02:07.055+0000] {processor.py:161} INFO - Started process (PID=419) to work on /home/airflow/.local/lib/python3.12/site-packages/airflow/example_dags/plugins/workday.py
[2026-04-28T22:02:07.056+0000] {processor.py:830} INFO - Processing file /home/airflow/.local/lib/python3.12/site-packages/airflow/example_dags/plugins/workday.py for tasks to queue
[2026-04-28T22:02:07.058+0000] {logging_mixin.py:188} INFO - [2026-04-28T22:02:07.058+0000] {dagbag.py:540} INFO - Filling up the DagBag from /home/airflow/.local/lib/python3.12/site-packages/airflow/example_dags/plugins/workday.py
[2026-04-28T22:02:07.601+0000] {processor.py:842} WARNING - No viable dags retrieved from /home/airflow/.local/lib/python3.12/site-packages/airflow/example_dags/plugins/workday.py
[2026-04-28T22:02:07.614+0000] {processor.py:183} INFO - Processing /home/airflow/.local/lib/python3.12/site-packages/airflow/example_dags/plugins/workday.py took 0.568 seconds
[2026-04-28T22:02:38.132+0000] {processor.py:161} INFO - Started process (PID=478) to work on /home/airflow/.local/lib/python3.12/site-packages/airflow/example_dags/plugins/workday.py
[2026-04-28T22:02:38.133+0000] {processor.py:830} INFO - Processing file /home/airflow/.local/lib/python3.12/site-packages/airflow/example_dags/plugins/workday.py for tasks to queue
[2026-04-28T22:02:38.134+0000] {logging_mixin.py:188} INFO - [2026-04-28T22:02:38.134+0000] {dagbag.py:540} INFO - Filling up the DagBag from /home/airflow/.local/lib/python3.12/site-packages/airflow/example_dags/plugins/workday.py
[2026-04-28T22:02:38.780+0000] {processor.py:842} WARNING - No viable dags retrieved from /home/airflow/.local/lib/python3.12/site-packages/airflow/example_dags/plugins/workday.py
[2026-04-28T22:02:38.792+0000] {processor.py:183} INFO - Processing /home/airflow/.local/lib/python3.12/site-packages/airflow/example_dags/plugins/workday.py took 0.666 seconds
[2026-04-28T22:03:09.510+0000] {processor.py:161} INFO - Started process (PID=539) to work on /home/airflow/.local/lib/python3.12/site-packages/airflow/example_dags/plugins/workday.py
[2026-04-28T22:03:09.511+0000] {processor.py:830} INFO - Processing file /home/airflow/.local/lib/python3.12/site-packages/airflow/example_dags/plugins/workday.py for tasks to queue
[2026-04-28T22:03:09.513+0000] {logging_mixin.py:188} INFO - [2026-04-28T22:03:09.513+0000] {dagbag.py:540} INFO - Filling up the DagBag from /home/airflow/.local/lib/python3.12/site-packages/airflow/example_dags/plugins/workday.py
[2026-04-28T22:03:10.073+0000] {processor.py:842} WARNING - No viable dags retrieved from /home/airflow/.local/lib/python3.12/site-packages/airflow/example_dags/plugins/workday.py
[2026-04-28T22:03:10.083+0000] {processor.py:183} INFO - Processing /home/airflow/.local/lib/python3.12/site-packages/airflow/example_dags/plugins/workday.py took 0.585 seconds
[2026-04-28T22:03:40.504+0000] {processor.py:161} INFO - Started process (PID=606) to work on /home/airflow/.local/lib/python3.12/site-packages/airflow/example_dags/plugins/workday.py
[2026-04-28T22:03:40.509+0000] {processor.py:830} INFO - Processing file /home/airflow/.local/lib/python3.12/site-packages/airflow/example_dags/plugins/workday.py for tasks to queue
[2026-04-28T22:03:40.517+0000] {logging_mixin.py:188} INFO - [2026-04-28T22:03:40.517+0000] {dagbag.py:540} INFO - Filling up the DagBag from /home/airflow/.local/lib/python3.12/site-packages/airflow/example_dags/plugins/workday.py
[2026-04-28T22:03:41.183+0000] {processor.py:842} WARNING - No viable dags retrieved from /home/airflow/.local/lib/python3.12/site-packages/airflow/example_dags/plugins/workday.py
[2026-04-28T22:03:41.197+0000] {processor.py:183} INFO - Processing /home/airflow/.local/lib/python3.12/site-packages/airflow/example_dags/plugins/workday.py took 0.714 seconds
[2026-04-28T22:04:12.356+0000] {processor.py:161} INFO - Started process (PID=669) to work on /home/airflow/.local/lib/python3.12/site-packages/airflow/example_dags/plugins/workday.py
[2026-04-28T22:04:12.357+0000] {processor.py:830} INFO - Processing file /home/airflow/.local/lib/python3.12/site-packages/airflow/example_dags/plugins/workday.py for tasks to queue
[2026-04-28T22:04:12.359+0000] {logging_mixin.py:188} INFO - [2026-04-28T22:04:12.359+0000] {dagbag.py:540} INFO - Filling up the DagBag from /home/airflow/.local/lib/python3.12/site-packages/airflow/example_dags/plugins/workday.py
[2026-04-28T22:04:12.984+0000] {processor.py:842} WARNING - No viable dags retrieved from /home/airflow/.local/lib/python3.12/site-packages/airflow/example_dags/plugins/workday.py
[2026-04-28T22:04:12.997+0000] {processor.py:183} INFO - Processing /home/airflow/.local/lib/python3.12/site-packages/airflow/example_dags/plugins/workday.py took 0.646 seconds
[2026-04-28T22:04:43.436+0000] {processor.py:161} INFO - Started process (PID=729) to work on /home/airflow/.local/lib/python3.12/site-packages/airflow/example_dags/plugins/workday.py
[2026-04-28T22:04:43.437+0000] {processor.py:830} INFO - Processing file /home/airflow/.local/lib/python3.12/site-packages/airflow/example_dags/plugins/workday.py for tasks to queue
[2026-04-28T22:04:43.438+0000] {logging_mixin.py:188} INFO - [2026-04-28T22:04:43.438+0000] {dagbag.py:540} INFO - Filling up the DagBag from /home/airflow/.local/lib/python3.12/site-packages/airflow/example_dags/plugins/workday.py
[2026-04-28T22:04:43.842+0000] {processor.py:842} WARNING - No viable dags retrieved from /home/airflow/.local/lib/python3.12/site-packages/airflow/example_dags/plugins/workday.py
[2026-04-28T22:04:43.854+0000] {processor.py:183} INFO - Processing /home/airflow/.local/lib/python3.12/site-packages/airflow/example_dags/plugins/workday.py took 0.423 seconds
[2026-04-28T22:05:14.520+0000] {processor.py:161} INFO - Started process (PID=789) to work on /home/airflow/.local/lib/python3.12/site-packages/airflow/example_dags/plugins/workday.py
[2026-04-28T22:05:14.520+0000] {processor.py:830} INFO - Processing file /home/airflow/.local/lib/python3.12/site-packages/airflow/example_dags/plugins/workday.py for tasks to queue
[2026-04-28T22:05:14.522+0000] {logging_mixin.py:188} INFO - [2026-04-28T22:05:14.522+0000] {dagbag.py:540} INFO - Filling up the DagBag from /home/airflow/.local/lib/python3.12/site-packages/airflow/example_dags/plugins/workday.py
[2026-04-28T22:05:14.932+0000] {processor.py:842} WARNING - No viable dags retrieved from /home/airflow/.local/lib/python3.12/site-packages/airflow/example_dags/plugins/workday.py
[2026-04-28T22:05:14.942+0000] {processor.py:183} INFO - Processing /home/airflow/.local/lib/python3.12/site-packages/airflow/example_dags/plugins/workday.py took 0.428 seconds
[2026-04-28T22:05:45.180+0000] {processor.py:161} INFO - Started process (PID=850) to work on /home/airflow/.local/lib/python3.12/site-packages/airflow/example_dags/plugins/workday.py
[2026-04-28T22:05:45.181+0000] {processor.py:830} INFO - Processing file /home/airflow/.local/lib/python3.12/site-packages/airflow/example_dags/plugins/workday.py for tasks to queue
[2026-04-28T22:05:45.183+0000] {logging_mixin.py:188} INFO - [2026-04-28T22:05:45.183+0000] {dagbag.py:540} INFO - Filling up the DagBag from /home/airflow/.local/lib/python3.12/site-packages/airflow/example_dags/plugins/workday.py
[2026-04-28T22:05:45.674+0000] {processor.py:842} WARNING - No viable dags retrieved from /home/airflow/.local/lib/python3.12/site-packages/airflow/example_dags/plugins/workday.py
[2026-04-28T22:05:45.684+0000] {processor.py:183} INFO - Processing /home/airflow/.local/lib/python3.12/site-packages/airflow/example_dags/plugins/workday.py took 0.511 seconds
[2026-04-28T22:06:16.004+0000] {processor.py:161} INFO - Started process (PID=910) to work on /home/airflow/.local/lib/python3.12/site-packages/airflow/example_dags/plugins/workday.py
[2026-04-28T22:06:16.006+0000] {processor.py:830} INFO - Processing file /home/airflow/.local/lib/python3.12/site-packages/airflow/example_dags/plugins/workday.py for tasks to queue
[2026-04-28T22:06:16.009+0000] {logging_mixin.py:188} INFO - [2026-04-28T22:06:16.008+0000] {dagbag.py:540} INFO - Filling up the DagBag from /home/airflow/.local/lib/python3.12/site-packages/airflow/example_dags/plugins/workday.py
[2026-04-28T22:06:16.445+0000] {processor.py:842} WARNING - No viable dags retrieved from /home/airflow/.local/lib/python3.12/site-packages/airflow/example_dags/plugins/workday.py
[2026-04-28T22:06:16.455+0000] {processor.py:183} INFO - Processing /home/airflow/.local/lib/python3.12/site-packages/airflow/example_dags/plugins/workday.py took 0.460 seconds
[2026-04-28T22:06:47.164+0000] {processor.py:161} INFO - Started process (PID=971) to work on /home/airflow/.local/lib/python3.12/site-packages/airflow/example_dags/plugins/workday.py
[2026-04-28T22:06:47.165+0000] {processor.py:830} INFO - Processing file /home/airflow/.local/lib/python3.12/site-packages/airflow/example_dags/plugins/workday.py for tasks to queue
[2026-04-28T22:06:47.167+0000] {logging_mixin.py:188} INFO - [2026-04-28T22:06:47.167+0000] {dagbag.py:540} INFO - Filling up the DagBag from /home/airflow/.local/lib/python3.12/site-packages/airflow/example_dags/plugins/workday.py
[2026-04-28T22:06:47.622+0000] {processor.py:842} WARNING - No viable dags retrieved from /home/airflow/.local/lib/python3.12/site-packages/airflow/example_dags/plugins/workday.py
[2026-04-28T22:06:47.635+0000] {processor.py:183} INFO - Processing /home/airflow/.local/lib/python3.12/site-packages/airflow/example_dags/plugins/workday.py took 0.478 seconds
[2026-04-28T22:07:18.222+0000] {processor.py:161} INFO - Started process (PID=1032) to work on /home/airflow/.local/lib/python3.12/site-packages/airflow/example_dags/plugins/workday.py
[2026-04-28T22:07:18.223+0000] {processor.py:830} INFO - Processing file /home/airflow/.local/lib/python3.12/site-packages/airflow/example_dags/plugins/workday.py for tasks to queue
[2026-04-28T22:07:18.225+0000] {logging_mixin.py:188} INFO - [2026-04-28T22:07:18.225+0000] {dagbag.py:540} INFO - Filling up the DagBag from /home/airflow/.local/lib/python3.12/site-packages/airflow/example_dags/plugins/workday.py
[2026-04-28T22:07:18.857+0000] {processor.py:842} WARNING - No viable dags retrieved from /home/airflow/.local/lib/python3.12/site-packages/airflow/example_dags/plugins/workday.py
[2026-04-28T22:07:18.869+0000] {processor.py:183} INFO - Processing /home/airflow/.local/lib/python3.12/site-packages/airflow/example_dags/plugins/workday.py took 0.654 seconds
[2026-04-28T22:07:49.618+0000] {processor.py:161} INFO - Started process (PID=1093) to work on /home/airflow/.local/lib/python3.12/site-packages/airflow/example_dags/plugins/workday.py
[2026-04-28T22:07:49.619+0000] {processor.py:830} INFO - Processing file /home/airflow/.local/lib/python3.12/site-packages/airflow/example_dags/plugins/workday.py for tasks to queue
[2026-04-28T22:07:49.621+0000] {logging_mixin.py:188} INFO - [2026-04-28T22:07:49.621+0000] {dagbag.py:540} INFO - Filling up the DagBag from /home/airflow/.local/lib/python3.12/site-packages/airflow/example_dags/plugins/workday.py
[2026-04-28T22:07:50.108+0000] {processor.py:842} WARNING - No viable dags retrieved from /home/airflow/.local/lib/python3.12/site-packages/airflow/example_dags/plugins/workday.py
[2026-04-28T22:07:50.118+0000] {processor.py:183} INFO - Processing /home/airflow/.local/lib/python3.12/site-packages/airflow/example_dags/plugins/workday.py took 0.506 seconds
[2026-04-28T22:08:20.804+0000] {processor.py:161} INFO - Started process (PID=1153) to work on /home/airflow/.local/lib/python3.12/site-packages/airflow/example_dags/plugins/workday.py
[2026-04-28T22:08:20.806+0000] {processor.py:830} INFO - Processing file /home/airflow/.local/lib/python3.12/site-packages/airflow/example_dags/plugins/workday.py for tasks to queue
[2026-04-28T22:08:20.808+0000] {logging_mixin.py:188} INFO - [2026-04-28T22:08:20.808+0000] {dagbag.py:540} INFO - Filling up the DagBag from /home/airflow/.local/lib/python3.12/site-packages/airflow/example_dags/plugins/workday.py
[2026-04-28T22:08:21.471+0000] {processor.py:842} WARNING - No viable dags retrieved from /home/airflow/.local/lib/python3.12/site-packages/airflow/example_dags/plugins/workday.py
[2026-04-28T22:08:21.484+0000] {processor.py:183} INFO - Processing /home/airflow/.local/lib/python3.12/site-packages/airflow/example_dags/plugins/workday.py took 0.687 seconds
[2026-04-28T22:08:52.280+0000] {processor.py:161} INFO - Started process (PID=1213) to work on /home/airflow/.local/lib/python3.12/site-packages/airflow/example_dags/plugins/workday.py
[2026-04-28T22:08:52.281+0000] {processor.py:830} INFO - Processing file /home/airflow/.local/lib/python3.12/site-packages/airflow/example_dags/plugins/workday.py for tasks to queue
[2026-04-28T22:08:52.283+0000] {logging_mixin.py:188} INFO - [2026-04-28T22:08:52.282+0000] {dagbag.py:540} INFO - Filling up the DagBag from /home/airflow/.local/lib/python3.12/site-packages/airflow/example_dags/plugins/workday.py
[2026-04-28T22:08:52.586+0000] {processor.py:842} WARNING - No viable dags retrieved from /home/airflow/.local/lib/python3.12/site-packages/airflow/example_dags/plugins/workday.py
[2026-04-28T22:08:52.598+0000] {processor.py:183} INFO - Processing /home/airflow/.local/lib/python3.12/site-packages/airflow/example_dags/plugins/workday.py took 0.325 seconds
[2026-04-28T22:09:22.977+0000] {processor.py:161} INFO - Started process (PID=1273) to work on /home/airflow/.local/lib/python3.12/site-packages/airflow/example_dags/plugins/workday.py
[2026-04-28T22:09:22.978+0000] {processor.py:830} INFO - Processing file /home/airflow/.local/lib/python3.12/site-packages/airflow/example_dags/plugins/workday.py for tasks to queue
[2026-04-28T22:09:22.980+0000] {logging_mixin.py:188} INFO - [2026-04-28T22:09:22.979+0000] {dagbag.py:540} INFO - Filling up the DagBag from /home/airflow/.local/lib/python3.12/site-packages/airflow/example_dags/plugins/workday.py
[2026-04-28T22:09:23.288+0000] {processor.py:842} WARNING - No viable dags retrieved from /home/airflow/.local/lib/python3.12/site-packages/airflow/example_dags/plugins/workday.py
[2026-04-28T22:09:23.299+0000] {processor.py:183} INFO - Processing /home/airflow/.local/lib/python3.12/site-packages/airflow/example_dags/plugins/workday.py took 0.329 seconds
[2026-04-28T22:09:53.972+0000] {processor.py:161} INFO - Started process (PID=1333) to work on /home/airflow/.local/lib/python3.12/site-packages/airflow/example_dags/plugins/workday.py
[2026-04-28T22:09:53.973+0000] {processor.py:830} INFO - Processing file /home/airflow/.local/lib/python3.12/site-packages/airflow/example_dags/plugins/workday.py for tasks to queue
[2026-04-28T22:09:53.975+0000] {logging_mixin.py:188} INFO - [2026-04-28T22:09:53.975+0000] {dagbag.py:540} INFO - Filling up the DagBag from /home/airflow/.local/lib/python3.12/site-packages/airflow/example_dags/plugins/workday.py
[2026-04-28T22:09:54.361+0000] {processor.py:842} WARNING - No viable dags retrieved from /home/airflow/.local/lib/python3.12/site-packages/airflow/example_dags/plugins/workday.py
[2026-04-28T22:09:54.380+0000] {processor.py:183} INFO - Processing /home/airflow/.local/lib/python3.12/site-packages/airflow/example_dags/plugins/workday.py took 0.420 seconds
[2026-04-28T22:10:25.188+0000] {processor.py:161} INFO - Started process (PID=1394) to work on /home/airflow/.local/lib/python3.12/site-packages/airflow/example_dags/plugins/workday.py
[2026-04-28T22:10:25.189+0000] {processor.py:830} INFO - Processing file /home/airflow/.local/lib/python3.12/site-packages/airflow/example_dags/plugins/workday.py for tasks to queue
[2026-04-28T22:10:25.191+0000] {logging_mixin.py:188} INFO - [2026-04-28T22:10:25.191+0000] {dagbag.py:540} INFO - Filling up the DagBag from /home/airflow/.local/lib/python3.12/site-packages/airflow/example_dags/plugins/workday.py
[2026-04-28T22:10:25.580+0000] {processor.py:842} WARNING - No viable dags retrieved from /home/airflow/.local/lib/python3.12/site-packages/airflow/example_dags/plugins/workday.py
[2026-04-28T22:10:25.591+0000] {processor.py:183} INFO - Processing /home/airflow/.local/lib/python3.12/site-packages/airflow/example_dags/plugins/workday.py took 0.413 seconds
[2026-04-28T22:10:56.542+0000] {processor.py:161} INFO - Started process (PID=1455) to work on /home/airflow/.local/lib/python3.12/site-packages/airflow/example_dags/plugins/workday.py
[2026-04-28T22:10:56.543+0000] {processor.py:830} INFO - Processing file /home/airflow/.local/lib/python3.12/site-packages/airflow/example_dags/plugins/workday.py for tasks to queue
[2026-04-28T22:10:56.545+0000] {logging_mixin.py:188} INFO - [2026-04-28T22:10:56.545+0000] {dagbag.py:540} INFO - Filling up the DagBag from /home/airflow/.local/lib/python3.12/site-packages/airflow/example_dags/plugins/workday.py
[2026-04-28T22:10:56.859+0000] {processor.py:842} WARNING - No viable dags retrieved from /home/airflow/.local/lib/python3.12/site-packages/airflow/example_dags/plugins/workday.py
[2026-04-28T22:10:56.874+0000] {processor.py:183} INFO - Processing /home/airflow/.local/lib/python3.12/site-packages/airflow/example_dags/plugins/workday.py took 0.339 seconds
[2026-04-28T22:11:27.832+0000] {processor.py:161} INFO - Started process (PID=1517) to work on /home/airflow/.local/lib/python3.12/site-packages/airflow/example_dags/plugins/workday.py
[2026-04-28T22:11:27.833+0000] {processor.py:830} INFO - Processing file /home/airflow/.local/lib/python3.12/site-packages/airflow/example_dags/plugins/workday.py for tasks to queue
[2026-04-28T22:11:27.835+0000] {logging_mixin.py:188} INFO - [2026-04-28T22:11:27.835+0000] {dagbag.py:540} INFO - Filling up the DagBag from /home/airflow/.local/lib/python3.12/site-packages/airflow/example_dags/plugins/workday.py
[2026-04-28T22:11:28.104+0000] {processor.py:842} WARNING - No viable dags retrieved from /home/airflow/.local/lib/python3.12/site-packages/airflow/example_dags/plugins/workday.py
[2026-04-28T22:11:28.115+0000] {processor.py:183} INFO - Processing /home/airflow/.local/lib/python3.12/site-packages/airflow/example_dags/plugins/workday.py took 0.288 seconds
[2026-04-28T22:11:59.262+0000] {processor.py:161} INFO - Started process (PID=1579) to work on /home/airflow/.local/lib/python3.12/site-packages/airflow/example_dags/plugins/workday.py
[2026-04-28T22:11:59.263+0000] {processor.py:830} INFO - Processing file /home/airflow/.local/lib/python3.12/site-packages/airflow/example_dags/plugins/workday.py for tasks to queue
[2026-04-28T22:11:59.268+0000] {logging_mixin.py:188} INFO - [2026-04-28T22:11:59.267+0000] {dagbag.py:540} INFO - Filling up the DagBag from /home/airflow/.local/lib/python3.12/site-packages/airflow/example_dags/plugins/workday.py
[2026-04-28T22:11:59.767+0000] {processor.py:842} WARNING - No viable dags retrieved from /home/airflow/.local/lib/python3.12/site-packages/airflow/example_dags/plugins/workday.py
[2026-04-28T22:11:59.786+0000] {processor.py:183} INFO - Processing /home/airflow/.local/lib/python3.12/site-packages/airflow/example_dags/plugins/workday.py took 0.540 seconds
[2026-04-28T22:12:29.960+0000] {processor.py:161} INFO - Started process (PID=1639) to work on /home/airflow/.local/lib/python3.12/site-packages/airflow/example_dags/plugins/workday.py
[2026-04-28T22:12:29.960+0000] {processor.py:830} INFO - Processing file /home/airflow/.local/lib/python3.12/site-packages/airflow/example_dags/plugins/workday.py for tasks to queue
[2026-04-28T22:12:29.962+0000] {logging_mixin.py:188} INFO - [2026-04-28T22:12:29.962+0000] {dagbag.py:540} INFO - Filling up the DagBag from /home/airflow/.local/lib/python3.12/site-packages/airflow/example_dags/plugins/workday.py
[2026-04-28T22:12:30.231+0000] {processor.py:842} WARNING - No viable dags retrieved from /home/airflow/.local/lib/python3.12/site-packages/airflow/example_dags/plugins/workday.py
[2026-04-28T22:12:30.244+0000] {processor.py:183} INFO - Processing /home/airflow/.local/lib/python3.12/site-packages/airflow/example_dags/plugins/workday.py took 0.290 seconds
[2026-04-28T22:13:00.437+0000] {processor.py:161} INFO - Started process (PID=1699) to work on /home/airflow/.local/lib/python3.12/site-packages/airflow/example_dags/plugins/workday.py
[2026-04-28T22:13:00.448+0000] {processor.py:830} INFO - Processing file /home/airflow/.local/lib/python3.12/site-packages/airflow/example_dags/plugins/workday.py for tasks to queue
[2026-04-28T22:13:00.467+0000] {logging_mixin.py:188} INFO - [2026-04-28T22:13:00.466+0000] {dagbag.py:540} INFO - Filling up the DagBag from /home/airflow/.local/lib/python3.12/site-packages/airflow/example_dags/plugins/workday.py
[2026-04-28T22:13:01.112+0000] {processor.py:842} WARNING - No viable dags retrieved from /home/airflow/.local/lib/python3.12/site-packages/airflow/example_dags/plugins/workday.py
[2026-04-28T22:13:01.124+0000] {processor.py:183} INFO - Processing /home/airflow/.local/lib/python3.12/site-packages/airflow/example_dags/plugins/workday.py took 0.714 seconds
[2026-04-28T22:13:31.320+0000] {processor.py:161} INFO - Started process (PID=1759) to work on /home/airflow/.local/lib/python3.12/site-packages/airflow/example_dags/plugins/workday.py
[2026-04-28T22:13:31.320+0000] {processor.py:830} INFO - Processing file /home/airflow/.local/lib/python3.12/site-packages/airflow/example_dags/plugins/workday.py for tasks to queue
[2026-04-28T22:13:31.322+0000] {logging_mixin.py:188} INFO - [2026-04-28T22:13:31.322+0000] {dagbag.py:540} INFO - Filling up the DagBag from /home/airflow/.local/lib/python3.12/site-packages/airflow/example_dags/plugins/workday.py
[2026-04-28T22:13:31.622+0000] {processor.py:842} WARNING - No viable dags retrieved from /home/airflow/.local/lib/python3.12/site-packages/airflow/example_dags/plugins/workday.py
[2026-04-28T22:13:31.638+0000] {processor.py:183} INFO - Processing /home/airflow/.local/lib/python3.12/site-packages/airflow/example_dags/plugins/workday.py took 0.323 seconds
[2026-04-28T22:14:01.968+0000] {processor.py:161} INFO - Started process (PID=1819) to work on /home/airflow/.local/lib/python3.12/site-packages/airflow/example_dags/plugins/workday.py
[2026-04-28T22:14:01.969+0000] {processor.py:830} INFO - Processing file /home/airflow/.local/lib/python3.12/site-packages/airflow/example_dags/plugins/workday.py for tasks to queue
[2026-04-28T22:14:01.971+0000] {logging_mixin.py:188} INFO - [2026-04-28T22:14:01.971+0000] {dagbag.py:540} INFO - Filling up the DagBag from /home/airflow/.local/lib/python3.12/site-packages/airflow/example_dags/plugins/workday.py
[2026-04-28T22:14:02.307+0000] {processor.py:842} WARNING - No viable dags retrieved from /home/airflow/.local/lib/python3.12/site-packages/airflow/example_dags/plugins/workday.py
[2026-04-28T22:14:02.322+0000] {processor.py:183} INFO - Processing /home/airflow/.local/lib/python3.12/site-packages/airflow/example_dags/plugins/workday.py took 0.362 seconds
[2026-04-28T22:14:32.560+0000] {processor.py:161} INFO - Started process (PID=1878) to work on /home/airflow/.local/lib/python3.12/site-packages/airflow/example_dags/plugins/workday.py
[2026-04-28T22:14:32.561+0000] {processor.py:830} INFO - Processing file /home/airflow/.local/lib/python3.12/site-packages/airflow/example_dags/plugins/workday.py for tasks to queue
[2026-04-28T22:14:32.562+0000] {logging_mixin.py:188} INFO - [2026-04-28T22:14:32.562+0000] {dagbag.py:540} INFO - Filling up the DagBag from /home/airflow/.local/lib/python3.12/site-packages/airflow/example_dags/plugins/workday.py
[2026-04-28T22:14:32.832+0000] {processor.py:842} WARNING - No viable dags retrieved from /home/airflow/.local/lib/python3.12/site-packages/airflow/example_dags/plugins/workday.py
[2026-04-28T22:14:32.844+0000] {processor.py:183} INFO - Processing /home/airflow/.local/lib/python3.12/site-packages/airflow/example_dags/plugins/workday.py took 0.290 seconds
[2026-04-28T22:15:03.247+0000] {processor.py:161} INFO - Started process (PID=1938) to work on /home/airflow/.local/lib/python3.12/site-packages/airflow/example_dags/plugins/workday.py
[2026-04-28T22:15:03.254+0000] {processor.py:830} INFO - Processing file /home/airflow/.local/lib/python3.12/site-packages/airflow/example_dags/plugins/workday.py for tasks to queue
[2026-04-28T22:15:03.260+0000] {logging_mixin.py:188} INFO - [2026-04-28T22:15:03.259+0000] {dagbag.py:540} INFO - Filling up the DagBag from /home/airflow/.local/lib/python3.12/site-packages/airflow/example_dags/plugins/workday.py
[2026-04-28T22:15:03.812+0000] {processor.py:842} WARNING - No viable dags retrieved from /home/airflow/.local/lib/python3.12/site-packages/airflow/example_dags/plugins/workday.py
[2026-04-28T22:15:03.826+0000] {processor.py:183} INFO - Processing /home/airflow/.local/lib/python3.12/site-packages/airflow/example_dags/plugins/workday.py took 0.602 seconds
[2026-04-28T22:15:34.232+0000] {processor.py:161} INFO - Started process (PID=1998) to work on /home/airflow/.local/lib/python3.12/site-packages/airflow/example_dags/plugins/workday.py
[2026-04-28T22:15:34.234+0000] {processor.py:830} INFO - Processing file /home/airflow/.local/lib/python3.12/site-packages/airflow/example_dags/plugins/workday.py for tasks to queue
[2026-04-28T22:15:34.238+0000] {logging_mixin.py:188} INFO - [2026-04-28T22:15:34.237+0000] {dagbag.py:540} INFO - Filling up the DagBag from /home/airflow/.local/lib/python3.12/site-packages/airflow/example_dags/plugins/workday.py
[2026-04-28T22:15:34.751+0000] {processor.py:842} WARNING - No viable dags retrieved from /home/airflow/.local/lib/python3.12/site-packages/airflow/example_dags/plugins/workday.py
[2026-04-28T22:15:34.765+0000] {processor.py:183} INFO - Processing /home/airflow/.local/lib/python3.12/site-packages/airflow/example_dags/plugins/workday.py took 0.550 seconds
[2026-04-28T22:16:05.528+0000] {processor.py:161} INFO - Started process (PID=2059) to work on /home/airflow/.local/lib/python3.12/site-packages/airflow/example_dags/plugins/workday.py
[2026-04-28T22:16:05.529+0000] {processor.py:830} INFO - Processing file /home/airflow/.local/lib/python3.12/site-packages/airflow/example_dags/plugins/workday.py for tasks to queue
[2026-04-28T22:16:05.531+0000] {logging_mixin.py:188} INFO - [2026-04-28T22:16:05.531+0000] {dagbag.py:540} INFO - Filling up the DagBag from /home/airflow/.local/lib/python3.12/site-packages/airflow/example_dags/plugins/workday.py
[2026-04-28T22:16:06.018+0000] {processor.py:842} WARNING - No viable dags retrieved from /home/airflow/.local/lib/python3.12/site-packages/airflow/example_dags/plugins/workday.py
[2026-04-28T22:16:06.030+0000] {processor.py:183} INFO - Processing /home/airflow/.local/lib/python3.12/site-packages/airflow/example_dags/plugins/workday.py took 0.509 seconds
[2026-04-28T22:19:40.752+0000] {processor.py:161} INFO - Started process (PID=113) to work on /home/airflow/.local/lib/python3.12/site-packages/airflow/example_dags/plugins/workday.py
[2026-04-28T22:19:40.760+0000] {processor.py:830} INFO - Processing file /home/airflow/.local/lib/python3.12/site-packages/airflow/example_dags/plugins/workday.py for tasks to queue
[2026-04-28T22:19:40.768+0000] {logging_mixin.py:188} INFO - [2026-04-28T22:19:40.766+0000] {dagbag.py:540} INFO - Filling up the DagBag from /home/airflow/.local/lib/python3.12/site-packages/airflow/example_dags/plugins/workday.py
[2026-04-28T22:19:43.949+0000] {processor.py:842} WARNING - No viable dags retrieved from /home/airflow/.local/lib/python3.12/site-packages/airflow/example_dags/plugins/workday.py
[2026-04-28T22:19:43.987+0000] {processor.py:183} INFO - Processing /home/airflow/.local/lib/python3.12/site-packages/airflow/example_dags/plugins/workday.py took 3.250 seconds
[2026-04-28T22:20:14.222+0000] {processor.py:161} INFO - Started process (PID=177) to work on /home/airflow/.local/lib/python3.12/site-packages/airflow/example_dags/plugins/workday.py
[2026-04-28T22:20:14.224+0000] {processor.py:830} INFO - Processing file /home/airflow/.local/lib/python3.12/site-packages/airflow/example_dags/plugins/workday.py for tasks to queue
[2026-04-28T22:20:14.225+0000] {logging_mixin.py:188} INFO - [2026-04-28T22:20:14.225+0000] {dagbag.py:540} INFO - Filling up the DagBag from /home/airflow/.local/lib/python3.12/site-packages/airflow/example_dags/plugins/workday.py
[2026-04-28T22:20:14.925+0000] {processor.py:842} WARNING - No viable dags retrieved from /home/airflow/.local/lib/python3.12/site-packages/airflow/example_dags/plugins/workday.py
[2026-04-28T22:20:14.935+0000] {processor.py:183} INFO - Processing /home/airflow/.local/lib/python3.12/site-packages/airflow/example_dags/plugins/workday.py took 0.720 seconds
[2026-04-28T22:20:45.408+0000] {processor.py:161} INFO - Started process (PID=237) to work on /home/airflow/.local/lib/python3.12/site-packages/airflow/example_dags/plugins/workday.py
[2026-04-28T22:20:45.409+0000] {processor.py:830} INFO - Processing file /home/airflow/.local/lib/python3.12/site-packages/airflow/example_dags/plugins/workday.py for tasks to queue
[2026-04-28T22:20:45.412+0000] {logging_mixin.py:188} INFO - [2026-04-28T22:20:45.411+0000] {dagbag.py:540} INFO - Filling up the DagBag from /home/airflow/.local/lib/python3.12/site-packages/airflow/example_dags/plugins/workday.py
[2026-04-28T22:20:46.194+0000] {processor.py:842} WARNING - No viable dags retrieved from /home/airflow/.local/lib/python3.12/site-packages/airflow/example_dags/plugins/workday.py
[2026-04-28T22:20:46.205+0000] {processor.py:183} INFO - Processing /home/airflow/.local/lib/python3.12/site-packages/airflow/example_dags/plugins/workday.py took 0.805 seconds
[2026-04-28T22:21:16.816+0000] {processor.py:161} INFO - Started process (PID=297) to work on /home/airflow/.local/lib/python3.12/site-packages/airflow/example_dags/plugins/workday.py
[2026-04-28T22:21:16.822+0000] {processor.py:830} INFO - Processing file /home/airflow/.local/lib/python3.12/site-packages/airflow/example_dags/plugins/workday.py for tasks to queue
[2026-04-28T22:21:16.829+0000] {logging_mixin.py:188} INFO - [2026-04-28T22:21:16.828+0000] {dagbag.py:540} INFO - Filling up the DagBag from /home/airflow/.local/lib/python3.12/site-packages/airflow/example_dags/plugins/workday.py
[2026-04-28T22:21:18.349+0000] {processor.py:842} WARNING - No viable dags retrieved from /home/airflow/.local/lib/python3.12/site-packages/airflow/example_dags/plugins/workday.py
[2026-04-28T22:21:18.410+0000] {processor.py:183} INFO - Processing /home/airflow/.local/lib/python3.12/site-packages/airflow/example_dags/plugins/workday.py took 1.612 seconds
[2026-04-28T22:21:49.176+0000] {processor.py:161} INFO - Started process (PID=363) to work on /home/airflow/.local/lib/python3.12/site-packages/airflow/example_dags/plugins/workday.py
[2026-04-28T22:21:49.182+0000] {processor.py:830} INFO - Processing file /home/airflow/.local/lib/python3.12/site-packages/airflow/example_dags/plugins/workday.py for tasks to queue
[2026-04-28T22:21:49.192+0000] {logging_mixin.py:188} INFO - [2026-04-28T22:21:49.192+0000] {dagbag.py:540} INFO - Filling up the DagBag from /home/airflow/.local/lib/python3.12/site-packages/airflow/example_dags/plugins/workday.py
[2026-04-28T22:21:52.766+0000] {processor.py:842} WARNING - No viable dags retrieved from /home/airflow/.local/lib/python3.12/site-packages/airflow/example_dags/plugins/workday.py
[2026-04-28T22:21:52.798+0000] {processor.py:183} INFO - Processing /home/airflow/.local/lib/python3.12/site-packages/airflow/example_dags/plugins/workday.py took 3.662 seconds
[2026-04-28T22:22:23.021+0000] {processor.py:161} INFO - Started process (PID=425) to work on /home/airflow/.local/lib/python3.12/site-packages/airflow/example_dags/plugins/workday.py
[2026-04-28T22:22:23.025+0000] {processor.py:830} INFO - Processing file /home/airflow/.local/lib/python3.12/site-packages/airflow/example_dags/plugins/workday.py for tasks to queue
[2026-04-28T22:22:23.030+0000] {logging_mixin.py:188} INFO - [2026-04-28T22:22:23.030+0000] {dagbag.py:540} INFO - Filling up the DagBag from /home/airflow/.local/lib/python3.12/site-packages/airflow/example_dags/plugins/workday.py
[2026-04-28T22:22:24.494+0000] {processor.py:842} WARNING - No viable dags retrieved from /home/airflow/.local/lib/python3.12/site-packages/airflow/example_dags/plugins/workday.py
[2026-04-28T22:22:24.509+0000] {processor.py:183} INFO - Processing /home/airflow/.local/lib/python3.12/site-packages/airflow/example_dags/plugins/workday.py took 1.515 seconds
[2026-04-28T22:22:54.985+0000] {processor.py:161} INFO - Started process (PID=486) to work on /home/airflow/.local/lib/python3.12/site-packages/airflow/example_dags/plugins/workday.py
[2026-04-28T22:22:54.987+0000] {processor.py:830} INFO - Processing file /home/airflow/.local/lib/python3.12/site-packages/airflow/example_dags/plugins/workday.py for tasks to queue
[2026-04-28T22:22:54.997+0000] {logging_mixin.py:188} INFO - [2026-04-28T22:22:54.993+0000] {dagbag.py:540} INFO - Filling up the DagBag from /home/airflow/.local/lib/python3.12/site-packages/airflow/example_dags/plugins/workday.py
[2026-04-28T22:22:55.684+0000] {processor.py:842} WARNING - No viable dags retrieved from /home/airflow/.local/lib/python3.12/site-packages/airflow/example_dags/plugins/workday.py
[2026-04-28T22:22:55.695+0000] {processor.py:183} INFO - Processing /home/airflow/.local/lib/python3.12/site-packages/airflow/example_dags/plugins/workday.py took 0.727 seconds
[2026-04-28T22:23:25.781+0000] {processor.py:161} INFO - Started process (PID=546) to work on /home/airflow/.local/lib/python3.12/site-packages/airflow/example_dags/plugins/workday.py
[2026-04-28T22:23:25.784+0000] {processor.py:830} INFO - Processing file /home/airflow/.local/lib/python3.12/site-packages/airflow/example_dags/plugins/workday.py for tasks to queue
[2026-04-28T22:23:25.788+0000] {logging_mixin.py:188} INFO - [2026-04-28T22:23:25.786+0000] {dagbag.py:540} INFO - Filling up the DagBag from /home/airflow/.local/lib/python3.12/site-packages/airflow/example_dags/plugins/workday.py
[2026-04-28T22:23:26.784+0000] {processor.py:842} WARNING - No viable dags retrieved from /home/airflow/.local/lib/python3.12/site-packages/airflow/example_dags/plugins/workday.py
[2026-04-28T22:23:26.804+0000] {processor.py:183} INFO - Processing /home/airflow/.local/lib/python3.12/site-packages/airflow/example_dags/plugins/workday.py took 1.042 seconds
[2026-04-28T22:23:57.267+0000] {processor.py:161} INFO - Started process (PID=607) to work on /home/airflow/.local/lib/python3.12/site-packages/airflow/example_dags/plugins/workday.py
[2026-04-28T22:23:57.269+0000] {processor.py:830} INFO - Processing file /home/airflow/.local/lib/python3.12/site-packages/airflow/example_dags/plugins/workday.py for tasks to queue
[2026-04-28T22:23:57.270+0000] {logging_mixin.py:188} INFO - [2026-04-28T22:23:57.270+0000] {dagbag.py:540} INFO - Filling up the DagBag from /home/airflow/.local/lib/python3.12/site-packages/airflow/example_dags/plugins/workday.py
[2026-04-28T22:23:58.401+0000] {processor.py:842} WARNING - No viable dags retrieved from /home/airflow/.local/lib/python3.12/site-packages/airflow/example_dags/plugins/workday.py
[2026-04-28T22:23:58.413+0000] {processor.py:183} INFO - Processing /home/airflow/.local/lib/python3.12/site-packages/airflow/example_dags/plugins/workday.py took 1.151 seconds
[2026-04-28T22:24:28.982+0000] {processor.py:161} INFO - Started process (PID=667) to work on /home/airflow/.local/lib/python3.12/site-packages/airflow/example_dags/plugins/workday.py
[2026-04-28T22:24:28.983+0000] {processor.py:830} INFO - Processing file /home/airflow/.local/lib/python3.12/site-packages/airflow/example_dags/plugins/workday.py for tasks to queue
[2026-04-28T22:24:28.985+0000] {logging_mixin.py:188} INFO - [2026-04-28T22:24:28.985+0000] {dagbag.py:540} INFO - Filling up the DagBag from /home/airflow/.local/lib/python3.12/site-packages/airflow/example_dags/plugins/workday.py
[2026-04-28T22:24:29.860+0000] {processor.py:842} WARNING - No viable dags retrieved from /home/airflow/.local/lib/python3.12/site-packages/airflow/example_dags/plugins/workday.py
[2026-04-28T22:24:29.870+0000] {processor.py:183} INFO - Processing /home/airflow/.local/lib/python3.12/site-packages/airflow/example_dags/plugins/workday.py took 0.894 seconds
[2026-04-28T22:25:00.615+0000] {processor.py:161} INFO - Started process (PID=729) to work on /home/airflow/.local/lib/python3.12/site-packages/airflow/example_dags/plugins/workday.py
[2026-04-28T22:25:00.616+0000] {processor.py:830} INFO - Processing file /home/airflow/.local/lib/python3.12/site-packages/airflow/example_dags/plugins/workday.py for tasks to queue
[2026-04-28T22:25:00.618+0000] {logging_mixin.py:188} INFO - [2026-04-28T22:25:00.618+0000] {dagbag.py:540} INFO - Filling up the DagBag from /home/airflow/.local/lib/python3.12/site-packages/airflow/example_dags/plugins/workday.py
[2026-04-28T22:25:01.713+0000] {processor.py:842} WARNING - No viable dags retrieved from /home/airflow/.local/lib/python3.12/site-packages/airflow/example_dags/plugins/workday.py
[2026-04-28T22:25:01.729+0000] {processor.py:183} INFO - Processing /home/airflow/.local/lib/python3.12/site-packages/airflow/example_dags/plugins/workday.py took 1.121 seconds
[2026-04-28T22:25:32.282+0000] {processor.py:161} INFO - Started process (PID=791) to work on /home/airflow/.local/lib/python3.12/site-packages/airflow/example_dags/plugins/workday.py
[2026-04-28T22:25:32.284+0000] {processor.py:830} INFO - Processing file /home/airflow/.local/lib/python3.12/site-packages/airflow/example_dags/plugins/workday.py for tasks to queue
[2026-04-28T22:25:32.286+0000] {logging_mixin.py:188} INFO - [2026-04-28T22:25:32.285+0000] {dagbag.py:540} INFO - Filling up the DagBag from /home/airflow/.local/lib/python3.12/site-packages/airflow/example_dags/plugins/workday.py
[2026-04-28T22:25:33.260+0000] {processor.py:842} WARNING - No viable dags retrieved from /home/airflow/.local/lib/python3.12/site-packages/airflow/example_dags/plugins/workday.py
[2026-04-28T22:25:33.297+0000] {processor.py:183} INFO - Processing /home/airflow/.local/lib/python3.12/site-packages/airflow/example_dags/plugins/workday.py took 1.022 seconds
[2026-04-28T22:26:04.062+0000] {processor.py:161} INFO - Started process (PID=853) to work on /home/airflow/.local/lib/python3.12/site-packages/airflow/example_dags/plugins/workday.py
[2026-04-28T22:26:04.064+0000] {processor.py:830} INFO - Processing file /home/airflow/.local/lib/python3.12/site-packages/airflow/example_dags/plugins/workday.py for tasks to queue
[2026-04-28T22:26:04.066+0000] {logging_mixin.py:188} INFO - [2026-04-28T22:26:04.066+0000] {dagbag.py:540} INFO - Filling up the DagBag from /home/airflow/.local/lib/python3.12/site-packages/airflow/example_dags/plugins/workday.py
[2026-04-28T22:26:06.229+0000] {processor.py:842} WARNING - No viable dags retrieved from /home/airflow/.local/lib/python3.12/site-packages/airflow/example_dags/plugins/workday.py
[2026-04-28T22:26:06.351+0000] {processor.py:183} INFO - Processing /home/airflow/.local/lib/python3.12/site-packages/airflow/example_dags/plugins/workday.py took 2.300 seconds
[2026-04-28T22:26:36.677+0000] {processor.py:161} INFO - Started process (PID=914) to work on /home/airflow/.local/lib/python3.12/site-packages/airflow/example_dags/plugins/workday.py
[2026-04-28T22:26:36.678+0000] {processor.py:830} INFO - Processing file /home/airflow/.local/lib/python3.12/site-packages/airflow/example_dags/plugins/workday.py for tasks to queue
[2026-04-28T22:26:36.680+0000] {logging_mixin.py:188} INFO - [2026-04-28T22:26:36.679+0000] {dagbag.py:540} INFO - Filling up the DagBag from /home/airflow/.local/lib/python3.12/site-packages/airflow/example_dags/plugins/workday.py
[2026-04-28T22:26:38.322+0000] {processor.py:842} WARNING - No viable dags retrieved from /home/airflow/.local/lib/python3.12/site-packages/airflow/example_dags/plugins/workday.py
[2026-04-28T22:26:38.335+0000] {processor.py:183} INFO - Processing /home/airflow/.local/lib/python3.12/site-packages/airflow/example_dags/plugins/workday.py took 1.666 seconds
[2026-04-28T22:27:08.802+0000] {processor.py:161} INFO - Started process (PID=975) to work on /home/airflow/.local/lib/python3.12/site-packages/airflow/example_dags/plugins/workday.py
[2026-04-28T22:27:08.805+0000] {processor.py:830} INFO - Processing file /home/airflow/.local/lib/python3.12/site-packages/airflow/example_dags/plugins/workday.py for tasks to queue
[2026-04-28T22:27:08.807+0000] {logging_mixin.py:188} INFO - [2026-04-28T22:27:08.807+0000] {dagbag.py:540} INFO - Filling up the DagBag from /home/airflow/.local/lib/python3.12/site-packages/airflow/example_dags/plugins/workday.py
[2026-04-28T22:27:09.881+0000] {processor.py:842} WARNING - No viable dags retrieved from /home/airflow/.local/lib/python3.12/site-packages/airflow/example_dags/plugins/workday.py
[2026-04-28T22:27:09.891+0000] {processor.py:183} INFO - Processing /home/airflow/.local/lib/python3.12/site-packages/airflow/example_dags/plugins/workday.py took 1.098 seconds
[2026-04-28T22:27:40.209+0000] {processor.py:161} INFO - Started process (PID=1037) to work on /home/airflow/.local/lib/python3.12/site-packages/airflow/example_dags/plugins/workday.py
[2026-04-28T22:27:40.210+0000] {processor.py:830} INFO - Processing file /home/airflow/.local/lib/python3.12/site-packages/airflow/example_dags/plugins/workday.py for tasks to queue
[2026-04-28T22:27:40.212+0000] {logging_mixin.py:188} INFO - [2026-04-28T22:27:40.212+0000] {dagbag.py:540} INFO - Filling up the DagBag from /home/airflow/.local/lib/python3.12/site-packages/airflow/example_dags/plugins/workday.py
[2026-04-28T22:27:41.957+0000] {processor.py:842} WARNING - No viable dags retrieved from /home/airflow/.local/lib/python3.12/site-packages/airflow/example_dags/plugins/workday.py
[2026-04-28T22:27:41.986+0000] {processor.py:183} INFO - Processing /home/airflow/.local/lib/python3.12/site-packages/airflow/example_dags/plugins/workday.py took 1.784 seconds
[2026-04-28T22:28:13.290+0000] {processor.py:161} INFO - Started process (PID=1101) to work on /home/airflow/.local/lib/python3.12/site-packages/airflow/example_dags/plugins/workday.py
[2026-04-28T22:28:13.292+0000] {processor.py:830} INFO - Processing file /home/airflow/.local/lib/python3.12/site-packages/airflow/example_dags/plugins/workday.py for tasks to queue
[2026-04-28T22:28:13.294+0000] {logging_mixin.py:188} INFO - [2026-04-28T22:28:13.294+0000] {dagbag.py:540} INFO - Filling up the DagBag from /home/airflow/.local/lib/python3.12/site-packages/airflow/example_dags/plugins/workday.py
[2026-04-28T22:28:14.762+0000] {processor.py:842} WARNING - No viable dags retrieved from /home/airflow/.local/lib/python3.12/site-packages/airflow/example_dags/plugins/workday.py
[2026-04-28T22:28:14.780+0000] {processor.py:183} INFO - Processing /home/airflow/.local/lib/python3.12/site-packages/airflow/example_dags/plugins/workday.py took 1.497 seconds
[2026-04-28T22:28:44.889+0000] {processor.py:161} INFO - Started process (PID=1163) to work on /home/airflow/.local/lib/python3.12/site-packages/airflow/example_dags/plugins/workday.py
[2026-04-28T22:28:44.891+0000] {processor.py:830} INFO - Processing file /home/airflow/.local/lib/python3.12/site-packages/airflow/example_dags/plugins/workday.py for tasks to queue
[2026-04-28T22:28:44.893+0000] {logging_mixin.py:188} INFO - [2026-04-28T22:28:44.893+0000] {dagbag.py:540} INFO - Filling up the DagBag from /home/airflow/.local/lib/python3.12/site-packages/airflow/example_dags/plugins/workday.py
[2026-04-28T22:28:46.363+0000] {processor.py:842} WARNING - No viable dags retrieved from /home/airflow/.local/lib/python3.12/site-packages/airflow/example_dags/plugins/workday.py
[2026-04-28T22:28:46.424+0000] {processor.py:183} INFO - Processing /home/airflow/.local/lib/python3.12/site-packages/airflow/example_dags/plugins/workday.py took 1.543 seconds
[2026-04-28T22:29:19.455+0000] {processor.py:161} INFO - Started process (PID=1228) to work on /home/airflow/.local/lib/python3.12/site-packages/airflow/example_dags/plugins/workday.py
[2026-04-28T22:29:19.478+0000] {processor.py:830} INFO - Processing file /home/airflow/.local/lib/python3.12/site-packages/airflow/example_dags/plugins/workday.py for tasks to queue
[2026-04-28T22:29:19.488+0000] {logging_mixin.py:188} INFO - [2026-04-28T22:29:19.486+0000] {dagbag.py:540} INFO - Filling up the DagBag from /home/airflow/.local/lib/python3.12/site-packages/airflow/example_dags/plugins/workday.py
[2026-04-28T22:29:25.419+0000] {processor.py:842} WARNING - No viable dags retrieved from /home/airflow/.local/lib/python3.12/site-packages/airflow/example_dags/plugins/workday.py
[2026-04-28T22:29:25.446+0000] {processor.py:183} INFO - Processing /home/airflow/.local/lib/python3.12/site-packages/airflow/example_dags/plugins/workday.py took 6.003 seconds
[2026-04-28T22:29:55.740+0000] {processor.py:161} INFO - Started process (PID=1300) to work on /home/airflow/.local/lib/python3.12/site-packages/airflow/example_dags/plugins/workday.py
[2026-04-28T22:29:55.741+0000] {processor.py:830} INFO - Processing file /home/airflow/.local/lib/python3.12/site-packages/airflow/example_dags/plugins/workday.py for tasks to queue
[2026-04-28T22:29:55.743+0000] {logging_mixin.py:188} INFO - [2026-04-28T22:29:55.743+0000] {dagbag.py:540} INFO - Filling up the DagBag from /home/airflow/.local/lib/python3.12/site-packages/airflow/example_dags/plugins/workday.py
[2026-04-28T22:29:56.361+0000] {processor.py:842} WARNING - No viable dags retrieved from /home/airflow/.local/lib/python3.12/site-packages/airflow/example_dags/plugins/workday.py
[2026-04-28T22:29:56.372+0000] {processor.py:183} INFO - Processing /home/airflow/.local/lib/python3.12/site-packages/airflow/example_dags/plugins/workday.py took 0.640 seconds
[2026-04-28T22:30:26.473+0000] {processor.py:161} INFO - Started process (PID=1360) to work on /home/airflow/.local/lib/python3.12/site-packages/airflow/example_dags/plugins/workday.py
[2026-04-28T22:30:26.474+0000] {processor.py:830} INFO - Processing file /home/airflow/.local/lib/python3.12/site-packages/airflow/example_dags/plugins/workday.py for tasks to queue
[2026-04-28T22:30:26.477+0000] {logging_mixin.py:188} INFO - [2026-04-28T22:30:26.477+0000] {dagbag.py:540} INFO - Filling up the DagBag from /home/airflow/.local/lib/python3.12/site-packages/airflow/example_dags/plugins/workday.py
[2026-04-28T22:30:26.778+0000] {processor.py:842} WARNING - No viable dags retrieved from /home/airflow/.local/lib/python3.12/site-packages/airflow/example_dags/plugins/workday.py
[2026-04-28T22:30:26.790+0000] {processor.py:183} INFO - Processing /home/airflow/.local/lib/python3.12/site-packages/airflow/example_dags/plugins/workday.py took 0.324 seconds
[2026-04-28T22:30:57.746+0000] {processor.py:161} INFO - Started process (PID=1422) to work on /home/airflow/.local/lib/python3.12/site-packages/airflow/example_dags/plugins/workday.py
[2026-04-28T22:30:57.748+0000] {processor.py:830} INFO - Processing file /home/airflow/.local/lib/python3.12/site-packages/airflow/example_dags/plugins/workday.py for tasks to queue
[2026-04-28T22:30:57.751+0000] {logging_mixin.py:188} INFO - [2026-04-28T22:30:57.751+0000] {dagbag.py:540} INFO - Filling up the DagBag from /home/airflow/.local/lib/python3.12/site-packages/airflow/example_dags/plugins/workday.py
[2026-04-28T22:30:58.155+0000] {processor.py:842} WARNING - No viable dags retrieved from /home/airflow/.local/lib/python3.12/site-packages/airflow/example_dags/plugins/workday.py
[2026-04-28T22:30:58.166+0000] {processor.py:183} INFO - Processing /home/airflow/.local/lib/python3.12/site-packages/airflow/example_dags/plugins/workday.py took 0.429 seconds
[2026-04-28T22:31:28.546+0000] {processor.py:161} INFO - Started process (PID=1483) to work on /home/airflow/.local/lib/python3.12/site-packages/airflow/example_dags/plugins/workday.py
[2026-04-28T22:31:28.547+0000] {processor.py:830} INFO - Processing file /home/airflow/.local/lib/python3.12/site-packages/airflow/example_dags/plugins/workday.py for tasks to queue
[2026-04-28T22:31:28.549+0000] {logging_mixin.py:188} INFO - [2026-04-28T22:31:28.549+0000] {dagbag.py:540} INFO - Filling up the DagBag from /home/airflow/.local/lib/python3.12/site-packages/airflow/example_dags/plugins/workday.py
[2026-04-28T22:31:28.842+0000] {processor.py:842} WARNING - No viable dags retrieved from /home/airflow/.local/lib/python3.12/site-packages/airflow/example_dags/plugins/workday.py
[2026-04-28T22:31:28.854+0000] {processor.py:183} INFO - Processing /home/airflow/.local/lib/python3.12/site-packages/airflow/example_dags/plugins/workday.py took 0.316 seconds
[2026-04-28T22:31:59.925+0000] {processor.py:161} INFO - Started process (PID=1544) to work on /home/airflow/.local/lib/python3.12/site-packages/airflow/example_dags/plugins/workday.py
[2026-04-28T22:31:59.927+0000] {processor.py:830} INFO - Processing file /home/airflow/.local/lib/python3.12/site-packages/airflow/example_dags/plugins/workday.py for tasks to queue
[2026-04-28T22:31:59.929+0000] {logging_mixin.py:188} INFO - [2026-04-28T22:31:59.928+0000] {dagbag.py:540} INFO - Filling up the DagBag from /home/airflow/.local/lib/python3.12/site-packages/airflow/example_dags/plugins/workday.py
[2026-04-28T22:32:00.203+0000] {processor.py:842} WARNING - No viable dags retrieved from /home/airflow/.local/lib/python3.12/site-packages/airflow/example_dags/plugins/workday.py
[2026-04-28T22:32:00.215+0000] {processor.py:183} INFO - Processing /home/airflow/.local/lib/python3.12/site-packages/airflow/example_dags/plugins/workday.py took 0.299 seconds
[2026-04-28T22:32:30.327+0000] {processor.py:161} INFO - Started process (PID=1604) to work on /home/airflow/.local/lib/python3.12/site-packages/airflow/example_dags/plugins/workday.py
[2026-04-28T22:32:30.327+0000] {processor.py:830} INFO - Processing file /home/airflow/.local/lib/python3.12/site-packages/airflow/example_dags/plugins/workday.py for tasks to queue
[2026-04-28T22:32:30.329+0000] {logging_mixin.py:188} INFO - [2026-04-28T22:32:30.329+0000] {dagbag.py:540} INFO - Filling up the DagBag from /home/airflow/.local/lib/python3.12/site-packages/airflow/example_dags/plugins/workday.py
[2026-04-28T22:32:30.608+0000] {processor.py:842} WARNING - No viable dags retrieved from /home/airflow/.local/lib/python3.12/site-packages/airflow/example_dags/plugins/workday.py
[2026-04-28T22:32:30.620+0000] {processor.py:183} INFO - Processing /home/airflow/.local/lib/python3.12/site-packages/airflow/example_dags/plugins/workday.py took 0.298 seconds
[2026-04-28T22:33:00.682+0000] {processor.py:161} INFO - Started process (PID=1664) to work on /home/airflow/.local/lib/python3.12/site-packages/airflow/example_dags/plugins/workday.py
[2026-04-28T22:33:00.683+0000] {processor.py:830} INFO - Processing file /home/airflow/.local/lib/python3.12/site-packages/airflow/example_dags/plugins/workday.py for tasks to queue
[2026-04-28T22:33:00.685+0000] {logging_mixin.py:188} INFO - [2026-04-28T22:33:00.685+0000] {dagbag.py:540} INFO - Filling up the DagBag from /home/airflow/.local/lib/python3.12/site-packages/airflow/example_dags/plugins/workday.py
[2026-04-28T22:33:01.147+0000] {processor.py:842} WARNING - No viable dags retrieved from /home/airflow/.local/lib/python3.12/site-packages/airflow/example_dags/plugins/workday.py
[2026-04-28T22:33:01.162+0000] {processor.py:183} INFO - Processing /home/airflow/.local/lib/python3.12/site-packages/airflow/example_dags/plugins/workday.py took 0.487 seconds
[2026-04-28T22:33:31.869+0000] {processor.py:161} INFO - Started process (PID=1724) to work on /home/airflow/.local/lib/python3.12/site-packages/airflow/example_dags/plugins/workday.py
[2026-04-28T22:33:31.870+0000] {processor.py:830} INFO - Processing file /home/airflow/.local/lib/python3.12/site-packages/airflow/example_dags/plugins/workday.py for tasks to queue
[2026-04-28T22:33:31.871+0000] {logging_mixin.py:188} INFO - [2026-04-28T22:33:31.871+0000] {dagbag.py:540} INFO - Filling up the DagBag from /home/airflow/.local/lib/python3.12/site-packages/airflow/example_dags/plugins/workday.py
[2026-04-28T22:33:32.144+0000] {processor.py:842} WARNING - No viable dags retrieved from /home/airflow/.local/lib/python3.12/site-packages/airflow/example_dags/plugins/workday.py
[2026-04-28T22:33:32.155+0000] {processor.py:183} INFO - Processing /home/airflow/.local/lib/python3.12/site-packages/airflow/example_dags/plugins/workday.py took 0.291 seconds
[2026-04-28T22:34:02.213+0000] {processor.py:161} INFO - Started process (PID=1784) to work on /home/airflow/.local/lib/python3.12/site-packages/airflow/example_dags/plugins/workday.py
[2026-04-28T22:34:02.213+0000] {processor.py:830} INFO - Processing file /home/airflow/.local/lib/python3.12/site-packages/airflow/example_dags/plugins/workday.py for tasks to queue
[2026-04-28T22:34:02.215+0000] {logging_mixin.py:188} INFO - [2026-04-28T22:34:02.215+0000] {dagbag.py:540} INFO - Filling up the DagBag from /home/airflow/.local/lib/python3.12/site-packages/airflow/example_dags/plugins/workday.py
[2026-04-28T22:34:02.494+0000] {processor.py:842} WARNING - No viable dags retrieved from /home/airflow/.local/lib/python3.12/site-packages/airflow/example_dags/plugins/workday.py
[2026-04-28T22:34:02.505+0000] {processor.py:183} INFO - Processing /home/airflow/.local/lib/python3.12/site-packages/airflow/example_dags/plugins/workday.py took 0.299 seconds
[2026-04-28T22:34:33.748+0000] {processor.py:161} INFO - Started process (PID=1847) to work on /home/airflow/.local/lib/python3.12/site-packages/airflow/example_dags/plugins/workday.py
[2026-04-28T22:34:33.750+0000] {processor.py:830} INFO - Processing file /home/airflow/.local/lib/python3.12/site-packages/airflow/example_dags/plugins/workday.py for tasks to queue
[2026-04-28T22:34:33.752+0000] {logging_mixin.py:188} INFO - [2026-04-28T22:34:33.751+0000] {dagbag.py:540} INFO - Filling up the DagBag from /home/airflow/.local/lib/python3.12/site-packages/airflow/example_dags/plugins/workday.py
[2026-04-28T22:34:34.079+0000] {processor.py:842} WARNING - No viable dags retrieved from /home/airflow/.local/lib/python3.12/site-packages/airflow/example_dags/plugins/workday.py
[2026-04-28T22:34:34.097+0000] {processor.py:183} INFO - Processing /home/airflow/.local/lib/python3.12/site-packages/airflow/example_dags/plugins/workday.py took 0.357 seconds
[2026-04-28T22:35:04.279+0000] {processor.py:161} INFO - Started process (PID=1907) to work on /home/airflow/.local/lib/python3.12/site-packages/airflow/example_dags/plugins/workday.py
[2026-04-28T22:35:04.280+0000] {processor.py:830} INFO - Processing file /home/airflow/.local/lib/python3.12/site-packages/airflow/example_dags/plugins/workday.py for tasks to queue
[2026-04-28T22:35:04.282+0000] {logging_mixin.py:188} INFO - [2026-04-28T22:35:04.282+0000] {dagbag.py:540} INFO - Filling up the DagBag from /home/airflow/.local/lib/python3.12/site-packages/airflow/example_dags/plugins/workday.py
[2026-04-28T22:35:04.730+0000] {processor.py:842} WARNING - No viable dags retrieved from /home/airflow/.local/lib/python3.12/site-packages/airflow/example_dags/plugins/workday.py
[2026-04-28T22:35:04.745+0000] {processor.py:183} INFO - Processing /home/airflow/.local/lib/python3.12/site-packages/airflow/example_dags/plugins/workday.py took 0.473 seconds
[2026-04-28T22:35:35.755+0000] {processor.py:161} INFO - Started process (PID=1969) to work on /home/airflow/.local/lib/python3.12/site-packages/airflow/example_dags/plugins/workday.py
[2026-04-28T22:35:35.756+0000] {processor.py:830} INFO - Processing file /home/airflow/.local/lib/python3.12/site-packages/airflow/example_dags/plugins/workday.py for tasks to queue
[2026-04-28T22:35:35.757+0000] {logging_mixin.py:188} INFO - [2026-04-28T22:35:35.757+0000] {dagbag.py:540} INFO - Filling up the DagBag from /home/airflow/.local/lib/python3.12/site-packages/airflow/example_dags/plugins/workday.py
[2026-04-28T22:35:36.036+0000] {processor.py:842} WARNING - No viable dags retrieved from /home/airflow/.local/lib/python3.12/site-packages/airflow/example_dags/plugins/workday.py
[2026-04-28T22:35:36.047+0000] {processor.py:183} INFO - Processing /home/airflow/.local/lib/python3.12/site-packages/airflow/example_dags/plugins/workday.py took 0.298 seconds
[2026-04-28T22:36:06.547+0000] {processor.py:161} INFO - Started process (PID=2030) to work on /home/airflow/.local/lib/python3.12/site-packages/airflow/example_dags/plugins/workday.py
[2026-04-28T22:36:06.548+0000] {processor.py:830} INFO - Processing file /home/airflow/.local/lib/python3.12/site-packages/airflow/example_dags/plugins/workday.py for tasks to queue
[2026-04-28T22:36:06.550+0000] {logging_mixin.py:188} INFO - [2026-04-28T22:36:06.549+0000] {dagbag.py:540} INFO - Filling up the DagBag from /home/airflow/.local/lib/python3.12/site-packages/airflow/example_dags/plugins/workday.py
[2026-04-28T22:36:06.847+0000] {processor.py:842} WARNING - No viable dags retrieved from /home/airflow/.local/lib/python3.12/site-packages/airflow/example_dags/plugins/workday.py
[2026-04-28T22:36:06.858+0000] {processor.py:183} INFO - Processing /home/airflow/.local/lib/python3.12/site-packages/airflow/example_dags/plugins/workday.py took 0.319 seconds
[2026-04-28T22:36:37.559+0000] {processor.py:161} INFO - Started process (PID=2090) to work on /home/airflow/.local/lib/python3.12/site-packages/airflow/example_dags/plugins/workday.py
[2026-04-28T22:36:37.560+0000] {processor.py:830} INFO - Processing file /home/airflow/.local/lib/python3.12/site-packages/airflow/example_dags/plugins/workday.py for tasks to queue
[2026-04-28T22:36:37.562+0000] {logging_mixin.py:188} INFO - [2026-04-28T22:36:37.561+0000] {dagbag.py:540} INFO - Filling up the DagBag from /home/airflow/.local/lib/python3.12/site-packages/airflow/example_dags/plugins/workday.py
[2026-04-28T22:36:37.838+0000] {processor.py:842} WARNING - No viable dags retrieved from /home/airflow/.local/lib/python3.12/site-packages/airflow/example_dags/plugins/workday.py
[2026-04-28T22:36:37.850+0000] {processor.py:183} INFO - Processing /home/airflow/.local/lib/python3.12/site-packages/airflow/example_dags/plugins/workday.py took 0.296 seconds
[2026-04-28T22:37:07.968+0000] {processor.py:161} INFO - Started process (PID=2150) to work on /home/airflow/.local/lib/python3.12/site-packages/airflow/example_dags/plugins/workday.py
[2026-04-28T22:37:07.969+0000] {processor.py:830} INFO - Processing file /home/airflow/.local/lib/python3.12/site-packages/airflow/example_dags/plugins/workday.py for tasks to queue
[2026-04-28T22:37:07.971+0000] {logging_mixin.py:188} INFO - [2026-04-28T22:37:07.970+0000] {dagbag.py:540} INFO - Filling up the DagBag from /home/airflow/.local/lib/python3.12/site-packages/airflow/example_dags/plugins/workday.py
[2026-04-28T22:37:08.246+0000] {processor.py:842} WARNING - No viable dags retrieved from /home/airflow/.local/lib/python3.12/site-packages/airflow/example_dags/plugins/workday.py
[2026-04-28T22:37:08.258+0000] {processor.py:183} INFO - Processing /home/airflow/.local/lib/python3.12/site-packages/airflow/example_dags/plugins/workday.py took 0.295 seconds
[2026-04-28T22:37:38.364+0000] {processor.py:161} INFO - Started process (PID=2210) to work on /home/airflow/.local/lib/python3.12/site-packages/airflow/example_dags/plugins/workday.py
[2026-04-28T22:37:38.365+0000] {processor.py:830} INFO - Processing file /home/airflow/.local/lib/python3.12/site-packages/airflow/example_dags/plugins/workday.py for tasks to queue
[2026-04-28T22:37:38.367+0000] {logging_mixin.py:188} INFO - [2026-04-28T22:37:38.366+0000] {dagbag.py:540} INFO - Filling up the DagBag from /home/airflow/.local/lib/python3.12/site-packages/airflow/example_dags/plugins/workday.py
[2026-04-28T22:37:38.819+0000] {processor.py:842} WARNING - No viable dags retrieved from /home/airflow/.local/lib/python3.12/site-packages/airflow/example_dags/plugins/workday.py
[2026-04-28T22:37:38.849+0000] {processor.py:183} INFO - Processing /home/airflow/.local/lib/python3.12/site-packages/airflow/example_dags/plugins/workday.py took 0.492 seconds
[2026-04-28T22:38:09.454+0000] {processor.py:161} INFO - Started process (PID=2271) to work on /home/airflow/.local/lib/python3.12/site-packages/airflow/example_dags/plugins/workday.py
[2026-04-28T22:38:09.465+0000] {processor.py:830} INFO - Processing file /home/airflow/.local/lib/python3.12/site-packages/airflow/example_dags/plugins/workday.py for tasks to queue
[2026-04-28T22:38:09.474+0000] {logging_mixin.py:188} INFO - [2026-04-28T22:38:09.474+0000] {dagbag.py:540} INFO - Filling up the DagBag from /home/airflow/.local/lib/python3.12/site-packages/airflow/example_dags/plugins/workday.py
[2026-04-28T22:38:16.288+0000] {processor.py:842} WARNING - No viable dags retrieved from /home/airflow/.local/lib/python3.12/site-packages/airflow/example_dags/plugins/workday.py
[2026-04-28T22:38:16.354+0000] {processor.py:183} INFO - Processing /home/airflow/.local/lib/python3.12/site-packages/airflow/example_dags/plugins/workday.py took 6.925 seconds
[2026-04-28T22:38:46.537+0000] {processor.py:161} INFO - Started process (PID=2341) to work on /home/airflow/.local/lib/python3.12/site-packages/airflow/example_dags/plugins/workday.py
[2026-04-28T22:38:46.560+0000] {processor.py:830} INFO - Processing file /home/airflow/.local/lib/python3.12/site-packages/airflow/example_dags/plugins/workday.py for tasks to queue
[2026-04-28T22:38:46.562+0000] {logging_mixin.py:188} INFO - [2026-04-28T22:38:46.561+0000] {dagbag.py:540} INFO - Filling up the DagBag from /home/airflow/.local/lib/python3.12/site-packages/airflow/example_dags/plugins/workday.py
[2026-04-28T22:38:52.506+0000] {processor.py:842} WARNING - No viable dags retrieved from /home/airflow/.local/lib/python3.12/site-packages/airflow/example_dags/plugins/workday.py
[2026-04-28T22:38:52.537+0000] {processor.py:183} INFO - Processing /home/airflow/.local/lib/python3.12/site-packages/airflow/example_dags/plugins/workday.py took 6.006 seconds
[2026-04-28T22:39:23.140+0000] {processor.py:161} INFO - Started process (PID=2411) to work on /home/airflow/.local/lib/python3.12/site-packages/airflow/example_dags/plugins/workday.py
[2026-04-28T22:39:23.151+0000] {processor.py:830} INFO - Processing file /home/airflow/.local/lib/python3.12/site-packages/airflow/example_dags/plugins/workday.py for tasks to queue
[2026-04-28T22:39:23.160+0000] {logging_mixin.py:188} INFO - [2026-04-28T22:39:23.159+0000] {dagbag.py:540} INFO - Filling up the DagBag from /home/airflow/.local/lib/python3.12/site-packages/airflow/example_dags/plugins/workday.py
[2026-04-28T22:39:26.261+0000] {processor.py:842} WARNING - No viable dags retrieved from /home/airflow/.local/lib/python3.12/site-packages/airflow/example_dags/plugins/workday.py
[2026-04-28T22:39:26.277+0000] {processor.py:183} INFO - Processing /home/airflow/.local/lib/python3.12/site-packages/airflow/example_dags/plugins/workday.py took 3.163 seconds
[2026-04-28T22:39:56.999+0000] {processor.py:161} INFO - Started process (PID=2474) to work on /home/airflow/.local/lib/python3.12/site-packages/airflow/example_dags/plugins/workday.py
[2026-04-28T22:39:57.001+0000] {processor.py:830} INFO - Processing file /home/airflow/.local/lib/python3.12/site-packages/airflow/example_dags/plugins/workday.py for tasks to queue
[2026-04-28T22:39:57.003+0000] {logging_mixin.py:188} INFO - [2026-04-28T22:39:57.003+0000] {dagbag.py:540} INFO - Filling up the DagBag from /home/airflow/.local/lib/python3.12/site-packages/airflow/example_dags/plugins/workday.py
[2026-04-28T22:39:57.964+0000] {processor.py:842} WARNING - No viable dags retrieved from /home/airflow/.local/lib/python3.12/site-packages/airflow/example_dags/plugins/workday.py
[2026-04-28T22:39:57.976+0000] {processor.py:183} INFO - Processing /home/airflow/.local/lib/python3.12/site-packages/airflow/example_dags/plugins/workday.py took 0.984 seconds
[2026-04-28T22:40:28.689+0000] {processor.py:161} INFO - Started process (PID=2534) to work on /home/airflow/.local/lib/python3.12/site-packages/airflow/example_dags/plugins/workday.py
[2026-04-28T22:40:28.692+0000] {processor.py:830} INFO - Processing file /home/airflow/.local/lib/python3.12/site-packages/airflow/example_dags/plugins/workday.py for tasks to queue
[2026-04-28T22:40:28.694+0000] {logging_mixin.py:188} INFO - [2026-04-28T22:40:28.694+0000] {dagbag.py:540} INFO - Filling up the DagBag from /home/airflow/.local/lib/python3.12/site-packages/airflow/example_dags/plugins/workday.py
[2026-04-28T22:40:29.806+0000] {processor.py:842} WARNING - No viable dags retrieved from /home/airflow/.local/lib/python3.12/site-packages/airflow/example_dags/plugins/workday.py
[2026-04-28T22:40:29.821+0000] {processor.py:183} INFO - Processing /home/airflow/.local/lib/python3.12/site-packages/airflow/example_dags/plugins/workday.py took 1.145 seconds
[2026-04-28T22:41:01.082+0000] {processor.py:161} INFO - Started process (PID=2596) to work on /home/airflow/.local/lib/python3.12/site-packages/airflow/example_dags/plugins/workday.py
[2026-04-28T22:41:01.097+0000] {processor.py:830} INFO - Processing file /home/airflow/.local/lib/python3.12/site-packages/airflow/example_dags/plugins/workday.py for tasks to queue
[2026-04-28T22:41:01.102+0000] {logging_mixin.py:188} INFO - [2026-04-28T22:41:01.101+0000] {dagbag.py:540} INFO - Filling up the DagBag from /home/airflow/.local/lib/python3.12/site-packages/airflow/example_dags/plugins/workday.py
[2026-04-28T22:41:03.618+0000] {processor.py:842} WARNING - No viable dags retrieved from /home/airflow/.local/lib/python3.12/site-packages/airflow/example_dags/plugins/workday.py
[2026-04-28T22:41:03.632+0000] {processor.py:183} INFO - Processing /home/airflow/.local/lib/python3.12/site-packages/airflow/example_dags/plugins/workday.py took 2.563 seconds
[2026-04-28T22:41:34.037+0000] {processor.py:161} INFO - Started process (PID=2659) to work on /home/airflow/.local/lib/python3.12/site-packages/airflow/example_dags/plugins/workday.py
[2026-04-28T22:41:34.040+0000] {processor.py:830} INFO - Processing file /home/airflow/.local/lib/python3.12/site-packages/airflow/example_dags/plugins/workday.py for tasks to queue
[2026-04-28T22:41:34.046+0000] {logging_mixin.py:188} INFO - [2026-04-28T22:41:34.046+0000] {dagbag.py:540} INFO - Filling up the DagBag from /home/airflow/.local/lib/python3.12/site-packages/airflow/example_dags/plugins/workday.py
[2026-04-28T22:41:37.111+0000] {processor.py:842} WARNING - No viable dags retrieved from /home/airflow/.local/lib/python3.12/site-packages/airflow/example_dags/plugins/workday.py
[2026-04-28T22:41:37.167+0000] {processor.py:183} INFO - Processing /home/airflow/.local/lib/python3.12/site-packages/airflow/example_dags/plugins/workday.py took 3.150 seconds
[2026-04-28T22:42:08.380+0000] {processor.py:161} INFO - Started process (PID=2723) to work on /home/airflow/.local/lib/python3.12/site-packages/airflow/example_dags/plugins/workday.py
[2026-04-28T22:42:08.384+0000] {processor.py:830} INFO - Processing file /home/airflow/.local/lib/python3.12/site-packages/airflow/example_dags/plugins/workday.py for tasks to queue
[2026-04-28T22:42:08.391+0000] {logging_mixin.py:188} INFO - [2026-04-28T22:42:08.390+0000] {dagbag.py:540} INFO - Filling up the DagBag from /home/airflow/.local/lib/python3.12/site-packages/airflow/example_dags/plugins/workday.py
[2026-04-28T22:42:11.035+0000] {processor.py:842} WARNING - No viable dags retrieved from /home/airflow/.local/lib/python3.12/site-packages/airflow/example_dags/plugins/workday.py
[2026-04-28T22:42:11.070+0000] {processor.py:183} INFO - Processing /home/airflow/.local/lib/python3.12/site-packages/airflow/example_dags/plugins/workday.py took 2.706 seconds
[2026-04-28T22:42:41.445+0000] {processor.py:161} INFO - Started process (PID=2793) to work on /home/airflow/.local/lib/python3.12/site-packages/airflow/example_dags/plugins/workday.py
[2026-04-28T22:42:41.449+0000] {processor.py:830} INFO - Processing file /home/airflow/.local/lib/python3.12/site-packages/airflow/example_dags/plugins/workday.py for tasks to queue
[2026-04-28T22:42:41.453+0000] {logging_mixin.py:188} INFO - [2026-04-28T22:42:41.453+0000] {dagbag.py:540} INFO - Filling up the DagBag from /home/airflow/.local/lib/python3.12/site-packages/airflow/example_dags/plugins/workday.py
[2026-04-28T22:42:42.507+0000] {processor.py:842} WARNING - No viable dags retrieved from /home/airflow/.local/lib/python3.12/site-packages/airflow/example_dags/plugins/workday.py
[2026-04-28T22:42:42.518+0000] {processor.py:183} INFO - Processing /home/airflow/.local/lib/python3.12/site-packages/airflow/example_dags/plugins/workday.py took 1.082 seconds
[2026-04-28T22:43:13.172+0000] {processor.py:161} INFO - Started process (PID=2856) to work on /home/airflow/.local/lib/python3.12/site-packages/airflow/example_dags/plugins/workday.py
[2026-04-28T22:43:13.173+0000] {processor.py:830} INFO - Processing file /home/airflow/.local/lib/python3.12/site-packages/airflow/example_dags/plugins/workday.py for tasks to queue
[2026-04-28T22:43:13.175+0000] {logging_mixin.py:188} INFO - [2026-04-28T22:43:13.174+0000] {dagbag.py:540} INFO - Filling up the DagBag from /home/airflow/.local/lib/python3.12/site-packages/airflow/example_dags/plugins/workday.py
[2026-04-28T22:43:14.003+0000] {processor.py:842} WARNING - No viable dags retrieved from /home/airflow/.local/lib/python3.12/site-packages/airflow/example_dags/plugins/workday.py
[2026-04-28T22:43:14.060+0000] {processor.py:183} INFO - Processing /home/airflow/.local/lib/python3.12/site-packages/airflow/example_dags/plugins/workday.py took 0.897 seconds
[2026-04-28T22:43:44.327+0000] {processor.py:161} INFO - Started process (PID=2916) to work on /home/airflow/.local/lib/python3.12/site-packages/airflow/example_dags/plugins/workday.py
[2026-04-28T22:43:44.338+0000] {processor.py:830} INFO - Processing file /home/airflow/.local/lib/python3.12/site-packages/airflow/example_dags/plugins/workday.py for tasks to queue
[2026-04-28T22:43:44.344+0000] {logging_mixin.py:188} INFO - [2026-04-28T22:43:44.344+0000] {dagbag.py:540} INFO - Filling up the DagBag from /home/airflow/.local/lib/python3.12/site-packages/airflow/example_dags/plugins/workday.py
[2026-04-28T22:43:48.542+0000] {processor.py:842} WARNING - No viable dags retrieved from /home/airflow/.local/lib/python3.12/site-packages/airflow/example_dags/plugins/workday.py
[2026-04-28T22:43:48.580+0000] {processor.py:183} INFO - Processing /home/airflow/.local/lib/python3.12/site-packages/airflow/example_dags/plugins/workday.py took 4.269 seconds
[2026-04-28T22:44:19.363+0000] {processor.py:161} INFO - Started process (PID=2980) to work on /home/airflow/.local/lib/python3.12/site-packages/airflow/example_dags/plugins/workday.py
[2026-04-28T22:44:19.373+0000] {processor.py:830} INFO - Processing file /home/airflow/.local/lib/python3.12/site-packages/airflow/example_dags/plugins/workday.py for tasks to queue
[2026-04-28T22:44:19.379+0000] {logging_mixin.py:188} INFO - [2026-04-28T22:44:19.379+0000] {dagbag.py:540} INFO - Filling up the DagBag from /home/airflow/.local/lib/python3.12/site-packages/airflow/example_dags/plugins/workday.py
[2026-04-28T22:44:21.425+0000] {processor.py:842} WARNING - No viable dags retrieved from /home/airflow/.local/lib/python3.12/site-packages/airflow/example_dags/plugins/workday.py
[2026-04-28T22:44:21.443+0000] {processor.py:183} INFO - Processing /home/airflow/.local/lib/python3.12/site-packages/airflow/example_dags/plugins/workday.py took 2.092 seconds
[2026-04-28T22:44:51.734+0000] {processor.py:161} INFO - Started process (PID=3042) to work on /home/airflow/.local/lib/python3.12/site-packages/airflow/example_dags/plugins/workday.py
[2026-04-28T22:44:51.735+0000] {processor.py:830} INFO - Processing file /home/airflow/.local/lib/python3.12/site-packages/airflow/example_dags/plugins/workday.py for tasks to queue
[2026-04-28T22:44:51.737+0000] {logging_mixin.py:188} INFO - [2026-04-28T22:44:51.737+0000] {dagbag.py:540} INFO - Filling up the DagBag from /home/airflow/.local/lib/python3.12/site-packages/airflow/example_dags/plugins/workday.py
[2026-04-28T22:44:52.474+0000] {processor.py:842} WARNING - No viable dags retrieved from /home/airflow/.local/lib/python3.12/site-packages/airflow/example_dags/plugins/workday.py
[2026-04-28T22:44:52.492+0000] {processor.py:183} INFO - Processing /home/airflow/.local/lib/python3.12/site-packages/airflow/example_dags/plugins/workday.py took 0.765 seconds
[2026-04-28T22:45:23.257+0000] {processor.py:161} INFO - Started process (PID=3104) to work on /home/airflow/.local/lib/python3.12/site-packages/airflow/example_dags/plugins/workday.py
[2026-04-28T22:45:23.261+0000] {processor.py:830} INFO - Processing file /home/airflow/.local/lib/python3.12/site-packages/airflow/example_dags/plugins/workday.py for tasks to queue
[2026-04-28T22:45:23.262+0000] {logging_mixin.py:188} INFO - [2026-04-28T22:45:23.262+0000] {dagbag.py:540} INFO - Filling up the DagBag from /home/airflow/.local/lib/python3.12/site-packages/airflow/example_dags/plugins/workday.py
[2026-04-28T22:45:24.235+0000] {processor.py:842} WARNING - No viable dags retrieved from /home/airflow/.local/lib/python3.12/site-packages/airflow/example_dags/plugins/workday.py
[2026-04-28T22:45:24.252+0000] {processor.py:183} INFO - Processing /home/airflow/.local/lib/python3.12/site-packages/airflow/example_dags/plugins/workday.py took 1.000 seconds
[2026-04-28T22:45:57.772+0000] {processor.py:161} INFO - Started process (PID=3167) to work on /home/airflow/.local/lib/python3.12/site-packages/airflow/example_dags/plugins/workday.py
[2026-04-28T22:45:57.799+0000] {processor.py:830} INFO - Processing file /home/airflow/.local/lib/python3.12/site-packages/airflow/example_dags/plugins/workday.py for tasks to queue
[2026-04-28T22:45:57.817+0000] {logging_mixin.py:188} INFO - [2026-04-28T22:45:57.809+0000] {dagbag.py:540} INFO - Filling up the DagBag from /home/airflow/.local/lib/python3.12/site-packages/airflow/example_dags/plugins/workday.py
[2026-04-28T22:46:05.393+0000] {processor.py:842} WARNING - No viable dags retrieved from /home/airflow/.local/lib/python3.12/site-packages/airflow/example_dags/plugins/workday.py
[2026-04-28T22:46:05.547+0000] {processor.py:183} INFO - Processing /home/airflow/.local/lib/python3.12/site-packages/airflow/example_dags/plugins/workday.py took 7.827 seconds
[2026-04-28T22:46:36.441+0000] {processor.py:161} INFO - Started process (PID=3235) to work on /home/airflow/.local/lib/python3.12/site-packages/airflow/example_dags/plugins/workday.py
[2026-04-28T22:46:36.445+0000] {processor.py:830} INFO - Processing file /home/airflow/.local/lib/python3.12/site-packages/airflow/example_dags/plugins/workday.py for tasks to queue
[2026-04-28T22:46:36.447+0000] {logging_mixin.py:188} INFO - [2026-04-28T22:46:36.447+0000] {dagbag.py:540} INFO - Filling up the DagBag from /home/airflow/.local/lib/python3.12/site-packages/airflow/example_dags/plugins/workday.py
[2026-04-28T22:46:39.693+0000] {processor.py:842} WARNING - No viable dags retrieved from /home/airflow/.local/lib/python3.12/site-packages/airflow/example_dags/plugins/workday.py
[2026-04-28T22:46:39.715+0000] {processor.py:183} INFO - Processing /home/airflow/.local/lib/python3.12/site-packages/airflow/example_dags/plugins/workday.py took 3.327 seconds
[2026-04-28T22:47:10.373+0000] {processor.py:161} INFO - Started process (PID=3301) to work on /home/airflow/.local/lib/python3.12/site-packages/airflow/example_dags/plugins/workday.py
[2026-04-28T22:47:10.375+0000] {processor.py:830} INFO - Processing file /home/airflow/.local/lib/python3.12/site-packages/airflow/example_dags/plugins/workday.py for tasks to queue
[2026-04-28T22:47:10.377+0000] {logging_mixin.py:188} INFO - [2026-04-28T22:47:10.376+0000] {dagbag.py:540} INFO - Filling up the DagBag from /home/airflow/.local/lib/python3.12/site-packages/airflow/example_dags/plugins/workday.py
[2026-04-28T22:47:11.559+0000] {processor.py:842} WARNING - No viable dags retrieved from /home/airflow/.local/lib/python3.12/site-packages/airflow/example_dags/plugins/workday.py
[2026-04-28T22:47:11.573+0000] {processor.py:183} INFO - Processing /home/airflow/.local/lib/python3.12/site-packages/airflow/example_dags/plugins/workday.py took 1.205 seconds
[2026-04-28T22:47:42.656+0000] {processor.py:161} INFO - Started process (PID=3365) to work on /home/airflow/.local/lib/python3.12/site-packages/airflow/example_dags/plugins/workday.py
[2026-04-28T22:47:42.660+0000] {processor.py:830} INFO - Processing file /home/airflow/.local/lib/python3.12/site-packages/airflow/example_dags/plugins/workday.py for tasks to queue
[2026-04-28T22:47:42.662+0000] {logging_mixin.py:188} INFO - [2026-04-28T22:47:42.662+0000] {dagbag.py:540} INFO - Filling up the DagBag from /home/airflow/.local/lib/python3.12/site-packages/airflow/example_dags/plugins/workday.py
[2026-04-28T22:47:43.796+0000] {processor.py:842} WARNING - No viable dags retrieved from /home/airflow/.local/lib/python3.12/site-packages/airflow/example_dags/plugins/workday.py
[2026-04-28T22:47:43.818+0000] {processor.py:183} INFO - Processing /home/airflow/.local/lib/python3.12/site-packages/airflow/example_dags/plugins/workday.py took 1.170 seconds
[2026-04-28T22:48:14.971+0000] {processor.py:161} INFO - Started process (PID=3431) to work on /home/airflow/.local/lib/python3.12/site-packages/airflow/example_dags/plugins/workday.py
[2026-04-28T22:48:14.972+0000] {processor.py:830} INFO - Processing file /home/airflow/.local/lib/python3.12/site-packages/airflow/example_dags/plugins/workday.py for tasks to queue
[2026-04-28T22:48:14.975+0000] {logging_mixin.py:188} INFO - [2026-04-28T22:48:14.974+0000] {dagbag.py:540} INFO - Filling up the DagBag from /home/airflow/.local/lib/python3.12/site-packages/airflow/example_dags/plugins/workday.py
[2026-04-28T22:48:16.297+0000] {processor.py:842} WARNING - No viable dags retrieved from /home/airflow/.local/lib/python3.12/site-packages/airflow/example_dags/plugins/workday.py
[2026-04-28T22:48:16.317+0000] {processor.py:183} INFO - Processing /home/airflow/.local/lib/python3.12/site-packages/airflow/example_dags/plugins/workday.py took 1.353 seconds
[2026-04-28T22:48:46.739+0000] {processor.py:161} INFO - Started process (PID=3494) to work on /home/airflow/.local/lib/python3.12/site-packages/airflow/example_dags/plugins/workday.py
[2026-04-28T22:48:46.741+0000] {processor.py:830} INFO - Processing file /home/airflow/.local/lib/python3.12/site-packages/airflow/example_dags/plugins/workday.py for tasks to queue
[2026-04-28T22:48:46.743+0000] {logging_mixin.py:188} INFO - [2026-04-28T22:48:46.743+0000] {dagbag.py:540} INFO - Filling up the DagBag from /home/airflow/.local/lib/python3.12/site-packages/airflow/example_dags/plugins/workday.py
[2026-04-28T22:48:47.761+0000] {processor.py:842} WARNING - No viable dags retrieved from /home/airflow/.local/lib/python3.12/site-packages/airflow/example_dags/plugins/workday.py
[2026-04-28T22:48:47.816+0000] {processor.py:183} INFO - Processing /home/airflow/.local/lib/python3.12/site-packages/airflow/example_dags/plugins/workday.py took 1.082 seconds
[2026-04-28T22:49:18.497+0000] {processor.py:161} INFO - Started process (PID=3561) to work on /home/airflow/.local/lib/python3.12/site-packages/airflow/example_dags/plugins/workday.py
[2026-04-28T22:49:18.498+0000] {processor.py:830} INFO - Processing file /home/airflow/.local/lib/python3.12/site-packages/airflow/example_dags/plugins/workday.py for tasks to queue
[2026-04-28T22:49:18.506+0000] {logging_mixin.py:188} INFO - [2026-04-28T22:49:18.505+0000] {dagbag.py:540} INFO - Filling up the DagBag from /home/airflow/.local/lib/python3.12/site-packages/airflow/example_dags/plugins/workday.py
[2026-04-28T22:49:20.282+0000] {processor.py:842} WARNING - No viable dags retrieved from /home/airflow/.local/lib/python3.12/site-packages/airflow/example_dags/plugins/workday.py
[2026-04-28T22:49:20.298+0000] {processor.py:183} INFO - Processing /home/airflow/.local/lib/python3.12/site-packages/airflow/example_dags/plugins/workday.py took 1.809 seconds
[2026-04-28T22:49:50.837+0000] {processor.py:161} INFO - Started process (PID=3624) to work on /home/airflow/.local/lib/python3.12/site-packages/airflow/example_dags/plugins/workday.py
[2026-04-28T22:49:50.838+0000] {processor.py:830} INFO - Processing file /home/airflow/.local/lib/python3.12/site-packages/airflow/example_dags/plugins/workday.py for tasks to queue
[2026-04-28T22:49:50.840+0000] {logging_mixin.py:188} INFO - [2026-04-28T22:49:50.840+0000] {dagbag.py:540} INFO - Filling up the DagBag from /home/airflow/.local/lib/python3.12/site-packages/airflow/example_dags/plugins/workday.py
[2026-04-28T22:49:51.658+0000] {processor.py:842} WARNING - No viable dags retrieved from /home/airflow/.local/lib/python3.12/site-packages/airflow/example_dags/plugins/workday.py
[2026-04-28T22:49:51.674+0000] {processor.py:183} INFO - Processing /home/airflow/.local/lib/python3.12/site-packages/airflow/example_dags/plugins/workday.py took 0.844 seconds
[2026-04-28T22:50:21.711+0000] {processor.py:161} INFO - Started process (PID=3684) to work on /home/airflow/.local/lib/python3.12/site-packages/airflow/example_dags/plugins/workday.py
[2026-04-28T22:50:21.712+0000] {processor.py:830} INFO - Processing file /home/airflow/.local/lib/python3.12/site-packages/airflow/example_dags/plugins/workday.py for tasks to queue
[2026-04-28T22:50:21.714+0000] {logging_mixin.py:188} INFO - [2026-04-28T22:50:21.714+0000] {dagbag.py:540} INFO - Filling up the DagBag from /home/airflow/.local/lib/python3.12/site-packages/airflow/example_dags/plugins/workday.py
[2026-04-28T22:50:22.718+0000] {processor.py:842} WARNING - No viable dags retrieved from /home/airflow/.local/lib/python3.12/site-packages/airflow/example_dags/plugins/workday.py
[2026-04-28T22:50:22.732+0000] {processor.py:183} INFO - Processing /home/airflow/.local/lib/python3.12/site-packages/airflow/example_dags/plugins/workday.py took 1.027 seconds
[2026-04-28T22:50:52.818+0000] {processor.py:161} INFO - Started process (PID=3744) to work on /home/airflow/.local/lib/python3.12/site-packages/airflow/example_dags/plugins/workday.py
[2026-04-28T22:50:52.820+0000] {processor.py:830} INFO - Processing file /home/airflow/.local/lib/python3.12/site-packages/airflow/example_dags/plugins/workday.py for tasks to queue
[2026-04-28T22:50:52.822+0000] {logging_mixin.py:188} INFO - [2026-04-28T22:50:52.821+0000] {dagbag.py:540} INFO - Filling up the DagBag from /home/airflow/.local/lib/python3.12/site-packages/airflow/example_dags/plugins/workday.py
[2026-04-28T22:50:53.724+0000] {processor.py:842} WARNING - No viable dags retrieved from /home/airflow/.local/lib/python3.12/site-packages/airflow/example_dags/plugins/workday.py
[2026-04-28T22:50:53.740+0000] {processor.py:183} INFO - Processing /home/airflow/.local/lib/python3.12/site-packages/airflow/example_dags/plugins/workday.py took 0.928 seconds
[2026-04-28T22:51:24.358+0000] {processor.py:161} INFO - Started process (PID=3808) to work on /home/airflow/.local/lib/python3.12/site-packages/airflow/example_dags/plugins/workday.py
[2026-04-28T22:51:24.360+0000] {processor.py:830} INFO - Processing file /home/airflow/.local/lib/python3.12/site-packages/airflow/example_dags/plugins/workday.py for tasks to queue
[2026-04-28T22:51:24.362+0000] {logging_mixin.py:188} INFO - [2026-04-28T22:51:24.362+0000] {dagbag.py:540} INFO - Filling up the DagBag from /home/airflow/.local/lib/python3.12/site-packages/airflow/example_dags/plugins/workday.py
[2026-04-28T22:51:25.790+0000] {processor.py:842} WARNING - No viable dags retrieved from /home/airflow/.local/lib/python3.12/site-packages/airflow/example_dags/plugins/workday.py
[2026-04-28T22:51:25.802+0000] {processor.py:183} INFO - Processing /home/airflow/.local/lib/python3.12/site-packages/airflow/example_dags/plugins/workday.py took 1.448 seconds
[2026-04-28T22:51:56.420+0000] {processor.py:161} INFO - Started process (PID=3869) to work on /home/airflow/.local/lib/python3.12/site-packages/airflow/example_dags/plugins/workday.py
[2026-04-28T22:51:56.423+0000] {processor.py:830} INFO - Processing file /home/airflow/.local/lib/python3.12/site-packages/airflow/example_dags/plugins/workday.py for tasks to queue
[2026-04-28T22:51:56.425+0000] {logging_mixin.py:188} INFO - [2026-04-28T22:51:56.425+0000] {dagbag.py:540} INFO - Filling up the DagBag from /home/airflow/.local/lib/python3.12/site-packages/airflow/example_dags/plugins/workday.py
[2026-04-28T22:51:58.239+0000] {processor.py:842} WARNING - No viable dags retrieved from /home/airflow/.local/lib/python3.12/site-packages/airflow/example_dags/plugins/workday.py
[2026-04-28T22:51:58.261+0000] {processor.py:183} INFO - Processing /home/airflow/.local/lib/python3.12/site-packages/airflow/example_dags/plugins/workday.py took 1.850 seconds
[2026-04-28T22:52:30.385+0000] {processor.py:161} INFO - Started process (PID=3935) to work on /home/airflow/.local/lib/python3.12/site-packages/airflow/example_dags/plugins/workday.py
[2026-04-28T22:52:30.388+0000] {processor.py:830} INFO - Processing file /home/airflow/.local/lib/python3.12/site-packages/airflow/example_dags/plugins/workday.py for tasks to queue
[2026-04-28T22:52:30.391+0000] {logging_mixin.py:188} INFO - [2026-04-28T22:52:30.390+0000] {dagbag.py:540} INFO - Filling up the DagBag from /home/airflow/.local/lib/python3.12/site-packages/airflow/example_dags/plugins/workday.py
[2026-04-28T22:52:33.347+0000] {processor.py:842} WARNING - No viable dags retrieved from /home/airflow/.local/lib/python3.12/site-packages/airflow/example_dags/plugins/workday.py
[2026-04-28T22:52:33.387+0000] {processor.py:183} INFO - Processing /home/airflow/.local/lib/python3.12/site-packages/airflow/example_dags/plugins/workday.py took 3.018 seconds
[2026-04-28T22:53:03.492+0000] {processor.py:161} INFO - Started process (PID=3998) to work on /home/airflow/.local/lib/python3.12/site-packages/airflow/example_dags/plugins/workday.py
[2026-04-28T22:53:03.493+0000] {processor.py:830} INFO - Processing file /home/airflow/.local/lib/python3.12/site-packages/airflow/example_dags/plugins/workday.py for tasks to queue
[2026-04-28T22:53:03.494+0000] {logging_mixin.py:188} INFO - [2026-04-28T22:53:03.494+0000] {dagbag.py:540} INFO - Filling up the DagBag from /home/airflow/.local/lib/python3.12/site-packages/airflow/example_dags/plugins/workday.py
[2026-04-28T22:53:04.312+0000] {processor.py:842} WARNING - No viable dags retrieved from /home/airflow/.local/lib/python3.12/site-packages/airflow/example_dags/plugins/workday.py
[2026-04-28T22:53:04.326+0000] {processor.py:183} INFO - Processing /home/airflow/.local/lib/python3.12/site-packages/airflow/example_dags/plugins/workday.py took 0.839 seconds
[2026-04-28T22:53:34.931+0000] {processor.py:161} INFO - Started process (PID=4060) to work on /home/airflow/.local/lib/python3.12/site-packages/airflow/example_dags/plugins/workday.py
[2026-04-28T22:53:34.932+0000] {processor.py:830} INFO - Processing file /home/airflow/.local/lib/python3.12/site-packages/airflow/example_dags/plugins/workday.py for tasks to queue
[2026-04-28T22:53:34.934+0000] {logging_mixin.py:188} INFO - [2026-04-28T22:53:34.933+0000] {dagbag.py:540} INFO - Filling up the DagBag from /home/airflow/.local/lib/python3.12/site-packages/airflow/example_dags/plugins/workday.py
[2026-04-28T22:53:35.657+0000] {processor.py:842} WARNING - No viable dags retrieved from /home/airflow/.local/lib/python3.12/site-packages/airflow/example_dags/plugins/workday.py
[2026-04-28T22:53:35.685+0000] {processor.py:183} INFO - Processing /home/airflow/.local/lib/python3.12/site-packages/airflow/example_dags/plugins/workday.py took 0.760 seconds
[2026-04-28T22:54:06.604+0000] {processor.py:161} INFO - Started process (PID=4123) to work on /home/airflow/.local/lib/python3.12/site-packages/airflow/example_dags/plugins/workday.py
[2026-04-28T22:54:06.609+0000] {processor.py:830} INFO - Processing file /home/airflow/.local/lib/python3.12/site-packages/airflow/example_dags/plugins/workday.py for tasks to queue
[2026-04-28T22:54:06.611+0000] {logging_mixin.py:188} INFO - [2026-04-28T22:54:06.611+0000] {dagbag.py:540} INFO - Filling up the DagBag from /home/airflow/.local/lib/python3.12/site-packages/airflow/example_dags/plugins/workday.py
[2026-04-28T22:54:07.811+0000] {processor.py:842} WARNING - No viable dags retrieved from /home/airflow/.local/lib/python3.12/site-packages/airflow/example_dags/plugins/workday.py
[2026-04-28T22:54:07.824+0000] {processor.py:183} INFO - Processing /home/airflow/.local/lib/python3.12/site-packages/airflow/example_dags/plugins/workday.py took 1.230 seconds
[2026-04-28T22:54:37.870+0000] {processor.py:161} INFO - Started process (PID=4184) to work on /home/airflow/.local/lib/python3.12/site-packages/airflow/example_dags/plugins/workday.py
[2026-04-28T22:54:37.870+0000] {processor.py:830} INFO - Processing file /home/airflow/.local/lib/python3.12/site-packages/airflow/example_dags/plugins/workday.py for tasks to queue
[2026-04-28T22:54:37.872+0000] {logging_mixin.py:188} INFO - [2026-04-28T22:54:37.872+0000] {dagbag.py:540} INFO - Filling up the DagBag from /home/airflow/.local/lib/python3.12/site-packages/airflow/example_dags/plugins/workday.py
[2026-04-28T22:54:38.824+0000] {processor.py:842} WARNING - No viable dags retrieved from /home/airflow/.local/lib/python3.12/site-packages/airflow/example_dags/plugins/workday.py
[2026-04-28T22:54:38.845+0000] {processor.py:183} INFO - Processing /home/airflow/.local/lib/python3.12/site-packages/airflow/example_dags/plugins/workday.py took 0.980 seconds
[2026-04-28T22:55:09.028+0000] {processor.py:161} INFO - Started process (PID=4245) to work on /home/airflow/.local/lib/python3.12/site-packages/airflow/example_dags/plugins/workday.py
[2026-04-28T22:55:09.028+0000] {processor.py:830} INFO - Processing file /home/airflow/.local/lib/python3.12/site-packages/airflow/example_dags/plugins/workday.py for tasks to queue
[2026-04-28T22:55:09.033+0000] {logging_mixin.py:188} INFO - [2026-04-28T22:55:09.033+0000] {dagbag.py:540} INFO - Filling up the DagBag from /home/airflow/.local/lib/python3.12/site-packages/airflow/example_dags/plugins/workday.py
[2026-04-28T22:55:09.878+0000] {processor.py:842} WARNING - No viable dags retrieved from /home/airflow/.local/lib/python3.12/site-packages/airflow/example_dags/plugins/workday.py
[2026-04-28T22:55:09.887+0000] {processor.py:183} INFO - Processing /home/airflow/.local/lib/python3.12/site-packages/airflow/example_dags/plugins/workday.py took 0.868 seconds
[2026-04-28T22:55:39.986+0000] {processor.py:161} INFO - Started process (PID=4305) to work on /home/airflow/.local/lib/python3.12/site-packages/airflow/example_dags/plugins/workday.py
[2026-04-28T22:55:39.990+0000] {processor.py:830} INFO - Processing file /home/airflow/.local/lib/python3.12/site-packages/airflow/example_dags/plugins/workday.py for tasks to queue
[2026-04-28T22:55:39.992+0000] {logging_mixin.py:188} INFO - [2026-04-28T22:55:39.992+0000] {dagbag.py:540} INFO - Filling up the DagBag from /home/airflow/.local/lib/python3.12/site-packages/airflow/example_dags/plugins/workday.py
[2026-04-28T22:55:41.000+0000] {processor.py:842} WARNING - No viable dags retrieved from /home/airflow/.local/lib/python3.12/site-packages/airflow/example_dags/plugins/workday.py
[2026-04-28T22:55:41.010+0000] {processor.py:183} INFO - Processing /home/airflow/.local/lib/python3.12/site-packages/airflow/example_dags/plugins/workday.py took 1.031 seconds
[2026-04-28T22:56:11.141+0000] {processor.py:161} INFO - Started process (PID=4365) to work on /home/airflow/.local/lib/python3.12/site-packages/airflow/example_dags/plugins/workday.py
[2026-04-28T22:56:11.145+0000] {processor.py:830} INFO - Processing file /home/airflow/.local/lib/python3.12/site-packages/airflow/example_dags/plugins/workday.py for tasks to queue
[2026-04-28T22:56:11.150+0000] {logging_mixin.py:188} INFO - [2026-04-28T22:56:11.149+0000] {dagbag.py:540} INFO - Filling up the DagBag from /home/airflow/.local/lib/python3.12/site-packages/airflow/example_dags/plugins/workday.py
[2026-04-28T22:56:13.681+0000] {processor.py:842} WARNING - No viable dags retrieved from /home/airflow/.local/lib/python3.12/site-packages/airflow/example_dags/plugins/workday.py
[2026-04-28T22:56:13.735+0000] {processor.py:183} INFO - Processing /home/airflow/.local/lib/python3.12/site-packages/airflow/example_dags/plugins/workday.py took 2.619 seconds
[2026-04-28T22:56:44.267+0000] {processor.py:161} INFO - Started process (PID=4429) to work on /home/airflow/.local/lib/python3.12/site-packages/airflow/example_dags/plugins/workday.py
[2026-04-28T22:56:44.268+0000] {processor.py:830} INFO - Processing file /home/airflow/.local/lib/python3.12/site-packages/airflow/example_dags/plugins/workday.py for tasks to queue
[2026-04-28T22:56:44.270+0000] {logging_mixin.py:188} INFO - [2026-04-28T22:56:44.270+0000] {dagbag.py:540} INFO - Filling up the DagBag from /home/airflow/.local/lib/python3.12/site-packages/airflow/example_dags/plugins/workday.py
[2026-04-28T22:56:44.914+0000] {processor.py:842} WARNING - No viable dags retrieved from /home/airflow/.local/lib/python3.12/site-packages/airflow/example_dags/plugins/workday.py
[2026-04-28T22:56:44.924+0000] {processor.py:183} INFO - Processing /home/airflow/.local/lib/python3.12/site-packages/airflow/example_dags/plugins/workday.py took 0.665 seconds
[2026-04-28T22:57:15.586+0000] {processor.py:161} INFO - Started process (PID=4490) to work on /home/airflow/.local/lib/python3.12/site-packages/airflow/example_dags/plugins/workday.py
[2026-04-28T22:57:15.587+0000] {processor.py:830} INFO - Processing file /home/airflow/.local/lib/python3.12/site-packages/airflow/example_dags/plugins/workday.py for tasks to queue
[2026-04-28T22:57:15.589+0000] {logging_mixin.py:188} INFO - [2026-04-28T22:57:15.589+0000] {dagbag.py:540} INFO - Filling up the DagBag from /home/airflow/.local/lib/python3.12/site-packages/airflow/example_dags/plugins/workday.py
[2026-04-28T22:57:16.737+0000] {processor.py:842} WARNING - No viable dags retrieved from /home/airflow/.local/lib/python3.12/site-packages/airflow/example_dags/plugins/workday.py
[2026-04-28T22:57:16.748+0000] {processor.py:183} INFO - Processing /home/airflow/.local/lib/python3.12/site-packages/airflow/example_dags/plugins/workday.py took 1.168 seconds
[2026-04-28T22:57:46.936+0000] {processor.py:161} INFO - Started process (PID=4551) to work on /home/airflow/.local/lib/python3.12/site-packages/airflow/example_dags/plugins/workday.py
[2026-04-28T22:57:46.938+0000] {processor.py:830} INFO - Processing file /home/airflow/.local/lib/python3.12/site-packages/airflow/example_dags/plugins/workday.py for tasks to queue
[2026-04-28T22:57:46.940+0000] {logging_mixin.py:188} INFO - [2026-04-28T22:57:46.940+0000] {dagbag.py:540} INFO - Filling up the DagBag from /home/airflow/.local/lib/python3.12/site-packages/airflow/example_dags/plugins/workday.py
[2026-04-28T22:57:47.907+0000] {processor.py:842} WARNING - No viable dags retrieved from /home/airflow/.local/lib/python3.12/site-packages/airflow/example_dags/plugins/workday.py
[2026-04-28T22:57:47.917+0000] {processor.py:183} INFO - Processing /home/airflow/.local/lib/python3.12/site-packages/airflow/example_dags/plugins/workday.py took 0.988 seconds
[2026-04-28T22:58:18.713+0000] {processor.py:161} INFO - Started process (PID=4610) to work on /home/airflow/.local/lib/python3.12/site-packages/airflow/example_dags/plugins/workday.py
[2026-04-28T22:58:18.714+0000] {processor.py:830} INFO - Processing file /home/airflow/.local/lib/python3.12/site-packages/airflow/example_dags/plugins/workday.py for tasks to queue
[2026-04-28T22:58:18.717+0000] {logging_mixin.py:188} INFO - [2026-04-28T22:58:18.717+0000] {dagbag.py:540} INFO - Filling up the DagBag from /home/airflow/.local/lib/python3.12/site-packages/airflow/example_dags/plugins/workday.py
[2026-04-28T22:58:19.444+0000] {processor.py:842} WARNING - No viable dags retrieved from /home/airflow/.local/lib/python3.12/site-packages/airflow/example_dags/plugins/workday.py
[2026-04-28T22:58:19.456+0000] {processor.py:183} INFO - Processing /home/airflow/.local/lib/python3.12/site-packages/airflow/example_dags/plugins/workday.py took 0.749 seconds
[2026-04-28T22:58:50.187+0000] {processor.py:161} INFO - Started process (PID=4670) to work on /home/airflow/.local/lib/python3.12/site-packages/airflow/example_dags/plugins/workday.py
[2026-04-28T22:58:50.189+0000] {processor.py:830} INFO - Processing file /home/airflow/.local/lib/python3.12/site-packages/airflow/example_dags/plugins/workday.py for tasks to queue
[2026-04-28T22:58:50.191+0000] {logging_mixin.py:188} INFO - [2026-04-28T22:58:50.191+0000] {dagbag.py:540} INFO - Filling up the DagBag from /home/airflow/.local/lib/python3.12/site-packages/airflow/example_dags/plugins/workday.py
[2026-04-28T22:58:51.598+0000] {processor.py:842} WARNING - No viable dags retrieved from /home/airflow/.local/lib/python3.12/site-packages/airflow/example_dags/plugins/workday.py
[2026-04-28T22:58:51.609+0000] {processor.py:183} INFO - Processing /home/airflow/.local/lib/python3.12/site-packages/airflow/example_dags/plugins/workday.py took 1.428 seconds
[2026-04-28T22:59:21.845+0000] {processor.py:161} INFO - Started process (PID=4732) to work on /home/airflow/.local/lib/python3.12/site-packages/airflow/example_dags/plugins/workday.py
[2026-04-28T22:59:21.845+0000] {processor.py:830} INFO - Processing file /home/airflow/.local/lib/python3.12/site-packages/airflow/example_dags/plugins/workday.py for tasks to queue
[2026-04-28T22:59:21.849+0000] {logging_mixin.py:188} INFO - [2026-04-28T22:59:21.849+0000] {dagbag.py:540} INFO - Filling up the DagBag from /home/airflow/.local/lib/python3.12/site-packages/airflow/example_dags/plugins/workday.py
[2026-04-28T22:59:23.766+0000] {processor.py:842} WARNING - No viable dags retrieved from /home/airflow/.local/lib/python3.12/site-packages/airflow/example_dags/plugins/workday.py
[2026-04-28T22:59:23.789+0000] {processor.py:183} INFO - Processing /home/airflow/.local/lib/python3.12/site-packages/airflow/example_dags/plugins/workday.py took 1.957 seconds
[2026-04-28T22:59:54.689+0000] {processor.py:161} INFO - Started process (PID=4801) to work on /home/airflow/.local/lib/python3.12/site-packages/airflow/example_dags/plugins/workday.py
[2026-04-28T22:59:54.690+0000] {processor.py:830} INFO - Processing file /home/airflow/.local/lib/python3.12/site-packages/airflow/example_dags/plugins/workday.py for tasks to queue
[2026-04-28T22:59:54.692+0000] {logging_mixin.py:188} INFO - [2026-04-28T22:59:54.691+0000] {dagbag.py:540} INFO - Filling up the DagBag from /home/airflow/.local/lib/python3.12/site-packages/airflow/example_dags/plugins/workday.py
[2026-04-28T22:59:55.378+0000] {processor.py:842} WARNING - No viable dags retrieved from /home/airflow/.local/lib/python3.12/site-packages/airflow/example_dags/plugins/workday.py
[2026-04-28T22:59:55.450+0000] {processor.py:183} INFO - Processing /home/airflow/.local/lib/python3.12/site-packages/airflow/example_dags/plugins/workday.py took 0.769 seconds
[2026-04-28T23:00:25.977+0000] {processor.py:161} INFO - Started process (PID=4860) to work on /home/airflow/.local/lib/python3.12/site-packages/airflow/example_dags/plugins/workday.py
[2026-04-28T23:00:25.979+0000] {processor.py:830} INFO - Processing file /home/airflow/.local/lib/python3.12/site-packages/airflow/example_dags/plugins/workday.py for tasks to queue
[2026-04-28T23:00:25.980+0000] {logging_mixin.py:188} INFO - [2026-04-28T23:00:25.980+0000] {dagbag.py:540} INFO - Filling up the DagBag from /home/airflow/.local/lib/python3.12/site-packages/airflow/example_dags/plugins/workday.py
[2026-04-28T23:00:27.159+0000] {processor.py:842} WARNING - No viable dags retrieved from /home/airflow/.local/lib/python3.12/site-packages/airflow/example_dags/plugins/workday.py
[2026-04-28T23:00:27.182+0000] {processor.py:183} INFO - Processing /home/airflow/.local/lib/python3.12/site-packages/airflow/example_dags/plugins/workday.py took 1.210 seconds
[2026-04-28T23:00:57.409+0000] {processor.py:161} INFO - Started process (PID=4920) to work on /home/airflow/.local/lib/python3.12/site-packages/airflow/example_dags/plugins/workday.py
[2026-04-28T23:00:57.411+0000] {processor.py:830} INFO - Processing file /home/airflow/.local/lib/python3.12/site-packages/airflow/example_dags/plugins/workday.py for tasks to queue
[2026-04-28T23:00:57.413+0000] {logging_mixin.py:188} INFO - [2026-04-28T23:00:57.413+0000] {dagbag.py:540} INFO - Filling up the DagBag from /home/airflow/.local/lib/python3.12/site-packages/airflow/example_dags/plugins/workday.py
[2026-04-28T23:00:58.310+0000] {processor.py:842} WARNING - No viable dags retrieved from /home/airflow/.local/lib/python3.12/site-packages/airflow/example_dags/plugins/workday.py
[2026-04-28T23:00:58.320+0000] {processor.py:183} INFO - Processing /home/airflow/.local/lib/python3.12/site-packages/airflow/example_dags/plugins/workday.py took 0.918 seconds
[2026-04-28T23:01:28.874+0000] {processor.py:161} INFO - Started process (PID=4983) to work on /home/airflow/.local/lib/python3.12/site-packages/airflow/example_dags/plugins/workday.py
[2026-04-28T23:01:28.876+0000] {processor.py:830} INFO - Processing file /home/airflow/.local/lib/python3.12/site-packages/airflow/example_dags/plugins/workday.py for tasks to queue
[2026-04-28T23:01:28.878+0000] {logging_mixin.py:188} INFO - [2026-04-28T23:01:28.878+0000] {dagbag.py:540} INFO - Filling up the DagBag from /home/airflow/.local/lib/python3.12/site-packages/airflow/example_dags/plugins/workday.py
[2026-04-28T23:01:29.821+0000] {processor.py:842} WARNING - No viable dags retrieved from /home/airflow/.local/lib/python3.12/site-packages/airflow/example_dags/plugins/workday.py
[2026-04-28T23:01:29.834+0000] {processor.py:183} INFO - Processing /home/airflow/.local/lib/python3.12/site-packages/airflow/example_dags/plugins/workday.py took 0.967 seconds
[2026-04-28T23:01:59.981+0000] {processor.py:161} INFO - Started process (PID=5044) to work on /home/airflow/.local/lib/python3.12/site-packages/airflow/example_dags/plugins/workday.py
[2026-04-28T23:01:59.982+0000] {processor.py:830} INFO - Processing file /home/airflow/.local/lib/python3.12/site-packages/airflow/example_dags/plugins/workday.py for tasks to queue
[2026-04-28T23:01:59.988+0000] {logging_mixin.py:188} INFO - [2026-04-28T23:01:59.985+0000] {dagbag.py:540} INFO - Filling up the DagBag from /home/airflow/.local/lib/python3.12/site-packages/airflow/example_dags/plugins/workday.py
[2026-04-28T23:02:02.168+0000] {processor.py:842} WARNING - No viable dags retrieved from /home/airflow/.local/lib/python3.12/site-packages/airflow/example_dags/plugins/workday.py
[2026-04-28T23:02:02.197+0000] {processor.py:183} INFO - Processing /home/airflow/.local/lib/python3.12/site-packages/airflow/example_dags/plugins/workday.py took 2.224 seconds
[2026-04-28T23:02:32.360+0000] {processor.py:161} INFO - Started process (PID=5108) to work on /home/airflow/.local/lib/python3.12/site-packages/airflow/example_dags/plugins/workday.py
[2026-04-28T23:02:32.361+0000] {processor.py:830} INFO - Processing file /home/airflow/.local/lib/python3.12/site-packages/airflow/example_dags/plugins/workday.py for tasks to queue
[2026-04-28T23:02:32.364+0000] {logging_mixin.py:188} INFO - [2026-04-28T23:02:32.364+0000] {dagbag.py:540} INFO - Filling up the DagBag from /home/airflow/.local/lib/python3.12/site-packages/airflow/example_dags/plugins/workday.py
[2026-04-28T23:02:33.129+0000] {processor.py:842} WARNING - No viable dags retrieved from /home/airflow/.local/lib/python3.12/site-packages/airflow/example_dags/plugins/workday.py
[2026-04-28T23:02:33.140+0000] {processor.py:183} INFO - Processing /home/airflow/.local/lib/python3.12/site-packages/airflow/example_dags/plugins/workday.py took 0.787 seconds
[2026-04-28T23:03:03.624+0000] {processor.py:161} INFO - Started process (PID=5169) to work on /home/airflow/.local/lib/python3.12/site-packages/airflow/example_dags/plugins/workday.py
[2026-04-28T23:03:03.625+0000] {processor.py:830} INFO - Processing file /home/airflow/.local/lib/python3.12/site-packages/airflow/example_dags/plugins/workday.py for tasks to queue
[2026-04-28T23:03:03.628+0000] {logging_mixin.py:188} INFO - [2026-04-28T23:03:03.628+0000] {dagbag.py:540} INFO - Filling up the DagBag from /home/airflow/.local/lib/python3.12/site-packages/airflow/example_dags/plugins/workday.py
[2026-04-28T23:03:04.662+0000] {processor.py:842} WARNING - No viable dags retrieved from /home/airflow/.local/lib/python3.12/site-packages/airflow/example_dags/plugins/workday.py
[2026-04-28T23:03:04.674+0000] {processor.py:183} INFO - Processing /home/airflow/.local/lib/python3.12/site-packages/airflow/example_dags/plugins/workday.py took 1.058 seconds
[2026-04-28T23:03:35.189+0000] {processor.py:161} INFO - Started process (PID=5229) to work on /home/airflow/.local/lib/python3.12/site-packages/airflow/example_dags/plugins/workday.py
[2026-04-28T23:03:35.191+0000] {processor.py:830} INFO - Processing file /home/airflow/.local/lib/python3.12/site-packages/airflow/example_dags/plugins/workday.py for tasks to queue
[2026-04-28T23:03:35.192+0000] {logging_mixin.py:188} INFO - [2026-04-28T23:03:35.192+0000] {dagbag.py:540} INFO - Filling up the DagBag from /home/airflow/.local/lib/python3.12/site-packages/airflow/example_dags/plugins/workday.py
[2026-04-28T23:03:35.984+0000] {processor.py:842} WARNING - No viable dags retrieved from /home/airflow/.local/lib/python3.12/site-packages/airflow/example_dags/plugins/workday.py
[2026-04-28T23:03:35.995+0000] {processor.py:183} INFO - Processing /home/airflow/.local/lib/python3.12/site-packages/airflow/example_dags/plugins/workday.py took 0.811 seconds
[2026-04-28T23:04:06.538+0000] {processor.py:161} INFO - Started process (PID=5292) to work on /home/airflow/.local/lib/python3.12/site-packages/airflow/example_dags/plugins/workday.py
[2026-04-28T23:04:06.540+0000] {processor.py:830} INFO - Processing file /home/airflow/.local/lib/python3.12/site-packages/airflow/example_dags/plugins/workday.py for tasks to queue
[2026-04-28T23:04:06.542+0000] {logging_mixin.py:188} INFO - [2026-04-28T23:04:06.542+0000] {dagbag.py:540} INFO - Filling up the DagBag from /home/airflow/.local/lib/python3.12/site-packages/airflow/example_dags/plugins/workday.py
[2026-04-28T23:04:07.500+0000] {processor.py:842} WARNING - No viable dags retrieved from /home/airflow/.local/lib/python3.12/site-packages/airflow/example_dags/plugins/workday.py
[2026-04-28T23:04:07.510+0000] {processor.py:183} INFO - Processing /home/airflow/.local/lib/python3.12/site-packages/airflow/example_dags/plugins/workday.py took 0.979 seconds
[2026-04-28T23:04:38.336+0000] {processor.py:161} INFO - Started process (PID=5356) to work on /home/airflow/.local/lib/python3.12/site-packages/airflow/example_dags/plugins/workday.py
[2026-04-28T23:04:38.342+0000] {processor.py:830} INFO - Processing file /home/airflow/.local/lib/python3.12/site-packages/airflow/example_dags/plugins/workday.py for tasks to queue
[2026-04-28T23:04:38.346+0000] {logging_mixin.py:188} INFO - [2026-04-28T23:04:38.346+0000] {dagbag.py:540} INFO - Filling up the DagBag from /home/airflow/.local/lib/python3.12/site-packages/airflow/example_dags/plugins/workday.py
[2026-04-28T23:04:39.259+0000] {processor.py:842} WARNING - No viable dags retrieved from /home/airflow/.local/lib/python3.12/site-packages/airflow/example_dags/plugins/workday.py
[2026-04-28T23:04:39.288+0000] {processor.py:183} INFO - Processing /home/airflow/.local/lib/python3.12/site-packages/airflow/example_dags/plugins/workday.py took 0.965 seconds
[2026-04-28T23:05:09.938+0000] {processor.py:161} INFO - Started process (PID=5417) to work on /home/airflow/.local/lib/python3.12/site-packages/airflow/example_dags/plugins/workday.py
[2026-04-28T23:05:09.940+0000] {processor.py:830} INFO - Processing file /home/airflow/.local/lib/python3.12/site-packages/airflow/example_dags/plugins/workday.py for tasks to queue
[2026-04-28T23:05:09.943+0000] {logging_mixin.py:188} INFO - [2026-04-28T23:05:09.943+0000] {dagbag.py:540} INFO - Filling up the DagBag from /home/airflow/.local/lib/python3.12/site-packages/airflow/example_dags/plugins/workday.py
[2026-04-28T23:05:13.082+0000] {processor.py:842} WARNING - No viable dags retrieved from /home/airflow/.local/lib/python3.12/site-packages/airflow/example_dags/plugins/workday.py
[2026-04-28T23:05:13.106+0000] {processor.py:183} INFO - Processing /home/airflow/.local/lib/python3.12/site-packages/airflow/example_dags/plugins/workday.py took 3.202 seconds
[2026-04-28T23:05:43.405+0000] {processor.py:161} INFO - Started process (PID=5482) to work on /home/airflow/.local/lib/python3.12/site-packages/airflow/example_dags/plugins/workday.py
[2026-04-28T23:05:43.406+0000] {processor.py:830} INFO - Processing file /home/airflow/.local/lib/python3.12/site-packages/airflow/example_dags/plugins/workday.py for tasks to queue
[2026-04-28T23:05:43.408+0000] {logging_mixin.py:188} INFO - [2026-04-28T23:05:43.407+0000] {dagbag.py:540} INFO - Filling up the DagBag from /home/airflow/.local/lib/python3.12/site-packages/airflow/example_dags/plugins/workday.py
[2026-04-28T23:05:44.353+0000] {processor.py:842} WARNING - No viable dags retrieved from /home/airflow/.local/lib/python3.12/site-packages/airflow/example_dags/plugins/workday.py
[2026-04-28T23:05:44.366+0000] {processor.py:183} INFO - Processing /home/airflow/.local/lib/python3.12/site-packages/airflow/example_dags/plugins/workday.py took 0.966 seconds
[2026-04-28T23:06:14.609+0000] {processor.py:161} INFO - Started process (PID=5543) to work on /home/airflow/.local/lib/python3.12/site-packages/airflow/example_dags/plugins/workday.py
[2026-04-28T23:06:14.611+0000] {processor.py:830} INFO - Processing file /home/airflow/.local/lib/python3.12/site-packages/airflow/example_dags/plugins/workday.py for tasks to queue
[2026-04-28T23:06:14.613+0000] {logging_mixin.py:188} INFO - [2026-04-28T23:06:14.613+0000] {dagbag.py:540} INFO - Filling up the DagBag from /home/airflow/.local/lib/python3.12/site-packages/airflow/example_dags/plugins/workday.py
[2026-04-28T23:06:16.591+0000] {processor.py:842} WARNING - No viable dags retrieved from /home/airflow/.local/lib/python3.12/site-packages/airflow/example_dags/plugins/workday.py
[2026-04-28T23:06:16.605+0000] {processor.py:183} INFO - Processing /home/airflow/.local/lib/python3.12/site-packages/airflow/example_dags/plugins/workday.py took 2.002 seconds
[2026-04-28T23:06:47.535+0000] {processor.py:161} INFO - Started process (PID=5608) to work on /home/airflow/.local/lib/python3.12/site-packages/airflow/example_dags/plugins/workday.py
[2026-04-28T23:06:47.537+0000] {processor.py:830} INFO - Processing file /home/airflow/.local/lib/python3.12/site-packages/airflow/example_dags/plugins/workday.py for tasks to queue
[2026-04-28T23:06:47.539+0000] {logging_mixin.py:188} INFO - [2026-04-28T23:06:47.539+0000] {dagbag.py:540} INFO - Filling up the DagBag from /home/airflow/.local/lib/python3.12/site-packages/airflow/example_dags/plugins/workday.py
[2026-04-28T23:06:48.725+0000] {processor.py:842} WARNING - No viable dags retrieved from /home/airflow/.local/lib/python3.12/site-packages/airflow/example_dags/plugins/workday.py
[2026-04-28T23:06:48.738+0000] {processor.py:183} INFO - Processing /home/airflow/.local/lib/python3.12/site-packages/airflow/example_dags/plugins/workday.py took 1.211 seconds
[2026-04-28T23:07:19.553+0000] {processor.py:161} INFO - Started process (PID=5670) to work on /home/airflow/.local/lib/python3.12/site-packages/airflow/example_dags/plugins/workday.py
[2026-04-28T23:07:19.557+0000] {processor.py:830} INFO - Processing file /home/airflow/.local/lib/python3.12/site-packages/airflow/example_dags/plugins/workday.py for tasks to queue
[2026-04-28T23:07:19.560+0000] {logging_mixin.py:188} INFO - [2026-04-28T23:07:19.559+0000] {dagbag.py:540} INFO - Filling up the DagBag from /home/airflow/.local/lib/python3.12/site-packages/airflow/example_dags/plugins/workday.py
[2026-04-28T23:07:20.271+0000] {processor.py:842} WARNING - No viable dags retrieved from /home/airflow/.local/lib/python3.12/site-packages/airflow/example_dags/plugins/workday.py
[2026-04-28T23:07:20.281+0000] {processor.py:183} INFO - Processing /home/airflow/.local/lib/python3.12/site-packages/airflow/example_dags/plugins/workday.py took 0.740 seconds
[2026-04-28T23:07:50.614+0000] {processor.py:161} INFO - Started process (PID=5730) to work on /home/airflow/.local/lib/python3.12/site-packages/airflow/example_dags/plugins/workday.py
[2026-04-28T23:07:50.631+0000] {processor.py:830} INFO - Processing file /home/airflow/.local/lib/python3.12/site-packages/airflow/example_dags/plugins/workday.py for tasks to queue
[2026-04-28T23:07:50.651+0000] {logging_mixin.py:188} INFO - [2026-04-28T23:07:50.651+0000] {dagbag.py:540} INFO - Filling up the DagBag from /home/airflow/.local/lib/python3.12/site-packages/airflow/example_dags/plugins/workday.py
[2026-04-28T23:07:54.015+0000] {processor.py:842} WARNING - No viable dags retrieved from /home/airflow/.local/lib/python3.12/site-packages/airflow/example_dags/plugins/workday.py
[2026-04-28T23:07:54.042+0000] {processor.py:183} INFO - Processing /home/airflow/.local/lib/python3.12/site-packages/airflow/example_dags/plugins/workday.py took 3.616 seconds
[2026-04-28T23:08:24.336+0000] {processor.py:161} INFO - Started process (PID=5798) to work on /home/airflow/.local/lib/python3.12/site-packages/airflow/example_dags/plugins/workday.py
[2026-04-28T23:08:24.337+0000] {processor.py:830} INFO - Processing file /home/airflow/.local/lib/python3.12/site-packages/airflow/example_dags/plugins/workday.py for tasks to queue
[2026-04-28T23:08:24.340+0000] {logging_mixin.py:188} INFO - [2026-04-28T23:08:24.339+0000] {dagbag.py:540} INFO - Filling up the DagBag from /home/airflow/.local/lib/python3.12/site-packages/airflow/example_dags/plugins/workday.py
[2026-04-28T23:08:25.337+0000] {processor.py:842} WARNING - No viable dags retrieved from /home/airflow/.local/lib/python3.12/site-packages/airflow/example_dags/plugins/workday.py
[2026-04-28T23:08:25.348+0000] {processor.py:183} INFO - Processing /home/airflow/.local/lib/python3.12/site-packages/airflow/example_dags/plugins/workday.py took 1.019 seconds
[2026-04-28T23:08:55.922+0000] {processor.py:161} INFO - Started process (PID=5861) to work on /home/airflow/.local/lib/python3.12/site-packages/airflow/example_dags/plugins/workday.py
[2026-04-28T23:08:55.924+0000] {processor.py:830} INFO - Processing file /home/airflow/.local/lib/python3.12/site-packages/airflow/example_dags/plugins/workday.py for tasks to queue
[2026-04-28T23:08:55.925+0000] {logging_mixin.py:188} INFO - [2026-04-28T23:08:55.925+0000] {dagbag.py:540} INFO - Filling up the DagBag from /home/airflow/.local/lib/python3.12/site-packages/airflow/example_dags/plugins/workday.py
[2026-04-28T23:08:56.657+0000] {processor.py:842} WARNING - No viable dags retrieved from /home/airflow/.local/lib/python3.12/site-packages/airflow/example_dags/plugins/workday.py
[2026-04-28T23:08:56.667+0000] {processor.py:183} INFO - Processing /home/airflow/.local/lib/python3.12/site-packages/airflow/example_dags/plugins/workday.py took 0.751 seconds
[2026-04-28T23:09:27.539+0000] {processor.py:161} INFO - Started process (PID=5923) to work on /home/airflow/.local/lib/python3.12/site-packages/airflow/example_dags/plugins/workday.py
[2026-04-28T23:09:27.540+0000] {processor.py:830} INFO - Processing file /home/airflow/.local/lib/python3.12/site-packages/airflow/example_dags/plugins/workday.py for tasks to queue
[2026-04-28T23:09:27.542+0000] {logging_mixin.py:188} INFO - [2026-04-28T23:09:27.541+0000] {dagbag.py:540} INFO - Filling up the DagBag from /home/airflow/.local/lib/python3.12/site-packages/airflow/example_dags/plugins/workday.py
[2026-04-28T23:09:28.486+0000] {processor.py:842} WARNING - No viable dags retrieved from /home/airflow/.local/lib/python3.12/site-packages/airflow/example_dags/plugins/workday.py
[2026-04-28T23:09:28.498+0000] {processor.py:183} INFO - Processing /home/airflow/.local/lib/python3.12/site-packages/airflow/example_dags/plugins/workday.py took 0.967 seconds
[2026-04-28T23:09:59.430+0000] {processor.py:161} INFO - Started process (PID=5985) to work on /home/airflow/.local/lib/python3.12/site-packages/airflow/example_dags/plugins/workday.py
[2026-04-28T23:09:59.432+0000] {processor.py:830} INFO - Processing file /home/airflow/.local/lib/python3.12/site-packages/airflow/example_dags/plugins/workday.py for tasks to queue
[2026-04-28T23:09:59.434+0000] {logging_mixin.py:188} INFO - [2026-04-28T23:09:59.434+0000] {dagbag.py:540} INFO - Filling up the DagBag from /home/airflow/.local/lib/python3.12/site-packages/airflow/example_dags/plugins/workday.py
[2026-04-28T23:10:00.481+0000] {processor.py:842} WARNING - No viable dags retrieved from /home/airflow/.local/lib/python3.12/site-packages/airflow/example_dags/plugins/workday.py
[2026-04-28T23:10:00.500+0000] {processor.py:183} INFO - Processing /home/airflow/.local/lib/python3.12/site-packages/airflow/example_dags/plugins/workday.py took 1.083 seconds
[2026-04-28T23:10:30.603+0000] {processor.py:161} INFO - Started process (PID=6046) to work on /home/airflow/.local/lib/python3.12/site-packages/airflow/example_dags/plugins/workday.py
[2026-04-28T23:10:30.606+0000] {processor.py:830} INFO - Processing file /home/airflow/.local/lib/python3.12/site-packages/airflow/example_dags/plugins/workday.py for tasks to queue
[2026-04-28T23:10:30.609+0000] {logging_mixin.py:188} INFO - [2026-04-28T23:10:30.608+0000] {dagbag.py:540} INFO - Filling up the DagBag from /home/airflow/.local/lib/python3.12/site-packages/airflow/example_dags/plugins/workday.py
[2026-04-28T23:10:33.900+0000] {processor.py:842} WARNING - No viable dags retrieved from /home/airflow/.local/lib/python3.12/site-packages/airflow/example_dags/plugins/workday.py
[2026-04-28T23:10:34.191+0000] {processor.py:183} INFO - Processing /home/airflow/.local/lib/python3.12/site-packages/airflow/example_dags/plugins/workday.py took 3.603 seconds
[2026-04-28T23:11:04.892+0000] {processor.py:161} INFO - Started process (PID=6112) to work on /home/airflow/.local/lib/python3.12/site-packages/airflow/example_dags/plugins/workday.py
[2026-04-28T23:11:04.894+0000] {processor.py:830} INFO - Processing file /home/airflow/.local/lib/python3.12/site-packages/airflow/example_dags/plugins/workday.py for tasks to queue
[2026-04-28T23:11:04.897+0000] {logging_mixin.py:188} INFO - [2026-04-28T23:11:04.895+0000] {dagbag.py:540} INFO - Filling up the DagBag from /home/airflow/.local/lib/python3.12/site-packages/airflow/example_dags/plugins/workday.py
[2026-04-28T23:11:06.307+0000] {processor.py:842} WARNING - No viable dags retrieved from /home/airflow/.local/lib/python3.12/site-packages/airflow/example_dags/plugins/workday.py
[2026-04-28T23:11:06.335+0000] {processor.py:183} INFO - Processing /home/airflow/.local/lib/python3.12/site-packages/airflow/example_dags/plugins/workday.py took 1.461 seconds
