[2026-04-28T16:38:08.091+0000] {processor.py:161} INFO - Started process (PID=92) to work on /home/airflow/.local/lib/python3.12/site-packages/airflow/example_dags/example_sensors.py
[2026-04-28T16:38:08.093+0000] {processor.py:830} INFO - Processing file /home/airflow/.local/lib/python3.12/site-packages/airflow/example_dags/example_sensors.py for tasks to queue
[2026-04-28T16:38:08.097+0000] {logging_mixin.py:188} INFO - [2026-04-28T16:38:08.096+0000] {dagbag.py:540} INFO - Filling up the DagBag from /home/airflow/.local/lib/python3.12/site-packages/airflow/example_dags/example_sensors.py
[2026-04-28T16:38:08.124+0000] {processor.py:840} INFO - DAG(s) 'example_sensors' retrieved from /home/airflow/.local/lib/python3.12/site-packages/airflow/example_dags/example_sensors.py
[2026-04-28T16:38:08.722+0000] {logging_mixin.py:188} INFO - [2026-04-28T16:38:08.721+0000] {dag.py:3096} INFO - Sync 1 DAGs
[2026-04-28T16:38:08.737+0000] {logging_mixin.py:188} INFO - [2026-04-28T16:38:08.737+0000] {dag.py:3954} INFO - Setting next_dagrun for example_sensors to None, run_after=None
[2026-04-28T16:38:08.788+0000] {processor.py:183} INFO - Processing /home/airflow/.local/lib/python3.12/site-packages/airflow/example_dags/example_sensors.py took 0.713 seconds
[2026-04-28T16:42:52.955+0000] {processor.py:161} INFO - Started process (PID=90) to work on /home/airflow/.local/lib/python3.12/site-packages/airflow/example_dags/example_sensors.py
[2026-04-28T16:42:52.960+0000] {processor.py:830} INFO - Processing file /home/airflow/.local/lib/python3.12/site-packages/airflow/example_dags/example_sensors.py for tasks to queue
[2026-04-28T16:42:52.967+0000] {logging_mixin.py:188} INFO - [2026-04-28T16:42:52.966+0000] {dagbag.py:540} INFO - Filling up the DagBag from /home/airflow/.local/lib/python3.12/site-packages/airflow/example_dags/example_sensors.py
[2026-04-28T16:42:53.005+0000] {processor.py:840} INFO - DAG(s) 'example_sensors' retrieved from /home/airflow/.local/lib/python3.12/site-packages/airflow/example_dags/example_sensors.py
[2026-04-28T16:42:53.639+0000] {logging_mixin.py:188} INFO - [2026-04-28T16:42:53.639+0000] {dag.py:3096} INFO - Sync 1 DAGs
[2026-04-28T16:42:53.677+0000] {logging_mixin.py:188} INFO - [2026-04-28T16:42:53.676+0000] {dag.py:3954} INFO - Setting next_dagrun for example_sensors to None, run_after=None
[2026-04-28T16:42:53.736+0000] {processor.py:183} INFO - Processing /home/airflow/.local/lib/python3.12/site-packages/airflow/example_dags/example_sensors.py took 0.813 seconds
[2026-04-28T16:43:24.487+0000] {processor.py:161} INFO - Started process (PID=151) to work on /home/airflow/.local/lib/python3.12/site-packages/airflow/example_dags/example_sensors.py
[2026-04-28T16:43:24.492+0000] {processor.py:830} INFO - Processing file /home/airflow/.local/lib/python3.12/site-packages/airflow/example_dags/example_sensors.py for tasks to queue
[2026-04-28T16:43:24.496+0000] {logging_mixin.py:188} INFO - [2026-04-28T16:43:24.496+0000] {dagbag.py:540} INFO - Filling up the DagBag from /home/airflow/.local/lib/python3.12/site-packages/airflow/example_dags/example_sensors.py
[2026-04-28T16:43:24.521+0000] {processor.py:840} INFO - DAG(s) 'example_sensors' retrieved from /home/airflow/.local/lib/python3.12/site-packages/airflow/example_dags/example_sensors.py
[2026-04-28T16:43:24.581+0000] {logging_mixin.py:188} INFO - [2026-04-28T16:43:24.580+0000] {dag.py:3096} INFO - Sync 1 DAGs
[2026-04-28T16:43:24.603+0000] {logging_mixin.py:188} INFO - [2026-04-28T16:43:24.603+0000] {dag.py:3954} INFO - Setting next_dagrun for example_sensors to None, run_after=None
[2026-04-28T16:43:24.633+0000] {processor.py:183} INFO - Processing /home/airflow/.local/lib/python3.12/site-packages/airflow/example_dags/example_sensors.py took 0.158 seconds
[2026-04-28T16:43:55.579+0000] {processor.py:161} INFO - Started process (PID=211) to work on /home/airflow/.local/lib/python3.12/site-packages/airflow/example_dags/example_sensors.py
[2026-04-28T16:43:55.584+0000] {processor.py:830} INFO - Processing file /home/airflow/.local/lib/python3.12/site-packages/airflow/example_dags/example_sensors.py for tasks to queue
[2026-04-28T16:43:55.590+0000] {logging_mixin.py:188} INFO - [2026-04-28T16:43:55.589+0000] {dagbag.py:540} INFO - Filling up the DagBag from /home/airflow/.local/lib/python3.12/site-packages/airflow/example_dags/example_sensors.py
[2026-04-28T16:43:55.641+0000] {processor.py:840} INFO - DAG(s) 'example_sensors' retrieved from /home/airflow/.local/lib/python3.12/site-packages/airflow/example_dags/example_sensors.py
[2026-04-28T16:43:55.748+0000] {logging_mixin.py:188} INFO - [2026-04-28T16:43:55.747+0000] {dag.py:3096} INFO - Sync 1 DAGs
[2026-04-28T16:43:55.825+0000] {logging_mixin.py:188} INFO - [2026-04-28T16:43:55.825+0000] {dag.py:3954} INFO - Setting next_dagrun for example_sensors to None, run_after=None
[2026-04-28T16:43:55.912+0000] {processor.py:183} INFO - Processing /home/airflow/.local/lib/python3.12/site-packages/airflow/example_dags/example_sensors.py took 0.347 seconds
[2026-04-28T16:44:26.424+0000] {processor.py:161} INFO - Started process (PID=271) to work on /home/airflow/.local/lib/python3.12/site-packages/airflow/example_dags/example_sensors.py
[2026-04-28T16:44:26.425+0000] {processor.py:830} INFO - Processing file /home/airflow/.local/lib/python3.12/site-packages/airflow/example_dags/example_sensors.py for tasks to queue
[2026-04-28T16:44:26.427+0000] {logging_mixin.py:188} INFO - [2026-04-28T16:44:26.427+0000] {dagbag.py:540} INFO - Filling up the DagBag from /home/airflow/.local/lib/python3.12/site-packages/airflow/example_dags/example_sensors.py
[2026-04-28T16:44:26.438+0000] {processor.py:840} INFO - DAG(s) 'example_sensors' retrieved from /home/airflow/.local/lib/python3.12/site-packages/airflow/example_dags/example_sensors.py
[2026-04-28T16:44:26.482+0000] {logging_mixin.py:188} INFO - [2026-04-28T16:44:26.482+0000] {dag.py:3096} INFO - Sync 1 DAGs
[2026-04-28T16:44:26.498+0000] {logging_mixin.py:188} INFO - [2026-04-28T16:44:26.498+0000] {dag.py:3954} INFO - Setting next_dagrun for example_sensors to None, run_after=None
[2026-04-28T16:44:26.517+0000] {processor.py:183} INFO - Processing /home/airflow/.local/lib/python3.12/site-packages/airflow/example_dags/example_sensors.py took 0.100 seconds
[2026-04-28T16:44:56.793+0000] {processor.py:161} INFO - Started process (PID=332) to work on /home/airflow/.local/lib/python3.12/site-packages/airflow/example_dags/example_sensors.py
[2026-04-28T16:44:56.794+0000] {processor.py:830} INFO - Processing file /home/airflow/.local/lib/python3.12/site-packages/airflow/example_dags/example_sensors.py for tasks to queue
[2026-04-28T16:44:56.798+0000] {logging_mixin.py:188} INFO - [2026-04-28T16:44:56.796+0000] {dagbag.py:540} INFO - Filling up the DagBag from /home/airflow/.local/lib/python3.12/site-packages/airflow/example_dags/example_sensors.py
[2026-04-28T16:44:56.809+0000] {processor.py:840} INFO - DAG(s) 'example_sensors' retrieved from /home/airflow/.local/lib/python3.12/site-packages/airflow/example_dags/example_sensors.py
[2026-04-28T16:44:56.842+0000] {logging_mixin.py:188} INFO - [2026-04-28T16:44:56.842+0000] {dag.py:3096} INFO - Sync 1 DAGs
[2026-04-28T16:44:56.857+0000] {logging_mixin.py:188} INFO - [2026-04-28T16:44:56.857+0000] {dag.py:3954} INFO - Setting next_dagrun for example_sensors to None, run_after=None
[2026-04-28T16:44:56.877+0000] {processor.py:183} INFO - Processing /home/airflow/.local/lib/python3.12/site-packages/airflow/example_dags/example_sensors.py took 0.090 seconds
[2026-04-28T16:45:26.982+0000] {processor.py:161} INFO - Started process (PID=392) to work on /home/airflow/.local/lib/python3.12/site-packages/airflow/example_dags/example_sensors.py
[2026-04-28T16:45:26.984+0000] {processor.py:830} INFO - Processing file /home/airflow/.local/lib/python3.12/site-packages/airflow/example_dags/example_sensors.py for tasks to queue
[2026-04-28T16:45:26.988+0000] {logging_mixin.py:188} INFO - [2026-04-28T16:45:26.987+0000] {dagbag.py:540} INFO - Filling up the DagBag from /home/airflow/.local/lib/python3.12/site-packages/airflow/example_dags/example_sensors.py
[2026-04-28T16:45:26.998+0000] {processor.py:840} INFO - DAG(s) 'example_sensors' retrieved from /home/airflow/.local/lib/python3.12/site-packages/airflow/example_dags/example_sensors.py
[2026-04-28T16:45:27.031+0000] {logging_mixin.py:188} INFO - [2026-04-28T16:45:27.031+0000] {dag.py:3096} INFO - Sync 1 DAGs
[2026-04-28T16:45:27.048+0000] {logging_mixin.py:188} INFO - [2026-04-28T16:45:27.047+0000] {dag.py:3954} INFO - Setting next_dagrun for example_sensors to None, run_after=None
[2026-04-28T16:45:27.075+0000] {processor.py:183} INFO - Processing /home/airflow/.local/lib/python3.12/site-packages/airflow/example_dags/example_sensors.py took 0.100 seconds
[2026-04-28T16:45:57.354+0000] {processor.py:161} INFO - Started process (PID=452) to work on /home/airflow/.local/lib/python3.12/site-packages/airflow/example_dags/example_sensors.py
[2026-04-28T16:45:57.354+0000] {processor.py:830} INFO - Processing file /home/airflow/.local/lib/python3.12/site-packages/airflow/example_dags/example_sensors.py for tasks to queue
[2026-04-28T16:45:57.356+0000] {logging_mixin.py:188} INFO - [2026-04-28T16:45:57.356+0000] {dagbag.py:540} INFO - Filling up the DagBag from /home/airflow/.local/lib/python3.12/site-packages/airflow/example_dags/example_sensors.py
[2026-04-28T16:45:57.370+0000] {processor.py:840} INFO - DAG(s) 'example_sensors' retrieved from /home/airflow/.local/lib/python3.12/site-packages/airflow/example_dags/example_sensors.py
[2026-04-28T16:45:57.409+0000] {logging_mixin.py:188} INFO - [2026-04-28T16:45:57.409+0000] {dag.py:3096} INFO - Sync 1 DAGs
[2026-04-28T16:45:57.425+0000] {logging_mixin.py:188} INFO - [2026-04-28T16:45:57.424+0000] {dag.py:3954} INFO - Setting next_dagrun for example_sensors to None, run_after=None
[2026-04-28T16:45:57.446+0000] {processor.py:183} INFO - Processing /home/airflow/.local/lib/python3.12/site-packages/airflow/example_dags/example_sensors.py took 0.099 seconds
[2026-04-28T16:46:28.399+0000] {processor.py:161} INFO - Started process (PID=512) to work on /home/airflow/.local/lib/python3.12/site-packages/airflow/example_dags/example_sensors.py
[2026-04-28T16:46:28.400+0000] {processor.py:830} INFO - Processing file /home/airflow/.local/lib/python3.12/site-packages/airflow/example_dags/example_sensors.py for tasks to queue
[2026-04-28T16:46:28.402+0000] {logging_mixin.py:188} INFO - [2026-04-28T16:46:28.402+0000] {dagbag.py:540} INFO - Filling up the DagBag from /home/airflow/.local/lib/python3.12/site-packages/airflow/example_dags/example_sensors.py
[2026-04-28T16:46:28.414+0000] {processor.py:840} INFO - DAG(s) 'example_sensors' retrieved from /home/airflow/.local/lib/python3.12/site-packages/airflow/example_dags/example_sensors.py
[2026-04-28T16:46:28.455+0000] {logging_mixin.py:188} INFO - [2026-04-28T16:46:28.455+0000] {dag.py:3096} INFO - Sync 1 DAGs
[2026-04-28T16:46:28.502+0000] {logging_mixin.py:188} INFO - [2026-04-28T16:46:28.500+0000] {dag.py:3954} INFO - Setting next_dagrun for example_sensors to None, run_after=None
[2026-04-28T16:46:28.546+0000] {processor.py:183} INFO - Processing /home/airflow/.local/lib/python3.12/site-packages/airflow/example_dags/example_sensors.py took 0.153 seconds
[2026-04-28T16:46:59.043+0000] {processor.py:161} INFO - Started process (PID=571) to work on /home/airflow/.local/lib/python3.12/site-packages/airflow/example_dags/example_sensors.py
[2026-04-28T16:46:59.044+0000] {processor.py:830} INFO - Processing file /home/airflow/.local/lib/python3.12/site-packages/airflow/example_dags/example_sensors.py for tasks to queue
[2026-04-28T16:46:59.045+0000] {logging_mixin.py:188} INFO - [2026-04-28T16:46:59.045+0000] {dagbag.py:540} INFO - Filling up the DagBag from /home/airflow/.local/lib/python3.12/site-packages/airflow/example_dags/example_sensors.py
[2026-04-28T16:46:59.066+0000] {processor.py:840} INFO - DAG(s) 'example_sensors' retrieved from /home/airflow/.local/lib/python3.12/site-packages/airflow/example_dags/example_sensors.py
[2026-04-28T16:46:59.123+0000] {logging_mixin.py:188} INFO - [2026-04-28T16:46:59.123+0000] {dag.py:3096} INFO - Sync 1 DAGs
[2026-04-28T16:46:59.146+0000] {logging_mixin.py:188} INFO - [2026-04-28T16:46:59.145+0000] {dag.py:3954} INFO - Setting next_dagrun for example_sensors to None, run_after=None
[2026-04-28T16:46:59.179+0000] {processor.py:183} INFO - Processing /home/airflow/.local/lib/python3.12/site-packages/airflow/example_dags/example_sensors.py took 0.143 seconds
[2026-04-28T16:47:29.485+0000] {processor.py:161} INFO - Started process (PID=631) to work on /home/airflow/.local/lib/python3.12/site-packages/airflow/example_dags/example_sensors.py
[2026-04-28T16:47:29.490+0000] {processor.py:830} INFO - Processing file /home/airflow/.local/lib/python3.12/site-packages/airflow/example_dags/example_sensors.py for tasks to queue
[2026-04-28T16:47:29.497+0000] {logging_mixin.py:188} INFO - [2026-04-28T16:47:29.496+0000] {dagbag.py:540} INFO - Filling up the DagBag from /home/airflow/.local/lib/python3.12/site-packages/airflow/example_dags/example_sensors.py
[2026-04-28T16:47:29.526+0000] {processor.py:840} INFO - DAG(s) 'example_sensors' retrieved from /home/airflow/.local/lib/python3.12/site-packages/airflow/example_dags/example_sensors.py
[2026-04-28T16:47:29.599+0000] {logging_mixin.py:188} INFO - [2026-04-28T16:47:29.599+0000] {dag.py:3096} INFO - Sync 1 DAGs
[2026-04-28T16:47:29.618+0000] {logging_mixin.py:188} INFO - [2026-04-28T16:47:29.617+0000] {dag.py:3954} INFO - Setting next_dagrun for example_sensors to None, run_after=None
[2026-04-28T16:47:29.639+0000] {processor.py:183} INFO - Processing /home/airflow/.local/lib/python3.12/site-packages/airflow/example_dags/example_sensors.py took 0.181 seconds
[2026-04-28T16:48:00.603+0000] {processor.py:161} INFO - Started process (PID=691) to work on /home/airflow/.local/lib/python3.12/site-packages/airflow/example_dags/example_sensors.py
[2026-04-28T16:48:00.604+0000] {processor.py:830} INFO - Processing file /home/airflow/.local/lib/python3.12/site-packages/airflow/example_dags/example_sensors.py for tasks to queue
[2026-04-28T16:48:00.605+0000] {logging_mixin.py:188} INFO - [2026-04-28T16:48:00.605+0000] {dagbag.py:540} INFO - Filling up the DagBag from /home/airflow/.local/lib/python3.12/site-packages/airflow/example_dags/example_sensors.py
[2026-04-28T16:48:00.616+0000] {processor.py:840} INFO - DAG(s) 'example_sensors' retrieved from /home/airflow/.local/lib/python3.12/site-packages/airflow/example_dags/example_sensors.py
[2026-04-28T16:48:00.647+0000] {logging_mixin.py:188} INFO - [2026-04-28T16:48:00.647+0000] {dag.py:3096} INFO - Sync 1 DAGs
[2026-04-28T16:48:00.662+0000] {logging_mixin.py:188} INFO - [2026-04-28T16:48:00.662+0000] {dag.py:3954} INFO - Setting next_dagrun for example_sensors to None, run_after=None
[2026-04-28T16:48:00.682+0000] {processor.py:183} INFO - Processing /home/airflow/.local/lib/python3.12/site-packages/airflow/example_dags/example_sensors.py took 0.085 seconds
[2026-04-28T16:48:31.199+0000] {processor.py:161} INFO - Started process (PID=751) to work on /home/airflow/.local/lib/python3.12/site-packages/airflow/example_dags/example_sensors.py
[2026-04-28T16:48:31.203+0000] {processor.py:830} INFO - Processing file /home/airflow/.local/lib/python3.12/site-packages/airflow/example_dags/example_sensors.py for tasks to queue
[2026-04-28T16:48:31.210+0000] {logging_mixin.py:188} INFO - [2026-04-28T16:48:31.210+0000] {dagbag.py:540} INFO - Filling up the DagBag from /home/airflow/.local/lib/python3.12/site-packages/airflow/example_dags/example_sensors.py
[2026-04-28T16:48:31.279+0000] {processor.py:840} INFO - DAG(s) 'example_sensors' retrieved from /home/airflow/.local/lib/python3.12/site-packages/airflow/example_dags/example_sensors.py
[2026-04-28T16:48:31.408+0000] {logging_mixin.py:188} INFO - [2026-04-28T16:48:31.407+0000] {dag.py:3096} INFO - Sync 1 DAGs
[2026-04-28T16:48:31.424+0000] {logging_mixin.py:188} INFO - [2026-04-28T16:48:31.424+0000] {dag.py:3954} INFO - Setting next_dagrun for example_sensors to None, run_after=None
[2026-04-28T16:48:31.446+0000] {processor.py:183} INFO - Processing /home/airflow/.local/lib/python3.12/site-packages/airflow/example_dags/example_sensors.py took 0.268 seconds
[2026-04-28T17:25:27.986+0000] {processor.py:161} INFO - Started process (PID=84) to work on /home/airflow/.local/lib/python3.12/site-packages/airflow/example_dags/example_sensors.py
[2026-04-28T17:25:28.022+0000] {processor.py:830} INFO - Processing file /home/airflow/.local/lib/python3.12/site-packages/airflow/example_dags/example_sensors.py for tasks to queue
[2026-04-28T17:25:28.031+0000] {logging_mixin.py:188} INFO - [2026-04-28T17:25:28.030+0000] {dagbag.py:540} INFO - Filling up the DagBag from /home/airflow/.local/lib/python3.12/site-packages/airflow/example_dags/example_sensors.py
[2026-04-28T17:25:28.086+0000] {processor.py:840} INFO - DAG(s) 'example_sensors' retrieved from /home/airflow/.local/lib/python3.12/site-packages/airflow/example_dags/example_sensors.py
[2026-04-28T17:25:28.196+0000] {logging_mixin.py:188} INFO - [2026-04-28T17:25:28.196+0000] {dag.py:3096} INFO - Sync 1 DAGs
[2026-04-28T17:25:28.246+0000] {logging_mixin.py:188} INFO - [2026-04-28T17:25:28.246+0000] {dag.py:3954} INFO - Setting next_dagrun for example_sensors to None, run_after=None
[2026-04-28T17:25:28.286+0000] {processor.py:183} INFO - Processing /home/airflow/.local/lib/python3.12/site-packages/airflow/example_dags/example_sensors.py took 0.319 seconds
[2026-04-28T17:25:59.098+0000] {processor.py:161} INFO - Started process (PID=144) to work on /home/airflow/.local/lib/python3.12/site-packages/airflow/example_dags/example_sensors.py
[2026-04-28T17:25:59.099+0000] {processor.py:830} INFO - Processing file /home/airflow/.local/lib/python3.12/site-packages/airflow/example_dags/example_sensors.py for tasks to queue
[2026-04-28T17:25:59.101+0000] {logging_mixin.py:188} INFO - [2026-04-28T17:25:59.101+0000] {dagbag.py:540} INFO - Filling up the DagBag from /home/airflow/.local/lib/python3.12/site-packages/airflow/example_dags/example_sensors.py
[2026-04-28T17:25:59.114+0000] {processor.py:840} INFO - DAG(s) 'example_sensors' retrieved from /home/airflow/.local/lib/python3.12/site-packages/airflow/example_dags/example_sensors.py
[2026-04-28T17:25:59.146+0000] {logging_mixin.py:188} INFO - [2026-04-28T17:25:59.146+0000] {dag.py:3096} INFO - Sync 1 DAGs
[2026-04-28T17:25:59.163+0000] {logging_mixin.py:188} INFO - [2026-04-28T17:25:59.163+0000] {dag.py:3954} INFO - Setting next_dagrun for example_sensors to None, run_after=None
[2026-04-28T17:25:59.185+0000] {processor.py:183} INFO - Processing /home/airflow/.local/lib/python3.12/site-packages/airflow/example_dags/example_sensors.py took 0.094 seconds
[2026-04-28T17:26:30.262+0000] {processor.py:161} INFO - Started process (PID=204) to work on /home/airflow/.local/lib/python3.12/site-packages/airflow/example_dags/example_sensors.py
[2026-04-28T17:26:30.265+0000] {processor.py:830} INFO - Processing file /home/airflow/.local/lib/python3.12/site-packages/airflow/example_dags/example_sensors.py for tasks to queue
[2026-04-28T17:26:30.269+0000] {logging_mixin.py:188} INFO - [2026-04-28T17:26:30.269+0000] {dagbag.py:540} INFO - Filling up the DagBag from /home/airflow/.local/lib/python3.12/site-packages/airflow/example_dags/example_sensors.py
[2026-04-28T17:26:30.293+0000] {processor.py:840} INFO - DAG(s) 'example_sensors' retrieved from /home/airflow/.local/lib/python3.12/site-packages/airflow/example_dags/example_sensors.py
[2026-04-28T17:26:30.365+0000] {logging_mixin.py:188} INFO - [2026-04-28T17:26:30.364+0000] {dag.py:3096} INFO - Sync 1 DAGs
[2026-04-28T17:26:30.398+0000] {logging_mixin.py:188} INFO - [2026-04-28T17:26:30.398+0000] {dag.py:3954} INFO - Setting next_dagrun for example_sensors to None, run_after=None
[2026-04-28T17:26:30.466+0000] {processor.py:183} INFO - Processing /home/airflow/.local/lib/python3.12/site-packages/airflow/example_dags/example_sensors.py took 0.219 seconds
[2026-04-28T17:27:00.580+0000] {processor.py:161} INFO - Started process (PID=264) to work on /home/airflow/.local/lib/python3.12/site-packages/airflow/example_dags/example_sensors.py
[2026-04-28T17:27:00.581+0000] {processor.py:830} INFO - Processing file /home/airflow/.local/lib/python3.12/site-packages/airflow/example_dags/example_sensors.py for tasks to queue
[2026-04-28T17:27:00.582+0000] {logging_mixin.py:188} INFO - [2026-04-28T17:27:00.582+0000] {dagbag.py:540} INFO - Filling up the DagBag from /home/airflow/.local/lib/python3.12/site-packages/airflow/example_dags/example_sensors.py
[2026-04-28T17:27:00.590+0000] {processor.py:840} INFO - DAG(s) 'example_sensors' retrieved from /home/airflow/.local/lib/python3.12/site-packages/airflow/example_dags/example_sensors.py
[2026-04-28T17:27:00.623+0000] {logging_mixin.py:188} INFO - [2026-04-28T17:27:00.623+0000] {dag.py:3096} INFO - Sync 1 DAGs
[2026-04-28T17:27:00.649+0000] {logging_mixin.py:188} INFO - [2026-04-28T17:27:00.649+0000] {dag.py:3954} INFO - Setting next_dagrun for example_sensors to None, run_after=None
[2026-04-28T17:27:00.676+0000] {processor.py:183} INFO - Processing /home/airflow/.local/lib/python3.12/site-packages/airflow/example_dags/example_sensors.py took 0.100 seconds
[2026-04-28T17:27:31.242+0000] {processor.py:161} INFO - Started process (PID=323) to work on /home/airflow/.local/lib/python3.12/site-packages/airflow/example_dags/example_sensors.py
[2026-04-28T17:27:31.243+0000] {processor.py:830} INFO - Processing file /home/airflow/.local/lib/python3.12/site-packages/airflow/example_dags/example_sensors.py for tasks to queue
[2026-04-28T17:27:31.245+0000] {logging_mixin.py:188} INFO - [2026-04-28T17:27:31.244+0000] {dagbag.py:540} INFO - Filling up the DagBag from /home/airflow/.local/lib/python3.12/site-packages/airflow/example_dags/example_sensors.py
[2026-04-28T17:27:31.256+0000] {processor.py:840} INFO - DAG(s) 'example_sensors' retrieved from /home/airflow/.local/lib/python3.12/site-packages/airflow/example_dags/example_sensors.py
[2026-04-28T17:27:31.304+0000] {logging_mixin.py:188} INFO - [2026-04-28T17:27:31.303+0000] {dag.py:3096} INFO - Sync 1 DAGs
[2026-04-28T17:27:31.323+0000] {logging_mixin.py:188} INFO - [2026-04-28T17:27:31.323+0000] {dag.py:3954} INFO - Setting next_dagrun for example_sensors to None, run_after=None
[2026-04-28T17:27:31.345+0000] {processor.py:183} INFO - Processing /home/airflow/.local/lib/python3.12/site-packages/airflow/example_dags/example_sensors.py took 0.109 seconds
[2026-04-28T17:28:01.645+0000] {processor.py:161} INFO - Started process (PID=382) to work on /home/airflow/.local/lib/python3.12/site-packages/airflow/example_dags/example_sensors.py
[2026-04-28T17:28:01.646+0000] {processor.py:830} INFO - Processing file /home/airflow/.local/lib/python3.12/site-packages/airflow/example_dags/example_sensors.py for tasks to queue
[2026-04-28T17:28:01.647+0000] {logging_mixin.py:188} INFO - [2026-04-28T17:28:01.647+0000] {dagbag.py:540} INFO - Filling up the DagBag from /home/airflow/.local/lib/python3.12/site-packages/airflow/example_dags/example_sensors.py
[2026-04-28T17:28:01.664+0000] {processor.py:840} INFO - DAG(s) 'example_sensors' retrieved from /home/airflow/.local/lib/python3.12/site-packages/airflow/example_dags/example_sensors.py
[2026-04-28T17:28:01.699+0000] {logging_mixin.py:188} INFO - [2026-04-28T17:28:01.699+0000] {dag.py:3096} INFO - Sync 1 DAGs
[2026-04-28T17:28:01.710+0000] {logging_mixin.py:188} INFO - [2026-04-28T17:28:01.710+0000] {dag.py:3954} INFO - Setting next_dagrun for example_sensors to None, run_after=None
[2026-04-28T17:28:01.725+0000] {processor.py:183} INFO - Processing /home/airflow/.local/lib/python3.12/site-packages/airflow/example_dags/example_sensors.py took 0.087 seconds
[2026-04-28T17:28:32.046+0000] {processor.py:161} INFO - Started process (PID=442) to work on /home/airflow/.local/lib/python3.12/site-packages/airflow/example_dags/example_sensors.py
[2026-04-28T17:28:32.047+0000] {processor.py:830} INFO - Processing file /home/airflow/.local/lib/python3.12/site-packages/airflow/example_dags/example_sensors.py for tasks to queue
[2026-04-28T17:28:32.049+0000] {logging_mixin.py:188} INFO - [2026-04-28T17:28:32.049+0000] {dagbag.py:540} INFO - Filling up the DagBag from /home/airflow/.local/lib/python3.12/site-packages/airflow/example_dags/example_sensors.py
[2026-04-28T17:28:32.057+0000] {processor.py:840} INFO - DAG(s) 'example_sensors' retrieved from /home/airflow/.local/lib/python3.12/site-packages/airflow/example_dags/example_sensors.py
[2026-04-28T17:28:32.079+0000] {logging_mixin.py:188} INFO - [2026-04-28T17:28:32.079+0000] {dag.py:3096} INFO - Sync 1 DAGs
[2026-04-28T17:28:32.089+0000] {logging_mixin.py:188} INFO - [2026-04-28T17:28:32.089+0000] {dag.py:3954} INFO - Setting next_dagrun for example_sensors to None, run_after=None
[2026-04-28T17:28:32.103+0000] {processor.py:183} INFO - Processing /home/airflow/.local/lib/python3.12/site-packages/airflow/example_dags/example_sensors.py took 0.064 seconds
[2026-04-28T17:29:02.538+0000] {processor.py:161} INFO - Started process (PID=502) to work on /home/airflow/.local/lib/python3.12/site-packages/airflow/example_dags/example_sensors.py
[2026-04-28T17:29:02.540+0000] {processor.py:830} INFO - Processing file /home/airflow/.local/lib/python3.12/site-packages/airflow/example_dags/example_sensors.py for tasks to queue
[2026-04-28T17:29:02.542+0000] {logging_mixin.py:188} INFO - [2026-04-28T17:29:02.541+0000] {dagbag.py:540} INFO - Filling up the DagBag from /home/airflow/.local/lib/python3.12/site-packages/airflow/example_dags/example_sensors.py
[2026-04-28T17:29:02.554+0000] {processor.py:840} INFO - DAG(s) 'example_sensors' retrieved from /home/airflow/.local/lib/python3.12/site-packages/airflow/example_dags/example_sensors.py
[2026-04-28T17:29:02.622+0000] {logging_mixin.py:188} INFO - [2026-04-28T17:29:02.621+0000] {dag.py:3096} INFO - Sync 1 DAGs
[2026-04-28T17:29:02.652+0000] {logging_mixin.py:188} INFO - [2026-04-28T17:29:02.652+0000] {dag.py:3954} INFO - Setting next_dagrun for example_sensors to None, run_after=None
[2026-04-28T17:29:02.736+0000] {processor.py:183} INFO - Processing /home/airflow/.local/lib/python3.12/site-packages/airflow/example_dags/example_sensors.py took 0.211 seconds
[2026-04-28T17:29:33.585+0000] {processor.py:161} INFO - Started process (PID=562) to work on /home/airflow/.local/lib/python3.12/site-packages/airflow/example_dags/example_sensors.py
[2026-04-28T17:29:33.587+0000] {processor.py:830} INFO - Processing file /home/airflow/.local/lib/python3.12/site-packages/airflow/example_dags/example_sensors.py for tasks to queue
[2026-04-28T17:29:33.589+0000] {logging_mixin.py:188} INFO - [2026-04-28T17:29:33.588+0000] {dagbag.py:540} INFO - Filling up the DagBag from /home/airflow/.local/lib/python3.12/site-packages/airflow/example_dags/example_sensors.py
[2026-04-28T17:29:33.601+0000] {processor.py:840} INFO - DAG(s) 'example_sensors' retrieved from /home/airflow/.local/lib/python3.12/site-packages/airflow/example_dags/example_sensors.py
[2026-04-28T17:29:33.637+0000] {logging_mixin.py:188} INFO - [2026-04-28T17:29:33.637+0000] {dag.py:3096} INFO - Sync 1 DAGs
[2026-04-28T17:29:33.649+0000] {logging_mixin.py:188} INFO - [2026-04-28T17:29:33.649+0000] {dag.py:3954} INFO - Setting next_dagrun for example_sensors to None, run_after=None
[2026-04-28T17:29:33.664+0000] {processor.py:183} INFO - Processing /home/airflow/.local/lib/python3.12/site-packages/airflow/example_dags/example_sensors.py took 0.109 seconds
[2026-04-28T17:30:04.291+0000] {processor.py:161} INFO - Started process (PID=623) to work on /home/airflow/.local/lib/python3.12/site-packages/airflow/example_dags/example_sensors.py
[2026-04-28T17:30:04.292+0000] {processor.py:830} INFO - Processing file /home/airflow/.local/lib/python3.12/site-packages/airflow/example_dags/example_sensors.py for tasks to queue
[2026-04-28T17:30:04.294+0000] {logging_mixin.py:188} INFO - [2026-04-28T17:30:04.293+0000] {dagbag.py:540} INFO - Filling up the DagBag from /home/airflow/.local/lib/python3.12/site-packages/airflow/example_dags/example_sensors.py
[2026-04-28T17:30:04.306+0000] {processor.py:840} INFO - DAG(s) 'example_sensors' retrieved from /home/airflow/.local/lib/python3.12/site-packages/airflow/example_dags/example_sensors.py
[2026-04-28T17:30:04.346+0000] {logging_mixin.py:188} INFO - [2026-04-28T17:30:04.345+0000] {dag.py:3096} INFO - Sync 1 DAGs
[2026-04-28T17:30:04.374+0000] {logging_mixin.py:188} INFO - [2026-04-28T17:30:04.374+0000] {dag.py:3954} INFO - Setting next_dagrun for example_sensors to None, run_after=None
[2026-04-28T17:30:04.426+0000] {processor.py:183} INFO - Processing /home/airflow/.local/lib/python3.12/site-packages/airflow/example_dags/example_sensors.py took 0.143 seconds
[2026-04-28T17:30:35.885+0000] {processor.py:161} INFO - Started process (PID=683) to work on /home/airflow/.local/lib/python3.12/site-packages/airflow/example_dags/example_sensors.py
[2026-04-28T17:30:35.892+0000] {processor.py:830} INFO - Processing file /home/airflow/.local/lib/python3.12/site-packages/airflow/example_dags/example_sensors.py for tasks to queue
[2026-04-28T17:30:35.897+0000] {logging_mixin.py:188} INFO - [2026-04-28T17:30:35.896+0000] {dagbag.py:540} INFO - Filling up the DagBag from /home/airflow/.local/lib/python3.12/site-packages/airflow/example_dags/example_sensors.py
[2026-04-28T17:30:35.945+0000] {processor.py:840} INFO - DAG(s) 'example_sensors' retrieved from /home/airflow/.local/lib/python3.12/site-packages/airflow/example_dags/example_sensors.py
[2026-04-28T17:30:36.049+0000] {logging_mixin.py:188} INFO - [2026-04-28T17:30:36.049+0000] {dag.py:3096} INFO - Sync 1 DAGs
[2026-04-28T17:30:36.107+0000] {logging_mixin.py:188} INFO - [2026-04-28T17:30:36.107+0000] {dag.py:3954} INFO - Setting next_dagrun for example_sensors to None, run_after=None
[2026-04-28T17:30:36.166+0000] {processor.py:183} INFO - Processing /home/airflow/.local/lib/python3.12/site-packages/airflow/example_dags/example_sensors.py took 0.307 seconds
[2026-04-28T17:31:06.349+0000] {processor.py:161} INFO - Started process (PID=743) to work on /home/airflow/.local/lib/python3.12/site-packages/airflow/example_dags/example_sensors.py
[2026-04-28T17:31:06.350+0000] {processor.py:830} INFO - Processing file /home/airflow/.local/lib/python3.12/site-packages/airflow/example_dags/example_sensors.py for tasks to queue
[2026-04-28T17:31:06.353+0000] {logging_mixin.py:188} INFO - [2026-04-28T17:31:06.352+0000] {dagbag.py:540} INFO - Filling up the DagBag from /home/airflow/.local/lib/python3.12/site-packages/airflow/example_dags/example_sensors.py
[2026-04-28T17:31:06.364+0000] {processor.py:840} INFO - DAG(s) 'example_sensors' retrieved from /home/airflow/.local/lib/python3.12/site-packages/airflow/example_dags/example_sensors.py
[2026-04-28T17:31:06.394+0000] {logging_mixin.py:188} INFO - [2026-04-28T17:31:06.394+0000] {dag.py:3096} INFO - Sync 1 DAGs
[2026-04-28T17:31:06.405+0000] {logging_mixin.py:188} INFO - [2026-04-28T17:31:06.405+0000] {dag.py:3954} INFO - Setting next_dagrun for example_sensors to None, run_after=None
[2026-04-28T17:31:06.420+0000] {processor.py:183} INFO - Processing /home/airflow/.local/lib/python3.12/site-packages/airflow/example_dags/example_sensors.py took 0.078 seconds
[2026-04-28T17:31:36.767+0000] {processor.py:161} INFO - Started process (PID=803) to work on /home/airflow/.local/lib/python3.12/site-packages/airflow/example_dags/example_sensors.py
[2026-04-28T17:31:36.770+0000] {processor.py:830} INFO - Processing file /home/airflow/.local/lib/python3.12/site-packages/airflow/example_dags/example_sensors.py for tasks to queue
[2026-04-28T17:31:36.774+0000] {logging_mixin.py:188} INFO - [2026-04-28T17:31:36.773+0000] {dagbag.py:540} INFO - Filling up the DagBag from /home/airflow/.local/lib/python3.12/site-packages/airflow/example_dags/example_sensors.py
[2026-04-28T17:31:36.793+0000] {processor.py:840} INFO - DAG(s) 'example_sensors' retrieved from /home/airflow/.local/lib/python3.12/site-packages/airflow/example_dags/example_sensors.py
[2026-04-28T17:31:36.820+0000] {logging_mixin.py:188} INFO - [2026-04-28T17:31:36.820+0000] {dag.py:3096} INFO - Sync 1 DAGs
[2026-04-28T17:31:36.832+0000] {logging_mixin.py:188} INFO - [2026-04-28T17:31:36.831+0000] {dag.py:3954} INFO - Setting next_dagrun for example_sensors to None, run_after=None
[2026-04-28T17:31:36.848+0000] {processor.py:183} INFO - Processing /home/airflow/.local/lib/python3.12/site-packages/airflow/example_dags/example_sensors.py took 0.094 seconds
[2026-04-28T17:32:07.264+0000] {processor.py:161} INFO - Started process (PID=862) to work on /home/airflow/.local/lib/python3.12/site-packages/airflow/example_dags/example_sensors.py
[2026-04-28T17:32:07.264+0000] {processor.py:830} INFO - Processing file /home/airflow/.local/lib/python3.12/site-packages/airflow/example_dags/example_sensors.py for tasks to queue
[2026-04-28T17:32:07.266+0000] {logging_mixin.py:188} INFO - [2026-04-28T17:32:07.265+0000] {dagbag.py:540} INFO - Filling up the DagBag from /home/airflow/.local/lib/python3.12/site-packages/airflow/example_dags/example_sensors.py
[2026-04-28T17:32:07.273+0000] {processor.py:840} INFO - DAG(s) 'example_sensors' retrieved from /home/airflow/.local/lib/python3.12/site-packages/airflow/example_dags/example_sensors.py
[2026-04-28T17:32:07.295+0000] {logging_mixin.py:188} INFO - [2026-04-28T17:32:07.295+0000] {dag.py:3096} INFO - Sync 1 DAGs
[2026-04-28T17:32:07.306+0000] {logging_mixin.py:188} INFO - [2026-04-28T17:32:07.306+0000] {dag.py:3954} INFO - Setting next_dagrun for example_sensors to None, run_after=None
[2026-04-28T17:32:07.322+0000] {processor.py:183} INFO - Processing /home/airflow/.local/lib/python3.12/site-packages/airflow/example_dags/example_sensors.py took 0.063 seconds
[2026-04-28T17:32:37.482+0000] {processor.py:161} INFO - Started process (PID=922) to work on /home/airflow/.local/lib/python3.12/site-packages/airflow/example_dags/example_sensors.py
[2026-04-28T17:32:37.483+0000] {processor.py:830} INFO - Processing file /home/airflow/.local/lib/python3.12/site-packages/airflow/example_dags/example_sensors.py for tasks to queue
[2026-04-28T17:32:37.485+0000] {logging_mixin.py:188} INFO - [2026-04-28T17:32:37.485+0000] {dagbag.py:540} INFO - Filling up the DagBag from /home/airflow/.local/lib/python3.12/site-packages/airflow/example_dags/example_sensors.py
[2026-04-28T17:32:37.496+0000] {processor.py:840} INFO - DAG(s) 'example_sensors' retrieved from /home/airflow/.local/lib/python3.12/site-packages/airflow/example_dags/example_sensors.py
[2026-04-28T17:32:37.526+0000] {logging_mixin.py:188} INFO - [2026-04-28T17:32:37.526+0000] {dag.py:3096} INFO - Sync 1 DAGs
[2026-04-28T17:32:37.536+0000] {logging_mixin.py:188} INFO - [2026-04-28T17:32:37.536+0000] {dag.py:3954} INFO - Setting next_dagrun for example_sensors to None, run_after=None
[2026-04-28T17:32:37.550+0000] {processor.py:183} INFO - Processing /home/airflow/.local/lib/python3.12/site-packages/airflow/example_dags/example_sensors.py took 0.076 seconds
[2026-04-28T17:33:08.010+0000] {processor.py:161} INFO - Started process (PID=982) to work on /home/airflow/.local/lib/python3.12/site-packages/airflow/example_dags/example_sensors.py
[2026-04-28T17:33:08.011+0000] {processor.py:830} INFO - Processing file /home/airflow/.local/lib/python3.12/site-packages/airflow/example_dags/example_sensors.py for tasks to queue
[2026-04-28T17:33:08.013+0000] {logging_mixin.py:188} INFO - [2026-04-28T17:33:08.013+0000] {dagbag.py:540} INFO - Filling up the DagBag from /home/airflow/.local/lib/python3.12/site-packages/airflow/example_dags/example_sensors.py
[2026-04-28T17:33:08.025+0000] {processor.py:840} INFO - DAG(s) 'example_sensors' retrieved from /home/airflow/.local/lib/python3.12/site-packages/airflow/example_dags/example_sensors.py
[2026-04-28T17:33:08.059+0000] {logging_mixin.py:188} INFO - [2026-04-28T17:33:08.059+0000] {dag.py:3096} INFO - Sync 1 DAGs
[2026-04-28T17:33:08.076+0000] {logging_mixin.py:188} INFO - [2026-04-28T17:33:08.076+0000] {dag.py:3954} INFO - Setting next_dagrun for example_sensors to None, run_after=None
[2026-04-28T17:33:08.091+0000] {processor.py:183} INFO - Processing /home/airflow/.local/lib/python3.12/site-packages/airflow/example_dags/example_sensors.py took 0.088 seconds
[2026-04-28T17:33:38.516+0000] {processor.py:161} INFO - Started process (PID=1042) to work on /home/airflow/.local/lib/python3.12/site-packages/airflow/example_dags/example_sensors.py
[2026-04-28T17:33:38.517+0000] {processor.py:830} INFO - Processing file /home/airflow/.local/lib/python3.12/site-packages/airflow/example_dags/example_sensors.py for tasks to queue
[2026-04-28T17:33:38.519+0000] {logging_mixin.py:188} INFO - [2026-04-28T17:33:38.518+0000] {dagbag.py:540} INFO - Filling up the DagBag from /home/airflow/.local/lib/python3.12/site-packages/airflow/example_dags/example_sensors.py
[2026-04-28T17:33:38.530+0000] {processor.py:840} INFO - DAG(s) 'example_sensors' retrieved from /home/airflow/.local/lib/python3.12/site-packages/airflow/example_dags/example_sensors.py
[2026-04-28T17:33:38.565+0000] {logging_mixin.py:188} INFO - [2026-04-28T17:33:38.565+0000] {dag.py:3096} INFO - Sync 1 DAGs
[2026-04-28T17:33:38.583+0000] {logging_mixin.py:188} INFO - [2026-04-28T17:33:38.582+0000] {dag.py:3954} INFO - Setting next_dagrun for example_sensors to None, run_after=None
[2026-04-28T17:33:38.597+0000] {processor.py:183} INFO - Processing /home/airflow/.local/lib/python3.12/site-packages/airflow/example_dags/example_sensors.py took 0.088 seconds
[2026-04-28T17:34:08.664+0000] {processor.py:161} INFO - Started process (PID=1102) to work on /home/airflow/.local/lib/python3.12/site-packages/airflow/example_dags/example_sensors.py
[2026-04-28T17:34:08.664+0000] {processor.py:830} INFO - Processing file /home/airflow/.local/lib/python3.12/site-packages/airflow/example_dags/example_sensors.py for tasks to queue
[2026-04-28T17:34:08.666+0000] {logging_mixin.py:188} INFO - [2026-04-28T17:34:08.666+0000] {dagbag.py:540} INFO - Filling up the DagBag from /home/airflow/.local/lib/python3.12/site-packages/airflow/example_dags/example_sensors.py
[2026-04-28T17:34:08.692+0000] {processor.py:840} INFO - DAG(s) 'example_sensors' retrieved from /home/airflow/.local/lib/python3.12/site-packages/airflow/example_dags/example_sensors.py
[2026-04-28T17:34:08.776+0000] {logging_mixin.py:188} INFO - [2026-04-28T17:34:08.776+0000] {dag.py:3096} INFO - Sync 1 DAGs
[2026-04-28T17:34:08.793+0000] {logging_mixin.py:188} INFO - [2026-04-28T17:34:08.793+0000] {dag.py:3954} INFO - Setting next_dagrun for example_sensors to None, run_after=None
[2026-04-28T17:34:08.809+0000] {processor.py:183} INFO - Processing /home/airflow/.local/lib/python3.12/site-packages/airflow/example_dags/example_sensors.py took 0.152 seconds
[2026-04-28T17:34:39.360+0000] {processor.py:161} INFO - Started process (PID=1162) to work on /home/airflow/.local/lib/python3.12/site-packages/airflow/example_dags/example_sensors.py
[2026-04-28T17:34:39.361+0000] {processor.py:830} INFO - Processing file /home/airflow/.local/lib/python3.12/site-packages/airflow/example_dags/example_sensors.py for tasks to queue
[2026-04-28T17:34:39.363+0000] {logging_mixin.py:188} INFO - [2026-04-28T17:34:39.362+0000] {dagbag.py:540} INFO - Filling up the DagBag from /home/airflow/.local/lib/python3.12/site-packages/airflow/example_dags/example_sensors.py
[2026-04-28T17:34:39.381+0000] {processor.py:840} INFO - DAG(s) 'example_sensors' retrieved from /home/airflow/.local/lib/python3.12/site-packages/airflow/example_dags/example_sensors.py
[2026-04-28T17:34:39.418+0000] {logging_mixin.py:188} INFO - [2026-04-28T17:34:39.418+0000] {dag.py:3096} INFO - Sync 1 DAGs
[2026-04-28T17:34:39.433+0000] {logging_mixin.py:188} INFO - [2026-04-28T17:34:39.433+0000] {dag.py:3954} INFO - Setting next_dagrun for example_sensors to None, run_after=None
[2026-04-28T17:34:39.456+0000] {processor.py:183} INFO - Processing /home/airflow/.local/lib/python3.12/site-packages/airflow/example_dags/example_sensors.py took 0.103 seconds
[2026-04-28T17:35:09.727+0000] {processor.py:161} INFO - Started process (PID=1222) to work on /home/airflow/.local/lib/python3.12/site-packages/airflow/example_dags/example_sensors.py
[2026-04-28T17:35:09.728+0000] {processor.py:830} INFO - Processing file /home/airflow/.local/lib/python3.12/site-packages/airflow/example_dags/example_sensors.py for tasks to queue
[2026-04-28T17:35:09.731+0000] {logging_mixin.py:188} INFO - [2026-04-28T17:35:09.730+0000] {dagbag.py:540} INFO - Filling up the DagBag from /home/airflow/.local/lib/python3.12/site-packages/airflow/example_dags/example_sensors.py
[2026-04-28T17:35:09.742+0000] {processor.py:840} INFO - DAG(s) 'example_sensors' retrieved from /home/airflow/.local/lib/python3.12/site-packages/airflow/example_dags/example_sensors.py
[2026-04-28T17:35:09.776+0000] {logging_mixin.py:188} INFO - [2026-04-28T17:35:09.776+0000] {dag.py:3096} INFO - Sync 1 DAGs
[2026-04-28T17:35:09.795+0000] {logging_mixin.py:188} INFO - [2026-04-28T17:35:09.795+0000] {dag.py:3954} INFO - Setting next_dagrun for example_sensors to None, run_after=None
[2026-04-28T17:35:09.820+0000] {processor.py:183} INFO - Processing /home/airflow/.local/lib/python3.12/site-packages/airflow/example_dags/example_sensors.py took 0.100 seconds
[2026-04-28T17:35:40.608+0000] {processor.py:161} INFO - Started process (PID=1281) to work on /home/airflow/.local/lib/python3.12/site-packages/airflow/example_dags/example_sensors.py
[2026-04-28T17:35:40.612+0000] {processor.py:830} INFO - Processing file /home/airflow/.local/lib/python3.12/site-packages/airflow/example_dags/example_sensors.py for tasks to queue
[2026-04-28T17:35:40.615+0000] {logging_mixin.py:188} INFO - [2026-04-28T17:35:40.615+0000] {dagbag.py:540} INFO - Filling up the DagBag from /home/airflow/.local/lib/python3.12/site-packages/airflow/example_dags/example_sensors.py
[2026-04-28T17:35:40.648+0000] {processor.py:840} INFO - DAG(s) 'example_sensors' retrieved from /home/airflow/.local/lib/python3.12/site-packages/airflow/example_dags/example_sensors.py
[2026-04-28T17:35:40.725+0000] {logging_mixin.py:188} INFO - [2026-04-28T17:35:40.724+0000] {dag.py:3096} INFO - Sync 1 DAGs
[2026-04-28T17:35:40.759+0000] {logging_mixin.py:188} INFO - [2026-04-28T17:35:40.759+0000] {dag.py:3954} INFO - Setting next_dagrun for example_sensors to None, run_after=None
[2026-04-28T17:35:40.801+0000] {processor.py:183} INFO - Processing /home/airflow/.local/lib/python3.12/site-packages/airflow/example_dags/example_sensors.py took 0.201 seconds
[2026-04-28T17:36:12.277+0000] {processor.py:161} INFO - Started process (PID=1341) to work on /home/airflow/.local/lib/python3.12/site-packages/airflow/example_dags/example_sensors.py
[2026-04-28T17:36:12.280+0000] {processor.py:830} INFO - Processing file /home/airflow/.local/lib/python3.12/site-packages/airflow/example_dags/example_sensors.py for tasks to queue
[2026-04-28T17:36:12.287+0000] {logging_mixin.py:188} INFO - [2026-04-28T17:36:12.284+0000] {dagbag.py:540} INFO - Filling up the DagBag from /home/airflow/.local/lib/python3.12/site-packages/airflow/example_dags/example_sensors.py
[2026-04-28T17:36:12.325+0000] {processor.py:840} INFO - DAG(s) 'example_sensors' retrieved from /home/airflow/.local/lib/python3.12/site-packages/airflow/example_dags/example_sensors.py
[2026-04-28T17:36:12.600+0000] {logging_mixin.py:188} INFO - [2026-04-28T17:36:12.600+0000] {dag.py:3096} INFO - Sync 1 DAGs
[2026-04-28T17:36:12.633+0000] {logging_mixin.py:188} INFO - [2026-04-28T17:36:12.633+0000] {dag.py:3954} INFO - Setting next_dagrun for example_sensors to None, run_after=None
[2026-04-28T17:36:12.673+0000] {processor.py:183} INFO - Processing /home/airflow/.local/lib/python3.12/site-packages/airflow/example_dags/example_sensors.py took 0.412 seconds
[2026-04-28T17:36:43.443+0000] {processor.py:161} INFO - Started process (PID=1401) to work on /home/airflow/.local/lib/python3.12/site-packages/airflow/example_dags/example_sensors.py
[2026-04-28T17:36:43.444+0000] {processor.py:830} INFO - Processing file /home/airflow/.local/lib/python3.12/site-packages/airflow/example_dags/example_sensors.py for tasks to queue
[2026-04-28T17:36:43.446+0000] {logging_mixin.py:188} INFO - [2026-04-28T17:36:43.446+0000] {dagbag.py:540} INFO - Filling up the DagBag from /home/airflow/.local/lib/python3.12/site-packages/airflow/example_dags/example_sensors.py
[2026-04-28T17:36:43.460+0000] {processor.py:840} INFO - DAG(s) 'example_sensors' retrieved from /home/airflow/.local/lib/python3.12/site-packages/airflow/example_dags/example_sensors.py
[2026-04-28T17:36:43.557+0000] {logging_mixin.py:188} INFO - [2026-04-28T17:36:43.557+0000] {dag.py:3096} INFO - Sync 1 DAGs
[2026-04-28T17:36:43.590+0000] {logging_mixin.py:188} INFO - [2026-04-28T17:36:43.590+0000] {dag.py:3954} INFO - Setting next_dagrun for example_sensors to None, run_after=None
[2026-04-28T17:36:43.639+0000] {processor.py:183} INFO - Processing /home/airflow/.local/lib/python3.12/site-packages/airflow/example_dags/example_sensors.py took 0.204 seconds
[2026-04-28T17:37:14.128+0000] {processor.py:161} INFO - Started process (PID=1461) to work on /home/airflow/.local/lib/python3.12/site-packages/airflow/example_dags/example_sensors.py
[2026-04-28T17:37:14.128+0000] {processor.py:830} INFO - Processing file /home/airflow/.local/lib/python3.12/site-packages/airflow/example_dags/example_sensors.py for tasks to queue
[2026-04-28T17:37:14.130+0000] {logging_mixin.py:188} INFO - [2026-04-28T17:37:14.130+0000] {dagbag.py:540} INFO - Filling up the DagBag from /home/airflow/.local/lib/python3.12/site-packages/airflow/example_dags/example_sensors.py
[2026-04-28T17:37:14.142+0000] {processor.py:840} INFO - DAG(s) 'example_sensors' retrieved from /home/airflow/.local/lib/python3.12/site-packages/airflow/example_dags/example_sensors.py
[2026-04-28T17:37:14.177+0000] {logging_mixin.py:188} INFO - [2026-04-28T17:37:14.177+0000] {dag.py:3096} INFO - Sync 1 DAGs
[2026-04-28T17:37:14.196+0000] {logging_mixin.py:188} INFO - [2026-04-28T17:37:14.195+0000] {dag.py:3954} INFO - Setting next_dagrun for example_sensors to None, run_after=None
[2026-04-28T17:37:14.253+0000] {processor.py:183} INFO - Processing /home/airflow/.local/lib/python3.12/site-packages/airflow/example_dags/example_sensors.py took 0.133 seconds
[2026-04-28T17:37:45.227+0000] {processor.py:161} INFO - Started process (PID=1521) to work on /home/airflow/.local/lib/python3.12/site-packages/airflow/example_dags/example_sensors.py
[2026-04-28T17:37:45.228+0000] {processor.py:830} INFO - Processing file /home/airflow/.local/lib/python3.12/site-packages/airflow/example_dags/example_sensors.py for tasks to queue
[2026-04-28T17:37:45.230+0000] {logging_mixin.py:188} INFO - [2026-04-28T17:37:45.229+0000] {dagbag.py:540} INFO - Filling up the DagBag from /home/airflow/.local/lib/python3.12/site-packages/airflow/example_dags/example_sensors.py
[2026-04-28T17:37:45.241+0000] {processor.py:840} INFO - DAG(s) 'example_sensors' retrieved from /home/airflow/.local/lib/python3.12/site-packages/airflow/example_dags/example_sensors.py
[2026-04-28T17:37:45.275+0000] {logging_mixin.py:188} INFO - [2026-04-28T17:37:45.275+0000] {dag.py:3096} INFO - Sync 1 DAGs
[2026-04-28T17:37:45.291+0000] {logging_mixin.py:188} INFO - [2026-04-28T17:37:45.291+0000] {dag.py:3954} INFO - Setting next_dagrun for example_sensors to None, run_after=None
[2026-04-28T17:37:45.312+0000] {processor.py:183} INFO - Processing /home/airflow/.local/lib/python3.12/site-packages/airflow/example_dags/example_sensors.py took 0.093 seconds
[2026-04-28T17:38:15.963+0000] {processor.py:161} INFO - Started process (PID=1581) to work on /home/airflow/.local/lib/python3.12/site-packages/airflow/example_dags/example_sensors.py
[2026-04-28T17:38:15.964+0000] {processor.py:830} INFO - Processing file /home/airflow/.local/lib/python3.12/site-packages/airflow/example_dags/example_sensors.py for tasks to queue
[2026-04-28T17:38:15.966+0000] {logging_mixin.py:188} INFO - [2026-04-28T17:38:15.966+0000] {dagbag.py:540} INFO - Filling up the DagBag from /home/airflow/.local/lib/python3.12/site-packages/airflow/example_dags/example_sensors.py
[2026-04-28T17:38:15.978+0000] {processor.py:840} INFO - DAG(s) 'example_sensors' retrieved from /home/airflow/.local/lib/python3.12/site-packages/airflow/example_dags/example_sensors.py
[2026-04-28T17:38:16.013+0000] {logging_mixin.py:188} INFO - [2026-04-28T17:38:16.013+0000] {dag.py:3096} INFO - Sync 1 DAGs
[2026-04-28T17:38:16.045+0000] {logging_mixin.py:188} INFO - [2026-04-28T17:38:16.045+0000] {dag.py:3954} INFO - Setting next_dagrun for example_sensors to None, run_after=None
[2026-04-28T17:38:16.075+0000] {processor.py:183} INFO - Processing /home/airflow/.local/lib/python3.12/site-packages/airflow/example_dags/example_sensors.py took 0.119 seconds
[2026-04-28T17:38:46.881+0000] {processor.py:161} INFO - Started process (PID=1641) to work on /home/airflow/.local/lib/python3.12/site-packages/airflow/example_dags/example_sensors.py
[2026-04-28T17:38:46.882+0000] {processor.py:830} INFO - Processing file /home/airflow/.local/lib/python3.12/site-packages/airflow/example_dags/example_sensors.py for tasks to queue
[2026-04-28T17:38:46.884+0000] {logging_mixin.py:188} INFO - [2026-04-28T17:38:46.883+0000] {dagbag.py:540} INFO - Filling up the DagBag from /home/airflow/.local/lib/python3.12/site-packages/airflow/example_dags/example_sensors.py
[2026-04-28T17:38:46.902+0000] {processor.py:840} INFO - DAG(s) 'example_sensors' retrieved from /home/airflow/.local/lib/python3.12/site-packages/airflow/example_dags/example_sensors.py
[2026-04-28T17:38:46.983+0000] {logging_mixin.py:188} INFO - [2026-04-28T17:38:46.983+0000] {dag.py:3096} INFO - Sync 1 DAGs
[2026-04-28T17:38:47.014+0000] {logging_mixin.py:188} INFO - [2026-04-28T17:38:47.013+0000] {dag.py:3954} INFO - Setting next_dagrun for example_sensors to None, run_after=None
[2026-04-28T17:38:47.046+0000] {processor.py:183} INFO - Processing /home/airflow/.local/lib/python3.12/site-packages/airflow/example_dags/example_sensors.py took 0.176 seconds
[2026-04-28T17:39:17.094+0000] {processor.py:161} INFO - Started process (PID=1700) to work on /home/airflow/.local/lib/python3.12/site-packages/airflow/example_dags/example_sensors.py
[2026-04-28T17:39:17.095+0000] {processor.py:830} INFO - Processing file /home/airflow/.local/lib/python3.12/site-packages/airflow/example_dags/example_sensors.py for tasks to queue
[2026-04-28T17:39:17.097+0000] {logging_mixin.py:188} INFO - [2026-04-28T17:39:17.097+0000] {dagbag.py:540} INFO - Filling up the DagBag from /home/airflow/.local/lib/python3.12/site-packages/airflow/example_dags/example_sensors.py
[2026-04-28T17:39:17.108+0000] {processor.py:840} INFO - DAG(s) 'example_sensors' retrieved from /home/airflow/.local/lib/python3.12/site-packages/airflow/example_dags/example_sensors.py
[2026-04-28T17:39:17.130+0000] {logging_mixin.py:188} INFO - [2026-04-28T17:39:17.129+0000] {dag.py:3096} INFO - Sync 1 DAGs
[2026-04-28T17:39:17.140+0000] {logging_mixin.py:188} INFO - [2026-04-28T17:39:17.140+0000] {dag.py:3954} INFO - Setting next_dagrun for example_sensors to None, run_after=None
[2026-04-28T17:39:17.155+0000] {processor.py:183} INFO - Processing /home/airflow/.local/lib/python3.12/site-packages/airflow/example_dags/example_sensors.py took 0.068 seconds
[2026-04-28T17:39:47.259+0000] {processor.py:161} INFO - Started process (PID=1761) to work on /home/airflow/.local/lib/python3.12/site-packages/airflow/example_dags/example_sensors.py
[2026-04-28T17:39:47.260+0000] {processor.py:830} INFO - Processing file /home/airflow/.local/lib/python3.12/site-packages/airflow/example_dags/example_sensors.py for tasks to queue
[2026-04-28T17:39:47.262+0000] {logging_mixin.py:188} INFO - [2026-04-28T17:39:47.261+0000] {dagbag.py:540} INFO - Filling up the DagBag from /home/airflow/.local/lib/python3.12/site-packages/airflow/example_dags/example_sensors.py
[2026-04-28T17:39:47.273+0000] {processor.py:840} INFO - DAG(s) 'example_sensors' retrieved from /home/airflow/.local/lib/python3.12/site-packages/airflow/example_dags/example_sensors.py
[2026-04-28T17:39:47.311+0000] {logging_mixin.py:188} INFO - [2026-04-28T17:39:47.310+0000] {dag.py:3096} INFO - Sync 1 DAGs
[2026-04-28T17:39:47.330+0000] {logging_mixin.py:188} INFO - [2026-04-28T17:39:47.330+0000] {dag.py:3954} INFO - Setting next_dagrun for example_sensors to None, run_after=None
[2026-04-28T17:39:47.347+0000] {processor.py:183} INFO - Processing /home/airflow/.local/lib/python3.12/site-packages/airflow/example_dags/example_sensors.py took 0.097 seconds
[2026-04-28T17:40:17.963+0000] {processor.py:161} INFO - Started process (PID=1826) to work on /home/airflow/.local/lib/python3.12/site-packages/airflow/example_dags/example_sensors.py
[2026-04-28T17:40:17.964+0000] {processor.py:830} INFO - Processing file /home/airflow/.local/lib/python3.12/site-packages/airflow/example_dags/example_sensors.py for tasks to queue
[2026-04-28T17:40:17.965+0000] {logging_mixin.py:188} INFO - [2026-04-28T17:40:17.965+0000] {dagbag.py:540} INFO - Filling up the DagBag from /home/airflow/.local/lib/python3.12/site-packages/airflow/example_dags/example_sensors.py
[2026-04-28T17:40:17.979+0000] {processor.py:840} INFO - DAG(s) 'example_sensors' retrieved from /home/airflow/.local/lib/python3.12/site-packages/airflow/example_dags/example_sensors.py
[2026-04-28T17:40:18.017+0000] {logging_mixin.py:188} INFO - [2026-04-28T17:40:18.017+0000] {dag.py:3096} INFO - Sync 1 DAGs
[2026-04-28T17:40:18.030+0000] {logging_mixin.py:188} INFO - [2026-04-28T17:40:18.030+0000] {dag.py:3954} INFO - Setting next_dagrun for example_sensors to None, run_after=None
[2026-04-28T17:40:18.046+0000] {processor.py:183} INFO - Processing /home/airflow/.local/lib/python3.12/site-packages/airflow/example_dags/example_sensors.py took 0.088 seconds
[2026-04-28T17:40:48.889+0000] {processor.py:161} INFO - Started process (PID=1886) to work on /home/airflow/.local/lib/python3.12/site-packages/airflow/example_dags/example_sensors.py
[2026-04-28T17:40:48.890+0000] {processor.py:830} INFO - Processing file /home/airflow/.local/lib/python3.12/site-packages/airflow/example_dags/example_sensors.py for tasks to queue
[2026-04-28T17:40:48.892+0000] {logging_mixin.py:188} INFO - [2026-04-28T17:40:48.891+0000] {dagbag.py:540} INFO - Filling up the DagBag from /home/airflow/.local/lib/python3.12/site-packages/airflow/example_dags/example_sensors.py
[2026-04-28T17:40:48.900+0000] {processor.py:840} INFO - DAG(s) 'example_sensors' retrieved from /home/airflow/.local/lib/python3.12/site-packages/airflow/example_dags/example_sensors.py
[2026-04-28T17:40:48.924+0000] {logging_mixin.py:188} INFO - [2026-04-28T17:40:48.924+0000] {dag.py:3096} INFO - Sync 1 DAGs
[2026-04-28T17:40:48.935+0000] {logging_mixin.py:188} INFO - [2026-04-28T17:40:48.935+0000] {dag.py:3954} INFO - Setting next_dagrun for example_sensors to None, run_after=None
[2026-04-28T17:40:48.950+0000] {processor.py:183} INFO - Processing /home/airflow/.local/lib/python3.12/site-packages/airflow/example_dags/example_sensors.py took 0.069 seconds
[2026-04-28T17:41:19.507+0000] {processor.py:161} INFO - Started process (PID=1946) to work on /home/airflow/.local/lib/python3.12/site-packages/airflow/example_dags/example_sensors.py
[2026-04-28T17:41:19.508+0000] {processor.py:830} INFO - Processing file /home/airflow/.local/lib/python3.12/site-packages/airflow/example_dags/example_sensors.py for tasks to queue
[2026-04-28T17:41:19.509+0000] {logging_mixin.py:188} INFO - [2026-04-28T17:41:19.509+0000] {dagbag.py:540} INFO - Filling up the DagBag from /home/airflow/.local/lib/python3.12/site-packages/airflow/example_dags/example_sensors.py
[2026-04-28T17:41:19.517+0000] {processor.py:840} INFO - DAG(s) 'example_sensors' retrieved from /home/airflow/.local/lib/python3.12/site-packages/airflow/example_dags/example_sensors.py
[2026-04-28T17:41:19.539+0000] {logging_mixin.py:188} INFO - [2026-04-28T17:41:19.539+0000] {dag.py:3096} INFO - Sync 1 DAGs
[2026-04-28T17:41:19.550+0000] {logging_mixin.py:188} INFO - [2026-04-28T17:41:19.550+0000] {dag.py:3954} INFO - Setting next_dagrun for example_sensors to None, run_after=None
[2026-04-28T17:41:19.565+0000] {processor.py:183} INFO - Processing /home/airflow/.local/lib/python3.12/site-packages/airflow/example_dags/example_sensors.py took 0.063 seconds
[2026-04-28T17:41:50.148+0000] {processor.py:161} INFO - Started process (PID=2006) to work on /home/airflow/.local/lib/python3.12/site-packages/airflow/example_dags/example_sensors.py
[2026-04-28T17:41:50.149+0000] {processor.py:830} INFO - Processing file /home/airflow/.local/lib/python3.12/site-packages/airflow/example_dags/example_sensors.py for tasks to queue
[2026-04-28T17:41:50.150+0000] {logging_mixin.py:188} INFO - [2026-04-28T17:41:50.150+0000] {dagbag.py:540} INFO - Filling up the DagBag from /home/airflow/.local/lib/python3.12/site-packages/airflow/example_dags/example_sensors.py
[2026-04-28T17:41:50.158+0000] {processor.py:840} INFO - DAG(s) 'example_sensors' retrieved from /home/airflow/.local/lib/python3.12/site-packages/airflow/example_dags/example_sensors.py
[2026-04-28T17:41:50.180+0000] {logging_mixin.py:188} INFO - [2026-04-28T17:41:50.180+0000] {dag.py:3096} INFO - Sync 1 DAGs
[2026-04-28T17:41:50.191+0000] {logging_mixin.py:188} INFO - [2026-04-28T17:41:50.191+0000] {dag.py:3954} INFO - Setting next_dagrun for example_sensors to None, run_after=None
[2026-04-28T17:41:50.206+0000] {processor.py:183} INFO - Processing /home/airflow/.local/lib/python3.12/site-packages/airflow/example_dags/example_sensors.py took 0.062 seconds
[2026-04-28T17:42:20.441+0000] {processor.py:161} INFO - Started process (PID=2066) to work on /home/airflow/.local/lib/python3.12/site-packages/airflow/example_dags/example_sensors.py
[2026-04-28T17:42:20.442+0000] {processor.py:830} INFO - Processing file /home/airflow/.local/lib/python3.12/site-packages/airflow/example_dags/example_sensors.py for tasks to queue
[2026-04-28T17:42:20.444+0000] {logging_mixin.py:188} INFO - [2026-04-28T17:42:20.444+0000] {dagbag.py:540} INFO - Filling up the DagBag from /home/airflow/.local/lib/python3.12/site-packages/airflow/example_dags/example_sensors.py
[2026-04-28T17:42:20.456+0000] {processor.py:840} INFO - DAG(s) 'example_sensors' retrieved from /home/airflow/.local/lib/python3.12/site-packages/airflow/example_dags/example_sensors.py
[2026-04-28T17:42:20.490+0000] {logging_mixin.py:188} INFO - [2026-04-28T17:42:20.489+0000] {dag.py:3096} INFO - Sync 1 DAGs
[2026-04-28T17:42:20.508+0000] {logging_mixin.py:188} INFO - [2026-04-28T17:42:20.508+0000] {dag.py:3954} INFO - Setting next_dagrun for example_sensors to None, run_after=None
[2026-04-28T17:42:20.530+0000] {processor.py:183} INFO - Processing /home/airflow/.local/lib/python3.12/site-packages/airflow/example_dags/example_sensors.py took 0.097 seconds
[2026-04-28T17:42:50.623+0000] {processor.py:161} INFO - Started process (PID=2126) to work on /home/airflow/.local/lib/python3.12/site-packages/airflow/example_dags/example_sensors.py
[2026-04-28T17:42:50.623+0000] {processor.py:830} INFO - Processing file /home/airflow/.local/lib/python3.12/site-packages/airflow/example_dags/example_sensors.py for tasks to queue
[2026-04-28T17:42:50.625+0000] {logging_mixin.py:188} INFO - [2026-04-28T17:42:50.624+0000] {dagbag.py:540} INFO - Filling up the DagBag from /home/airflow/.local/lib/python3.12/site-packages/airflow/example_dags/example_sensors.py
[2026-04-28T17:42:50.633+0000] {processor.py:840} INFO - DAG(s) 'example_sensors' retrieved from /home/airflow/.local/lib/python3.12/site-packages/airflow/example_dags/example_sensors.py
[2026-04-28T17:42:50.655+0000] {logging_mixin.py:188} INFO - [2026-04-28T17:42:50.655+0000] {dag.py:3096} INFO - Sync 1 DAGs
[2026-04-28T17:42:50.667+0000] {logging_mixin.py:188} INFO - [2026-04-28T17:42:50.667+0000] {dag.py:3954} INFO - Setting next_dagrun for example_sensors to None, run_after=None
[2026-04-28T17:42:50.682+0000] {processor.py:183} INFO - Processing /home/airflow/.local/lib/python3.12/site-packages/airflow/example_dags/example_sensors.py took 0.065 seconds
[2026-04-28T17:43:20.860+0000] {processor.py:161} INFO - Started process (PID=2186) to work on /home/airflow/.local/lib/python3.12/site-packages/airflow/example_dags/example_sensors.py
[2026-04-28T17:43:20.862+0000] {processor.py:830} INFO - Processing file /home/airflow/.local/lib/python3.12/site-packages/airflow/example_dags/example_sensors.py for tasks to queue
[2026-04-28T17:43:20.866+0000] {logging_mixin.py:188} INFO - [2026-04-28T17:43:20.865+0000] {dagbag.py:540} INFO - Filling up the DagBag from /home/airflow/.local/lib/python3.12/site-packages/airflow/example_dags/example_sensors.py
[2026-04-28T17:43:20.880+0000] {processor.py:840} INFO - DAG(s) 'example_sensors' retrieved from /home/airflow/.local/lib/python3.12/site-packages/airflow/example_dags/example_sensors.py
[2026-04-28T17:43:20.954+0000] {logging_mixin.py:188} INFO - [2026-04-28T17:43:20.954+0000] {dag.py:3096} INFO - Sync 1 DAGs
[2026-04-28T17:43:20.985+0000] {logging_mixin.py:188} INFO - [2026-04-28T17:43:20.984+0000] {dag.py:3954} INFO - Setting next_dagrun for example_sensors to None, run_after=None
[2026-04-28T17:43:21.026+0000] {processor.py:183} INFO - Processing /home/airflow/.local/lib/python3.12/site-packages/airflow/example_dags/example_sensors.py took 0.188 seconds
[2026-04-28T17:43:51.787+0000] {processor.py:161} INFO - Started process (PID=2246) to work on /home/airflow/.local/lib/python3.12/site-packages/airflow/example_dags/example_sensors.py
[2026-04-28T17:43:51.789+0000] {processor.py:830} INFO - Processing file /home/airflow/.local/lib/python3.12/site-packages/airflow/example_dags/example_sensors.py for tasks to queue
[2026-04-28T17:43:51.794+0000] {logging_mixin.py:188} INFO - [2026-04-28T17:43:51.793+0000] {dagbag.py:540} INFO - Filling up the DagBag from /home/airflow/.local/lib/python3.12/site-packages/airflow/example_dags/example_sensors.py
[2026-04-28T17:43:51.819+0000] {processor.py:840} INFO - DAG(s) 'example_sensors' retrieved from /home/airflow/.local/lib/python3.12/site-packages/airflow/example_dags/example_sensors.py
[2026-04-28T17:43:51.914+0000] {logging_mixin.py:188} INFO - [2026-04-28T17:43:51.914+0000] {dag.py:3096} INFO - Sync 1 DAGs
[2026-04-28T17:43:51.948+0000] {logging_mixin.py:188} INFO - [2026-04-28T17:43:51.948+0000] {dag.py:3954} INFO - Setting next_dagrun for example_sensors to None, run_after=None
[2026-04-28T17:43:51.990+0000] {processor.py:183} INFO - Processing /home/airflow/.local/lib/python3.12/site-packages/airflow/example_dags/example_sensors.py took 0.224 seconds
[2026-04-28T17:44:22.579+0000] {processor.py:161} INFO - Started process (PID=2306) to work on /home/airflow/.local/lib/python3.12/site-packages/airflow/example_dags/example_sensors.py
[2026-04-28T17:44:22.581+0000] {processor.py:830} INFO - Processing file /home/airflow/.local/lib/python3.12/site-packages/airflow/example_dags/example_sensors.py for tasks to queue
[2026-04-28T17:44:22.583+0000] {logging_mixin.py:188} INFO - [2026-04-28T17:44:22.582+0000] {dagbag.py:540} INFO - Filling up the DagBag from /home/airflow/.local/lib/python3.12/site-packages/airflow/example_dags/example_sensors.py
[2026-04-28T17:44:22.594+0000] {processor.py:840} INFO - DAG(s) 'example_sensors' retrieved from /home/airflow/.local/lib/python3.12/site-packages/airflow/example_dags/example_sensors.py
[2026-04-28T17:44:22.631+0000] {logging_mixin.py:188} INFO - [2026-04-28T17:44:22.631+0000] {dag.py:3096} INFO - Sync 1 DAGs
[2026-04-28T17:44:22.647+0000] {logging_mixin.py:188} INFO - [2026-04-28T17:44:22.647+0000] {dag.py:3954} INFO - Setting next_dagrun for example_sensors to None, run_after=None
[2026-04-28T17:44:22.666+0000] {processor.py:183} INFO - Processing /home/airflow/.local/lib/python3.12/site-packages/airflow/example_dags/example_sensors.py took 0.094 seconds
[2026-04-28T17:44:52.971+0000] {processor.py:161} INFO - Started process (PID=2366) to work on /home/airflow/.local/lib/python3.12/site-packages/airflow/example_dags/example_sensors.py
[2026-04-28T17:44:52.972+0000] {processor.py:830} INFO - Processing file /home/airflow/.local/lib/python3.12/site-packages/airflow/example_dags/example_sensors.py for tasks to queue
[2026-04-28T17:44:52.974+0000] {logging_mixin.py:188} INFO - [2026-04-28T17:44:52.973+0000] {dagbag.py:540} INFO - Filling up the DagBag from /home/airflow/.local/lib/python3.12/site-packages/airflow/example_dags/example_sensors.py
[2026-04-28T17:44:52.985+0000] {processor.py:840} INFO - DAG(s) 'example_sensors' retrieved from /home/airflow/.local/lib/python3.12/site-packages/airflow/example_dags/example_sensors.py
[2026-04-28T17:44:53.018+0000] {logging_mixin.py:188} INFO - [2026-04-28T17:44:53.018+0000] {dag.py:3096} INFO - Sync 1 DAGs
[2026-04-28T17:44:53.034+0000] {logging_mixin.py:188} INFO - [2026-04-28T17:44:53.034+0000] {dag.py:3954} INFO - Setting next_dagrun for example_sensors to None, run_after=None
[2026-04-28T17:44:53.057+0000] {processor.py:183} INFO - Processing /home/airflow/.local/lib/python3.12/site-packages/airflow/example_dags/example_sensors.py took 0.094 seconds
[2026-04-28T17:45:23.302+0000] {processor.py:161} INFO - Started process (PID=2426) to work on /home/airflow/.local/lib/python3.12/site-packages/airflow/example_dags/example_sensors.py
[2026-04-28T17:45:23.303+0000] {processor.py:830} INFO - Processing file /home/airflow/.local/lib/python3.12/site-packages/airflow/example_dags/example_sensors.py for tasks to queue
[2026-04-28T17:45:23.306+0000] {logging_mixin.py:188} INFO - [2026-04-28T17:45:23.305+0000] {dagbag.py:540} INFO - Filling up the DagBag from /home/airflow/.local/lib/python3.12/site-packages/airflow/example_dags/example_sensors.py
[2026-04-28T17:45:23.317+0000] {processor.py:840} INFO - DAG(s) 'example_sensors' retrieved from /home/airflow/.local/lib/python3.12/site-packages/airflow/example_dags/example_sensors.py
[2026-04-28T17:45:23.349+0000] {logging_mixin.py:188} INFO - [2026-04-28T17:45:23.349+0000] {dag.py:3096} INFO - Sync 1 DAGs
[2026-04-28T17:45:23.365+0000] {logging_mixin.py:188} INFO - [2026-04-28T17:45:23.365+0000] {dag.py:3954} INFO - Setting next_dagrun for example_sensors to None, run_after=None
[2026-04-28T17:45:23.386+0000] {processor.py:183} INFO - Processing /home/airflow/.local/lib/python3.12/site-packages/airflow/example_dags/example_sensors.py took 0.093 seconds
[2026-04-28T17:45:53.861+0000] {processor.py:161} INFO - Started process (PID=2486) to work on /home/airflow/.local/lib/python3.12/site-packages/airflow/example_dags/example_sensors.py
[2026-04-28T17:45:53.862+0000] {processor.py:830} INFO - Processing file /home/airflow/.local/lib/python3.12/site-packages/airflow/example_dags/example_sensors.py for tasks to queue
[2026-04-28T17:45:53.864+0000] {logging_mixin.py:188} INFO - [2026-04-28T17:45:53.863+0000] {dagbag.py:540} INFO - Filling up the DagBag from /home/airflow/.local/lib/python3.12/site-packages/airflow/example_dags/example_sensors.py
[2026-04-28T17:45:53.875+0000] {processor.py:840} INFO - DAG(s) 'example_sensors' retrieved from /home/airflow/.local/lib/python3.12/site-packages/airflow/example_dags/example_sensors.py
[2026-04-28T17:45:53.921+0000] {logging_mixin.py:188} INFO - [2026-04-28T17:45:53.920+0000] {dag.py:3096} INFO - Sync 1 DAGs
[2026-04-28T17:45:53.938+0000] {logging_mixin.py:188} INFO - [2026-04-28T17:45:53.938+0000] {dag.py:3954} INFO - Setting next_dagrun for example_sensors to None, run_after=None
[2026-04-28T17:45:53.958+0000] {processor.py:183} INFO - Processing /home/airflow/.local/lib/python3.12/site-packages/airflow/example_dags/example_sensors.py took 0.104 seconds
[2026-04-28T17:46:24.625+0000] {processor.py:161} INFO - Started process (PID=2546) to work on /home/airflow/.local/lib/python3.12/site-packages/airflow/example_dags/example_sensors.py
[2026-04-28T17:46:24.626+0000] {processor.py:830} INFO - Processing file /home/airflow/.local/lib/python3.12/site-packages/airflow/example_dags/example_sensors.py for tasks to queue
[2026-04-28T17:46:24.628+0000] {logging_mixin.py:188} INFO - [2026-04-28T17:46:24.628+0000] {dagbag.py:540} INFO - Filling up the DagBag from /home/airflow/.local/lib/python3.12/site-packages/airflow/example_dags/example_sensors.py
[2026-04-28T17:46:24.639+0000] {processor.py:840} INFO - DAG(s) 'example_sensors' retrieved from /home/airflow/.local/lib/python3.12/site-packages/airflow/example_dags/example_sensors.py
[2026-04-28T17:46:24.672+0000] {logging_mixin.py:188} INFO - [2026-04-28T17:46:24.671+0000] {dag.py:3096} INFO - Sync 1 DAGs
[2026-04-28T17:46:24.688+0000] {logging_mixin.py:188} INFO - [2026-04-28T17:46:24.687+0000] {dag.py:3954} INFO - Setting next_dagrun for example_sensors to None, run_after=None
[2026-04-28T17:46:24.708+0000] {processor.py:183} INFO - Processing /home/airflow/.local/lib/python3.12/site-packages/airflow/example_dags/example_sensors.py took 0.090 seconds
[2026-04-28T17:46:54.869+0000] {processor.py:161} INFO - Started process (PID=2606) to work on /home/airflow/.local/lib/python3.12/site-packages/airflow/example_dags/example_sensors.py
[2026-04-28T17:46:54.870+0000] {processor.py:830} INFO - Processing file /home/airflow/.local/lib/python3.12/site-packages/airflow/example_dags/example_sensors.py for tasks to queue
[2026-04-28T17:46:54.872+0000] {logging_mixin.py:188} INFO - [2026-04-28T17:46:54.872+0000] {dagbag.py:540} INFO - Filling up the DagBag from /home/airflow/.local/lib/python3.12/site-packages/airflow/example_dags/example_sensors.py
[2026-04-28T17:46:54.884+0000] {processor.py:840} INFO - DAG(s) 'example_sensors' retrieved from /home/airflow/.local/lib/python3.12/site-packages/airflow/example_dags/example_sensors.py
[2026-04-28T17:46:54.920+0000] {logging_mixin.py:188} INFO - [2026-04-28T17:46:54.920+0000] {dag.py:3096} INFO - Sync 1 DAGs
[2026-04-28T17:46:54.937+0000] {logging_mixin.py:188} INFO - [2026-04-28T17:46:54.937+0000] {dag.py:3954} INFO - Setting next_dagrun for example_sensors to None, run_after=None
[2026-04-28T17:46:54.957+0000] {processor.py:183} INFO - Processing /home/airflow/.local/lib/python3.12/site-packages/airflow/example_dags/example_sensors.py took 0.099 seconds
[2026-04-28T17:47:25.587+0000] {processor.py:161} INFO - Started process (PID=2666) to work on /home/airflow/.local/lib/python3.12/site-packages/airflow/example_dags/example_sensors.py
[2026-04-28T17:47:25.588+0000] {processor.py:830} INFO - Processing file /home/airflow/.local/lib/python3.12/site-packages/airflow/example_dags/example_sensors.py for tasks to queue
[2026-04-28T17:47:25.592+0000] {logging_mixin.py:188} INFO - [2026-04-28T17:47:25.591+0000] {dagbag.py:540} INFO - Filling up the DagBag from /home/airflow/.local/lib/python3.12/site-packages/airflow/example_dags/example_sensors.py
[2026-04-28T17:47:25.606+0000] {processor.py:840} INFO - DAG(s) 'example_sensors' retrieved from /home/airflow/.local/lib/python3.12/site-packages/airflow/example_dags/example_sensors.py
[2026-04-28T17:47:25.638+0000] {logging_mixin.py:188} INFO - [2026-04-28T17:47:25.637+0000] {dag.py:3096} INFO - Sync 1 DAGs
[2026-04-28T17:47:25.653+0000] {logging_mixin.py:188} INFO - [2026-04-28T17:47:25.653+0000] {dag.py:3954} INFO - Setting next_dagrun for example_sensors to None, run_after=None
[2026-04-28T17:47:25.674+0000] {processor.py:183} INFO - Processing /home/airflow/.local/lib/python3.12/site-packages/airflow/example_dags/example_sensors.py took 0.094 seconds
[2026-04-28T17:47:56.239+0000] {processor.py:161} INFO - Started process (PID=2726) to work on /home/airflow/.local/lib/python3.12/site-packages/airflow/example_dags/example_sensors.py
[2026-04-28T17:47:56.240+0000] {processor.py:830} INFO - Processing file /home/airflow/.local/lib/python3.12/site-packages/airflow/example_dags/example_sensors.py for tasks to queue
[2026-04-28T17:47:56.242+0000] {logging_mixin.py:188} INFO - [2026-04-28T17:47:56.242+0000] {dagbag.py:540} INFO - Filling up the DagBag from /home/airflow/.local/lib/python3.12/site-packages/airflow/example_dags/example_sensors.py
[2026-04-28T17:47:56.253+0000] {processor.py:840} INFO - DAG(s) 'example_sensors' retrieved from /home/airflow/.local/lib/python3.12/site-packages/airflow/example_dags/example_sensors.py
[2026-04-28T17:47:56.284+0000] {logging_mixin.py:188} INFO - [2026-04-28T17:47:56.284+0000] {dag.py:3096} INFO - Sync 1 DAGs
[2026-04-28T17:47:56.300+0000] {logging_mixin.py:188} INFO - [2026-04-28T17:47:56.300+0000] {dag.py:3954} INFO - Setting next_dagrun for example_sensors to None, run_after=None
[2026-04-28T17:47:56.321+0000] {processor.py:183} INFO - Processing /home/airflow/.local/lib/python3.12/site-packages/airflow/example_dags/example_sensors.py took 0.089 seconds
[2026-04-28T17:48:26.989+0000] {processor.py:161} INFO - Started process (PID=2786) to work on /home/airflow/.local/lib/python3.12/site-packages/airflow/example_dags/example_sensors.py
[2026-04-28T17:48:26.990+0000] {processor.py:830} INFO - Processing file /home/airflow/.local/lib/python3.12/site-packages/airflow/example_dags/example_sensors.py for tasks to queue
[2026-04-28T17:48:26.992+0000] {logging_mixin.py:188} INFO - [2026-04-28T17:48:26.992+0000] {dagbag.py:540} INFO - Filling up the DagBag from /home/airflow/.local/lib/python3.12/site-packages/airflow/example_dags/example_sensors.py
[2026-04-28T17:48:27.006+0000] {processor.py:840} INFO - DAG(s) 'example_sensors' retrieved from /home/airflow/.local/lib/python3.12/site-packages/airflow/example_dags/example_sensors.py
[2026-04-28T17:48:27.066+0000] {logging_mixin.py:188} INFO - [2026-04-28T17:48:27.065+0000] {dag.py:3096} INFO - Sync 1 DAGs
[2026-04-28T17:48:27.082+0000] {logging_mixin.py:188} INFO - [2026-04-28T17:48:27.082+0000] {dag.py:3954} INFO - Setting next_dagrun for example_sensors to None, run_after=None
[2026-04-28T17:48:27.105+0000] {processor.py:183} INFO - Processing /home/airflow/.local/lib/python3.12/site-packages/airflow/example_dags/example_sensors.py took 0.122 seconds
[2026-04-28T17:48:57.253+0000] {processor.py:161} INFO - Started process (PID=2846) to work on /home/airflow/.local/lib/python3.12/site-packages/airflow/example_dags/example_sensors.py
[2026-04-28T17:48:57.255+0000] {processor.py:830} INFO - Processing file /home/airflow/.local/lib/python3.12/site-packages/airflow/example_dags/example_sensors.py for tasks to queue
[2026-04-28T17:48:57.257+0000] {logging_mixin.py:188} INFO - [2026-04-28T17:48:57.257+0000] {dagbag.py:540} INFO - Filling up the DagBag from /home/airflow/.local/lib/python3.12/site-packages/airflow/example_dags/example_sensors.py
[2026-04-28T17:48:57.269+0000] {processor.py:840} INFO - DAG(s) 'example_sensors' retrieved from /home/airflow/.local/lib/python3.12/site-packages/airflow/example_dags/example_sensors.py
[2026-04-28T17:48:57.332+0000] {logging_mixin.py:188} INFO - [2026-04-28T17:48:57.332+0000] {dag.py:3096} INFO - Sync 1 DAGs
[2026-04-28T17:48:57.383+0000] {logging_mixin.py:188} INFO - [2026-04-28T17:48:57.380+0000] {dag.py:3954} INFO - Setting next_dagrun for example_sensors to None, run_after=None
[2026-04-28T17:48:57.412+0000] {processor.py:183} INFO - Processing /home/airflow/.local/lib/python3.12/site-packages/airflow/example_dags/example_sensors.py took 0.180 seconds
[2026-04-28T17:49:27.859+0000] {processor.py:161} INFO - Started process (PID=2906) to work on /home/airflow/.local/lib/python3.12/site-packages/airflow/example_dags/example_sensors.py
[2026-04-28T17:49:27.859+0000] {processor.py:830} INFO - Processing file /home/airflow/.local/lib/python3.12/site-packages/airflow/example_dags/example_sensors.py for tasks to queue
[2026-04-28T17:49:27.861+0000] {logging_mixin.py:188} INFO - [2026-04-28T17:49:27.861+0000] {dagbag.py:540} INFO - Filling up the DagBag from /home/airflow/.local/lib/python3.12/site-packages/airflow/example_dags/example_sensors.py
[2026-04-28T17:49:27.873+0000] {processor.py:840} INFO - DAG(s) 'example_sensors' retrieved from /home/airflow/.local/lib/python3.12/site-packages/airflow/example_dags/example_sensors.py
[2026-04-28T17:49:27.904+0000] {logging_mixin.py:188} INFO - [2026-04-28T17:49:27.904+0000] {dag.py:3096} INFO - Sync 1 DAGs
[2026-04-28T17:49:27.920+0000] {logging_mixin.py:188} INFO - [2026-04-28T17:49:27.920+0000] {dag.py:3954} INFO - Setting next_dagrun for example_sensors to None, run_after=None
[2026-04-28T17:49:27.954+0000] {processor.py:183} INFO - Processing /home/airflow/.local/lib/python3.12/site-packages/airflow/example_dags/example_sensors.py took 0.105 seconds
[2026-04-28T17:49:58.179+0000] {processor.py:161} INFO - Started process (PID=2966) to work on /home/airflow/.local/lib/python3.12/site-packages/airflow/example_dags/example_sensors.py
[2026-04-28T17:49:58.180+0000] {processor.py:830} INFO - Processing file /home/airflow/.local/lib/python3.12/site-packages/airflow/example_dags/example_sensors.py for tasks to queue
[2026-04-28T17:49:58.182+0000] {logging_mixin.py:188} INFO - [2026-04-28T17:49:58.182+0000] {dagbag.py:540} INFO - Filling up the DagBag from /home/airflow/.local/lib/python3.12/site-packages/airflow/example_dags/example_sensors.py
[2026-04-28T17:49:58.193+0000] {processor.py:840} INFO - DAG(s) 'example_sensors' retrieved from /home/airflow/.local/lib/python3.12/site-packages/airflow/example_dags/example_sensors.py
[2026-04-28T17:49:58.225+0000] {logging_mixin.py:188} INFO - [2026-04-28T17:49:58.225+0000] {dag.py:3096} INFO - Sync 1 DAGs
[2026-04-28T17:49:58.245+0000] {logging_mixin.py:188} INFO - [2026-04-28T17:49:58.245+0000] {dag.py:3954} INFO - Setting next_dagrun for example_sensors to None, run_after=None
[2026-04-28T17:49:58.266+0000] {processor.py:183} INFO - Processing /home/airflow/.local/lib/python3.12/site-packages/airflow/example_dags/example_sensors.py took 0.097 seconds
[2026-04-28T17:50:28.398+0000] {processor.py:161} INFO - Started process (PID=3025) to work on /home/airflow/.local/lib/python3.12/site-packages/airflow/example_dags/example_sensors.py
[2026-04-28T17:50:28.399+0000] {processor.py:830} INFO - Processing file /home/airflow/.local/lib/python3.12/site-packages/airflow/example_dags/example_sensors.py for tasks to queue
[2026-04-28T17:50:28.402+0000] {logging_mixin.py:188} INFO - [2026-04-28T17:50:28.401+0000] {dagbag.py:540} INFO - Filling up the DagBag from /home/airflow/.local/lib/python3.12/site-packages/airflow/example_dags/example_sensors.py
[2026-04-28T17:50:28.416+0000] {processor.py:840} INFO - DAG(s) 'example_sensors' retrieved from /home/airflow/.local/lib/python3.12/site-packages/airflow/example_dags/example_sensors.py
[2026-04-28T17:50:28.499+0000] {logging_mixin.py:188} INFO - [2026-04-28T17:50:28.499+0000] {dag.py:3096} INFO - Sync 1 DAGs
[2026-04-28T17:50:28.532+0000] {logging_mixin.py:188} INFO - [2026-04-28T17:50:28.532+0000] {dag.py:3954} INFO - Setting next_dagrun for example_sensors to None, run_after=None
[2026-04-28T17:50:28.577+0000] {processor.py:183} INFO - Processing /home/airflow/.local/lib/python3.12/site-packages/airflow/example_dags/example_sensors.py took 0.205 seconds
[2026-04-28T17:50:58.908+0000] {processor.py:161} INFO - Started process (PID=3085) to work on /home/airflow/.local/lib/python3.12/site-packages/airflow/example_dags/example_sensors.py
[2026-04-28T17:50:58.910+0000] {processor.py:830} INFO - Processing file /home/airflow/.local/lib/python3.12/site-packages/airflow/example_dags/example_sensors.py for tasks to queue
[2026-04-28T17:50:58.912+0000] {logging_mixin.py:188} INFO - [2026-04-28T17:50:58.911+0000] {dagbag.py:540} INFO - Filling up the DagBag from /home/airflow/.local/lib/python3.12/site-packages/airflow/example_dags/example_sensors.py
[2026-04-28T17:50:58.926+0000] {processor.py:840} INFO - DAG(s) 'example_sensors' retrieved from /home/airflow/.local/lib/python3.12/site-packages/airflow/example_dags/example_sensors.py
[2026-04-28T17:50:58.960+0000] {logging_mixin.py:188} INFO - [2026-04-28T17:50:58.960+0000] {dag.py:3096} INFO - Sync 1 DAGs
[2026-04-28T17:50:58.982+0000] {logging_mixin.py:188} INFO - [2026-04-28T17:50:58.982+0000] {dag.py:3954} INFO - Setting next_dagrun for example_sensors to None, run_after=None
[2026-04-28T17:50:59.009+0000] {processor.py:183} INFO - Processing /home/airflow/.local/lib/python3.12/site-packages/airflow/example_dags/example_sensors.py took 0.108 seconds
[2026-04-28T17:51:29.572+0000] {processor.py:161} INFO - Started process (PID=3145) to work on /home/airflow/.local/lib/python3.12/site-packages/airflow/example_dags/example_sensors.py
[2026-04-28T17:51:29.573+0000] {processor.py:830} INFO - Processing file /home/airflow/.local/lib/python3.12/site-packages/airflow/example_dags/example_sensors.py for tasks to queue
[2026-04-28T17:51:29.575+0000] {logging_mixin.py:188} INFO - [2026-04-28T17:51:29.575+0000] {dagbag.py:540} INFO - Filling up the DagBag from /home/airflow/.local/lib/python3.12/site-packages/airflow/example_dags/example_sensors.py
[2026-04-28T17:51:29.608+0000] {processor.py:840} INFO - DAG(s) 'example_sensors' retrieved from /home/airflow/.local/lib/python3.12/site-packages/airflow/example_dags/example_sensors.py
[2026-04-28T17:51:29.672+0000] {logging_mixin.py:188} INFO - [2026-04-28T17:51:29.672+0000] {dag.py:3096} INFO - Sync 1 DAGs
[2026-04-28T17:51:29.694+0000] {logging_mixin.py:188} INFO - [2026-04-28T17:51:29.694+0000] {dag.py:3954} INFO - Setting next_dagrun for example_sensors to None, run_after=None
[2026-04-28T17:51:29.747+0000] {processor.py:183} INFO - Processing /home/airflow/.local/lib/python3.12/site-packages/airflow/example_dags/example_sensors.py took 0.189 seconds
[2026-04-28T17:52:00.009+0000] {processor.py:161} INFO - Started process (PID=3205) to work on /home/airflow/.local/lib/python3.12/site-packages/airflow/example_dags/example_sensors.py
[2026-04-28T17:52:00.022+0000] {processor.py:830} INFO - Processing file /home/airflow/.local/lib/python3.12/site-packages/airflow/example_dags/example_sensors.py for tasks to queue
[2026-04-28T17:52:00.027+0000] {logging_mixin.py:188} INFO - [2026-04-28T17:52:00.026+0000] {dagbag.py:540} INFO - Filling up the DagBag from /home/airflow/.local/lib/python3.12/site-packages/airflow/example_dags/example_sensors.py
[2026-04-28T17:52:00.097+0000] {processor.py:840} INFO - DAG(s) 'example_sensors' retrieved from /home/airflow/.local/lib/python3.12/site-packages/airflow/example_dags/example_sensors.py
[2026-04-28T17:52:00.208+0000] {logging_mixin.py:188} INFO - [2026-04-28T17:52:00.208+0000] {dag.py:3096} INFO - Sync 1 DAGs
[2026-04-28T17:52:00.297+0000] {logging_mixin.py:188} INFO - [2026-04-28T17:52:00.296+0000] {dag.py:3954} INFO - Setting next_dagrun for example_sensors to None, run_after=None
[2026-04-28T17:52:00.369+0000] {processor.py:183} INFO - Processing /home/airflow/.local/lib/python3.12/site-packages/airflow/example_dags/example_sensors.py took 0.429 seconds
[2026-04-28T17:52:31.176+0000] {processor.py:161} INFO - Started process (PID=3265) to work on /home/airflow/.local/lib/python3.12/site-packages/airflow/example_dags/example_sensors.py
[2026-04-28T17:52:31.177+0000] {processor.py:830} INFO - Processing file /home/airflow/.local/lib/python3.12/site-packages/airflow/example_dags/example_sensors.py for tasks to queue
[2026-04-28T17:52:31.179+0000] {logging_mixin.py:188} INFO - [2026-04-28T17:52:31.179+0000] {dagbag.py:540} INFO - Filling up the DagBag from /home/airflow/.local/lib/python3.12/site-packages/airflow/example_dags/example_sensors.py
[2026-04-28T17:52:31.190+0000] {processor.py:840} INFO - DAG(s) 'example_sensors' retrieved from /home/airflow/.local/lib/python3.12/site-packages/airflow/example_dags/example_sensors.py
[2026-04-28T17:52:31.222+0000] {logging_mixin.py:188} INFO - [2026-04-28T17:52:31.221+0000] {dag.py:3096} INFO - Sync 1 DAGs
[2026-04-28T17:52:31.238+0000] {logging_mixin.py:188} INFO - [2026-04-28T17:52:31.238+0000] {dag.py:3954} INFO - Setting next_dagrun for example_sensors to None, run_after=None
[2026-04-28T17:52:31.261+0000] {processor.py:183} INFO - Processing /home/airflow/.local/lib/python3.12/site-packages/airflow/example_dags/example_sensors.py took 0.095 seconds
[2026-04-28T17:53:01.358+0000] {processor.py:161} INFO - Started process (PID=3325) to work on /home/airflow/.local/lib/python3.12/site-packages/airflow/example_dags/example_sensors.py
[2026-04-28T17:53:01.359+0000] {processor.py:830} INFO - Processing file /home/airflow/.local/lib/python3.12/site-packages/airflow/example_dags/example_sensors.py for tasks to queue
[2026-04-28T17:53:01.361+0000] {logging_mixin.py:188} INFO - [2026-04-28T17:53:01.361+0000] {dagbag.py:540} INFO - Filling up the DagBag from /home/airflow/.local/lib/python3.12/site-packages/airflow/example_dags/example_sensors.py
[2026-04-28T17:53:01.372+0000] {processor.py:840} INFO - DAG(s) 'example_sensors' retrieved from /home/airflow/.local/lib/python3.12/site-packages/airflow/example_dags/example_sensors.py
[2026-04-28T17:53:01.425+0000] {logging_mixin.py:188} INFO - [2026-04-28T17:53:01.424+0000] {dag.py:3096} INFO - Sync 1 DAGs
[2026-04-28T17:53:01.445+0000] {logging_mixin.py:188} INFO - [2026-04-28T17:53:01.445+0000] {dag.py:3954} INFO - Setting next_dagrun for example_sensors to None, run_after=None
[2026-04-28T17:53:01.483+0000] {processor.py:183} INFO - Processing /home/airflow/.local/lib/python3.12/site-packages/airflow/example_dags/example_sensors.py took 0.131 seconds
[2026-04-28T17:53:31.965+0000] {processor.py:161} INFO - Started process (PID=3386) to work on /home/airflow/.local/lib/python3.12/site-packages/airflow/example_dags/example_sensors.py
[2026-04-28T17:53:31.966+0000] {processor.py:830} INFO - Processing file /home/airflow/.local/lib/python3.12/site-packages/airflow/example_dags/example_sensors.py for tasks to queue
[2026-04-28T17:53:31.968+0000] {logging_mixin.py:188} INFO - [2026-04-28T17:53:31.968+0000] {dagbag.py:540} INFO - Filling up the DagBag from /home/airflow/.local/lib/python3.12/site-packages/airflow/example_dags/example_sensors.py
[2026-04-28T17:53:31.995+0000] {processor.py:840} INFO - DAG(s) 'example_sensors' retrieved from /home/airflow/.local/lib/python3.12/site-packages/airflow/example_dags/example_sensors.py
[2026-04-28T17:53:32.030+0000] {logging_mixin.py:188} INFO - [2026-04-28T17:53:32.030+0000] {dag.py:3096} INFO - Sync 1 DAGs
[2026-04-28T17:53:32.045+0000] {logging_mixin.py:188} INFO - [2026-04-28T17:53:32.045+0000] {dag.py:3954} INFO - Setting next_dagrun for example_sensors to None, run_after=None
[2026-04-28T17:53:32.070+0000] {processor.py:183} INFO - Processing /home/airflow/.local/lib/python3.12/site-packages/airflow/example_dags/example_sensors.py took 0.111 seconds
[2026-04-28T17:54:02.173+0000] {processor.py:161} INFO - Started process (PID=3446) to work on /home/airflow/.local/lib/python3.12/site-packages/airflow/example_dags/example_sensors.py
[2026-04-28T17:54:02.174+0000] {processor.py:830} INFO - Processing file /home/airflow/.local/lib/python3.12/site-packages/airflow/example_dags/example_sensors.py for tasks to queue
[2026-04-28T17:54:02.176+0000] {logging_mixin.py:188} INFO - [2026-04-28T17:54:02.176+0000] {dagbag.py:540} INFO - Filling up the DagBag from /home/airflow/.local/lib/python3.12/site-packages/airflow/example_dags/example_sensors.py
[2026-04-28T17:54:02.189+0000] {processor.py:840} INFO - DAG(s) 'example_sensors' retrieved from /home/airflow/.local/lib/python3.12/site-packages/airflow/example_dags/example_sensors.py
[2026-04-28T17:54:02.223+0000] {logging_mixin.py:188} INFO - [2026-04-28T17:54:02.223+0000] {dag.py:3096} INFO - Sync 1 DAGs
[2026-04-28T17:54:02.235+0000] {logging_mixin.py:188} INFO - [2026-04-28T17:54:02.235+0000] {dag.py:3954} INFO - Setting next_dagrun for example_sensors to None, run_after=None
[2026-04-28T17:54:02.253+0000] {processor.py:183} INFO - Processing /home/airflow/.local/lib/python3.12/site-packages/airflow/example_dags/example_sensors.py took 0.087 seconds
[2026-04-28T17:54:32.438+0000] {processor.py:161} INFO - Started process (PID=3506) to work on /home/airflow/.local/lib/python3.12/site-packages/airflow/example_dags/example_sensors.py
[2026-04-28T17:54:32.439+0000] {processor.py:830} INFO - Processing file /home/airflow/.local/lib/python3.12/site-packages/airflow/example_dags/example_sensors.py for tasks to queue
[2026-04-28T17:54:32.441+0000] {logging_mixin.py:188} INFO - [2026-04-28T17:54:32.441+0000] {dagbag.py:540} INFO - Filling up the DagBag from /home/airflow/.local/lib/python3.12/site-packages/airflow/example_dags/example_sensors.py
[2026-04-28T17:54:32.452+0000] {processor.py:840} INFO - DAG(s) 'example_sensors' retrieved from /home/airflow/.local/lib/python3.12/site-packages/airflow/example_dags/example_sensors.py
[2026-04-28T17:54:32.483+0000] {logging_mixin.py:188} INFO - [2026-04-28T17:54:32.483+0000] {dag.py:3096} INFO - Sync 1 DAGs
[2026-04-28T17:54:32.496+0000] {logging_mixin.py:188} INFO - [2026-04-28T17:54:32.495+0000] {dag.py:3954} INFO - Setting next_dagrun for example_sensors to None, run_after=None
[2026-04-28T17:54:32.510+0000] {processor.py:183} INFO - Processing /home/airflow/.local/lib/python3.12/site-packages/airflow/example_dags/example_sensors.py took 0.078 seconds
[2026-04-28T17:55:02.624+0000] {processor.py:161} INFO - Started process (PID=3567) to work on /home/airflow/.local/lib/python3.12/site-packages/airflow/example_dags/example_sensors.py
[2026-04-28T17:55:02.629+0000] {processor.py:830} INFO - Processing file /home/airflow/.local/lib/python3.12/site-packages/airflow/example_dags/example_sensors.py for tasks to queue
[2026-04-28T17:55:02.635+0000] {logging_mixin.py:188} INFO - [2026-04-28T17:55:02.635+0000] {dagbag.py:540} INFO - Filling up the DagBag from /home/airflow/.local/lib/python3.12/site-packages/airflow/example_dags/example_sensors.py
[2026-04-28T17:55:02.668+0000] {processor.py:840} INFO - DAG(s) 'example_sensors' retrieved from /home/airflow/.local/lib/python3.12/site-packages/airflow/example_dags/example_sensors.py
[2026-04-28T17:55:02.755+0000] {logging_mixin.py:188} INFO - [2026-04-28T17:55:02.755+0000] {dag.py:3096} INFO - Sync 1 DAGs
[2026-04-28T17:55:02.787+0000] {logging_mixin.py:188} INFO - [2026-04-28T17:55:02.787+0000] {dag.py:3954} INFO - Setting next_dagrun for example_sensors to None, run_after=None
[2026-04-28T17:55:02.813+0000] {processor.py:183} INFO - Processing /home/airflow/.local/lib/python3.12/site-packages/airflow/example_dags/example_sensors.py took 0.214 seconds
[2026-04-28T17:55:33.530+0000] {processor.py:161} INFO - Started process (PID=3628) to work on /home/airflow/.local/lib/python3.12/site-packages/airflow/example_dags/example_sensors.py
[2026-04-28T17:55:33.531+0000] {processor.py:830} INFO - Processing file /home/airflow/.local/lib/python3.12/site-packages/airflow/example_dags/example_sensors.py for tasks to queue
[2026-04-28T17:55:33.533+0000] {logging_mixin.py:188} INFO - [2026-04-28T17:55:33.532+0000] {dagbag.py:540} INFO - Filling up the DagBag from /home/airflow/.local/lib/python3.12/site-packages/airflow/example_dags/example_sensors.py
[2026-04-28T17:55:33.543+0000] {processor.py:840} INFO - DAG(s) 'example_sensors' retrieved from /home/airflow/.local/lib/python3.12/site-packages/airflow/example_dags/example_sensors.py
[2026-04-28T17:55:33.574+0000] {logging_mixin.py:188} INFO - [2026-04-28T17:55:33.574+0000] {dag.py:3096} INFO - Sync 1 DAGs
[2026-04-28T17:55:33.591+0000] {logging_mixin.py:188} INFO - [2026-04-28T17:55:33.591+0000] {dag.py:3954} INFO - Setting next_dagrun for example_sensors to None, run_after=None
[2026-04-28T17:55:33.622+0000] {processor.py:183} INFO - Processing /home/airflow/.local/lib/python3.12/site-packages/airflow/example_dags/example_sensors.py took 0.099 seconds
[2026-04-28T17:56:03.905+0000] {processor.py:161} INFO - Started process (PID=3688) to work on /home/airflow/.local/lib/python3.12/site-packages/airflow/example_dags/example_sensors.py
[2026-04-28T17:56:03.906+0000] {processor.py:830} INFO - Processing file /home/airflow/.local/lib/python3.12/site-packages/airflow/example_dags/example_sensors.py for tasks to queue
[2026-04-28T17:56:03.908+0000] {logging_mixin.py:188} INFO - [2026-04-28T17:56:03.908+0000] {dagbag.py:540} INFO - Filling up the DagBag from /home/airflow/.local/lib/python3.12/site-packages/airflow/example_dags/example_sensors.py
[2026-04-28T17:56:03.919+0000] {processor.py:840} INFO - DAG(s) 'example_sensors' retrieved from /home/airflow/.local/lib/python3.12/site-packages/airflow/example_dags/example_sensors.py
[2026-04-28T17:56:03.994+0000] {logging_mixin.py:188} INFO - [2026-04-28T17:56:03.994+0000] {dag.py:3096} INFO - Sync 1 DAGs
[2026-04-28T17:56:04.026+0000] {logging_mixin.py:188} INFO - [2026-04-28T17:56:04.026+0000] {dag.py:3954} INFO - Setting next_dagrun for example_sensors to None, run_after=None
[2026-04-28T17:56:04.079+0000] {processor.py:183} INFO - Processing /home/airflow/.local/lib/python3.12/site-packages/airflow/example_dags/example_sensors.py took 0.180 seconds
[2026-04-28T17:56:34.694+0000] {processor.py:161} INFO - Started process (PID=3746) to work on /home/airflow/.local/lib/python3.12/site-packages/airflow/example_dags/example_sensors.py
[2026-04-28T17:56:34.701+0000] {processor.py:830} INFO - Processing file /home/airflow/.local/lib/python3.12/site-packages/airflow/example_dags/example_sensors.py for tasks to queue
[2026-04-28T17:56:34.717+0000] {logging_mixin.py:188} INFO - [2026-04-28T17:56:34.710+0000] {dagbag.py:540} INFO - Filling up the DagBag from /home/airflow/.local/lib/python3.12/site-packages/airflow/example_dags/example_sensors.py
[2026-04-28T17:56:34.755+0000] {processor.py:840} INFO - DAG(s) 'example_sensors' retrieved from /home/airflow/.local/lib/python3.12/site-packages/airflow/example_dags/example_sensors.py
[2026-04-28T17:56:34.856+0000] {logging_mixin.py:188} INFO - [2026-04-28T17:56:34.856+0000] {dag.py:3096} INFO - Sync 1 DAGs
[2026-04-28T17:56:34.886+0000] {logging_mixin.py:188} INFO - [2026-04-28T17:56:34.886+0000] {dag.py:3954} INFO - Setting next_dagrun for example_sensors to None, run_after=None
[2026-04-28T17:56:34.924+0000] {processor.py:183} INFO - Processing /home/airflow/.local/lib/python3.12/site-packages/airflow/example_dags/example_sensors.py took 0.257 seconds
[2026-04-28T17:57:05.183+0000] {processor.py:161} INFO - Started process (PID=3806) to work on /home/airflow/.local/lib/python3.12/site-packages/airflow/example_dags/example_sensors.py
[2026-04-28T17:57:05.187+0000] {processor.py:830} INFO - Processing file /home/airflow/.local/lib/python3.12/site-packages/airflow/example_dags/example_sensors.py for tasks to queue
[2026-04-28T17:57:05.193+0000] {logging_mixin.py:188} INFO - [2026-04-28T17:57:05.193+0000] {dagbag.py:540} INFO - Filling up the DagBag from /home/airflow/.local/lib/python3.12/site-packages/airflow/example_dags/example_sensors.py
[2026-04-28T17:57:05.223+0000] {processor.py:840} INFO - DAG(s) 'example_sensors' retrieved from /home/airflow/.local/lib/python3.12/site-packages/airflow/example_dags/example_sensors.py
[2026-04-28T17:57:05.259+0000] {logging_mixin.py:188} INFO - [2026-04-28T17:57:05.259+0000] {dag.py:3096} INFO - Sync 1 DAGs
[2026-04-28T17:57:05.275+0000] {logging_mixin.py:188} INFO - [2026-04-28T17:57:05.275+0000] {dag.py:3954} INFO - Setting next_dagrun for example_sensors to None, run_after=None
[2026-04-28T17:57:05.296+0000] {processor.py:183} INFO - Processing /home/airflow/.local/lib/python3.12/site-packages/airflow/example_dags/example_sensors.py took 0.123 seconds
[2026-04-28T17:57:35.499+0000] {processor.py:161} INFO - Started process (PID=3866) to work on /home/airflow/.local/lib/python3.12/site-packages/airflow/example_dags/example_sensors.py
[2026-04-28T17:57:35.499+0000] {processor.py:830} INFO - Processing file /home/airflow/.local/lib/python3.12/site-packages/airflow/example_dags/example_sensors.py for tasks to queue
[2026-04-28T17:57:35.501+0000] {logging_mixin.py:188} INFO - [2026-04-28T17:57:35.501+0000] {dagbag.py:540} INFO - Filling up the DagBag from /home/airflow/.local/lib/python3.12/site-packages/airflow/example_dags/example_sensors.py
[2026-04-28T17:57:35.519+0000] {processor.py:840} INFO - DAG(s) 'example_sensors' retrieved from /home/airflow/.local/lib/python3.12/site-packages/airflow/example_dags/example_sensors.py
[2026-04-28T17:57:35.557+0000] {logging_mixin.py:188} INFO - [2026-04-28T17:57:35.556+0000] {dag.py:3096} INFO - Sync 1 DAGs
[2026-04-28T17:57:35.574+0000] {logging_mixin.py:188} INFO - [2026-04-28T17:57:35.573+0000] {dag.py:3954} INFO - Setting next_dagrun for example_sensors to None, run_after=None
[2026-04-28T17:57:35.594+0000] {processor.py:183} INFO - Processing /home/airflow/.local/lib/python3.12/site-packages/airflow/example_dags/example_sensors.py took 0.102 seconds
[2026-04-28T17:58:05.911+0000] {processor.py:161} INFO - Started process (PID=3926) to work on /home/airflow/.local/lib/python3.12/site-packages/airflow/example_dags/example_sensors.py
[2026-04-28T17:58:05.912+0000] {processor.py:830} INFO - Processing file /home/airflow/.local/lib/python3.12/site-packages/airflow/example_dags/example_sensors.py for tasks to queue
[2026-04-28T17:58:05.919+0000] {logging_mixin.py:188} INFO - [2026-04-28T17:58:05.919+0000] {dagbag.py:540} INFO - Filling up the DagBag from /home/airflow/.local/lib/python3.12/site-packages/airflow/example_dags/example_sensors.py
[2026-04-28T17:58:05.932+0000] {processor.py:840} INFO - DAG(s) 'example_sensors' retrieved from /home/airflow/.local/lib/python3.12/site-packages/airflow/example_dags/example_sensors.py
[2026-04-28T17:58:05.965+0000] {logging_mixin.py:188} INFO - [2026-04-28T17:58:05.964+0000] {dag.py:3096} INFO - Sync 1 DAGs
[2026-04-28T17:58:05.987+0000] {logging_mixin.py:188} INFO - [2026-04-28T17:58:05.987+0000] {dag.py:3954} INFO - Setting next_dagrun for example_sensors to None, run_after=None
[2026-04-28T17:58:06.008+0000] {processor.py:183} INFO - Processing /home/airflow/.local/lib/python3.12/site-packages/airflow/example_dags/example_sensors.py took 0.107 seconds
[2026-04-28T17:58:36.120+0000] {processor.py:161} INFO - Started process (PID=3986) to work on /home/airflow/.local/lib/python3.12/site-packages/airflow/example_dags/example_sensors.py
[2026-04-28T17:58:36.121+0000] {processor.py:830} INFO - Processing file /home/airflow/.local/lib/python3.12/site-packages/airflow/example_dags/example_sensors.py for tasks to queue
[2026-04-28T17:58:36.122+0000] {logging_mixin.py:188} INFO - [2026-04-28T17:58:36.122+0000] {dagbag.py:540} INFO - Filling up the DagBag from /home/airflow/.local/lib/python3.12/site-packages/airflow/example_dags/example_sensors.py
[2026-04-28T17:58:36.133+0000] {processor.py:840} INFO - DAG(s) 'example_sensors' retrieved from /home/airflow/.local/lib/python3.12/site-packages/airflow/example_dags/example_sensors.py
[2026-04-28T17:58:36.165+0000] {logging_mixin.py:188} INFO - [2026-04-28T17:58:36.165+0000] {dag.py:3096} INFO - Sync 1 DAGs
[2026-04-28T17:58:36.181+0000] {logging_mixin.py:188} INFO - [2026-04-28T17:58:36.181+0000] {dag.py:3954} INFO - Setting next_dagrun for example_sensors to None, run_after=None
[2026-04-28T17:58:36.202+0000] {processor.py:183} INFO - Processing /home/airflow/.local/lib/python3.12/site-packages/airflow/example_dags/example_sensors.py took 0.089 seconds
[2026-04-28T18:01:05.248+0000] {processor.py:161} INFO - Started process (PID=92) to work on /home/airflow/.local/lib/python3.12/site-packages/airflow/example_dags/example_sensors.py
[2026-04-28T18:01:05.266+0000] {processor.py:830} INFO - Processing file /home/airflow/.local/lib/python3.12/site-packages/airflow/example_dags/example_sensors.py for tasks to queue
[2026-04-28T18:01:05.271+0000] {logging_mixin.py:188} INFO - [2026-04-28T18:01:05.271+0000] {dagbag.py:540} INFO - Filling up the DagBag from /home/airflow/.local/lib/python3.12/site-packages/airflow/example_dags/example_sensors.py
[2026-04-28T18:01:05.317+0000] {processor.py:840} INFO - DAG(s) 'example_sensors' retrieved from /home/airflow/.local/lib/python3.12/site-packages/airflow/example_dags/example_sensors.py
[2026-04-28T18:01:05.806+0000] {logging_mixin.py:188} INFO - [2026-04-28T18:01:05.806+0000] {dag.py:3096} INFO - Sync 1 DAGs
[2026-04-28T18:01:05.961+0000] {logging_mixin.py:188} INFO - [2026-04-28T18:01:05.961+0000] {dag.py:3954} INFO - Setting next_dagrun for example_sensors to None, run_after=None
[2026-04-28T18:01:06.057+0000] {processor.py:183} INFO - Processing /home/airflow/.local/lib/python3.12/site-packages/airflow/example_dags/example_sensors.py took 0.902 seconds
[2026-04-28T18:01:36.842+0000] {processor.py:161} INFO - Started process (PID=153) to work on /home/airflow/.local/lib/python3.12/site-packages/airflow/example_dags/example_sensors.py
[2026-04-28T18:01:36.853+0000] {processor.py:830} INFO - Processing file /home/airflow/.local/lib/python3.12/site-packages/airflow/example_dags/example_sensors.py for tasks to queue
[2026-04-28T18:01:36.872+0000] {logging_mixin.py:188} INFO - [2026-04-28T18:01:36.872+0000] {dagbag.py:540} INFO - Filling up the DagBag from /home/airflow/.local/lib/python3.12/site-packages/airflow/example_dags/example_sensors.py
[2026-04-28T18:01:36.915+0000] {processor.py:840} INFO - DAG(s) 'example_sensors' retrieved from /home/airflow/.local/lib/python3.12/site-packages/airflow/example_dags/example_sensors.py
[2026-04-28T18:01:37.094+0000] {logging_mixin.py:188} INFO - [2026-04-28T18:01:37.093+0000] {dag.py:3096} INFO - Sync 1 DAGs
[2026-04-28T18:01:37.168+0000] {logging_mixin.py:188} INFO - [2026-04-28T18:01:37.168+0000] {dag.py:3954} INFO - Setting next_dagrun for example_sensors to None, run_after=None
[2026-04-28T18:01:37.495+0000] {processor.py:183} INFO - Processing /home/airflow/.local/lib/python3.12/site-packages/airflow/example_dags/example_sensors.py took 0.698 seconds
[2026-04-28T18:02:08.301+0000] {processor.py:161} INFO - Started process (PID=214) to work on /home/airflow/.local/lib/python3.12/site-packages/airflow/example_dags/example_sensors.py
[2026-04-28T18:02:08.308+0000] {processor.py:830} INFO - Processing file /home/airflow/.local/lib/python3.12/site-packages/airflow/example_dags/example_sensors.py for tasks to queue
[2026-04-28T18:02:08.311+0000] {logging_mixin.py:188} INFO - [2026-04-28T18:02:08.311+0000] {dagbag.py:540} INFO - Filling up the DagBag from /home/airflow/.local/lib/python3.12/site-packages/airflow/example_dags/example_sensors.py
[2026-04-28T18:02:08.337+0000] {processor.py:840} INFO - DAG(s) 'example_sensors' retrieved from /home/airflow/.local/lib/python3.12/site-packages/airflow/example_dags/example_sensors.py
[2026-04-28T18:02:08.360+0000] {logging_mixin.py:188} INFO - [2026-04-28T18:02:08.359+0000] {dag.py:3096} INFO - Sync 1 DAGs
[2026-04-28T18:02:08.450+0000] {logging_mixin.py:188} INFO - [2026-04-28T18:02:08.449+0000] {dag.py:3954} INFO - Setting next_dagrun for example_sensors to None, run_after=None
[2026-04-28T18:02:08.482+0000] {processor.py:183} INFO - Processing /home/airflow/.local/lib/python3.12/site-packages/airflow/example_dags/example_sensors.py took 0.194 seconds
[2026-04-28T18:02:39.068+0000] {processor.py:161} INFO - Started process (PID=273) to work on /home/airflow/.local/lib/python3.12/site-packages/airflow/example_dags/example_sensors.py
[2026-04-28T18:02:39.070+0000] {processor.py:830} INFO - Processing file /home/airflow/.local/lib/python3.12/site-packages/airflow/example_dags/example_sensors.py for tasks to queue
[2026-04-28T18:02:39.071+0000] {logging_mixin.py:188} INFO - [2026-04-28T18:02:39.071+0000] {dagbag.py:540} INFO - Filling up the DagBag from /home/airflow/.local/lib/python3.12/site-packages/airflow/example_dags/example_sensors.py
[2026-04-28T18:02:39.082+0000] {processor.py:840} INFO - DAG(s) 'example_sensors' retrieved from /home/airflow/.local/lib/python3.12/site-packages/airflow/example_dags/example_sensors.py
[2026-04-28T18:02:39.233+0000] {logging_mixin.py:188} INFO - [2026-04-28T18:02:39.233+0000] {dag.py:3096} INFO - Sync 1 DAGs
[2026-04-28T18:02:39.247+0000] {logging_mixin.py:188} INFO - [2026-04-28T18:02:39.247+0000] {dag.py:3954} INFO - Setting next_dagrun for example_sensors to None, run_after=None
[2026-04-28T18:02:39.267+0000] {processor.py:183} INFO - Processing /home/airflow/.local/lib/python3.12/site-packages/airflow/example_dags/example_sensors.py took 0.231 seconds
[2026-04-28T18:03:09.940+0000] {processor.py:161} INFO - Started process (PID=333) to work on /home/airflow/.local/lib/python3.12/site-packages/airflow/example_dags/example_sensors.py
[2026-04-28T18:03:09.941+0000] {processor.py:830} INFO - Processing file /home/airflow/.local/lib/python3.12/site-packages/airflow/example_dags/example_sensors.py for tasks to queue
[2026-04-28T18:03:09.943+0000] {logging_mixin.py:188} INFO - [2026-04-28T18:03:09.942+0000] {dagbag.py:540} INFO - Filling up the DagBag from /home/airflow/.local/lib/python3.12/site-packages/airflow/example_dags/example_sensors.py
[2026-04-28T18:03:09.954+0000] {processor.py:840} INFO - DAG(s) 'example_sensors' retrieved from /home/airflow/.local/lib/python3.12/site-packages/airflow/example_dags/example_sensors.py
[2026-04-28T18:03:09.988+0000] {logging_mixin.py:188} INFO - [2026-04-28T18:03:09.988+0000] {dag.py:3096} INFO - Sync 1 DAGs
[2026-04-28T18:03:10.004+0000] {logging_mixin.py:188} INFO - [2026-04-28T18:03:10.004+0000] {dag.py:3954} INFO - Setting next_dagrun for example_sensors to None, run_after=None
[2026-04-28T18:03:10.025+0000] {processor.py:183} INFO - Processing /home/airflow/.local/lib/python3.12/site-packages/airflow/example_dags/example_sensors.py took 0.092 seconds
[2026-04-28T18:03:40.885+0000] {processor.py:161} INFO - Started process (PID=393) to work on /home/airflow/.local/lib/python3.12/site-packages/airflow/example_dags/example_sensors.py
[2026-04-28T18:03:40.886+0000] {processor.py:830} INFO - Processing file /home/airflow/.local/lib/python3.12/site-packages/airflow/example_dags/example_sensors.py for tasks to queue
[2026-04-28T18:03:40.888+0000] {logging_mixin.py:188} INFO - [2026-04-28T18:03:40.888+0000] {dagbag.py:540} INFO - Filling up the DagBag from /home/airflow/.local/lib/python3.12/site-packages/airflow/example_dags/example_sensors.py
[2026-04-28T18:03:40.900+0000] {processor.py:840} INFO - DAG(s) 'example_sensors' retrieved from /home/airflow/.local/lib/python3.12/site-packages/airflow/example_dags/example_sensors.py
[2026-04-28T18:03:40.934+0000] {logging_mixin.py:188} INFO - [2026-04-28T18:03:40.933+0000] {dag.py:3096} INFO - Sync 1 DAGs
[2026-04-28T18:03:40.949+0000] {logging_mixin.py:188} INFO - [2026-04-28T18:03:40.949+0000] {dag.py:3954} INFO - Setting next_dagrun for example_sensors to None, run_after=None
[2026-04-28T18:03:40.971+0000] {processor.py:183} INFO - Processing /home/airflow/.local/lib/python3.12/site-packages/airflow/example_dags/example_sensors.py took 0.092 seconds
[2026-04-28T18:04:11.065+0000] {processor.py:161} INFO - Started process (PID=453) to work on /home/airflow/.local/lib/python3.12/site-packages/airflow/example_dags/example_sensors.py
[2026-04-28T18:04:11.066+0000] {processor.py:830} INFO - Processing file /home/airflow/.local/lib/python3.12/site-packages/airflow/example_dags/example_sensors.py for tasks to queue
[2026-04-28T18:04:11.068+0000] {logging_mixin.py:188} INFO - [2026-04-28T18:04:11.068+0000] {dagbag.py:540} INFO - Filling up the DagBag from /home/airflow/.local/lib/python3.12/site-packages/airflow/example_dags/example_sensors.py
[2026-04-28T18:04:11.079+0000] {processor.py:840} INFO - DAG(s) 'example_sensors' retrieved from /home/airflow/.local/lib/python3.12/site-packages/airflow/example_dags/example_sensors.py
[2026-04-28T18:04:11.115+0000] {logging_mixin.py:188} INFO - [2026-04-28T18:04:11.115+0000] {dag.py:3096} INFO - Sync 1 DAGs
[2026-04-28T18:04:11.136+0000] {logging_mixin.py:188} INFO - [2026-04-28T18:04:11.136+0000] {dag.py:3954} INFO - Setting next_dagrun for example_sensors to None, run_after=None
[2026-04-28T18:04:11.159+0000] {processor.py:183} INFO - Processing /home/airflow/.local/lib/python3.12/site-packages/airflow/example_dags/example_sensors.py took 0.100 seconds
[2026-04-28T18:04:41.490+0000] {processor.py:161} INFO - Started process (PID=513) to work on /home/airflow/.local/lib/python3.12/site-packages/airflow/example_dags/example_sensors.py
[2026-04-28T18:04:41.491+0000] {processor.py:830} INFO - Processing file /home/airflow/.local/lib/python3.12/site-packages/airflow/example_dags/example_sensors.py for tasks to queue
[2026-04-28T18:04:41.493+0000] {logging_mixin.py:188} INFO - [2026-04-28T18:04:41.493+0000] {dagbag.py:540} INFO - Filling up the DagBag from /home/airflow/.local/lib/python3.12/site-packages/airflow/example_dags/example_sensors.py
[2026-04-28T18:04:41.504+0000] {processor.py:840} INFO - DAG(s) 'example_sensors' retrieved from /home/airflow/.local/lib/python3.12/site-packages/airflow/example_dags/example_sensors.py
[2026-04-28T18:04:41.536+0000] {logging_mixin.py:188} INFO - [2026-04-28T18:04:41.536+0000] {dag.py:3096} INFO - Sync 1 DAGs
[2026-04-28T18:04:41.554+0000] {logging_mixin.py:188} INFO - [2026-04-28T18:04:41.554+0000] {dag.py:3954} INFO - Setting next_dagrun for example_sensors to None, run_after=None
[2026-04-28T18:04:41.575+0000] {processor.py:183} INFO - Processing /home/airflow/.local/lib/python3.12/site-packages/airflow/example_dags/example_sensors.py took 0.091 seconds
[2026-04-28T18:05:12.493+0000] {processor.py:161} INFO - Started process (PID=573) to work on /home/airflow/.local/lib/python3.12/site-packages/airflow/example_dags/example_sensors.py
[2026-04-28T18:05:12.494+0000] {processor.py:830} INFO - Processing file /home/airflow/.local/lib/python3.12/site-packages/airflow/example_dags/example_sensors.py for tasks to queue
[2026-04-28T18:05:12.496+0000] {logging_mixin.py:188} INFO - [2026-04-28T18:05:12.496+0000] {dagbag.py:540} INFO - Filling up the DagBag from /home/airflow/.local/lib/python3.12/site-packages/airflow/example_dags/example_sensors.py
[2026-04-28T18:05:12.509+0000] {processor.py:840} INFO - DAG(s) 'example_sensors' retrieved from /home/airflow/.local/lib/python3.12/site-packages/airflow/example_dags/example_sensors.py
[2026-04-28T18:05:12.543+0000] {logging_mixin.py:188} INFO - [2026-04-28T18:05:12.542+0000] {dag.py:3096} INFO - Sync 1 DAGs
[2026-04-28T18:05:12.558+0000] {logging_mixin.py:188} INFO - [2026-04-28T18:05:12.558+0000] {dag.py:3954} INFO - Setting next_dagrun for example_sensors to None, run_after=None
[2026-04-28T18:05:12.580+0000] {processor.py:183} INFO - Processing /home/airflow/.local/lib/python3.12/site-packages/airflow/example_dags/example_sensors.py took 0.094 seconds
[2026-04-28T18:05:42.918+0000] {processor.py:161} INFO - Started process (PID=633) to work on /home/airflow/.local/lib/python3.12/site-packages/airflow/example_dags/example_sensors.py
[2026-04-28T18:05:42.920+0000] {processor.py:830} INFO - Processing file /home/airflow/.local/lib/python3.12/site-packages/airflow/example_dags/example_sensors.py for tasks to queue
[2026-04-28T18:05:42.924+0000] {logging_mixin.py:188} INFO - [2026-04-28T18:05:42.923+0000] {dagbag.py:540} INFO - Filling up the DagBag from /home/airflow/.local/lib/python3.12/site-packages/airflow/example_dags/example_sensors.py
[2026-04-28T18:05:42.937+0000] {processor.py:840} INFO - DAG(s) 'example_sensors' retrieved from /home/airflow/.local/lib/python3.12/site-packages/airflow/example_dags/example_sensors.py
[2026-04-28T18:05:42.973+0000] {logging_mixin.py:188} INFO - [2026-04-28T18:05:42.973+0000] {dag.py:3096} INFO - Sync 1 DAGs
[2026-04-28T18:05:42.991+0000] {logging_mixin.py:188} INFO - [2026-04-28T18:05:42.991+0000] {dag.py:3954} INFO - Setting next_dagrun for example_sensors to None, run_after=None
[2026-04-28T18:05:43.021+0000] {processor.py:183} INFO - Processing /home/airflow/.local/lib/python3.12/site-packages/airflow/example_dags/example_sensors.py took 0.119 seconds
[2026-04-28T18:06:13.259+0000] {processor.py:161} INFO - Started process (PID=694) to work on /home/airflow/.local/lib/python3.12/site-packages/airflow/example_dags/example_sensors.py
[2026-04-28T18:06:13.260+0000] {processor.py:830} INFO - Processing file /home/airflow/.local/lib/python3.12/site-packages/airflow/example_dags/example_sensors.py for tasks to queue
[2026-04-28T18:06:13.262+0000] {logging_mixin.py:188} INFO - [2026-04-28T18:06:13.261+0000] {dagbag.py:540} INFO - Filling up the DagBag from /home/airflow/.local/lib/python3.12/site-packages/airflow/example_dags/example_sensors.py
[2026-04-28T18:06:13.272+0000] {processor.py:840} INFO - DAG(s) 'example_sensors' retrieved from /home/airflow/.local/lib/python3.12/site-packages/airflow/example_dags/example_sensors.py
[2026-04-28T18:06:13.311+0000] {logging_mixin.py:188} INFO - [2026-04-28T18:06:13.311+0000] {dag.py:3096} INFO - Sync 1 DAGs
[2026-04-28T18:06:13.327+0000] {logging_mixin.py:188} INFO - [2026-04-28T18:06:13.327+0000] {dag.py:3954} INFO - Setting next_dagrun for example_sensors to None, run_after=None
[2026-04-28T18:06:13.357+0000] {processor.py:183} INFO - Processing /home/airflow/.local/lib/python3.12/site-packages/airflow/example_dags/example_sensors.py took 0.110 seconds
[2026-04-28T18:06:43.741+0000] {processor.py:161} INFO - Started process (PID=754) to work on /home/airflow/.local/lib/python3.12/site-packages/airflow/example_dags/example_sensors.py
[2026-04-28T18:06:43.743+0000] {processor.py:830} INFO - Processing file /home/airflow/.local/lib/python3.12/site-packages/airflow/example_dags/example_sensors.py for tasks to queue
[2026-04-28T18:06:43.746+0000] {logging_mixin.py:188} INFO - [2026-04-28T18:06:43.746+0000] {dagbag.py:540} INFO - Filling up the DagBag from /home/airflow/.local/lib/python3.12/site-packages/airflow/example_dags/example_sensors.py
[2026-04-28T18:06:43.759+0000] {processor.py:840} INFO - DAG(s) 'example_sensors' retrieved from /home/airflow/.local/lib/python3.12/site-packages/airflow/example_dags/example_sensors.py
[2026-04-28T18:06:43.791+0000] {logging_mixin.py:188} INFO - [2026-04-28T18:06:43.791+0000] {dag.py:3096} INFO - Sync 1 DAGs
[2026-04-28T18:06:43.807+0000] {logging_mixin.py:188} INFO - [2026-04-28T18:06:43.807+0000] {dag.py:3954} INFO - Setting next_dagrun for example_sensors to None, run_after=None
[2026-04-28T18:06:43.828+0000] {processor.py:183} INFO - Processing /home/airflow/.local/lib/python3.12/site-packages/airflow/example_dags/example_sensors.py took 0.093 seconds
[2026-04-28T18:07:14.023+0000] {processor.py:161} INFO - Started process (PID=814) to work on /home/airflow/.local/lib/python3.12/site-packages/airflow/example_dags/example_sensors.py
[2026-04-28T18:07:14.024+0000] {processor.py:830} INFO - Processing file /home/airflow/.local/lib/python3.12/site-packages/airflow/example_dags/example_sensors.py for tasks to queue
[2026-04-28T18:07:14.026+0000] {logging_mixin.py:188} INFO - [2026-04-28T18:07:14.026+0000] {dagbag.py:540} INFO - Filling up the DagBag from /home/airflow/.local/lib/python3.12/site-packages/airflow/example_dags/example_sensors.py
[2026-04-28T18:07:14.038+0000] {processor.py:840} INFO - DAG(s) 'example_sensors' retrieved from /home/airflow/.local/lib/python3.12/site-packages/airflow/example_dags/example_sensors.py
[2026-04-28T18:07:14.071+0000] {logging_mixin.py:188} INFO - [2026-04-28T18:07:14.070+0000] {dag.py:3096} INFO - Sync 1 DAGs
[2026-04-28T18:07:14.086+0000] {logging_mixin.py:188} INFO - [2026-04-28T18:07:14.086+0000] {dag.py:3954} INFO - Setting next_dagrun for example_sensors to None, run_after=None
[2026-04-28T18:07:14.111+0000] {processor.py:183} INFO - Processing /home/airflow/.local/lib/python3.12/site-packages/airflow/example_dags/example_sensors.py took 0.095 seconds
[2026-04-28T18:07:44.875+0000] {processor.py:161} INFO - Started process (PID=874) to work on /home/airflow/.local/lib/python3.12/site-packages/airflow/example_dags/example_sensors.py
[2026-04-28T18:07:44.877+0000] {processor.py:830} INFO - Processing file /home/airflow/.local/lib/python3.12/site-packages/airflow/example_dags/example_sensors.py for tasks to queue
[2026-04-28T18:07:44.879+0000] {logging_mixin.py:188} INFO - [2026-04-28T18:07:44.879+0000] {dagbag.py:540} INFO - Filling up the DagBag from /home/airflow/.local/lib/python3.12/site-packages/airflow/example_dags/example_sensors.py
[2026-04-28T18:07:44.893+0000] {processor.py:840} INFO - DAG(s) 'example_sensors' retrieved from /home/airflow/.local/lib/python3.12/site-packages/airflow/example_dags/example_sensors.py
[2026-04-28T18:07:44.925+0000] {logging_mixin.py:188} INFO - [2026-04-28T18:07:44.925+0000] {dag.py:3096} INFO - Sync 1 DAGs
[2026-04-28T18:07:44.940+0000] {logging_mixin.py:188} INFO - [2026-04-28T18:07:44.940+0000] {dag.py:3954} INFO - Setting next_dagrun for example_sensors to None, run_after=None
[2026-04-28T18:07:44.961+0000] {processor.py:183} INFO - Processing /home/airflow/.local/lib/python3.12/site-packages/airflow/example_dags/example_sensors.py took 0.092 seconds
[2026-04-28T18:08:15.258+0000] {processor.py:161} INFO - Started process (PID=934) to work on /home/airflow/.local/lib/python3.12/site-packages/airflow/example_dags/example_sensors.py
[2026-04-28T18:08:15.259+0000] {processor.py:830} INFO - Processing file /home/airflow/.local/lib/python3.12/site-packages/airflow/example_dags/example_sensors.py for tasks to queue
[2026-04-28T18:08:15.263+0000] {logging_mixin.py:188} INFO - [2026-04-28T18:08:15.262+0000] {dagbag.py:540} INFO - Filling up the DagBag from /home/airflow/.local/lib/python3.12/site-packages/airflow/example_dags/example_sensors.py
[2026-04-28T18:08:15.275+0000] {processor.py:840} INFO - DAG(s) 'example_sensors' retrieved from /home/airflow/.local/lib/python3.12/site-packages/airflow/example_dags/example_sensors.py
[2026-04-28T18:08:15.306+0000] {logging_mixin.py:188} INFO - [2026-04-28T18:08:15.306+0000] {dag.py:3096} INFO - Sync 1 DAGs
[2026-04-28T18:08:15.322+0000] {logging_mixin.py:188} INFO - [2026-04-28T18:08:15.322+0000] {dag.py:3954} INFO - Setting next_dagrun for example_sensors to None, run_after=None
[2026-04-28T18:08:15.345+0000] {processor.py:183} INFO - Processing /home/airflow/.local/lib/python3.12/site-packages/airflow/example_dags/example_sensors.py took 0.103 seconds
[2026-04-28T18:08:45.697+0000] {processor.py:161} INFO - Started process (PID=994) to work on /home/airflow/.local/lib/python3.12/site-packages/airflow/example_dags/example_sensors.py
[2026-04-28T18:08:45.698+0000] {processor.py:830} INFO - Processing file /home/airflow/.local/lib/python3.12/site-packages/airflow/example_dags/example_sensors.py for tasks to queue
[2026-04-28T18:08:45.700+0000] {logging_mixin.py:188} INFO - [2026-04-28T18:08:45.700+0000] {dagbag.py:540} INFO - Filling up the DagBag from /home/airflow/.local/lib/python3.12/site-packages/airflow/example_dags/example_sensors.py
[2026-04-28T18:08:45.712+0000] {processor.py:840} INFO - DAG(s) 'example_sensors' retrieved from /home/airflow/.local/lib/python3.12/site-packages/airflow/example_dags/example_sensors.py
[2026-04-28T18:08:45.745+0000] {logging_mixin.py:188} INFO - [2026-04-28T18:08:45.745+0000] {dag.py:3096} INFO - Sync 1 DAGs
[2026-04-28T18:08:45.761+0000] {logging_mixin.py:188} INFO - [2026-04-28T18:08:45.760+0000] {dag.py:3954} INFO - Setting next_dagrun for example_sensors to None, run_after=None
[2026-04-28T18:08:45.783+0000] {processor.py:183} INFO - Processing /home/airflow/.local/lib/python3.12/site-packages/airflow/example_dags/example_sensors.py took 0.092 seconds
[2026-04-28T18:09:16.180+0000] {processor.py:161} INFO - Started process (PID=1054) to work on /home/airflow/.local/lib/python3.12/site-packages/airflow/example_dags/example_sensors.py
[2026-04-28T18:09:16.181+0000] {processor.py:830} INFO - Processing file /home/airflow/.local/lib/python3.12/site-packages/airflow/example_dags/example_sensors.py for tasks to queue
[2026-04-28T18:09:16.183+0000] {logging_mixin.py:188} INFO - [2026-04-28T18:09:16.182+0000] {dagbag.py:540} INFO - Filling up the DagBag from /home/airflow/.local/lib/python3.12/site-packages/airflow/example_dags/example_sensors.py
[2026-04-28T18:09:16.196+0000] {processor.py:840} INFO - DAG(s) 'example_sensors' retrieved from /home/airflow/.local/lib/python3.12/site-packages/airflow/example_dags/example_sensors.py
[2026-04-28T18:09:16.231+0000] {logging_mixin.py:188} INFO - [2026-04-28T18:09:16.230+0000] {dag.py:3096} INFO - Sync 1 DAGs
[2026-04-28T18:09:16.246+0000] {logging_mixin.py:188} INFO - [2026-04-28T18:09:16.246+0000] {dag.py:3954} INFO - Setting next_dagrun for example_sensors to None, run_after=None
[2026-04-28T18:09:16.272+0000] {processor.py:183} INFO - Processing /home/airflow/.local/lib/python3.12/site-packages/airflow/example_dags/example_sensors.py took 0.099 seconds
[2026-04-28T18:09:47.135+0000] {processor.py:161} INFO - Started process (PID=1114) to work on /home/airflow/.local/lib/python3.12/site-packages/airflow/example_dags/example_sensors.py
[2026-04-28T18:09:47.136+0000] {processor.py:830} INFO - Processing file /home/airflow/.local/lib/python3.12/site-packages/airflow/example_dags/example_sensors.py for tasks to queue
[2026-04-28T18:09:47.138+0000] {logging_mixin.py:188} INFO - [2026-04-28T18:09:47.138+0000] {dagbag.py:540} INFO - Filling up the DagBag from /home/airflow/.local/lib/python3.12/site-packages/airflow/example_dags/example_sensors.py
[2026-04-28T18:09:47.149+0000] {processor.py:840} INFO - DAG(s) 'example_sensors' retrieved from /home/airflow/.local/lib/python3.12/site-packages/airflow/example_dags/example_sensors.py
[2026-04-28T18:09:47.218+0000] {logging_mixin.py:188} INFO - [2026-04-28T18:09:47.216+0000] {dag.py:3096} INFO - Sync 1 DAGs
[2026-04-28T18:09:47.260+0000] {logging_mixin.py:188} INFO - [2026-04-28T18:09:47.260+0000] {dag.py:3954} INFO - Setting next_dagrun for example_sensors to None, run_after=None
[2026-04-28T18:09:47.545+0000] {processor.py:183} INFO - Processing /home/airflow/.local/lib/python3.12/site-packages/airflow/example_dags/example_sensors.py took 0.416 seconds
[2026-04-28T18:10:18.045+0000] {processor.py:161} INFO - Started process (PID=1180) to work on /home/airflow/.local/lib/python3.12/site-packages/airflow/example_dags/example_sensors.py
[2026-04-28T18:10:18.046+0000] {processor.py:830} INFO - Processing file /home/airflow/.local/lib/python3.12/site-packages/airflow/example_dags/example_sensors.py for tasks to queue
[2026-04-28T18:10:18.048+0000] {logging_mixin.py:188} INFO - [2026-04-28T18:10:18.048+0000] {dagbag.py:540} INFO - Filling up the DagBag from /home/airflow/.local/lib/python3.12/site-packages/airflow/example_dags/example_sensors.py
[2026-04-28T18:10:18.059+0000] {processor.py:840} INFO - DAG(s) 'example_sensors' retrieved from /home/airflow/.local/lib/python3.12/site-packages/airflow/example_dags/example_sensors.py
[2026-04-28T18:10:18.094+0000] {logging_mixin.py:188} INFO - [2026-04-28T18:10:18.094+0000] {dag.py:3096} INFO - Sync 1 DAGs
[2026-04-28T18:10:18.110+0000] {logging_mixin.py:188} INFO - [2026-04-28T18:10:18.110+0000] {dag.py:3954} INFO - Setting next_dagrun for example_sensors to None, run_after=None
[2026-04-28T18:10:18.131+0000] {processor.py:183} INFO - Processing /home/airflow/.local/lib/python3.12/site-packages/airflow/example_dags/example_sensors.py took 0.092 seconds
[2026-04-28T18:10:48.196+0000] {processor.py:161} INFO - Started process (PID=1240) to work on /home/airflow/.local/lib/python3.12/site-packages/airflow/example_dags/example_sensors.py
[2026-04-28T18:10:48.197+0000] {processor.py:830} INFO - Processing file /home/airflow/.local/lib/python3.12/site-packages/airflow/example_dags/example_sensors.py for tasks to queue
[2026-04-28T18:10:48.198+0000] {logging_mixin.py:188} INFO - [2026-04-28T18:10:48.198+0000] {dagbag.py:540} INFO - Filling up the DagBag from /home/airflow/.local/lib/python3.12/site-packages/airflow/example_dags/example_sensors.py
[2026-04-28T18:10:48.205+0000] {processor.py:840} INFO - DAG(s) 'example_sensors' retrieved from /home/airflow/.local/lib/python3.12/site-packages/airflow/example_dags/example_sensors.py
[2026-04-28T18:10:48.228+0000] {logging_mixin.py:188} INFO - [2026-04-28T18:10:48.228+0000] {dag.py:3096} INFO - Sync 1 DAGs
[2026-04-28T18:10:48.239+0000] {logging_mixin.py:188} INFO - [2026-04-28T18:10:48.239+0000] {dag.py:3954} INFO - Setting next_dagrun for example_sensors to None, run_after=None
[2026-04-28T18:10:48.253+0000] {processor.py:183} INFO - Processing /home/airflow/.local/lib/python3.12/site-packages/airflow/example_dags/example_sensors.py took 0.062 seconds
[2026-04-28T18:11:18.668+0000] {processor.py:161} INFO - Started process (PID=1300) to work on /home/airflow/.local/lib/python3.12/site-packages/airflow/example_dags/example_sensors.py
[2026-04-28T18:11:18.668+0000] {processor.py:830} INFO - Processing file /home/airflow/.local/lib/python3.12/site-packages/airflow/example_dags/example_sensors.py for tasks to queue
[2026-04-28T18:11:18.670+0000] {logging_mixin.py:188} INFO - [2026-04-28T18:11:18.670+0000] {dagbag.py:540} INFO - Filling up the DagBag from /home/airflow/.local/lib/python3.12/site-packages/airflow/example_dags/example_sensors.py
[2026-04-28T18:11:18.681+0000] {processor.py:840} INFO - DAG(s) 'example_sensors' retrieved from /home/airflow/.local/lib/python3.12/site-packages/airflow/example_dags/example_sensors.py
[2026-04-28T18:11:18.714+0000] {logging_mixin.py:188} INFO - [2026-04-28T18:11:18.714+0000] {dag.py:3096} INFO - Sync 1 DAGs
[2026-04-28T18:11:18.729+0000] {logging_mixin.py:188} INFO - [2026-04-28T18:11:18.729+0000] {dag.py:3954} INFO - Setting next_dagrun for example_sensors to None, run_after=None
[2026-04-28T18:11:18.749+0000] {processor.py:183} INFO - Processing /home/airflow/.local/lib/python3.12/site-packages/airflow/example_dags/example_sensors.py took 0.088 seconds
[2026-04-28T18:11:49.948+0000] {processor.py:161} INFO - Started process (PID=1360) to work on /home/airflow/.local/lib/python3.12/site-packages/airflow/example_dags/example_sensors.py
[2026-04-28T18:11:49.957+0000] {processor.py:830} INFO - Processing file /home/airflow/.local/lib/python3.12/site-packages/airflow/example_dags/example_sensors.py for tasks to queue
[2026-04-28T18:11:49.960+0000] {logging_mixin.py:188} INFO - [2026-04-28T18:11:49.960+0000] {dagbag.py:540} INFO - Filling up the DagBag from /home/airflow/.local/lib/python3.12/site-packages/airflow/example_dags/example_sensors.py
[2026-04-28T18:11:50.001+0000] {processor.py:840} INFO - DAG(s) 'example_sensors' retrieved from /home/airflow/.local/lib/python3.12/site-packages/airflow/example_dags/example_sensors.py
[2026-04-28T18:11:50.061+0000] {logging_mixin.py:188} INFO - [2026-04-28T18:11:50.061+0000] {dag.py:3096} INFO - Sync 1 DAGs
[2026-04-28T18:11:50.095+0000] {logging_mixin.py:188} INFO - [2026-04-28T18:11:50.095+0000] {dag.py:3954} INFO - Setting next_dagrun for example_sensors to None, run_after=None
[2026-04-28T18:11:50.134+0000] {processor.py:183} INFO - Processing /home/airflow/.local/lib/python3.12/site-packages/airflow/example_dags/example_sensors.py took 0.213 seconds
[2026-04-28T18:12:20.872+0000] {processor.py:161} INFO - Started process (PID=1420) to work on /home/airflow/.local/lib/python3.12/site-packages/airflow/example_dags/example_sensors.py
[2026-04-28T18:12:20.873+0000] {processor.py:830} INFO - Processing file /home/airflow/.local/lib/python3.12/site-packages/airflow/example_dags/example_sensors.py for tasks to queue
[2026-04-28T18:12:20.875+0000] {logging_mixin.py:188} INFO - [2026-04-28T18:12:20.875+0000] {dagbag.py:540} INFO - Filling up the DagBag from /home/airflow/.local/lib/python3.12/site-packages/airflow/example_dags/example_sensors.py
[2026-04-28T18:12:20.886+0000] {processor.py:840} INFO - DAG(s) 'example_sensors' retrieved from /home/airflow/.local/lib/python3.12/site-packages/airflow/example_dags/example_sensors.py
[2026-04-28T18:12:20.920+0000] {logging_mixin.py:188} INFO - [2026-04-28T18:12:20.920+0000] {dag.py:3096} INFO - Sync 1 DAGs
[2026-04-28T18:12:20.936+0000] {logging_mixin.py:188} INFO - [2026-04-28T18:12:20.936+0000] {dag.py:3954} INFO - Setting next_dagrun for example_sensors to None, run_after=None
[2026-04-28T18:12:20.956+0000] {processor.py:183} INFO - Processing /home/airflow/.local/lib/python3.12/site-packages/airflow/example_dags/example_sensors.py took 0.090 seconds
[2026-04-28T18:12:51.854+0000] {processor.py:161} INFO - Started process (PID=1480) to work on /home/airflow/.local/lib/python3.12/site-packages/airflow/example_dags/example_sensors.py
[2026-04-28T18:12:51.855+0000] {processor.py:830} INFO - Processing file /home/airflow/.local/lib/python3.12/site-packages/airflow/example_dags/example_sensors.py for tasks to queue
[2026-04-28T18:12:51.856+0000] {logging_mixin.py:188} INFO - [2026-04-28T18:12:51.856+0000] {dagbag.py:540} INFO - Filling up the DagBag from /home/airflow/.local/lib/python3.12/site-packages/airflow/example_dags/example_sensors.py
[2026-04-28T18:12:51.864+0000] {processor.py:840} INFO - DAG(s) 'example_sensors' retrieved from /home/airflow/.local/lib/python3.12/site-packages/airflow/example_dags/example_sensors.py
[2026-04-28T18:12:51.885+0000] {logging_mixin.py:188} INFO - [2026-04-28T18:12:51.885+0000] {dag.py:3096} INFO - Sync 1 DAGs
[2026-04-28T18:12:51.896+0000] {logging_mixin.py:188} INFO - [2026-04-28T18:12:51.896+0000] {dag.py:3954} INFO - Setting next_dagrun for example_sensors to None, run_after=None
[2026-04-28T18:12:51.910+0000] {processor.py:183} INFO - Processing /home/airflow/.local/lib/python3.12/site-packages/airflow/example_dags/example_sensors.py took 0.061 seconds
[2026-04-28T18:13:22.165+0000] {processor.py:161} INFO - Started process (PID=1540) to work on /home/airflow/.local/lib/python3.12/site-packages/airflow/example_dags/example_sensors.py
[2026-04-28T18:13:22.166+0000] {processor.py:830} INFO - Processing file /home/airflow/.local/lib/python3.12/site-packages/airflow/example_dags/example_sensors.py for tasks to queue
[2026-04-28T18:13:22.170+0000] {logging_mixin.py:188} INFO - [2026-04-28T18:13:22.169+0000] {dagbag.py:540} INFO - Filling up the DagBag from /home/airflow/.local/lib/python3.12/site-packages/airflow/example_dags/example_sensors.py
[2026-04-28T18:13:22.190+0000] {processor.py:840} INFO - DAG(s) 'example_sensors' retrieved from /home/airflow/.local/lib/python3.12/site-packages/airflow/example_dags/example_sensors.py
[2026-04-28T18:13:22.246+0000] {logging_mixin.py:188} INFO - [2026-04-28T18:13:22.246+0000] {dag.py:3096} INFO - Sync 1 DAGs
[2026-04-28T18:13:22.278+0000] {logging_mixin.py:188} INFO - [2026-04-28T18:13:22.278+0000] {dag.py:3954} INFO - Setting next_dagrun for example_sensors to None, run_after=None
[2026-04-28T18:13:22.326+0000] {processor.py:183} INFO - Processing /home/airflow/.local/lib/python3.12/site-packages/airflow/example_dags/example_sensors.py took 0.178 seconds
[2026-04-28T18:13:53.135+0000] {processor.py:161} INFO - Started process (PID=1600) to work on /home/airflow/.local/lib/python3.12/site-packages/airflow/example_dags/example_sensors.py
[2026-04-28T18:13:53.136+0000] {processor.py:830} INFO - Processing file /home/airflow/.local/lib/python3.12/site-packages/airflow/example_dags/example_sensors.py for tasks to queue
[2026-04-28T18:13:53.138+0000] {logging_mixin.py:188} INFO - [2026-04-28T18:13:53.138+0000] {dagbag.py:540} INFO - Filling up the DagBag from /home/airflow/.local/lib/python3.12/site-packages/airflow/example_dags/example_sensors.py
[2026-04-28T18:13:53.149+0000] {processor.py:840} INFO - DAG(s) 'example_sensors' retrieved from /home/airflow/.local/lib/python3.12/site-packages/airflow/example_dags/example_sensors.py
[2026-04-28T18:13:53.181+0000] {logging_mixin.py:188} INFO - [2026-04-28T18:13:53.180+0000] {dag.py:3096} INFO - Sync 1 DAGs
[2026-04-28T18:13:53.196+0000] {logging_mixin.py:188} INFO - [2026-04-28T18:13:53.195+0000] {dag.py:3954} INFO - Setting next_dagrun for example_sensors to None, run_after=None
[2026-04-28T18:13:53.215+0000] {processor.py:183} INFO - Processing /home/airflow/.local/lib/python3.12/site-packages/airflow/example_dags/example_sensors.py took 0.086 seconds
[2026-04-28T18:14:23.446+0000] {processor.py:161} INFO - Started process (PID=1660) to work on /home/airflow/.local/lib/python3.12/site-packages/airflow/example_dags/example_sensors.py
[2026-04-28T18:14:23.447+0000] {processor.py:830} INFO - Processing file /home/airflow/.local/lib/python3.12/site-packages/airflow/example_dags/example_sensors.py for tasks to queue
[2026-04-28T18:14:23.449+0000] {logging_mixin.py:188} INFO - [2026-04-28T18:14:23.449+0000] {dagbag.py:540} INFO - Filling up the DagBag from /home/airflow/.local/lib/python3.12/site-packages/airflow/example_dags/example_sensors.py
[2026-04-28T18:14:23.463+0000] {processor.py:840} INFO - DAG(s) 'example_sensors' retrieved from /home/airflow/.local/lib/python3.12/site-packages/airflow/example_dags/example_sensors.py
[2026-04-28T18:14:23.494+0000] {logging_mixin.py:188} INFO - [2026-04-28T18:14:23.494+0000] {dag.py:3096} INFO - Sync 1 DAGs
[2026-04-28T18:14:23.510+0000] {logging_mixin.py:188} INFO - [2026-04-28T18:14:23.510+0000] {dag.py:3954} INFO - Setting next_dagrun for example_sensors to None, run_after=None
[2026-04-28T18:14:23.530+0000] {processor.py:183} INFO - Processing /home/airflow/.local/lib/python3.12/site-packages/airflow/example_dags/example_sensors.py took 0.096 seconds
[2026-04-28T18:14:53.615+0000] {processor.py:161} INFO - Started process (PID=1720) to work on /home/airflow/.local/lib/python3.12/site-packages/airflow/example_dags/example_sensors.py
[2026-04-28T18:14:53.615+0000] {processor.py:830} INFO - Processing file /home/airflow/.local/lib/python3.12/site-packages/airflow/example_dags/example_sensors.py for tasks to queue
[2026-04-28T18:14:53.617+0000] {logging_mixin.py:188} INFO - [2026-04-28T18:14:53.616+0000] {dagbag.py:540} INFO - Filling up the DagBag from /home/airflow/.local/lib/python3.12/site-packages/airflow/example_dags/example_sensors.py
[2026-04-28T18:14:53.624+0000] {processor.py:840} INFO - DAG(s) 'example_sensors' retrieved from /home/airflow/.local/lib/python3.12/site-packages/airflow/example_dags/example_sensors.py
[2026-04-28T18:14:53.646+0000] {logging_mixin.py:188} INFO - [2026-04-28T18:14:53.646+0000] {dag.py:3096} INFO - Sync 1 DAGs
[2026-04-28T18:14:53.657+0000] {logging_mixin.py:188} INFO - [2026-04-28T18:14:53.657+0000] {dag.py:3954} INFO - Setting next_dagrun for example_sensors to None, run_after=None
[2026-04-28T18:14:53.671+0000] {processor.py:183} INFO - Processing /home/airflow/.local/lib/python3.12/site-packages/airflow/example_dags/example_sensors.py took 0.061 seconds
[2026-04-28T18:15:24.080+0000] {processor.py:161} INFO - Started process (PID=1780) to work on /home/airflow/.local/lib/python3.12/site-packages/airflow/example_dags/example_sensors.py
[2026-04-28T18:15:24.080+0000] {processor.py:830} INFO - Processing file /home/airflow/.local/lib/python3.12/site-packages/airflow/example_dags/example_sensors.py for tasks to queue
[2026-04-28T18:15:24.082+0000] {logging_mixin.py:188} INFO - [2026-04-28T18:15:24.082+0000] {dagbag.py:540} INFO - Filling up the DagBag from /home/airflow/.local/lib/python3.12/site-packages/airflow/example_dags/example_sensors.py
[2026-04-28T18:15:24.090+0000] {processor.py:840} INFO - DAG(s) 'example_sensors' retrieved from /home/airflow/.local/lib/python3.12/site-packages/airflow/example_dags/example_sensors.py
[2026-04-28T18:15:24.111+0000] {logging_mixin.py:188} INFO - [2026-04-28T18:15:24.111+0000] {dag.py:3096} INFO - Sync 1 DAGs
[2026-04-28T18:15:24.122+0000] {logging_mixin.py:188} INFO - [2026-04-28T18:15:24.121+0000] {dag.py:3954} INFO - Setting next_dagrun for example_sensors to None, run_after=None
[2026-04-28T18:15:24.136+0000] {processor.py:183} INFO - Processing /home/airflow/.local/lib/python3.12/site-packages/airflow/example_dags/example_sensors.py took 0.061 seconds
[2026-04-28T18:15:54.893+0000] {processor.py:161} INFO - Started process (PID=1840) to work on /home/airflow/.local/lib/python3.12/site-packages/airflow/example_dags/example_sensors.py
[2026-04-28T18:15:54.901+0000] {processor.py:830} INFO - Processing file /home/airflow/.local/lib/python3.12/site-packages/airflow/example_dags/example_sensors.py for tasks to queue
[2026-04-28T18:15:54.905+0000] {logging_mixin.py:188} INFO - [2026-04-28T18:15:54.905+0000] {dagbag.py:540} INFO - Filling up the DagBag from /home/airflow/.local/lib/python3.12/site-packages/airflow/example_dags/example_sensors.py
[2026-04-28T18:15:54.933+0000] {processor.py:840} INFO - DAG(s) 'example_sensors' retrieved from /home/airflow/.local/lib/python3.12/site-packages/airflow/example_dags/example_sensors.py
[2026-04-28T18:15:55.020+0000] {logging_mixin.py:188} INFO - [2026-04-28T18:15:55.020+0000] {dag.py:3096} INFO - Sync 1 DAGs
[2026-04-28T18:15:55.052+0000] {logging_mixin.py:188} INFO - [2026-04-28T18:15:55.051+0000] {dag.py:3954} INFO - Setting next_dagrun for example_sensors to None, run_after=None
[2026-04-28T18:15:55.077+0000] {processor.py:183} INFO - Processing /home/airflow/.local/lib/python3.12/site-packages/airflow/example_dags/example_sensors.py took 0.213 seconds
[2026-04-28T18:16:25.382+0000] {processor.py:161} INFO - Started process (PID=1900) to work on /home/airflow/.local/lib/python3.12/site-packages/airflow/example_dags/example_sensors.py
[2026-04-28T18:16:25.382+0000] {processor.py:830} INFO - Processing file /home/airflow/.local/lib/python3.12/site-packages/airflow/example_dags/example_sensors.py for tasks to queue
[2026-04-28T18:16:25.384+0000] {logging_mixin.py:188} INFO - [2026-04-28T18:16:25.383+0000] {dagbag.py:540} INFO - Filling up the DagBag from /home/airflow/.local/lib/python3.12/site-packages/airflow/example_dags/example_sensors.py
[2026-04-28T18:16:25.391+0000] {processor.py:840} INFO - DAG(s) 'example_sensors' retrieved from /home/airflow/.local/lib/python3.12/site-packages/airflow/example_dags/example_sensors.py
[2026-04-28T18:16:25.414+0000] {logging_mixin.py:188} INFO - [2026-04-28T18:16:25.414+0000] {dag.py:3096} INFO - Sync 1 DAGs
[2026-04-28T18:16:25.425+0000] {logging_mixin.py:188} INFO - [2026-04-28T18:16:25.425+0000] {dag.py:3954} INFO - Setting next_dagrun for example_sensors to None, run_after=None
[2026-04-28T18:16:25.441+0000] {processor.py:183} INFO - Processing /home/airflow/.local/lib/python3.12/site-packages/airflow/example_dags/example_sensors.py took 0.065 seconds
[2026-04-28T18:16:55.945+0000] {processor.py:161} INFO - Started process (PID=1958) to work on /home/airflow/.local/lib/python3.12/site-packages/airflow/example_dags/example_sensors.py
[2026-04-28T18:16:55.946+0000] {processor.py:830} INFO - Processing file /home/airflow/.local/lib/python3.12/site-packages/airflow/example_dags/example_sensors.py for tasks to queue
[2026-04-28T18:16:55.947+0000] {logging_mixin.py:188} INFO - [2026-04-28T18:16:55.947+0000] {dagbag.py:540} INFO - Filling up the DagBag from /home/airflow/.local/lib/python3.12/site-packages/airflow/example_dags/example_sensors.py
[2026-04-28T18:16:55.954+0000] {processor.py:840} INFO - DAG(s) 'example_sensors' retrieved from /home/airflow/.local/lib/python3.12/site-packages/airflow/example_dags/example_sensors.py
[2026-04-28T18:16:55.976+0000] {logging_mixin.py:188} INFO - [2026-04-28T18:16:55.975+0000] {dag.py:3096} INFO - Sync 1 DAGs
[2026-04-28T18:16:55.986+0000] {logging_mixin.py:188} INFO - [2026-04-28T18:16:55.986+0000] {dag.py:3954} INFO - Setting next_dagrun for example_sensors to None, run_after=None
[2026-04-28T18:16:56.001+0000] {processor.py:183} INFO - Processing /home/airflow/.local/lib/python3.12/site-packages/airflow/example_dags/example_sensors.py took 0.060 seconds
[2026-04-28T18:17:26.334+0000] {processor.py:161} INFO - Started process (PID=2018) to work on /home/airflow/.local/lib/python3.12/site-packages/airflow/example_dags/example_sensors.py
[2026-04-28T18:17:26.335+0000] {processor.py:830} INFO - Processing file /home/airflow/.local/lib/python3.12/site-packages/airflow/example_dags/example_sensors.py for tasks to queue
[2026-04-28T18:17:26.337+0000] {logging_mixin.py:188} INFO - [2026-04-28T18:17:26.336+0000] {dagbag.py:540} INFO - Filling up the DagBag from /home/airflow/.local/lib/python3.12/site-packages/airflow/example_dags/example_sensors.py
[2026-04-28T18:17:26.349+0000] {processor.py:840} INFO - DAG(s) 'example_sensors' retrieved from /home/airflow/.local/lib/python3.12/site-packages/airflow/example_dags/example_sensors.py
[2026-04-28T18:17:26.383+0000] {logging_mixin.py:188} INFO - [2026-04-28T18:17:26.382+0000] {dag.py:3096} INFO - Sync 1 DAGs
[2026-04-28T18:17:26.399+0000] {logging_mixin.py:188} INFO - [2026-04-28T18:17:26.398+0000] {dag.py:3954} INFO - Setting next_dagrun for example_sensors to None, run_after=None
[2026-04-28T18:17:26.419+0000] {processor.py:183} INFO - Processing /home/airflow/.local/lib/python3.12/site-packages/airflow/example_dags/example_sensors.py took 0.092 seconds
[2026-04-28T18:17:57.035+0000] {processor.py:161} INFO - Started process (PID=2078) to work on /home/airflow/.local/lib/python3.12/site-packages/airflow/example_dags/example_sensors.py
[2026-04-28T18:17:57.036+0000] {processor.py:830} INFO - Processing file /home/airflow/.local/lib/python3.12/site-packages/airflow/example_dags/example_sensors.py for tasks to queue
[2026-04-28T18:17:57.037+0000] {logging_mixin.py:188} INFO - [2026-04-28T18:17:57.037+0000] {dagbag.py:540} INFO - Filling up the DagBag from /home/airflow/.local/lib/python3.12/site-packages/airflow/example_dags/example_sensors.py
[2026-04-28T18:17:57.045+0000] {processor.py:840} INFO - DAG(s) 'example_sensors' retrieved from /home/airflow/.local/lib/python3.12/site-packages/airflow/example_dags/example_sensors.py
[2026-04-28T18:17:57.067+0000] {logging_mixin.py:188} INFO - [2026-04-28T18:17:57.067+0000] {dag.py:3096} INFO - Sync 1 DAGs
[2026-04-28T18:17:57.079+0000] {logging_mixin.py:188} INFO - [2026-04-28T18:17:57.079+0000] {dag.py:3954} INFO - Setting next_dagrun for example_sensors to None, run_after=None
[2026-04-28T18:17:57.094+0000] {processor.py:183} INFO - Processing /home/airflow/.local/lib/python3.12/site-packages/airflow/example_dags/example_sensors.py took 0.064 seconds
[2026-04-28T18:18:27.580+0000] {processor.py:161} INFO - Started process (PID=2138) to work on /home/airflow/.local/lib/python3.12/site-packages/airflow/example_dags/example_sensors.py
[2026-04-28T18:18:27.585+0000] {processor.py:830} INFO - Processing file /home/airflow/.local/lib/python3.12/site-packages/airflow/example_dags/example_sensors.py for tasks to queue
[2026-04-28T18:18:27.589+0000] {logging_mixin.py:188} INFO - [2026-04-28T18:18:27.589+0000] {dagbag.py:540} INFO - Filling up the DagBag from /home/airflow/.local/lib/python3.12/site-packages/airflow/example_dags/example_sensors.py
[2026-04-28T18:18:27.614+0000] {processor.py:840} INFO - DAG(s) 'example_sensors' retrieved from /home/airflow/.local/lib/python3.12/site-packages/airflow/example_dags/example_sensors.py
[2026-04-28T18:18:27.700+0000] {logging_mixin.py:188} INFO - [2026-04-28T18:18:27.700+0000] {dag.py:3096} INFO - Sync 1 DAGs
[2026-04-28T18:18:27.741+0000] {logging_mixin.py:188} INFO - [2026-04-28T18:18:27.741+0000] {dag.py:3954} INFO - Setting next_dagrun for example_sensors to None, run_after=None
[2026-04-28T18:18:27.814+0000] {processor.py:183} INFO - Processing /home/airflow/.local/lib/python3.12/site-packages/airflow/example_dags/example_sensors.py took 0.247 seconds
[2026-04-28T18:18:57.894+0000] {processor.py:161} INFO - Started process (PID=2199) to work on /home/airflow/.local/lib/python3.12/site-packages/airflow/example_dags/example_sensors.py
[2026-04-28T18:18:57.895+0000] {processor.py:830} INFO - Processing file /home/airflow/.local/lib/python3.12/site-packages/airflow/example_dags/example_sensors.py for tasks to queue
[2026-04-28T18:18:57.897+0000] {logging_mixin.py:188} INFO - [2026-04-28T18:18:57.897+0000] {dagbag.py:540} INFO - Filling up the DagBag from /home/airflow/.local/lib/python3.12/site-packages/airflow/example_dags/example_sensors.py
[2026-04-28T18:18:57.909+0000] {processor.py:840} INFO - DAG(s) 'example_sensors' retrieved from /home/airflow/.local/lib/python3.12/site-packages/airflow/example_dags/example_sensors.py
[2026-04-28T18:18:57.942+0000] {logging_mixin.py:188} INFO - [2026-04-28T18:18:57.941+0000] {dag.py:3096} INFO - Sync 1 DAGs
[2026-04-28T18:18:57.958+0000] {logging_mixin.py:188} INFO - [2026-04-28T18:18:57.957+0000] {dag.py:3954} INFO - Setting next_dagrun for example_sensors to None, run_after=None
[2026-04-28T18:18:57.978+0000] {processor.py:183} INFO - Processing /home/airflow/.local/lib/python3.12/site-packages/airflow/example_dags/example_sensors.py took 0.090 seconds
[2026-04-28T18:19:28.474+0000] {processor.py:161} INFO - Started process (PID=2258) to work on /home/airflow/.local/lib/python3.12/site-packages/airflow/example_dags/example_sensors.py
[2026-04-28T18:19:28.475+0000] {processor.py:830} INFO - Processing file /home/airflow/.local/lib/python3.12/site-packages/airflow/example_dags/example_sensors.py for tasks to queue
[2026-04-28T18:19:28.477+0000] {logging_mixin.py:188} INFO - [2026-04-28T18:19:28.476+0000] {dagbag.py:540} INFO - Filling up the DagBag from /home/airflow/.local/lib/python3.12/site-packages/airflow/example_dags/example_sensors.py
[2026-04-28T18:19:28.484+0000] {processor.py:840} INFO - DAG(s) 'example_sensors' retrieved from /home/airflow/.local/lib/python3.12/site-packages/airflow/example_dags/example_sensors.py
[2026-04-28T18:19:28.505+0000] {logging_mixin.py:188} INFO - [2026-04-28T18:19:28.505+0000] {dag.py:3096} INFO - Sync 1 DAGs
[2026-04-28T18:19:28.516+0000] {logging_mixin.py:188} INFO - [2026-04-28T18:19:28.516+0000] {dag.py:3954} INFO - Setting next_dagrun for example_sensors to None, run_after=None
[2026-04-28T18:19:28.533+0000] {processor.py:183} INFO - Processing /home/airflow/.local/lib/python3.12/site-packages/airflow/example_dags/example_sensors.py took 0.064 seconds
[2026-04-28T18:19:59.191+0000] {processor.py:161} INFO - Started process (PID=2318) to work on /home/airflow/.local/lib/python3.12/site-packages/airflow/example_dags/example_sensors.py
[2026-04-28T18:19:59.192+0000] {processor.py:830} INFO - Processing file /home/airflow/.local/lib/python3.12/site-packages/airflow/example_dags/example_sensors.py for tasks to queue
[2026-04-28T18:19:59.196+0000] {logging_mixin.py:188} INFO - [2026-04-28T18:19:59.196+0000] {dagbag.py:540} INFO - Filling up the DagBag from /home/airflow/.local/lib/python3.12/site-packages/airflow/example_dags/example_sensors.py
[2026-04-28T18:19:59.222+0000] {processor.py:840} INFO - DAG(s) 'example_sensors' retrieved from /home/airflow/.local/lib/python3.12/site-packages/airflow/example_dags/example_sensors.py
[2026-04-28T18:19:59.285+0000] {logging_mixin.py:188} INFO - [2026-04-28T18:19:59.285+0000] {dag.py:3096} INFO - Sync 1 DAGs
[2026-04-28T18:19:59.311+0000] {logging_mixin.py:188} INFO - [2026-04-28T18:19:59.310+0000] {dag.py:3954} INFO - Setting next_dagrun for example_sensors to None, run_after=None
[2026-04-28T18:19:59.332+0000] {processor.py:183} INFO - Processing /home/airflow/.local/lib/python3.12/site-packages/airflow/example_dags/example_sensors.py took 0.155 seconds
[2026-04-28T18:20:30.291+0000] {processor.py:161} INFO - Started process (PID=2377) to work on /home/airflow/.local/lib/python3.12/site-packages/airflow/example_dags/example_sensors.py
[2026-04-28T18:20:30.292+0000] {processor.py:830} INFO - Processing file /home/airflow/.local/lib/python3.12/site-packages/airflow/example_dags/example_sensors.py for tasks to queue
[2026-04-28T18:20:30.294+0000] {logging_mixin.py:188} INFO - [2026-04-28T18:20:30.294+0000] {dagbag.py:540} INFO - Filling up the DagBag from /home/airflow/.local/lib/python3.12/site-packages/airflow/example_dags/example_sensors.py
[2026-04-28T18:20:30.308+0000] {processor.py:840} INFO - DAG(s) 'example_sensors' retrieved from /home/airflow/.local/lib/python3.12/site-packages/airflow/example_dags/example_sensors.py
[2026-04-28T18:20:30.414+0000] {logging_mixin.py:188} INFO - [2026-04-28T18:20:30.414+0000] {dag.py:3096} INFO - Sync 1 DAGs
[2026-04-28T18:20:30.470+0000] {logging_mixin.py:188} INFO - [2026-04-28T18:20:30.470+0000] {dag.py:3954} INFO - Setting next_dagrun for example_sensors to None, run_after=None
[2026-04-28T18:20:30.501+0000] {processor.py:183} INFO - Processing /home/airflow/.local/lib/python3.12/site-packages/airflow/example_dags/example_sensors.py took 0.217 seconds
[2026-04-28T18:21:00.551+0000] {processor.py:161} INFO - Started process (PID=2437) to work on /home/airflow/.local/lib/python3.12/site-packages/airflow/example_dags/example_sensors.py
[2026-04-28T18:21:00.551+0000] {processor.py:830} INFO - Processing file /home/airflow/.local/lib/python3.12/site-packages/airflow/example_dags/example_sensors.py for tasks to queue
[2026-04-28T18:21:00.553+0000] {logging_mixin.py:188} INFO - [2026-04-28T18:21:00.553+0000] {dagbag.py:540} INFO - Filling up the DagBag from /home/airflow/.local/lib/python3.12/site-packages/airflow/example_dags/example_sensors.py
[2026-04-28T18:21:00.565+0000] {processor.py:840} INFO - DAG(s) 'example_sensors' retrieved from /home/airflow/.local/lib/python3.12/site-packages/airflow/example_dags/example_sensors.py
[2026-04-28T18:21:00.597+0000] {logging_mixin.py:188} INFO - [2026-04-28T18:21:00.597+0000] {dag.py:3096} INFO - Sync 1 DAGs
[2026-04-28T18:21:00.614+0000] {logging_mixin.py:188} INFO - [2026-04-28T18:21:00.614+0000] {dag.py:3954} INFO - Setting next_dagrun for example_sensors to None, run_after=None
[2026-04-28T18:21:00.654+0000] {processor.py:183} INFO - Processing /home/airflow/.local/lib/python3.12/site-packages/airflow/example_dags/example_sensors.py took 0.110 seconds
[2026-04-28T18:21:30.930+0000] {processor.py:161} INFO - Started process (PID=2497) to work on /home/airflow/.local/lib/python3.12/site-packages/airflow/example_dags/example_sensors.py
[2026-04-28T18:21:30.931+0000] {processor.py:830} INFO - Processing file /home/airflow/.local/lib/python3.12/site-packages/airflow/example_dags/example_sensors.py for tasks to queue
[2026-04-28T18:21:30.933+0000] {logging_mixin.py:188} INFO - [2026-04-28T18:21:30.933+0000] {dagbag.py:540} INFO - Filling up the DagBag from /home/airflow/.local/lib/python3.12/site-packages/airflow/example_dags/example_sensors.py
[2026-04-28T18:21:30.945+0000] {processor.py:840} INFO - DAG(s) 'example_sensors' retrieved from /home/airflow/.local/lib/python3.12/site-packages/airflow/example_dags/example_sensors.py
[2026-04-28T18:21:30.978+0000] {logging_mixin.py:188} INFO - [2026-04-28T18:21:30.978+0000] {dag.py:3096} INFO - Sync 1 DAGs
[2026-04-28T18:21:30.994+0000] {logging_mixin.py:188} INFO - [2026-04-28T18:21:30.994+0000] {dag.py:3954} INFO - Setting next_dagrun for example_sensors to None, run_after=None
[2026-04-28T18:21:31.016+0000] {processor.py:183} INFO - Processing /home/airflow/.local/lib/python3.12/site-packages/airflow/example_dags/example_sensors.py took 0.092 seconds
[2026-04-28T18:22:01.650+0000] {processor.py:161} INFO - Started process (PID=2557) to work on /home/airflow/.local/lib/python3.12/site-packages/airflow/example_dags/example_sensors.py
[2026-04-28T18:22:01.651+0000] {processor.py:830} INFO - Processing file /home/airflow/.local/lib/python3.12/site-packages/airflow/example_dags/example_sensors.py for tasks to queue
[2026-04-28T18:22:01.659+0000] {logging_mixin.py:188} INFO - [2026-04-28T18:22:01.658+0000] {dagbag.py:540} INFO - Filling up the DagBag from /home/airflow/.local/lib/python3.12/site-packages/airflow/example_dags/example_sensors.py
[2026-04-28T18:22:01.682+0000] {processor.py:840} INFO - DAG(s) 'example_sensors' retrieved from /home/airflow/.local/lib/python3.12/site-packages/airflow/example_dags/example_sensors.py
[2026-04-28T18:22:01.761+0000] {logging_mixin.py:188} INFO - [2026-04-28T18:22:01.761+0000] {dag.py:3096} INFO - Sync 1 DAGs
[2026-04-28T18:22:01.779+0000] {logging_mixin.py:188} INFO - [2026-04-28T18:22:01.778+0000] {dag.py:3954} INFO - Setting next_dagrun for example_sensors to None, run_after=None
[2026-04-28T18:22:01.814+0000] {processor.py:183} INFO - Processing /home/airflow/.local/lib/python3.12/site-packages/airflow/example_dags/example_sensors.py took 0.181 seconds
[2026-04-28T18:22:32.521+0000] {processor.py:161} INFO - Started process (PID=2617) to work on /home/airflow/.local/lib/python3.12/site-packages/airflow/example_dags/example_sensors.py
[2026-04-28T18:22:32.522+0000] {processor.py:830} INFO - Processing file /home/airflow/.local/lib/python3.12/site-packages/airflow/example_dags/example_sensors.py for tasks to queue
[2026-04-28T18:22:32.524+0000] {logging_mixin.py:188} INFO - [2026-04-28T18:22:32.523+0000] {dagbag.py:540} INFO - Filling up the DagBag from /home/airflow/.local/lib/python3.12/site-packages/airflow/example_dags/example_sensors.py
[2026-04-28T18:22:32.535+0000] {processor.py:840} INFO - DAG(s) 'example_sensors' retrieved from /home/airflow/.local/lib/python3.12/site-packages/airflow/example_dags/example_sensors.py
[2026-04-28T18:22:32.567+0000] {logging_mixin.py:188} INFO - [2026-04-28T18:22:32.567+0000] {dag.py:3096} INFO - Sync 1 DAGs
[2026-04-28T18:22:32.583+0000] {logging_mixin.py:188} INFO - [2026-04-28T18:22:32.582+0000] {dag.py:3954} INFO - Setting next_dagrun for example_sensors to None, run_after=None
[2026-04-28T18:22:32.620+0000] {processor.py:183} INFO - Processing /home/airflow/.local/lib/python3.12/site-packages/airflow/example_dags/example_sensors.py took 0.106 seconds
[2026-04-28T18:23:03.267+0000] {processor.py:161} INFO - Started process (PID=2677) to work on /home/airflow/.local/lib/python3.12/site-packages/airflow/example_dags/example_sensors.py
[2026-04-28T18:23:03.268+0000] {processor.py:830} INFO - Processing file /home/airflow/.local/lib/python3.12/site-packages/airflow/example_dags/example_sensors.py for tasks to queue
[2026-04-28T18:23:03.271+0000] {logging_mixin.py:188} INFO - [2026-04-28T18:23:03.270+0000] {dagbag.py:540} INFO - Filling up the DagBag from /home/airflow/.local/lib/python3.12/site-packages/airflow/example_dags/example_sensors.py
[2026-04-28T18:23:03.282+0000] {processor.py:840} INFO - DAG(s) 'example_sensors' retrieved from /home/airflow/.local/lib/python3.12/site-packages/airflow/example_dags/example_sensors.py
[2026-04-28T18:23:03.317+0000] {logging_mixin.py:188} INFO - [2026-04-28T18:23:03.316+0000] {dag.py:3096} INFO - Sync 1 DAGs
[2026-04-28T18:23:03.332+0000] {logging_mixin.py:188} INFO - [2026-04-28T18:23:03.332+0000] {dag.py:3954} INFO - Setting next_dagrun for example_sensors to None, run_after=None
[2026-04-28T18:23:03.352+0000] {processor.py:183} INFO - Processing /home/airflow/.local/lib/python3.12/site-packages/airflow/example_dags/example_sensors.py took 0.092 seconds
[2026-04-28T18:23:33.951+0000] {processor.py:161} INFO - Started process (PID=2738) to work on /home/airflow/.local/lib/python3.12/site-packages/airflow/example_dags/example_sensors.py
[2026-04-28T18:23:33.951+0000] {processor.py:830} INFO - Processing file /home/airflow/.local/lib/python3.12/site-packages/airflow/example_dags/example_sensors.py for tasks to queue
[2026-04-28T18:23:33.953+0000] {logging_mixin.py:188} INFO - [2026-04-28T18:23:33.953+0000] {dagbag.py:540} INFO - Filling up the DagBag from /home/airflow/.local/lib/python3.12/site-packages/airflow/example_dags/example_sensors.py
[2026-04-28T18:23:33.978+0000] {processor.py:840} INFO - DAG(s) 'example_sensors' retrieved from /home/airflow/.local/lib/python3.12/site-packages/airflow/example_dags/example_sensors.py
[2026-04-28T18:23:34.058+0000] {logging_mixin.py:188} INFO - [2026-04-28T18:23:34.057+0000] {dag.py:3096} INFO - Sync 1 DAGs
[2026-04-28T18:23:34.074+0000] {logging_mixin.py:188} INFO - [2026-04-28T18:23:34.074+0000] {dag.py:3954} INFO - Setting next_dagrun for example_sensors to None, run_after=None
[2026-04-28T18:23:34.093+0000] {processor.py:183} INFO - Processing /home/airflow/.local/lib/python3.12/site-packages/airflow/example_dags/example_sensors.py took 0.149 seconds
[2026-04-28T18:24:04.393+0000] {processor.py:161} INFO - Started process (PID=2798) to work on /home/airflow/.local/lib/python3.12/site-packages/airflow/example_dags/example_sensors.py
[2026-04-28T18:24:04.395+0000] {processor.py:830} INFO - Processing file /home/airflow/.local/lib/python3.12/site-packages/airflow/example_dags/example_sensors.py for tasks to queue
[2026-04-28T18:24:04.402+0000] {logging_mixin.py:188} INFO - [2026-04-28T18:24:04.402+0000] {dagbag.py:540} INFO - Filling up the DagBag from /home/airflow/.local/lib/python3.12/site-packages/airflow/example_dags/example_sensors.py
[2026-04-28T18:24:04.435+0000] {processor.py:840} INFO - DAG(s) 'example_sensors' retrieved from /home/airflow/.local/lib/python3.12/site-packages/airflow/example_dags/example_sensors.py
[2026-04-28T18:24:04.483+0000] {logging_mixin.py:188} INFO - [2026-04-28T18:24:04.483+0000] {dag.py:3096} INFO - Sync 1 DAGs
[2026-04-28T18:24:04.502+0000] {logging_mixin.py:188} INFO - [2026-04-28T18:24:04.502+0000] {dag.py:3954} INFO - Setting next_dagrun for example_sensors to None, run_after=None
[2026-04-28T18:24:04.529+0000] {processor.py:183} INFO - Processing /home/airflow/.local/lib/python3.12/site-packages/airflow/example_dags/example_sensors.py took 0.156 seconds
[2026-04-28T18:24:35.055+0000] {processor.py:161} INFO - Started process (PID=2858) to work on /home/airflow/.local/lib/python3.12/site-packages/airflow/example_dags/example_sensors.py
[2026-04-28T18:24:35.057+0000] {processor.py:830} INFO - Processing file /home/airflow/.local/lib/python3.12/site-packages/airflow/example_dags/example_sensors.py for tasks to queue
[2026-04-28T18:24:35.059+0000] {logging_mixin.py:188} INFO - [2026-04-28T18:24:35.059+0000] {dagbag.py:540} INFO - Filling up the DagBag from /home/airflow/.local/lib/python3.12/site-packages/airflow/example_dags/example_sensors.py
[2026-04-28T18:24:35.079+0000] {processor.py:840} INFO - DAG(s) 'example_sensors' retrieved from /home/airflow/.local/lib/python3.12/site-packages/airflow/example_dags/example_sensors.py
[2026-04-28T18:24:35.139+0000] {logging_mixin.py:188} INFO - [2026-04-28T18:24:35.139+0000] {dag.py:3096} INFO - Sync 1 DAGs
[2026-04-28T18:24:35.189+0000] {logging_mixin.py:188} INFO - [2026-04-28T18:24:35.188+0000] {dag.py:3954} INFO - Setting next_dagrun for example_sensors to None, run_after=None
[2026-04-28T18:24:35.264+0000] {processor.py:183} INFO - Processing /home/airflow/.local/lib/python3.12/site-packages/airflow/example_dags/example_sensors.py took 0.220 seconds
[2026-04-28T18:25:05.498+0000] {processor.py:161} INFO - Started process (PID=2918) to work on /home/airflow/.local/lib/python3.12/site-packages/airflow/example_dags/example_sensors.py
[2026-04-28T18:25:05.499+0000] {processor.py:830} INFO - Processing file /home/airflow/.local/lib/python3.12/site-packages/airflow/example_dags/example_sensors.py for tasks to queue
[2026-04-28T18:25:05.501+0000] {logging_mixin.py:188} INFO - [2026-04-28T18:25:05.501+0000] {dagbag.py:540} INFO - Filling up the DagBag from /home/airflow/.local/lib/python3.12/site-packages/airflow/example_dags/example_sensors.py
[2026-04-28T18:25:05.514+0000] {processor.py:840} INFO - DAG(s) 'example_sensors' retrieved from /home/airflow/.local/lib/python3.12/site-packages/airflow/example_dags/example_sensors.py
[2026-04-28T18:25:05.538+0000] {logging_mixin.py:188} INFO - [2026-04-28T18:25:05.538+0000] {dag.py:3096} INFO - Sync 1 DAGs
[2026-04-28T18:25:05.549+0000] {logging_mixin.py:188} INFO - [2026-04-28T18:25:05.549+0000] {dag.py:3954} INFO - Setting next_dagrun for example_sensors to None, run_after=None
[2026-04-28T18:25:05.566+0000] {processor.py:183} INFO - Processing /home/airflow/.local/lib/python3.12/site-packages/airflow/example_dags/example_sensors.py took 0.075 seconds
[2026-04-28T18:25:36.356+0000] {processor.py:161} INFO - Started process (PID=2978) to work on /home/airflow/.local/lib/python3.12/site-packages/airflow/example_dags/example_sensors.py
[2026-04-28T18:25:36.357+0000] {processor.py:830} INFO - Processing file /home/airflow/.local/lib/python3.12/site-packages/airflow/example_dags/example_sensors.py for tasks to queue
[2026-04-28T18:25:36.359+0000] {logging_mixin.py:188} INFO - [2026-04-28T18:25:36.359+0000] {dagbag.py:540} INFO - Filling up the DagBag from /home/airflow/.local/lib/python3.12/site-packages/airflow/example_dags/example_sensors.py
[2026-04-28T18:25:36.372+0000] {processor.py:840} INFO - DAG(s) 'example_sensors' retrieved from /home/airflow/.local/lib/python3.12/site-packages/airflow/example_dags/example_sensors.py
[2026-04-28T18:25:36.414+0000] {logging_mixin.py:188} INFO - [2026-04-28T18:25:36.413+0000] {dag.py:3096} INFO - Sync 1 DAGs
[2026-04-28T18:25:36.431+0000] {logging_mixin.py:188} INFO - [2026-04-28T18:25:36.430+0000] {dag.py:3954} INFO - Setting next_dagrun for example_sensors to None, run_after=None
[2026-04-28T18:25:36.451+0000] {processor.py:183} INFO - Processing /home/airflow/.local/lib/python3.12/site-packages/airflow/example_dags/example_sensors.py took 0.104 seconds
[2026-04-28T18:26:06.500+0000] {processor.py:161} INFO - Started process (PID=3037) to work on /home/airflow/.local/lib/python3.12/site-packages/airflow/example_dags/example_sensors.py
[2026-04-28T18:26:06.501+0000] {processor.py:830} INFO - Processing file /home/airflow/.local/lib/python3.12/site-packages/airflow/example_dags/example_sensors.py for tasks to queue
[2026-04-28T18:26:06.502+0000] {logging_mixin.py:188} INFO - [2026-04-28T18:26:06.502+0000] {dagbag.py:540} INFO - Filling up the DagBag from /home/airflow/.local/lib/python3.12/site-packages/airflow/example_dags/example_sensors.py
[2026-04-28T18:26:06.519+0000] {processor.py:840} INFO - DAG(s) 'example_sensors' retrieved from /home/airflow/.local/lib/python3.12/site-packages/airflow/example_dags/example_sensors.py
[2026-04-28T18:26:06.556+0000] {logging_mixin.py:188} INFO - [2026-04-28T18:26:06.556+0000] {dag.py:3096} INFO - Sync 1 DAGs
[2026-04-28T18:26:06.578+0000] {logging_mixin.py:188} INFO - [2026-04-28T18:26:06.578+0000] {dag.py:3954} INFO - Setting next_dagrun for example_sensors to None, run_after=None
[2026-04-28T18:26:06.602+0000] {processor.py:183} INFO - Processing /home/airflow/.local/lib/python3.12/site-packages/airflow/example_dags/example_sensors.py took 0.110 seconds
[2026-04-28T18:26:37.332+0000] {processor.py:161} INFO - Started process (PID=3097) to work on /home/airflow/.local/lib/python3.12/site-packages/airflow/example_dags/example_sensors.py
[2026-04-28T18:26:37.333+0000] {processor.py:830} INFO - Processing file /home/airflow/.local/lib/python3.12/site-packages/airflow/example_dags/example_sensors.py for tasks to queue
[2026-04-28T18:26:37.337+0000] {logging_mixin.py:188} INFO - [2026-04-28T18:26:37.336+0000] {dagbag.py:540} INFO - Filling up the DagBag from /home/airflow/.local/lib/python3.12/site-packages/airflow/example_dags/example_sensors.py
[2026-04-28T18:26:37.359+0000] {processor.py:840} INFO - DAG(s) 'example_sensors' retrieved from /home/airflow/.local/lib/python3.12/site-packages/airflow/example_dags/example_sensors.py
[2026-04-28T18:26:37.460+0000] {logging_mixin.py:188} INFO - [2026-04-28T18:26:37.456+0000] {dag.py:3096} INFO - Sync 1 DAGs
[2026-04-28T18:26:37.534+0000] {logging_mixin.py:188} INFO - [2026-04-28T18:26:37.533+0000] {dag.py:3954} INFO - Setting next_dagrun for example_sensors to None, run_after=None
[2026-04-28T18:26:37.576+0000] {processor.py:183} INFO - Processing /home/airflow/.local/lib/python3.12/site-packages/airflow/example_dags/example_sensors.py took 0.258 seconds
[2026-04-28T18:27:08.371+0000] {processor.py:161} INFO - Started process (PID=3157) to work on /home/airflow/.local/lib/python3.12/site-packages/airflow/example_dags/example_sensors.py
[2026-04-28T18:27:08.372+0000] {processor.py:830} INFO - Processing file /home/airflow/.local/lib/python3.12/site-packages/airflow/example_dags/example_sensors.py for tasks to queue
[2026-04-28T18:27:08.379+0000] {logging_mixin.py:188} INFO - [2026-04-28T18:27:08.379+0000] {dagbag.py:540} INFO - Filling up the DagBag from /home/airflow/.local/lib/python3.12/site-packages/airflow/example_dags/example_sensors.py
[2026-04-28T18:27:08.394+0000] {processor.py:840} INFO - DAG(s) 'example_sensors' retrieved from /home/airflow/.local/lib/python3.12/site-packages/airflow/example_dags/example_sensors.py
[2026-04-28T18:27:08.442+0000] {logging_mixin.py:188} INFO - [2026-04-28T18:27:08.442+0000] {dag.py:3096} INFO - Sync 1 DAGs
[2026-04-28T18:27:08.458+0000] {logging_mixin.py:188} INFO - [2026-04-28T18:27:08.458+0000] {dag.py:3954} INFO - Setting next_dagrun for example_sensors to None, run_after=None
[2026-04-28T18:27:08.478+0000] {processor.py:183} INFO - Processing /home/airflow/.local/lib/python3.12/site-packages/airflow/example_dags/example_sensors.py took 0.127 seconds
[2026-04-28T18:27:38.689+0000] {processor.py:161} INFO - Started process (PID=3217) to work on /home/airflow/.local/lib/python3.12/site-packages/airflow/example_dags/example_sensors.py
[2026-04-28T18:27:38.690+0000] {processor.py:830} INFO - Processing file /home/airflow/.local/lib/python3.12/site-packages/airflow/example_dags/example_sensors.py for tasks to queue
[2026-04-28T18:27:38.692+0000] {logging_mixin.py:188} INFO - [2026-04-28T18:27:38.692+0000] {dagbag.py:540} INFO - Filling up the DagBag from /home/airflow/.local/lib/python3.12/site-packages/airflow/example_dags/example_sensors.py
[2026-04-28T18:27:38.705+0000] {processor.py:840} INFO - DAG(s) 'example_sensors' retrieved from /home/airflow/.local/lib/python3.12/site-packages/airflow/example_dags/example_sensors.py
[2026-04-28T18:27:38.738+0000] {logging_mixin.py:188} INFO - [2026-04-28T18:27:38.738+0000] {dag.py:3096} INFO - Sync 1 DAGs
[2026-04-28T18:27:38.754+0000] {logging_mixin.py:188} INFO - [2026-04-28T18:27:38.754+0000] {dag.py:3954} INFO - Setting next_dagrun for example_sensors to None, run_after=None
[2026-04-28T18:27:38.775+0000] {processor.py:183} INFO - Processing /home/airflow/.local/lib/python3.12/site-packages/airflow/example_dags/example_sensors.py took 0.092 seconds
[2026-04-28T18:28:09.038+0000] {processor.py:161} INFO - Started process (PID=3277) to work on /home/airflow/.local/lib/python3.12/site-packages/airflow/example_dags/example_sensors.py
[2026-04-28T18:28:09.039+0000] {processor.py:830} INFO - Processing file /home/airflow/.local/lib/python3.12/site-packages/airflow/example_dags/example_sensors.py for tasks to queue
[2026-04-28T18:28:09.041+0000] {logging_mixin.py:188} INFO - [2026-04-28T18:28:09.040+0000] {dagbag.py:540} INFO - Filling up the DagBag from /home/airflow/.local/lib/python3.12/site-packages/airflow/example_dags/example_sensors.py
[2026-04-28T18:28:09.052+0000] {processor.py:840} INFO - DAG(s) 'example_sensors' retrieved from /home/airflow/.local/lib/python3.12/site-packages/airflow/example_dags/example_sensors.py
[2026-04-28T18:28:09.086+0000] {logging_mixin.py:188} INFO - [2026-04-28T18:28:09.085+0000] {dag.py:3096} INFO - Sync 1 DAGs
[2026-04-28T18:28:09.102+0000] {logging_mixin.py:188} INFO - [2026-04-28T18:28:09.102+0000] {dag.py:3954} INFO - Setting next_dagrun for example_sensors to None, run_after=None
[2026-04-28T18:28:09.123+0000] {processor.py:183} INFO - Processing /home/airflow/.local/lib/python3.12/site-packages/airflow/example_dags/example_sensors.py took 0.093 seconds
[2026-04-28T18:28:39.430+0000] {processor.py:161} INFO - Started process (PID=3337) to work on /home/airflow/.local/lib/python3.12/site-packages/airflow/example_dags/example_sensors.py
[2026-04-28T18:28:39.430+0000] {processor.py:830} INFO - Processing file /home/airflow/.local/lib/python3.12/site-packages/airflow/example_dags/example_sensors.py for tasks to queue
[2026-04-28T18:28:39.432+0000] {logging_mixin.py:188} INFO - [2026-04-28T18:28:39.432+0000] {dagbag.py:540} INFO - Filling up the DagBag from /home/airflow/.local/lib/python3.12/site-packages/airflow/example_dags/example_sensors.py
[2026-04-28T18:28:39.444+0000] {processor.py:840} INFO - DAG(s) 'example_sensors' retrieved from /home/airflow/.local/lib/python3.12/site-packages/airflow/example_dags/example_sensors.py
[2026-04-28T18:28:39.477+0000] {logging_mixin.py:188} INFO - [2026-04-28T18:28:39.477+0000] {dag.py:3096} INFO - Sync 1 DAGs
[2026-04-28T18:28:39.494+0000] {logging_mixin.py:188} INFO - [2026-04-28T18:28:39.494+0000] {dag.py:3954} INFO - Setting next_dagrun for example_sensors to None, run_after=None
[2026-04-28T18:28:39.514+0000] {processor.py:183} INFO - Processing /home/airflow/.local/lib/python3.12/site-packages/airflow/example_dags/example_sensors.py took 0.091 seconds
[2026-04-28T18:29:09.636+0000] {processor.py:161} INFO - Started process (PID=3397) to work on /home/airflow/.local/lib/python3.12/site-packages/airflow/example_dags/example_sensors.py
[2026-04-28T18:29:09.637+0000] {processor.py:830} INFO - Processing file /home/airflow/.local/lib/python3.12/site-packages/airflow/example_dags/example_sensors.py for tasks to queue
[2026-04-28T18:29:09.639+0000] {logging_mixin.py:188} INFO - [2026-04-28T18:29:09.638+0000] {dagbag.py:540} INFO - Filling up the DagBag from /home/airflow/.local/lib/python3.12/site-packages/airflow/example_dags/example_sensors.py
[2026-04-28T18:29:09.650+0000] {processor.py:840} INFO - DAG(s) 'example_sensors' retrieved from /home/airflow/.local/lib/python3.12/site-packages/airflow/example_dags/example_sensors.py
[2026-04-28T18:29:09.697+0000] {logging_mixin.py:188} INFO - [2026-04-28T18:29:09.697+0000] {dag.py:3096} INFO - Sync 1 DAGs
[2026-04-28T18:29:09.713+0000] {logging_mixin.py:188} INFO - [2026-04-28T18:29:09.712+0000] {dag.py:3954} INFO - Setting next_dagrun for example_sensors to None, run_after=None
[2026-04-28T18:29:09.732+0000] {processor.py:183} INFO - Processing /home/airflow/.local/lib/python3.12/site-packages/airflow/example_dags/example_sensors.py took 0.104 seconds
[2026-04-28T18:29:41.068+0000] {processor.py:161} INFO - Started process (PID=3458) to work on /home/airflow/.local/lib/python3.12/site-packages/airflow/example_dags/example_sensors.py
[2026-04-28T18:29:41.069+0000] {processor.py:830} INFO - Processing file /home/airflow/.local/lib/python3.12/site-packages/airflow/example_dags/example_sensors.py for tasks to queue
[2026-04-28T18:29:41.071+0000] {logging_mixin.py:188} INFO - [2026-04-28T18:29:41.071+0000] {dagbag.py:540} INFO - Filling up the DagBag from /home/airflow/.local/lib/python3.12/site-packages/airflow/example_dags/example_sensors.py
[2026-04-28T18:29:41.083+0000] {processor.py:840} INFO - DAG(s) 'example_sensors' retrieved from /home/airflow/.local/lib/python3.12/site-packages/airflow/example_dags/example_sensors.py
[2026-04-28T18:29:41.134+0000] {logging_mixin.py:188} INFO - [2026-04-28T18:29:41.134+0000] {dag.py:3096} INFO - Sync 1 DAGs
[2026-04-28T18:29:41.152+0000] {logging_mixin.py:188} INFO - [2026-04-28T18:29:41.152+0000] {dag.py:3954} INFO - Setting next_dagrun for example_sensors to None, run_after=None
[2026-04-28T18:29:41.173+0000] {processor.py:183} INFO - Processing /home/airflow/.local/lib/python3.12/site-packages/airflow/example_dags/example_sensors.py took 0.113 seconds
[2026-04-28T18:30:12.060+0000] {processor.py:161} INFO - Started process (PID=3518) to work on /home/airflow/.local/lib/python3.12/site-packages/airflow/example_dags/example_sensors.py
[2026-04-28T18:30:12.061+0000] {processor.py:830} INFO - Processing file /home/airflow/.local/lib/python3.12/site-packages/airflow/example_dags/example_sensors.py for tasks to queue
[2026-04-28T18:30:12.063+0000] {logging_mixin.py:188} INFO - [2026-04-28T18:30:12.062+0000] {dagbag.py:540} INFO - Filling up the DagBag from /home/airflow/.local/lib/python3.12/site-packages/airflow/example_dags/example_sensors.py
[2026-04-28T18:30:12.073+0000] {processor.py:840} INFO - DAG(s) 'example_sensors' retrieved from /home/airflow/.local/lib/python3.12/site-packages/airflow/example_dags/example_sensors.py
[2026-04-28T18:30:12.112+0000] {logging_mixin.py:188} INFO - [2026-04-28T18:30:12.112+0000] {dag.py:3096} INFO - Sync 1 DAGs
[2026-04-28T18:30:12.130+0000] {logging_mixin.py:188} INFO - [2026-04-28T18:30:12.129+0000] {dag.py:3954} INFO - Setting next_dagrun for example_sensors to None, run_after=None
[2026-04-28T18:30:12.150+0000] {processor.py:183} INFO - Processing /home/airflow/.local/lib/python3.12/site-packages/airflow/example_dags/example_sensors.py took 0.097 seconds
[2026-04-28T18:30:42.373+0000] {processor.py:161} INFO - Started process (PID=3577) to work on /home/airflow/.local/lib/python3.12/site-packages/airflow/example_dags/example_sensors.py
[2026-04-28T18:30:42.373+0000] {processor.py:830} INFO - Processing file /home/airflow/.local/lib/python3.12/site-packages/airflow/example_dags/example_sensors.py for tasks to queue
[2026-04-28T18:30:42.375+0000] {logging_mixin.py:188} INFO - [2026-04-28T18:30:42.375+0000] {dagbag.py:540} INFO - Filling up the DagBag from /home/airflow/.local/lib/python3.12/site-packages/airflow/example_dags/example_sensors.py
[2026-04-28T18:30:42.387+0000] {processor.py:840} INFO - DAG(s) 'example_sensors' retrieved from /home/airflow/.local/lib/python3.12/site-packages/airflow/example_dags/example_sensors.py
[2026-04-28T18:30:42.430+0000] {logging_mixin.py:188} INFO - [2026-04-28T18:30:42.429+0000] {dag.py:3096} INFO - Sync 1 DAGs
[2026-04-28T18:30:42.447+0000] {logging_mixin.py:188} INFO - [2026-04-28T18:30:42.447+0000] {dag.py:3954} INFO - Setting next_dagrun for example_sensors to None, run_after=None
[2026-04-28T18:30:42.462+0000] {processor.py:183} INFO - Processing /home/airflow/.local/lib/python3.12/site-packages/airflow/example_dags/example_sensors.py took 0.094 seconds
[2026-04-28T18:31:13.283+0000] {processor.py:161} INFO - Started process (PID=3638) to work on /home/airflow/.local/lib/python3.12/site-packages/airflow/example_dags/example_sensors.py
[2026-04-28T18:31:13.284+0000] {processor.py:830} INFO - Processing file /home/airflow/.local/lib/python3.12/site-packages/airflow/example_dags/example_sensors.py for tasks to queue
[2026-04-28T18:31:13.286+0000] {logging_mixin.py:188} INFO - [2026-04-28T18:31:13.286+0000] {dagbag.py:540} INFO - Filling up the DagBag from /home/airflow/.local/lib/python3.12/site-packages/airflow/example_dags/example_sensors.py
[2026-04-28T18:31:13.297+0000] {processor.py:840} INFO - DAG(s) 'example_sensors' retrieved from /home/airflow/.local/lib/python3.12/site-packages/airflow/example_dags/example_sensors.py
[2026-04-28T18:31:13.332+0000] {logging_mixin.py:188} INFO - [2026-04-28T18:31:13.332+0000] {dag.py:3096} INFO - Sync 1 DAGs
[2026-04-28T18:31:13.349+0000] {logging_mixin.py:188} INFO - [2026-04-28T18:31:13.349+0000] {dag.py:3954} INFO - Setting next_dagrun for example_sensors to None, run_after=None
[2026-04-28T18:31:13.368+0000] {processor.py:183} INFO - Processing /home/airflow/.local/lib/python3.12/site-packages/airflow/example_dags/example_sensors.py took 0.092 seconds
[2026-04-28T18:31:44.159+0000] {processor.py:161} INFO - Started process (PID=3697) to work on /home/airflow/.local/lib/python3.12/site-packages/airflow/example_dags/example_sensors.py
[2026-04-28T18:31:44.160+0000] {processor.py:830} INFO - Processing file /home/airflow/.local/lib/python3.12/site-packages/airflow/example_dags/example_sensors.py for tasks to queue
[2026-04-28T18:31:44.162+0000] {logging_mixin.py:188} INFO - [2026-04-28T18:31:44.161+0000] {dagbag.py:540} INFO - Filling up the DagBag from /home/airflow/.local/lib/python3.12/site-packages/airflow/example_dags/example_sensors.py
[2026-04-28T18:31:44.174+0000] {processor.py:840} INFO - DAG(s) 'example_sensors' retrieved from /home/airflow/.local/lib/python3.12/site-packages/airflow/example_dags/example_sensors.py
[2026-04-28T18:31:44.208+0000] {logging_mixin.py:188} INFO - [2026-04-28T18:31:44.207+0000] {dag.py:3096} INFO - Sync 1 DAGs
[2026-04-28T18:31:44.231+0000] {logging_mixin.py:188} INFO - [2026-04-28T18:31:44.231+0000] {dag.py:3954} INFO - Setting next_dagrun for example_sensors to None, run_after=None
[2026-04-28T18:31:44.269+0000] {processor.py:183} INFO - Processing /home/airflow/.local/lib/python3.12/site-packages/airflow/example_dags/example_sensors.py took 0.118 seconds
[2026-04-28T18:32:15.005+0000] {processor.py:161} INFO - Started process (PID=3757) to work on /home/airflow/.local/lib/python3.12/site-packages/airflow/example_dags/example_sensors.py
[2026-04-28T18:32:15.009+0000] {processor.py:830} INFO - Processing file /home/airflow/.local/lib/python3.12/site-packages/airflow/example_dags/example_sensors.py for tasks to queue
[2026-04-28T18:32:15.013+0000] {logging_mixin.py:188} INFO - [2026-04-28T18:32:15.010+0000] {dagbag.py:540} INFO - Filling up the DagBag from /home/airflow/.local/lib/python3.12/site-packages/airflow/example_dags/example_sensors.py
[2026-04-28T18:32:15.024+0000] {processor.py:840} INFO - DAG(s) 'example_sensors' retrieved from /home/airflow/.local/lib/python3.12/site-packages/airflow/example_dags/example_sensors.py
[2026-04-28T18:32:15.059+0000] {logging_mixin.py:188} INFO - [2026-04-28T18:32:15.058+0000] {dag.py:3096} INFO - Sync 1 DAGs
[2026-04-28T18:32:15.075+0000] {logging_mixin.py:188} INFO - [2026-04-28T18:32:15.075+0000] {dag.py:3954} INFO - Setting next_dagrun for example_sensors to None, run_after=None
[2026-04-28T18:32:15.099+0000] {processor.py:183} INFO - Processing /home/airflow/.local/lib/python3.12/site-packages/airflow/example_dags/example_sensors.py took 0.108 seconds
[2026-04-28T18:32:45.786+0000] {processor.py:161} INFO - Started process (PID=3817) to work on /home/airflow/.local/lib/python3.12/site-packages/airflow/example_dags/example_sensors.py
[2026-04-28T18:32:45.788+0000] {processor.py:830} INFO - Processing file /home/airflow/.local/lib/python3.12/site-packages/airflow/example_dags/example_sensors.py for tasks to queue
[2026-04-28T18:32:45.792+0000] {logging_mixin.py:188} INFO - [2026-04-28T18:32:45.792+0000] {dagbag.py:540} INFO - Filling up the DagBag from /home/airflow/.local/lib/python3.12/site-packages/airflow/example_dags/example_sensors.py
[2026-04-28T18:32:45.814+0000] {processor.py:840} INFO - DAG(s) 'example_sensors' retrieved from /home/airflow/.local/lib/python3.12/site-packages/airflow/example_dags/example_sensors.py
[2026-04-28T18:32:45.869+0000] {logging_mixin.py:188} INFO - [2026-04-28T18:32:45.868+0000] {dag.py:3096} INFO - Sync 1 DAGs
[2026-04-28T18:32:45.886+0000] {logging_mixin.py:188} INFO - [2026-04-28T18:32:45.886+0000] {dag.py:3954} INFO - Setting next_dagrun for example_sensors to None, run_after=None
[2026-04-28T18:32:45.908+0000] {processor.py:183} INFO - Processing /home/airflow/.local/lib/python3.12/site-packages/airflow/example_dags/example_sensors.py took 0.132 seconds
[2026-04-28T18:33:16.210+0000] {processor.py:161} INFO - Started process (PID=3878) to work on /home/airflow/.local/lib/python3.12/site-packages/airflow/example_dags/example_sensors.py
[2026-04-28T18:33:16.211+0000] {processor.py:830} INFO - Processing file /home/airflow/.local/lib/python3.12/site-packages/airflow/example_dags/example_sensors.py for tasks to queue
[2026-04-28T18:33:16.213+0000] {logging_mixin.py:188} INFO - [2026-04-28T18:33:16.213+0000] {dagbag.py:540} INFO - Filling up the DagBag from /home/airflow/.local/lib/python3.12/site-packages/airflow/example_dags/example_sensors.py
[2026-04-28T18:33:16.225+0000] {processor.py:840} INFO - DAG(s) 'example_sensors' retrieved from /home/airflow/.local/lib/python3.12/site-packages/airflow/example_dags/example_sensors.py
[2026-04-28T18:33:16.279+0000] {logging_mixin.py:188} INFO - [2026-04-28T18:33:16.279+0000] {dag.py:3096} INFO - Sync 1 DAGs
[2026-04-28T18:33:16.298+0000] {logging_mixin.py:188} INFO - [2026-04-28T18:33:16.298+0000] {dag.py:3954} INFO - Setting next_dagrun for example_sensors to None, run_after=None
[2026-04-28T18:33:16.321+0000] {processor.py:183} INFO - Processing /home/airflow/.local/lib/python3.12/site-packages/airflow/example_dags/example_sensors.py took 0.119 seconds
[2026-04-28T18:33:46.842+0000] {processor.py:161} INFO - Started process (PID=3938) to work on /home/airflow/.local/lib/python3.12/site-packages/airflow/example_dags/example_sensors.py
[2026-04-28T18:33:46.843+0000] {processor.py:830} INFO - Processing file /home/airflow/.local/lib/python3.12/site-packages/airflow/example_dags/example_sensors.py for tasks to queue
[2026-04-28T18:33:46.845+0000] {logging_mixin.py:188} INFO - [2026-04-28T18:33:46.845+0000] {dagbag.py:540} INFO - Filling up the DagBag from /home/airflow/.local/lib/python3.12/site-packages/airflow/example_dags/example_sensors.py
[2026-04-28T18:33:46.857+0000] {processor.py:840} INFO - DAG(s) 'example_sensors' retrieved from /home/airflow/.local/lib/python3.12/site-packages/airflow/example_dags/example_sensors.py
[2026-04-28T18:33:46.892+0000] {logging_mixin.py:188} INFO - [2026-04-28T18:33:46.892+0000] {dag.py:3096} INFO - Sync 1 DAGs
[2026-04-28T18:33:46.909+0000] {logging_mixin.py:188} INFO - [2026-04-28T18:33:46.909+0000] {dag.py:3954} INFO - Setting next_dagrun for example_sensors to None, run_after=None
[2026-04-28T18:33:46.937+0000] {processor.py:183} INFO - Processing /home/airflow/.local/lib/python3.12/site-packages/airflow/example_dags/example_sensors.py took 0.111 seconds
[2026-04-28T18:34:17.228+0000] {processor.py:161} INFO - Started process (PID=3998) to work on /home/airflow/.local/lib/python3.12/site-packages/airflow/example_dags/example_sensors.py
[2026-04-28T18:34:17.232+0000] {processor.py:830} INFO - Processing file /home/airflow/.local/lib/python3.12/site-packages/airflow/example_dags/example_sensors.py for tasks to queue
[2026-04-28T18:34:17.236+0000] {logging_mixin.py:188} INFO - [2026-04-28T18:34:17.235+0000] {dagbag.py:540} INFO - Filling up the DagBag from /home/airflow/.local/lib/python3.12/site-packages/airflow/example_dags/example_sensors.py
[2026-04-28T18:34:17.252+0000] {processor.py:840} INFO - DAG(s) 'example_sensors' retrieved from /home/airflow/.local/lib/python3.12/site-packages/airflow/example_dags/example_sensors.py
[2026-04-28T18:34:17.285+0000] {logging_mixin.py:188} INFO - [2026-04-28T18:34:17.284+0000] {dag.py:3096} INFO - Sync 1 DAGs
[2026-04-28T18:34:17.302+0000] {logging_mixin.py:188} INFO - [2026-04-28T18:34:17.302+0000] {dag.py:3954} INFO - Setting next_dagrun for example_sensors to None, run_after=None
[2026-04-28T18:34:17.328+0000] {processor.py:183} INFO - Processing /home/airflow/.local/lib/python3.12/site-packages/airflow/example_dags/example_sensors.py took 0.115 seconds
[2026-04-28T18:34:47.662+0000] {processor.py:161} INFO - Started process (PID=4058) to work on /home/airflow/.local/lib/python3.12/site-packages/airflow/example_dags/example_sensors.py
[2026-04-28T18:34:47.663+0000] {processor.py:830} INFO - Processing file /home/airflow/.local/lib/python3.12/site-packages/airflow/example_dags/example_sensors.py for tasks to queue
[2026-04-28T18:34:47.665+0000] {logging_mixin.py:188} INFO - [2026-04-28T18:34:47.665+0000] {dagbag.py:540} INFO - Filling up the DagBag from /home/airflow/.local/lib/python3.12/site-packages/airflow/example_dags/example_sensors.py
[2026-04-28T18:34:47.676+0000] {processor.py:840} INFO - DAG(s) 'example_sensors' retrieved from /home/airflow/.local/lib/python3.12/site-packages/airflow/example_dags/example_sensors.py
[2026-04-28T18:34:47.713+0000] {logging_mixin.py:188} INFO - [2026-04-28T18:34:47.712+0000] {dag.py:3096} INFO - Sync 1 DAGs
[2026-04-28T18:34:47.733+0000] {logging_mixin.py:188} INFO - [2026-04-28T18:34:47.733+0000] {dag.py:3954} INFO - Setting next_dagrun for example_sensors to None, run_after=None
[2026-04-28T18:34:47.761+0000] {processor.py:183} INFO - Processing /home/airflow/.local/lib/python3.12/site-packages/airflow/example_dags/example_sensors.py took 0.106 seconds
[2026-04-28T18:35:18.209+0000] {processor.py:161} INFO - Started process (PID=4118) to work on /home/airflow/.local/lib/python3.12/site-packages/airflow/example_dags/example_sensors.py
[2026-04-28T18:35:18.210+0000] {processor.py:830} INFO - Processing file /home/airflow/.local/lib/python3.12/site-packages/airflow/example_dags/example_sensors.py for tasks to queue
[2026-04-28T18:35:18.212+0000] {logging_mixin.py:188} INFO - [2026-04-28T18:35:18.212+0000] {dagbag.py:540} INFO - Filling up the DagBag from /home/airflow/.local/lib/python3.12/site-packages/airflow/example_dags/example_sensors.py
[2026-04-28T18:35:18.224+0000] {processor.py:840} INFO - DAG(s) 'example_sensors' retrieved from /home/airflow/.local/lib/python3.12/site-packages/airflow/example_dags/example_sensors.py
[2026-04-28T18:35:18.267+0000] {logging_mixin.py:188} INFO - [2026-04-28T18:35:18.267+0000] {dag.py:3096} INFO - Sync 1 DAGs
[2026-04-28T18:35:18.285+0000] {logging_mixin.py:188} INFO - [2026-04-28T18:35:18.285+0000] {dag.py:3954} INFO - Setting next_dagrun for example_sensors to None, run_after=None
[2026-04-28T18:35:18.325+0000] {processor.py:183} INFO - Processing /home/airflow/.local/lib/python3.12/site-packages/airflow/example_dags/example_sensors.py took 0.124 seconds
[2026-04-28T19:05:31.294+0000] {processor.py:161} INFO - Started process (PID=92) to work on /home/airflow/.local/lib/python3.12/site-packages/airflow/example_dags/example_sensors.py
[2026-04-28T19:05:31.350+0000] {processor.py:830} INFO - Processing file /home/airflow/.local/lib/python3.12/site-packages/airflow/example_dags/example_sensors.py for tasks to queue
[2026-04-28T19:05:31.355+0000] {logging_mixin.py:188} INFO - [2026-04-28T19:05:31.353+0000] {dagbag.py:540} INFO - Filling up the DagBag from /home/airflow/.local/lib/python3.12/site-packages/airflow/example_dags/example_sensors.py
[2026-04-28T19:05:31.468+0000] {processor.py:840} INFO - DAG(s) 'example_sensors' retrieved from /home/airflow/.local/lib/python3.12/site-packages/airflow/example_dags/example_sensors.py
[2026-04-28T19:05:31.748+0000] {logging_mixin.py:188} INFO - [2026-04-28T19:05:31.747+0000] {dag.py:3096} INFO - Sync 1 DAGs
[2026-04-28T19:05:31.836+0000] {logging_mixin.py:188} INFO - [2026-04-28T19:05:31.836+0000] {dag.py:3954} INFO - Setting next_dagrun for example_sensors to None, run_after=None
[2026-04-28T19:05:32.147+0000] {processor.py:183} INFO - Processing /home/airflow/.local/lib/python3.12/site-packages/airflow/example_dags/example_sensors.py took 0.892 seconds
[2026-04-28T19:06:02.897+0000] {processor.py:161} INFO - Started process (PID=152) to work on /home/airflow/.local/lib/python3.12/site-packages/airflow/example_dags/example_sensors.py
[2026-04-28T19:06:02.900+0000] {processor.py:830} INFO - Processing file /home/airflow/.local/lib/python3.12/site-packages/airflow/example_dags/example_sensors.py for tasks to queue
[2026-04-28T19:06:02.906+0000] {logging_mixin.py:188} INFO - [2026-04-28T19:06:02.906+0000] {dagbag.py:540} INFO - Filling up the DagBag from /home/airflow/.local/lib/python3.12/site-packages/airflow/example_dags/example_sensors.py
[2026-04-28T19:06:02.944+0000] {processor.py:840} INFO - DAG(s) 'example_sensors' retrieved from /home/airflow/.local/lib/python3.12/site-packages/airflow/example_dags/example_sensors.py
[2026-04-28T19:06:03.028+0000] {logging_mixin.py:188} INFO - [2026-04-28T19:06:03.028+0000] {dag.py:3096} INFO - Sync 1 DAGs
[2026-04-28T19:06:03.074+0000] {logging_mixin.py:188} INFO - [2026-04-28T19:06:03.074+0000] {dag.py:3954} INFO - Setting next_dagrun for example_sensors to None, run_after=None
[2026-04-28T19:06:03.120+0000] {processor.py:183} INFO - Processing /home/airflow/.local/lib/python3.12/site-packages/airflow/example_dags/example_sensors.py took 0.243 seconds
[2026-04-28T19:06:33.348+0000] {processor.py:161} INFO - Started process (PID=212) to work on /home/airflow/.local/lib/python3.12/site-packages/airflow/example_dags/example_sensors.py
[2026-04-28T19:06:33.349+0000] {processor.py:830} INFO - Processing file /home/airflow/.local/lib/python3.12/site-packages/airflow/example_dags/example_sensors.py for tasks to queue
[2026-04-28T19:06:33.351+0000] {logging_mixin.py:188} INFO - [2026-04-28T19:06:33.350+0000] {dagbag.py:540} INFO - Filling up the DagBag from /home/airflow/.local/lib/python3.12/site-packages/airflow/example_dags/example_sensors.py
[2026-04-28T19:06:33.362+0000] {processor.py:840} INFO - DAG(s) 'example_sensors' retrieved from /home/airflow/.local/lib/python3.12/site-packages/airflow/example_dags/example_sensors.py
[2026-04-28T19:06:33.412+0000] {logging_mixin.py:188} INFO - [2026-04-28T19:06:33.412+0000] {dag.py:3096} INFO - Sync 1 DAGs
[2026-04-28T19:06:33.429+0000] {logging_mixin.py:188} INFO - [2026-04-28T19:06:33.429+0000] {dag.py:3954} INFO - Setting next_dagrun for example_sensors to None, run_after=None
[2026-04-28T19:06:33.449+0000] {processor.py:183} INFO - Processing /home/airflow/.local/lib/python3.12/site-packages/airflow/example_dags/example_sensors.py took 0.108 seconds
[2026-04-28T19:07:04.342+0000] {processor.py:161} INFO - Started process (PID=272) to work on /home/airflow/.local/lib/python3.12/site-packages/airflow/example_dags/example_sensors.py
[2026-04-28T19:07:04.343+0000] {processor.py:830} INFO - Processing file /home/airflow/.local/lib/python3.12/site-packages/airflow/example_dags/example_sensors.py for tasks to queue
[2026-04-28T19:07:04.345+0000] {logging_mixin.py:188} INFO - [2026-04-28T19:07:04.345+0000] {dagbag.py:540} INFO - Filling up the DagBag from /home/airflow/.local/lib/python3.12/site-packages/airflow/example_dags/example_sensors.py
[2026-04-28T19:07:04.355+0000] {processor.py:840} INFO - DAG(s) 'example_sensors' retrieved from /home/airflow/.local/lib/python3.12/site-packages/airflow/example_dags/example_sensors.py
[2026-04-28T19:07:04.390+0000] {logging_mixin.py:188} INFO - [2026-04-28T19:07:04.390+0000] {dag.py:3096} INFO - Sync 1 DAGs
[2026-04-28T19:07:04.405+0000] {logging_mixin.py:188} INFO - [2026-04-28T19:07:04.405+0000] {dag.py:3954} INFO - Setting next_dagrun for example_sensors to None, run_after=None
[2026-04-28T19:07:04.425+0000] {processor.py:183} INFO - Processing /home/airflow/.local/lib/python3.12/site-packages/airflow/example_dags/example_sensors.py took 0.090 seconds
[2026-04-28T19:07:34.941+0000] {processor.py:161} INFO - Started process (PID=332) to work on /home/airflow/.local/lib/python3.12/site-packages/airflow/example_dags/example_sensors.py
[2026-04-28T19:07:34.942+0000] {processor.py:830} INFO - Processing file /home/airflow/.local/lib/python3.12/site-packages/airflow/example_dags/example_sensors.py for tasks to queue
[2026-04-28T19:07:34.944+0000] {logging_mixin.py:188} INFO - [2026-04-28T19:07:34.944+0000] {dagbag.py:540} INFO - Filling up the DagBag from /home/airflow/.local/lib/python3.12/site-packages/airflow/example_dags/example_sensors.py
[2026-04-28T19:07:34.959+0000] {processor.py:840} INFO - DAG(s) 'example_sensors' retrieved from /home/airflow/.local/lib/python3.12/site-packages/airflow/example_dags/example_sensors.py
[2026-04-28T19:07:34.990+0000] {logging_mixin.py:188} INFO - [2026-04-28T19:07:34.989+0000] {dag.py:3096} INFO - Sync 1 DAGs
[2026-04-28T19:07:35.004+0000] {logging_mixin.py:188} INFO - [2026-04-28T19:07:35.004+0000] {dag.py:3954} INFO - Setting next_dagrun for example_sensors to None, run_after=None
[2026-04-28T19:07:35.026+0000] {processor.py:183} INFO - Processing /home/airflow/.local/lib/python3.12/site-packages/airflow/example_dags/example_sensors.py took 0.092 seconds
[2026-04-28T19:08:05.359+0000] {processor.py:161} INFO - Started process (PID=391) to work on /home/airflow/.local/lib/python3.12/site-packages/airflow/example_dags/example_sensors.py
[2026-04-28T19:08:05.360+0000] {processor.py:830} INFO - Processing file /home/airflow/.local/lib/python3.12/site-packages/airflow/example_dags/example_sensors.py for tasks to queue
[2026-04-28T19:08:05.362+0000] {logging_mixin.py:188} INFO - [2026-04-28T19:08:05.361+0000] {dagbag.py:540} INFO - Filling up the DagBag from /home/airflow/.local/lib/python3.12/site-packages/airflow/example_dags/example_sensors.py
[2026-04-28T19:08:05.373+0000] {processor.py:840} INFO - DAG(s) 'example_sensors' retrieved from /home/airflow/.local/lib/python3.12/site-packages/airflow/example_dags/example_sensors.py
[2026-04-28T19:08:05.405+0000] {logging_mixin.py:188} INFO - [2026-04-28T19:08:05.404+0000] {dag.py:3096} INFO - Sync 1 DAGs
[2026-04-28T19:08:05.419+0000] {logging_mixin.py:188} INFO - [2026-04-28T19:08:05.419+0000] {dag.py:3954} INFO - Setting next_dagrun for example_sensors to None, run_after=None
[2026-04-28T19:08:05.439+0000] {processor.py:183} INFO - Processing /home/airflow/.local/lib/python3.12/site-packages/airflow/example_dags/example_sensors.py took 0.087 seconds
[2026-04-28T19:08:35.811+0000] {processor.py:161} INFO - Started process (PID=451) to work on /home/airflow/.local/lib/python3.12/site-packages/airflow/example_dags/example_sensors.py
[2026-04-28T19:08:35.813+0000] {processor.py:830} INFO - Processing file /home/airflow/.local/lib/python3.12/site-packages/airflow/example_dags/example_sensors.py for tasks to queue
[2026-04-28T19:08:35.815+0000] {logging_mixin.py:188} INFO - [2026-04-28T19:08:35.815+0000] {dagbag.py:540} INFO - Filling up the DagBag from /home/airflow/.local/lib/python3.12/site-packages/airflow/example_dags/example_sensors.py
[2026-04-28T19:08:35.827+0000] {processor.py:840} INFO - DAG(s) 'example_sensors' retrieved from /home/airflow/.local/lib/python3.12/site-packages/airflow/example_dags/example_sensors.py
[2026-04-28T19:08:35.856+0000] {logging_mixin.py:188} INFO - [2026-04-28T19:08:35.856+0000] {dag.py:3096} INFO - Sync 1 DAGs
[2026-04-28T19:08:35.872+0000] {logging_mixin.py:188} INFO - [2026-04-28T19:08:35.872+0000] {dag.py:3954} INFO - Setting next_dagrun for example_sensors to None, run_after=None
[2026-04-28T19:08:35.894+0000] {processor.py:183} INFO - Processing /home/airflow/.local/lib/python3.12/site-packages/airflow/example_dags/example_sensors.py took 0.090 seconds
[2026-04-28T19:09:06.228+0000] {processor.py:161} INFO - Started process (PID=511) to work on /home/airflow/.local/lib/python3.12/site-packages/airflow/example_dags/example_sensors.py
[2026-04-28T19:09:06.229+0000] {processor.py:830} INFO - Processing file /home/airflow/.local/lib/python3.12/site-packages/airflow/example_dags/example_sensors.py for tasks to queue
[2026-04-28T19:09:06.231+0000] {logging_mixin.py:188} INFO - [2026-04-28T19:09:06.230+0000] {dagbag.py:540} INFO - Filling up the DagBag from /home/airflow/.local/lib/python3.12/site-packages/airflow/example_dags/example_sensors.py
[2026-04-28T19:09:06.242+0000] {processor.py:840} INFO - DAG(s) 'example_sensors' retrieved from /home/airflow/.local/lib/python3.12/site-packages/airflow/example_dags/example_sensors.py
[2026-04-28T19:09:06.273+0000] {logging_mixin.py:188} INFO - [2026-04-28T19:09:06.273+0000] {dag.py:3096} INFO - Sync 1 DAGs
[2026-04-28T19:09:06.288+0000] {logging_mixin.py:188} INFO - [2026-04-28T19:09:06.288+0000] {dag.py:3954} INFO - Setting next_dagrun for example_sensors to None, run_after=None
[2026-04-28T19:09:06.308+0000] {processor.py:183} INFO - Processing /home/airflow/.local/lib/python3.12/site-packages/airflow/example_dags/example_sensors.py took 0.087 seconds
[2026-04-28T19:09:37.369+0000] {processor.py:161} INFO - Started process (PID=571) to work on /home/airflow/.local/lib/python3.12/site-packages/airflow/example_dags/example_sensors.py
[2026-04-28T19:09:37.372+0000] {processor.py:830} INFO - Processing file /home/airflow/.local/lib/python3.12/site-packages/airflow/example_dags/example_sensors.py for tasks to queue
[2026-04-28T19:09:37.378+0000] {logging_mixin.py:188} INFO - [2026-04-28T19:09:37.373+0000] {dagbag.py:540} INFO - Filling up the DagBag from /home/airflow/.local/lib/python3.12/site-packages/airflow/example_dags/example_sensors.py
[2026-04-28T19:09:37.424+0000] {processor.py:840} INFO - DAG(s) 'example_sensors' retrieved from /home/airflow/.local/lib/python3.12/site-packages/airflow/example_dags/example_sensors.py
[2026-04-28T19:09:37.598+0000] {logging_mixin.py:188} INFO - [2026-04-28T19:09:37.597+0000] {dag.py:3096} INFO - Sync 1 DAGs
[2026-04-28T19:09:37.633+0000] {logging_mixin.py:188} INFO - [2026-04-28T19:09:37.631+0000] {dag.py:3954} INFO - Setting next_dagrun for example_sensors to None, run_after=None
[2026-04-28T19:09:37.658+0000] {processor.py:183} INFO - Processing /home/airflow/.local/lib/python3.12/site-packages/airflow/example_dags/example_sensors.py took 0.312 seconds
[2026-04-28T19:10:08.700+0000] {processor.py:161} INFO - Started process (PID=631) to work on /home/airflow/.local/lib/python3.12/site-packages/airflow/example_dags/example_sensors.py
[2026-04-28T19:10:08.709+0000] {processor.py:830} INFO - Processing file /home/airflow/.local/lib/python3.12/site-packages/airflow/example_dags/example_sensors.py for tasks to queue
[2026-04-28T19:10:08.724+0000] {logging_mixin.py:188} INFO - [2026-04-28T19:10:08.723+0000] {dagbag.py:540} INFO - Filling up the DagBag from /home/airflow/.local/lib/python3.12/site-packages/airflow/example_dags/example_sensors.py
[2026-04-28T19:10:08.831+0000] {processor.py:840} INFO - DAG(s) 'example_sensors' retrieved from /home/airflow/.local/lib/python3.12/site-packages/airflow/example_dags/example_sensors.py
[2026-04-28T19:10:09.064+0000] {logging_mixin.py:188} INFO - [2026-04-28T19:10:09.055+0000] {dag.py:3096} INFO - Sync 1 DAGs
[2026-04-28T19:10:09.217+0000] {logging_mixin.py:188} INFO - [2026-04-28T19:10:09.217+0000] {dag.py:3954} INFO - Setting next_dagrun for example_sensors to None, run_after=None
[2026-04-28T19:10:09.267+0000] {processor.py:183} INFO - Processing /home/airflow/.local/lib/python3.12/site-packages/airflow/example_dags/example_sensors.py took 0.650 seconds
[2026-04-28T19:10:40.247+0000] {processor.py:161} INFO - Started process (PID=691) to work on /home/airflow/.local/lib/python3.12/site-packages/airflow/example_dags/example_sensors.py
[2026-04-28T19:10:40.248+0000] {processor.py:830} INFO - Processing file /home/airflow/.local/lib/python3.12/site-packages/airflow/example_dags/example_sensors.py for tasks to queue
[2026-04-28T19:10:40.250+0000] {logging_mixin.py:188} INFO - [2026-04-28T19:10:40.249+0000] {dagbag.py:540} INFO - Filling up the DagBag from /home/airflow/.local/lib/python3.12/site-packages/airflow/example_dags/example_sensors.py
[2026-04-28T19:10:40.260+0000] {processor.py:840} INFO - DAG(s) 'example_sensors' retrieved from /home/airflow/.local/lib/python3.12/site-packages/airflow/example_dags/example_sensors.py
[2026-04-28T19:10:40.294+0000] {logging_mixin.py:188} INFO - [2026-04-28T19:10:40.294+0000] {dag.py:3096} INFO - Sync 1 DAGs
[2026-04-28T19:10:40.309+0000] {logging_mixin.py:188} INFO - [2026-04-28T19:10:40.309+0000] {dag.py:3954} INFO - Setting next_dagrun for example_sensors to None, run_after=None
[2026-04-28T19:10:40.331+0000] {processor.py:183} INFO - Processing /home/airflow/.local/lib/python3.12/site-packages/airflow/example_dags/example_sensors.py took 0.091 seconds
[2026-04-28T19:11:10.780+0000] {processor.py:161} INFO - Started process (PID=751) to work on /home/airflow/.local/lib/python3.12/site-packages/airflow/example_dags/example_sensors.py
[2026-04-28T19:11:10.781+0000] {processor.py:830} INFO - Processing file /home/airflow/.local/lib/python3.12/site-packages/airflow/example_dags/example_sensors.py for tasks to queue
[2026-04-28T19:11:10.783+0000] {logging_mixin.py:188} INFO - [2026-04-28T19:11:10.783+0000] {dagbag.py:540} INFO - Filling up the DagBag from /home/airflow/.local/lib/python3.12/site-packages/airflow/example_dags/example_sensors.py
[2026-04-28T19:11:10.796+0000] {processor.py:840} INFO - DAG(s) 'example_sensors' retrieved from /home/airflow/.local/lib/python3.12/site-packages/airflow/example_dags/example_sensors.py
[2026-04-28T19:11:10.829+0000] {logging_mixin.py:188} INFO - [2026-04-28T19:11:10.829+0000] {dag.py:3096} INFO - Sync 1 DAGs
[2026-04-28T19:11:10.846+0000] {logging_mixin.py:188} INFO - [2026-04-28T19:11:10.846+0000] {dag.py:3954} INFO - Setting next_dagrun for example_sensors to None, run_after=None
[2026-04-28T19:11:10.868+0000] {processor.py:183} INFO - Processing /home/airflow/.local/lib/python3.12/site-packages/airflow/example_dags/example_sensors.py took 0.095 seconds
[2026-04-28T19:11:40.952+0000] {processor.py:161} INFO - Started process (PID=811) to work on /home/airflow/.local/lib/python3.12/site-packages/airflow/example_dags/example_sensors.py
[2026-04-28T19:11:40.953+0000] {processor.py:830} INFO - Processing file /home/airflow/.local/lib/python3.12/site-packages/airflow/example_dags/example_sensors.py for tasks to queue
[2026-04-28T19:11:40.955+0000] {logging_mixin.py:188} INFO - [2026-04-28T19:11:40.955+0000] {dagbag.py:540} INFO - Filling up the DagBag from /home/airflow/.local/lib/python3.12/site-packages/airflow/example_dags/example_sensors.py
[2026-04-28T19:11:40.965+0000] {processor.py:840} INFO - DAG(s) 'example_sensors' retrieved from /home/airflow/.local/lib/python3.12/site-packages/airflow/example_dags/example_sensors.py
[2026-04-28T19:11:40.999+0000] {logging_mixin.py:188} INFO - [2026-04-28T19:11:40.999+0000] {dag.py:3096} INFO - Sync 1 DAGs
[2026-04-28T19:11:41.014+0000] {logging_mixin.py:188} INFO - [2026-04-28T19:11:41.014+0000] {dag.py:3954} INFO - Setting next_dagrun for example_sensors to None, run_after=None
[2026-04-28T19:11:41.034+0000] {processor.py:183} INFO - Processing /home/airflow/.local/lib/python3.12/site-packages/airflow/example_dags/example_sensors.py took 0.089 seconds
[2026-04-28T19:12:11.193+0000] {processor.py:161} INFO - Started process (PID=871) to work on /home/airflow/.local/lib/python3.12/site-packages/airflow/example_dags/example_sensors.py
[2026-04-28T19:12:11.194+0000] {processor.py:830} INFO - Processing file /home/airflow/.local/lib/python3.12/site-packages/airflow/example_dags/example_sensors.py for tasks to queue
[2026-04-28T19:12:11.196+0000] {logging_mixin.py:188} INFO - [2026-04-28T19:12:11.196+0000] {dagbag.py:540} INFO - Filling up the DagBag from /home/airflow/.local/lib/python3.12/site-packages/airflow/example_dags/example_sensors.py
[2026-04-28T19:12:11.208+0000] {processor.py:840} INFO - DAG(s) 'example_sensors' retrieved from /home/airflow/.local/lib/python3.12/site-packages/airflow/example_dags/example_sensors.py
[2026-04-28T19:12:11.237+0000] {logging_mixin.py:188} INFO - [2026-04-28T19:12:11.237+0000] {dag.py:3096} INFO - Sync 1 DAGs
[2026-04-28T19:12:11.252+0000] {logging_mixin.py:188} INFO - [2026-04-28T19:12:11.251+0000] {dag.py:3954} INFO - Setting next_dagrun for example_sensors to None, run_after=None
[2026-04-28T19:12:11.273+0000] {processor.py:183} INFO - Processing /home/airflow/.local/lib/python3.12/site-packages/airflow/example_dags/example_sensors.py took 0.088 seconds
[2026-04-28T19:12:41.698+0000] {processor.py:161} INFO - Started process (PID=931) to work on /home/airflow/.local/lib/python3.12/site-packages/airflow/example_dags/example_sensors.py
[2026-04-28T19:12:41.701+0000] {processor.py:830} INFO - Processing file /home/airflow/.local/lib/python3.12/site-packages/airflow/example_dags/example_sensors.py for tasks to queue
[2026-04-28T19:12:41.703+0000] {logging_mixin.py:188} INFO - [2026-04-28T19:12:41.703+0000] {dagbag.py:540} INFO - Filling up the DagBag from /home/airflow/.local/lib/python3.12/site-packages/airflow/example_dags/example_sensors.py
[2026-04-28T19:12:41.716+0000] {processor.py:840} INFO - DAG(s) 'example_sensors' retrieved from /home/airflow/.local/lib/python3.12/site-packages/airflow/example_dags/example_sensors.py
[2026-04-28T19:12:41.745+0000] {logging_mixin.py:188} INFO - [2026-04-28T19:12:41.745+0000] {dag.py:3096} INFO - Sync 1 DAGs
[2026-04-28T19:12:41.765+0000] {logging_mixin.py:188} INFO - [2026-04-28T19:12:41.765+0000] {dag.py:3954} INFO - Setting next_dagrun for example_sensors to None, run_after=None
[2026-04-28T19:12:41.788+0000] {processor.py:183} INFO - Processing /home/airflow/.local/lib/python3.12/site-packages/airflow/example_dags/example_sensors.py took 0.106 seconds
[2026-04-28T19:13:12.574+0000] {processor.py:161} INFO - Started process (PID=992) to work on /home/airflow/.local/lib/python3.12/site-packages/airflow/example_dags/example_sensors.py
[2026-04-28T19:13:12.575+0000] {processor.py:830} INFO - Processing file /home/airflow/.local/lib/python3.12/site-packages/airflow/example_dags/example_sensors.py for tasks to queue
[2026-04-28T19:13:12.578+0000] {logging_mixin.py:188} INFO - [2026-04-28T19:13:12.577+0000] {dagbag.py:540} INFO - Filling up the DagBag from /home/airflow/.local/lib/python3.12/site-packages/airflow/example_dags/example_sensors.py
[2026-04-28T19:13:12.592+0000] {processor.py:840} INFO - DAG(s) 'example_sensors' retrieved from /home/airflow/.local/lib/python3.12/site-packages/airflow/example_dags/example_sensors.py
[2026-04-28T19:13:12.627+0000] {logging_mixin.py:188} INFO - [2026-04-28T19:13:12.627+0000] {dag.py:3096} INFO - Sync 1 DAGs
[2026-04-28T19:13:12.650+0000] {logging_mixin.py:188} INFO - [2026-04-28T19:13:12.649+0000] {dag.py:3954} INFO - Setting next_dagrun for example_sensors to None, run_after=None
[2026-04-28T19:13:12.669+0000] {processor.py:183} INFO - Processing /home/airflow/.local/lib/python3.12/site-packages/airflow/example_dags/example_sensors.py took 0.102 seconds
[2026-04-28T19:38:41.327+0000] {processor.py:161} INFO - Started process (PID=195) to work on /home/airflow/.local/lib/python3.12/site-packages/airflow/example_dags/example_sensors.py
[2026-04-28T19:38:41.345+0000] {processor.py:830} INFO - Processing file /home/airflow/.local/lib/python3.12/site-packages/airflow/example_dags/example_sensors.py for tasks to queue
[2026-04-28T19:38:41.357+0000] {logging_mixin.py:188} INFO - [2026-04-28T19:38:41.357+0000] {dagbag.py:540} INFO - Filling up the DagBag from /home/airflow/.local/lib/python3.12/site-packages/airflow/example_dags/example_sensors.py
[2026-04-28T19:38:41.381+0000] {processor.py:840} INFO - DAG(s) 'example_sensors' retrieved from /home/airflow/.local/lib/python3.12/site-packages/airflow/example_dags/example_sensors.py
[2026-04-28T19:38:42.175+0000] {logging_mixin.py:188} INFO - [2026-04-28T19:38:42.173+0000] {dag.py:3096} INFO - Sync 1 DAGs
[2026-04-28T19:38:42.340+0000] {logging_mixin.py:188} INFO - [2026-04-28T19:38:42.340+0000] {dag.py:3954} INFO - Setting next_dagrun for example_sensors to None, run_after=None
[2026-04-28T19:38:43.012+0000] {processor.py:183} INFO - Processing /home/airflow/.local/lib/python3.12/site-packages/airflow/example_dags/example_sensors.py took 1.717 seconds
[2026-04-28T19:39:17.830+0000] {processor.py:161} INFO - Started process (PID=255) to work on /home/airflow/.local/lib/python3.12/site-packages/airflow/example_dags/example_sensors.py
[2026-04-28T19:39:17.839+0000] {processor.py:830} INFO - Processing file /home/airflow/.local/lib/python3.12/site-packages/airflow/example_dags/example_sensors.py for tasks to queue
[2026-04-28T19:39:17.850+0000] {logging_mixin.py:188} INFO - [2026-04-28T19:39:17.850+0000] {dagbag.py:540} INFO - Filling up the DagBag from /home/airflow/.local/lib/python3.12/site-packages/airflow/example_dags/example_sensors.py
[2026-04-28T19:39:17.908+0000] {processor.py:840} INFO - DAG(s) 'example_sensors' retrieved from /home/airflow/.local/lib/python3.12/site-packages/airflow/example_dags/example_sensors.py
[2026-04-28T19:39:18.053+0000] {logging_mixin.py:188} INFO - [2026-04-28T19:39:18.053+0000] {dag.py:3096} INFO - Sync 1 DAGs
[2026-04-28T19:39:18.149+0000] {logging_mixin.py:188} INFO - [2026-04-28T19:39:18.142+0000] {dag.py:3954} INFO - Setting next_dagrun for example_sensors to None, run_after=None
[2026-04-28T19:39:18.272+0000] {processor.py:183} INFO - Processing /home/airflow/.local/lib/python3.12/site-packages/airflow/example_dags/example_sensors.py took 0.489 seconds
[2026-04-28T19:39:53.127+0000] {processor.py:161} INFO - Started process (PID=315) to work on /home/airflow/.local/lib/python3.12/site-packages/airflow/example_dags/example_sensors.py
[2026-04-28T19:39:53.134+0000] {processor.py:830} INFO - Processing file /home/airflow/.local/lib/python3.12/site-packages/airflow/example_dags/example_sensors.py for tasks to queue
[2026-04-28T19:39:53.154+0000] {logging_mixin.py:188} INFO - [2026-04-28T19:39:53.144+0000] {dagbag.py:540} INFO - Filling up the DagBag from /home/airflow/.local/lib/python3.12/site-packages/airflow/example_dags/example_sensors.py
[2026-04-28T19:39:53.224+0000] {processor.py:840} INFO - DAG(s) 'example_sensors' retrieved from /home/airflow/.local/lib/python3.12/site-packages/airflow/example_dags/example_sensors.py
[2026-04-28T19:39:53.416+0000] {logging_mixin.py:188} INFO - [2026-04-28T19:39:53.415+0000] {dag.py:3096} INFO - Sync 1 DAGs
[2026-04-28T19:39:53.466+0000] {logging_mixin.py:188} INFO - [2026-04-28T19:39:53.465+0000] {dag.py:3954} INFO - Setting next_dagrun for example_sensors to None, run_after=None
[2026-04-28T19:39:53.554+0000] {processor.py:183} INFO - Processing /home/airflow/.local/lib/python3.12/site-packages/airflow/example_dags/example_sensors.py took 0.455 seconds
[2026-04-28T19:40:30.156+0000] {processor.py:161} INFO - Started process (PID=375) to work on /home/airflow/.local/lib/python3.12/site-packages/airflow/example_dags/example_sensors.py
[2026-04-28T19:40:30.165+0000] {processor.py:830} INFO - Processing file /home/airflow/.local/lib/python3.12/site-packages/airflow/example_dags/example_sensors.py for tasks to queue
[2026-04-28T19:40:30.176+0000] {logging_mixin.py:188} INFO - [2026-04-28T19:40:30.175+0000] {dagbag.py:540} INFO - Filling up the DagBag from /home/airflow/.local/lib/python3.12/site-packages/airflow/example_dags/example_sensors.py
[2026-04-28T19:40:30.236+0000] {processor.py:840} INFO - DAG(s) 'example_sensors' retrieved from /home/airflow/.local/lib/python3.12/site-packages/airflow/example_dags/example_sensors.py
[2026-04-28T19:40:30.380+0000] {logging_mixin.py:188} INFO - [2026-04-28T19:40:30.379+0000] {dag.py:3096} INFO - Sync 1 DAGs
[2026-04-28T19:40:30.414+0000] {logging_mixin.py:188} INFO - [2026-04-28T19:40:30.412+0000] {dag.py:3954} INFO - Setting next_dagrun for example_sensors to None, run_after=None
[2026-04-28T19:40:30.490+0000] {processor.py:183} INFO - Processing /home/airflow/.local/lib/python3.12/site-packages/airflow/example_dags/example_sensors.py took 0.374 seconds
[2026-04-28T19:41:01.279+0000] {processor.py:161} INFO - Started process (PID=435) to work on /home/airflow/.local/lib/python3.12/site-packages/airflow/example_dags/example_sensors.py
[2026-04-28T19:41:01.283+0000] {processor.py:830} INFO - Processing file /home/airflow/.local/lib/python3.12/site-packages/airflow/example_dags/example_sensors.py for tasks to queue
[2026-04-28T19:41:01.290+0000] {logging_mixin.py:188} INFO - [2026-04-28T19:41:01.289+0000] {dagbag.py:540} INFO - Filling up the DagBag from /home/airflow/.local/lib/python3.12/site-packages/airflow/example_dags/example_sensors.py
[2026-04-28T19:41:01.339+0000] {processor.py:840} INFO - DAG(s) 'example_sensors' retrieved from /home/airflow/.local/lib/python3.12/site-packages/airflow/example_dags/example_sensors.py
[2026-04-28T19:41:01.401+0000] {logging_mixin.py:188} INFO - [2026-04-28T19:41:01.401+0000] {dag.py:3096} INFO - Sync 1 DAGs
[2026-04-28T19:41:01.422+0000] {logging_mixin.py:188} INFO - [2026-04-28T19:41:01.422+0000] {dag.py:3954} INFO - Setting next_dagrun for example_sensors to None, run_after=None
[2026-04-28T19:41:01.454+0000] {processor.py:183} INFO - Processing /home/airflow/.local/lib/python3.12/site-packages/airflow/example_dags/example_sensors.py took 0.210 seconds
[2026-04-28T19:41:32.392+0000] {processor.py:161} INFO - Started process (PID=494) to work on /home/airflow/.local/lib/python3.12/site-packages/airflow/example_dags/example_sensors.py
[2026-04-28T19:41:32.393+0000] {processor.py:830} INFO - Processing file /home/airflow/.local/lib/python3.12/site-packages/airflow/example_dags/example_sensors.py for tasks to queue
[2026-04-28T19:41:32.395+0000] {logging_mixin.py:188} INFO - [2026-04-28T19:41:32.395+0000] {dagbag.py:540} INFO - Filling up the DagBag from /home/airflow/.local/lib/python3.12/site-packages/airflow/example_dags/example_sensors.py
[2026-04-28T19:41:32.407+0000] {processor.py:840} INFO - DAG(s) 'example_sensors' retrieved from /home/airflow/.local/lib/python3.12/site-packages/airflow/example_dags/example_sensors.py
[2026-04-28T19:41:32.442+0000] {logging_mixin.py:188} INFO - [2026-04-28T19:41:32.442+0000] {dag.py:3096} INFO - Sync 1 DAGs
[2026-04-28T19:41:32.457+0000] {logging_mixin.py:188} INFO - [2026-04-28T19:41:32.457+0000] {dag.py:3954} INFO - Setting next_dagrun for example_sensors to None, run_after=None
[2026-04-28T19:41:32.480+0000] {processor.py:183} INFO - Processing /home/airflow/.local/lib/python3.12/site-packages/airflow/example_dags/example_sensors.py took 0.094 seconds
[2026-04-28T19:42:02.994+0000] {processor.py:161} INFO - Started process (PID=554) to work on /home/airflow/.local/lib/python3.12/site-packages/airflow/example_dags/example_sensors.py
[2026-04-28T19:42:02.999+0000] {processor.py:830} INFO - Processing file /home/airflow/.local/lib/python3.12/site-packages/airflow/example_dags/example_sensors.py for tasks to queue
[2026-04-28T19:42:03.005+0000] {logging_mixin.py:188} INFO - [2026-04-28T19:42:03.005+0000] {dagbag.py:540} INFO - Filling up the DagBag from /home/airflow/.local/lib/python3.12/site-packages/airflow/example_dags/example_sensors.py
[2026-04-28T19:42:03.031+0000] {processor.py:840} INFO - DAG(s) 'example_sensors' retrieved from /home/airflow/.local/lib/python3.12/site-packages/airflow/example_dags/example_sensors.py
[2026-04-28T19:42:03.073+0000] {logging_mixin.py:188} INFO - [2026-04-28T19:42:03.073+0000] {dag.py:3096} INFO - Sync 1 DAGs
[2026-04-28T19:42:03.088+0000] {logging_mixin.py:188} INFO - [2026-04-28T19:42:03.088+0000] {dag.py:3954} INFO - Setting next_dagrun for example_sensors to None, run_after=None
[2026-04-28T19:42:03.107+0000] {processor.py:183} INFO - Processing /home/airflow/.local/lib/python3.12/site-packages/airflow/example_dags/example_sensors.py took 0.134 seconds
[2026-04-28T19:42:33.379+0000] {processor.py:161} INFO - Started process (PID=614) to work on /home/airflow/.local/lib/python3.12/site-packages/airflow/example_dags/example_sensors.py
[2026-04-28T19:42:33.380+0000] {processor.py:830} INFO - Processing file /home/airflow/.local/lib/python3.12/site-packages/airflow/example_dags/example_sensors.py for tasks to queue
[2026-04-28T19:42:33.382+0000] {logging_mixin.py:188} INFO - [2026-04-28T19:42:33.381+0000] {dagbag.py:540} INFO - Filling up the DagBag from /home/airflow/.local/lib/python3.12/site-packages/airflow/example_dags/example_sensors.py
[2026-04-28T19:42:33.392+0000] {processor.py:840} INFO - DAG(s) 'example_sensors' retrieved from /home/airflow/.local/lib/python3.12/site-packages/airflow/example_dags/example_sensors.py
[2026-04-28T19:42:33.421+0000] {logging_mixin.py:188} INFO - [2026-04-28T19:42:33.421+0000] {dag.py:3096} INFO - Sync 1 DAGs
[2026-04-28T19:42:33.437+0000] {logging_mixin.py:188} INFO - [2026-04-28T19:42:33.437+0000] {dag.py:3954} INFO - Setting next_dagrun for example_sensors to None, run_after=None
[2026-04-28T19:42:33.456+0000] {processor.py:183} INFO - Processing /home/airflow/.local/lib/python3.12/site-packages/airflow/example_dags/example_sensors.py took 0.086 seconds
[2026-04-28T19:43:03.768+0000] {processor.py:161} INFO - Started process (PID=673) to work on /home/airflow/.local/lib/python3.12/site-packages/airflow/example_dags/example_sensors.py
[2026-04-28T19:43:03.769+0000] {processor.py:830} INFO - Processing file /home/airflow/.local/lib/python3.12/site-packages/airflow/example_dags/example_sensors.py for tasks to queue
[2026-04-28T19:43:03.774+0000] {logging_mixin.py:188} INFO - [2026-04-28T19:43:03.771+0000] {dagbag.py:540} INFO - Filling up the DagBag from /home/airflow/.local/lib/python3.12/site-packages/airflow/example_dags/example_sensors.py
[2026-04-28T19:43:03.790+0000] {processor.py:840} INFO - DAG(s) 'example_sensors' retrieved from /home/airflow/.local/lib/python3.12/site-packages/airflow/example_dags/example_sensors.py
[2026-04-28T19:43:03.825+0000] {logging_mixin.py:188} INFO - [2026-04-28T19:43:03.824+0000] {dag.py:3096} INFO - Sync 1 DAGs
[2026-04-28T19:43:03.842+0000] {logging_mixin.py:188} INFO - [2026-04-28T19:43:03.841+0000] {dag.py:3954} INFO - Setting next_dagrun for example_sensors to None, run_after=None
[2026-04-28T19:43:03.866+0000] {processor.py:183} INFO - Processing /home/airflow/.local/lib/python3.12/site-packages/airflow/example_dags/example_sensors.py took 0.111 seconds
[2026-04-28T19:43:34.677+0000] {processor.py:161} INFO - Started process (PID=733) to work on /home/airflow/.local/lib/python3.12/site-packages/airflow/example_dags/example_sensors.py
[2026-04-28T19:43:34.678+0000] {processor.py:830} INFO - Processing file /home/airflow/.local/lib/python3.12/site-packages/airflow/example_dags/example_sensors.py for tasks to queue
[2026-04-28T19:43:34.681+0000] {logging_mixin.py:188} INFO - [2026-04-28T19:43:34.681+0000] {dagbag.py:540} INFO - Filling up the DagBag from /home/airflow/.local/lib/python3.12/site-packages/airflow/example_dags/example_sensors.py
[2026-04-28T19:43:34.703+0000] {processor.py:840} INFO - DAG(s) 'example_sensors' retrieved from /home/airflow/.local/lib/python3.12/site-packages/airflow/example_dags/example_sensors.py
[2026-04-28T19:43:34.796+0000] {logging_mixin.py:188} INFO - [2026-04-28T19:43:34.795+0000] {dag.py:3096} INFO - Sync 1 DAGs
[2026-04-28T19:43:34.829+0000] {logging_mixin.py:188} INFO - [2026-04-28T19:43:34.829+0000] {dag.py:3954} INFO - Setting next_dagrun for example_sensors to None, run_after=None
[2026-04-28T19:43:34.903+0000] {processor.py:183} INFO - Processing /home/airflow/.local/lib/python3.12/site-packages/airflow/example_dags/example_sensors.py took 0.244 seconds
[2026-04-28T19:44:05.065+0000] {processor.py:161} INFO - Started process (PID=793) to work on /home/airflow/.local/lib/python3.12/site-packages/airflow/example_dags/example_sensors.py
[2026-04-28T19:44:05.066+0000] {processor.py:830} INFO - Processing file /home/airflow/.local/lib/python3.12/site-packages/airflow/example_dags/example_sensors.py for tasks to queue
[2026-04-28T19:44:05.073+0000] {logging_mixin.py:188} INFO - [2026-04-28T19:44:05.072+0000] {dagbag.py:540} INFO - Filling up the DagBag from /home/airflow/.local/lib/python3.12/site-packages/airflow/example_dags/example_sensors.py
[2026-04-28T19:44:05.112+0000] {processor.py:840} INFO - DAG(s) 'example_sensors' retrieved from /home/airflow/.local/lib/python3.12/site-packages/airflow/example_dags/example_sensors.py
[2026-04-28T19:44:05.184+0000] {logging_mixin.py:188} INFO - [2026-04-28T19:44:05.184+0000] {dag.py:3096} INFO - Sync 1 DAGs
[2026-04-28T19:44:05.200+0000] {logging_mixin.py:188} INFO - [2026-04-28T19:44:05.200+0000] {dag.py:3954} INFO - Setting next_dagrun for example_sensors to None, run_after=None
[2026-04-28T19:44:05.220+0000] {processor.py:183} INFO - Processing /home/airflow/.local/lib/python3.12/site-packages/airflow/example_dags/example_sensors.py took 0.182 seconds
[2026-04-28T19:44:35.546+0000] {processor.py:161} INFO - Started process (PID=853) to work on /home/airflow/.local/lib/python3.12/site-packages/airflow/example_dags/example_sensors.py
[2026-04-28T19:44:35.546+0000] {processor.py:830} INFO - Processing file /home/airflow/.local/lib/python3.12/site-packages/airflow/example_dags/example_sensors.py for tasks to queue
[2026-04-28T19:44:35.548+0000] {logging_mixin.py:188} INFO - [2026-04-28T19:44:35.548+0000] {dagbag.py:540} INFO - Filling up the DagBag from /home/airflow/.local/lib/python3.12/site-packages/airflow/example_dags/example_sensors.py
[2026-04-28T19:44:35.559+0000] {processor.py:840} INFO - DAG(s) 'example_sensors' retrieved from /home/airflow/.local/lib/python3.12/site-packages/airflow/example_dags/example_sensors.py
[2026-04-28T19:44:35.592+0000] {logging_mixin.py:188} INFO - [2026-04-28T19:44:35.592+0000] {dag.py:3096} INFO - Sync 1 DAGs
[2026-04-28T19:44:35.607+0000] {logging_mixin.py:188} INFO - [2026-04-28T19:44:35.607+0000] {dag.py:3954} INFO - Setting next_dagrun for example_sensors to None, run_after=None
[2026-04-28T19:44:35.633+0000] {processor.py:183} INFO - Processing /home/airflow/.local/lib/python3.12/site-packages/airflow/example_dags/example_sensors.py took 0.095 seconds
[2026-04-28T19:54:39.856+0000] {processor.py:161} INFO - Started process (PID=195) to work on /home/airflow/.local/lib/python3.12/site-packages/airflow/example_dags/example_sensors.py
[2026-04-28T19:54:39.868+0000] {processor.py:830} INFO - Processing file /home/airflow/.local/lib/python3.12/site-packages/airflow/example_dags/example_sensors.py for tasks to queue
[2026-04-28T19:54:39.874+0000] {logging_mixin.py:188} INFO - [2026-04-28T19:54:39.873+0000] {dagbag.py:540} INFO - Filling up the DagBag from /home/airflow/.local/lib/python3.12/site-packages/airflow/example_dags/example_sensors.py
[2026-04-28T19:54:39.916+0000] {processor.py:840} INFO - DAG(s) 'example_sensors' retrieved from /home/airflow/.local/lib/python3.12/site-packages/airflow/example_dags/example_sensors.py
[2026-04-28T19:54:40.612+0000] {logging_mixin.py:188} INFO - [2026-04-28T19:54:40.611+0000] {dag.py:3096} INFO - Sync 1 DAGs
[2026-04-28T19:54:40.695+0000] {logging_mixin.py:188} INFO - [2026-04-28T19:54:40.695+0000] {dag.py:3954} INFO - Setting next_dagrun for example_sensors to None, run_after=None
[2026-04-28T19:54:40.826+0000] {processor.py:183} INFO - Processing /home/airflow/.local/lib/python3.12/site-packages/airflow/example_dags/example_sensors.py took 1.021 seconds
[2026-04-28T19:55:18.615+0000] {processor.py:161} INFO - Started process (PID=261) to work on /home/airflow/.local/lib/python3.12/site-packages/airflow/example_dags/example_sensors.py
[2026-04-28T19:55:18.618+0000] {processor.py:830} INFO - Processing file /home/airflow/.local/lib/python3.12/site-packages/airflow/example_dags/example_sensors.py for tasks to queue
[2026-04-28T19:55:18.623+0000] {logging_mixin.py:188} INFO - [2026-04-28T19:55:18.619+0000] {dagbag.py:540} INFO - Filling up the DagBag from /home/airflow/.local/lib/python3.12/site-packages/airflow/example_dags/example_sensors.py
[2026-04-28T19:55:18.649+0000] {processor.py:840} INFO - DAG(s) 'example_sensors' retrieved from /home/airflow/.local/lib/python3.12/site-packages/airflow/example_dags/example_sensors.py
[2026-04-28T19:55:18.747+0000] {logging_mixin.py:188} INFO - [2026-04-28T19:55:18.746+0000] {dag.py:3096} INFO - Sync 1 DAGs
[2026-04-28T19:55:18.762+0000] {logging_mixin.py:188} INFO - [2026-04-28T19:55:18.762+0000] {dag.py:3954} INFO - Setting next_dagrun for example_sensors to None, run_after=None
[2026-04-28T19:55:18.801+0000] {processor.py:183} INFO - Processing /home/airflow/.local/lib/python3.12/site-packages/airflow/example_dags/example_sensors.py took 0.202 seconds
[2026-04-28T19:55:49.279+0000] {processor.py:161} INFO - Started process (PID=321) to work on /home/airflow/.local/lib/python3.12/site-packages/airflow/example_dags/example_sensors.py
[2026-04-28T19:55:49.280+0000] {processor.py:830} INFO - Processing file /home/airflow/.local/lib/python3.12/site-packages/airflow/example_dags/example_sensors.py for tasks to queue
[2026-04-28T19:55:49.282+0000] {logging_mixin.py:188} INFO - [2026-04-28T19:55:49.282+0000] {dagbag.py:540} INFO - Filling up the DagBag from /home/airflow/.local/lib/python3.12/site-packages/airflow/example_dags/example_sensors.py
[2026-04-28T19:55:49.294+0000] {processor.py:840} INFO - DAG(s) 'example_sensors' retrieved from /home/airflow/.local/lib/python3.12/site-packages/airflow/example_dags/example_sensors.py
[2026-04-28T19:55:49.334+0000] {logging_mixin.py:188} INFO - [2026-04-28T19:55:49.333+0000] {dag.py:3096} INFO - Sync 1 DAGs
[2026-04-28T19:55:49.357+0000] {logging_mixin.py:188} INFO - [2026-04-28T19:55:49.357+0000] {dag.py:3954} INFO - Setting next_dagrun for example_sensors to None, run_after=None
[2026-04-28T19:55:49.390+0000] {processor.py:183} INFO - Processing /home/airflow/.local/lib/python3.12/site-packages/airflow/example_dags/example_sensors.py took 0.127 seconds
[2026-04-28T19:56:20.131+0000] {processor.py:161} INFO - Started process (PID=381) to work on /home/airflow/.local/lib/python3.12/site-packages/airflow/example_dags/example_sensors.py
[2026-04-28T19:56:20.132+0000] {processor.py:830} INFO - Processing file /home/airflow/.local/lib/python3.12/site-packages/airflow/example_dags/example_sensors.py for tasks to queue
[2026-04-28T19:56:20.134+0000] {logging_mixin.py:188} INFO - [2026-04-28T19:56:20.134+0000] {dagbag.py:540} INFO - Filling up the DagBag from /home/airflow/.local/lib/python3.12/site-packages/airflow/example_dags/example_sensors.py
[2026-04-28T19:56:20.146+0000] {processor.py:840} INFO - DAG(s) 'example_sensors' retrieved from /home/airflow/.local/lib/python3.12/site-packages/airflow/example_dags/example_sensors.py
[2026-04-28T19:56:20.177+0000] {logging_mixin.py:188} INFO - [2026-04-28T19:56:20.177+0000] {dag.py:3096} INFO - Sync 1 DAGs
[2026-04-28T19:56:20.192+0000] {logging_mixin.py:188} INFO - [2026-04-28T19:56:20.191+0000] {dag.py:3954} INFO - Setting next_dagrun for example_sensors to None, run_after=None
[2026-04-28T19:56:20.212+0000] {processor.py:183} INFO - Processing /home/airflow/.local/lib/python3.12/site-packages/airflow/example_dags/example_sensors.py took 0.089 seconds
[2026-04-28T19:56:50.779+0000] {processor.py:161} INFO - Started process (PID=441) to work on /home/airflow/.local/lib/python3.12/site-packages/airflow/example_dags/example_sensors.py
[2026-04-28T19:56:50.780+0000] {processor.py:830} INFO - Processing file /home/airflow/.local/lib/python3.12/site-packages/airflow/example_dags/example_sensors.py for tasks to queue
[2026-04-28T19:56:50.783+0000] {logging_mixin.py:188} INFO - [2026-04-28T19:56:50.782+0000] {dagbag.py:540} INFO - Filling up the DagBag from /home/airflow/.local/lib/python3.12/site-packages/airflow/example_dags/example_sensors.py
[2026-04-28T19:56:50.801+0000] {processor.py:840} INFO - DAG(s) 'example_sensors' retrieved from /home/airflow/.local/lib/python3.12/site-packages/airflow/example_dags/example_sensors.py
[2026-04-28T19:56:50.844+0000] {logging_mixin.py:188} INFO - [2026-04-28T19:56:50.843+0000] {dag.py:3096} INFO - Sync 1 DAGs
[2026-04-28T19:56:50.859+0000] {logging_mixin.py:188} INFO - [2026-04-28T19:56:50.859+0000] {dag.py:3954} INFO - Setting next_dagrun for example_sensors to None, run_after=None
[2026-04-28T19:56:50.878+0000] {processor.py:183} INFO - Processing /home/airflow/.local/lib/python3.12/site-packages/airflow/example_dags/example_sensors.py took 0.108 seconds
[2026-04-28T19:57:21.448+0000] {processor.py:161} INFO - Started process (PID=498) to work on /home/airflow/.local/lib/python3.12/site-packages/airflow/example_dags/example_sensors.py
[2026-04-28T19:57:21.452+0000] {processor.py:830} INFO - Processing file /home/airflow/.local/lib/python3.12/site-packages/airflow/example_dags/example_sensors.py for tasks to queue
[2026-04-28T19:57:21.457+0000] {logging_mixin.py:188} INFO - [2026-04-28T19:57:21.456+0000] {dagbag.py:540} INFO - Filling up the DagBag from /home/airflow/.local/lib/python3.12/site-packages/airflow/example_dags/example_sensors.py
[2026-04-28T19:57:21.468+0000] {processor.py:840} INFO - DAG(s) 'example_sensors' retrieved from /home/airflow/.local/lib/python3.12/site-packages/airflow/example_dags/example_sensors.py
[2026-04-28T19:57:21.501+0000] {logging_mixin.py:188} INFO - [2026-04-28T19:57:21.500+0000] {dag.py:3096} INFO - Sync 1 DAGs
[2026-04-28T19:57:21.515+0000] {logging_mixin.py:188} INFO - [2026-04-28T19:57:21.515+0000] {dag.py:3954} INFO - Setting next_dagrun for example_sensors to None, run_after=None
[2026-04-28T19:57:21.534+0000] {processor.py:183} INFO - Processing /home/airflow/.local/lib/python3.12/site-packages/airflow/example_dags/example_sensors.py took 0.093 seconds
[2026-04-28T19:57:52.091+0000] {processor.py:161} INFO - Started process (PID=558) to work on /home/airflow/.local/lib/python3.12/site-packages/airflow/example_dags/example_sensors.py
[2026-04-28T19:57:52.092+0000] {processor.py:830} INFO - Processing file /home/airflow/.local/lib/python3.12/site-packages/airflow/example_dags/example_sensors.py for tasks to queue
[2026-04-28T19:57:52.094+0000] {logging_mixin.py:188} INFO - [2026-04-28T19:57:52.093+0000] {dagbag.py:540} INFO - Filling up the DagBag from /home/airflow/.local/lib/python3.12/site-packages/airflow/example_dags/example_sensors.py
[2026-04-28T19:57:52.105+0000] {processor.py:840} INFO - DAG(s) 'example_sensors' retrieved from /home/airflow/.local/lib/python3.12/site-packages/airflow/example_dags/example_sensors.py
[2026-04-28T19:57:52.150+0000] {logging_mixin.py:188} INFO - [2026-04-28T19:57:52.150+0000] {dag.py:3096} INFO - Sync 1 DAGs
[2026-04-28T19:57:52.170+0000] {logging_mixin.py:188} INFO - [2026-04-28T19:57:52.170+0000] {dag.py:3954} INFO - Setting next_dagrun for example_sensors to None, run_after=None
[2026-04-28T19:57:52.204+0000] {processor.py:183} INFO - Processing /home/airflow/.local/lib/python3.12/site-packages/airflow/example_dags/example_sensors.py took 0.120 seconds
[2026-04-28T19:58:23.080+0000] {processor.py:161} INFO - Started process (PID=618) to work on /home/airflow/.local/lib/python3.12/site-packages/airflow/example_dags/example_sensors.py
[2026-04-28T19:58:23.085+0000] {processor.py:830} INFO - Processing file /home/airflow/.local/lib/python3.12/site-packages/airflow/example_dags/example_sensors.py for tasks to queue
[2026-04-28T19:58:23.088+0000] {logging_mixin.py:188} INFO - [2026-04-28T19:58:23.087+0000] {dagbag.py:540} INFO - Filling up the DagBag from /home/airflow/.local/lib/python3.12/site-packages/airflow/example_dags/example_sensors.py
[2026-04-28T19:58:23.099+0000] {processor.py:840} INFO - DAG(s) 'example_sensors' retrieved from /home/airflow/.local/lib/python3.12/site-packages/airflow/example_dags/example_sensors.py
[2026-04-28T19:58:23.144+0000] {logging_mixin.py:188} INFO - [2026-04-28T19:58:23.144+0000] {dag.py:3096} INFO - Sync 1 DAGs
[2026-04-28T19:58:23.161+0000] {logging_mixin.py:188} INFO - [2026-04-28T19:58:23.160+0000] {dag.py:3954} INFO - Setting next_dagrun for example_sensors to None, run_after=None
[2026-04-28T19:58:23.188+0000] {processor.py:183} INFO - Processing /home/airflow/.local/lib/python3.12/site-packages/airflow/example_dags/example_sensors.py took 0.115 seconds
[2026-04-28T19:58:53.946+0000] {processor.py:161} INFO - Started process (PID=678) to work on /home/airflow/.local/lib/python3.12/site-packages/airflow/example_dags/example_sensors.py
[2026-04-28T19:58:53.950+0000] {processor.py:830} INFO - Processing file /home/airflow/.local/lib/python3.12/site-packages/airflow/example_dags/example_sensors.py for tasks to queue
[2026-04-28T19:58:53.956+0000] {logging_mixin.py:188} INFO - [2026-04-28T19:58:53.955+0000] {dagbag.py:540} INFO - Filling up the DagBag from /home/airflow/.local/lib/python3.12/site-packages/airflow/example_dags/example_sensors.py
[2026-04-28T19:58:53.970+0000] {processor.py:840} INFO - DAG(s) 'example_sensors' retrieved from /home/airflow/.local/lib/python3.12/site-packages/airflow/example_dags/example_sensors.py
[2026-04-28T19:58:54.069+0000] {logging_mixin.py:188} INFO - [2026-04-28T19:58:54.069+0000] {dag.py:3096} INFO - Sync 1 DAGs
[2026-04-28T19:58:54.100+0000] {logging_mixin.py:188} INFO - [2026-04-28T19:58:54.100+0000] {dag.py:3954} INFO - Setting next_dagrun for example_sensors to None, run_after=None
[2026-04-28T19:58:54.126+0000] {processor.py:183} INFO - Processing /home/airflow/.local/lib/python3.12/site-packages/airflow/example_dags/example_sensors.py took 0.189 seconds
[2026-04-28T19:59:24.449+0000] {processor.py:161} INFO - Started process (PID=737) to work on /home/airflow/.local/lib/python3.12/site-packages/airflow/example_dags/example_sensors.py
[2026-04-28T19:59:24.458+0000] {processor.py:830} INFO - Processing file /home/airflow/.local/lib/python3.12/site-packages/airflow/example_dags/example_sensors.py for tasks to queue
[2026-04-28T19:59:24.463+0000] {logging_mixin.py:188} INFO - [2026-04-28T19:59:24.462+0000] {dagbag.py:540} INFO - Filling up the DagBag from /home/airflow/.local/lib/python3.12/site-packages/airflow/example_dags/example_sensors.py
[2026-04-28T19:59:24.487+0000] {processor.py:840} INFO - DAG(s) 'example_sensors' retrieved from /home/airflow/.local/lib/python3.12/site-packages/airflow/example_dags/example_sensors.py
[2026-04-28T19:59:24.517+0000] {logging_mixin.py:188} INFO - [2026-04-28T19:59:24.516+0000] {dag.py:3096} INFO - Sync 1 DAGs
[2026-04-28T19:59:24.531+0000] {logging_mixin.py:188} INFO - [2026-04-28T19:59:24.531+0000] {dag.py:3954} INFO - Setting next_dagrun for example_sensors to None, run_after=None
[2026-04-28T19:59:24.551+0000] {processor.py:183} INFO - Processing /home/airflow/.local/lib/python3.12/site-packages/airflow/example_dags/example_sensors.py took 0.111 seconds
[2026-04-28T19:59:55.250+0000] {processor.py:161} INFO - Started process (PID=797) to work on /home/airflow/.local/lib/python3.12/site-packages/airflow/example_dags/example_sensors.py
[2026-04-28T19:59:55.251+0000] {processor.py:830} INFO - Processing file /home/airflow/.local/lib/python3.12/site-packages/airflow/example_dags/example_sensors.py for tasks to queue
[2026-04-28T19:59:55.253+0000] {logging_mixin.py:188} INFO - [2026-04-28T19:59:55.253+0000] {dagbag.py:540} INFO - Filling up the DagBag from /home/airflow/.local/lib/python3.12/site-packages/airflow/example_dags/example_sensors.py
[2026-04-28T19:59:55.265+0000] {processor.py:840} INFO - DAG(s) 'example_sensors' retrieved from /home/airflow/.local/lib/python3.12/site-packages/airflow/example_dags/example_sensors.py
[2026-04-28T19:59:55.297+0000] {logging_mixin.py:188} INFO - [2026-04-28T19:59:55.297+0000] {dag.py:3096} INFO - Sync 1 DAGs
[2026-04-28T19:59:55.312+0000] {logging_mixin.py:188} INFO - [2026-04-28T19:59:55.311+0000] {dag.py:3954} INFO - Setting next_dagrun for example_sensors to None, run_after=None
[2026-04-28T19:59:55.331+0000] {processor.py:183} INFO - Processing /home/airflow/.local/lib/python3.12/site-packages/airflow/example_dags/example_sensors.py took 0.088 seconds
[2026-04-28T20:00:25.412+0000] {processor.py:161} INFO - Started process (PID=857) to work on /home/airflow/.local/lib/python3.12/site-packages/airflow/example_dags/example_sensors.py
[2026-04-28T20:00:25.413+0000] {processor.py:830} INFO - Processing file /home/airflow/.local/lib/python3.12/site-packages/airflow/example_dags/example_sensors.py for tasks to queue
[2026-04-28T20:00:25.415+0000] {logging_mixin.py:188} INFO - [2026-04-28T20:00:25.415+0000] {dagbag.py:540} INFO - Filling up the DagBag from /home/airflow/.local/lib/python3.12/site-packages/airflow/example_dags/example_sensors.py
[2026-04-28T20:00:25.426+0000] {processor.py:840} INFO - DAG(s) 'example_sensors' retrieved from /home/airflow/.local/lib/python3.12/site-packages/airflow/example_dags/example_sensors.py
[2026-04-28T20:00:25.461+0000] {logging_mixin.py:188} INFO - [2026-04-28T20:00:25.461+0000] {dag.py:3096} INFO - Sync 1 DAGs
[2026-04-28T20:00:25.476+0000] {logging_mixin.py:188} INFO - [2026-04-28T20:00:25.476+0000] {dag.py:3954} INFO - Setting next_dagrun for example_sensors to None, run_after=None
[2026-04-28T20:00:25.497+0000] {processor.py:183} INFO - Processing /home/airflow/.local/lib/python3.12/site-packages/airflow/example_dags/example_sensors.py took 0.092 seconds
[2026-04-28T20:00:56.432+0000] {processor.py:161} INFO - Started process (PID=916) to work on /home/airflow/.local/lib/python3.12/site-packages/airflow/example_dags/example_sensors.py
[2026-04-28T20:00:56.438+0000] {processor.py:830} INFO - Processing file /home/airflow/.local/lib/python3.12/site-packages/airflow/example_dags/example_sensors.py for tasks to queue
[2026-04-28T20:00:56.442+0000] {logging_mixin.py:188} INFO - [2026-04-28T20:00:56.442+0000] {dagbag.py:540} INFO - Filling up the DagBag from /home/airflow/.local/lib/python3.12/site-packages/airflow/example_dags/example_sensors.py
[2026-04-28T20:00:56.480+0000] {processor.py:840} INFO - DAG(s) 'example_sensors' retrieved from /home/airflow/.local/lib/python3.12/site-packages/airflow/example_dags/example_sensors.py
[2026-04-28T20:00:56.532+0000] {logging_mixin.py:188} INFO - [2026-04-28T20:00:56.532+0000] {dag.py:3096} INFO - Sync 1 DAGs
[2026-04-28T20:00:56.547+0000] {logging_mixin.py:188} INFO - [2026-04-28T20:00:56.547+0000] {dag.py:3954} INFO - Setting next_dagrun for example_sensors to None, run_after=None
[2026-04-28T20:00:56.584+0000] {processor.py:183} INFO - Processing /home/airflow/.local/lib/python3.12/site-packages/airflow/example_dags/example_sensors.py took 0.178 seconds
[2026-04-28T20:01:27.117+0000] {processor.py:161} INFO - Started process (PID=976) to work on /home/airflow/.local/lib/python3.12/site-packages/airflow/example_dags/example_sensors.py
[2026-04-28T20:01:27.118+0000] {processor.py:830} INFO - Processing file /home/airflow/.local/lib/python3.12/site-packages/airflow/example_dags/example_sensors.py for tasks to queue
[2026-04-28T20:01:27.120+0000] {logging_mixin.py:188} INFO - [2026-04-28T20:01:27.120+0000] {dagbag.py:540} INFO - Filling up the DagBag from /home/airflow/.local/lib/python3.12/site-packages/airflow/example_dags/example_sensors.py
[2026-04-28T20:01:27.132+0000] {processor.py:840} INFO - DAG(s) 'example_sensors' retrieved from /home/airflow/.local/lib/python3.12/site-packages/airflow/example_dags/example_sensors.py
[2026-04-28T20:01:27.164+0000] {logging_mixin.py:188} INFO - [2026-04-28T20:01:27.164+0000] {dag.py:3096} INFO - Sync 1 DAGs
[2026-04-28T20:01:27.180+0000] {logging_mixin.py:188} INFO - [2026-04-28T20:01:27.180+0000] {dag.py:3954} INFO - Setting next_dagrun for example_sensors to None, run_after=None
[2026-04-28T20:01:27.200+0000] {processor.py:183} INFO - Processing /home/airflow/.local/lib/python3.12/site-packages/airflow/example_dags/example_sensors.py took 0.100 seconds
[2026-04-28T20:01:57.360+0000] {processor.py:161} INFO - Started process (PID=1036) to work on /home/airflow/.local/lib/python3.12/site-packages/airflow/example_dags/example_sensors.py
[2026-04-28T20:01:57.361+0000] {processor.py:830} INFO - Processing file /home/airflow/.local/lib/python3.12/site-packages/airflow/example_dags/example_sensors.py for tasks to queue
[2026-04-28T20:01:57.364+0000] {logging_mixin.py:188} INFO - [2026-04-28T20:01:57.363+0000] {dagbag.py:540} INFO - Filling up the DagBag from /home/airflow/.local/lib/python3.12/site-packages/airflow/example_dags/example_sensors.py
[2026-04-28T20:01:57.375+0000] {processor.py:840} INFO - DAG(s) 'example_sensors' retrieved from /home/airflow/.local/lib/python3.12/site-packages/airflow/example_dags/example_sensors.py
[2026-04-28T20:01:57.409+0000] {logging_mixin.py:188} INFO - [2026-04-28T20:01:57.408+0000] {dag.py:3096} INFO - Sync 1 DAGs
[2026-04-28T20:01:57.424+0000] {logging_mixin.py:188} INFO - [2026-04-28T20:01:57.423+0000] {dag.py:3954} INFO - Setting next_dagrun for example_sensors to None, run_after=None
[2026-04-28T20:01:57.446+0000] {processor.py:183} INFO - Processing /home/airflow/.local/lib/python3.12/site-packages/airflow/example_dags/example_sensors.py took 0.094 seconds
[2026-04-28T20:02:27.879+0000] {processor.py:161} INFO - Started process (PID=1095) to work on /home/airflow/.local/lib/python3.12/site-packages/airflow/example_dags/example_sensors.py
[2026-04-28T20:02:27.880+0000] {processor.py:830} INFO - Processing file /home/airflow/.local/lib/python3.12/site-packages/airflow/example_dags/example_sensors.py for tasks to queue
[2026-04-28T20:02:27.883+0000] {logging_mixin.py:188} INFO - [2026-04-28T20:02:27.882+0000] {dagbag.py:540} INFO - Filling up the DagBag from /home/airflow/.local/lib/python3.12/site-packages/airflow/example_dags/example_sensors.py
[2026-04-28T20:02:27.896+0000] {processor.py:840} INFO - DAG(s) 'example_sensors' retrieved from /home/airflow/.local/lib/python3.12/site-packages/airflow/example_dags/example_sensors.py
[2026-04-28T20:02:27.930+0000] {logging_mixin.py:188} INFO - [2026-04-28T20:02:27.929+0000] {dag.py:3096} INFO - Sync 1 DAGs
[2026-04-28T20:02:27.945+0000] {logging_mixin.py:188} INFO - [2026-04-28T20:02:27.945+0000] {dag.py:3954} INFO - Setting next_dagrun for example_sensors to None, run_after=None
[2026-04-28T20:02:27.975+0000] {processor.py:183} INFO - Processing /home/airflow/.local/lib/python3.12/site-packages/airflow/example_dags/example_sensors.py took 0.102 seconds
[2026-04-28T20:02:58.611+0000] {processor.py:161} INFO - Started process (PID=1155) to work on /home/airflow/.local/lib/python3.12/site-packages/airflow/example_dags/example_sensors.py
[2026-04-28T20:02:58.614+0000] {processor.py:830} INFO - Processing file /home/airflow/.local/lib/python3.12/site-packages/airflow/example_dags/example_sensors.py for tasks to queue
[2026-04-28T20:02:58.618+0000] {logging_mixin.py:188} INFO - [2026-04-28T20:02:58.617+0000] {dagbag.py:540} INFO - Filling up the DagBag from /home/airflow/.local/lib/python3.12/site-packages/airflow/example_dags/example_sensors.py
[2026-04-28T20:02:58.635+0000] {processor.py:840} INFO - DAG(s) 'example_sensors' retrieved from /home/airflow/.local/lib/python3.12/site-packages/airflow/example_dags/example_sensors.py
[2026-04-28T20:02:58.688+0000] {logging_mixin.py:188} INFO - [2026-04-28T20:02:58.688+0000] {dag.py:3096} INFO - Sync 1 DAGs
[2026-04-28T20:02:58.703+0000] {logging_mixin.py:188} INFO - [2026-04-28T20:02:58.702+0000] {dag.py:3954} INFO - Setting next_dagrun for example_sensors to None, run_after=None
[2026-04-28T20:02:58.722+0000] {processor.py:183} INFO - Processing /home/airflow/.local/lib/python3.12/site-packages/airflow/example_dags/example_sensors.py took 0.124 seconds
[2026-04-28T20:03:29.108+0000] {processor.py:161} INFO - Started process (PID=1214) to work on /home/airflow/.local/lib/python3.12/site-packages/airflow/example_dags/example_sensors.py
[2026-04-28T20:03:29.110+0000] {processor.py:830} INFO - Processing file /home/airflow/.local/lib/python3.12/site-packages/airflow/example_dags/example_sensors.py for tasks to queue
[2026-04-28T20:03:29.112+0000] {logging_mixin.py:188} INFO - [2026-04-28T20:03:29.112+0000] {dagbag.py:540} INFO - Filling up the DagBag from /home/airflow/.local/lib/python3.12/site-packages/airflow/example_dags/example_sensors.py
[2026-04-28T20:03:29.125+0000] {processor.py:840} INFO - DAG(s) 'example_sensors' retrieved from /home/airflow/.local/lib/python3.12/site-packages/airflow/example_dags/example_sensors.py
[2026-04-28T20:03:29.157+0000] {logging_mixin.py:188} INFO - [2026-04-28T20:03:29.157+0000] {dag.py:3096} INFO - Sync 1 DAGs
[2026-04-28T20:03:29.173+0000] {logging_mixin.py:188} INFO - [2026-04-28T20:03:29.173+0000] {dag.py:3954} INFO - Setting next_dagrun for example_sensors to None, run_after=None
[2026-04-28T20:03:29.196+0000] {processor.py:183} INFO - Processing /home/airflow/.local/lib/python3.12/site-packages/airflow/example_dags/example_sensors.py took 0.096 seconds
[2026-04-28T20:03:59.819+0000] {processor.py:161} INFO - Started process (PID=1274) to work on /home/airflow/.local/lib/python3.12/site-packages/airflow/example_dags/example_sensors.py
[2026-04-28T20:03:59.821+0000] {processor.py:830} INFO - Processing file /home/airflow/.local/lib/python3.12/site-packages/airflow/example_dags/example_sensors.py for tasks to queue
[2026-04-28T20:03:59.824+0000] {logging_mixin.py:188} INFO - [2026-04-28T20:03:59.823+0000] {dagbag.py:540} INFO - Filling up the DagBag from /home/airflow/.local/lib/python3.12/site-packages/airflow/example_dags/example_sensors.py
[2026-04-28T20:03:59.836+0000] {processor.py:840} INFO - DAG(s) 'example_sensors' retrieved from /home/airflow/.local/lib/python3.12/site-packages/airflow/example_dags/example_sensors.py
[2026-04-28T20:03:59.870+0000] {logging_mixin.py:188} INFO - [2026-04-28T20:03:59.870+0000] {dag.py:3096} INFO - Sync 1 DAGs
[2026-04-28T20:03:59.886+0000] {logging_mixin.py:188} INFO - [2026-04-28T20:03:59.886+0000] {dag.py:3954} INFO - Setting next_dagrun for example_sensors to None, run_after=None
[2026-04-28T20:03:59.907+0000] {processor.py:183} INFO - Processing /home/airflow/.local/lib/python3.12/site-packages/airflow/example_dags/example_sensors.py took 0.095 seconds
[2026-04-28T20:04:30.640+0000] {processor.py:161} INFO - Started process (PID=1334) to work on /home/airflow/.local/lib/python3.12/site-packages/airflow/example_dags/example_sensors.py
[2026-04-28T20:04:30.642+0000] {processor.py:830} INFO - Processing file /home/airflow/.local/lib/python3.12/site-packages/airflow/example_dags/example_sensors.py for tasks to queue
[2026-04-28T20:04:30.644+0000] {logging_mixin.py:188} INFO - [2026-04-28T20:04:30.643+0000] {dagbag.py:540} INFO - Filling up the DagBag from /home/airflow/.local/lib/python3.12/site-packages/airflow/example_dags/example_sensors.py
[2026-04-28T20:04:30.655+0000] {processor.py:840} INFO - DAG(s) 'example_sensors' retrieved from /home/airflow/.local/lib/python3.12/site-packages/airflow/example_dags/example_sensors.py
[2026-04-28T20:04:30.702+0000] {logging_mixin.py:188} INFO - [2026-04-28T20:04:30.701+0000] {dag.py:3096} INFO - Sync 1 DAGs
[2026-04-28T20:04:30.727+0000] {logging_mixin.py:188} INFO - [2026-04-28T20:04:30.727+0000] {dag.py:3954} INFO - Setting next_dagrun for example_sensors to None, run_after=None
[2026-04-28T20:04:30.753+0000] {processor.py:183} INFO - Processing /home/airflow/.local/lib/python3.12/site-packages/airflow/example_dags/example_sensors.py took 0.119 seconds
[2026-04-28T20:05:02.033+0000] {processor.py:161} INFO - Started process (PID=1394) to work on /home/airflow/.local/lib/python3.12/site-packages/airflow/example_dags/example_sensors.py
[2026-04-28T20:05:02.035+0000] {processor.py:830} INFO - Processing file /home/airflow/.local/lib/python3.12/site-packages/airflow/example_dags/example_sensors.py for tasks to queue
[2026-04-28T20:05:02.039+0000] {logging_mixin.py:188} INFO - [2026-04-28T20:05:02.037+0000] {dagbag.py:540} INFO - Filling up the DagBag from /home/airflow/.local/lib/python3.12/site-packages/airflow/example_dags/example_sensors.py
[2026-04-28T20:05:02.063+0000] {processor.py:840} INFO - DAG(s) 'example_sensors' retrieved from /home/airflow/.local/lib/python3.12/site-packages/airflow/example_dags/example_sensors.py
[2026-04-28T20:05:02.121+0000] {logging_mixin.py:188} INFO - [2026-04-28T20:05:02.121+0000] {dag.py:3096} INFO - Sync 1 DAGs
[2026-04-28T20:05:02.140+0000] {logging_mixin.py:188} INFO - [2026-04-28T20:05:02.139+0000] {dag.py:3954} INFO - Setting next_dagrun for example_sensors to None, run_after=None
[2026-04-28T20:05:02.172+0000] {processor.py:183} INFO - Processing /home/airflow/.local/lib/python3.12/site-packages/airflow/example_dags/example_sensors.py took 0.159 seconds
[2026-04-28T20:05:32.438+0000] {processor.py:161} INFO - Started process (PID=1454) to work on /home/airflow/.local/lib/python3.12/site-packages/airflow/example_dags/example_sensors.py
[2026-04-28T20:05:32.439+0000] {processor.py:830} INFO - Processing file /home/airflow/.local/lib/python3.12/site-packages/airflow/example_dags/example_sensors.py for tasks to queue
[2026-04-28T20:05:32.441+0000] {logging_mixin.py:188} INFO - [2026-04-28T20:05:32.441+0000] {dagbag.py:540} INFO - Filling up the DagBag from /home/airflow/.local/lib/python3.12/site-packages/airflow/example_dags/example_sensors.py
[2026-04-28T20:05:32.451+0000] {processor.py:840} INFO - DAG(s) 'example_sensors' retrieved from /home/airflow/.local/lib/python3.12/site-packages/airflow/example_dags/example_sensors.py
[2026-04-28T20:05:32.477+0000] {logging_mixin.py:188} INFO - [2026-04-28T20:05:32.477+0000] {dag.py:3096} INFO - Sync 1 DAGs
[2026-04-28T20:05:32.488+0000] {logging_mixin.py:188} INFO - [2026-04-28T20:05:32.488+0000] {dag.py:3954} INFO - Setting next_dagrun for example_sensors to None, run_after=None
[2026-04-28T20:05:32.507+0000] {processor.py:183} INFO - Processing /home/airflow/.local/lib/python3.12/site-packages/airflow/example_dags/example_sensors.py took 0.076 seconds
[2026-04-28T20:06:02.822+0000] {processor.py:161} INFO - Started process (PID=1513) to work on /home/airflow/.local/lib/python3.12/site-packages/airflow/example_dags/example_sensors.py
[2026-04-28T20:06:02.823+0000] {processor.py:830} INFO - Processing file /home/airflow/.local/lib/python3.12/site-packages/airflow/example_dags/example_sensors.py for tasks to queue
[2026-04-28T20:06:02.825+0000] {logging_mixin.py:188} INFO - [2026-04-28T20:06:02.824+0000] {dagbag.py:540} INFO - Filling up the DagBag from /home/airflow/.local/lib/python3.12/site-packages/airflow/example_dags/example_sensors.py
[2026-04-28T20:06:02.836+0000] {processor.py:840} INFO - DAG(s) 'example_sensors' retrieved from /home/airflow/.local/lib/python3.12/site-packages/airflow/example_dags/example_sensors.py
[2026-04-28T20:06:02.870+0000] {logging_mixin.py:188} INFO - [2026-04-28T20:06:02.870+0000] {dag.py:3096} INFO - Sync 1 DAGs
[2026-04-28T20:06:02.886+0000] {logging_mixin.py:188} INFO - [2026-04-28T20:06:02.886+0000] {dag.py:3954} INFO - Setting next_dagrun for example_sensors to None, run_after=None
[2026-04-28T20:06:02.907+0000] {processor.py:183} INFO - Processing /home/airflow/.local/lib/python3.12/site-packages/airflow/example_dags/example_sensors.py took 0.092 seconds
[2026-04-28T20:06:33.453+0000] {processor.py:161} INFO - Started process (PID=1572) to work on /home/airflow/.local/lib/python3.12/site-packages/airflow/example_dags/example_sensors.py
[2026-04-28T20:06:33.457+0000] {processor.py:830} INFO - Processing file /home/airflow/.local/lib/python3.12/site-packages/airflow/example_dags/example_sensors.py for tasks to queue
[2026-04-28T20:06:33.460+0000] {logging_mixin.py:188} INFO - [2026-04-28T20:06:33.459+0000] {dagbag.py:540} INFO - Filling up the DagBag from /home/airflow/.local/lib/python3.12/site-packages/airflow/example_dags/example_sensors.py
[2026-04-28T20:06:33.472+0000] {processor.py:840} INFO - DAG(s) 'example_sensors' retrieved from /home/airflow/.local/lib/python3.12/site-packages/airflow/example_dags/example_sensors.py
[2026-04-28T20:06:33.506+0000] {logging_mixin.py:188} INFO - [2026-04-28T20:06:33.505+0000] {dag.py:3096} INFO - Sync 1 DAGs
[2026-04-28T20:06:33.521+0000] {logging_mixin.py:188} INFO - [2026-04-28T20:06:33.521+0000] {dag.py:3954} INFO - Setting next_dagrun for example_sensors to None, run_after=None
[2026-04-28T20:06:33.542+0000] {processor.py:183} INFO - Processing /home/airflow/.local/lib/python3.12/site-packages/airflow/example_dags/example_sensors.py took 0.095 seconds
[2026-04-28T20:07:03.894+0000] {processor.py:161} INFO - Started process (PID=1632) to work on /home/airflow/.local/lib/python3.12/site-packages/airflow/example_dags/example_sensors.py
[2026-04-28T20:07:03.902+0000] {processor.py:830} INFO - Processing file /home/airflow/.local/lib/python3.12/site-packages/airflow/example_dags/example_sensors.py for tasks to queue
[2026-04-28T20:07:03.907+0000] {logging_mixin.py:188} INFO - [2026-04-28T20:07:03.907+0000] {dagbag.py:540} INFO - Filling up the DagBag from /home/airflow/.local/lib/python3.12/site-packages/airflow/example_dags/example_sensors.py
[2026-04-28T20:07:03.942+0000] {processor.py:840} INFO - DAG(s) 'example_sensors' retrieved from /home/airflow/.local/lib/python3.12/site-packages/airflow/example_dags/example_sensors.py
[2026-04-28T20:07:03.991+0000] {logging_mixin.py:188} INFO - [2026-04-28T20:07:03.991+0000] {dag.py:3096} INFO - Sync 1 DAGs
[2026-04-28T20:07:04.013+0000] {logging_mixin.py:188} INFO - [2026-04-28T20:07:04.013+0000] {dag.py:3954} INFO - Setting next_dagrun for example_sensors to None, run_after=None
[2026-04-28T20:07:04.034+0000] {processor.py:183} INFO - Processing /home/airflow/.local/lib/python3.12/site-packages/airflow/example_dags/example_sensors.py took 0.149 seconds
[2026-04-28T20:07:34.374+0000] {processor.py:161} INFO - Started process (PID=1692) to work on /home/airflow/.local/lib/python3.12/site-packages/airflow/example_dags/example_sensors.py
[2026-04-28T20:07:34.376+0000] {processor.py:830} INFO - Processing file /home/airflow/.local/lib/python3.12/site-packages/airflow/example_dags/example_sensors.py for tasks to queue
[2026-04-28T20:07:34.378+0000] {logging_mixin.py:188} INFO - [2026-04-28T20:07:34.378+0000] {dagbag.py:540} INFO - Filling up the DagBag from /home/airflow/.local/lib/python3.12/site-packages/airflow/example_dags/example_sensors.py
[2026-04-28T20:07:34.403+0000] {processor.py:840} INFO - DAG(s) 'example_sensors' retrieved from /home/airflow/.local/lib/python3.12/site-packages/airflow/example_dags/example_sensors.py
[2026-04-28T20:07:34.478+0000] {logging_mixin.py:188} INFO - [2026-04-28T20:07:34.478+0000] {dag.py:3096} INFO - Sync 1 DAGs
[2026-04-28T20:07:34.516+0000] {logging_mixin.py:188} INFO - [2026-04-28T20:07:34.513+0000] {dag.py:3954} INFO - Setting next_dagrun for example_sensors to None, run_after=None
[2026-04-28T20:07:34.549+0000] {processor.py:183} INFO - Processing /home/airflow/.local/lib/python3.12/site-packages/airflow/example_dags/example_sensors.py took 0.187 seconds
[2026-04-28T20:08:04.622+0000] {processor.py:161} INFO - Started process (PID=1752) to work on /home/airflow/.local/lib/python3.12/site-packages/airflow/example_dags/example_sensors.py
[2026-04-28T20:08:04.623+0000] {processor.py:830} INFO - Processing file /home/airflow/.local/lib/python3.12/site-packages/airflow/example_dags/example_sensors.py for tasks to queue
[2026-04-28T20:08:04.624+0000] {logging_mixin.py:188} INFO - [2026-04-28T20:08:04.624+0000] {dagbag.py:540} INFO - Filling up the DagBag from /home/airflow/.local/lib/python3.12/site-packages/airflow/example_dags/example_sensors.py
[2026-04-28T20:08:04.632+0000] {processor.py:840} INFO - DAG(s) 'example_sensors' retrieved from /home/airflow/.local/lib/python3.12/site-packages/airflow/example_dags/example_sensors.py
[2026-04-28T20:08:04.656+0000] {logging_mixin.py:188} INFO - [2026-04-28T20:08:04.655+0000] {dag.py:3096} INFO - Sync 1 DAGs
[2026-04-28T20:08:04.666+0000] {logging_mixin.py:188} INFO - [2026-04-28T20:08:04.666+0000] {dag.py:3954} INFO - Setting next_dagrun for example_sensors to None, run_after=None
[2026-04-28T20:08:04.682+0000] {processor.py:183} INFO - Processing /home/airflow/.local/lib/python3.12/site-packages/airflow/example_dags/example_sensors.py took 0.066 seconds
[2026-04-28T20:08:34.843+0000] {processor.py:161} INFO - Started process (PID=1812) to work on /home/airflow/.local/lib/python3.12/site-packages/airflow/example_dags/example_sensors.py
[2026-04-28T20:08:34.844+0000] {processor.py:830} INFO - Processing file /home/airflow/.local/lib/python3.12/site-packages/airflow/example_dags/example_sensors.py for tasks to queue
[2026-04-28T20:08:34.846+0000] {logging_mixin.py:188} INFO - [2026-04-28T20:08:34.846+0000] {dagbag.py:540} INFO - Filling up the DagBag from /home/airflow/.local/lib/python3.12/site-packages/airflow/example_dags/example_sensors.py
[2026-04-28T20:08:34.856+0000] {processor.py:840} INFO - DAG(s) 'example_sensors' retrieved from /home/airflow/.local/lib/python3.12/site-packages/airflow/example_dags/example_sensors.py
[2026-04-28T20:08:34.881+0000] {logging_mixin.py:188} INFO - [2026-04-28T20:08:34.881+0000] {dag.py:3096} INFO - Sync 1 DAGs
[2026-04-28T20:08:34.891+0000] {logging_mixin.py:188} INFO - [2026-04-28T20:08:34.891+0000] {dag.py:3954} INFO - Setting next_dagrun for example_sensors to None, run_after=None
[2026-04-28T20:08:34.907+0000] {processor.py:183} INFO - Processing /home/airflow/.local/lib/python3.12/site-packages/airflow/example_dags/example_sensors.py took 0.071 seconds
[2026-04-28T20:09:05.136+0000] {processor.py:161} INFO - Started process (PID=1871) to work on /home/airflow/.local/lib/python3.12/site-packages/airflow/example_dags/example_sensors.py
[2026-04-28T20:09:05.137+0000] {processor.py:830} INFO - Processing file /home/airflow/.local/lib/python3.12/site-packages/airflow/example_dags/example_sensors.py for tasks to queue
[2026-04-28T20:09:05.139+0000] {logging_mixin.py:188} INFO - [2026-04-28T20:09:05.139+0000] {dagbag.py:540} INFO - Filling up the DagBag from /home/airflow/.local/lib/python3.12/site-packages/airflow/example_dags/example_sensors.py
[2026-04-28T20:09:05.151+0000] {processor.py:840} INFO - DAG(s) 'example_sensors' retrieved from /home/airflow/.local/lib/python3.12/site-packages/airflow/example_dags/example_sensors.py
[2026-04-28T20:09:05.182+0000] {logging_mixin.py:188} INFO - [2026-04-28T20:09:05.182+0000] {dag.py:3096} INFO - Sync 1 DAGs
[2026-04-28T20:09:05.198+0000] {logging_mixin.py:188} INFO - [2026-04-28T20:09:05.197+0000] {dag.py:3954} INFO - Setting next_dagrun for example_sensors to None, run_after=None
[2026-04-28T20:09:05.216+0000] {processor.py:183} INFO - Processing /home/airflow/.local/lib/python3.12/site-packages/airflow/example_dags/example_sensors.py took 0.091 seconds
[2026-04-28T20:09:35.800+0000] {processor.py:161} INFO - Started process (PID=1931) to work on /home/airflow/.local/lib/python3.12/site-packages/airflow/example_dags/example_sensors.py
[2026-04-28T20:09:35.801+0000] {processor.py:830} INFO - Processing file /home/airflow/.local/lib/python3.12/site-packages/airflow/example_dags/example_sensors.py for tasks to queue
[2026-04-28T20:09:35.804+0000] {logging_mixin.py:188} INFO - [2026-04-28T20:09:35.803+0000] {dagbag.py:540} INFO - Filling up the DagBag from /home/airflow/.local/lib/python3.12/site-packages/airflow/example_dags/example_sensors.py
[2026-04-28T20:09:35.816+0000] {processor.py:840} INFO - DAG(s) 'example_sensors' retrieved from /home/airflow/.local/lib/python3.12/site-packages/airflow/example_dags/example_sensors.py
[2026-04-28T20:09:35.853+0000] {logging_mixin.py:188} INFO - [2026-04-28T20:09:35.853+0000] {dag.py:3096} INFO - Sync 1 DAGs
[2026-04-28T20:09:35.864+0000] {logging_mixin.py:188} INFO - [2026-04-28T20:09:35.864+0000] {dag.py:3954} INFO - Setting next_dagrun for example_sensors to None, run_after=None
[2026-04-28T20:09:35.879+0000] {processor.py:183} INFO - Processing /home/airflow/.local/lib/python3.12/site-packages/airflow/example_dags/example_sensors.py took 0.087 seconds
[2026-04-28T20:10:07.189+0000] {processor.py:161} INFO - Started process (PID=1991) to work on /home/airflow/.local/lib/python3.12/site-packages/airflow/example_dags/example_sensors.py
[2026-04-28T20:10:07.190+0000] {processor.py:830} INFO - Processing file /home/airflow/.local/lib/python3.12/site-packages/airflow/example_dags/example_sensors.py for tasks to queue
[2026-04-28T20:10:07.192+0000] {logging_mixin.py:188} INFO - [2026-04-28T20:10:07.191+0000] {dagbag.py:540} INFO - Filling up the DagBag from /home/airflow/.local/lib/python3.12/site-packages/airflow/example_dags/example_sensors.py
[2026-04-28T20:10:07.206+0000] {processor.py:840} INFO - DAG(s) 'example_sensors' retrieved from /home/airflow/.local/lib/python3.12/site-packages/airflow/example_dags/example_sensors.py
[2026-04-28T20:10:07.242+0000] {logging_mixin.py:188} INFO - [2026-04-28T20:10:07.241+0000] {dag.py:3096} INFO - Sync 1 DAGs
[2026-04-28T20:10:07.262+0000] {logging_mixin.py:188} INFO - [2026-04-28T20:10:07.262+0000] {dag.py:3954} INFO - Setting next_dagrun for example_sensors to None, run_after=None
[2026-04-28T20:10:07.324+0000] {processor.py:183} INFO - Processing /home/airflow/.local/lib/python3.12/site-packages/airflow/example_dags/example_sensors.py took 0.151 seconds
[2026-04-28T20:10:37.656+0000] {processor.py:161} INFO - Started process (PID=2050) to work on /home/airflow/.local/lib/python3.12/site-packages/airflow/example_dags/example_sensors.py
[2026-04-28T20:10:37.658+0000] {processor.py:830} INFO - Processing file /home/airflow/.local/lib/python3.12/site-packages/airflow/example_dags/example_sensors.py for tasks to queue
[2026-04-28T20:10:37.660+0000] {logging_mixin.py:188} INFO - [2026-04-28T20:10:37.659+0000] {dagbag.py:540} INFO - Filling up the DagBag from /home/airflow/.local/lib/python3.12/site-packages/airflow/example_dags/example_sensors.py
[2026-04-28T20:10:37.671+0000] {processor.py:840} INFO - DAG(s) 'example_sensors' retrieved from /home/airflow/.local/lib/python3.12/site-packages/airflow/example_dags/example_sensors.py
[2026-04-28T20:10:37.730+0000] {logging_mixin.py:188} INFO - [2026-04-28T20:10:37.729+0000] {dag.py:3096} INFO - Sync 1 DAGs
[2026-04-28T20:10:37.754+0000] {logging_mixin.py:188} INFO - [2026-04-28T20:10:37.753+0000] {dag.py:3954} INFO - Setting next_dagrun for example_sensors to None, run_after=None
[2026-04-28T20:10:37.782+0000] {processor.py:183} INFO - Processing /home/airflow/.local/lib/python3.12/site-packages/airflow/example_dags/example_sensors.py took 0.133 seconds
[2026-04-28T20:11:08.335+0000] {processor.py:161} INFO - Started process (PID=2110) to work on /home/airflow/.local/lib/python3.12/site-packages/airflow/example_dags/example_sensors.py
[2026-04-28T20:11:08.336+0000] {processor.py:830} INFO - Processing file /home/airflow/.local/lib/python3.12/site-packages/airflow/example_dags/example_sensors.py for tasks to queue
[2026-04-28T20:11:08.338+0000] {logging_mixin.py:188} INFO - [2026-04-28T20:11:08.338+0000] {dagbag.py:540} INFO - Filling up the DagBag from /home/airflow/.local/lib/python3.12/site-packages/airflow/example_dags/example_sensors.py
[2026-04-28T20:11:08.351+0000] {processor.py:840} INFO - DAG(s) 'example_sensors' retrieved from /home/airflow/.local/lib/python3.12/site-packages/airflow/example_dags/example_sensors.py
[2026-04-28T20:11:08.386+0000] {logging_mixin.py:188} INFO - [2026-04-28T20:11:08.386+0000] {dag.py:3096} INFO - Sync 1 DAGs
[2026-04-28T20:11:08.403+0000] {logging_mixin.py:188} INFO - [2026-04-28T20:11:08.402+0000] {dag.py:3954} INFO - Setting next_dagrun for example_sensors to None, run_after=None
[2026-04-28T20:11:08.422+0000] {processor.py:183} INFO - Processing /home/airflow/.local/lib/python3.12/site-packages/airflow/example_dags/example_sensors.py took 0.094 seconds
[2026-04-28T20:11:38.551+0000] {processor.py:161} INFO - Started process (PID=2170) to work on /home/airflow/.local/lib/python3.12/site-packages/airflow/example_dags/example_sensors.py
[2026-04-28T20:11:38.553+0000] {processor.py:830} INFO - Processing file /home/airflow/.local/lib/python3.12/site-packages/airflow/example_dags/example_sensors.py for tasks to queue
[2026-04-28T20:11:38.555+0000] {logging_mixin.py:188} INFO - [2026-04-28T20:11:38.555+0000] {dagbag.py:540} INFO - Filling up the DagBag from /home/airflow/.local/lib/python3.12/site-packages/airflow/example_dags/example_sensors.py
[2026-04-28T20:11:38.566+0000] {processor.py:840} INFO - DAG(s) 'example_sensors' retrieved from /home/airflow/.local/lib/python3.12/site-packages/airflow/example_dags/example_sensors.py
[2026-04-28T20:11:38.613+0000] {logging_mixin.py:188} INFO - [2026-04-28T20:11:38.612+0000] {dag.py:3096} INFO - Sync 1 DAGs
[2026-04-28T20:11:38.638+0000] {logging_mixin.py:188} INFO - [2026-04-28T20:11:38.638+0000] {dag.py:3954} INFO - Setting next_dagrun for example_sensors to None, run_after=None
[2026-04-28T20:11:38.704+0000] {processor.py:183} INFO - Processing /home/airflow/.local/lib/python3.12/site-packages/airflow/example_dags/example_sensors.py took 0.162 seconds
[2026-04-28T20:12:09.422+0000] {processor.py:161} INFO - Started process (PID=2230) to work on /home/airflow/.local/lib/python3.12/site-packages/airflow/example_dags/example_sensors.py
[2026-04-28T20:12:09.429+0000] {processor.py:830} INFO - Processing file /home/airflow/.local/lib/python3.12/site-packages/airflow/example_dags/example_sensors.py for tasks to queue
[2026-04-28T20:12:09.437+0000] {logging_mixin.py:188} INFO - [2026-04-28T20:12:09.437+0000] {dagbag.py:540} INFO - Filling up the DagBag from /home/airflow/.local/lib/python3.12/site-packages/airflow/example_dags/example_sensors.py
[2026-04-28T20:12:09.477+0000] {processor.py:840} INFO - DAG(s) 'example_sensors' retrieved from /home/airflow/.local/lib/python3.12/site-packages/airflow/example_dags/example_sensors.py
[2026-04-28T20:12:09.523+0000] {logging_mixin.py:188} INFO - [2026-04-28T20:12:09.522+0000] {dag.py:3096} INFO - Sync 1 DAGs
[2026-04-28T20:12:09.560+0000] {logging_mixin.py:188} INFO - [2026-04-28T20:12:09.559+0000] {dag.py:3954} INFO - Setting next_dagrun for example_sensors to None, run_after=None
[2026-04-28T20:12:09.653+0000] {processor.py:183} INFO - Processing /home/airflow/.local/lib/python3.12/site-packages/airflow/example_dags/example_sensors.py took 0.261 seconds
[2026-04-28T20:12:40.619+0000] {processor.py:161} INFO - Started process (PID=2290) to work on /home/airflow/.local/lib/python3.12/site-packages/airflow/example_dags/example_sensors.py
[2026-04-28T20:12:40.621+0000] {processor.py:830} INFO - Processing file /home/airflow/.local/lib/python3.12/site-packages/airflow/example_dags/example_sensors.py for tasks to queue
[2026-04-28T20:12:40.623+0000] {logging_mixin.py:188} INFO - [2026-04-28T20:12:40.623+0000] {dagbag.py:540} INFO - Filling up the DagBag from /home/airflow/.local/lib/python3.12/site-packages/airflow/example_dags/example_sensors.py
[2026-04-28T20:12:40.635+0000] {processor.py:840} INFO - DAG(s) 'example_sensors' retrieved from /home/airflow/.local/lib/python3.12/site-packages/airflow/example_dags/example_sensors.py
[2026-04-28T20:12:40.694+0000] {logging_mixin.py:188} INFO - [2026-04-28T20:12:40.694+0000] {dag.py:3096} INFO - Sync 1 DAGs
[2026-04-28T20:12:40.713+0000] {logging_mixin.py:188} INFO - [2026-04-28T20:12:40.712+0000] {dag.py:3954} INFO - Setting next_dagrun for example_sensors to None, run_after=None
[2026-04-28T20:12:40.750+0000] {processor.py:183} INFO - Processing /home/airflow/.local/lib/python3.12/site-packages/airflow/example_dags/example_sensors.py took 0.140 seconds
[2026-04-28T20:13:11.370+0000] {processor.py:161} INFO - Started process (PID=2349) to work on /home/airflow/.local/lib/python3.12/site-packages/airflow/example_dags/example_sensors.py
[2026-04-28T20:13:11.371+0000] {processor.py:830} INFO - Processing file /home/airflow/.local/lib/python3.12/site-packages/airflow/example_dags/example_sensors.py for tasks to queue
[2026-04-28T20:13:11.377+0000] {logging_mixin.py:188} INFO - [2026-04-28T20:13:11.374+0000] {dagbag.py:540} INFO - Filling up the DagBag from /home/airflow/.local/lib/python3.12/site-packages/airflow/example_dags/example_sensors.py
[2026-04-28T20:13:11.404+0000] {processor.py:840} INFO - DAG(s) 'example_sensors' retrieved from /home/airflow/.local/lib/python3.12/site-packages/airflow/example_dags/example_sensors.py
[2026-04-28T20:13:11.441+0000] {logging_mixin.py:188} INFO - [2026-04-28T20:13:11.440+0000] {dag.py:3096} INFO - Sync 1 DAGs
[2026-04-28T20:13:11.464+0000] {logging_mixin.py:188} INFO - [2026-04-28T20:13:11.464+0000] {dag.py:3954} INFO - Setting next_dagrun for example_sensors to None, run_after=None
[2026-04-28T20:13:11.486+0000] {processor.py:183} INFO - Processing /home/airflow/.local/lib/python3.12/site-packages/airflow/example_dags/example_sensors.py took 0.124 seconds
[2026-04-28T20:13:41.995+0000] {processor.py:161} INFO - Started process (PID=2410) to work on /home/airflow/.local/lib/python3.12/site-packages/airflow/example_dags/example_sensors.py
[2026-04-28T20:13:41.997+0000] {processor.py:830} INFO - Processing file /home/airflow/.local/lib/python3.12/site-packages/airflow/example_dags/example_sensors.py for tasks to queue
[2026-04-28T20:13:42.009+0000] {logging_mixin.py:188} INFO - [2026-04-28T20:13:42.009+0000] {dagbag.py:540} INFO - Filling up the DagBag from /home/airflow/.local/lib/python3.12/site-packages/airflow/example_dags/example_sensors.py
[2026-04-28T20:13:42.028+0000] {processor.py:840} INFO - DAG(s) 'example_sensors' retrieved from /home/airflow/.local/lib/python3.12/site-packages/airflow/example_dags/example_sensors.py
[2026-04-28T20:13:42.114+0000] {logging_mixin.py:188} INFO - [2026-04-28T20:13:42.114+0000] {dag.py:3096} INFO - Sync 1 DAGs
[2026-04-28T20:13:42.137+0000] {logging_mixin.py:188} INFO - [2026-04-28T20:13:42.136+0000] {dag.py:3954} INFO - Setting next_dagrun for example_sensors to None, run_after=None
[2026-04-28T20:13:42.186+0000] {processor.py:183} INFO - Processing /home/airflow/.local/lib/python3.12/site-packages/airflow/example_dags/example_sensors.py took 0.210 seconds
[2026-04-28T20:14:13.254+0000] {processor.py:161} INFO - Started process (PID=2471) to work on /home/airflow/.local/lib/python3.12/site-packages/airflow/example_dags/example_sensors.py
[2026-04-28T20:14:13.256+0000] {processor.py:830} INFO - Processing file /home/airflow/.local/lib/python3.12/site-packages/airflow/example_dags/example_sensors.py for tasks to queue
[2026-04-28T20:14:13.258+0000] {logging_mixin.py:188} INFO - [2026-04-28T20:14:13.258+0000] {dagbag.py:540} INFO - Filling up the DagBag from /home/airflow/.local/lib/python3.12/site-packages/airflow/example_dags/example_sensors.py
[2026-04-28T20:14:13.280+0000] {processor.py:840} INFO - DAG(s) 'example_sensors' retrieved from /home/airflow/.local/lib/python3.12/site-packages/airflow/example_dags/example_sensors.py
[2026-04-28T20:14:13.323+0000] {logging_mixin.py:188} INFO - [2026-04-28T20:14:13.323+0000] {dag.py:3096} INFO - Sync 1 DAGs
[2026-04-28T20:14:13.344+0000] {logging_mixin.py:188} INFO - [2026-04-28T20:14:13.343+0000] {dag.py:3954} INFO - Setting next_dagrun for example_sensors to None, run_after=None
[2026-04-28T20:14:13.374+0000] {processor.py:183} INFO - Processing /home/airflow/.local/lib/python3.12/site-packages/airflow/example_dags/example_sensors.py took 0.135 seconds
[2026-04-28T20:14:44.330+0000] {processor.py:161} INFO - Started process (PID=2532) to work on /home/airflow/.local/lib/python3.12/site-packages/airflow/example_dags/example_sensors.py
[2026-04-28T20:14:44.332+0000] {processor.py:830} INFO - Processing file /home/airflow/.local/lib/python3.12/site-packages/airflow/example_dags/example_sensors.py for tasks to queue
[2026-04-28T20:14:44.336+0000] {logging_mixin.py:188} INFO - [2026-04-28T20:14:44.335+0000] {dagbag.py:540} INFO - Filling up the DagBag from /home/airflow/.local/lib/python3.12/site-packages/airflow/example_dags/example_sensors.py
[2026-04-28T20:14:44.360+0000] {processor.py:840} INFO - DAG(s) 'example_sensors' retrieved from /home/airflow/.local/lib/python3.12/site-packages/airflow/example_dags/example_sensors.py
[2026-04-28T20:14:44.402+0000] {logging_mixin.py:188} INFO - [2026-04-28T20:14:44.401+0000] {dag.py:3096} INFO - Sync 1 DAGs
[2026-04-28T20:14:44.418+0000] {logging_mixin.py:188} INFO - [2026-04-28T20:14:44.418+0000] {dag.py:3954} INFO - Setting next_dagrun for example_sensors to None, run_after=None
[2026-04-28T20:14:44.445+0000] {processor.py:183} INFO - Processing /home/airflow/.local/lib/python3.12/site-packages/airflow/example_dags/example_sensors.py took 0.131 seconds
[2026-04-28T20:15:15.358+0000] {processor.py:161} INFO - Started process (PID=2591) to work on /home/airflow/.local/lib/python3.12/site-packages/airflow/example_dags/example_sensors.py
[2026-04-28T20:15:15.360+0000] {processor.py:830} INFO - Processing file /home/airflow/.local/lib/python3.12/site-packages/airflow/example_dags/example_sensors.py for tasks to queue
[2026-04-28T20:15:15.362+0000] {logging_mixin.py:188} INFO - [2026-04-28T20:15:15.362+0000] {dagbag.py:540} INFO - Filling up the DagBag from /home/airflow/.local/lib/python3.12/site-packages/airflow/example_dags/example_sensors.py
[2026-04-28T20:15:15.374+0000] {processor.py:840} INFO - DAG(s) 'example_sensors' retrieved from /home/airflow/.local/lib/python3.12/site-packages/airflow/example_dags/example_sensors.py
[2026-04-28T20:15:15.407+0000] {logging_mixin.py:188} INFO - [2026-04-28T20:15:15.406+0000] {dag.py:3096} INFO - Sync 1 DAGs
[2026-04-28T20:15:15.427+0000] {logging_mixin.py:188} INFO - [2026-04-28T20:15:15.426+0000] {dag.py:3954} INFO - Setting next_dagrun for example_sensors to None, run_after=None
[2026-04-28T20:15:15.448+0000] {processor.py:183} INFO - Processing /home/airflow/.local/lib/python3.12/site-packages/airflow/example_dags/example_sensors.py took 0.097 seconds
[2026-04-28T20:15:45.636+0000] {processor.py:161} INFO - Started process (PID=2651) to work on /home/airflow/.local/lib/python3.12/site-packages/airflow/example_dags/example_sensors.py
[2026-04-28T20:15:45.637+0000] {processor.py:830} INFO - Processing file /home/airflow/.local/lib/python3.12/site-packages/airflow/example_dags/example_sensors.py for tasks to queue
[2026-04-28T20:15:45.639+0000] {logging_mixin.py:188} INFO - [2026-04-28T20:15:45.639+0000] {dagbag.py:540} INFO - Filling up the DagBag from /home/airflow/.local/lib/python3.12/site-packages/airflow/example_dags/example_sensors.py
[2026-04-28T20:15:45.651+0000] {processor.py:840} INFO - DAG(s) 'example_sensors' retrieved from /home/airflow/.local/lib/python3.12/site-packages/airflow/example_dags/example_sensors.py
[2026-04-28T20:15:45.685+0000] {logging_mixin.py:188} INFO - [2026-04-28T20:15:45.685+0000] {dag.py:3096} INFO - Sync 1 DAGs
[2026-04-28T20:15:45.700+0000] {logging_mixin.py:188} INFO - [2026-04-28T20:15:45.699+0000] {dag.py:3954} INFO - Setting next_dagrun for example_sensors to None, run_after=None
[2026-04-28T20:15:45.721+0000] {processor.py:183} INFO - Processing /home/airflow/.local/lib/python3.12/site-packages/airflow/example_dags/example_sensors.py took 0.092 seconds
[2026-04-28T20:16:16.182+0000] {processor.py:161} INFO - Started process (PID=2711) to work on /home/airflow/.local/lib/python3.12/site-packages/airflow/example_dags/example_sensors.py
[2026-04-28T20:16:16.185+0000] {processor.py:830} INFO - Processing file /home/airflow/.local/lib/python3.12/site-packages/airflow/example_dags/example_sensors.py for tasks to queue
[2026-04-28T20:16:16.190+0000] {logging_mixin.py:188} INFO - [2026-04-28T20:16:16.190+0000] {dagbag.py:540} INFO - Filling up the DagBag from /home/airflow/.local/lib/python3.12/site-packages/airflow/example_dags/example_sensors.py
[2026-04-28T20:16:16.224+0000] {processor.py:840} INFO - DAG(s) 'example_sensors' retrieved from /home/airflow/.local/lib/python3.12/site-packages/airflow/example_dags/example_sensors.py
[2026-04-28T20:16:16.274+0000] {logging_mixin.py:188} INFO - [2026-04-28T20:16:16.274+0000] {dag.py:3096} INFO - Sync 1 DAGs
[2026-04-28T20:16:16.293+0000] {logging_mixin.py:188} INFO - [2026-04-28T20:16:16.293+0000] {dag.py:3954} INFO - Setting next_dagrun for example_sensors to None, run_after=None
[2026-04-28T20:16:16.318+0000] {processor.py:183} INFO - Processing /home/airflow/.local/lib/python3.12/site-packages/airflow/example_dags/example_sensors.py took 0.147 seconds
[2026-04-28T20:16:46.744+0000] {processor.py:161} INFO - Started process (PID=2771) to work on /home/airflow/.local/lib/python3.12/site-packages/airflow/example_dags/example_sensors.py
[2026-04-28T20:16:46.747+0000] {processor.py:830} INFO - Processing file /home/airflow/.local/lib/python3.12/site-packages/airflow/example_dags/example_sensors.py for tasks to queue
[2026-04-28T20:16:46.754+0000] {logging_mixin.py:188} INFO - [2026-04-28T20:16:46.753+0000] {dagbag.py:540} INFO - Filling up the DagBag from /home/airflow/.local/lib/python3.12/site-packages/airflow/example_dags/example_sensors.py
[2026-04-28T20:16:46.803+0000] {processor.py:840} INFO - DAG(s) 'example_sensors' retrieved from /home/airflow/.local/lib/python3.12/site-packages/airflow/example_dags/example_sensors.py
[2026-04-28T20:16:46.868+0000] {logging_mixin.py:188} INFO - [2026-04-28T20:16:46.868+0000] {dag.py:3096} INFO - Sync 1 DAGs
[2026-04-28T20:16:46.898+0000] {logging_mixin.py:188} INFO - [2026-04-28T20:16:46.898+0000] {dag.py:3954} INFO - Setting next_dagrun for example_sensors to None, run_after=None
[2026-04-28T20:16:46.941+0000] {processor.py:183} INFO - Processing /home/airflow/.local/lib/python3.12/site-packages/airflow/example_dags/example_sensors.py took 0.216 seconds
[2026-04-28T20:17:17.134+0000] {processor.py:161} INFO - Started process (PID=2831) to work on /home/airflow/.local/lib/python3.12/site-packages/airflow/example_dags/example_sensors.py
[2026-04-28T20:17:17.137+0000] {processor.py:830} INFO - Processing file /home/airflow/.local/lib/python3.12/site-packages/airflow/example_dags/example_sensors.py for tasks to queue
[2026-04-28T20:17:17.140+0000] {logging_mixin.py:188} INFO - [2026-04-28T20:17:17.139+0000] {dagbag.py:540} INFO - Filling up the DagBag from /home/airflow/.local/lib/python3.12/site-packages/airflow/example_dags/example_sensors.py
[2026-04-28T20:17:17.169+0000] {processor.py:840} INFO - DAG(s) 'example_sensors' retrieved from /home/airflow/.local/lib/python3.12/site-packages/airflow/example_dags/example_sensors.py
[2026-04-28T20:17:17.250+0000] {logging_mixin.py:188} INFO - [2026-04-28T20:17:17.250+0000] {dag.py:3096} INFO - Sync 1 DAGs
[2026-04-28T20:17:17.277+0000] {logging_mixin.py:188} INFO - [2026-04-28T20:17:17.277+0000] {dag.py:3954} INFO - Setting next_dagrun for example_sensors to None, run_after=None
[2026-04-28T20:17:17.446+0000] {processor.py:183} INFO - Processing /home/airflow/.local/lib/python3.12/site-packages/airflow/example_dags/example_sensors.py took 0.325 seconds
[2026-04-28T20:17:47.932+0000] {processor.py:161} INFO - Started process (PID=2891) to work on /home/airflow/.local/lib/python3.12/site-packages/airflow/example_dags/example_sensors.py
[2026-04-28T20:17:47.933+0000] {processor.py:830} INFO - Processing file /home/airflow/.local/lib/python3.12/site-packages/airflow/example_dags/example_sensors.py for tasks to queue
[2026-04-28T20:17:47.935+0000] {logging_mixin.py:188} INFO - [2026-04-28T20:17:47.935+0000] {dagbag.py:540} INFO - Filling up the DagBag from /home/airflow/.local/lib/python3.12/site-packages/airflow/example_dags/example_sensors.py
[2026-04-28T20:17:47.947+0000] {processor.py:840} INFO - DAG(s) 'example_sensors' retrieved from /home/airflow/.local/lib/python3.12/site-packages/airflow/example_dags/example_sensors.py
[2026-04-28T20:17:47.981+0000] {logging_mixin.py:188} INFO - [2026-04-28T20:17:47.980+0000] {dag.py:3096} INFO - Sync 1 DAGs
[2026-04-28T20:17:47.995+0000] {logging_mixin.py:188} INFO - [2026-04-28T20:17:47.995+0000] {dag.py:3954} INFO - Setting next_dagrun for example_sensors to None, run_after=None
[2026-04-28T20:17:48.018+0000] {processor.py:183} INFO - Processing /home/airflow/.local/lib/python3.12/site-packages/airflow/example_dags/example_sensors.py took 0.093 seconds
[2026-04-28T20:18:18.501+0000] {processor.py:161} INFO - Started process (PID=2951) to work on /home/airflow/.local/lib/python3.12/site-packages/airflow/example_dags/example_sensors.py
[2026-04-28T20:18:18.503+0000] {processor.py:830} INFO - Processing file /home/airflow/.local/lib/python3.12/site-packages/airflow/example_dags/example_sensors.py for tasks to queue
[2026-04-28T20:18:18.508+0000] {logging_mixin.py:188} INFO - [2026-04-28T20:18:18.508+0000] {dagbag.py:540} INFO - Filling up the DagBag from /home/airflow/.local/lib/python3.12/site-packages/airflow/example_dags/example_sensors.py
[2026-04-28T20:18:18.525+0000] {processor.py:840} INFO - DAG(s) 'example_sensors' retrieved from /home/airflow/.local/lib/python3.12/site-packages/airflow/example_dags/example_sensors.py
[2026-04-28T20:18:18.558+0000] {logging_mixin.py:188} INFO - [2026-04-28T20:18:18.558+0000] {dag.py:3096} INFO - Sync 1 DAGs
[2026-04-28T20:18:18.573+0000] {logging_mixin.py:188} INFO - [2026-04-28T20:18:18.572+0000] {dag.py:3954} INFO - Setting next_dagrun for example_sensors to None, run_after=None
[2026-04-28T20:18:18.594+0000] {processor.py:183} INFO - Processing /home/airflow/.local/lib/python3.12/site-packages/airflow/example_dags/example_sensors.py took 0.103 seconds
[2026-04-28T20:18:48.913+0000] {processor.py:161} INFO - Started process (PID=3010) to work on /home/airflow/.local/lib/python3.12/site-packages/airflow/example_dags/example_sensors.py
[2026-04-28T20:18:48.914+0000] {processor.py:830} INFO - Processing file /home/airflow/.local/lib/python3.12/site-packages/airflow/example_dags/example_sensors.py for tasks to queue
[2026-04-28T20:18:48.916+0000] {logging_mixin.py:188} INFO - [2026-04-28T20:18:48.916+0000] {dagbag.py:540} INFO - Filling up the DagBag from /home/airflow/.local/lib/python3.12/site-packages/airflow/example_dags/example_sensors.py
[2026-04-28T20:18:48.939+0000] {processor.py:840} INFO - DAG(s) 'example_sensors' retrieved from /home/airflow/.local/lib/python3.12/site-packages/airflow/example_dags/example_sensors.py
[2026-04-28T20:18:48.978+0000] {logging_mixin.py:188} INFO - [2026-04-28T20:18:48.978+0000] {dag.py:3096} INFO - Sync 1 DAGs
[2026-04-28T20:18:48.995+0000] {logging_mixin.py:188} INFO - [2026-04-28T20:18:48.995+0000] {dag.py:3954} INFO - Setting next_dagrun for example_sensors to None, run_after=None
[2026-04-28T20:18:49.018+0000] {processor.py:183} INFO - Processing /home/airflow/.local/lib/python3.12/site-packages/airflow/example_dags/example_sensors.py took 0.116 seconds
[2026-04-28T20:19:19.933+0000] {processor.py:161} INFO - Started process (PID=3070) to work on /home/airflow/.local/lib/python3.12/site-packages/airflow/example_dags/example_sensors.py
[2026-04-28T20:19:19.934+0000] {processor.py:830} INFO - Processing file /home/airflow/.local/lib/python3.12/site-packages/airflow/example_dags/example_sensors.py for tasks to queue
[2026-04-28T20:19:19.936+0000] {logging_mixin.py:188} INFO - [2026-04-28T20:19:19.935+0000] {dagbag.py:540} INFO - Filling up the DagBag from /home/airflow/.local/lib/python3.12/site-packages/airflow/example_dags/example_sensors.py
[2026-04-28T20:19:19.946+0000] {processor.py:840} INFO - DAG(s) 'example_sensors' retrieved from /home/airflow/.local/lib/python3.12/site-packages/airflow/example_dags/example_sensors.py
[2026-04-28T20:19:19.979+0000] {logging_mixin.py:188} INFO - [2026-04-28T20:19:19.979+0000] {dag.py:3096} INFO - Sync 1 DAGs
[2026-04-28T20:19:19.996+0000] {logging_mixin.py:188} INFO - [2026-04-28T20:19:19.996+0000] {dag.py:3954} INFO - Setting next_dagrun for example_sensors to None, run_after=None
[2026-04-28T20:19:20.018+0000] {processor.py:183} INFO - Processing /home/airflow/.local/lib/python3.12/site-packages/airflow/example_dags/example_sensors.py took 0.092 seconds
[2026-04-28T20:19:50.745+0000] {processor.py:161} INFO - Started process (PID=3130) to work on /home/airflow/.local/lib/python3.12/site-packages/airflow/example_dags/example_sensors.py
[2026-04-28T20:19:50.748+0000] {processor.py:830} INFO - Processing file /home/airflow/.local/lib/python3.12/site-packages/airflow/example_dags/example_sensors.py for tasks to queue
[2026-04-28T20:19:50.752+0000] {logging_mixin.py:188} INFO - [2026-04-28T20:19:50.752+0000] {dagbag.py:540} INFO - Filling up the DagBag from /home/airflow/.local/lib/python3.12/site-packages/airflow/example_dags/example_sensors.py
[2026-04-28T20:19:50.773+0000] {processor.py:840} INFO - DAG(s) 'example_sensors' retrieved from /home/airflow/.local/lib/python3.12/site-packages/airflow/example_dags/example_sensors.py
[2026-04-28T20:19:50.822+0000] {logging_mixin.py:188} INFO - [2026-04-28T20:19:50.821+0000] {dag.py:3096} INFO - Sync 1 DAGs
[2026-04-28T20:19:50.837+0000] {logging_mixin.py:188} INFO - [2026-04-28T20:19:50.837+0000] {dag.py:3954} INFO - Setting next_dagrun for example_sensors to None, run_after=None
[2026-04-28T20:19:50.870+0000] {processor.py:183} INFO - Processing /home/airflow/.local/lib/python3.12/site-packages/airflow/example_dags/example_sensors.py took 0.141 seconds
[2026-04-28T20:20:21.144+0000] {processor.py:161} INFO - Started process (PID=3190) to work on /home/airflow/.local/lib/python3.12/site-packages/airflow/example_dags/example_sensors.py
[2026-04-28T20:20:21.147+0000] {processor.py:830} INFO - Processing file /home/airflow/.local/lib/python3.12/site-packages/airflow/example_dags/example_sensors.py for tasks to queue
[2026-04-28T20:20:21.149+0000] {logging_mixin.py:188} INFO - [2026-04-28T20:20:21.149+0000] {dagbag.py:540} INFO - Filling up the DagBag from /home/airflow/.local/lib/python3.12/site-packages/airflow/example_dags/example_sensors.py
[2026-04-28T20:20:21.181+0000] {processor.py:840} INFO - DAG(s) 'example_sensors' retrieved from /home/airflow/.local/lib/python3.12/site-packages/airflow/example_dags/example_sensors.py
[2026-04-28T20:20:21.231+0000] {logging_mixin.py:188} INFO - [2026-04-28T20:20:21.231+0000] {dag.py:3096} INFO - Sync 1 DAGs
[2026-04-28T20:20:21.251+0000] {logging_mixin.py:188} INFO - [2026-04-28T20:20:21.251+0000] {dag.py:3954} INFO - Setting next_dagrun for example_sensors to None, run_after=None
[2026-04-28T20:20:21.269+0000] {processor.py:183} INFO - Processing /home/airflow/.local/lib/python3.12/site-packages/airflow/example_dags/example_sensors.py took 0.149 seconds
[2026-04-28T20:20:51.523+0000] {processor.py:161} INFO - Started process (PID=3250) to work on /home/airflow/.local/lib/python3.12/site-packages/airflow/example_dags/example_sensors.py
[2026-04-28T20:20:51.524+0000] {processor.py:830} INFO - Processing file /home/airflow/.local/lib/python3.12/site-packages/airflow/example_dags/example_sensors.py for tasks to queue
[2026-04-28T20:20:51.526+0000] {logging_mixin.py:188} INFO - [2026-04-28T20:20:51.526+0000] {dagbag.py:540} INFO - Filling up the DagBag from /home/airflow/.local/lib/python3.12/site-packages/airflow/example_dags/example_sensors.py
[2026-04-28T20:20:51.537+0000] {processor.py:840} INFO - DAG(s) 'example_sensors' retrieved from /home/airflow/.local/lib/python3.12/site-packages/airflow/example_dags/example_sensors.py
[2026-04-28T20:20:51.569+0000] {logging_mixin.py:188} INFO - [2026-04-28T20:20:51.569+0000] {dag.py:3096} INFO - Sync 1 DAGs
[2026-04-28T20:20:51.583+0000] {logging_mixin.py:188} INFO - [2026-04-28T20:20:51.583+0000] {dag.py:3954} INFO - Setting next_dagrun for example_sensors to None, run_after=None
[2026-04-28T20:20:51.609+0000] {processor.py:183} INFO - Processing /home/airflow/.local/lib/python3.12/site-packages/airflow/example_dags/example_sensors.py took 0.092 seconds
[2026-04-28T20:21:29.233+0000] {processor.py:161} INFO - Started process (PID=3316) to work on /home/airflow/.local/lib/python3.12/site-packages/airflow/example_dags/example_sensors.py
[2026-04-28T20:21:29.241+0000] {processor.py:830} INFO - Processing file /home/airflow/.local/lib/python3.12/site-packages/airflow/example_dags/example_sensors.py for tasks to queue
[2026-04-28T20:21:29.244+0000] {logging_mixin.py:188} INFO - [2026-04-28T20:21:29.243+0000] {dagbag.py:540} INFO - Filling up the DagBag from /home/airflow/.local/lib/python3.12/site-packages/airflow/example_dags/example_sensors.py
[2026-04-28T20:21:29.290+0000] {processor.py:840} INFO - DAG(s) 'example_sensors' retrieved from /home/airflow/.local/lib/python3.12/site-packages/airflow/example_dags/example_sensors.py
[2026-04-28T20:21:29.338+0000] {logging_mixin.py:188} INFO - [2026-04-28T20:21:29.338+0000] {dag.py:3096} INFO - Sync 1 DAGs
[2026-04-28T20:21:29.355+0000] {logging_mixin.py:188} INFO - [2026-04-28T20:21:29.355+0000] {dag.py:3954} INFO - Setting next_dagrun for example_sensors to None, run_after=None
[2026-04-28T20:21:29.404+0000] {processor.py:183} INFO - Processing /home/airflow/.local/lib/python3.12/site-packages/airflow/example_dags/example_sensors.py took 0.186 seconds
[2026-04-28T20:32:32.602+0000] {processor.py:161} INFO - Started process (PID=199) to work on /home/airflow/.local/lib/python3.12/site-packages/airflow/example_dags/example_sensors.py
[2026-04-28T20:32:32.612+0000] {processor.py:830} INFO - Processing file /home/airflow/.local/lib/python3.12/site-packages/airflow/example_dags/example_sensors.py for tasks to queue
[2026-04-28T20:32:32.627+0000] {logging_mixin.py:188} INFO - [2026-04-28T20:32:32.627+0000] {dagbag.py:540} INFO - Filling up the DagBag from /home/airflow/.local/lib/python3.12/site-packages/airflow/example_dags/example_sensors.py
[2026-04-28T20:32:32.652+0000] {processor.py:840} INFO - DAG(s) 'example_sensors' retrieved from /home/airflow/.local/lib/python3.12/site-packages/airflow/example_dags/example_sensors.py
[2026-04-28T20:32:33.033+0000] {logging_mixin.py:188} INFO - [2026-04-28T20:32:33.031+0000] {dag.py:3096} INFO - Sync 1 DAGs
[2026-04-28T20:32:33.061+0000] {logging_mixin.py:188} INFO - [2026-04-28T20:32:33.061+0000] {dag.py:3954} INFO - Setting next_dagrun for example_sensors to None, run_after=None
[2026-04-28T20:32:33.912+0000] {processor.py:183} INFO - Processing /home/airflow/.local/lib/python3.12/site-packages/airflow/example_dags/example_sensors.py took 1.337 seconds
[2026-04-28T20:33:15.424+0000] {processor.py:161} INFO - Started process (PID=259) to work on /home/airflow/.local/lib/python3.12/site-packages/airflow/example_dags/example_sensors.py
[2026-04-28T20:33:15.433+0000] {processor.py:830} INFO - Processing file /home/airflow/.local/lib/python3.12/site-packages/airflow/example_dags/example_sensors.py for tasks to queue
[2026-04-28T20:33:15.448+0000] {logging_mixin.py:188} INFO - [2026-04-28T20:33:15.446+0000] {dagbag.py:540} INFO - Filling up the DagBag from /home/airflow/.local/lib/python3.12/site-packages/airflow/example_dags/example_sensors.py
[2026-04-28T20:33:15.585+0000] {processor.py:840} INFO - DAG(s) 'example_sensors' retrieved from /home/airflow/.local/lib/python3.12/site-packages/airflow/example_dags/example_sensors.py
[2026-04-28T20:33:15.692+0000] {logging_mixin.py:188} INFO - [2026-04-28T20:33:15.691+0000] {dag.py:3096} INFO - Sync 1 DAGs
[2026-04-28T20:33:15.753+0000] {logging_mixin.py:188} INFO - [2026-04-28T20:33:15.748+0000] {dag.py:3954} INFO - Setting next_dagrun for example_sensors to None, run_after=None
[2026-04-28T20:33:15.887+0000] {processor.py:183} INFO - Processing /home/airflow/.local/lib/python3.12/site-packages/airflow/example_dags/example_sensors.py took 0.534 seconds
[2026-04-28T20:33:47.516+0000] {processor.py:161} INFO - Started process (PID=319) to work on /home/airflow/.local/lib/python3.12/site-packages/airflow/example_dags/example_sensors.py
[2026-04-28T20:33:47.521+0000] {processor.py:830} INFO - Processing file /home/airflow/.local/lib/python3.12/site-packages/airflow/example_dags/example_sensors.py for tasks to queue
[2026-04-28T20:33:47.573+0000] {logging_mixin.py:188} INFO - [2026-04-28T20:33:47.562+0000] {dagbag.py:540} INFO - Filling up the DagBag from /home/airflow/.local/lib/python3.12/site-packages/airflow/example_dags/example_sensors.py
[2026-04-28T20:33:47.676+0000] {processor.py:840} INFO - DAG(s) 'example_sensors' retrieved from /home/airflow/.local/lib/python3.12/site-packages/airflow/example_dags/example_sensors.py
[2026-04-28T20:33:48.102+0000] {logging_mixin.py:188} INFO - [2026-04-28T20:33:48.102+0000] {dag.py:3096} INFO - Sync 1 DAGs
[2026-04-28T20:33:48.195+0000] {logging_mixin.py:188} INFO - [2026-04-28T20:33:48.195+0000] {dag.py:3954} INFO - Setting next_dagrun for example_sensors to None, run_after=None
[2026-04-28T20:33:48.291+0000] {processor.py:183} INFO - Processing /home/airflow/.local/lib/python3.12/site-packages/airflow/example_dags/example_sensors.py took 0.816 seconds
[2026-04-28T20:34:18.516+0000] {processor.py:161} INFO - Started process (PID=379) to work on /home/airflow/.local/lib/python3.12/site-packages/airflow/example_dags/example_sensors.py
[2026-04-28T20:34:18.524+0000] {processor.py:830} INFO - Processing file /home/airflow/.local/lib/python3.12/site-packages/airflow/example_dags/example_sensors.py for tasks to queue
[2026-04-28T20:34:18.529+0000] {logging_mixin.py:188} INFO - [2026-04-28T20:34:18.528+0000] {dagbag.py:540} INFO - Filling up the DagBag from /home/airflow/.local/lib/python3.12/site-packages/airflow/example_dags/example_sensors.py
[2026-04-28T20:34:18.570+0000] {processor.py:840} INFO - DAG(s) 'example_sensors' retrieved from /home/airflow/.local/lib/python3.12/site-packages/airflow/example_dags/example_sensors.py
[2026-04-28T20:34:18.652+0000] {logging_mixin.py:188} INFO - [2026-04-28T20:34:18.652+0000] {dag.py:3096} INFO - Sync 1 DAGs
[2026-04-28T20:34:18.675+0000] {logging_mixin.py:188} INFO - [2026-04-28T20:34:18.674+0000] {dag.py:3954} INFO - Setting next_dagrun for example_sensors to None, run_after=None
[2026-04-28T20:34:18.733+0000] {processor.py:183} INFO - Processing /home/airflow/.local/lib/python3.12/site-packages/airflow/example_dags/example_sensors.py took 0.245 seconds
[2026-04-28T20:34:50.315+0000] {processor.py:161} INFO - Started process (PID=439) to work on /home/airflow/.local/lib/python3.12/site-packages/airflow/example_dags/example_sensors.py
[2026-04-28T20:34:50.316+0000] {processor.py:830} INFO - Processing file /home/airflow/.local/lib/python3.12/site-packages/airflow/example_dags/example_sensors.py for tasks to queue
[2026-04-28T20:34:50.318+0000] {logging_mixin.py:188} INFO - [2026-04-28T20:34:50.318+0000] {dagbag.py:540} INFO - Filling up the DagBag from /home/airflow/.local/lib/python3.12/site-packages/airflow/example_dags/example_sensors.py
[2026-04-28T20:34:50.330+0000] {processor.py:840} INFO - DAG(s) 'example_sensors' retrieved from /home/airflow/.local/lib/python3.12/site-packages/airflow/example_dags/example_sensors.py
[2026-04-28T20:34:50.359+0000] {logging_mixin.py:188} INFO - [2026-04-28T20:34:50.359+0000] {dag.py:3096} INFO - Sync 1 DAGs
[2026-04-28T20:34:50.376+0000] {logging_mixin.py:188} INFO - [2026-04-28T20:34:50.375+0000] {dag.py:3954} INFO - Setting next_dagrun for example_sensors to None, run_after=None
[2026-04-28T20:34:50.404+0000] {processor.py:183} INFO - Processing /home/airflow/.local/lib/python3.12/site-packages/airflow/example_dags/example_sensors.py took 0.098 seconds
[2026-04-28T20:47:20.432+0000] {processor.py:161} INFO - Started process (PID=89) to work on /home/airflow/.local/lib/python3.12/site-packages/airflow/example_dags/example_sensors.py
[2026-04-28T20:47:20.443+0000] {processor.py:830} INFO - Processing file /home/airflow/.local/lib/python3.12/site-packages/airflow/example_dags/example_sensors.py for tasks to queue
[2026-04-28T20:47:20.450+0000] {logging_mixin.py:188} INFO - [2026-04-28T20:47:20.449+0000] {dagbag.py:540} INFO - Filling up the DagBag from /home/airflow/.local/lib/python3.12/site-packages/airflow/example_dags/example_sensors.py
[2026-04-28T20:47:20.525+0000] {processor.py:840} INFO - DAG(s) 'example_sensors' retrieved from /home/airflow/.local/lib/python3.12/site-packages/airflow/example_dags/example_sensors.py
[2026-04-28T20:47:20.790+0000] {logging_mixin.py:188} INFO - [2026-04-28T20:47:20.782+0000] {override.py:1829} INFO - Created Permission View: can read on DAG:example_sensors
[2026-04-28T20:47:20.825+0000] {logging_mixin.py:188} INFO - [2026-04-28T20:47:20.825+0000] {override.py:1829} INFO - Created Permission View: can delete on DAG:example_sensors
[2026-04-28T20:47:20.837+0000] {logging_mixin.py:188} INFO - [2026-04-28T20:47:20.837+0000] {override.py:1829} INFO - Created Permission View: can edit on DAG:example_sensors
[2026-04-28T20:47:20.840+0000] {logging_mixin.py:188} INFO - [2026-04-28T20:47:20.840+0000] {dag.py:3096} INFO - Sync 1 DAGs
[2026-04-28T20:47:20.944+0000] {logging_mixin.py:188} INFO - [2026-04-28T20:47:20.938+0000] {dag.py:3118} INFO - Creating ORM DAG for example_sensors
[2026-04-28T20:47:20.949+0000] {logging_mixin.py:188} INFO - [2026-04-28T20:47:20.949+0000] {dag.py:3954} INFO - Setting next_dagrun for example_sensors to None, run_after=None
[2026-04-28T20:47:21.053+0000] {processor.py:183} INFO - Processing /home/airflow/.local/lib/python3.12/site-packages/airflow/example_dags/example_sensors.py took 0.661 seconds
[2026-04-28T20:47:51.877+0000] {processor.py:161} INFO - Started process (PID=156) to work on /home/airflow/.local/lib/python3.12/site-packages/airflow/example_dags/example_sensors.py
[2026-04-28T20:47:51.886+0000] {processor.py:830} INFO - Processing file /home/airflow/.local/lib/python3.12/site-packages/airflow/example_dags/example_sensors.py for tasks to queue
[2026-04-28T20:47:51.892+0000] {logging_mixin.py:188} INFO - [2026-04-28T20:47:51.892+0000] {dagbag.py:540} INFO - Filling up the DagBag from /home/airflow/.local/lib/python3.12/site-packages/airflow/example_dags/example_sensors.py
[2026-04-28T20:47:51.949+0000] {processor.py:840} INFO - DAG(s) 'example_sensors' retrieved from /home/airflow/.local/lib/python3.12/site-packages/airflow/example_dags/example_sensors.py
[2026-04-28T20:47:52.155+0000] {logging_mixin.py:188} INFO - [2026-04-28T20:47:52.155+0000] {dag.py:3096} INFO - Sync 1 DAGs
[2026-04-28T20:47:52.240+0000] {logging_mixin.py:188} INFO - [2026-04-28T20:47:52.238+0000] {dag.py:3954} INFO - Setting next_dagrun for example_sensors to None, run_after=None
[2026-04-28T20:47:52.318+0000] {processor.py:183} INFO - Processing /home/airflow/.local/lib/python3.12/site-packages/airflow/example_dags/example_sensors.py took 0.498 seconds
[2026-04-28T20:48:23.060+0000] {processor.py:161} INFO - Started process (PID=216) to work on /home/airflow/.local/lib/python3.12/site-packages/airflow/example_dags/example_sensors.py
[2026-04-28T20:48:23.065+0000] {processor.py:830} INFO - Processing file /home/airflow/.local/lib/python3.12/site-packages/airflow/example_dags/example_sensors.py for tasks to queue
[2026-04-28T20:48:23.073+0000] {logging_mixin.py:188} INFO - [2026-04-28T20:48:23.072+0000] {dagbag.py:540} INFO - Filling up the DagBag from /home/airflow/.local/lib/python3.12/site-packages/airflow/example_dags/example_sensors.py
[2026-04-28T20:48:23.091+0000] {processor.py:840} INFO - DAG(s) 'example_sensors' retrieved from /home/airflow/.local/lib/python3.12/site-packages/airflow/example_dags/example_sensors.py
[2026-04-28T20:48:23.243+0000] {logging_mixin.py:188} INFO - [2026-04-28T20:48:23.235+0000] {dag.py:3096} INFO - Sync 1 DAGs
[2026-04-28T20:48:23.273+0000] {logging_mixin.py:188} INFO - [2026-04-28T20:48:23.272+0000] {dag.py:3954} INFO - Setting next_dagrun for example_sensors to None, run_after=None
[2026-04-28T20:48:23.295+0000] {processor.py:183} INFO - Processing /home/airflow/.local/lib/python3.12/site-packages/airflow/example_dags/example_sensors.py took 0.257 seconds
[2026-04-28T20:48:54.049+0000] {processor.py:161} INFO - Started process (PID=276) to work on /home/airflow/.local/lib/python3.12/site-packages/airflow/example_dags/example_sensors.py
[2026-04-28T20:48:54.050+0000] {processor.py:830} INFO - Processing file /home/airflow/.local/lib/python3.12/site-packages/airflow/example_dags/example_sensors.py for tasks to queue
[2026-04-28T20:48:54.053+0000] {logging_mixin.py:188} INFO - [2026-04-28T20:48:54.052+0000] {dagbag.py:540} INFO - Filling up the DagBag from /home/airflow/.local/lib/python3.12/site-packages/airflow/example_dags/example_sensors.py
[2026-04-28T20:48:54.064+0000] {processor.py:840} INFO - DAG(s) 'example_sensors' retrieved from /home/airflow/.local/lib/python3.12/site-packages/airflow/example_dags/example_sensors.py
[2026-04-28T20:48:54.100+0000] {logging_mixin.py:188} INFO - [2026-04-28T20:48:54.100+0000] {dag.py:3096} INFO - Sync 1 DAGs
[2026-04-28T20:48:54.116+0000] {logging_mixin.py:188} INFO - [2026-04-28T20:48:54.116+0000] {dag.py:3954} INFO - Setting next_dagrun for example_sensors to None, run_after=None
[2026-04-28T20:48:54.134+0000] {processor.py:183} INFO - Processing /home/airflow/.local/lib/python3.12/site-packages/airflow/example_dags/example_sensors.py took 0.093 seconds
[2026-04-28T20:49:25.020+0000] {processor.py:161} INFO - Started process (PID=336) to work on /home/airflow/.local/lib/python3.12/site-packages/airflow/example_dags/example_sensors.py
[2026-04-28T20:49:25.021+0000] {processor.py:830} INFO - Processing file /home/airflow/.local/lib/python3.12/site-packages/airflow/example_dags/example_sensors.py for tasks to queue
[2026-04-28T20:49:25.023+0000] {logging_mixin.py:188} INFO - [2026-04-28T20:49:25.023+0000] {dagbag.py:540} INFO - Filling up the DagBag from /home/airflow/.local/lib/python3.12/site-packages/airflow/example_dags/example_sensors.py
[2026-04-28T20:49:25.036+0000] {processor.py:840} INFO - DAG(s) 'example_sensors' retrieved from /home/airflow/.local/lib/python3.12/site-packages/airflow/example_dags/example_sensors.py
[2026-04-28T20:49:25.071+0000] {logging_mixin.py:188} INFO - [2026-04-28T20:49:25.070+0000] {dag.py:3096} INFO - Sync 1 DAGs
[2026-04-28T20:49:25.088+0000] {logging_mixin.py:188} INFO - [2026-04-28T20:49:25.088+0000] {dag.py:3954} INFO - Setting next_dagrun for example_sensors to None, run_after=None
[2026-04-28T20:49:25.109+0000] {processor.py:183} INFO - Processing /home/airflow/.local/lib/python3.12/site-packages/airflow/example_dags/example_sensors.py took 0.096 seconds
[2026-04-28T20:49:55.660+0000] {processor.py:161} INFO - Started process (PID=396) to work on /home/airflow/.local/lib/python3.12/site-packages/airflow/example_dags/example_sensors.py
[2026-04-28T20:49:55.664+0000] {processor.py:830} INFO - Processing file /home/airflow/.local/lib/python3.12/site-packages/airflow/example_dags/example_sensors.py for tasks to queue
[2026-04-28T20:49:55.666+0000] {logging_mixin.py:188} INFO - [2026-04-28T20:49:55.666+0000] {dagbag.py:540} INFO - Filling up the DagBag from /home/airflow/.local/lib/python3.12/site-packages/airflow/example_dags/example_sensors.py
[2026-04-28T20:49:55.690+0000] {processor.py:840} INFO - DAG(s) 'example_sensors' retrieved from /home/airflow/.local/lib/python3.12/site-packages/airflow/example_dags/example_sensors.py
[2026-04-28T20:49:55.732+0000] {logging_mixin.py:188} INFO - [2026-04-28T20:49:55.730+0000] {dag.py:3096} INFO - Sync 1 DAGs
[2026-04-28T20:49:55.751+0000] {logging_mixin.py:188} INFO - [2026-04-28T20:49:55.750+0000] {dag.py:3954} INFO - Setting next_dagrun for example_sensors to None, run_after=None
[2026-04-28T20:49:55.808+0000] {processor.py:183} INFO - Processing /home/airflow/.local/lib/python3.12/site-packages/airflow/example_dags/example_sensors.py took 0.156 seconds
[2026-04-28T20:50:26.590+0000] {processor.py:161} INFO - Started process (PID=456) to work on /home/airflow/.local/lib/python3.12/site-packages/airflow/example_dags/example_sensors.py
[2026-04-28T20:50:26.592+0000] {processor.py:830} INFO - Processing file /home/airflow/.local/lib/python3.12/site-packages/airflow/example_dags/example_sensors.py for tasks to queue
[2026-04-28T20:50:26.594+0000] {logging_mixin.py:188} INFO - [2026-04-28T20:50:26.594+0000] {dagbag.py:540} INFO - Filling up the DagBag from /home/airflow/.local/lib/python3.12/site-packages/airflow/example_dags/example_sensors.py
[2026-04-28T20:50:26.606+0000] {processor.py:840} INFO - DAG(s) 'example_sensors' retrieved from /home/airflow/.local/lib/python3.12/site-packages/airflow/example_dags/example_sensors.py
[2026-04-28T20:50:26.637+0000] {logging_mixin.py:188} INFO - [2026-04-28T20:50:26.637+0000] {dag.py:3096} INFO - Sync 1 DAGs
[2026-04-28T20:50:26.661+0000] {logging_mixin.py:188} INFO - [2026-04-28T20:50:26.661+0000] {dag.py:3954} INFO - Setting next_dagrun for example_sensors to None, run_after=None
[2026-04-28T20:50:26.735+0000] {processor.py:183} INFO - Processing /home/airflow/.local/lib/python3.12/site-packages/airflow/example_dags/example_sensors.py took 0.151 seconds
[2026-04-28T20:50:56.860+0000] {processor.py:161} INFO - Started process (PID=516) to work on /home/airflow/.local/lib/python3.12/site-packages/airflow/example_dags/example_sensors.py
[2026-04-28T20:50:56.861+0000] {processor.py:830} INFO - Processing file /home/airflow/.local/lib/python3.12/site-packages/airflow/example_dags/example_sensors.py for tasks to queue
[2026-04-28T20:50:56.862+0000] {logging_mixin.py:188} INFO - [2026-04-28T20:50:56.862+0000] {dagbag.py:540} INFO - Filling up the DagBag from /home/airflow/.local/lib/python3.12/site-packages/airflow/example_dags/example_sensors.py
[2026-04-28T20:50:56.870+0000] {processor.py:840} INFO - DAG(s) 'example_sensors' retrieved from /home/airflow/.local/lib/python3.12/site-packages/airflow/example_dags/example_sensors.py
[2026-04-28T20:50:56.894+0000] {logging_mixin.py:188} INFO - [2026-04-28T20:50:56.894+0000] {dag.py:3096} INFO - Sync 1 DAGs
[2026-04-28T20:50:56.909+0000] {logging_mixin.py:188} INFO - [2026-04-28T20:50:56.909+0000] {dag.py:3954} INFO - Setting next_dagrun for example_sensors to None, run_after=None
[2026-04-28T20:50:56.924+0000] {processor.py:183} INFO - Processing /home/airflow/.local/lib/python3.12/site-packages/airflow/example_dags/example_sensors.py took 0.070 seconds
[2026-04-28T20:51:27.351+0000] {processor.py:161} INFO - Started process (PID=576) to work on /home/airflow/.local/lib/python3.12/site-packages/airflow/example_dags/example_sensors.py
[2026-04-28T20:51:27.352+0000] {processor.py:830} INFO - Processing file /home/airflow/.local/lib/python3.12/site-packages/airflow/example_dags/example_sensors.py for tasks to queue
[2026-04-28T20:51:27.354+0000] {logging_mixin.py:188} INFO - [2026-04-28T20:51:27.354+0000] {dagbag.py:540} INFO - Filling up the DagBag from /home/airflow/.local/lib/python3.12/site-packages/airflow/example_dags/example_sensors.py
[2026-04-28T20:51:27.370+0000] {processor.py:840} INFO - DAG(s) 'example_sensors' retrieved from /home/airflow/.local/lib/python3.12/site-packages/airflow/example_dags/example_sensors.py
[2026-04-28T20:51:27.411+0000] {logging_mixin.py:188} INFO - [2026-04-28T20:51:27.411+0000] {dag.py:3096} INFO - Sync 1 DAGs
[2026-04-28T20:51:27.430+0000] {logging_mixin.py:188} INFO - [2026-04-28T20:51:27.429+0000] {dag.py:3954} INFO - Setting next_dagrun for example_sensors to None, run_after=None
[2026-04-28T20:51:27.447+0000] {processor.py:183} INFO - Processing /home/airflow/.local/lib/python3.12/site-packages/airflow/example_dags/example_sensors.py took 0.103 seconds
[2026-04-28T20:51:57.535+0000] {processor.py:161} INFO - Started process (PID=637) to work on /home/airflow/.local/lib/python3.12/site-packages/airflow/example_dags/example_sensors.py
[2026-04-28T20:51:57.538+0000] {processor.py:830} INFO - Processing file /home/airflow/.local/lib/python3.12/site-packages/airflow/example_dags/example_sensors.py for tasks to queue
[2026-04-28T20:51:57.542+0000] {logging_mixin.py:188} INFO - [2026-04-28T20:51:57.542+0000] {dagbag.py:540} INFO - Filling up the DagBag from /home/airflow/.local/lib/python3.12/site-packages/airflow/example_dags/example_sensors.py
[2026-04-28T20:51:57.561+0000] {processor.py:840} INFO - DAG(s) 'example_sensors' retrieved from /home/airflow/.local/lib/python3.12/site-packages/airflow/example_dags/example_sensors.py
[2026-04-28T20:51:57.637+0000] {logging_mixin.py:188} INFO - [2026-04-28T20:51:57.636+0000] {dag.py:3096} INFO - Sync 1 DAGs
[2026-04-28T20:51:57.654+0000] {logging_mixin.py:188} INFO - [2026-04-28T20:51:57.653+0000] {dag.py:3954} INFO - Setting next_dagrun for example_sensors to None, run_after=None
[2026-04-28T20:51:57.679+0000] {processor.py:183} INFO - Processing /home/airflow/.local/lib/python3.12/site-packages/airflow/example_dags/example_sensors.py took 0.153 seconds
[2026-04-28T20:52:27.816+0000] {processor.py:161} INFO - Started process (PID=697) to work on /home/airflow/.local/lib/python3.12/site-packages/airflow/example_dags/example_sensors.py
[2026-04-28T20:52:27.817+0000] {processor.py:830} INFO - Processing file /home/airflow/.local/lib/python3.12/site-packages/airflow/example_dags/example_sensors.py for tasks to queue
[2026-04-28T20:52:27.819+0000] {logging_mixin.py:188} INFO - [2026-04-28T20:52:27.819+0000] {dagbag.py:540} INFO - Filling up the DagBag from /home/airflow/.local/lib/python3.12/site-packages/airflow/example_dags/example_sensors.py
[2026-04-28T20:52:27.830+0000] {processor.py:840} INFO - DAG(s) 'example_sensors' retrieved from /home/airflow/.local/lib/python3.12/site-packages/airflow/example_dags/example_sensors.py
[2026-04-28T20:52:27.863+0000] {logging_mixin.py:188} INFO - [2026-04-28T20:52:27.863+0000] {dag.py:3096} INFO - Sync 1 DAGs
[2026-04-28T20:52:27.880+0000] {logging_mixin.py:188} INFO - [2026-04-28T20:52:27.880+0000] {dag.py:3954} INFO - Setting next_dagrun for example_sensors to None, run_after=None
[2026-04-28T20:52:27.908+0000] {processor.py:183} INFO - Processing /home/airflow/.local/lib/python3.12/site-packages/airflow/example_dags/example_sensors.py took 0.099 seconds
[2026-04-28T20:52:58.584+0000] {processor.py:161} INFO - Started process (PID=757) to work on /home/airflow/.local/lib/python3.12/site-packages/airflow/example_dags/example_sensors.py
[2026-04-28T20:52:58.586+0000] {processor.py:830} INFO - Processing file /home/airflow/.local/lib/python3.12/site-packages/airflow/example_dags/example_sensors.py for tasks to queue
[2026-04-28T20:52:58.588+0000] {logging_mixin.py:188} INFO - [2026-04-28T20:52:58.587+0000] {dagbag.py:540} INFO - Filling up the DagBag from /home/airflow/.local/lib/python3.12/site-packages/airflow/example_dags/example_sensors.py
[2026-04-28T20:52:58.598+0000] {processor.py:840} INFO - DAG(s) 'example_sensors' retrieved from /home/airflow/.local/lib/python3.12/site-packages/airflow/example_dags/example_sensors.py
[2026-04-28T20:52:58.631+0000] {logging_mixin.py:188} INFO - [2026-04-28T20:52:58.631+0000] {dag.py:3096} INFO - Sync 1 DAGs
[2026-04-28T20:52:58.646+0000] {logging_mixin.py:188} INFO - [2026-04-28T20:52:58.646+0000] {dag.py:3954} INFO - Setting next_dagrun for example_sensors to None, run_after=None
[2026-04-28T20:52:58.666+0000] {processor.py:183} INFO - Processing /home/airflow/.local/lib/python3.12/site-packages/airflow/example_dags/example_sensors.py took 0.088 seconds
[2026-04-28T20:53:29.285+0000] {processor.py:161} INFO - Started process (PID=817) to work on /home/airflow/.local/lib/python3.12/site-packages/airflow/example_dags/example_sensors.py
[2026-04-28T20:53:29.287+0000] {processor.py:830} INFO - Processing file /home/airflow/.local/lib/python3.12/site-packages/airflow/example_dags/example_sensors.py for tasks to queue
[2026-04-28T20:53:29.289+0000] {logging_mixin.py:188} INFO - [2026-04-28T20:53:29.288+0000] {dagbag.py:540} INFO - Filling up the DagBag from /home/airflow/.local/lib/python3.12/site-packages/airflow/example_dags/example_sensors.py
[2026-04-28T20:53:29.300+0000] {processor.py:840} INFO - DAG(s) 'example_sensors' retrieved from /home/airflow/.local/lib/python3.12/site-packages/airflow/example_dags/example_sensors.py
[2026-04-28T20:53:29.333+0000] {logging_mixin.py:188} INFO - [2026-04-28T20:53:29.333+0000] {dag.py:3096} INFO - Sync 1 DAGs
[2026-04-28T20:53:29.358+0000] {logging_mixin.py:188} INFO - [2026-04-28T20:53:29.358+0000] {dag.py:3954} INFO - Setting next_dagrun for example_sensors to None, run_after=None
[2026-04-28T20:53:29.409+0000] {processor.py:183} INFO - Processing /home/airflow/.local/lib/python3.12/site-packages/airflow/example_dags/example_sensors.py took 0.131 seconds
[2026-04-28T20:53:59.465+0000] {processor.py:161} INFO - Started process (PID=877) to work on /home/airflow/.local/lib/python3.12/site-packages/airflow/example_dags/example_sensors.py
[2026-04-28T20:53:59.466+0000] {processor.py:830} INFO - Processing file /home/airflow/.local/lib/python3.12/site-packages/airflow/example_dags/example_sensors.py for tasks to queue
[2026-04-28T20:53:59.468+0000] {logging_mixin.py:188} INFO - [2026-04-28T20:53:59.468+0000] {dagbag.py:540} INFO - Filling up the DagBag from /home/airflow/.local/lib/python3.12/site-packages/airflow/example_dags/example_sensors.py
[2026-04-28T20:53:59.481+0000] {processor.py:840} INFO - DAG(s) 'example_sensors' retrieved from /home/airflow/.local/lib/python3.12/site-packages/airflow/example_dags/example_sensors.py
[2026-04-28T20:53:59.505+0000] {logging_mixin.py:188} INFO - [2026-04-28T20:53:59.505+0000] {dag.py:3096} INFO - Sync 1 DAGs
[2026-04-28T20:53:59.516+0000] {logging_mixin.py:188} INFO - [2026-04-28T20:53:59.516+0000] {dag.py:3954} INFO - Setting next_dagrun for example_sensors to None, run_after=None
[2026-04-28T20:53:59.531+0000] {processor.py:183} INFO - Processing /home/airflow/.local/lib/python3.12/site-packages/airflow/example_dags/example_sensors.py took 0.074 seconds
[2026-04-28T20:54:30.079+0000] {processor.py:161} INFO - Started process (PID=937) to work on /home/airflow/.local/lib/python3.12/site-packages/airflow/example_dags/example_sensors.py
[2026-04-28T20:54:30.082+0000] {processor.py:830} INFO - Processing file /home/airflow/.local/lib/python3.12/site-packages/airflow/example_dags/example_sensors.py for tasks to queue
[2026-04-28T20:54:30.084+0000] {logging_mixin.py:188} INFO - [2026-04-28T20:54:30.083+0000] {dagbag.py:540} INFO - Filling up the DagBag from /home/airflow/.local/lib/python3.12/site-packages/airflow/example_dags/example_sensors.py
[2026-04-28T20:54:30.118+0000] {processor.py:840} INFO - DAG(s) 'example_sensors' retrieved from /home/airflow/.local/lib/python3.12/site-packages/airflow/example_dags/example_sensors.py
[2026-04-28T20:54:30.150+0000] {logging_mixin.py:188} INFO - [2026-04-28T20:54:30.150+0000] {dag.py:3096} INFO - Sync 1 DAGs
[2026-04-28T20:54:30.163+0000] {logging_mixin.py:188} INFO - [2026-04-28T20:54:30.163+0000] {dag.py:3954} INFO - Setting next_dagrun for example_sensors to None, run_after=None
[2026-04-28T20:54:30.181+0000] {processor.py:183} INFO - Processing /home/airflow/.local/lib/python3.12/site-packages/airflow/example_dags/example_sensors.py took 0.139 seconds
[2026-04-28T21:03:29.961+0000] {processor.py:161} INFO - Started process (PID=90) to work on /home/airflow/.local/lib/python3.12/site-packages/airflow/example_dags/example_sensors.py
[2026-04-28T21:03:29.972+0000] {processor.py:830} INFO - Processing file /home/airflow/.local/lib/python3.12/site-packages/airflow/example_dags/example_sensors.py for tasks to queue
[2026-04-28T21:03:29.978+0000] {logging_mixin.py:188} INFO - [2026-04-28T21:03:29.978+0000] {dagbag.py:540} INFO - Filling up the DagBag from /home/airflow/.local/lib/python3.12/site-packages/airflow/example_dags/example_sensors.py
[2026-04-28T21:03:30.026+0000] {processor.py:840} INFO - DAG(s) 'example_sensors' retrieved from /home/airflow/.local/lib/python3.12/site-packages/airflow/example_dags/example_sensors.py
[2026-04-28T21:03:30.442+0000] {logging_mixin.py:188} INFO - [2026-04-28T21:03:30.441+0000] {override.py:1829} INFO - Created Permission View: can edit on DAG:example_sensors
[2026-04-28T21:03:30.489+0000] {logging_mixin.py:188} INFO - [2026-04-28T21:03:30.488+0000] {override.py:1829} INFO - Created Permission View: can delete on DAG:example_sensors
[2026-04-28T21:03:30.520+0000] {logging_mixin.py:188} INFO - [2026-04-28T21:03:30.519+0000] {override.py:1829} INFO - Created Permission View: can read on DAG:example_sensors
[2026-04-28T21:03:30.523+0000] {logging_mixin.py:188} INFO - [2026-04-28T21:03:30.522+0000] {dag.py:3096} INFO - Sync 1 DAGs
[2026-04-28T21:03:30.555+0000] {logging_mixin.py:188} INFO - [2026-04-28T21:03:30.554+0000] {dag.py:3118} INFO - Creating ORM DAG for example_sensors
[2026-04-28T21:03:30.557+0000] {logging_mixin.py:188} INFO - [2026-04-28T21:03:30.556+0000] {dag.py:3954} INFO - Setting next_dagrun for example_sensors to None, run_after=None
[2026-04-28T21:03:30.591+0000] {processor.py:183} INFO - Processing /home/airflow/.local/lib/python3.12/site-packages/airflow/example_dags/example_sensors.py took 0.647 seconds
[2026-04-28T21:04:00.974+0000] {processor.py:161} INFO - Started process (PID=149) to work on /home/airflow/.local/lib/python3.12/site-packages/airflow/example_dags/example_sensors.py
[2026-04-28T21:04:00.976+0000] {processor.py:830} INFO - Processing file /home/airflow/.local/lib/python3.12/site-packages/airflow/example_dags/example_sensors.py for tasks to queue
[2026-04-28T21:04:00.978+0000] {logging_mixin.py:188} INFO - [2026-04-28T21:04:00.978+0000] {dagbag.py:540} INFO - Filling up the DagBag from /home/airflow/.local/lib/python3.12/site-packages/airflow/example_dags/example_sensors.py
[2026-04-28T21:04:00.989+0000] {processor.py:840} INFO - DAG(s) 'example_sensors' retrieved from /home/airflow/.local/lib/python3.12/site-packages/airflow/example_dags/example_sensors.py
[2026-04-28T21:04:01.021+0000] {logging_mixin.py:188} INFO - [2026-04-28T21:04:01.021+0000] {dag.py:3096} INFO - Sync 1 DAGs
[2026-04-28T21:04:01.037+0000] {logging_mixin.py:188} INFO - [2026-04-28T21:04:01.037+0000] {dag.py:3954} INFO - Setting next_dagrun for example_sensors to None, run_after=None
[2026-04-28T21:04:01.056+0000] {processor.py:183} INFO - Processing /home/airflow/.local/lib/python3.12/site-packages/airflow/example_dags/example_sensors.py took 0.101 seconds
[2026-04-28T21:04:31.629+0000] {processor.py:161} INFO - Started process (PID=209) to work on /home/airflow/.local/lib/python3.12/site-packages/airflow/example_dags/example_sensors.py
[2026-04-28T21:04:31.634+0000] {processor.py:830} INFO - Processing file /home/airflow/.local/lib/python3.12/site-packages/airflow/example_dags/example_sensors.py for tasks to queue
[2026-04-28T21:04:31.638+0000] {logging_mixin.py:188} INFO - [2026-04-28T21:04:31.637+0000] {dagbag.py:540} INFO - Filling up the DagBag from /home/airflow/.local/lib/python3.12/site-packages/airflow/example_dags/example_sensors.py
[2026-04-28T21:04:31.653+0000] {processor.py:840} INFO - DAG(s) 'example_sensors' retrieved from /home/airflow/.local/lib/python3.12/site-packages/airflow/example_dags/example_sensors.py
[2026-04-28T21:04:31.719+0000] {logging_mixin.py:188} INFO - [2026-04-28T21:04:31.719+0000] {dag.py:3096} INFO - Sync 1 DAGs
[2026-04-28T21:04:31.749+0000] {logging_mixin.py:188} INFO - [2026-04-28T21:04:31.748+0000] {dag.py:3954} INFO - Setting next_dagrun for example_sensors to None, run_after=None
[2026-04-28T21:04:31.787+0000] {processor.py:183} INFO - Processing /home/airflow/.local/lib/python3.12/site-packages/airflow/example_dags/example_sensors.py took 0.165 seconds
[2026-04-28T21:05:02.319+0000] {processor.py:161} INFO - Started process (PID=268) to work on /home/airflow/.local/lib/python3.12/site-packages/airflow/example_dags/example_sensors.py
[2026-04-28T21:05:02.320+0000] {processor.py:830} INFO - Processing file /home/airflow/.local/lib/python3.12/site-packages/airflow/example_dags/example_sensors.py for tasks to queue
[2026-04-28T21:05:02.322+0000] {logging_mixin.py:188} INFO - [2026-04-28T21:05:02.322+0000] {dagbag.py:540} INFO - Filling up the DagBag from /home/airflow/.local/lib/python3.12/site-packages/airflow/example_dags/example_sensors.py
[2026-04-28T21:05:02.333+0000] {processor.py:840} INFO - DAG(s) 'example_sensors' retrieved from /home/airflow/.local/lib/python3.12/site-packages/airflow/example_dags/example_sensors.py
[2026-04-28T21:05:02.381+0000] {logging_mixin.py:188} INFO - [2026-04-28T21:05:02.381+0000] {dag.py:3096} INFO - Sync 1 DAGs
[2026-04-28T21:05:02.405+0000] {logging_mixin.py:188} INFO - [2026-04-28T21:05:02.405+0000] {dag.py:3954} INFO - Setting next_dagrun for example_sensors to None, run_after=None
[2026-04-28T21:05:02.421+0000] {processor.py:183} INFO - Processing /home/airflow/.local/lib/python3.12/site-packages/airflow/example_dags/example_sensors.py took 0.108 seconds
[2026-04-28T21:05:32.493+0000] {processor.py:161} INFO - Started process (PID=328) to work on /home/airflow/.local/lib/python3.12/site-packages/airflow/example_dags/example_sensors.py
[2026-04-28T21:05:32.494+0000] {processor.py:830} INFO - Processing file /home/airflow/.local/lib/python3.12/site-packages/airflow/example_dags/example_sensors.py for tasks to queue
[2026-04-28T21:05:32.496+0000] {logging_mixin.py:188} INFO - [2026-04-28T21:05:32.496+0000] {dagbag.py:540} INFO - Filling up the DagBag from /home/airflow/.local/lib/python3.12/site-packages/airflow/example_dags/example_sensors.py
[2026-04-28T21:05:32.508+0000] {processor.py:840} INFO - DAG(s) 'example_sensors' retrieved from /home/airflow/.local/lib/python3.12/site-packages/airflow/example_dags/example_sensors.py
[2026-04-28T21:05:32.543+0000] {logging_mixin.py:188} INFO - [2026-04-28T21:05:32.542+0000] {dag.py:3096} INFO - Sync 1 DAGs
[2026-04-28T21:05:32.558+0000] {logging_mixin.py:188} INFO - [2026-04-28T21:05:32.558+0000] {dag.py:3954} INFO - Setting next_dagrun for example_sensors to None, run_after=None
[2026-04-28T21:05:32.579+0000] {processor.py:183} INFO - Processing /home/airflow/.local/lib/python3.12/site-packages/airflow/example_dags/example_sensors.py took 0.093 seconds
[2026-04-28T21:06:03.150+0000] {processor.py:161} INFO - Started process (PID=388) to work on /home/airflow/.local/lib/python3.12/site-packages/airflow/example_dags/example_sensors.py
[2026-04-28T21:06:03.151+0000] {processor.py:830} INFO - Processing file /home/airflow/.local/lib/python3.12/site-packages/airflow/example_dags/example_sensors.py for tasks to queue
[2026-04-28T21:06:03.153+0000] {logging_mixin.py:188} INFO - [2026-04-28T21:06:03.153+0000] {dagbag.py:540} INFO - Filling up the DagBag from /home/airflow/.local/lib/python3.12/site-packages/airflow/example_dags/example_sensors.py
[2026-04-28T21:06:03.164+0000] {processor.py:840} INFO - DAG(s) 'example_sensors' retrieved from /home/airflow/.local/lib/python3.12/site-packages/airflow/example_dags/example_sensors.py
[2026-04-28T21:06:03.194+0000] {logging_mixin.py:188} INFO - [2026-04-28T21:06:03.193+0000] {dag.py:3096} INFO - Sync 1 DAGs
[2026-04-28T21:06:03.209+0000] {logging_mixin.py:188} INFO - [2026-04-28T21:06:03.208+0000] {dag.py:3954} INFO - Setting next_dagrun for example_sensors to None, run_after=None
[2026-04-28T21:06:03.231+0000] {processor.py:183} INFO - Processing /home/airflow/.local/lib/python3.12/site-packages/airflow/example_dags/example_sensors.py took 0.087 seconds
[2026-04-28T21:06:33.946+0000] {processor.py:161} INFO - Started process (PID=448) to work on /home/airflow/.local/lib/python3.12/site-packages/airflow/example_dags/example_sensors.py
[2026-04-28T21:06:33.949+0000] {processor.py:830} INFO - Processing file /home/airflow/.local/lib/python3.12/site-packages/airflow/example_dags/example_sensors.py for tasks to queue
[2026-04-28T21:06:33.951+0000] {logging_mixin.py:188} INFO - [2026-04-28T21:06:33.951+0000] {dagbag.py:540} INFO - Filling up the DagBag from /home/airflow/.local/lib/python3.12/site-packages/airflow/example_dags/example_sensors.py
[2026-04-28T21:06:34.003+0000] {processor.py:840} INFO - DAG(s) 'example_sensors' retrieved from /home/airflow/.local/lib/python3.12/site-packages/airflow/example_dags/example_sensors.py
[2026-04-28T21:06:34.052+0000] {logging_mixin.py:188} INFO - [2026-04-28T21:06:34.052+0000] {dag.py:3096} INFO - Sync 1 DAGs
[2026-04-28T21:06:34.065+0000] {logging_mixin.py:188} INFO - [2026-04-28T21:06:34.065+0000] {dag.py:3954} INFO - Setting next_dagrun for example_sensors to None, run_after=None
[2026-04-28T21:06:34.082+0000] {processor.py:183} INFO - Processing /home/airflow/.local/lib/python3.12/site-packages/airflow/example_dags/example_sensors.py took 0.143 seconds
[2026-04-28T21:07:04.596+0000] {processor.py:161} INFO - Started process (PID=508) to work on /home/airflow/.local/lib/python3.12/site-packages/airflow/example_dags/example_sensors.py
[2026-04-28T21:07:04.600+0000] {processor.py:830} INFO - Processing file /home/airflow/.local/lib/python3.12/site-packages/airflow/example_dags/example_sensors.py for tasks to queue
[2026-04-28T21:07:04.627+0000] {logging_mixin.py:188} INFO - [2026-04-28T21:07:04.624+0000] {dagbag.py:540} INFO - Filling up the DagBag from /home/airflow/.local/lib/python3.12/site-packages/airflow/example_dags/example_sensors.py
[2026-04-28T21:07:04.657+0000] {processor.py:840} INFO - DAG(s) 'example_sensors' retrieved from /home/airflow/.local/lib/python3.12/site-packages/airflow/example_dags/example_sensors.py
[2026-04-28T21:07:04.734+0000] {logging_mixin.py:188} INFO - [2026-04-28T21:07:04.733+0000] {dag.py:3096} INFO - Sync 1 DAGs
[2026-04-28T21:07:04.752+0000] {logging_mixin.py:188} INFO - [2026-04-28T21:07:04.752+0000] {dag.py:3954} INFO - Setting next_dagrun for example_sensors to None, run_after=None
[2026-04-28T21:07:04.774+0000] {processor.py:183} INFO - Processing /home/airflow/.local/lib/python3.12/site-packages/airflow/example_dags/example_sensors.py took 0.204 seconds
[2026-04-28T21:07:35.210+0000] {processor.py:161} INFO - Started process (PID=568) to work on /home/airflow/.local/lib/python3.12/site-packages/airflow/example_dags/example_sensors.py
[2026-04-28T21:07:35.212+0000] {processor.py:830} INFO - Processing file /home/airflow/.local/lib/python3.12/site-packages/airflow/example_dags/example_sensors.py for tasks to queue
[2026-04-28T21:07:35.214+0000] {logging_mixin.py:188} INFO - [2026-04-28T21:07:35.214+0000] {dagbag.py:540} INFO - Filling up the DagBag from /home/airflow/.local/lib/python3.12/site-packages/airflow/example_dags/example_sensors.py
[2026-04-28T21:07:35.225+0000] {processor.py:840} INFO - DAG(s) 'example_sensors' retrieved from /home/airflow/.local/lib/python3.12/site-packages/airflow/example_dags/example_sensors.py
[2026-04-28T21:07:35.256+0000] {logging_mixin.py:188} INFO - [2026-04-28T21:07:35.256+0000] {dag.py:3096} INFO - Sync 1 DAGs
[2026-04-28T21:07:35.271+0000] {logging_mixin.py:188} INFO - [2026-04-28T21:07:35.270+0000] {dag.py:3954} INFO - Setting next_dagrun for example_sensors to None, run_after=None
[2026-04-28T21:07:35.294+0000] {processor.py:183} INFO - Processing /home/airflow/.local/lib/python3.12/site-packages/airflow/example_dags/example_sensors.py took 0.091 seconds
[2026-04-28T21:08:05.570+0000] {processor.py:161} INFO - Started process (PID=627) to work on /home/airflow/.local/lib/python3.12/site-packages/airflow/example_dags/example_sensors.py
[2026-04-28T21:08:05.570+0000] {processor.py:830} INFO - Processing file /home/airflow/.local/lib/python3.12/site-packages/airflow/example_dags/example_sensors.py for tasks to queue
[2026-04-28T21:08:05.575+0000] {logging_mixin.py:188} INFO - [2026-04-28T21:08:05.574+0000] {dagbag.py:540} INFO - Filling up the DagBag from /home/airflow/.local/lib/python3.12/site-packages/airflow/example_dags/example_sensors.py
[2026-04-28T21:08:05.606+0000] {processor.py:840} INFO - DAG(s) 'example_sensors' retrieved from /home/airflow/.local/lib/python3.12/site-packages/airflow/example_dags/example_sensors.py
[2026-04-28T21:08:05.679+0000] {logging_mixin.py:188} INFO - [2026-04-28T21:08:05.679+0000] {dag.py:3096} INFO - Sync 1 DAGs
[2026-04-28T21:08:05.708+0000] {logging_mixin.py:188} INFO - [2026-04-28T21:08:05.707+0000] {dag.py:3954} INFO - Setting next_dagrun for example_sensors to None, run_after=None
[2026-04-28T21:08:05.753+0000] {processor.py:183} INFO - Processing /home/airflow/.local/lib/python3.12/site-packages/airflow/example_dags/example_sensors.py took 0.201 seconds
[2026-04-28T21:08:36.509+0000] {processor.py:161} INFO - Started process (PID=687) to work on /home/airflow/.local/lib/python3.12/site-packages/airflow/example_dags/example_sensors.py
[2026-04-28T21:08:36.514+0000] {processor.py:830} INFO - Processing file /home/airflow/.local/lib/python3.12/site-packages/airflow/example_dags/example_sensors.py for tasks to queue
[2026-04-28T21:08:36.519+0000] {logging_mixin.py:188} INFO - [2026-04-28T21:08:36.518+0000] {dagbag.py:540} INFO - Filling up the DagBag from /home/airflow/.local/lib/python3.12/site-packages/airflow/example_dags/example_sensors.py
[2026-04-28T21:08:36.530+0000] {processor.py:840} INFO - DAG(s) 'example_sensors' retrieved from /home/airflow/.local/lib/python3.12/site-packages/airflow/example_dags/example_sensors.py
[2026-04-28T21:08:36.561+0000] {logging_mixin.py:188} INFO - [2026-04-28T21:08:36.561+0000] {dag.py:3096} INFO - Sync 1 DAGs
[2026-04-28T21:08:36.577+0000] {logging_mixin.py:188} INFO - [2026-04-28T21:08:36.577+0000] {dag.py:3954} INFO - Setting next_dagrun for example_sensors to None, run_after=None
[2026-04-28T21:08:36.601+0000] {processor.py:183} INFO - Processing /home/airflow/.local/lib/python3.12/site-packages/airflow/example_dags/example_sensors.py took 0.105 seconds
[2026-04-28T21:09:06.945+0000] {processor.py:161} INFO - Started process (PID=747) to work on /home/airflow/.local/lib/python3.12/site-packages/airflow/example_dags/example_sensors.py
[2026-04-28T21:09:06.946+0000] {processor.py:830} INFO - Processing file /home/airflow/.local/lib/python3.12/site-packages/airflow/example_dags/example_sensors.py for tasks to queue
[2026-04-28T21:09:06.948+0000] {logging_mixin.py:188} INFO - [2026-04-28T21:09:06.948+0000] {dagbag.py:540} INFO - Filling up the DagBag from /home/airflow/.local/lib/python3.12/site-packages/airflow/example_dags/example_sensors.py
[2026-04-28T21:09:06.959+0000] {processor.py:840} INFO - DAG(s) 'example_sensors' retrieved from /home/airflow/.local/lib/python3.12/site-packages/airflow/example_dags/example_sensors.py
[2026-04-28T21:09:06.993+0000] {logging_mixin.py:188} INFO - [2026-04-28T21:09:06.992+0000] {dag.py:3096} INFO - Sync 1 DAGs
[2026-04-28T21:09:07.008+0000] {logging_mixin.py:188} INFO - [2026-04-28T21:09:07.007+0000] {dag.py:3954} INFO - Setting next_dagrun for example_sensors to None, run_after=None
[2026-04-28T21:09:07.028+0000] {processor.py:183} INFO - Processing /home/airflow/.local/lib/python3.12/site-packages/airflow/example_dags/example_sensors.py took 0.090 seconds
[2026-04-28T21:09:37.262+0000] {processor.py:161} INFO - Started process (PID=807) to work on /home/airflow/.local/lib/python3.12/site-packages/airflow/example_dags/example_sensors.py
[2026-04-28T21:09:37.263+0000] {processor.py:830} INFO - Processing file /home/airflow/.local/lib/python3.12/site-packages/airflow/example_dags/example_sensors.py for tasks to queue
[2026-04-28T21:09:37.265+0000] {logging_mixin.py:188} INFO - [2026-04-28T21:09:37.264+0000] {dagbag.py:540} INFO - Filling up the DagBag from /home/airflow/.local/lib/python3.12/site-packages/airflow/example_dags/example_sensors.py
[2026-04-28T21:09:37.275+0000] {processor.py:840} INFO - DAG(s) 'example_sensors' retrieved from /home/airflow/.local/lib/python3.12/site-packages/airflow/example_dags/example_sensors.py
[2026-04-28T21:09:37.309+0000] {logging_mixin.py:188} INFO - [2026-04-28T21:09:37.309+0000] {dag.py:3096} INFO - Sync 1 DAGs
[2026-04-28T21:09:37.326+0000] {logging_mixin.py:188} INFO - [2026-04-28T21:09:37.326+0000] {dag.py:3954} INFO - Setting next_dagrun for example_sensors to None, run_after=None
[2026-04-28T21:09:37.345+0000] {processor.py:183} INFO - Processing /home/airflow/.local/lib/python3.12/site-packages/airflow/example_dags/example_sensors.py took 0.091 seconds
[2026-04-28T21:10:08.016+0000] {processor.py:161} INFO - Started process (PID=866) to work on /home/airflow/.local/lib/python3.12/site-packages/airflow/example_dags/example_sensors.py
[2026-04-28T21:10:08.022+0000] {processor.py:830} INFO - Processing file /home/airflow/.local/lib/python3.12/site-packages/airflow/example_dags/example_sensors.py for tasks to queue
[2026-04-28T21:10:08.025+0000] {logging_mixin.py:188} INFO - [2026-04-28T21:10:08.024+0000] {dagbag.py:540} INFO - Filling up the DagBag from /home/airflow/.local/lib/python3.12/site-packages/airflow/example_dags/example_sensors.py
[2026-04-28T21:10:08.053+0000] {processor.py:840} INFO - DAG(s) 'example_sensors' retrieved from /home/airflow/.local/lib/python3.12/site-packages/airflow/example_dags/example_sensors.py
[2026-04-28T21:10:08.105+0000] {logging_mixin.py:188} INFO - [2026-04-28T21:10:08.105+0000] {dag.py:3096} INFO - Sync 1 DAGs
[2026-04-28T21:10:08.124+0000] {logging_mixin.py:188} INFO - [2026-04-28T21:10:08.124+0000] {dag.py:3954} INFO - Setting next_dagrun for example_sensors to None, run_after=None
[2026-04-28T21:10:08.163+0000] {processor.py:183} INFO - Processing /home/airflow/.local/lib/python3.12/site-packages/airflow/example_dags/example_sensors.py took 0.158 seconds
[2026-04-28T21:10:38.248+0000] {processor.py:161} INFO - Started process (PID=926) to work on /home/airflow/.local/lib/python3.12/site-packages/airflow/example_dags/example_sensors.py
[2026-04-28T21:10:38.249+0000] {processor.py:830} INFO - Processing file /home/airflow/.local/lib/python3.12/site-packages/airflow/example_dags/example_sensors.py for tasks to queue
[2026-04-28T21:10:38.251+0000] {logging_mixin.py:188} INFO - [2026-04-28T21:10:38.250+0000] {dagbag.py:540} INFO - Filling up the DagBag from /home/airflow/.local/lib/python3.12/site-packages/airflow/example_dags/example_sensors.py
[2026-04-28T21:10:38.262+0000] {processor.py:840} INFO - DAG(s) 'example_sensors' retrieved from /home/airflow/.local/lib/python3.12/site-packages/airflow/example_dags/example_sensors.py
[2026-04-28T21:10:38.291+0000] {logging_mixin.py:188} INFO - [2026-04-28T21:10:38.291+0000] {dag.py:3096} INFO - Sync 1 DAGs
[2026-04-28T21:10:38.306+0000] {logging_mixin.py:188} INFO - [2026-04-28T21:10:38.305+0000] {dag.py:3954} INFO - Setting next_dagrun for example_sensors to None, run_after=None
[2026-04-28T21:10:38.327+0000] {processor.py:183} INFO - Processing /home/airflow/.local/lib/python3.12/site-packages/airflow/example_dags/example_sensors.py took 0.086 seconds
[2026-04-28T21:11:08.845+0000] {processor.py:161} INFO - Started process (PID=984) to work on /home/airflow/.local/lib/python3.12/site-packages/airflow/example_dags/example_sensors.py
[2026-04-28T21:11:08.851+0000] {processor.py:830} INFO - Processing file /home/airflow/.local/lib/python3.12/site-packages/airflow/example_dags/example_sensors.py for tasks to queue
[2026-04-28T21:11:08.861+0000] {logging_mixin.py:188} INFO - [2026-04-28T21:11:08.861+0000] {dagbag.py:540} INFO - Filling up the DagBag from /home/airflow/.local/lib/python3.12/site-packages/airflow/example_dags/example_sensors.py
[2026-04-28T21:11:08.886+0000] {processor.py:840} INFO - DAG(s) 'example_sensors' retrieved from /home/airflow/.local/lib/python3.12/site-packages/airflow/example_dags/example_sensors.py
[2026-04-28T21:11:08.964+0000] {logging_mixin.py:188} INFO - [2026-04-28T21:11:08.964+0000] {dag.py:3096} INFO - Sync 1 DAGs
[2026-04-28T21:11:08.995+0000] {logging_mixin.py:188} INFO - [2026-04-28T21:11:08.994+0000] {dag.py:3954} INFO - Setting next_dagrun for example_sensors to None, run_after=None
[2026-04-28T21:11:09.050+0000] {processor.py:183} INFO - Processing /home/airflow/.local/lib/python3.12/site-packages/airflow/example_dags/example_sensors.py took 0.215 seconds
[2026-04-28T21:11:39.337+0000] {processor.py:161} INFO - Started process (PID=1043) to work on /home/airflow/.local/lib/python3.12/site-packages/airflow/example_dags/example_sensors.py
[2026-04-28T21:11:39.339+0000] {processor.py:830} INFO - Processing file /home/airflow/.local/lib/python3.12/site-packages/airflow/example_dags/example_sensors.py for tasks to queue
[2026-04-28T21:11:39.341+0000] {logging_mixin.py:188} INFO - [2026-04-28T21:11:39.340+0000] {dagbag.py:540} INFO - Filling up the DagBag from /home/airflow/.local/lib/python3.12/site-packages/airflow/example_dags/example_sensors.py
[2026-04-28T21:11:39.352+0000] {processor.py:840} INFO - DAG(s) 'example_sensors' retrieved from /home/airflow/.local/lib/python3.12/site-packages/airflow/example_dags/example_sensors.py
[2026-04-28T21:11:39.385+0000] {logging_mixin.py:188} INFO - [2026-04-28T21:11:39.384+0000] {dag.py:3096} INFO - Sync 1 DAGs
[2026-04-28T21:11:39.404+0000] {logging_mixin.py:188} INFO - [2026-04-28T21:11:39.403+0000] {dag.py:3954} INFO - Setting next_dagrun for example_sensors to None, run_after=None
[2026-04-28T21:11:39.423+0000] {processor.py:183} INFO - Processing /home/airflow/.local/lib/python3.12/site-packages/airflow/example_dags/example_sensors.py took 0.093 seconds
[2026-04-28T21:12:10.545+0000] {processor.py:161} INFO - Started process (PID=1103) to work on /home/airflow/.local/lib/python3.12/site-packages/airflow/example_dags/example_sensors.py
[2026-04-28T21:12:10.547+0000] {processor.py:830} INFO - Processing file /home/airflow/.local/lib/python3.12/site-packages/airflow/example_dags/example_sensors.py for tasks to queue
[2026-04-28T21:12:10.551+0000] {logging_mixin.py:188} INFO - [2026-04-28T21:12:10.551+0000] {dagbag.py:540} INFO - Filling up the DagBag from /home/airflow/.local/lib/python3.12/site-packages/airflow/example_dags/example_sensors.py
[2026-04-28T21:12:10.565+0000] {processor.py:840} INFO - DAG(s) 'example_sensors' retrieved from /home/airflow/.local/lib/python3.12/site-packages/airflow/example_dags/example_sensors.py
[2026-04-28T21:12:10.857+0000] {logging_mixin.py:188} INFO - [2026-04-28T21:12:10.857+0000] {dag.py:3096} INFO - Sync 1 DAGs
[2026-04-28T21:12:10.870+0000] {logging_mixin.py:188} INFO - [2026-04-28T21:12:10.870+0000] {dag.py:3954} INFO - Setting next_dagrun for example_sensors to None, run_after=None
[2026-04-28T21:12:10.886+0000] {processor.py:183} INFO - Processing /home/airflow/.local/lib/python3.12/site-packages/airflow/example_dags/example_sensors.py took 0.349 seconds
[2026-04-28T21:12:41.157+0000] {processor.py:161} INFO - Started process (PID=1163) to work on /home/airflow/.local/lib/python3.12/site-packages/airflow/example_dags/example_sensors.py
[2026-04-28T21:12:41.158+0000] {processor.py:830} INFO - Processing file /home/airflow/.local/lib/python3.12/site-packages/airflow/example_dags/example_sensors.py for tasks to queue
[2026-04-28T21:12:41.160+0000] {logging_mixin.py:188} INFO - [2026-04-28T21:12:41.160+0000] {dagbag.py:540} INFO - Filling up the DagBag from /home/airflow/.local/lib/python3.12/site-packages/airflow/example_dags/example_sensors.py
[2026-04-28T21:12:41.173+0000] {processor.py:840} INFO - DAG(s) 'example_sensors' retrieved from /home/airflow/.local/lib/python3.12/site-packages/airflow/example_dags/example_sensors.py
[2026-04-28T21:12:41.236+0000] {logging_mixin.py:188} INFO - [2026-04-28T21:12:41.230+0000] {dag.py:3096} INFO - Sync 1 DAGs
[2026-04-28T21:12:41.262+0000] {logging_mixin.py:188} INFO - [2026-04-28T21:12:41.262+0000] {dag.py:3954} INFO - Setting next_dagrun for example_sensors to None, run_after=None
[2026-04-28T21:12:41.299+0000] {processor.py:183} INFO - Processing /home/airflow/.local/lib/python3.12/site-packages/airflow/example_dags/example_sensors.py took 0.154 seconds
[2026-04-28T21:13:12.355+0000] {processor.py:161} INFO - Started process (PID=1224) to work on /home/airflow/.local/lib/python3.12/site-packages/airflow/example_dags/example_sensors.py
[2026-04-28T21:13:12.358+0000] {processor.py:830} INFO - Processing file /home/airflow/.local/lib/python3.12/site-packages/airflow/example_dags/example_sensors.py for tasks to queue
[2026-04-28T21:13:12.360+0000] {logging_mixin.py:188} INFO - [2026-04-28T21:13:12.359+0000] {dagbag.py:540} INFO - Filling up the DagBag from /home/airflow/.local/lib/python3.12/site-packages/airflow/example_dags/example_sensors.py
[2026-04-28T21:13:12.371+0000] {processor.py:840} INFO - DAG(s) 'example_sensors' retrieved from /home/airflow/.local/lib/python3.12/site-packages/airflow/example_dags/example_sensors.py
[2026-04-28T21:13:12.404+0000] {logging_mixin.py:188} INFO - [2026-04-28T21:13:12.404+0000] {dag.py:3096} INFO - Sync 1 DAGs
[2026-04-28T21:13:12.420+0000] {logging_mixin.py:188} INFO - [2026-04-28T21:13:12.419+0000] {dag.py:3954} INFO - Setting next_dagrun for example_sensors to None, run_after=None
[2026-04-28T21:13:12.438+0000] {processor.py:183} INFO - Processing /home/airflow/.local/lib/python3.12/site-packages/airflow/example_dags/example_sensors.py took 0.107 seconds
[2026-04-28T21:13:43.125+0000] {processor.py:161} INFO - Started process (PID=1284) to work on /home/airflow/.local/lib/python3.12/site-packages/airflow/example_dags/example_sensors.py
[2026-04-28T21:13:43.126+0000] {processor.py:830} INFO - Processing file /home/airflow/.local/lib/python3.12/site-packages/airflow/example_dags/example_sensors.py for tasks to queue
[2026-04-28T21:13:43.128+0000] {logging_mixin.py:188} INFO - [2026-04-28T21:13:43.127+0000] {dagbag.py:540} INFO - Filling up the DagBag from /home/airflow/.local/lib/python3.12/site-packages/airflow/example_dags/example_sensors.py
[2026-04-28T21:13:43.139+0000] {processor.py:840} INFO - DAG(s) 'example_sensors' retrieved from /home/airflow/.local/lib/python3.12/site-packages/airflow/example_dags/example_sensors.py
[2026-04-28T21:13:43.169+0000] {logging_mixin.py:188} INFO - [2026-04-28T21:13:43.169+0000] {dag.py:3096} INFO - Sync 1 DAGs
[2026-04-28T21:13:43.185+0000] {logging_mixin.py:188} INFO - [2026-04-28T21:13:43.184+0000] {dag.py:3954} INFO - Setting next_dagrun for example_sensors to None, run_after=None
[2026-04-28T21:13:43.204+0000] {processor.py:183} INFO - Processing /home/airflow/.local/lib/python3.12/site-packages/airflow/example_dags/example_sensors.py took 0.086 seconds
[2026-04-28T21:20:36.380+0000] {processor.py:161} INFO - Started process (PID=90) to work on /home/airflow/.local/lib/python3.12/site-packages/airflow/example_dags/example_sensors.py
[2026-04-28T21:20:36.383+0000] {processor.py:830} INFO - Processing file /home/airflow/.local/lib/python3.12/site-packages/airflow/example_dags/example_sensors.py for tasks to queue
[2026-04-28T21:20:36.387+0000] {logging_mixin.py:188} INFO - [2026-04-28T21:20:36.386+0000] {dagbag.py:540} INFO - Filling up the DagBag from /home/airflow/.local/lib/python3.12/site-packages/airflow/example_dags/example_sensors.py
[2026-04-28T21:20:36.409+0000] {processor.py:840} INFO - DAG(s) 'example_sensors' retrieved from /home/airflow/.local/lib/python3.12/site-packages/airflow/example_dags/example_sensors.py
[2026-04-28T21:20:36.675+0000] {logging_mixin.py:188} INFO - [2026-04-28T21:20:36.674+0000] {override.py:1829} INFO - Created Permission View: can read on DAG:example_sensors
[2026-04-28T21:20:36.698+0000] {logging_mixin.py:188} INFO - [2026-04-28T21:20:36.698+0000] {override.py:1829} INFO - Created Permission View: can delete on DAG:example_sensors
[2026-04-28T21:20:36.723+0000] {logging_mixin.py:188} INFO - [2026-04-28T21:20:36.723+0000] {override.py:1829} INFO - Created Permission View: can edit on DAG:example_sensors
[2026-04-28T21:20:36.724+0000] {logging_mixin.py:188} INFO - [2026-04-28T21:20:36.724+0000] {dag.py:3096} INFO - Sync 1 DAGs
[2026-04-28T21:20:36.741+0000] {logging_mixin.py:188} INFO - [2026-04-28T21:20:36.741+0000] {dag.py:3118} INFO - Creating ORM DAG for example_sensors
[2026-04-28T21:20:36.742+0000] {logging_mixin.py:188} INFO - [2026-04-28T21:20:36.742+0000] {dag.py:3954} INFO - Setting next_dagrun for example_sensors to None, run_after=None
[2026-04-28T21:20:36.765+0000] {processor.py:183} INFO - Processing /home/airflow/.local/lib/python3.12/site-packages/airflow/example_dags/example_sensors.py took 0.397 seconds
[2026-04-28T21:21:07.338+0000] {processor.py:161} INFO - Started process (PID=150) to work on /home/airflow/.local/lib/python3.12/site-packages/airflow/example_dags/example_sensors.py
[2026-04-28T21:21:07.340+0000] {processor.py:830} INFO - Processing file /home/airflow/.local/lib/python3.12/site-packages/airflow/example_dags/example_sensors.py for tasks to queue
[2026-04-28T21:21:07.342+0000] {logging_mixin.py:188} INFO - [2026-04-28T21:21:07.342+0000] {dagbag.py:540} INFO - Filling up the DagBag from /home/airflow/.local/lib/python3.12/site-packages/airflow/example_dags/example_sensors.py
[2026-04-28T21:21:07.358+0000] {processor.py:840} INFO - DAG(s) 'example_sensors' retrieved from /home/airflow/.local/lib/python3.12/site-packages/airflow/example_dags/example_sensors.py
[2026-04-28T21:21:07.397+0000] {logging_mixin.py:188} INFO - [2026-04-28T21:21:07.397+0000] {dag.py:3096} INFO - Sync 1 DAGs
[2026-04-28T21:21:07.418+0000] {logging_mixin.py:188} INFO - [2026-04-28T21:21:07.418+0000] {dag.py:3954} INFO - Setting next_dagrun for example_sensors to None, run_after=None
[2026-04-28T21:21:07.451+0000] {processor.py:183} INFO - Processing /home/airflow/.local/lib/python3.12/site-packages/airflow/example_dags/example_sensors.py took 0.122 seconds
[2026-04-28T21:21:37.972+0000] {processor.py:161} INFO - Started process (PID=210) to work on /home/airflow/.local/lib/python3.12/site-packages/airflow/example_dags/example_sensors.py
[2026-04-28T21:21:37.974+0000] {processor.py:830} INFO - Processing file /home/airflow/.local/lib/python3.12/site-packages/airflow/example_dags/example_sensors.py for tasks to queue
[2026-04-28T21:21:37.980+0000] {logging_mixin.py:188} INFO - [2026-04-28T21:21:37.980+0000] {dagbag.py:540} INFO - Filling up the DagBag from /home/airflow/.local/lib/python3.12/site-packages/airflow/example_dags/example_sensors.py
[2026-04-28T21:21:38.037+0000] {processor.py:840} INFO - DAG(s) 'example_sensors' retrieved from /home/airflow/.local/lib/python3.12/site-packages/airflow/example_dags/example_sensors.py
[2026-04-28T21:21:38.120+0000] {logging_mixin.py:188} INFO - [2026-04-28T21:21:38.119+0000] {dag.py:3096} INFO - Sync 1 DAGs
[2026-04-28T21:21:38.158+0000] {logging_mixin.py:188} INFO - [2026-04-28T21:21:38.153+0000] {dag.py:3954} INFO - Setting next_dagrun for example_sensors to None, run_after=None
[2026-04-28T21:21:38.219+0000] {processor.py:183} INFO - Processing /home/airflow/.local/lib/python3.12/site-packages/airflow/example_dags/example_sensors.py took 0.261 seconds
[2026-04-28T21:22:09.182+0000] {processor.py:161} INFO - Started process (PID=270) to work on /home/airflow/.local/lib/python3.12/site-packages/airflow/example_dags/example_sensors.py
[2026-04-28T21:22:09.199+0000] {processor.py:830} INFO - Processing file /home/airflow/.local/lib/python3.12/site-packages/airflow/example_dags/example_sensors.py for tasks to queue
[2026-04-28T21:22:09.207+0000] {logging_mixin.py:188} INFO - [2026-04-28T21:22:09.206+0000] {dagbag.py:540} INFO - Filling up the DagBag from /home/airflow/.local/lib/python3.12/site-packages/airflow/example_dags/example_sensors.py
[2026-04-28T21:22:09.288+0000] {processor.py:840} INFO - DAG(s) 'example_sensors' retrieved from /home/airflow/.local/lib/python3.12/site-packages/airflow/example_dags/example_sensors.py
[2026-04-28T21:22:09.462+0000] {logging_mixin.py:188} INFO - [2026-04-28T21:22:09.460+0000] {dag.py:3096} INFO - Sync 1 DAGs
[2026-04-28T21:22:09.534+0000] {logging_mixin.py:188} INFO - [2026-04-28T21:22:09.534+0000] {dag.py:3954} INFO - Setting next_dagrun for example_sensors to None, run_after=None
[2026-04-28T21:22:09.606+0000] {processor.py:183} INFO - Processing /home/airflow/.local/lib/python3.12/site-packages/airflow/example_dags/example_sensors.py took 0.437 seconds
[2026-04-28T21:22:39.931+0000] {processor.py:161} INFO - Started process (PID=330) to work on /home/airflow/.local/lib/python3.12/site-packages/airflow/example_dags/example_sensors.py
[2026-04-28T21:22:39.932+0000] {processor.py:830} INFO - Processing file /home/airflow/.local/lib/python3.12/site-packages/airflow/example_dags/example_sensors.py for tasks to queue
[2026-04-28T21:22:39.935+0000] {logging_mixin.py:188} INFO - [2026-04-28T21:22:39.935+0000] {dagbag.py:540} INFO - Filling up the DagBag from /home/airflow/.local/lib/python3.12/site-packages/airflow/example_dags/example_sensors.py
[2026-04-28T21:22:39.947+0000] {processor.py:840} INFO - DAG(s) 'example_sensors' retrieved from /home/airflow/.local/lib/python3.12/site-packages/airflow/example_dags/example_sensors.py
[2026-04-28T21:22:39.984+0000] {logging_mixin.py:188} INFO - [2026-04-28T21:22:39.983+0000] {dag.py:3096} INFO - Sync 1 DAGs
[2026-04-28T21:22:39.999+0000] {logging_mixin.py:188} INFO - [2026-04-28T21:22:39.998+0000] {dag.py:3954} INFO - Setting next_dagrun for example_sensors to None, run_after=None
[2026-04-28T21:22:40.018+0000] {processor.py:183} INFO - Processing /home/airflow/.local/lib/python3.12/site-packages/airflow/example_dags/example_sensors.py took 0.093 seconds
[2026-04-28T21:23:10.220+0000] {processor.py:161} INFO - Started process (PID=390) to work on /home/airflow/.local/lib/python3.12/site-packages/airflow/example_dags/example_sensors.py
[2026-04-28T21:23:10.226+0000] {processor.py:830} INFO - Processing file /home/airflow/.local/lib/python3.12/site-packages/airflow/example_dags/example_sensors.py for tasks to queue
[2026-04-28T21:23:10.244+0000] {logging_mixin.py:188} INFO - [2026-04-28T21:23:10.244+0000] {dagbag.py:540} INFO - Filling up the DagBag from /home/airflow/.local/lib/python3.12/site-packages/airflow/example_dags/example_sensors.py
[2026-04-28T21:23:10.287+0000] {processor.py:840} INFO - DAG(s) 'example_sensors' retrieved from /home/airflow/.local/lib/python3.12/site-packages/airflow/example_dags/example_sensors.py
[2026-04-28T21:23:10.474+0000] {logging_mixin.py:188} INFO - [2026-04-28T21:23:10.473+0000] {dag.py:3096} INFO - Sync 1 DAGs
[2026-04-28T21:23:10.514+0000] {logging_mixin.py:188} INFO - [2026-04-28T21:23:10.514+0000] {dag.py:3954} INFO - Setting next_dagrun for example_sensors to None, run_after=None
[2026-04-28T21:23:10.535+0000] {processor.py:183} INFO - Processing /home/airflow/.local/lib/python3.12/site-packages/airflow/example_dags/example_sensors.py took 0.345 seconds
[2026-04-28T21:23:41.484+0000] {processor.py:161} INFO - Started process (PID=451) to work on /home/airflow/.local/lib/python3.12/site-packages/airflow/example_dags/example_sensors.py
[2026-04-28T21:23:41.498+0000] {processor.py:830} INFO - Processing file /home/airflow/.local/lib/python3.12/site-packages/airflow/example_dags/example_sensors.py for tasks to queue
[2026-04-28T21:23:41.509+0000] {logging_mixin.py:188} INFO - [2026-04-28T21:23:41.509+0000] {dagbag.py:540} INFO - Filling up the DagBag from /home/airflow/.local/lib/python3.12/site-packages/airflow/example_dags/example_sensors.py
[2026-04-28T21:23:41.605+0000] {processor.py:840} INFO - DAG(s) 'example_sensors' retrieved from /home/airflow/.local/lib/python3.12/site-packages/airflow/example_dags/example_sensors.py
[2026-04-28T21:23:41.724+0000] {logging_mixin.py:188} INFO - [2026-04-28T21:23:41.724+0000] {dag.py:3096} INFO - Sync 1 DAGs
[2026-04-28T21:23:41.767+0000] {logging_mixin.py:188} INFO - [2026-04-28T21:23:41.767+0000] {dag.py:3954} INFO - Setting next_dagrun for example_sensors to None, run_after=None
[2026-04-28T21:23:41.878+0000] {processor.py:183} INFO - Processing /home/airflow/.local/lib/python3.12/site-packages/airflow/example_dags/example_sensors.py took 0.458 seconds
[2026-04-28T21:24:12.595+0000] {processor.py:161} INFO - Started process (PID=511) to work on /home/airflow/.local/lib/python3.12/site-packages/airflow/example_dags/example_sensors.py
[2026-04-28T21:24:12.601+0000] {processor.py:830} INFO - Processing file /home/airflow/.local/lib/python3.12/site-packages/airflow/example_dags/example_sensors.py for tasks to queue
[2026-04-28T21:24:12.609+0000] {logging_mixin.py:188} INFO - [2026-04-28T21:24:12.608+0000] {dagbag.py:540} INFO - Filling up the DagBag from /home/airflow/.local/lib/python3.12/site-packages/airflow/example_dags/example_sensors.py
[2026-04-28T21:24:12.638+0000] {processor.py:840} INFO - DAG(s) 'example_sensors' retrieved from /home/airflow/.local/lib/python3.12/site-packages/airflow/example_dags/example_sensors.py
[2026-04-28T21:24:12.789+0000] {logging_mixin.py:188} INFO - [2026-04-28T21:24:12.788+0000] {dag.py:3096} INFO - Sync 1 DAGs
[2026-04-28T21:24:12.822+0000] {logging_mixin.py:188} INFO - [2026-04-28T21:24:12.822+0000] {dag.py:3954} INFO - Setting next_dagrun for example_sensors to None, run_after=None
[2026-04-28T21:24:12.869+0000] {processor.py:183} INFO - Processing /home/airflow/.local/lib/python3.12/site-packages/airflow/example_dags/example_sensors.py took 0.300 seconds
[2026-04-28T21:24:43.297+0000] {processor.py:161} INFO - Started process (PID=571) to work on /home/airflow/.local/lib/python3.12/site-packages/airflow/example_dags/example_sensors.py
[2026-04-28T21:24:43.298+0000] {processor.py:830} INFO - Processing file /home/airflow/.local/lib/python3.12/site-packages/airflow/example_dags/example_sensors.py for tasks to queue
[2026-04-28T21:24:43.300+0000] {logging_mixin.py:188} INFO - [2026-04-28T21:24:43.300+0000] {dagbag.py:540} INFO - Filling up the DagBag from /home/airflow/.local/lib/python3.12/site-packages/airflow/example_dags/example_sensors.py
[2026-04-28T21:24:43.315+0000] {processor.py:840} INFO - DAG(s) 'example_sensors' retrieved from /home/airflow/.local/lib/python3.12/site-packages/airflow/example_dags/example_sensors.py
[2026-04-28T21:24:43.348+0000] {logging_mixin.py:188} INFO - [2026-04-28T21:24:43.348+0000] {dag.py:3096} INFO - Sync 1 DAGs
[2026-04-28T21:24:43.362+0000] {logging_mixin.py:188} INFO - [2026-04-28T21:24:43.362+0000] {dag.py:3954} INFO - Setting next_dagrun for example_sensors to None, run_after=None
[2026-04-28T21:24:43.391+0000] {processor.py:183} INFO - Processing /home/airflow/.local/lib/python3.12/site-packages/airflow/example_dags/example_sensors.py took 0.101 seconds
[2026-04-28T21:25:14.568+0000] {processor.py:161} INFO - Started process (PID=631) to work on /home/airflow/.local/lib/python3.12/site-packages/airflow/example_dags/example_sensors.py
[2026-04-28T21:25:14.580+0000] {processor.py:830} INFO - Processing file /home/airflow/.local/lib/python3.12/site-packages/airflow/example_dags/example_sensors.py for tasks to queue
[2026-04-28T21:25:14.598+0000] {logging_mixin.py:188} INFO - [2026-04-28T21:25:14.594+0000] {dagbag.py:540} INFO - Filling up the DagBag from /home/airflow/.local/lib/python3.12/site-packages/airflow/example_dags/example_sensors.py
[2026-04-28T21:25:14.637+0000] {processor.py:840} INFO - DAG(s) 'example_sensors' retrieved from /home/airflow/.local/lib/python3.12/site-packages/airflow/example_dags/example_sensors.py
[2026-04-28T21:25:14.707+0000] {logging_mixin.py:188} INFO - [2026-04-28T21:25:14.707+0000] {dag.py:3096} INFO - Sync 1 DAGs
[2026-04-28T21:25:14.737+0000] {logging_mixin.py:188} INFO - [2026-04-28T21:25:14.736+0000] {dag.py:3954} INFO - Setting next_dagrun for example_sensors to None, run_after=None
[2026-04-28T21:25:14.768+0000] {processor.py:183} INFO - Processing /home/airflow/.local/lib/python3.12/site-packages/airflow/example_dags/example_sensors.py took 0.291 seconds
[2026-04-28T21:25:45.698+0000] {processor.py:161} INFO - Started process (PID=691) to work on /home/airflow/.local/lib/python3.12/site-packages/airflow/example_dags/example_sensors.py
[2026-04-28T21:25:45.700+0000] {processor.py:830} INFO - Processing file /home/airflow/.local/lib/python3.12/site-packages/airflow/example_dags/example_sensors.py for tasks to queue
[2026-04-28T21:25:45.702+0000] {logging_mixin.py:188} INFO - [2026-04-28T21:25:45.702+0000] {dagbag.py:540} INFO - Filling up the DagBag from /home/airflow/.local/lib/python3.12/site-packages/airflow/example_dags/example_sensors.py
[2026-04-28T21:25:45.714+0000] {processor.py:840} INFO - DAG(s) 'example_sensors' retrieved from /home/airflow/.local/lib/python3.12/site-packages/airflow/example_dags/example_sensors.py
[2026-04-28T21:25:45.743+0000] {logging_mixin.py:188} INFO - [2026-04-28T21:25:45.743+0000] {dag.py:3096} INFO - Sync 1 DAGs
[2026-04-28T21:25:45.758+0000] {logging_mixin.py:188} INFO - [2026-04-28T21:25:45.758+0000] {dag.py:3954} INFO - Setting next_dagrun for example_sensors to None, run_after=None
[2026-04-28T21:25:45.777+0000] {processor.py:183} INFO - Processing /home/airflow/.local/lib/python3.12/site-packages/airflow/example_dags/example_sensors.py took 0.086 seconds
[2026-04-28T21:26:15.944+0000] {processor.py:161} INFO - Started process (PID=751) to work on /home/airflow/.local/lib/python3.12/site-packages/airflow/example_dags/example_sensors.py
[2026-04-28T21:26:15.948+0000] {processor.py:830} INFO - Processing file /home/airflow/.local/lib/python3.12/site-packages/airflow/example_dags/example_sensors.py for tasks to queue
[2026-04-28T21:26:15.962+0000] {logging_mixin.py:188} INFO - [2026-04-28T21:26:15.961+0000] {dagbag.py:540} INFO - Filling up the DagBag from /home/airflow/.local/lib/python3.12/site-packages/airflow/example_dags/example_sensors.py
[2026-04-28T21:26:16.012+0000] {processor.py:840} INFO - DAG(s) 'example_sensors' retrieved from /home/airflow/.local/lib/python3.12/site-packages/airflow/example_dags/example_sensors.py
[2026-04-28T21:26:16.123+0000] {logging_mixin.py:188} INFO - [2026-04-28T21:26:16.123+0000] {dag.py:3096} INFO - Sync 1 DAGs
[2026-04-28T21:26:16.166+0000] {logging_mixin.py:188} INFO - [2026-04-28T21:26:16.165+0000] {dag.py:3954} INFO - Setting next_dagrun for example_sensors to None, run_after=None
[2026-04-28T21:26:16.223+0000] {processor.py:183} INFO - Processing /home/airflow/.local/lib/python3.12/site-packages/airflow/example_dags/example_sensors.py took 0.288 seconds
[2026-04-28T21:26:46.452+0000] {processor.py:161} INFO - Started process (PID=811) to work on /home/airflow/.local/lib/python3.12/site-packages/airflow/example_dags/example_sensors.py
[2026-04-28T21:26:46.454+0000] {processor.py:830} INFO - Processing file /home/airflow/.local/lib/python3.12/site-packages/airflow/example_dags/example_sensors.py for tasks to queue
[2026-04-28T21:26:46.459+0000] {logging_mixin.py:188} INFO - [2026-04-28T21:26:46.458+0000] {dagbag.py:540} INFO - Filling up the DagBag from /home/airflow/.local/lib/python3.12/site-packages/airflow/example_dags/example_sensors.py
[2026-04-28T21:26:46.478+0000] {processor.py:840} INFO - DAG(s) 'example_sensors' retrieved from /home/airflow/.local/lib/python3.12/site-packages/airflow/example_dags/example_sensors.py
[2026-04-28T21:26:46.512+0000] {logging_mixin.py:188} INFO - [2026-04-28T21:26:46.511+0000] {dag.py:3096} INFO - Sync 1 DAGs
[2026-04-28T21:26:46.526+0000] {logging_mixin.py:188} INFO - [2026-04-28T21:26:46.526+0000] {dag.py:3954} INFO - Setting next_dagrun for example_sensors to None, run_after=None
[2026-04-28T21:26:46.545+0000] {processor.py:183} INFO - Processing /home/airflow/.local/lib/python3.12/site-packages/airflow/example_dags/example_sensors.py took 0.099 seconds
[2026-04-28T21:27:17.082+0000] {processor.py:161} INFO - Started process (PID=871) to work on /home/airflow/.local/lib/python3.12/site-packages/airflow/example_dags/example_sensors.py
[2026-04-28T21:27:17.084+0000] {processor.py:830} INFO - Processing file /home/airflow/.local/lib/python3.12/site-packages/airflow/example_dags/example_sensors.py for tasks to queue
[2026-04-28T21:27:17.087+0000] {logging_mixin.py:188} INFO - [2026-04-28T21:27:17.086+0000] {dagbag.py:540} INFO - Filling up the DagBag from /home/airflow/.local/lib/python3.12/site-packages/airflow/example_dags/example_sensors.py
[2026-04-28T21:27:17.114+0000] {processor.py:840} INFO - DAG(s) 'example_sensors' retrieved from /home/airflow/.local/lib/python3.12/site-packages/airflow/example_dags/example_sensors.py
[2026-04-28T21:27:17.172+0000] {logging_mixin.py:188} INFO - [2026-04-28T21:27:17.171+0000] {dag.py:3096} INFO - Sync 1 DAGs
[2026-04-28T21:27:17.235+0000] {logging_mixin.py:188} INFO - [2026-04-28T21:27:17.235+0000] {dag.py:3954} INFO - Setting next_dagrun for example_sensors to None, run_after=None
[2026-04-28T21:27:17.320+0000] {processor.py:183} INFO - Processing /home/airflow/.local/lib/python3.12/site-packages/airflow/example_dags/example_sensors.py took 0.248 seconds
[2026-04-28T21:27:48.032+0000] {processor.py:161} INFO - Started process (PID=930) to work on /home/airflow/.local/lib/python3.12/site-packages/airflow/example_dags/example_sensors.py
[2026-04-28T21:27:48.033+0000] {processor.py:830} INFO - Processing file /home/airflow/.local/lib/python3.12/site-packages/airflow/example_dags/example_sensors.py for tasks to queue
[2026-04-28T21:27:48.035+0000] {logging_mixin.py:188} INFO - [2026-04-28T21:27:48.035+0000] {dagbag.py:540} INFO - Filling up the DagBag from /home/airflow/.local/lib/python3.12/site-packages/airflow/example_dags/example_sensors.py
[2026-04-28T21:27:48.047+0000] {processor.py:840} INFO - DAG(s) 'example_sensors' retrieved from /home/airflow/.local/lib/python3.12/site-packages/airflow/example_dags/example_sensors.py
[2026-04-28T21:27:48.093+0000] {logging_mixin.py:188} INFO - [2026-04-28T21:27:48.093+0000] {dag.py:3096} INFO - Sync 1 DAGs
[2026-04-28T21:27:48.113+0000] {logging_mixin.py:188} INFO - [2026-04-28T21:27:48.112+0000] {dag.py:3954} INFO - Setting next_dagrun for example_sensors to None, run_after=None
[2026-04-28T21:27:48.132+0000] {processor.py:183} INFO - Processing /home/airflow/.local/lib/python3.12/site-packages/airflow/example_dags/example_sensors.py took 0.108 seconds
[2026-04-28T21:28:18.286+0000] {processor.py:161} INFO - Started process (PID=989) to work on /home/airflow/.local/lib/python3.12/site-packages/airflow/example_dags/example_sensors.py
[2026-04-28T21:28:18.289+0000] {processor.py:830} INFO - Processing file /home/airflow/.local/lib/python3.12/site-packages/airflow/example_dags/example_sensors.py for tasks to queue
[2026-04-28T21:28:18.291+0000] {logging_mixin.py:188} INFO - [2026-04-28T21:28:18.291+0000] {dagbag.py:540} INFO - Filling up the DagBag from /home/airflow/.local/lib/python3.12/site-packages/airflow/example_dags/example_sensors.py
[2026-04-28T21:28:18.302+0000] {processor.py:840} INFO - DAG(s) 'example_sensors' retrieved from /home/airflow/.local/lib/python3.12/site-packages/airflow/example_dags/example_sensors.py
[2026-04-28T21:28:18.333+0000] {logging_mixin.py:188} INFO - [2026-04-28T21:28:18.332+0000] {dag.py:3096} INFO - Sync 1 DAGs
[2026-04-28T21:28:18.348+0000] {logging_mixin.py:188} INFO - [2026-04-28T21:28:18.348+0000] {dag.py:3954} INFO - Setting next_dagrun for example_sensors to None, run_after=None
[2026-04-28T21:28:18.370+0000] {processor.py:183} INFO - Processing /home/airflow/.local/lib/python3.12/site-packages/airflow/example_dags/example_sensors.py took 0.092 seconds
[2026-04-28T21:28:49.015+0000] {processor.py:161} INFO - Started process (PID=1049) to work on /home/airflow/.local/lib/python3.12/site-packages/airflow/example_dags/example_sensors.py
[2026-04-28T21:28:49.018+0000] {processor.py:830} INFO - Processing file /home/airflow/.local/lib/python3.12/site-packages/airflow/example_dags/example_sensors.py for tasks to queue
[2026-04-28T21:28:49.027+0000] {logging_mixin.py:188} INFO - [2026-04-28T21:28:49.027+0000] {dagbag.py:540} INFO - Filling up the DagBag from /home/airflow/.local/lib/python3.12/site-packages/airflow/example_dags/example_sensors.py
[2026-04-28T21:28:49.067+0000] {processor.py:840} INFO - DAG(s) 'example_sensors' retrieved from /home/airflow/.local/lib/python3.12/site-packages/airflow/example_dags/example_sensors.py
[2026-04-28T21:28:49.240+0000] {logging_mixin.py:188} INFO - [2026-04-28T21:28:49.239+0000] {dag.py:3096} INFO - Sync 1 DAGs
[2026-04-28T21:28:49.320+0000] {logging_mixin.py:188} INFO - [2026-04-28T21:28:49.320+0000] {dag.py:3954} INFO - Setting next_dagrun for example_sensors to None, run_after=None
[2026-04-28T21:28:49.389+0000] {processor.py:183} INFO - Processing /home/airflow/.local/lib/python3.12/site-packages/airflow/example_dags/example_sensors.py took 0.381 seconds
[2026-04-28T21:29:19.598+0000] {processor.py:161} INFO - Started process (PID=1108) to work on /home/airflow/.local/lib/python3.12/site-packages/airflow/example_dags/example_sensors.py
[2026-04-28T21:29:19.602+0000] {processor.py:830} INFO - Processing file /home/airflow/.local/lib/python3.12/site-packages/airflow/example_dags/example_sensors.py for tasks to queue
[2026-04-28T21:29:19.609+0000] {logging_mixin.py:188} INFO - [2026-04-28T21:29:19.608+0000] {dagbag.py:540} INFO - Filling up the DagBag from /home/airflow/.local/lib/python3.12/site-packages/airflow/example_dags/example_sensors.py
[2026-04-28T21:29:19.626+0000] {processor.py:840} INFO - DAG(s) 'example_sensors' retrieved from /home/airflow/.local/lib/python3.12/site-packages/airflow/example_dags/example_sensors.py
[2026-04-28T21:29:19.686+0000] {logging_mixin.py:188} INFO - [2026-04-28T21:29:19.685+0000] {dag.py:3096} INFO - Sync 1 DAGs
[2026-04-28T21:29:19.712+0000] {logging_mixin.py:188} INFO - [2026-04-28T21:29:19.712+0000] {dag.py:3954} INFO - Setting next_dagrun for example_sensors to None, run_after=None
[2026-04-28T21:29:19.764+0000] {processor.py:183} INFO - Processing /home/airflow/.local/lib/python3.12/site-packages/airflow/example_dags/example_sensors.py took 0.180 seconds
[2026-04-28T21:29:50.000+0000] {processor.py:161} INFO - Started process (PID=1166) to work on /home/airflow/.local/lib/python3.12/site-packages/airflow/example_dags/example_sensors.py
[2026-04-28T21:29:50.002+0000] {processor.py:830} INFO - Processing file /home/airflow/.local/lib/python3.12/site-packages/airflow/example_dags/example_sensors.py for tasks to queue
[2026-04-28T21:29:50.004+0000] {logging_mixin.py:188} INFO - [2026-04-28T21:29:50.004+0000] {dagbag.py:540} INFO - Filling up the DagBag from /home/airflow/.local/lib/python3.12/site-packages/airflow/example_dags/example_sensors.py
[2026-04-28T21:29:50.016+0000] {processor.py:840} INFO - DAG(s) 'example_sensors' retrieved from /home/airflow/.local/lib/python3.12/site-packages/airflow/example_dags/example_sensors.py
[2026-04-28T21:29:50.047+0000] {logging_mixin.py:188} INFO - [2026-04-28T21:29:50.047+0000] {dag.py:3096} INFO - Sync 1 DAGs
[2026-04-28T21:29:50.066+0000] {logging_mixin.py:188} INFO - [2026-04-28T21:29:50.066+0000] {dag.py:3954} INFO - Setting next_dagrun for example_sensors to None, run_after=None
[2026-04-28T21:29:50.362+0000] {processor.py:183} INFO - Processing /home/airflow/.local/lib/python3.12/site-packages/airflow/example_dags/example_sensors.py took 0.380 seconds
[2026-04-28T21:30:21.159+0000] {processor.py:161} INFO - Started process (PID=1226) to work on /home/airflow/.local/lib/python3.12/site-packages/airflow/example_dags/example_sensors.py
[2026-04-28T21:30:21.163+0000] {processor.py:830} INFO - Processing file /home/airflow/.local/lib/python3.12/site-packages/airflow/example_dags/example_sensors.py for tasks to queue
[2026-04-28T21:30:21.165+0000] {logging_mixin.py:188} INFO - [2026-04-28T21:30:21.164+0000] {dagbag.py:540} INFO - Filling up the DagBag from /home/airflow/.local/lib/python3.12/site-packages/airflow/example_dags/example_sensors.py
[2026-04-28T21:30:21.176+0000] {processor.py:840} INFO - DAG(s) 'example_sensors' retrieved from /home/airflow/.local/lib/python3.12/site-packages/airflow/example_dags/example_sensors.py
[2026-04-28T21:30:21.207+0000] {logging_mixin.py:188} INFO - [2026-04-28T21:30:21.207+0000] {dag.py:3096} INFO - Sync 1 DAGs
[2026-04-28T21:30:21.223+0000] {logging_mixin.py:188} INFO - [2026-04-28T21:30:21.222+0000] {dag.py:3954} INFO - Setting next_dagrun for example_sensors to None, run_after=None
[2026-04-28T21:30:21.479+0000] {processor.py:183} INFO - Processing /home/airflow/.local/lib/python3.12/site-packages/airflow/example_dags/example_sensors.py took 0.327 seconds
[2026-04-28T21:30:52.356+0000] {processor.py:161} INFO - Started process (PID=1285) to work on /home/airflow/.local/lib/python3.12/site-packages/airflow/example_dags/example_sensors.py
[2026-04-28T21:30:52.357+0000] {processor.py:830} INFO - Processing file /home/airflow/.local/lib/python3.12/site-packages/airflow/example_dags/example_sensors.py for tasks to queue
[2026-04-28T21:30:52.359+0000] {logging_mixin.py:188} INFO - [2026-04-28T21:30:52.359+0000] {dagbag.py:540} INFO - Filling up the DagBag from /home/airflow/.local/lib/python3.12/site-packages/airflow/example_dags/example_sensors.py
[2026-04-28T21:30:52.371+0000] {processor.py:840} INFO - DAG(s) 'example_sensors' retrieved from /home/airflow/.local/lib/python3.12/site-packages/airflow/example_dags/example_sensors.py
[2026-04-28T21:30:52.403+0000] {logging_mixin.py:188} INFO - [2026-04-28T21:30:52.403+0000] {dag.py:3096} INFO - Sync 1 DAGs
[2026-04-28T21:30:52.421+0000] {logging_mixin.py:188} INFO - [2026-04-28T21:30:52.421+0000] {dag.py:3954} INFO - Setting next_dagrun for example_sensors to None, run_after=None
[2026-04-28T21:30:52.444+0000] {processor.py:183} INFO - Processing /home/airflow/.local/lib/python3.12/site-packages/airflow/example_dags/example_sensors.py took 0.095 seconds
[2026-04-28T21:31:22.539+0000] {processor.py:161} INFO - Started process (PID=1344) to work on /home/airflow/.local/lib/python3.12/site-packages/airflow/example_dags/example_sensors.py
[2026-04-28T21:31:22.540+0000] {processor.py:830} INFO - Processing file /home/airflow/.local/lib/python3.12/site-packages/airflow/example_dags/example_sensors.py for tasks to queue
[2026-04-28T21:31:22.542+0000] {logging_mixin.py:188} INFO - [2026-04-28T21:31:22.542+0000] {dagbag.py:540} INFO - Filling up the DagBag from /home/airflow/.local/lib/python3.12/site-packages/airflow/example_dags/example_sensors.py
[2026-04-28T21:31:22.554+0000] {processor.py:840} INFO - DAG(s) 'example_sensors' retrieved from /home/airflow/.local/lib/python3.12/site-packages/airflow/example_dags/example_sensors.py
[2026-04-28T21:31:22.586+0000] {logging_mixin.py:188} INFO - [2026-04-28T21:31:22.585+0000] {dag.py:3096} INFO - Sync 1 DAGs
[2026-04-28T21:31:22.612+0000] {logging_mixin.py:188} INFO - [2026-04-28T21:31:22.612+0000] {dag.py:3954} INFO - Setting next_dagrun for example_sensors to None, run_after=None
[2026-04-28T21:31:22.633+0000] {processor.py:183} INFO - Processing /home/airflow/.local/lib/python3.12/site-packages/airflow/example_dags/example_sensors.py took 0.100 seconds
[2026-04-28T21:31:53.380+0000] {processor.py:161} INFO - Started process (PID=1404) to work on /home/airflow/.local/lib/python3.12/site-packages/airflow/example_dags/example_sensors.py
[2026-04-28T21:31:53.385+0000] {processor.py:830} INFO - Processing file /home/airflow/.local/lib/python3.12/site-packages/airflow/example_dags/example_sensors.py for tasks to queue
[2026-04-28T21:31:53.390+0000] {logging_mixin.py:188} INFO - [2026-04-28T21:31:53.390+0000] {dagbag.py:540} INFO - Filling up the DagBag from /home/airflow/.local/lib/python3.12/site-packages/airflow/example_dags/example_sensors.py
[2026-04-28T21:31:53.426+0000] {processor.py:840} INFO - DAG(s) 'example_sensors' retrieved from /home/airflow/.local/lib/python3.12/site-packages/airflow/example_dags/example_sensors.py
[2026-04-28T21:31:53.501+0000] {logging_mixin.py:188} INFO - [2026-04-28T21:31:53.498+0000] {dag.py:3096} INFO - Sync 1 DAGs
[2026-04-28T21:31:53.550+0000] {logging_mixin.py:188} INFO - [2026-04-28T21:31:53.549+0000] {dag.py:3954} INFO - Setting next_dagrun for example_sensors to None, run_after=None
[2026-04-28T21:31:53.610+0000] {processor.py:183} INFO - Processing /home/airflow/.local/lib/python3.12/site-packages/airflow/example_dags/example_sensors.py took 0.250 seconds
[2026-04-28T21:32:23.694+0000] {processor.py:161} INFO - Started process (PID=1464) to work on /home/airflow/.local/lib/python3.12/site-packages/airflow/example_dags/example_sensors.py
[2026-04-28T21:32:23.704+0000] {processor.py:830} INFO - Processing file /home/airflow/.local/lib/python3.12/site-packages/airflow/example_dags/example_sensors.py for tasks to queue
[2026-04-28T21:32:23.708+0000] {logging_mixin.py:188} INFO - [2026-04-28T21:32:23.708+0000] {dagbag.py:540} INFO - Filling up the DagBag from /home/airflow/.local/lib/python3.12/site-packages/airflow/example_dags/example_sensors.py
[2026-04-28T21:32:23.735+0000] {processor.py:840} INFO - DAG(s) 'example_sensors' retrieved from /home/airflow/.local/lib/python3.12/site-packages/airflow/example_dags/example_sensors.py
[2026-04-28T21:32:23.803+0000] {logging_mixin.py:188} INFO - [2026-04-28T21:32:23.802+0000] {dag.py:3096} INFO - Sync 1 DAGs
[2026-04-28T21:32:23.840+0000] {logging_mixin.py:188} INFO - [2026-04-28T21:32:23.840+0000] {dag.py:3954} INFO - Setting next_dagrun for example_sensors to None, run_after=None
[2026-04-28T21:32:23.895+0000] {processor.py:183} INFO - Processing /home/airflow/.local/lib/python3.12/site-packages/airflow/example_dags/example_sensors.py took 0.209 seconds
[2026-04-28T21:32:55.903+0000] {processor.py:161} INFO - Started process (PID=1524) to work on /home/airflow/.local/lib/python3.12/site-packages/airflow/example_dags/example_sensors.py
[2026-04-28T21:32:55.908+0000] {processor.py:830} INFO - Processing file /home/airflow/.local/lib/python3.12/site-packages/airflow/example_dags/example_sensors.py for tasks to queue
[2026-04-28T21:32:55.912+0000] {logging_mixin.py:188} INFO - [2026-04-28T21:32:55.911+0000] {dagbag.py:540} INFO - Filling up the DagBag from /home/airflow/.local/lib/python3.12/site-packages/airflow/example_dags/example_sensors.py
[2026-04-28T21:32:55.943+0000] {processor.py:840} INFO - DAG(s) 'example_sensors' retrieved from /home/airflow/.local/lib/python3.12/site-packages/airflow/example_dags/example_sensors.py
[2026-04-28T21:32:56.040+0000] {logging_mixin.py:188} INFO - [2026-04-28T21:32:56.039+0000] {dag.py:3096} INFO - Sync 1 DAGs
[2026-04-28T21:32:56.090+0000] {logging_mixin.py:188} INFO - [2026-04-28T21:32:56.090+0000] {dag.py:3954} INFO - Setting next_dagrun for example_sensors to None, run_after=None
[2026-04-28T21:32:56.143+0000] {processor.py:183} INFO - Processing /home/airflow/.local/lib/python3.12/site-packages/airflow/example_dags/example_sensors.py took 0.256 seconds
[2026-04-28T21:33:26.889+0000] {processor.py:161} INFO - Started process (PID=1583) to work on /home/airflow/.local/lib/python3.12/site-packages/airflow/example_dags/example_sensors.py
[2026-04-28T21:33:26.898+0000] {processor.py:830} INFO - Processing file /home/airflow/.local/lib/python3.12/site-packages/airflow/example_dags/example_sensors.py for tasks to queue
[2026-04-28T21:33:26.910+0000] {logging_mixin.py:188} INFO - [2026-04-28T21:33:26.910+0000] {dagbag.py:540} INFO - Filling up the DagBag from /home/airflow/.local/lib/python3.12/site-packages/airflow/example_dags/example_sensors.py
[2026-04-28T21:33:26.979+0000] {processor.py:840} INFO - DAG(s) 'example_sensors' retrieved from /home/airflow/.local/lib/python3.12/site-packages/airflow/example_dags/example_sensors.py
[2026-04-28T21:33:27.136+0000] {logging_mixin.py:188} INFO - [2026-04-28T21:33:27.135+0000] {dag.py:3096} INFO - Sync 1 DAGs
[2026-04-28T21:33:27.157+0000] {logging_mixin.py:188} INFO - [2026-04-28T21:33:27.156+0000] {dag.py:3954} INFO - Setting next_dagrun for example_sensors to None, run_after=None
[2026-04-28T21:33:27.334+0000] {processor.py:183} INFO - Processing /home/airflow/.local/lib/python3.12/site-packages/airflow/example_dags/example_sensors.py took 0.499 seconds
[2026-04-28T21:33:58.035+0000] {processor.py:161} INFO - Started process (PID=1644) to work on /home/airflow/.local/lib/python3.12/site-packages/airflow/example_dags/example_sensors.py
[2026-04-28T21:33:58.038+0000] {processor.py:830} INFO - Processing file /home/airflow/.local/lib/python3.12/site-packages/airflow/example_dags/example_sensors.py for tasks to queue
[2026-04-28T21:33:58.047+0000] {logging_mixin.py:188} INFO - [2026-04-28T21:33:58.044+0000] {dagbag.py:540} INFO - Filling up the DagBag from /home/airflow/.local/lib/python3.12/site-packages/airflow/example_dags/example_sensors.py
[2026-04-28T21:33:58.065+0000] {processor.py:840} INFO - DAG(s) 'example_sensors' retrieved from /home/airflow/.local/lib/python3.12/site-packages/airflow/example_dags/example_sensors.py
[2026-04-28T21:33:58.152+0000] {logging_mixin.py:188} INFO - [2026-04-28T21:33:58.151+0000] {dag.py:3096} INFO - Sync 1 DAGs
[2026-04-28T21:33:58.196+0000] {logging_mixin.py:188} INFO - [2026-04-28T21:33:58.193+0000] {dag.py:3954} INFO - Setting next_dagrun for example_sensors to None, run_after=None
[2026-04-28T21:33:58.236+0000] {processor.py:183} INFO - Processing /home/airflow/.local/lib/python3.12/site-packages/airflow/example_dags/example_sensors.py took 0.219 seconds
[2026-04-28T21:34:28.763+0000] {processor.py:161} INFO - Started process (PID=1703) to work on /home/airflow/.local/lib/python3.12/site-packages/airflow/example_dags/example_sensors.py
[2026-04-28T21:34:28.768+0000] {processor.py:830} INFO - Processing file /home/airflow/.local/lib/python3.12/site-packages/airflow/example_dags/example_sensors.py for tasks to queue
[2026-04-28T21:34:28.771+0000] {logging_mixin.py:188} INFO - [2026-04-28T21:34:28.770+0000] {dagbag.py:540} INFO - Filling up the DagBag from /home/airflow/.local/lib/python3.12/site-packages/airflow/example_dags/example_sensors.py
[2026-04-28T21:34:28.819+0000] {processor.py:840} INFO - DAG(s) 'example_sensors' retrieved from /home/airflow/.local/lib/python3.12/site-packages/airflow/example_dags/example_sensors.py
[2026-04-28T21:34:28.921+0000] {logging_mixin.py:188} INFO - [2026-04-28T21:34:28.921+0000] {dag.py:3096} INFO - Sync 1 DAGs
[2026-04-28T21:34:28.976+0000] {logging_mixin.py:188} INFO - [2026-04-28T21:34:28.976+0000] {dag.py:3954} INFO - Setting next_dagrun for example_sensors to None, run_after=None
[2026-04-28T21:34:29.097+0000] {processor.py:183} INFO - Processing /home/airflow/.local/lib/python3.12/site-packages/airflow/example_dags/example_sensors.py took 0.355 seconds
[2026-04-28T21:34:59.775+0000] {processor.py:161} INFO - Started process (PID=1763) to work on /home/airflow/.local/lib/python3.12/site-packages/airflow/example_dags/example_sensors.py
[2026-04-28T21:34:59.776+0000] {processor.py:830} INFO - Processing file /home/airflow/.local/lib/python3.12/site-packages/airflow/example_dags/example_sensors.py for tasks to queue
[2026-04-28T21:34:59.779+0000] {logging_mixin.py:188} INFO - [2026-04-28T21:34:59.778+0000] {dagbag.py:540} INFO - Filling up the DagBag from /home/airflow/.local/lib/python3.12/site-packages/airflow/example_dags/example_sensors.py
[2026-04-28T21:34:59.790+0000] {processor.py:840} INFO - DAG(s) 'example_sensors' retrieved from /home/airflow/.local/lib/python3.12/site-packages/airflow/example_dags/example_sensors.py
[2026-04-28T21:34:59.835+0000] {logging_mixin.py:188} INFO - [2026-04-28T21:34:59.835+0000] {dag.py:3096} INFO - Sync 1 DAGs
[2026-04-28T21:34:59.851+0000] {logging_mixin.py:188} INFO - [2026-04-28T21:34:59.851+0000] {dag.py:3954} INFO - Setting next_dagrun for example_sensors to None, run_after=None
[2026-04-28T21:34:59.872+0000] {processor.py:183} INFO - Processing /home/airflow/.local/lib/python3.12/site-packages/airflow/example_dags/example_sensors.py took 0.104 seconds
[2026-04-28T21:35:30.362+0000] {processor.py:161} INFO - Started process (PID=1824) to work on /home/airflow/.local/lib/python3.12/site-packages/airflow/example_dags/example_sensors.py
[2026-04-28T21:35:30.362+0000] {processor.py:830} INFO - Processing file /home/airflow/.local/lib/python3.12/site-packages/airflow/example_dags/example_sensors.py for tasks to queue
[2026-04-28T21:35:30.365+0000] {logging_mixin.py:188} INFO - [2026-04-28T21:35:30.364+0000] {dagbag.py:540} INFO - Filling up the DagBag from /home/airflow/.local/lib/python3.12/site-packages/airflow/example_dags/example_sensors.py
[2026-04-28T21:35:30.376+0000] {processor.py:840} INFO - DAG(s) 'example_sensors' retrieved from /home/airflow/.local/lib/python3.12/site-packages/airflow/example_dags/example_sensors.py
[2026-04-28T21:35:30.410+0000] {logging_mixin.py:188} INFO - [2026-04-28T21:35:30.410+0000] {dag.py:3096} INFO - Sync 1 DAGs
[2026-04-28T21:35:30.425+0000] {logging_mixin.py:188} INFO - [2026-04-28T21:35:30.425+0000] {dag.py:3954} INFO - Setting next_dagrun for example_sensors to None, run_after=None
[2026-04-28T21:35:30.446+0000] {processor.py:183} INFO - Processing /home/airflow/.local/lib/python3.12/site-packages/airflow/example_dags/example_sensors.py took 0.091 seconds
[2026-04-28T21:36:01.990+0000] {processor.py:161} INFO - Started process (PID=1884) to work on /home/airflow/.local/lib/python3.12/site-packages/airflow/example_dags/example_sensors.py
[2026-04-28T21:36:01.996+0000] {processor.py:830} INFO - Processing file /home/airflow/.local/lib/python3.12/site-packages/airflow/example_dags/example_sensors.py for tasks to queue
[2026-04-28T21:36:02.015+0000] {logging_mixin.py:188} INFO - [2026-04-28T21:36:02.011+0000] {dagbag.py:540} INFO - Filling up the DagBag from /home/airflow/.local/lib/python3.12/site-packages/airflow/example_dags/example_sensors.py
[2026-04-28T21:36:02.066+0000] {processor.py:840} INFO - DAG(s) 'example_sensors' retrieved from /home/airflow/.local/lib/python3.12/site-packages/airflow/example_dags/example_sensors.py
[2026-04-28T21:36:02.234+0000] {logging_mixin.py:188} INFO - [2026-04-28T21:36:02.222+0000] {dag.py:3096} INFO - Sync 1 DAGs
[2026-04-28T21:36:02.329+0000] {logging_mixin.py:188} INFO - [2026-04-28T21:36:02.323+0000] {dag.py:3954} INFO - Setting next_dagrun for example_sensors to None, run_after=None
[2026-04-28T21:36:02.542+0000] {processor.py:183} INFO - Processing /home/airflow/.local/lib/python3.12/site-packages/airflow/example_dags/example_sensors.py took 0.619 seconds
[2026-04-28T21:36:33.482+0000] {processor.py:161} INFO - Started process (PID=1944) to work on /home/airflow/.local/lib/python3.12/site-packages/airflow/example_dags/example_sensors.py
[2026-04-28T21:36:33.485+0000] {processor.py:830} INFO - Processing file /home/airflow/.local/lib/python3.12/site-packages/airflow/example_dags/example_sensors.py for tasks to queue
[2026-04-28T21:36:33.489+0000] {logging_mixin.py:188} INFO - [2026-04-28T21:36:33.489+0000] {dagbag.py:540} INFO - Filling up the DagBag from /home/airflow/.local/lib/python3.12/site-packages/airflow/example_dags/example_sensors.py
[2026-04-28T21:36:33.513+0000] {processor.py:840} INFO - DAG(s) 'example_sensors' retrieved from /home/airflow/.local/lib/python3.12/site-packages/airflow/example_dags/example_sensors.py
[2026-04-28T21:36:33.589+0000] {logging_mixin.py:188} INFO - [2026-04-28T21:36:33.589+0000] {dag.py:3096} INFO - Sync 1 DAGs
[2026-04-28T21:36:33.610+0000] {logging_mixin.py:188} INFO - [2026-04-28T21:36:33.608+0000] {dag.py:3954} INFO - Setting next_dagrun for example_sensors to None, run_after=None
[2026-04-28T21:36:33.667+0000] {processor.py:183} INFO - Processing /home/airflow/.local/lib/python3.12/site-packages/airflow/example_dags/example_sensors.py took 0.202 seconds
[2026-04-28T21:37:04.103+0000] {processor.py:161} INFO - Started process (PID=2004) to work on /home/airflow/.local/lib/python3.12/site-packages/airflow/example_dags/example_sensors.py
[2026-04-28T21:37:04.111+0000] {processor.py:830} INFO - Processing file /home/airflow/.local/lib/python3.12/site-packages/airflow/example_dags/example_sensors.py for tasks to queue
[2026-04-28T21:37:04.114+0000] {logging_mixin.py:188} INFO - [2026-04-28T21:37:04.113+0000] {dagbag.py:540} INFO - Filling up the DagBag from /home/airflow/.local/lib/python3.12/site-packages/airflow/example_dags/example_sensors.py
[2026-04-28T21:37:04.142+0000] {processor.py:840} INFO - DAG(s) 'example_sensors' retrieved from /home/airflow/.local/lib/python3.12/site-packages/airflow/example_dags/example_sensors.py
[2026-04-28T21:37:04.178+0000] {logging_mixin.py:188} INFO - [2026-04-28T21:37:04.178+0000] {dag.py:3096} INFO - Sync 1 DAGs
[2026-04-28T21:37:04.203+0000] {logging_mixin.py:188} INFO - [2026-04-28T21:37:04.203+0000] {dag.py:3954} INFO - Setting next_dagrun for example_sensors to None, run_after=None
[2026-04-28T21:37:04.266+0000] {processor.py:183} INFO - Processing /home/airflow/.local/lib/python3.12/site-packages/airflow/example_dags/example_sensors.py took 0.184 seconds
[2026-04-28T21:37:34.751+0000] {processor.py:161} INFO - Started process (PID=2063) to work on /home/airflow/.local/lib/python3.12/site-packages/airflow/example_dags/example_sensors.py
[2026-04-28T21:37:34.756+0000] {processor.py:830} INFO - Processing file /home/airflow/.local/lib/python3.12/site-packages/airflow/example_dags/example_sensors.py for tasks to queue
[2026-04-28T21:37:34.758+0000] {logging_mixin.py:188} INFO - [2026-04-28T21:37:34.758+0000] {dagbag.py:540} INFO - Filling up the DagBag from /home/airflow/.local/lib/python3.12/site-packages/airflow/example_dags/example_sensors.py
[2026-04-28T21:37:34.779+0000] {processor.py:840} INFO - DAG(s) 'example_sensors' retrieved from /home/airflow/.local/lib/python3.12/site-packages/airflow/example_dags/example_sensors.py
[2026-04-28T21:37:34.815+0000] {logging_mixin.py:188} INFO - [2026-04-28T21:37:34.815+0000] {dag.py:3096} INFO - Sync 1 DAGs
[2026-04-28T21:37:34.837+0000] {logging_mixin.py:188} INFO - [2026-04-28T21:37:34.837+0000] {dag.py:3954} INFO - Setting next_dagrun for example_sensors to None, run_after=None
[2026-04-28T21:37:34.907+0000] {processor.py:183} INFO - Processing /home/airflow/.local/lib/python3.12/site-packages/airflow/example_dags/example_sensors.py took 0.168 seconds
[2026-04-28T21:38:05.493+0000] {processor.py:161} INFO - Started process (PID=2128) to work on /home/airflow/.local/lib/python3.12/site-packages/airflow/example_dags/example_sensors.py
[2026-04-28T21:38:05.497+0000] {processor.py:830} INFO - Processing file /home/airflow/.local/lib/python3.12/site-packages/airflow/example_dags/example_sensors.py for tasks to queue
[2026-04-28T21:38:05.502+0000] {logging_mixin.py:188} INFO - [2026-04-28T21:38:05.502+0000] {dagbag.py:540} INFO - Filling up the DagBag from /home/airflow/.local/lib/python3.12/site-packages/airflow/example_dags/example_sensors.py
[2026-04-28T21:38:05.529+0000] {processor.py:840} INFO - DAG(s) 'example_sensors' retrieved from /home/airflow/.local/lib/python3.12/site-packages/airflow/example_dags/example_sensors.py
[2026-04-28T21:38:05.587+0000] {logging_mixin.py:188} INFO - [2026-04-28T21:38:05.587+0000] {dag.py:3096} INFO - Sync 1 DAGs
[2026-04-28T21:38:05.635+0000] {logging_mixin.py:188} INFO - [2026-04-28T21:38:05.635+0000] {dag.py:3954} INFO - Setting next_dagrun for example_sensors to None, run_after=None
[2026-04-28T21:38:05.706+0000] {processor.py:183} INFO - Processing /home/airflow/.local/lib/python3.12/site-packages/airflow/example_dags/example_sensors.py took 0.242 seconds
[2026-04-28T21:38:36.359+0000] {processor.py:161} INFO - Started process (PID=2188) to work on /home/airflow/.local/lib/python3.12/site-packages/airflow/example_dags/example_sensors.py
[2026-04-28T21:38:36.361+0000] {processor.py:830} INFO - Processing file /home/airflow/.local/lib/python3.12/site-packages/airflow/example_dags/example_sensors.py for tasks to queue
[2026-04-28T21:38:36.366+0000] {logging_mixin.py:188} INFO - [2026-04-28T21:38:36.366+0000] {dagbag.py:540} INFO - Filling up the DagBag from /home/airflow/.local/lib/python3.12/site-packages/airflow/example_dags/example_sensors.py
[2026-04-28T21:38:36.403+0000] {processor.py:840} INFO - DAG(s) 'example_sensors' retrieved from /home/airflow/.local/lib/python3.12/site-packages/airflow/example_dags/example_sensors.py
[2026-04-28T21:38:36.480+0000] {logging_mixin.py:188} INFO - [2026-04-28T21:38:36.480+0000] {dag.py:3096} INFO - Sync 1 DAGs
[2026-04-28T21:38:36.544+0000] {logging_mixin.py:188} INFO - [2026-04-28T21:38:36.544+0000] {dag.py:3954} INFO - Setting next_dagrun for example_sensors to None, run_after=None
[2026-04-28T21:38:36.593+0000] {processor.py:183} INFO - Processing /home/airflow/.local/lib/python3.12/site-packages/airflow/example_dags/example_sensors.py took 0.250 seconds
[2026-04-28T21:39:07.055+0000] {processor.py:161} INFO - Started process (PID=2247) to work on /home/airflow/.local/lib/python3.12/site-packages/airflow/example_dags/example_sensors.py
[2026-04-28T21:39:07.060+0000] {processor.py:830} INFO - Processing file /home/airflow/.local/lib/python3.12/site-packages/airflow/example_dags/example_sensors.py for tasks to queue
[2026-04-28T21:39:07.064+0000] {logging_mixin.py:188} INFO - [2026-04-28T21:39:07.061+0000] {dagbag.py:540} INFO - Filling up the DagBag from /home/airflow/.local/lib/python3.12/site-packages/airflow/example_dags/example_sensors.py
[2026-04-28T21:39:07.079+0000] {processor.py:840} INFO - DAG(s) 'example_sensors' retrieved from /home/airflow/.local/lib/python3.12/site-packages/airflow/example_dags/example_sensors.py
[2026-04-28T21:39:07.136+0000] {logging_mixin.py:188} INFO - [2026-04-28T21:39:07.135+0000] {dag.py:3096} INFO - Sync 1 DAGs
[2026-04-28T21:39:07.155+0000] {logging_mixin.py:188} INFO - [2026-04-28T21:39:07.154+0000] {dag.py:3954} INFO - Setting next_dagrun for example_sensors to None, run_after=None
[2026-04-28T21:39:07.178+0000] {processor.py:183} INFO - Processing /home/airflow/.local/lib/python3.12/site-packages/airflow/example_dags/example_sensors.py took 0.137 seconds
[2026-04-28T21:39:37.221+0000] {processor.py:161} INFO - Started process (PID=2307) to work on /home/airflow/.local/lib/python3.12/site-packages/airflow/example_dags/example_sensors.py
[2026-04-28T21:39:37.223+0000] {processor.py:830} INFO - Processing file /home/airflow/.local/lib/python3.12/site-packages/airflow/example_dags/example_sensors.py for tasks to queue
[2026-04-28T21:39:37.225+0000] {logging_mixin.py:188} INFO - [2026-04-28T21:39:37.225+0000] {dagbag.py:540} INFO - Filling up the DagBag from /home/airflow/.local/lib/python3.12/site-packages/airflow/example_dags/example_sensors.py
[2026-04-28T21:39:37.236+0000] {processor.py:840} INFO - DAG(s) 'example_sensors' retrieved from /home/airflow/.local/lib/python3.12/site-packages/airflow/example_dags/example_sensors.py
[2026-04-28T21:39:37.258+0000] {logging_mixin.py:188} INFO - [2026-04-28T21:39:37.258+0000] {dag.py:3096} INFO - Sync 1 DAGs
[2026-04-28T21:39:37.269+0000] {logging_mixin.py:188} INFO - [2026-04-28T21:39:37.269+0000] {dag.py:3954} INFO - Setting next_dagrun for example_sensors to None, run_after=None
[2026-04-28T21:39:37.284+0000] {processor.py:183} INFO - Processing /home/airflow/.local/lib/python3.12/site-packages/airflow/example_dags/example_sensors.py took 0.071 seconds
[2026-04-28T21:43:26.759+0000] {processor.py:161} INFO - Started process (PID=92) to work on /home/airflow/.local/lib/python3.12/site-packages/airflow/example_dags/example_sensors.py
[2026-04-28T21:43:26.764+0000] {processor.py:830} INFO - Processing file /home/airflow/.local/lib/python3.12/site-packages/airflow/example_dags/example_sensors.py for tasks to queue
[2026-04-28T21:43:26.768+0000] {logging_mixin.py:188} INFO - [2026-04-28T21:43:26.768+0000] {dagbag.py:540} INFO - Filling up the DagBag from /home/airflow/.local/lib/python3.12/site-packages/airflow/example_dags/example_sensors.py
[2026-04-28T21:43:26.803+0000] {processor.py:840} INFO - DAG(s) 'example_sensors' retrieved from /home/airflow/.local/lib/python3.12/site-packages/airflow/example_dags/example_sensors.py
[2026-04-28T21:43:27.345+0000] {logging_mixin.py:188} INFO - [2026-04-28T21:43:27.344+0000] {override.py:1829} INFO - Created Permission View: can delete on DAG:example_sensors
[2026-04-28T21:43:27.360+0000] {logging_mixin.py:188} INFO - [2026-04-28T21:43:27.359+0000] {override.py:1829} INFO - Created Permission View: can edit on DAG:example_sensors
[2026-04-28T21:43:27.376+0000] {logging_mixin.py:188} INFO - [2026-04-28T21:43:27.376+0000] {override.py:1829} INFO - Created Permission View: can read on DAG:example_sensors
[2026-04-28T21:43:27.377+0000] {logging_mixin.py:188} INFO - [2026-04-28T21:43:27.377+0000] {dag.py:3096} INFO - Sync 1 DAGs
[2026-04-28T21:43:27.425+0000] {logging_mixin.py:188} INFO - [2026-04-28T21:43:27.425+0000] {dag.py:3118} INFO - Creating ORM DAG for example_sensors
[2026-04-28T21:43:27.429+0000] {logging_mixin.py:188} INFO - [2026-04-28T21:43:27.429+0000] {dag.py:3954} INFO - Setting next_dagrun for example_sensors to None, run_after=None
[2026-04-28T21:43:27.653+0000] {processor.py:183} INFO - Processing /home/airflow/.local/lib/python3.12/site-packages/airflow/example_dags/example_sensors.py took 0.910 seconds
[2026-04-28T21:43:58.682+0000] {processor.py:161} INFO - Started process (PID=152) to work on /home/airflow/.local/lib/python3.12/site-packages/airflow/example_dags/example_sensors.py
[2026-04-28T21:43:58.685+0000] {processor.py:830} INFO - Processing file /home/airflow/.local/lib/python3.12/site-packages/airflow/example_dags/example_sensors.py for tasks to queue
[2026-04-28T21:43:58.688+0000] {logging_mixin.py:188} INFO - [2026-04-28T21:43:58.687+0000] {dagbag.py:540} INFO - Filling up the DagBag from /home/airflow/.local/lib/python3.12/site-packages/airflow/example_dags/example_sensors.py
[2026-04-28T21:43:58.703+0000] {processor.py:840} INFO - DAG(s) 'example_sensors' retrieved from /home/airflow/.local/lib/python3.12/site-packages/airflow/example_dags/example_sensors.py
[2026-04-28T21:43:58.744+0000] {logging_mixin.py:188} INFO - [2026-04-28T21:43:58.743+0000] {dag.py:3096} INFO - Sync 1 DAGs
[2026-04-28T21:43:58.784+0000] {logging_mixin.py:188} INFO - [2026-04-28T21:43:58.784+0000] {dag.py:3954} INFO - Setting next_dagrun for example_sensors to None, run_after=None
[2026-04-28T21:43:58.827+0000] {processor.py:183} INFO - Processing /home/airflow/.local/lib/python3.12/site-packages/airflow/example_dags/example_sensors.py took 0.171 seconds
[2026-04-28T21:44:29.268+0000] {processor.py:161} INFO - Started process (PID=211) to work on /home/airflow/.local/lib/python3.12/site-packages/airflow/example_dags/example_sensors.py
[2026-04-28T21:44:29.271+0000] {processor.py:830} INFO - Processing file /home/airflow/.local/lib/python3.12/site-packages/airflow/example_dags/example_sensors.py for tasks to queue
[2026-04-28T21:44:29.274+0000] {logging_mixin.py:188} INFO - [2026-04-28T21:44:29.273+0000] {dagbag.py:540} INFO - Filling up the DagBag from /home/airflow/.local/lib/python3.12/site-packages/airflow/example_dags/example_sensors.py
[2026-04-28T21:44:29.285+0000] {processor.py:840} INFO - DAG(s) 'example_sensors' retrieved from /home/airflow/.local/lib/python3.12/site-packages/airflow/example_dags/example_sensors.py
[2026-04-28T21:44:29.317+0000] {logging_mixin.py:188} INFO - [2026-04-28T21:44:29.317+0000] {dag.py:3096} INFO - Sync 1 DAGs
[2026-04-28T21:44:29.332+0000] {logging_mixin.py:188} INFO - [2026-04-28T21:44:29.332+0000] {dag.py:3954} INFO - Setting next_dagrun for example_sensors to None, run_after=None
[2026-04-28T21:44:29.354+0000] {processor.py:183} INFO - Processing /home/airflow/.local/lib/python3.12/site-packages/airflow/example_dags/example_sensors.py took 0.092 seconds
[2026-04-28T21:44:59.725+0000] {processor.py:161} INFO - Started process (PID=271) to work on /home/airflow/.local/lib/python3.12/site-packages/airflow/example_dags/example_sensors.py
[2026-04-28T21:44:59.729+0000] {processor.py:830} INFO - Processing file /home/airflow/.local/lib/python3.12/site-packages/airflow/example_dags/example_sensors.py for tasks to queue
[2026-04-28T21:44:59.734+0000] {logging_mixin.py:188} INFO - [2026-04-28T21:44:59.733+0000] {dagbag.py:540} INFO - Filling up the DagBag from /home/airflow/.local/lib/python3.12/site-packages/airflow/example_dags/example_sensors.py
[2026-04-28T21:44:59.759+0000] {processor.py:840} INFO - DAG(s) 'example_sensors' retrieved from /home/airflow/.local/lib/python3.12/site-packages/airflow/example_dags/example_sensors.py
[2026-04-28T21:44:59.824+0000] {logging_mixin.py:188} INFO - [2026-04-28T21:44:59.823+0000] {dag.py:3096} INFO - Sync 1 DAGs
[2026-04-28T21:44:59.879+0000] {logging_mixin.py:188} INFO - [2026-04-28T21:44:59.876+0000] {dag.py:3954} INFO - Setting next_dagrun for example_sensors to None, run_after=None
[2026-04-28T21:44:59.918+0000] {processor.py:183} INFO - Processing /home/airflow/.local/lib/python3.12/site-packages/airflow/example_dags/example_sensors.py took 0.209 seconds
[2026-04-28T21:45:30.216+0000] {processor.py:161} INFO - Started process (PID=331) to work on /home/airflow/.local/lib/python3.12/site-packages/airflow/example_dags/example_sensors.py
[2026-04-28T21:45:30.217+0000] {processor.py:830} INFO - Processing file /home/airflow/.local/lib/python3.12/site-packages/airflow/example_dags/example_sensors.py for tasks to queue
[2026-04-28T21:45:30.220+0000] {logging_mixin.py:188} INFO - [2026-04-28T21:45:30.220+0000] {dagbag.py:540} INFO - Filling up the DagBag from /home/airflow/.local/lib/python3.12/site-packages/airflow/example_dags/example_sensors.py
[2026-04-28T21:45:30.231+0000] {processor.py:840} INFO - DAG(s) 'example_sensors' retrieved from /home/airflow/.local/lib/python3.12/site-packages/airflow/example_dags/example_sensors.py
[2026-04-28T21:45:30.263+0000] {logging_mixin.py:188} INFO - [2026-04-28T21:45:30.263+0000] {dag.py:3096} INFO - Sync 1 DAGs
[2026-04-28T21:45:30.278+0000] {logging_mixin.py:188} INFO - [2026-04-28T21:45:30.277+0000] {dag.py:3954} INFO - Setting next_dagrun for example_sensors to None, run_after=None
[2026-04-28T21:45:30.302+0000] {processor.py:183} INFO - Processing /home/airflow/.local/lib/python3.12/site-packages/airflow/example_dags/example_sensors.py took 0.092 seconds
[2026-04-28T21:46:00.627+0000] {processor.py:161} INFO - Started process (PID=391) to work on /home/airflow/.local/lib/python3.12/site-packages/airflow/example_dags/example_sensors.py
[2026-04-28T21:46:00.628+0000] {processor.py:830} INFO - Processing file /home/airflow/.local/lib/python3.12/site-packages/airflow/example_dags/example_sensors.py for tasks to queue
[2026-04-28T21:46:00.637+0000] {logging_mixin.py:188} INFO - [2026-04-28T21:46:00.637+0000] {dagbag.py:540} INFO - Filling up the DagBag from /home/airflow/.local/lib/python3.12/site-packages/airflow/example_dags/example_sensors.py
[2026-04-28T21:46:00.665+0000] {processor.py:840} INFO - DAG(s) 'example_sensors' retrieved from /home/airflow/.local/lib/python3.12/site-packages/airflow/example_dags/example_sensors.py
[2026-04-28T21:46:00.706+0000] {logging_mixin.py:188} INFO - [2026-04-28T21:46:00.705+0000] {dag.py:3096} INFO - Sync 1 DAGs
[2026-04-28T21:46:00.727+0000] {logging_mixin.py:188} INFO - [2026-04-28T21:46:00.726+0000] {dag.py:3954} INFO - Setting next_dagrun for example_sensors to None, run_after=None
[2026-04-28T21:46:00.764+0000] {processor.py:183} INFO - Processing /home/airflow/.local/lib/python3.12/site-packages/airflow/example_dags/example_sensors.py took 0.152 seconds
[2026-04-28T21:46:30.818+0000] {processor.py:161} INFO - Started process (PID=450) to work on /home/airflow/.local/lib/python3.12/site-packages/airflow/example_dags/example_sensors.py
[2026-04-28T21:46:30.821+0000] {processor.py:830} INFO - Processing file /home/airflow/.local/lib/python3.12/site-packages/airflow/example_dags/example_sensors.py for tasks to queue
[2026-04-28T21:46:30.823+0000] {logging_mixin.py:188} INFO - [2026-04-28T21:46:30.823+0000] {dagbag.py:540} INFO - Filling up the DagBag from /home/airflow/.local/lib/python3.12/site-packages/airflow/example_dags/example_sensors.py
[2026-04-28T21:46:30.835+0000] {processor.py:840} INFO - DAG(s) 'example_sensors' retrieved from /home/airflow/.local/lib/python3.12/site-packages/airflow/example_dags/example_sensors.py
[2026-04-28T21:46:30.880+0000] {logging_mixin.py:188} INFO - [2026-04-28T21:46:30.879+0000] {dag.py:3096} INFO - Sync 1 DAGs
[2026-04-28T21:46:30.896+0000] {logging_mixin.py:188} INFO - [2026-04-28T21:46:30.895+0000] {dag.py:3954} INFO - Setting next_dagrun for example_sensors to None, run_after=None
[2026-04-28T21:46:30.918+0000] {processor.py:183} INFO - Processing /home/airflow/.local/lib/python3.12/site-packages/airflow/example_dags/example_sensors.py took 0.108 seconds
[2026-04-28T21:47:01.330+0000] {processor.py:161} INFO - Started process (PID=510) to work on /home/airflow/.local/lib/python3.12/site-packages/airflow/example_dags/example_sensors.py
[2026-04-28T21:47:01.333+0000] {processor.py:830} INFO - Processing file /home/airflow/.local/lib/python3.12/site-packages/airflow/example_dags/example_sensors.py for tasks to queue
[2026-04-28T21:47:01.335+0000] {logging_mixin.py:188} INFO - [2026-04-28T21:47:01.335+0000] {dagbag.py:540} INFO - Filling up the DagBag from /home/airflow/.local/lib/python3.12/site-packages/airflow/example_dags/example_sensors.py
[2026-04-28T21:47:01.354+0000] {processor.py:840} INFO - DAG(s) 'example_sensors' retrieved from /home/airflow/.local/lib/python3.12/site-packages/airflow/example_dags/example_sensors.py
[2026-04-28T21:47:01.396+0000] {logging_mixin.py:188} INFO - [2026-04-28T21:47:01.396+0000] {dag.py:3096} INFO - Sync 1 DAGs
[2026-04-28T21:47:01.412+0000] {logging_mixin.py:188} INFO - [2026-04-28T21:47:01.412+0000] {dag.py:3954} INFO - Setting next_dagrun for example_sensors to None, run_after=None
[2026-04-28T21:47:01.435+0000] {processor.py:183} INFO - Processing /home/airflow/.local/lib/python3.12/site-packages/airflow/example_dags/example_sensors.py took 0.118 seconds
[2026-04-28T21:47:31.892+0000] {processor.py:161} INFO - Started process (PID=570) to work on /home/airflow/.local/lib/python3.12/site-packages/airflow/example_dags/example_sensors.py
[2026-04-28T21:47:31.894+0000] {processor.py:830} INFO - Processing file /home/airflow/.local/lib/python3.12/site-packages/airflow/example_dags/example_sensors.py for tasks to queue
[2026-04-28T21:47:31.896+0000] {logging_mixin.py:188} INFO - [2026-04-28T21:47:31.896+0000] {dagbag.py:540} INFO - Filling up the DagBag from /home/airflow/.local/lib/python3.12/site-packages/airflow/example_dags/example_sensors.py
[2026-04-28T21:47:31.910+0000] {processor.py:840} INFO - DAG(s) 'example_sensors' retrieved from /home/airflow/.local/lib/python3.12/site-packages/airflow/example_dags/example_sensors.py
[2026-04-28T21:47:32.009+0000] {logging_mixin.py:188} INFO - [2026-04-28T21:47:32.009+0000] {dag.py:3096} INFO - Sync 1 DAGs
[2026-04-28T21:47:32.026+0000] {logging_mixin.py:188} INFO - [2026-04-28T21:47:32.026+0000] {dag.py:3954} INFO - Setting next_dagrun for example_sensors to None, run_after=None
[2026-04-28T21:47:32.051+0000] {processor.py:183} INFO - Processing /home/airflow/.local/lib/python3.12/site-packages/airflow/example_dags/example_sensors.py took 0.182 seconds
[2026-04-28T21:48:02.623+0000] {processor.py:161} INFO - Started process (PID=630) to work on /home/airflow/.local/lib/python3.12/site-packages/airflow/example_dags/example_sensors.py
[2026-04-28T21:48:02.624+0000] {processor.py:830} INFO - Processing file /home/airflow/.local/lib/python3.12/site-packages/airflow/example_dags/example_sensors.py for tasks to queue
[2026-04-28T21:48:02.627+0000] {logging_mixin.py:188} INFO - [2026-04-28T21:48:02.627+0000] {dagbag.py:540} INFO - Filling up the DagBag from /home/airflow/.local/lib/python3.12/site-packages/airflow/example_dags/example_sensors.py
[2026-04-28T21:48:02.647+0000] {processor.py:840} INFO - DAG(s) 'example_sensors' retrieved from /home/airflow/.local/lib/python3.12/site-packages/airflow/example_dags/example_sensors.py
[2026-04-28T21:48:02.736+0000] {logging_mixin.py:188} INFO - [2026-04-28T21:48:02.736+0000] {dag.py:3096} INFO - Sync 1 DAGs
[2026-04-28T21:48:02.755+0000] {logging_mixin.py:188} INFO - [2026-04-28T21:48:02.755+0000] {dag.py:3954} INFO - Setting next_dagrun for example_sensors to None, run_after=None
[2026-04-28T21:48:02.796+0000] {processor.py:183} INFO - Processing /home/airflow/.local/lib/python3.12/site-packages/airflow/example_dags/example_sensors.py took 0.180 seconds
[2026-04-28T21:48:33.658+0000] {processor.py:161} INFO - Started process (PID=690) to work on /home/airflow/.local/lib/python3.12/site-packages/airflow/example_dags/example_sensors.py
[2026-04-28T21:48:33.660+0000] {processor.py:830} INFO - Processing file /home/airflow/.local/lib/python3.12/site-packages/airflow/example_dags/example_sensors.py for tasks to queue
[2026-04-28T21:48:33.665+0000] {logging_mixin.py:188} INFO - [2026-04-28T21:48:33.664+0000] {dagbag.py:540} INFO - Filling up the DagBag from /home/airflow/.local/lib/python3.12/site-packages/airflow/example_dags/example_sensors.py
[2026-04-28T21:48:33.685+0000] {processor.py:840} INFO - DAG(s) 'example_sensors' retrieved from /home/airflow/.local/lib/python3.12/site-packages/airflow/example_dags/example_sensors.py
[2026-04-28T21:48:33.739+0000] {logging_mixin.py:188} INFO - [2026-04-28T21:48:33.739+0000] {dag.py:3096} INFO - Sync 1 DAGs
[2026-04-28T21:48:33.759+0000] {logging_mixin.py:188} INFO - [2026-04-28T21:48:33.759+0000] {dag.py:3954} INFO - Setting next_dagrun for example_sensors to None, run_after=None
[2026-04-28T21:48:33.785+0000] {processor.py:183} INFO - Processing /home/airflow/.local/lib/python3.12/site-packages/airflow/example_dags/example_sensors.py took 0.139 seconds
[2026-04-28T21:49:05.060+0000] {processor.py:161} INFO - Started process (PID=750) to work on /home/airflow/.local/lib/python3.12/site-packages/airflow/example_dags/example_sensors.py
[2026-04-28T21:49:05.064+0000] {processor.py:830} INFO - Processing file /home/airflow/.local/lib/python3.12/site-packages/airflow/example_dags/example_sensors.py for tasks to queue
[2026-04-28T21:49:05.065+0000] {logging_mixin.py:188} INFO - [2026-04-28T21:49:05.065+0000] {dagbag.py:540} INFO - Filling up the DagBag from /home/airflow/.local/lib/python3.12/site-packages/airflow/example_dags/example_sensors.py
[2026-04-28T21:49:05.089+0000] {processor.py:840} INFO - DAG(s) 'example_sensors' retrieved from /home/airflow/.local/lib/python3.12/site-packages/airflow/example_dags/example_sensors.py
[2026-04-28T21:49:05.155+0000] {logging_mixin.py:188} INFO - [2026-04-28T21:49:05.155+0000] {dag.py:3096} INFO - Sync 1 DAGs
[2026-04-28T21:49:05.187+0000] {logging_mixin.py:188} INFO - [2026-04-28T21:49:05.186+0000] {dag.py:3954} INFO - Setting next_dagrun for example_sensors to None, run_after=None
[2026-04-28T21:49:05.213+0000] {processor.py:183} INFO - Processing /home/airflow/.local/lib/python3.12/site-packages/airflow/example_dags/example_sensors.py took 0.161 seconds
[2026-04-28T21:49:42.304+0000] {processor.py:161} INFO - Started process (PID=810) to work on /home/airflow/.local/lib/python3.12/site-packages/airflow/example_dags/example_sensors.py
[2026-04-28T21:49:42.310+0000] {processor.py:830} INFO - Processing file /home/airflow/.local/lib/python3.12/site-packages/airflow/example_dags/example_sensors.py for tasks to queue
[2026-04-28T21:49:42.312+0000] {logging_mixin.py:188} INFO - [2026-04-28T21:49:42.312+0000] {dagbag.py:540} INFO - Filling up the DagBag from /home/airflow/.local/lib/python3.12/site-packages/airflow/example_dags/example_sensors.py
[2026-04-28T21:49:42.325+0000] {processor.py:840} INFO - DAG(s) 'example_sensors' retrieved from /home/airflow/.local/lib/python3.12/site-packages/airflow/example_dags/example_sensors.py
[2026-04-28T21:49:42.373+0000] {logging_mixin.py:188} INFO - [2026-04-28T21:49:42.373+0000] {dag.py:3096} INFO - Sync 1 DAGs
[2026-04-28T21:49:42.390+0000] {logging_mixin.py:188} INFO - [2026-04-28T21:49:42.389+0000] {dag.py:3954} INFO - Setting next_dagrun for example_sensors to None, run_after=None
[2026-04-28T21:49:42.449+0000] {processor.py:183} INFO - Processing /home/airflow/.local/lib/python3.12/site-packages/airflow/example_dags/example_sensors.py took 0.163 seconds
[2026-04-28T21:50:12.581+0000] {processor.py:161} INFO - Started process (PID=870) to work on /home/airflow/.local/lib/python3.12/site-packages/airflow/example_dags/example_sensors.py
[2026-04-28T21:50:12.584+0000] {processor.py:830} INFO - Processing file /home/airflow/.local/lib/python3.12/site-packages/airflow/example_dags/example_sensors.py for tasks to queue
[2026-04-28T21:50:12.586+0000] {logging_mixin.py:188} INFO - [2026-04-28T21:50:12.585+0000] {dagbag.py:540} INFO - Filling up the DagBag from /home/airflow/.local/lib/python3.12/site-packages/airflow/example_dags/example_sensors.py
[2026-04-28T21:50:12.598+0000] {processor.py:840} INFO - DAG(s) 'example_sensors' retrieved from /home/airflow/.local/lib/python3.12/site-packages/airflow/example_dags/example_sensors.py
[2026-04-28T21:50:12.675+0000] {logging_mixin.py:188} INFO - [2026-04-28T21:50:12.674+0000] {dag.py:3096} INFO - Sync 1 DAGs
[2026-04-28T21:50:12.707+0000] {logging_mixin.py:188} INFO - [2026-04-28T21:50:12.707+0000] {dag.py:3954} INFO - Setting next_dagrun for example_sensors to None, run_after=None
[2026-04-28T21:50:12.748+0000] {processor.py:183} INFO - Processing /home/airflow/.local/lib/python3.12/site-packages/airflow/example_dags/example_sensors.py took 0.176 seconds
[2026-04-28T21:50:45.736+0000] {processor.py:161} INFO - Started process (PID=936) to work on /home/airflow/.local/lib/python3.12/site-packages/airflow/example_dags/example_sensors.py
[2026-04-28T21:50:45.757+0000] {processor.py:830} INFO - Processing file /home/airflow/.local/lib/python3.12/site-packages/airflow/example_dags/example_sensors.py for tasks to queue
[2026-04-28T21:50:45.768+0000] {logging_mixin.py:188} INFO - [2026-04-28T21:50:45.765+0000] {dagbag.py:540} INFO - Filling up the DagBag from /home/airflow/.local/lib/python3.12/site-packages/airflow/example_dags/example_sensors.py
[2026-04-28T21:50:45.837+0000] {processor.py:840} INFO - DAG(s) 'example_sensors' retrieved from /home/airflow/.local/lib/python3.12/site-packages/airflow/example_dags/example_sensors.py
[2026-04-28T21:50:46.021+0000] {logging_mixin.py:188} INFO - [2026-04-28T21:50:46.017+0000] {dag.py:3096} INFO - Sync 1 DAGs
[2026-04-28T21:50:46.107+0000] {logging_mixin.py:188} INFO - [2026-04-28T21:50:46.107+0000] {dag.py:3954} INFO - Setting next_dagrun for example_sensors to None, run_after=None
[2026-04-28T21:50:46.204+0000] {processor.py:183} INFO - Processing /home/airflow/.local/lib/python3.12/site-packages/airflow/example_dags/example_sensors.py took 0.567 seconds
[2026-04-28T21:51:16.709+0000] {processor.py:161} INFO - Started process (PID=994) to work on /home/airflow/.local/lib/python3.12/site-packages/airflow/example_dags/example_sensors.py
[2026-04-28T21:51:16.711+0000] {processor.py:830} INFO - Processing file /home/airflow/.local/lib/python3.12/site-packages/airflow/example_dags/example_sensors.py for tasks to queue
[2026-04-28T21:51:16.713+0000] {logging_mixin.py:188} INFO - [2026-04-28T21:51:16.713+0000] {dagbag.py:540} INFO - Filling up the DagBag from /home/airflow/.local/lib/python3.12/site-packages/airflow/example_dags/example_sensors.py
[2026-04-28T21:51:16.725+0000] {processor.py:840} INFO - DAG(s) 'example_sensors' retrieved from /home/airflow/.local/lib/python3.12/site-packages/airflow/example_dags/example_sensors.py
[2026-04-28T21:51:16.757+0000] {logging_mixin.py:188} INFO - [2026-04-28T21:51:16.756+0000] {dag.py:3096} INFO - Sync 1 DAGs
[2026-04-28T21:51:16.772+0000] {logging_mixin.py:188} INFO - [2026-04-28T21:51:16.772+0000] {dag.py:3954} INFO - Setting next_dagrun for example_sensors to None, run_after=None
[2026-04-28T21:51:16.798+0000] {processor.py:183} INFO - Processing /home/airflow/.local/lib/python3.12/site-packages/airflow/example_dags/example_sensors.py took 0.096 seconds
[2026-04-28T21:51:46.873+0000] {processor.py:161} INFO - Started process (PID=1054) to work on /home/airflow/.local/lib/python3.12/site-packages/airflow/example_dags/example_sensors.py
[2026-04-28T21:51:46.877+0000] {processor.py:830} INFO - Processing file /home/airflow/.local/lib/python3.12/site-packages/airflow/example_dags/example_sensors.py for tasks to queue
[2026-04-28T21:51:46.881+0000] {logging_mixin.py:188} INFO - [2026-04-28T21:51:46.881+0000] {dagbag.py:540} INFO - Filling up the DagBag from /home/airflow/.local/lib/python3.12/site-packages/airflow/example_dags/example_sensors.py
[2026-04-28T21:51:46.898+0000] {processor.py:840} INFO - DAG(s) 'example_sensors' retrieved from /home/airflow/.local/lib/python3.12/site-packages/airflow/example_dags/example_sensors.py
[2026-04-28T21:51:46.924+0000] {logging_mixin.py:188} INFO - [2026-04-28T21:51:46.924+0000] {dag.py:3096} INFO - Sync 1 DAGs
[2026-04-28T21:51:46.938+0000] {logging_mixin.py:188} INFO - [2026-04-28T21:51:46.938+0000] {dag.py:3954} INFO - Setting next_dagrun for example_sensors to None, run_after=None
[2026-04-28T21:51:46.954+0000] {processor.py:183} INFO - Processing /home/airflow/.local/lib/python3.12/site-packages/airflow/example_dags/example_sensors.py took 0.086 seconds
[2026-04-28T21:52:17.379+0000] {processor.py:161} INFO - Started process (PID=1113) to work on /home/airflow/.local/lib/python3.12/site-packages/airflow/example_dags/example_sensors.py
[2026-04-28T21:52:17.382+0000] {processor.py:830} INFO - Processing file /home/airflow/.local/lib/python3.12/site-packages/airflow/example_dags/example_sensors.py for tasks to queue
[2026-04-28T21:52:17.386+0000] {logging_mixin.py:188} INFO - [2026-04-28T21:52:17.386+0000] {dagbag.py:540} INFO - Filling up the DagBag from /home/airflow/.local/lib/python3.12/site-packages/airflow/example_dags/example_sensors.py
[2026-04-28T21:52:17.403+0000] {processor.py:840} INFO - DAG(s) 'example_sensors' retrieved from /home/airflow/.local/lib/python3.12/site-packages/airflow/example_dags/example_sensors.py
[2026-04-28T21:52:17.438+0000] {logging_mixin.py:188} INFO - [2026-04-28T21:52:17.437+0000] {dag.py:3096} INFO - Sync 1 DAGs
[2026-04-28T21:52:17.456+0000] {logging_mixin.py:188} INFO - [2026-04-28T21:52:17.455+0000] {dag.py:3954} INFO - Setting next_dagrun for example_sensors to None, run_after=None
[2026-04-28T21:52:17.477+0000] {processor.py:183} INFO - Processing /home/airflow/.local/lib/python3.12/site-packages/airflow/example_dags/example_sensors.py took 0.106 seconds
[2026-04-28T21:52:48.386+0000] {processor.py:161} INFO - Started process (PID=1172) to work on /home/airflow/.local/lib/python3.12/site-packages/airflow/example_dags/example_sensors.py
[2026-04-28T21:52:48.389+0000] {processor.py:830} INFO - Processing file /home/airflow/.local/lib/python3.12/site-packages/airflow/example_dags/example_sensors.py for tasks to queue
[2026-04-28T21:52:48.391+0000] {logging_mixin.py:188} INFO - [2026-04-28T21:52:48.391+0000] {dagbag.py:540} INFO - Filling up the DagBag from /home/airflow/.local/lib/python3.12/site-packages/airflow/example_dags/example_sensors.py
[2026-04-28T21:52:48.404+0000] {processor.py:840} INFO - DAG(s) 'example_sensors' retrieved from /home/airflow/.local/lib/python3.12/site-packages/airflow/example_dags/example_sensors.py
[2026-04-28T21:52:48.440+0000] {logging_mixin.py:188} INFO - [2026-04-28T21:52:48.440+0000] {dag.py:3096} INFO - Sync 1 DAGs
[2026-04-28T21:52:48.454+0000] {logging_mixin.py:188} INFO - [2026-04-28T21:52:48.454+0000] {dag.py:3954} INFO - Setting next_dagrun for example_sensors to None, run_after=None
[2026-04-28T21:52:48.478+0000] {processor.py:183} INFO - Processing /home/airflow/.local/lib/python3.12/site-packages/airflow/example_dags/example_sensors.py took 0.097 seconds
[2026-04-28T21:53:18.638+0000] {processor.py:161} INFO - Started process (PID=1231) to work on /home/airflow/.local/lib/python3.12/site-packages/airflow/example_dags/example_sensors.py
[2026-04-28T21:53:18.641+0000] {processor.py:830} INFO - Processing file /home/airflow/.local/lib/python3.12/site-packages/airflow/example_dags/example_sensors.py for tasks to queue
[2026-04-28T21:53:18.644+0000] {logging_mixin.py:188} INFO - [2026-04-28T21:53:18.644+0000] {dagbag.py:540} INFO - Filling up the DagBag from /home/airflow/.local/lib/python3.12/site-packages/airflow/example_dags/example_sensors.py
[2026-04-28T21:53:18.664+0000] {processor.py:840} INFO - DAG(s) 'example_sensors' retrieved from /home/airflow/.local/lib/python3.12/site-packages/airflow/example_dags/example_sensors.py
[2026-04-28T21:53:18.790+0000] {logging_mixin.py:188} INFO - [2026-04-28T21:53:18.790+0000] {dag.py:3096} INFO - Sync 1 DAGs
[2026-04-28T21:53:19.533+0000] {logging_mixin.py:188} INFO - [2026-04-28T21:53:19.532+0000] {dag.py:3954} INFO - Setting next_dagrun for example_sensors to None, run_after=None
[2026-04-28T21:53:19.558+0000] {processor.py:183} INFO - Processing /home/airflow/.local/lib/python3.12/site-packages/airflow/example_dags/example_sensors.py took 0.964 seconds
[2026-04-28T21:53:49.812+0000] {processor.py:161} INFO - Started process (PID=1291) to work on /home/airflow/.local/lib/python3.12/site-packages/airflow/example_dags/example_sensors.py
[2026-04-28T21:53:49.814+0000] {processor.py:830} INFO - Processing file /home/airflow/.local/lib/python3.12/site-packages/airflow/example_dags/example_sensors.py for tasks to queue
[2026-04-28T21:53:49.820+0000] {logging_mixin.py:188} INFO - [2026-04-28T21:53:49.819+0000] {dagbag.py:540} INFO - Filling up the DagBag from /home/airflow/.local/lib/python3.12/site-packages/airflow/example_dags/example_sensors.py
[2026-04-28T21:53:49.845+0000] {processor.py:840} INFO - DAG(s) 'example_sensors' retrieved from /home/airflow/.local/lib/python3.12/site-packages/airflow/example_dags/example_sensors.py
[2026-04-28T21:53:49.885+0000] {logging_mixin.py:188} INFO - [2026-04-28T21:53:49.884+0000] {dag.py:3096} INFO - Sync 1 DAGs
[2026-04-28T21:53:49.902+0000] {logging_mixin.py:188} INFO - [2026-04-28T21:53:49.902+0000] {dag.py:3954} INFO - Setting next_dagrun for example_sensors to None, run_after=None
[2026-04-28T21:53:49.923+0000] {processor.py:183} INFO - Processing /home/airflow/.local/lib/python3.12/site-packages/airflow/example_dags/example_sensors.py took 0.119 seconds
[2026-04-28T21:54:20.718+0000] {processor.py:161} INFO - Started process (PID=1351) to work on /home/airflow/.local/lib/python3.12/site-packages/airflow/example_dags/example_sensors.py
[2026-04-28T21:54:20.719+0000] {processor.py:830} INFO - Processing file /home/airflow/.local/lib/python3.12/site-packages/airflow/example_dags/example_sensors.py for tasks to queue
[2026-04-28T21:54:20.722+0000] {logging_mixin.py:188} INFO - [2026-04-28T21:54:20.722+0000] {dagbag.py:540} INFO - Filling up the DagBag from /home/airflow/.local/lib/python3.12/site-packages/airflow/example_dags/example_sensors.py
[2026-04-28T21:54:20.738+0000] {processor.py:840} INFO - DAG(s) 'example_sensors' retrieved from /home/airflow/.local/lib/python3.12/site-packages/airflow/example_dags/example_sensors.py
[2026-04-28T21:54:20.772+0000] {logging_mixin.py:188} INFO - [2026-04-28T21:54:20.772+0000] {dag.py:3096} INFO - Sync 1 DAGs
[2026-04-28T21:54:20.792+0000] {logging_mixin.py:188} INFO - [2026-04-28T21:54:20.792+0000] {dag.py:3954} INFO - Setting next_dagrun for example_sensors to None, run_after=None
[2026-04-28T21:54:20.813+0000] {processor.py:183} INFO - Processing /home/airflow/.local/lib/python3.12/site-packages/airflow/example_dags/example_sensors.py took 0.102 seconds
[2026-04-28T21:54:50.962+0000] {processor.py:161} INFO - Started process (PID=1411) to work on /home/airflow/.local/lib/python3.12/site-packages/airflow/example_dags/example_sensors.py
[2026-04-28T21:54:50.965+0000] {processor.py:830} INFO - Processing file /home/airflow/.local/lib/python3.12/site-packages/airflow/example_dags/example_sensors.py for tasks to queue
[2026-04-28T21:54:50.967+0000] {logging_mixin.py:188} INFO - [2026-04-28T21:54:50.967+0000] {dagbag.py:540} INFO - Filling up the DagBag from /home/airflow/.local/lib/python3.12/site-packages/airflow/example_dags/example_sensors.py
[2026-04-28T21:54:50.978+0000] {processor.py:840} INFO - DAG(s) 'example_sensors' retrieved from /home/airflow/.local/lib/python3.12/site-packages/airflow/example_dags/example_sensors.py
[2026-04-28T21:54:51.013+0000] {logging_mixin.py:188} INFO - [2026-04-28T21:54:51.013+0000] {dag.py:3096} INFO - Sync 1 DAGs
[2026-04-28T21:54:51.028+0000] {logging_mixin.py:188} INFO - [2026-04-28T21:54:51.028+0000] {dag.py:3954} INFO - Setting next_dagrun for example_sensors to None, run_after=None
[2026-04-28T21:54:51.052+0000] {processor.py:183} INFO - Processing /home/airflow/.local/lib/python3.12/site-packages/airflow/example_dags/example_sensors.py took 0.096 seconds
[2026-04-28T21:55:21.256+0000] {processor.py:161} INFO - Started process (PID=1470) to work on /home/airflow/.local/lib/python3.12/site-packages/airflow/example_dags/example_sensors.py
[2026-04-28T21:55:21.259+0000] {processor.py:830} INFO - Processing file /home/airflow/.local/lib/python3.12/site-packages/airflow/example_dags/example_sensors.py for tasks to queue
[2026-04-28T21:55:21.262+0000] {logging_mixin.py:188} INFO - [2026-04-28T21:55:21.261+0000] {dagbag.py:540} INFO - Filling up the DagBag from /home/airflow/.local/lib/python3.12/site-packages/airflow/example_dags/example_sensors.py
[2026-04-28T21:55:21.273+0000] {processor.py:840} INFO - DAG(s) 'example_sensors' retrieved from /home/airflow/.local/lib/python3.12/site-packages/airflow/example_dags/example_sensors.py
[2026-04-28T21:55:21.304+0000] {logging_mixin.py:188} INFO - [2026-04-28T21:55:21.304+0000] {dag.py:3096} INFO - Sync 1 DAGs
[2026-04-28T21:55:21.319+0000] {logging_mixin.py:188} INFO - [2026-04-28T21:55:21.319+0000] {dag.py:3954} INFO - Setting next_dagrun for example_sensors to None, run_after=None
[2026-04-28T21:55:21.345+0000] {processor.py:183} INFO - Processing /home/airflow/.local/lib/python3.12/site-packages/airflow/example_dags/example_sensors.py took 0.099 seconds
[2026-04-28T21:55:51.477+0000] {processor.py:161} INFO - Started process (PID=1530) to work on /home/airflow/.local/lib/python3.12/site-packages/airflow/example_dags/example_sensors.py
[2026-04-28T21:55:51.478+0000] {processor.py:830} INFO - Processing file /home/airflow/.local/lib/python3.12/site-packages/airflow/example_dags/example_sensors.py for tasks to queue
[2026-04-28T21:55:51.490+0000] {logging_mixin.py:188} INFO - [2026-04-28T21:55:51.489+0000] {dagbag.py:540} INFO - Filling up the DagBag from /home/airflow/.local/lib/python3.12/site-packages/airflow/example_dags/example_sensors.py
[2026-04-28T21:55:51.575+0000] {processor.py:840} INFO - DAG(s) 'example_sensors' retrieved from /home/airflow/.local/lib/python3.12/site-packages/airflow/example_dags/example_sensors.py
[2026-04-28T21:55:51.859+0000] {logging_mixin.py:188} INFO - [2026-04-28T21:55:51.848+0000] {dag.py:3096} INFO - Sync 1 DAGs
[2026-04-28T21:55:51.967+0000] {logging_mixin.py:188} INFO - [2026-04-28T21:55:51.966+0000] {dag.py:3954} INFO - Setting next_dagrun for example_sensors to None, run_after=None
[2026-04-28T21:55:52.034+0000] {processor.py:183} INFO - Processing /home/airflow/.local/lib/python3.12/site-packages/airflow/example_dags/example_sensors.py took 0.567 seconds
[2026-04-28T21:56:22.361+0000] {processor.py:161} INFO - Started process (PID=1590) to work on /home/airflow/.local/lib/python3.12/site-packages/airflow/example_dags/example_sensors.py
[2026-04-28T21:56:22.369+0000] {processor.py:830} INFO - Processing file /home/airflow/.local/lib/python3.12/site-packages/airflow/example_dags/example_sensors.py for tasks to queue
[2026-04-28T21:56:22.372+0000] {logging_mixin.py:188} INFO - [2026-04-28T21:56:22.372+0000] {dagbag.py:540} INFO - Filling up the DagBag from /home/airflow/.local/lib/python3.12/site-packages/airflow/example_dags/example_sensors.py
[2026-04-28T21:56:22.384+0000] {processor.py:840} INFO - DAG(s) 'example_sensors' retrieved from /home/airflow/.local/lib/python3.12/site-packages/airflow/example_dags/example_sensors.py
[2026-04-28T21:56:22.417+0000] {logging_mixin.py:188} INFO - [2026-04-28T21:56:22.416+0000] {dag.py:3096} INFO - Sync 1 DAGs
[2026-04-28T21:56:22.434+0000] {logging_mixin.py:188} INFO - [2026-04-28T21:56:22.434+0000] {dag.py:3954} INFO - Setting next_dagrun for example_sensors to None, run_after=None
[2026-04-28T21:56:22.461+0000] {processor.py:183} INFO - Processing /home/airflow/.local/lib/python3.12/site-packages/airflow/example_dags/example_sensors.py took 0.107 seconds
[2026-04-28T21:56:52.608+0000] {processor.py:161} INFO - Started process (PID=1649) to work on /home/airflow/.local/lib/python3.12/site-packages/airflow/example_dags/example_sensors.py
[2026-04-28T21:56:52.610+0000] {processor.py:830} INFO - Processing file /home/airflow/.local/lib/python3.12/site-packages/airflow/example_dags/example_sensors.py for tasks to queue
[2026-04-28T21:56:52.613+0000] {logging_mixin.py:188} INFO - [2026-04-28T21:56:52.613+0000] {dagbag.py:540} INFO - Filling up the DagBag from /home/airflow/.local/lib/python3.12/site-packages/airflow/example_dags/example_sensors.py
[2026-04-28T21:56:52.638+0000] {processor.py:840} INFO - DAG(s) 'example_sensors' retrieved from /home/airflow/.local/lib/python3.12/site-packages/airflow/example_dags/example_sensors.py
[2026-04-28T21:56:52.741+0000] {logging_mixin.py:188} INFO - [2026-04-28T21:56:52.741+0000] {dag.py:3096} INFO - Sync 1 DAGs
[2026-04-28T21:56:52.801+0000] {logging_mixin.py:188} INFO - [2026-04-28T21:56:52.800+0000] {dag.py:3954} INFO - Setting next_dagrun for example_sensors to None, run_after=None
[2026-04-28T21:56:52.868+0000] {processor.py:183} INFO - Processing /home/airflow/.local/lib/python3.12/site-packages/airflow/example_dags/example_sensors.py took 0.272 seconds
[2026-04-28T21:59:19.695+0000] {processor.py:161} INFO - Started process (PID=91) to work on /home/airflow/.local/lib/python3.12/site-packages/airflow/example_dags/example_sensors.py
[2026-04-28T21:59:19.709+0000] {processor.py:830} INFO - Processing file /home/airflow/.local/lib/python3.12/site-packages/airflow/example_dags/example_sensors.py for tasks to queue
[2026-04-28T21:59:19.715+0000] {logging_mixin.py:188} INFO - [2026-04-28T21:59:19.715+0000] {dagbag.py:540} INFO - Filling up the DagBag from /home/airflow/.local/lib/python3.12/site-packages/airflow/example_dags/example_sensors.py
[2026-04-28T21:59:19.741+0000] {processor.py:840} INFO - DAG(s) 'example_sensors' retrieved from /home/airflow/.local/lib/python3.12/site-packages/airflow/example_dags/example_sensors.py
[2026-04-28T21:59:20.265+0000] {logging_mixin.py:188} INFO - [2026-04-28T21:59:20.263+0000] {override.py:1829} INFO - Created Permission View: can read on DAG:example_sensors
[2026-04-28T21:59:20.325+0000] {logging_mixin.py:188} INFO - [2026-04-28T21:59:20.318+0000] {override.py:1829} INFO - Created Permission View: can edit on DAG:example_sensors
[2026-04-28T21:59:20.425+0000] {logging_mixin.py:188} INFO - [2026-04-28T21:59:20.421+0000] {override.py:1829} INFO - Created Permission View: can delete on DAG:example_sensors
[2026-04-28T21:59:20.435+0000] {logging_mixin.py:188} INFO - [2026-04-28T21:59:20.431+0000] {dag.py:3096} INFO - Sync 1 DAGs
[2026-04-28T21:59:20.510+0000] {logging_mixin.py:188} INFO - [2026-04-28T21:59:20.509+0000] {dag.py:3118} INFO - Creating ORM DAG for example_sensors
[2026-04-28T21:59:20.512+0000] {logging_mixin.py:188} INFO - [2026-04-28T21:59:20.512+0000] {dag.py:3954} INFO - Setting next_dagrun for example_sensors to None, run_after=None
[2026-04-28T21:59:20.559+0000] {processor.py:183} INFO - Processing /home/airflow/.local/lib/python3.12/site-packages/airflow/example_dags/example_sensors.py took 0.892 seconds
[2026-04-28T21:59:50.697+0000] {processor.py:161} INFO - Started process (PID=151) to work on /home/airflow/.local/lib/python3.12/site-packages/airflow/example_dags/example_sensors.py
[2026-04-28T21:59:50.698+0000] {processor.py:830} INFO - Processing file /home/airflow/.local/lib/python3.12/site-packages/airflow/example_dags/example_sensors.py for tasks to queue
[2026-04-28T21:59:50.700+0000] {logging_mixin.py:188} INFO - [2026-04-28T21:59:50.700+0000] {dagbag.py:540} INFO - Filling up the DagBag from /home/airflow/.local/lib/python3.12/site-packages/airflow/example_dags/example_sensors.py
[2026-04-28T21:59:50.716+0000] {processor.py:840} INFO - DAG(s) 'example_sensors' retrieved from /home/airflow/.local/lib/python3.12/site-packages/airflow/example_dags/example_sensors.py
[2026-04-28T21:59:50.752+0000] {logging_mixin.py:188} INFO - [2026-04-28T21:59:50.752+0000] {dag.py:3096} INFO - Sync 1 DAGs
[2026-04-28T21:59:50.769+0000] {logging_mixin.py:188} INFO - [2026-04-28T21:59:50.769+0000] {dag.py:3954} INFO - Setting next_dagrun for example_sensors to None, run_after=None
[2026-04-28T21:59:50.793+0000] {processor.py:183} INFO - Processing /home/airflow/.local/lib/python3.12/site-packages/airflow/example_dags/example_sensors.py took 0.103 seconds
[2026-04-28T22:00:21.362+0000] {processor.py:161} INFO - Started process (PID=211) to work on /home/airflow/.local/lib/python3.12/site-packages/airflow/example_dags/example_sensors.py
[2026-04-28T22:00:21.365+0000] {processor.py:830} INFO - Processing file /home/airflow/.local/lib/python3.12/site-packages/airflow/example_dags/example_sensors.py for tasks to queue
[2026-04-28T22:00:21.368+0000] {logging_mixin.py:188} INFO - [2026-04-28T22:00:21.368+0000] {dagbag.py:540} INFO - Filling up the DagBag from /home/airflow/.local/lib/python3.12/site-packages/airflow/example_dags/example_sensors.py
[2026-04-28T22:00:21.380+0000] {processor.py:840} INFO - DAG(s) 'example_sensors' retrieved from /home/airflow/.local/lib/python3.12/site-packages/airflow/example_dags/example_sensors.py
[2026-04-28T22:00:21.435+0000] {logging_mixin.py:188} INFO - [2026-04-28T22:00:21.435+0000] {dag.py:3096} INFO - Sync 1 DAGs
[2026-04-28T22:00:21.469+0000] {logging_mixin.py:188} INFO - [2026-04-28T22:00:21.468+0000] {dag.py:3954} INFO - Setting next_dagrun for example_sensors to None, run_after=None
[2026-04-28T22:00:21.518+0000] {processor.py:183} INFO - Processing /home/airflow/.local/lib/python3.12/site-packages/airflow/example_dags/example_sensors.py took 0.175 seconds
[2026-04-28T22:00:52.123+0000] {processor.py:161} INFO - Started process (PID=272) to work on /home/airflow/.local/lib/python3.12/site-packages/airflow/example_dags/example_sensors.py
[2026-04-28T22:00:52.125+0000] {processor.py:830} INFO - Processing file /home/airflow/.local/lib/python3.12/site-packages/airflow/example_dags/example_sensors.py for tasks to queue
[2026-04-28T22:00:52.127+0000] {logging_mixin.py:188} INFO - [2026-04-28T22:00:52.126+0000] {dagbag.py:540} INFO - Filling up the DagBag from /home/airflow/.local/lib/python3.12/site-packages/airflow/example_dags/example_sensors.py
[2026-04-28T22:00:52.141+0000] {processor.py:840} INFO - DAG(s) 'example_sensors' retrieved from /home/airflow/.local/lib/python3.12/site-packages/airflow/example_dags/example_sensors.py
[2026-04-28T22:00:52.172+0000] {logging_mixin.py:188} INFO - [2026-04-28T22:00:52.172+0000] {dag.py:3096} INFO - Sync 1 DAGs
[2026-04-28T22:00:52.189+0000] {logging_mixin.py:188} INFO - [2026-04-28T22:00:52.188+0000] {dag.py:3954} INFO - Setting next_dagrun for example_sensors to None, run_after=None
[2026-04-28T22:00:52.213+0000] {processor.py:183} INFO - Processing /home/airflow/.local/lib/python3.12/site-packages/airflow/example_dags/example_sensors.py took 0.097 seconds
[2026-04-28T22:01:22.708+0000] {processor.py:161} INFO - Started process (PID=331) to work on /home/airflow/.local/lib/python3.12/site-packages/airflow/example_dags/example_sensors.py
[2026-04-28T22:01:22.709+0000] {processor.py:830} INFO - Processing file /home/airflow/.local/lib/python3.12/site-packages/airflow/example_dags/example_sensors.py for tasks to queue
[2026-04-28T22:01:22.711+0000] {logging_mixin.py:188} INFO - [2026-04-28T22:01:22.711+0000] {dagbag.py:540} INFO - Filling up the DagBag from /home/airflow/.local/lib/python3.12/site-packages/airflow/example_dags/example_sensors.py
[2026-04-28T22:01:22.722+0000] {processor.py:840} INFO - DAG(s) 'example_sensors' retrieved from /home/airflow/.local/lib/python3.12/site-packages/airflow/example_dags/example_sensors.py
[2026-04-28T22:01:22.752+0000] {logging_mixin.py:188} INFO - [2026-04-28T22:01:22.752+0000] {dag.py:3096} INFO - Sync 1 DAGs
[2026-04-28T22:01:22.770+0000] {logging_mixin.py:188} INFO - [2026-04-28T22:01:22.770+0000] {dag.py:3954} INFO - Setting next_dagrun for example_sensors to None, run_after=None
[2026-04-28T22:01:22.791+0000] {processor.py:183} INFO - Processing /home/airflow/.local/lib/python3.12/site-packages/airflow/example_dags/example_sensors.py took 0.090 seconds
[2026-04-28T22:01:52.931+0000] {processor.py:161} INFO - Started process (PID=391) to work on /home/airflow/.local/lib/python3.12/site-packages/airflow/example_dags/example_sensors.py
[2026-04-28T22:01:52.932+0000] {processor.py:830} INFO - Processing file /home/airflow/.local/lib/python3.12/site-packages/airflow/example_dags/example_sensors.py for tasks to queue
[2026-04-28T22:01:52.934+0000] {logging_mixin.py:188} INFO - [2026-04-28T22:01:52.933+0000] {dagbag.py:540} INFO - Filling up the DagBag from /home/airflow/.local/lib/python3.12/site-packages/airflow/example_dags/example_sensors.py
[2026-04-28T22:01:52.944+0000] {processor.py:840} INFO - DAG(s) 'example_sensors' retrieved from /home/airflow/.local/lib/python3.12/site-packages/airflow/example_dags/example_sensors.py
[2026-04-28T22:01:52.979+0000] {logging_mixin.py:188} INFO - [2026-04-28T22:01:52.978+0000] {dag.py:3096} INFO - Sync 1 DAGs
[2026-04-28T22:01:52.994+0000] {logging_mixin.py:188} INFO - [2026-04-28T22:01:52.993+0000] {dag.py:3954} INFO - Setting next_dagrun for example_sensors to None, run_after=None
[2026-04-28T22:01:53.014+0000] {processor.py:183} INFO - Processing /home/airflow/.local/lib/python3.12/site-packages/airflow/example_dags/example_sensors.py took 0.090 seconds
[2026-04-28T22:02:23.376+0000] {processor.py:161} INFO - Started process (PID=450) to work on /home/airflow/.local/lib/python3.12/site-packages/airflow/example_dags/example_sensors.py
[2026-04-28T22:02:23.377+0000] {processor.py:830} INFO - Processing file /home/airflow/.local/lib/python3.12/site-packages/airflow/example_dags/example_sensors.py for tasks to queue
[2026-04-28T22:02:23.379+0000] {logging_mixin.py:188} INFO - [2026-04-28T22:02:23.379+0000] {dagbag.py:540} INFO - Filling up the DagBag from /home/airflow/.local/lib/python3.12/site-packages/airflow/example_dags/example_sensors.py
[2026-04-28T22:02:23.390+0000] {processor.py:840} INFO - DAG(s) 'example_sensors' retrieved from /home/airflow/.local/lib/python3.12/site-packages/airflow/example_dags/example_sensors.py
[2026-04-28T22:02:23.425+0000] {logging_mixin.py:188} INFO - [2026-04-28T22:02:23.425+0000] {dag.py:3096} INFO - Sync 1 DAGs
[2026-04-28T22:02:23.440+0000] {logging_mixin.py:188} INFO - [2026-04-28T22:02:23.440+0000] {dag.py:3954} INFO - Setting next_dagrun for example_sensors to None, run_after=None
[2026-04-28T22:02:23.466+0000] {processor.py:183} INFO - Processing /home/airflow/.local/lib/python3.12/site-packages/airflow/example_dags/example_sensors.py took 0.097 seconds
[2026-04-28T22:02:53.672+0000] {processor.py:161} INFO - Started process (PID=509) to work on /home/airflow/.local/lib/python3.12/site-packages/airflow/example_dags/example_sensors.py
[2026-04-28T22:02:53.673+0000] {processor.py:830} INFO - Processing file /home/airflow/.local/lib/python3.12/site-packages/airflow/example_dags/example_sensors.py for tasks to queue
[2026-04-28T22:02:53.675+0000] {logging_mixin.py:188} INFO - [2026-04-28T22:02:53.675+0000] {dagbag.py:540} INFO - Filling up the DagBag from /home/airflow/.local/lib/python3.12/site-packages/airflow/example_dags/example_sensors.py
[2026-04-28T22:02:53.686+0000] {processor.py:840} INFO - DAG(s) 'example_sensors' retrieved from /home/airflow/.local/lib/python3.12/site-packages/airflow/example_dags/example_sensors.py
[2026-04-28T22:02:53.720+0000] {logging_mixin.py:188} INFO - [2026-04-28T22:02:53.720+0000] {dag.py:3096} INFO - Sync 1 DAGs
[2026-04-28T22:02:53.735+0000] {logging_mixin.py:188} INFO - [2026-04-28T22:02:53.735+0000] {dag.py:3954} INFO - Setting next_dagrun for example_sensors to None, run_after=None
[2026-04-28T22:02:53.756+0000] {processor.py:183} INFO - Processing /home/airflow/.local/lib/python3.12/site-packages/airflow/example_dags/example_sensors.py took 0.090 seconds
[2026-04-28T22:03:24.687+0000] {processor.py:161} INFO - Started process (PID=569) to work on /home/airflow/.local/lib/python3.12/site-packages/airflow/example_dags/example_sensors.py
[2026-04-28T22:03:24.689+0000] {processor.py:830} INFO - Processing file /home/airflow/.local/lib/python3.12/site-packages/airflow/example_dags/example_sensors.py for tasks to queue
[2026-04-28T22:03:24.691+0000] {logging_mixin.py:188} INFO - [2026-04-28T22:03:24.691+0000] {dagbag.py:540} INFO - Filling up the DagBag from /home/airflow/.local/lib/python3.12/site-packages/airflow/example_dags/example_sensors.py
[2026-04-28T22:03:24.702+0000] {processor.py:840} INFO - DAG(s) 'example_sensors' retrieved from /home/airflow/.local/lib/python3.12/site-packages/airflow/example_dags/example_sensors.py
[2026-04-28T22:03:24.736+0000] {logging_mixin.py:188} INFO - [2026-04-28T22:03:24.736+0000] {dag.py:3096} INFO - Sync 1 DAGs
[2026-04-28T22:03:24.751+0000] {logging_mixin.py:188} INFO - [2026-04-28T22:03:24.751+0000] {dag.py:3954} INFO - Setting next_dagrun for example_sensors to None, run_after=None
[2026-04-28T22:03:24.770+0000] {processor.py:183} INFO - Processing /home/airflow/.local/lib/python3.12/site-packages/airflow/example_dags/example_sensors.py took 0.089 seconds
[2026-04-28T22:03:55.517+0000] {processor.py:161} INFO - Started process (PID=629) to work on /home/airflow/.local/lib/python3.12/site-packages/airflow/example_dags/example_sensors.py
[2026-04-28T22:03:55.518+0000] {processor.py:830} INFO - Processing file /home/airflow/.local/lib/python3.12/site-packages/airflow/example_dags/example_sensors.py for tasks to queue
[2026-04-28T22:03:55.520+0000] {logging_mixin.py:188} INFO - [2026-04-28T22:03:55.520+0000] {dagbag.py:540} INFO - Filling up the DagBag from /home/airflow/.local/lib/python3.12/site-packages/airflow/example_dags/example_sensors.py
[2026-04-28T22:03:55.532+0000] {processor.py:840} INFO - DAG(s) 'example_sensors' retrieved from /home/airflow/.local/lib/python3.12/site-packages/airflow/example_dags/example_sensors.py
[2026-04-28T22:03:55.565+0000] {logging_mixin.py:188} INFO - [2026-04-28T22:03:55.565+0000] {dag.py:3096} INFO - Sync 1 DAGs
[2026-04-28T22:03:55.581+0000] {logging_mixin.py:188} INFO - [2026-04-28T22:03:55.581+0000] {dag.py:3954} INFO - Setting next_dagrun for example_sensors to None, run_after=None
[2026-04-28T22:03:55.600+0000] {processor.py:183} INFO - Processing /home/airflow/.local/lib/python3.12/site-packages/airflow/example_dags/example_sensors.py took 0.090 seconds
[2026-04-28T22:04:26.296+0000] {processor.py:161} INFO - Started process (PID=689) to work on /home/airflow/.local/lib/python3.12/site-packages/airflow/example_dags/example_sensors.py
[2026-04-28T22:04:26.300+0000] {processor.py:830} INFO - Processing file /home/airflow/.local/lib/python3.12/site-packages/airflow/example_dags/example_sensors.py for tasks to queue
[2026-04-28T22:04:26.304+0000] {logging_mixin.py:188} INFO - [2026-04-28T22:04:26.304+0000] {dagbag.py:540} INFO - Filling up the DagBag from /home/airflow/.local/lib/python3.12/site-packages/airflow/example_dags/example_sensors.py
[2026-04-28T22:04:26.335+0000] {processor.py:840} INFO - DAG(s) 'example_sensors' retrieved from /home/airflow/.local/lib/python3.12/site-packages/airflow/example_dags/example_sensors.py
[2026-04-28T22:04:26.381+0000] {logging_mixin.py:188} INFO - [2026-04-28T22:04:26.380+0000] {dag.py:3096} INFO - Sync 1 DAGs
[2026-04-28T22:04:26.397+0000] {logging_mixin.py:188} INFO - [2026-04-28T22:04:26.397+0000] {dag.py:3954} INFO - Setting next_dagrun for example_sensors to None, run_after=None
[2026-04-28T22:04:26.425+0000] {processor.py:183} INFO - Processing /home/airflow/.local/lib/python3.12/site-packages/airflow/example_dags/example_sensors.py took 0.150 seconds
[2026-04-28T22:04:56.981+0000] {processor.py:161} INFO - Started process (PID=749) to work on /home/airflow/.local/lib/python3.12/site-packages/airflow/example_dags/example_sensors.py
[2026-04-28T22:04:56.982+0000] {processor.py:830} INFO - Processing file /home/airflow/.local/lib/python3.12/site-packages/airflow/example_dags/example_sensors.py for tasks to queue
[2026-04-28T22:04:56.984+0000] {logging_mixin.py:188} INFO - [2026-04-28T22:04:56.983+0000] {dagbag.py:540} INFO - Filling up the DagBag from /home/airflow/.local/lib/python3.12/site-packages/airflow/example_dags/example_sensors.py
[2026-04-28T22:04:56.994+0000] {processor.py:840} INFO - DAG(s) 'example_sensors' retrieved from /home/airflow/.local/lib/python3.12/site-packages/airflow/example_dags/example_sensors.py
[2026-04-28T22:04:57.025+0000] {logging_mixin.py:188} INFO - [2026-04-28T22:04:57.025+0000] {dag.py:3096} INFO - Sync 1 DAGs
[2026-04-28T22:04:57.042+0000] {logging_mixin.py:188} INFO - [2026-04-28T22:04:57.042+0000] {dag.py:3954} INFO - Setting next_dagrun for example_sensors to None, run_after=None
[2026-04-28T22:04:57.068+0000] {processor.py:183} INFO - Processing /home/airflow/.local/lib/python3.12/site-packages/airflow/example_dags/example_sensors.py took 0.094 seconds
[2026-04-28T22:05:27.690+0000] {processor.py:161} INFO - Started process (PID=809) to work on /home/airflow/.local/lib/python3.12/site-packages/airflow/example_dags/example_sensors.py
[2026-04-28T22:05:27.693+0000] {processor.py:830} INFO - Processing file /home/airflow/.local/lib/python3.12/site-packages/airflow/example_dags/example_sensors.py for tasks to queue
[2026-04-28T22:05:27.697+0000] {logging_mixin.py:188} INFO - [2026-04-28T22:05:27.697+0000] {dagbag.py:540} INFO - Filling up the DagBag from /home/airflow/.local/lib/python3.12/site-packages/airflow/example_dags/example_sensors.py
[2026-04-28T22:05:27.749+0000] {processor.py:840} INFO - DAG(s) 'example_sensors' retrieved from /home/airflow/.local/lib/python3.12/site-packages/airflow/example_dags/example_sensors.py
[2026-04-28T22:05:27.813+0000] {logging_mixin.py:188} INFO - [2026-04-28T22:05:27.813+0000] {dag.py:3096} INFO - Sync 1 DAGs
[2026-04-28T22:05:27.842+0000] {logging_mixin.py:188} INFO - [2026-04-28T22:05:27.842+0000] {dag.py:3954} INFO - Setting next_dagrun for example_sensors to None, run_after=None
[2026-04-28T22:05:27.908+0000] {processor.py:183} INFO - Processing /home/airflow/.local/lib/python3.12/site-packages/airflow/example_dags/example_sensors.py took 0.238 seconds
[2026-04-28T22:05:58.911+0000] {processor.py:161} INFO - Started process (PID=869) to work on /home/airflow/.local/lib/python3.12/site-packages/airflow/example_dags/example_sensors.py
[2026-04-28T22:05:58.913+0000] {processor.py:830} INFO - Processing file /home/airflow/.local/lib/python3.12/site-packages/airflow/example_dags/example_sensors.py for tasks to queue
[2026-04-28T22:05:58.915+0000] {logging_mixin.py:188} INFO - [2026-04-28T22:05:58.914+0000] {dagbag.py:540} INFO - Filling up the DagBag from /home/airflow/.local/lib/python3.12/site-packages/airflow/example_dags/example_sensors.py
[2026-04-28T22:05:58.925+0000] {processor.py:840} INFO - DAG(s) 'example_sensors' retrieved from /home/airflow/.local/lib/python3.12/site-packages/airflow/example_dags/example_sensors.py
[2026-04-28T22:05:58.958+0000] {logging_mixin.py:188} INFO - [2026-04-28T22:05:58.957+0000] {dag.py:3096} INFO - Sync 1 DAGs
[2026-04-28T22:05:58.972+0000] {logging_mixin.py:188} INFO - [2026-04-28T22:05:58.972+0000] {dag.py:3954} INFO - Setting next_dagrun for example_sensors to None, run_after=None
[2026-04-28T22:05:58.994+0000] {processor.py:183} INFO - Processing /home/airflow/.local/lib/python3.12/site-packages/airflow/example_dags/example_sensors.py took 0.090 seconds
[2026-04-28T22:06:29.846+0000] {processor.py:161} INFO - Started process (PID=929) to work on /home/airflow/.local/lib/python3.12/site-packages/airflow/example_dags/example_sensors.py
[2026-04-28T22:06:29.847+0000] {processor.py:830} INFO - Processing file /home/airflow/.local/lib/python3.12/site-packages/airflow/example_dags/example_sensors.py for tasks to queue
[2026-04-28T22:06:29.849+0000] {logging_mixin.py:188} INFO - [2026-04-28T22:06:29.849+0000] {dagbag.py:540} INFO - Filling up the DagBag from /home/airflow/.local/lib/python3.12/site-packages/airflow/example_dags/example_sensors.py
[2026-04-28T22:06:29.873+0000] {processor.py:840} INFO - DAG(s) 'example_sensors' retrieved from /home/airflow/.local/lib/python3.12/site-packages/airflow/example_dags/example_sensors.py
[2026-04-28T22:06:29.949+0000] {logging_mixin.py:188} INFO - [2026-04-28T22:06:29.949+0000] {dag.py:3096} INFO - Sync 1 DAGs
[2026-04-28T22:06:29.979+0000] {logging_mixin.py:188} INFO - [2026-04-28T22:06:29.979+0000] {dag.py:3954} INFO - Setting next_dagrun for example_sensors to None, run_after=None
[2026-04-28T22:06:30.009+0000] {processor.py:183} INFO - Processing /home/airflow/.local/lib/python3.12/site-packages/airflow/example_dags/example_sensors.py took 0.170 seconds
[2026-04-28T22:07:00.551+0000] {processor.py:161} INFO - Started process (PID=989) to work on /home/airflow/.local/lib/python3.12/site-packages/airflow/example_dags/example_sensors.py
[2026-04-28T22:07:00.552+0000] {processor.py:830} INFO - Processing file /home/airflow/.local/lib/python3.12/site-packages/airflow/example_dags/example_sensors.py for tasks to queue
[2026-04-28T22:07:00.555+0000] {logging_mixin.py:188} INFO - [2026-04-28T22:07:00.555+0000] {dagbag.py:540} INFO - Filling up the DagBag from /home/airflow/.local/lib/python3.12/site-packages/airflow/example_dags/example_sensors.py
[2026-04-28T22:07:00.571+0000] {processor.py:840} INFO - DAG(s) 'example_sensors' retrieved from /home/airflow/.local/lib/python3.12/site-packages/airflow/example_dags/example_sensors.py
[2026-04-28T22:07:00.604+0000] {logging_mixin.py:188} INFO - [2026-04-28T22:07:00.603+0000] {dag.py:3096} INFO - Sync 1 DAGs
[2026-04-28T22:07:00.625+0000] {logging_mixin.py:188} INFO - [2026-04-28T22:07:00.624+0000] {dag.py:3954} INFO - Setting next_dagrun for example_sensors to None, run_after=None
[2026-04-28T22:07:00.650+0000] {processor.py:183} INFO - Processing /home/airflow/.local/lib/python3.12/site-packages/airflow/example_dags/example_sensors.py took 0.110 seconds
[2026-04-28T22:07:31.403+0000] {processor.py:161} INFO - Started process (PID=1049) to work on /home/airflow/.local/lib/python3.12/site-packages/airflow/example_dags/example_sensors.py
[2026-04-28T22:07:31.405+0000] {processor.py:830} INFO - Processing file /home/airflow/.local/lib/python3.12/site-packages/airflow/example_dags/example_sensors.py for tasks to queue
[2026-04-28T22:07:31.411+0000] {logging_mixin.py:188} INFO - [2026-04-28T22:07:31.411+0000] {dagbag.py:540} INFO - Filling up the DagBag from /home/airflow/.local/lib/python3.12/site-packages/airflow/example_dags/example_sensors.py
[2026-04-28T22:07:31.449+0000] {processor.py:840} INFO - DAG(s) 'example_sensors' retrieved from /home/airflow/.local/lib/python3.12/site-packages/airflow/example_dags/example_sensors.py
[2026-04-28T22:07:31.517+0000] {logging_mixin.py:188} INFO - [2026-04-28T22:07:31.517+0000] {dag.py:3096} INFO - Sync 1 DAGs
[2026-04-28T22:07:31.537+0000] {logging_mixin.py:188} INFO - [2026-04-28T22:07:31.534+0000] {dag.py:3954} INFO - Setting next_dagrun for example_sensors to None, run_after=None
[2026-04-28T22:07:31.578+0000] {processor.py:183} INFO - Processing /home/airflow/.local/lib/python3.12/site-packages/airflow/example_dags/example_sensors.py took 0.198 seconds
[2026-04-28T22:08:01.662+0000] {processor.py:161} INFO - Started process (PID=1109) to work on /home/airflow/.local/lib/python3.12/site-packages/airflow/example_dags/example_sensors.py
[2026-04-28T22:08:01.663+0000] {processor.py:830} INFO - Processing file /home/airflow/.local/lib/python3.12/site-packages/airflow/example_dags/example_sensors.py for tasks to queue
[2026-04-28T22:08:01.665+0000] {logging_mixin.py:188} INFO - [2026-04-28T22:08:01.664+0000] {dagbag.py:540} INFO - Filling up the DagBag from /home/airflow/.local/lib/python3.12/site-packages/airflow/example_dags/example_sensors.py
[2026-04-28T22:08:01.676+0000] {processor.py:840} INFO - DAG(s) 'example_sensors' retrieved from /home/airflow/.local/lib/python3.12/site-packages/airflow/example_dags/example_sensors.py
[2026-04-28T22:08:01.920+0000] {logging_mixin.py:188} INFO - [2026-04-28T22:08:01.920+0000] {dag.py:3096} INFO - Sync 1 DAGs
[2026-04-28T22:08:01.933+0000] {logging_mixin.py:188} INFO - [2026-04-28T22:08:01.933+0000] {dag.py:3954} INFO - Setting next_dagrun for example_sensors to None, run_after=None
[2026-04-28T22:08:01.956+0000] {processor.py:183} INFO - Processing /home/airflow/.local/lib/python3.12/site-packages/airflow/example_dags/example_sensors.py took 0.301 seconds
[2026-04-28T22:08:32.207+0000] {processor.py:161} INFO - Started process (PID=1170) to work on /home/airflow/.local/lib/python3.12/site-packages/airflow/example_dags/example_sensors.py
[2026-04-28T22:08:32.208+0000] {processor.py:830} INFO - Processing file /home/airflow/.local/lib/python3.12/site-packages/airflow/example_dags/example_sensors.py for tasks to queue
[2026-04-28T22:08:32.211+0000] {logging_mixin.py:188} INFO - [2026-04-28T22:08:32.210+0000] {dagbag.py:540} INFO - Filling up the DagBag from /home/airflow/.local/lib/python3.12/site-packages/airflow/example_dags/example_sensors.py
[2026-04-28T22:08:32.222+0000] {processor.py:840} INFO - DAG(s) 'example_sensors' retrieved from /home/airflow/.local/lib/python3.12/site-packages/airflow/example_dags/example_sensors.py
[2026-04-28T22:08:32.262+0000] {logging_mixin.py:188} INFO - [2026-04-28T22:08:32.262+0000] {dag.py:3096} INFO - Sync 1 DAGs
[2026-04-28T22:08:32.417+0000] {logging_mixin.py:188} INFO - [2026-04-28T22:08:32.417+0000] {dag.py:3954} INFO - Setting next_dagrun for example_sensors to None, run_after=None
[2026-04-28T22:08:32.431+0000] {processor.py:183} INFO - Processing /home/airflow/.local/lib/python3.12/site-packages/airflow/example_dags/example_sensors.py took 0.230 seconds
[2026-04-28T22:09:02.810+0000] {processor.py:161} INFO - Started process (PID=1228) to work on /home/airflow/.local/lib/python3.12/site-packages/airflow/example_dags/example_sensors.py
[2026-04-28T22:09:02.811+0000] {processor.py:830} INFO - Processing file /home/airflow/.local/lib/python3.12/site-packages/airflow/example_dags/example_sensors.py for tasks to queue
[2026-04-28T22:09:02.813+0000] {logging_mixin.py:188} INFO - [2026-04-28T22:09:02.813+0000] {dagbag.py:540} INFO - Filling up the DagBag from /home/airflow/.local/lib/python3.12/site-packages/airflow/example_dags/example_sensors.py
[2026-04-28T22:09:02.824+0000] {processor.py:840} INFO - DAG(s) 'example_sensors' retrieved from /home/airflow/.local/lib/python3.12/site-packages/airflow/example_dags/example_sensors.py
[2026-04-28T22:09:02.858+0000] {logging_mixin.py:188} INFO - [2026-04-28T22:09:02.858+0000] {dag.py:3096} INFO - Sync 1 DAGs
[2026-04-28T22:09:02.874+0000] {logging_mixin.py:188} INFO - [2026-04-28T22:09:02.874+0000] {dag.py:3954} INFO - Setting next_dagrun for example_sensors to None, run_after=None
[2026-04-28T22:09:02.895+0000] {processor.py:183} INFO - Processing /home/airflow/.local/lib/python3.12/site-packages/airflow/example_dags/example_sensors.py took 0.091 seconds
[2026-04-28T22:09:33.435+0000] {processor.py:161} INFO - Started process (PID=1288) to work on /home/airflow/.local/lib/python3.12/site-packages/airflow/example_dags/example_sensors.py
[2026-04-28T22:09:33.436+0000] {processor.py:830} INFO - Processing file /home/airflow/.local/lib/python3.12/site-packages/airflow/example_dags/example_sensors.py for tasks to queue
[2026-04-28T22:09:33.438+0000] {logging_mixin.py:188} INFO - [2026-04-28T22:09:33.438+0000] {dagbag.py:540} INFO - Filling up the DagBag from /home/airflow/.local/lib/python3.12/site-packages/airflow/example_dags/example_sensors.py
[2026-04-28T22:09:33.472+0000] {processor.py:840} INFO - DAG(s) 'example_sensors' retrieved from /home/airflow/.local/lib/python3.12/site-packages/airflow/example_dags/example_sensors.py
[2026-04-28T22:09:33.668+0000] {logging_mixin.py:188} INFO - [2026-04-28T22:09:33.667+0000] {dag.py:3096} INFO - Sync 1 DAGs
[2026-04-28T22:09:33.703+0000] {logging_mixin.py:188} INFO - [2026-04-28T22:09:33.702+0000] {dag.py:3954} INFO - Setting next_dagrun for example_sensors to None, run_after=None
[2026-04-28T22:09:33.792+0000] {processor.py:183} INFO - Processing /home/airflow/.local/lib/python3.12/site-packages/airflow/example_dags/example_sensors.py took 0.364 seconds
[2026-04-28T22:10:04.588+0000] {processor.py:161} INFO - Started process (PID=1348) to work on /home/airflow/.local/lib/python3.12/site-packages/airflow/example_dags/example_sensors.py
[2026-04-28T22:10:04.589+0000] {processor.py:830} INFO - Processing file /home/airflow/.local/lib/python3.12/site-packages/airflow/example_dags/example_sensors.py for tasks to queue
[2026-04-28T22:10:04.592+0000] {logging_mixin.py:188} INFO - [2026-04-28T22:10:04.591+0000] {dagbag.py:540} INFO - Filling up the DagBag from /home/airflow/.local/lib/python3.12/site-packages/airflow/example_dags/example_sensors.py
[2026-04-28T22:10:04.602+0000] {processor.py:840} INFO - DAG(s) 'example_sensors' retrieved from /home/airflow/.local/lib/python3.12/site-packages/airflow/example_dags/example_sensors.py
[2026-04-28T22:10:04.638+0000] {logging_mixin.py:188} INFO - [2026-04-28T22:10:04.637+0000] {dag.py:3096} INFO - Sync 1 DAGs
[2026-04-28T22:10:04.653+0000] {logging_mixin.py:188} INFO - [2026-04-28T22:10:04.652+0000] {dag.py:3954} INFO - Setting next_dagrun for example_sensors to None, run_after=None
[2026-04-28T22:10:04.678+0000] {processor.py:183} INFO - Processing /home/airflow/.local/lib/python3.12/site-packages/airflow/example_dags/example_sensors.py took 0.096 seconds
[2026-04-28T22:10:34.810+0000] {processor.py:161} INFO - Started process (PID=1408) to work on /home/airflow/.local/lib/python3.12/site-packages/airflow/example_dags/example_sensors.py
[2026-04-28T22:10:34.811+0000] {processor.py:830} INFO - Processing file /home/airflow/.local/lib/python3.12/site-packages/airflow/example_dags/example_sensors.py for tasks to queue
[2026-04-28T22:10:34.814+0000] {logging_mixin.py:188} INFO - [2026-04-28T22:10:34.814+0000] {dagbag.py:540} INFO - Filling up the DagBag from /home/airflow/.local/lib/python3.12/site-packages/airflow/example_dags/example_sensors.py
[2026-04-28T22:10:34.826+0000] {processor.py:840} INFO - DAG(s) 'example_sensors' retrieved from /home/airflow/.local/lib/python3.12/site-packages/airflow/example_dags/example_sensors.py
[2026-04-28T22:10:34.892+0000] {logging_mixin.py:188} INFO - [2026-04-28T22:10:34.891+0000] {dag.py:3096} INFO - Sync 1 DAGs
[2026-04-28T22:10:34.952+0000] {logging_mixin.py:188} INFO - [2026-04-28T22:10:34.952+0000] {dag.py:3954} INFO - Setting next_dagrun for example_sensors to None, run_after=None
[2026-04-28T22:10:35.048+0000] {processor.py:183} INFO - Processing /home/airflow/.local/lib/python3.12/site-packages/airflow/example_dags/example_sensors.py took 0.249 seconds
[2026-04-28T22:11:05.728+0000] {processor.py:161} INFO - Started process (PID=1468) to work on /home/airflow/.local/lib/python3.12/site-packages/airflow/example_dags/example_sensors.py
[2026-04-28T22:11:05.729+0000] {processor.py:830} INFO - Processing file /home/airflow/.local/lib/python3.12/site-packages/airflow/example_dags/example_sensors.py for tasks to queue
[2026-04-28T22:11:05.731+0000] {logging_mixin.py:188} INFO - [2026-04-28T22:11:05.731+0000] {dagbag.py:540} INFO - Filling up the DagBag from /home/airflow/.local/lib/python3.12/site-packages/airflow/example_dags/example_sensors.py
[2026-04-28T22:11:05.743+0000] {processor.py:840} INFO - DAG(s) 'example_sensors' retrieved from /home/airflow/.local/lib/python3.12/site-packages/airflow/example_dags/example_sensors.py
[2026-04-28T22:11:05.776+0000] {logging_mixin.py:188} INFO - [2026-04-28T22:11:05.776+0000] {dag.py:3096} INFO - Sync 1 DAGs
[2026-04-28T22:11:05.790+0000] {logging_mixin.py:188} INFO - [2026-04-28T22:11:05.790+0000] {dag.py:3954} INFO - Setting next_dagrun for example_sensors to None, run_after=None
[2026-04-28T22:11:05.810+0000] {processor.py:183} INFO - Processing /home/airflow/.local/lib/python3.12/site-packages/airflow/example_dags/example_sensors.py took 0.089 seconds
[2026-04-28T22:11:35.871+0000] {processor.py:161} INFO - Started process (PID=1528) to work on /home/airflow/.local/lib/python3.12/site-packages/airflow/example_dags/example_sensors.py
[2026-04-28T22:11:35.872+0000] {processor.py:830} INFO - Processing file /home/airflow/.local/lib/python3.12/site-packages/airflow/example_dags/example_sensors.py for tasks to queue
[2026-04-28T22:11:35.874+0000] {logging_mixin.py:188} INFO - [2026-04-28T22:11:35.874+0000] {dagbag.py:540} INFO - Filling up the DagBag from /home/airflow/.local/lib/python3.12/site-packages/airflow/example_dags/example_sensors.py
[2026-04-28T22:11:35.885+0000] {processor.py:840} INFO - DAG(s) 'example_sensors' retrieved from /home/airflow/.local/lib/python3.12/site-packages/airflow/example_dags/example_sensors.py
[2026-04-28T22:11:35.920+0000] {logging_mixin.py:188} INFO - [2026-04-28T22:11:35.920+0000] {dag.py:3096} INFO - Sync 1 DAGs
[2026-04-28T22:11:35.936+0000] {logging_mixin.py:188} INFO - [2026-04-28T22:11:35.936+0000] {dag.py:3954} INFO - Setting next_dagrun for example_sensors to None, run_after=None
[2026-04-28T22:11:35.958+0000] {processor.py:183} INFO - Processing /home/airflow/.local/lib/python3.12/site-packages/airflow/example_dags/example_sensors.py took 0.096 seconds
[2026-04-28T22:12:06.521+0000] {processor.py:161} INFO - Started process (PID=1588) to work on /home/airflow/.local/lib/python3.12/site-packages/airflow/example_dags/example_sensors.py
[2026-04-28T22:12:06.523+0000] {processor.py:830} INFO - Processing file /home/airflow/.local/lib/python3.12/site-packages/airflow/example_dags/example_sensors.py for tasks to queue
[2026-04-28T22:12:06.525+0000] {logging_mixin.py:188} INFO - [2026-04-28T22:12:06.525+0000] {dagbag.py:540} INFO - Filling up the DagBag from /home/airflow/.local/lib/python3.12/site-packages/airflow/example_dags/example_sensors.py
[2026-04-28T22:12:06.537+0000] {processor.py:840} INFO - DAG(s) 'example_sensors' retrieved from /home/airflow/.local/lib/python3.12/site-packages/airflow/example_dags/example_sensors.py
[2026-04-28T22:12:06.569+0000] {logging_mixin.py:188} INFO - [2026-04-28T22:12:06.569+0000] {dag.py:3096} INFO - Sync 1 DAGs
[2026-04-28T22:12:06.584+0000] {logging_mixin.py:188} INFO - [2026-04-28T22:12:06.583+0000] {dag.py:3954} INFO - Setting next_dagrun for example_sensors to None, run_after=None
[2026-04-28T22:12:06.606+0000] {processor.py:183} INFO - Processing /home/airflow/.local/lib/python3.12/site-packages/airflow/example_dags/example_sensors.py took 0.091 seconds
[2026-04-28T22:12:37.001+0000] {processor.py:161} INFO - Started process (PID=1648) to work on /home/airflow/.local/lib/python3.12/site-packages/airflow/example_dags/example_sensors.py
[2026-04-28T22:12:37.002+0000] {processor.py:830} INFO - Processing file /home/airflow/.local/lib/python3.12/site-packages/airflow/example_dags/example_sensors.py for tasks to queue
[2026-04-28T22:12:37.005+0000] {logging_mixin.py:188} INFO - [2026-04-28T22:12:37.004+0000] {dagbag.py:540} INFO - Filling up the DagBag from /home/airflow/.local/lib/python3.12/site-packages/airflow/example_dags/example_sensors.py
[2026-04-28T22:12:37.016+0000] {processor.py:840} INFO - DAG(s) 'example_sensors' retrieved from /home/airflow/.local/lib/python3.12/site-packages/airflow/example_dags/example_sensors.py
[2026-04-28T22:12:37.050+0000] {logging_mixin.py:188} INFO - [2026-04-28T22:12:37.050+0000] {dag.py:3096} INFO - Sync 1 DAGs
[2026-04-28T22:12:37.065+0000] {logging_mixin.py:188} INFO - [2026-04-28T22:12:37.065+0000] {dag.py:3954} INFO - Setting next_dagrun for example_sensors to None, run_after=None
[2026-04-28T22:12:37.086+0000] {processor.py:183} INFO - Processing /home/airflow/.local/lib/python3.12/site-packages/airflow/example_dags/example_sensors.py took 0.091 seconds
[2026-04-28T22:13:07.754+0000] {processor.py:161} INFO - Started process (PID=1708) to work on /home/airflow/.local/lib/python3.12/site-packages/airflow/example_dags/example_sensors.py
[2026-04-28T22:13:07.755+0000] {processor.py:830} INFO - Processing file /home/airflow/.local/lib/python3.12/site-packages/airflow/example_dags/example_sensors.py for tasks to queue
[2026-04-28T22:13:07.757+0000] {logging_mixin.py:188} INFO - [2026-04-28T22:13:07.757+0000] {dagbag.py:540} INFO - Filling up the DagBag from /home/airflow/.local/lib/python3.12/site-packages/airflow/example_dags/example_sensors.py
[2026-04-28T22:13:07.769+0000] {processor.py:840} INFO - DAG(s) 'example_sensors' retrieved from /home/airflow/.local/lib/python3.12/site-packages/airflow/example_dags/example_sensors.py
[2026-04-28T22:13:07.802+0000] {logging_mixin.py:188} INFO - [2026-04-28T22:13:07.801+0000] {dag.py:3096} INFO - Sync 1 DAGs
[2026-04-28T22:13:07.816+0000] {logging_mixin.py:188} INFO - [2026-04-28T22:13:07.816+0000] {dag.py:3954} INFO - Setting next_dagrun for example_sensors to None, run_after=None
[2026-04-28T22:13:07.841+0000] {processor.py:183} INFO - Processing /home/airflow/.local/lib/python3.12/site-packages/airflow/example_dags/example_sensors.py took 0.094 seconds
[2026-04-28T22:13:38.380+0000] {processor.py:161} INFO - Started process (PID=1768) to work on /home/airflow/.local/lib/python3.12/site-packages/airflow/example_dags/example_sensors.py
[2026-04-28T22:13:38.386+0000] {processor.py:830} INFO - Processing file /home/airflow/.local/lib/python3.12/site-packages/airflow/example_dags/example_sensors.py for tasks to queue
[2026-04-28T22:13:38.393+0000] {logging_mixin.py:188} INFO - [2026-04-28T22:13:38.392+0000] {dagbag.py:540} INFO - Filling up the DagBag from /home/airflow/.local/lib/python3.12/site-packages/airflow/example_dags/example_sensors.py
[2026-04-28T22:13:38.407+0000] {processor.py:840} INFO - DAG(s) 'example_sensors' retrieved from /home/airflow/.local/lib/python3.12/site-packages/airflow/example_dags/example_sensors.py
[2026-04-28T22:13:38.459+0000] {logging_mixin.py:188} INFO - [2026-04-28T22:13:38.458+0000] {dag.py:3096} INFO - Sync 1 DAGs
[2026-04-28T22:13:38.503+0000] {logging_mixin.py:188} INFO - [2026-04-28T22:13:38.503+0000] {dag.py:3954} INFO - Setting next_dagrun for example_sensors to None, run_after=None
[2026-04-28T22:13:38.554+0000] {processor.py:183} INFO - Processing /home/airflow/.local/lib/python3.12/site-packages/airflow/example_dags/example_sensors.py took 0.215 seconds
[2026-04-28T22:14:09.382+0000] {processor.py:161} INFO - Started process (PID=1828) to work on /home/airflow/.local/lib/python3.12/site-packages/airflow/example_dags/example_sensors.py
[2026-04-28T22:14:09.384+0000] {processor.py:830} INFO - Processing file /home/airflow/.local/lib/python3.12/site-packages/airflow/example_dags/example_sensors.py for tasks to queue
[2026-04-28T22:14:09.386+0000] {logging_mixin.py:188} INFO - [2026-04-28T22:14:09.386+0000] {dagbag.py:540} INFO - Filling up the DagBag from /home/airflow/.local/lib/python3.12/site-packages/airflow/example_dags/example_sensors.py
[2026-04-28T22:14:09.407+0000] {processor.py:840} INFO - DAG(s) 'example_sensors' retrieved from /home/airflow/.local/lib/python3.12/site-packages/airflow/example_dags/example_sensors.py
[2026-04-28T22:14:09.444+0000] {logging_mixin.py:188} INFO - [2026-04-28T22:14:09.444+0000] {dag.py:3096} INFO - Sync 1 DAGs
[2026-04-28T22:14:09.472+0000] {logging_mixin.py:188} INFO - [2026-04-28T22:14:09.471+0000] {dag.py:3954} INFO - Setting next_dagrun for example_sensors to None, run_after=None
[2026-04-28T22:14:09.493+0000] {processor.py:183} INFO - Processing /home/airflow/.local/lib/python3.12/site-packages/airflow/example_dags/example_sensors.py took 0.123 seconds
[2026-04-28T22:14:39.911+0000] {processor.py:161} INFO - Started process (PID=1887) to work on /home/airflow/.local/lib/python3.12/site-packages/airflow/example_dags/example_sensors.py
[2026-04-28T22:14:39.913+0000] {processor.py:830} INFO - Processing file /home/airflow/.local/lib/python3.12/site-packages/airflow/example_dags/example_sensors.py for tasks to queue
[2026-04-28T22:14:39.915+0000] {logging_mixin.py:188} INFO - [2026-04-28T22:14:39.915+0000] {dagbag.py:540} INFO - Filling up the DagBag from /home/airflow/.local/lib/python3.12/site-packages/airflow/example_dags/example_sensors.py
[2026-04-28T22:14:39.927+0000] {processor.py:840} INFO - DAG(s) 'example_sensors' retrieved from /home/airflow/.local/lib/python3.12/site-packages/airflow/example_dags/example_sensors.py
[2026-04-28T22:14:39.963+0000] {logging_mixin.py:188} INFO - [2026-04-28T22:14:39.963+0000] {dag.py:3096} INFO - Sync 1 DAGs
[2026-04-28T22:14:39.985+0000] {logging_mixin.py:188} INFO - [2026-04-28T22:14:39.985+0000] {dag.py:3954} INFO - Setting next_dagrun for example_sensors to None, run_after=None
[2026-04-28T22:14:40.007+0000] {processor.py:183} INFO - Processing /home/airflow/.local/lib/python3.12/site-packages/airflow/example_dags/example_sensors.py took 0.102 seconds
[2026-04-28T22:15:10.288+0000] {processor.py:161} INFO - Started process (PID=1947) to work on /home/airflow/.local/lib/python3.12/site-packages/airflow/example_dags/example_sensors.py
[2026-04-28T22:15:10.289+0000] {processor.py:830} INFO - Processing file /home/airflow/.local/lib/python3.12/site-packages/airflow/example_dags/example_sensors.py for tasks to queue
[2026-04-28T22:15:10.291+0000] {logging_mixin.py:188} INFO - [2026-04-28T22:15:10.291+0000] {dagbag.py:540} INFO - Filling up the DagBag from /home/airflow/.local/lib/python3.12/site-packages/airflow/example_dags/example_sensors.py
[2026-04-28T22:15:10.303+0000] {processor.py:840} INFO - DAG(s) 'example_sensors' retrieved from /home/airflow/.local/lib/python3.12/site-packages/airflow/example_dags/example_sensors.py
[2026-04-28T22:15:10.336+0000] {logging_mixin.py:188} INFO - [2026-04-28T22:15:10.336+0000] {dag.py:3096} INFO - Sync 1 DAGs
[2026-04-28T22:15:10.366+0000] {logging_mixin.py:188} INFO - [2026-04-28T22:15:10.365+0000] {dag.py:3954} INFO - Setting next_dagrun for example_sensors to None, run_after=None
[2026-04-28T22:15:10.386+0000] {processor.py:183} INFO - Processing /home/airflow/.local/lib/python3.12/site-packages/airflow/example_dags/example_sensors.py took 0.105 seconds
[2026-04-28T22:15:40.446+0000] {processor.py:161} INFO - Started process (PID=2007) to work on /home/airflow/.local/lib/python3.12/site-packages/airflow/example_dags/example_sensors.py
[2026-04-28T22:15:40.447+0000] {processor.py:830} INFO - Processing file /home/airflow/.local/lib/python3.12/site-packages/airflow/example_dags/example_sensors.py for tasks to queue
[2026-04-28T22:15:40.449+0000] {logging_mixin.py:188} INFO - [2026-04-28T22:15:40.448+0000] {dagbag.py:540} INFO - Filling up the DagBag from /home/airflow/.local/lib/python3.12/site-packages/airflow/example_dags/example_sensors.py
[2026-04-28T22:15:40.461+0000] {processor.py:840} INFO - DAG(s) 'example_sensors' retrieved from /home/airflow/.local/lib/python3.12/site-packages/airflow/example_dags/example_sensors.py
[2026-04-28T22:15:40.493+0000] {logging_mixin.py:188} INFO - [2026-04-28T22:15:40.493+0000] {dag.py:3096} INFO - Sync 1 DAGs
[2026-04-28T22:15:40.508+0000] {logging_mixin.py:188} INFO - [2026-04-28T22:15:40.508+0000] {dag.py:3954} INFO - Setting next_dagrun for example_sensors to None, run_after=None
[2026-04-28T22:15:40.533+0000] {processor.py:183} INFO - Processing /home/airflow/.local/lib/python3.12/site-packages/airflow/example_dags/example_sensors.py took 0.097 seconds
[2026-04-28T22:19:34.115+0000] {processor.py:161} INFO - Started process (PID=89) to work on /home/airflow/.local/lib/python3.12/site-packages/airflow/example_dags/example_sensors.py
[2026-04-28T22:19:34.119+0000] {processor.py:830} INFO - Processing file /home/airflow/.local/lib/python3.12/site-packages/airflow/example_dags/example_sensors.py for tasks to queue
[2026-04-28T22:19:34.126+0000] {logging_mixin.py:188} INFO - [2026-04-28T22:19:34.125+0000] {dagbag.py:540} INFO - Filling up the DagBag from /home/airflow/.local/lib/python3.12/site-packages/airflow/example_dags/example_sensors.py
[2026-04-28T22:19:34.157+0000] {processor.py:840} INFO - DAG(s) 'example_sensors' retrieved from /home/airflow/.local/lib/python3.12/site-packages/airflow/example_dags/example_sensors.py
[2026-04-28T22:19:34.416+0000] {logging_mixin.py:188} INFO - [2026-04-28T22:19:34.415+0000] {override.py:1829} INFO - Created Permission View: can edit on DAG:example_sensors
[2026-04-28T22:19:34.442+0000] {logging_mixin.py:188} INFO - [2026-04-28T22:19:34.440+0000] {override.py:1829} INFO - Created Permission View: can delete on DAG:example_sensors
[2026-04-28T22:19:34.455+0000] {logging_mixin.py:188} INFO - [2026-04-28T22:19:34.454+0000] {override.py:1829} INFO - Created Permission View: can read on DAG:example_sensors
[2026-04-28T22:19:34.455+0000] {logging_mixin.py:188} INFO - [2026-04-28T22:19:34.455+0000] {dag.py:3096} INFO - Sync 1 DAGs
[2026-04-28T22:19:34.492+0000] {logging_mixin.py:188} INFO - [2026-04-28T22:19:34.492+0000] {dag.py:3118} INFO - Creating ORM DAG for example_sensors
[2026-04-28T22:19:34.495+0000] {logging_mixin.py:188} INFO - [2026-04-28T22:19:34.495+0000] {dag.py:3954} INFO - Setting next_dagrun for example_sensors to None, run_after=None
[2026-04-28T22:19:34.533+0000] {processor.py:183} INFO - Processing /home/airflow/.local/lib/python3.12/site-packages/airflow/example_dags/example_sensors.py took 0.434 seconds
[2026-04-28T22:20:05.295+0000] {processor.py:161} INFO - Started process (PID=149) to work on /home/airflow/.local/lib/python3.12/site-packages/airflow/example_dags/example_sensors.py
[2026-04-28T22:20:05.305+0000] {processor.py:830} INFO - Processing file /home/airflow/.local/lib/python3.12/site-packages/airflow/example_dags/example_sensors.py for tasks to queue
[2026-04-28T22:20:05.314+0000] {logging_mixin.py:188} INFO - [2026-04-28T22:20:05.313+0000] {dagbag.py:540} INFO - Filling up the DagBag from /home/airflow/.local/lib/python3.12/site-packages/airflow/example_dags/example_sensors.py
[2026-04-28T22:20:05.358+0000] {processor.py:840} INFO - DAG(s) 'example_sensors' retrieved from /home/airflow/.local/lib/python3.12/site-packages/airflow/example_dags/example_sensors.py
[2026-04-28T22:20:05.408+0000] {logging_mixin.py:188} INFO - [2026-04-28T22:20:05.407+0000] {dag.py:3096} INFO - Sync 1 DAGs
[2026-04-28T22:20:05.424+0000] {logging_mixin.py:188} INFO - [2026-04-28T22:20:05.423+0000] {dag.py:3954} INFO - Setting next_dagrun for example_sensors to None, run_after=None
[2026-04-28T22:20:05.444+0000] {processor.py:183} INFO - Processing /home/airflow/.local/lib/python3.12/site-packages/airflow/example_dags/example_sensors.py took 0.181 seconds
[2026-04-28T22:20:35.690+0000] {processor.py:161} INFO - Started process (PID=209) to work on /home/airflow/.local/lib/python3.12/site-packages/airflow/example_dags/example_sensors.py
[2026-04-28T22:20:35.692+0000] {processor.py:830} INFO - Processing file /home/airflow/.local/lib/python3.12/site-packages/airflow/example_dags/example_sensors.py for tasks to queue
[2026-04-28T22:20:35.694+0000] {logging_mixin.py:188} INFO - [2026-04-28T22:20:35.693+0000] {dagbag.py:540} INFO - Filling up the DagBag from /home/airflow/.local/lib/python3.12/site-packages/airflow/example_dags/example_sensors.py
[2026-04-28T22:20:35.705+0000] {processor.py:840} INFO - DAG(s) 'example_sensors' retrieved from /home/airflow/.local/lib/python3.12/site-packages/airflow/example_dags/example_sensors.py
[2026-04-28T22:20:35.736+0000] {logging_mixin.py:188} INFO - [2026-04-28T22:20:35.736+0000] {dag.py:3096} INFO - Sync 1 DAGs
[2026-04-28T22:20:35.752+0000] {logging_mixin.py:188} INFO - [2026-04-28T22:20:35.751+0000] {dag.py:3954} INFO - Setting next_dagrun for example_sensors to None, run_after=None
[2026-04-28T22:20:35.773+0000] {processor.py:183} INFO - Processing /home/airflow/.local/lib/python3.12/site-packages/airflow/example_dags/example_sensors.py took 0.089 seconds
[2026-04-28T22:21:06.421+0000] {processor.py:161} INFO - Started process (PID=269) to work on /home/airflow/.local/lib/python3.12/site-packages/airflow/example_dags/example_sensors.py
[2026-04-28T22:21:06.424+0000] {processor.py:830} INFO - Processing file /home/airflow/.local/lib/python3.12/site-packages/airflow/example_dags/example_sensors.py for tasks to queue
[2026-04-28T22:21:06.426+0000] {logging_mixin.py:188} INFO - [2026-04-28T22:21:06.425+0000] {dagbag.py:540} INFO - Filling up the DagBag from /home/airflow/.local/lib/python3.12/site-packages/airflow/example_dags/example_sensors.py
[2026-04-28T22:21:06.448+0000] {processor.py:840} INFO - DAG(s) 'example_sensors' retrieved from /home/airflow/.local/lib/python3.12/site-packages/airflow/example_dags/example_sensors.py
[2026-04-28T22:21:06.520+0000] {logging_mixin.py:188} INFO - [2026-04-28T22:21:06.518+0000] {dag.py:3096} INFO - Sync 1 DAGs
[2026-04-28T22:21:06.573+0000] {logging_mixin.py:188} INFO - [2026-04-28T22:21:06.573+0000] {dag.py:3954} INFO - Setting next_dagrun for example_sensors to None, run_after=None
[2026-04-28T22:21:06.655+0000] {processor.py:183} INFO - Processing /home/airflow/.local/lib/python3.12/site-packages/airflow/example_dags/example_sensors.py took 0.247 seconds
[2026-04-28T22:21:37.111+0000] {processor.py:161} INFO - Started process (PID=329) to work on /home/airflow/.local/lib/python3.12/site-packages/airflow/example_dags/example_sensors.py
[2026-04-28T22:21:37.113+0000] {processor.py:830} INFO - Processing file /home/airflow/.local/lib/python3.12/site-packages/airflow/example_dags/example_sensors.py for tasks to queue
[2026-04-28T22:21:37.124+0000] {logging_mixin.py:188} INFO - [2026-04-28T22:21:37.120+0000] {dagbag.py:540} INFO - Filling up the DagBag from /home/airflow/.local/lib/python3.12/site-packages/airflow/example_dags/example_sensors.py
[2026-04-28T22:21:37.174+0000] {processor.py:840} INFO - DAG(s) 'example_sensors' retrieved from /home/airflow/.local/lib/python3.12/site-packages/airflow/example_dags/example_sensors.py
[2026-04-28T22:21:37.254+0000] {logging_mixin.py:188} INFO - [2026-04-28T22:21:37.254+0000] {dag.py:3096} INFO - Sync 1 DAGs
[2026-04-28T22:21:37.275+0000] {logging_mixin.py:188} INFO - [2026-04-28T22:21:37.274+0000] {dag.py:3954} INFO - Setting next_dagrun for example_sensors to None, run_after=None
[2026-04-28T22:21:37.305+0000] {processor.py:183} INFO - Processing /home/airflow/.local/lib/python3.12/site-packages/airflow/example_dags/example_sensors.py took 0.231 seconds
[2026-04-28T22:22:07.828+0000] {processor.py:161} INFO - Started process (PID=389) to work on /home/airflow/.local/lib/python3.12/site-packages/airflow/example_dags/example_sensors.py
[2026-04-28T22:22:07.845+0000] {processor.py:830} INFO - Processing file /home/airflow/.local/lib/python3.12/site-packages/airflow/example_dags/example_sensors.py for tasks to queue
[2026-04-28T22:22:07.851+0000] {logging_mixin.py:188} INFO - [2026-04-28T22:22:07.850+0000] {dagbag.py:540} INFO - Filling up the DagBag from /home/airflow/.local/lib/python3.12/site-packages/airflow/example_dags/example_sensors.py
[2026-04-28T22:22:07.885+0000] {processor.py:840} INFO - DAG(s) 'example_sensors' retrieved from /home/airflow/.local/lib/python3.12/site-packages/airflow/example_dags/example_sensors.py
[2026-04-28T22:22:07.986+0000] {logging_mixin.py:188} INFO - [2026-04-28T22:22:07.986+0000] {dag.py:3096} INFO - Sync 1 DAGs
[2026-04-28T22:22:08.052+0000] {logging_mixin.py:188} INFO - [2026-04-28T22:22:08.052+0000] {dag.py:3954} INFO - Setting next_dagrun for example_sensors to None, run_after=None
[2026-04-28T22:22:08.095+0000] {processor.py:183} INFO - Processing /home/airflow/.local/lib/python3.12/site-packages/airflow/example_dags/example_sensors.py took 0.275 seconds
[2026-04-28T22:22:38.647+0000] {processor.py:161} INFO - Started process (PID=449) to work on /home/airflow/.local/lib/python3.12/site-packages/airflow/example_dags/example_sensors.py
[2026-04-28T22:22:38.650+0000] {processor.py:830} INFO - Processing file /home/airflow/.local/lib/python3.12/site-packages/airflow/example_dags/example_sensors.py for tasks to queue
[2026-04-28T22:22:38.653+0000] {logging_mixin.py:188} INFO - [2026-04-28T22:22:38.651+0000] {dagbag.py:540} INFO - Filling up the DagBag from /home/airflow/.local/lib/python3.12/site-packages/airflow/example_dags/example_sensors.py
[2026-04-28T22:22:38.678+0000] {processor.py:840} INFO - DAG(s) 'example_sensors' retrieved from /home/airflow/.local/lib/python3.12/site-packages/airflow/example_dags/example_sensors.py
[2026-04-28T22:22:38.772+0000] {logging_mixin.py:188} INFO - [2026-04-28T22:22:38.771+0000] {dag.py:3096} INFO - Sync 1 DAGs
[2026-04-28T22:22:38.793+0000] {logging_mixin.py:188} INFO - [2026-04-28T22:22:38.793+0000] {dag.py:3954} INFO - Setting next_dagrun for example_sensors to None, run_after=None
[2026-04-28T22:22:38.846+0000] {processor.py:183} INFO - Processing /home/airflow/.local/lib/python3.12/site-packages/airflow/example_dags/example_sensors.py took 0.221 seconds
[2026-04-28T22:23:09.809+0000] {processor.py:161} INFO - Started process (PID=509) to work on /home/airflow/.local/lib/python3.12/site-packages/airflow/example_dags/example_sensors.py
[2026-04-28T22:23:09.812+0000] {processor.py:830} INFO - Processing file /home/airflow/.local/lib/python3.12/site-packages/airflow/example_dags/example_sensors.py for tasks to queue
[2026-04-28T22:23:09.817+0000] {logging_mixin.py:188} INFO - [2026-04-28T22:23:09.816+0000] {dagbag.py:540} INFO - Filling up the DagBag from /home/airflow/.local/lib/python3.12/site-packages/airflow/example_dags/example_sensors.py
[2026-04-28T22:23:09.833+0000] {processor.py:840} INFO - DAG(s) 'example_sensors' retrieved from /home/airflow/.local/lib/python3.12/site-packages/airflow/example_dags/example_sensors.py
[2026-04-28T22:23:09.893+0000] {logging_mixin.py:188} INFO - [2026-04-28T22:23:09.892+0000] {dag.py:3096} INFO - Sync 1 DAGs
[2026-04-28T22:23:09.910+0000] {logging_mixin.py:188} INFO - [2026-04-28T22:23:09.910+0000] {dag.py:3954} INFO - Setting next_dagrun for example_sensors to None, run_after=None
[2026-04-28T22:23:09.931+0000] {processor.py:183} INFO - Processing /home/airflow/.local/lib/python3.12/site-packages/airflow/example_dags/example_sensors.py took 0.131 seconds
[2026-04-28T22:23:40.180+0000] {processor.py:161} INFO - Started process (PID=569) to work on /home/airflow/.local/lib/python3.12/site-packages/airflow/example_dags/example_sensors.py
[2026-04-28T22:23:40.182+0000] {processor.py:830} INFO - Processing file /home/airflow/.local/lib/python3.12/site-packages/airflow/example_dags/example_sensors.py for tasks to queue
[2026-04-28T22:23:40.184+0000] {logging_mixin.py:188} INFO - [2026-04-28T22:23:40.183+0000] {dagbag.py:540} INFO - Filling up the DagBag from /home/airflow/.local/lib/python3.12/site-packages/airflow/example_dags/example_sensors.py
[2026-04-28T22:23:40.195+0000] {processor.py:840} INFO - DAG(s) 'example_sensors' retrieved from /home/airflow/.local/lib/python3.12/site-packages/airflow/example_dags/example_sensors.py
[2026-04-28T22:23:40.227+0000] {logging_mixin.py:188} INFO - [2026-04-28T22:23:40.226+0000] {dag.py:3096} INFO - Sync 1 DAGs
[2026-04-28T22:23:40.242+0000] {logging_mixin.py:188} INFO - [2026-04-28T22:23:40.241+0000] {dag.py:3954} INFO - Setting next_dagrun for example_sensors to None, run_after=None
[2026-04-28T22:23:40.263+0000] {processor.py:183} INFO - Processing /home/airflow/.local/lib/python3.12/site-packages/airflow/example_dags/example_sensors.py took 0.091 seconds
[2026-04-28T22:24:10.448+0000] {processor.py:161} INFO - Started process (PID=629) to work on /home/airflow/.local/lib/python3.12/site-packages/airflow/example_dags/example_sensors.py
[2026-04-28T22:24:10.463+0000] {processor.py:830} INFO - Processing file /home/airflow/.local/lib/python3.12/site-packages/airflow/example_dags/example_sensors.py for tasks to queue
[2026-04-28T22:24:10.469+0000] {logging_mixin.py:188} INFO - [2026-04-28T22:24:10.468+0000] {dagbag.py:540} INFO - Filling up the DagBag from /home/airflow/.local/lib/python3.12/site-packages/airflow/example_dags/example_sensors.py
[2026-04-28T22:24:10.503+0000] {processor.py:840} INFO - DAG(s) 'example_sensors' retrieved from /home/airflow/.local/lib/python3.12/site-packages/airflow/example_dags/example_sensors.py
[2026-04-28T22:24:10.625+0000] {logging_mixin.py:188} INFO - [2026-04-28T22:24:10.624+0000] {dag.py:3096} INFO - Sync 1 DAGs
[2026-04-28T22:24:10.654+0000] {logging_mixin.py:188} INFO - [2026-04-28T22:24:10.654+0000] {dag.py:3954} INFO - Setting next_dagrun for example_sensors to None, run_after=None
[2026-04-28T22:24:10.697+0000] {processor.py:183} INFO - Processing /home/airflow/.local/lib/python3.12/site-packages/airflow/example_dags/example_sensors.py took 0.277 seconds
[2026-04-28T22:24:41.520+0000] {processor.py:161} INFO - Started process (PID=689) to work on /home/airflow/.local/lib/python3.12/site-packages/airflow/example_dags/example_sensors.py
[2026-04-28T22:24:41.525+0000] {processor.py:830} INFO - Processing file /home/airflow/.local/lib/python3.12/site-packages/airflow/example_dags/example_sensors.py for tasks to queue
[2026-04-28T22:24:41.529+0000] {logging_mixin.py:188} INFO - [2026-04-28T22:24:41.528+0000] {dagbag.py:540} INFO - Filling up the DagBag from /home/airflow/.local/lib/python3.12/site-packages/airflow/example_dags/example_sensors.py
[2026-04-28T22:24:41.561+0000] {processor.py:840} INFO - DAG(s) 'example_sensors' retrieved from /home/airflow/.local/lib/python3.12/site-packages/airflow/example_dags/example_sensors.py
[2026-04-28T22:24:41.662+0000] {logging_mixin.py:188} INFO - [2026-04-28T22:24:41.660+0000] {dag.py:3096} INFO - Sync 1 DAGs
[2026-04-28T22:24:41.705+0000] {logging_mixin.py:188} INFO - [2026-04-28T22:24:41.704+0000] {dag.py:3954} INFO - Setting next_dagrun for example_sensors to None, run_after=None
[2026-04-28T22:24:41.727+0000] {processor.py:183} INFO - Processing /home/airflow/.local/lib/python3.12/site-packages/airflow/example_dags/example_sensors.py took 0.230 seconds
[2026-04-28T22:25:11.830+0000] {processor.py:161} INFO - Started process (PID=749) to work on /home/airflow/.local/lib/python3.12/site-packages/airflow/example_dags/example_sensors.py
[2026-04-28T22:25:11.832+0000] {processor.py:830} INFO - Processing file /home/airflow/.local/lib/python3.12/site-packages/airflow/example_dags/example_sensors.py for tasks to queue
[2026-04-28T22:25:11.835+0000] {logging_mixin.py:188} INFO - [2026-04-28T22:25:11.835+0000] {dagbag.py:540} INFO - Filling up the DagBag from /home/airflow/.local/lib/python3.12/site-packages/airflow/example_dags/example_sensors.py
[2026-04-28T22:25:11.855+0000] {processor.py:840} INFO - DAG(s) 'example_sensors' retrieved from /home/airflow/.local/lib/python3.12/site-packages/airflow/example_dags/example_sensors.py
[2026-04-28T22:25:11.917+0000] {logging_mixin.py:188} INFO - [2026-04-28T22:25:11.915+0000] {dag.py:3096} INFO - Sync 1 DAGs
[2026-04-28T22:25:11.935+0000] {logging_mixin.py:188} INFO - [2026-04-28T22:25:11.935+0000] {dag.py:3954} INFO - Setting next_dagrun for example_sensors to None, run_after=None
[2026-04-28T22:25:11.953+0000] {processor.py:183} INFO - Processing /home/airflow/.local/lib/python3.12/site-packages/airflow/example_dags/example_sensors.py took 0.135 seconds
[2026-04-28T22:25:42.078+0000] {processor.py:161} INFO - Started process (PID=809) to work on /home/airflow/.local/lib/python3.12/site-packages/airflow/example_dags/example_sensors.py
[2026-04-28T22:25:42.081+0000] {processor.py:830} INFO - Processing file /home/airflow/.local/lib/python3.12/site-packages/airflow/example_dags/example_sensors.py for tasks to queue
[2026-04-28T22:25:42.083+0000] {logging_mixin.py:188} INFO - [2026-04-28T22:25:42.083+0000] {dagbag.py:540} INFO - Filling up the DagBag from /home/airflow/.local/lib/python3.12/site-packages/airflow/example_dags/example_sensors.py
[2026-04-28T22:25:42.094+0000] {processor.py:840} INFO - DAG(s) 'example_sensors' retrieved from /home/airflow/.local/lib/python3.12/site-packages/airflow/example_dags/example_sensors.py
[2026-04-28T22:25:42.144+0000] {logging_mixin.py:188} INFO - [2026-04-28T22:25:42.143+0000] {dag.py:3096} INFO - Sync 1 DAGs
[2026-04-28T22:25:42.178+0000] {logging_mixin.py:188} INFO - [2026-04-28T22:25:42.177+0000] {dag.py:3954} INFO - Setting next_dagrun for example_sensors to None, run_after=None
[2026-04-28T22:25:42.217+0000] {processor.py:183} INFO - Processing /home/airflow/.local/lib/python3.12/site-packages/airflow/example_dags/example_sensors.py took 0.145 seconds
[2026-04-28T22:26:13.109+0000] {processor.py:161} INFO - Started process (PID=869) to work on /home/airflow/.local/lib/python3.12/site-packages/airflow/example_dags/example_sensors.py
[2026-04-28T22:26:13.111+0000] {processor.py:830} INFO - Processing file /home/airflow/.local/lib/python3.12/site-packages/airflow/example_dags/example_sensors.py for tasks to queue
[2026-04-28T22:26:13.113+0000] {logging_mixin.py:188} INFO - [2026-04-28T22:26:13.113+0000] {dagbag.py:540} INFO - Filling up the DagBag from /home/airflow/.local/lib/python3.12/site-packages/airflow/example_dags/example_sensors.py
[2026-04-28T22:26:13.127+0000] {processor.py:840} INFO - DAG(s) 'example_sensors' retrieved from /home/airflow/.local/lib/python3.12/site-packages/airflow/example_dags/example_sensors.py
[2026-04-28T22:26:13.156+0000] {logging_mixin.py:188} INFO - [2026-04-28T22:26:13.156+0000] {dag.py:3096} INFO - Sync 1 DAGs
[2026-04-28T22:26:13.171+0000] {logging_mixin.py:188} INFO - [2026-04-28T22:26:13.171+0000] {dag.py:3954} INFO - Setting next_dagrun for example_sensors to None, run_after=None
[2026-04-28T22:26:13.435+0000] {processor.py:183} INFO - Processing /home/airflow/.local/lib/python3.12/site-packages/airflow/example_dags/example_sensors.py took 0.332 seconds
[2026-04-28T22:26:43.659+0000] {processor.py:161} INFO - Started process (PID=929) to work on /home/airflow/.local/lib/python3.12/site-packages/airflow/example_dags/example_sensors.py
[2026-04-28T22:26:43.662+0000] {processor.py:830} INFO - Processing file /home/airflow/.local/lib/python3.12/site-packages/airflow/example_dags/example_sensors.py for tasks to queue
[2026-04-28T22:26:43.674+0000] {logging_mixin.py:188} INFO - [2026-04-28T22:26:43.668+0000] {dagbag.py:540} INFO - Filling up the DagBag from /home/airflow/.local/lib/python3.12/site-packages/airflow/example_dags/example_sensors.py
[2026-04-28T22:26:43.703+0000] {processor.py:840} INFO - DAG(s) 'example_sensors' retrieved from /home/airflow/.local/lib/python3.12/site-packages/airflow/example_dags/example_sensors.py
[2026-04-28T22:26:43.787+0000] {logging_mixin.py:188} INFO - [2026-04-28T22:26:43.787+0000] {dag.py:3096} INFO - Sync 1 DAGs
[2026-04-28T22:26:43.809+0000] {logging_mixin.py:188} INFO - [2026-04-28T22:26:43.808+0000] {dag.py:3954} INFO - Setting next_dagrun for example_sensors to None, run_after=None
[2026-04-28T22:26:43.855+0000] {processor.py:183} INFO - Processing /home/airflow/.local/lib/python3.12/site-packages/airflow/example_dags/example_sensors.py took 0.222 seconds
[2026-04-28T22:27:13.936+0000] {processor.py:161} INFO - Started process (PID=988) to work on /home/airflow/.local/lib/python3.12/site-packages/airflow/example_dags/example_sensors.py
[2026-04-28T22:27:13.938+0000] {processor.py:830} INFO - Processing file /home/airflow/.local/lib/python3.12/site-packages/airflow/example_dags/example_sensors.py for tasks to queue
[2026-04-28T22:27:13.941+0000] {logging_mixin.py:188} INFO - [2026-04-28T22:27:13.940+0000] {dagbag.py:540} INFO - Filling up the DagBag from /home/airflow/.local/lib/python3.12/site-packages/airflow/example_dags/example_sensors.py
[2026-04-28T22:27:13.967+0000] {processor.py:840} INFO - DAG(s) 'example_sensors' retrieved from /home/airflow/.local/lib/python3.12/site-packages/airflow/example_dags/example_sensors.py
[2026-04-28T22:27:14.149+0000] {logging_mixin.py:188} INFO - [2026-04-28T22:27:14.148+0000] {dag.py:3096} INFO - Sync 1 DAGs
[2026-04-28T22:27:14.246+0000] {logging_mixin.py:188} INFO - [2026-04-28T22:27:14.246+0000] {dag.py:3954} INFO - Setting next_dagrun for example_sensors to None, run_after=None
[2026-04-28T22:27:14.319+0000] {processor.py:183} INFO - Processing /home/airflow/.local/lib/python3.12/site-packages/airflow/example_dags/example_sensors.py took 0.398 seconds
[2026-04-28T22:27:44.985+0000] {processor.py:161} INFO - Started process (PID=1048) to work on /home/airflow/.local/lib/python3.12/site-packages/airflow/example_dags/example_sensors.py
[2026-04-28T22:27:44.988+0000] {processor.py:830} INFO - Processing file /home/airflow/.local/lib/python3.12/site-packages/airflow/example_dags/example_sensors.py for tasks to queue
[2026-04-28T22:27:44.991+0000] {logging_mixin.py:188} INFO - [2026-04-28T22:27:44.990+0000] {dagbag.py:540} INFO - Filling up the DagBag from /home/airflow/.local/lib/python3.12/site-packages/airflow/example_dags/example_sensors.py
[2026-04-28T22:27:45.017+0000] {processor.py:840} INFO - DAG(s) 'example_sensors' retrieved from /home/airflow/.local/lib/python3.12/site-packages/airflow/example_dags/example_sensors.py
[2026-04-28T22:27:45.056+0000] {logging_mixin.py:188} INFO - [2026-04-28T22:27:45.056+0000] {dag.py:3096} INFO - Sync 1 DAGs
[2026-04-28T22:27:45.071+0000] {logging_mixin.py:188} INFO - [2026-04-28T22:27:45.070+0000] {dag.py:3954} INFO - Setting next_dagrun for example_sensors to None, run_after=None
[2026-04-28T22:27:45.087+0000] {processor.py:183} INFO - Processing /home/airflow/.local/lib/python3.12/site-packages/airflow/example_dags/example_sensors.py took 0.112 seconds
[2026-04-28T22:28:15.498+0000] {processor.py:161} INFO - Started process (PID=1108) to work on /home/airflow/.local/lib/python3.12/site-packages/airflow/example_dags/example_sensors.py
[2026-04-28T22:28:15.499+0000] {processor.py:830} INFO - Processing file /home/airflow/.local/lib/python3.12/site-packages/airflow/example_dags/example_sensors.py for tasks to queue
[2026-04-28T22:28:15.507+0000] {logging_mixin.py:188} INFO - [2026-04-28T22:28:15.506+0000] {dagbag.py:540} INFO - Filling up the DagBag from /home/airflow/.local/lib/python3.12/site-packages/airflow/example_dags/example_sensors.py
[2026-04-28T22:28:15.783+0000] {processor.py:840} INFO - DAG(s) 'example_sensors' retrieved from /home/airflow/.local/lib/python3.12/site-packages/airflow/example_dags/example_sensors.py
[2026-04-28T22:28:15.834+0000] {logging_mixin.py:188} INFO - [2026-04-28T22:28:15.834+0000] {dag.py:3096} INFO - Sync 1 DAGs
[2026-04-28T22:28:15.875+0000] {logging_mixin.py:188} INFO - [2026-04-28T22:28:15.874+0000] {dag.py:3954} INFO - Setting next_dagrun for example_sensors to None, run_after=None
[2026-04-28T22:28:15.929+0000] {processor.py:183} INFO - Processing /home/airflow/.local/lib/python3.12/site-packages/airflow/example_dags/example_sensors.py took 0.440 seconds
[2026-04-28T22:28:46.727+0000] {processor.py:161} INFO - Started process (PID=1168) to work on /home/airflow/.local/lib/python3.12/site-packages/airflow/example_dags/example_sensors.py
[2026-04-28T22:28:46.792+0000] {processor.py:830} INFO - Processing file /home/airflow/.local/lib/python3.12/site-packages/airflow/example_dags/example_sensors.py for tasks to queue
[2026-04-28T22:28:46.797+0000] {logging_mixin.py:188} INFO - [2026-04-28T22:28:46.796+0000] {dagbag.py:540} INFO - Filling up the DagBag from /home/airflow/.local/lib/python3.12/site-packages/airflow/example_dags/example_sensors.py
[2026-04-28T22:28:46.826+0000] {processor.py:840} INFO - DAG(s) 'example_sensors' retrieved from /home/airflow/.local/lib/python3.12/site-packages/airflow/example_dags/example_sensors.py
[2026-04-28T22:28:46.948+0000] {logging_mixin.py:188} INFO - [2026-04-28T22:28:46.948+0000] {dag.py:3096} INFO - Sync 1 DAGs
[2026-04-28T22:28:46.977+0000] {logging_mixin.py:188} INFO - [2026-04-28T22:28:46.977+0000] {dag.py:3954} INFO - Setting next_dagrun for example_sensors to None, run_after=None
[2026-04-28T22:28:47.015+0000] {processor.py:183} INFO - Processing /home/airflow/.local/lib/python3.12/site-packages/airflow/example_dags/example_sensors.py took 0.299 seconds
[2026-04-28T22:29:19.023+0000] {processor.py:161} INFO - Started process (PID=1226) to work on /home/airflow/.local/lib/python3.12/site-packages/airflow/example_dags/example_sensors.py
[2026-04-28T22:29:19.036+0000] {processor.py:830} INFO - Processing file /home/airflow/.local/lib/python3.12/site-packages/airflow/example_dags/example_sensors.py for tasks to queue
[2026-04-28T22:29:19.067+0000] {logging_mixin.py:188} INFO - [2026-04-28T22:29:19.065+0000] {dagbag.py:540} INFO - Filling up the DagBag from /home/airflow/.local/lib/python3.12/site-packages/airflow/example_dags/example_sensors.py
[2026-04-28T22:29:19.165+0000] {processor.py:840} INFO - DAG(s) 'example_sensors' retrieved from /home/airflow/.local/lib/python3.12/site-packages/airflow/example_dags/example_sensors.py
[2026-04-28T22:29:19.271+0000] {logging_mixin.py:188} INFO - [2026-04-28T22:29:19.269+0000] {dag.py:3096} INFO - Sync 1 DAGs
[2026-04-28T22:29:19.305+0000] {logging_mixin.py:188} INFO - [2026-04-28T22:29:19.304+0000] {dag.py:3954} INFO - Setting next_dagrun for example_sensors to None, run_after=None
[2026-04-28T22:29:19.361+0000] {processor.py:183} INFO - Processing /home/airflow/.local/lib/python3.12/site-packages/airflow/example_dags/example_sensors.py took 0.373 seconds
[2026-04-28T22:29:50.372+0000] {processor.py:161} INFO - Started process (PID=1286) to work on /home/airflow/.local/lib/python3.12/site-packages/airflow/example_dags/example_sensors.py
[2026-04-28T22:29:50.376+0000] {processor.py:830} INFO - Processing file /home/airflow/.local/lib/python3.12/site-packages/airflow/example_dags/example_sensors.py for tasks to queue
[2026-04-28T22:29:50.378+0000] {logging_mixin.py:188} INFO - [2026-04-28T22:29:50.378+0000] {dagbag.py:540} INFO - Filling up the DagBag from /home/airflow/.local/lib/python3.12/site-packages/airflow/example_dags/example_sensors.py
[2026-04-28T22:29:50.390+0000] {processor.py:840} INFO - DAG(s) 'example_sensors' retrieved from /home/airflow/.local/lib/python3.12/site-packages/airflow/example_dags/example_sensors.py
[2026-04-28T22:29:50.428+0000] {logging_mixin.py:188} INFO - [2026-04-28T22:29:50.428+0000] {dag.py:3096} INFO - Sync 1 DAGs
[2026-04-28T22:29:50.443+0000] {logging_mixin.py:188} INFO - [2026-04-28T22:29:50.443+0000] {dag.py:3954} INFO - Setting next_dagrun for example_sensors to None, run_after=None
[2026-04-28T22:29:50.463+0000] {processor.py:183} INFO - Processing /home/airflow/.local/lib/python3.12/site-packages/airflow/example_dags/example_sensors.py took 0.097 seconds
[2026-04-28T22:30:21.103+0000] {processor.py:161} INFO - Started process (PID=1346) to work on /home/airflow/.local/lib/python3.12/site-packages/airflow/example_dags/example_sensors.py
[2026-04-28T22:30:21.104+0000] {processor.py:830} INFO - Processing file /home/airflow/.local/lib/python3.12/site-packages/airflow/example_dags/example_sensors.py for tasks to queue
[2026-04-28T22:30:21.106+0000] {logging_mixin.py:188} INFO - [2026-04-28T22:30:21.106+0000] {dagbag.py:540} INFO - Filling up the DagBag from /home/airflow/.local/lib/python3.12/site-packages/airflow/example_dags/example_sensors.py
[2026-04-28T22:30:21.117+0000] {processor.py:840} INFO - DAG(s) 'example_sensors' retrieved from /home/airflow/.local/lib/python3.12/site-packages/airflow/example_dags/example_sensors.py
[2026-04-28T22:30:21.150+0000] {logging_mixin.py:188} INFO - [2026-04-28T22:30:21.150+0000] {dag.py:3096} INFO - Sync 1 DAGs
[2026-04-28T22:30:21.165+0000] {logging_mixin.py:188} INFO - [2026-04-28T22:30:21.165+0000] {dag.py:3954} INFO - Setting next_dagrun for example_sensors to None, run_after=None
[2026-04-28T22:30:21.186+0000] {processor.py:183} INFO - Processing /home/airflow/.local/lib/python3.12/site-packages/airflow/example_dags/example_sensors.py took 0.090 seconds
[2026-04-28T22:30:51.344+0000] {processor.py:161} INFO - Started process (PID=1406) to work on /home/airflow/.local/lib/python3.12/site-packages/airflow/example_dags/example_sensors.py
[2026-04-28T22:30:51.345+0000] {processor.py:830} INFO - Processing file /home/airflow/.local/lib/python3.12/site-packages/airflow/example_dags/example_sensors.py for tasks to queue
[2026-04-28T22:30:51.347+0000] {logging_mixin.py:188} INFO - [2026-04-28T22:30:51.347+0000] {dagbag.py:540} INFO - Filling up the DagBag from /home/airflow/.local/lib/python3.12/site-packages/airflow/example_dags/example_sensors.py
[2026-04-28T22:30:51.360+0000] {processor.py:840} INFO - DAG(s) 'example_sensors' retrieved from /home/airflow/.local/lib/python3.12/site-packages/airflow/example_dags/example_sensors.py
[2026-04-28T22:30:51.400+0000] {logging_mixin.py:188} INFO - [2026-04-28T22:30:51.400+0000] {dag.py:3096} INFO - Sync 1 DAGs
[2026-04-28T22:30:51.421+0000] {logging_mixin.py:188} INFO - [2026-04-28T22:30:51.421+0000] {dag.py:3954} INFO - Setting next_dagrun for example_sensors to None, run_after=None
[2026-04-28T22:30:51.446+0000] {processor.py:183} INFO - Processing /home/airflow/.local/lib/python3.12/site-packages/airflow/example_dags/example_sensors.py took 0.109 seconds
[2026-04-28T22:31:21.506+0000] {processor.py:161} INFO - Started process (PID=1467) to work on /home/airflow/.local/lib/python3.12/site-packages/airflow/example_dags/example_sensors.py
[2026-04-28T22:31:21.509+0000] {processor.py:830} INFO - Processing file /home/airflow/.local/lib/python3.12/site-packages/airflow/example_dags/example_sensors.py for tasks to queue
[2026-04-28T22:31:21.511+0000] {logging_mixin.py:188} INFO - [2026-04-28T22:31:21.511+0000] {dagbag.py:540} INFO - Filling up the DagBag from /home/airflow/.local/lib/python3.12/site-packages/airflow/example_dags/example_sensors.py
[2026-04-28T22:31:21.529+0000] {processor.py:840} INFO - DAG(s) 'example_sensors' retrieved from /home/airflow/.local/lib/python3.12/site-packages/airflow/example_dags/example_sensors.py
[2026-04-28T22:31:21.593+0000] {logging_mixin.py:188} INFO - [2026-04-28T22:31:21.592+0000] {dag.py:3096} INFO - Sync 1 DAGs
[2026-04-28T22:31:21.640+0000] {logging_mixin.py:188} INFO - [2026-04-28T22:31:21.639+0000] {dag.py:3954} INFO - Setting next_dagrun for example_sensors to None, run_after=None
[2026-04-28T22:31:21.685+0000] {processor.py:183} INFO - Processing /home/airflow/.local/lib/python3.12/site-packages/airflow/example_dags/example_sensors.py took 0.190 seconds
[2026-04-28T22:31:52.129+0000] {processor.py:161} INFO - Started process (PID=1527) to work on /home/airflow/.local/lib/python3.12/site-packages/airflow/example_dags/example_sensors.py
[2026-04-28T22:31:52.130+0000] {processor.py:830} INFO - Processing file /home/airflow/.local/lib/python3.12/site-packages/airflow/example_dags/example_sensors.py for tasks to queue
[2026-04-28T22:31:52.132+0000] {logging_mixin.py:188} INFO - [2026-04-28T22:31:52.131+0000] {dagbag.py:540} INFO - Filling up the DagBag from /home/airflow/.local/lib/python3.12/site-packages/airflow/example_dags/example_sensors.py
[2026-04-28T22:31:52.139+0000] {processor.py:840} INFO - DAG(s) 'example_sensors' retrieved from /home/airflow/.local/lib/python3.12/site-packages/airflow/example_dags/example_sensors.py
[2026-04-28T22:31:52.162+0000] {logging_mixin.py:188} INFO - [2026-04-28T22:31:52.162+0000] {dag.py:3096} INFO - Sync 1 DAGs
[2026-04-28T22:31:52.173+0000] {logging_mixin.py:188} INFO - [2026-04-28T22:31:52.173+0000] {dag.py:3954} INFO - Setting next_dagrun for example_sensors to None, run_after=None
[2026-04-28T22:31:52.189+0000] {processor.py:183} INFO - Processing /home/airflow/.local/lib/python3.12/site-packages/airflow/example_dags/example_sensors.py took 0.065 seconds
[2026-04-28T22:32:22.551+0000] {processor.py:161} INFO - Started process (PID=1586) to work on /home/airflow/.local/lib/python3.12/site-packages/airflow/example_dags/example_sensors.py
[2026-04-28T22:32:22.552+0000] {processor.py:830} INFO - Processing file /home/airflow/.local/lib/python3.12/site-packages/airflow/example_dags/example_sensors.py for tasks to queue
[2026-04-28T22:32:22.554+0000] {logging_mixin.py:188} INFO - [2026-04-28T22:32:22.554+0000] {dagbag.py:540} INFO - Filling up the DagBag from /home/airflow/.local/lib/python3.12/site-packages/airflow/example_dags/example_sensors.py
[2026-04-28T22:32:22.565+0000] {processor.py:840} INFO - DAG(s) 'example_sensors' retrieved from /home/airflow/.local/lib/python3.12/site-packages/airflow/example_dags/example_sensors.py
[2026-04-28T22:32:22.596+0000] {logging_mixin.py:188} INFO - [2026-04-28T22:32:22.596+0000] {dag.py:3096} INFO - Sync 1 DAGs
[2026-04-28T22:32:22.612+0000] {logging_mixin.py:188} INFO - [2026-04-28T22:32:22.612+0000] {dag.py:3954} INFO - Setting next_dagrun for example_sensors to None, run_after=None
[2026-04-28T22:32:22.632+0000] {processor.py:183} INFO - Processing /home/airflow/.local/lib/python3.12/site-packages/airflow/example_dags/example_sensors.py took 0.088 seconds
[2026-04-28T22:32:53.817+0000] {processor.py:161} INFO - Started process (PID=1646) to work on /home/airflow/.local/lib/python3.12/site-packages/airflow/example_dags/example_sensors.py
[2026-04-28T22:32:53.819+0000] {processor.py:830} INFO - Processing file /home/airflow/.local/lib/python3.12/site-packages/airflow/example_dags/example_sensors.py for tasks to queue
[2026-04-28T22:32:53.823+0000] {logging_mixin.py:188} INFO - [2026-04-28T22:32:53.823+0000] {dagbag.py:540} INFO - Filling up the DagBag from /home/airflow/.local/lib/python3.12/site-packages/airflow/example_dags/example_sensors.py
[2026-04-28T22:32:53.861+0000] {processor.py:840} INFO - DAG(s) 'example_sensors' retrieved from /home/airflow/.local/lib/python3.12/site-packages/airflow/example_dags/example_sensors.py
[2026-04-28T22:32:53.906+0000] {logging_mixin.py:188} INFO - [2026-04-28T22:32:53.906+0000] {dag.py:3096} INFO - Sync 1 DAGs
[2026-04-28T22:32:53.922+0000] {logging_mixin.py:188} INFO - [2026-04-28T22:32:53.922+0000] {dag.py:3954} INFO - Setting next_dagrun for example_sensors to None, run_after=None
[2026-04-28T22:32:53.955+0000] {processor.py:183} INFO - Processing /home/airflow/.local/lib/python3.12/site-packages/airflow/example_dags/example_sensors.py took 0.160 seconds
[2026-04-28T22:33:24.136+0000] {processor.py:161} INFO - Started process (PID=1706) to work on /home/airflow/.local/lib/python3.12/site-packages/airflow/example_dags/example_sensors.py
[2026-04-28T22:33:24.137+0000] {processor.py:830} INFO - Processing file /home/airflow/.local/lib/python3.12/site-packages/airflow/example_dags/example_sensors.py for tasks to queue
[2026-04-28T22:33:24.139+0000] {logging_mixin.py:188} INFO - [2026-04-28T22:33:24.139+0000] {dagbag.py:540} INFO - Filling up the DagBag from /home/airflow/.local/lib/python3.12/site-packages/airflow/example_dags/example_sensors.py
[2026-04-28T22:33:24.150+0000] {processor.py:840} INFO - DAG(s) 'example_sensors' retrieved from /home/airflow/.local/lib/python3.12/site-packages/airflow/example_dags/example_sensors.py
[2026-04-28T22:33:24.185+0000] {logging_mixin.py:188} INFO - [2026-04-28T22:33:24.185+0000] {dag.py:3096} INFO - Sync 1 DAGs
[2026-04-28T22:33:24.202+0000] {logging_mixin.py:188} INFO - [2026-04-28T22:33:24.200+0000] {dag.py:3954} INFO - Setting next_dagrun for example_sensors to None, run_after=None
[2026-04-28T22:33:24.236+0000] {processor.py:183} INFO - Processing /home/airflow/.local/lib/python3.12/site-packages/airflow/example_dags/example_sensors.py took 0.107 seconds
[2026-04-28T22:33:54.462+0000] {processor.py:161} INFO - Started process (PID=1766) to work on /home/airflow/.local/lib/python3.12/site-packages/airflow/example_dags/example_sensors.py
[2026-04-28T22:33:54.463+0000] {processor.py:830} INFO - Processing file /home/airflow/.local/lib/python3.12/site-packages/airflow/example_dags/example_sensors.py for tasks to queue
[2026-04-28T22:33:54.465+0000] {logging_mixin.py:188} INFO - [2026-04-28T22:33:54.465+0000] {dagbag.py:540} INFO - Filling up the DagBag from /home/airflow/.local/lib/python3.12/site-packages/airflow/example_dags/example_sensors.py
[2026-04-28T22:33:54.477+0000] {processor.py:840} INFO - DAG(s) 'example_sensors' retrieved from /home/airflow/.local/lib/python3.12/site-packages/airflow/example_dags/example_sensors.py
[2026-04-28T22:33:54.509+0000] {logging_mixin.py:188} INFO - [2026-04-28T22:33:54.509+0000] {dag.py:3096} INFO - Sync 1 DAGs
[2026-04-28T22:33:54.524+0000] {logging_mixin.py:188} INFO - [2026-04-28T22:33:54.524+0000] {dag.py:3954} INFO - Setting next_dagrun for example_sensors to None, run_after=None
[2026-04-28T22:33:54.543+0000] {processor.py:183} INFO - Processing /home/airflow/.local/lib/python3.12/site-packages/airflow/example_dags/example_sensors.py took 0.090 seconds
[2026-04-28T22:34:24.721+0000] {processor.py:161} INFO - Started process (PID=1826) to work on /home/airflow/.local/lib/python3.12/site-packages/airflow/example_dags/example_sensors.py
[2026-04-28T22:34:24.722+0000] {processor.py:830} INFO - Processing file /home/airflow/.local/lib/python3.12/site-packages/airflow/example_dags/example_sensors.py for tasks to queue
[2026-04-28T22:34:24.724+0000] {logging_mixin.py:188} INFO - [2026-04-28T22:34:24.724+0000] {dagbag.py:540} INFO - Filling up the DagBag from /home/airflow/.local/lib/python3.12/site-packages/airflow/example_dags/example_sensors.py
[2026-04-28T22:34:24.735+0000] {processor.py:840} INFO - DAG(s) 'example_sensors' retrieved from /home/airflow/.local/lib/python3.12/site-packages/airflow/example_dags/example_sensors.py
[2026-04-28T22:34:24.769+0000] {logging_mixin.py:188} INFO - [2026-04-28T22:34:24.768+0000] {dag.py:3096} INFO - Sync 1 DAGs
[2026-04-28T22:34:24.784+0000] {logging_mixin.py:188} INFO - [2026-04-28T22:34:24.784+0000] {dag.py:3954} INFO - Setting next_dagrun for example_sensors to None, run_after=None
[2026-04-28T22:34:24.804+0000] {processor.py:183} INFO - Processing /home/airflow/.local/lib/python3.12/site-packages/airflow/example_dags/example_sensors.py took 0.091 seconds
[2026-04-28T22:34:55.413+0000] {processor.py:161} INFO - Started process (PID=1892) to work on /home/airflow/.local/lib/python3.12/site-packages/airflow/example_dags/example_sensors.py
[2026-04-28T22:34:55.413+0000] {processor.py:830} INFO - Processing file /home/airflow/.local/lib/python3.12/site-packages/airflow/example_dags/example_sensors.py for tasks to queue
[2026-04-28T22:34:55.415+0000] {logging_mixin.py:188} INFO - [2026-04-28T22:34:55.414+0000] {dagbag.py:540} INFO - Filling up the DagBag from /home/airflow/.local/lib/python3.12/site-packages/airflow/example_dags/example_sensors.py
[2026-04-28T22:34:55.422+0000] {processor.py:840} INFO - DAG(s) 'example_sensors' retrieved from /home/airflow/.local/lib/python3.12/site-packages/airflow/example_dags/example_sensors.py
[2026-04-28T22:34:55.444+0000] {logging_mixin.py:188} INFO - [2026-04-28T22:34:55.444+0000] {dag.py:3096} INFO - Sync 1 DAGs
[2026-04-28T22:34:55.456+0000] {logging_mixin.py:188} INFO - [2026-04-28T22:34:55.456+0000] {dag.py:3954} INFO - Setting next_dagrun for example_sensors to None, run_after=None
[2026-04-28T22:34:55.471+0000] {processor.py:183} INFO - Processing /home/airflow/.local/lib/python3.12/site-packages/airflow/example_dags/example_sensors.py took 0.066 seconds
[2026-04-28T22:35:25.836+0000] {processor.py:161} INFO - Started process (PID=1952) to work on /home/airflow/.local/lib/python3.12/site-packages/airflow/example_dags/example_sensors.py
[2026-04-28T22:35:25.837+0000] {processor.py:830} INFO - Processing file /home/airflow/.local/lib/python3.12/site-packages/airflow/example_dags/example_sensors.py for tasks to queue
[2026-04-28T22:35:25.839+0000] {logging_mixin.py:188} INFO - [2026-04-28T22:35:25.839+0000] {dagbag.py:540} INFO - Filling up the DagBag from /home/airflow/.local/lib/python3.12/site-packages/airflow/example_dags/example_sensors.py
[2026-04-28T22:35:25.851+0000] {processor.py:840} INFO - DAG(s) 'example_sensors' retrieved from /home/airflow/.local/lib/python3.12/site-packages/airflow/example_dags/example_sensors.py
[2026-04-28T22:35:25.884+0000] {logging_mixin.py:188} INFO - [2026-04-28T22:35:25.884+0000] {dag.py:3096} INFO - Sync 1 DAGs
[2026-04-28T22:35:25.899+0000] {logging_mixin.py:188} INFO - [2026-04-28T22:35:25.899+0000] {dag.py:3954} INFO - Setting next_dagrun for example_sensors to None, run_after=None
[2026-04-28T22:35:25.923+0000] {processor.py:183} INFO - Processing /home/airflow/.local/lib/python3.12/site-packages/airflow/example_dags/example_sensors.py took 0.094 seconds
[2026-04-28T22:35:56.564+0000] {processor.py:161} INFO - Started process (PID=2012) to work on /home/airflow/.local/lib/python3.12/site-packages/airflow/example_dags/example_sensors.py
[2026-04-28T22:35:56.565+0000] {processor.py:830} INFO - Processing file /home/airflow/.local/lib/python3.12/site-packages/airflow/example_dags/example_sensors.py for tasks to queue
[2026-04-28T22:35:56.567+0000] {logging_mixin.py:188} INFO - [2026-04-28T22:35:56.567+0000] {dagbag.py:540} INFO - Filling up the DagBag from /home/airflow/.local/lib/python3.12/site-packages/airflow/example_dags/example_sensors.py
[2026-04-28T22:35:56.582+0000] {processor.py:840} INFO - DAG(s) 'example_sensors' retrieved from /home/airflow/.local/lib/python3.12/site-packages/airflow/example_dags/example_sensors.py
[2026-04-28T22:35:56.617+0000] {logging_mixin.py:188} INFO - [2026-04-28T22:35:56.616+0000] {dag.py:3096} INFO - Sync 1 DAGs
[2026-04-28T22:35:56.632+0000] {logging_mixin.py:188} INFO - [2026-04-28T22:35:56.632+0000] {dag.py:3954} INFO - Setting next_dagrun for example_sensors to None, run_after=None
[2026-04-28T22:35:56.651+0000] {processor.py:183} INFO - Processing /home/airflow/.local/lib/python3.12/site-packages/airflow/example_dags/example_sensors.py took 0.095 seconds
[2026-04-28T22:36:27.524+0000] {processor.py:161} INFO - Started process (PID=2072) to work on /home/airflow/.local/lib/python3.12/site-packages/airflow/example_dags/example_sensors.py
[2026-04-28T22:36:27.525+0000] {processor.py:830} INFO - Processing file /home/airflow/.local/lib/python3.12/site-packages/airflow/example_dags/example_sensors.py for tasks to queue
[2026-04-28T22:36:27.527+0000] {logging_mixin.py:188} INFO - [2026-04-28T22:36:27.527+0000] {dagbag.py:540} INFO - Filling up the DagBag from /home/airflow/.local/lib/python3.12/site-packages/airflow/example_dags/example_sensors.py
[2026-04-28T22:36:27.538+0000] {processor.py:840} INFO - DAG(s) 'example_sensors' retrieved from /home/airflow/.local/lib/python3.12/site-packages/airflow/example_dags/example_sensors.py
[2026-04-28T22:36:27.571+0000] {logging_mixin.py:188} INFO - [2026-04-28T22:36:27.571+0000] {dag.py:3096} INFO - Sync 1 DAGs
[2026-04-28T22:36:27.586+0000] {logging_mixin.py:188} INFO - [2026-04-28T22:36:27.586+0000] {dag.py:3954} INFO - Setting next_dagrun for example_sensors to None, run_after=None
[2026-04-28T22:36:27.625+0000] {processor.py:183} INFO - Processing /home/airflow/.local/lib/python3.12/site-packages/airflow/example_dags/example_sensors.py took 0.108 seconds
[2026-04-28T22:36:57.888+0000] {processor.py:161} INFO - Started process (PID=2132) to work on /home/airflow/.local/lib/python3.12/site-packages/airflow/example_dags/example_sensors.py
[2026-04-28T22:36:57.889+0000] {processor.py:830} INFO - Processing file /home/airflow/.local/lib/python3.12/site-packages/airflow/example_dags/example_sensors.py for tasks to queue
[2026-04-28T22:36:57.891+0000] {logging_mixin.py:188} INFO - [2026-04-28T22:36:57.891+0000] {dagbag.py:540} INFO - Filling up the DagBag from /home/airflow/.local/lib/python3.12/site-packages/airflow/example_dags/example_sensors.py
[2026-04-28T22:36:57.902+0000] {processor.py:840} INFO - DAG(s) 'example_sensors' retrieved from /home/airflow/.local/lib/python3.12/site-packages/airflow/example_dags/example_sensors.py
[2026-04-28T22:36:57.935+0000] {logging_mixin.py:188} INFO - [2026-04-28T22:36:57.934+0000] {dag.py:3096} INFO - Sync 1 DAGs
[2026-04-28T22:36:57.960+0000] {logging_mixin.py:188} INFO - [2026-04-28T22:36:57.960+0000] {dag.py:3954} INFO - Setting next_dagrun for example_sensors to None, run_after=None
[2026-04-28T22:36:57.981+0000] {processor.py:183} INFO - Processing /home/airflow/.local/lib/python3.12/site-packages/airflow/example_dags/example_sensors.py took 0.099 seconds
[2026-04-28T22:37:28.964+0000] {processor.py:161} INFO - Started process (PID=2192) to work on /home/airflow/.local/lib/python3.12/site-packages/airflow/example_dags/example_sensors.py
[2026-04-28T22:37:28.980+0000] {processor.py:830} INFO - Processing file /home/airflow/.local/lib/python3.12/site-packages/airflow/example_dags/example_sensors.py for tasks to queue
[2026-04-28T22:37:29.002+0000] {logging_mixin.py:188} INFO - [2026-04-28T22:37:29.002+0000] {dagbag.py:540} INFO - Filling up the DagBag from /home/airflow/.local/lib/python3.12/site-packages/airflow/example_dags/example_sensors.py
[2026-04-28T22:37:29.155+0000] {processor.py:840} INFO - DAG(s) 'example_sensors' retrieved from /home/airflow/.local/lib/python3.12/site-packages/airflow/example_dags/example_sensors.py
[2026-04-28T22:37:29.375+0000] {logging_mixin.py:188} INFO - [2026-04-28T22:37:29.371+0000] {dag.py:3096} INFO - Sync 1 DAGs
[2026-04-28T22:37:29.518+0000] {logging_mixin.py:188} INFO - [2026-04-28T22:37:29.518+0000] {dag.py:3954} INFO - Setting next_dagrun for example_sensors to None, run_after=None
[2026-04-28T22:37:29.724+0000] {processor.py:183} INFO - Processing /home/airflow/.local/lib/python3.12/site-packages/airflow/example_dags/example_sensors.py took 0.861 seconds
[2026-04-28T22:38:00.094+0000] {processor.py:161} INFO - Started process (PID=2251) to work on /home/airflow/.local/lib/python3.12/site-packages/airflow/example_dags/example_sensors.py
[2026-04-28T22:38:00.096+0000] {processor.py:830} INFO - Processing file /home/airflow/.local/lib/python3.12/site-packages/airflow/example_dags/example_sensors.py for tasks to queue
[2026-04-28T22:38:00.101+0000] {logging_mixin.py:188} INFO - [2026-04-28T22:38:00.100+0000] {dagbag.py:540} INFO - Filling up the DagBag from /home/airflow/.local/lib/python3.12/site-packages/airflow/example_dags/example_sensors.py
[2026-04-28T22:38:00.115+0000] {processor.py:840} INFO - DAG(s) 'example_sensors' retrieved from /home/airflow/.local/lib/python3.12/site-packages/airflow/example_dags/example_sensors.py
[2026-04-28T22:38:00.158+0000] {logging_mixin.py:188} INFO - [2026-04-28T22:38:00.157+0000] {dag.py:3096} INFO - Sync 1 DAGs
[2026-04-28T22:38:00.175+0000] {logging_mixin.py:188} INFO - [2026-04-28T22:38:00.174+0000] {dag.py:3954} INFO - Setting next_dagrun for example_sensors to None, run_after=None
[2026-04-28T22:38:00.222+0000] {processor.py:183} INFO - Processing /home/airflow/.local/lib/python3.12/site-packages/airflow/example_dags/example_sensors.py took 0.146 seconds
[2026-04-28T22:38:30.713+0000] {processor.py:161} INFO - Started process (PID=2311) to work on /home/airflow/.local/lib/python3.12/site-packages/airflow/example_dags/example_sensors.py
[2026-04-28T22:38:30.734+0000] {processor.py:830} INFO - Processing file /home/airflow/.local/lib/python3.12/site-packages/airflow/example_dags/example_sensors.py for tasks to queue
[2026-04-28T22:38:30.738+0000] {logging_mixin.py:188} INFO - [2026-04-28T22:38:30.737+0000] {dagbag.py:540} INFO - Filling up the DagBag from /home/airflow/.local/lib/python3.12/site-packages/airflow/example_dags/example_sensors.py
[2026-04-28T22:38:30.750+0000] {processor.py:840} INFO - DAG(s) 'example_sensors' retrieved from /home/airflow/.local/lib/python3.12/site-packages/airflow/example_dags/example_sensors.py
[2026-04-28T22:38:30.784+0000] {logging_mixin.py:188} INFO - [2026-04-28T22:38:30.783+0000] {dag.py:3096} INFO - Sync 1 DAGs
[2026-04-28T22:38:30.794+0000] {logging_mixin.py:188} INFO - [2026-04-28T22:38:30.794+0000] {dag.py:3954} INFO - Setting next_dagrun for example_sensors to None, run_after=None
[2026-04-28T22:38:30.816+0000] {processor.py:183} INFO - Processing /home/airflow/.local/lib/python3.12/site-packages/airflow/example_dags/example_sensors.py took 0.108 seconds
[2026-04-28T22:39:02.246+0000] {processor.py:161} INFO - Started process (PID=2369) to work on /home/airflow/.local/lib/python3.12/site-packages/airflow/example_dags/example_sensors.py
[2026-04-28T22:39:02.254+0000] {processor.py:830} INFO - Processing file /home/airflow/.local/lib/python3.12/site-packages/airflow/example_dags/example_sensors.py for tasks to queue
[2026-04-28T22:39:02.273+0000] {logging_mixin.py:188} INFO - [2026-04-28T22:39:02.272+0000] {dagbag.py:540} INFO - Filling up the DagBag from /home/airflow/.local/lib/python3.12/site-packages/airflow/example_dags/example_sensors.py
[2026-04-28T22:39:02.451+0000] {processor.py:840} INFO - DAG(s) 'example_sensors' retrieved from /home/airflow/.local/lib/python3.12/site-packages/airflow/example_dags/example_sensors.py
[2026-04-28T22:39:02.686+0000] {logging_mixin.py:188} INFO - [2026-04-28T22:39:02.680+0000] {dag.py:3096} INFO - Sync 1 DAGs
[2026-04-28T22:39:03.048+0000] {logging_mixin.py:188} INFO - [2026-04-28T22:39:03.045+0000] {dag.py:3954} INFO - Setting next_dagrun for example_sensors to None, run_after=None
[2026-04-28T22:39:03.172+0000] {processor.py:183} INFO - Processing /home/airflow/.local/lib/python3.12/site-packages/airflow/example_dags/example_sensors.py took 0.964 seconds
[2026-04-28T22:39:33.404+0000] {processor.py:161} INFO - Started process (PID=2425) to work on /home/airflow/.local/lib/python3.12/site-packages/airflow/example_dags/example_sensors.py
[2026-04-28T22:39:33.424+0000] {processor.py:830} INFO - Processing file /home/airflow/.local/lib/python3.12/site-packages/airflow/example_dags/example_sensors.py for tasks to queue
[2026-04-28T22:39:33.441+0000] {logging_mixin.py:188} INFO - [2026-04-28T22:39:33.437+0000] {dagbag.py:540} INFO - Filling up the DagBag from /home/airflow/.local/lib/python3.12/site-packages/airflow/example_dags/example_sensors.py
[2026-04-28T22:39:33.588+0000] {processor.py:840} INFO - DAG(s) 'example_sensors' retrieved from /home/airflow/.local/lib/python3.12/site-packages/airflow/example_dags/example_sensors.py
[2026-04-28T22:39:33.956+0000] {logging_mixin.py:188} INFO - [2026-04-28T22:39:33.954+0000] {dag.py:3096} INFO - Sync 1 DAGs
[2026-04-28T22:39:34.012+0000] {logging_mixin.py:188} INFO - [2026-04-28T22:39:34.012+0000] {dag.py:3954} INFO - Setting next_dagrun for example_sensors to None, run_after=None
[2026-04-28T22:39:34.062+0000] {processor.py:183} INFO - Processing /home/airflow/.local/lib/python3.12/site-packages/airflow/example_dags/example_sensors.py took 0.696 seconds
[2026-04-28T22:40:04.552+0000] {processor.py:161} INFO - Started process (PID=2485) to work on /home/airflow/.local/lib/python3.12/site-packages/airflow/example_dags/example_sensors.py
[2026-04-28T22:40:04.557+0000] {processor.py:830} INFO - Processing file /home/airflow/.local/lib/python3.12/site-packages/airflow/example_dags/example_sensors.py for tasks to queue
[2026-04-28T22:40:04.560+0000] {logging_mixin.py:188} INFO - [2026-04-28T22:40:04.560+0000] {dagbag.py:540} INFO - Filling up the DagBag from /home/airflow/.local/lib/python3.12/site-packages/airflow/example_dags/example_sensors.py
[2026-04-28T22:40:04.583+0000] {processor.py:840} INFO - DAG(s) 'example_sensors' retrieved from /home/airflow/.local/lib/python3.12/site-packages/airflow/example_dags/example_sensors.py
[2026-04-28T22:40:04.654+0000] {logging_mixin.py:188} INFO - [2026-04-28T22:40:04.654+0000] {dag.py:3096} INFO - Sync 1 DAGs
[2026-04-28T22:40:04.684+0000] {logging_mixin.py:188} INFO - [2026-04-28T22:40:04.683+0000] {dag.py:3954} INFO - Setting next_dagrun for example_sensors to None, run_after=None
[2026-04-28T22:40:04.793+0000] {processor.py:183} INFO - Processing /home/airflow/.local/lib/python3.12/site-packages/airflow/example_dags/example_sensors.py took 0.256 seconds
[2026-04-28T22:40:35.382+0000] {processor.py:161} INFO - Started process (PID=2551) to work on /home/airflow/.local/lib/python3.12/site-packages/airflow/example_dags/example_sensors.py
[2026-04-28T22:40:35.392+0000] {processor.py:830} INFO - Processing file /home/airflow/.local/lib/python3.12/site-packages/airflow/example_dags/example_sensors.py for tasks to queue
[2026-04-28T22:40:35.423+0000] {logging_mixin.py:188} INFO - [2026-04-28T22:40:35.413+0000] {dagbag.py:540} INFO - Filling up the DagBag from /home/airflow/.local/lib/python3.12/site-packages/airflow/example_dags/example_sensors.py
[2026-04-28T22:40:35.484+0000] {processor.py:840} INFO - DAG(s) 'example_sensors' retrieved from /home/airflow/.local/lib/python3.12/site-packages/airflow/example_dags/example_sensors.py
[2026-04-28T22:40:35.610+0000] {logging_mixin.py:188} INFO - [2026-04-28T22:40:35.606+0000] {dag.py:3096} INFO - Sync 1 DAGs
[2026-04-28T22:40:35.685+0000] {logging_mixin.py:188} INFO - [2026-04-28T22:40:35.684+0000] {dag.py:3954} INFO - Setting next_dagrun for example_sensors to None, run_after=None
[2026-04-28T22:40:35.739+0000] {processor.py:183} INFO - Processing /home/airflow/.local/lib/python3.12/site-packages/airflow/example_dags/example_sensors.py took 0.404 seconds
[2026-04-28T22:41:06.261+0000] {processor.py:161} INFO - Started process (PID=2611) to work on /home/airflow/.local/lib/python3.12/site-packages/airflow/example_dags/example_sensors.py
[2026-04-28T22:41:06.267+0000] {processor.py:830} INFO - Processing file /home/airflow/.local/lib/python3.12/site-packages/airflow/example_dags/example_sensors.py for tasks to queue
[2026-04-28T22:41:06.271+0000] {logging_mixin.py:188} INFO - [2026-04-28T22:41:06.271+0000] {dagbag.py:540} INFO - Filling up the DagBag from /home/airflow/.local/lib/python3.12/site-packages/airflow/example_dags/example_sensors.py
[2026-04-28T22:41:06.295+0000] {processor.py:840} INFO - DAG(s) 'example_sensors' retrieved from /home/airflow/.local/lib/python3.12/site-packages/airflow/example_dags/example_sensors.py
[2026-04-28T22:41:06.364+0000] {logging_mixin.py:188} INFO - [2026-04-28T22:41:06.363+0000] {dag.py:3096} INFO - Sync 1 DAGs
[2026-04-28T22:41:06.389+0000] {logging_mixin.py:188} INFO - [2026-04-28T22:41:06.388+0000] {dag.py:3954} INFO - Setting next_dagrun for example_sensors to None, run_after=None
[2026-04-28T22:41:06.416+0000] {processor.py:183} INFO - Processing /home/airflow/.local/lib/python3.12/site-packages/airflow/example_dags/example_sensors.py took 0.185 seconds
[2026-04-28T22:41:37.282+0000] {processor.py:161} INFO - Started process (PID=2671) to work on /home/airflow/.local/lib/python3.12/site-packages/airflow/example_dags/example_sensors.py
[2026-04-28T22:41:37.287+0000] {processor.py:830} INFO - Processing file /home/airflow/.local/lib/python3.12/site-packages/airflow/example_dags/example_sensors.py for tasks to queue
[2026-04-28T22:41:37.294+0000] {logging_mixin.py:188} INFO - [2026-04-28T22:41:37.293+0000] {dagbag.py:540} INFO - Filling up the DagBag from /home/airflow/.local/lib/python3.12/site-packages/airflow/example_dags/example_sensors.py
[2026-04-28T22:41:37.319+0000] {processor.py:840} INFO - DAG(s) 'example_sensors' retrieved from /home/airflow/.local/lib/python3.12/site-packages/airflow/example_dags/example_sensors.py
[2026-04-28T22:41:37.436+0000] {logging_mixin.py:188} INFO - [2026-04-28T22:41:37.436+0000] {dag.py:3096} INFO - Sync 1 DAGs
[2026-04-28T22:41:37.546+0000] {logging_mixin.py:188} INFO - [2026-04-28T22:41:37.546+0000] {dag.py:3954} INFO - Setting next_dagrun for example_sensors to None, run_after=None
[2026-04-28T22:41:37.607+0000] {processor.py:183} INFO - Processing /home/airflow/.local/lib/python3.12/site-packages/airflow/example_dags/example_sensors.py took 0.339 seconds
[2026-04-28T22:42:09.063+0000] {processor.py:161} INFO - Started process (PID=2731) to work on /home/airflow/.local/lib/python3.12/site-packages/airflow/example_dags/example_sensors.py
[2026-04-28T22:42:09.086+0000] {processor.py:830} INFO - Processing file /home/airflow/.local/lib/python3.12/site-packages/airflow/example_dags/example_sensors.py for tasks to queue
[2026-04-28T22:42:09.097+0000] {logging_mixin.py:188} INFO - [2026-04-28T22:42:09.095+0000] {dagbag.py:540} INFO - Filling up the DagBag from /home/airflow/.local/lib/python3.12/site-packages/airflow/example_dags/example_sensors.py
[2026-04-28T22:42:09.153+0000] {processor.py:840} INFO - DAG(s) 'example_sensors' retrieved from /home/airflow/.local/lib/python3.12/site-packages/airflow/example_dags/example_sensors.py
[2026-04-28T22:42:09.295+0000] {logging_mixin.py:188} INFO - [2026-04-28T22:42:09.292+0000] {dag.py:3096} INFO - Sync 1 DAGs
[2026-04-28T22:42:09.364+0000] {logging_mixin.py:188} INFO - [2026-04-28T22:42:09.364+0000] {dag.py:3954} INFO - Setting next_dagrun for example_sensors to None, run_after=None
[2026-04-28T22:42:09.423+0000] {processor.py:183} INFO - Processing /home/airflow/.local/lib/python3.12/site-packages/airflow/example_dags/example_sensors.py took 0.389 seconds
[2026-04-28T22:42:40.151+0000] {processor.py:161} INFO - Started process (PID=2789) to work on /home/airflow/.local/lib/python3.12/site-packages/airflow/example_dags/example_sensors.py
[2026-04-28T22:42:40.156+0000] {processor.py:830} INFO - Processing file /home/airflow/.local/lib/python3.12/site-packages/airflow/example_dags/example_sensors.py for tasks to queue
[2026-04-28T22:42:40.158+0000] {logging_mixin.py:188} INFO - [2026-04-28T22:42:40.158+0000] {dagbag.py:540} INFO - Filling up the DagBag from /home/airflow/.local/lib/python3.12/site-packages/airflow/example_dags/example_sensors.py
[2026-04-28T22:42:40.171+0000] {processor.py:840} INFO - DAG(s) 'example_sensors' retrieved from /home/airflow/.local/lib/python3.12/site-packages/airflow/example_dags/example_sensors.py
[2026-04-28T22:42:40.204+0000] {logging_mixin.py:188} INFO - [2026-04-28T22:42:40.203+0000] {dag.py:3096} INFO - Sync 1 DAGs
[2026-04-28T22:42:40.219+0000] {logging_mixin.py:188} INFO - [2026-04-28T22:42:40.219+0000] {dag.py:3954} INFO - Setting next_dagrun for example_sensors to None, run_after=None
[2026-04-28T22:42:40.270+0000] {processor.py:183} INFO - Processing /home/airflow/.local/lib/python3.12/site-packages/airflow/example_dags/example_sensors.py took 0.126 seconds
[2026-04-28T22:43:11.263+0000] {processor.py:161} INFO - Started process (PID=2849) to work on /home/airflow/.local/lib/python3.12/site-packages/airflow/example_dags/example_sensors.py
[2026-04-28T22:43:11.276+0000] {processor.py:830} INFO - Processing file /home/airflow/.local/lib/python3.12/site-packages/airflow/example_dags/example_sensors.py for tasks to queue
[2026-04-28T22:43:11.279+0000] {logging_mixin.py:188} INFO - [2026-04-28T22:43:11.278+0000] {dagbag.py:540} INFO - Filling up the DagBag from /home/airflow/.local/lib/python3.12/site-packages/airflow/example_dags/example_sensors.py
[2026-04-28T22:43:11.292+0000] {processor.py:840} INFO - DAG(s) 'example_sensors' retrieved from /home/airflow/.local/lib/python3.12/site-packages/airflow/example_dags/example_sensors.py
[2026-04-28T22:43:11.336+0000] {logging_mixin.py:188} INFO - [2026-04-28T22:43:11.336+0000] {dag.py:3096} INFO - Sync 1 DAGs
[2026-04-28T22:43:11.354+0000] {logging_mixin.py:188} INFO - [2026-04-28T22:43:11.353+0000] {dag.py:3954} INFO - Setting next_dagrun for example_sensors to None, run_after=None
[2026-04-28T22:43:11.382+0000] {processor.py:183} INFO - Processing /home/airflow/.local/lib/python3.12/site-packages/airflow/example_dags/example_sensors.py took 0.161 seconds
[2026-04-28T22:43:41.495+0000] {processor.py:161} INFO - Started process (PID=2909) to work on /home/airflow/.local/lib/python3.12/site-packages/airflow/example_dags/example_sensors.py
[2026-04-28T22:43:41.499+0000] {processor.py:830} INFO - Processing file /home/airflow/.local/lib/python3.12/site-packages/airflow/example_dags/example_sensors.py for tasks to queue
[2026-04-28T22:43:41.501+0000] {logging_mixin.py:188} INFO - [2026-04-28T22:43:41.501+0000] {dagbag.py:540} INFO - Filling up the DagBag from /home/airflow/.local/lib/python3.12/site-packages/airflow/example_dags/example_sensors.py
[2026-04-28T22:43:41.525+0000] {processor.py:840} INFO - DAG(s) 'example_sensors' retrieved from /home/airflow/.local/lib/python3.12/site-packages/airflow/example_dags/example_sensors.py
[2026-04-28T22:43:41.572+0000] {logging_mixin.py:188} INFO - [2026-04-28T22:43:41.571+0000] {dag.py:3096} INFO - Sync 1 DAGs
[2026-04-28T22:43:41.603+0000] {logging_mixin.py:188} INFO - [2026-04-28T22:43:41.603+0000] {dag.py:3954} INFO - Setting next_dagrun for example_sensors to None, run_after=None
[2026-04-28T22:43:41.631+0000] {processor.py:183} INFO - Processing /home/airflow/.local/lib/python3.12/site-packages/airflow/example_dags/example_sensors.py took 0.162 seconds
[2026-04-28T22:44:12.111+0000] {processor.py:161} INFO - Started process (PID=2968) to work on /home/airflow/.local/lib/python3.12/site-packages/airflow/example_dags/example_sensors.py
[2026-04-28T22:44:12.112+0000] {processor.py:830} INFO - Processing file /home/airflow/.local/lib/python3.12/site-packages/airflow/example_dags/example_sensors.py for tasks to queue
[2026-04-28T22:44:12.114+0000] {logging_mixin.py:188} INFO - [2026-04-28T22:44:12.114+0000] {dagbag.py:540} INFO - Filling up the DagBag from /home/airflow/.local/lib/python3.12/site-packages/airflow/example_dags/example_sensors.py
[2026-04-28T22:44:12.127+0000] {processor.py:840} INFO - DAG(s) 'example_sensors' retrieved from /home/airflow/.local/lib/python3.12/site-packages/airflow/example_dags/example_sensors.py
[2026-04-28T22:44:12.151+0000] {logging_mixin.py:188} INFO - [2026-04-28T22:44:12.151+0000] {dag.py:3096} INFO - Sync 1 DAGs
[2026-04-28T22:44:12.162+0000] {logging_mixin.py:188} INFO - [2026-04-28T22:44:12.162+0000] {dag.py:3954} INFO - Setting next_dagrun for example_sensors to None, run_after=None
[2026-04-28T22:44:12.177+0000] {processor.py:183} INFO - Processing /home/airflow/.local/lib/python3.12/site-packages/airflow/example_dags/example_sensors.py took 0.074 seconds
[2026-04-28T22:44:42.474+0000] {processor.py:161} INFO - Started process (PID=3027) to work on /home/airflow/.local/lib/python3.12/site-packages/airflow/example_dags/example_sensors.py
[2026-04-28T22:44:42.477+0000] {processor.py:830} INFO - Processing file /home/airflow/.local/lib/python3.12/site-packages/airflow/example_dags/example_sensors.py for tasks to queue
[2026-04-28T22:44:42.480+0000] {logging_mixin.py:188} INFO - [2026-04-28T22:44:42.479+0000] {dagbag.py:540} INFO - Filling up the DagBag from /home/airflow/.local/lib/python3.12/site-packages/airflow/example_dags/example_sensors.py
[2026-04-28T22:44:42.491+0000] {processor.py:840} INFO - DAG(s) 'example_sensors' retrieved from /home/airflow/.local/lib/python3.12/site-packages/airflow/example_dags/example_sensors.py
[2026-04-28T22:44:42.531+0000] {logging_mixin.py:188} INFO - [2026-04-28T22:44:42.531+0000] {dag.py:3096} INFO - Sync 1 DAGs
[2026-04-28T22:44:42.570+0000] {logging_mixin.py:188} INFO - [2026-04-28T22:44:42.570+0000] {dag.py:3954} INFO - Setting next_dagrun for example_sensors to None, run_after=None
[2026-04-28T22:44:42.627+0000] {processor.py:183} INFO - Processing /home/airflow/.local/lib/python3.12/site-packages/airflow/example_dags/example_sensors.py took 0.160 seconds
[2026-04-28T22:45:13.465+0000] {processor.py:161} INFO - Started process (PID=3087) to work on /home/airflow/.local/lib/python3.12/site-packages/airflow/example_dags/example_sensors.py
[2026-04-28T22:45:13.466+0000] {processor.py:830} INFO - Processing file /home/airflow/.local/lib/python3.12/site-packages/airflow/example_dags/example_sensors.py for tasks to queue
[2026-04-28T22:45:13.469+0000] {logging_mixin.py:188} INFO - [2026-04-28T22:45:13.468+0000] {dagbag.py:540} INFO - Filling up the DagBag from /home/airflow/.local/lib/python3.12/site-packages/airflow/example_dags/example_sensors.py
[2026-04-28T22:45:13.493+0000] {processor.py:840} INFO - DAG(s) 'example_sensors' retrieved from /home/airflow/.local/lib/python3.12/site-packages/airflow/example_dags/example_sensors.py
[2026-04-28T22:45:13.550+0000] {logging_mixin.py:188} INFO - [2026-04-28T22:45:13.550+0000] {dag.py:3096} INFO - Sync 1 DAGs
[2026-04-28T22:45:13.575+0000] {logging_mixin.py:188} INFO - [2026-04-28T22:45:13.574+0000] {dag.py:3954} INFO - Setting next_dagrun for example_sensors to None, run_after=None
[2026-04-28T22:45:13.599+0000] {processor.py:183} INFO - Processing /home/airflow/.local/lib/python3.12/site-packages/airflow/example_dags/example_sensors.py took 0.145 seconds
[2026-04-28T22:45:44.607+0000] {processor.py:161} INFO - Started process (PID=3147) to work on /home/airflow/.local/lib/python3.12/site-packages/airflow/example_dags/example_sensors.py
[2026-04-28T22:45:44.610+0000] {processor.py:830} INFO - Processing file /home/airflow/.local/lib/python3.12/site-packages/airflow/example_dags/example_sensors.py for tasks to queue
[2026-04-28T22:45:44.615+0000] {logging_mixin.py:188} INFO - [2026-04-28T22:45:44.614+0000] {dagbag.py:540} INFO - Filling up the DagBag from /home/airflow/.local/lib/python3.12/site-packages/airflow/example_dags/example_sensors.py
[2026-04-28T22:45:44.645+0000] {processor.py:840} INFO - DAG(s) 'example_sensors' retrieved from /home/airflow/.local/lib/python3.12/site-packages/airflow/example_dags/example_sensors.py
[2026-04-28T22:45:44.899+0000] {logging_mixin.py:188} INFO - [2026-04-28T22:45:44.898+0000] {dag.py:3096} INFO - Sync 1 DAGs
[2026-04-28T22:45:45.009+0000] {logging_mixin.py:188} INFO - [2026-04-28T22:45:45.006+0000] {dag.py:3954} INFO - Setting next_dagrun for example_sensors to None, run_after=None
[2026-04-28T22:45:45.314+0000] {processor.py:183} INFO - Processing /home/airflow/.local/lib/python3.12/site-packages/airflow/example_dags/example_sensors.py took 0.722 seconds
[2026-04-28T22:46:16.374+0000] {processor.py:161} INFO - Started process (PID=3208) to work on /home/airflow/.local/lib/python3.12/site-packages/airflow/example_dags/example_sensors.py
[2026-04-28T22:46:16.377+0000] {processor.py:830} INFO - Processing file /home/airflow/.local/lib/python3.12/site-packages/airflow/example_dags/example_sensors.py for tasks to queue
[2026-04-28T22:46:16.385+0000] {logging_mixin.py:188} INFO - [2026-04-28T22:46:16.385+0000] {dagbag.py:540} INFO - Filling up the DagBag from /home/airflow/.local/lib/python3.12/site-packages/airflow/example_dags/example_sensors.py
[2026-04-28T22:46:16.434+0000] {processor.py:840} INFO - DAG(s) 'example_sensors' retrieved from /home/airflow/.local/lib/python3.12/site-packages/airflow/example_dags/example_sensors.py
[2026-04-28T22:46:16.689+0000] {logging_mixin.py:188} INFO - [2026-04-28T22:46:16.688+0000] {dag.py:3096} INFO - Sync 1 DAGs
[2026-04-28T22:46:16.757+0000] {logging_mixin.py:188} INFO - [2026-04-28T22:46:16.757+0000] {dag.py:3954} INFO - Setting next_dagrun for example_sensors to None, run_after=None
[2026-04-28T22:46:16.883+0000] {processor.py:183} INFO - Processing /home/airflow/.local/lib/python3.12/site-packages/airflow/example_dags/example_sensors.py took 0.562 seconds
[2026-04-28T22:46:47.610+0000] {processor.py:161} INFO - Started process (PID=3268) to work on /home/airflow/.local/lib/python3.12/site-packages/airflow/example_dags/example_sensors.py
[2026-04-28T22:46:47.611+0000] {processor.py:830} INFO - Processing file /home/airflow/.local/lib/python3.12/site-packages/airflow/example_dags/example_sensors.py for tasks to queue
[2026-04-28T22:46:47.618+0000] {logging_mixin.py:188} INFO - [2026-04-28T22:46:47.615+0000] {dagbag.py:540} INFO - Filling up the DagBag from /home/airflow/.local/lib/python3.12/site-packages/airflow/example_dags/example_sensors.py
[2026-04-28T22:46:47.650+0000] {processor.py:840} INFO - DAG(s) 'example_sensors' retrieved from /home/airflow/.local/lib/python3.12/site-packages/airflow/example_dags/example_sensors.py
[2026-04-28T22:46:47.767+0000] {logging_mixin.py:188} INFO - [2026-04-28T22:46:47.766+0000] {dag.py:3096} INFO - Sync 1 DAGs
[2026-04-28T22:46:47.793+0000] {logging_mixin.py:188} INFO - [2026-04-28T22:46:47.792+0000] {dag.py:3954} INFO - Setting next_dagrun for example_sensors to None, run_after=None
[2026-04-28T22:46:47.878+0000] {processor.py:183} INFO - Processing /home/airflow/.local/lib/python3.12/site-packages/airflow/example_dags/example_sensors.py took 0.281 seconds
[2026-04-28T22:47:18.791+0000] {processor.py:161} INFO - Started process (PID=3328) to work on /home/airflow/.local/lib/python3.12/site-packages/airflow/example_dags/example_sensors.py
[2026-04-28T22:47:18.795+0000] {processor.py:830} INFO - Processing file /home/airflow/.local/lib/python3.12/site-packages/airflow/example_dags/example_sensors.py for tasks to queue
[2026-04-28T22:47:18.798+0000] {logging_mixin.py:188} INFO - [2026-04-28T22:47:18.797+0000] {dagbag.py:540} INFO - Filling up the DagBag from /home/airflow/.local/lib/python3.12/site-packages/airflow/example_dags/example_sensors.py
[2026-04-28T22:47:18.809+0000] {processor.py:840} INFO - DAG(s) 'example_sensors' retrieved from /home/airflow/.local/lib/python3.12/site-packages/airflow/example_dags/example_sensors.py
[2026-04-28T22:47:18.853+0000] {logging_mixin.py:188} INFO - [2026-04-28T22:47:18.853+0000] {dag.py:3096} INFO - Sync 1 DAGs
[2026-04-28T22:47:18.900+0000] {logging_mixin.py:188} INFO - [2026-04-28T22:47:18.900+0000] {dag.py:3954} INFO - Setting next_dagrun for example_sensors to None, run_after=None
[2026-04-28T22:47:18.957+0000] {processor.py:183} INFO - Processing /home/airflow/.local/lib/python3.12/site-packages/airflow/example_dags/example_sensors.py took 0.173 seconds
[2026-04-28T22:47:49.771+0000] {processor.py:161} INFO - Started process (PID=3388) to work on /home/airflow/.local/lib/python3.12/site-packages/airflow/example_dags/example_sensors.py
[2026-04-28T22:47:49.772+0000] {processor.py:830} INFO - Processing file /home/airflow/.local/lib/python3.12/site-packages/airflow/example_dags/example_sensors.py for tasks to queue
[2026-04-28T22:47:49.774+0000] {logging_mixin.py:188} INFO - [2026-04-28T22:47:49.774+0000] {dagbag.py:540} INFO - Filling up the DagBag from /home/airflow/.local/lib/python3.12/site-packages/airflow/example_dags/example_sensors.py
[2026-04-28T22:47:49.787+0000] {processor.py:840} INFO - DAG(s) 'example_sensors' retrieved from /home/airflow/.local/lib/python3.12/site-packages/airflow/example_dags/example_sensors.py
[2026-04-28T22:47:49.820+0000] {logging_mixin.py:188} INFO - [2026-04-28T22:47:49.820+0000] {dag.py:3096} INFO - Sync 1 DAGs
[2026-04-28T22:47:49.836+0000] {logging_mixin.py:188} INFO - [2026-04-28T22:47:49.836+0000] {dag.py:3954} INFO - Setting next_dagrun for example_sensors to None, run_after=None
[2026-04-28T22:47:49.872+0000] {processor.py:183} INFO - Processing /home/airflow/.local/lib/python3.12/site-packages/airflow/example_dags/example_sensors.py took 0.108 seconds
[2026-04-28T22:48:20.139+0000] {processor.py:161} INFO - Started process (PID=3448) to work on /home/airflow/.local/lib/python3.12/site-packages/airflow/example_dags/example_sensors.py
[2026-04-28T22:48:20.142+0000] {processor.py:830} INFO - Processing file /home/airflow/.local/lib/python3.12/site-packages/airflow/example_dags/example_sensors.py for tasks to queue
[2026-04-28T22:48:20.144+0000] {logging_mixin.py:188} INFO - [2026-04-28T22:48:20.143+0000] {dagbag.py:540} INFO - Filling up the DagBag from /home/airflow/.local/lib/python3.12/site-packages/airflow/example_dags/example_sensors.py
[2026-04-28T22:48:20.156+0000] {processor.py:840} INFO - DAG(s) 'example_sensors' retrieved from /home/airflow/.local/lib/python3.12/site-packages/airflow/example_dags/example_sensors.py
[2026-04-28T22:48:20.203+0000] {logging_mixin.py:188} INFO - [2026-04-28T22:48:20.203+0000] {dag.py:3096} INFO - Sync 1 DAGs
[2026-04-28T22:48:20.275+0000] {logging_mixin.py:188} INFO - [2026-04-28T22:48:20.274+0000] {dag.py:3954} INFO - Setting next_dagrun for example_sensors to None, run_after=None
[2026-04-28T22:48:20.336+0000] {processor.py:183} INFO - Processing /home/airflow/.local/lib/python3.12/site-packages/airflow/example_dags/example_sensors.py took 0.216 seconds
[2026-04-28T22:48:50.373+0000] {processor.py:161} INFO - Started process (PID=3507) to work on /home/airflow/.local/lib/python3.12/site-packages/airflow/example_dags/example_sensors.py
[2026-04-28T22:48:50.375+0000] {processor.py:830} INFO - Processing file /home/airflow/.local/lib/python3.12/site-packages/airflow/example_dags/example_sensors.py for tasks to queue
[2026-04-28T22:48:50.377+0000] {logging_mixin.py:188} INFO - [2026-04-28T22:48:50.377+0000] {dagbag.py:540} INFO - Filling up the DagBag from /home/airflow/.local/lib/python3.12/site-packages/airflow/example_dags/example_sensors.py
[2026-04-28T22:48:50.389+0000] {processor.py:840} INFO - DAG(s) 'example_sensors' retrieved from /home/airflow/.local/lib/python3.12/site-packages/airflow/example_dags/example_sensors.py
[2026-04-28T22:48:50.425+0000] {logging_mixin.py:188} INFO - [2026-04-28T22:48:50.424+0000] {dag.py:3096} INFO - Sync 1 DAGs
[2026-04-28T22:48:50.443+0000] {logging_mixin.py:188} INFO - [2026-04-28T22:48:50.443+0000] {dag.py:3954} INFO - Setting next_dagrun for example_sensors to None, run_after=None
[2026-04-28T22:48:50.467+0000] {processor.py:183} INFO - Processing /home/airflow/.local/lib/python3.12/site-packages/airflow/example_dags/example_sensors.py took 0.101 seconds
[2026-04-28T22:49:21.278+0000] {processor.py:161} INFO - Started process (PID=3566) to work on /home/airflow/.local/lib/python3.12/site-packages/airflow/example_dags/example_sensors.py
[2026-04-28T22:49:21.279+0000] {processor.py:830} INFO - Processing file /home/airflow/.local/lib/python3.12/site-packages/airflow/example_dags/example_sensors.py for tasks to queue
[2026-04-28T22:49:21.281+0000] {logging_mixin.py:188} INFO - [2026-04-28T22:49:21.281+0000] {dagbag.py:540} INFO - Filling up the DagBag from /home/airflow/.local/lib/python3.12/site-packages/airflow/example_dags/example_sensors.py
[2026-04-28T22:49:21.293+0000] {processor.py:840} INFO - DAG(s) 'example_sensors' retrieved from /home/airflow/.local/lib/python3.12/site-packages/airflow/example_dags/example_sensors.py
[2026-04-28T22:49:21.325+0000] {logging_mixin.py:188} INFO - [2026-04-28T22:49:21.325+0000] {dag.py:3096} INFO - Sync 1 DAGs
[2026-04-28T22:49:21.339+0000] {logging_mixin.py:188} INFO - [2026-04-28T22:49:21.339+0000] {dag.py:3954} INFO - Setting next_dagrun for example_sensors to None, run_after=None
[2026-04-28T22:49:21.389+0000] {processor.py:183} INFO - Processing /home/airflow/.local/lib/python3.12/site-packages/airflow/example_dags/example_sensors.py took 0.117 seconds
[2026-04-28T22:49:51.728+0000] {processor.py:161} INFO - Started process (PID=3626) to work on /home/airflow/.local/lib/python3.12/site-packages/airflow/example_dags/example_sensors.py
[2026-04-28T22:49:51.730+0000] {processor.py:830} INFO - Processing file /home/airflow/.local/lib/python3.12/site-packages/airflow/example_dags/example_sensors.py for tasks to queue
[2026-04-28T22:49:51.733+0000] {logging_mixin.py:188} INFO - [2026-04-28T22:49:51.733+0000] {dagbag.py:540} INFO - Filling up the DagBag from /home/airflow/.local/lib/python3.12/site-packages/airflow/example_dags/example_sensors.py
[2026-04-28T22:49:51.757+0000] {processor.py:840} INFO - DAG(s) 'example_sensors' retrieved from /home/airflow/.local/lib/python3.12/site-packages/airflow/example_dags/example_sensors.py
[2026-04-28T22:49:51.822+0000] {logging_mixin.py:188} INFO - [2026-04-28T22:49:51.822+0000] {dag.py:3096} INFO - Sync 1 DAGs
[2026-04-28T22:49:51.863+0000] {logging_mixin.py:188} INFO - [2026-04-28T22:49:51.863+0000] {dag.py:3954} INFO - Setting next_dagrun for example_sensors to None, run_after=None
[2026-04-28T22:49:51.911+0000] {processor.py:183} INFO - Processing /home/airflow/.local/lib/python3.12/site-packages/airflow/example_dags/example_sensors.py took 0.196 seconds
[2026-04-28T22:50:22.692+0000] {processor.py:161} INFO - Started process (PID=3686) to work on /home/airflow/.local/lib/python3.12/site-packages/airflow/example_dags/example_sensors.py
[2026-04-28T22:50:22.693+0000] {processor.py:830} INFO - Processing file /home/airflow/.local/lib/python3.12/site-packages/airflow/example_dags/example_sensors.py for tasks to queue
[2026-04-28T22:50:22.698+0000] {logging_mixin.py:188} INFO - [2026-04-28T22:50:22.697+0000] {dagbag.py:540} INFO - Filling up the DagBag from /home/airflow/.local/lib/python3.12/site-packages/airflow/example_dags/example_sensors.py
[2026-04-28T22:50:22.718+0000] {processor.py:840} INFO - DAG(s) 'example_sensors' retrieved from /home/airflow/.local/lib/python3.12/site-packages/airflow/example_dags/example_sensors.py
[2026-04-28T22:50:22.751+0000] {logging_mixin.py:188} INFO - [2026-04-28T22:50:22.751+0000] {dag.py:3096} INFO - Sync 1 DAGs
[2026-04-28T22:50:22.775+0000] {logging_mixin.py:188} INFO - [2026-04-28T22:50:22.775+0000] {dag.py:3954} INFO - Setting next_dagrun for example_sensors to None, run_after=None
[2026-04-28T22:50:22.795+0000] {processor.py:183} INFO - Processing /home/airflow/.local/lib/python3.12/site-packages/airflow/example_dags/example_sensors.py took 0.112 seconds
[2026-04-28T22:50:53.177+0000] {processor.py:161} INFO - Started process (PID=3746) to work on /home/airflow/.local/lib/python3.12/site-packages/airflow/example_dags/example_sensors.py
[2026-04-28T22:50:53.182+0000] {processor.py:830} INFO - Processing file /home/airflow/.local/lib/python3.12/site-packages/airflow/example_dags/example_sensors.py for tasks to queue
[2026-04-28T22:50:53.188+0000] {logging_mixin.py:188} INFO - [2026-04-28T22:50:53.187+0000] {dagbag.py:540} INFO - Filling up the DagBag from /home/airflow/.local/lib/python3.12/site-packages/airflow/example_dags/example_sensors.py
[2026-04-28T22:50:53.214+0000] {processor.py:840} INFO - DAG(s) 'example_sensors' retrieved from /home/airflow/.local/lib/python3.12/site-packages/airflow/example_dags/example_sensors.py
[2026-04-28T22:50:53.307+0000] {logging_mixin.py:188} INFO - [2026-04-28T22:50:53.306+0000] {dag.py:3096} INFO - Sync 1 DAGs
[2026-04-28T22:50:53.340+0000] {logging_mixin.py:188} INFO - [2026-04-28T22:50:53.340+0000] {dag.py:3954} INFO - Setting next_dagrun for example_sensors to None, run_after=None
[2026-04-28T22:50:53.364+0000] {processor.py:183} INFO - Processing /home/airflow/.local/lib/python3.12/site-packages/airflow/example_dags/example_sensors.py took 0.205 seconds
[2026-04-28T22:51:24.143+0000] {processor.py:161} INFO - Started process (PID=3805) to work on /home/airflow/.local/lib/python3.12/site-packages/airflow/example_dags/example_sensors.py
[2026-04-28T22:51:24.148+0000] {processor.py:830} INFO - Processing file /home/airflow/.local/lib/python3.12/site-packages/airflow/example_dags/example_sensors.py for tasks to queue
[2026-04-28T22:51:24.150+0000] {logging_mixin.py:188} INFO - [2026-04-28T22:51:24.150+0000] {dagbag.py:540} INFO - Filling up the DagBag from /home/airflow/.local/lib/python3.12/site-packages/airflow/example_dags/example_sensors.py
[2026-04-28T22:51:24.162+0000] {processor.py:840} INFO - DAG(s) 'example_sensors' retrieved from /home/airflow/.local/lib/python3.12/site-packages/airflow/example_dags/example_sensors.py
[2026-04-28T22:51:24.200+0000] {logging_mixin.py:188} INFO - [2026-04-28T22:51:24.200+0000] {dag.py:3096} INFO - Sync 1 DAGs
[2026-04-28T22:51:24.215+0000] {logging_mixin.py:188} INFO - [2026-04-28T22:51:24.215+0000] {dag.py:3954} INFO - Setting next_dagrun for example_sensors to None, run_after=None
[2026-04-28T22:51:24.240+0000] {processor.py:183} INFO - Processing /home/airflow/.local/lib/python3.12/site-packages/airflow/example_dags/example_sensors.py took 0.104 seconds
[2026-04-28T22:51:55.039+0000] {processor.py:161} INFO - Started process (PID=3865) to work on /home/airflow/.local/lib/python3.12/site-packages/airflow/example_dags/example_sensors.py
[2026-04-28T22:51:55.044+0000] {processor.py:830} INFO - Processing file /home/airflow/.local/lib/python3.12/site-packages/airflow/example_dags/example_sensors.py for tasks to queue
[2026-04-28T22:51:55.053+0000] {logging_mixin.py:188} INFO - [2026-04-28T22:51:55.052+0000] {dagbag.py:540} INFO - Filling up the DagBag from /home/airflow/.local/lib/python3.12/site-packages/airflow/example_dags/example_sensors.py
[2026-04-28T22:51:55.073+0000] {processor.py:840} INFO - DAG(s) 'example_sensors' retrieved from /home/airflow/.local/lib/python3.12/site-packages/airflow/example_dags/example_sensors.py
[2026-04-28T22:51:55.156+0000] {logging_mixin.py:188} INFO - [2026-04-28T22:51:55.155+0000] {dag.py:3096} INFO - Sync 1 DAGs
[2026-04-28T22:51:55.212+0000] {logging_mixin.py:188} INFO - [2026-04-28T22:51:55.212+0000] {dag.py:3954} INFO - Setting next_dagrun for example_sensors to None, run_after=None
[2026-04-28T22:51:55.246+0000] {processor.py:183} INFO - Processing /home/airflow/.local/lib/python3.12/site-packages/airflow/example_dags/example_sensors.py took 0.233 seconds
[2026-04-28T22:52:25.732+0000] {processor.py:161} INFO - Started process (PID=3925) to work on /home/airflow/.local/lib/python3.12/site-packages/airflow/example_dags/example_sensors.py
[2026-04-28T22:52:25.733+0000] {processor.py:830} INFO - Processing file /home/airflow/.local/lib/python3.12/site-packages/airflow/example_dags/example_sensors.py for tasks to queue
[2026-04-28T22:52:25.736+0000] {logging_mixin.py:188} INFO - [2026-04-28T22:52:25.735+0000] {dagbag.py:540} INFO - Filling up the DagBag from /home/airflow/.local/lib/python3.12/site-packages/airflow/example_dags/example_sensors.py
[2026-04-28T22:52:25.747+0000] {processor.py:840} INFO - DAG(s) 'example_sensors' retrieved from /home/airflow/.local/lib/python3.12/site-packages/airflow/example_dags/example_sensors.py
[2026-04-28T22:52:25.781+0000] {logging_mixin.py:188} INFO - [2026-04-28T22:52:25.781+0000] {dag.py:3096} INFO - Sync 1 DAGs
[2026-04-28T22:52:25.796+0000] {logging_mixin.py:188} INFO - [2026-04-28T22:52:25.796+0000] {dag.py:3954} INFO - Setting next_dagrun for example_sensors to None, run_after=None
[2026-04-28T22:52:25.823+0000] {processor.py:183} INFO - Processing /home/airflow/.local/lib/python3.12/site-packages/airflow/example_dags/example_sensors.py took 0.097 seconds
[2026-04-28T22:52:56.281+0000] {processor.py:161} INFO - Started process (PID=3985) to work on /home/airflow/.local/lib/python3.12/site-packages/airflow/example_dags/example_sensors.py
[2026-04-28T22:52:56.282+0000] {processor.py:830} INFO - Processing file /home/airflow/.local/lib/python3.12/site-packages/airflow/example_dags/example_sensors.py for tasks to queue
[2026-04-28T22:52:56.285+0000] {logging_mixin.py:188} INFO - [2026-04-28T22:52:56.284+0000] {dagbag.py:540} INFO - Filling up the DagBag from /home/airflow/.local/lib/python3.12/site-packages/airflow/example_dags/example_sensors.py
[2026-04-28T22:52:56.295+0000] {processor.py:840} INFO - DAG(s) 'example_sensors' retrieved from /home/airflow/.local/lib/python3.12/site-packages/airflow/example_dags/example_sensors.py
[2026-04-28T22:52:56.328+0000] {logging_mixin.py:188} INFO - [2026-04-28T22:52:56.328+0000] {dag.py:3096} INFO - Sync 1 DAGs
[2026-04-28T22:52:56.342+0000] {logging_mixin.py:188} INFO - [2026-04-28T22:52:56.342+0000] {dag.py:3954} INFO - Setting next_dagrun for example_sensors to None, run_after=None
[2026-04-28T22:52:56.364+0000] {processor.py:183} INFO - Processing /home/airflow/.local/lib/python3.12/site-packages/airflow/example_dags/example_sensors.py took 0.090 seconds
[2026-04-28T22:53:26.916+0000] {processor.py:161} INFO - Started process (PID=4045) to work on /home/airflow/.local/lib/python3.12/site-packages/airflow/example_dags/example_sensors.py
[2026-04-28T22:53:26.919+0000] {processor.py:830} INFO - Processing file /home/airflow/.local/lib/python3.12/site-packages/airflow/example_dags/example_sensors.py for tasks to queue
[2026-04-28T22:53:26.923+0000] {logging_mixin.py:188} INFO - [2026-04-28T22:53:26.922+0000] {dagbag.py:540} INFO - Filling up the DagBag from /home/airflow/.local/lib/python3.12/site-packages/airflow/example_dags/example_sensors.py
[2026-04-28T22:53:26.952+0000] {processor.py:840} INFO - DAG(s) 'example_sensors' retrieved from /home/airflow/.local/lib/python3.12/site-packages/airflow/example_dags/example_sensors.py
[2026-04-28T22:53:27.076+0000] {logging_mixin.py:188} INFO - [2026-04-28T22:53:27.075+0000] {dag.py:3096} INFO - Sync 1 DAGs
[2026-04-28T22:53:27.105+0000] {logging_mixin.py:188} INFO - [2026-04-28T22:53:27.104+0000] {dag.py:3954} INFO - Setting next_dagrun for example_sensors to None, run_after=None
[2026-04-28T22:53:27.130+0000] {processor.py:183} INFO - Processing /home/airflow/.local/lib/python3.12/site-packages/airflow/example_dags/example_sensors.py took 0.223 seconds
[2026-04-28T22:53:57.165+0000] {processor.py:161} INFO - Started process (PID=4105) to work on /home/airflow/.local/lib/python3.12/site-packages/airflow/example_dags/example_sensors.py
[2026-04-28T22:53:57.166+0000] {processor.py:830} INFO - Processing file /home/airflow/.local/lib/python3.12/site-packages/airflow/example_dags/example_sensors.py for tasks to queue
[2026-04-28T22:53:57.168+0000] {logging_mixin.py:188} INFO - [2026-04-28T22:53:57.168+0000] {dagbag.py:540} INFO - Filling up the DagBag from /home/airflow/.local/lib/python3.12/site-packages/airflow/example_dags/example_sensors.py
[2026-04-28T22:53:57.181+0000] {processor.py:840} INFO - DAG(s) 'example_sensors' retrieved from /home/airflow/.local/lib/python3.12/site-packages/airflow/example_dags/example_sensors.py
[2026-04-28T22:53:57.219+0000] {logging_mixin.py:188} INFO - [2026-04-28T22:53:57.219+0000] {dag.py:3096} INFO - Sync 1 DAGs
[2026-04-28T22:53:57.235+0000] {logging_mixin.py:188} INFO - [2026-04-28T22:53:57.235+0000] {dag.py:3954} INFO - Setting next_dagrun for example_sensors to None, run_after=None
[2026-04-28T22:53:57.266+0000] {processor.py:183} INFO - Processing /home/airflow/.local/lib/python3.12/site-packages/airflow/example_dags/example_sensors.py took 0.107 seconds
[2026-04-28T22:54:27.538+0000] {processor.py:161} INFO - Started process (PID=4165) to work on /home/airflow/.local/lib/python3.12/site-packages/airflow/example_dags/example_sensors.py
[2026-04-28T22:54:27.539+0000] {processor.py:830} INFO - Processing file /home/airflow/.local/lib/python3.12/site-packages/airflow/example_dags/example_sensors.py for tasks to queue
[2026-04-28T22:54:27.541+0000] {logging_mixin.py:188} INFO - [2026-04-28T22:54:27.541+0000] {dagbag.py:540} INFO - Filling up the DagBag from /home/airflow/.local/lib/python3.12/site-packages/airflow/example_dags/example_sensors.py
[2026-04-28T22:54:27.552+0000] {processor.py:840} INFO - DAG(s) 'example_sensors' retrieved from /home/airflow/.local/lib/python3.12/site-packages/airflow/example_dags/example_sensors.py
[2026-04-28T22:54:27.588+0000] {logging_mixin.py:188} INFO - [2026-04-28T22:54:27.588+0000] {dag.py:3096} INFO - Sync 1 DAGs
[2026-04-28T22:54:27.604+0000] {logging_mixin.py:188} INFO - [2026-04-28T22:54:27.604+0000] {dag.py:3954} INFO - Setting next_dagrun for example_sensors to None, run_after=None
[2026-04-28T22:54:27.625+0000] {processor.py:183} INFO - Processing /home/airflow/.local/lib/python3.12/site-packages/airflow/example_dags/example_sensors.py took 0.093 seconds
[2026-04-28T22:54:58.061+0000] {processor.py:161} INFO - Started process (PID=4225) to work on /home/airflow/.local/lib/python3.12/site-packages/airflow/example_dags/example_sensors.py
[2026-04-28T22:54:58.064+0000] {processor.py:830} INFO - Processing file /home/airflow/.local/lib/python3.12/site-packages/airflow/example_dags/example_sensors.py for tasks to queue
[2026-04-28T22:54:58.068+0000] {logging_mixin.py:188} INFO - [2026-04-28T22:54:58.067+0000] {dagbag.py:540} INFO - Filling up the DagBag from /home/airflow/.local/lib/python3.12/site-packages/airflow/example_dags/example_sensors.py
[2026-04-28T22:54:58.142+0000] {processor.py:840} INFO - DAG(s) 'example_sensors' retrieved from /home/airflow/.local/lib/python3.12/site-packages/airflow/example_dags/example_sensors.py
[2026-04-28T22:54:58.243+0000] {logging_mixin.py:188} INFO - [2026-04-28T22:54:58.243+0000] {dag.py:3096} INFO - Sync 1 DAGs
[2026-04-28T22:54:58.295+0000] {logging_mixin.py:188} INFO - [2026-04-28T22:54:58.295+0000] {dag.py:3954} INFO - Setting next_dagrun for example_sensors to None, run_after=None
[2026-04-28T22:54:58.367+0000] {processor.py:183} INFO - Processing /home/airflow/.local/lib/python3.12/site-packages/airflow/example_dags/example_sensors.py took 0.335 seconds
[2026-04-28T22:55:28.494+0000] {processor.py:161} INFO - Started process (PID=4285) to work on /home/airflow/.local/lib/python3.12/site-packages/airflow/example_dags/example_sensors.py
[2026-04-28T22:55:28.495+0000] {processor.py:830} INFO - Processing file /home/airflow/.local/lib/python3.12/site-packages/airflow/example_dags/example_sensors.py for tasks to queue
[2026-04-28T22:55:28.497+0000] {logging_mixin.py:188} INFO - [2026-04-28T22:55:28.497+0000] {dagbag.py:540} INFO - Filling up the DagBag from /home/airflow/.local/lib/python3.12/site-packages/airflow/example_dags/example_sensors.py
[2026-04-28T22:55:28.510+0000] {processor.py:840} INFO - DAG(s) 'example_sensors' retrieved from /home/airflow/.local/lib/python3.12/site-packages/airflow/example_dags/example_sensors.py
[2026-04-28T22:55:28.544+0000] {logging_mixin.py:188} INFO - [2026-04-28T22:55:28.544+0000] {dag.py:3096} INFO - Sync 1 DAGs
[2026-04-28T22:55:28.558+0000] {logging_mixin.py:188} INFO - [2026-04-28T22:55:28.558+0000] {dag.py:3954} INFO - Setting next_dagrun for example_sensors to None, run_after=None
[2026-04-28T22:55:28.586+0000] {processor.py:183} INFO - Processing /home/airflow/.local/lib/python3.12/site-packages/airflow/example_dags/example_sensors.py took 0.099 seconds
[2026-04-28T22:55:59.338+0000] {processor.py:161} INFO - Started process (PID=4345) to work on /home/airflow/.local/lib/python3.12/site-packages/airflow/example_dags/example_sensors.py
[2026-04-28T22:55:59.339+0000] {processor.py:830} INFO - Processing file /home/airflow/.local/lib/python3.12/site-packages/airflow/example_dags/example_sensors.py for tasks to queue
[2026-04-28T22:55:59.341+0000] {logging_mixin.py:188} INFO - [2026-04-28T22:55:59.341+0000] {dagbag.py:540} INFO - Filling up the DagBag from /home/airflow/.local/lib/python3.12/site-packages/airflow/example_dags/example_sensors.py
[2026-04-28T22:55:59.353+0000] {processor.py:840} INFO - DAG(s) 'example_sensors' retrieved from /home/airflow/.local/lib/python3.12/site-packages/airflow/example_dags/example_sensors.py
[2026-04-28T22:55:59.394+0000] {logging_mixin.py:188} INFO - [2026-04-28T22:55:59.393+0000] {dag.py:3096} INFO - Sync 1 DAGs
[2026-04-28T22:55:59.408+0000] {logging_mixin.py:188} INFO - [2026-04-28T22:55:59.408+0000] {dag.py:3954} INFO - Setting next_dagrun for example_sensors to None, run_after=None
[2026-04-28T22:55:59.429+0000] {processor.py:183} INFO - Processing /home/airflow/.local/lib/python3.12/site-packages/airflow/example_dags/example_sensors.py took 0.098 seconds
[2026-04-28T22:56:29.744+0000] {processor.py:161} INFO - Started process (PID=4405) to work on /home/airflow/.local/lib/python3.12/site-packages/airflow/example_dags/example_sensors.py
[2026-04-28T22:56:29.746+0000] {processor.py:830} INFO - Processing file /home/airflow/.local/lib/python3.12/site-packages/airflow/example_dags/example_sensors.py for tasks to queue
[2026-04-28T22:56:29.748+0000] {logging_mixin.py:188} INFO - [2026-04-28T22:56:29.747+0000] {dagbag.py:540} INFO - Filling up the DagBag from /home/airflow/.local/lib/python3.12/site-packages/airflow/example_dags/example_sensors.py
[2026-04-28T22:56:29.763+0000] {processor.py:840} INFO - DAG(s) 'example_sensors' retrieved from /home/airflow/.local/lib/python3.12/site-packages/airflow/example_dags/example_sensors.py
[2026-04-28T22:56:29.794+0000] {logging_mixin.py:188} INFO - [2026-04-28T22:56:29.794+0000] {dag.py:3096} INFO - Sync 1 DAGs
[2026-04-28T22:56:29.809+0000] {logging_mixin.py:188} INFO - [2026-04-28T22:56:29.809+0000] {dag.py:3954} INFO - Setting next_dagrun for example_sensors to None, run_after=None
[2026-04-28T22:56:29.833+0000] {processor.py:183} INFO - Processing /home/airflow/.local/lib/python3.12/site-packages/airflow/example_dags/example_sensors.py took 0.095 seconds
[2026-04-28T22:56:59.972+0000] {processor.py:161} INFO - Started process (PID=4465) to work on /home/airflow/.local/lib/python3.12/site-packages/airflow/example_dags/example_sensors.py
[2026-04-28T22:56:59.975+0000] {processor.py:830} INFO - Processing file /home/airflow/.local/lib/python3.12/site-packages/airflow/example_dags/example_sensors.py for tasks to queue
[2026-04-28T22:56:59.977+0000] {logging_mixin.py:188} INFO - [2026-04-28T22:56:59.977+0000] {dagbag.py:540} INFO - Filling up the DagBag from /home/airflow/.local/lib/python3.12/site-packages/airflow/example_dags/example_sensors.py
[2026-04-28T22:56:59.988+0000] {processor.py:840} INFO - DAG(s) 'example_sensors' retrieved from /home/airflow/.local/lib/python3.12/site-packages/airflow/example_dags/example_sensors.py
[2026-04-28T22:57:00.031+0000] {logging_mixin.py:188} INFO - [2026-04-28T22:57:00.031+0000] {dag.py:3096} INFO - Sync 1 DAGs
[2026-04-28T22:57:00.062+0000] {logging_mixin.py:188} INFO - [2026-04-28T22:57:00.061+0000] {dag.py:3954} INFO - Setting next_dagrun for example_sensors to None, run_after=None
[2026-04-28T22:57:00.120+0000] {processor.py:183} INFO - Processing /home/airflow/.local/lib/python3.12/site-packages/airflow/example_dags/example_sensors.py took 0.166 seconds
[2026-04-28T22:57:30.231+0000] {processor.py:161} INFO - Started process (PID=4525) to work on /home/airflow/.local/lib/python3.12/site-packages/airflow/example_dags/example_sensors.py
[2026-04-28T22:57:30.234+0000] {processor.py:830} INFO - Processing file /home/airflow/.local/lib/python3.12/site-packages/airflow/example_dags/example_sensors.py for tasks to queue
[2026-04-28T22:57:30.240+0000] {logging_mixin.py:188} INFO - [2026-04-28T22:57:30.239+0000] {dagbag.py:540} INFO - Filling up the DagBag from /home/airflow/.local/lib/python3.12/site-packages/airflow/example_dags/example_sensors.py
[2026-04-28T22:57:30.267+0000] {processor.py:840} INFO - DAG(s) 'example_sensors' retrieved from /home/airflow/.local/lib/python3.12/site-packages/airflow/example_dags/example_sensors.py
[2026-04-28T22:57:30.414+0000] {logging_mixin.py:188} INFO - [2026-04-28T22:57:30.413+0000] {dag.py:3096} INFO - Sync 1 DAGs
[2026-04-28T22:57:30.441+0000] {logging_mixin.py:188} INFO - [2026-04-28T22:57:30.441+0000] {dag.py:3954} INFO - Setting next_dagrun for example_sensors to None, run_after=None
[2026-04-28T22:57:30.473+0000] {processor.py:183} INFO - Processing /home/airflow/.local/lib/python3.12/site-packages/airflow/example_dags/example_sensors.py took 0.258 seconds
[2026-04-28T22:58:00.949+0000] {processor.py:161} INFO - Started process (PID=4584) to work on /home/airflow/.local/lib/python3.12/site-packages/airflow/example_dags/example_sensors.py
[2026-04-28T22:58:00.950+0000] {processor.py:830} INFO - Processing file /home/airflow/.local/lib/python3.12/site-packages/airflow/example_dags/example_sensors.py for tasks to queue
[2026-04-28T22:58:00.954+0000] {logging_mixin.py:188} INFO - [2026-04-28T22:58:00.953+0000] {dagbag.py:540} INFO - Filling up the DagBag from /home/airflow/.local/lib/python3.12/site-packages/airflow/example_dags/example_sensors.py
[2026-04-28T22:58:00.965+0000] {processor.py:840} INFO - DAG(s) 'example_sensors' retrieved from /home/airflow/.local/lib/python3.12/site-packages/airflow/example_dags/example_sensors.py
[2026-04-28T22:58:00.999+0000] {logging_mixin.py:188} INFO - [2026-04-28T22:58:00.999+0000] {dag.py:3096} INFO - Sync 1 DAGs
[2026-04-28T22:58:01.014+0000] {logging_mixin.py:188} INFO - [2026-04-28T22:58:01.013+0000] {dag.py:3954} INFO - Setting next_dagrun for example_sensors to None, run_after=None
[2026-04-28T22:58:01.037+0000] {processor.py:183} INFO - Processing /home/airflow/.local/lib/python3.12/site-packages/airflow/example_dags/example_sensors.py took 0.095 seconds
[2026-04-28T22:58:31.199+0000] {processor.py:161} INFO - Started process (PID=4644) to work on /home/airflow/.local/lib/python3.12/site-packages/airflow/example_dags/example_sensors.py
[2026-04-28T22:58:31.200+0000] {processor.py:830} INFO - Processing file /home/airflow/.local/lib/python3.12/site-packages/airflow/example_dags/example_sensors.py for tasks to queue
[2026-04-28T22:58:31.202+0000] {logging_mixin.py:188} INFO - [2026-04-28T22:58:31.202+0000] {dagbag.py:540} INFO - Filling up the DagBag from /home/airflow/.local/lib/python3.12/site-packages/airflow/example_dags/example_sensors.py
[2026-04-28T22:58:31.214+0000] {processor.py:840} INFO - DAG(s) 'example_sensors' retrieved from /home/airflow/.local/lib/python3.12/site-packages/airflow/example_dags/example_sensors.py
[2026-04-28T22:58:31.247+0000] {logging_mixin.py:188} INFO - [2026-04-28T22:58:31.246+0000] {dag.py:3096} INFO - Sync 1 DAGs
[2026-04-28T22:58:31.263+0000] {logging_mixin.py:188} INFO - [2026-04-28T22:58:31.262+0000] {dag.py:3954} INFO - Setting next_dagrun for example_sensors to None, run_after=None
[2026-04-28T22:58:31.284+0000] {processor.py:183} INFO - Processing /home/airflow/.local/lib/python3.12/site-packages/airflow/example_dags/example_sensors.py took 0.092 seconds
[2026-04-28T22:59:01.489+0000] {processor.py:161} INFO - Started process (PID=4704) to work on /home/airflow/.local/lib/python3.12/site-packages/airflow/example_dags/example_sensors.py
[2026-04-28T22:59:01.490+0000] {processor.py:830} INFO - Processing file /home/airflow/.local/lib/python3.12/site-packages/airflow/example_dags/example_sensors.py for tasks to queue
[2026-04-28T22:59:01.494+0000] {logging_mixin.py:188} INFO - [2026-04-28T22:59:01.494+0000] {dagbag.py:540} INFO - Filling up the DagBag from /home/airflow/.local/lib/python3.12/site-packages/airflow/example_dags/example_sensors.py
[2026-04-28T22:59:01.519+0000] {processor.py:840} INFO - DAG(s) 'example_sensors' retrieved from /home/airflow/.local/lib/python3.12/site-packages/airflow/example_dags/example_sensors.py
[2026-04-28T22:59:01.556+0000] {logging_mixin.py:188} INFO - [2026-04-28T22:59:01.556+0000] {dag.py:3096} INFO - Sync 1 DAGs
[2026-04-28T22:59:01.573+0000] {logging_mixin.py:188} INFO - [2026-04-28T22:59:01.573+0000] {dag.py:3954} INFO - Setting next_dagrun for example_sensors to None, run_after=None
[2026-04-28T22:59:01.603+0000] {processor.py:183} INFO - Processing /home/airflow/.local/lib/python3.12/site-packages/airflow/example_dags/example_sensors.py took 0.121 seconds
[2026-04-28T22:59:31.832+0000] {processor.py:161} INFO - Started process (PID=4764) to work on /home/airflow/.local/lib/python3.12/site-packages/airflow/example_dags/example_sensors.py
[2026-04-28T22:59:31.833+0000] {processor.py:830} INFO - Processing file /home/airflow/.local/lib/python3.12/site-packages/airflow/example_dags/example_sensors.py for tasks to queue
[2026-04-28T22:59:31.835+0000] {logging_mixin.py:188} INFO - [2026-04-28T22:59:31.835+0000] {dagbag.py:540} INFO - Filling up the DagBag from /home/airflow/.local/lib/python3.12/site-packages/airflow/example_dags/example_sensors.py
[2026-04-28T22:59:31.849+0000] {processor.py:840} INFO - DAG(s) 'example_sensors' retrieved from /home/airflow/.local/lib/python3.12/site-packages/airflow/example_dags/example_sensors.py
[2026-04-28T22:59:31.884+0000] {logging_mixin.py:188} INFO - [2026-04-28T22:59:31.884+0000] {dag.py:3096} INFO - Sync 1 DAGs
[2026-04-28T22:59:31.899+0000] {logging_mixin.py:188} INFO - [2026-04-28T22:59:31.899+0000] {dag.py:3954} INFO - Setting next_dagrun for example_sensors to None, run_after=None
[2026-04-28T22:59:31.919+0000] {processor.py:183} INFO - Processing /home/airflow/.local/lib/python3.12/site-packages/airflow/example_dags/example_sensors.py took 0.099 seconds
[2026-04-28T23:00:04.536+0000] {processor.py:161} INFO - Started process (PID=4824) to work on /home/airflow/.local/lib/python3.12/site-packages/airflow/example_dags/example_sensors.py
[2026-04-28T23:00:04.538+0000] {processor.py:830} INFO - Processing file /home/airflow/.local/lib/python3.12/site-packages/airflow/example_dags/example_sensors.py for tasks to queue
[2026-04-28T23:00:04.542+0000] {logging_mixin.py:188} INFO - [2026-04-28T23:00:04.542+0000] {dagbag.py:540} INFO - Filling up the DagBag from /home/airflow/.local/lib/python3.12/site-packages/airflow/example_dags/example_sensors.py
[2026-04-28T23:00:04.561+0000] {processor.py:840} INFO - DAG(s) 'example_sensors' retrieved from /home/airflow/.local/lib/python3.12/site-packages/airflow/example_dags/example_sensors.py
[2026-04-28T23:00:04.694+0000] {logging_mixin.py:188} INFO - [2026-04-28T23:00:04.693+0000] {dag.py:3096} INFO - Sync 1 DAGs
[2026-04-28T23:00:04.735+0000] {logging_mixin.py:188} INFO - [2026-04-28T23:00:04.735+0000] {dag.py:3954} INFO - Setting next_dagrun for example_sensors to None, run_after=None
[2026-04-28T23:00:04.818+0000] {processor.py:183} INFO - Processing /home/airflow/.local/lib/python3.12/site-packages/airflow/example_dags/example_sensors.py took 0.290 seconds
[2026-04-28T23:00:35.436+0000] {processor.py:161} INFO - Started process (PID=4883) to work on /home/airflow/.local/lib/python3.12/site-packages/airflow/example_dags/example_sensors.py
[2026-04-28T23:00:35.448+0000] {processor.py:830} INFO - Processing file /home/airflow/.local/lib/python3.12/site-packages/airflow/example_dags/example_sensors.py for tasks to queue
[2026-04-28T23:00:35.451+0000] {logging_mixin.py:188} INFO - [2026-04-28T23:00:35.451+0000] {dagbag.py:540} INFO - Filling up the DagBag from /home/airflow/.local/lib/python3.12/site-packages/airflow/example_dags/example_sensors.py
[2026-04-28T23:00:35.479+0000] {processor.py:840} INFO - DAG(s) 'example_sensors' retrieved from /home/airflow/.local/lib/python3.12/site-packages/airflow/example_dags/example_sensors.py
[2026-04-28T23:00:35.531+0000] {logging_mixin.py:188} INFO - [2026-04-28T23:00:35.531+0000] {dag.py:3096} INFO - Sync 1 DAGs
[2026-04-28T23:00:35.547+0000] {logging_mixin.py:188} INFO - [2026-04-28T23:00:35.547+0000] {dag.py:3954} INFO - Setting next_dagrun for example_sensors to None, run_after=None
[2026-04-28T23:00:35.568+0000] {processor.py:183} INFO - Processing /home/airflow/.local/lib/python3.12/site-packages/airflow/example_dags/example_sensors.py took 0.144 seconds
[2026-04-28T23:01:05.924+0000] {processor.py:161} INFO - Started process (PID=4943) to work on /home/airflow/.local/lib/python3.12/site-packages/airflow/example_dags/example_sensors.py
[2026-04-28T23:01:05.925+0000] {processor.py:830} INFO - Processing file /home/airflow/.local/lib/python3.12/site-packages/airflow/example_dags/example_sensors.py for tasks to queue
[2026-04-28T23:01:05.928+0000] {logging_mixin.py:188} INFO - [2026-04-28T23:01:05.927+0000] {dagbag.py:540} INFO - Filling up the DagBag from /home/airflow/.local/lib/python3.12/site-packages/airflow/example_dags/example_sensors.py
[2026-04-28T23:01:05.939+0000] {processor.py:840} INFO - DAG(s) 'example_sensors' retrieved from /home/airflow/.local/lib/python3.12/site-packages/airflow/example_dags/example_sensors.py
[2026-04-28T23:01:05.972+0000] {logging_mixin.py:188} INFO - [2026-04-28T23:01:05.971+0000] {dag.py:3096} INFO - Sync 1 DAGs
[2026-04-28T23:01:05.985+0000] {logging_mixin.py:188} INFO - [2026-04-28T23:01:05.985+0000] {dag.py:3954} INFO - Setting next_dagrun for example_sensors to None, run_after=None
[2026-04-28T23:01:06.004+0000] {processor.py:183} INFO - Processing /home/airflow/.local/lib/python3.12/site-packages/airflow/example_dags/example_sensors.py took 0.087 seconds
[2026-04-28T23:01:36.306+0000] {processor.py:161} INFO - Started process (PID=5003) to work on /home/airflow/.local/lib/python3.12/site-packages/airflow/example_dags/example_sensors.py
[2026-04-28T23:01:36.309+0000] {processor.py:830} INFO - Processing file /home/airflow/.local/lib/python3.12/site-packages/airflow/example_dags/example_sensors.py for tasks to queue
[2026-04-28T23:01:36.314+0000] {logging_mixin.py:188} INFO - [2026-04-28T23:01:36.313+0000] {dagbag.py:540} INFO - Filling up the DagBag from /home/airflow/.local/lib/python3.12/site-packages/airflow/example_dags/example_sensors.py
[2026-04-28T23:01:36.330+0000] {processor.py:840} INFO - DAG(s) 'example_sensors' retrieved from /home/airflow/.local/lib/python3.12/site-packages/airflow/example_dags/example_sensors.py
[2026-04-28T23:01:36.412+0000] {logging_mixin.py:188} INFO - [2026-04-28T23:01:36.412+0000] {dag.py:3096} INFO - Sync 1 DAGs
[2026-04-28T23:01:36.428+0000] {logging_mixin.py:188} INFO - [2026-04-28T23:01:36.428+0000] {dag.py:3954} INFO - Setting next_dagrun for example_sensors to None, run_after=None
[2026-04-28T23:01:36.448+0000] {processor.py:183} INFO - Processing /home/airflow/.local/lib/python3.12/site-packages/airflow/example_dags/example_sensors.py took 0.153 seconds
[2026-04-28T23:02:06.493+0000] {processor.py:161} INFO - Started process (PID=5063) to work on /home/airflow/.local/lib/python3.12/site-packages/airflow/example_dags/example_sensors.py
[2026-04-28T23:02:06.494+0000] {processor.py:830} INFO - Processing file /home/airflow/.local/lib/python3.12/site-packages/airflow/example_dags/example_sensors.py for tasks to queue
[2026-04-28T23:02:06.496+0000] {logging_mixin.py:188} INFO - [2026-04-28T23:02:06.496+0000] {dagbag.py:540} INFO - Filling up the DagBag from /home/airflow/.local/lib/python3.12/site-packages/airflow/example_dags/example_sensors.py
[2026-04-28T23:02:06.504+0000] {processor.py:840} INFO - DAG(s) 'example_sensors' retrieved from /home/airflow/.local/lib/python3.12/site-packages/airflow/example_dags/example_sensors.py
[2026-04-28T23:02:06.526+0000] {logging_mixin.py:188} INFO - [2026-04-28T23:02:06.526+0000] {dag.py:3096} INFO - Sync 1 DAGs
[2026-04-28T23:02:06.538+0000] {logging_mixin.py:188} INFO - [2026-04-28T23:02:06.537+0000] {dag.py:3954} INFO - Setting next_dagrun for example_sensors to None, run_after=None
[2026-04-28T23:02:06.553+0000] {processor.py:183} INFO - Processing /home/airflow/.local/lib/python3.12/site-packages/airflow/example_dags/example_sensors.py took 0.066 seconds
[2026-04-28T23:02:38.652+0000] {processor.py:161} INFO - Started process (PID=5123) to work on /home/airflow/.local/lib/python3.12/site-packages/airflow/example_dags/example_sensors.py
[2026-04-28T23:02:38.655+0000] {processor.py:830} INFO - Processing file /home/airflow/.local/lib/python3.12/site-packages/airflow/example_dags/example_sensors.py for tasks to queue
[2026-04-28T23:02:38.660+0000] {logging_mixin.py:188} INFO - [2026-04-28T23:02:38.660+0000] {dagbag.py:540} INFO - Filling up the DagBag from /home/airflow/.local/lib/python3.12/site-packages/airflow/example_dags/example_sensors.py
[2026-04-28T23:02:38.686+0000] {processor.py:840} INFO - DAG(s) 'example_sensors' retrieved from /home/airflow/.local/lib/python3.12/site-packages/airflow/example_dags/example_sensors.py
[2026-04-28T23:02:38.775+0000] {logging_mixin.py:188} INFO - [2026-04-28T23:02:38.774+0000] {dag.py:3096} INFO - Sync 1 DAGs
[2026-04-28T23:02:38.811+0000] {logging_mixin.py:188} INFO - [2026-04-28T23:02:38.809+0000] {dag.py:3954} INFO - Setting next_dagrun for example_sensors to None, run_after=None
[2026-04-28T23:02:38.855+0000] {processor.py:183} INFO - Processing /home/airflow/.local/lib/python3.12/site-packages/airflow/example_dags/example_sensors.py took 0.220 seconds
[2026-04-28T23:03:09.583+0000] {processor.py:161} INFO - Started process (PID=5183) to work on /home/airflow/.local/lib/python3.12/site-packages/airflow/example_dags/example_sensors.py
[2026-04-28T23:03:09.587+0000] {processor.py:830} INFO - Processing file /home/airflow/.local/lib/python3.12/site-packages/airflow/example_dags/example_sensors.py for tasks to queue
[2026-04-28T23:03:09.589+0000] {logging_mixin.py:188} INFO - [2026-04-28T23:03:09.589+0000] {dagbag.py:540} INFO - Filling up the DagBag from /home/airflow/.local/lib/python3.12/site-packages/airflow/example_dags/example_sensors.py
[2026-04-28T23:03:09.601+0000] {processor.py:840} INFO - DAG(s) 'example_sensors' retrieved from /home/airflow/.local/lib/python3.12/site-packages/airflow/example_dags/example_sensors.py
[2026-04-28T23:03:09.635+0000] {logging_mixin.py:188} INFO - [2026-04-28T23:03:09.634+0000] {dag.py:3096} INFO - Sync 1 DAGs
[2026-04-28T23:03:09.655+0000] {logging_mixin.py:188} INFO - [2026-04-28T23:03:09.654+0000] {dag.py:3954} INFO - Setting next_dagrun for example_sensors to None, run_after=None
[2026-04-28T23:03:09.674+0000] {processor.py:183} INFO - Processing /home/airflow/.local/lib/python3.12/site-packages/airflow/example_dags/example_sensors.py took 0.099 seconds
[2026-04-28T23:03:39.854+0000] {processor.py:161} INFO - Started process (PID=5243) to work on /home/airflow/.local/lib/python3.12/site-packages/airflow/example_dags/example_sensors.py
[2026-04-28T23:03:39.861+0000] {processor.py:830} INFO - Processing file /home/airflow/.local/lib/python3.12/site-packages/airflow/example_dags/example_sensors.py for tasks to queue
[2026-04-28T23:03:39.863+0000] {logging_mixin.py:188} INFO - [2026-04-28T23:03:39.863+0000] {dagbag.py:540} INFO - Filling up the DagBag from /home/airflow/.local/lib/python3.12/site-packages/airflow/example_dags/example_sensors.py
[2026-04-28T23:03:39.874+0000] {processor.py:840} INFO - DAG(s) 'example_sensors' retrieved from /home/airflow/.local/lib/python3.12/site-packages/airflow/example_dags/example_sensors.py
[2026-04-28T23:03:39.909+0000] {logging_mixin.py:188} INFO - [2026-04-28T23:03:39.909+0000] {dag.py:3096} INFO - Sync 1 DAGs
[2026-04-28T23:03:39.925+0000] {logging_mixin.py:188} INFO - [2026-04-28T23:03:39.924+0000] {dag.py:3954} INFO - Setting next_dagrun for example_sensors to None, run_after=None
[2026-04-28T23:03:39.945+0000] {processor.py:183} INFO - Processing /home/airflow/.local/lib/python3.12/site-packages/airflow/example_dags/example_sensors.py took 0.098 seconds
[2026-04-28T23:04:10.028+0000] {processor.py:161} INFO - Started process (PID=5302) to work on /home/airflow/.local/lib/python3.12/site-packages/airflow/example_dags/example_sensors.py
[2026-04-28T23:04:10.029+0000] {processor.py:830} INFO - Processing file /home/airflow/.local/lib/python3.12/site-packages/airflow/example_dags/example_sensors.py for tasks to queue
[2026-04-28T23:04:10.030+0000] {logging_mixin.py:188} INFO - [2026-04-28T23:04:10.030+0000] {dagbag.py:540} INFO - Filling up the DagBag from /home/airflow/.local/lib/python3.12/site-packages/airflow/example_dags/example_sensors.py
[2026-04-28T23:04:10.038+0000] {processor.py:840} INFO - DAG(s) 'example_sensors' retrieved from /home/airflow/.local/lib/python3.12/site-packages/airflow/example_dags/example_sensors.py
[2026-04-28T23:04:10.060+0000] {logging_mixin.py:188} INFO - [2026-04-28T23:04:10.060+0000] {dag.py:3096} INFO - Sync 1 DAGs
[2026-04-28T23:04:10.071+0000] {logging_mixin.py:188} INFO - [2026-04-28T23:04:10.071+0000] {dag.py:3954} INFO - Setting next_dagrun for example_sensors to None, run_after=None
[2026-04-28T23:04:10.088+0000] {processor.py:183} INFO - Processing /home/airflow/.local/lib/python3.12/site-packages/airflow/example_dags/example_sensors.py took 0.065 seconds
[2026-04-28T23:04:40.629+0000] {processor.py:161} INFO - Started process (PID=5362) to work on /home/airflow/.local/lib/python3.12/site-packages/airflow/example_dags/example_sensors.py
[2026-04-28T23:04:40.630+0000] {processor.py:830} INFO - Processing file /home/airflow/.local/lib/python3.12/site-packages/airflow/example_dags/example_sensors.py for tasks to queue
[2026-04-28T23:04:40.632+0000] {logging_mixin.py:188} INFO - [2026-04-28T23:04:40.632+0000] {dagbag.py:540} INFO - Filling up the DagBag from /home/airflow/.local/lib/python3.12/site-packages/airflow/example_dags/example_sensors.py
[2026-04-28T23:04:40.645+0000] {processor.py:840} INFO - DAG(s) 'example_sensors' retrieved from /home/airflow/.local/lib/python3.12/site-packages/airflow/example_dags/example_sensors.py
[2026-04-28T23:04:40.680+0000] {logging_mixin.py:188} INFO - [2026-04-28T23:04:40.680+0000] {dag.py:3096} INFO - Sync 1 DAGs
[2026-04-28T23:04:40.696+0000] {logging_mixin.py:188} INFO - [2026-04-28T23:04:40.696+0000] {dag.py:3954} INFO - Setting next_dagrun for example_sensors to None, run_after=None
[2026-04-28T23:04:40.718+0000] {processor.py:183} INFO - Processing /home/airflow/.local/lib/python3.12/site-packages/airflow/example_dags/example_sensors.py took 0.099 seconds
[2026-04-28T23:05:12.164+0000] {processor.py:161} INFO - Started process (PID=5422) to work on /home/airflow/.local/lib/python3.12/site-packages/airflow/example_dags/example_sensors.py
[2026-04-28T23:05:12.166+0000] {processor.py:830} INFO - Processing file /home/airflow/.local/lib/python3.12/site-packages/airflow/example_dags/example_sensors.py for tasks to queue
[2026-04-28T23:05:12.175+0000] {logging_mixin.py:188} INFO - [2026-04-28T23:05:12.174+0000] {dagbag.py:540} INFO - Filling up the DagBag from /home/airflow/.local/lib/python3.12/site-packages/airflow/example_dags/example_sensors.py
[2026-04-28T23:05:12.208+0000] {processor.py:840} INFO - DAG(s) 'example_sensors' retrieved from /home/airflow/.local/lib/python3.12/site-packages/airflow/example_dags/example_sensors.py
[2026-04-28T23:05:12.271+0000] {logging_mixin.py:188} INFO - [2026-04-28T23:05:12.271+0000] {dag.py:3096} INFO - Sync 1 DAGs
[2026-04-28T23:05:12.299+0000] {logging_mixin.py:188} INFO - [2026-04-28T23:05:12.299+0000] {dag.py:3954} INFO - Setting next_dagrun for example_sensors to None, run_after=None
[2026-04-28T23:05:12.360+0000] {processor.py:183} INFO - Processing /home/airflow/.local/lib/python3.12/site-packages/airflow/example_dags/example_sensors.py took 0.217 seconds
[2026-04-28T23:05:43.286+0000] {processor.py:161} INFO - Started process (PID=5480) to work on /home/airflow/.local/lib/python3.12/site-packages/airflow/example_dags/example_sensors.py
[2026-04-28T23:05:43.287+0000] {processor.py:830} INFO - Processing file /home/airflow/.local/lib/python3.12/site-packages/airflow/example_dags/example_sensors.py for tasks to queue
[2026-04-28T23:05:43.289+0000] {logging_mixin.py:188} INFO - [2026-04-28T23:05:43.289+0000] {dagbag.py:540} INFO - Filling up the DagBag from /home/airflow/.local/lib/python3.12/site-packages/airflow/example_dags/example_sensors.py
[2026-04-28T23:05:43.301+0000] {processor.py:840} INFO - DAG(s) 'example_sensors' retrieved from /home/airflow/.local/lib/python3.12/site-packages/airflow/example_dags/example_sensors.py
[2026-04-28T23:05:43.333+0000] {logging_mixin.py:188} INFO - [2026-04-28T23:05:43.333+0000] {dag.py:3096} INFO - Sync 1 DAGs
[2026-04-28T23:05:43.349+0000] {logging_mixin.py:188} INFO - [2026-04-28T23:05:43.348+0000] {dag.py:3954} INFO - Setting next_dagrun for example_sensors to None, run_after=None
[2026-04-28T23:05:43.375+0000] {processor.py:183} INFO - Processing /home/airflow/.local/lib/python3.12/site-packages/airflow/example_dags/example_sensors.py took 0.095 seconds
[2026-04-28T23:06:13.515+0000] {processor.py:161} INFO - Started process (PID=5540) to work on /home/airflow/.local/lib/python3.12/site-packages/airflow/example_dags/example_sensors.py
[2026-04-28T23:06:13.517+0000] {processor.py:830} INFO - Processing file /home/airflow/.local/lib/python3.12/site-packages/airflow/example_dags/example_sensors.py for tasks to queue
[2026-04-28T23:06:13.519+0000] {logging_mixin.py:188} INFO - [2026-04-28T23:06:13.519+0000] {dagbag.py:540} INFO - Filling up the DagBag from /home/airflow/.local/lib/python3.12/site-packages/airflow/example_dags/example_sensors.py
[2026-04-28T23:06:13.531+0000] {processor.py:840} INFO - DAG(s) 'example_sensors' retrieved from /home/airflow/.local/lib/python3.12/site-packages/airflow/example_dags/example_sensors.py
[2026-04-28T23:06:13.563+0000] {logging_mixin.py:188} INFO - [2026-04-28T23:06:13.563+0000] {dag.py:3096} INFO - Sync 1 DAGs
[2026-04-28T23:06:13.578+0000] {logging_mixin.py:188} INFO - [2026-04-28T23:06:13.578+0000] {dag.py:3954} INFO - Setting next_dagrun for example_sensors to None, run_after=None
[2026-04-28T23:06:13.601+0000] {processor.py:183} INFO - Processing /home/airflow/.local/lib/python3.12/site-packages/airflow/example_dags/example_sensors.py took 0.093 seconds
[2026-04-28T23:06:43.815+0000] {processor.py:161} INFO - Started process (PID=5600) to work on /home/airflow/.local/lib/python3.12/site-packages/airflow/example_dags/example_sensors.py
[2026-04-28T23:06:43.817+0000] {processor.py:830} INFO - Processing file /home/airflow/.local/lib/python3.12/site-packages/airflow/example_dags/example_sensors.py for tasks to queue
[2026-04-28T23:06:43.820+0000] {logging_mixin.py:188} INFO - [2026-04-28T23:06:43.819+0000] {dagbag.py:540} INFO - Filling up the DagBag from /home/airflow/.local/lib/python3.12/site-packages/airflow/example_dags/example_sensors.py
[2026-04-28T23:06:43.831+0000] {processor.py:840} INFO - DAG(s) 'example_sensors' retrieved from /home/airflow/.local/lib/python3.12/site-packages/airflow/example_dags/example_sensors.py
[2026-04-28T23:06:43.880+0000] {logging_mixin.py:188} INFO - [2026-04-28T23:06:43.880+0000] {dag.py:3096} INFO - Sync 1 DAGs
[2026-04-28T23:06:43.921+0000] {logging_mixin.py:188} INFO - [2026-04-28T23:06:43.920+0000] {dag.py:3954} INFO - Setting next_dagrun for example_sensors to None, run_after=None
[2026-04-28T23:06:43.971+0000] {processor.py:183} INFO - Processing /home/airflow/.local/lib/python3.12/site-packages/airflow/example_dags/example_sensors.py took 0.163 seconds
[2026-04-28T23:07:14.448+0000] {processor.py:161} INFO - Started process (PID=5660) to work on /home/airflow/.local/lib/python3.12/site-packages/airflow/example_dags/example_sensors.py
[2026-04-28T23:07:14.454+0000] {processor.py:830} INFO - Processing file /home/airflow/.local/lib/python3.12/site-packages/airflow/example_dags/example_sensors.py for tasks to queue
[2026-04-28T23:07:14.469+0000] {logging_mixin.py:188} INFO - [2026-04-28T23:07:14.469+0000] {dagbag.py:540} INFO - Filling up the DagBag from /home/airflow/.local/lib/python3.12/site-packages/airflow/example_dags/example_sensors.py
[2026-04-28T23:07:14.510+0000] {processor.py:840} INFO - DAG(s) 'example_sensors' retrieved from /home/airflow/.local/lib/python3.12/site-packages/airflow/example_dags/example_sensors.py
[2026-04-28T23:07:14.639+0000] {logging_mixin.py:188} INFO - [2026-04-28T23:07:14.639+0000] {dag.py:3096} INFO - Sync 1 DAGs
[2026-04-28T23:07:14.683+0000] {logging_mixin.py:188} INFO - [2026-04-28T23:07:14.683+0000] {dag.py:3954} INFO - Setting next_dagrun for example_sensors to None, run_after=None
[2026-04-28T23:07:14.781+0000] {processor.py:183} INFO - Processing /home/airflow/.local/lib/python3.12/site-packages/airflow/example_dags/example_sensors.py took 0.346 seconds
[2026-04-28T23:07:44.885+0000] {processor.py:161} INFO - Started process (PID=5720) to work on /home/airflow/.local/lib/python3.12/site-packages/airflow/example_dags/example_sensors.py
[2026-04-28T23:07:44.886+0000] {processor.py:830} INFO - Processing file /home/airflow/.local/lib/python3.12/site-packages/airflow/example_dags/example_sensors.py for tasks to queue
[2026-04-28T23:07:44.888+0000] {logging_mixin.py:188} INFO - [2026-04-28T23:07:44.888+0000] {dagbag.py:540} INFO - Filling up the DagBag from /home/airflow/.local/lib/python3.12/site-packages/airflow/example_dags/example_sensors.py
[2026-04-28T23:07:44.902+0000] {processor.py:840} INFO - DAG(s) 'example_sensors' retrieved from /home/airflow/.local/lib/python3.12/site-packages/airflow/example_dags/example_sensors.py
[2026-04-28T23:07:44.953+0000] {logging_mixin.py:188} INFO - [2026-04-28T23:07:44.953+0000] {dag.py:3096} INFO - Sync 1 DAGs
[2026-04-28T23:07:44.977+0000] {logging_mixin.py:188} INFO - [2026-04-28T23:07:44.977+0000] {dag.py:3954} INFO - Setting next_dagrun for example_sensors to None, run_after=None
[2026-04-28T23:07:45.007+0000] {processor.py:183} INFO - Processing /home/airflow/.local/lib/python3.12/site-packages/airflow/example_dags/example_sensors.py took 0.130 seconds
[2026-04-28T23:08:15.872+0000] {processor.py:161} INFO - Started process (PID=5779) to work on /home/airflow/.local/lib/python3.12/site-packages/airflow/example_dags/example_sensors.py
[2026-04-28T23:08:15.873+0000] {processor.py:830} INFO - Processing file /home/airflow/.local/lib/python3.12/site-packages/airflow/example_dags/example_sensors.py for tasks to queue
[2026-04-28T23:08:15.877+0000] {logging_mixin.py:188} INFO - [2026-04-28T23:08:15.877+0000] {dagbag.py:540} INFO - Filling up the DagBag from /home/airflow/.local/lib/python3.12/site-packages/airflow/example_dags/example_sensors.py
[2026-04-28T23:08:15.891+0000] {processor.py:840} INFO - DAG(s) 'example_sensors' retrieved from /home/airflow/.local/lib/python3.12/site-packages/airflow/example_dags/example_sensors.py
[2026-04-28T23:08:15.930+0000] {logging_mixin.py:188} INFO - [2026-04-28T23:08:15.930+0000] {dag.py:3096} INFO - Sync 1 DAGs
[2026-04-28T23:08:15.957+0000] {logging_mixin.py:188} INFO - [2026-04-28T23:08:15.957+0000] {dag.py:3954} INFO - Setting next_dagrun for example_sensors to None, run_after=None
[2026-04-28T23:08:15.979+0000] {processor.py:183} INFO - Processing /home/airflow/.local/lib/python3.12/site-packages/airflow/example_dags/example_sensors.py took 0.114 seconds
[2026-04-28T23:08:46.565+0000] {processor.py:161} INFO - Started process (PID=5839) to work on /home/airflow/.local/lib/python3.12/site-packages/airflow/example_dags/example_sensors.py
[2026-04-28T23:08:46.567+0000] {processor.py:830} INFO - Processing file /home/airflow/.local/lib/python3.12/site-packages/airflow/example_dags/example_sensors.py for tasks to queue
[2026-04-28T23:08:46.572+0000] {logging_mixin.py:188} INFO - [2026-04-28T23:08:46.571+0000] {dagbag.py:540} INFO - Filling up the DagBag from /home/airflow/.local/lib/python3.12/site-packages/airflow/example_dags/example_sensors.py
[2026-04-28T23:08:46.591+0000] {processor.py:840} INFO - DAG(s) 'example_sensors' retrieved from /home/airflow/.local/lib/python3.12/site-packages/airflow/example_dags/example_sensors.py
[2026-04-28T23:08:46.624+0000] {logging_mixin.py:188} INFO - [2026-04-28T23:08:46.623+0000] {dag.py:3096} INFO - Sync 1 DAGs
[2026-04-28T23:08:46.639+0000] {logging_mixin.py:188} INFO - [2026-04-28T23:08:46.639+0000] {dag.py:3954} INFO - Setting next_dagrun for example_sensors to None, run_after=None
[2026-04-28T23:08:46.665+0000] {processor.py:183} INFO - Processing /home/airflow/.local/lib/python3.12/site-packages/airflow/example_dags/example_sensors.py took 0.107 seconds
[2026-04-28T23:09:17.085+0000] {processor.py:161} INFO - Started process (PID=5899) to work on /home/airflow/.local/lib/python3.12/site-packages/airflow/example_dags/example_sensors.py
[2026-04-28T23:09:17.089+0000] {processor.py:830} INFO - Processing file /home/airflow/.local/lib/python3.12/site-packages/airflow/example_dags/example_sensors.py for tasks to queue
[2026-04-28T23:09:17.092+0000] {logging_mixin.py:188} INFO - [2026-04-28T23:09:17.091+0000] {dagbag.py:540} INFO - Filling up the DagBag from /home/airflow/.local/lib/python3.12/site-packages/airflow/example_dags/example_sensors.py
[2026-04-28T23:09:17.103+0000] {processor.py:840} INFO - DAG(s) 'example_sensors' retrieved from /home/airflow/.local/lib/python3.12/site-packages/airflow/example_dags/example_sensors.py
[2026-04-28T23:09:17.148+0000] {logging_mixin.py:188} INFO - [2026-04-28T23:09:17.148+0000] {dag.py:3096} INFO - Sync 1 DAGs
[2026-04-28T23:09:17.167+0000] {logging_mixin.py:188} INFO - [2026-04-28T23:09:17.166+0000] {dag.py:3954} INFO - Setting next_dagrun for example_sensors to None, run_after=None
[2026-04-28T23:09:17.190+0000] {processor.py:183} INFO - Processing /home/airflow/.local/lib/python3.12/site-packages/airflow/example_dags/example_sensors.py took 0.112 seconds
[2026-04-28T23:09:47.654+0000] {processor.py:161} INFO - Started process (PID=5959) to work on /home/airflow/.local/lib/python3.12/site-packages/airflow/example_dags/example_sensors.py
[2026-04-28T23:09:47.657+0000] {processor.py:830} INFO - Processing file /home/airflow/.local/lib/python3.12/site-packages/airflow/example_dags/example_sensors.py for tasks to queue
[2026-04-28T23:09:47.663+0000] {logging_mixin.py:188} INFO - [2026-04-28T23:09:47.662+0000] {dagbag.py:540} INFO - Filling up the DagBag from /home/airflow/.local/lib/python3.12/site-packages/airflow/example_dags/example_sensors.py
[2026-04-28T23:09:47.717+0000] {processor.py:840} INFO - DAG(s) 'example_sensors' retrieved from /home/airflow/.local/lib/python3.12/site-packages/airflow/example_dags/example_sensors.py
[2026-04-28T23:09:47.818+0000] {logging_mixin.py:188} INFO - [2026-04-28T23:09:47.818+0000] {dag.py:3096} INFO - Sync 1 DAGs
[2026-04-28T23:09:47.852+0000] {logging_mixin.py:188} INFO - [2026-04-28T23:09:47.852+0000] {dag.py:3954} INFO - Setting next_dagrun for example_sensors to None, run_after=None
[2026-04-28T23:09:47.885+0000] {processor.py:183} INFO - Processing /home/airflow/.local/lib/python3.12/site-packages/airflow/example_dags/example_sensors.py took 0.257 seconds
[2026-04-28T23:10:17.934+0000] {processor.py:161} INFO - Started process (PID=6020) to work on /home/airflow/.local/lib/python3.12/site-packages/airflow/example_dags/example_sensors.py
[2026-04-28T23:10:17.935+0000] {processor.py:830} INFO - Processing file /home/airflow/.local/lib/python3.12/site-packages/airflow/example_dags/example_sensors.py for tasks to queue
[2026-04-28T23:10:17.937+0000] {logging_mixin.py:188} INFO - [2026-04-28T23:10:17.937+0000] {dagbag.py:540} INFO - Filling up the DagBag from /home/airflow/.local/lib/python3.12/site-packages/airflow/example_dags/example_sensors.py
[2026-04-28T23:10:17.948+0000] {processor.py:840} INFO - DAG(s) 'example_sensors' retrieved from /home/airflow/.local/lib/python3.12/site-packages/airflow/example_dags/example_sensors.py
[2026-04-28T23:10:17.982+0000] {logging_mixin.py:188} INFO - [2026-04-28T23:10:17.982+0000] {dag.py:3096} INFO - Sync 1 DAGs
[2026-04-28T23:10:18.013+0000] {logging_mixin.py:188} INFO - [2026-04-28T23:10:18.013+0000] {dag.py:3954} INFO - Setting next_dagrun for example_sensors to None, run_after=None
[2026-04-28T23:10:18.042+0000] {processor.py:183} INFO - Processing /home/airflow/.local/lib/python3.12/site-packages/airflow/example_dags/example_sensors.py took 0.115 seconds
[2026-04-28T23:10:48.662+0000] {processor.py:161} INFO - Started process (PID=6079) to work on /home/airflow/.local/lib/python3.12/site-packages/airflow/example_dags/example_sensors.py
[2026-04-28T23:10:48.663+0000] {processor.py:830} INFO - Processing file /home/airflow/.local/lib/python3.12/site-packages/airflow/example_dags/example_sensors.py for tasks to queue
[2026-04-28T23:10:48.666+0000] {logging_mixin.py:188} INFO - [2026-04-28T23:10:48.665+0000] {dagbag.py:540} INFO - Filling up the DagBag from /home/airflow/.local/lib/python3.12/site-packages/airflow/example_dags/example_sensors.py
[2026-04-28T23:10:48.677+0000] {processor.py:840} INFO - DAG(s) 'example_sensors' retrieved from /home/airflow/.local/lib/python3.12/site-packages/airflow/example_dags/example_sensors.py
[2026-04-28T23:10:48.711+0000] {logging_mixin.py:188} INFO - [2026-04-28T23:10:48.711+0000] {dag.py:3096} INFO - Sync 1 DAGs
[2026-04-28T23:10:48.725+0000] {logging_mixin.py:188} INFO - [2026-04-28T23:10:48.725+0000] {dag.py:3954} INFO - Setting next_dagrun for example_sensors to None, run_after=None
[2026-04-28T23:10:48.747+0000] {processor.py:183} INFO - Processing /home/airflow/.local/lib/python3.12/site-packages/airflow/example_dags/example_sensors.py took 0.092 seconds
[2026-04-28T23:11:19.553+0000] {processor.py:161} INFO - Started process (PID=6139) to work on /home/airflow/.local/lib/python3.12/site-packages/airflow/example_dags/example_sensors.py
[2026-04-28T23:11:19.567+0000] {processor.py:830} INFO - Processing file /home/airflow/.local/lib/python3.12/site-packages/airflow/example_dags/example_sensors.py for tasks to queue
[2026-04-28T23:11:19.578+0000] {logging_mixin.py:188} INFO - [2026-04-28T23:11:19.577+0000] {dagbag.py:540} INFO - Filling up the DagBag from /home/airflow/.local/lib/python3.12/site-packages/airflow/example_dags/example_sensors.py
[2026-04-28T23:11:19.673+0000] {processor.py:840} INFO - DAG(s) 'example_sensors' retrieved from /home/airflow/.local/lib/python3.12/site-packages/airflow/example_dags/example_sensors.py
[2026-04-28T23:11:19.831+0000] {logging_mixin.py:188} INFO - [2026-04-28T23:11:19.830+0000] {dag.py:3096} INFO - Sync 1 DAGs
[2026-04-28T23:11:19.936+0000] {logging_mixin.py:188} INFO - [2026-04-28T23:11:19.936+0000] {dag.py:3954} INFO - Setting next_dagrun for example_sensors to None, run_after=None
[2026-04-28T23:11:20.093+0000] {processor.py:183} INFO - Processing /home/airflow/.local/lib/python3.12/site-packages/airflow/example_dags/example_sensors.py took 0.572 seconds
[2026-04-28T23:11:50.172+0000] {processor.py:161} INFO - Started process (PID=6199) to work on /home/airflow/.local/lib/python3.12/site-packages/airflow/example_dags/example_sensors.py
[2026-04-28T23:11:50.180+0000] {processor.py:830} INFO - Processing file /home/airflow/.local/lib/python3.12/site-packages/airflow/example_dags/example_sensors.py for tasks to queue
[2026-04-28T23:11:50.183+0000] {logging_mixin.py:188} INFO - [2026-04-28T23:11:50.181+0000] {dagbag.py:540} INFO - Filling up the DagBag from /home/airflow/.local/lib/python3.12/site-packages/airflow/example_dags/example_sensors.py
[2026-04-28T23:11:50.195+0000] {processor.py:840} INFO - DAG(s) 'example_sensors' retrieved from /home/airflow/.local/lib/python3.12/site-packages/airflow/example_dags/example_sensors.py
[2026-04-28T23:11:50.238+0000] {logging_mixin.py:188} INFO - [2026-04-28T23:11:50.237+0000] {dag.py:3096} INFO - Sync 1 DAGs
[2026-04-28T23:11:50.254+0000] {logging_mixin.py:188} INFO - [2026-04-28T23:11:50.253+0000] {dag.py:3954} INFO - Setting next_dagrun for example_sensors to None, run_after=None
[2026-04-28T23:11:50.275+0000] {processor.py:183} INFO - Processing /home/airflow/.local/lib/python3.12/site-packages/airflow/example_dags/example_sensors.py took 0.110 seconds
