[2026-04-28T16:38:12.678+0000] {processor.py:161} INFO - Started process (PID=102) to work on /home/airflow/.local/lib/python3.12/site-packages/airflow/example_dags/example_latest_only.py
[2026-04-28T16:38:12.683+0000] {processor.py:830} INFO - Processing file /home/airflow/.local/lib/python3.12/site-packages/airflow/example_dags/example_latest_only.py for tasks to queue
[2026-04-28T16:38:12.688+0000] {logging_mixin.py:188} INFO - [2026-04-28T16:38:12.688+0000] {dagbag.py:540} INFO - Filling up the DagBag from /home/airflow/.local/lib/python3.12/site-packages/airflow/example_dags/example_latest_only.py
[2026-04-28T16:38:12.711+0000] {processor.py:840} INFO - DAG(s) 'latest_only' retrieved from /home/airflow/.local/lib/python3.12/site-packages/airflow/example_dags/example_latest_only.py
[2026-04-28T16:38:13.262+0000] {logging_mixin.py:188} INFO - [2026-04-28T16:38:13.261+0000] {dag.py:3096} INFO - Sync 1 DAGs
[2026-04-28T16:38:13.369+0000] {logging_mixin.py:188} INFO - [2026-04-28T16:38:13.369+0000] {dag.py:3954} INFO - Setting next_dagrun for latest_only to 2026-04-28 12:00:00+00:00, run_after=2026-04-28 16:00:00+00:00
[2026-04-28T16:38:13.467+0000] {processor.py:183} INFO - Processing /home/airflow/.local/lib/python3.12/site-packages/airflow/example_dags/example_latest_only.py took 0.807 seconds
[2026-04-28T16:42:57.697+0000] {processor.py:161} INFO - Started process (PID=100) to work on /home/airflow/.local/lib/python3.12/site-packages/airflow/example_dags/example_latest_only.py
[2026-04-28T16:42:57.698+0000] {processor.py:830} INFO - Processing file /home/airflow/.local/lib/python3.12/site-packages/airflow/example_dags/example_latest_only.py for tasks to queue
[2026-04-28T16:42:57.700+0000] {logging_mixin.py:188} INFO - [2026-04-28T16:42:57.699+0000] {dagbag.py:540} INFO - Filling up the DagBag from /home/airflow/.local/lib/python3.12/site-packages/airflow/example_dags/example_latest_only.py
[2026-04-28T16:42:57.708+0000] {processor.py:840} INFO - DAG(s) 'latest_only' retrieved from /home/airflow/.local/lib/python3.12/site-packages/airflow/example_dags/example_latest_only.py
[2026-04-28T16:42:58.130+0000] {logging_mixin.py:188} INFO - [2026-04-28T16:42:58.129+0000] {dag.py:3096} INFO - Sync 1 DAGs
[2026-04-28T16:42:58.177+0000] {logging_mixin.py:188} INFO - [2026-04-28T16:42:58.177+0000] {dag.py:3954} INFO - Setting next_dagrun for latest_only to 2026-04-28 12:00:00+00:00, run_after=2026-04-28 16:00:00+00:00
[2026-04-28T16:42:58.250+0000] {processor.py:183} INFO - Processing /home/airflow/.local/lib/python3.12/site-packages/airflow/example_dags/example_latest_only.py took 0.562 seconds
[2026-04-28T16:43:28.621+0000] {processor.py:161} INFO - Started process (PID=161) to work on /home/airflow/.local/lib/python3.12/site-packages/airflow/example_dags/example_latest_only.py
[2026-04-28T16:43:28.621+0000] {processor.py:830} INFO - Processing file /home/airflow/.local/lib/python3.12/site-packages/airflow/example_dags/example_latest_only.py for tasks to queue
[2026-04-28T16:43:28.623+0000] {logging_mixin.py:188} INFO - [2026-04-28T16:43:28.623+0000] {dagbag.py:540} INFO - Filling up the DagBag from /home/airflow/.local/lib/python3.12/site-packages/airflow/example_dags/example_latest_only.py
[2026-04-28T16:43:28.630+0000] {processor.py:840} INFO - DAG(s) 'latest_only' retrieved from /home/airflow/.local/lib/python3.12/site-packages/airflow/example_dags/example_latest_only.py
[2026-04-28T16:43:28.666+0000] {logging_mixin.py:188} INFO - [2026-04-28T16:43:28.665+0000] {dag.py:3096} INFO - Sync 1 DAGs
[2026-04-28T16:43:28.703+0000] {logging_mixin.py:188} INFO - [2026-04-28T16:43:28.703+0000] {dag.py:3954} INFO - Setting next_dagrun for latest_only to 2026-04-28 12:00:00+00:00, run_after=2026-04-28 16:00:00+00:00
[2026-04-28T16:43:28.727+0000] {processor.py:183} INFO - Processing /home/airflow/.local/lib/python3.12/site-packages/airflow/example_dags/example_latest_only.py took 0.117 seconds
[2026-04-28T16:43:59.789+0000] {processor.py:161} INFO - Started process (PID=221) to work on /home/airflow/.local/lib/python3.12/site-packages/airflow/example_dags/example_latest_only.py
[2026-04-28T16:43:59.790+0000] {processor.py:830} INFO - Processing file /home/airflow/.local/lib/python3.12/site-packages/airflow/example_dags/example_latest_only.py for tasks to queue
[2026-04-28T16:43:59.791+0000] {logging_mixin.py:188} INFO - [2026-04-28T16:43:59.791+0000] {dagbag.py:540} INFO - Filling up the DagBag from /home/airflow/.local/lib/python3.12/site-packages/airflow/example_dags/example_latest_only.py
[2026-04-28T16:43:59.796+0000] {processor.py:840} INFO - DAG(s) 'latest_only' retrieved from /home/airflow/.local/lib/python3.12/site-packages/airflow/example_dags/example_latest_only.py
[2026-04-28T16:43:59.812+0000] {logging_mixin.py:188} INFO - [2026-04-28T16:43:59.812+0000] {dag.py:3096} INFO - Sync 1 DAGs
[2026-04-28T16:43:59.830+0000] {logging_mixin.py:188} INFO - [2026-04-28T16:43:59.830+0000] {dag.py:3954} INFO - Setting next_dagrun for latest_only to 2026-04-28 12:00:00+00:00, run_after=2026-04-28 16:00:00+00:00
[2026-04-28T16:43:59.845+0000] {processor.py:183} INFO - Processing /home/airflow/.local/lib/python3.12/site-packages/airflow/example_dags/example_latest_only.py took 0.061 seconds
[2026-04-28T16:44:30.572+0000] {processor.py:161} INFO - Started process (PID=281) to work on /home/airflow/.local/lib/python3.12/site-packages/airflow/example_dags/example_latest_only.py
[2026-04-28T16:44:30.578+0000] {processor.py:830} INFO - Processing file /home/airflow/.local/lib/python3.12/site-packages/airflow/example_dags/example_latest_only.py for tasks to queue
[2026-04-28T16:44:30.586+0000] {logging_mixin.py:188} INFO - [2026-04-28T16:44:30.586+0000] {dagbag.py:540} INFO - Filling up the DagBag from /home/airflow/.local/lib/python3.12/site-packages/airflow/example_dags/example_latest_only.py
[2026-04-28T16:44:30.613+0000] {processor.py:840} INFO - DAG(s) 'latest_only' retrieved from /home/airflow/.local/lib/python3.12/site-packages/airflow/example_dags/example_latest_only.py
[2026-04-28T16:44:30.691+0000] {logging_mixin.py:188} INFO - [2026-04-28T16:44:30.691+0000] {dag.py:3096} INFO - Sync 1 DAGs
[2026-04-28T16:44:30.802+0000] {logging_mixin.py:188} INFO - [2026-04-28T16:44:30.801+0000] {dag.py:3954} INFO - Setting next_dagrun for latest_only to 2026-04-28 12:00:00+00:00, run_after=2026-04-28 16:00:00+00:00
[2026-04-28T16:44:30.860+0000] {processor.py:183} INFO - Processing /home/airflow/.local/lib/python3.12/site-packages/airflow/example_dags/example_latest_only.py took 0.321 seconds
[2026-04-28T16:45:01.553+0000] {processor.py:161} INFO - Started process (PID=342) to work on /home/airflow/.local/lib/python3.12/site-packages/airflow/example_dags/example_latest_only.py
[2026-04-28T16:45:01.554+0000] {processor.py:830} INFO - Processing file /home/airflow/.local/lib/python3.12/site-packages/airflow/example_dags/example_latest_only.py for tasks to queue
[2026-04-28T16:45:01.556+0000] {logging_mixin.py:188} INFO - [2026-04-28T16:45:01.556+0000] {dagbag.py:540} INFO - Filling up the DagBag from /home/airflow/.local/lib/python3.12/site-packages/airflow/example_dags/example_latest_only.py
[2026-04-28T16:45:01.562+0000] {processor.py:840} INFO - DAG(s) 'latest_only' retrieved from /home/airflow/.local/lib/python3.12/site-packages/airflow/example_dags/example_latest_only.py
[2026-04-28T16:45:01.584+0000] {logging_mixin.py:188} INFO - [2026-04-28T16:45:01.584+0000] {dag.py:3096} INFO - Sync 1 DAGs
[2026-04-28T16:45:01.625+0000] {logging_mixin.py:188} INFO - [2026-04-28T16:45:01.625+0000] {dag.py:3954} INFO - Setting next_dagrun for latest_only to 2026-04-28 12:00:00+00:00, run_after=2026-04-28 16:00:00+00:00
[2026-04-28T16:45:01.645+0000] {processor.py:183} INFO - Processing /home/airflow/.local/lib/python3.12/site-packages/airflow/example_dags/example_latest_only.py took 0.098 seconds
[2026-04-28T16:45:31.706+0000] {processor.py:161} INFO - Started process (PID=402) to work on /home/airflow/.local/lib/python3.12/site-packages/airflow/example_dags/example_latest_only.py
[2026-04-28T16:45:31.707+0000] {processor.py:830} INFO - Processing file /home/airflow/.local/lib/python3.12/site-packages/airflow/example_dags/example_latest_only.py for tasks to queue
[2026-04-28T16:45:31.709+0000] {logging_mixin.py:188} INFO - [2026-04-28T16:45:31.709+0000] {dagbag.py:540} INFO - Filling up the DagBag from /home/airflow/.local/lib/python3.12/site-packages/airflow/example_dags/example_latest_only.py
[2026-04-28T16:45:31.715+0000] {processor.py:840} INFO - DAG(s) 'latest_only' retrieved from /home/airflow/.local/lib/python3.12/site-packages/airflow/example_dags/example_latest_only.py
[2026-04-28T16:45:31.740+0000] {logging_mixin.py:188} INFO - [2026-04-28T16:45:31.739+0000] {dag.py:3096} INFO - Sync 1 DAGs
[2026-04-28T16:45:31.766+0000] {logging_mixin.py:188} INFO - [2026-04-28T16:45:31.766+0000] {dag.py:3954} INFO - Setting next_dagrun for latest_only to 2026-04-28 12:00:00+00:00, run_after=2026-04-28 16:00:00+00:00
[2026-04-28T16:45:31.786+0000] {processor.py:183} INFO - Processing /home/airflow/.local/lib/python3.12/site-packages/airflow/example_dags/example_latest_only.py took 0.086 seconds
[2026-04-28T16:46:02.077+0000] {processor.py:161} INFO - Started process (PID=462) to work on /home/airflow/.local/lib/python3.12/site-packages/airflow/example_dags/example_latest_only.py
[2026-04-28T16:46:02.078+0000] {processor.py:830} INFO - Processing file /home/airflow/.local/lib/python3.12/site-packages/airflow/example_dags/example_latest_only.py for tasks to queue
[2026-04-28T16:46:02.080+0000] {logging_mixin.py:188} INFO - [2026-04-28T16:46:02.080+0000] {dagbag.py:540} INFO - Filling up the DagBag from /home/airflow/.local/lib/python3.12/site-packages/airflow/example_dags/example_latest_only.py
[2026-04-28T16:46:02.086+0000] {processor.py:840} INFO - DAG(s) 'latest_only' retrieved from /home/airflow/.local/lib/python3.12/site-packages/airflow/example_dags/example_latest_only.py
[2026-04-28T16:46:02.138+0000] {logging_mixin.py:188} INFO - [2026-04-28T16:46:02.138+0000] {dag.py:3096} INFO - Sync 1 DAGs
[2026-04-28T16:46:02.175+0000] {logging_mixin.py:188} INFO - [2026-04-28T16:46:02.175+0000] {dag.py:3954} INFO - Setting next_dagrun for latest_only to 2026-04-28 12:00:00+00:00, run_after=2026-04-28 16:00:00+00:00
[2026-04-28T16:46:02.195+0000] {processor.py:183} INFO - Processing /home/airflow/.local/lib/python3.12/site-packages/airflow/example_dags/example_latest_only.py took 0.129 seconds
[2026-04-28T16:46:32.293+0000] {processor.py:161} INFO - Started process (PID=522) to work on /home/airflow/.local/lib/python3.12/site-packages/airflow/example_dags/example_latest_only.py
[2026-04-28T16:46:32.294+0000] {processor.py:830} INFO - Processing file /home/airflow/.local/lib/python3.12/site-packages/airflow/example_dags/example_latest_only.py for tasks to queue
[2026-04-28T16:46:32.296+0000] {logging_mixin.py:188} INFO - [2026-04-28T16:46:32.296+0000] {dagbag.py:540} INFO - Filling up the DagBag from /home/airflow/.local/lib/python3.12/site-packages/airflow/example_dags/example_latest_only.py
[2026-04-28T16:46:32.301+0000] {processor.py:840} INFO - DAG(s) 'latest_only' retrieved from /home/airflow/.local/lib/python3.12/site-packages/airflow/example_dags/example_latest_only.py
[2026-04-28T16:46:32.318+0000] {logging_mixin.py:188} INFO - [2026-04-28T16:46:32.318+0000] {dag.py:3096} INFO - Sync 1 DAGs
[2026-04-28T16:46:32.337+0000] {logging_mixin.py:188} INFO - [2026-04-28T16:46:32.336+0000] {dag.py:3954} INFO - Setting next_dagrun for latest_only to 2026-04-28 12:00:00+00:00, run_after=2026-04-28 16:00:00+00:00
[2026-04-28T16:46:32.351+0000] {processor.py:183} INFO - Processing /home/airflow/.local/lib/python3.12/site-packages/airflow/example_dags/example_latest_only.py took 0.065 seconds
[2026-04-28T16:47:03.239+0000] {processor.py:161} INFO - Started process (PID=581) to work on /home/airflow/.local/lib/python3.12/site-packages/airflow/example_dags/example_latest_only.py
[2026-04-28T16:47:03.240+0000] {processor.py:830} INFO - Processing file /home/airflow/.local/lib/python3.12/site-packages/airflow/example_dags/example_latest_only.py for tasks to queue
[2026-04-28T16:47:03.242+0000] {logging_mixin.py:188} INFO - [2026-04-28T16:47:03.241+0000] {dagbag.py:540} INFO - Filling up the DagBag from /home/airflow/.local/lib/python3.12/site-packages/airflow/example_dags/example_latest_only.py
[2026-04-28T16:47:03.247+0000] {processor.py:840} INFO - DAG(s) 'latest_only' retrieved from /home/airflow/.local/lib/python3.12/site-packages/airflow/example_dags/example_latest_only.py
[2026-04-28T16:47:03.272+0000] {logging_mixin.py:188} INFO - [2026-04-28T16:47:03.271+0000] {dag.py:3096} INFO - Sync 1 DAGs
[2026-04-28T16:47:03.298+0000] {logging_mixin.py:188} INFO - [2026-04-28T16:47:03.297+0000] {dag.py:3954} INFO - Setting next_dagrun for latest_only to 2026-04-28 12:00:00+00:00, run_after=2026-04-28 16:00:00+00:00
[2026-04-28T16:47:03.317+0000] {processor.py:183} INFO - Processing /home/airflow/.local/lib/python3.12/site-packages/airflow/example_dags/example_latest_only.py took 0.085 seconds
[2026-04-28T16:47:33.404+0000] {processor.py:161} INFO - Started process (PID=641) to work on /home/airflow/.local/lib/python3.12/site-packages/airflow/example_dags/example_latest_only.py
[2026-04-28T16:47:33.406+0000] {processor.py:830} INFO - Processing file /home/airflow/.local/lib/python3.12/site-packages/airflow/example_dags/example_latest_only.py for tasks to queue
[2026-04-28T16:47:33.408+0000] {logging_mixin.py:188} INFO - [2026-04-28T16:47:33.407+0000] {dagbag.py:540} INFO - Filling up the DagBag from /home/airflow/.local/lib/python3.12/site-packages/airflow/example_dags/example_latest_only.py
[2026-04-28T16:47:33.414+0000] {processor.py:840} INFO - DAG(s) 'latest_only' retrieved from /home/airflow/.local/lib/python3.12/site-packages/airflow/example_dags/example_latest_only.py
[2026-04-28T16:47:33.438+0000] {logging_mixin.py:188} INFO - [2026-04-28T16:47:33.438+0000] {dag.py:3096} INFO - Sync 1 DAGs
[2026-04-28T16:47:33.463+0000] {logging_mixin.py:188} INFO - [2026-04-28T16:47:33.463+0000] {dag.py:3954} INFO - Setting next_dagrun for latest_only to 2026-04-28 12:00:00+00:00, run_after=2026-04-28 16:00:00+00:00
[2026-04-28T16:47:33.483+0000] {processor.py:183} INFO - Processing /home/airflow/.local/lib/python3.12/site-packages/airflow/example_dags/example_latest_only.py took 0.086 seconds
[2026-04-28T16:48:05.248+0000] {processor.py:161} INFO - Started process (PID=701) to work on /home/airflow/.local/lib/python3.12/site-packages/airflow/example_dags/example_latest_only.py
[2026-04-28T16:48:05.251+0000] {processor.py:830} INFO - Processing file /home/airflow/.local/lib/python3.12/site-packages/airflow/example_dags/example_latest_only.py for tasks to queue
[2026-04-28T16:48:05.253+0000] {logging_mixin.py:188} INFO - [2026-04-28T16:48:05.253+0000] {dagbag.py:540} INFO - Filling up the DagBag from /home/airflow/.local/lib/python3.12/site-packages/airflow/example_dags/example_latest_only.py
[2026-04-28T16:48:05.276+0000] {processor.py:840} INFO - DAG(s) 'latest_only' retrieved from /home/airflow/.local/lib/python3.12/site-packages/airflow/example_dags/example_latest_only.py
[2026-04-28T16:48:05.325+0000] {logging_mixin.py:188} INFO - [2026-04-28T16:48:05.325+0000] {dag.py:3096} INFO - Sync 1 DAGs
[2026-04-28T16:48:05.409+0000] {logging_mixin.py:188} INFO - [2026-04-28T16:48:05.408+0000] {dag.py:3954} INFO - Setting next_dagrun for latest_only to 2026-04-28 12:00:00+00:00, run_after=2026-04-28 16:00:00+00:00
[2026-04-28T16:48:05.475+0000] {processor.py:183} INFO - Processing /home/airflow/.local/lib/python3.12/site-packages/airflow/example_dags/example_latest_only.py took 0.250 seconds
[2026-04-28T16:48:36.127+0000] {processor.py:161} INFO - Started process (PID=761) to work on /home/airflow/.local/lib/python3.12/site-packages/airflow/example_dags/example_latest_only.py
[2026-04-28T16:48:36.130+0000] {processor.py:830} INFO - Processing file /home/airflow/.local/lib/python3.12/site-packages/airflow/example_dags/example_latest_only.py for tasks to queue
[2026-04-28T16:48:36.143+0000] {logging_mixin.py:188} INFO - [2026-04-28T16:48:36.142+0000] {dagbag.py:540} INFO - Filling up the DagBag from /home/airflow/.local/lib/python3.12/site-packages/airflow/example_dags/example_latest_only.py
[2026-04-28T16:48:36.163+0000] {processor.py:840} INFO - DAG(s) 'latest_only' retrieved from /home/airflow/.local/lib/python3.12/site-packages/airflow/example_dags/example_latest_only.py
[2026-04-28T16:48:36.257+0000] {logging_mixin.py:188} INFO - [2026-04-28T16:48:36.257+0000] {dag.py:3096} INFO - Sync 1 DAGs
[2026-04-28T16:48:36.336+0000] {logging_mixin.py:188} INFO - [2026-04-28T16:48:36.335+0000] {dag.py:3954} INFO - Setting next_dagrun for latest_only to 2026-04-28 12:00:00+00:00, run_after=2026-04-28 16:00:00+00:00
[2026-04-28T16:48:36.399+0000] {processor.py:183} INFO - Processing /home/airflow/.local/lib/python3.12/site-packages/airflow/example_dags/example_latest_only.py took 0.308 seconds
[2026-04-28T17:25:30.026+0000] {processor.py:161} INFO - Started process (PID=94) to work on /home/airflow/.local/lib/python3.12/site-packages/airflow/example_dags/example_latest_only.py
[2026-04-28T17:25:30.029+0000] {processor.py:830} INFO - Processing file /home/airflow/.local/lib/python3.12/site-packages/airflow/example_dags/example_latest_only.py for tasks to queue
[2026-04-28T17:25:30.034+0000] {logging_mixin.py:188} INFO - [2026-04-28T17:25:30.034+0000] {dagbag.py:540} INFO - Filling up the DagBag from /home/airflow/.local/lib/python3.12/site-packages/airflow/example_dags/example_latest_only.py
[2026-04-28T17:25:30.042+0000] {processor.py:840} INFO - DAG(s) 'latest_only' retrieved from /home/airflow/.local/lib/python3.12/site-packages/airflow/example_dags/example_latest_only.py
[2026-04-28T17:25:30.107+0000] {logging_mixin.py:188} INFO - [2026-04-28T17:25:30.107+0000] {dag.py:3096} INFO - Sync 1 DAGs
[2026-04-28T17:25:30.160+0000] {logging_mixin.py:188} INFO - [2026-04-28T17:25:30.160+0000] {dag.py:3954} INFO - Setting next_dagrun for latest_only to 2026-04-28 12:00:00+00:00, run_after=2026-04-28 16:00:00+00:00
[2026-04-28T17:25:30.209+0000] {processor.py:183} INFO - Processing /home/airflow/.local/lib/python3.12/site-packages/airflow/example_dags/example_latest_only.py took 0.197 seconds
[2026-04-28T17:26:00.787+0000] {processor.py:161} INFO - Started process (PID=154) to work on /home/airflow/.local/lib/python3.12/site-packages/airflow/example_dags/example_latest_only.py
[2026-04-28T17:26:00.790+0000] {processor.py:830} INFO - Processing file /home/airflow/.local/lib/python3.12/site-packages/airflow/example_dags/example_latest_only.py for tasks to queue
[2026-04-28T17:26:00.794+0000] {logging_mixin.py:188} INFO - [2026-04-28T17:26:00.793+0000] {dagbag.py:540} INFO - Filling up the DagBag from /home/airflow/.local/lib/python3.12/site-packages/airflow/example_dags/example_latest_only.py
[2026-04-28T17:26:00.799+0000] {processor.py:840} INFO - DAG(s) 'latest_only' retrieved from /home/airflow/.local/lib/python3.12/site-packages/airflow/example_dags/example_latest_only.py
[2026-04-28T17:26:00.821+0000] {logging_mixin.py:188} INFO - [2026-04-28T17:26:00.821+0000] {dag.py:3096} INFO - Sync 1 DAGs
[2026-04-28T17:26:00.847+0000] {logging_mixin.py:188} INFO - [2026-04-28T17:26:00.847+0000] {dag.py:3954} INFO - Setting next_dagrun for latest_only to 2026-04-28 12:00:00+00:00, run_after=2026-04-28 16:00:00+00:00
[2026-04-28T17:26:00.867+0000] {processor.py:183} INFO - Processing /home/airflow/.local/lib/python3.12/site-packages/airflow/example_dags/example_latest_only.py took 0.097 seconds
[2026-04-28T17:26:32.832+0000] {processor.py:161} INFO - Started process (PID=214) to work on /home/airflow/.local/lib/python3.12/site-packages/airflow/example_dags/example_latest_only.py
[2026-04-28T17:26:32.838+0000] {processor.py:830} INFO - Processing file /home/airflow/.local/lib/python3.12/site-packages/airflow/example_dags/example_latest_only.py for tasks to queue
[2026-04-28T17:26:32.848+0000] {logging_mixin.py:188} INFO - [2026-04-28T17:26:32.848+0000] {dagbag.py:540} INFO - Filling up the DagBag from /home/airflow/.local/lib/python3.12/site-packages/airflow/example_dags/example_latest_only.py
[2026-04-28T17:26:32.881+0000] {processor.py:840} INFO - DAG(s) 'latest_only' retrieved from /home/airflow/.local/lib/python3.12/site-packages/airflow/example_dags/example_latest_only.py
[2026-04-28T17:26:33.191+0000] {logging_mixin.py:188} INFO - [2026-04-28T17:26:33.191+0000] {dag.py:3096} INFO - Sync 1 DAGs
[2026-04-28T17:26:33.317+0000] {logging_mixin.py:188} INFO - [2026-04-28T17:26:33.317+0000] {dag.py:3954} INFO - Setting next_dagrun for latest_only to 2026-04-28 12:00:00+00:00, run_after=2026-04-28 16:00:00+00:00
[2026-04-28T17:26:33.370+0000] {processor.py:183} INFO - Processing /home/airflow/.local/lib/python3.12/site-packages/airflow/example_dags/example_latest_only.py took 0.564 seconds
[2026-04-28T17:27:04.206+0000] {processor.py:161} INFO - Started process (PID=274) to work on /home/airflow/.local/lib/python3.12/site-packages/airflow/example_dags/example_latest_only.py
[2026-04-28T17:27:04.207+0000] {processor.py:830} INFO - Processing file /home/airflow/.local/lib/python3.12/site-packages/airflow/example_dags/example_latest_only.py for tasks to queue
[2026-04-28T17:27:04.209+0000] {logging_mixin.py:188} INFO - [2026-04-28T17:27:04.209+0000] {dagbag.py:540} INFO - Filling up the DagBag from /home/airflow/.local/lib/python3.12/site-packages/airflow/example_dags/example_latest_only.py
[2026-04-28T17:27:04.215+0000] {processor.py:840} INFO - DAG(s) 'latest_only' retrieved from /home/airflow/.local/lib/python3.12/site-packages/airflow/example_dags/example_latest_only.py
[2026-04-28T17:27:04.243+0000] {logging_mixin.py:188} INFO - [2026-04-28T17:27:04.242+0000] {dag.py:3096} INFO - Sync 1 DAGs
[2026-04-28T17:27:04.269+0000] {logging_mixin.py:188} INFO - [2026-04-28T17:27:04.269+0000] {dag.py:3954} INFO - Setting next_dagrun for latest_only to 2026-04-28 12:00:00+00:00, run_after=2026-04-28 16:00:00+00:00
[2026-04-28T17:27:04.299+0000] {processor.py:183} INFO - Processing /home/airflow/.local/lib/python3.12/site-packages/airflow/example_dags/example_latest_only.py took 0.103 seconds
[2026-04-28T17:27:34.890+0000] {processor.py:161} INFO - Started process (PID=333) to work on /home/airflow/.local/lib/python3.12/site-packages/airflow/example_dags/example_latest_only.py
[2026-04-28T17:27:34.891+0000] {processor.py:830} INFO - Processing file /home/airflow/.local/lib/python3.12/site-packages/airflow/example_dags/example_latest_only.py for tasks to queue
[2026-04-28T17:27:34.892+0000] {logging_mixin.py:188} INFO - [2026-04-28T17:27:34.892+0000] {dagbag.py:540} INFO - Filling up the DagBag from /home/airflow/.local/lib/python3.12/site-packages/airflow/example_dags/example_latest_only.py
[2026-04-28T17:27:34.898+0000] {processor.py:840} INFO - DAG(s) 'latest_only' retrieved from /home/airflow/.local/lib/python3.12/site-packages/airflow/example_dags/example_latest_only.py
[2026-04-28T17:27:34.921+0000] {logging_mixin.py:188} INFO - [2026-04-28T17:27:34.920+0000] {dag.py:3096} INFO - Sync 1 DAGs
[2026-04-28T17:27:34.949+0000] {logging_mixin.py:188} INFO - [2026-04-28T17:27:34.949+0000] {dag.py:3954} INFO - Setting next_dagrun for latest_only to 2026-04-28 12:00:00+00:00, run_after=2026-04-28 16:00:00+00:00
[2026-04-28T17:27:34.989+0000] {processor.py:183} INFO - Processing /home/airflow/.local/lib/python3.12/site-packages/airflow/example_dags/example_latest_only.py took 0.105 seconds
[2026-04-28T17:28:05.217+0000] {processor.py:161} INFO - Started process (PID=392) to work on /home/airflow/.local/lib/python3.12/site-packages/airflow/example_dags/example_latest_only.py
[2026-04-28T17:28:05.218+0000] {processor.py:830} INFO - Processing file /home/airflow/.local/lib/python3.12/site-packages/airflow/example_dags/example_latest_only.py for tasks to queue
[2026-04-28T17:28:05.221+0000] {logging_mixin.py:188} INFO - [2026-04-28T17:28:05.220+0000] {dagbag.py:540} INFO - Filling up the DagBag from /home/airflow/.local/lib/python3.12/site-packages/airflow/example_dags/example_latest_only.py
[2026-04-28T17:28:05.231+0000] {processor.py:840} INFO - DAG(s) 'latest_only' retrieved from /home/airflow/.local/lib/python3.12/site-packages/airflow/example_dags/example_latest_only.py
[2026-04-28T17:28:05.260+0000] {logging_mixin.py:188} INFO - [2026-04-28T17:28:05.259+0000] {dag.py:3096} INFO - Sync 1 DAGs
[2026-04-28T17:28:05.289+0000] {logging_mixin.py:188} INFO - [2026-04-28T17:28:05.288+0000] {dag.py:3954} INFO - Setting next_dagrun for latest_only to 2026-04-28 12:00:00+00:00, run_after=2026-04-28 16:00:00+00:00
[2026-04-28T17:28:05.311+0000] {processor.py:183} INFO - Processing /home/airflow/.local/lib/python3.12/site-packages/airflow/example_dags/example_latest_only.py took 0.100 seconds
[2026-04-28T17:28:35.660+0000] {processor.py:161} INFO - Started process (PID=452) to work on /home/airflow/.local/lib/python3.12/site-packages/airflow/example_dags/example_latest_only.py
[2026-04-28T17:28:35.661+0000] {processor.py:830} INFO - Processing file /home/airflow/.local/lib/python3.12/site-packages/airflow/example_dags/example_latest_only.py for tasks to queue
[2026-04-28T17:28:35.663+0000] {logging_mixin.py:188} INFO - [2026-04-28T17:28:35.663+0000] {dagbag.py:540} INFO - Filling up the DagBag from /home/airflow/.local/lib/python3.12/site-packages/airflow/example_dags/example_latest_only.py
[2026-04-28T17:28:35.669+0000] {processor.py:840} INFO - DAG(s) 'latest_only' retrieved from /home/airflow/.local/lib/python3.12/site-packages/airflow/example_dags/example_latest_only.py
[2026-04-28T17:28:35.692+0000] {logging_mixin.py:188} INFO - [2026-04-28T17:28:35.692+0000] {dag.py:3096} INFO - Sync 1 DAGs
[2026-04-28T17:28:35.719+0000] {logging_mixin.py:188} INFO - [2026-04-28T17:28:35.719+0000] {dag.py:3954} INFO - Setting next_dagrun for latest_only to 2026-04-28 12:00:00+00:00, run_after=2026-04-28 16:00:00+00:00
[2026-04-28T17:28:35.738+0000] {processor.py:183} INFO - Processing /home/airflow/.local/lib/python3.12/site-packages/airflow/example_dags/example_latest_only.py took 0.084 seconds
[2026-04-28T17:29:06.077+0000] {processor.py:161} INFO - Started process (PID=512) to work on /home/airflow/.local/lib/python3.12/site-packages/airflow/example_dags/example_latest_only.py
[2026-04-28T17:29:06.078+0000] {processor.py:830} INFO - Processing file /home/airflow/.local/lib/python3.12/site-packages/airflow/example_dags/example_latest_only.py for tasks to queue
[2026-04-28T17:29:06.080+0000] {logging_mixin.py:188} INFO - [2026-04-28T17:29:06.080+0000] {dagbag.py:540} INFO - Filling up the DagBag from /home/airflow/.local/lib/python3.12/site-packages/airflow/example_dags/example_latest_only.py
[2026-04-28T17:29:06.085+0000] {processor.py:840} INFO - DAG(s) 'latest_only' retrieved from /home/airflow/.local/lib/python3.12/site-packages/airflow/example_dags/example_latest_only.py
[2026-04-28T17:29:06.109+0000] {logging_mixin.py:188} INFO - [2026-04-28T17:29:06.108+0000] {dag.py:3096} INFO - Sync 1 DAGs
[2026-04-28T17:29:06.139+0000] {logging_mixin.py:188} INFO - [2026-04-28T17:29:06.139+0000] {dag.py:3954} INFO - Setting next_dagrun for latest_only to 2026-04-28 12:00:00+00:00, run_after=2026-04-28 16:00:00+00:00
[2026-04-28T17:29:06.160+0000] {processor.py:183} INFO - Processing /home/airflow/.local/lib/python3.12/site-packages/airflow/example_dags/example_latest_only.py took 0.089 seconds
[2026-04-28T17:29:36.311+0000] {processor.py:161} INFO - Started process (PID=572) to work on /home/airflow/.local/lib/python3.12/site-packages/airflow/example_dags/example_latest_only.py
[2026-04-28T17:29:36.312+0000] {processor.py:830} INFO - Processing file /home/airflow/.local/lib/python3.12/site-packages/airflow/example_dags/example_latest_only.py for tasks to queue
[2026-04-28T17:29:36.314+0000] {logging_mixin.py:188} INFO - [2026-04-28T17:29:36.313+0000] {dagbag.py:540} INFO - Filling up the DagBag from /home/airflow/.local/lib/python3.12/site-packages/airflow/example_dags/example_latest_only.py
[2026-04-28T17:29:36.319+0000] {processor.py:840} INFO - DAG(s) 'latest_only' retrieved from /home/airflow/.local/lib/python3.12/site-packages/airflow/example_dags/example_latest_only.py
[2026-04-28T17:29:36.342+0000] {logging_mixin.py:188} INFO - [2026-04-28T17:29:36.342+0000] {dag.py:3096} INFO - Sync 1 DAGs
[2026-04-28T17:29:36.370+0000] {logging_mixin.py:188} INFO - [2026-04-28T17:29:36.370+0000] {dag.py:3954} INFO - Setting next_dagrun for latest_only to 2026-04-28 12:00:00+00:00, run_after=2026-04-28 16:00:00+00:00
[2026-04-28T17:29:36.391+0000] {processor.py:183} INFO - Processing /home/airflow/.local/lib/python3.12/site-packages/airflow/example_dags/example_latest_only.py took 0.086 seconds
[2026-04-28T17:30:07.007+0000] {processor.py:161} INFO - Started process (PID=633) to work on /home/airflow/.local/lib/python3.12/site-packages/airflow/example_dags/example_latest_only.py
[2026-04-28T17:30:07.008+0000] {processor.py:830} INFO - Processing file /home/airflow/.local/lib/python3.12/site-packages/airflow/example_dags/example_latest_only.py for tasks to queue
[2026-04-28T17:30:07.010+0000] {logging_mixin.py:188} INFO - [2026-04-28T17:30:07.010+0000] {dagbag.py:540} INFO - Filling up the DagBag from /home/airflow/.local/lib/python3.12/site-packages/airflow/example_dags/example_latest_only.py
[2026-04-28T17:30:07.017+0000] {processor.py:840} INFO - DAG(s) 'latest_only' retrieved from /home/airflow/.local/lib/python3.12/site-packages/airflow/example_dags/example_latest_only.py
[2026-04-28T17:30:07.043+0000] {logging_mixin.py:188} INFO - [2026-04-28T17:30:07.043+0000] {dag.py:3096} INFO - Sync 1 DAGs
[2026-04-28T17:30:07.070+0000] {logging_mixin.py:188} INFO - [2026-04-28T17:30:07.070+0000] {dag.py:3954} INFO - Setting next_dagrun for latest_only to 2026-04-28 12:00:00+00:00, run_after=2026-04-28 16:00:00+00:00
[2026-04-28T17:30:07.090+0000] {processor.py:183} INFO - Processing /home/airflow/.local/lib/python3.12/site-packages/airflow/example_dags/example_latest_only.py took 0.089 seconds
[2026-04-28T17:30:38.346+0000] {processor.py:161} INFO - Started process (PID=693) to work on /home/airflow/.local/lib/python3.12/site-packages/airflow/example_dags/example_latest_only.py
[2026-04-28T17:30:38.347+0000] {processor.py:830} INFO - Processing file /home/airflow/.local/lib/python3.12/site-packages/airflow/example_dags/example_latest_only.py for tasks to queue
[2026-04-28T17:30:38.350+0000] {logging_mixin.py:188} INFO - [2026-04-28T17:30:38.349+0000] {dagbag.py:540} INFO - Filling up the DagBag from /home/airflow/.local/lib/python3.12/site-packages/airflow/example_dags/example_latest_only.py
[2026-04-28T17:30:38.356+0000] {processor.py:840} INFO - DAG(s) 'latest_only' retrieved from /home/airflow/.local/lib/python3.12/site-packages/airflow/example_dags/example_latest_only.py
[2026-04-28T17:30:38.405+0000] {logging_mixin.py:188} INFO - [2026-04-28T17:30:38.405+0000] {dag.py:3096} INFO - Sync 1 DAGs
[2026-04-28T17:30:38.466+0000] {logging_mixin.py:188} INFO - [2026-04-28T17:30:38.465+0000] {dag.py:3954} INFO - Setting next_dagrun for latest_only to 2026-04-28 12:00:00+00:00, run_after=2026-04-28 16:00:00+00:00
[2026-04-28T17:30:38.512+0000] {processor.py:183} INFO - Processing /home/airflow/.local/lib/python3.12/site-packages/airflow/example_dags/example_latest_only.py took 0.174 seconds
[2026-04-28T17:31:09.205+0000] {processor.py:161} INFO - Started process (PID=753) to work on /home/airflow/.local/lib/python3.12/site-packages/airflow/example_dags/example_latest_only.py
[2026-04-28T17:31:09.208+0000] {processor.py:830} INFO - Processing file /home/airflow/.local/lib/python3.12/site-packages/airflow/example_dags/example_latest_only.py for tasks to queue
[2026-04-28T17:31:09.212+0000] {logging_mixin.py:188} INFO - [2026-04-28T17:31:09.211+0000] {dagbag.py:540} INFO - Filling up the DagBag from /home/airflow/.local/lib/python3.12/site-packages/airflow/example_dags/example_latest_only.py
[2026-04-28T17:31:09.221+0000] {processor.py:840} INFO - DAG(s) 'latest_only' retrieved from /home/airflow/.local/lib/python3.12/site-packages/airflow/example_dags/example_latest_only.py
[2026-04-28T17:31:09.267+0000] {logging_mixin.py:188} INFO - [2026-04-28T17:31:09.267+0000] {dag.py:3096} INFO - Sync 1 DAGs
[2026-04-28T17:31:09.314+0000] {logging_mixin.py:188} INFO - [2026-04-28T17:31:09.314+0000] {dag.py:3954} INFO - Setting next_dagrun for latest_only to 2026-04-28 12:00:00+00:00, run_after=2026-04-28 16:00:00+00:00
[2026-04-28T17:31:09.360+0000] {processor.py:183} INFO - Processing /home/airflow/.local/lib/python3.12/site-packages/airflow/example_dags/example_latest_only.py took 0.171 seconds
[2026-04-28T17:31:39.421+0000] {processor.py:161} INFO - Started process (PID=813) to work on /home/airflow/.local/lib/python3.12/site-packages/airflow/example_dags/example_latest_only.py
[2026-04-28T17:31:39.422+0000] {processor.py:830} INFO - Processing file /home/airflow/.local/lib/python3.12/site-packages/airflow/example_dags/example_latest_only.py for tasks to queue
[2026-04-28T17:31:39.423+0000] {logging_mixin.py:188} INFO - [2026-04-28T17:31:39.423+0000] {dagbag.py:540} INFO - Filling up the DagBag from /home/airflow/.local/lib/python3.12/site-packages/airflow/example_dags/example_latest_only.py
[2026-04-28T17:31:39.427+0000] {processor.py:840} INFO - DAG(s) 'latest_only' retrieved from /home/airflow/.local/lib/python3.12/site-packages/airflow/example_dags/example_latest_only.py
[2026-04-28T17:31:39.442+0000] {logging_mixin.py:188} INFO - [2026-04-28T17:31:39.442+0000] {dag.py:3096} INFO - Sync 1 DAGs
[2026-04-28T17:31:39.460+0000] {logging_mixin.py:188} INFO - [2026-04-28T17:31:39.460+0000] {dag.py:3954} INFO - Setting next_dagrun for latest_only to 2026-04-28 12:00:00+00:00, run_after=2026-04-28 16:00:00+00:00
[2026-04-28T17:31:39.474+0000] {processor.py:183} INFO - Processing /home/airflow/.local/lib/python3.12/site-packages/airflow/example_dags/example_latest_only.py took 0.059 seconds
[2026-04-28T17:32:09.865+0000] {processor.py:161} INFO - Started process (PID=872) to work on /home/airflow/.local/lib/python3.12/site-packages/airflow/example_dags/example_latest_only.py
[2026-04-28T17:32:09.866+0000] {processor.py:830} INFO - Processing file /home/airflow/.local/lib/python3.12/site-packages/airflow/example_dags/example_latest_only.py for tasks to queue
[2026-04-28T17:32:09.868+0000] {logging_mixin.py:188} INFO - [2026-04-28T17:32:09.867+0000] {dagbag.py:540} INFO - Filling up the DagBag from /home/airflow/.local/lib/python3.12/site-packages/airflow/example_dags/example_latest_only.py
[2026-04-28T17:32:09.873+0000] {processor.py:840} INFO - DAG(s) 'latest_only' retrieved from /home/airflow/.local/lib/python3.12/site-packages/airflow/example_dags/example_latest_only.py
[2026-04-28T17:32:09.890+0000] {logging_mixin.py:188} INFO - [2026-04-28T17:32:09.889+0000] {dag.py:3096} INFO - Sync 1 DAGs
[2026-04-28T17:32:09.907+0000] {logging_mixin.py:188} INFO - [2026-04-28T17:32:09.907+0000] {dag.py:3954} INFO - Setting next_dagrun for latest_only to 2026-04-28 12:00:00+00:00, run_after=2026-04-28 16:00:00+00:00
[2026-04-28T17:32:09.922+0000] {processor.py:183} INFO - Processing /home/airflow/.local/lib/python3.12/site-packages/airflow/example_dags/example_latest_only.py took 0.064 seconds
[2026-04-28T17:32:40.126+0000] {processor.py:161} INFO - Started process (PID=932) to work on /home/airflow/.local/lib/python3.12/site-packages/airflow/example_dags/example_latest_only.py
[2026-04-28T17:32:40.127+0000] {processor.py:830} INFO - Processing file /home/airflow/.local/lib/python3.12/site-packages/airflow/example_dags/example_latest_only.py for tasks to queue
[2026-04-28T17:32:40.128+0000] {logging_mixin.py:188} INFO - [2026-04-28T17:32:40.128+0000] {dagbag.py:540} INFO - Filling up the DagBag from /home/airflow/.local/lib/python3.12/site-packages/airflow/example_dags/example_latest_only.py
[2026-04-28T17:32:40.134+0000] {processor.py:840} INFO - DAG(s) 'latest_only' retrieved from /home/airflow/.local/lib/python3.12/site-packages/airflow/example_dags/example_latest_only.py
[2026-04-28T17:32:40.160+0000] {logging_mixin.py:188} INFO - [2026-04-28T17:32:40.160+0000] {dag.py:3096} INFO - Sync 1 DAGs
[2026-04-28T17:32:40.189+0000] {logging_mixin.py:188} INFO - [2026-04-28T17:32:40.188+0000] {dag.py:3954} INFO - Setting next_dagrun for latest_only to 2026-04-28 12:00:00+00:00, run_after=2026-04-28 16:00:00+00:00
[2026-04-28T17:32:40.208+0000] {processor.py:183} INFO - Processing /home/airflow/.local/lib/python3.12/site-packages/airflow/example_dags/example_latest_only.py took 0.089 seconds
[2026-04-28T17:33:10.710+0000] {processor.py:161} INFO - Started process (PID=992) to work on /home/airflow/.local/lib/python3.12/site-packages/airflow/example_dags/example_latest_only.py
[2026-04-28T17:33:10.711+0000] {processor.py:830} INFO - Processing file /home/airflow/.local/lib/python3.12/site-packages/airflow/example_dags/example_latest_only.py for tasks to queue
[2026-04-28T17:33:10.713+0000] {logging_mixin.py:188} INFO - [2026-04-28T17:33:10.713+0000] {dagbag.py:540} INFO - Filling up the DagBag from /home/airflow/.local/lib/python3.12/site-packages/airflow/example_dags/example_latest_only.py
[2026-04-28T17:33:10.718+0000] {processor.py:840} INFO - DAG(s) 'latest_only' retrieved from /home/airflow/.local/lib/python3.12/site-packages/airflow/example_dags/example_latest_only.py
[2026-04-28T17:33:10.764+0000] {logging_mixin.py:188} INFO - [2026-04-28T17:33:10.764+0000] {dag.py:3096} INFO - Sync 1 DAGs
[2026-04-28T17:33:10.811+0000] {logging_mixin.py:188} INFO - [2026-04-28T17:33:10.810+0000] {dag.py:3954} INFO - Setting next_dagrun for latest_only to 2026-04-28 12:00:00+00:00, run_after=2026-04-28 16:00:00+00:00
[2026-04-28T17:33:10.849+0000] {processor.py:183} INFO - Processing /home/airflow/.local/lib/python3.12/site-packages/airflow/example_dags/example_latest_only.py took 0.146 seconds
[2026-04-28T17:33:41.343+0000] {processor.py:161} INFO - Started process (PID=1052) to work on /home/airflow/.local/lib/python3.12/site-packages/airflow/example_dags/example_latest_only.py
[2026-04-28T17:33:41.344+0000] {processor.py:830} INFO - Processing file /home/airflow/.local/lib/python3.12/site-packages/airflow/example_dags/example_latest_only.py for tasks to queue
[2026-04-28T17:33:41.346+0000] {logging_mixin.py:188} INFO - [2026-04-28T17:33:41.345+0000] {dagbag.py:540} INFO - Filling up the DagBag from /home/airflow/.local/lib/python3.12/site-packages/airflow/example_dags/example_latest_only.py
[2026-04-28T17:33:41.351+0000] {processor.py:840} INFO - DAG(s) 'latest_only' retrieved from /home/airflow/.local/lib/python3.12/site-packages/airflow/example_dags/example_latest_only.py
[2026-04-28T17:33:41.373+0000] {logging_mixin.py:188} INFO - [2026-04-28T17:33:41.372+0000] {dag.py:3096} INFO - Sync 1 DAGs
[2026-04-28T17:33:41.399+0000] {logging_mixin.py:188} INFO - [2026-04-28T17:33:41.398+0000] {dag.py:3954} INFO - Setting next_dagrun for latest_only to 2026-04-28 12:00:00+00:00, run_after=2026-04-28 16:00:00+00:00
[2026-04-28T17:33:41.421+0000] {processor.py:183} INFO - Processing /home/airflow/.local/lib/python3.12/site-packages/airflow/example_dags/example_latest_only.py took 0.085 seconds
[2026-04-28T17:34:11.460+0000] {processor.py:161} INFO - Started process (PID=1112) to work on /home/airflow/.local/lib/python3.12/site-packages/airflow/example_dags/example_latest_only.py
[2026-04-28T17:34:11.461+0000] {processor.py:830} INFO - Processing file /home/airflow/.local/lib/python3.12/site-packages/airflow/example_dags/example_latest_only.py for tasks to queue
[2026-04-28T17:34:11.462+0000] {logging_mixin.py:188} INFO - [2026-04-28T17:34:11.462+0000] {dagbag.py:540} INFO - Filling up the DagBag from /home/airflow/.local/lib/python3.12/site-packages/airflow/example_dags/example_latest_only.py
[2026-04-28T17:34:11.468+0000] {processor.py:840} INFO - DAG(s) 'latest_only' retrieved from /home/airflow/.local/lib/python3.12/site-packages/airflow/example_dags/example_latest_only.py
[2026-04-28T17:34:11.510+0000] {logging_mixin.py:188} INFO - [2026-04-28T17:34:11.509+0000] {dag.py:3096} INFO - Sync 1 DAGs
[2026-04-28T17:34:11.548+0000] {logging_mixin.py:188} INFO - [2026-04-28T17:34:11.547+0000] {dag.py:3954} INFO - Setting next_dagrun for latest_only to 2026-04-28 12:00:00+00:00, run_after=2026-04-28 16:00:00+00:00
[2026-04-28T17:34:11.567+0000] {processor.py:183} INFO - Processing /home/airflow/.local/lib/python3.12/site-packages/airflow/example_dags/example_latest_only.py took 0.116 seconds
[2026-04-28T17:34:42.761+0000] {processor.py:161} INFO - Started process (PID=1172) to work on /home/airflow/.local/lib/python3.12/site-packages/airflow/example_dags/example_latest_only.py
[2026-04-28T17:34:42.762+0000] {processor.py:830} INFO - Processing file /home/airflow/.local/lib/python3.12/site-packages/airflow/example_dags/example_latest_only.py for tasks to queue
[2026-04-28T17:34:42.763+0000] {logging_mixin.py:188} INFO - [2026-04-28T17:34:42.763+0000] {dagbag.py:540} INFO - Filling up the DagBag from /home/airflow/.local/lib/python3.12/site-packages/airflow/example_dags/example_latest_only.py
[2026-04-28T17:34:42.767+0000] {processor.py:840} INFO - DAG(s) 'latest_only' retrieved from /home/airflow/.local/lib/python3.12/site-packages/airflow/example_dags/example_latest_only.py
[2026-04-28T17:34:42.784+0000] {logging_mixin.py:188} INFO - [2026-04-28T17:34:42.783+0000] {dag.py:3096} INFO - Sync 1 DAGs
[2026-04-28T17:34:42.931+0000] {logging_mixin.py:188} INFO - [2026-04-28T17:34:42.930+0000] {dag.py:3954} INFO - Setting next_dagrun for latest_only to 2026-04-28 12:00:00+00:00, run_after=2026-04-28 16:00:00+00:00
[2026-04-28T17:34:42.945+0000] {processor.py:183} INFO - Processing /home/airflow/.local/lib/python3.12/site-packages/airflow/example_dags/example_latest_only.py took 0.189 seconds
[2026-04-28T17:35:13.515+0000] {processor.py:161} INFO - Started process (PID=1232) to work on /home/airflow/.local/lib/python3.12/site-packages/airflow/example_dags/example_latest_only.py
[2026-04-28T17:35:13.516+0000] {processor.py:830} INFO - Processing file /home/airflow/.local/lib/python3.12/site-packages/airflow/example_dags/example_latest_only.py for tasks to queue
[2026-04-28T17:35:13.517+0000] {logging_mixin.py:188} INFO - [2026-04-28T17:35:13.517+0000] {dagbag.py:540} INFO - Filling up the DagBag from /home/airflow/.local/lib/python3.12/site-packages/airflow/example_dags/example_latest_only.py
[2026-04-28T17:35:13.525+0000] {processor.py:840} INFO - DAG(s) 'latest_only' retrieved from /home/airflow/.local/lib/python3.12/site-packages/airflow/example_dags/example_latest_only.py
[2026-04-28T17:35:13.565+0000] {logging_mixin.py:188} INFO - [2026-04-28T17:35:13.565+0000] {dag.py:3096} INFO - Sync 1 DAGs
[2026-04-28T17:35:13.625+0000] {logging_mixin.py:188} INFO - [2026-04-28T17:35:13.625+0000] {dag.py:3954} INFO - Setting next_dagrun for latest_only to 2026-04-28 12:00:00+00:00, run_after=2026-04-28 16:00:00+00:00
[2026-04-28T17:35:13.661+0000] {processor.py:183} INFO - Processing /home/airflow/.local/lib/python3.12/site-packages/airflow/example_dags/example_latest_only.py took 0.153 seconds
[2026-04-28T17:35:44.509+0000] {processor.py:161} INFO - Started process (PID=1291) to work on /home/airflow/.local/lib/python3.12/site-packages/airflow/example_dags/example_latest_only.py
[2026-04-28T17:35:44.511+0000] {processor.py:830} INFO - Processing file /home/airflow/.local/lib/python3.12/site-packages/airflow/example_dags/example_latest_only.py for tasks to queue
[2026-04-28T17:35:44.513+0000] {logging_mixin.py:188} INFO - [2026-04-28T17:35:44.513+0000] {dagbag.py:540} INFO - Filling up the DagBag from /home/airflow/.local/lib/python3.12/site-packages/airflow/example_dags/example_latest_only.py
[2026-04-28T17:35:44.519+0000] {processor.py:840} INFO - DAG(s) 'latest_only' retrieved from /home/airflow/.local/lib/python3.12/site-packages/airflow/example_dags/example_latest_only.py
[2026-04-28T17:35:44.542+0000] {logging_mixin.py:188} INFO - [2026-04-28T17:35:44.541+0000] {dag.py:3096} INFO - Sync 1 DAGs
[2026-04-28T17:35:44.569+0000] {logging_mixin.py:188} INFO - [2026-04-28T17:35:44.569+0000] {dag.py:3954} INFO - Setting next_dagrun for latest_only to 2026-04-28 12:00:00+00:00, run_after=2026-04-28 16:00:00+00:00
[2026-04-28T17:35:44.589+0000] {processor.py:183} INFO - Processing /home/airflow/.local/lib/python3.12/site-packages/airflow/example_dags/example_latest_only.py took 0.091 seconds
[2026-04-28T17:36:15.196+0000] {processor.py:161} INFO - Started process (PID=1351) to work on /home/airflow/.local/lib/python3.12/site-packages/airflow/example_dags/example_latest_only.py
[2026-04-28T17:36:15.199+0000] {processor.py:830} INFO - Processing file /home/airflow/.local/lib/python3.12/site-packages/airflow/example_dags/example_latest_only.py for tasks to queue
[2026-04-28T17:36:15.203+0000] {logging_mixin.py:188} INFO - [2026-04-28T17:36:15.202+0000] {dagbag.py:540} INFO - Filling up the DagBag from /home/airflow/.local/lib/python3.12/site-packages/airflow/example_dags/example_latest_only.py
[2026-04-28T17:36:15.567+0000] {processor.py:840} INFO - DAG(s) 'latest_only' retrieved from /home/airflow/.local/lib/python3.12/site-packages/airflow/example_dags/example_latest_only.py
[2026-04-28T17:36:15.614+0000] {logging_mixin.py:188} INFO - [2026-04-28T17:36:15.614+0000] {dag.py:3096} INFO - Sync 1 DAGs
[2026-04-28T17:36:15.665+0000] {logging_mixin.py:188} INFO - [2026-04-28T17:36:15.665+0000] {dag.py:3954} INFO - Setting next_dagrun for latest_only to 2026-04-28 12:00:00+00:00, run_after=2026-04-28 16:00:00+00:00
[2026-04-28T17:36:15.703+0000] {processor.py:183} INFO - Processing /home/airflow/.local/lib/python3.12/site-packages/airflow/example_dags/example_latest_only.py took 0.535 seconds
[2026-04-28T17:36:46.594+0000] {processor.py:161} INFO - Started process (PID=1411) to work on /home/airflow/.local/lib/python3.12/site-packages/airflow/example_dags/example_latest_only.py
[2026-04-28T17:36:46.598+0000] {processor.py:830} INFO - Processing file /home/airflow/.local/lib/python3.12/site-packages/airflow/example_dags/example_latest_only.py for tasks to queue
[2026-04-28T17:36:46.609+0000] {logging_mixin.py:188} INFO - [2026-04-28T17:36:46.609+0000] {dagbag.py:540} INFO - Filling up the DagBag from /home/airflow/.local/lib/python3.12/site-packages/airflow/example_dags/example_latest_only.py
[2026-04-28T17:36:46.628+0000] {processor.py:840} INFO - DAG(s) 'latest_only' retrieved from /home/airflow/.local/lib/python3.12/site-packages/airflow/example_dags/example_latest_only.py
[2026-04-28T17:36:46.681+0000] {logging_mixin.py:188} INFO - [2026-04-28T17:36:46.681+0000] {dag.py:3096} INFO - Sync 1 DAGs
[2026-04-28T17:36:46.739+0000] {logging_mixin.py:188} INFO - [2026-04-28T17:36:46.739+0000] {dag.py:3954} INFO - Setting next_dagrun for latest_only to 2026-04-28 12:00:00+00:00, run_after=2026-04-28 16:00:00+00:00
[2026-04-28T17:36:46.764+0000] {processor.py:183} INFO - Processing /home/airflow/.local/lib/python3.12/site-packages/airflow/example_dags/example_latest_only.py took 0.177 seconds
[2026-04-28T17:37:17.294+0000] {processor.py:161} INFO - Started process (PID=1477) to work on /home/airflow/.local/lib/python3.12/site-packages/airflow/example_dags/example_latest_only.py
[2026-04-28T17:37:17.295+0000] {processor.py:830} INFO - Processing file /home/airflow/.local/lib/python3.12/site-packages/airflow/example_dags/example_latest_only.py for tasks to queue
[2026-04-28T17:37:17.297+0000] {logging_mixin.py:188} INFO - [2026-04-28T17:37:17.297+0000] {dagbag.py:540} INFO - Filling up the DagBag from /home/airflow/.local/lib/python3.12/site-packages/airflow/example_dags/example_latest_only.py
[2026-04-28T17:37:17.304+0000] {processor.py:840} INFO - DAG(s) 'latest_only' retrieved from /home/airflow/.local/lib/python3.12/site-packages/airflow/example_dags/example_latest_only.py
[2026-04-28T17:37:17.331+0000] {logging_mixin.py:188} INFO - [2026-04-28T17:37:17.330+0000] {dag.py:3096} INFO - Sync 1 DAGs
[2026-04-28T17:37:17.365+0000] {logging_mixin.py:188} INFO - [2026-04-28T17:37:17.364+0000] {dag.py:3954} INFO - Setting next_dagrun for latest_only to 2026-04-28 12:00:00+00:00, run_after=2026-04-28 16:00:00+00:00
[2026-04-28T17:37:17.400+0000] {processor.py:183} INFO - Processing /home/airflow/.local/lib/python3.12/site-packages/airflow/example_dags/example_latest_only.py took 0.120 seconds
[2026-04-28T17:37:48.076+0000] {processor.py:161} INFO - Started process (PID=1537) to work on /home/airflow/.local/lib/python3.12/site-packages/airflow/example_dags/example_latest_only.py
[2026-04-28T17:37:48.077+0000] {processor.py:830} INFO - Processing file /home/airflow/.local/lib/python3.12/site-packages/airflow/example_dags/example_latest_only.py for tasks to queue
[2026-04-28T17:37:48.079+0000] {logging_mixin.py:188} INFO - [2026-04-28T17:37:48.079+0000] {dagbag.py:540} INFO - Filling up the DagBag from /home/airflow/.local/lib/python3.12/site-packages/airflow/example_dags/example_latest_only.py
[2026-04-28T17:37:48.085+0000] {processor.py:840} INFO - DAG(s) 'latest_only' retrieved from /home/airflow/.local/lib/python3.12/site-packages/airflow/example_dags/example_latest_only.py
[2026-04-28T17:37:48.115+0000] {logging_mixin.py:188} INFO - [2026-04-28T17:37:48.114+0000] {dag.py:3096} INFO - Sync 1 DAGs
[2026-04-28T17:37:48.144+0000] {logging_mixin.py:188} INFO - [2026-04-28T17:37:48.143+0000] {dag.py:3954} INFO - Setting next_dagrun for latest_only to 2026-04-28 12:00:00+00:00, run_after=2026-04-28 16:00:00+00:00
[2026-04-28T17:37:48.165+0000] {processor.py:183} INFO - Processing /home/airflow/.local/lib/python3.12/site-packages/airflow/example_dags/example_latest_only.py took 0.095 seconds
[2026-04-28T17:38:18.851+0000] {processor.py:161} INFO - Started process (PID=1597) to work on /home/airflow/.local/lib/python3.12/site-packages/airflow/example_dags/example_latest_only.py
[2026-04-28T17:38:18.851+0000] {processor.py:830} INFO - Processing file /home/airflow/.local/lib/python3.12/site-packages/airflow/example_dags/example_latest_only.py for tasks to queue
[2026-04-28T17:38:18.854+0000] {logging_mixin.py:188} INFO - [2026-04-28T17:38:18.853+0000] {dagbag.py:540} INFO - Filling up the DagBag from /home/airflow/.local/lib/python3.12/site-packages/airflow/example_dags/example_latest_only.py
[2026-04-28T17:38:18.859+0000] {processor.py:840} INFO - DAG(s) 'latest_only' retrieved from /home/airflow/.local/lib/python3.12/site-packages/airflow/example_dags/example_latest_only.py
[2026-04-28T17:38:18.883+0000] {logging_mixin.py:188} INFO - [2026-04-28T17:38:18.883+0000] {dag.py:3096} INFO - Sync 1 DAGs
[2026-04-28T17:38:18.937+0000] {logging_mixin.py:188} INFO - [2026-04-28T17:38:18.937+0000] {dag.py:3954} INFO - Setting next_dagrun for latest_only to 2026-04-28 12:00:00+00:00, run_after=2026-04-28 16:00:00+00:00
[2026-04-28T17:38:18.976+0000] {processor.py:183} INFO - Processing /home/airflow/.local/lib/python3.12/site-packages/airflow/example_dags/example_latest_only.py took 0.132 seconds
[2026-04-28T17:38:49.074+0000] {processor.py:161} INFO - Started process (PID=1657) to work on /home/airflow/.local/lib/python3.12/site-packages/airflow/example_dags/example_latest_only.py
[2026-04-28T17:38:49.076+0000] {processor.py:830} INFO - Processing file /home/airflow/.local/lib/python3.12/site-packages/airflow/example_dags/example_latest_only.py for tasks to queue
[2026-04-28T17:38:49.078+0000] {logging_mixin.py:188} INFO - [2026-04-28T17:38:49.078+0000] {dagbag.py:540} INFO - Filling up the DagBag from /home/airflow/.local/lib/python3.12/site-packages/airflow/example_dags/example_latest_only.py
[2026-04-28T17:38:49.084+0000] {processor.py:840} INFO - DAG(s) 'latest_only' retrieved from /home/airflow/.local/lib/python3.12/site-packages/airflow/example_dags/example_latest_only.py
[2026-04-28T17:38:49.108+0000] {logging_mixin.py:188} INFO - [2026-04-28T17:38:49.108+0000] {dag.py:3096} INFO - Sync 1 DAGs
[2026-04-28T17:38:49.137+0000] {logging_mixin.py:188} INFO - [2026-04-28T17:38:49.137+0000] {dag.py:3954} INFO - Setting next_dagrun for latest_only to 2026-04-28 12:00:00+00:00, run_after=2026-04-28 16:00:00+00:00
[2026-04-28T17:38:49.157+0000] {processor.py:183} INFO - Processing /home/airflow/.local/lib/python3.12/site-packages/airflow/example_dags/example_latest_only.py took 0.090 seconds
[2026-04-28T17:39:19.950+0000] {processor.py:161} INFO - Started process (PID=1718) to work on /home/airflow/.local/lib/python3.12/site-packages/airflow/example_dags/example_latest_only.py
[2026-04-28T17:39:19.952+0000] {processor.py:830} INFO - Processing file /home/airflow/.local/lib/python3.12/site-packages/airflow/example_dags/example_latest_only.py for tasks to queue
[2026-04-28T17:39:19.954+0000] {logging_mixin.py:188} INFO - [2026-04-28T17:39:19.953+0000] {dagbag.py:540} INFO - Filling up the DagBag from /home/airflow/.local/lib/python3.12/site-packages/airflow/example_dags/example_latest_only.py
[2026-04-28T17:39:19.959+0000] {processor.py:840} INFO - DAG(s) 'latest_only' retrieved from /home/airflow/.local/lib/python3.12/site-packages/airflow/example_dags/example_latest_only.py
[2026-04-28T17:39:19.982+0000] {logging_mixin.py:188} INFO - [2026-04-28T17:39:19.981+0000] {dag.py:3096} INFO - Sync 1 DAGs
[2026-04-28T17:39:20.009+0000] {logging_mixin.py:188} INFO - [2026-04-28T17:39:20.008+0000] {dag.py:3954} INFO - Setting next_dagrun for latest_only to 2026-04-28 12:00:00+00:00, run_after=2026-04-28 16:00:00+00:00
[2026-04-28T17:39:20.047+0000] {processor.py:183} INFO - Processing /home/airflow/.local/lib/python3.12/site-packages/airflow/example_dags/example_latest_only.py took 0.105 seconds
[2026-04-28T17:39:50.230+0000] {processor.py:161} INFO - Started process (PID=1777) to work on /home/airflow/.local/lib/python3.12/site-packages/airflow/example_dags/example_latest_only.py
[2026-04-28T17:39:50.231+0000] {processor.py:830} INFO - Processing file /home/airflow/.local/lib/python3.12/site-packages/airflow/example_dags/example_latest_only.py for tasks to queue
[2026-04-28T17:39:50.233+0000] {logging_mixin.py:188} INFO - [2026-04-28T17:39:50.232+0000] {dagbag.py:540} INFO - Filling up the DagBag from /home/airflow/.local/lib/python3.12/site-packages/airflow/example_dags/example_latest_only.py
[2026-04-28T17:39:50.238+0000] {processor.py:840} INFO - DAG(s) 'latest_only' retrieved from /home/airflow/.local/lib/python3.12/site-packages/airflow/example_dags/example_latest_only.py
[2026-04-28T17:39:50.262+0000] {logging_mixin.py:188} INFO - [2026-04-28T17:39:50.261+0000] {dag.py:3096} INFO - Sync 1 DAGs
[2026-04-28T17:39:50.291+0000] {logging_mixin.py:188} INFO - [2026-04-28T17:39:50.290+0000] {dag.py:3954} INFO - Setting next_dagrun for latest_only to 2026-04-28 12:00:00+00:00, run_after=2026-04-28 16:00:00+00:00
[2026-04-28T17:39:50.312+0000] {processor.py:183} INFO - Processing /home/airflow/.local/lib/python3.12/site-packages/airflow/example_dags/example_latest_only.py took 0.090 seconds
[2026-04-28T17:40:20.906+0000] {processor.py:161} INFO - Started process (PID=1837) to work on /home/airflow/.local/lib/python3.12/site-packages/airflow/example_dags/example_latest_only.py
[2026-04-28T17:40:20.907+0000] {processor.py:830} INFO - Processing file /home/airflow/.local/lib/python3.12/site-packages/airflow/example_dags/example_latest_only.py for tasks to queue
[2026-04-28T17:40:20.909+0000] {logging_mixin.py:188} INFO - [2026-04-28T17:40:20.908+0000] {dagbag.py:540} INFO - Filling up the DagBag from /home/airflow/.local/lib/python3.12/site-packages/airflow/example_dags/example_latest_only.py
[2026-04-28T17:40:20.915+0000] {processor.py:840} INFO - DAG(s) 'latest_only' retrieved from /home/airflow/.local/lib/python3.12/site-packages/airflow/example_dags/example_latest_only.py
[2026-04-28T17:40:20.938+0000] {logging_mixin.py:188} INFO - [2026-04-28T17:40:20.937+0000] {dag.py:3096} INFO - Sync 1 DAGs
[2026-04-28T17:40:20.964+0000] {logging_mixin.py:188} INFO - [2026-04-28T17:40:20.964+0000] {dag.py:3954} INFO - Setting next_dagrun for latest_only to 2026-04-28 12:00:00+00:00, run_after=2026-04-28 16:00:00+00:00
[2026-04-28T17:40:20.985+0000] {processor.py:183} INFO - Processing /home/airflow/.local/lib/python3.12/site-packages/airflow/example_dags/example_latest_only.py took 0.086 seconds
[2026-04-28T17:40:51.807+0000] {processor.py:161} INFO - Started process (PID=1897) to work on /home/airflow/.local/lib/python3.12/site-packages/airflow/example_dags/example_latest_only.py
[2026-04-28T17:40:51.811+0000] {processor.py:830} INFO - Processing file /home/airflow/.local/lib/python3.12/site-packages/airflow/example_dags/example_latest_only.py for tasks to queue
[2026-04-28T17:40:51.813+0000] {logging_mixin.py:188} INFO - [2026-04-28T17:40:51.813+0000] {dagbag.py:540} INFO - Filling up the DagBag from /home/airflow/.local/lib/python3.12/site-packages/airflow/example_dags/example_latest_only.py
[2026-04-28T17:40:51.819+0000] {processor.py:840} INFO - DAG(s) 'latest_only' retrieved from /home/airflow/.local/lib/python3.12/site-packages/airflow/example_dags/example_latest_only.py
[2026-04-28T17:40:51.842+0000] {logging_mixin.py:188} INFO - [2026-04-28T17:40:51.842+0000] {dag.py:3096} INFO - Sync 1 DAGs
[2026-04-28T17:40:51.871+0000] {logging_mixin.py:188} INFO - [2026-04-28T17:40:51.871+0000] {dag.py:3954} INFO - Setting next_dagrun for latest_only to 2026-04-28 12:00:00+00:00, run_after=2026-04-28 16:00:00+00:00
[2026-04-28T17:40:51.893+0000] {processor.py:183} INFO - Processing /home/airflow/.local/lib/python3.12/site-packages/airflow/example_dags/example_latest_only.py took 0.096 seconds
[2026-04-28T17:41:22.455+0000] {processor.py:161} INFO - Started process (PID=1957) to work on /home/airflow/.local/lib/python3.12/site-packages/airflow/example_dags/example_latest_only.py
[2026-04-28T17:41:22.456+0000] {processor.py:830} INFO - Processing file /home/airflow/.local/lib/python3.12/site-packages/airflow/example_dags/example_latest_only.py for tasks to queue
[2026-04-28T17:41:22.458+0000] {logging_mixin.py:188} INFO - [2026-04-28T17:41:22.457+0000] {dagbag.py:540} INFO - Filling up the DagBag from /home/airflow/.local/lib/python3.12/site-packages/airflow/example_dags/example_latest_only.py
[2026-04-28T17:41:22.463+0000] {processor.py:840} INFO - DAG(s) 'latest_only' retrieved from /home/airflow/.local/lib/python3.12/site-packages/airflow/example_dags/example_latest_only.py
[2026-04-28T17:41:22.487+0000] {logging_mixin.py:188} INFO - [2026-04-28T17:41:22.487+0000] {dag.py:3096} INFO - Sync 1 DAGs
[2026-04-28T17:41:22.515+0000] {logging_mixin.py:188} INFO - [2026-04-28T17:41:22.515+0000] {dag.py:3954} INFO - Setting next_dagrun for latest_only to 2026-04-28 12:00:00+00:00, run_after=2026-04-28 16:00:00+00:00
[2026-04-28T17:41:22.535+0000] {processor.py:183} INFO - Processing /home/airflow/.local/lib/python3.12/site-packages/airflow/example_dags/example_latest_only.py took 0.087 seconds
[2026-04-28T17:41:52.996+0000] {processor.py:161} INFO - Started process (PID=2017) to work on /home/airflow/.local/lib/python3.12/site-packages/airflow/example_dags/example_latest_only.py
[2026-04-28T17:41:52.996+0000] {processor.py:830} INFO - Processing file /home/airflow/.local/lib/python3.12/site-packages/airflow/example_dags/example_latest_only.py for tasks to queue
[2026-04-28T17:41:52.998+0000] {logging_mixin.py:188} INFO - [2026-04-28T17:41:52.998+0000] {dagbag.py:540} INFO - Filling up the DagBag from /home/airflow/.local/lib/python3.12/site-packages/airflow/example_dags/example_latest_only.py
[2026-04-28T17:41:53.004+0000] {processor.py:840} INFO - DAG(s) 'latest_only' retrieved from /home/airflow/.local/lib/python3.12/site-packages/airflow/example_dags/example_latest_only.py
[2026-04-28T17:41:53.040+0000] {logging_mixin.py:188} INFO - [2026-04-28T17:41:53.040+0000] {dag.py:3096} INFO - Sync 1 DAGs
[2026-04-28T17:41:53.081+0000] {logging_mixin.py:188} INFO - [2026-04-28T17:41:53.080+0000] {dag.py:3954} INFO - Setting next_dagrun for latest_only to 2026-04-28 12:00:00+00:00, run_after=2026-04-28 16:00:00+00:00
[2026-04-28T17:41:53.101+0000] {processor.py:183} INFO - Processing /home/airflow/.local/lib/python3.12/site-packages/airflow/example_dags/example_latest_only.py took 0.113 seconds
[2026-04-28T17:42:23.373+0000] {processor.py:161} INFO - Started process (PID=2077) to work on /home/airflow/.local/lib/python3.12/site-packages/airflow/example_dags/example_latest_only.py
[2026-04-28T17:42:23.374+0000] {processor.py:830} INFO - Processing file /home/airflow/.local/lib/python3.12/site-packages/airflow/example_dags/example_latest_only.py for tasks to queue
[2026-04-28T17:42:23.376+0000] {logging_mixin.py:188} INFO - [2026-04-28T17:42:23.376+0000] {dagbag.py:540} INFO - Filling up the DagBag from /home/airflow/.local/lib/python3.12/site-packages/airflow/example_dags/example_latest_only.py
[2026-04-28T17:42:23.382+0000] {processor.py:840} INFO - DAG(s) 'latest_only' retrieved from /home/airflow/.local/lib/python3.12/site-packages/airflow/example_dags/example_latest_only.py
[2026-04-28T17:42:23.408+0000] {logging_mixin.py:188} INFO - [2026-04-28T17:42:23.408+0000] {dag.py:3096} INFO - Sync 1 DAGs
[2026-04-28T17:42:23.436+0000] {logging_mixin.py:188} INFO - [2026-04-28T17:42:23.436+0000] {dag.py:3954} INFO - Setting next_dagrun for latest_only to 2026-04-28 12:00:00+00:00, run_after=2026-04-28 16:00:00+00:00
[2026-04-28T17:42:23.456+0000] {processor.py:183} INFO - Processing /home/airflow/.local/lib/python3.12/site-packages/airflow/example_dags/example_latest_only.py took 0.091 seconds
[2026-04-28T17:42:55.285+0000] {processor.py:161} INFO - Started process (PID=2137) to work on /home/airflow/.local/lib/python3.12/site-packages/airflow/example_dags/example_latest_only.py
[2026-04-28T17:42:55.286+0000] {processor.py:830} INFO - Processing file /home/airflow/.local/lib/python3.12/site-packages/airflow/example_dags/example_latest_only.py for tasks to queue
[2026-04-28T17:42:55.290+0000] {logging_mixin.py:188} INFO - [2026-04-28T17:42:55.289+0000] {dagbag.py:540} INFO - Filling up the DagBag from /home/airflow/.local/lib/python3.12/site-packages/airflow/example_dags/example_latest_only.py
[2026-04-28T17:42:55.295+0000] {processor.py:840} INFO - DAG(s) 'latest_only' retrieved from /home/airflow/.local/lib/python3.12/site-packages/airflow/example_dags/example_latest_only.py
[2026-04-28T17:42:55.324+0000] {logging_mixin.py:188} INFO - [2026-04-28T17:42:55.324+0000] {dag.py:3096} INFO - Sync 1 DAGs
[2026-04-28T17:42:55.353+0000] {logging_mixin.py:188} INFO - [2026-04-28T17:42:55.353+0000] {dag.py:3954} INFO - Setting next_dagrun for latest_only to 2026-04-28 12:00:00+00:00, run_after=2026-04-28 16:00:00+00:00
[2026-04-28T17:42:55.391+0000] {processor.py:183} INFO - Processing /home/airflow/.local/lib/python3.12/site-packages/airflow/example_dags/example_latest_only.py took 0.113 seconds
[2026-04-28T17:43:25.806+0000] {processor.py:161} INFO - Started process (PID=2197) to work on /home/airflow/.local/lib/python3.12/site-packages/airflow/example_dags/example_latest_only.py
[2026-04-28T17:43:25.807+0000] {processor.py:830} INFO - Processing file /home/airflow/.local/lib/python3.12/site-packages/airflow/example_dags/example_latest_only.py for tasks to queue
[2026-04-28T17:43:25.809+0000] {logging_mixin.py:188} INFO - [2026-04-28T17:43:25.808+0000] {dagbag.py:540} INFO - Filling up the DagBag from /home/airflow/.local/lib/python3.12/site-packages/airflow/example_dags/example_latest_only.py
[2026-04-28T17:43:25.814+0000] {processor.py:840} INFO - DAG(s) 'latest_only' retrieved from /home/airflow/.local/lib/python3.12/site-packages/airflow/example_dags/example_latest_only.py
[2026-04-28T17:43:25.836+0000] {logging_mixin.py:188} INFO - [2026-04-28T17:43:25.835+0000] {dag.py:3096} INFO - Sync 1 DAGs
[2026-04-28T17:43:25.864+0000] {logging_mixin.py:188} INFO - [2026-04-28T17:43:25.863+0000] {dag.py:3954} INFO - Setting next_dagrun for latest_only to 2026-04-28 12:00:00+00:00, run_after=2026-04-28 16:00:00+00:00
[2026-04-28T17:43:25.883+0000] {processor.py:183} INFO - Processing /home/airflow/.local/lib/python3.12/site-packages/airflow/example_dags/example_latest_only.py took 0.084 seconds
[2026-04-28T17:43:57.018+0000] {processor.py:161} INFO - Started process (PID=2257) to work on /home/airflow/.local/lib/python3.12/site-packages/airflow/example_dags/example_latest_only.py
[2026-04-28T17:43:57.018+0000] {processor.py:830} INFO - Processing file /home/airflow/.local/lib/python3.12/site-packages/airflow/example_dags/example_latest_only.py for tasks to queue
[2026-04-28T17:43:57.020+0000] {logging_mixin.py:188} INFO - [2026-04-28T17:43:57.020+0000] {dagbag.py:540} INFO - Filling up the DagBag from /home/airflow/.local/lib/python3.12/site-packages/airflow/example_dags/example_latest_only.py
[2026-04-28T17:43:57.024+0000] {processor.py:840} INFO - DAG(s) 'latest_only' retrieved from /home/airflow/.local/lib/python3.12/site-packages/airflow/example_dags/example_latest_only.py
[2026-04-28T17:43:57.041+0000] {logging_mixin.py:188} INFO - [2026-04-28T17:43:57.041+0000] {dag.py:3096} INFO - Sync 1 DAGs
[2026-04-28T17:43:57.060+0000] {logging_mixin.py:188} INFO - [2026-04-28T17:43:57.060+0000] {dag.py:3954} INFO - Setting next_dagrun for latest_only to 2026-04-28 12:00:00+00:00, run_after=2026-04-28 16:00:00+00:00
[2026-04-28T17:43:57.075+0000] {processor.py:183} INFO - Processing /home/airflow/.local/lib/python3.12/site-packages/airflow/example_dags/example_latest_only.py took 0.062 seconds
[2026-04-28T17:44:27.437+0000] {processor.py:161} INFO - Started process (PID=2317) to work on /home/airflow/.local/lib/python3.12/site-packages/airflow/example_dags/example_latest_only.py
[2026-04-28T17:44:27.437+0000] {processor.py:830} INFO - Processing file /home/airflow/.local/lib/python3.12/site-packages/airflow/example_dags/example_latest_only.py for tasks to queue
[2026-04-28T17:44:27.439+0000] {logging_mixin.py:188} INFO - [2026-04-28T17:44:27.439+0000] {dagbag.py:540} INFO - Filling up the DagBag from /home/airflow/.local/lib/python3.12/site-packages/airflow/example_dags/example_latest_only.py
[2026-04-28T17:44:27.445+0000] {processor.py:840} INFO - DAG(s) 'latest_only' retrieved from /home/airflow/.local/lib/python3.12/site-packages/airflow/example_dags/example_latest_only.py
[2026-04-28T17:44:27.467+0000] {logging_mixin.py:188} INFO - [2026-04-28T17:44:27.466+0000] {dag.py:3096} INFO - Sync 1 DAGs
[2026-04-28T17:44:27.495+0000] {logging_mixin.py:188} INFO - [2026-04-28T17:44:27.494+0000] {dag.py:3954} INFO - Setting next_dagrun for latest_only to 2026-04-28 12:00:00+00:00, run_after=2026-04-28 16:00:00+00:00
[2026-04-28T17:44:27.516+0000] {processor.py:183} INFO - Processing /home/airflow/.local/lib/python3.12/site-packages/airflow/example_dags/example_latest_only.py took 0.086 seconds
[2026-04-28T17:44:58.562+0000] {processor.py:161} INFO - Started process (PID=2377) to work on /home/airflow/.local/lib/python3.12/site-packages/airflow/example_dags/example_latest_only.py
[2026-04-28T17:44:58.568+0000] {processor.py:830} INFO - Processing file /home/airflow/.local/lib/python3.12/site-packages/airflow/example_dags/example_latest_only.py for tasks to queue
[2026-04-28T17:44:58.574+0000] {logging_mixin.py:188} INFO - [2026-04-28T17:44:58.574+0000] {dagbag.py:540} INFO - Filling up the DagBag from /home/airflow/.local/lib/python3.12/site-packages/airflow/example_dags/example_latest_only.py
[2026-04-28T17:44:58.590+0000] {processor.py:840} INFO - DAG(s) 'latest_only' retrieved from /home/airflow/.local/lib/python3.12/site-packages/airflow/example_dags/example_latest_only.py
[2026-04-28T17:44:58.626+0000] {logging_mixin.py:188} INFO - [2026-04-28T17:44:58.625+0000] {dag.py:3096} INFO - Sync 1 DAGs
[2026-04-28T17:44:58.653+0000] {logging_mixin.py:188} INFO - [2026-04-28T17:44:58.653+0000] {dag.py:3954} INFO - Setting next_dagrun for latest_only to 2026-04-28 12:00:00+00:00, run_after=2026-04-28 16:00:00+00:00
[2026-04-28T17:44:58.672+0000] {processor.py:183} INFO - Processing /home/airflow/.local/lib/python3.12/site-packages/airflow/example_dags/example_latest_only.py took 0.151 seconds
[2026-04-28T17:45:29.170+0000] {processor.py:161} INFO - Started process (PID=2437) to work on /home/airflow/.local/lib/python3.12/site-packages/airflow/example_dags/example_latest_only.py
[2026-04-28T17:45:29.171+0000] {processor.py:830} INFO - Processing file /home/airflow/.local/lib/python3.12/site-packages/airflow/example_dags/example_latest_only.py for tasks to queue
[2026-04-28T17:45:29.173+0000] {logging_mixin.py:188} INFO - [2026-04-28T17:45:29.173+0000] {dagbag.py:540} INFO - Filling up the DagBag from /home/airflow/.local/lib/python3.12/site-packages/airflow/example_dags/example_latest_only.py
[2026-04-28T17:45:29.179+0000] {processor.py:840} INFO - DAG(s) 'latest_only' retrieved from /home/airflow/.local/lib/python3.12/site-packages/airflow/example_dags/example_latest_only.py
[2026-04-28T17:45:29.209+0000] {logging_mixin.py:188} INFO - [2026-04-28T17:45:29.208+0000] {dag.py:3096} INFO - Sync 1 DAGs
[2026-04-28T17:45:29.240+0000] {logging_mixin.py:188} INFO - [2026-04-28T17:45:29.239+0000] {dag.py:3954} INFO - Setting next_dagrun for latest_only to 2026-04-28 12:00:00+00:00, run_after=2026-04-28 16:00:00+00:00
[2026-04-28T17:45:29.259+0000] {processor.py:183} INFO - Processing /home/airflow/.local/lib/python3.12/site-packages/airflow/example_dags/example_latest_only.py took 0.096 seconds
[2026-04-28T17:45:59.760+0000] {processor.py:161} INFO - Started process (PID=2497) to work on /home/airflow/.local/lib/python3.12/site-packages/airflow/example_dags/example_latest_only.py
[2026-04-28T17:45:59.761+0000] {processor.py:830} INFO - Processing file /home/airflow/.local/lib/python3.12/site-packages/airflow/example_dags/example_latest_only.py for tasks to queue
[2026-04-28T17:45:59.763+0000] {logging_mixin.py:188} INFO - [2026-04-28T17:45:59.762+0000] {dagbag.py:540} INFO - Filling up the DagBag from /home/airflow/.local/lib/python3.12/site-packages/airflow/example_dags/example_latest_only.py
[2026-04-28T17:45:59.768+0000] {processor.py:840} INFO - DAG(s) 'latest_only' retrieved from /home/airflow/.local/lib/python3.12/site-packages/airflow/example_dags/example_latest_only.py
[2026-04-28T17:45:59.791+0000] {logging_mixin.py:188} INFO - [2026-04-28T17:45:59.791+0000] {dag.py:3096} INFO - Sync 1 DAGs
[2026-04-28T17:45:59.820+0000] {logging_mixin.py:188} INFO - [2026-04-28T17:45:59.819+0000] {dag.py:3954} INFO - Setting next_dagrun for latest_only to 2026-04-28 12:00:00+00:00, run_after=2026-04-28 16:00:00+00:00
[2026-04-28T17:45:59.839+0000] {processor.py:183} INFO - Processing /home/airflow/.local/lib/python3.12/site-packages/airflow/example_dags/example_latest_only.py took 0.086 seconds
[2026-04-28T17:46:30.454+0000] {processor.py:161} INFO - Started process (PID=2557) to work on /home/airflow/.local/lib/python3.12/site-packages/airflow/example_dags/example_latest_only.py
[2026-04-28T17:46:30.455+0000] {processor.py:830} INFO - Processing file /home/airflow/.local/lib/python3.12/site-packages/airflow/example_dags/example_latest_only.py for tasks to queue
[2026-04-28T17:46:30.457+0000] {logging_mixin.py:188} INFO - [2026-04-28T17:46:30.456+0000] {dagbag.py:540} INFO - Filling up the DagBag from /home/airflow/.local/lib/python3.12/site-packages/airflow/example_dags/example_latest_only.py
[2026-04-28T17:46:30.462+0000] {processor.py:840} INFO - DAG(s) 'latest_only' retrieved from /home/airflow/.local/lib/python3.12/site-packages/airflow/example_dags/example_latest_only.py
[2026-04-28T17:46:30.486+0000] {logging_mixin.py:188} INFO - [2026-04-28T17:46:30.485+0000] {dag.py:3096} INFO - Sync 1 DAGs
[2026-04-28T17:46:30.515+0000] {logging_mixin.py:188} INFO - [2026-04-28T17:46:30.514+0000] {dag.py:3954} INFO - Setting next_dagrun for latest_only to 2026-04-28 12:00:00+00:00, run_after=2026-04-28 16:00:00+00:00
[2026-04-28T17:46:30.534+0000] {processor.py:183} INFO - Processing /home/airflow/.local/lib/python3.12/site-packages/airflow/example_dags/example_latest_only.py took 0.087 seconds
[2026-04-28T17:47:00.731+0000] {processor.py:161} INFO - Started process (PID=2617) to work on /home/airflow/.local/lib/python3.12/site-packages/airflow/example_dags/example_latest_only.py
[2026-04-28T17:47:00.731+0000] {processor.py:830} INFO - Processing file /home/airflow/.local/lib/python3.12/site-packages/airflow/example_dags/example_latest_only.py for tasks to queue
[2026-04-28T17:47:00.733+0000] {logging_mixin.py:188} INFO - [2026-04-28T17:47:00.733+0000] {dagbag.py:540} INFO - Filling up the DagBag from /home/airflow/.local/lib/python3.12/site-packages/airflow/example_dags/example_latest_only.py
[2026-04-28T17:47:00.739+0000] {processor.py:840} INFO - DAG(s) 'latest_only' retrieved from /home/airflow/.local/lib/python3.12/site-packages/airflow/example_dags/example_latest_only.py
[2026-04-28T17:47:00.760+0000] {logging_mixin.py:188} INFO - [2026-04-28T17:47:00.760+0000] {dag.py:3096} INFO - Sync 1 DAGs
[2026-04-28T17:47:00.800+0000] {logging_mixin.py:188} INFO - [2026-04-28T17:47:00.800+0000] {dag.py:3954} INFO - Setting next_dagrun for latest_only to 2026-04-28 12:00:00+00:00, run_after=2026-04-28 16:00:00+00:00
[2026-04-28T17:47:00.828+0000] {processor.py:183} INFO - Processing /home/airflow/.local/lib/python3.12/site-packages/airflow/example_dags/example_latest_only.py took 0.104 seconds
[2026-04-28T17:47:31.475+0000] {processor.py:161} INFO - Started process (PID=2677) to work on /home/airflow/.local/lib/python3.12/site-packages/airflow/example_dags/example_latest_only.py
[2026-04-28T17:47:31.476+0000] {processor.py:830} INFO - Processing file /home/airflow/.local/lib/python3.12/site-packages/airflow/example_dags/example_latest_only.py for tasks to queue
[2026-04-28T17:47:31.481+0000] {logging_mixin.py:188} INFO - [2026-04-28T17:47:31.481+0000] {dagbag.py:540} INFO - Filling up the DagBag from /home/airflow/.local/lib/python3.12/site-packages/airflow/example_dags/example_latest_only.py
[2026-04-28T17:47:31.488+0000] {processor.py:840} INFO - DAG(s) 'latest_only' retrieved from /home/airflow/.local/lib/python3.12/site-packages/airflow/example_dags/example_latest_only.py
[2026-04-28T17:47:31.508+0000] {logging_mixin.py:188} INFO - [2026-04-28T17:47:31.508+0000] {dag.py:3096} INFO - Sync 1 DAGs
[2026-04-28T17:47:31.536+0000] {logging_mixin.py:188} INFO - [2026-04-28T17:47:31.536+0000] {dag.py:3954} INFO - Setting next_dagrun for latest_only to 2026-04-28 12:00:00+00:00, run_after=2026-04-28 16:00:00+00:00
[2026-04-28T17:47:31.556+0000] {processor.py:183} INFO - Processing /home/airflow/.local/lib/python3.12/site-packages/airflow/example_dags/example_latest_only.py took 0.090 seconds
[2026-04-28T17:48:02.123+0000] {processor.py:161} INFO - Started process (PID=2737) to work on /home/airflow/.local/lib/python3.12/site-packages/airflow/example_dags/example_latest_only.py
[2026-04-28T17:48:02.123+0000] {processor.py:830} INFO - Processing file /home/airflow/.local/lib/python3.12/site-packages/airflow/example_dags/example_latest_only.py for tasks to queue
[2026-04-28T17:48:02.125+0000] {logging_mixin.py:188} INFO - [2026-04-28T17:48:02.125+0000] {dagbag.py:540} INFO - Filling up the DagBag from /home/airflow/.local/lib/python3.12/site-packages/airflow/example_dags/example_latest_only.py
[2026-04-28T17:48:02.131+0000] {processor.py:840} INFO - DAG(s) 'latest_only' retrieved from /home/airflow/.local/lib/python3.12/site-packages/airflow/example_dags/example_latest_only.py
[2026-04-28T17:48:02.152+0000] {logging_mixin.py:188} INFO - [2026-04-28T17:48:02.152+0000] {dag.py:3096} INFO - Sync 1 DAGs
[2026-04-28T17:48:02.179+0000] {logging_mixin.py:188} INFO - [2026-04-28T17:48:02.179+0000] {dag.py:3954} INFO - Setting next_dagrun for latest_only to 2026-04-28 12:00:00+00:00, run_after=2026-04-28 16:00:00+00:00
[2026-04-28T17:48:02.218+0000] {processor.py:183} INFO - Processing /home/airflow/.local/lib/python3.12/site-packages/airflow/example_dags/example_latest_only.py took 0.102 seconds
[2026-04-28T17:48:33.070+0000] {processor.py:161} INFO - Started process (PID=2797) to work on /home/airflow/.local/lib/python3.12/site-packages/airflow/example_dags/example_latest_only.py
[2026-04-28T17:48:33.071+0000] {processor.py:830} INFO - Processing file /home/airflow/.local/lib/python3.12/site-packages/airflow/example_dags/example_latest_only.py for tasks to queue
[2026-04-28T17:48:33.072+0000] {logging_mixin.py:188} INFO - [2026-04-28T17:48:33.072+0000] {dagbag.py:540} INFO - Filling up the DagBag from /home/airflow/.local/lib/python3.12/site-packages/airflow/example_dags/example_latest_only.py
[2026-04-28T17:48:33.079+0000] {processor.py:840} INFO - DAG(s) 'latest_only' retrieved from /home/airflow/.local/lib/python3.12/site-packages/airflow/example_dags/example_latest_only.py
[2026-04-28T17:48:33.102+0000] {logging_mixin.py:188} INFO - [2026-04-28T17:48:33.102+0000] {dag.py:3096} INFO - Sync 1 DAGs
[2026-04-28T17:48:33.129+0000] {logging_mixin.py:188} INFO - [2026-04-28T17:48:33.129+0000] {dag.py:3954} INFO - Setting next_dagrun for latest_only to 2026-04-28 12:00:00+00:00, run_after=2026-04-28 16:00:00+00:00
[2026-04-28T17:48:33.149+0000] {processor.py:183} INFO - Processing /home/airflow/.local/lib/python3.12/site-packages/airflow/example_dags/example_latest_only.py took 0.087 seconds
[2026-04-28T17:49:03.786+0000] {processor.py:161} INFO - Started process (PID=2857) to work on /home/airflow/.local/lib/python3.12/site-packages/airflow/example_dags/example_latest_only.py
[2026-04-28T17:49:03.787+0000] {processor.py:830} INFO - Processing file /home/airflow/.local/lib/python3.12/site-packages/airflow/example_dags/example_latest_only.py for tasks to queue
[2026-04-28T17:49:03.792+0000] {logging_mixin.py:188} INFO - [2026-04-28T17:49:03.792+0000] {dagbag.py:540} INFO - Filling up the DagBag from /home/airflow/.local/lib/python3.12/site-packages/airflow/example_dags/example_latest_only.py
[2026-04-28T17:49:03.803+0000] {processor.py:840} INFO - DAG(s) 'latest_only' retrieved from /home/airflow/.local/lib/python3.12/site-packages/airflow/example_dags/example_latest_only.py
[2026-04-28T17:49:03.852+0000] {logging_mixin.py:188} INFO - [2026-04-28T17:49:03.852+0000] {dag.py:3096} INFO - Sync 1 DAGs
[2026-04-28T17:49:03.900+0000] {logging_mixin.py:188} INFO - [2026-04-28T17:49:03.899+0000] {dag.py:3954} INFO - Setting next_dagrun for latest_only to 2026-04-28 12:00:00+00:00, run_after=2026-04-28 16:00:00+00:00
[2026-04-28T17:49:03.940+0000] {processor.py:183} INFO - Processing /home/airflow/.local/lib/python3.12/site-packages/airflow/example_dags/example_latest_only.py took 0.178 seconds
[2026-04-28T17:49:34.118+0000] {processor.py:161} INFO - Started process (PID=2917) to work on /home/airflow/.local/lib/python3.12/site-packages/airflow/example_dags/example_latest_only.py
[2026-04-28T17:49:34.119+0000] {processor.py:830} INFO - Processing file /home/airflow/.local/lib/python3.12/site-packages/airflow/example_dags/example_latest_only.py for tasks to queue
[2026-04-28T17:49:34.121+0000] {logging_mixin.py:188} INFO - [2026-04-28T17:49:34.120+0000] {dagbag.py:540} INFO - Filling up the DagBag from /home/airflow/.local/lib/python3.12/site-packages/airflow/example_dags/example_latest_only.py
[2026-04-28T17:49:34.126+0000] {processor.py:840} INFO - DAG(s) 'latest_only' retrieved from /home/airflow/.local/lib/python3.12/site-packages/airflow/example_dags/example_latest_only.py
[2026-04-28T17:49:34.150+0000] {logging_mixin.py:188} INFO - [2026-04-28T17:49:34.150+0000] {dag.py:3096} INFO - Sync 1 DAGs
[2026-04-28T17:49:34.177+0000] {logging_mixin.py:188} INFO - [2026-04-28T17:49:34.177+0000] {dag.py:3954} INFO - Setting next_dagrun for latest_only to 2026-04-28 12:00:00+00:00, run_after=2026-04-28 16:00:00+00:00
[2026-04-28T17:49:34.196+0000] {processor.py:183} INFO - Processing /home/airflow/.local/lib/python3.12/site-packages/airflow/example_dags/example_latest_only.py took 0.085 seconds
[2026-04-28T17:50:04.777+0000] {processor.py:161} INFO - Started process (PID=2977) to work on /home/airflow/.local/lib/python3.12/site-packages/airflow/example_dags/example_latest_only.py
[2026-04-28T17:50:04.781+0000] {processor.py:830} INFO - Processing file /home/airflow/.local/lib/python3.12/site-packages/airflow/example_dags/example_latest_only.py for tasks to queue
[2026-04-28T17:50:04.783+0000] {logging_mixin.py:188} INFO - [2026-04-28T17:50:04.782+0000] {dagbag.py:540} INFO - Filling up the DagBag from /home/airflow/.local/lib/python3.12/site-packages/airflow/example_dags/example_latest_only.py
[2026-04-28T17:50:04.796+0000] {processor.py:840} INFO - DAG(s) 'latest_only' retrieved from /home/airflow/.local/lib/python3.12/site-packages/airflow/example_dags/example_latest_only.py
[2026-04-28T17:50:04.838+0000] {logging_mixin.py:188} INFO - [2026-04-28T17:50:04.838+0000] {dag.py:3096} INFO - Sync 1 DAGs
[2026-04-28T17:50:04.892+0000] {logging_mixin.py:188} INFO - [2026-04-28T17:50:04.892+0000] {dag.py:3954} INFO - Setting next_dagrun for latest_only to 2026-04-28 12:00:00+00:00, run_after=2026-04-28 16:00:00+00:00
[2026-04-28T17:50:04.926+0000] {processor.py:183} INFO - Processing /home/airflow/.local/lib/python3.12/site-packages/airflow/example_dags/example_latest_only.py took 0.166 seconds
[2026-04-28T17:50:35.449+0000] {processor.py:161} INFO - Started process (PID=3036) to work on /home/airflow/.local/lib/python3.12/site-packages/airflow/example_dags/example_latest_only.py
[2026-04-28T17:50:35.450+0000] {processor.py:830} INFO - Processing file /home/airflow/.local/lib/python3.12/site-packages/airflow/example_dags/example_latest_only.py for tasks to queue
[2026-04-28T17:50:35.451+0000] {logging_mixin.py:188} INFO - [2026-04-28T17:50:35.451+0000] {dagbag.py:540} INFO - Filling up the DagBag from /home/airflow/.local/lib/python3.12/site-packages/airflow/example_dags/example_latest_only.py
[2026-04-28T17:50:35.455+0000] {processor.py:840} INFO - DAG(s) 'latest_only' retrieved from /home/airflow/.local/lib/python3.12/site-packages/airflow/example_dags/example_latest_only.py
[2026-04-28T17:50:35.471+0000] {logging_mixin.py:188} INFO - [2026-04-28T17:50:35.471+0000] {dag.py:3096} INFO - Sync 1 DAGs
[2026-04-28T17:50:35.489+0000] {logging_mixin.py:188} INFO - [2026-04-28T17:50:35.489+0000] {dag.py:3954} INFO - Setting next_dagrun for latest_only to 2026-04-28 12:00:00+00:00, run_after=2026-04-28 16:00:00+00:00
[2026-04-28T17:50:35.504+0000] {processor.py:183} INFO - Processing /home/airflow/.local/lib/python3.12/site-packages/airflow/example_dags/example_latest_only.py took 0.060 seconds
[2026-04-28T17:51:05.728+0000] {processor.py:161} INFO - Started process (PID=3096) to work on /home/airflow/.local/lib/python3.12/site-packages/airflow/example_dags/example_latest_only.py
[2026-04-28T17:51:05.729+0000] {processor.py:830} INFO - Processing file /home/airflow/.local/lib/python3.12/site-packages/airflow/example_dags/example_latest_only.py for tasks to queue
[2026-04-28T17:51:05.731+0000] {logging_mixin.py:188} INFO - [2026-04-28T17:51:05.731+0000] {dagbag.py:540} INFO - Filling up the DagBag from /home/airflow/.local/lib/python3.12/site-packages/airflow/example_dags/example_latest_only.py
[2026-04-28T17:51:05.737+0000] {processor.py:840} INFO - DAG(s) 'latest_only' retrieved from /home/airflow/.local/lib/python3.12/site-packages/airflow/example_dags/example_latest_only.py
[2026-04-28T17:51:05.779+0000] {logging_mixin.py:188} INFO - [2026-04-28T17:51:05.778+0000] {dag.py:3096} INFO - Sync 1 DAGs
[2026-04-28T17:51:05.808+0000] {logging_mixin.py:188} INFO - [2026-04-28T17:51:05.808+0000] {dag.py:3954} INFO - Setting next_dagrun for latest_only to 2026-04-28 12:00:00+00:00, run_after=2026-04-28 16:00:00+00:00
[2026-04-28T17:51:05.827+0000] {processor.py:183} INFO - Processing /home/airflow/.local/lib/python3.12/site-packages/airflow/example_dags/example_latest_only.py took 0.107 seconds
[2026-04-28T17:51:36.410+0000] {processor.py:161} INFO - Started process (PID=3156) to work on /home/airflow/.local/lib/python3.12/site-packages/airflow/example_dags/example_latest_only.py
[2026-04-28T17:51:36.411+0000] {processor.py:830} INFO - Processing file /home/airflow/.local/lib/python3.12/site-packages/airflow/example_dags/example_latest_only.py for tasks to queue
[2026-04-28T17:51:36.414+0000] {logging_mixin.py:188} INFO - [2026-04-28T17:51:36.414+0000] {dagbag.py:540} INFO - Filling up the DagBag from /home/airflow/.local/lib/python3.12/site-packages/airflow/example_dags/example_latest_only.py
[2026-04-28T17:51:36.427+0000] {processor.py:840} INFO - DAG(s) 'latest_only' retrieved from /home/airflow/.local/lib/python3.12/site-packages/airflow/example_dags/example_latest_only.py
[2026-04-28T17:51:36.480+0000] {logging_mixin.py:188} INFO - [2026-04-28T17:51:36.480+0000] {dag.py:3096} INFO - Sync 1 DAGs
[2026-04-28T17:51:36.537+0000] {logging_mixin.py:188} INFO - [2026-04-28T17:51:36.537+0000] {dag.py:3954} INFO - Setting next_dagrun for latest_only to 2026-04-28 12:00:00+00:00, run_after=2026-04-28 16:00:00+00:00
[2026-04-28T17:51:36.584+0000] {processor.py:183} INFO - Processing /home/airflow/.local/lib/python3.12/site-packages/airflow/example_dags/example_latest_only.py took 0.212 seconds
[2026-04-28T17:52:06.992+0000] {processor.py:161} INFO - Started process (PID=3215) to work on /home/airflow/.local/lib/python3.12/site-packages/airflow/example_dags/example_latest_only.py
[2026-04-28T17:52:06.993+0000] {processor.py:830} INFO - Processing file /home/airflow/.local/lib/python3.12/site-packages/airflow/example_dags/example_latest_only.py for tasks to queue
[2026-04-28T17:52:06.995+0000] {logging_mixin.py:188} INFO - [2026-04-28T17:52:06.994+0000] {dagbag.py:540} INFO - Filling up the DagBag from /home/airflow/.local/lib/python3.12/site-packages/airflow/example_dags/example_latest_only.py
[2026-04-28T17:52:07.001+0000] {processor.py:840} INFO - DAG(s) 'latest_only' retrieved from /home/airflow/.local/lib/python3.12/site-packages/airflow/example_dags/example_latest_only.py
[2026-04-28T17:52:07.024+0000] {logging_mixin.py:188} INFO - [2026-04-28T17:52:07.024+0000] {dag.py:3096} INFO - Sync 1 DAGs
[2026-04-28T17:52:07.057+0000] {logging_mixin.py:188} INFO - [2026-04-28T17:52:07.057+0000] {dag.py:3954} INFO - Setting next_dagrun for latest_only to 2026-04-28 12:00:00+00:00, run_after=2026-04-28 16:00:00+00:00
[2026-04-28T17:52:07.096+0000] {processor.py:183} INFO - Processing /home/airflow/.local/lib/python3.12/site-packages/airflow/example_dags/example_latest_only.py took 0.115 seconds
[2026-04-28T17:52:37.986+0000] {processor.py:161} INFO - Started process (PID=3276) to work on /home/airflow/.local/lib/python3.12/site-packages/airflow/example_dags/example_latest_only.py
[2026-04-28T17:52:37.987+0000] {processor.py:830} INFO - Processing file /home/airflow/.local/lib/python3.12/site-packages/airflow/example_dags/example_latest_only.py for tasks to queue
[2026-04-28T17:52:37.989+0000] {logging_mixin.py:188} INFO - [2026-04-28T17:52:37.988+0000] {dagbag.py:540} INFO - Filling up the DagBag from /home/airflow/.local/lib/python3.12/site-packages/airflow/example_dags/example_latest_only.py
[2026-04-28T17:52:37.994+0000] {processor.py:840} INFO - DAG(s) 'latest_only' retrieved from /home/airflow/.local/lib/python3.12/site-packages/airflow/example_dags/example_latest_only.py
[2026-04-28T17:52:38.018+0000] {logging_mixin.py:188} INFO - [2026-04-28T17:52:38.018+0000] {dag.py:3096} INFO - Sync 1 DAGs
[2026-04-28T17:52:38.045+0000] {logging_mixin.py:188} INFO - [2026-04-28T17:52:38.045+0000] {dag.py:3954} INFO - Setting next_dagrun for latest_only to 2026-04-28 12:00:00+00:00, run_after=2026-04-28 16:00:00+00:00
[2026-04-28T17:52:38.064+0000] {processor.py:183} INFO - Processing /home/airflow/.local/lib/python3.12/site-packages/airflow/example_dags/example_latest_only.py took 0.086 seconds
[2026-04-28T17:53:08.333+0000] {processor.py:161} INFO - Started process (PID=3336) to work on /home/airflow/.local/lib/python3.12/site-packages/airflow/example_dags/example_latest_only.py
[2026-04-28T17:53:08.334+0000] {processor.py:830} INFO - Processing file /home/airflow/.local/lib/python3.12/site-packages/airflow/example_dags/example_latest_only.py for tasks to queue
[2026-04-28T17:53:08.335+0000] {logging_mixin.py:188} INFO - [2026-04-28T17:53:08.335+0000] {dagbag.py:540} INFO - Filling up the DagBag from /home/airflow/.local/lib/python3.12/site-packages/airflow/example_dags/example_latest_only.py
[2026-04-28T17:53:08.339+0000] {processor.py:840} INFO - DAG(s) 'latest_only' retrieved from /home/airflow/.local/lib/python3.12/site-packages/airflow/example_dags/example_latest_only.py
[2026-04-28T17:53:08.359+0000] {logging_mixin.py:188} INFO - [2026-04-28T17:53:08.359+0000] {dag.py:3096} INFO - Sync 1 DAGs
[2026-04-28T17:53:08.380+0000] {logging_mixin.py:188} INFO - [2026-04-28T17:53:08.380+0000] {dag.py:3954} INFO - Setting next_dagrun for latest_only to 2026-04-28 12:00:00+00:00, run_after=2026-04-28 16:00:00+00:00
[2026-04-28T17:53:08.394+0000] {processor.py:183} INFO - Processing /home/airflow/.local/lib/python3.12/site-packages/airflow/example_dags/example_latest_only.py took 0.066 seconds
[2026-04-28T17:53:38.738+0000] {processor.py:161} INFO - Started process (PID=3397) to work on /home/airflow/.local/lib/python3.12/site-packages/airflow/example_dags/example_latest_only.py
[2026-04-28T17:53:38.739+0000] {processor.py:830} INFO - Processing file /home/airflow/.local/lib/python3.12/site-packages/airflow/example_dags/example_latest_only.py for tasks to queue
[2026-04-28T17:53:38.741+0000] {logging_mixin.py:188} INFO - [2026-04-28T17:53:38.740+0000] {dagbag.py:540} INFO - Filling up the DagBag from /home/airflow/.local/lib/python3.12/site-packages/airflow/example_dags/example_latest_only.py
[2026-04-28T17:53:38.746+0000] {processor.py:840} INFO - DAG(s) 'latest_only' retrieved from /home/airflow/.local/lib/python3.12/site-packages/airflow/example_dags/example_latest_only.py
[2026-04-28T17:53:38.770+0000] {logging_mixin.py:188} INFO - [2026-04-28T17:53:38.769+0000] {dag.py:3096} INFO - Sync 1 DAGs
[2026-04-28T17:53:38.795+0000] {logging_mixin.py:188} INFO - [2026-04-28T17:53:38.795+0000] {dag.py:3954} INFO - Setting next_dagrun for latest_only to 2026-04-28 12:00:00+00:00, run_after=2026-04-28 16:00:00+00:00
[2026-04-28T17:53:38.814+0000] {processor.py:183} INFO - Processing /home/airflow/.local/lib/python3.12/site-packages/airflow/example_dags/example_latest_only.py took 0.090 seconds
[2026-04-28T17:54:09.061+0000] {processor.py:161} INFO - Started process (PID=3457) to work on /home/airflow/.local/lib/python3.12/site-packages/airflow/example_dags/example_latest_only.py
[2026-04-28T17:54:09.062+0000] {processor.py:830} INFO - Processing file /home/airflow/.local/lib/python3.12/site-packages/airflow/example_dags/example_latest_only.py for tasks to queue
[2026-04-28T17:54:09.064+0000] {logging_mixin.py:188} INFO - [2026-04-28T17:54:09.063+0000] {dagbag.py:540} INFO - Filling up the DagBag from /home/airflow/.local/lib/python3.12/site-packages/airflow/example_dags/example_latest_only.py
[2026-04-28T17:54:09.068+0000] {processor.py:840} INFO - DAG(s) 'latest_only' retrieved from /home/airflow/.local/lib/python3.12/site-packages/airflow/example_dags/example_latest_only.py
[2026-04-28T17:54:09.083+0000] {logging_mixin.py:188} INFO - [2026-04-28T17:54:09.083+0000] {dag.py:3096} INFO - Sync 1 DAGs
[2026-04-28T17:54:09.102+0000] {logging_mixin.py:188} INFO - [2026-04-28T17:54:09.102+0000] {dag.py:3954} INFO - Setting next_dagrun for latest_only to 2026-04-28 12:00:00+00:00, run_after=2026-04-28 16:00:00+00:00
[2026-04-28T17:54:09.116+0000] {processor.py:183} INFO - Processing /home/airflow/.local/lib/python3.12/site-packages/airflow/example_dags/example_latest_only.py took 0.060 seconds
[2026-04-28T17:54:39.416+0000] {processor.py:161} INFO - Started process (PID=3517) to work on /home/airflow/.local/lib/python3.12/site-packages/airflow/example_dags/example_latest_only.py
[2026-04-28T17:54:39.417+0000] {processor.py:830} INFO - Processing file /home/airflow/.local/lib/python3.12/site-packages/airflow/example_dags/example_latest_only.py for tasks to queue
[2026-04-28T17:54:39.418+0000] {logging_mixin.py:188} INFO - [2026-04-28T17:54:39.418+0000] {dagbag.py:540} INFO - Filling up the DagBag from /home/airflow/.local/lib/python3.12/site-packages/airflow/example_dags/example_latest_only.py
[2026-04-28T17:54:39.423+0000] {processor.py:840} INFO - DAG(s) 'latest_only' retrieved from /home/airflow/.local/lib/python3.12/site-packages/airflow/example_dags/example_latest_only.py
[2026-04-28T17:54:39.439+0000] {logging_mixin.py:188} INFO - [2026-04-28T17:54:39.439+0000] {dag.py:3096} INFO - Sync 1 DAGs
[2026-04-28T17:54:39.457+0000] {logging_mixin.py:188} INFO - [2026-04-28T17:54:39.457+0000] {dag.py:3954} INFO - Setting next_dagrun for latest_only to 2026-04-28 12:00:00+00:00, run_after=2026-04-28 16:00:00+00:00
[2026-04-28T17:54:39.472+0000] {processor.py:183} INFO - Processing /home/airflow/.local/lib/python3.12/site-packages/airflow/example_dags/example_latest_only.py took 0.061 seconds
[2026-04-28T17:55:09.715+0000] {processor.py:161} INFO - Started process (PID=3578) to work on /home/airflow/.local/lib/python3.12/site-packages/airflow/example_dags/example_latest_only.py
[2026-04-28T17:55:09.716+0000] {processor.py:830} INFO - Processing file /home/airflow/.local/lib/python3.12/site-packages/airflow/example_dags/example_latest_only.py for tasks to queue
[2026-04-28T17:55:09.719+0000] {logging_mixin.py:188} INFO - [2026-04-28T17:55:09.719+0000] {dagbag.py:540} INFO - Filling up the DagBag from /home/airflow/.local/lib/python3.12/site-packages/airflow/example_dags/example_latest_only.py
[2026-04-28T17:55:09.724+0000] {processor.py:840} INFO - DAG(s) 'latest_only' retrieved from /home/airflow/.local/lib/python3.12/site-packages/airflow/example_dags/example_latest_only.py
[2026-04-28T17:55:09.747+0000] {logging_mixin.py:188} INFO - [2026-04-28T17:55:09.746+0000] {dag.py:3096} INFO - Sync 1 DAGs
[2026-04-28T17:55:09.773+0000] {logging_mixin.py:188} INFO - [2026-04-28T17:55:09.773+0000] {dag.py:3954} INFO - Setting next_dagrun for latest_only to 2026-04-28 12:00:00+00:00, run_after=2026-04-28 16:00:00+00:00
[2026-04-28T17:55:09.792+0000] {processor.py:183} INFO - Processing /home/airflow/.local/lib/python3.12/site-packages/airflow/example_dags/example_latest_only.py took 0.083 seconds
[2026-04-28T17:55:40.361+0000] {processor.py:161} INFO - Started process (PID=3639) to work on /home/airflow/.local/lib/python3.12/site-packages/airflow/example_dags/example_latest_only.py
[2026-04-28T17:55:40.367+0000] {processor.py:830} INFO - Processing file /home/airflow/.local/lib/python3.12/site-packages/airflow/example_dags/example_latest_only.py for tasks to queue
[2026-04-28T17:55:40.371+0000] {logging_mixin.py:188} INFO - [2026-04-28T17:55:40.370+0000] {dagbag.py:540} INFO - Filling up the DagBag from /home/airflow/.local/lib/python3.12/site-packages/airflow/example_dags/example_latest_only.py
[2026-04-28T17:55:40.377+0000] {processor.py:840} INFO - DAG(s) 'latest_only' retrieved from /home/airflow/.local/lib/python3.12/site-packages/airflow/example_dags/example_latest_only.py
[2026-04-28T17:55:40.480+0000] {logging_mixin.py:188} INFO - [2026-04-28T17:55:40.480+0000] {dag.py:3096} INFO - Sync 1 DAGs
[2026-04-28T17:55:40.543+0000] {logging_mixin.py:188} INFO - [2026-04-28T17:55:40.542+0000] {dag.py:3954} INFO - Setting next_dagrun for latest_only to 2026-04-28 12:00:00+00:00, run_after=2026-04-28 16:00:00+00:00
[2026-04-28T17:55:40.592+0000] {processor.py:183} INFO - Processing /home/airflow/.local/lib/python3.12/site-packages/airflow/example_dags/example_latest_only.py took 0.254 seconds
[2026-04-28T17:56:11.507+0000] {processor.py:161} INFO - Started process (PID=3699) to work on /home/airflow/.local/lib/python3.12/site-packages/airflow/example_dags/example_latest_only.py
[2026-04-28T17:56:11.515+0000] {processor.py:830} INFO - Processing file /home/airflow/.local/lib/python3.12/site-packages/airflow/example_dags/example_latest_only.py for tasks to queue
[2026-04-28T17:56:11.520+0000] {logging_mixin.py:188} INFO - [2026-04-28T17:56:11.519+0000] {dagbag.py:540} INFO - Filling up the DagBag from /home/airflow/.local/lib/python3.12/site-packages/airflow/example_dags/example_latest_only.py
[2026-04-28T17:56:11.535+0000] {processor.py:840} INFO - DAG(s) 'latest_only' retrieved from /home/airflow/.local/lib/python3.12/site-packages/airflow/example_dags/example_latest_only.py
[2026-04-28T17:56:11.592+0000] {logging_mixin.py:188} INFO - [2026-04-28T17:56:11.592+0000] {dag.py:3096} INFO - Sync 1 DAGs
[2026-04-28T17:56:11.642+0000] {logging_mixin.py:188} INFO - [2026-04-28T17:56:11.642+0000] {dag.py:3954} INFO - Setting next_dagrun for latest_only to 2026-04-28 12:00:00+00:00, run_after=2026-04-28 16:00:00+00:00
[2026-04-28T17:56:11.689+0000] {processor.py:183} INFO - Processing /home/airflow/.local/lib/python3.12/site-packages/airflow/example_dags/example_latest_only.py took 0.197 seconds
[2026-04-28T17:56:41.984+0000] {processor.py:161} INFO - Started process (PID=3759) to work on /home/airflow/.local/lib/python3.12/site-packages/airflow/example_dags/example_latest_only.py
[2026-04-28T17:56:41.985+0000] {processor.py:830} INFO - Processing file /home/airflow/.local/lib/python3.12/site-packages/airflow/example_dags/example_latest_only.py for tasks to queue
[2026-04-28T17:56:41.986+0000] {logging_mixin.py:188} INFO - [2026-04-28T17:56:41.986+0000] {dagbag.py:540} INFO - Filling up the DagBag from /home/airflow/.local/lib/python3.12/site-packages/airflow/example_dags/example_latest_only.py
[2026-04-28T17:56:41.990+0000] {processor.py:840} INFO - DAG(s) 'latest_only' retrieved from /home/airflow/.local/lib/python3.12/site-packages/airflow/example_dags/example_latest_only.py
[2026-04-28T17:56:42.007+0000] {logging_mixin.py:188} INFO - [2026-04-28T17:56:42.007+0000] {dag.py:3096} INFO - Sync 1 DAGs
[2026-04-28T17:56:42.026+0000] {logging_mixin.py:188} INFO - [2026-04-28T17:56:42.025+0000] {dag.py:3954} INFO - Setting next_dagrun for latest_only to 2026-04-28 12:00:00+00:00, run_after=2026-04-28 16:00:00+00:00
[2026-04-28T17:56:42.040+0000] {processor.py:183} INFO - Processing /home/airflow/.local/lib/python3.12/site-packages/airflow/example_dags/example_latest_only.py took 0.061 seconds
[2026-04-28T17:57:12.301+0000] {processor.py:161} INFO - Started process (PID=3819) to work on /home/airflow/.local/lib/python3.12/site-packages/airflow/example_dags/example_latest_only.py
[2026-04-28T17:57:12.301+0000] {processor.py:830} INFO - Processing file /home/airflow/.local/lib/python3.12/site-packages/airflow/example_dags/example_latest_only.py for tasks to queue
[2026-04-28T17:57:12.303+0000] {logging_mixin.py:188} INFO - [2026-04-28T17:57:12.302+0000] {dagbag.py:540} INFO - Filling up the DagBag from /home/airflow/.local/lib/python3.12/site-packages/airflow/example_dags/example_latest_only.py
[2026-04-28T17:57:12.307+0000] {processor.py:840} INFO - DAG(s) 'latest_only' retrieved from /home/airflow/.local/lib/python3.12/site-packages/airflow/example_dags/example_latest_only.py
[2026-04-28T17:57:12.328+0000] {logging_mixin.py:188} INFO - [2026-04-28T17:57:12.327+0000] {dag.py:3096} INFO - Sync 1 DAGs
[2026-04-28T17:57:12.348+0000] {logging_mixin.py:188} INFO - [2026-04-28T17:57:12.347+0000] {dag.py:3954} INFO - Setting next_dagrun for latest_only to 2026-04-28 12:00:00+00:00, run_after=2026-04-28 16:00:00+00:00
[2026-04-28T17:57:12.363+0000] {processor.py:183} INFO - Processing /home/airflow/.local/lib/python3.12/site-packages/airflow/example_dags/example_latest_only.py took 0.067 seconds
[2026-04-28T17:57:43.265+0000] {processor.py:161} INFO - Started process (PID=3879) to work on /home/airflow/.local/lib/python3.12/site-packages/airflow/example_dags/example_latest_only.py
[2026-04-28T17:57:43.266+0000] {processor.py:830} INFO - Processing file /home/airflow/.local/lib/python3.12/site-packages/airflow/example_dags/example_latest_only.py for tasks to queue
[2026-04-28T17:57:43.268+0000] {logging_mixin.py:188} INFO - [2026-04-28T17:57:43.268+0000] {dagbag.py:540} INFO - Filling up the DagBag from /home/airflow/.local/lib/python3.12/site-packages/airflow/example_dags/example_latest_only.py
[2026-04-28T17:57:43.274+0000] {processor.py:840} INFO - DAG(s) 'latest_only' retrieved from /home/airflow/.local/lib/python3.12/site-packages/airflow/example_dags/example_latest_only.py
[2026-04-28T17:57:43.305+0000] {logging_mixin.py:188} INFO - [2026-04-28T17:57:43.304+0000] {dag.py:3096} INFO - Sync 1 DAGs
[2026-04-28T17:57:43.338+0000] {logging_mixin.py:188} INFO - [2026-04-28T17:57:43.337+0000] {dag.py:3954} INFO - Setting next_dagrun for latest_only to 2026-04-28 12:00:00+00:00, run_after=2026-04-28 16:00:00+00:00
[2026-04-28T17:57:43.357+0000] {processor.py:183} INFO - Processing /home/airflow/.local/lib/python3.12/site-packages/airflow/example_dags/example_latest_only.py took 0.099 seconds
[2026-04-28T17:58:14.161+0000] {processor.py:161} INFO - Started process (PID=3939) to work on /home/airflow/.local/lib/python3.12/site-packages/airflow/example_dags/example_latest_only.py
[2026-04-28T17:58:14.162+0000] {processor.py:830} INFO - Processing file /home/airflow/.local/lib/python3.12/site-packages/airflow/example_dags/example_latest_only.py for tasks to queue
[2026-04-28T17:58:14.164+0000] {logging_mixin.py:188} INFO - [2026-04-28T17:58:14.163+0000] {dagbag.py:540} INFO - Filling up the DagBag from /home/airflow/.local/lib/python3.12/site-packages/airflow/example_dags/example_latest_only.py
[2026-04-28T17:58:14.169+0000] {processor.py:840} INFO - DAG(s) 'latest_only' retrieved from /home/airflow/.local/lib/python3.12/site-packages/airflow/example_dags/example_latest_only.py
[2026-04-28T17:58:14.200+0000] {logging_mixin.py:188} INFO - [2026-04-28T17:58:14.200+0000] {dag.py:3096} INFO - Sync 1 DAGs
[2026-04-28T17:58:14.228+0000] {logging_mixin.py:188} INFO - [2026-04-28T17:58:14.227+0000] {dag.py:3954} INFO - Setting next_dagrun for latest_only to 2026-04-28 12:00:00+00:00, run_after=2026-04-28 16:00:00+00:00
[2026-04-28T17:58:14.258+0000] {processor.py:183} INFO - Processing /home/airflow/.local/lib/python3.12/site-packages/airflow/example_dags/example_latest_only.py took 0.111 seconds
[2026-04-28T17:58:45.248+0000] {processor.py:161} INFO - Started process (PID=3999) to work on /home/airflow/.local/lib/python3.12/site-packages/airflow/example_dags/example_latest_only.py
[2026-04-28T17:58:45.249+0000] {processor.py:830} INFO - Processing file /home/airflow/.local/lib/python3.12/site-packages/airflow/example_dags/example_latest_only.py for tasks to queue
[2026-04-28T17:58:45.251+0000] {logging_mixin.py:188} INFO - [2026-04-28T17:58:45.251+0000] {dagbag.py:540} INFO - Filling up the DagBag from /home/airflow/.local/lib/python3.12/site-packages/airflow/example_dags/example_latest_only.py
[2026-04-28T17:58:45.269+0000] {processor.py:840} INFO - DAG(s) 'latest_only' retrieved from /home/airflow/.local/lib/python3.12/site-packages/airflow/example_dags/example_latest_only.py
[2026-04-28T17:58:45.328+0000] {logging_mixin.py:188} INFO - [2026-04-28T17:58:45.328+0000] {dag.py:3096} INFO - Sync 1 DAGs
[2026-04-28T17:58:45.378+0000] {logging_mixin.py:188} INFO - [2026-04-28T17:58:45.378+0000] {dag.py:3954} INFO - Setting next_dagrun for latest_only to 2026-04-28 12:00:00+00:00, run_after=2026-04-28 16:00:00+00:00
[2026-04-28T17:58:45.398+0000] {processor.py:183} INFO - Processing /home/airflow/.local/lib/python3.12/site-packages/airflow/example_dags/example_latest_only.py took 0.157 seconds
[2026-04-28T18:01:09.951+0000] {processor.py:161} INFO - Started process (PID=102) to work on /home/airflow/.local/lib/python3.12/site-packages/airflow/example_dags/example_latest_only.py
[2026-04-28T18:01:09.955+0000] {processor.py:830} INFO - Processing file /home/airflow/.local/lib/python3.12/site-packages/airflow/example_dags/example_latest_only.py for tasks to queue
[2026-04-28T18:01:09.958+0000] {logging_mixin.py:188} INFO - [2026-04-28T18:01:09.958+0000] {dagbag.py:540} INFO - Filling up the DagBag from /home/airflow/.local/lib/python3.12/site-packages/airflow/example_dags/example_latest_only.py
[2026-04-28T18:01:09.966+0000] {processor.py:840} INFO - DAG(s) 'latest_only' retrieved from /home/airflow/.local/lib/python3.12/site-packages/airflow/example_dags/example_latest_only.py
[2026-04-28T18:01:10.248+0000] {logging_mixin.py:188} INFO - [2026-04-28T18:01:10.248+0000] {dag.py:3096} INFO - Sync 1 DAGs
[2026-04-28T18:01:10.348+0000] {logging_mixin.py:188} INFO - [2026-04-28T18:01:10.348+0000] {dag.py:3954} INFO - Setting next_dagrun for latest_only to 2026-04-28 12:00:00+00:00, run_after=2026-04-28 16:00:00+00:00
[2026-04-28T18:01:10.437+0000] {processor.py:183} INFO - Processing /home/airflow/.local/lib/python3.12/site-packages/airflow/example_dags/example_latest_only.py took 0.503 seconds
[2026-04-28T18:01:41.059+0000] {processor.py:161} INFO - Started process (PID=163) to work on /home/airflow/.local/lib/python3.12/site-packages/airflow/example_dags/example_latest_only.py
[2026-04-28T18:01:41.065+0000] {processor.py:830} INFO - Processing file /home/airflow/.local/lib/python3.12/site-packages/airflow/example_dags/example_latest_only.py for tasks to queue
[2026-04-28T18:01:41.076+0000] {logging_mixin.py:188} INFO - [2026-04-28T18:01:41.076+0000] {dagbag.py:540} INFO - Filling up the DagBag from /home/airflow/.local/lib/python3.12/site-packages/airflow/example_dags/example_latest_only.py
[2026-04-28T18:01:41.103+0000] {processor.py:840} INFO - DAG(s) 'latest_only' retrieved from /home/airflow/.local/lib/python3.12/site-packages/airflow/example_dags/example_latest_only.py
[2026-04-28T18:01:41.254+0000] {logging_mixin.py:188} INFO - [2026-04-28T18:01:41.248+0000] {dag.py:3096} INFO - Sync 1 DAGs
[2026-04-28T18:01:41.581+0000] {logging_mixin.py:188} INFO - [2026-04-28T18:01:41.580+0000] {dag.py:3954} INFO - Setting next_dagrun for latest_only to 2026-04-28 12:00:00+00:00, run_after=2026-04-28 16:00:00+00:00
[2026-04-28T18:01:41.789+0000] {processor.py:183} INFO - Processing /home/airflow/.local/lib/python3.12/site-packages/airflow/example_dags/example_latest_only.py took 0.739 seconds
[2026-04-28T18:02:12.570+0000] {processor.py:161} INFO - Started process (PID=223) to work on /home/airflow/.local/lib/python3.12/site-packages/airflow/example_dags/example_latest_only.py
[2026-04-28T18:02:12.572+0000] {processor.py:830} INFO - Processing file /home/airflow/.local/lib/python3.12/site-packages/airflow/example_dags/example_latest_only.py for tasks to queue
[2026-04-28T18:02:12.577+0000] {logging_mixin.py:188} INFO - [2026-04-28T18:02:12.577+0000] {dagbag.py:540} INFO - Filling up the DagBag from /home/airflow/.local/lib/python3.12/site-packages/airflow/example_dags/example_latest_only.py
[2026-04-28T18:02:12.602+0000] {processor.py:840} INFO - DAG(s) 'latest_only' retrieved from /home/airflow/.local/lib/python3.12/site-packages/airflow/example_dags/example_latest_only.py
[2026-04-28T18:02:12.662+0000] {logging_mixin.py:188} INFO - [2026-04-28T18:02:12.661+0000] {dag.py:3096} INFO - Sync 1 DAGs
[2026-04-28T18:02:12.786+0000] {logging_mixin.py:188} INFO - [2026-04-28T18:02:12.785+0000] {dag.py:3954} INFO - Setting next_dagrun for latest_only to 2026-04-28 12:00:00+00:00, run_after=2026-04-28 16:00:00+00:00
[2026-04-28T18:02:12.903+0000] {processor.py:183} INFO - Processing /home/airflow/.local/lib/python3.12/site-packages/airflow/example_dags/example_latest_only.py took 0.363 seconds
[2026-04-28T18:02:43.589+0000] {processor.py:161} INFO - Started process (PID=283) to work on /home/airflow/.local/lib/python3.12/site-packages/airflow/example_dags/example_latest_only.py
[2026-04-28T18:02:43.590+0000] {processor.py:830} INFO - Processing file /home/airflow/.local/lib/python3.12/site-packages/airflow/example_dags/example_latest_only.py for tasks to queue
[2026-04-28T18:02:43.592+0000] {logging_mixin.py:188} INFO - [2026-04-28T18:02:43.592+0000] {dagbag.py:540} INFO - Filling up the DagBag from /home/airflow/.local/lib/python3.12/site-packages/airflow/example_dags/example_latest_only.py
[2026-04-28T18:02:43.597+0000] {processor.py:840} INFO - DAG(s) 'latest_only' retrieved from /home/airflow/.local/lib/python3.12/site-packages/airflow/example_dags/example_latest_only.py
[2026-04-28T18:02:43.748+0000] {logging_mixin.py:188} INFO - [2026-04-28T18:02:43.748+0000] {dag.py:3096} INFO - Sync 1 DAGs
[2026-04-28T18:02:43.773+0000] {logging_mixin.py:188} INFO - [2026-04-28T18:02:43.773+0000] {dag.py:3954} INFO - Setting next_dagrun for latest_only to 2026-04-28 12:00:00+00:00, run_after=2026-04-28 16:00:00+00:00
[2026-04-28T18:02:43.880+0000] {processor.py:183} INFO - Processing /home/airflow/.local/lib/python3.12/site-packages/airflow/example_dags/example_latest_only.py took 0.298 seconds
[2026-04-28T18:03:14.043+0000] {processor.py:161} INFO - Started process (PID=343) to work on /home/airflow/.local/lib/python3.12/site-packages/airflow/example_dags/example_latest_only.py
[2026-04-28T18:03:14.044+0000] {processor.py:830} INFO - Processing file /home/airflow/.local/lib/python3.12/site-packages/airflow/example_dags/example_latest_only.py for tasks to queue
[2026-04-28T18:03:14.046+0000] {logging_mixin.py:188} INFO - [2026-04-28T18:03:14.045+0000] {dagbag.py:540} INFO - Filling up the DagBag from /home/airflow/.local/lib/python3.12/site-packages/airflow/example_dags/example_latest_only.py
[2026-04-28T18:03:14.051+0000] {processor.py:840} INFO - DAG(s) 'latest_only' retrieved from /home/airflow/.local/lib/python3.12/site-packages/airflow/example_dags/example_latest_only.py
[2026-04-28T18:03:14.074+0000] {logging_mixin.py:188} INFO - [2026-04-28T18:03:14.074+0000] {dag.py:3096} INFO - Sync 1 DAGs
[2026-04-28T18:03:14.101+0000] {logging_mixin.py:188} INFO - [2026-04-28T18:03:14.101+0000] {dag.py:3954} INFO - Setting next_dagrun for latest_only to 2026-04-28 12:00:00+00:00, run_after=2026-04-28 16:00:00+00:00
[2026-04-28T18:03:14.120+0000] {processor.py:183} INFO - Processing /home/airflow/.local/lib/python3.12/site-packages/airflow/example_dags/example_latest_only.py took 0.084 seconds
[2026-04-28T18:03:44.948+0000] {processor.py:161} INFO - Started process (PID=403) to work on /home/airflow/.local/lib/python3.12/site-packages/airflow/example_dags/example_latest_only.py
[2026-04-28T18:03:44.948+0000] {processor.py:830} INFO - Processing file /home/airflow/.local/lib/python3.12/site-packages/airflow/example_dags/example_latest_only.py for tasks to queue
[2026-04-28T18:03:44.950+0000] {logging_mixin.py:188} INFO - [2026-04-28T18:03:44.950+0000] {dagbag.py:540} INFO - Filling up the DagBag from /home/airflow/.local/lib/python3.12/site-packages/airflow/example_dags/example_latest_only.py
[2026-04-28T18:03:44.956+0000] {processor.py:840} INFO - DAG(s) 'latest_only' retrieved from /home/airflow/.local/lib/python3.12/site-packages/airflow/example_dags/example_latest_only.py
[2026-04-28T18:03:44.980+0000] {logging_mixin.py:188} INFO - [2026-04-28T18:03:44.979+0000] {dag.py:3096} INFO - Sync 1 DAGs
[2026-04-28T18:03:45.006+0000] {logging_mixin.py:188} INFO - [2026-04-28T18:03:45.006+0000] {dag.py:3954} INFO - Setting next_dagrun for latest_only to 2026-04-28 12:00:00+00:00, run_after=2026-04-28 16:00:00+00:00
[2026-04-28T18:03:45.029+0000] {processor.py:183} INFO - Processing /home/airflow/.local/lib/python3.12/site-packages/airflow/example_dags/example_latest_only.py took 0.087 seconds
[2026-04-28T18:04:15.661+0000] {processor.py:161} INFO - Started process (PID=463) to work on /home/airflow/.local/lib/python3.12/site-packages/airflow/example_dags/example_latest_only.py
[2026-04-28T18:04:15.662+0000] {processor.py:830} INFO - Processing file /home/airflow/.local/lib/python3.12/site-packages/airflow/example_dags/example_latest_only.py for tasks to queue
[2026-04-28T18:04:15.664+0000] {logging_mixin.py:188} INFO - [2026-04-28T18:04:15.663+0000] {dagbag.py:540} INFO - Filling up the DagBag from /home/airflow/.local/lib/python3.12/site-packages/airflow/example_dags/example_latest_only.py
[2026-04-28T18:04:15.669+0000] {processor.py:840} INFO - DAG(s) 'latest_only' retrieved from /home/airflow/.local/lib/python3.12/site-packages/airflow/example_dags/example_latest_only.py
[2026-04-28T18:04:15.693+0000] {logging_mixin.py:188} INFO - [2026-04-28T18:04:15.693+0000] {dag.py:3096} INFO - Sync 1 DAGs
[2026-04-28T18:04:15.723+0000] {logging_mixin.py:188} INFO - [2026-04-28T18:04:15.723+0000] {dag.py:3954} INFO - Setting next_dagrun for latest_only to 2026-04-28 12:00:00+00:00, run_after=2026-04-28 16:00:00+00:00
[2026-04-28T18:04:15.746+0000] {processor.py:183} INFO - Processing /home/airflow/.local/lib/python3.12/site-packages/airflow/example_dags/example_latest_only.py took 0.092 seconds
[2026-04-28T18:04:46.088+0000] {processor.py:161} INFO - Started process (PID=523) to work on /home/airflow/.local/lib/python3.12/site-packages/airflow/example_dags/example_latest_only.py
[2026-04-28T18:04:46.089+0000] {processor.py:830} INFO - Processing file /home/airflow/.local/lib/python3.12/site-packages/airflow/example_dags/example_latest_only.py for tasks to queue
[2026-04-28T18:04:46.091+0000] {logging_mixin.py:188} INFO - [2026-04-28T18:04:46.090+0000] {dagbag.py:540} INFO - Filling up the DagBag from /home/airflow/.local/lib/python3.12/site-packages/airflow/example_dags/example_latest_only.py
[2026-04-28T18:04:46.096+0000] {processor.py:840} INFO - DAG(s) 'latest_only' retrieved from /home/airflow/.local/lib/python3.12/site-packages/airflow/example_dags/example_latest_only.py
[2026-04-28T18:04:46.117+0000] {logging_mixin.py:188} INFO - [2026-04-28T18:04:46.117+0000] {dag.py:3096} INFO - Sync 1 DAGs
[2026-04-28T18:04:46.159+0000] {logging_mixin.py:188} INFO - [2026-04-28T18:04:46.158+0000] {dag.py:3954} INFO - Setting next_dagrun for latest_only to 2026-04-28 12:00:00+00:00, run_after=2026-04-28 16:00:00+00:00
[2026-04-28T18:04:46.185+0000] {processor.py:183} INFO - Processing /home/airflow/.local/lib/python3.12/site-packages/airflow/example_dags/example_latest_only.py took 0.103 seconds
[2026-04-28T18:05:17.099+0000] {processor.py:161} INFO - Started process (PID=589) to work on /home/airflow/.local/lib/python3.12/site-packages/airflow/example_dags/example_latest_only.py
[2026-04-28T18:05:17.101+0000] {processor.py:830} INFO - Processing file /home/airflow/.local/lib/python3.12/site-packages/airflow/example_dags/example_latest_only.py for tasks to queue
[2026-04-28T18:05:17.103+0000] {logging_mixin.py:188} INFO - [2026-04-28T18:05:17.102+0000] {dagbag.py:540} INFO - Filling up the DagBag from /home/airflow/.local/lib/python3.12/site-packages/airflow/example_dags/example_latest_only.py
[2026-04-28T18:05:17.108+0000] {processor.py:840} INFO - DAG(s) 'latest_only' retrieved from /home/airflow/.local/lib/python3.12/site-packages/airflow/example_dags/example_latest_only.py
[2026-04-28T18:05:17.131+0000] {logging_mixin.py:188} INFO - [2026-04-28T18:05:17.131+0000] {dag.py:3096} INFO - Sync 1 DAGs
[2026-04-28T18:05:17.158+0000] {logging_mixin.py:188} INFO - [2026-04-28T18:05:17.157+0000] {dag.py:3954} INFO - Setting next_dagrun for latest_only to 2026-04-28 12:00:00+00:00, run_after=2026-04-28 16:00:00+00:00
[2026-04-28T18:05:17.181+0000] {processor.py:183} INFO - Processing /home/airflow/.local/lib/python3.12/site-packages/airflow/example_dags/example_latest_only.py took 0.088 seconds
[2026-04-28T18:05:47.763+0000] {processor.py:161} INFO - Started process (PID=650) to work on /home/airflow/.local/lib/python3.12/site-packages/airflow/example_dags/example_latest_only.py
[2026-04-28T18:05:47.763+0000] {processor.py:830} INFO - Processing file /home/airflow/.local/lib/python3.12/site-packages/airflow/example_dags/example_latest_only.py for tasks to queue
[2026-04-28T18:05:47.765+0000] {logging_mixin.py:188} INFO - [2026-04-28T18:05:47.765+0000] {dagbag.py:540} INFO - Filling up the DagBag from /home/airflow/.local/lib/python3.12/site-packages/airflow/example_dags/example_latest_only.py
[2026-04-28T18:05:47.771+0000] {processor.py:840} INFO - DAG(s) 'latest_only' retrieved from /home/airflow/.local/lib/python3.12/site-packages/airflow/example_dags/example_latest_only.py
[2026-04-28T18:05:47.794+0000] {logging_mixin.py:188} INFO - [2026-04-28T18:05:47.793+0000] {dag.py:3096} INFO - Sync 1 DAGs
[2026-04-28T18:05:47.820+0000] {logging_mixin.py:188} INFO - [2026-04-28T18:05:47.820+0000] {dag.py:3954} INFO - Setting next_dagrun for latest_only to 2026-04-28 12:00:00+00:00, run_after=2026-04-28 16:00:00+00:00
[2026-04-28T18:05:47.845+0000] {processor.py:183} INFO - Processing /home/airflow/.local/lib/python3.12/site-packages/airflow/example_dags/example_latest_only.py took 0.089 seconds
[2026-04-28T18:06:18.376+0000] {processor.py:161} INFO - Started process (PID=710) to work on /home/airflow/.local/lib/python3.12/site-packages/airflow/example_dags/example_latest_only.py
[2026-04-28T18:06:18.377+0000] {processor.py:830} INFO - Processing file /home/airflow/.local/lib/python3.12/site-packages/airflow/example_dags/example_latest_only.py for tasks to queue
[2026-04-28T18:06:18.379+0000] {logging_mixin.py:188} INFO - [2026-04-28T18:06:18.379+0000] {dagbag.py:540} INFO - Filling up the DagBag from /home/airflow/.local/lib/python3.12/site-packages/airflow/example_dags/example_latest_only.py
[2026-04-28T18:06:18.385+0000] {processor.py:840} INFO - DAG(s) 'latest_only' retrieved from /home/airflow/.local/lib/python3.12/site-packages/airflow/example_dags/example_latest_only.py
[2026-04-28T18:06:18.411+0000] {logging_mixin.py:188} INFO - [2026-04-28T18:06:18.410+0000] {dag.py:3096} INFO - Sync 1 DAGs
[2026-04-28T18:06:18.439+0000] {logging_mixin.py:188} INFO - [2026-04-28T18:06:18.439+0000] {dag.py:3954} INFO - Setting next_dagrun for latest_only to 2026-04-28 12:00:00+00:00, run_after=2026-04-28 16:00:00+00:00
[2026-04-28T18:06:18.460+0000] {processor.py:183} INFO - Processing /home/airflow/.local/lib/python3.12/site-packages/airflow/example_dags/example_latest_only.py took 0.090 seconds
[2026-04-28T18:06:48.799+0000] {processor.py:161} INFO - Started process (PID=770) to work on /home/airflow/.local/lib/python3.12/site-packages/airflow/example_dags/example_latest_only.py
[2026-04-28T18:06:48.801+0000] {processor.py:830} INFO - Processing file /home/airflow/.local/lib/python3.12/site-packages/airflow/example_dags/example_latest_only.py for tasks to queue
[2026-04-28T18:06:48.807+0000] {logging_mixin.py:188} INFO - [2026-04-28T18:06:48.807+0000] {dagbag.py:540} INFO - Filling up the DagBag from /home/airflow/.local/lib/python3.12/site-packages/airflow/example_dags/example_latest_only.py
[2026-04-28T18:06:48.830+0000] {processor.py:840} INFO - DAG(s) 'latest_only' retrieved from /home/airflow/.local/lib/python3.12/site-packages/airflow/example_dags/example_latest_only.py
[2026-04-28T18:06:48.914+0000] {logging_mixin.py:188} INFO - [2026-04-28T18:06:48.914+0000] {dag.py:3096} INFO - Sync 1 DAGs
[2026-04-28T18:06:49.015+0000] {logging_mixin.py:188} INFO - [2026-04-28T18:06:49.015+0000] {dag.py:3954} INFO - Setting next_dagrun for latest_only to 2026-04-28 12:00:00+00:00, run_after=2026-04-28 16:00:00+00:00
[2026-04-28T18:06:49.107+0000] {processor.py:183} INFO - Processing /home/airflow/.local/lib/python3.12/site-packages/airflow/example_dags/example_latest_only.py took 0.327 seconds
[2026-04-28T18:07:20.026+0000] {processor.py:161} INFO - Started process (PID=830) to work on /home/airflow/.local/lib/python3.12/site-packages/airflow/example_dags/example_latest_only.py
[2026-04-28T18:07:20.029+0000] {processor.py:830} INFO - Processing file /home/airflow/.local/lib/python3.12/site-packages/airflow/example_dags/example_latest_only.py for tasks to queue
[2026-04-28T18:07:20.033+0000] {logging_mixin.py:188} INFO - [2026-04-28T18:07:20.030+0000] {dagbag.py:540} INFO - Filling up the DagBag from /home/airflow/.local/lib/python3.12/site-packages/airflow/example_dags/example_latest_only.py
[2026-04-28T18:07:20.046+0000] {processor.py:840} INFO - DAG(s) 'latest_only' retrieved from /home/airflow/.local/lib/python3.12/site-packages/airflow/example_dags/example_latest_only.py
[2026-04-28T18:07:20.086+0000] {logging_mixin.py:188} INFO - [2026-04-28T18:07:20.086+0000] {dag.py:3096} INFO - Sync 1 DAGs
[2026-04-28T18:07:20.114+0000] {logging_mixin.py:188} INFO - [2026-04-28T18:07:20.114+0000] {dag.py:3954} INFO - Setting next_dagrun for latest_only to 2026-04-28 12:00:00+00:00, run_after=2026-04-28 16:00:00+00:00
[2026-04-28T18:07:20.134+0000] {processor.py:183} INFO - Processing /home/airflow/.local/lib/python3.12/site-packages/airflow/example_dags/example_latest_only.py took 0.120 seconds
[2026-04-28T18:07:50.588+0000] {processor.py:161} INFO - Started process (PID=890) to work on /home/airflow/.local/lib/python3.12/site-packages/airflow/example_dags/example_latest_only.py
[2026-04-28T18:07:50.589+0000] {processor.py:830} INFO - Processing file /home/airflow/.local/lib/python3.12/site-packages/airflow/example_dags/example_latest_only.py for tasks to queue
[2026-04-28T18:07:50.591+0000] {logging_mixin.py:188} INFO - [2026-04-28T18:07:50.590+0000] {dagbag.py:540} INFO - Filling up the DagBag from /home/airflow/.local/lib/python3.12/site-packages/airflow/example_dags/example_latest_only.py
[2026-04-28T18:07:50.596+0000] {processor.py:840} INFO - DAG(s) 'latest_only' retrieved from /home/airflow/.local/lib/python3.12/site-packages/airflow/example_dags/example_latest_only.py
[2026-04-28T18:07:50.620+0000] {logging_mixin.py:188} INFO - [2026-04-28T18:07:50.620+0000] {dag.py:3096} INFO - Sync 1 DAGs
[2026-04-28T18:07:50.676+0000] {logging_mixin.py:188} INFO - [2026-04-28T18:07:50.676+0000] {dag.py:3954} INFO - Setting next_dagrun for latest_only to 2026-04-28 12:00:00+00:00, run_after=2026-04-28 16:00:00+00:00
[2026-04-28T18:07:50.719+0000] {processor.py:183} INFO - Processing /home/airflow/.local/lib/python3.12/site-packages/airflow/example_dags/example_latest_only.py took 0.137 seconds
[2026-04-28T18:08:21.228+0000] {processor.py:161} INFO - Started process (PID=950) to work on /home/airflow/.local/lib/python3.12/site-packages/airflow/example_dags/example_latest_only.py
[2026-04-28T18:08:21.228+0000] {processor.py:830} INFO - Processing file /home/airflow/.local/lib/python3.12/site-packages/airflow/example_dags/example_latest_only.py for tasks to queue
[2026-04-28T18:08:21.230+0000] {logging_mixin.py:188} INFO - [2026-04-28T18:08:21.230+0000] {dagbag.py:540} INFO - Filling up the DagBag from /home/airflow/.local/lib/python3.12/site-packages/airflow/example_dags/example_latest_only.py
[2026-04-28T18:08:21.236+0000] {processor.py:840} INFO - DAG(s) 'latest_only' retrieved from /home/airflow/.local/lib/python3.12/site-packages/airflow/example_dags/example_latest_only.py
[2026-04-28T18:08:21.259+0000] {logging_mixin.py:188} INFO - [2026-04-28T18:08:21.259+0000] {dag.py:3096} INFO - Sync 1 DAGs
[2026-04-28T18:08:21.286+0000] {logging_mixin.py:188} INFO - [2026-04-28T18:08:21.286+0000] {dag.py:3954} INFO - Setting next_dagrun for latest_only to 2026-04-28 12:00:00+00:00, run_after=2026-04-28 16:00:00+00:00
[2026-04-28T18:08:21.473+0000] {processor.py:183} INFO - Processing /home/airflow/.local/lib/python3.12/site-packages/airflow/example_dags/example_latest_only.py took 0.254 seconds
[2026-04-28T18:08:52.421+0000] {processor.py:161} INFO - Started process (PID=1010) to work on /home/airflow/.local/lib/python3.12/site-packages/airflow/example_dags/example_latest_only.py
[2026-04-28T18:08:52.422+0000] {processor.py:830} INFO - Processing file /home/airflow/.local/lib/python3.12/site-packages/airflow/example_dags/example_latest_only.py for tasks to queue
[2026-04-28T18:08:52.424+0000] {logging_mixin.py:188} INFO - [2026-04-28T18:08:52.424+0000] {dagbag.py:540} INFO - Filling up the DagBag from /home/airflow/.local/lib/python3.12/site-packages/airflow/example_dags/example_latest_only.py
[2026-04-28T18:08:52.429+0000] {processor.py:840} INFO - DAG(s) 'latest_only' retrieved from /home/airflow/.local/lib/python3.12/site-packages/airflow/example_dags/example_latest_only.py
[2026-04-28T18:08:52.452+0000] {logging_mixin.py:188} INFO - [2026-04-28T18:08:52.452+0000] {dag.py:3096} INFO - Sync 1 DAGs
[2026-04-28T18:08:52.498+0000] {logging_mixin.py:188} INFO - [2026-04-28T18:08:52.498+0000] {dag.py:3954} INFO - Setting next_dagrun for latest_only to 2026-04-28 12:00:00+00:00, run_after=2026-04-28 16:00:00+00:00
[2026-04-28T18:08:52.523+0000] {processor.py:183} INFO - Processing /home/airflow/.local/lib/python3.12/site-packages/airflow/example_dags/example_latest_only.py took 0.108 seconds
[2026-04-28T18:09:22.735+0000] {processor.py:161} INFO - Started process (PID=1070) to work on /home/airflow/.local/lib/python3.12/site-packages/airflow/example_dags/example_latest_only.py
[2026-04-28T18:09:22.736+0000] {processor.py:830} INFO - Processing file /home/airflow/.local/lib/python3.12/site-packages/airflow/example_dags/example_latest_only.py for tasks to queue
[2026-04-28T18:09:22.738+0000] {logging_mixin.py:188} INFO - [2026-04-28T18:09:22.738+0000] {dagbag.py:540} INFO - Filling up the DagBag from /home/airflow/.local/lib/python3.12/site-packages/airflow/example_dags/example_latest_only.py
[2026-04-28T18:09:22.743+0000] {processor.py:840} INFO - DAG(s) 'latest_only' retrieved from /home/airflow/.local/lib/python3.12/site-packages/airflow/example_dags/example_latest_only.py
[2026-04-28T18:09:22.774+0000] {logging_mixin.py:188} INFO - [2026-04-28T18:09:22.774+0000] {dag.py:3096} INFO - Sync 1 DAGs
[2026-04-28T18:09:22.885+0000] {logging_mixin.py:188} INFO - [2026-04-28T18:09:22.885+0000] {dag.py:3954} INFO - Setting next_dagrun for latest_only to 2026-04-28 12:00:00+00:00, run_after=2026-04-28 16:00:00+00:00
[2026-04-28T18:09:22.938+0000] {processor.py:183} INFO - Processing /home/airflow/.local/lib/python3.12/site-packages/airflow/example_dags/example_latest_only.py took 0.208 seconds
[2026-04-28T18:09:53.435+0000] {processor.py:161} INFO - Started process (PID=1130) to work on /home/airflow/.local/lib/python3.12/site-packages/airflow/example_dags/example_latest_only.py
[2026-04-28T18:09:53.435+0000] {processor.py:830} INFO - Processing file /home/airflow/.local/lib/python3.12/site-packages/airflow/example_dags/example_latest_only.py for tasks to queue
[2026-04-28T18:09:53.437+0000] {logging_mixin.py:188} INFO - [2026-04-28T18:09:53.437+0000] {dagbag.py:540} INFO - Filling up the DagBag from /home/airflow/.local/lib/python3.12/site-packages/airflow/example_dags/example_latest_only.py
[2026-04-28T18:09:53.443+0000] {processor.py:840} INFO - DAG(s) 'latest_only' retrieved from /home/airflow/.local/lib/python3.12/site-packages/airflow/example_dags/example_latest_only.py
[2026-04-28T18:09:53.494+0000] {logging_mixin.py:188} INFO - [2026-04-28T18:09:53.493+0000] {dag.py:3096} INFO - Sync 1 DAGs
[2026-04-28T18:09:53.576+0000] {logging_mixin.py:188} INFO - [2026-04-28T18:09:53.575+0000] {dag.py:3954} INFO - Setting next_dagrun for latest_only to 2026-04-28 12:00:00+00:00, run_after=2026-04-28 16:00:00+00:00
[2026-04-28T18:09:53.595+0000] {processor.py:183} INFO - Processing /home/airflow/.local/lib/python3.12/site-packages/airflow/example_dags/example_latest_only.py took 0.167 seconds
[2026-04-28T18:10:23.957+0000] {processor.py:161} INFO - Started process (PID=1190) to work on /home/airflow/.local/lib/python3.12/site-packages/airflow/example_dags/example_latest_only.py
[2026-04-28T18:10:23.958+0000] {processor.py:830} INFO - Processing file /home/airflow/.local/lib/python3.12/site-packages/airflow/example_dags/example_latest_only.py for tasks to queue
[2026-04-28T18:10:23.960+0000] {logging_mixin.py:188} INFO - [2026-04-28T18:10:23.959+0000] {dagbag.py:540} INFO - Filling up the DagBag from /home/airflow/.local/lib/python3.12/site-packages/airflow/example_dags/example_latest_only.py
[2026-04-28T18:10:23.965+0000] {processor.py:840} INFO - DAG(s) 'latest_only' retrieved from /home/airflow/.local/lib/python3.12/site-packages/airflow/example_dags/example_latest_only.py
[2026-04-28T18:10:23.988+0000] {logging_mixin.py:188} INFO - [2026-04-28T18:10:23.988+0000] {dag.py:3096} INFO - Sync 1 DAGs
[2026-04-28T18:10:24.180+0000] {logging_mixin.py:188} INFO - [2026-04-28T18:10:24.179+0000] {dag.py:3954} INFO - Setting next_dagrun for latest_only to 2026-04-28 12:00:00+00:00, run_after=2026-04-28 16:00:00+00:00
[2026-04-28T18:10:24.198+0000] {processor.py:183} INFO - Processing /home/airflow/.local/lib/python3.12/site-packages/airflow/example_dags/example_latest_only.py took 0.247 seconds
[2026-04-28T18:10:54.897+0000] {processor.py:161} INFO - Started process (PID=1250) to work on /home/airflow/.local/lib/python3.12/site-packages/airflow/example_dags/example_latest_only.py
[2026-04-28T18:10:54.898+0000] {processor.py:830} INFO - Processing file /home/airflow/.local/lib/python3.12/site-packages/airflow/example_dags/example_latest_only.py for tasks to queue
[2026-04-28T18:10:54.900+0000] {logging_mixin.py:188} INFO - [2026-04-28T18:10:54.899+0000] {dagbag.py:540} INFO - Filling up the DagBag from /home/airflow/.local/lib/python3.12/site-packages/airflow/example_dags/example_latest_only.py
[2026-04-28T18:10:54.905+0000] {processor.py:840} INFO - DAG(s) 'latest_only' retrieved from /home/airflow/.local/lib/python3.12/site-packages/airflow/example_dags/example_latest_only.py
[2026-04-28T18:10:54.932+0000] {logging_mixin.py:188} INFO - [2026-04-28T18:10:54.932+0000] {dag.py:3096} INFO - Sync 1 DAGs
[2026-04-28T18:10:54.959+0000] {logging_mixin.py:188} INFO - [2026-04-28T18:10:54.959+0000] {dag.py:3954} INFO - Setting next_dagrun for latest_only to 2026-04-28 12:00:00+00:00, run_after=2026-04-28 16:00:00+00:00
[2026-04-28T18:10:54.995+0000] {processor.py:183} INFO - Processing /home/airflow/.local/lib/python3.12/site-packages/airflow/example_dags/example_latest_only.py took 0.105 seconds
[2026-04-28T18:11:25.315+0000] {processor.py:161} INFO - Started process (PID=1310) to work on /home/airflow/.local/lib/python3.12/site-packages/airflow/example_dags/example_latest_only.py
[2026-04-28T18:11:25.316+0000] {processor.py:830} INFO - Processing file /home/airflow/.local/lib/python3.12/site-packages/airflow/example_dags/example_latest_only.py for tasks to queue
[2026-04-28T18:11:25.318+0000] {logging_mixin.py:188} INFO - [2026-04-28T18:11:25.317+0000] {dagbag.py:540} INFO - Filling up the DagBag from /home/airflow/.local/lib/python3.12/site-packages/airflow/example_dags/example_latest_only.py
[2026-04-28T18:11:25.324+0000] {processor.py:840} INFO - DAG(s) 'latest_only' retrieved from /home/airflow/.local/lib/python3.12/site-packages/airflow/example_dags/example_latest_only.py
[2026-04-28T18:11:25.346+0000] {logging_mixin.py:188} INFO - [2026-04-28T18:11:25.346+0000] {dag.py:3096} INFO - Sync 1 DAGs
[2026-04-28T18:11:25.374+0000] {logging_mixin.py:188} INFO - [2026-04-28T18:11:25.373+0000] {dag.py:3954} INFO - Setting next_dagrun for latest_only to 2026-04-28 12:00:00+00:00, run_after=2026-04-28 16:00:00+00:00
[2026-04-28T18:11:25.393+0000] {processor.py:183} INFO - Processing /home/airflow/.local/lib/python3.12/site-packages/airflow/example_dags/example_latest_only.py took 0.085 seconds
[2026-04-28T18:11:55.915+0000] {processor.py:161} INFO - Started process (PID=1370) to work on /home/airflow/.local/lib/python3.12/site-packages/airflow/example_dags/example_latest_only.py
[2026-04-28T18:11:55.916+0000] {processor.py:830} INFO - Processing file /home/airflow/.local/lib/python3.12/site-packages/airflow/example_dags/example_latest_only.py for tasks to queue
[2026-04-28T18:11:55.918+0000] {logging_mixin.py:188} INFO - [2026-04-28T18:11:55.918+0000] {dagbag.py:540} INFO - Filling up the DagBag from /home/airflow/.local/lib/python3.12/site-packages/airflow/example_dags/example_latest_only.py
[2026-04-28T18:11:55.923+0000] {processor.py:840} INFO - DAG(s) 'latest_only' retrieved from /home/airflow/.local/lib/python3.12/site-packages/airflow/example_dags/example_latest_only.py
[2026-04-28T18:11:55.948+0000] {logging_mixin.py:188} INFO - [2026-04-28T18:11:55.948+0000] {dag.py:3096} INFO - Sync 1 DAGs
[2026-04-28T18:11:55.975+0000] {logging_mixin.py:188} INFO - [2026-04-28T18:11:55.975+0000] {dag.py:3954} INFO - Setting next_dagrun for latest_only to 2026-04-28 12:00:00+00:00, run_after=2026-04-28 16:00:00+00:00
[2026-04-28T18:11:55.998+0000] {processor.py:183} INFO - Processing /home/airflow/.local/lib/python3.12/site-packages/airflow/example_dags/example_latest_only.py took 0.089 seconds
[2026-04-28T18:12:26.755+0000] {processor.py:161} INFO - Started process (PID=1430) to work on /home/airflow/.local/lib/python3.12/site-packages/airflow/example_dags/example_latest_only.py
[2026-04-28T18:12:26.756+0000] {processor.py:830} INFO - Processing file /home/airflow/.local/lib/python3.12/site-packages/airflow/example_dags/example_latest_only.py for tasks to queue
[2026-04-28T18:12:26.758+0000] {logging_mixin.py:188} INFO - [2026-04-28T18:12:26.757+0000] {dagbag.py:540} INFO - Filling up the DagBag from /home/airflow/.local/lib/python3.12/site-packages/airflow/example_dags/example_latest_only.py
[2026-04-28T18:12:26.763+0000] {processor.py:840} INFO - DAG(s) 'latest_only' retrieved from /home/airflow/.local/lib/python3.12/site-packages/airflow/example_dags/example_latest_only.py
[2026-04-28T18:12:26.787+0000] {logging_mixin.py:188} INFO - [2026-04-28T18:12:26.786+0000] {dag.py:3096} INFO - Sync 1 DAGs
[2026-04-28T18:12:26.814+0000] {logging_mixin.py:188} INFO - [2026-04-28T18:12:26.813+0000] {dag.py:3954} INFO - Setting next_dagrun for latest_only to 2026-04-28 12:00:00+00:00, run_after=2026-04-28 16:00:00+00:00
[2026-04-28T18:12:26.834+0000] {processor.py:183} INFO - Processing /home/airflow/.local/lib/python3.12/site-packages/airflow/example_dags/example_latest_only.py took 0.085 seconds
[2026-04-28T18:12:57.646+0000] {processor.py:161} INFO - Started process (PID=1490) to work on /home/airflow/.local/lib/python3.12/site-packages/airflow/example_dags/example_latest_only.py
[2026-04-28T18:12:57.646+0000] {processor.py:830} INFO - Processing file /home/airflow/.local/lib/python3.12/site-packages/airflow/example_dags/example_latest_only.py for tasks to queue
[2026-04-28T18:12:57.648+0000] {logging_mixin.py:188} INFO - [2026-04-28T18:12:57.648+0000] {dagbag.py:540} INFO - Filling up the DagBag from /home/airflow/.local/lib/python3.12/site-packages/airflow/example_dags/example_latest_only.py
[2026-04-28T18:12:57.654+0000] {processor.py:840} INFO - DAG(s) 'latest_only' retrieved from /home/airflow/.local/lib/python3.12/site-packages/airflow/example_dags/example_latest_only.py
[2026-04-28T18:12:57.678+0000] {logging_mixin.py:188} INFO - [2026-04-28T18:12:57.677+0000] {dag.py:3096} INFO - Sync 1 DAGs
[2026-04-28T18:12:57.708+0000] {logging_mixin.py:188} INFO - [2026-04-28T18:12:57.708+0000] {dag.py:3954} INFO - Setting next_dagrun for latest_only to 2026-04-28 12:00:00+00:00, run_after=2026-04-28 16:00:00+00:00
[2026-04-28T18:12:57.729+0000] {processor.py:183} INFO - Processing /home/airflow/.local/lib/python3.12/site-packages/airflow/example_dags/example_latest_only.py took 0.090 seconds
[2026-04-28T18:13:28.024+0000] {processor.py:161} INFO - Started process (PID=1550) to work on /home/airflow/.local/lib/python3.12/site-packages/airflow/example_dags/example_latest_only.py
[2026-04-28T18:13:28.027+0000] {processor.py:830} INFO - Processing file /home/airflow/.local/lib/python3.12/site-packages/airflow/example_dags/example_latest_only.py for tasks to queue
[2026-04-28T18:13:28.033+0000] {logging_mixin.py:188} INFO - [2026-04-28T18:13:28.033+0000] {dagbag.py:540} INFO - Filling up the DagBag from /home/airflow/.local/lib/python3.12/site-packages/airflow/example_dags/example_latest_only.py
[2026-04-28T18:13:28.045+0000] {processor.py:840} INFO - DAG(s) 'latest_only' retrieved from /home/airflow/.local/lib/python3.12/site-packages/airflow/example_dags/example_latest_only.py
[2026-04-28T18:13:28.109+0000] {logging_mixin.py:188} INFO - [2026-04-28T18:13:28.109+0000] {dag.py:3096} INFO - Sync 1 DAGs
[2026-04-28T18:13:28.219+0000] {logging_mixin.py:188} INFO - [2026-04-28T18:13:28.219+0000] {dag.py:3954} INFO - Setting next_dagrun for latest_only to 2026-04-28 12:00:00+00:00, run_after=2026-04-28 16:00:00+00:00
[2026-04-28T18:13:28.260+0000] {processor.py:183} INFO - Processing /home/airflow/.local/lib/python3.12/site-packages/airflow/example_dags/example_latest_only.py took 0.253 seconds
[2026-04-28T18:13:58.851+0000] {processor.py:161} INFO - Started process (PID=1610) to work on /home/airflow/.local/lib/python3.12/site-packages/airflow/example_dags/example_latest_only.py
[2026-04-28T18:13:58.852+0000] {processor.py:830} INFO - Processing file /home/airflow/.local/lib/python3.12/site-packages/airflow/example_dags/example_latest_only.py for tasks to queue
[2026-04-28T18:13:58.854+0000] {logging_mixin.py:188} INFO - [2026-04-28T18:13:58.853+0000] {dagbag.py:540} INFO - Filling up the DagBag from /home/airflow/.local/lib/python3.12/site-packages/airflow/example_dags/example_latest_only.py
[2026-04-28T18:13:58.859+0000] {processor.py:840} INFO - DAG(s) 'latest_only' retrieved from /home/airflow/.local/lib/python3.12/site-packages/airflow/example_dags/example_latest_only.py
[2026-04-28T18:13:58.883+0000] {logging_mixin.py:188} INFO - [2026-04-28T18:13:58.883+0000] {dag.py:3096} INFO - Sync 1 DAGs
[2026-04-28T18:13:58.911+0000] {logging_mixin.py:188} INFO - [2026-04-28T18:13:58.910+0000] {dag.py:3954} INFO - Setting next_dagrun for latest_only to 2026-04-28 12:00:00+00:00, run_after=2026-04-28 16:00:00+00:00
[2026-04-28T18:13:58.930+0000] {processor.py:183} INFO - Processing /home/airflow/.local/lib/python3.12/site-packages/airflow/example_dags/example_latest_only.py took 0.086 seconds
[2026-04-28T18:14:29.174+0000] {processor.py:161} INFO - Started process (PID=1670) to work on /home/airflow/.local/lib/python3.12/site-packages/airflow/example_dags/example_latest_only.py
[2026-04-28T18:14:29.180+0000] {processor.py:830} INFO - Processing file /home/airflow/.local/lib/python3.12/site-packages/airflow/example_dags/example_latest_only.py for tasks to queue
[2026-04-28T18:14:29.187+0000] {logging_mixin.py:188} INFO - [2026-04-28T18:14:29.187+0000] {dagbag.py:540} INFO - Filling up the DagBag from /home/airflow/.local/lib/python3.12/site-packages/airflow/example_dags/example_latest_only.py
[2026-04-28T18:14:29.217+0000] {processor.py:840} INFO - DAG(s) 'latest_only' retrieved from /home/airflow/.local/lib/python3.12/site-packages/airflow/example_dags/example_latest_only.py
[2026-04-28T18:14:29.321+0000] {logging_mixin.py:188} INFO - [2026-04-28T18:14:29.321+0000] {dag.py:3096} INFO - Sync 1 DAGs
[2026-04-28T18:14:29.363+0000] {logging_mixin.py:188} INFO - [2026-04-28T18:14:29.363+0000] {dag.py:3954} INFO - Setting next_dagrun for latest_only to 2026-04-28 12:00:00+00:00, run_after=2026-04-28 16:00:00+00:00
[2026-04-28T18:14:29.411+0000] {processor.py:183} INFO - Processing /home/airflow/.local/lib/python3.12/site-packages/airflow/example_dags/example_latest_only.py took 0.264 seconds
[2026-04-28T18:15:00.320+0000] {processor.py:161} INFO - Started process (PID=1730) to work on /home/airflow/.local/lib/python3.12/site-packages/airflow/example_dags/example_latest_only.py
[2026-04-28T18:15:00.320+0000] {processor.py:830} INFO - Processing file /home/airflow/.local/lib/python3.12/site-packages/airflow/example_dags/example_latest_only.py for tasks to queue
[2026-04-28T18:15:00.322+0000] {logging_mixin.py:188} INFO - [2026-04-28T18:15:00.322+0000] {dagbag.py:540} INFO - Filling up the DagBag from /home/airflow/.local/lib/python3.12/site-packages/airflow/example_dags/example_latest_only.py
[2026-04-28T18:15:00.328+0000] {processor.py:840} INFO - DAG(s) 'latest_only' retrieved from /home/airflow/.local/lib/python3.12/site-packages/airflow/example_dags/example_latest_only.py
[2026-04-28T18:15:00.351+0000] {logging_mixin.py:188} INFO - [2026-04-28T18:15:00.351+0000] {dag.py:3096} INFO - Sync 1 DAGs
[2026-04-28T18:15:00.379+0000] {logging_mixin.py:188} INFO - [2026-04-28T18:15:00.379+0000] {dag.py:3954} INFO - Setting next_dagrun for latest_only to 2026-04-28 12:00:00+00:00, run_after=2026-04-28 16:00:00+00:00
[2026-04-28T18:15:00.400+0000] {processor.py:183} INFO - Processing /home/airflow/.local/lib/python3.12/site-packages/airflow/example_dags/example_latest_only.py took 0.087 seconds
[2026-04-28T18:15:30.746+0000] {processor.py:161} INFO - Started process (PID=1790) to work on /home/airflow/.local/lib/python3.12/site-packages/airflow/example_dags/example_latest_only.py
[2026-04-28T18:15:30.747+0000] {processor.py:830} INFO - Processing file /home/airflow/.local/lib/python3.12/site-packages/airflow/example_dags/example_latest_only.py for tasks to queue
[2026-04-28T18:15:30.749+0000] {logging_mixin.py:188} INFO - [2026-04-28T18:15:30.749+0000] {dagbag.py:540} INFO - Filling up the DagBag from /home/airflow/.local/lib/python3.12/site-packages/airflow/example_dags/example_latest_only.py
[2026-04-28T18:15:30.754+0000] {processor.py:840} INFO - DAG(s) 'latest_only' retrieved from /home/airflow/.local/lib/python3.12/site-packages/airflow/example_dags/example_latest_only.py
[2026-04-28T18:15:30.778+0000] {logging_mixin.py:188} INFO - [2026-04-28T18:15:30.778+0000] {dag.py:3096} INFO - Sync 1 DAGs
[2026-04-28T18:15:30.805+0000] {logging_mixin.py:188} INFO - [2026-04-28T18:15:30.805+0000] {dag.py:3954} INFO - Setting next_dagrun for latest_only to 2026-04-28 12:00:00+00:00, run_after=2026-04-28 16:00:00+00:00
[2026-04-28T18:15:30.831+0000] {processor.py:183} INFO - Processing /home/airflow/.local/lib/python3.12/site-packages/airflow/example_dags/example_latest_only.py took 0.091 seconds
[2026-04-28T18:16:01.660+0000] {processor.py:161} INFO - Started process (PID=1850) to work on /home/airflow/.local/lib/python3.12/site-packages/airflow/example_dags/example_latest_only.py
[2026-04-28T18:16:01.662+0000] {processor.py:830} INFO - Processing file /home/airflow/.local/lib/python3.12/site-packages/airflow/example_dags/example_latest_only.py for tasks to queue
[2026-04-28T18:16:01.669+0000] {logging_mixin.py:188} INFO - [2026-04-28T18:16:01.667+0000] {dagbag.py:540} INFO - Filling up the DagBag from /home/airflow/.local/lib/python3.12/site-packages/airflow/example_dags/example_latest_only.py
[2026-04-28T18:16:01.676+0000] {processor.py:840} INFO - DAG(s) 'latest_only' retrieved from /home/airflow/.local/lib/python3.12/site-packages/airflow/example_dags/example_latest_only.py
[2026-04-28T18:16:01.710+0000] {logging_mixin.py:188} INFO - [2026-04-28T18:16:01.709+0000] {dag.py:3096} INFO - Sync 1 DAGs
[2026-04-28T18:16:01.737+0000] {logging_mixin.py:188} INFO - [2026-04-28T18:16:01.737+0000] {dag.py:3954} INFO - Setting next_dagrun for latest_only to 2026-04-28 12:00:00+00:00, run_after=2026-04-28 16:00:00+00:00
[2026-04-28T18:16:01.759+0000] {processor.py:183} INFO - Processing /home/airflow/.local/lib/python3.12/site-packages/airflow/example_dags/example_latest_only.py took 0.115 seconds
[2026-04-28T18:16:31.966+0000] {processor.py:161} INFO - Started process (PID=1910) to work on /home/airflow/.local/lib/python3.12/site-packages/airflow/example_dags/example_latest_only.py
[2026-04-28T18:16:31.966+0000] {processor.py:830} INFO - Processing file /home/airflow/.local/lib/python3.12/site-packages/airflow/example_dags/example_latest_only.py for tasks to queue
[2026-04-28T18:16:31.968+0000] {logging_mixin.py:188} INFO - [2026-04-28T18:16:31.968+0000] {dagbag.py:540} INFO - Filling up the DagBag from /home/airflow/.local/lib/python3.12/site-packages/airflow/example_dags/example_latest_only.py
[2026-04-28T18:16:31.974+0000] {processor.py:840} INFO - DAG(s) 'latest_only' retrieved from /home/airflow/.local/lib/python3.12/site-packages/airflow/example_dags/example_latest_only.py
[2026-04-28T18:16:32.001+0000] {logging_mixin.py:188} INFO - [2026-04-28T18:16:32.001+0000] {dag.py:3096} INFO - Sync 1 DAGs
[2026-04-28T18:16:32.029+0000] {logging_mixin.py:188} INFO - [2026-04-28T18:16:32.029+0000] {dag.py:3954} INFO - Setting next_dagrun for latest_only to 2026-04-28 12:00:00+00:00, run_after=2026-04-28 16:00:00+00:00
[2026-04-28T18:16:32.049+0000] {processor.py:183} INFO - Processing /home/airflow/.local/lib/python3.12/site-packages/airflow/example_dags/example_latest_only.py took 0.089 seconds
[2026-04-28T18:17:02.733+0000] {processor.py:161} INFO - Started process (PID=1970) to work on /home/airflow/.local/lib/python3.12/site-packages/airflow/example_dags/example_latest_only.py
[2026-04-28T18:17:02.733+0000] {processor.py:830} INFO - Processing file /home/airflow/.local/lib/python3.12/site-packages/airflow/example_dags/example_latest_only.py for tasks to queue
[2026-04-28T18:17:02.736+0000] {logging_mixin.py:188} INFO - [2026-04-28T18:17:02.735+0000] {dagbag.py:540} INFO - Filling up the DagBag from /home/airflow/.local/lib/python3.12/site-packages/airflow/example_dags/example_latest_only.py
[2026-04-28T18:17:02.741+0000] {processor.py:840} INFO - DAG(s) 'latest_only' retrieved from /home/airflow/.local/lib/python3.12/site-packages/airflow/example_dags/example_latest_only.py
[2026-04-28T18:17:02.764+0000] {logging_mixin.py:188} INFO - [2026-04-28T18:17:02.764+0000] {dag.py:3096} INFO - Sync 1 DAGs
[2026-04-28T18:17:02.792+0000] {logging_mixin.py:188} INFO - [2026-04-28T18:17:02.791+0000] {dag.py:3954} INFO - Setting next_dagrun for latest_only to 2026-04-28 12:00:00+00:00, run_after=2026-04-28 16:00:00+00:00
[2026-04-28T18:17:02.812+0000] {processor.py:183} INFO - Processing /home/airflow/.local/lib/python3.12/site-packages/airflow/example_dags/example_latest_only.py took 0.085 seconds
[2026-04-28T18:17:33.038+0000] {processor.py:161} INFO - Started process (PID=2030) to work on /home/airflow/.local/lib/python3.12/site-packages/airflow/example_dags/example_latest_only.py
[2026-04-28T18:17:33.038+0000] {processor.py:830} INFO - Processing file /home/airflow/.local/lib/python3.12/site-packages/airflow/example_dags/example_latest_only.py for tasks to queue
[2026-04-28T18:17:33.040+0000] {logging_mixin.py:188} INFO - [2026-04-28T18:17:33.040+0000] {dagbag.py:540} INFO - Filling up the DagBag from /home/airflow/.local/lib/python3.12/site-packages/airflow/example_dags/example_latest_only.py
[2026-04-28T18:17:33.046+0000] {processor.py:840} INFO - DAG(s) 'latest_only' retrieved from /home/airflow/.local/lib/python3.12/site-packages/airflow/example_dags/example_latest_only.py
[2026-04-28T18:17:33.070+0000] {logging_mixin.py:188} INFO - [2026-04-28T18:17:33.069+0000] {dag.py:3096} INFO - Sync 1 DAGs
[2026-04-28T18:17:33.097+0000] {logging_mixin.py:188} INFO - [2026-04-28T18:17:33.097+0000] {dag.py:3954} INFO - Setting next_dagrun for latest_only to 2026-04-28 12:00:00+00:00, run_after=2026-04-28 16:00:00+00:00
[2026-04-28T18:17:33.117+0000] {processor.py:183} INFO - Processing /home/airflow/.local/lib/python3.12/site-packages/airflow/example_dags/example_latest_only.py took 0.086 seconds
[2026-04-28T18:18:03.776+0000] {processor.py:161} INFO - Started process (PID=2090) to work on /home/airflow/.local/lib/python3.12/site-packages/airflow/example_dags/example_latest_only.py
[2026-04-28T18:18:03.777+0000] {processor.py:830} INFO - Processing file /home/airflow/.local/lib/python3.12/site-packages/airflow/example_dags/example_latest_only.py for tasks to queue
[2026-04-28T18:18:03.779+0000] {logging_mixin.py:188} INFO - [2026-04-28T18:18:03.779+0000] {dagbag.py:540} INFO - Filling up the DagBag from /home/airflow/.local/lib/python3.12/site-packages/airflow/example_dags/example_latest_only.py
[2026-04-28T18:18:03.785+0000] {processor.py:840} INFO - DAG(s) 'latest_only' retrieved from /home/airflow/.local/lib/python3.12/site-packages/airflow/example_dags/example_latest_only.py
[2026-04-28T18:18:03.809+0000] {logging_mixin.py:188} INFO - [2026-04-28T18:18:03.809+0000] {dag.py:3096} INFO - Sync 1 DAGs
[2026-04-28T18:18:03.838+0000] {logging_mixin.py:188} INFO - [2026-04-28T18:18:03.837+0000] {dag.py:3954} INFO - Setting next_dagrun for latest_only to 2026-04-28 12:00:00+00:00, run_after=2026-04-28 16:00:00+00:00
[2026-04-28T18:18:03.858+0000] {processor.py:183} INFO - Processing /home/airflow/.local/lib/python3.12/site-packages/airflow/example_dags/example_latest_only.py took 0.088 seconds
[2026-04-28T18:18:34.076+0000] {processor.py:161} INFO - Started process (PID=2150) to work on /home/airflow/.local/lib/python3.12/site-packages/airflow/example_dags/example_latest_only.py
[2026-04-28T18:18:34.081+0000] {processor.py:830} INFO - Processing file /home/airflow/.local/lib/python3.12/site-packages/airflow/example_dags/example_latest_only.py for tasks to queue
[2026-04-28T18:18:34.091+0000] {logging_mixin.py:188} INFO - [2026-04-28T18:18:34.091+0000] {dagbag.py:540} INFO - Filling up the DagBag from /home/airflow/.local/lib/python3.12/site-packages/airflow/example_dags/example_latest_only.py
[2026-04-28T18:18:34.109+0000] {processor.py:840} INFO - DAG(s) 'latest_only' retrieved from /home/airflow/.local/lib/python3.12/site-packages/airflow/example_dags/example_latest_only.py
[2026-04-28T18:18:34.146+0000] {logging_mixin.py:188} INFO - [2026-04-28T18:18:34.146+0000] {dag.py:3096} INFO - Sync 1 DAGs
[2026-04-28T18:18:34.180+0000] {logging_mixin.py:188} INFO - [2026-04-28T18:18:34.180+0000] {dag.py:3954} INFO - Setting next_dagrun for latest_only to 2026-04-28 12:00:00+00:00, run_after=2026-04-28 16:00:00+00:00
[2026-04-28T18:18:34.203+0000] {processor.py:183} INFO - Processing /home/airflow/.local/lib/python3.12/site-packages/airflow/example_dags/example_latest_only.py took 0.155 seconds
[2026-04-28T18:19:04.804+0000] {processor.py:161} INFO - Started process (PID=2210) to work on /home/airflow/.local/lib/python3.12/site-packages/airflow/example_dags/example_latest_only.py
[2026-04-28T18:19:04.805+0000] {processor.py:830} INFO - Processing file /home/airflow/.local/lib/python3.12/site-packages/airflow/example_dags/example_latest_only.py for tasks to queue
[2026-04-28T18:19:04.806+0000] {logging_mixin.py:188} INFO - [2026-04-28T18:19:04.806+0000] {dagbag.py:540} INFO - Filling up the DagBag from /home/airflow/.local/lib/python3.12/site-packages/airflow/example_dags/example_latest_only.py
[2026-04-28T18:19:04.812+0000] {processor.py:840} INFO - DAG(s) 'latest_only' retrieved from /home/airflow/.local/lib/python3.12/site-packages/airflow/example_dags/example_latest_only.py
[2026-04-28T18:19:04.834+0000] {logging_mixin.py:188} INFO - [2026-04-28T18:19:04.834+0000] {dag.py:3096} INFO - Sync 1 DAGs
[2026-04-28T18:19:04.862+0000] {logging_mixin.py:188} INFO - [2026-04-28T18:19:04.862+0000] {dag.py:3954} INFO - Setting next_dagrun for latest_only to 2026-04-28 12:00:00+00:00, run_after=2026-04-28 16:00:00+00:00
[2026-04-28T18:19:04.882+0000] {processor.py:183} INFO - Processing /home/airflow/.local/lib/python3.12/site-packages/airflow/example_dags/example_latest_only.py took 0.085 seconds
[2026-04-28T18:19:35.267+0000] {processor.py:161} INFO - Started process (PID=2270) to work on /home/airflow/.local/lib/python3.12/site-packages/airflow/example_dags/example_latest_only.py
[2026-04-28T18:19:35.280+0000] {processor.py:830} INFO - Processing file /home/airflow/.local/lib/python3.12/site-packages/airflow/example_dags/example_latest_only.py for tasks to queue
[2026-04-28T18:19:35.289+0000] {logging_mixin.py:188} INFO - [2026-04-28T18:19:35.284+0000] {dagbag.py:540} INFO - Filling up the DagBag from /home/airflow/.local/lib/python3.12/site-packages/airflow/example_dags/example_latest_only.py
[2026-04-28T18:19:35.299+0000] {processor.py:840} INFO - DAG(s) 'latest_only' retrieved from /home/airflow/.local/lib/python3.12/site-packages/airflow/example_dags/example_latest_only.py
[2026-04-28T18:19:35.350+0000] {logging_mixin.py:188} INFO - [2026-04-28T18:19:35.350+0000] {dag.py:3096} INFO - Sync 1 DAGs
[2026-04-28T18:19:35.383+0000] {logging_mixin.py:188} INFO - [2026-04-28T18:19:35.382+0000] {dag.py:3954} INFO - Setting next_dagrun for latest_only to 2026-04-28 12:00:00+00:00, run_after=2026-04-28 16:00:00+00:00
[2026-04-28T18:19:35.414+0000] {processor.py:183} INFO - Processing /home/airflow/.local/lib/python3.12/site-packages/airflow/example_dags/example_latest_only.py took 0.169 seconds
[2026-04-28T18:20:05.540+0000] {processor.py:161} INFO - Started process (PID=2330) to work on /home/airflow/.local/lib/python3.12/site-packages/airflow/example_dags/example_latest_only.py
[2026-04-28T18:20:05.541+0000] {processor.py:830} INFO - Processing file /home/airflow/.local/lib/python3.12/site-packages/airflow/example_dags/example_latest_only.py for tasks to queue
[2026-04-28T18:20:05.543+0000] {logging_mixin.py:188} INFO - [2026-04-28T18:20:05.543+0000] {dagbag.py:540} INFO - Filling up the DagBag from /home/airflow/.local/lib/python3.12/site-packages/airflow/example_dags/example_latest_only.py
[2026-04-28T18:20:05.548+0000] {processor.py:840} INFO - DAG(s) 'latest_only' retrieved from /home/airflow/.local/lib/python3.12/site-packages/airflow/example_dags/example_latest_only.py
[2026-04-28T18:20:05.573+0000] {logging_mixin.py:188} INFO - [2026-04-28T18:20:05.573+0000] {dag.py:3096} INFO - Sync 1 DAGs
[2026-04-28T18:20:05.591+0000] {logging_mixin.py:188} INFO - [2026-04-28T18:20:05.591+0000] {dag.py:3954} INFO - Setting next_dagrun for latest_only to 2026-04-28 12:00:00+00:00, run_after=2026-04-28 16:00:00+00:00
[2026-04-28T18:20:05.606+0000] {processor.py:183} INFO - Processing /home/airflow/.local/lib/python3.12/site-packages/airflow/example_dags/example_latest_only.py took 0.073 seconds
[2026-04-28T18:20:35.999+0000] {processor.py:161} INFO - Started process (PID=2389) to work on /home/airflow/.local/lib/python3.12/site-packages/airflow/example_dags/example_latest_only.py
[2026-04-28T18:20:36.000+0000] {processor.py:830} INFO - Processing file /home/airflow/.local/lib/python3.12/site-packages/airflow/example_dags/example_latest_only.py for tasks to queue
[2026-04-28T18:20:36.002+0000] {logging_mixin.py:188} INFO - [2026-04-28T18:20:36.002+0000] {dagbag.py:540} INFO - Filling up the DagBag from /home/airflow/.local/lib/python3.12/site-packages/airflow/example_dags/example_latest_only.py
[2026-04-28T18:20:36.008+0000] {processor.py:840} INFO - DAG(s) 'latest_only' retrieved from /home/airflow/.local/lib/python3.12/site-packages/airflow/example_dags/example_latest_only.py
[2026-04-28T18:20:36.030+0000] {logging_mixin.py:188} INFO - [2026-04-28T18:20:36.030+0000] {dag.py:3096} INFO - Sync 1 DAGs
[2026-04-28T18:20:36.057+0000] {logging_mixin.py:188} INFO - [2026-04-28T18:20:36.057+0000] {dag.py:3954} INFO - Setting next_dagrun for latest_only to 2026-04-28 12:00:00+00:00, run_after=2026-04-28 16:00:00+00:00
[2026-04-28T18:20:36.078+0000] {processor.py:183} INFO - Processing /home/airflow/.local/lib/python3.12/site-packages/airflow/example_dags/example_latest_only.py took 0.085 seconds
[2026-04-28T18:21:06.583+0000] {processor.py:161} INFO - Started process (PID=2449) to work on /home/airflow/.local/lib/python3.12/site-packages/airflow/example_dags/example_latest_only.py
[2026-04-28T18:21:06.584+0000] {processor.py:830} INFO - Processing file /home/airflow/.local/lib/python3.12/site-packages/airflow/example_dags/example_latest_only.py for tasks to queue
[2026-04-28T18:21:06.586+0000] {logging_mixin.py:188} INFO - [2026-04-28T18:21:06.585+0000] {dagbag.py:540} INFO - Filling up the DagBag from /home/airflow/.local/lib/python3.12/site-packages/airflow/example_dags/example_latest_only.py
[2026-04-28T18:21:06.591+0000] {processor.py:840} INFO - DAG(s) 'latest_only' retrieved from /home/airflow/.local/lib/python3.12/site-packages/airflow/example_dags/example_latest_only.py
[2026-04-28T18:21:06.614+0000] {logging_mixin.py:188} INFO - [2026-04-28T18:21:06.614+0000] {dag.py:3096} INFO - Sync 1 DAGs
[2026-04-28T18:21:06.642+0000] {logging_mixin.py:188} INFO - [2026-04-28T18:21:06.641+0000] {dag.py:3954} INFO - Setting next_dagrun for latest_only to 2026-04-28 12:00:00+00:00, run_after=2026-04-28 16:00:00+00:00
[2026-04-28T18:21:06.661+0000] {processor.py:183} INFO - Processing /home/airflow/.local/lib/python3.12/site-packages/airflow/example_dags/example_latest_only.py took 0.084 seconds
[2026-04-28T18:21:36.866+0000] {processor.py:161} INFO - Started process (PID=2509) to work on /home/airflow/.local/lib/python3.12/site-packages/airflow/example_dags/example_latest_only.py
[2026-04-28T18:21:36.870+0000] {processor.py:830} INFO - Processing file /home/airflow/.local/lib/python3.12/site-packages/airflow/example_dags/example_latest_only.py for tasks to queue
[2026-04-28T18:21:36.876+0000] {logging_mixin.py:188} INFO - [2026-04-28T18:21:36.871+0000] {dagbag.py:540} INFO - Filling up the DagBag from /home/airflow/.local/lib/python3.12/site-packages/airflow/example_dags/example_latest_only.py
[2026-04-28T18:21:36.891+0000] {processor.py:840} INFO - DAG(s) 'latest_only' retrieved from /home/airflow/.local/lib/python3.12/site-packages/airflow/example_dags/example_latest_only.py
[2026-04-28T18:21:36.957+0000] {logging_mixin.py:188} INFO - [2026-04-28T18:21:36.957+0000] {dag.py:3096} INFO - Sync 1 DAGs
[2026-04-28T18:21:37.022+0000] {logging_mixin.py:188} INFO - [2026-04-28T18:21:37.022+0000] {dag.py:3954} INFO - Setting next_dagrun for latest_only to 2026-04-28 12:00:00+00:00, run_after=2026-04-28 16:00:00+00:00
[2026-04-28T18:21:37.043+0000] {processor.py:183} INFO - Processing /home/airflow/.local/lib/python3.12/site-packages/airflow/example_dags/example_latest_only.py took 0.192 seconds
[2026-04-28T18:22:07.477+0000] {processor.py:161} INFO - Started process (PID=2569) to work on /home/airflow/.local/lib/python3.12/site-packages/airflow/example_dags/example_latest_only.py
[2026-04-28T18:22:07.478+0000] {processor.py:830} INFO - Processing file /home/airflow/.local/lib/python3.12/site-packages/airflow/example_dags/example_latest_only.py for tasks to queue
[2026-04-28T18:22:07.480+0000] {logging_mixin.py:188} INFO - [2026-04-28T18:22:07.479+0000] {dagbag.py:540} INFO - Filling up the DagBag from /home/airflow/.local/lib/python3.12/site-packages/airflow/example_dags/example_latest_only.py
[2026-04-28T18:22:07.485+0000] {processor.py:840} INFO - DAG(s) 'latest_only' retrieved from /home/airflow/.local/lib/python3.12/site-packages/airflow/example_dags/example_latest_only.py
[2026-04-28T18:22:07.508+0000] {logging_mixin.py:188} INFO - [2026-04-28T18:22:07.508+0000] {dag.py:3096} INFO - Sync 1 DAGs
[2026-04-28T18:22:07.536+0000] {logging_mixin.py:188} INFO - [2026-04-28T18:22:07.535+0000] {dag.py:3954} INFO - Setting next_dagrun for latest_only to 2026-04-28 12:00:00+00:00, run_after=2026-04-28 16:00:00+00:00
[2026-04-28T18:22:07.567+0000] {processor.py:183} INFO - Processing /home/airflow/.local/lib/python3.12/site-packages/airflow/example_dags/example_latest_only.py took 0.096 seconds
[2026-04-28T18:22:38.215+0000] {processor.py:161} INFO - Started process (PID=2629) to work on /home/airflow/.local/lib/python3.12/site-packages/airflow/example_dags/example_latest_only.py
[2026-04-28T18:22:38.218+0000] {processor.py:830} INFO - Processing file /home/airflow/.local/lib/python3.12/site-packages/airflow/example_dags/example_latest_only.py for tasks to queue
[2026-04-28T18:22:38.220+0000] {logging_mixin.py:188} INFO - [2026-04-28T18:22:38.220+0000] {dagbag.py:540} INFO - Filling up the DagBag from /home/airflow/.local/lib/python3.12/site-packages/airflow/example_dags/example_latest_only.py
[2026-04-28T18:22:38.226+0000] {processor.py:840} INFO - DAG(s) 'latest_only' retrieved from /home/airflow/.local/lib/python3.12/site-packages/airflow/example_dags/example_latest_only.py
[2026-04-28T18:22:38.249+0000] {logging_mixin.py:188} INFO - [2026-04-28T18:22:38.249+0000] {dag.py:3096} INFO - Sync 1 DAGs
[2026-04-28T18:22:38.289+0000] {logging_mixin.py:188} INFO - [2026-04-28T18:22:38.288+0000] {dag.py:3954} INFO - Setting next_dagrun for latest_only to 2026-04-28 12:00:00+00:00, run_after=2026-04-28 16:00:00+00:00
[2026-04-28T18:22:38.322+0000] {processor.py:183} INFO - Processing /home/airflow/.local/lib/python3.12/site-packages/airflow/example_dags/example_latest_only.py took 0.113 seconds
[2026-04-28T18:23:08.963+0000] {processor.py:161} INFO - Started process (PID=2689) to work on /home/airflow/.local/lib/python3.12/site-packages/airflow/example_dags/example_latest_only.py
[2026-04-28T18:23:08.964+0000] {processor.py:830} INFO - Processing file /home/airflow/.local/lib/python3.12/site-packages/airflow/example_dags/example_latest_only.py for tasks to queue
[2026-04-28T18:23:08.965+0000] {logging_mixin.py:188} INFO - [2026-04-28T18:23:08.965+0000] {dagbag.py:540} INFO - Filling up the DagBag from /home/airflow/.local/lib/python3.12/site-packages/airflow/example_dags/example_latest_only.py
[2026-04-28T18:23:08.971+0000] {processor.py:840} INFO - DAG(s) 'latest_only' retrieved from /home/airflow/.local/lib/python3.12/site-packages/airflow/example_dags/example_latest_only.py
[2026-04-28T18:23:08.995+0000] {logging_mixin.py:188} INFO - [2026-04-28T18:23:08.995+0000] {dag.py:3096} INFO - Sync 1 DAGs
[2026-04-28T18:23:09.022+0000] {logging_mixin.py:188} INFO - [2026-04-28T18:23:09.022+0000] {dag.py:3954} INFO - Setting next_dagrun for latest_only to 2026-04-28 12:00:00+00:00, run_after=2026-04-28 16:00:00+00:00
[2026-04-28T18:23:09.042+0000] {processor.py:183} INFO - Processing /home/airflow/.local/lib/python3.12/site-packages/airflow/example_dags/example_latest_only.py took 0.085 seconds
[2026-04-28T18:23:39.629+0000] {processor.py:161} INFO - Started process (PID=2750) to work on /home/airflow/.local/lib/python3.12/site-packages/airflow/example_dags/example_latest_only.py
[2026-04-28T18:23:39.630+0000] {processor.py:830} INFO - Processing file /home/airflow/.local/lib/python3.12/site-packages/airflow/example_dags/example_latest_only.py for tasks to queue
[2026-04-28T18:23:39.632+0000] {logging_mixin.py:188} INFO - [2026-04-28T18:23:39.632+0000] {dagbag.py:540} INFO - Filling up the DagBag from /home/airflow/.local/lib/python3.12/site-packages/airflow/example_dags/example_latest_only.py
[2026-04-28T18:23:39.640+0000] {processor.py:840} INFO - DAG(s) 'latest_only' retrieved from /home/airflow/.local/lib/python3.12/site-packages/airflow/example_dags/example_latest_only.py
[2026-04-28T18:23:39.668+0000] {logging_mixin.py:188} INFO - [2026-04-28T18:23:39.667+0000] {dag.py:3096} INFO - Sync 1 DAGs
[2026-04-28T18:23:39.695+0000] {logging_mixin.py:188} INFO - [2026-04-28T18:23:39.695+0000] {dag.py:3954} INFO - Setting next_dagrun for latest_only to 2026-04-28 12:00:00+00:00, run_after=2026-04-28 16:00:00+00:00
[2026-04-28T18:23:39.728+0000] {processor.py:183} INFO - Processing /home/airflow/.local/lib/python3.12/site-packages/airflow/example_dags/example_latest_only.py took 0.105 seconds
[2026-04-28T18:24:10.035+0000] {processor.py:161} INFO - Started process (PID=2810) to work on /home/airflow/.local/lib/python3.12/site-packages/airflow/example_dags/example_latest_only.py
[2026-04-28T18:24:10.036+0000] {processor.py:830} INFO - Processing file /home/airflow/.local/lib/python3.12/site-packages/airflow/example_dags/example_latest_only.py for tasks to queue
[2026-04-28T18:24:10.038+0000] {logging_mixin.py:188} INFO - [2026-04-28T18:24:10.038+0000] {dagbag.py:540} INFO - Filling up the DagBag from /home/airflow/.local/lib/python3.12/site-packages/airflow/example_dags/example_latest_only.py
[2026-04-28T18:24:10.044+0000] {processor.py:840} INFO - DAG(s) 'latest_only' retrieved from /home/airflow/.local/lib/python3.12/site-packages/airflow/example_dags/example_latest_only.py
[2026-04-28T18:24:10.069+0000] {logging_mixin.py:188} INFO - [2026-04-28T18:24:10.068+0000] {dag.py:3096} INFO - Sync 1 DAGs
[2026-04-28T18:24:10.095+0000] {logging_mixin.py:188} INFO - [2026-04-28T18:24:10.095+0000] {dag.py:3954} INFO - Setting next_dagrun for latest_only to 2026-04-28 12:00:00+00:00, run_after=2026-04-28 16:00:00+00:00
[2026-04-28T18:24:10.115+0000] {processor.py:183} INFO - Processing /home/airflow/.local/lib/python3.12/site-packages/airflow/example_dags/example_latest_only.py took 0.087 seconds
[2026-04-28T18:24:40.456+0000] {processor.py:161} INFO - Started process (PID=2870) to work on /home/airflow/.local/lib/python3.12/site-packages/airflow/example_dags/example_latest_only.py
[2026-04-28T18:24:40.459+0000] {processor.py:830} INFO - Processing file /home/airflow/.local/lib/python3.12/site-packages/airflow/example_dags/example_latest_only.py for tasks to queue
[2026-04-28T18:24:40.462+0000] {logging_mixin.py:188} INFO - [2026-04-28T18:24:40.461+0000] {dagbag.py:540} INFO - Filling up the DagBag from /home/airflow/.local/lib/python3.12/site-packages/airflow/example_dags/example_latest_only.py
[2026-04-28T18:24:40.467+0000] {processor.py:840} INFO - DAG(s) 'latest_only' retrieved from /home/airflow/.local/lib/python3.12/site-packages/airflow/example_dags/example_latest_only.py
[2026-04-28T18:24:40.496+0000] {logging_mixin.py:188} INFO - [2026-04-28T18:24:40.496+0000] {dag.py:3096} INFO - Sync 1 DAGs
[2026-04-28T18:24:40.543+0000] {logging_mixin.py:188} INFO - [2026-04-28T18:24:40.543+0000] {dag.py:3954} INFO - Setting next_dagrun for latest_only to 2026-04-28 12:00:00+00:00, run_after=2026-04-28 16:00:00+00:00
[2026-04-28T18:24:40.568+0000] {processor.py:183} INFO - Processing /home/airflow/.local/lib/python3.12/site-packages/airflow/example_dags/example_latest_only.py took 0.120 seconds
[2026-04-28T18:25:10.759+0000] {processor.py:161} INFO - Started process (PID=2930) to work on /home/airflow/.local/lib/python3.12/site-packages/airflow/example_dags/example_latest_only.py
[2026-04-28T18:25:10.760+0000] {processor.py:830} INFO - Processing file /home/airflow/.local/lib/python3.12/site-packages/airflow/example_dags/example_latest_only.py for tasks to queue
[2026-04-28T18:25:10.762+0000] {logging_mixin.py:188} INFO - [2026-04-28T18:25:10.761+0000] {dagbag.py:540} INFO - Filling up the DagBag from /home/airflow/.local/lib/python3.12/site-packages/airflow/example_dags/example_latest_only.py
[2026-04-28T18:25:10.767+0000] {processor.py:840} INFO - DAG(s) 'latest_only' retrieved from /home/airflow/.local/lib/python3.12/site-packages/airflow/example_dags/example_latest_only.py
[2026-04-28T18:25:10.792+0000] {logging_mixin.py:188} INFO - [2026-04-28T18:25:10.792+0000] {dag.py:3096} INFO - Sync 1 DAGs
[2026-04-28T18:25:10.820+0000] {logging_mixin.py:188} INFO - [2026-04-28T18:25:10.820+0000] {dag.py:3954} INFO - Setting next_dagrun for latest_only to 2026-04-28 12:00:00+00:00, run_after=2026-04-28 16:00:00+00:00
[2026-04-28T18:25:10.840+0000] {processor.py:183} INFO - Processing /home/airflow/.local/lib/python3.12/site-packages/airflow/example_dags/example_latest_only.py took 0.089 seconds
[2026-04-28T18:25:41.433+0000] {processor.py:161} INFO - Started process (PID=2990) to work on /home/airflow/.local/lib/python3.12/site-packages/airflow/example_dags/example_latest_only.py
[2026-04-28T18:25:41.439+0000] {processor.py:830} INFO - Processing file /home/airflow/.local/lib/python3.12/site-packages/airflow/example_dags/example_latest_only.py for tasks to queue
[2026-04-28T18:25:41.441+0000] {logging_mixin.py:188} INFO - [2026-04-28T18:25:41.440+0000] {dagbag.py:540} INFO - Filling up the DagBag from /home/airflow/.local/lib/python3.12/site-packages/airflow/example_dags/example_latest_only.py
[2026-04-28T18:25:41.500+0000] {processor.py:840} INFO - DAG(s) 'latest_only' retrieved from /home/airflow/.local/lib/python3.12/site-packages/airflow/example_dags/example_latest_only.py
[2026-04-28T18:25:41.552+0000] {logging_mixin.py:188} INFO - [2026-04-28T18:25:41.552+0000] {dag.py:3096} INFO - Sync 1 DAGs
[2026-04-28T18:25:41.612+0000] {logging_mixin.py:188} INFO - [2026-04-28T18:25:41.612+0000] {dag.py:3954} INFO - Setting next_dagrun for latest_only to 2026-04-28 12:00:00+00:00, run_after=2026-04-28 16:00:00+00:00
[2026-04-28T18:25:41.675+0000] {processor.py:183} INFO - Processing /home/airflow/.local/lib/python3.12/site-packages/airflow/example_dags/example_latest_only.py took 0.251 seconds
[2026-04-28T18:26:12.513+0000] {processor.py:161} INFO - Started process (PID=3049) to work on /home/airflow/.local/lib/python3.12/site-packages/airflow/example_dags/example_latest_only.py
[2026-04-28T18:26:12.516+0000] {processor.py:830} INFO - Processing file /home/airflow/.local/lib/python3.12/site-packages/airflow/example_dags/example_latest_only.py for tasks to queue
[2026-04-28T18:26:12.518+0000] {logging_mixin.py:188} INFO - [2026-04-28T18:26:12.517+0000] {dagbag.py:540} INFO - Filling up the DagBag from /home/airflow/.local/lib/python3.12/site-packages/airflow/example_dags/example_latest_only.py
[2026-04-28T18:26:12.526+0000] {processor.py:840} INFO - DAG(s) 'latest_only' retrieved from /home/airflow/.local/lib/python3.12/site-packages/airflow/example_dags/example_latest_only.py
[2026-04-28T18:26:12.560+0000] {logging_mixin.py:188} INFO - [2026-04-28T18:26:12.560+0000] {dag.py:3096} INFO - Sync 1 DAGs
[2026-04-28T18:26:12.603+0000] {logging_mixin.py:188} INFO - [2026-04-28T18:26:12.603+0000] {dag.py:3954} INFO - Setting next_dagrun for latest_only to 2026-04-28 12:00:00+00:00, run_after=2026-04-28 16:00:00+00:00
[2026-04-28T18:26:12.626+0000] {processor.py:183} INFO - Processing /home/airflow/.local/lib/python3.12/site-packages/airflow/example_dags/example_latest_only.py took 0.120 seconds
[2026-04-28T18:26:43.475+0000] {processor.py:161} INFO - Started process (PID=3107) to work on /home/airflow/.local/lib/python3.12/site-packages/airflow/example_dags/example_latest_only.py
[2026-04-28T18:26:43.489+0000] {processor.py:830} INFO - Processing file /home/airflow/.local/lib/python3.12/site-packages/airflow/example_dags/example_latest_only.py for tasks to queue
[2026-04-28T18:26:43.491+0000] {logging_mixin.py:188} INFO - [2026-04-28T18:26:43.491+0000] {dagbag.py:540} INFO - Filling up the DagBag from /home/airflow/.local/lib/python3.12/site-packages/airflow/example_dags/example_latest_only.py
[2026-04-28T18:26:43.497+0000] {processor.py:840} INFO - DAG(s) 'latest_only' retrieved from /home/airflow/.local/lib/python3.12/site-packages/airflow/example_dags/example_latest_only.py
[2026-04-28T18:26:43.522+0000] {logging_mixin.py:188} INFO - [2026-04-28T18:26:43.522+0000] {dag.py:3096} INFO - Sync 1 DAGs
[2026-04-28T18:26:43.551+0000] {logging_mixin.py:188} INFO - [2026-04-28T18:26:43.551+0000] {dag.py:3954} INFO - Setting next_dagrun for latest_only to 2026-04-28 12:00:00+00:00, run_after=2026-04-28 16:00:00+00:00
[2026-04-28T18:26:43.573+0000] {processor.py:183} INFO - Processing /home/airflow/.local/lib/python3.12/site-packages/airflow/example_dags/example_latest_only.py took 0.106 seconds
[2026-04-28T18:27:13.617+0000] {processor.py:161} INFO - Started process (PID=3167) to work on /home/airflow/.local/lib/python3.12/site-packages/airflow/example_dags/example_latest_only.py
[2026-04-28T18:27:13.618+0000] {processor.py:830} INFO - Processing file /home/airflow/.local/lib/python3.12/site-packages/airflow/example_dags/example_latest_only.py for tasks to queue
[2026-04-28T18:27:13.620+0000] {logging_mixin.py:188} INFO - [2026-04-28T18:27:13.619+0000] {dagbag.py:540} INFO - Filling up the DagBag from /home/airflow/.local/lib/python3.12/site-packages/airflow/example_dags/example_latest_only.py
[2026-04-28T18:27:13.625+0000] {processor.py:840} INFO - DAG(s) 'latest_only' retrieved from /home/airflow/.local/lib/python3.12/site-packages/airflow/example_dags/example_latest_only.py
[2026-04-28T18:27:13.678+0000] {logging_mixin.py:188} INFO - [2026-04-28T18:27:13.678+0000] {dag.py:3096} INFO - Sync 1 DAGs
[2026-04-28T18:27:13.731+0000] {logging_mixin.py:188} INFO - [2026-04-28T18:27:13.731+0000] {dag.py:3954} INFO - Setting next_dagrun for latest_only to 2026-04-28 12:00:00+00:00, run_after=2026-04-28 16:00:00+00:00
[2026-04-28T18:27:13.798+0000] {processor.py:183} INFO - Processing /home/airflow/.local/lib/python3.12/site-packages/airflow/example_dags/example_latest_only.py took 0.191 seconds
[2026-04-28T18:27:44.748+0000] {processor.py:161} INFO - Started process (PID=3227) to work on /home/airflow/.local/lib/python3.12/site-packages/airflow/example_dags/example_latest_only.py
[2026-04-28T18:27:44.751+0000] {processor.py:830} INFO - Processing file /home/airflow/.local/lib/python3.12/site-packages/airflow/example_dags/example_latest_only.py for tasks to queue
[2026-04-28T18:27:44.757+0000] {logging_mixin.py:188} INFO - [2026-04-28T18:27:44.752+0000] {dagbag.py:540} INFO - Filling up the DagBag from /home/airflow/.local/lib/python3.12/site-packages/airflow/example_dags/example_latest_only.py
[2026-04-28T18:27:44.769+0000] {processor.py:840} INFO - DAG(s) 'latest_only' retrieved from /home/airflow/.local/lib/python3.12/site-packages/airflow/example_dags/example_latest_only.py
[2026-04-28T18:27:44.838+0000] {logging_mixin.py:188} INFO - [2026-04-28T18:27:44.838+0000] {dag.py:3096} INFO - Sync 1 DAGs
[2026-04-28T18:27:44.939+0000] {logging_mixin.py:188} INFO - [2026-04-28T18:27:44.939+0000] {dag.py:3954} INFO - Setting next_dagrun for latest_only to 2026-04-28 12:00:00+00:00, run_after=2026-04-28 16:00:00+00:00
[2026-04-28T18:27:44.992+0000] {processor.py:183} INFO - Processing /home/airflow/.local/lib/python3.12/site-packages/airflow/example_dags/example_latest_only.py took 0.263 seconds
[2026-04-28T18:28:15.766+0000] {processor.py:161} INFO - Started process (PID=3287) to work on /home/airflow/.local/lib/python3.12/site-packages/airflow/example_dags/example_latest_only.py
[2026-04-28T18:28:15.767+0000] {processor.py:830} INFO - Processing file /home/airflow/.local/lib/python3.12/site-packages/airflow/example_dags/example_latest_only.py for tasks to queue
[2026-04-28T18:28:15.769+0000] {logging_mixin.py:188} INFO - [2026-04-28T18:28:15.768+0000] {dagbag.py:540} INFO - Filling up the DagBag from /home/airflow/.local/lib/python3.12/site-packages/airflow/example_dags/example_latest_only.py
[2026-04-28T18:28:15.774+0000] {processor.py:840} INFO - DAG(s) 'latest_only' retrieved from /home/airflow/.local/lib/python3.12/site-packages/airflow/example_dags/example_latest_only.py
[2026-04-28T18:28:15.807+0000] {logging_mixin.py:188} INFO - [2026-04-28T18:28:15.807+0000] {dag.py:3096} INFO - Sync 1 DAGs
[2026-04-28T18:28:15.837+0000] {logging_mixin.py:188} INFO - [2026-04-28T18:28:15.837+0000] {dag.py:3954} INFO - Setting next_dagrun for latest_only to 2026-04-28 12:00:00+00:00, run_after=2026-04-28 16:00:00+00:00
[2026-04-28T18:28:15.857+0000] {processor.py:183} INFO - Processing /home/airflow/.local/lib/python3.12/site-packages/airflow/example_dags/example_latest_only.py took 0.098 seconds
[2026-04-28T18:28:46.175+0000] {processor.py:161} INFO - Started process (PID=3347) to work on /home/airflow/.local/lib/python3.12/site-packages/airflow/example_dags/example_latest_only.py
[2026-04-28T18:28:46.176+0000] {processor.py:830} INFO - Processing file /home/airflow/.local/lib/python3.12/site-packages/airflow/example_dags/example_latest_only.py for tasks to queue
[2026-04-28T18:28:46.178+0000] {logging_mixin.py:188} INFO - [2026-04-28T18:28:46.178+0000] {dagbag.py:540} INFO - Filling up the DagBag from /home/airflow/.local/lib/python3.12/site-packages/airflow/example_dags/example_latest_only.py
[2026-04-28T18:28:46.184+0000] {processor.py:840} INFO - DAG(s) 'latest_only' retrieved from /home/airflow/.local/lib/python3.12/site-packages/airflow/example_dags/example_latest_only.py
[2026-04-28T18:28:46.210+0000] {logging_mixin.py:188} INFO - [2026-04-28T18:28:46.210+0000] {dag.py:3096} INFO - Sync 1 DAGs
[2026-04-28T18:28:46.238+0000] {logging_mixin.py:188} INFO - [2026-04-28T18:28:46.237+0000] {dag.py:3954} INFO - Setting next_dagrun for latest_only to 2026-04-28 12:00:00+00:00, run_after=2026-04-28 16:00:00+00:00
[2026-04-28T18:28:46.258+0000] {processor.py:183} INFO - Processing /home/airflow/.local/lib/python3.12/site-packages/airflow/example_dags/example_latest_only.py took 0.089 seconds
[2026-04-28T18:29:16.450+0000] {processor.py:161} INFO - Started process (PID=3408) to work on /home/airflow/.local/lib/python3.12/site-packages/airflow/example_dags/example_latest_only.py
[2026-04-28T18:29:16.453+0000] {processor.py:830} INFO - Processing file /home/airflow/.local/lib/python3.12/site-packages/airflow/example_dags/example_latest_only.py for tasks to queue
[2026-04-28T18:29:16.457+0000] {logging_mixin.py:188} INFO - [2026-04-28T18:29:16.454+0000] {dagbag.py:540} INFO - Filling up the DagBag from /home/airflow/.local/lib/python3.12/site-packages/airflow/example_dags/example_latest_only.py
[2026-04-28T18:29:16.470+0000] {processor.py:840} INFO - DAG(s) 'latest_only' retrieved from /home/airflow/.local/lib/python3.12/site-packages/airflow/example_dags/example_latest_only.py
[2026-04-28T18:29:16.500+0000] {logging_mixin.py:188} INFO - [2026-04-28T18:29:16.500+0000] {dag.py:3096} INFO - Sync 1 DAGs
[2026-04-28T18:29:16.543+0000] {logging_mixin.py:188} INFO - [2026-04-28T18:29:16.543+0000] {dag.py:3954} INFO - Setting next_dagrun for latest_only to 2026-04-28 12:00:00+00:00, run_after=2026-04-28 16:00:00+00:00
[2026-04-28T18:29:16.612+0000] {processor.py:183} INFO - Processing /home/airflow/.local/lib/python3.12/site-packages/airflow/example_dags/example_latest_only.py took 0.168 seconds
[2026-04-28T18:29:47.165+0000] {processor.py:161} INFO - Started process (PID=3468) to work on /home/airflow/.local/lib/python3.12/site-packages/airflow/example_dags/example_latest_only.py
[2026-04-28T18:29:47.166+0000] {processor.py:830} INFO - Processing file /home/airflow/.local/lib/python3.12/site-packages/airflow/example_dags/example_latest_only.py for tasks to queue
[2026-04-28T18:29:47.168+0000] {logging_mixin.py:188} INFO - [2026-04-28T18:29:47.167+0000] {dagbag.py:540} INFO - Filling up the DagBag from /home/airflow/.local/lib/python3.12/site-packages/airflow/example_dags/example_latest_only.py
[2026-04-28T18:29:47.173+0000] {processor.py:840} INFO - DAG(s) 'latest_only' retrieved from /home/airflow/.local/lib/python3.12/site-packages/airflow/example_dags/example_latest_only.py
[2026-04-28T18:29:47.196+0000] {logging_mixin.py:188} INFO - [2026-04-28T18:29:47.196+0000] {dag.py:3096} INFO - Sync 1 DAGs
[2026-04-28T18:29:47.282+0000] {logging_mixin.py:188} INFO - [2026-04-28T18:29:47.282+0000] {dag.py:3954} INFO - Setting next_dagrun for latest_only to 2026-04-28 12:00:00+00:00, run_after=2026-04-28 16:00:00+00:00
[2026-04-28T18:29:47.338+0000] {processor.py:183} INFO - Processing /home/airflow/.local/lib/python3.12/site-packages/airflow/example_dags/example_latest_only.py took 0.179 seconds
[2026-04-28T18:30:18.075+0000] {processor.py:161} INFO - Started process (PID=3528) to work on /home/airflow/.local/lib/python3.12/site-packages/airflow/example_dags/example_latest_only.py
[2026-04-28T18:30:18.076+0000] {processor.py:830} INFO - Processing file /home/airflow/.local/lib/python3.12/site-packages/airflow/example_dags/example_latest_only.py for tasks to queue
[2026-04-28T18:30:18.078+0000] {logging_mixin.py:188} INFO - [2026-04-28T18:30:18.078+0000] {dagbag.py:540} INFO - Filling up the DagBag from /home/airflow/.local/lib/python3.12/site-packages/airflow/example_dags/example_latest_only.py
[2026-04-28T18:30:18.083+0000] {processor.py:840} INFO - DAG(s) 'latest_only' retrieved from /home/airflow/.local/lib/python3.12/site-packages/airflow/example_dags/example_latest_only.py
[2026-04-28T18:30:18.109+0000] {logging_mixin.py:188} INFO - [2026-04-28T18:30:18.107+0000] {dag.py:3096} INFO - Sync 1 DAGs
[2026-04-28T18:30:18.149+0000] {logging_mixin.py:188} INFO - [2026-04-28T18:30:18.149+0000] {dag.py:3954} INFO - Setting next_dagrun for latest_only to 2026-04-28 12:00:00+00:00, run_after=2026-04-28 16:00:00+00:00
[2026-04-28T18:30:18.172+0000] {processor.py:183} INFO - Processing /home/airflow/.local/lib/python3.12/site-packages/airflow/example_dags/example_latest_only.py took 0.103 seconds
[2026-04-28T18:30:48.616+0000] {processor.py:161} INFO - Started process (PID=3588) to work on /home/airflow/.local/lib/python3.12/site-packages/airflow/example_dags/example_latest_only.py
[2026-04-28T18:30:48.620+0000] {processor.py:830} INFO - Processing file /home/airflow/.local/lib/python3.12/site-packages/airflow/example_dags/example_latest_only.py for tasks to queue
[2026-04-28T18:30:48.622+0000] {logging_mixin.py:188} INFO - [2026-04-28T18:30:48.622+0000] {dagbag.py:540} INFO - Filling up the DagBag from /home/airflow/.local/lib/python3.12/site-packages/airflow/example_dags/example_latest_only.py
[2026-04-28T18:30:48.634+0000] {processor.py:840} INFO - DAG(s) 'latest_only' retrieved from /home/airflow/.local/lib/python3.12/site-packages/airflow/example_dags/example_latest_only.py
[2026-04-28T18:30:48.677+0000] {logging_mixin.py:188} INFO - [2026-04-28T18:30:48.677+0000] {dag.py:3096} INFO - Sync 1 DAGs
[2026-04-28T18:30:48.706+0000] {logging_mixin.py:188} INFO - [2026-04-28T18:30:48.706+0000] {dag.py:3954} INFO - Setting next_dagrun for latest_only to 2026-04-28 12:00:00+00:00, run_after=2026-04-28 16:00:00+00:00
[2026-04-28T18:30:48.757+0000] {processor.py:183} INFO - Processing /home/airflow/.local/lib/python3.12/site-packages/airflow/example_dags/example_latest_only.py took 0.159 seconds
[2026-04-28T18:31:18.882+0000] {processor.py:161} INFO - Started process (PID=3648) to work on /home/airflow/.local/lib/python3.12/site-packages/airflow/example_dags/example_latest_only.py
[2026-04-28T18:31:18.885+0000] {processor.py:830} INFO - Processing file /home/airflow/.local/lib/python3.12/site-packages/airflow/example_dags/example_latest_only.py for tasks to queue
[2026-04-28T18:31:18.888+0000] {logging_mixin.py:188} INFO - [2026-04-28T18:31:18.888+0000] {dagbag.py:540} INFO - Filling up the DagBag from /home/airflow/.local/lib/python3.12/site-packages/airflow/example_dags/example_latest_only.py
[2026-04-28T18:31:18.899+0000] {processor.py:840} INFO - DAG(s) 'latest_only' retrieved from /home/airflow/.local/lib/python3.12/site-packages/airflow/example_dags/example_latest_only.py
[2026-04-28T18:31:18.936+0000] {logging_mixin.py:188} INFO - [2026-04-28T18:31:18.936+0000] {dag.py:3096} INFO - Sync 1 DAGs
[2026-04-28T18:31:18.965+0000] {logging_mixin.py:188} INFO - [2026-04-28T18:31:18.964+0000] {dag.py:3954} INFO - Setting next_dagrun for latest_only to 2026-04-28 12:00:00+00:00, run_after=2026-04-28 16:00:00+00:00
[2026-04-28T18:31:18.989+0000] {processor.py:183} INFO - Processing /home/airflow/.local/lib/python3.12/site-packages/airflow/example_dags/example_latest_only.py took 0.122 seconds
[2026-04-28T18:31:49.900+0000] {processor.py:161} INFO - Started process (PID=3707) to work on /home/airflow/.local/lib/python3.12/site-packages/airflow/example_dags/example_latest_only.py
[2026-04-28T18:31:49.901+0000] {processor.py:830} INFO - Processing file /home/airflow/.local/lib/python3.12/site-packages/airflow/example_dags/example_latest_only.py for tasks to queue
[2026-04-28T18:31:49.903+0000] {logging_mixin.py:188} INFO - [2026-04-28T18:31:49.903+0000] {dagbag.py:540} INFO - Filling up the DagBag from /home/airflow/.local/lib/python3.12/site-packages/airflow/example_dags/example_latest_only.py
[2026-04-28T18:31:49.909+0000] {processor.py:840} INFO - DAG(s) 'latest_only' retrieved from /home/airflow/.local/lib/python3.12/site-packages/airflow/example_dags/example_latest_only.py
[2026-04-28T18:31:49.948+0000] {logging_mixin.py:188} INFO - [2026-04-28T18:31:49.948+0000] {dag.py:3096} INFO - Sync 1 DAGs
[2026-04-28T18:31:49.980+0000] {logging_mixin.py:188} INFO - [2026-04-28T18:31:49.979+0000] {dag.py:3954} INFO - Setting next_dagrun for latest_only to 2026-04-28 12:00:00+00:00, run_after=2026-04-28 16:00:00+00:00
[2026-04-28T18:31:50.019+0000] {processor.py:183} INFO - Processing /home/airflow/.local/lib/python3.12/site-packages/airflow/example_dags/example_latest_only.py took 0.134 seconds
[2026-04-28T18:32:20.800+0000] {processor.py:161} INFO - Started process (PID=3767) to work on /home/airflow/.local/lib/python3.12/site-packages/airflow/example_dags/example_latest_only.py
[2026-04-28T18:32:20.801+0000] {processor.py:830} INFO - Processing file /home/airflow/.local/lib/python3.12/site-packages/airflow/example_dags/example_latest_only.py for tasks to queue
[2026-04-28T18:32:20.803+0000] {logging_mixin.py:188} INFO - [2026-04-28T18:32:20.802+0000] {dagbag.py:540} INFO - Filling up the DagBag from /home/airflow/.local/lib/python3.12/site-packages/airflow/example_dags/example_latest_only.py
[2026-04-28T18:32:20.808+0000] {processor.py:840} INFO - DAG(s) 'latest_only' retrieved from /home/airflow/.local/lib/python3.12/site-packages/airflow/example_dags/example_latest_only.py
[2026-04-28T18:32:20.846+0000] {logging_mixin.py:188} INFO - [2026-04-28T18:32:20.846+0000] {dag.py:3096} INFO - Sync 1 DAGs
[2026-04-28T18:32:20.880+0000] {logging_mixin.py:188} INFO - [2026-04-28T18:32:20.880+0000] {dag.py:3954} INFO - Setting next_dagrun for latest_only to 2026-04-28 12:00:00+00:00, run_after=2026-04-28 16:00:00+00:00
[2026-04-28T18:32:20.903+0000] {processor.py:183} INFO - Processing /home/airflow/.local/lib/python3.12/site-packages/airflow/example_dags/example_latest_only.py took 0.111 seconds
[2026-04-28T18:32:50.957+0000] {processor.py:161} INFO - Started process (PID=3827) to work on /home/airflow/.local/lib/python3.12/site-packages/airflow/example_dags/example_latest_only.py
[2026-04-28T18:32:50.959+0000] {processor.py:830} INFO - Processing file /home/airflow/.local/lib/python3.12/site-packages/airflow/example_dags/example_latest_only.py for tasks to queue
[2026-04-28T18:32:50.961+0000] {logging_mixin.py:188} INFO - [2026-04-28T18:32:50.960+0000] {dagbag.py:540} INFO - Filling up the DagBag from /home/airflow/.local/lib/python3.12/site-packages/airflow/example_dags/example_latest_only.py
[2026-04-28T18:32:50.967+0000] {processor.py:840} INFO - DAG(s) 'latest_only' retrieved from /home/airflow/.local/lib/python3.12/site-packages/airflow/example_dags/example_latest_only.py
[2026-04-28T18:32:50.992+0000] {logging_mixin.py:188} INFO - [2026-04-28T18:32:50.992+0000] {dag.py:3096} INFO - Sync 1 DAGs
[2026-04-28T18:32:51.035+0000] {logging_mixin.py:188} INFO - [2026-04-28T18:32:51.035+0000] {dag.py:3954} INFO - Setting next_dagrun for latest_only to 2026-04-28 12:00:00+00:00, run_after=2026-04-28 16:00:00+00:00
[2026-04-28T18:32:51.068+0000] {processor.py:183} INFO - Processing /home/airflow/.local/lib/python3.12/site-packages/airflow/example_dags/example_latest_only.py took 0.118 seconds
[2026-04-28T18:33:21.318+0000] {processor.py:161} INFO - Started process (PID=3888) to work on /home/airflow/.local/lib/python3.12/site-packages/airflow/example_dags/example_latest_only.py
[2026-04-28T18:33:21.321+0000] {processor.py:830} INFO - Processing file /home/airflow/.local/lib/python3.12/site-packages/airflow/example_dags/example_latest_only.py for tasks to queue
[2026-04-28T18:33:21.325+0000] {logging_mixin.py:188} INFO - [2026-04-28T18:33:21.325+0000] {dagbag.py:540} INFO - Filling up the DagBag from /home/airflow/.local/lib/python3.12/site-packages/airflow/example_dags/example_latest_only.py
[2026-04-28T18:33:21.335+0000] {processor.py:840} INFO - DAG(s) 'latest_only' retrieved from /home/airflow/.local/lib/python3.12/site-packages/airflow/example_dags/example_latest_only.py
[2026-04-28T18:33:21.383+0000] {logging_mixin.py:188} INFO - [2026-04-28T18:33:21.383+0000] {dag.py:3096} INFO - Sync 1 DAGs
[2026-04-28T18:33:21.444+0000] {logging_mixin.py:188} INFO - [2026-04-28T18:33:21.443+0000] {dag.py:3954} INFO - Setting next_dagrun for latest_only to 2026-04-28 12:00:00+00:00, run_after=2026-04-28 16:00:00+00:00
[2026-04-28T18:33:21.468+0000] {processor.py:183} INFO - Processing /home/airflow/.local/lib/python3.12/site-packages/airflow/example_dags/example_latest_only.py took 0.167 seconds
[2026-04-28T18:33:52.070+0000] {processor.py:161} INFO - Started process (PID=3954) to work on /home/airflow/.local/lib/python3.12/site-packages/airflow/example_dags/example_latest_only.py
[2026-04-28T18:33:52.075+0000] {processor.py:830} INFO - Processing file /home/airflow/.local/lib/python3.12/site-packages/airflow/example_dags/example_latest_only.py for tasks to queue
[2026-04-28T18:33:52.079+0000] {logging_mixin.py:188} INFO - [2026-04-28T18:33:52.079+0000] {dagbag.py:540} INFO - Filling up the DagBag from /home/airflow/.local/lib/python3.12/site-packages/airflow/example_dags/example_latest_only.py
[2026-04-28T18:33:52.089+0000] {processor.py:840} INFO - DAG(s) 'latest_only' retrieved from /home/airflow/.local/lib/python3.12/site-packages/airflow/example_dags/example_latest_only.py
[2026-04-28T18:33:52.141+0000] {logging_mixin.py:188} INFO - [2026-04-28T18:33:52.141+0000] {dag.py:3096} INFO - Sync 1 DAGs
[2026-04-28T18:33:52.203+0000] {logging_mixin.py:188} INFO - [2026-04-28T18:33:52.203+0000] {dag.py:3954} INFO - Setting next_dagrun for latest_only to 2026-04-28 12:00:00+00:00, run_after=2026-04-28 16:00:00+00:00
[2026-04-28T18:33:52.245+0000] {processor.py:183} INFO - Processing /home/airflow/.local/lib/python3.12/site-packages/airflow/example_dags/example_latest_only.py took 0.198 seconds
[2026-04-28T18:34:22.728+0000] {processor.py:161} INFO - Started process (PID=4014) to work on /home/airflow/.local/lib/python3.12/site-packages/airflow/example_dags/example_latest_only.py
[2026-04-28T18:34:22.729+0000] {processor.py:830} INFO - Processing file /home/airflow/.local/lib/python3.12/site-packages/airflow/example_dags/example_latest_only.py for tasks to queue
[2026-04-28T18:34:22.731+0000] {logging_mixin.py:188} INFO - [2026-04-28T18:34:22.730+0000] {dagbag.py:540} INFO - Filling up the DagBag from /home/airflow/.local/lib/python3.12/site-packages/airflow/example_dags/example_latest_only.py
[2026-04-28T18:34:22.736+0000] {processor.py:840} INFO - DAG(s) 'latest_only' retrieved from /home/airflow/.local/lib/python3.12/site-packages/airflow/example_dags/example_latest_only.py
[2026-04-28T18:34:22.759+0000] {logging_mixin.py:188} INFO - [2026-04-28T18:34:22.759+0000] {dag.py:3096} INFO - Sync 1 DAGs
[2026-04-28T18:34:22.790+0000] {logging_mixin.py:188} INFO - [2026-04-28T18:34:22.790+0000] {dag.py:3954} INFO - Setting next_dagrun for latest_only to 2026-04-28 12:00:00+00:00, run_after=2026-04-28 16:00:00+00:00
[2026-04-28T18:34:22.814+0000] {processor.py:183} INFO - Processing /home/airflow/.local/lib/python3.12/site-packages/airflow/example_dags/example_latest_only.py took 0.093 seconds
[2026-04-28T18:34:53.266+0000] {processor.py:161} INFO - Started process (PID=4074) to work on /home/airflow/.local/lib/python3.12/site-packages/airflow/example_dags/example_latest_only.py
[2026-04-28T18:34:53.267+0000] {processor.py:830} INFO - Processing file /home/airflow/.local/lib/python3.12/site-packages/airflow/example_dags/example_latest_only.py for tasks to queue
[2026-04-28T18:34:53.269+0000] {logging_mixin.py:188} INFO - [2026-04-28T18:34:53.268+0000] {dagbag.py:540} INFO - Filling up the DagBag from /home/airflow/.local/lib/python3.12/site-packages/airflow/example_dags/example_latest_only.py
[2026-04-28T18:34:53.274+0000] {processor.py:840} INFO - DAG(s) 'latest_only' retrieved from /home/airflow/.local/lib/python3.12/site-packages/airflow/example_dags/example_latest_only.py
[2026-04-28T18:34:53.297+0000] {logging_mixin.py:188} INFO - [2026-04-28T18:34:53.297+0000] {dag.py:3096} INFO - Sync 1 DAGs
[2026-04-28T18:34:53.327+0000] {logging_mixin.py:188} INFO - [2026-04-28T18:34:53.326+0000] {dag.py:3954} INFO - Setting next_dagrun for latest_only to 2026-04-28 12:00:00+00:00, run_after=2026-04-28 16:00:00+00:00
[2026-04-28T18:34:53.347+0000] {processor.py:183} INFO - Processing /home/airflow/.local/lib/python3.12/site-packages/airflow/example_dags/example_latest_only.py took 0.088 seconds
[2026-04-28T18:35:23.930+0000] {processor.py:161} INFO - Started process (PID=4134) to work on /home/airflow/.local/lib/python3.12/site-packages/airflow/example_dags/example_latest_only.py
[2026-04-28T18:35:23.933+0000] {processor.py:830} INFO - Processing file /home/airflow/.local/lib/python3.12/site-packages/airflow/example_dags/example_latest_only.py for tasks to queue
[2026-04-28T18:35:23.935+0000] {logging_mixin.py:188} INFO - [2026-04-28T18:35:23.934+0000] {dagbag.py:540} INFO - Filling up the DagBag from /home/airflow/.local/lib/python3.12/site-packages/airflow/example_dags/example_latest_only.py
[2026-04-28T18:35:23.940+0000] {processor.py:840} INFO - DAG(s) 'latest_only' retrieved from /home/airflow/.local/lib/python3.12/site-packages/airflow/example_dags/example_latest_only.py
[2026-04-28T18:35:23.966+0000] {logging_mixin.py:188} INFO - [2026-04-28T18:35:23.966+0000] {dag.py:3096} INFO - Sync 1 DAGs
[2026-04-28T18:35:23.999+0000] {logging_mixin.py:188} INFO - [2026-04-28T18:35:23.998+0000] {dag.py:3954} INFO - Setting next_dagrun for latest_only to 2026-04-28 12:00:00+00:00, run_after=2026-04-28 16:00:00+00:00
[2026-04-28T18:35:24.019+0000] {processor.py:183} INFO - Processing /home/airflow/.local/lib/python3.12/site-packages/airflow/example_dags/example_latest_only.py took 0.096 seconds
[2026-04-28T19:05:35.227+0000] {processor.py:161} INFO - Started process (PID=102) to work on /home/airflow/.local/lib/python3.12/site-packages/airflow/example_dags/example_latest_only.py
[2026-04-28T19:05:35.233+0000] {processor.py:830} INFO - Processing file /home/airflow/.local/lib/python3.12/site-packages/airflow/example_dags/example_latest_only.py for tasks to queue
[2026-04-28T19:05:35.235+0000] {logging_mixin.py:188} INFO - [2026-04-28T19:05:35.234+0000] {dagbag.py:540} INFO - Filling up the DagBag from /home/airflow/.local/lib/python3.12/site-packages/airflow/example_dags/example_latest_only.py
[2026-04-28T19:05:35.246+0000] {processor.py:840} INFO - DAG(s) 'latest_only' retrieved from /home/airflow/.local/lib/python3.12/site-packages/airflow/example_dags/example_latest_only.py
[2026-04-28T19:05:35.368+0000] {logging_mixin.py:188} INFO - [2026-04-28T19:05:35.368+0000] {dag.py:3096} INFO - Sync 1 DAGs
[2026-04-28T19:05:35.453+0000] {logging_mixin.py:188} INFO - [2026-04-28T19:05:35.453+0000] {dag.py:3954} INFO - Setting next_dagrun for latest_only to 2026-04-28 12:00:00+00:00, run_after=2026-04-28 16:00:00+00:00
[2026-04-28T19:05:35.545+0000] {processor.py:183} INFO - Processing /home/airflow/.local/lib/python3.12/site-packages/airflow/example_dags/example_latest_only.py took 0.334 seconds
[2026-04-28T19:06:06.455+0000] {processor.py:161} INFO - Started process (PID=162) to work on /home/airflow/.local/lib/python3.12/site-packages/airflow/example_dags/example_latest_only.py
[2026-04-28T19:06:06.456+0000] {processor.py:830} INFO - Processing file /home/airflow/.local/lib/python3.12/site-packages/airflow/example_dags/example_latest_only.py for tasks to queue
[2026-04-28T19:06:06.462+0000] {logging_mixin.py:188} INFO - [2026-04-28T19:06:06.461+0000] {dagbag.py:540} INFO - Filling up the DagBag from /home/airflow/.local/lib/python3.12/site-packages/airflow/example_dags/example_latest_only.py
[2026-04-28T19:06:06.473+0000] {processor.py:840} INFO - DAG(s) 'latest_only' retrieved from /home/airflow/.local/lib/python3.12/site-packages/airflow/example_dags/example_latest_only.py
[2026-04-28T19:06:06.520+0000] {logging_mixin.py:188} INFO - [2026-04-28T19:06:06.520+0000] {dag.py:3096} INFO - Sync 1 DAGs
[2026-04-28T19:06:06.580+0000] {logging_mixin.py:188} INFO - [2026-04-28T19:06:06.579+0000] {dag.py:3954} INFO - Setting next_dagrun for latest_only to 2026-04-28 12:00:00+00:00, run_after=2026-04-28 16:00:00+00:00
[2026-04-28T19:06:06.620+0000] {processor.py:183} INFO - Processing /home/airflow/.local/lib/python3.12/site-packages/airflow/example_dags/example_latest_only.py took 0.183 seconds
[2026-04-28T19:06:37.021+0000] {processor.py:161} INFO - Started process (PID=222) to work on /home/airflow/.local/lib/python3.12/site-packages/airflow/example_dags/example_latest_only.py
[2026-04-28T19:06:37.021+0000] {processor.py:830} INFO - Processing file /home/airflow/.local/lib/python3.12/site-packages/airflow/example_dags/example_latest_only.py for tasks to queue
[2026-04-28T19:06:37.023+0000] {logging_mixin.py:188} INFO - [2026-04-28T19:06:37.023+0000] {dagbag.py:540} INFO - Filling up the DagBag from /home/airflow/.local/lib/python3.12/site-packages/airflow/example_dags/example_latest_only.py
[2026-04-28T19:06:37.027+0000] {processor.py:840} INFO - DAG(s) 'latest_only' retrieved from /home/airflow/.local/lib/python3.12/site-packages/airflow/example_dags/example_latest_only.py
[2026-04-28T19:06:37.044+0000] {logging_mixin.py:188} INFO - [2026-04-28T19:06:37.043+0000] {dag.py:3096} INFO - Sync 1 DAGs
[2026-04-28T19:06:37.064+0000] {logging_mixin.py:188} INFO - [2026-04-28T19:06:37.064+0000] {dag.py:3954} INFO - Setting next_dagrun for latest_only to 2026-04-28 12:00:00+00:00, run_after=2026-04-28 16:00:00+00:00
[2026-04-28T19:06:37.079+0000] {processor.py:183} INFO - Processing /home/airflow/.local/lib/python3.12/site-packages/airflow/example_dags/example_latest_only.py took 0.063 seconds
[2026-04-28T19:07:08.003+0000] {processor.py:161} INFO - Started process (PID=282) to work on /home/airflow/.local/lib/python3.12/site-packages/airflow/example_dags/example_latest_only.py
[2026-04-28T19:07:08.004+0000] {processor.py:830} INFO - Processing file /home/airflow/.local/lib/python3.12/site-packages/airflow/example_dags/example_latest_only.py for tasks to queue
[2026-04-28T19:07:08.005+0000] {logging_mixin.py:188} INFO - [2026-04-28T19:07:08.005+0000] {dagbag.py:540} INFO - Filling up the DagBag from /home/airflow/.local/lib/python3.12/site-packages/airflow/example_dags/example_latest_only.py
[2026-04-28T19:07:08.010+0000] {processor.py:840} INFO - DAG(s) 'latest_only' retrieved from /home/airflow/.local/lib/python3.12/site-packages/airflow/example_dags/example_latest_only.py
[2026-04-28T19:07:08.026+0000] {logging_mixin.py:188} INFO - [2026-04-28T19:07:08.026+0000] {dag.py:3096} INFO - Sync 1 DAGs
[2026-04-28T19:07:08.045+0000] {logging_mixin.py:188} INFO - [2026-04-28T19:07:08.045+0000] {dag.py:3954} INFO - Setting next_dagrun for latest_only to 2026-04-28 12:00:00+00:00, run_after=2026-04-28 16:00:00+00:00
[2026-04-28T19:07:08.059+0000] {processor.py:183} INFO - Processing /home/airflow/.local/lib/python3.12/site-packages/airflow/example_dags/example_latest_only.py took 0.061 seconds
[2026-04-28T19:07:38.596+0000] {processor.py:161} INFO - Started process (PID=342) to work on /home/airflow/.local/lib/python3.12/site-packages/airflow/example_dags/example_latest_only.py
[2026-04-28T19:07:38.597+0000] {processor.py:830} INFO - Processing file /home/airflow/.local/lib/python3.12/site-packages/airflow/example_dags/example_latest_only.py for tasks to queue
[2026-04-28T19:07:38.599+0000] {logging_mixin.py:188} INFO - [2026-04-28T19:07:38.598+0000] {dagbag.py:540} INFO - Filling up the DagBag from /home/airflow/.local/lib/python3.12/site-packages/airflow/example_dags/example_latest_only.py
[2026-04-28T19:07:38.603+0000] {processor.py:840} INFO - DAG(s) 'latest_only' retrieved from /home/airflow/.local/lib/python3.12/site-packages/airflow/example_dags/example_latest_only.py
[2026-04-28T19:07:38.619+0000] {logging_mixin.py:188} INFO - [2026-04-28T19:07:38.619+0000] {dag.py:3096} INFO - Sync 1 DAGs
[2026-04-28T19:07:38.637+0000] {logging_mixin.py:188} INFO - [2026-04-28T19:07:38.637+0000] {dag.py:3954} INFO - Setting next_dagrun for latest_only to 2026-04-28 12:00:00+00:00, run_after=2026-04-28 16:00:00+00:00
[2026-04-28T19:07:38.652+0000] {processor.py:183} INFO - Processing /home/airflow/.local/lib/python3.12/site-packages/airflow/example_dags/example_latest_only.py took 0.060 seconds
[2026-04-28T19:08:08.943+0000] {processor.py:161} INFO - Started process (PID=401) to work on /home/airflow/.local/lib/python3.12/site-packages/airflow/example_dags/example_latest_only.py
[2026-04-28T19:08:08.944+0000] {processor.py:830} INFO - Processing file /home/airflow/.local/lib/python3.12/site-packages/airflow/example_dags/example_latest_only.py for tasks to queue
[2026-04-28T19:08:08.946+0000] {logging_mixin.py:188} INFO - [2026-04-28T19:08:08.946+0000] {dagbag.py:540} INFO - Filling up the DagBag from /home/airflow/.local/lib/python3.12/site-packages/airflow/example_dags/example_latest_only.py
[2026-04-28T19:08:08.950+0000] {processor.py:840} INFO - DAG(s) 'latest_only' retrieved from /home/airflow/.local/lib/python3.12/site-packages/airflow/example_dags/example_latest_only.py
[2026-04-28T19:08:08.968+0000] {logging_mixin.py:188} INFO - [2026-04-28T19:08:08.967+0000] {dag.py:3096} INFO - Sync 1 DAGs
[2026-04-28T19:08:08.997+0000] {logging_mixin.py:188} INFO - [2026-04-28T19:08:08.997+0000] {dag.py:3954} INFO - Setting next_dagrun for latest_only to 2026-04-28 12:00:00+00:00, run_after=2026-04-28 16:00:00+00:00
[2026-04-28T19:08:09.034+0000] {processor.py:183} INFO - Processing /home/airflow/.local/lib/python3.12/site-packages/airflow/example_dags/example_latest_only.py took 0.096 seconds
[2026-04-28T19:08:39.524+0000] {processor.py:161} INFO - Started process (PID=461) to work on /home/airflow/.local/lib/python3.12/site-packages/airflow/example_dags/example_latest_only.py
[2026-04-28T19:08:39.525+0000] {processor.py:830} INFO - Processing file /home/airflow/.local/lib/python3.12/site-packages/airflow/example_dags/example_latest_only.py for tasks to queue
[2026-04-28T19:08:39.527+0000] {logging_mixin.py:188} INFO - [2026-04-28T19:08:39.527+0000] {dagbag.py:540} INFO - Filling up the DagBag from /home/airflow/.local/lib/python3.12/site-packages/airflow/example_dags/example_latest_only.py
[2026-04-28T19:08:39.531+0000] {processor.py:840} INFO - DAG(s) 'latest_only' retrieved from /home/airflow/.local/lib/python3.12/site-packages/airflow/example_dags/example_latest_only.py
[2026-04-28T19:08:39.549+0000] {logging_mixin.py:188} INFO - [2026-04-28T19:08:39.548+0000] {dag.py:3096} INFO - Sync 1 DAGs
[2026-04-28T19:08:39.567+0000] {logging_mixin.py:188} INFO - [2026-04-28T19:08:39.567+0000] {dag.py:3954} INFO - Setting next_dagrun for latest_only to 2026-04-28 12:00:00+00:00, run_after=2026-04-28 16:00:00+00:00
[2026-04-28T19:08:39.582+0000] {processor.py:183} INFO - Processing /home/airflow/.local/lib/python3.12/site-packages/airflow/example_dags/example_latest_only.py took 0.063 seconds
[2026-04-28T19:09:10.028+0000] {processor.py:161} INFO - Started process (PID=521) to work on /home/airflow/.local/lib/python3.12/site-packages/airflow/example_dags/example_latest_only.py
[2026-04-28T19:09:10.029+0000] {processor.py:830} INFO - Processing file /home/airflow/.local/lib/python3.12/site-packages/airflow/example_dags/example_latest_only.py for tasks to queue
[2026-04-28T19:09:10.031+0000] {logging_mixin.py:188} INFO - [2026-04-28T19:09:10.030+0000] {dagbag.py:540} INFO - Filling up the DagBag from /home/airflow/.local/lib/python3.12/site-packages/airflow/example_dags/example_latest_only.py
[2026-04-28T19:09:10.036+0000] {processor.py:840} INFO - DAG(s) 'latest_only' retrieved from /home/airflow/.local/lib/python3.12/site-packages/airflow/example_dags/example_latest_only.py
[2026-04-28T19:09:10.063+0000] {logging_mixin.py:188} INFO - [2026-04-28T19:09:10.063+0000] {dag.py:3096} INFO - Sync 1 DAGs
[2026-04-28T19:09:10.084+0000] {logging_mixin.py:188} INFO - [2026-04-28T19:09:10.084+0000] {dag.py:3954} INFO - Setting next_dagrun for latest_only to 2026-04-28 12:00:00+00:00, run_after=2026-04-28 16:00:00+00:00
[2026-04-28T19:09:10.099+0000] {processor.py:183} INFO - Processing /home/airflow/.local/lib/python3.12/site-packages/airflow/example_dags/example_latest_only.py took 0.078 seconds
[2026-04-28T19:09:40.883+0000] {processor.py:161} INFO - Started process (PID=581) to work on /home/airflow/.local/lib/python3.12/site-packages/airflow/example_dags/example_latest_only.py
[2026-04-28T19:09:40.889+0000] {processor.py:830} INFO - Processing file /home/airflow/.local/lib/python3.12/site-packages/airflow/example_dags/example_latest_only.py for tasks to queue
[2026-04-28T19:09:40.895+0000] {logging_mixin.py:188} INFO - [2026-04-28T19:09:40.895+0000] {dagbag.py:540} INFO - Filling up the DagBag from /home/airflow/.local/lib/python3.12/site-packages/airflow/example_dags/example_latest_only.py
[2026-04-28T19:09:40.921+0000] {processor.py:840} INFO - DAG(s) 'latest_only' retrieved from /home/airflow/.local/lib/python3.12/site-packages/airflow/example_dags/example_latest_only.py
[2026-04-28T19:09:41.010+0000] {logging_mixin.py:188} INFO - [2026-04-28T19:09:41.010+0000] {dag.py:3096} INFO - Sync 1 DAGs
[2026-04-28T19:09:41.064+0000] {logging_mixin.py:188} INFO - [2026-04-28T19:09:41.063+0000] {dag.py:3954} INFO - Setting next_dagrun for latest_only to 2026-04-28 12:00:00+00:00, run_after=2026-04-28 16:00:00+00:00
[2026-04-28T19:09:41.101+0000] {processor.py:183} INFO - Processing /home/airflow/.local/lib/python3.12/site-packages/airflow/example_dags/example_latest_only.py took 0.260 seconds
[2026-04-28T19:10:13.673+0000] {processor.py:161} INFO - Started process (PID=641) to work on /home/airflow/.local/lib/python3.12/site-packages/airflow/example_dags/example_latest_only.py
[2026-04-28T19:10:13.674+0000] {processor.py:830} INFO - Processing file /home/airflow/.local/lib/python3.12/site-packages/airflow/example_dags/example_latest_only.py for tasks to queue
[2026-04-28T19:10:13.676+0000] {logging_mixin.py:188} INFO - [2026-04-28T19:10:13.676+0000] {dagbag.py:540} INFO - Filling up the DagBag from /home/airflow/.local/lib/python3.12/site-packages/airflow/example_dags/example_latest_only.py
[2026-04-28T19:10:13.682+0000] {processor.py:840} INFO - DAG(s) 'latest_only' retrieved from /home/airflow/.local/lib/python3.12/site-packages/airflow/example_dags/example_latest_only.py
[2026-04-28T19:10:13.722+0000] {logging_mixin.py:188} INFO - [2026-04-28T19:10:13.722+0000] {dag.py:3096} INFO - Sync 1 DAGs
[2026-04-28T19:10:13.753+0000] {logging_mixin.py:188} INFO - [2026-04-28T19:10:13.753+0000] {dag.py:3954} INFO - Setting next_dagrun for latest_only to 2026-04-28 12:00:00+00:00, run_after=2026-04-28 16:00:00+00:00
[2026-04-28T19:10:13.796+0000] {processor.py:183} INFO - Processing /home/airflow/.local/lib/python3.12/site-packages/airflow/example_dags/example_latest_only.py took 0.130 seconds
[2026-04-28T19:10:43.861+0000] {processor.py:161} INFO - Started process (PID=700) to work on /home/airflow/.local/lib/python3.12/site-packages/airflow/example_dags/example_latest_only.py
[2026-04-28T19:10:43.862+0000] {processor.py:830} INFO - Processing file /home/airflow/.local/lib/python3.12/site-packages/airflow/example_dags/example_latest_only.py for tasks to queue
[2026-04-28T19:10:43.864+0000] {logging_mixin.py:188} INFO - [2026-04-28T19:10:43.863+0000] {dagbag.py:540} INFO - Filling up the DagBag from /home/airflow/.local/lib/python3.12/site-packages/airflow/example_dags/example_latest_only.py
[2026-04-28T19:10:43.870+0000] {processor.py:840} INFO - DAG(s) 'latest_only' retrieved from /home/airflow/.local/lib/python3.12/site-packages/airflow/example_dags/example_latest_only.py
[2026-04-28T19:10:43.892+0000] {logging_mixin.py:188} INFO - [2026-04-28T19:10:43.892+0000] {dag.py:3096} INFO - Sync 1 DAGs
[2026-04-28T19:10:43.917+0000] {logging_mixin.py:188} INFO - [2026-04-28T19:10:43.917+0000] {dag.py:3954} INFO - Setting next_dagrun for latest_only to 2026-04-28 12:00:00+00:00, run_after=2026-04-28 16:00:00+00:00
[2026-04-28T19:10:43.934+0000] {processor.py:183} INFO - Processing /home/airflow/.local/lib/python3.12/site-packages/airflow/example_dags/example_latest_only.py took 0.081 seconds
[2026-04-28T19:11:15.214+0000] {processor.py:161} INFO - Started process (PID=760) to work on /home/airflow/.local/lib/python3.12/site-packages/airflow/example_dags/example_latest_only.py
[2026-04-28T19:11:15.215+0000] {processor.py:830} INFO - Processing file /home/airflow/.local/lib/python3.12/site-packages/airflow/example_dags/example_latest_only.py for tasks to queue
[2026-04-28T19:11:15.217+0000] {logging_mixin.py:188} INFO - [2026-04-28T19:11:15.216+0000] {dagbag.py:540} INFO - Filling up the DagBag from /home/airflow/.local/lib/python3.12/site-packages/airflow/example_dags/example_latest_only.py
[2026-04-28T19:11:15.222+0000] {processor.py:840} INFO - DAG(s) 'latest_only' retrieved from /home/airflow/.local/lib/python3.12/site-packages/airflow/example_dags/example_latest_only.py
[2026-04-28T19:11:15.250+0000] {logging_mixin.py:188} INFO - [2026-04-28T19:11:15.250+0000] {dag.py:3096} INFO - Sync 1 DAGs
[2026-04-28T19:11:15.277+0000] {logging_mixin.py:188} INFO - [2026-04-28T19:11:15.277+0000] {dag.py:3954} INFO - Setting next_dagrun for latest_only to 2026-04-28 12:00:00+00:00, run_after=2026-04-28 16:00:00+00:00
[2026-04-28T19:11:15.296+0000] {processor.py:183} INFO - Processing /home/airflow/.local/lib/python3.12/site-packages/airflow/example_dags/example_latest_only.py took 0.089 seconds
[2026-04-28T19:11:45.699+0000] {processor.py:161} INFO - Started process (PID=820) to work on /home/airflow/.local/lib/python3.12/site-packages/airflow/example_dags/example_latest_only.py
[2026-04-28T19:11:45.700+0000] {processor.py:830} INFO - Processing file /home/airflow/.local/lib/python3.12/site-packages/airflow/example_dags/example_latest_only.py for tasks to queue
[2026-04-28T19:11:45.702+0000] {logging_mixin.py:188} INFO - [2026-04-28T19:11:45.702+0000] {dagbag.py:540} INFO - Filling up the DagBag from /home/airflow/.local/lib/python3.12/site-packages/airflow/example_dags/example_latest_only.py
[2026-04-28T19:11:45.707+0000] {processor.py:840} INFO - DAG(s) 'latest_only' retrieved from /home/airflow/.local/lib/python3.12/site-packages/airflow/example_dags/example_latest_only.py
[2026-04-28T19:11:45.729+0000] {logging_mixin.py:188} INFO - [2026-04-28T19:11:45.729+0000] {dag.py:3096} INFO - Sync 1 DAGs
[2026-04-28T19:11:45.756+0000] {logging_mixin.py:188} INFO - [2026-04-28T19:11:45.756+0000] {dag.py:3954} INFO - Setting next_dagrun for latest_only to 2026-04-28 12:00:00+00:00, run_after=2026-04-28 16:00:00+00:00
[2026-04-28T19:11:45.774+0000] {processor.py:183} INFO - Processing /home/airflow/.local/lib/python3.12/site-packages/airflow/example_dags/example_latest_only.py took 0.081 seconds
[2026-04-28T19:12:16.578+0000] {processor.py:161} INFO - Started process (PID=881) to work on /home/airflow/.local/lib/python3.12/site-packages/airflow/example_dags/example_latest_only.py
[2026-04-28T19:12:16.579+0000] {processor.py:830} INFO - Processing file /home/airflow/.local/lib/python3.12/site-packages/airflow/example_dags/example_latest_only.py for tasks to queue
[2026-04-28T19:12:16.581+0000] {logging_mixin.py:188} INFO - [2026-04-28T19:12:16.581+0000] {dagbag.py:540} INFO - Filling up the DagBag from /home/airflow/.local/lib/python3.12/site-packages/airflow/example_dags/example_latest_only.py
[2026-04-28T19:12:16.585+0000] {processor.py:840} INFO - DAG(s) 'latest_only' retrieved from /home/airflow/.local/lib/python3.12/site-packages/airflow/example_dags/example_latest_only.py
[2026-04-28T19:12:16.602+0000] {logging_mixin.py:188} INFO - [2026-04-28T19:12:16.602+0000] {dag.py:3096} INFO - Sync 1 DAGs
[2026-04-28T19:12:16.620+0000] {logging_mixin.py:188} INFO - [2026-04-28T19:12:16.619+0000] {dag.py:3954} INFO - Setting next_dagrun for latest_only to 2026-04-28 12:00:00+00:00, run_after=2026-04-28 16:00:00+00:00
[2026-04-28T19:12:16.635+0000] {processor.py:183} INFO - Processing /home/airflow/.local/lib/python3.12/site-packages/airflow/example_dags/example_latest_only.py took 0.062 seconds
[2026-04-28T19:12:47.357+0000] {processor.py:161} INFO - Started process (PID=941) to work on /home/airflow/.local/lib/python3.12/site-packages/airflow/example_dags/example_latest_only.py
[2026-04-28T19:12:47.359+0000] {processor.py:830} INFO - Processing file /home/airflow/.local/lib/python3.12/site-packages/airflow/example_dags/example_latest_only.py for tasks to queue
[2026-04-28T19:12:47.364+0000] {logging_mixin.py:188} INFO - [2026-04-28T19:12:47.363+0000] {dagbag.py:540} INFO - Filling up the DagBag from /home/airflow/.local/lib/python3.12/site-packages/airflow/example_dags/example_latest_only.py
[2026-04-28T19:12:47.374+0000] {processor.py:840} INFO - DAG(s) 'latest_only' retrieved from /home/airflow/.local/lib/python3.12/site-packages/airflow/example_dags/example_latest_only.py
[2026-04-28T19:12:47.404+0000] {logging_mixin.py:188} INFO - [2026-04-28T19:12:47.403+0000] {dag.py:3096} INFO - Sync 1 DAGs
[2026-04-28T19:12:47.430+0000] {logging_mixin.py:188} INFO - [2026-04-28T19:12:47.429+0000] {dag.py:3954} INFO - Setting next_dagrun for latest_only to 2026-04-28 12:00:00+00:00, run_after=2026-04-28 16:00:00+00:00
[2026-04-28T19:12:47.463+0000] {processor.py:183} INFO - Processing /home/airflow/.local/lib/python3.12/site-packages/airflow/example_dags/example_latest_only.py took 0.112 seconds
[2026-04-28T19:38:50.390+0000] {processor.py:161} INFO - Started process (PID=205) to work on /home/airflow/.local/lib/python3.12/site-packages/airflow/example_dags/example_latest_only.py
[2026-04-28T19:38:50.759+0000] {processor.py:830} INFO - Processing file /home/airflow/.local/lib/python3.12/site-packages/airflow/example_dags/example_latest_only.py for tasks to queue
[2026-04-28T19:38:50.770+0000] {logging_mixin.py:188} INFO - [2026-04-28T19:38:50.770+0000] {dagbag.py:540} INFO - Filling up the DagBag from /home/airflow/.local/lib/python3.12/site-packages/airflow/example_dags/example_latest_only.py
[2026-04-28T19:38:50.790+0000] {processor.py:840} INFO - DAG(s) 'latest_only' retrieved from /home/airflow/.local/lib/python3.12/site-packages/airflow/example_dags/example_latest_only.py
[2026-04-28T19:38:51.532+0000] {logging_mixin.py:188} INFO - [2026-04-28T19:38:51.531+0000] {dag.py:3096} INFO - Sync 1 DAGs
[2026-04-28T19:38:51.663+0000] {logging_mixin.py:188} INFO - [2026-04-28T19:38:51.662+0000] {dag.py:3954} INFO - Setting next_dagrun for latest_only to 2026-04-28 12:00:00+00:00, run_after=2026-04-28 16:00:00+00:00
[2026-04-28T19:38:51.725+0000] {processor.py:183} INFO - Processing /home/airflow/.local/lib/python3.12/site-packages/airflow/example_dags/example_latest_only.py took 1.349 seconds
[2026-04-28T19:39:22.544+0000] {processor.py:161} INFO - Started process (PID=265) to work on /home/airflow/.local/lib/python3.12/site-packages/airflow/example_dags/example_latest_only.py
[2026-04-28T19:39:22.547+0000] {processor.py:830} INFO - Processing file /home/airflow/.local/lib/python3.12/site-packages/airflow/example_dags/example_latest_only.py for tasks to queue
[2026-04-28T19:39:22.551+0000] {logging_mixin.py:188} INFO - [2026-04-28T19:39:22.551+0000] {dagbag.py:540} INFO - Filling up the DagBag from /home/airflow/.local/lib/python3.12/site-packages/airflow/example_dags/example_latest_only.py
[2026-04-28T19:39:22.561+0000] {processor.py:840} INFO - DAG(s) 'latest_only' retrieved from /home/airflow/.local/lib/python3.12/site-packages/airflow/example_dags/example_latest_only.py
[2026-04-28T19:39:22.645+0000] {logging_mixin.py:188} INFO - [2026-04-28T19:39:22.644+0000] {dag.py:3096} INFO - Sync 1 DAGs
[2026-04-28T19:39:22.710+0000] {logging_mixin.py:188} INFO - [2026-04-28T19:39:22.709+0000] {dag.py:3954} INFO - Setting next_dagrun for latest_only to 2026-04-28 12:00:00+00:00, run_after=2026-04-28 16:00:00+00:00
[2026-04-28T19:39:23.878+0000] {processor.py:183} INFO - Processing /home/airflow/.local/lib/python3.12/site-packages/airflow/example_dags/example_latest_only.py took 1.347 seconds
[2026-04-28T19:39:56.786+0000] {processor.py:161} INFO - Started process (PID=325) to work on /home/airflow/.local/lib/python3.12/site-packages/airflow/example_dags/example_latest_only.py
[2026-04-28T19:39:56.958+0000] {processor.py:830} INFO - Processing file /home/airflow/.local/lib/python3.12/site-packages/airflow/example_dags/example_latest_only.py for tasks to queue
[2026-04-28T19:39:56.963+0000] {logging_mixin.py:188} INFO - [2026-04-28T19:39:56.962+0000] {dagbag.py:540} INFO - Filling up the DagBag from /home/airflow/.local/lib/python3.12/site-packages/airflow/example_dags/example_latest_only.py
[2026-04-28T19:39:56.975+0000] {processor.py:840} INFO - DAG(s) 'latest_only' retrieved from /home/airflow/.local/lib/python3.12/site-packages/airflow/example_dags/example_latest_only.py
[2026-04-28T19:39:57.147+0000] {logging_mixin.py:188} INFO - [2026-04-28T19:39:57.146+0000] {dag.py:3096} INFO - Sync 1 DAGs
[2026-04-28T19:39:57.309+0000] {logging_mixin.py:188} INFO - [2026-04-28T19:39:57.309+0000] {dag.py:3954} INFO - Setting next_dagrun for latest_only to 2026-04-28 12:00:00+00:00, run_after=2026-04-28 16:00:00+00:00
[2026-04-28T19:39:57.409+0000] {processor.py:183} INFO - Processing /home/airflow/.local/lib/python3.12/site-packages/airflow/example_dags/example_latest_only.py took 0.630 seconds
[2026-04-28T19:40:35.644+0000] {processor.py:161} INFO - Started process (PID=385) to work on /home/airflow/.local/lib/python3.12/site-packages/airflow/example_dags/example_latest_only.py
[2026-04-28T19:40:35.647+0000] {processor.py:830} INFO - Processing file /home/airflow/.local/lib/python3.12/site-packages/airflow/example_dags/example_latest_only.py for tasks to queue
[2026-04-28T19:40:35.658+0000] {logging_mixin.py:188} INFO - [2026-04-28T19:40:35.651+0000] {dagbag.py:540} INFO - Filling up the DagBag from /home/airflow/.local/lib/python3.12/site-packages/airflow/example_dags/example_latest_only.py
[2026-04-28T19:40:35.679+0000] {processor.py:840} INFO - DAG(s) 'latest_only' retrieved from /home/airflow/.local/lib/python3.12/site-packages/airflow/example_dags/example_latest_only.py
[2026-04-28T19:40:35.794+0000] {logging_mixin.py:188} INFO - [2026-04-28T19:40:35.794+0000] {dag.py:3096} INFO - Sync 1 DAGs
[2026-04-28T19:40:35.848+0000] {logging_mixin.py:188} INFO - [2026-04-28T19:40:35.848+0000] {dag.py:3954} INFO - Setting next_dagrun for latest_only to 2026-04-28 12:00:00+00:00, run_after=2026-04-28 16:00:00+00:00
[2026-04-28T19:40:35.886+0000] {processor.py:183} INFO - Processing /home/airflow/.local/lib/python3.12/site-packages/airflow/example_dags/example_latest_only.py took 0.258 seconds
[2026-04-28T19:41:06.738+0000] {processor.py:161} INFO - Started process (PID=445) to work on /home/airflow/.local/lib/python3.12/site-packages/airflow/example_dags/example_latest_only.py
[2026-04-28T19:41:06.749+0000] {processor.py:830} INFO - Processing file /home/airflow/.local/lib/python3.12/site-packages/airflow/example_dags/example_latest_only.py for tasks to queue
[2026-04-28T19:41:06.758+0000] {logging_mixin.py:188} INFO - [2026-04-28T19:41:06.757+0000] {dagbag.py:540} INFO - Filling up the DagBag from /home/airflow/.local/lib/python3.12/site-packages/airflow/example_dags/example_latest_only.py
[2026-04-28T19:41:06.790+0000] {processor.py:840} INFO - DAG(s) 'latest_only' retrieved from /home/airflow/.local/lib/python3.12/site-packages/airflow/example_dags/example_latest_only.py
[2026-04-28T19:41:06.930+0000] {logging_mixin.py:188} INFO - [2026-04-28T19:41:06.926+0000] {dag.py:3096} INFO - Sync 1 DAGs
[2026-04-28T19:41:07.084+0000] {logging_mixin.py:188} INFO - [2026-04-28T19:41:07.084+0000] {dag.py:3954} INFO - Setting next_dagrun for latest_only to 2026-04-28 12:00:00+00:00, run_after=2026-04-28 16:00:00+00:00
[2026-04-28T19:41:07.193+0000] {processor.py:183} INFO - Processing /home/airflow/.local/lib/python3.12/site-packages/airflow/example_dags/example_latest_only.py took 0.481 seconds
[2026-04-28T19:41:38.098+0000] {processor.py:161} INFO - Started process (PID=510) to work on /home/airflow/.local/lib/python3.12/site-packages/airflow/example_dags/example_latest_only.py
[2026-04-28T19:41:38.100+0000] {processor.py:830} INFO - Processing file /home/airflow/.local/lib/python3.12/site-packages/airflow/example_dags/example_latest_only.py for tasks to queue
[2026-04-28T19:41:38.102+0000] {logging_mixin.py:188} INFO - [2026-04-28T19:41:38.102+0000] {dagbag.py:540} INFO - Filling up the DagBag from /home/airflow/.local/lib/python3.12/site-packages/airflow/example_dags/example_latest_only.py
[2026-04-28T19:41:38.108+0000] {processor.py:840} INFO - DAG(s) 'latest_only' retrieved from /home/airflow/.local/lib/python3.12/site-packages/airflow/example_dags/example_latest_only.py
[2026-04-28T19:41:38.134+0000] {logging_mixin.py:188} INFO - [2026-04-28T19:41:38.134+0000] {dag.py:3096} INFO - Sync 1 DAGs
[2026-04-28T19:41:38.160+0000] {logging_mixin.py:188} INFO - [2026-04-28T19:41:38.160+0000] {dag.py:3954} INFO - Setting next_dagrun for latest_only to 2026-04-28 12:00:00+00:00, run_after=2026-04-28 16:00:00+00:00
[2026-04-28T19:41:38.181+0000] {processor.py:183} INFO - Processing /home/airflow/.local/lib/python3.12/site-packages/airflow/example_dags/example_latest_only.py took 0.089 seconds
[2026-04-28T19:42:08.650+0000] {processor.py:161} INFO - Started process (PID=570) to work on /home/airflow/.local/lib/python3.12/site-packages/airflow/example_dags/example_latest_only.py
[2026-04-28T19:42:08.652+0000] {processor.py:830} INFO - Processing file /home/airflow/.local/lib/python3.12/site-packages/airflow/example_dags/example_latest_only.py for tasks to queue
[2026-04-28T19:42:08.657+0000] {logging_mixin.py:188} INFO - [2026-04-28T19:42:08.656+0000] {dagbag.py:540} INFO - Filling up the DagBag from /home/airflow/.local/lib/python3.12/site-packages/airflow/example_dags/example_latest_only.py
[2026-04-28T19:42:08.667+0000] {processor.py:840} INFO - DAG(s) 'latest_only' retrieved from /home/airflow/.local/lib/python3.12/site-packages/airflow/example_dags/example_latest_only.py
[2026-04-28T19:42:08.724+0000] {logging_mixin.py:188} INFO - [2026-04-28T19:42:08.722+0000] {dag.py:3096} INFO - Sync 1 DAGs
[2026-04-28T19:42:08.757+0000] {logging_mixin.py:188} INFO - [2026-04-28T19:42:08.757+0000] {dag.py:3954} INFO - Setting next_dagrun for latest_only to 2026-04-28 12:00:00+00:00, run_after=2026-04-28 16:00:00+00:00
[2026-04-28T19:42:08.800+0000] {processor.py:183} INFO - Processing /home/airflow/.local/lib/python3.12/site-packages/airflow/example_dags/example_latest_only.py took 0.168 seconds
[2026-04-28T19:42:39.169+0000] {processor.py:161} INFO - Started process (PID=629) to work on /home/airflow/.local/lib/python3.12/site-packages/airflow/example_dags/example_latest_only.py
[2026-04-28T19:42:39.171+0000] {processor.py:830} INFO - Processing file /home/airflow/.local/lib/python3.12/site-packages/airflow/example_dags/example_latest_only.py for tasks to queue
[2026-04-28T19:42:39.173+0000] {logging_mixin.py:188} INFO - [2026-04-28T19:42:39.173+0000] {dagbag.py:540} INFO - Filling up the DagBag from /home/airflow/.local/lib/python3.12/site-packages/airflow/example_dags/example_latest_only.py
[2026-04-28T19:42:39.178+0000] {processor.py:840} INFO - DAG(s) 'latest_only' retrieved from /home/airflow/.local/lib/python3.12/site-packages/airflow/example_dags/example_latest_only.py
[2026-04-28T19:42:39.202+0000] {logging_mixin.py:188} INFO - [2026-04-28T19:42:39.202+0000] {dag.py:3096} INFO - Sync 1 DAGs
[2026-04-28T19:42:39.227+0000] {logging_mixin.py:188} INFO - [2026-04-28T19:42:39.227+0000] {dag.py:3954} INFO - Setting next_dagrun for latest_only to 2026-04-28 12:00:00+00:00, run_after=2026-04-28 16:00:00+00:00
[2026-04-28T19:42:39.248+0000] {processor.py:183} INFO - Processing /home/airflow/.local/lib/python3.12/site-packages/airflow/example_dags/example_latest_only.py took 0.085 seconds
[2026-04-28T19:43:09.484+0000] {processor.py:161} INFO - Started process (PID=689) to work on /home/airflow/.local/lib/python3.12/site-packages/airflow/example_dags/example_latest_only.py
[2026-04-28T19:43:09.486+0000] {processor.py:830} INFO - Processing file /home/airflow/.local/lib/python3.12/site-packages/airflow/example_dags/example_latest_only.py for tasks to queue
[2026-04-28T19:43:09.488+0000] {logging_mixin.py:188} INFO - [2026-04-28T19:43:09.488+0000] {dagbag.py:540} INFO - Filling up the DagBag from /home/airflow/.local/lib/python3.12/site-packages/airflow/example_dags/example_latest_only.py
[2026-04-28T19:43:09.494+0000] {processor.py:840} INFO - DAG(s) 'latest_only' retrieved from /home/airflow/.local/lib/python3.12/site-packages/airflow/example_dags/example_latest_only.py
[2026-04-28T19:43:09.517+0000] {logging_mixin.py:188} INFO - [2026-04-28T19:43:09.517+0000] {dag.py:3096} INFO - Sync 1 DAGs
[2026-04-28T19:43:09.543+0000] {logging_mixin.py:188} INFO - [2026-04-28T19:43:09.543+0000] {dag.py:3954} INFO - Setting next_dagrun for latest_only to 2026-04-28 12:00:00+00:00, run_after=2026-04-28 16:00:00+00:00
[2026-04-28T19:43:09.565+0000] {processor.py:183} INFO - Processing /home/airflow/.local/lib/python3.12/site-packages/airflow/example_dags/example_latest_only.py took 0.084 seconds
[2026-04-28T19:43:39.903+0000] {processor.py:161} INFO - Started process (PID=749) to work on /home/airflow/.local/lib/python3.12/site-packages/airflow/example_dags/example_latest_only.py
[2026-04-28T19:43:39.904+0000] {processor.py:830} INFO - Processing file /home/airflow/.local/lib/python3.12/site-packages/airflow/example_dags/example_latest_only.py for tasks to queue
[2026-04-28T19:43:39.906+0000] {logging_mixin.py:188} INFO - [2026-04-28T19:43:39.905+0000] {dagbag.py:540} INFO - Filling up the DagBag from /home/airflow/.local/lib/python3.12/site-packages/airflow/example_dags/example_latest_only.py
[2026-04-28T19:43:39.912+0000] {processor.py:840} INFO - DAG(s) 'latest_only' retrieved from /home/airflow/.local/lib/python3.12/site-packages/airflow/example_dags/example_latest_only.py
[2026-04-28T19:43:39.934+0000] {logging_mixin.py:188} INFO - [2026-04-28T19:43:39.934+0000] {dag.py:3096} INFO - Sync 1 DAGs
[2026-04-28T19:43:39.963+0000] {logging_mixin.py:188} INFO - [2026-04-28T19:43:39.963+0000] {dag.py:3954} INFO - Setting next_dagrun for latest_only to 2026-04-28 12:00:00+00:00, run_after=2026-04-28 16:00:00+00:00
[2026-04-28T19:43:39.983+0000] {processor.py:183} INFO - Processing /home/airflow/.local/lib/python3.12/site-packages/airflow/example_dags/example_latest_only.py took 0.087 seconds
[2026-04-28T19:44:10.818+0000] {processor.py:161} INFO - Started process (PID=809) to work on /home/airflow/.local/lib/python3.12/site-packages/airflow/example_dags/example_latest_only.py
[2026-04-28T19:44:10.822+0000] {processor.py:830} INFO - Processing file /home/airflow/.local/lib/python3.12/site-packages/airflow/example_dags/example_latest_only.py for tasks to queue
[2026-04-28T19:44:10.829+0000] {logging_mixin.py:188} INFO - [2026-04-28T19:44:10.828+0000] {dagbag.py:540} INFO - Filling up the DagBag from /home/airflow/.local/lib/python3.12/site-packages/airflow/example_dags/example_latest_only.py
[2026-04-28T19:44:10.861+0000] {processor.py:840} INFO - DAG(s) 'latest_only' retrieved from /home/airflow/.local/lib/python3.12/site-packages/airflow/example_dags/example_latest_only.py
[2026-04-28T19:44:10.975+0000] {logging_mixin.py:188} INFO - [2026-04-28T19:44:10.975+0000] {dag.py:3096} INFO - Sync 1 DAGs
[2026-04-28T19:44:11.065+0000] {logging_mixin.py:188} INFO - [2026-04-28T19:44:11.065+0000] {dag.py:3954} INFO - Setting next_dagrun for latest_only to 2026-04-28 12:00:00+00:00, run_after=2026-04-28 16:00:00+00:00
[2026-04-28T19:44:11.134+0000] {processor.py:183} INFO - Processing /home/airflow/.local/lib/python3.12/site-packages/airflow/example_dags/example_latest_only.py took 0.340 seconds
[2026-04-28T19:44:41.414+0000] {processor.py:161} INFO - Started process (PID=869) to work on /home/airflow/.local/lib/python3.12/site-packages/airflow/example_dags/example_latest_only.py
[2026-04-28T19:44:41.418+0000] {processor.py:830} INFO - Processing file /home/airflow/.local/lib/python3.12/site-packages/airflow/example_dags/example_latest_only.py for tasks to queue
[2026-04-28T19:44:41.420+0000] {logging_mixin.py:188} INFO - [2026-04-28T19:44:41.420+0000] {dagbag.py:540} INFO - Filling up the DagBag from /home/airflow/.local/lib/python3.12/site-packages/airflow/example_dags/example_latest_only.py
[2026-04-28T19:44:41.427+0000] {processor.py:840} INFO - DAG(s) 'latest_only' retrieved from /home/airflow/.local/lib/python3.12/site-packages/airflow/example_dags/example_latest_only.py
[2026-04-28T19:44:41.451+0000] {logging_mixin.py:188} INFO - [2026-04-28T19:44:41.450+0000] {dag.py:3096} INFO - Sync 1 DAGs
[2026-04-28T19:44:41.489+0000] {logging_mixin.py:188} INFO - [2026-04-28T19:44:41.489+0000] {dag.py:3954} INFO - Setting next_dagrun for latest_only to 2026-04-28 12:00:00+00:00, run_after=2026-04-28 16:00:00+00:00
[2026-04-28T19:44:41.521+0000] {processor.py:183} INFO - Processing /home/airflow/.local/lib/python3.12/site-packages/airflow/example_dags/example_latest_only.py took 0.117 seconds
[2026-04-28T19:54:47.747+0000] {processor.py:161} INFO - Started process (PID=211) to work on /home/airflow/.local/lib/python3.12/site-packages/airflow/example_dags/example_latest_only.py
[2026-04-28T19:54:47.755+0000] {processor.py:830} INFO - Processing file /home/airflow/.local/lib/python3.12/site-packages/airflow/example_dags/example_latest_only.py for tasks to queue
[2026-04-28T19:54:47.778+0000] {logging_mixin.py:188} INFO - [2026-04-28T19:54:47.776+0000] {dagbag.py:540} INFO - Filling up the DagBag from /home/airflow/.local/lib/python3.12/site-packages/airflow/example_dags/example_latest_only.py
[2026-04-28T19:54:47.837+0000] {processor.py:840} INFO - DAG(s) 'latest_only' retrieved from /home/airflow/.local/lib/python3.12/site-packages/airflow/example_dags/example_latest_only.py
[2026-04-28T19:54:48.967+0000] {logging_mixin.py:188} INFO - [2026-04-28T19:54:48.967+0000] {dag.py:3096} INFO - Sync 1 DAGs
[2026-04-28T19:54:49.542+0000] {logging_mixin.py:188} INFO - [2026-04-28T19:54:49.542+0000] {dag.py:3954} INFO - Setting next_dagrun for latest_only to 2026-04-28 12:00:00+00:00, run_after=2026-04-28 16:00:00+00:00
[2026-04-28T19:54:49.679+0000] {processor.py:183} INFO - Processing /home/airflow/.local/lib/python3.12/site-packages/airflow/example_dags/example_latest_only.py took 1.959 seconds
[2026-04-28T19:55:21.007+0000] {processor.py:161} INFO - Started process (PID=271) to work on /home/airflow/.local/lib/python3.12/site-packages/airflow/example_dags/example_latest_only.py
[2026-04-28T19:55:21.010+0000] {processor.py:830} INFO - Processing file /home/airflow/.local/lib/python3.12/site-packages/airflow/example_dags/example_latest_only.py for tasks to queue
[2026-04-28T19:55:21.014+0000] {logging_mixin.py:188} INFO - [2026-04-28T19:55:21.014+0000] {dagbag.py:540} INFO - Filling up the DagBag from /home/airflow/.local/lib/python3.12/site-packages/airflow/example_dags/example_latest_only.py
[2026-04-28T19:55:21.022+0000] {processor.py:840} INFO - DAG(s) 'latest_only' retrieved from /home/airflow/.local/lib/python3.12/site-packages/airflow/example_dags/example_latest_only.py
[2026-04-28T19:55:21.091+0000] {logging_mixin.py:188} INFO - [2026-04-28T19:55:21.090+0000] {dag.py:3096} INFO - Sync 1 DAGs
[2026-04-28T19:55:21.156+0000] {logging_mixin.py:188} INFO - [2026-04-28T19:55:21.154+0000] {dag.py:3954} INFO - Setting next_dagrun for latest_only to 2026-04-28 12:00:00+00:00, run_after=2026-04-28 16:00:00+00:00
[2026-04-28T19:55:21.548+0000] {processor.py:183} INFO - Processing /home/airflow/.local/lib/python3.12/site-packages/airflow/example_dags/example_latest_only.py took 0.551 seconds
[2026-04-28T19:55:52.432+0000] {processor.py:161} INFO - Started process (PID=331) to work on /home/airflow/.local/lib/python3.12/site-packages/airflow/example_dags/example_latest_only.py
[2026-04-28T19:55:52.443+0000] {processor.py:830} INFO - Processing file /home/airflow/.local/lib/python3.12/site-packages/airflow/example_dags/example_latest_only.py for tasks to queue
[2026-04-28T19:55:52.449+0000] {logging_mixin.py:188} INFO - [2026-04-28T19:55:52.448+0000] {dagbag.py:540} INFO - Filling up the DagBag from /home/airflow/.local/lib/python3.12/site-packages/airflow/example_dags/example_latest_only.py
[2026-04-28T19:55:52.464+0000] {processor.py:840} INFO - DAG(s) 'latest_only' retrieved from /home/airflow/.local/lib/python3.12/site-packages/airflow/example_dags/example_latest_only.py
[2026-04-28T19:55:52.537+0000] {logging_mixin.py:188} INFO - [2026-04-28T19:55:52.536+0000] {dag.py:3096} INFO - Sync 1 DAGs
[2026-04-28T19:55:52.589+0000] {logging_mixin.py:188} INFO - [2026-04-28T19:55:52.589+0000] {dag.py:3954} INFO - Setting next_dagrun for latest_only to 2026-04-28 12:00:00+00:00, run_after=2026-04-28 16:00:00+00:00
[2026-04-28T19:55:52.637+0000] {processor.py:183} INFO - Processing /home/airflow/.local/lib/python3.12/site-packages/airflow/example_dags/example_latest_only.py took 0.217 seconds
[2026-04-28T19:56:22.925+0000] {processor.py:161} INFO - Started process (PID=391) to work on /home/airflow/.local/lib/python3.12/site-packages/airflow/example_dags/example_latest_only.py
[2026-04-28T19:56:22.926+0000] {processor.py:830} INFO - Processing file /home/airflow/.local/lib/python3.12/site-packages/airflow/example_dags/example_latest_only.py for tasks to queue
[2026-04-28T19:56:22.928+0000] {logging_mixin.py:188} INFO - [2026-04-28T19:56:22.927+0000] {dagbag.py:540} INFO - Filling up the DagBag from /home/airflow/.local/lib/python3.12/site-packages/airflow/example_dags/example_latest_only.py
[2026-04-28T19:56:22.934+0000] {processor.py:840} INFO - DAG(s) 'latest_only' retrieved from /home/airflow/.local/lib/python3.12/site-packages/airflow/example_dags/example_latest_only.py
[2026-04-28T19:56:22.961+0000] {logging_mixin.py:188} INFO - [2026-04-28T19:56:22.961+0000] {dag.py:3096} INFO - Sync 1 DAGs
[2026-04-28T19:56:23.018+0000] {logging_mixin.py:188} INFO - [2026-04-28T19:56:23.018+0000] {dag.py:3954} INFO - Setting next_dagrun for latest_only to 2026-04-28 12:00:00+00:00, run_after=2026-04-28 16:00:00+00:00
[2026-04-28T19:56:23.064+0000] {processor.py:183} INFO - Processing /home/airflow/.local/lib/python3.12/site-packages/airflow/example_dags/example_latest_only.py took 0.146 seconds
[2026-04-28T19:56:53.569+0000] {processor.py:161} INFO - Started process (PID=451) to work on /home/airflow/.local/lib/python3.12/site-packages/airflow/example_dags/example_latest_only.py
[2026-04-28T19:56:53.575+0000] {processor.py:830} INFO - Processing file /home/airflow/.local/lib/python3.12/site-packages/airflow/example_dags/example_latest_only.py for tasks to queue
[2026-04-28T19:56:53.581+0000] {logging_mixin.py:188} INFO - [2026-04-28T19:56:53.580+0000] {dagbag.py:540} INFO - Filling up the DagBag from /home/airflow/.local/lib/python3.12/site-packages/airflow/example_dags/example_latest_only.py
[2026-04-28T19:56:53.612+0000] {processor.py:840} INFO - DAG(s) 'latest_only' retrieved from /home/airflow/.local/lib/python3.12/site-packages/airflow/example_dags/example_latest_only.py
[2026-04-28T19:56:53.641+0000] {logging_mixin.py:188} INFO - [2026-04-28T19:56:53.641+0000] {dag.py:3096} INFO - Sync 1 DAGs
[2026-04-28T19:56:53.669+0000] {logging_mixin.py:188} INFO - [2026-04-28T19:56:53.669+0000] {dag.py:3954} INFO - Setting next_dagrun for latest_only to 2026-04-28 12:00:00+00:00, run_after=2026-04-28 16:00:00+00:00
[2026-04-28T19:56:53.691+0000] {processor.py:183} INFO - Processing /home/airflow/.local/lib/python3.12/site-packages/airflow/example_dags/example_latest_only.py took 0.145 seconds
[2026-04-28T19:57:23.921+0000] {processor.py:161} INFO - Started process (PID=510) to work on /home/airflow/.local/lib/python3.12/site-packages/airflow/example_dags/example_latest_only.py
[2026-04-28T19:57:23.923+0000] {processor.py:830} INFO - Processing file /home/airflow/.local/lib/python3.12/site-packages/airflow/example_dags/example_latest_only.py for tasks to queue
[2026-04-28T19:57:23.925+0000] {logging_mixin.py:188} INFO - [2026-04-28T19:57:23.925+0000] {dagbag.py:540} INFO - Filling up the DagBag from /home/airflow/.local/lib/python3.12/site-packages/airflow/example_dags/example_latest_only.py
[2026-04-28T19:57:23.931+0000] {processor.py:840} INFO - DAG(s) 'latest_only' retrieved from /home/airflow/.local/lib/python3.12/site-packages/airflow/example_dags/example_latest_only.py
[2026-04-28T19:57:23.959+0000] {logging_mixin.py:188} INFO - [2026-04-28T19:57:23.959+0000] {dag.py:3096} INFO - Sync 1 DAGs
[2026-04-28T19:57:24.003+0000] {logging_mixin.py:188} INFO - [2026-04-28T19:57:24.002+0000] {dag.py:3954} INFO - Setting next_dagrun for latest_only to 2026-04-28 12:00:00+00:00, run_after=2026-04-28 16:00:00+00:00
[2026-04-28T19:57:24.043+0000] {processor.py:183} INFO - Processing /home/airflow/.local/lib/python3.12/site-packages/airflow/example_dags/example_latest_only.py took 0.128 seconds
[2026-04-28T19:57:54.521+0000] {processor.py:161} INFO - Started process (PID=570) to work on /home/airflow/.local/lib/python3.12/site-packages/airflow/example_dags/example_latest_only.py
[2026-04-28T19:57:54.522+0000] {processor.py:830} INFO - Processing file /home/airflow/.local/lib/python3.12/site-packages/airflow/example_dags/example_latest_only.py for tasks to queue
[2026-04-28T19:57:54.524+0000] {logging_mixin.py:188} INFO - [2026-04-28T19:57:54.524+0000] {dagbag.py:540} INFO - Filling up the DagBag from /home/airflow/.local/lib/python3.12/site-packages/airflow/example_dags/example_latest_only.py
[2026-04-28T19:57:54.531+0000] {processor.py:840} INFO - DAG(s) 'latest_only' retrieved from /home/airflow/.local/lib/python3.12/site-packages/airflow/example_dags/example_latest_only.py
[2026-04-28T19:57:54.586+0000] {logging_mixin.py:188} INFO - [2026-04-28T19:57:54.586+0000] {dag.py:3096} INFO - Sync 1 DAGs
[2026-04-28T19:57:54.618+0000] {logging_mixin.py:188} INFO - [2026-04-28T19:57:54.618+0000] {dag.py:3954} INFO - Setting next_dagrun for latest_only to 2026-04-28 12:00:00+00:00, run_after=2026-04-28 16:00:00+00:00
[2026-04-28T19:57:54.640+0000] {processor.py:183} INFO - Processing /home/airflow/.local/lib/python3.12/site-packages/airflow/example_dags/example_latest_only.py took 0.126 seconds
[2026-04-28T19:58:24.959+0000] {processor.py:161} INFO - Started process (PID=628) to work on /home/airflow/.local/lib/python3.12/site-packages/airflow/example_dags/example_latest_only.py
[2026-04-28T19:58:24.960+0000] {processor.py:830} INFO - Processing file /home/airflow/.local/lib/python3.12/site-packages/airflow/example_dags/example_latest_only.py for tasks to queue
[2026-04-28T19:58:24.965+0000] {logging_mixin.py:188} INFO - [2026-04-28T19:58:24.964+0000] {dagbag.py:540} INFO - Filling up the DagBag from /home/airflow/.local/lib/python3.12/site-packages/airflow/example_dags/example_latest_only.py
[2026-04-28T19:58:24.975+0000] {processor.py:840} INFO - DAG(s) 'latest_only' retrieved from /home/airflow/.local/lib/python3.12/site-packages/airflow/example_dags/example_latest_only.py
[2026-04-28T19:58:25.025+0000] {logging_mixin.py:188} INFO - [2026-04-28T19:58:25.025+0000] {dag.py:3096} INFO - Sync 1 DAGs
[2026-04-28T19:58:25.074+0000] {logging_mixin.py:188} INFO - [2026-04-28T19:58:25.074+0000] {dag.py:3954} INFO - Setting next_dagrun for latest_only to 2026-04-28 12:00:00+00:00, run_after=2026-04-28 16:00:00+00:00
[2026-04-28T19:58:25.145+0000] {processor.py:183} INFO - Processing /home/airflow/.local/lib/python3.12/site-packages/airflow/example_dags/example_latest_only.py took 0.193 seconds
[2026-04-28T19:58:55.756+0000] {processor.py:161} INFO - Started process (PID=688) to work on /home/airflow/.local/lib/python3.12/site-packages/airflow/example_dags/example_latest_only.py
[2026-04-28T19:58:55.759+0000] {processor.py:830} INFO - Processing file /home/airflow/.local/lib/python3.12/site-packages/airflow/example_dags/example_latest_only.py for tasks to queue
[2026-04-28T19:58:55.761+0000] {logging_mixin.py:188} INFO - [2026-04-28T19:58:55.760+0000] {dagbag.py:540} INFO - Filling up the DagBag from /home/airflow/.local/lib/python3.12/site-packages/airflow/example_dags/example_latest_only.py
[2026-04-28T19:58:55.769+0000] {processor.py:840} INFO - DAG(s) 'latest_only' retrieved from /home/airflow/.local/lib/python3.12/site-packages/airflow/example_dags/example_latest_only.py
[2026-04-28T19:58:55.790+0000] {logging_mixin.py:188} INFO - [2026-04-28T19:58:55.790+0000] {dag.py:3096} INFO - Sync 1 DAGs
[2026-04-28T19:58:55.817+0000] {logging_mixin.py:188} INFO - [2026-04-28T19:58:55.816+0000] {dag.py:3954} INFO - Setting next_dagrun for latest_only to 2026-04-28 12:00:00+00:00, run_after=2026-04-28 16:00:00+00:00
[2026-04-28T19:58:55.836+0000] {processor.py:183} INFO - Processing /home/airflow/.local/lib/python3.12/site-packages/airflow/example_dags/example_latest_only.py took 0.087 seconds
[2026-04-28T19:59:26.164+0000] {processor.py:161} INFO - Started process (PID=747) to work on /home/airflow/.local/lib/python3.12/site-packages/airflow/example_dags/example_latest_only.py
[2026-04-28T19:59:26.165+0000] {processor.py:830} INFO - Processing file /home/airflow/.local/lib/python3.12/site-packages/airflow/example_dags/example_latest_only.py for tasks to queue
[2026-04-28T19:59:26.166+0000] {logging_mixin.py:188} INFO - [2026-04-28T19:59:26.166+0000] {dagbag.py:540} INFO - Filling up the DagBag from /home/airflow/.local/lib/python3.12/site-packages/airflow/example_dags/example_latest_only.py
[2026-04-28T19:59:26.170+0000] {processor.py:840} INFO - DAG(s) 'latest_only' retrieved from /home/airflow/.local/lib/python3.12/site-packages/airflow/example_dags/example_latest_only.py
[2026-04-28T19:59:26.187+0000] {logging_mixin.py:188} INFO - [2026-04-28T19:59:26.187+0000] {dag.py:3096} INFO - Sync 1 DAGs
[2026-04-28T19:59:26.205+0000] {logging_mixin.py:188} INFO - [2026-04-28T19:59:26.205+0000] {dag.py:3954} INFO - Setting next_dagrun for latest_only to 2026-04-28 12:00:00+00:00, run_after=2026-04-28 16:00:00+00:00
[2026-04-28T19:59:26.225+0000] {processor.py:183} INFO - Processing /home/airflow/.local/lib/python3.12/site-packages/airflow/example_dags/example_latest_only.py took 0.068 seconds
[2026-04-28T19:59:56.908+0000] {processor.py:161} INFO - Started process (PID=807) to work on /home/airflow/.local/lib/python3.12/site-packages/airflow/example_dags/example_latest_only.py
[2026-04-28T19:59:56.910+0000] {processor.py:830} INFO - Processing file /home/airflow/.local/lib/python3.12/site-packages/airflow/example_dags/example_latest_only.py for tasks to queue
[2026-04-28T19:59:56.914+0000] {logging_mixin.py:188} INFO - [2026-04-28T19:59:56.914+0000] {dagbag.py:540} INFO - Filling up the DagBag from /home/airflow/.local/lib/python3.12/site-packages/airflow/example_dags/example_latest_only.py
[2026-04-28T19:59:56.920+0000] {processor.py:840} INFO - DAG(s) 'latest_only' retrieved from /home/airflow/.local/lib/python3.12/site-packages/airflow/example_dags/example_latest_only.py
[2026-04-28T19:59:56.942+0000] {logging_mixin.py:188} INFO - [2026-04-28T19:59:56.942+0000] {dag.py:3096} INFO - Sync 1 DAGs
[2026-04-28T19:59:56.968+0000] {logging_mixin.py:188} INFO - [2026-04-28T19:59:56.967+0000] {dag.py:3954} INFO - Setting next_dagrun for latest_only to 2026-04-28 12:00:00+00:00, run_after=2026-04-28 16:00:00+00:00
[2026-04-28T19:59:56.987+0000] {processor.py:183} INFO - Processing /home/airflow/.local/lib/python3.12/site-packages/airflow/example_dags/example_latest_only.py took 0.086 seconds
[2026-04-28T20:00:27.215+0000] {processor.py:161} INFO - Started process (PID=867) to work on /home/airflow/.local/lib/python3.12/site-packages/airflow/example_dags/example_latest_only.py
[2026-04-28T20:00:27.216+0000] {processor.py:830} INFO - Processing file /home/airflow/.local/lib/python3.12/site-packages/airflow/example_dags/example_latest_only.py for tasks to queue
[2026-04-28T20:00:27.218+0000] {logging_mixin.py:188} INFO - [2026-04-28T20:00:27.218+0000] {dagbag.py:540} INFO - Filling up the DagBag from /home/airflow/.local/lib/python3.12/site-packages/airflow/example_dags/example_latest_only.py
[2026-04-28T20:00:27.224+0000] {processor.py:840} INFO - DAG(s) 'latest_only' retrieved from /home/airflow/.local/lib/python3.12/site-packages/airflow/example_dags/example_latest_only.py
[2026-04-28T20:00:27.251+0000] {logging_mixin.py:188} INFO - [2026-04-28T20:00:27.251+0000] {dag.py:3096} INFO - Sync 1 DAGs
[2026-04-28T20:00:27.287+0000] {logging_mixin.py:188} INFO - [2026-04-28T20:00:27.287+0000] {dag.py:3954} INFO - Setting next_dagrun for latest_only to 2026-04-28 16:00:00+00:00, run_after=2026-04-28 20:00:00+00:00
[2026-04-28T20:00:27.334+0000] {processor.py:183} INFO - Processing /home/airflow/.local/lib/python3.12/site-packages/airflow/example_dags/example_latest_only.py took 0.126 seconds
[2026-04-28T20:00:57.785+0000] {processor.py:161} INFO - Started process (PID=926) to work on /home/airflow/.local/lib/python3.12/site-packages/airflow/example_dags/example_latest_only.py
[2026-04-28T20:00:57.787+0000] {processor.py:830} INFO - Processing file /home/airflow/.local/lib/python3.12/site-packages/airflow/example_dags/example_latest_only.py for tasks to queue
[2026-04-28T20:00:57.791+0000] {logging_mixin.py:188} INFO - [2026-04-28T20:00:57.791+0000] {dagbag.py:540} INFO - Filling up the DagBag from /home/airflow/.local/lib/python3.12/site-packages/airflow/example_dags/example_latest_only.py
[2026-04-28T20:00:57.810+0000] {processor.py:840} INFO - DAG(s) 'latest_only' retrieved from /home/airflow/.local/lib/python3.12/site-packages/airflow/example_dags/example_latest_only.py
[2026-04-28T20:00:57.850+0000] {logging_mixin.py:188} INFO - [2026-04-28T20:00:57.850+0000] {dag.py:3096} INFO - Sync 1 DAGs
[2026-04-28T20:00:57.905+0000] {logging_mixin.py:188} INFO - [2026-04-28T20:00:57.904+0000] {dag.py:3954} INFO - Setting next_dagrun for latest_only to 2026-04-28 16:00:00+00:00, run_after=2026-04-28 20:00:00+00:00
[2026-04-28T20:00:57.982+0000] {processor.py:183} INFO - Processing /home/airflow/.local/lib/python3.12/site-packages/airflow/example_dags/example_latest_only.py took 0.212 seconds
[2026-04-28T20:01:28.944+0000] {processor.py:161} INFO - Started process (PID=986) to work on /home/airflow/.local/lib/python3.12/site-packages/airflow/example_dags/example_latest_only.py
[2026-04-28T20:01:28.945+0000] {processor.py:830} INFO - Processing file /home/airflow/.local/lib/python3.12/site-packages/airflow/example_dags/example_latest_only.py for tasks to queue
[2026-04-28T20:01:28.947+0000] {logging_mixin.py:188} INFO - [2026-04-28T20:01:28.947+0000] {dagbag.py:540} INFO - Filling up the DagBag from /home/airflow/.local/lib/python3.12/site-packages/airflow/example_dags/example_latest_only.py
[2026-04-28T20:01:28.955+0000] {processor.py:840} INFO - DAG(s) 'latest_only' retrieved from /home/airflow/.local/lib/python3.12/site-packages/airflow/example_dags/example_latest_only.py
[2026-04-28T20:01:28.982+0000] {logging_mixin.py:188} INFO - [2026-04-28T20:01:28.981+0000] {dag.py:3096} INFO - Sync 1 DAGs
[2026-04-28T20:01:29.013+0000] {logging_mixin.py:188} INFO - [2026-04-28T20:01:29.013+0000] {dag.py:3954} INFO - Setting next_dagrun for latest_only to 2026-04-28 16:00:00+00:00, run_after=2026-04-28 20:00:00+00:00
[2026-04-28T20:01:29.033+0000] {processor.py:183} INFO - Processing /home/airflow/.local/lib/python3.12/site-packages/airflow/example_dags/example_latest_only.py took 0.096 seconds
[2026-04-28T20:01:59.262+0000] {processor.py:161} INFO - Started process (PID=1046) to work on /home/airflow/.local/lib/python3.12/site-packages/airflow/example_dags/example_latest_only.py
[2026-04-28T20:01:59.263+0000] {processor.py:830} INFO - Processing file /home/airflow/.local/lib/python3.12/site-packages/airflow/example_dags/example_latest_only.py for tasks to queue
[2026-04-28T20:01:59.265+0000] {logging_mixin.py:188} INFO - [2026-04-28T20:01:59.265+0000] {dagbag.py:540} INFO - Filling up the DagBag from /home/airflow/.local/lib/python3.12/site-packages/airflow/example_dags/example_latest_only.py
[2026-04-28T20:01:59.271+0000] {processor.py:840} INFO - DAG(s) 'latest_only' retrieved from /home/airflow/.local/lib/python3.12/site-packages/airflow/example_dags/example_latest_only.py
[2026-04-28T20:01:59.303+0000] {logging_mixin.py:188} INFO - [2026-04-28T20:01:59.303+0000] {dag.py:3096} INFO - Sync 1 DAGs
[2026-04-28T20:01:59.331+0000] {logging_mixin.py:188} INFO - [2026-04-28T20:01:59.331+0000] {dag.py:3954} INFO - Setting next_dagrun for latest_only to 2026-04-28 16:00:00+00:00, run_after=2026-04-28 20:00:00+00:00
[2026-04-28T20:01:59.359+0000] {processor.py:183} INFO - Processing /home/airflow/.local/lib/python3.12/site-packages/airflow/example_dags/example_latest_only.py took 0.103 seconds
[2026-04-28T20:02:29.929+0000] {processor.py:161} INFO - Started process (PID=1105) to work on /home/airflow/.local/lib/python3.12/site-packages/airflow/example_dags/example_latest_only.py
[2026-04-28T20:02:29.930+0000] {processor.py:830} INFO - Processing file /home/airflow/.local/lib/python3.12/site-packages/airflow/example_dags/example_latest_only.py for tasks to queue
[2026-04-28T20:02:29.932+0000] {logging_mixin.py:188} INFO - [2026-04-28T20:02:29.932+0000] {dagbag.py:540} INFO - Filling up the DagBag from /home/airflow/.local/lib/python3.12/site-packages/airflow/example_dags/example_latest_only.py
[2026-04-28T20:02:29.938+0000] {processor.py:840} INFO - DAG(s) 'latest_only' retrieved from /home/airflow/.local/lib/python3.12/site-packages/airflow/example_dags/example_latest_only.py
[2026-04-28T20:02:29.963+0000] {logging_mixin.py:188} INFO - [2026-04-28T20:02:29.963+0000] {dag.py:3096} INFO - Sync 1 DAGs
[2026-04-28T20:02:29.990+0000] {logging_mixin.py:188} INFO - [2026-04-28T20:02:29.990+0000] {dag.py:3954} INFO - Setting next_dagrun for latest_only to 2026-04-28 16:00:00+00:00, run_after=2026-04-28 20:00:00+00:00
[2026-04-28T20:02:30.015+0000] {processor.py:183} INFO - Processing /home/airflow/.local/lib/python3.12/site-packages/airflow/example_dags/example_latest_only.py took 0.092 seconds
[2026-04-28T20:03:00.178+0000] {processor.py:161} INFO - Started process (PID=1165) to work on /home/airflow/.local/lib/python3.12/site-packages/airflow/example_dags/example_latest_only.py
[2026-04-28T20:03:00.180+0000] {processor.py:830} INFO - Processing file /home/airflow/.local/lib/python3.12/site-packages/airflow/example_dags/example_latest_only.py for tasks to queue
[2026-04-28T20:03:00.184+0000] {logging_mixin.py:188} INFO - [2026-04-28T20:03:00.183+0000] {dagbag.py:540} INFO - Filling up the DagBag from /home/airflow/.local/lib/python3.12/site-packages/airflow/example_dags/example_latest_only.py
[2026-04-28T20:03:00.196+0000] {processor.py:840} INFO - DAG(s) 'latest_only' retrieved from /home/airflow/.local/lib/python3.12/site-packages/airflow/example_dags/example_latest_only.py
[2026-04-28T20:03:00.226+0000] {logging_mixin.py:188} INFO - [2026-04-28T20:03:00.225+0000] {dag.py:3096} INFO - Sync 1 DAGs
[2026-04-28T20:03:00.268+0000] {logging_mixin.py:188} INFO - [2026-04-28T20:03:00.267+0000] {dag.py:3954} INFO - Setting next_dagrun for latest_only to 2026-04-28 16:00:00+00:00, run_after=2026-04-28 20:00:00+00:00
[2026-04-28T20:03:00.303+0000] {processor.py:183} INFO - Processing /home/airflow/.local/lib/python3.12/site-packages/airflow/example_dags/example_latest_only.py took 0.139 seconds
[2026-04-28T20:03:30.805+0000] {processor.py:161} INFO - Started process (PID=1224) to work on /home/airflow/.local/lib/python3.12/site-packages/airflow/example_dags/example_latest_only.py
[2026-04-28T20:03:30.807+0000] {processor.py:830} INFO - Processing file /home/airflow/.local/lib/python3.12/site-packages/airflow/example_dags/example_latest_only.py for tasks to queue
[2026-04-28T20:03:30.809+0000] {logging_mixin.py:188} INFO - [2026-04-28T20:03:30.808+0000] {dagbag.py:540} INFO - Filling up the DagBag from /home/airflow/.local/lib/python3.12/site-packages/airflow/example_dags/example_latest_only.py
[2026-04-28T20:03:30.826+0000] {processor.py:840} INFO - DAG(s) 'latest_only' retrieved from /home/airflow/.local/lib/python3.12/site-packages/airflow/example_dags/example_latest_only.py
[2026-04-28T20:03:30.866+0000] {logging_mixin.py:188} INFO - [2026-04-28T20:03:30.866+0000] {dag.py:3096} INFO - Sync 1 DAGs
[2026-04-28T20:03:30.898+0000] {logging_mixin.py:188} INFO - [2026-04-28T20:03:30.897+0000] {dag.py:3954} INFO - Setting next_dagrun for latest_only to 2026-04-28 16:00:00+00:00, run_after=2026-04-28 20:00:00+00:00
[2026-04-28T20:03:30.948+0000] {processor.py:183} INFO - Processing /home/airflow/.local/lib/python3.12/site-packages/airflow/example_dags/example_latest_only.py took 0.151 seconds
[2026-04-28T20:04:01.720+0000] {processor.py:161} INFO - Started process (PID=1284) to work on /home/airflow/.local/lib/python3.12/site-packages/airflow/example_dags/example_latest_only.py
[2026-04-28T20:04:01.722+0000] {processor.py:830} INFO - Processing file /home/airflow/.local/lib/python3.12/site-packages/airflow/example_dags/example_latest_only.py for tasks to queue
[2026-04-28T20:04:01.724+0000] {logging_mixin.py:188} INFO - [2026-04-28T20:04:01.723+0000] {dagbag.py:540} INFO - Filling up the DagBag from /home/airflow/.local/lib/python3.12/site-packages/airflow/example_dags/example_latest_only.py
[2026-04-28T20:04:01.730+0000] {processor.py:840} INFO - DAG(s) 'latest_only' retrieved from /home/airflow/.local/lib/python3.12/site-packages/airflow/example_dags/example_latest_only.py
[2026-04-28T20:04:01.755+0000] {logging_mixin.py:188} INFO - [2026-04-28T20:04:01.755+0000] {dag.py:3096} INFO - Sync 1 DAGs
[2026-04-28T20:04:01.781+0000] {logging_mixin.py:188} INFO - [2026-04-28T20:04:01.781+0000] {dag.py:3954} INFO - Setting next_dagrun for latest_only to 2026-04-28 16:00:00+00:00, run_after=2026-04-28 20:00:00+00:00
[2026-04-28T20:04:01.807+0000] {processor.py:183} INFO - Processing /home/airflow/.local/lib/python3.12/site-packages/airflow/example_dags/example_latest_only.py took 0.093 seconds
[2026-04-28T20:04:32.557+0000] {processor.py:161} INFO - Started process (PID=1344) to work on /home/airflow/.local/lib/python3.12/site-packages/airflow/example_dags/example_latest_only.py
[2026-04-28T20:04:32.558+0000] {processor.py:830} INFO - Processing file /home/airflow/.local/lib/python3.12/site-packages/airflow/example_dags/example_latest_only.py for tasks to queue
[2026-04-28T20:04:32.560+0000] {logging_mixin.py:188} INFO - [2026-04-28T20:04:32.560+0000] {dagbag.py:540} INFO - Filling up the DagBag from /home/airflow/.local/lib/python3.12/site-packages/airflow/example_dags/example_latest_only.py
[2026-04-28T20:04:32.566+0000] {processor.py:840} INFO - DAG(s) 'latest_only' retrieved from /home/airflow/.local/lib/python3.12/site-packages/airflow/example_dags/example_latest_only.py
[2026-04-28T20:04:32.589+0000] {logging_mixin.py:188} INFO - [2026-04-28T20:04:32.589+0000] {dag.py:3096} INFO - Sync 1 DAGs
[2026-04-28T20:04:32.846+0000] {logging_mixin.py:188} INFO - [2026-04-28T20:04:32.846+0000] {dag.py:3954} INFO - Setting next_dagrun for latest_only to 2026-04-28 16:00:00+00:00, run_after=2026-04-28 20:00:00+00:00
[2026-04-28T20:04:32.865+0000] {processor.py:183} INFO - Processing /home/airflow/.local/lib/python3.12/site-packages/airflow/example_dags/example_latest_only.py took 0.322 seconds
[2026-04-28T20:05:03.582+0000] {processor.py:161} INFO - Started process (PID=1404) to work on /home/airflow/.local/lib/python3.12/site-packages/airflow/example_dags/example_latest_only.py
[2026-04-28T20:05:03.586+0000] {processor.py:830} INFO - Processing file /home/airflow/.local/lib/python3.12/site-packages/airflow/example_dags/example_latest_only.py for tasks to queue
[2026-04-28T20:05:03.588+0000] {logging_mixin.py:188} INFO - [2026-04-28T20:05:03.587+0000] {dagbag.py:540} INFO - Filling up the DagBag from /home/airflow/.local/lib/python3.12/site-packages/airflow/example_dags/example_latest_only.py
[2026-04-28T20:05:03.594+0000] {processor.py:840} INFO - DAG(s) 'latest_only' retrieved from /home/airflow/.local/lib/python3.12/site-packages/airflow/example_dags/example_latest_only.py
[2026-04-28T20:05:03.634+0000] {logging_mixin.py:188} INFO - [2026-04-28T20:05:03.633+0000] {dag.py:3096} INFO - Sync 1 DAGs
[2026-04-28T20:05:03.685+0000] {logging_mixin.py:188} INFO - [2026-04-28T20:05:03.685+0000] {dag.py:3954} INFO - Setting next_dagrun for latest_only to 2026-04-28 16:00:00+00:00, run_after=2026-04-28 20:00:00+00:00
[2026-04-28T20:05:03.749+0000] {processor.py:183} INFO - Processing /home/airflow/.local/lib/python3.12/site-packages/airflow/example_dags/example_latest_only.py took 0.178 seconds
[2026-04-28T20:05:34.171+0000] {processor.py:161} INFO - Started process (PID=1464) to work on /home/airflow/.local/lib/python3.12/site-packages/airflow/example_dags/example_latest_only.py
[2026-04-28T20:05:34.172+0000] {processor.py:830} INFO - Processing file /home/airflow/.local/lib/python3.12/site-packages/airflow/example_dags/example_latest_only.py for tasks to queue
[2026-04-28T20:05:34.174+0000] {logging_mixin.py:188} INFO - [2026-04-28T20:05:34.174+0000] {dagbag.py:540} INFO - Filling up the DagBag from /home/airflow/.local/lib/python3.12/site-packages/airflow/example_dags/example_latest_only.py
[2026-04-28T20:05:34.181+0000] {processor.py:840} INFO - DAG(s) 'latest_only' retrieved from /home/airflow/.local/lib/python3.12/site-packages/airflow/example_dags/example_latest_only.py
[2026-04-28T20:05:34.216+0000] {logging_mixin.py:188} INFO - [2026-04-28T20:05:34.216+0000] {dag.py:3096} INFO - Sync 1 DAGs
[2026-04-28T20:05:34.245+0000] {logging_mixin.py:188} INFO - [2026-04-28T20:05:34.245+0000] {dag.py:3954} INFO - Setting next_dagrun for latest_only to 2026-04-28 16:00:00+00:00, run_after=2026-04-28 20:00:00+00:00
[2026-04-28T20:05:34.265+0000] {processor.py:183} INFO - Processing /home/airflow/.local/lib/python3.12/site-packages/airflow/example_dags/example_latest_only.py took 0.108 seconds
[2026-04-28T20:06:04.531+0000] {processor.py:161} INFO - Started process (PID=1523) to work on /home/airflow/.local/lib/python3.12/site-packages/airflow/example_dags/example_latest_only.py
[2026-04-28T20:06:04.532+0000] {processor.py:830} INFO - Processing file /home/airflow/.local/lib/python3.12/site-packages/airflow/example_dags/example_latest_only.py for tasks to queue
[2026-04-28T20:06:04.535+0000] {logging_mixin.py:188} INFO - [2026-04-28T20:06:04.535+0000] {dagbag.py:540} INFO - Filling up the DagBag from /home/airflow/.local/lib/python3.12/site-packages/airflow/example_dags/example_latest_only.py
[2026-04-28T20:06:04.542+0000] {processor.py:840} INFO - DAG(s) 'latest_only' retrieved from /home/airflow/.local/lib/python3.12/site-packages/airflow/example_dags/example_latest_only.py
[2026-04-28T20:06:04.565+0000] {logging_mixin.py:188} INFO - [2026-04-28T20:06:04.564+0000] {dag.py:3096} INFO - Sync 1 DAGs
[2026-04-28T20:06:04.593+0000] {logging_mixin.py:188} INFO - [2026-04-28T20:06:04.593+0000] {dag.py:3954} INFO - Setting next_dagrun for latest_only to 2026-04-28 16:00:00+00:00, run_after=2026-04-28 20:00:00+00:00
[2026-04-28T20:06:04.614+0000] {processor.py:183} INFO - Processing /home/airflow/.local/lib/python3.12/site-packages/airflow/example_dags/example_latest_only.py took 0.090 seconds
[2026-04-28T20:06:35.165+0000] {processor.py:161} INFO - Started process (PID=1582) to work on /home/airflow/.local/lib/python3.12/site-packages/airflow/example_dags/example_latest_only.py
[2026-04-28T20:06:35.166+0000] {processor.py:830} INFO - Processing file /home/airflow/.local/lib/python3.12/site-packages/airflow/example_dags/example_latest_only.py for tasks to queue
[2026-04-28T20:06:35.168+0000] {logging_mixin.py:188} INFO - [2026-04-28T20:06:35.168+0000] {dagbag.py:540} INFO - Filling up the DagBag from /home/airflow/.local/lib/python3.12/site-packages/airflow/example_dags/example_latest_only.py
[2026-04-28T20:06:35.175+0000] {processor.py:840} INFO - DAG(s) 'latest_only' retrieved from /home/airflow/.local/lib/python3.12/site-packages/airflow/example_dags/example_latest_only.py
[2026-04-28T20:06:35.197+0000] {logging_mixin.py:188} INFO - [2026-04-28T20:06:35.197+0000] {dag.py:3096} INFO - Sync 1 DAGs
[2026-04-28T20:06:35.223+0000] {logging_mixin.py:188} INFO - [2026-04-28T20:06:35.223+0000] {dag.py:3954} INFO - Setting next_dagrun for latest_only to 2026-04-28 16:00:00+00:00, run_after=2026-04-28 20:00:00+00:00
[2026-04-28T20:06:35.244+0000] {processor.py:183} INFO - Processing /home/airflow/.local/lib/python3.12/site-packages/airflow/example_dags/example_latest_only.py took 0.087 seconds
[2026-04-28T20:07:05.620+0000] {processor.py:161} INFO - Started process (PID=1642) to work on /home/airflow/.local/lib/python3.12/site-packages/airflow/example_dags/example_latest_only.py
[2026-04-28T20:07:05.621+0000] {processor.py:830} INFO - Processing file /home/airflow/.local/lib/python3.12/site-packages/airflow/example_dags/example_latest_only.py for tasks to queue
[2026-04-28T20:07:05.623+0000] {logging_mixin.py:188} INFO - [2026-04-28T20:07:05.623+0000] {dagbag.py:540} INFO - Filling up the DagBag from /home/airflow/.local/lib/python3.12/site-packages/airflow/example_dags/example_latest_only.py
[2026-04-28T20:07:05.630+0000] {processor.py:840} INFO - DAG(s) 'latest_only' retrieved from /home/airflow/.local/lib/python3.12/site-packages/airflow/example_dags/example_latest_only.py
[2026-04-28T20:07:05.655+0000] {logging_mixin.py:188} INFO - [2026-04-28T20:07:05.655+0000] {dag.py:3096} INFO - Sync 1 DAGs
[2026-04-28T20:07:05.683+0000] {logging_mixin.py:188} INFO - [2026-04-28T20:07:05.683+0000] {dag.py:3954} INFO - Setting next_dagrun for latest_only to 2026-04-28 16:00:00+00:00, run_after=2026-04-28 20:00:00+00:00
[2026-04-28T20:07:05.703+0000] {processor.py:183} INFO - Processing /home/airflow/.local/lib/python3.12/site-packages/airflow/example_dags/example_latest_only.py took 0.090 seconds
[2026-04-28T20:07:36.697+0000] {processor.py:161} INFO - Started process (PID=1702) to work on /home/airflow/.local/lib/python3.12/site-packages/airflow/example_dags/example_latest_only.py
[2026-04-28T20:07:36.698+0000] {processor.py:830} INFO - Processing file /home/airflow/.local/lib/python3.12/site-packages/airflow/example_dags/example_latest_only.py for tasks to queue
[2026-04-28T20:07:36.700+0000] {logging_mixin.py:188} INFO - [2026-04-28T20:07:36.700+0000] {dagbag.py:540} INFO - Filling up the DagBag from /home/airflow/.local/lib/python3.12/site-packages/airflow/example_dags/example_latest_only.py
[2026-04-28T20:07:36.708+0000] {processor.py:840} INFO - DAG(s) 'latest_only' retrieved from /home/airflow/.local/lib/python3.12/site-packages/airflow/example_dags/example_latest_only.py
[2026-04-28T20:07:36.740+0000] {logging_mixin.py:188} INFO - [2026-04-28T20:07:36.740+0000] {dag.py:3096} INFO - Sync 1 DAGs
[2026-04-28T20:07:36.776+0000] {logging_mixin.py:188} INFO - [2026-04-28T20:07:36.776+0000] {dag.py:3954} INFO - Setting next_dagrun for latest_only to 2026-04-28 16:00:00+00:00, run_after=2026-04-28 20:00:00+00:00
[2026-04-28T20:07:36.817+0000] {processor.py:183} INFO - Processing /home/airflow/.local/lib/python3.12/site-packages/airflow/example_dags/example_latest_only.py took 0.131 seconds
[2026-04-28T20:08:07.206+0000] {processor.py:161} INFO - Started process (PID=1762) to work on /home/airflow/.local/lib/python3.12/site-packages/airflow/example_dags/example_latest_only.py
[2026-04-28T20:08:07.209+0000] {processor.py:830} INFO - Processing file /home/airflow/.local/lib/python3.12/site-packages/airflow/example_dags/example_latest_only.py for tasks to queue
[2026-04-28T20:08:07.211+0000] {logging_mixin.py:188} INFO - [2026-04-28T20:08:07.211+0000] {dagbag.py:540} INFO - Filling up the DagBag from /home/airflow/.local/lib/python3.12/site-packages/airflow/example_dags/example_latest_only.py
[2026-04-28T20:08:07.217+0000] {processor.py:840} INFO - DAG(s) 'latest_only' retrieved from /home/airflow/.local/lib/python3.12/site-packages/airflow/example_dags/example_latest_only.py
[2026-04-28T20:08:07.239+0000] {logging_mixin.py:188} INFO - [2026-04-28T20:08:07.239+0000] {dag.py:3096} INFO - Sync 1 DAGs
[2026-04-28T20:08:07.267+0000] {logging_mixin.py:188} INFO - [2026-04-28T20:08:07.267+0000] {dag.py:3954} INFO - Setting next_dagrun for latest_only to 2026-04-28 16:00:00+00:00, run_after=2026-04-28 20:00:00+00:00
[2026-04-28T20:08:07.286+0000] {processor.py:183} INFO - Processing /home/airflow/.local/lib/python3.12/site-packages/airflow/example_dags/example_latest_only.py took 0.088 seconds
[2026-04-28T20:08:37.678+0000] {processor.py:161} INFO - Started process (PID=1822) to work on /home/airflow/.local/lib/python3.12/site-packages/airflow/example_dags/example_latest_only.py
[2026-04-28T20:08:37.679+0000] {processor.py:830} INFO - Processing file /home/airflow/.local/lib/python3.12/site-packages/airflow/example_dags/example_latest_only.py for tasks to queue
[2026-04-28T20:08:37.681+0000] {logging_mixin.py:188} INFO - [2026-04-28T20:08:37.680+0000] {dagbag.py:540} INFO - Filling up the DagBag from /home/airflow/.local/lib/python3.12/site-packages/airflow/example_dags/example_latest_only.py
[2026-04-28T20:08:37.685+0000] {processor.py:840} INFO - DAG(s) 'latest_only' retrieved from /home/airflow/.local/lib/python3.12/site-packages/airflow/example_dags/example_latest_only.py
[2026-04-28T20:08:37.702+0000] {logging_mixin.py:188} INFO - [2026-04-28T20:08:37.702+0000] {dag.py:3096} INFO - Sync 1 DAGs
[2026-04-28T20:08:37.722+0000] {logging_mixin.py:188} INFO - [2026-04-28T20:08:37.721+0000] {dag.py:3954} INFO - Setting next_dagrun for latest_only to 2026-04-28 16:00:00+00:00, run_after=2026-04-28 20:00:00+00:00
[2026-04-28T20:08:37.737+0000] {processor.py:183} INFO - Processing /home/airflow/.local/lib/python3.12/site-packages/airflow/example_dags/example_latest_only.py took 0.064 seconds
[2026-04-28T20:09:07.850+0000] {processor.py:161} INFO - Started process (PID=1881) to work on /home/airflow/.local/lib/python3.12/site-packages/airflow/example_dags/example_latest_only.py
[2026-04-28T20:09:07.851+0000] {processor.py:830} INFO - Processing file /home/airflow/.local/lib/python3.12/site-packages/airflow/example_dags/example_latest_only.py for tasks to queue
[2026-04-28T20:09:07.853+0000] {logging_mixin.py:188} INFO - [2026-04-28T20:09:07.852+0000] {dagbag.py:540} INFO - Filling up the DagBag from /home/airflow/.local/lib/python3.12/site-packages/airflow/example_dags/example_latest_only.py
[2026-04-28T20:09:07.859+0000] {processor.py:840} INFO - DAG(s) 'latest_only' retrieved from /home/airflow/.local/lib/python3.12/site-packages/airflow/example_dags/example_latest_only.py
[2026-04-28T20:09:07.882+0000] {logging_mixin.py:188} INFO - [2026-04-28T20:09:07.882+0000] {dag.py:3096} INFO - Sync 1 DAGs
[2026-04-28T20:09:07.905+0000] {logging_mixin.py:188} INFO - [2026-04-28T20:09:07.905+0000] {dag.py:3954} INFO - Setting next_dagrun for latest_only to 2026-04-28 16:00:00+00:00, run_after=2026-04-28 20:00:00+00:00
[2026-04-28T20:09:07.922+0000] {processor.py:183} INFO - Processing /home/airflow/.local/lib/python3.12/site-packages/airflow/example_dags/example_latest_only.py took 0.080 seconds
[2026-04-28T20:09:38.442+0000] {processor.py:161} INFO - Started process (PID=1941) to work on /home/airflow/.local/lib/python3.12/site-packages/airflow/example_dags/example_latest_only.py
[2026-04-28T20:09:38.444+0000] {processor.py:830} INFO - Processing file /home/airflow/.local/lib/python3.12/site-packages/airflow/example_dags/example_latest_only.py for tasks to queue
[2026-04-28T20:09:38.446+0000] {logging_mixin.py:188} INFO - [2026-04-28T20:09:38.446+0000] {dagbag.py:540} INFO - Filling up the DagBag from /home/airflow/.local/lib/python3.12/site-packages/airflow/example_dags/example_latest_only.py
[2026-04-28T20:09:38.452+0000] {processor.py:840} INFO - DAG(s) 'latest_only' retrieved from /home/airflow/.local/lib/python3.12/site-packages/airflow/example_dags/example_latest_only.py
[2026-04-28T20:09:38.490+0000] {logging_mixin.py:188} INFO - [2026-04-28T20:09:38.487+0000] {dag.py:3096} INFO - Sync 1 DAGs
[2026-04-28T20:09:38.515+0000] {logging_mixin.py:188} INFO - [2026-04-28T20:09:38.515+0000] {dag.py:3954} INFO - Setting next_dagrun for latest_only to 2026-04-28 16:00:00+00:00, run_after=2026-04-28 20:00:00+00:00
[2026-04-28T20:09:38.539+0000] {processor.py:183} INFO - Processing /home/airflow/.local/lib/python3.12/site-packages/airflow/example_dags/example_latest_only.py took 0.104 seconds
[2026-04-28T20:10:09.141+0000] {processor.py:161} INFO - Started process (PID=2001) to work on /home/airflow/.local/lib/python3.12/site-packages/airflow/example_dags/example_latest_only.py
[2026-04-28T20:10:09.142+0000] {processor.py:830} INFO - Processing file /home/airflow/.local/lib/python3.12/site-packages/airflow/example_dags/example_latest_only.py for tasks to queue
[2026-04-28T20:10:09.144+0000] {logging_mixin.py:188} INFO - [2026-04-28T20:10:09.144+0000] {dagbag.py:540} INFO - Filling up the DagBag from /home/airflow/.local/lib/python3.12/site-packages/airflow/example_dags/example_latest_only.py
[2026-04-28T20:10:09.150+0000] {processor.py:840} INFO - DAG(s) 'latest_only' retrieved from /home/airflow/.local/lib/python3.12/site-packages/airflow/example_dags/example_latest_only.py
[2026-04-28T20:10:09.179+0000] {logging_mixin.py:188} INFO - [2026-04-28T20:10:09.179+0000] {dag.py:3096} INFO - Sync 1 DAGs
[2026-04-28T20:10:09.206+0000] {logging_mixin.py:188} INFO - [2026-04-28T20:10:09.205+0000] {dag.py:3954} INFO - Setting next_dagrun for latest_only to 2026-04-28 16:00:00+00:00, run_after=2026-04-28 20:00:00+00:00
[2026-04-28T20:10:09.228+0000] {processor.py:183} INFO - Processing /home/airflow/.local/lib/python3.12/site-packages/airflow/example_dags/example_latest_only.py took 0.094 seconds
[2026-04-28T20:10:40.072+0000] {processor.py:161} INFO - Started process (PID=2060) to work on /home/airflow/.local/lib/python3.12/site-packages/airflow/example_dags/example_latest_only.py
[2026-04-28T20:10:40.081+0000] {processor.py:830} INFO - Processing file /home/airflow/.local/lib/python3.12/site-packages/airflow/example_dags/example_latest_only.py for tasks to queue
[2026-04-28T20:10:40.089+0000] {logging_mixin.py:188} INFO - [2026-04-28T20:10:40.089+0000] {dagbag.py:540} INFO - Filling up the DagBag from /home/airflow/.local/lib/python3.12/site-packages/airflow/example_dags/example_latest_only.py
[2026-04-28T20:10:40.121+0000] {processor.py:840} INFO - DAG(s) 'latest_only' retrieved from /home/airflow/.local/lib/python3.12/site-packages/airflow/example_dags/example_latest_only.py
[2026-04-28T20:10:40.199+0000] {logging_mixin.py:188} INFO - [2026-04-28T20:10:40.198+0000] {dag.py:3096} INFO - Sync 1 DAGs
[2026-04-28T20:10:40.259+0000] {logging_mixin.py:188} INFO - [2026-04-28T20:10:40.258+0000] {dag.py:3954} INFO - Setting next_dagrun for latest_only to 2026-04-28 16:00:00+00:00, run_after=2026-04-28 20:00:00+00:00
[2026-04-28T20:10:40.279+0000] {processor.py:183} INFO - Processing /home/airflow/.local/lib/python3.12/site-packages/airflow/example_dags/example_latest_only.py took 0.232 seconds
[2026-04-28T20:11:11.060+0000] {processor.py:161} INFO - Started process (PID=2120) to work on /home/airflow/.local/lib/python3.12/site-packages/airflow/example_dags/example_latest_only.py
[2026-04-28T20:11:11.061+0000] {processor.py:830} INFO - Processing file /home/airflow/.local/lib/python3.12/site-packages/airflow/example_dags/example_latest_only.py for tasks to queue
[2026-04-28T20:11:11.064+0000] {logging_mixin.py:188} INFO - [2026-04-28T20:11:11.063+0000] {dagbag.py:540} INFO - Filling up the DagBag from /home/airflow/.local/lib/python3.12/site-packages/airflow/example_dags/example_latest_only.py
[2026-04-28T20:11:11.070+0000] {processor.py:840} INFO - DAG(s) 'latest_only' retrieved from /home/airflow/.local/lib/python3.12/site-packages/airflow/example_dags/example_latest_only.py
[2026-04-28T20:11:11.095+0000] {logging_mixin.py:188} INFO - [2026-04-28T20:11:11.095+0000] {dag.py:3096} INFO - Sync 1 DAGs
[2026-04-28T20:11:11.138+0000] {logging_mixin.py:188} INFO - [2026-04-28T20:11:11.138+0000] {dag.py:3954} INFO - Setting next_dagrun for latest_only to 2026-04-28 16:00:00+00:00, run_after=2026-04-28 20:00:00+00:00
[2026-04-28T20:11:11.159+0000] {processor.py:183} INFO - Processing /home/airflow/.local/lib/python3.12/site-packages/airflow/example_dags/example_latest_only.py took 0.107 seconds
[2026-04-28T20:11:41.639+0000] {processor.py:161} INFO - Started process (PID=2180) to work on /home/airflow/.local/lib/python3.12/site-packages/airflow/example_dags/example_latest_only.py
[2026-04-28T20:11:41.641+0000] {processor.py:830} INFO - Processing file /home/airflow/.local/lib/python3.12/site-packages/airflow/example_dags/example_latest_only.py for tasks to queue
[2026-04-28T20:11:41.642+0000] {logging_mixin.py:188} INFO - [2026-04-28T20:11:41.642+0000] {dagbag.py:540} INFO - Filling up the DagBag from /home/airflow/.local/lib/python3.12/site-packages/airflow/example_dags/example_latest_only.py
[2026-04-28T20:11:41.647+0000] {processor.py:840} INFO - DAG(s) 'latest_only' retrieved from /home/airflow/.local/lib/python3.12/site-packages/airflow/example_dags/example_latest_only.py
[2026-04-28T20:11:41.665+0000] {logging_mixin.py:188} INFO - [2026-04-28T20:11:41.665+0000] {dag.py:3096} INFO - Sync 1 DAGs
[2026-04-28T20:11:41.684+0000] {logging_mixin.py:188} INFO - [2026-04-28T20:11:41.684+0000] {dag.py:3954} INFO - Setting next_dagrun for latest_only to 2026-04-28 16:00:00+00:00, run_after=2026-04-28 20:00:00+00:00
[2026-04-28T20:11:41.703+0000] {processor.py:183} INFO - Processing /home/airflow/.local/lib/python3.12/site-packages/airflow/example_dags/example_latest_only.py took 0.072 seconds
[2026-04-28T20:12:12.600+0000] {processor.py:161} INFO - Started process (PID=2240) to work on /home/airflow/.local/lib/python3.12/site-packages/airflow/example_dags/example_latest_only.py
[2026-04-28T20:12:12.601+0000] {processor.py:830} INFO - Processing file /home/airflow/.local/lib/python3.12/site-packages/airflow/example_dags/example_latest_only.py for tasks to queue
[2026-04-28T20:12:12.604+0000] {logging_mixin.py:188} INFO - [2026-04-28T20:12:12.604+0000] {dagbag.py:540} INFO - Filling up the DagBag from /home/airflow/.local/lib/python3.12/site-packages/airflow/example_dags/example_latest_only.py
[2026-04-28T20:12:12.616+0000] {processor.py:840} INFO - DAG(s) 'latest_only' retrieved from /home/airflow/.local/lib/python3.12/site-packages/airflow/example_dags/example_latest_only.py
[2026-04-28T20:12:12.641+0000] {logging_mixin.py:188} INFO - [2026-04-28T20:12:12.641+0000] {dag.py:3096} INFO - Sync 1 DAGs
[2026-04-28T20:12:12.673+0000] {logging_mixin.py:188} INFO - [2026-04-28T20:12:12.673+0000] {dag.py:3954} INFO - Setting next_dagrun for latest_only to 2026-04-28 16:00:00+00:00, run_after=2026-04-28 20:00:00+00:00
[2026-04-28T20:12:12.755+0000] {processor.py:183} INFO - Processing /home/airflow/.local/lib/python3.12/site-packages/airflow/example_dags/example_latest_only.py took 0.163 seconds
[2026-04-28T20:12:43.180+0000] {processor.py:161} INFO - Started process (PID=2300) to work on /home/airflow/.local/lib/python3.12/site-packages/airflow/example_dags/example_latest_only.py
[2026-04-28T20:12:43.182+0000] {processor.py:830} INFO - Processing file /home/airflow/.local/lib/python3.12/site-packages/airflow/example_dags/example_latest_only.py for tasks to queue
[2026-04-28T20:12:43.185+0000] {logging_mixin.py:188} INFO - [2026-04-28T20:12:43.185+0000] {dagbag.py:540} INFO - Filling up the DagBag from /home/airflow/.local/lib/python3.12/site-packages/airflow/example_dags/example_latest_only.py
[2026-04-28T20:12:43.198+0000] {processor.py:840} INFO - DAG(s) 'latest_only' retrieved from /home/airflow/.local/lib/python3.12/site-packages/airflow/example_dags/example_latest_only.py
[2026-04-28T20:12:43.263+0000] {logging_mixin.py:188} INFO - [2026-04-28T20:12:43.263+0000] {dag.py:3096} INFO - Sync 1 DAGs
[2026-04-28T20:12:43.296+0000] {logging_mixin.py:188} INFO - [2026-04-28T20:12:43.296+0000] {dag.py:3954} INFO - Setting next_dagrun for latest_only to 2026-04-28 16:00:00+00:00, run_after=2026-04-28 20:00:00+00:00
[2026-04-28T20:12:43.327+0000] {processor.py:183} INFO - Processing /home/airflow/.local/lib/python3.12/site-packages/airflow/example_dags/example_latest_only.py took 0.159 seconds
[2026-04-28T20:13:13.421+0000] {processor.py:161} INFO - Started process (PID=2359) to work on /home/airflow/.local/lib/python3.12/site-packages/airflow/example_dags/example_latest_only.py
[2026-04-28T20:13:13.422+0000] {processor.py:830} INFO - Processing file /home/airflow/.local/lib/python3.12/site-packages/airflow/example_dags/example_latest_only.py for tasks to queue
[2026-04-28T20:13:13.423+0000] {logging_mixin.py:188} INFO - [2026-04-28T20:13:13.423+0000] {dagbag.py:540} INFO - Filling up the DagBag from /home/airflow/.local/lib/python3.12/site-packages/airflow/example_dags/example_latest_only.py
[2026-04-28T20:13:13.428+0000] {processor.py:840} INFO - DAG(s) 'latest_only' retrieved from /home/airflow/.local/lib/python3.12/site-packages/airflow/example_dags/example_latest_only.py
[2026-04-28T20:13:13.445+0000] {logging_mixin.py:188} INFO - [2026-04-28T20:13:13.445+0000] {dag.py:3096} INFO - Sync 1 DAGs
[2026-04-28T20:13:13.465+0000] {logging_mixin.py:188} INFO - [2026-04-28T20:13:13.464+0000] {dag.py:3954} INFO - Setting next_dagrun for latest_only to 2026-04-28 16:00:00+00:00, run_after=2026-04-28 20:00:00+00:00
[2026-04-28T20:13:13.480+0000] {processor.py:183} INFO - Processing /home/airflow/.local/lib/python3.12/site-packages/airflow/example_dags/example_latest_only.py took 0.065 seconds
[2026-04-28T20:13:44.008+0000] {processor.py:161} INFO - Started process (PID=2420) to work on /home/airflow/.local/lib/python3.12/site-packages/airflow/example_dags/example_latest_only.py
[2026-04-28T20:13:44.010+0000] {processor.py:830} INFO - Processing file /home/airflow/.local/lib/python3.12/site-packages/airflow/example_dags/example_latest_only.py for tasks to queue
[2026-04-28T20:13:44.012+0000] {logging_mixin.py:188} INFO - [2026-04-28T20:13:44.011+0000] {dagbag.py:540} INFO - Filling up the DagBag from /home/airflow/.local/lib/python3.12/site-packages/airflow/example_dags/example_latest_only.py
[2026-04-28T20:13:44.016+0000] {processor.py:840} INFO - DAG(s) 'latest_only' retrieved from /home/airflow/.local/lib/python3.12/site-packages/airflow/example_dags/example_latest_only.py
[2026-04-28T20:13:44.034+0000] {logging_mixin.py:188} INFO - [2026-04-28T20:13:44.034+0000] {dag.py:3096} INFO - Sync 1 DAGs
[2026-04-28T20:13:44.056+0000] {logging_mixin.py:188} INFO - [2026-04-28T20:13:44.056+0000] {dag.py:3954} INFO - Setting next_dagrun for latest_only to 2026-04-28 16:00:00+00:00, run_after=2026-04-28 20:00:00+00:00
[2026-04-28T20:13:44.071+0000] {processor.py:183} INFO - Processing /home/airflow/.local/lib/python3.12/site-packages/airflow/example_dags/example_latest_only.py took 0.071 seconds
[2026-04-28T20:14:14.189+0000] {processor.py:161} INFO - Started process (PID=2481) to work on /home/airflow/.local/lib/python3.12/site-packages/airflow/example_dags/example_latest_only.py
[2026-04-28T20:14:14.190+0000] {processor.py:830} INFO - Processing file /home/airflow/.local/lib/python3.12/site-packages/airflow/example_dags/example_latest_only.py for tasks to queue
[2026-04-28T20:14:14.192+0000] {logging_mixin.py:188} INFO - [2026-04-28T20:14:14.191+0000] {dagbag.py:540} INFO - Filling up the DagBag from /home/airflow/.local/lib/python3.12/site-packages/airflow/example_dags/example_latest_only.py
[2026-04-28T20:14:14.197+0000] {processor.py:840} INFO - DAG(s) 'latest_only' retrieved from /home/airflow/.local/lib/python3.12/site-packages/airflow/example_dags/example_latest_only.py
[2026-04-28T20:14:14.220+0000] {logging_mixin.py:188} INFO - [2026-04-28T20:14:14.220+0000] {dag.py:3096} INFO - Sync 1 DAGs
[2026-04-28T20:14:14.241+0000] {logging_mixin.py:188} INFO - [2026-04-28T20:14:14.241+0000] {dag.py:3954} INFO - Setting next_dagrun for latest_only to 2026-04-28 16:00:00+00:00, run_after=2026-04-28 20:00:00+00:00
[2026-04-28T20:14:14.271+0000] {processor.py:183} INFO - Processing /home/airflow/.local/lib/python3.12/site-packages/airflow/example_dags/example_latest_only.py took 0.088 seconds
[2026-04-28T20:14:46.025+0000] {processor.py:161} INFO - Started process (PID=2542) to work on /home/airflow/.local/lib/python3.12/site-packages/airflow/example_dags/example_latest_only.py
[2026-04-28T20:14:46.027+0000] {processor.py:830} INFO - Processing file /home/airflow/.local/lib/python3.12/site-packages/airflow/example_dags/example_latest_only.py for tasks to queue
[2026-04-28T20:14:46.029+0000] {logging_mixin.py:188} INFO - [2026-04-28T20:14:46.029+0000] {dagbag.py:540} INFO - Filling up the DagBag from /home/airflow/.local/lib/python3.12/site-packages/airflow/example_dags/example_latest_only.py
[2026-04-28T20:14:46.038+0000] {processor.py:840} INFO - DAG(s) 'latest_only' retrieved from /home/airflow/.local/lib/python3.12/site-packages/airflow/example_dags/example_latest_only.py
[2026-04-28T20:14:46.071+0000] {logging_mixin.py:188} INFO - [2026-04-28T20:14:46.070+0000] {dag.py:3096} INFO - Sync 1 DAGs
[2026-04-28T20:14:46.096+0000] {logging_mixin.py:188} INFO - [2026-04-28T20:14:46.095+0000] {dag.py:3954} INFO - Setting next_dagrun for latest_only to 2026-04-28 16:00:00+00:00, run_after=2026-04-28 20:00:00+00:00
[2026-04-28T20:14:46.119+0000] {processor.py:183} INFO - Processing /home/airflow/.local/lib/python3.12/site-packages/airflow/example_dags/example_latest_only.py took 0.102 seconds
[2026-04-28T20:15:16.211+0000] {processor.py:161} INFO - Started process (PID=2601) to work on /home/airflow/.local/lib/python3.12/site-packages/airflow/example_dags/example_latest_only.py
[2026-04-28T20:15:16.211+0000] {processor.py:830} INFO - Processing file /home/airflow/.local/lib/python3.12/site-packages/airflow/example_dags/example_latest_only.py for tasks to queue
[2026-04-28T20:15:16.213+0000] {logging_mixin.py:188} INFO - [2026-04-28T20:15:16.213+0000] {dagbag.py:540} INFO - Filling up the DagBag from /home/airflow/.local/lib/python3.12/site-packages/airflow/example_dags/example_latest_only.py
[2026-04-28T20:15:16.218+0000] {processor.py:840} INFO - DAG(s) 'latest_only' retrieved from /home/airflow/.local/lib/python3.12/site-packages/airflow/example_dags/example_latest_only.py
[2026-04-28T20:15:16.235+0000] {logging_mixin.py:188} INFO - [2026-04-28T20:15:16.235+0000] {dag.py:3096} INFO - Sync 1 DAGs
[2026-04-28T20:15:16.254+0000] {logging_mixin.py:188} INFO - [2026-04-28T20:15:16.254+0000] {dag.py:3954} INFO - Setting next_dagrun for latest_only to 2026-04-28 16:00:00+00:00, run_after=2026-04-28 20:00:00+00:00
[2026-04-28T20:15:16.269+0000] {processor.py:183} INFO - Processing /home/airflow/.local/lib/python3.12/site-packages/airflow/example_dags/example_latest_only.py took 0.065 seconds
[2026-04-28T20:15:46.417+0000] {processor.py:161} INFO - Started process (PID=2661) to work on /home/airflow/.local/lib/python3.12/site-packages/airflow/example_dags/example_latest_only.py
[2026-04-28T20:15:46.418+0000] {processor.py:830} INFO - Processing file /home/airflow/.local/lib/python3.12/site-packages/airflow/example_dags/example_latest_only.py for tasks to queue
[2026-04-28T20:15:46.420+0000] {logging_mixin.py:188} INFO - [2026-04-28T20:15:46.420+0000] {dagbag.py:540} INFO - Filling up the DagBag from /home/airflow/.local/lib/python3.12/site-packages/airflow/example_dags/example_latest_only.py
[2026-04-28T20:15:46.426+0000] {processor.py:840} INFO - DAG(s) 'latest_only' retrieved from /home/airflow/.local/lib/python3.12/site-packages/airflow/example_dags/example_latest_only.py
[2026-04-28T20:15:46.451+0000] {logging_mixin.py:188} INFO - [2026-04-28T20:15:46.451+0000] {dag.py:3096} INFO - Sync 1 DAGs
[2026-04-28T20:15:46.481+0000] {logging_mixin.py:188} INFO - [2026-04-28T20:15:46.481+0000] {dag.py:3954} INFO - Setting next_dagrun for latest_only to 2026-04-28 16:00:00+00:00, run_after=2026-04-28 20:00:00+00:00
[2026-04-28T20:15:46.498+0000] {processor.py:183} INFO - Processing /home/airflow/.local/lib/python3.12/site-packages/airflow/example_dags/example_latest_only.py took 0.088 seconds
[2026-04-28T20:16:17.032+0000] {processor.py:161} INFO - Started process (PID=2721) to work on /home/airflow/.local/lib/python3.12/site-packages/airflow/example_dags/example_latest_only.py
[2026-04-28T20:16:17.033+0000] {processor.py:830} INFO - Processing file /home/airflow/.local/lib/python3.12/site-packages/airflow/example_dags/example_latest_only.py for tasks to queue
[2026-04-28T20:16:17.035+0000] {logging_mixin.py:188} INFO - [2026-04-28T20:16:17.035+0000] {dagbag.py:540} INFO - Filling up the DagBag from /home/airflow/.local/lib/python3.12/site-packages/airflow/example_dags/example_latest_only.py
[2026-04-28T20:16:17.041+0000] {processor.py:840} INFO - DAG(s) 'latest_only' retrieved from /home/airflow/.local/lib/python3.12/site-packages/airflow/example_dags/example_latest_only.py
[2026-04-28T20:16:17.071+0000] {logging_mixin.py:188} INFO - [2026-04-28T20:16:17.071+0000] {dag.py:3096} INFO - Sync 1 DAGs
[2026-04-28T20:16:17.095+0000] {logging_mixin.py:188} INFO - [2026-04-28T20:16:17.095+0000] {dag.py:3954} INFO - Setting next_dagrun for latest_only to 2026-04-28 16:00:00+00:00, run_after=2026-04-28 20:00:00+00:00
[2026-04-28T20:16:17.113+0000] {processor.py:183} INFO - Processing /home/airflow/.local/lib/python3.12/site-packages/airflow/example_dags/example_latest_only.py took 0.091 seconds
[2026-04-28T20:16:47.633+0000] {processor.py:161} INFO - Started process (PID=2781) to work on /home/airflow/.local/lib/python3.12/site-packages/airflow/example_dags/example_latest_only.py
[2026-04-28T20:16:47.634+0000] {processor.py:830} INFO - Processing file /home/airflow/.local/lib/python3.12/site-packages/airflow/example_dags/example_latest_only.py for tasks to queue
[2026-04-28T20:16:47.636+0000] {logging_mixin.py:188} INFO - [2026-04-28T20:16:47.635+0000] {dagbag.py:540} INFO - Filling up the DagBag from /home/airflow/.local/lib/python3.12/site-packages/airflow/example_dags/example_latest_only.py
[2026-04-28T20:16:47.641+0000] {processor.py:840} INFO - DAG(s) 'latest_only' retrieved from /home/airflow/.local/lib/python3.12/site-packages/airflow/example_dags/example_latest_only.py
[2026-04-28T20:16:47.665+0000] {logging_mixin.py:188} INFO - [2026-04-28T20:16:47.664+0000] {dag.py:3096} INFO - Sync 1 DAGs
[2026-04-28T20:16:47.693+0000] {logging_mixin.py:188} INFO - [2026-04-28T20:16:47.693+0000] {dag.py:3954} INFO - Setting next_dagrun for latest_only to 2026-04-28 16:00:00+00:00, run_after=2026-04-28 20:00:00+00:00
[2026-04-28T20:16:47.715+0000] {processor.py:183} INFO - Processing /home/airflow/.local/lib/python3.12/site-packages/airflow/example_dags/example_latest_only.py took 0.091 seconds
[2026-04-28T20:17:18.844+0000] {processor.py:161} INFO - Started process (PID=2841) to work on /home/airflow/.local/lib/python3.12/site-packages/airflow/example_dags/example_latest_only.py
[2026-04-28T20:17:18.848+0000] {processor.py:830} INFO - Processing file /home/airflow/.local/lib/python3.12/site-packages/airflow/example_dags/example_latest_only.py for tasks to queue
[2026-04-28T20:17:18.853+0000] {logging_mixin.py:188} INFO - [2026-04-28T20:17:18.853+0000] {dagbag.py:540} INFO - Filling up the DagBag from /home/airflow/.local/lib/python3.12/site-packages/airflow/example_dags/example_latest_only.py
[2026-04-28T20:17:18.875+0000] {processor.py:840} INFO - DAG(s) 'latest_only' retrieved from /home/airflow/.local/lib/python3.12/site-packages/airflow/example_dags/example_latest_only.py
[2026-04-28T20:17:18.909+0000] {logging_mixin.py:188} INFO - [2026-04-28T20:17:18.909+0000] {dag.py:3096} INFO - Sync 1 DAGs
[2026-04-28T20:17:18.947+0000] {logging_mixin.py:188} INFO - [2026-04-28T20:17:18.946+0000] {dag.py:3954} INFO - Setting next_dagrun for latest_only to 2026-04-28 16:00:00+00:00, run_after=2026-04-28 20:00:00+00:00
[2026-04-28T20:17:18.967+0000] {processor.py:183} INFO - Processing /home/airflow/.local/lib/python3.12/site-packages/airflow/example_dags/example_latest_only.py took 0.146 seconds
[2026-04-28T20:17:49.020+0000] {processor.py:161} INFO - Started process (PID=2901) to work on /home/airflow/.local/lib/python3.12/site-packages/airflow/example_dags/example_latest_only.py
[2026-04-28T20:17:49.021+0000] {processor.py:830} INFO - Processing file /home/airflow/.local/lib/python3.12/site-packages/airflow/example_dags/example_latest_only.py for tasks to queue
[2026-04-28T20:17:49.023+0000] {logging_mixin.py:188} INFO - [2026-04-28T20:17:49.022+0000] {dagbag.py:540} INFO - Filling up the DagBag from /home/airflow/.local/lib/python3.12/site-packages/airflow/example_dags/example_latest_only.py
[2026-04-28T20:17:49.027+0000] {processor.py:840} INFO - DAG(s) 'latest_only' retrieved from /home/airflow/.local/lib/python3.12/site-packages/airflow/example_dags/example_latest_only.py
[2026-04-28T20:17:49.045+0000] {logging_mixin.py:188} INFO - [2026-04-28T20:17:49.045+0000] {dag.py:3096} INFO - Sync 1 DAGs
[2026-04-28T20:17:49.064+0000] {logging_mixin.py:188} INFO - [2026-04-28T20:17:49.064+0000] {dag.py:3954} INFO - Setting next_dagrun for latest_only to 2026-04-28 16:00:00+00:00, run_after=2026-04-28 20:00:00+00:00
[2026-04-28T20:17:49.082+0000] {processor.py:183} INFO - Processing /home/airflow/.local/lib/python3.12/site-packages/airflow/example_dags/example_latest_only.py took 0.069 seconds
[2026-04-28T20:18:19.411+0000] {processor.py:161} INFO - Started process (PID=2961) to work on /home/airflow/.local/lib/python3.12/site-packages/airflow/example_dags/example_latest_only.py
[2026-04-28T20:18:19.413+0000] {processor.py:830} INFO - Processing file /home/airflow/.local/lib/python3.12/site-packages/airflow/example_dags/example_latest_only.py for tasks to queue
[2026-04-28T20:18:19.417+0000] {logging_mixin.py:188} INFO - [2026-04-28T20:18:19.416+0000] {dagbag.py:540} INFO - Filling up the DagBag from /home/airflow/.local/lib/python3.12/site-packages/airflow/example_dags/example_latest_only.py
[2026-04-28T20:18:19.422+0000] {processor.py:840} INFO - DAG(s) 'latest_only' retrieved from /home/airflow/.local/lib/python3.12/site-packages/airflow/example_dags/example_latest_only.py
[2026-04-28T20:18:19.442+0000] {logging_mixin.py:188} INFO - [2026-04-28T20:18:19.442+0000] {dag.py:3096} INFO - Sync 1 DAGs
[2026-04-28T20:18:19.462+0000] {logging_mixin.py:188} INFO - [2026-04-28T20:18:19.462+0000] {dag.py:3954} INFO - Setting next_dagrun for latest_only to 2026-04-28 16:00:00+00:00, run_after=2026-04-28 20:00:00+00:00
[2026-04-28T20:18:19.477+0000] {processor.py:183} INFO - Processing /home/airflow/.local/lib/python3.12/site-packages/airflow/example_dags/example_latest_only.py took 0.073 seconds
[2026-04-28T20:18:49.820+0000] {processor.py:161} INFO - Started process (PID=3020) to work on /home/airflow/.local/lib/python3.12/site-packages/airflow/example_dags/example_latest_only.py
[2026-04-28T20:18:49.821+0000] {processor.py:830} INFO - Processing file /home/airflow/.local/lib/python3.12/site-packages/airflow/example_dags/example_latest_only.py for tasks to queue
[2026-04-28T20:18:49.823+0000] {logging_mixin.py:188} INFO - [2026-04-28T20:18:49.823+0000] {dagbag.py:540} INFO - Filling up the DagBag from /home/airflow/.local/lib/python3.12/site-packages/airflow/example_dags/example_latest_only.py
[2026-04-28T20:18:49.835+0000] {processor.py:840} INFO - DAG(s) 'latest_only' retrieved from /home/airflow/.local/lib/python3.12/site-packages/airflow/example_dags/example_latest_only.py
[2026-04-28T20:18:49.855+0000] {logging_mixin.py:188} INFO - [2026-04-28T20:18:49.855+0000] {dag.py:3096} INFO - Sync 1 DAGs
[2026-04-28T20:18:49.874+0000] {logging_mixin.py:188} INFO - [2026-04-28T20:18:49.874+0000] {dag.py:3954} INFO - Setting next_dagrun for latest_only to 2026-04-28 16:00:00+00:00, run_after=2026-04-28 20:00:00+00:00
[2026-04-28T20:18:49.889+0000] {processor.py:183} INFO - Processing /home/airflow/.local/lib/python3.12/site-packages/airflow/example_dags/example_latest_only.py took 0.075 seconds
[2026-04-28T20:19:20.789+0000] {processor.py:161} INFO - Started process (PID=3080) to work on /home/airflow/.local/lib/python3.12/site-packages/airflow/example_dags/example_latest_only.py
[2026-04-28T20:19:20.792+0000] {processor.py:830} INFO - Processing file /home/airflow/.local/lib/python3.12/site-packages/airflow/example_dags/example_latest_only.py for tasks to queue
[2026-04-28T20:19:20.794+0000] {logging_mixin.py:188} INFO - [2026-04-28T20:19:20.794+0000] {dagbag.py:540} INFO - Filling up the DagBag from /home/airflow/.local/lib/python3.12/site-packages/airflow/example_dags/example_latest_only.py
[2026-04-28T20:19:20.801+0000] {processor.py:840} INFO - DAG(s) 'latest_only' retrieved from /home/airflow/.local/lib/python3.12/site-packages/airflow/example_dags/example_latest_only.py
[2026-04-28T20:19:20.827+0000] {logging_mixin.py:188} INFO - [2026-04-28T20:19:20.827+0000] {dag.py:3096} INFO - Sync 1 DAGs
[2026-04-28T20:19:20.857+0000] {logging_mixin.py:188} INFO - [2026-04-28T20:19:20.856+0000] {dag.py:3954} INFO - Setting next_dagrun for latest_only to 2026-04-28 16:00:00+00:00, run_after=2026-04-28 20:00:00+00:00
[2026-04-28T20:19:20.875+0000] {processor.py:183} INFO - Processing /home/airflow/.local/lib/python3.12/site-packages/airflow/example_dags/example_latest_only.py took 0.093 seconds
[2026-04-28T20:19:52.597+0000] {processor.py:161} INFO - Started process (PID=3146) to work on /home/airflow/.local/lib/python3.12/site-packages/airflow/example_dags/example_latest_only.py
[2026-04-28T20:19:52.598+0000] {processor.py:830} INFO - Processing file /home/airflow/.local/lib/python3.12/site-packages/airflow/example_dags/example_latest_only.py for tasks to queue
[2026-04-28T20:19:52.600+0000] {logging_mixin.py:188} INFO - [2026-04-28T20:19:52.600+0000] {dagbag.py:540} INFO - Filling up the DagBag from /home/airflow/.local/lib/python3.12/site-packages/airflow/example_dags/example_latest_only.py
[2026-04-28T20:19:52.606+0000] {processor.py:840} INFO - DAG(s) 'latest_only' retrieved from /home/airflow/.local/lib/python3.12/site-packages/airflow/example_dags/example_latest_only.py
[2026-04-28T20:19:52.634+0000] {logging_mixin.py:188} INFO - [2026-04-28T20:19:52.633+0000] {dag.py:3096} INFO - Sync 1 DAGs
[2026-04-28T20:19:52.660+0000] {logging_mixin.py:188} INFO - [2026-04-28T20:19:52.660+0000] {dag.py:3954} INFO - Setting next_dagrun for latest_only to 2026-04-28 16:00:00+00:00, run_after=2026-04-28 20:00:00+00:00
[2026-04-28T20:19:52.681+0000] {processor.py:183} INFO - Processing /home/airflow/.local/lib/python3.12/site-packages/airflow/example_dags/example_latest_only.py took 0.092 seconds
[2026-04-28T20:20:22.947+0000] {processor.py:161} INFO - Started process (PID=3206) to work on /home/airflow/.local/lib/python3.12/site-packages/airflow/example_dags/example_latest_only.py
[2026-04-28T20:20:22.948+0000] {processor.py:830} INFO - Processing file /home/airflow/.local/lib/python3.12/site-packages/airflow/example_dags/example_latest_only.py for tasks to queue
[2026-04-28T20:20:22.954+0000] {logging_mixin.py:188} INFO - [2026-04-28T20:20:22.954+0000] {dagbag.py:540} INFO - Filling up the DagBag from /home/airflow/.local/lib/python3.12/site-packages/airflow/example_dags/example_latest_only.py
[2026-04-28T20:20:22.960+0000] {processor.py:840} INFO - DAG(s) 'latest_only' retrieved from /home/airflow/.local/lib/python3.12/site-packages/airflow/example_dags/example_latest_only.py
[2026-04-28T20:20:22.982+0000] {logging_mixin.py:188} INFO - [2026-04-28T20:20:22.981+0000] {dag.py:3096} INFO - Sync 1 DAGs
[2026-04-28T20:20:23.010+0000] {logging_mixin.py:188} INFO - [2026-04-28T20:20:23.009+0000] {dag.py:3954} INFO - Setting next_dagrun for latest_only to 2026-04-28 16:00:00+00:00, run_after=2026-04-28 20:00:00+00:00
[2026-04-28T20:20:23.031+0000] {processor.py:183} INFO - Processing /home/airflow/.local/lib/python3.12/site-packages/airflow/example_dags/example_latest_only.py took 0.091 seconds
[2026-04-28T20:20:53.443+0000] {processor.py:161} INFO - Started process (PID=3266) to work on /home/airflow/.local/lib/python3.12/site-packages/airflow/example_dags/example_latest_only.py
[2026-04-28T20:20:53.444+0000] {processor.py:830} INFO - Processing file /home/airflow/.local/lib/python3.12/site-packages/airflow/example_dags/example_latest_only.py for tasks to queue
[2026-04-28T20:20:53.446+0000] {logging_mixin.py:188} INFO - [2026-04-28T20:20:53.446+0000] {dagbag.py:540} INFO - Filling up the DagBag from /home/airflow/.local/lib/python3.12/site-packages/airflow/example_dags/example_latest_only.py
[2026-04-28T20:20:53.452+0000] {processor.py:840} INFO - DAG(s) 'latest_only' retrieved from /home/airflow/.local/lib/python3.12/site-packages/airflow/example_dags/example_latest_only.py
[2026-04-28T20:20:53.480+0000] {logging_mixin.py:188} INFO - [2026-04-28T20:20:53.480+0000] {dag.py:3096} INFO - Sync 1 DAGs
[2026-04-28T20:20:53.507+0000] {logging_mixin.py:188} INFO - [2026-04-28T20:20:53.507+0000] {dag.py:3954} INFO - Setting next_dagrun for latest_only to 2026-04-28 16:00:00+00:00, run_after=2026-04-28 20:00:00+00:00
[2026-04-28T20:20:53.530+0000] {processor.py:183} INFO - Processing /home/airflow/.local/lib/python3.12/site-packages/airflow/example_dags/example_latest_only.py took 0.096 seconds
[2026-04-28T20:21:36.361+0000] {processor.py:161} INFO - Started process (PID=3326) to work on /home/airflow/.local/lib/python3.12/site-packages/airflow/example_dags/example_latest_only.py
[2026-04-28T20:21:36.363+0000] {processor.py:830} INFO - Processing file /home/airflow/.local/lib/python3.12/site-packages/airflow/example_dags/example_latest_only.py for tasks to queue
[2026-04-28T20:21:36.369+0000] {logging_mixin.py:188} INFO - [2026-04-28T20:21:36.369+0000] {dagbag.py:540} INFO - Filling up the DagBag from /home/airflow/.local/lib/python3.12/site-packages/airflow/example_dags/example_latest_only.py
[2026-04-28T20:21:36.394+0000] {processor.py:840} INFO - DAG(s) 'latest_only' retrieved from /home/airflow/.local/lib/python3.12/site-packages/airflow/example_dags/example_latest_only.py
[2026-04-28T20:21:36.482+0000] {logging_mixin.py:188} INFO - [2026-04-28T20:21:36.481+0000] {dag.py:3096} INFO - Sync 1 DAGs
[2026-04-28T20:21:36.752+0000] {logging_mixin.py:188} INFO - [2026-04-28T20:21:36.752+0000] {dag.py:3954} INFO - Setting next_dagrun for latest_only to 2026-04-28 16:00:00+00:00, run_after=2026-04-28 20:00:00+00:00
[2026-04-28T20:21:37.158+0000] {processor.py:183} INFO - Processing /home/airflow/.local/lib/python3.12/site-packages/airflow/example_dags/example_latest_only.py took 0.825 seconds
[2026-04-28T20:32:39.451+0000] {processor.py:161} INFO - Started process (PID=209) to work on /home/airflow/.local/lib/python3.12/site-packages/airflow/example_dags/example_latest_only.py
[2026-04-28T20:32:39.455+0000] {processor.py:830} INFO - Processing file /home/airflow/.local/lib/python3.12/site-packages/airflow/example_dags/example_latest_only.py for tasks to queue
[2026-04-28T20:32:39.461+0000] {logging_mixin.py:188} INFO - [2026-04-28T20:32:39.460+0000] {dagbag.py:540} INFO - Filling up the DagBag from /home/airflow/.local/lib/python3.12/site-packages/airflow/example_dags/example_latest_only.py
[2026-04-28T20:32:39.482+0000] {processor.py:840} INFO - DAG(s) 'latest_only' retrieved from /home/airflow/.local/lib/python3.12/site-packages/airflow/example_dags/example_latest_only.py
[2026-04-28T20:32:40.154+0000] {logging_mixin.py:188} INFO - [2026-04-28T20:32:40.153+0000] {dag.py:3096} INFO - Sync 1 DAGs
[2026-04-28T20:32:40.244+0000] {logging_mixin.py:188} INFO - [2026-04-28T20:32:40.244+0000] {dag.py:3954} INFO - Setting next_dagrun for latest_only to 2026-04-28 16:00:00+00:00, run_after=2026-04-28 20:00:00+00:00
[2026-04-28T20:32:40.341+0000] {processor.py:183} INFO - Processing /home/airflow/.local/lib/python3.12/site-packages/airflow/example_dags/example_latest_only.py took 0.918 seconds
[2026-04-28T20:33:19.157+0000] {processor.py:161} INFO - Started process (PID=269) to work on /home/airflow/.local/lib/python3.12/site-packages/airflow/example_dags/example_latest_only.py
[2026-04-28T20:33:19.165+0000] {processor.py:830} INFO - Processing file /home/airflow/.local/lib/python3.12/site-packages/airflow/example_dags/example_latest_only.py for tasks to queue
[2026-04-28T20:33:19.169+0000] {logging_mixin.py:188} INFO - [2026-04-28T20:33:19.169+0000] {dagbag.py:540} INFO - Filling up the DagBag from /home/airflow/.local/lib/python3.12/site-packages/airflow/example_dags/example_latest_only.py
[2026-04-28T20:33:19.185+0000] {processor.py:840} INFO - DAG(s) 'latest_only' retrieved from /home/airflow/.local/lib/python3.12/site-packages/airflow/example_dags/example_latest_only.py
[2026-04-28T20:33:19.253+0000] {logging_mixin.py:188} INFO - [2026-04-28T20:33:19.252+0000] {dag.py:3096} INFO - Sync 1 DAGs
[2026-04-28T20:33:19.295+0000] {logging_mixin.py:188} INFO - [2026-04-28T20:33:19.295+0000] {dag.py:3954} INFO - Setting next_dagrun for latest_only to 2026-04-28 16:00:00+00:00, run_after=2026-04-28 20:00:00+00:00
[2026-04-28T20:33:19.357+0000] {processor.py:183} INFO - Processing /home/airflow/.local/lib/python3.12/site-packages/airflow/example_dags/example_latest_only.py took 0.223 seconds
[2026-04-28T20:33:51.826+0000] {processor.py:161} INFO - Started process (PID=329) to work on /home/airflow/.local/lib/python3.12/site-packages/airflow/example_dags/example_latest_only.py
[2026-04-28T20:33:51.834+0000] {processor.py:830} INFO - Processing file /home/airflow/.local/lib/python3.12/site-packages/airflow/example_dags/example_latest_only.py for tasks to queue
[2026-04-28T20:33:51.848+0000] {logging_mixin.py:188} INFO - [2026-04-28T20:33:51.848+0000] {dagbag.py:540} INFO - Filling up the DagBag from /home/airflow/.local/lib/python3.12/site-packages/airflow/example_dags/example_latest_only.py
[2026-04-28T20:33:51.876+0000] {processor.py:840} INFO - DAG(s) 'latest_only' retrieved from /home/airflow/.local/lib/python3.12/site-packages/airflow/example_dags/example_latest_only.py
[2026-04-28T20:33:52.008+0000] {logging_mixin.py:188} INFO - [2026-04-28T20:33:52.008+0000] {dag.py:3096} INFO - Sync 1 DAGs
[2026-04-28T20:33:52.143+0000] {logging_mixin.py:188} INFO - [2026-04-28T20:33:52.135+0000] {dag.py:3954} INFO - Setting next_dagrun for latest_only to 2026-04-28 16:00:00+00:00, run_after=2026-04-28 20:00:00+00:00
[2026-04-28T20:33:52.268+0000] {processor.py:183} INFO - Processing /home/airflow/.local/lib/python3.12/site-packages/airflow/example_dags/example_latest_only.py took 0.483 seconds
[2026-04-28T20:34:22.475+0000] {processor.py:161} INFO - Started process (PID=389) to work on /home/airflow/.local/lib/python3.12/site-packages/airflow/example_dags/example_latest_only.py
[2026-04-28T20:34:22.477+0000] {processor.py:830} INFO - Processing file /home/airflow/.local/lib/python3.12/site-packages/airflow/example_dags/example_latest_only.py for tasks to queue
[2026-04-28T20:34:22.481+0000] {logging_mixin.py:188} INFO - [2026-04-28T20:34:22.480+0000] {dagbag.py:540} INFO - Filling up the DagBag from /home/airflow/.local/lib/python3.12/site-packages/airflow/example_dags/example_latest_only.py
[2026-04-28T20:34:22.507+0000] {processor.py:840} INFO - DAG(s) 'latest_only' retrieved from /home/airflow/.local/lib/python3.12/site-packages/airflow/example_dags/example_latest_only.py
[2026-04-28T20:34:22.601+0000] {logging_mixin.py:188} INFO - [2026-04-28T20:34:22.599+0000] {dag.py:3096} INFO - Sync 1 DAGs
[2026-04-28T20:34:22.636+0000] {logging_mixin.py:188} INFO - [2026-04-28T20:34:22.635+0000] {dag.py:3954} INFO - Setting next_dagrun for latest_only to 2026-04-28 16:00:00+00:00, run_after=2026-04-28 20:00:00+00:00
[2026-04-28T20:34:22.666+0000] {processor.py:183} INFO - Processing /home/airflow/.local/lib/python3.12/site-packages/airflow/example_dags/example_latest_only.py took 0.232 seconds
[2026-04-28T20:47:25.229+0000] {processor.py:161} INFO - Started process (PID=106) to work on /home/airflow/.local/lib/python3.12/site-packages/airflow/example_dags/example_latest_only.py
[2026-04-28T20:47:25.240+0000] {processor.py:830} INFO - Processing file /home/airflow/.local/lib/python3.12/site-packages/airflow/example_dags/example_latest_only.py for tasks to queue
[2026-04-28T20:47:25.247+0000] {logging_mixin.py:188} INFO - [2026-04-28T20:47:25.246+0000] {dagbag.py:540} INFO - Filling up the DagBag from /home/airflow/.local/lib/python3.12/site-packages/airflow/example_dags/example_latest_only.py
[2026-04-28T20:47:25.263+0000] {processor.py:840} INFO - DAG(s) 'latest_only' retrieved from /home/airflow/.local/lib/python3.12/site-packages/airflow/example_dags/example_latest_only.py
[2026-04-28T20:47:25.873+0000] {logging_mixin.py:188} INFO - [2026-04-28T20:47:25.871+0000] {override.py:1829} INFO - Created Permission View: can read on DAG:latest_only
[2026-04-28T20:47:25.967+0000] {logging_mixin.py:188} INFO - [2026-04-28T20:47:25.966+0000] {override.py:1829} INFO - Created Permission View: can delete on DAG:latest_only
[2026-04-28T20:47:26.025+0000] {logging_mixin.py:188} INFO - [2026-04-28T20:47:26.025+0000] {override.py:1829} INFO - Created Permission View: can edit on DAG:latest_only
[2026-04-28T20:47:26.026+0000] {logging_mixin.py:188} INFO - [2026-04-28T20:47:26.026+0000] {dag.py:3096} INFO - Sync 1 DAGs
[2026-04-28T20:47:26.056+0000] {logging_mixin.py:188} INFO - [2026-04-28T20:47:26.056+0000] {dag.py:3118} INFO - Creating ORM DAG for latest_only
[2026-04-28T20:47:26.087+0000] {logging_mixin.py:188} INFO - [2026-04-28T20:47:26.087+0000] {dag.py:3954} INFO - Setting next_dagrun for latest_only to 2026-04-28 16:00:00+00:00, run_after=2026-04-28 20:00:00+00:00
[2026-04-28T20:47:26.151+0000] {processor.py:183} INFO - Processing /home/airflow/.local/lib/python3.12/site-packages/airflow/example_dags/example_latest_only.py took 0.942 seconds
[2026-04-28T20:47:56.266+0000] {processor.py:161} INFO - Started process (PID=166) to work on /home/airflow/.local/lib/python3.12/site-packages/airflow/example_dags/example_latest_only.py
[2026-04-28T20:47:56.269+0000] {processor.py:830} INFO - Processing file /home/airflow/.local/lib/python3.12/site-packages/airflow/example_dags/example_latest_only.py for tasks to queue
[2026-04-28T20:47:56.271+0000] {logging_mixin.py:188} INFO - [2026-04-28T20:47:56.270+0000] {dagbag.py:540} INFO - Filling up the DagBag from /home/airflow/.local/lib/python3.12/site-packages/airflow/example_dags/example_latest_only.py
[2026-04-28T20:47:56.277+0000] {processor.py:840} INFO - DAG(s) 'latest_only' retrieved from /home/airflow/.local/lib/python3.12/site-packages/airflow/example_dags/example_latest_only.py
[2026-04-28T20:47:56.301+0000] {logging_mixin.py:188} INFO - [2026-04-28T20:47:56.300+0000] {dag.py:3096} INFO - Sync 1 DAGs
[2026-04-28T20:47:56.328+0000] {logging_mixin.py:188} INFO - [2026-04-28T20:47:56.328+0000] {dag.py:3954} INFO - Setting next_dagrun for latest_only to 2026-04-28 16:00:00+00:00, run_after=2026-04-28 20:00:00+00:00
[2026-04-28T20:47:56.347+0000] {processor.py:183} INFO - Processing /home/airflow/.local/lib/python3.12/site-packages/airflow/example_dags/example_latest_only.py took 0.088 seconds
[2026-04-28T20:48:27.041+0000] {processor.py:161} INFO - Started process (PID=226) to work on /home/airflow/.local/lib/python3.12/site-packages/airflow/example_dags/example_latest_only.py
[2026-04-28T20:48:27.051+0000] {processor.py:830} INFO - Processing file /home/airflow/.local/lib/python3.12/site-packages/airflow/example_dags/example_latest_only.py for tasks to queue
[2026-04-28T20:48:27.067+0000] {logging_mixin.py:188} INFO - [2026-04-28T20:48:27.066+0000] {dagbag.py:540} INFO - Filling up the DagBag from /home/airflow/.local/lib/python3.12/site-packages/airflow/example_dags/example_latest_only.py
[2026-04-28T20:48:27.085+0000] {processor.py:840} INFO - DAG(s) 'latest_only' retrieved from /home/airflow/.local/lib/python3.12/site-packages/airflow/example_dags/example_latest_only.py
[2026-04-28T20:48:27.200+0000] {logging_mixin.py:188} INFO - [2026-04-28T20:48:27.197+0000] {dag.py:3096} INFO - Sync 1 DAGs
[2026-04-28T20:48:27.234+0000] {logging_mixin.py:188} INFO - [2026-04-28T20:48:27.232+0000] {dag.py:3954} INFO - Setting next_dagrun for latest_only to 2026-04-28 16:00:00+00:00, run_after=2026-04-28 20:00:00+00:00
[2026-04-28T20:48:27.259+0000] {processor.py:183} INFO - Processing /home/airflow/.local/lib/python3.12/site-packages/airflow/example_dags/example_latest_only.py took 0.256 seconds
[2026-04-28T20:48:57.833+0000] {processor.py:161} INFO - Started process (PID=286) to work on /home/airflow/.local/lib/python3.12/site-packages/airflow/example_dags/example_latest_only.py
[2026-04-28T20:48:57.835+0000] {processor.py:830} INFO - Processing file /home/airflow/.local/lib/python3.12/site-packages/airflow/example_dags/example_latest_only.py for tasks to queue
[2026-04-28T20:48:57.837+0000] {logging_mixin.py:188} INFO - [2026-04-28T20:48:57.837+0000] {dagbag.py:540} INFO - Filling up the DagBag from /home/airflow/.local/lib/python3.12/site-packages/airflow/example_dags/example_latest_only.py
[2026-04-28T20:48:57.843+0000] {processor.py:840} INFO - DAG(s) 'latest_only' retrieved from /home/airflow/.local/lib/python3.12/site-packages/airflow/example_dags/example_latest_only.py
[2026-04-28T20:48:57.867+0000] {logging_mixin.py:188} INFO - [2026-04-28T20:48:57.867+0000] {dag.py:3096} INFO - Sync 1 DAGs
[2026-04-28T20:48:57.895+0000] {logging_mixin.py:188} INFO - [2026-04-28T20:48:57.894+0000] {dag.py:3954} INFO - Setting next_dagrun for latest_only to 2026-04-28 16:00:00+00:00, run_after=2026-04-28 20:00:00+00:00
[2026-04-28T20:48:57.915+0000] {processor.py:183} INFO - Processing /home/airflow/.local/lib/python3.12/site-packages/airflow/example_dags/example_latest_only.py took 0.095 seconds
[2026-04-28T20:49:28.088+0000] {processor.py:161} INFO - Started process (PID=346) to work on /home/airflow/.local/lib/python3.12/site-packages/airflow/example_dags/example_latest_only.py
[2026-04-28T20:49:28.089+0000] {processor.py:830} INFO - Processing file /home/airflow/.local/lib/python3.12/site-packages/airflow/example_dags/example_latest_only.py for tasks to queue
[2026-04-28T20:49:28.091+0000] {logging_mixin.py:188} INFO - [2026-04-28T20:49:28.090+0000] {dagbag.py:540} INFO - Filling up the DagBag from /home/airflow/.local/lib/python3.12/site-packages/airflow/example_dags/example_latest_only.py
[2026-04-28T20:49:28.095+0000] {processor.py:840} INFO - DAG(s) 'latest_only' retrieved from /home/airflow/.local/lib/python3.12/site-packages/airflow/example_dags/example_latest_only.py
[2026-04-28T20:49:28.115+0000] {logging_mixin.py:188} INFO - [2026-04-28T20:49:28.115+0000] {dag.py:3096} INFO - Sync 1 DAGs
[2026-04-28T20:49:28.135+0000] {logging_mixin.py:188} INFO - [2026-04-28T20:49:28.134+0000] {dag.py:3954} INFO - Setting next_dagrun for latest_only to 2026-04-28 16:00:00+00:00, run_after=2026-04-28 20:00:00+00:00
[2026-04-28T20:49:28.152+0000] {processor.py:183} INFO - Processing /home/airflow/.local/lib/python3.12/site-packages/airflow/example_dags/example_latest_only.py took 0.070 seconds
[2026-04-28T20:49:58.822+0000] {processor.py:161} INFO - Started process (PID=406) to work on /home/airflow/.local/lib/python3.12/site-packages/airflow/example_dags/example_latest_only.py
[2026-04-28T20:49:58.825+0000] {processor.py:830} INFO - Processing file /home/airflow/.local/lib/python3.12/site-packages/airflow/example_dags/example_latest_only.py for tasks to queue
[2026-04-28T20:49:58.828+0000] {logging_mixin.py:188} INFO - [2026-04-28T20:49:58.827+0000] {dagbag.py:540} INFO - Filling up the DagBag from /home/airflow/.local/lib/python3.12/site-packages/airflow/example_dags/example_latest_only.py
[2026-04-28T20:49:58.836+0000] {processor.py:840} INFO - DAG(s) 'latest_only' retrieved from /home/airflow/.local/lib/python3.12/site-packages/airflow/example_dags/example_latest_only.py
[2026-04-28T20:49:58.862+0000] {logging_mixin.py:188} INFO - [2026-04-28T20:49:58.862+0000] {dag.py:3096} INFO - Sync 1 DAGs
[2026-04-28T20:49:58.903+0000] {logging_mixin.py:188} INFO - [2026-04-28T20:49:58.903+0000] {dag.py:3954} INFO - Setting next_dagrun for latest_only to 2026-04-28 16:00:00+00:00, run_after=2026-04-28 20:00:00+00:00
[2026-04-28T20:49:58.941+0000] {processor.py:183} INFO - Processing /home/airflow/.local/lib/python3.12/site-packages/airflow/example_dags/example_latest_only.py took 0.134 seconds
[2026-04-28T20:50:29.676+0000] {processor.py:161} INFO - Started process (PID=466) to work on /home/airflow/.local/lib/python3.12/site-packages/airflow/example_dags/example_latest_only.py
[2026-04-28T20:50:29.678+0000] {processor.py:830} INFO - Processing file /home/airflow/.local/lib/python3.12/site-packages/airflow/example_dags/example_latest_only.py for tasks to queue
[2026-04-28T20:50:29.680+0000] {logging_mixin.py:188} INFO - [2026-04-28T20:50:29.680+0000] {dagbag.py:540} INFO - Filling up the DagBag from /home/airflow/.local/lib/python3.12/site-packages/airflow/example_dags/example_latest_only.py
[2026-04-28T20:50:29.686+0000] {processor.py:840} INFO - DAG(s) 'latest_only' retrieved from /home/airflow/.local/lib/python3.12/site-packages/airflow/example_dags/example_latest_only.py
[2026-04-28T20:50:29.711+0000] {logging_mixin.py:188} INFO - [2026-04-28T20:50:29.710+0000] {dag.py:3096} INFO - Sync 1 DAGs
[2026-04-28T20:50:29.738+0000] {logging_mixin.py:188} INFO - [2026-04-28T20:50:29.738+0000] {dag.py:3954} INFO - Setting next_dagrun for latest_only to 2026-04-28 16:00:00+00:00, run_after=2026-04-28 20:00:00+00:00
[2026-04-28T20:50:29.759+0000] {processor.py:183} INFO - Processing /home/airflow/.local/lib/python3.12/site-packages/airflow/example_dags/example_latest_only.py took 0.090 seconds
[2026-04-28T20:51:00.542+0000] {processor.py:161} INFO - Started process (PID=526) to work on /home/airflow/.local/lib/python3.12/site-packages/airflow/example_dags/example_latest_only.py
[2026-04-28T20:51:00.543+0000] {processor.py:830} INFO - Processing file /home/airflow/.local/lib/python3.12/site-packages/airflow/example_dags/example_latest_only.py for tasks to queue
[2026-04-28T20:51:00.546+0000] {logging_mixin.py:188} INFO - [2026-04-28T20:51:00.545+0000] {dagbag.py:540} INFO - Filling up the DagBag from /home/airflow/.local/lib/python3.12/site-packages/airflow/example_dags/example_latest_only.py
[2026-04-28T20:51:00.552+0000] {processor.py:840} INFO - DAG(s) 'latest_only' retrieved from /home/airflow/.local/lib/python3.12/site-packages/airflow/example_dags/example_latest_only.py
[2026-04-28T20:51:00.576+0000] {logging_mixin.py:188} INFO - [2026-04-28T20:51:00.576+0000] {dag.py:3096} INFO - Sync 1 DAGs
[2026-04-28T20:51:00.605+0000] {logging_mixin.py:188} INFO - [2026-04-28T20:51:00.604+0000] {dag.py:3954} INFO - Setting next_dagrun for latest_only to 2026-04-28 16:00:00+00:00, run_after=2026-04-28 20:00:00+00:00
[2026-04-28T20:51:00.624+0000] {processor.py:183} INFO - Processing /home/airflow/.local/lib/python3.12/site-packages/airflow/example_dags/example_latest_only.py took 0.095 seconds
[2026-04-28T20:51:31.208+0000] {processor.py:161} INFO - Started process (PID=586) to work on /home/airflow/.local/lib/python3.12/site-packages/airflow/example_dags/example_latest_only.py
[2026-04-28T20:51:31.209+0000] {processor.py:830} INFO - Processing file /home/airflow/.local/lib/python3.12/site-packages/airflow/example_dags/example_latest_only.py for tasks to queue
[2026-04-28T20:51:31.211+0000] {logging_mixin.py:188} INFO - [2026-04-28T20:51:31.211+0000] {dagbag.py:540} INFO - Filling up the DagBag from /home/airflow/.local/lib/python3.12/site-packages/airflow/example_dags/example_latest_only.py
[2026-04-28T20:51:31.217+0000] {processor.py:840} INFO - DAG(s) 'latest_only' retrieved from /home/airflow/.local/lib/python3.12/site-packages/airflow/example_dags/example_latest_only.py
[2026-04-28T20:51:31.243+0000] {logging_mixin.py:188} INFO - [2026-04-28T20:51:31.243+0000] {dag.py:3096} INFO - Sync 1 DAGs
[2026-04-28T20:51:31.270+0000] {logging_mixin.py:188} INFO - [2026-04-28T20:51:31.269+0000] {dag.py:3954} INFO - Setting next_dagrun for latest_only to 2026-04-28 16:00:00+00:00, run_after=2026-04-28 20:00:00+00:00
[2026-04-28T20:51:31.289+0000] {processor.py:183} INFO - Processing /home/airflow/.local/lib/python3.12/site-packages/airflow/example_dags/example_latest_only.py took 0.091 seconds
[2026-04-28T20:52:01.607+0000] {processor.py:161} INFO - Started process (PID=647) to work on /home/airflow/.local/lib/python3.12/site-packages/airflow/example_dags/example_latest_only.py
[2026-04-28T20:52:01.608+0000] {processor.py:830} INFO - Processing file /home/airflow/.local/lib/python3.12/site-packages/airflow/example_dags/example_latest_only.py for tasks to queue
[2026-04-28T20:52:01.610+0000] {logging_mixin.py:188} INFO - [2026-04-28T20:52:01.610+0000] {dagbag.py:540} INFO - Filling up the DagBag from /home/airflow/.local/lib/python3.12/site-packages/airflow/example_dags/example_latest_only.py
[2026-04-28T20:52:01.617+0000] {processor.py:840} INFO - DAG(s) 'latest_only' retrieved from /home/airflow/.local/lib/python3.12/site-packages/airflow/example_dags/example_latest_only.py
[2026-04-28T20:52:01.640+0000] {logging_mixin.py:188} INFO - [2026-04-28T20:52:01.640+0000] {dag.py:3096} INFO - Sync 1 DAGs
[2026-04-28T20:52:01.665+0000] {logging_mixin.py:188} INFO - [2026-04-28T20:52:01.665+0000] {dag.py:3954} INFO - Setting next_dagrun for latest_only to 2026-04-28 16:00:00+00:00, run_after=2026-04-28 20:00:00+00:00
[2026-04-28T20:52:01.685+0000] {processor.py:183} INFO - Processing /home/airflow/.local/lib/python3.12/site-packages/airflow/example_dags/example_latest_only.py took 0.085 seconds
[2026-04-28T20:52:32.159+0000] {processor.py:161} INFO - Started process (PID=707) to work on /home/airflow/.local/lib/python3.12/site-packages/airflow/example_dags/example_latest_only.py
[2026-04-28T20:52:32.160+0000] {processor.py:830} INFO - Processing file /home/airflow/.local/lib/python3.12/site-packages/airflow/example_dags/example_latest_only.py for tasks to queue
[2026-04-28T20:52:32.163+0000] {logging_mixin.py:188} INFO - [2026-04-28T20:52:32.162+0000] {dagbag.py:540} INFO - Filling up the DagBag from /home/airflow/.local/lib/python3.12/site-packages/airflow/example_dags/example_latest_only.py
[2026-04-28T20:52:32.175+0000] {processor.py:840} INFO - DAG(s) 'latest_only' retrieved from /home/airflow/.local/lib/python3.12/site-packages/airflow/example_dags/example_latest_only.py
[2026-04-28T20:52:32.204+0000] {logging_mixin.py:188} INFO - [2026-04-28T20:52:32.204+0000] {dag.py:3096} INFO - Sync 1 DAGs
[2026-04-28T20:52:32.268+0000] {logging_mixin.py:188} INFO - [2026-04-28T20:52:32.268+0000] {dag.py:3954} INFO - Setting next_dagrun for latest_only to 2026-04-28 16:00:00+00:00, run_after=2026-04-28 20:00:00+00:00
[2026-04-28T20:52:32.319+0000] {processor.py:183} INFO - Processing /home/airflow/.local/lib/python3.12/site-packages/airflow/example_dags/example_latest_only.py took 0.172 seconds
[2026-04-28T20:53:02.812+0000] {processor.py:161} INFO - Started process (PID=767) to work on /home/airflow/.local/lib/python3.12/site-packages/airflow/example_dags/example_latest_only.py
[2026-04-28T20:53:02.813+0000] {processor.py:830} INFO - Processing file /home/airflow/.local/lib/python3.12/site-packages/airflow/example_dags/example_latest_only.py for tasks to queue
[2026-04-28T20:53:02.815+0000] {logging_mixin.py:188} INFO - [2026-04-28T20:53:02.815+0000] {dagbag.py:540} INFO - Filling up the DagBag from /home/airflow/.local/lib/python3.12/site-packages/airflow/example_dags/example_latest_only.py
[2026-04-28T20:53:02.821+0000] {processor.py:840} INFO - DAG(s) 'latest_only' retrieved from /home/airflow/.local/lib/python3.12/site-packages/airflow/example_dags/example_latest_only.py
[2026-04-28T20:53:02.843+0000] {logging_mixin.py:188} INFO - [2026-04-28T20:53:02.843+0000] {dag.py:3096} INFO - Sync 1 DAGs
[2026-04-28T20:53:02.870+0000] {logging_mixin.py:188} INFO - [2026-04-28T20:53:02.870+0000] {dag.py:3954} INFO - Setting next_dagrun for latest_only to 2026-04-28 16:00:00+00:00, run_after=2026-04-28 20:00:00+00:00
[2026-04-28T20:53:02.890+0000] {processor.py:183} INFO - Processing /home/airflow/.local/lib/python3.12/site-packages/airflow/example_dags/example_latest_only.py took 0.084 seconds
[2026-04-28T20:53:33.792+0000] {processor.py:161} INFO - Started process (PID=827) to work on /home/airflow/.local/lib/python3.12/site-packages/airflow/example_dags/example_latest_only.py
[2026-04-28T20:53:33.792+0000] {processor.py:830} INFO - Processing file /home/airflow/.local/lib/python3.12/site-packages/airflow/example_dags/example_latest_only.py for tasks to queue
[2026-04-28T20:53:33.795+0000] {logging_mixin.py:188} INFO - [2026-04-28T20:53:33.794+0000] {dagbag.py:540} INFO - Filling up the DagBag from /home/airflow/.local/lib/python3.12/site-packages/airflow/example_dags/example_latest_only.py
[2026-04-28T20:53:33.800+0000] {processor.py:840} INFO - DAG(s) 'latest_only' retrieved from /home/airflow/.local/lib/python3.12/site-packages/airflow/example_dags/example_latest_only.py
[2026-04-28T20:53:33.825+0000] {logging_mixin.py:188} INFO - [2026-04-28T20:53:33.825+0000] {dag.py:3096} INFO - Sync 1 DAGs
[2026-04-28T20:53:33.850+0000] {logging_mixin.py:188} INFO - [2026-04-28T20:53:33.849+0000] {dag.py:3954} INFO - Setting next_dagrun for latest_only to 2026-04-28 16:00:00+00:00, run_after=2026-04-28 20:00:00+00:00
[2026-04-28T20:53:33.868+0000] {processor.py:183} INFO - Processing /home/airflow/.local/lib/python3.12/site-packages/airflow/example_dags/example_latest_only.py took 0.083 seconds
[2026-04-28T20:54:04.416+0000] {processor.py:161} INFO - Started process (PID=887) to work on /home/airflow/.local/lib/python3.12/site-packages/airflow/example_dags/example_latest_only.py
[2026-04-28T20:54:04.418+0000] {processor.py:830} INFO - Processing file /home/airflow/.local/lib/python3.12/site-packages/airflow/example_dags/example_latest_only.py for tasks to queue
[2026-04-28T20:54:04.423+0000] {logging_mixin.py:188} INFO - [2026-04-28T20:54:04.423+0000] {dagbag.py:540} INFO - Filling up the DagBag from /home/airflow/.local/lib/python3.12/site-packages/airflow/example_dags/example_latest_only.py
[2026-04-28T20:54:04.432+0000] {processor.py:840} INFO - DAG(s) 'latest_only' retrieved from /home/airflow/.local/lib/python3.12/site-packages/airflow/example_dags/example_latest_only.py
[2026-04-28T20:54:04.484+0000] {logging_mixin.py:188} INFO - [2026-04-28T20:54:04.483+0000] {dag.py:3096} INFO - Sync 1 DAGs
[2026-04-28T20:54:04.530+0000] {logging_mixin.py:188} INFO - [2026-04-28T20:54:04.527+0000] {dag.py:3954} INFO - Setting next_dagrun for latest_only to 2026-04-28 16:00:00+00:00, run_after=2026-04-28 20:00:00+00:00
[2026-04-28T20:54:04.567+0000] {processor.py:183} INFO - Processing /home/airflow/.local/lib/python3.12/site-packages/airflow/example_dags/example_latest_only.py took 0.159 seconds
[2026-04-28T20:54:34.941+0000] {processor.py:161} INFO - Started process (PID=947) to work on /home/airflow/.local/lib/python3.12/site-packages/airflow/example_dags/example_latest_only.py
[2026-04-28T20:54:34.943+0000] {processor.py:830} INFO - Processing file /home/airflow/.local/lib/python3.12/site-packages/airflow/example_dags/example_latest_only.py for tasks to queue
[2026-04-28T20:54:34.945+0000] {logging_mixin.py:188} INFO - [2026-04-28T20:54:34.945+0000] {dagbag.py:540} INFO - Filling up the DagBag from /home/airflow/.local/lib/python3.12/site-packages/airflow/example_dags/example_latest_only.py
[2026-04-28T20:54:34.951+0000] {processor.py:840} INFO - DAG(s) 'latest_only' retrieved from /home/airflow/.local/lib/python3.12/site-packages/airflow/example_dags/example_latest_only.py
[2026-04-28T20:54:34.976+0000] {logging_mixin.py:188} INFO - [2026-04-28T20:54:34.976+0000] {dag.py:3096} INFO - Sync 1 DAGs
[2026-04-28T20:54:35.004+0000] {logging_mixin.py:188} INFO - [2026-04-28T20:54:35.003+0000] {dag.py:3954} INFO - Setting next_dagrun for latest_only to 2026-04-28 16:00:00+00:00, run_after=2026-04-28 20:00:00+00:00
[2026-04-28T20:54:35.023+0000] {processor.py:183} INFO - Processing /home/airflow/.local/lib/python3.12/site-packages/airflow/example_dags/example_latest_only.py took 0.089 seconds
[2026-04-28T21:03:34.077+0000] {processor.py:161} INFO - Started process (PID=100) to work on /home/airflow/.local/lib/python3.12/site-packages/airflow/example_dags/example_latest_only.py
[2026-04-28T21:03:34.086+0000] {processor.py:830} INFO - Processing file /home/airflow/.local/lib/python3.12/site-packages/airflow/example_dags/example_latest_only.py for tasks to queue
[2026-04-28T21:03:34.093+0000] {logging_mixin.py:188} INFO - [2026-04-28T21:03:34.092+0000] {dagbag.py:540} INFO - Filling up the DagBag from /home/airflow/.local/lib/python3.12/site-packages/airflow/example_dags/example_latest_only.py
[2026-04-28T21:03:34.099+0000] {processor.py:840} INFO - DAG(s) 'latest_only' retrieved from /home/airflow/.local/lib/python3.12/site-packages/airflow/example_dags/example_latest_only.py
[2026-04-28T21:03:34.390+0000] {logging_mixin.py:188} INFO - [2026-04-28T21:03:34.389+0000] {override.py:1829} INFO - Created Permission View: can edit on DAG:latest_only
[2026-04-28T21:03:34.411+0000] {logging_mixin.py:188} INFO - [2026-04-28T21:03:34.410+0000] {override.py:1829} INFO - Created Permission View: can delete on DAG:latest_only
[2026-04-28T21:03:34.422+0000] {logging_mixin.py:188} INFO - [2026-04-28T21:03:34.422+0000] {override.py:1829} INFO - Created Permission View: can read on DAG:latest_only
[2026-04-28T21:03:34.423+0000] {logging_mixin.py:188} INFO - [2026-04-28T21:03:34.422+0000] {dag.py:3096} INFO - Sync 1 DAGs
[2026-04-28T21:03:34.448+0000] {logging_mixin.py:188} INFO - [2026-04-28T21:03:34.448+0000] {dag.py:3118} INFO - Creating ORM DAG for latest_only
[2026-04-28T21:03:34.464+0000] {logging_mixin.py:188} INFO - [2026-04-28T21:03:34.463+0000] {dag.py:3954} INFO - Setting next_dagrun for latest_only to 2026-04-28 16:00:00+00:00, run_after=2026-04-28 20:00:00+00:00
[2026-04-28T21:03:34.510+0000] {processor.py:183} INFO - Processing /home/airflow/.local/lib/python3.12/site-packages/airflow/example_dags/example_latest_only.py took 0.450 seconds
[2026-04-28T21:04:04.698+0000] {processor.py:161} INFO - Started process (PID=159) to work on /home/airflow/.local/lib/python3.12/site-packages/airflow/example_dags/example_latest_only.py
[2026-04-28T21:04:04.702+0000] {processor.py:830} INFO - Processing file /home/airflow/.local/lib/python3.12/site-packages/airflow/example_dags/example_latest_only.py for tasks to queue
[2026-04-28T21:04:04.707+0000] {logging_mixin.py:188} INFO - [2026-04-28T21:04:04.706+0000] {dagbag.py:540} INFO - Filling up the DagBag from /home/airflow/.local/lib/python3.12/site-packages/airflow/example_dags/example_latest_only.py
[2026-04-28T21:04:04.718+0000] {processor.py:840} INFO - DAG(s) 'latest_only' retrieved from /home/airflow/.local/lib/python3.12/site-packages/airflow/example_dags/example_latest_only.py
[2026-04-28T21:04:04.758+0000] {logging_mixin.py:188} INFO - [2026-04-28T21:04:04.756+0000] {dag.py:3096} INFO - Sync 1 DAGs
[2026-04-28T21:04:04.793+0000] {logging_mixin.py:188} INFO - [2026-04-28T21:04:04.791+0000] {dag.py:3954} INFO - Setting next_dagrun for latest_only to 2026-04-28 16:00:00+00:00, run_after=2026-04-28 20:00:00+00:00
[2026-04-28T21:04:04.837+0000] {processor.py:183} INFO - Processing /home/airflow/.local/lib/python3.12/site-packages/airflow/example_dags/example_latest_only.py took 0.151 seconds
[2026-04-28T21:04:35.848+0000] {processor.py:161} INFO - Started process (PID=219) to work on /home/airflow/.local/lib/python3.12/site-packages/airflow/example_dags/example_latest_only.py
[2026-04-28T21:04:35.859+0000] {processor.py:830} INFO - Processing file /home/airflow/.local/lib/python3.12/site-packages/airflow/example_dags/example_latest_only.py for tasks to queue
[2026-04-28T21:04:35.863+0000] {logging_mixin.py:188} INFO - [2026-04-28T21:04:35.862+0000] {dagbag.py:540} INFO - Filling up the DagBag from /home/airflow/.local/lib/python3.12/site-packages/airflow/example_dags/example_latest_only.py
[2026-04-28T21:04:35.892+0000] {processor.py:840} INFO - DAG(s) 'latest_only' retrieved from /home/airflow/.local/lib/python3.12/site-packages/airflow/example_dags/example_latest_only.py
[2026-04-28T21:04:35.971+0000] {logging_mixin.py:188} INFO - [2026-04-28T21:04:35.971+0000] {dag.py:3096} INFO - Sync 1 DAGs
[2026-04-28T21:04:36.029+0000] {logging_mixin.py:188} INFO - [2026-04-28T21:04:36.029+0000] {dag.py:3954} INFO - Setting next_dagrun for latest_only to 2026-04-28 16:00:00+00:00, run_after=2026-04-28 20:00:00+00:00
[2026-04-28T21:04:36.048+0000] {processor.py:183} INFO - Processing /home/airflow/.local/lib/python3.12/site-packages/airflow/example_dags/example_latest_only.py took 0.227 seconds
[2026-04-28T21:05:06.118+0000] {processor.py:161} INFO - Started process (PID=278) to work on /home/airflow/.local/lib/python3.12/site-packages/airflow/example_dags/example_latest_only.py
[2026-04-28T21:05:06.121+0000] {processor.py:830} INFO - Processing file /home/airflow/.local/lib/python3.12/site-packages/airflow/example_dags/example_latest_only.py for tasks to queue
[2026-04-28T21:05:06.126+0000] {logging_mixin.py:188} INFO - [2026-04-28T21:05:06.126+0000] {dagbag.py:540} INFO - Filling up the DagBag from /home/airflow/.local/lib/python3.12/site-packages/airflow/example_dags/example_latest_only.py
[2026-04-28T21:05:06.140+0000] {processor.py:840} INFO - DAG(s) 'latest_only' retrieved from /home/airflow/.local/lib/python3.12/site-packages/airflow/example_dags/example_latest_only.py
[2026-04-28T21:05:06.201+0000] {logging_mixin.py:188} INFO - [2026-04-28T21:05:06.201+0000] {dag.py:3096} INFO - Sync 1 DAGs
[2026-04-28T21:05:06.260+0000] {logging_mixin.py:188} INFO - [2026-04-28T21:05:06.260+0000] {dag.py:3954} INFO - Setting next_dagrun for latest_only to 2026-04-28 16:00:00+00:00, run_after=2026-04-28 20:00:00+00:00
[2026-04-28T21:05:06.339+0000] {processor.py:183} INFO - Processing /home/airflow/.local/lib/python3.12/site-packages/airflow/example_dags/example_latest_only.py took 0.227 seconds
[2026-04-28T21:05:37.235+0000] {processor.py:161} INFO - Started process (PID=338) to work on /home/airflow/.local/lib/python3.12/site-packages/airflow/example_dags/example_latest_only.py
[2026-04-28T21:05:37.236+0000] {processor.py:830} INFO - Processing file /home/airflow/.local/lib/python3.12/site-packages/airflow/example_dags/example_latest_only.py for tasks to queue
[2026-04-28T21:05:37.238+0000] {logging_mixin.py:188} INFO - [2026-04-28T21:05:37.238+0000] {dagbag.py:540} INFO - Filling up the DagBag from /home/airflow/.local/lib/python3.12/site-packages/airflow/example_dags/example_latest_only.py
[2026-04-28T21:05:37.244+0000] {processor.py:840} INFO - DAG(s) 'latest_only' retrieved from /home/airflow/.local/lib/python3.12/site-packages/airflow/example_dags/example_latest_only.py
[2026-04-28T21:05:37.268+0000] {logging_mixin.py:188} INFO - [2026-04-28T21:05:37.267+0000] {dag.py:3096} INFO - Sync 1 DAGs
[2026-04-28T21:05:37.294+0000] {logging_mixin.py:188} INFO - [2026-04-28T21:05:37.294+0000] {dag.py:3954} INFO - Setting next_dagrun for latest_only to 2026-04-28 16:00:00+00:00, run_after=2026-04-28 20:00:00+00:00
[2026-04-28T21:05:37.318+0000] {processor.py:183} INFO - Processing /home/airflow/.local/lib/python3.12/site-packages/airflow/example_dags/example_latest_only.py took 0.090 seconds
[2026-04-28T21:06:07.792+0000] {processor.py:161} INFO - Started process (PID=398) to work on /home/airflow/.local/lib/python3.12/site-packages/airflow/example_dags/example_latest_only.py
[2026-04-28T21:06:07.793+0000] {processor.py:830} INFO - Processing file /home/airflow/.local/lib/python3.12/site-packages/airflow/example_dags/example_latest_only.py for tasks to queue
[2026-04-28T21:06:07.795+0000] {logging_mixin.py:188} INFO - [2026-04-28T21:06:07.795+0000] {dagbag.py:540} INFO - Filling up the DagBag from /home/airflow/.local/lib/python3.12/site-packages/airflow/example_dags/example_latest_only.py
[2026-04-28T21:06:07.802+0000] {processor.py:840} INFO - DAG(s) 'latest_only' retrieved from /home/airflow/.local/lib/python3.12/site-packages/airflow/example_dags/example_latest_only.py
[2026-04-28T21:06:07.826+0000] {logging_mixin.py:188} INFO - [2026-04-28T21:06:07.826+0000] {dag.py:3096} INFO - Sync 1 DAGs
[2026-04-28T21:06:07.852+0000] {logging_mixin.py:188} INFO - [2026-04-28T21:06:07.851+0000] {dag.py:3954} INFO - Setting next_dagrun for latest_only to 2026-04-28 16:00:00+00:00, run_after=2026-04-28 20:00:00+00:00
[2026-04-28T21:06:07.872+0000] {processor.py:183} INFO - Processing /home/airflow/.local/lib/python3.12/site-packages/airflow/example_dags/example_latest_only.py took 0.087 seconds
[2026-04-28T21:06:38.754+0000] {processor.py:161} INFO - Started process (PID=458) to work on /home/airflow/.local/lib/python3.12/site-packages/airflow/example_dags/example_latest_only.py
[2026-04-28T21:06:38.755+0000] {processor.py:830} INFO - Processing file /home/airflow/.local/lib/python3.12/site-packages/airflow/example_dags/example_latest_only.py for tasks to queue
[2026-04-28T21:06:38.758+0000] {logging_mixin.py:188} INFO - [2026-04-28T21:06:38.757+0000] {dagbag.py:540} INFO - Filling up the DagBag from /home/airflow/.local/lib/python3.12/site-packages/airflow/example_dags/example_latest_only.py
[2026-04-28T21:06:38.764+0000] {processor.py:840} INFO - DAG(s) 'latest_only' retrieved from /home/airflow/.local/lib/python3.12/site-packages/airflow/example_dags/example_latest_only.py
[2026-04-28T21:06:38.788+0000] {logging_mixin.py:188} INFO - [2026-04-28T21:06:38.788+0000] {dag.py:3096} INFO - Sync 1 DAGs
[2026-04-28T21:06:38.814+0000] {logging_mixin.py:188} INFO - [2026-04-28T21:06:38.814+0000] {dag.py:3954} INFO - Setting next_dagrun for latest_only to 2026-04-28 16:00:00+00:00, run_after=2026-04-28 20:00:00+00:00
[2026-04-28T21:06:38.837+0000] {processor.py:183} INFO - Processing /home/airflow/.local/lib/python3.12/site-packages/airflow/example_dags/example_latest_only.py took 0.090 seconds
[2026-04-28T21:07:09.424+0000] {processor.py:161} INFO - Started process (PID=518) to work on /home/airflow/.local/lib/python3.12/site-packages/airflow/example_dags/example_latest_only.py
[2026-04-28T21:07:09.426+0000] {processor.py:830} INFO - Processing file /home/airflow/.local/lib/python3.12/site-packages/airflow/example_dags/example_latest_only.py for tasks to queue
[2026-04-28T21:07:09.428+0000] {logging_mixin.py:188} INFO - [2026-04-28T21:07:09.428+0000] {dagbag.py:540} INFO - Filling up the DagBag from /home/airflow/.local/lib/python3.12/site-packages/airflow/example_dags/example_latest_only.py
[2026-04-28T21:07:09.434+0000] {processor.py:840} INFO - DAG(s) 'latest_only' retrieved from /home/airflow/.local/lib/python3.12/site-packages/airflow/example_dags/example_latest_only.py
[2026-04-28T21:07:09.458+0000] {logging_mixin.py:188} INFO - [2026-04-28T21:07:09.458+0000] {dag.py:3096} INFO - Sync 1 DAGs
[2026-04-28T21:07:09.492+0000] {logging_mixin.py:188} INFO - [2026-04-28T21:07:09.492+0000] {dag.py:3954} INFO - Setting next_dagrun for latest_only to 2026-04-28 16:00:00+00:00, run_after=2026-04-28 20:00:00+00:00
[2026-04-28T21:07:09.520+0000] {processor.py:183} INFO - Processing /home/airflow/.local/lib/python3.12/site-packages/airflow/example_dags/example_latest_only.py took 0.103 seconds
[2026-04-28T21:07:40.470+0000] {processor.py:161} INFO - Started process (PID=578) to work on /home/airflow/.local/lib/python3.12/site-packages/airflow/example_dags/example_latest_only.py
[2026-04-28T21:07:40.473+0000] {processor.py:830} INFO - Processing file /home/airflow/.local/lib/python3.12/site-packages/airflow/example_dags/example_latest_only.py for tasks to queue
[2026-04-28T21:07:40.476+0000] {logging_mixin.py:188} INFO - [2026-04-28T21:07:40.476+0000] {dagbag.py:540} INFO - Filling up the DagBag from /home/airflow/.local/lib/python3.12/site-packages/airflow/example_dags/example_latest_only.py
[2026-04-28T21:07:40.505+0000] {processor.py:840} INFO - DAG(s) 'latest_only' retrieved from /home/airflow/.local/lib/python3.12/site-packages/airflow/example_dags/example_latest_only.py
[2026-04-28T21:07:40.551+0000] {logging_mixin.py:188} INFO - [2026-04-28T21:07:40.549+0000] {dag.py:3096} INFO - Sync 1 DAGs
[2026-04-28T21:07:40.639+0000] {logging_mixin.py:188} INFO - [2026-04-28T21:07:40.638+0000] {dag.py:3954} INFO - Setting next_dagrun for latest_only to 2026-04-28 16:00:00+00:00, run_after=2026-04-28 20:00:00+00:00
[2026-04-28T21:07:40.843+0000] {processor.py:183} INFO - Processing /home/airflow/.local/lib/python3.12/site-packages/airflow/example_dags/example_latest_only.py took 0.386 seconds
[2026-04-28T21:08:11.514+0000] {processor.py:161} INFO - Started process (PID=637) to work on /home/airflow/.local/lib/python3.12/site-packages/airflow/example_dags/example_latest_only.py
[2026-04-28T21:08:11.515+0000] {processor.py:830} INFO - Processing file /home/airflow/.local/lib/python3.12/site-packages/airflow/example_dags/example_latest_only.py for tasks to queue
[2026-04-28T21:08:11.517+0000] {logging_mixin.py:188} INFO - [2026-04-28T21:08:11.516+0000] {dagbag.py:540} INFO - Filling up the DagBag from /home/airflow/.local/lib/python3.12/site-packages/airflow/example_dags/example_latest_only.py
[2026-04-28T21:08:11.524+0000] {processor.py:840} INFO - DAG(s) 'latest_only' retrieved from /home/airflow/.local/lib/python3.12/site-packages/airflow/example_dags/example_latest_only.py
[2026-04-28T21:08:11.572+0000] {logging_mixin.py:188} INFO - [2026-04-28T21:08:11.571+0000] {dag.py:3096} INFO - Sync 1 DAGs
[2026-04-28T21:08:11.603+0000] {logging_mixin.py:188} INFO - [2026-04-28T21:08:11.603+0000] {dag.py:3954} INFO - Setting next_dagrun for latest_only to 2026-04-28 16:00:00+00:00, run_after=2026-04-28 20:00:00+00:00
[2026-04-28T21:08:11.643+0000] {processor.py:183} INFO - Processing /home/airflow/.local/lib/python3.12/site-packages/airflow/example_dags/example_latest_only.py took 0.136 seconds
[2026-04-28T21:08:41.764+0000] {processor.py:161} INFO - Started process (PID=697) to work on /home/airflow/.local/lib/python3.12/site-packages/airflow/example_dags/example_latest_only.py
[2026-04-28T21:08:41.769+0000] {processor.py:830} INFO - Processing file /home/airflow/.local/lib/python3.12/site-packages/airflow/example_dags/example_latest_only.py for tasks to queue
[2026-04-28T21:08:41.772+0000] {logging_mixin.py:188} INFO - [2026-04-28T21:08:41.771+0000] {dagbag.py:540} INFO - Filling up the DagBag from /home/airflow/.local/lib/python3.12/site-packages/airflow/example_dags/example_latest_only.py
[2026-04-28T21:08:41.779+0000] {processor.py:840} INFO - DAG(s) 'latest_only' retrieved from /home/airflow/.local/lib/python3.12/site-packages/airflow/example_dags/example_latest_only.py
[2026-04-28T21:08:41.806+0000] {logging_mixin.py:188} INFO - [2026-04-28T21:08:41.806+0000] {dag.py:3096} INFO - Sync 1 DAGs
[2026-04-28T21:08:41.836+0000] {logging_mixin.py:188} INFO - [2026-04-28T21:08:41.836+0000] {dag.py:3954} INFO - Setting next_dagrun for latest_only to 2026-04-28 16:00:00+00:00, run_after=2026-04-28 20:00:00+00:00
[2026-04-28T21:08:41.864+0000] {processor.py:183} INFO - Processing /home/airflow/.local/lib/python3.12/site-packages/airflow/example_dags/example_latest_only.py took 0.108 seconds
[2026-04-28T21:09:13.204+0000] {processor.py:161} INFO - Started process (PID=757) to work on /home/airflow/.local/lib/python3.12/site-packages/airflow/example_dags/example_latest_only.py
[2026-04-28T21:09:13.206+0000] {processor.py:830} INFO - Processing file /home/airflow/.local/lib/python3.12/site-packages/airflow/example_dags/example_latest_only.py for tasks to queue
[2026-04-28T21:09:13.210+0000] {logging_mixin.py:188} INFO - [2026-04-28T21:09:13.209+0000] {dagbag.py:540} INFO - Filling up the DagBag from /home/airflow/.local/lib/python3.12/site-packages/airflow/example_dags/example_latest_only.py
[2026-04-28T21:09:13.223+0000] {processor.py:840} INFO - DAG(s) 'latest_only' retrieved from /home/airflow/.local/lib/python3.12/site-packages/airflow/example_dags/example_latest_only.py
[2026-04-28T21:09:13.260+0000] {logging_mixin.py:188} INFO - [2026-04-28T21:09:13.258+0000] {dag.py:3096} INFO - Sync 1 DAGs
[2026-04-28T21:09:13.293+0000] {logging_mixin.py:188} INFO - [2026-04-28T21:09:13.293+0000] {dag.py:3954} INFO - Setting next_dagrun for latest_only to 2026-04-28 16:00:00+00:00, run_after=2026-04-28 20:00:00+00:00
[2026-04-28T21:09:13.322+0000] {processor.py:183} INFO - Processing /home/airflow/.local/lib/python3.12/site-packages/airflow/example_dags/example_latest_only.py took 0.139 seconds
[2026-04-28T21:09:43.995+0000] {processor.py:161} INFO - Started process (PID=817) to work on /home/airflow/.local/lib/python3.12/site-packages/airflow/example_dags/example_latest_only.py
[2026-04-28T21:09:43.997+0000] {processor.py:830} INFO - Processing file /home/airflow/.local/lib/python3.12/site-packages/airflow/example_dags/example_latest_only.py for tasks to queue
[2026-04-28T21:09:43.999+0000] {logging_mixin.py:188} INFO - [2026-04-28T21:09:43.998+0000] {dagbag.py:540} INFO - Filling up the DagBag from /home/airflow/.local/lib/python3.12/site-packages/airflow/example_dags/example_latest_only.py
[2026-04-28T21:09:44.005+0000] {processor.py:840} INFO - DAG(s) 'latest_only' retrieved from /home/airflow/.local/lib/python3.12/site-packages/airflow/example_dags/example_latest_only.py
[2026-04-28T21:09:44.022+0000] {logging_mixin.py:188} INFO - [2026-04-28T21:09:44.022+0000] {dag.py:3096} INFO - Sync 1 DAGs
[2026-04-28T21:09:44.040+0000] {logging_mixin.py:188} INFO - [2026-04-28T21:09:44.040+0000] {dag.py:3954} INFO - Setting next_dagrun for latest_only to 2026-04-28 16:00:00+00:00, run_after=2026-04-28 20:00:00+00:00
[2026-04-28T21:09:44.057+0000] {processor.py:183} INFO - Processing /home/airflow/.local/lib/python3.12/site-packages/airflow/example_dags/example_latest_only.py took 0.066 seconds
[2026-04-28T21:10:14.832+0000] {processor.py:161} INFO - Started process (PID=876) to work on /home/airflow/.local/lib/python3.12/site-packages/airflow/example_dags/example_latest_only.py
[2026-04-28T21:10:14.835+0000] {processor.py:830} INFO - Processing file /home/airflow/.local/lib/python3.12/site-packages/airflow/example_dags/example_latest_only.py for tasks to queue
[2026-04-28T21:10:14.837+0000] {logging_mixin.py:188} INFO - [2026-04-28T21:10:14.837+0000] {dagbag.py:540} INFO - Filling up the DagBag from /home/airflow/.local/lib/python3.12/site-packages/airflow/example_dags/example_latest_only.py
[2026-04-28T21:10:14.843+0000] {processor.py:840} INFO - DAG(s) 'latest_only' retrieved from /home/airflow/.local/lib/python3.12/site-packages/airflow/example_dags/example_latest_only.py
[2026-04-28T21:10:14.866+0000] {logging_mixin.py:188} INFO - [2026-04-28T21:10:14.866+0000] {dag.py:3096} INFO - Sync 1 DAGs
[2026-04-28T21:10:14.892+0000] {logging_mixin.py:188} INFO - [2026-04-28T21:10:14.892+0000] {dag.py:3954} INFO - Setting next_dagrun for latest_only to 2026-04-28 16:00:00+00:00, run_after=2026-04-28 20:00:00+00:00
[2026-04-28T21:10:14.911+0000] {processor.py:183} INFO - Processing /home/airflow/.local/lib/python3.12/site-packages/airflow/example_dags/example_latest_only.py took 0.086 seconds
[2026-04-28T21:10:45.791+0000] {processor.py:161} INFO - Started process (PID=936) to work on /home/airflow/.local/lib/python3.12/site-packages/airflow/example_dags/example_latest_only.py
[2026-04-28T21:10:45.792+0000] {processor.py:830} INFO - Processing file /home/airflow/.local/lib/python3.12/site-packages/airflow/example_dags/example_latest_only.py for tasks to queue
[2026-04-28T21:10:45.794+0000] {logging_mixin.py:188} INFO - [2026-04-28T21:10:45.794+0000] {dagbag.py:540} INFO - Filling up the DagBag from /home/airflow/.local/lib/python3.12/site-packages/airflow/example_dags/example_latest_only.py
[2026-04-28T21:10:45.801+0000] {processor.py:840} INFO - DAG(s) 'latest_only' retrieved from /home/airflow/.local/lib/python3.12/site-packages/airflow/example_dags/example_latest_only.py
[2026-04-28T21:10:45.825+0000] {logging_mixin.py:188} INFO - [2026-04-28T21:10:45.824+0000] {dag.py:3096} INFO - Sync 1 DAGs
[2026-04-28T21:10:45.853+0000] {logging_mixin.py:188} INFO - [2026-04-28T21:10:45.852+0000] {dag.py:3954} INFO - Setting next_dagrun for latest_only to 2026-04-28 16:00:00+00:00, run_after=2026-04-28 20:00:00+00:00
[2026-04-28T21:10:45.872+0000] {processor.py:183} INFO - Processing /home/airflow/.local/lib/python3.12/site-packages/airflow/example_dags/example_latest_only.py took 0.089 seconds
[2026-04-28T21:11:18.569+0000] {processor.py:161} INFO - Started process (PID=1002) to work on /home/airflow/.local/lib/python3.12/site-packages/airflow/example_dags/example_latest_only.py
[2026-04-28T21:11:18.571+0000] {processor.py:830} INFO - Processing file /home/airflow/.local/lib/python3.12/site-packages/airflow/example_dags/example_latest_only.py for tasks to queue
[2026-04-28T21:11:18.639+0000] {logging_mixin.py:188} INFO - [2026-04-28T21:11:18.631+0000] {dagbag.py:540} INFO - Filling up the DagBag from /home/airflow/.local/lib/python3.12/site-packages/airflow/example_dags/example_latest_only.py
[2026-04-28T21:11:18.958+0000] {processor.py:840} INFO - DAG(s) 'latest_only' retrieved from /home/airflow/.local/lib/python3.12/site-packages/airflow/example_dags/example_latest_only.py
[2026-04-28T21:11:19.213+0000] {logging_mixin.py:188} INFO - [2026-04-28T21:11:19.206+0000] {dag.py:3096} INFO - Sync 1 DAGs
[2026-04-28T21:11:19.358+0000] {logging_mixin.py:188} INFO - [2026-04-28T21:11:19.358+0000] {dag.py:3954} INFO - Setting next_dagrun for latest_only to 2026-04-28 16:00:00+00:00, run_after=2026-04-28 20:00:00+00:00
[2026-04-28T21:11:19.890+0000] {processor.py:183} INFO - Processing /home/airflow/.local/lib/python3.12/site-packages/airflow/example_dags/example_latest_only.py took 1.434 seconds
[2026-04-28T21:11:50.858+0000] {processor.py:161} INFO - Started process (PID=1062) to work on /home/airflow/.local/lib/python3.12/site-packages/airflow/example_dags/example_latest_only.py
[2026-04-28T21:11:50.866+0000] {processor.py:830} INFO - Processing file /home/airflow/.local/lib/python3.12/site-packages/airflow/example_dags/example_latest_only.py for tasks to queue
[2026-04-28T21:11:50.873+0000] {logging_mixin.py:188} INFO - [2026-04-28T21:11:50.873+0000] {dagbag.py:540} INFO - Filling up the DagBag from /home/airflow/.local/lib/python3.12/site-packages/airflow/example_dags/example_latest_only.py
[2026-04-28T21:11:50.903+0000] {processor.py:840} INFO - DAG(s) 'latest_only' retrieved from /home/airflow/.local/lib/python3.12/site-packages/airflow/example_dags/example_latest_only.py
[2026-04-28T21:11:51.005+0000] {logging_mixin.py:188} INFO - [2026-04-28T21:11:51.004+0000] {dag.py:3096} INFO - Sync 1 DAGs
[2026-04-28T21:11:51.034+0000] {logging_mixin.py:188} INFO - [2026-04-28T21:11:51.034+0000] {dag.py:3954} INFO - Setting next_dagrun for latest_only to 2026-04-28 16:00:00+00:00, run_after=2026-04-28 20:00:00+00:00
[2026-04-28T21:11:51.068+0000] {processor.py:183} INFO - Processing /home/airflow/.local/lib/python3.12/site-packages/airflow/example_dags/example_latest_only.py took 0.233 seconds
[2026-04-28T21:12:21.282+0000] {processor.py:161} INFO - Started process (PID=1122) to work on /home/airflow/.local/lib/python3.12/site-packages/airflow/example_dags/example_latest_only.py
[2026-04-28T21:12:21.287+0000] {processor.py:830} INFO - Processing file /home/airflow/.local/lib/python3.12/site-packages/airflow/example_dags/example_latest_only.py for tasks to queue
[2026-04-28T21:12:21.294+0000] {logging_mixin.py:188} INFO - [2026-04-28T21:12:21.293+0000] {dagbag.py:540} INFO - Filling up the DagBag from /home/airflow/.local/lib/python3.12/site-packages/airflow/example_dags/example_latest_only.py
[2026-04-28T21:12:21.309+0000] {processor.py:840} INFO - DAG(s) 'latest_only' retrieved from /home/airflow/.local/lib/python3.12/site-packages/airflow/example_dags/example_latest_only.py
[2026-04-28T21:12:21.334+0000] {logging_mixin.py:188} INFO - [2026-04-28T21:12:21.334+0000] {dag.py:3096} INFO - Sync 1 DAGs
[2026-04-28T21:12:21.380+0000] {logging_mixin.py:188} INFO - [2026-04-28T21:12:21.380+0000] {dag.py:3954} INFO - Setting next_dagrun for latest_only to 2026-04-28 16:00:00+00:00, run_after=2026-04-28 20:00:00+00:00
[2026-04-28T21:12:21.400+0000] {processor.py:183} INFO - Processing /home/airflow/.local/lib/python3.12/site-packages/airflow/example_dags/example_latest_only.py took 0.130 seconds
[2026-04-28T21:12:51.954+0000] {processor.py:161} INFO - Started process (PID=1183) to work on /home/airflow/.local/lib/python3.12/site-packages/airflow/example_dags/example_latest_only.py
[2026-04-28T21:12:51.960+0000] {processor.py:830} INFO - Processing file /home/airflow/.local/lib/python3.12/site-packages/airflow/example_dags/example_latest_only.py for tasks to queue
[2026-04-28T21:12:51.967+0000] {logging_mixin.py:188} INFO - [2026-04-28T21:12:51.967+0000] {dagbag.py:540} INFO - Filling up the DagBag from /home/airflow/.local/lib/python3.12/site-packages/airflow/example_dags/example_latest_only.py
[2026-04-28T21:12:51.973+0000] {processor.py:840} INFO - DAG(s) 'latest_only' retrieved from /home/airflow/.local/lib/python3.12/site-packages/airflow/example_dags/example_latest_only.py
[2026-04-28T21:12:52.007+0000] {logging_mixin.py:188} INFO - [2026-04-28T21:12:52.007+0000] {dag.py:3096} INFO - Sync 1 DAGs
[2026-04-28T21:12:52.054+0000] {logging_mixin.py:188} INFO - [2026-04-28T21:12:52.054+0000] {dag.py:3954} INFO - Setting next_dagrun for latest_only to 2026-04-28 16:00:00+00:00, run_after=2026-04-28 20:00:00+00:00
[2026-04-28T21:12:52.079+0000] {processor.py:183} INFO - Processing /home/airflow/.local/lib/python3.12/site-packages/airflow/example_dags/example_latest_only.py took 0.132 seconds
[2026-04-28T21:13:22.640+0000] {processor.py:161} INFO - Started process (PID=1243) to work on /home/airflow/.local/lib/python3.12/site-packages/airflow/example_dags/example_latest_only.py
[2026-04-28T21:13:22.660+0000] {processor.py:830} INFO - Processing file /home/airflow/.local/lib/python3.12/site-packages/airflow/example_dags/example_latest_only.py for tasks to queue
[2026-04-28T21:13:22.703+0000] {logging_mixin.py:188} INFO - [2026-04-28T21:13:22.703+0000] {dagbag.py:540} INFO - Filling up the DagBag from /home/airflow/.local/lib/python3.12/site-packages/airflow/example_dags/example_latest_only.py
[2026-04-28T21:13:22.757+0000] {processor.py:840} INFO - DAG(s) 'latest_only' retrieved from /home/airflow/.local/lib/python3.12/site-packages/airflow/example_dags/example_latest_only.py
[2026-04-28T21:13:22.972+0000] {logging_mixin.py:188} INFO - [2026-04-28T21:13:22.969+0000] {dag.py:3096} INFO - Sync 1 DAGs
[2026-04-28T21:13:23.105+0000] {logging_mixin.py:188} INFO - [2026-04-28T21:13:23.105+0000] {dag.py:3954} INFO - Setting next_dagrun for latest_only to 2026-04-28 16:00:00+00:00, run_after=2026-04-28 20:00:00+00:00
[2026-04-28T21:13:23.218+0000] {processor.py:183} INFO - Processing /home/airflow/.local/lib/python3.12/site-packages/airflow/example_dags/example_latest_only.py took 0.701 seconds
[2026-04-28T21:13:53.462+0000] {processor.py:161} INFO - Started process (PID=1303) to work on /home/airflow/.local/lib/python3.12/site-packages/airflow/example_dags/example_latest_only.py
[2026-04-28T21:13:53.467+0000] {processor.py:830} INFO - Processing file /home/airflow/.local/lib/python3.12/site-packages/airflow/example_dags/example_latest_only.py for tasks to queue
[2026-04-28T21:13:53.474+0000] {logging_mixin.py:188} INFO - [2026-04-28T21:13:53.474+0000] {dagbag.py:540} INFO - Filling up the DagBag from /home/airflow/.local/lib/python3.12/site-packages/airflow/example_dags/example_latest_only.py
[2026-04-28T21:13:53.499+0000] {processor.py:840} INFO - DAG(s) 'latest_only' retrieved from /home/airflow/.local/lib/python3.12/site-packages/airflow/example_dags/example_latest_only.py
[2026-04-28T21:13:53.568+0000] {logging_mixin.py:188} INFO - [2026-04-28T21:13:53.567+0000] {dag.py:3096} INFO - Sync 1 DAGs
[2026-04-28T21:13:53.613+0000] {logging_mixin.py:188} INFO - [2026-04-28T21:13:53.613+0000] {dag.py:3954} INFO - Setting next_dagrun for latest_only to 2026-04-28 16:00:00+00:00, run_after=2026-04-28 20:00:00+00:00
[2026-04-28T21:13:53.649+0000] {processor.py:183} INFO - Processing /home/airflow/.local/lib/python3.12/site-packages/airflow/example_dags/example_latest_only.py took 0.202 seconds
[2026-04-28T21:20:39.481+0000] {processor.py:161} INFO - Started process (PID=100) to work on /home/airflow/.local/lib/python3.12/site-packages/airflow/example_dags/example_latest_only.py
[2026-04-28T21:20:39.489+0000] {processor.py:830} INFO - Processing file /home/airflow/.local/lib/python3.12/site-packages/airflow/example_dags/example_latest_only.py for tasks to queue
[2026-04-28T21:20:39.500+0000] {logging_mixin.py:188} INFO - [2026-04-28T21:20:39.500+0000] {dagbag.py:540} INFO - Filling up the DagBag from /home/airflow/.local/lib/python3.12/site-packages/airflow/example_dags/example_latest_only.py
[2026-04-28T21:20:39.515+0000] {processor.py:840} INFO - DAG(s) 'latest_only' retrieved from /home/airflow/.local/lib/python3.12/site-packages/airflow/example_dags/example_latest_only.py
[2026-04-28T21:20:39.802+0000] {logging_mixin.py:188} INFO - [2026-04-28T21:20:39.801+0000] {override.py:1829} INFO - Created Permission View: can read on DAG:latest_only
[2026-04-28T21:20:39.839+0000] {logging_mixin.py:188} INFO - [2026-04-28T21:20:39.838+0000] {override.py:1829} INFO - Created Permission View: can delete on DAG:latest_only
[2026-04-28T21:20:39.849+0000] {logging_mixin.py:188} INFO - [2026-04-28T21:20:39.848+0000] {override.py:1829} INFO - Created Permission View: can edit on DAG:latest_only
[2026-04-28T21:20:39.849+0000] {logging_mixin.py:188} INFO - [2026-04-28T21:20:39.849+0000] {dag.py:3096} INFO - Sync 1 DAGs
[2026-04-28T21:20:39.863+0000] {logging_mixin.py:188} INFO - [2026-04-28T21:20:39.863+0000] {dag.py:3118} INFO - Creating ORM DAG for latest_only
[2026-04-28T21:20:39.875+0000] {logging_mixin.py:188} INFO - [2026-04-28T21:20:39.874+0000] {dag.py:3954} INFO - Setting next_dagrun for latest_only to 2026-04-28 16:00:00+00:00, run_after=2026-04-28 20:00:00+00:00
[2026-04-28T21:20:39.893+0000] {processor.py:183} INFO - Processing /home/airflow/.local/lib/python3.12/site-packages/airflow/example_dags/example_latest_only.py took 0.436 seconds
[2026-04-28T21:21:10.367+0000] {processor.py:161} INFO - Started process (PID=160) to work on /home/airflow/.local/lib/python3.12/site-packages/airflow/example_dags/example_latest_only.py
[2026-04-28T21:21:10.371+0000] {processor.py:830} INFO - Processing file /home/airflow/.local/lib/python3.12/site-packages/airflow/example_dags/example_latest_only.py for tasks to queue
[2026-04-28T21:21:10.373+0000] {logging_mixin.py:188} INFO - [2026-04-28T21:21:10.372+0000] {dagbag.py:540} INFO - Filling up the DagBag from /home/airflow/.local/lib/python3.12/site-packages/airflow/example_dags/example_latest_only.py
[2026-04-28T21:21:10.378+0000] {processor.py:840} INFO - DAG(s) 'latest_only' retrieved from /home/airflow/.local/lib/python3.12/site-packages/airflow/example_dags/example_latest_only.py
[2026-04-28T21:21:10.401+0000] {logging_mixin.py:188} INFO - [2026-04-28T21:21:10.401+0000] {dag.py:3096} INFO - Sync 1 DAGs
[2026-04-28T21:21:10.426+0000] {logging_mixin.py:188} INFO - [2026-04-28T21:21:10.426+0000] {dag.py:3954} INFO - Setting next_dagrun for latest_only to 2026-04-28 16:00:00+00:00, run_after=2026-04-28 20:00:00+00:00
[2026-04-28T21:21:10.445+0000] {processor.py:183} INFO - Processing /home/airflow/.local/lib/python3.12/site-packages/airflow/example_dags/example_latest_only.py took 0.085 seconds
[2026-04-28T21:21:41.183+0000] {processor.py:161} INFO - Started process (PID=220) to work on /home/airflow/.local/lib/python3.12/site-packages/airflow/example_dags/example_latest_only.py
[2026-04-28T21:21:41.185+0000] {processor.py:830} INFO - Processing file /home/airflow/.local/lib/python3.12/site-packages/airflow/example_dags/example_latest_only.py for tasks to queue
[2026-04-28T21:21:41.189+0000] {logging_mixin.py:188} INFO - [2026-04-28T21:21:41.189+0000] {dagbag.py:540} INFO - Filling up the DagBag from /home/airflow/.local/lib/python3.12/site-packages/airflow/example_dags/example_latest_only.py
[2026-04-28T21:21:41.200+0000] {processor.py:840} INFO - DAG(s) 'latest_only' retrieved from /home/airflow/.local/lib/python3.12/site-packages/airflow/example_dags/example_latest_only.py
[2026-04-28T21:21:41.249+0000] {logging_mixin.py:188} INFO - [2026-04-28T21:21:41.249+0000] {dag.py:3096} INFO - Sync 1 DAGs
[2026-04-28T21:21:41.313+0000] {logging_mixin.py:188} INFO - [2026-04-28T21:21:41.312+0000] {dag.py:3954} INFO - Setting next_dagrun for latest_only to 2026-04-28 16:00:00+00:00, run_after=2026-04-28 20:00:00+00:00
[2026-04-28T21:21:41.334+0000] {processor.py:183} INFO - Processing /home/airflow/.local/lib/python3.12/site-packages/airflow/example_dags/example_latest_only.py took 0.157 seconds
[2026-04-28T21:22:11.719+0000] {processor.py:161} INFO - Started process (PID=280) to work on /home/airflow/.local/lib/python3.12/site-packages/airflow/example_dags/example_latest_only.py
[2026-04-28T21:22:11.724+0000] {processor.py:830} INFO - Processing file /home/airflow/.local/lib/python3.12/site-packages/airflow/example_dags/example_latest_only.py for tasks to queue
[2026-04-28T21:22:11.728+0000] {logging_mixin.py:188} INFO - [2026-04-28T21:22:11.727+0000] {dagbag.py:540} INFO - Filling up the DagBag from /home/airflow/.local/lib/python3.12/site-packages/airflow/example_dags/example_latest_only.py
[2026-04-28T21:22:11.755+0000] {processor.py:840} INFO - DAG(s) 'latest_only' retrieved from /home/airflow/.local/lib/python3.12/site-packages/airflow/example_dags/example_latest_only.py
[2026-04-28T21:22:11.820+0000] {logging_mixin.py:188} INFO - [2026-04-28T21:22:11.819+0000] {dag.py:3096} INFO - Sync 1 DAGs
[2026-04-28T21:22:11.899+0000] {logging_mixin.py:188} INFO - [2026-04-28T21:22:11.897+0000] {dag.py:3954} INFO - Setting next_dagrun for latest_only to 2026-04-28 16:00:00+00:00, run_after=2026-04-28 20:00:00+00:00
[2026-04-28T21:22:11.950+0000] {processor.py:183} INFO - Processing /home/airflow/.local/lib/python3.12/site-packages/airflow/example_dags/example_latest_only.py took 0.248 seconds
[2026-04-28T21:22:42.697+0000] {processor.py:161} INFO - Started process (PID=340) to work on /home/airflow/.local/lib/python3.12/site-packages/airflow/example_dags/example_latest_only.py
[2026-04-28T21:22:42.698+0000] {processor.py:830} INFO - Processing file /home/airflow/.local/lib/python3.12/site-packages/airflow/example_dags/example_latest_only.py for tasks to queue
[2026-04-28T21:22:42.701+0000] {logging_mixin.py:188} INFO - [2026-04-28T21:22:42.700+0000] {dagbag.py:540} INFO - Filling up the DagBag from /home/airflow/.local/lib/python3.12/site-packages/airflow/example_dags/example_latest_only.py
[2026-04-28T21:22:42.706+0000] {processor.py:840} INFO - DAG(s) 'latest_only' retrieved from /home/airflow/.local/lib/python3.12/site-packages/airflow/example_dags/example_latest_only.py
[2026-04-28T21:22:42.730+0000] {logging_mixin.py:188} INFO - [2026-04-28T21:22:42.730+0000] {dag.py:3096} INFO - Sync 1 DAGs
[2026-04-28T21:22:42.756+0000] {logging_mixin.py:188} INFO - [2026-04-28T21:22:42.756+0000] {dag.py:3954} INFO - Setting next_dagrun for latest_only to 2026-04-28 16:00:00+00:00, run_after=2026-04-28 20:00:00+00:00
[2026-04-28T21:22:42.773+0000] {processor.py:183} INFO - Processing /home/airflow/.local/lib/python3.12/site-packages/airflow/example_dags/example_latest_only.py took 0.084 seconds
[2026-04-28T21:23:13.408+0000] {processor.py:161} INFO - Started process (PID=400) to work on /home/airflow/.local/lib/python3.12/site-packages/airflow/example_dags/example_latest_only.py
[2026-04-28T21:23:13.409+0000] {processor.py:830} INFO - Processing file /home/airflow/.local/lib/python3.12/site-packages/airflow/example_dags/example_latest_only.py for tasks to queue
[2026-04-28T21:23:13.411+0000] {logging_mixin.py:188} INFO - [2026-04-28T21:23:13.411+0000] {dagbag.py:540} INFO - Filling up the DagBag from /home/airflow/.local/lib/python3.12/site-packages/airflow/example_dags/example_latest_only.py
[2026-04-28T21:23:13.417+0000] {processor.py:840} INFO - DAG(s) 'latest_only' retrieved from /home/airflow/.local/lib/python3.12/site-packages/airflow/example_dags/example_latest_only.py
[2026-04-28T21:23:13.439+0000] {logging_mixin.py:188} INFO - [2026-04-28T21:23:13.439+0000] {dag.py:3096} INFO - Sync 1 DAGs
[2026-04-28T21:23:13.465+0000] {logging_mixin.py:188} INFO - [2026-04-28T21:23:13.465+0000] {dag.py:3954} INFO - Setting next_dagrun for latest_only to 2026-04-28 16:00:00+00:00, run_after=2026-04-28 20:00:00+00:00
[2026-04-28T21:23:13.483+0000] {processor.py:183} INFO - Processing /home/airflow/.local/lib/python3.12/site-packages/airflow/example_dags/example_latest_only.py took 0.082 seconds
[2026-04-28T21:23:44.030+0000] {processor.py:161} INFO - Started process (PID=461) to work on /home/airflow/.local/lib/python3.12/site-packages/airflow/example_dags/example_latest_only.py
[2026-04-28T21:23:44.033+0000] {processor.py:830} INFO - Processing file /home/airflow/.local/lib/python3.12/site-packages/airflow/example_dags/example_latest_only.py for tasks to queue
[2026-04-28T21:23:44.036+0000] {logging_mixin.py:188} INFO - [2026-04-28T21:23:44.036+0000] {dagbag.py:540} INFO - Filling up the DagBag from /home/airflow/.local/lib/python3.12/site-packages/airflow/example_dags/example_latest_only.py
[2026-04-28T21:23:44.043+0000] {processor.py:840} INFO - DAG(s) 'latest_only' retrieved from /home/airflow/.local/lib/python3.12/site-packages/airflow/example_dags/example_latest_only.py
[2026-04-28T21:23:44.096+0000] {logging_mixin.py:188} INFO - [2026-04-28T21:23:44.095+0000] {dag.py:3096} INFO - Sync 1 DAGs
[2026-04-28T21:23:44.129+0000] {logging_mixin.py:188} INFO - [2026-04-28T21:23:44.129+0000] {dag.py:3954} INFO - Setting next_dagrun for latest_only to 2026-04-28 16:00:00+00:00, run_after=2026-04-28 20:00:00+00:00
[2026-04-28T21:23:44.153+0000] {processor.py:183} INFO - Processing /home/airflow/.local/lib/python3.12/site-packages/airflow/example_dags/example_latest_only.py took 0.130 seconds
[2026-04-28T21:24:14.975+0000] {processor.py:161} INFO - Started process (PID=521) to work on /home/airflow/.local/lib/python3.12/site-packages/airflow/example_dags/example_latest_only.py
[2026-04-28T21:24:14.988+0000] {processor.py:830} INFO - Processing file /home/airflow/.local/lib/python3.12/site-packages/airflow/example_dags/example_latest_only.py for tasks to queue
[2026-04-28T21:24:14.997+0000] {logging_mixin.py:188} INFO - [2026-04-28T21:24:14.996+0000] {dagbag.py:540} INFO - Filling up the DagBag from /home/airflow/.local/lib/python3.12/site-packages/airflow/example_dags/example_latest_only.py
[2026-04-28T21:24:15.017+0000] {processor.py:840} INFO - DAG(s) 'latest_only' retrieved from /home/airflow/.local/lib/python3.12/site-packages/airflow/example_dags/example_latest_only.py
[2026-04-28T21:24:15.082+0000] {logging_mixin.py:188} INFO - [2026-04-28T21:24:15.081+0000] {dag.py:3096} INFO - Sync 1 DAGs
[2026-04-28T21:24:15.166+0000] {logging_mixin.py:188} INFO - [2026-04-28T21:24:15.165+0000] {dag.py:3954} INFO - Setting next_dagrun for latest_only to 2026-04-28 16:00:00+00:00, run_after=2026-04-28 20:00:00+00:00
[2026-04-28T21:24:15.250+0000] {processor.py:183} INFO - Processing /home/airflow/.local/lib/python3.12/site-packages/airflow/example_dags/example_latest_only.py took 0.296 seconds
[2026-04-28T21:24:46.670+0000] {processor.py:161} INFO - Started process (PID=581) to work on /home/airflow/.local/lib/python3.12/site-packages/airflow/example_dags/example_latest_only.py
[2026-04-28T21:24:46.681+0000] {processor.py:830} INFO - Processing file /home/airflow/.local/lib/python3.12/site-packages/airflow/example_dags/example_latest_only.py for tasks to queue
[2026-04-28T21:24:46.698+0000] {logging_mixin.py:188} INFO - [2026-04-28T21:24:46.696+0000] {dagbag.py:540} INFO - Filling up the DagBag from /home/airflow/.local/lib/python3.12/site-packages/airflow/example_dags/example_latest_only.py
[2026-04-28T21:24:46.721+0000] {processor.py:840} INFO - DAG(s) 'latest_only' retrieved from /home/airflow/.local/lib/python3.12/site-packages/airflow/example_dags/example_latest_only.py
[2026-04-28T21:24:46.794+0000] {logging_mixin.py:188} INFO - [2026-04-28T21:24:46.794+0000] {dag.py:3096} INFO - Sync 1 DAGs
[2026-04-28T21:24:46.841+0000] {logging_mixin.py:188} INFO - [2026-04-28T21:24:46.840+0000] {dag.py:3954} INFO - Setting next_dagrun for latest_only to 2026-04-28 16:00:00+00:00, run_after=2026-04-28 20:00:00+00:00
[2026-04-28T21:24:46.916+0000] {processor.py:183} INFO - Processing /home/airflow/.local/lib/python3.12/site-packages/airflow/example_dags/example_latest_only.py took 0.280 seconds
[2026-04-28T21:25:17.000+0000] {processor.py:161} INFO - Started process (PID=641) to work on /home/airflow/.local/lib/python3.12/site-packages/airflow/example_dags/example_latest_only.py
[2026-04-28T21:25:17.003+0000] {processor.py:830} INFO - Processing file /home/airflow/.local/lib/python3.12/site-packages/airflow/example_dags/example_latest_only.py for tasks to queue
[2026-04-28T21:25:17.005+0000] {logging_mixin.py:188} INFO - [2026-04-28T21:25:17.005+0000] {dagbag.py:540} INFO - Filling up the DagBag from /home/airflow/.local/lib/python3.12/site-packages/airflow/example_dags/example_latest_only.py
[2026-04-28T21:25:17.012+0000] {processor.py:840} INFO - DAG(s) 'latest_only' retrieved from /home/airflow/.local/lib/python3.12/site-packages/airflow/example_dags/example_latest_only.py
[2026-04-28T21:25:17.035+0000] {logging_mixin.py:188} INFO - [2026-04-28T21:25:17.034+0000] {dag.py:3096} INFO - Sync 1 DAGs
[2026-04-28T21:25:17.058+0000] {logging_mixin.py:188} INFO - [2026-04-28T21:25:17.057+0000] {dag.py:3954} INFO - Setting next_dagrun for latest_only to 2026-04-28 16:00:00+00:00, run_after=2026-04-28 20:00:00+00:00
[2026-04-28T21:25:17.076+0000] {processor.py:183} INFO - Processing /home/airflow/.local/lib/python3.12/site-packages/airflow/example_dags/example_latest_only.py took 0.082 seconds
[2026-04-28T21:25:47.512+0000] {processor.py:161} INFO - Started process (PID=701) to work on /home/airflow/.local/lib/python3.12/site-packages/airflow/example_dags/example_latest_only.py
[2026-04-28T21:25:47.514+0000] {processor.py:830} INFO - Processing file /home/airflow/.local/lib/python3.12/site-packages/airflow/example_dags/example_latest_only.py for tasks to queue
[2026-04-28T21:25:47.516+0000] {logging_mixin.py:188} INFO - [2026-04-28T21:25:47.516+0000] {dagbag.py:540} INFO - Filling up the DagBag from /home/airflow/.local/lib/python3.12/site-packages/airflow/example_dags/example_latest_only.py
[2026-04-28T21:25:47.522+0000] {processor.py:840} INFO - DAG(s) 'latest_only' retrieved from /home/airflow/.local/lib/python3.12/site-packages/airflow/example_dags/example_latest_only.py
[2026-04-28T21:25:47.546+0000] {logging_mixin.py:188} INFO - [2026-04-28T21:25:47.546+0000] {dag.py:3096} INFO - Sync 1 DAGs
[2026-04-28T21:25:47.572+0000] {logging_mixin.py:188} INFO - [2026-04-28T21:25:47.572+0000] {dag.py:3954} INFO - Setting next_dagrun for latest_only to 2026-04-28 16:00:00+00:00, run_after=2026-04-28 20:00:00+00:00
[2026-04-28T21:25:47.588+0000] {processor.py:183} INFO - Processing /home/airflow/.local/lib/python3.12/site-packages/airflow/example_dags/example_latest_only.py took 0.083 seconds
[2026-04-28T21:26:19.437+0000] {processor.py:161} INFO - Started process (PID=761) to work on /home/airflow/.local/lib/python3.12/site-packages/airflow/example_dags/example_latest_only.py
[2026-04-28T21:26:19.448+0000] {processor.py:830} INFO - Processing file /home/airflow/.local/lib/python3.12/site-packages/airflow/example_dags/example_latest_only.py for tasks to queue
[2026-04-28T21:26:19.451+0000] {logging_mixin.py:188} INFO - [2026-04-28T21:26:19.451+0000] {dagbag.py:540} INFO - Filling up the DagBag from /home/airflow/.local/lib/python3.12/site-packages/airflow/example_dags/example_latest_only.py
[2026-04-28T21:26:19.477+0000] {processor.py:840} INFO - DAG(s) 'latest_only' retrieved from /home/airflow/.local/lib/python3.12/site-packages/airflow/example_dags/example_latest_only.py
[2026-04-28T21:26:19.515+0000] {logging_mixin.py:188} INFO - [2026-04-28T21:26:19.514+0000] {dag.py:3096} INFO - Sync 1 DAGs
[2026-04-28T21:26:19.556+0000] {logging_mixin.py:188} INFO - [2026-04-28T21:26:19.555+0000] {dag.py:3954} INFO - Setting next_dagrun for latest_only to 2026-04-28 16:00:00+00:00, run_after=2026-04-28 20:00:00+00:00
[2026-04-28T21:26:19.601+0000] {processor.py:183} INFO - Processing /home/airflow/.local/lib/python3.12/site-packages/airflow/example_dags/example_latest_only.py took 0.173 seconds
[2026-04-28T21:26:50.159+0000] {processor.py:161} INFO - Started process (PID=821) to work on /home/airflow/.local/lib/python3.12/site-packages/airflow/example_dags/example_latest_only.py
[2026-04-28T21:26:50.160+0000] {processor.py:830} INFO - Processing file /home/airflow/.local/lib/python3.12/site-packages/airflow/example_dags/example_latest_only.py for tasks to queue
[2026-04-28T21:26:50.162+0000] {logging_mixin.py:188} INFO - [2026-04-28T21:26:50.162+0000] {dagbag.py:540} INFO - Filling up the DagBag from /home/airflow/.local/lib/python3.12/site-packages/airflow/example_dags/example_latest_only.py
[2026-04-28T21:26:50.167+0000] {processor.py:840} INFO - DAG(s) 'latest_only' retrieved from /home/airflow/.local/lib/python3.12/site-packages/airflow/example_dags/example_latest_only.py
[2026-04-28T21:26:50.185+0000] {logging_mixin.py:188} INFO - [2026-04-28T21:26:50.185+0000] {dag.py:3096} INFO - Sync 1 DAGs
[2026-04-28T21:26:50.206+0000] {logging_mixin.py:188} INFO - [2026-04-28T21:26:50.206+0000] {dag.py:3954} INFO - Setting next_dagrun for latest_only to 2026-04-28 16:00:00+00:00, run_after=2026-04-28 20:00:00+00:00
[2026-04-28T21:26:50.221+0000] {processor.py:183} INFO - Processing /home/airflow/.local/lib/python3.12/site-packages/airflow/example_dags/example_latest_only.py took 0.067 seconds
[2026-04-28T21:27:20.388+0000] {processor.py:161} INFO - Started process (PID=881) to work on /home/airflow/.local/lib/python3.12/site-packages/airflow/example_dags/example_latest_only.py
[2026-04-28T21:27:20.389+0000] {processor.py:830} INFO - Processing file /home/airflow/.local/lib/python3.12/site-packages/airflow/example_dags/example_latest_only.py for tasks to queue
[2026-04-28T21:27:20.392+0000] {logging_mixin.py:188} INFO - [2026-04-28T21:27:20.391+0000] {dagbag.py:540} INFO - Filling up the DagBag from /home/airflow/.local/lib/python3.12/site-packages/airflow/example_dags/example_latest_only.py
[2026-04-28T21:27:20.398+0000] {processor.py:840} INFO - DAG(s) 'latest_only' retrieved from /home/airflow/.local/lib/python3.12/site-packages/airflow/example_dags/example_latest_only.py
[2026-04-28T21:27:20.423+0000] {logging_mixin.py:188} INFO - [2026-04-28T21:27:20.423+0000] {dag.py:3096} INFO - Sync 1 DAGs
[2026-04-28T21:27:20.449+0000] {logging_mixin.py:188} INFO - [2026-04-28T21:27:20.449+0000] {dag.py:3954} INFO - Setting next_dagrun for latest_only to 2026-04-28 16:00:00+00:00, run_after=2026-04-28 20:00:00+00:00
[2026-04-28T21:27:20.469+0000] {processor.py:183} INFO - Processing /home/airflow/.local/lib/python3.12/site-packages/airflow/example_dags/example_latest_only.py took 0.093 seconds
[2026-04-28T21:27:51.123+0000] {processor.py:161} INFO - Started process (PID=940) to work on /home/airflow/.local/lib/python3.12/site-packages/airflow/example_dags/example_latest_only.py
[2026-04-28T21:27:51.124+0000] {processor.py:830} INFO - Processing file /home/airflow/.local/lib/python3.12/site-packages/airflow/example_dags/example_latest_only.py for tasks to queue
[2026-04-28T21:27:51.127+0000] {logging_mixin.py:188} INFO - [2026-04-28T21:27:51.127+0000] {dagbag.py:540} INFO - Filling up the DagBag from /home/airflow/.local/lib/python3.12/site-packages/airflow/example_dags/example_latest_only.py
[2026-04-28T21:27:51.133+0000] {processor.py:840} INFO - DAG(s) 'latest_only' retrieved from /home/airflow/.local/lib/python3.12/site-packages/airflow/example_dags/example_latest_only.py
[2026-04-28T21:27:51.156+0000] {logging_mixin.py:188} INFO - [2026-04-28T21:27:51.156+0000] {dag.py:3096} INFO - Sync 1 DAGs
[2026-04-28T21:27:51.185+0000] {logging_mixin.py:188} INFO - [2026-04-28T21:27:51.185+0000] {dag.py:3954} INFO - Setting next_dagrun for latest_only to 2026-04-28 16:00:00+00:00, run_after=2026-04-28 20:00:00+00:00
[2026-04-28T21:27:51.203+0000] {processor.py:183} INFO - Processing /home/airflow/.local/lib/python3.12/site-packages/airflow/example_dags/example_latest_only.py took 0.088 seconds
[2026-04-28T21:28:21.637+0000] {processor.py:161} INFO - Started process (PID=1000) to work on /home/airflow/.local/lib/python3.12/site-packages/airflow/example_dags/example_latest_only.py
[2026-04-28T21:28:21.639+0000] {processor.py:830} INFO - Processing file /home/airflow/.local/lib/python3.12/site-packages/airflow/example_dags/example_latest_only.py for tasks to queue
[2026-04-28T21:28:21.641+0000] {logging_mixin.py:188} INFO - [2026-04-28T21:28:21.641+0000] {dagbag.py:540} INFO - Filling up the DagBag from /home/airflow/.local/lib/python3.12/site-packages/airflow/example_dags/example_latest_only.py
[2026-04-28T21:28:21.647+0000] {processor.py:840} INFO - DAG(s) 'latest_only' retrieved from /home/airflow/.local/lib/python3.12/site-packages/airflow/example_dags/example_latest_only.py
[2026-04-28T21:28:21.669+0000] {logging_mixin.py:188} INFO - [2026-04-28T21:28:21.669+0000] {dag.py:3096} INFO - Sync 1 DAGs
[2026-04-28T21:28:21.695+0000] {logging_mixin.py:188} INFO - [2026-04-28T21:28:21.694+0000] {dag.py:3954} INFO - Setting next_dagrun for latest_only to 2026-04-28 16:00:00+00:00, run_after=2026-04-28 20:00:00+00:00
[2026-04-28T21:28:21.899+0000] {processor.py:183} INFO - Processing /home/airflow/.local/lib/python3.12/site-packages/airflow/example_dags/example_latest_only.py took 0.270 seconds
[2026-04-28T21:28:52.439+0000] {processor.py:161} INFO - Started process (PID=1060) to work on /home/airflow/.local/lib/python3.12/site-packages/airflow/example_dags/example_latest_only.py
[2026-04-28T21:28:52.441+0000] {processor.py:830} INFO - Processing file /home/airflow/.local/lib/python3.12/site-packages/airflow/example_dags/example_latest_only.py for tasks to queue
[2026-04-28T21:28:52.444+0000] {logging_mixin.py:188} INFO - [2026-04-28T21:28:52.443+0000] {dagbag.py:540} INFO - Filling up the DagBag from /home/airflow/.local/lib/python3.12/site-packages/airflow/example_dags/example_latest_only.py
[2026-04-28T21:28:52.449+0000] {processor.py:840} INFO - DAG(s) 'latest_only' retrieved from /home/airflow/.local/lib/python3.12/site-packages/airflow/example_dags/example_latest_only.py
[2026-04-28T21:28:52.473+0000] {logging_mixin.py:188} INFO - [2026-04-28T21:28:52.472+0000] {dag.py:3096} INFO - Sync 1 DAGs
[2026-04-28T21:28:52.496+0000] {logging_mixin.py:188} INFO - [2026-04-28T21:28:52.496+0000] {dag.py:3954} INFO - Setting next_dagrun for latest_only to 2026-04-28 16:00:00+00:00, run_after=2026-04-28 20:00:00+00:00
[2026-04-28T21:28:52.516+0000] {processor.py:183} INFO - Processing /home/airflow/.local/lib/python3.12/site-packages/airflow/example_dags/example_latest_only.py took 0.085 seconds
[2026-04-28T21:29:23.983+0000] {processor.py:161} INFO - Started process (PID=1120) to work on /home/airflow/.local/lib/python3.12/site-packages/airflow/example_dags/example_latest_only.py
[2026-04-28T21:29:23.987+0000] {processor.py:830} INFO - Processing file /home/airflow/.local/lib/python3.12/site-packages/airflow/example_dags/example_latest_only.py for tasks to queue
[2026-04-28T21:29:23.989+0000] {logging_mixin.py:188} INFO - [2026-04-28T21:29:23.989+0000] {dagbag.py:540} INFO - Filling up the DagBag from /home/airflow/.local/lib/python3.12/site-packages/airflow/example_dags/example_latest_only.py
[2026-04-28T21:29:24.003+0000] {processor.py:840} INFO - DAG(s) 'latest_only' retrieved from /home/airflow/.local/lib/python3.12/site-packages/airflow/example_dags/example_latest_only.py
[2026-04-28T21:29:24.046+0000] {logging_mixin.py:188} INFO - [2026-04-28T21:29:24.044+0000] {dag.py:3096} INFO - Sync 1 DAGs
[2026-04-28T21:29:24.076+0000] {logging_mixin.py:188} INFO - [2026-04-28T21:29:24.075+0000] {dag.py:3954} INFO - Setting next_dagrun for latest_only to 2026-04-28 16:00:00+00:00, run_after=2026-04-28 20:00:00+00:00
[2026-04-28T21:29:24.109+0000] {processor.py:183} INFO - Processing /home/airflow/.local/lib/python3.12/site-packages/airflow/example_dags/example_latest_only.py took 0.135 seconds
[2026-04-28T21:29:55.834+0000] {processor.py:161} INFO - Started process (PID=1179) to work on /home/airflow/.local/lib/python3.12/site-packages/airflow/example_dags/example_latest_only.py
[2026-04-28T21:29:55.847+0000] {processor.py:830} INFO - Processing file /home/airflow/.local/lib/python3.12/site-packages/airflow/example_dags/example_latest_only.py for tasks to queue
[2026-04-28T21:29:55.888+0000] {logging_mixin.py:188} INFO - [2026-04-28T21:29:55.887+0000] {dagbag.py:540} INFO - Filling up the DagBag from /home/airflow/.local/lib/python3.12/site-packages/airflow/example_dags/example_latest_only.py
[2026-04-28T21:29:55.940+0000] {processor.py:840} INFO - DAG(s) 'latest_only' retrieved from /home/airflow/.local/lib/python3.12/site-packages/airflow/example_dags/example_latest_only.py
[2026-04-28T21:29:56.080+0000] {logging_mixin.py:188} INFO - [2026-04-28T21:29:56.078+0000] {dag.py:3096} INFO - Sync 1 DAGs
[2026-04-28T21:29:56.187+0000] {logging_mixin.py:188} INFO - [2026-04-28T21:29:56.185+0000] {dag.py:3954} INFO - Setting next_dagrun for latest_only to 2026-04-28 16:00:00+00:00, run_after=2026-04-28 20:00:00+00:00
[2026-04-28T21:29:56.233+0000] {processor.py:183} INFO - Processing /home/airflow/.local/lib/python3.12/site-packages/airflow/example_dags/example_latest_only.py took 0.440 seconds
[2026-04-28T21:30:27.378+0000] {processor.py:161} INFO - Started process (PID=1244) to work on /home/airflow/.local/lib/python3.12/site-packages/airflow/example_dags/example_latest_only.py
[2026-04-28T21:30:27.379+0000] {processor.py:830} INFO - Processing file /home/airflow/.local/lib/python3.12/site-packages/airflow/example_dags/example_latest_only.py for tasks to queue
[2026-04-28T21:30:27.381+0000] {logging_mixin.py:188} INFO - [2026-04-28T21:30:27.380+0000] {dagbag.py:540} INFO - Filling up the DagBag from /home/airflow/.local/lib/python3.12/site-packages/airflow/example_dags/example_latest_only.py
[2026-04-28T21:30:27.386+0000] {processor.py:840} INFO - DAG(s) 'latest_only' retrieved from /home/airflow/.local/lib/python3.12/site-packages/airflow/example_dags/example_latest_only.py
[2026-04-28T21:30:27.593+0000] {logging_mixin.py:188} INFO - [2026-04-28T21:30:27.593+0000] {dag.py:3096} INFO - Sync 1 DAGs
[2026-04-28T21:30:27.617+0000] {logging_mixin.py:188} INFO - [2026-04-28T21:30:27.617+0000] {dag.py:3954} INFO - Setting next_dagrun for latest_only to 2026-04-28 16:00:00+00:00, run_after=2026-04-28 20:00:00+00:00
[2026-04-28T21:30:27.639+0000] {processor.py:183} INFO - Processing /home/airflow/.local/lib/python3.12/site-packages/airflow/example_dags/example_latest_only.py took 0.268 seconds
[2026-04-28T21:30:58.564+0000] {processor.py:161} INFO - Started process (PID=1303) to work on /home/airflow/.local/lib/python3.12/site-packages/airflow/example_dags/example_latest_only.py
[2026-04-28T21:30:58.569+0000] {processor.py:830} INFO - Processing file /home/airflow/.local/lib/python3.12/site-packages/airflow/example_dags/example_latest_only.py for tasks to queue
[2026-04-28T21:30:58.572+0000] {logging_mixin.py:188} INFO - [2026-04-28T21:30:58.571+0000] {dagbag.py:540} INFO - Filling up the DagBag from /home/airflow/.local/lib/python3.12/site-packages/airflow/example_dags/example_latest_only.py
[2026-04-28T21:30:58.583+0000] {processor.py:840} INFO - DAG(s) 'latest_only' retrieved from /home/airflow/.local/lib/python3.12/site-packages/airflow/example_dags/example_latest_only.py
[2026-04-28T21:30:58.626+0000] {logging_mixin.py:188} INFO - [2026-04-28T21:30:58.624+0000] {dag.py:3096} INFO - Sync 1 DAGs
[2026-04-28T21:30:58.668+0000] {logging_mixin.py:188} INFO - [2026-04-28T21:30:58.668+0000] {dag.py:3954} INFO - Setting next_dagrun for latest_only to 2026-04-28 16:00:00+00:00, run_after=2026-04-28 20:00:00+00:00
[2026-04-28T21:30:58.698+0000] {processor.py:183} INFO - Processing /home/airflow/.local/lib/python3.12/site-packages/airflow/example_dags/example_latest_only.py took 0.147 seconds
[2026-04-28T21:31:29.518+0000] {processor.py:161} INFO - Started process (PID=1361) to work on /home/airflow/.local/lib/python3.12/site-packages/airflow/example_dags/example_latest_only.py
[2026-04-28T21:31:29.519+0000] {processor.py:830} INFO - Processing file /home/airflow/.local/lib/python3.12/site-packages/airflow/example_dags/example_latest_only.py for tasks to queue
[2026-04-28T21:31:29.521+0000] {logging_mixin.py:188} INFO - [2026-04-28T21:31:29.521+0000] {dagbag.py:540} INFO - Filling up the DagBag from /home/airflow/.local/lib/python3.12/site-packages/airflow/example_dags/example_latest_only.py
[2026-04-28T21:31:29.527+0000] {processor.py:840} INFO - DAG(s) 'latest_only' retrieved from /home/airflow/.local/lib/python3.12/site-packages/airflow/example_dags/example_latest_only.py
[2026-04-28T21:31:29.550+0000] {logging_mixin.py:188} INFO - [2026-04-28T21:31:29.550+0000] {dag.py:3096} INFO - Sync 1 DAGs
[2026-04-28T21:31:29.577+0000] {logging_mixin.py:188} INFO - [2026-04-28T21:31:29.576+0000] {dag.py:3954} INFO - Setting next_dagrun for latest_only to 2026-04-28 16:00:00+00:00, run_after=2026-04-28 20:00:00+00:00
[2026-04-28T21:31:29.599+0000] {processor.py:183} INFO - Processing /home/airflow/.local/lib/python3.12/site-packages/airflow/example_dags/example_latest_only.py took 0.088 seconds
[2026-04-28T21:32:00.035+0000] {processor.py:161} INFO - Started process (PID=1421) to work on /home/airflow/.local/lib/python3.12/site-packages/airflow/example_dags/example_latest_only.py
[2026-04-28T21:32:00.040+0000] {processor.py:830} INFO - Processing file /home/airflow/.local/lib/python3.12/site-packages/airflow/example_dags/example_latest_only.py for tasks to queue
[2026-04-28T21:32:00.047+0000] {logging_mixin.py:188} INFO - [2026-04-28T21:32:00.046+0000] {dagbag.py:540} INFO - Filling up the DagBag from /home/airflow/.local/lib/python3.12/site-packages/airflow/example_dags/example_latest_only.py
[2026-04-28T21:32:00.069+0000] {processor.py:840} INFO - DAG(s) 'latest_only' retrieved from /home/airflow/.local/lib/python3.12/site-packages/airflow/example_dags/example_latest_only.py
[2026-04-28T21:32:00.196+0000] {logging_mixin.py:188} INFO - [2026-04-28T21:32:00.186+0000] {dag.py:3096} INFO - Sync 1 DAGs
[2026-04-28T21:32:00.322+0000] {logging_mixin.py:188} INFO - [2026-04-28T21:32:00.322+0000] {dag.py:3954} INFO - Setting next_dagrun for latest_only to 2026-04-28 16:00:00+00:00, run_after=2026-04-28 20:00:00+00:00
[2026-04-28T21:32:00.410+0000] {processor.py:183} INFO - Processing /home/airflow/.local/lib/python3.12/site-packages/airflow/example_dags/example_latest_only.py took 0.384 seconds
[2026-04-28T21:32:30.691+0000] {processor.py:161} INFO - Started process (PID=1480) to work on /home/airflow/.local/lib/python3.12/site-packages/airflow/example_dags/example_latest_only.py
[2026-04-28T21:32:30.696+0000] {processor.py:830} INFO - Processing file /home/airflow/.local/lib/python3.12/site-packages/airflow/example_dags/example_latest_only.py for tasks to queue
[2026-04-28T21:32:30.700+0000] {logging_mixin.py:188} INFO - [2026-04-28T21:32:30.700+0000] {dagbag.py:540} INFO - Filling up the DagBag from /home/airflow/.local/lib/python3.12/site-packages/airflow/example_dags/example_latest_only.py
[2026-04-28T21:32:30.711+0000] {processor.py:840} INFO - DAG(s) 'latest_only' retrieved from /home/airflow/.local/lib/python3.12/site-packages/airflow/example_dags/example_latest_only.py
[2026-04-28T21:32:30.753+0000] {logging_mixin.py:188} INFO - [2026-04-28T21:32:30.753+0000] {dag.py:3096} INFO - Sync 1 DAGs
[2026-04-28T21:32:30.802+0000] {logging_mixin.py:188} INFO - [2026-04-28T21:32:30.802+0000] {dag.py:3954} INFO - Setting next_dagrun for latest_only to 2026-04-28 16:00:00+00:00, run_after=2026-04-28 20:00:00+00:00
[2026-04-28T21:32:30.908+0000] {processor.py:183} INFO - Processing /home/airflow/.local/lib/python3.12/site-packages/airflow/example_dags/example_latest_only.py took 0.232 seconds
[2026-04-28T21:33:01.648+0000] {processor.py:161} INFO - Started process (PID=1539) to work on /home/airflow/.local/lib/python3.12/site-packages/airflow/example_dags/example_latest_only.py
[2026-04-28T21:33:01.651+0000] {processor.py:830} INFO - Processing file /home/airflow/.local/lib/python3.12/site-packages/airflow/example_dags/example_latest_only.py for tasks to queue
[2026-04-28T21:33:01.656+0000] {logging_mixin.py:188} INFO - [2026-04-28T21:33:01.656+0000] {dagbag.py:540} INFO - Filling up the DagBag from /home/airflow/.local/lib/python3.12/site-packages/airflow/example_dags/example_latest_only.py
[2026-04-28T21:33:01.668+0000] {processor.py:840} INFO - DAG(s) 'latest_only' retrieved from /home/airflow/.local/lib/python3.12/site-packages/airflow/example_dags/example_latest_only.py
[2026-04-28T21:33:01.720+0000] {logging_mixin.py:188} INFO - [2026-04-28T21:33:01.719+0000] {dag.py:3096} INFO - Sync 1 DAGs
[2026-04-28T21:33:01.787+0000] {logging_mixin.py:188} INFO - [2026-04-28T21:33:01.785+0000] {dag.py:3954} INFO - Setting next_dagrun for latest_only to 2026-04-28 16:00:00+00:00, run_after=2026-04-28 20:00:00+00:00
[2026-04-28T21:33:01.869+0000] {processor.py:183} INFO - Processing /home/airflow/.local/lib/python3.12/site-packages/airflow/example_dags/example_latest_only.py took 0.232 seconds
[2026-04-28T21:33:31.989+0000] {processor.py:161} INFO - Started process (PID=1600) to work on /home/airflow/.local/lib/python3.12/site-packages/airflow/example_dags/example_latest_only.py
[2026-04-28T21:33:31.990+0000] {processor.py:830} INFO - Processing file /home/airflow/.local/lib/python3.12/site-packages/airflow/example_dags/example_latest_only.py for tasks to queue
[2026-04-28T21:33:31.992+0000] {logging_mixin.py:188} INFO - [2026-04-28T21:33:31.991+0000] {dagbag.py:540} INFO - Filling up the DagBag from /home/airflow/.local/lib/python3.12/site-packages/airflow/example_dags/example_latest_only.py
[2026-04-28T21:33:31.997+0000] {processor.py:840} INFO - DAG(s) 'latest_only' retrieved from /home/airflow/.local/lib/python3.12/site-packages/airflow/example_dags/example_latest_only.py
[2026-04-28T21:33:32.020+0000] {logging_mixin.py:188} INFO - [2026-04-28T21:33:32.020+0000] {dag.py:3096} INFO - Sync 1 DAGs
[2026-04-28T21:33:32.046+0000] {logging_mixin.py:188} INFO - [2026-04-28T21:33:32.046+0000] {dag.py:3954} INFO - Setting next_dagrun for latest_only to 2026-04-28 16:00:00+00:00, run_after=2026-04-28 20:00:00+00:00
[2026-04-28T21:33:32.063+0000] {processor.py:183} INFO - Processing /home/airflow/.local/lib/python3.12/site-packages/airflow/example_dags/example_latest_only.py took 0.085 seconds
[2026-04-28T21:34:02.971+0000] {processor.py:161} INFO - Started process (PID=1659) to work on /home/airflow/.local/lib/python3.12/site-packages/airflow/example_dags/example_latest_only.py
[2026-04-28T21:34:02.972+0000] {processor.py:830} INFO - Processing file /home/airflow/.local/lib/python3.12/site-packages/airflow/example_dags/example_latest_only.py for tasks to queue
[2026-04-28T21:34:02.974+0000] {logging_mixin.py:188} INFO - [2026-04-28T21:34:02.974+0000] {dagbag.py:540} INFO - Filling up the DagBag from /home/airflow/.local/lib/python3.12/site-packages/airflow/example_dags/example_latest_only.py
[2026-04-28T21:34:02.979+0000] {processor.py:840} INFO - DAG(s) 'latest_only' retrieved from /home/airflow/.local/lib/python3.12/site-packages/airflow/example_dags/example_latest_only.py
[2026-04-28T21:34:02.996+0000] {logging_mixin.py:188} INFO - [2026-04-28T21:34:02.996+0000] {dag.py:3096} INFO - Sync 1 DAGs
[2026-04-28T21:34:03.015+0000] {logging_mixin.py:188} INFO - [2026-04-28T21:34:03.015+0000] {dag.py:3954} INFO - Setting next_dagrun for latest_only to 2026-04-28 16:00:00+00:00, run_after=2026-04-28 20:00:00+00:00
[2026-04-28T21:34:03.030+0000] {processor.py:183} INFO - Processing /home/airflow/.local/lib/python3.12/site-packages/airflow/example_dags/example_latest_only.py took 0.064 seconds
[2026-04-28T21:34:35.065+0000] {processor.py:161} INFO - Started process (PID=1719) to work on /home/airflow/.local/lib/python3.12/site-packages/airflow/example_dags/example_latest_only.py
[2026-04-28T21:34:35.076+0000] {processor.py:830} INFO - Processing file /home/airflow/.local/lib/python3.12/site-packages/airflow/example_dags/example_latest_only.py for tasks to queue
[2026-04-28T21:34:35.109+0000] {logging_mixin.py:188} INFO - [2026-04-28T21:34:35.093+0000] {dagbag.py:540} INFO - Filling up the DagBag from /home/airflow/.local/lib/python3.12/site-packages/airflow/example_dags/example_latest_only.py
[2026-04-28T21:34:35.195+0000] {processor.py:840} INFO - DAG(s) 'latest_only' retrieved from /home/airflow/.local/lib/python3.12/site-packages/airflow/example_dags/example_latest_only.py
[2026-04-28T21:34:35.495+0000] {logging_mixin.py:188} INFO - [2026-04-28T21:34:35.492+0000] {dag.py:3096} INFO - Sync 1 DAGs
[2026-04-28T21:34:36.017+0000] {logging_mixin.py:188} INFO - [2026-04-28T21:34:36.015+0000] {dag.py:3954} INFO - Setting next_dagrun for latest_only to 2026-04-28 16:00:00+00:00, run_after=2026-04-28 20:00:00+00:00
[2026-04-28T21:34:36.198+0000] {processor.py:183} INFO - Processing /home/airflow/.local/lib/python3.12/site-packages/airflow/example_dags/example_latest_only.py took 1.263 seconds
[2026-04-28T21:35:06.500+0000] {processor.py:161} INFO - Started process (PID=1780) to work on /home/airflow/.local/lib/python3.12/site-packages/airflow/example_dags/example_latest_only.py
[2026-04-28T21:35:06.502+0000] {processor.py:830} INFO - Processing file /home/airflow/.local/lib/python3.12/site-packages/airflow/example_dags/example_latest_only.py for tasks to queue
[2026-04-28T21:35:06.504+0000] {logging_mixin.py:188} INFO - [2026-04-28T21:35:06.504+0000] {dagbag.py:540} INFO - Filling up the DagBag from /home/airflow/.local/lib/python3.12/site-packages/airflow/example_dags/example_latest_only.py
[2026-04-28T21:35:06.510+0000] {processor.py:840} INFO - DAG(s) 'latest_only' retrieved from /home/airflow/.local/lib/python3.12/site-packages/airflow/example_dags/example_latest_only.py
[2026-04-28T21:35:06.537+0000] {logging_mixin.py:188} INFO - [2026-04-28T21:35:06.537+0000] {dag.py:3096} INFO - Sync 1 DAGs
[2026-04-28T21:35:06.562+0000] {logging_mixin.py:188} INFO - [2026-04-28T21:35:06.562+0000] {dag.py:3954} INFO - Setting next_dagrun for latest_only to 2026-04-28 16:00:00+00:00, run_after=2026-04-28 20:00:00+00:00
[2026-04-28T21:35:06.604+0000] {processor.py:183} INFO - Processing /home/airflow/.local/lib/python3.12/site-packages/airflow/example_dags/example_latest_only.py took 0.111 seconds
[2026-04-28T21:35:36.938+0000] {processor.py:161} INFO - Started process (PID=1840) to work on /home/airflow/.local/lib/python3.12/site-packages/airflow/example_dags/example_latest_only.py
[2026-04-28T21:35:36.939+0000] {processor.py:830} INFO - Processing file /home/airflow/.local/lib/python3.12/site-packages/airflow/example_dags/example_latest_only.py for tasks to queue
[2026-04-28T21:35:36.941+0000] {logging_mixin.py:188} INFO - [2026-04-28T21:35:36.941+0000] {dagbag.py:540} INFO - Filling up the DagBag from /home/airflow/.local/lib/python3.12/site-packages/airflow/example_dags/example_latest_only.py
[2026-04-28T21:35:36.948+0000] {processor.py:840} INFO - DAG(s) 'latest_only' retrieved from /home/airflow/.local/lib/python3.12/site-packages/airflow/example_dags/example_latest_only.py
[2026-04-28T21:35:36.968+0000] {logging_mixin.py:188} INFO - [2026-04-28T21:35:36.968+0000] {dag.py:3096} INFO - Sync 1 DAGs
[2026-04-28T21:35:36.992+0000] {logging_mixin.py:188} INFO - [2026-04-28T21:35:36.992+0000] {dag.py:3954} INFO - Setting next_dagrun for latest_only to 2026-04-28 16:00:00+00:00, run_after=2026-04-28 20:00:00+00:00
[2026-04-28T21:35:37.014+0000] {processor.py:183} INFO - Processing /home/airflow/.local/lib/python3.12/site-packages/airflow/example_dags/example_latest_only.py took 0.085 seconds
[2026-04-28T21:36:07.434+0000] {processor.py:161} INFO - Started process (PID=1900) to work on /home/airflow/.local/lib/python3.12/site-packages/airflow/example_dags/example_latest_only.py
[2026-04-28T21:36:07.444+0000] {processor.py:830} INFO - Processing file /home/airflow/.local/lib/python3.12/site-packages/airflow/example_dags/example_latest_only.py for tasks to queue
[2026-04-28T21:36:07.457+0000] {logging_mixin.py:188} INFO - [2026-04-28T21:36:07.454+0000] {dagbag.py:540} INFO - Filling up the DagBag from /home/airflow/.local/lib/python3.12/site-packages/airflow/example_dags/example_latest_only.py
[2026-04-28T21:36:07.491+0000] {processor.py:840} INFO - DAG(s) 'latest_only' retrieved from /home/airflow/.local/lib/python3.12/site-packages/airflow/example_dags/example_latest_only.py
[2026-04-28T21:36:07.555+0000] {logging_mixin.py:188} INFO - [2026-04-28T21:36:07.555+0000] {dag.py:3096} INFO - Sync 1 DAGs
[2026-04-28T21:36:07.631+0000] {logging_mixin.py:188} INFO - [2026-04-28T21:36:07.630+0000] {dag.py:3954} INFO - Setting next_dagrun for latest_only to 2026-04-28 16:00:00+00:00, run_after=2026-04-28 20:00:00+00:00
[2026-04-28T21:36:07.760+0000] {processor.py:183} INFO - Processing /home/airflow/.local/lib/python3.12/site-packages/airflow/example_dags/example_latest_only.py took 0.365 seconds
[2026-04-28T21:36:38.370+0000] {processor.py:161} INFO - Started process (PID=1960) to work on /home/airflow/.local/lib/python3.12/site-packages/airflow/example_dags/example_latest_only.py
[2026-04-28T21:36:38.371+0000] {processor.py:830} INFO - Processing file /home/airflow/.local/lib/python3.12/site-packages/airflow/example_dags/example_latest_only.py for tasks to queue
[2026-04-28T21:36:38.372+0000] {logging_mixin.py:188} INFO - [2026-04-28T21:36:38.372+0000] {dagbag.py:540} INFO - Filling up the DagBag from /home/airflow/.local/lib/python3.12/site-packages/airflow/example_dags/example_latest_only.py
[2026-04-28T21:36:38.377+0000] {processor.py:840} INFO - DAG(s) 'latest_only' retrieved from /home/airflow/.local/lib/python3.12/site-packages/airflow/example_dags/example_latest_only.py
[2026-04-28T21:36:38.394+0000] {logging_mixin.py:188} INFO - [2026-04-28T21:36:38.394+0000] {dag.py:3096} INFO - Sync 1 DAGs
[2026-04-28T21:36:38.413+0000] {logging_mixin.py:188} INFO - [2026-04-28T21:36:38.412+0000] {dag.py:3954} INFO - Setting next_dagrun for latest_only to 2026-04-28 16:00:00+00:00, run_after=2026-04-28 20:00:00+00:00
[2026-04-28T21:36:38.429+0000] {processor.py:183} INFO - Processing /home/airflow/.local/lib/python3.12/site-packages/airflow/example_dags/example_latest_only.py took 0.064 seconds
[2026-04-28T21:37:09.191+0000] {processor.py:161} INFO - Started process (PID=2019) to work on /home/airflow/.local/lib/python3.12/site-packages/airflow/example_dags/example_latest_only.py
[2026-04-28T21:37:09.193+0000] {processor.py:830} INFO - Processing file /home/airflow/.local/lib/python3.12/site-packages/airflow/example_dags/example_latest_only.py for tasks to queue
[2026-04-28T21:37:09.194+0000] {logging_mixin.py:188} INFO - [2026-04-28T21:37:09.194+0000] {dagbag.py:540} INFO - Filling up the DagBag from /home/airflow/.local/lib/python3.12/site-packages/airflow/example_dags/example_latest_only.py
[2026-04-28T21:37:09.199+0000] {processor.py:840} INFO - DAG(s) 'latest_only' retrieved from /home/airflow/.local/lib/python3.12/site-packages/airflow/example_dags/example_latest_only.py
[2026-04-28T21:37:09.216+0000] {logging_mixin.py:188} INFO - [2026-04-28T21:37:09.216+0000] {dag.py:3096} INFO - Sync 1 DAGs
[2026-04-28T21:37:09.235+0000] {logging_mixin.py:188} INFO - [2026-04-28T21:37:09.235+0000] {dag.py:3954} INFO - Setting next_dagrun for latest_only to 2026-04-28 16:00:00+00:00, run_after=2026-04-28 20:00:00+00:00
[2026-04-28T21:37:09.252+0000] {processor.py:183} INFO - Processing /home/airflow/.local/lib/python3.12/site-packages/airflow/example_dags/example_latest_only.py took 0.066 seconds
[2026-04-28T21:37:40.191+0000] {processor.py:161} INFO - Started process (PID=2079) to work on /home/airflow/.local/lib/python3.12/site-packages/airflow/example_dags/example_latest_only.py
[2026-04-28T21:37:40.195+0000] {processor.py:830} INFO - Processing file /home/airflow/.local/lib/python3.12/site-packages/airflow/example_dags/example_latest_only.py for tasks to queue
[2026-04-28T21:37:40.197+0000] {logging_mixin.py:188} INFO - [2026-04-28T21:37:40.196+0000] {dagbag.py:540} INFO - Filling up the DagBag from /home/airflow/.local/lib/python3.12/site-packages/airflow/example_dags/example_latest_only.py
[2026-04-28T21:37:40.201+0000] {processor.py:840} INFO - DAG(s) 'latest_only' retrieved from /home/airflow/.local/lib/python3.12/site-packages/airflow/example_dags/example_latest_only.py
[2026-04-28T21:37:40.218+0000] {logging_mixin.py:188} INFO - [2026-04-28T21:37:40.218+0000] {dag.py:3096} INFO - Sync 1 DAGs
[2026-04-28T21:37:40.237+0000] {logging_mixin.py:188} INFO - [2026-04-28T21:37:40.237+0000] {dag.py:3954} INFO - Setting next_dagrun for latest_only to 2026-04-28 16:00:00+00:00, run_after=2026-04-28 20:00:00+00:00
[2026-04-28T21:37:40.251+0000] {processor.py:183} INFO - Processing /home/airflow/.local/lib/python3.12/site-packages/airflow/example_dags/example_latest_only.py took 0.067 seconds
[2026-04-28T21:38:10.664+0000] {processor.py:161} INFO - Started process (PID=2138) to work on /home/airflow/.local/lib/python3.12/site-packages/airflow/example_dags/example_latest_only.py
[2026-04-28T21:38:10.666+0000] {processor.py:830} INFO - Processing file /home/airflow/.local/lib/python3.12/site-packages/airflow/example_dags/example_latest_only.py for tasks to queue
[2026-04-28T21:38:10.668+0000] {logging_mixin.py:188} INFO - [2026-04-28T21:38:10.668+0000] {dagbag.py:540} INFO - Filling up the DagBag from /home/airflow/.local/lib/python3.12/site-packages/airflow/example_dags/example_latest_only.py
[2026-04-28T21:38:10.674+0000] {processor.py:840} INFO - DAG(s) 'latest_only' retrieved from /home/airflow/.local/lib/python3.12/site-packages/airflow/example_dags/example_latest_only.py
[2026-04-28T21:38:10.700+0000] {logging_mixin.py:188} INFO - [2026-04-28T21:38:10.699+0000] {dag.py:3096} INFO - Sync 1 DAGs
[2026-04-28T21:38:10.732+0000] {logging_mixin.py:188} INFO - [2026-04-28T21:38:10.732+0000] {dag.py:3954} INFO - Setting next_dagrun for latest_only to 2026-04-28 16:00:00+00:00, run_after=2026-04-28 20:00:00+00:00
[2026-04-28T21:38:10.755+0000] {processor.py:183} INFO - Processing /home/airflow/.local/lib/python3.12/site-packages/airflow/example_dags/example_latest_only.py took 0.098 seconds
[2026-04-28T21:38:41.589+0000] {processor.py:161} INFO - Started process (PID=2198) to work on /home/airflow/.local/lib/python3.12/site-packages/airflow/example_dags/example_latest_only.py
[2026-04-28T21:38:41.590+0000] {processor.py:830} INFO - Processing file /home/airflow/.local/lib/python3.12/site-packages/airflow/example_dags/example_latest_only.py for tasks to queue
[2026-04-28T21:38:41.594+0000] {logging_mixin.py:188} INFO - [2026-04-28T21:38:41.593+0000] {dagbag.py:540} INFO - Filling up the DagBag from /home/airflow/.local/lib/python3.12/site-packages/airflow/example_dags/example_latest_only.py
[2026-04-28T21:38:41.599+0000] {processor.py:840} INFO - DAG(s) 'latest_only' retrieved from /home/airflow/.local/lib/python3.12/site-packages/airflow/example_dags/example_latest_only.py
[2026-04-28T21:38:41.635+0000] {logging_mixin.py:188} INFO - [2026-04-28T21:38:41.635+0000] {dag.py:3096} INFO - Sync 1 DAGs
[2026-04-28T21:38:41.667+0000] {logging_mixin.py:188} INFO - [2026-04-28T21:38:41.667+0000] {dag.py:3954} INFO - Setting next_dagrun for latest_only to 2026-04-28 16:00:00+00:00, run_after=2026-04-28 20:00:00+00:00
[2026-04-28T21:38:41.685+0000] {processor.py:183} INFO - Processing /home/airflow/.local/lib/python3.12/site-packages/airflow/example_dags/example_latest_only.py took 0.103 seconds
[2026-04-28T21:39:11.813+0000] {processor.py:161} INFO - Started process (PID=2257) to work on /home/airflow/.local/lib/python3.12/site-packages/airflow/example_dags/example_latest_only.py
[2026-04-28T21:39:11.816+0000] {processor.py:830} INFO - Processing file /home/airflow/.local/lib/python3.12/site-packages/airflow/example_dags/example_latest_only.py for tasks to queue
[2026-04-28T21:39:11.822+0000] {logging_mixin.py:188} INFO - [2026-04-28T21:39:11.822+0000] {dagbag.py:540} INFO - Filling up the DagBag from /home/airflow/.local/lib/python3.12/site-packages/airflow/example_dags/example_latest_only.py
[2026-04-28T21:39:11.838+0000] {processor.py:840} INFO - DAG(s) 'latest_only' retrieved from /home/airflow/.local/lib/python3.12/site-packages/airflow/example_dags/example_latest_only.py
[2026-04-28T21:39:11.867+0000] {logging_mixin.py:188} INFO - [2026-04-28T21:39:11.866+0000] {dag.py:3096} INFO - Sync 1 DAGs
[2026-04-28T21:39:11.893+0000] {logging_mixin.py:188} INFO - [2026-04-28T21:39:11.892+0000] {dag.py:3954} INFO - Setting next_dagrun for latest_only to 2026-04-28 16:00:00+00:00, run_after=2026-04-28 20:00:00+00:00
[2026-04-28T21:39:11.913+0000] {processor.py:183} INFO - Processing /home/airflow/.local/lib/python3.12/site-packages/airflow/example_dags/example_latest_only.py took 0.107 seconds
[2026-04-28T21:39:42.214+0000] {processor.py:161} INFO - Started process (PID=2317) to work on /home/airflow/.local/lib/python3.12/site-packages/airflow/example_dags/example_latest_only.py
[2026-04-28T21:39:42.215+0000] {processor.py:830} INFO - Processing file /home/airflow/.local/lib/python3.12/site-packages/airflow/example_dags/example_latest_only.py for tasks to queue
[2026-04-28T21:39:42.217+0000] {logging_mixin.py:188} INFO - [2026-04-28T21:39:42.217+0000] {dagbag.py:540} INFO - Filling up the DagBag from /home/airflow/.local/lib/python3.12/site-packages/airflow/example_dags/example_latest_only.py
[2026-04-28T21:39:42.222+0000] {processor.py:840} INFO - DAG(s) 'latest_only' retrieved from /home/airflow/.local/lib/python3.12/site-packages/airflow/example_dags/example_latest_only.py
[2026-04-28T21:39:42.240+0000] {logging_mixin.py:188} INFO - [2026-04-28T21:39:42.240+0000] {dag.py:3096} INFO - Sync 1 DAGs
[2026-04-28T21:39:42.260+0000] {logging_mixin.py:188} INFO - [2026-04-28T21:39:42.260+0000] {dag.py:3954} INFO - Setting next_dagrun for latest_only to 2026-04-28 16:00:00+00:00, run_after=2026-04-28 20:00:00+00:00
[2026-04-28T21:39:42.275+0000] {processor.py:183} INFO - Processing /home/airflow/.local/lib/python3.12/site-packages/airflow/example_dags/example_latest_only.py took 0.067 seconds
[2026-04-28T21:43:30.171+0000] {processor.py:161} INFO - Started process (PID=102) to work on /home/airflow/.local/lib/python3.12/site-packages/airflow/example_dags/example_latest_only.py
[2026-04-28T21:43:30.175+0000] {processor.py:830} INFO - Processing file /home/airflow/.local/lib/python3.12/site-packages/airflow/example_dags/example_latest_only.py for tasks to queue
[2026-04-28T21:43:30.179+0000] {logging_mixin.py:188} INFO - [2026-04-28T21:43:30.178+0000] {dagbag.py:540} INFO - Filling up the DagBag from /home/airflow/.local/lib/python3.12/site-packages/airflow/example_dags/example_latest_only.py
[2026-04-28T21:43:30.194+0000] {processor.py:840} INFO - DAG(s) 'latest_only' retrieved from /home/airflow/.local/lib/python3.12/site-packages/airflow/example_dags/example_latest_only.py
[2026-04-28T21:43:30.394+0000] {logging_mixin.py:188} INFO - [2026-04-28T21:43:30.393+0000] {override.py:1829} INFO - Created Permission View: can delete on DAG:latest_only
[2026-04-28T21:43:30.409+0000] {logging_mixin.py:188} INFO - [2026-04-28T21:43:30.408+0000] {override.py:1829} INFO - Created Permission View: can edit on DAG:latest_only
[2026-04-28T21:43:30.419+0000] {logging_mixin.py:188} INFO - [2026-04-28T21:43:30.419+0000] {override.py:1829} INFO - Created Permission View: can read on DAG:latest_only
[2026-04-28T21:43:30.420+0000] {logging_mixin.py:188} INFO - [2026-04-28T21:43:30.419+0000] {dag.py:3096} INFO - Sync 1 DAGs
[2026-04-28T21:43:30.445+0000] {logging_mixin.py:188} INFO - [2026-04-28T21:43:30.445+0000] {dag.py:3118} INFO - Creating ORM DAG for latest_only
[2026-04-28T21:43:30.475+0000] {logging_mixin.py:188} INFO - [2026-04-28T21:43:30.475+0000] {dag.py:3954} INFO - Setting next_dagrun for latest_only to 2026-04-28 16:00:00+00:00, run_after=2026-04-28 20:00:00+00:00
[2026-04-28T21:43:30.525+0000] {processor.py:183} INFO - Processing /home/airflow/.local/lib/python3.12/site-packages/airflow/example_dags/example_latest_only.py took 0.362 seconds
[2026-04-28T21:44:00.695+0000] {processor.py:161} INFO - Started process (PID=162) to work on /home/airflow/.local/lib/python3.12/site-packages/airflow/example_dags/example_latest_only.py
[2026-04-28T21:44:00.699+0000] {processor.py:830} INFO - Processing file /home/airflow/.local/lib/python3.12/site-packages/airflow/example_dags/example_latest_only.py for tasks to queue
[2026-04-28T21:44:00.702+0000] {logging_mixin.py:188} INFO - [2026-04-28T21:44:00.702+0000] {dagbag.py:540} INFO - Filling up the DagBag from /home/airflow/.local/lib/python3.12/site-packages/airflow/example_dags/example_latest_only.py
[2026-04-28T21:44:00.711+0000] {processor.py:840} INFO - DAG(s) 'latest_only' retrieved from /home/airflow/.local/lib/python3.12/site-packages/airflow/example_dags/example_latest_only.py
[2026-04-28T21:44:00.741+0000] {logging_mixin.py:188} INFO - [2026-04-28T21:44:00.741+0000] {dag.py:3096} INFO - Sync 1 DAGs
[2026-04-28T21:44:00.798+0000] {logging_mixin.py:188} INFO - [2026-04-28T21:44:00.797+0000] {dag.py:3954} INFO - Setting next_dagrun for latest_only to 2026-04-28 16:00:00+00:00, run_after=2026-04-28 20:00:00+00:00
[2026-04-28T21:44:00.823+0000] {processor.py:183} INFO - Processing /home/airflow/.local/lib/python3.12/site-packages/airflow/example_dags/example_latest_only.py took 0.136 seconds
[2026-04-28T21:44:31.809+0000] {processor.py:161} INFO - Started process (PID=221) to work on /home/airflow/.local/lib/python3.12/site-packages/airflow/example_dags/example_latest_only.py
[2026-04-28T21:44:31.810+0000] {processor.py:830} INFO - Processing file /home/airflow/.local/lib/python3.12/site-packages/airflow/example_dags/example_latest_only.py for tasks to queue
[2026-04-28T21:44:31.812+0000] {logging_mixin.py:188} INFO - [2026-04-28T21:44:31.812+0000] {dagbag.py:540} INFO - Filling up the DagBag from /home/airflow/.local/lib/python3.12/site-packages/airflow/example_dags/example_latest_only.py
[2026-04-28T21:44:31.818+0000] {processor.py:840} INFO - DAG(s) 'latest_only' retrieved from /home/airflow/.local/lib/python3.12/site-packages/airflow/example_dags/example_latest_only.py
[2026-04-28T21:44:31.861+0000] {logging_mixin.py:188} INFO - [2026-04-28T21:44:31.859+0000] {dag.py:3096} INFO - Sync 1 DAGs
[2026-04-28T21:44:31.929+0000] {logging_mixin.py:188} INFO - [2026-04-28T21:44:31.929+0000] {dag.py:3954} INFO - Setting next_dagrun for latest_only to 2026-04-28 16:00:00+00:00, run_after=2026-04-28 20:00:00+00:00
[2026-04-28T21:44:31.955+0000] {processor.py:183} INFO - Processing /home/airflow/.local/lib/python3.12/site-packages/airflow/example_dags/example_latest_only.py took 0.153 seconds
[2026-04-28T21:45:02.198+0000] {processor.py:161} INFO - Started process (PID=281) to work on /home/airflow/.local/lib/python3.12/site-packages/airflow/example_dags/example_latest_only.py
[2026-04-28T21:45:02.199+0000] {processor.py:830} INFO - Processing file /home/airflow/.local/lib/python3.12/site-packages/airflow/example_dags/example_latest_only.py for tasks to queue
[2026-04-28T21:45:02.204+0000] {logging_mixin.py:188} INFO - [2026-04-28T21:45:02.201+0000] {dagbag.py:540} INFO - Filling up the DagBag from /home/airflow/.local/lib/python3.12/site-packages/airflow/example_dags/example_latest_only.py
[2026-04-28T21:45:02.213+0000] {processor.py:840} INFO - DAG(s) 'latest_only' retrieved from /home/airflow/.local/lib/python3.12/site-packages/airflow/example_dags/example_latest_only.py
[2026-04-28T21:45:02.256+0000] {logging_mixin.py:188} INFO - [2026-04-28T21:45:02.255+0000] {dag.py:3096} INFO - Sync 1 DAGs
[2026-04-28T21:45:02.293+0000] {logging_mixin.py:188} INFO - [2026-04-28T21:45:02.293+0000] {dag.py:3954} INFO - Setting next_dagrun for latest_only to 2026-04-28 16:00:00+00:00, run_after=2026-04-28 20:00:00+00:00
[2026-04-28T21:45:02.314+0000] {processor.py:183} INFO - Processing /home/airflow/.local/lib/python3.12/site-packages/airflow/example_dags/example_latest_only.py took 0.128 seconds
[2026-04-28T21:45:33.133+0000] {processor.py:161} INFO - Started process (PID=341) to work on /home/airflow/.local/lib/python3.12/site-packages/airflow/example_dags/example_latest_only.py
[2026-04-28T21:45:33.135+0000] {processor.py:830} INFO - Processing file /home/airflow/.local/lib/python3.12/site-packages/airflow/example_dags/example_latest_only.py for tasks to queue
[2026-04-28T21:45:33.137+0000] {logging_mixin.py:188} INFO - [2026-04-28T21:45:33.137+0000] {dagbag.py:540} INFO - Filling up the DagBag from /home/airflow/.local/lib/python3.12/site-packages/airflow/example_dags/example_latest_only.py
[2026-04-28T21:45:33.143+0000] {processor.py:840} INFO - DAG(s) 'latest_only' retrieved from /home/airflow/.local/lib/python3.12/site-packages/airflow/example_dags/example_latest_only.py
[2026-04-28T21:45:33.168+0000] {logging_mixin.py:188} INFO - [2026-04-28T21:45:33.168+0000] {dag.py:3096} INFO - Sync 1 DAGs
[2026-04-28T21:45:33.196+0000] {logging_mixin.py:188} INFO - [2026-04-28T21:45:33.195+0000] {dag.py:3954} INFO - Setting next_dagrun for latest_only to 2026-04-28 16:00:00+00:00, run_after=2026-04-28 20:00:00+00:00
[2026-04-28T21:45:33.221+0000] {processor.py:183} INFO - Processing /home/airflow/.local/lib/python3.12/site-packages/airflow/example_dags/example_latest_only.py took 0.096 seconds
[2026-04-28T21:46:04.155+0000] {processor.py:161} INFO - Started process (PID=401) to work on /home/airflow/.local/lib/python3.12/site-packages/airflow/example_dags/example_latest_only.py
[2026-04-28T21:46:04.160+0000] {processor.py:830} INFO - Processing file /home/airflow/.local/lib/python3.12/site-packages/airflow/example_dags/example_latest_only.py for tasks to queue
[2026-04-28T21:46:04.165+0000] {logging_mixin.py:188} INFO - [2026-04-28T21:46:04.165+0000] {dagbag.py:540} INFO - Filling up the DagBag from /home/airflow/.local/lib/python3.12/site-packages/airflow/example_dags/example_latest_only.py
[2026-04-28T21:46:04.183+0000] {processor.py:840} INFO - DAG(s) 'latest_only' retrieved from /home/airflow/.local/lib/python3.12/site-packages/airflow/example_dags/example_latest_only.py
[2026-04-28T21:46:04.322+0000] {logging_mixin.py:188} INFO - [2026-04-28T21:46:04.322+0000] {dag.py:3096} INFO - Sync 1 DAGs
[2026-04-28T21:46:04.436+0000] {logging_mixin.py:188} INFO - [2026-04-28T21:46:04.434+0000] {dag.py:3954} INFO - Setting next_dagrun for latest_only to 2026-04-28 16:00:00+00:00, run_after=2026-04-28 20:00:00+00:00
[2026-04-28T21:46:04.528+0000] {processor.py:183} INFO - Processing /home/airflow/.local/lib/python3.12/site-packages/airflow/example_dags/example_latest_only.py took 0.414 seconds
[2026-04-28T21:46:35.409+0000] {processor.py:161} INFO - Started process (PID=460) to work on /home/airflow/.local/lib/python3.12/site-packages/airflow/example_dags/example_latest_only.py
[2026-04-28T21:46:35.412+0000] {processor.py:830} INFO - Processing file /home/airflow/.local/lib/python3.12/site-packages/airflow/example_dags/example_latest_only.py for tasks to queue
[2026-04-28T21:46:35.418+0000] {logging_mixin.py:188} INFO - [2026-04-28T21:46:35.416+0000] {dagbag.py:540} INFO - Filling up the DagBag from /home/airflow/.local/lib/python3.12/site-packages/airflow/example_dags/example_latest_only.py
[2026-04-28T21:46:35.439+0000] {processor.py:840} INFO - DAG(s) 'latest_only' retrieved from /home/airflow/.local/lib/python3.12/site-packages/airflow/example_dags/example_latest_only.py
[2026-04-28T21:46:35.511+0000] {logging_mixin.py:188} INFO - [2026-04-28T21:46:35.508+0000] {dag.py:3096} INFO - Sync 1 DAGs
[2026-04-28T21:46:35.626+0000] {logging_mixin.py:188} INFO - [2026-04-28T21:46:35.625+0000] {dag.py:3954} INFO - Setting next_dagrun for latest_only to 2026-04-28 16:00:00+00:00, run_after=2026-04-28 20:00:00+00:00
[2026-04-28T21:46:35.680+0000] {processor.py:183} INFO - Processing /home/airflow/.local/lib/python3.12/site-packages/airflow/example_dags/example_latest_only.py took 0.288 seconds
[2026-04-28T21:47:06.110+0000] {processor.py:161} INFO - Started process (PID=520) to work on /home/airflow/.local/lib/python3.12/site-packages/airflow/example_dags/example_latest_only.py
[2026-04-28T21:47:06.111+0000] {processor.py:830} INFO - Processing file /home/airflow/.local/lib/python3.12/site-packages/airflow/example_dags/example_latest_only.py for tasks to queue
[2026-04-28T21:47:06.112+0000] {logging_mixin.py:188} INFO - [2026-04-28T21:47:06.112+0000] {dagbag.py:540} INFO - Filling up the DagBag from /home/airflow/.local/lib/python3.12/site-packages/airflow/example_dags/example_latest_only.py
[2026-04-28T21:47:06.117+0000] {processor.py:840} INFO - DAG(s) 'latest_only' retrieved from /home/airflow/.local/lib/python3.12/site-packages/airflow/example_dags/example_latest_only.py
[2026-04-28T21:47:06.135+0000] {logging_mixin.py:188} INFO - [2026-04-28T21:47:06.135+0000] {dag.py:3096} INFO - Sync 1 DAGs
[2026-04-28T21:47:06.155+0000] {logging_mixin.py:188} INFO - [2026-04-28T21:47:06.155+0000] {dag.py:3954} INFO - Setting next_dagrun for latest_only to 2026-04-28 16:00:00+00:00, run_after=2026-04-28 20:00:00+00:00
[2026-04-28T21:47:06.171+0000] {processor.py:183} INFO - Processing /home/airflow/.local/lib/python3.12/site-packages/airflow/example_dags/example_latest_only.py took 0.067 seconds
[2026-04-28T21:47:37.234+0000] {processor.py:161} INFO - Started process (PID=580) to work on /home/airflow/.local/lib/python3.12/site-packages/airflow/example_dags/example_latest_only.py
[2026-04-28T21:47:37.237+0000] {processor.py:830} INFO - Processing file /home/airflow/.local/lib/python3.12/site-packages/airflow/example_dags/example_latest_only.py for tasks to queue
[2026-04-28T21:47:37.242+0000] {logging_mixin.py:188} INFO - [2026-04-28T21:47:37.241+0000] {dagbag.py:540} INFO - Filling up the DagBag from /home/airflow/.local/lib/python3.12/site-packages/airflow/example_dags/example_latest_only.py
[2026-04-28T21:47:37.251+0000] {processor.py:840} INFO - DAG(s) 'latest_only' retrieved from /home/airflow/.local/lib/python3.12/site-packages/airflow/example_dags/example_latest_only.py
[2026-04-28T21:47:37.287+0000] {logging_mixin.py:188} INFO - [2026-04-28T21:47:37.286+0000] {dag.py:3096} INFO - Sync 1 DAGs
[2026-04-28T21:47:37.315+0000] {logging_mixin.py:188} INFO - [2026-04-28T21:47:37.314+0000] {dag.py:3954} INFO - Setting next_dagrun for latest_only to 2026-04-28 16:00:00+00:00, run_after=2026-04-28 20:00:00+00:00
[2026-04-28T21:47:37.355+0000] {processor.py:183} INFO - Processing /home/airflow/.local/lib/python3.12/site-packages/airflow/example_dags/example_latest_only.py took 0.135 seconds
[2026-04-28T21:48:08.134+0000] {processor.py:161} INFO - Started process (PID=640) to work on /home/airflow/.local/lib/python3.12/site-packages/airflow/example_dags/example_latest_only.py
[2026-04-28T21:48:08.137+0000] {processor.py:830} INFO - Processing file /home/airflow/.local/lib/python3.12/site-packages/airflow/example_dags/example_latest_only.py for tasks to queue
[2026-04-28T21:48:08.139+0000] {logging_mixin.py:188} INFO - [2026-04-28T21:48:08.139+0000] {dagbag.py:540} INFO - Filling up the DagBag from /home/airflow/.local/lib/python3.12/site-packages/airflow/example_dags/example_latest_only.py
[2026-04-28T21:48:08.151+0000] {processor.py:840} INFO - DAG(s) 'latest_only' retrieved from /home/airflow/.local/lib/python3.12/site-packages/airflow/example_dags/example_latest_only.py
[2026-04-28T21:48:08.210+0000] {logging_mixin.py:188} INFO - [2026-04-28T21:48:08.210+0000] {dag.py:3096} INFO - Sync 1 DAGs
[2026-04-28T21:48:08.320+0000] {logging_mixin.py:188} INFO - [2026-04-28T21:48:08.320+0000] {dag.py:3954} INFO - Setting next_dagrun for latest_only to 2026-04-28 16:00:00+00:00, run_after=2026-04-28 20:00:00+00:00
[2026-04-28T21:48:08.512+0000] {processor.py:183} INFO - Processing /home/airflow/.local/lib/python3.12/site-packages/airflow/example_dags/example_latest_only.py took 0.390 seconds
[2026-04-28T21:48:38.929+0000] {processor.py:161} INFO - Started process (PID=700) to work on /home/airflow/.local/lib/python3.12/site-packages/airflow/example_dags/example_latest_only.py
[2026-04-28T21:48:38.933+0000] {processor.py:830} INFO - Processing file /home/airflow/.local/lib/python3.12/site-packages/airflow/example_dags/example_latest_only.py for tasks to queue
[2026-04-28T21:48:38.937+0000] {logging_mixin.py:188} INFO - [2026-04-28T21:48:38.937+0000] {dagbag.py:540} INFO - Filling up the DagBag from /home/airflow/.local/lib/python3.12/site-packages/airflow/example_dags/example_latest_only.py
[2026-04-28T21:48:38.954+0000] {processor.py:840} INFO - DAG(s) 'latest_only' retrieved from /home/airflow/.local/lib/python3.12/site-packages/airflow/example_dags/example_latest_only.py
[2026-04-28T21:48:39.019+0000] {logging_mixin.py:188} INFO - [2026-04-28T21:48:39.019+0000] {dag.py:3096} INFO - Sync 1 DAGs
[2026-04-28T21:48:39.077+0000] {logging_mixin.py:188} INFO - [2026-04-28T21:48:39.075+0000] {dag.py:3954} INFO - Setting next_dagrun for latest_only to 2026-04-28 16:00:00+00:00, run_after=2026-04-28 20:00:00+00:00
[2026-04-28T21:48:39.143+0000] {processor.py:183} INFO - Processing /home/airflow/.local/lib/python3.12/site-packages/airflow/example_dags/example_latest_only.py took 0.230 seconds
[2026-04-28T21:49:09.698+0000] {processor.py:161} INFO - Started process (PID=760) to work on /home/airflow/.local/lib/python3.12/site-packages/airflow/example_dags/example_latest_only.py
[2026-04-28T21:49:09.700+0000] {processor.py:830} INFO - Processing file /home/airflow/.local/lib/python3.12/site-packages/airflow/example_dags/example_latest_only.py for tasks to queue
[2026-04-28T21:49:09.702+0000] {logging_mixin.py:188} INFO - [2026-04-28T21:49:09.702+0000] {dagbag.py:540} INFO - Filling up the DagBag from /home/airflow/.local/lib/python3.12/site-packages/airflow/example_dags/example_latest_only.py
[2026-04-28T21:49:09.708+0000] {processor.py:840} INFO - DAG(s) 'latest_only' retrieved from /home/airflow/.local/lib/python3.12/site-packages/airflow/example_dags/example_latest_only.py
[2026-04-28T21:49:09.730+0000] {logging_mixin.py:188} INFO - [2026-04-28T21:49:09.730+0000] {dag.py:3096} INFO - Sync 1 DAGs
[2026-04-28T21:49:09.757+0000] {logging_mixin.py:188} INFO - [2026-04-28T21:49:09.757+0000] {dag.py:3954} INFO - Setting next_dagrun for latest_only to 2026-04-28 16:00:00+00:00, run_after=2026-04-28 20:00:00+00:00
[2026-04-28T21:49:09.786+0000] {processor.py:183} INFO - Processing /home/airflow/.local/lib/python3.12/site-packages/airflow/example_dags/example_latest_only.py took 0.094 seconds
[2026-04-28T21:49:43.780+0000] {processor.py:161} INFO - Started process (PID=820) to work on /home/airflow/.local/lib/python3.12/site-packages/airflow/example_dags/example_latest_only.py
[2026-04-28T21:49:43.784+0000] {processor.py:830} INFO - Processing file /home/airflow/.local/lib/python3.12/site-packages/airflow/example_dags/example_latest_only.py for tasks to queue
[2026-04-28T21:49:43.786+0000] {logging_mixin.py:188} INFO - [2026-04-28T21:49:43.786+0000] {dagbag.py:540} INFO - Filling up the DagBag from /home/airflow/.local/lib/python3.12/site-packages/airflow/example_dags/example_latest_only.py
[2026-04-28T21:49:43.801+0000] {processor.py:840} INFO - DAG(s) 'latest_only' retrieved from /home/airflow/.local/lib/python3.12/site-packages/airflow/example_dags/example_latest_only.py
[2026-04-28T21:49:43.834+0000] {logging_mixin.py:188} INFO - [2026-04-28T21:49:43.833+0000] {dag.py:3096} INFO - Sync 1 DAGs
[2026-04-28T21:49:43.872+0000] {logging_mixin.py:188} INFO - [2026-04-28T21:49:43.872+0000] {dag.py:3954} INFO - Setting next_dagrun for latest_only to 2026-04-28 16:00:00+00:00, run_after=2026-04-28 20:00:00+00:00
[2026-04-28T21:49:43.894+0000] {processor.py:183} INFO - Processing /home/airflow/.local/lib/python3.12/site-packages/airflow/example_dags/example_latest_only.py took 0.129 seconds
[2026-04-28T21:50:14.396+0000] {processor.py:161} INFO - Started process (PID=880) to work on /home/airflow/.local/lib/python3.12/site-packages/airflow/example_dags/example_latest_only.py
[2026-04-28T21:50:14.398+0000] {processor.py:830} INFO - Processing file /home/airflow/.local/lib/python3.12/site-packages/airflow/example_dags/example_latest_only.py for tasks to queue
[2026-04-28T21:50:14.400+0000] {logging_mixin.py:188} INFO - [2026-04-28T21:50:14.399+0000] {dagbag.py:540} INFO - Filling up the DagBag from /home/airflow/.local/lib/python3.12/site-packages/airflow/example_dags/example_latest_only.py
[2026-04-28T21:50:14.406+0000] {processor.py:840} INFO - DAG(s) 'latest_only' retrieved from /home/airflow/.local/lib/python3.12/site-packages/airflow/example_dags/example_latest_only.py
[2026-04-28T21:50:14.440+0000] {logging_mixin.py:188} INFO - [2026-04-28T21:50:14.440+0000] {dag.py:3096} INFO - Sync 1 DAGs
[2026-04-28T21:50:14.480+0000] {logging_mixin.py:188} INFO - [2026-04-28T21:50:14.480+0000] {dag.py:3954} INFO - Setting next_dagrun for latest_only to 2026-04-28 16:00:00+00:00, run_after=2026-04-28 20:00:00+00:00
[2026-04-28T21:50:14.506+0000] {processor.py:183} INFO - Processing /home/airflow/.local/lib/python3.12/site-packages/airflow/example_dags/example_latest_only.py took 0.117 seconds
[2026-04-28T21:50:48.179+0000] {processor.py:161} INFO - Started process (PID=946) to work on /home/airflow/.local/lib/python3.12/site-packages/airflow/example_dags/example_latest_only.py
[2026-04-28T21:50:48.188+0000] {processor.py:830} INFO - Processing file /home/airflow/.local/lib/python3.12/site-packages/airflow/example_dags/example_latest_only.py for tasks to queue
[2026-04-28T21:50:48.203+0000] {logging_mixin.py:188} INFO - [2026-04-28T21:50:48.200+0000] {dagbag.py:540} INFO - Filling up the DagBag from /home/airflow/.local/lib/python3.12/site-packages/airflow/example_dags/example_latest_only.py
[2026-04-28T21:50:48.227+0000] {processor.py:840} INFO - DAG(s) 'latest_only' retrieved from /home/airflow/.local/lib/python3.12/site-packages/airflow/example_dags/example_latest_only.py
[2026-04-28T21:50:48.304+0000] {logging_mixin.py:188} INFO - [2026-04-28T21:50:48.304+0000] {dag.py:3096} INFO - Sync 1 DAGs
[2026-04-28T21:50:48.448+0000] {logging_mixin.py:188} INFO - [2026-04-28T21:50:48.448+0000] {dag.py:3954} INFO - Setting next_dagrun for latest_only to 2026-04-28 16:00:00+00:00, run_after=2026-04-28 20:00:00+00:00
[2026-04-28T21:50:48.483+0000] {processor.py:183} INFO - Processing /home/airflow/.local/lib/python3.12/site-packages/airflow/example_dags/example_latest_only.py took 0.323 seconds
[2026-04-28T21:51:19.618+0000] {processor.py:161} INFO - Started process (PID=1006) to work on /home/airflow/.local/lib/python3.12/site-packages/airflow/example_dags/example_latest_only.py
[2026-04-28T21:51:19.619+0000] {processor.py:830} INFO - Processing file /home/airflow/.local/lib/python3.12/site-packages/airflow/example_dags/example_latest_only.py for tasks to queue
[2026-04-28T21:51:19.623+0000] {logging_mixin.py:188} INFO - [2026-04-28T21:51:19.622+0000] {dagbag.py:540} INFO - Filling up the DagBag from /home/airflow/.local/lib/python3.12/site-packages/airflow/example_dags/example_latest_only.py
[2026-04-28T21:51:19.631+0000] {processor.py:840} INFO - DAG(s) 'latest_only' retrieved from /home/airflow/.local/lib/python3.12/site-packages/airflow/example_dags/example_latest_only.py
[2026-04-28T21:51:19.677+0000] {logging_mixin.py:188} INFO - [2026-04-28T21:51:19.676+0000] {dag.py:3096} INFO - Sync 1 DAGs
[2026-04-28T21:51:19.720+0000] {logging_mixin.py:188} INFO - [2026-04-28T21:51:19.718+0000] {dag.py:3954} INFO - Setting next_dagrun for latest_only to 2026-04-28 16:00:00+00:00, run_after=2026-04-28 20:00:00+00:00
[2026-04-28T21:51:19.918+0000] {processor.py:183} INFO - Processing /home/airflow/.local/lib/python3.12/site-packages/airflow/example_dags/example_latest_only.py took 0.308 seconds
[2026-04-28T21:51:50.649+0000] {processor.py:161} INFO - Started process (PID=1066) to work on /home/airflow/.local/lib/python3.12/site-packages/airflow/example_dags/example_latest_only.py
[2026-04-28T21:51:50.652+0000] {processor.py:830} INFO - Processing file /home/airflow/.local/lib/python3.12/site-packages/airflow/example_dags/example_latest_only.py for tasks to queue
[2026-04-28T21:51:50.654+0000] {logging_mixin.py:188} INFO - [2026-04-28T21:51:50.653+0000] {dagbag.py:540} INFO - Filling up the DagBag from /home/airflow/.local/lib/python3.12/site-packages/airflow/example_dags/example_latest_only.py
[2026-04-28T21:51:50.661+0000] {processor.py:840} INFO - DAG(s) 'latest_only' retrieved from /home/airflow/.local/lib/python3.12/site-packages/airflow/example_dags/example_latest_only.py
[2026-04-28T21:51:50.684+0000] {logging_mixin.py:188} INFO - [2026-04-28T21:51:50.684+0000] {dag.py:3096} INFO - Sync 1 DAGs
[2026-04-28T21:51:50.710+0000] {logging_mixin.py:188} INFO - [2026-04-28T21:51:50.710+0000] {dag.py:3954} INFO - Setting next_dagrun for latest_only to 2026-04-28 16:00:00+00:00, run_after=2026-04-28 20:00:00+00:00
[2026-04-28T21:51:50.731+0000] {processor.py:183} INFO - Processing /home/airflow/.local/lib/python3.12/site-packages/airflow/example_dags/example_latest_only.py took 0.088 seconds
[2026-04-28T21:52:20.977+0000] {processor.py:161} INFO - Started process (PID=1123) to work on /home/airflow/.local/lib/python3.12/site-packages/airflow/example_dags/example_latest_only.py
[2026-04-28T21:52:20.978+0000] {processor.py:830} INFO - Processing file /home/airflow/.local/lib/python3.12/site-packages/airflow/example_dags/example_latest_only.py for tasks to queue
[2026-04-28T21:52:20.979+0000] {logging_mixin.py:188} INFO - [2026-04-28T21:52:20.979+0000] {dagbag.py:540} INFO - Filling up the DagBag from /home/airflow/.local/lib/python3.12/site-packages/airflow/example_dags/example_latest_only.py
[2026-04-28T21:52:20.984+0000] {processor.py:840} INFO - DAG(s) 'latest_only' retrieved from /home/airflow/.local/lib/python3.12/site-packages/airflow/example_dags/example_latest_only.py
[2026-04-28T21:52:21.001+0000] {logging_mixin.py:188} INFO - [2026-04-28T21:52:21.000+0000] {dag.py:3096} INFO - Sync 1 DAGs
[2026-04-28T21:52:21.019+0000] {logging_mixin.py:188} INFO - [2026-04-28T21:52:21.019+0000] {dag.py:3954} INFO - Setting next_dagrun for latest_only to 2026-04-28 16:00:00+00:00, run_after=2026-04-28 20:00:00+00:00
[2026-04-28T21:52:21.034+0000] {processor.py:183} INFO - Processing /home/airflow/.local/lib/python3.12/site-packages/airflow/example_dags/example_latest_only.py took 0.062 seconds
[2026-04-28T21:52:51.561+0000] {processor.py:161} INFO - Started process (PID=1182) to work on /home/airflow/.local/lib/python3.12/site-packages/airflow/example_dags/example_latest_only.py
[2026-04-28T21:52:51.565+0000] {processor.py:830} INFO - Processing file /home/airflow/.local/lib/python3.12/site-packages/airflow/example_dags/example_latest_only.py for tasks to queue
[2026-04-28T21:52:51.567+0000] {logging_mixin.py:188} INFO - [2026-04-28T21:52:51.567+0000] {dagbag.py:540} INFO - Filling up the DagBag from /home/airflow/.local/lib/python3.12/site-packages/airflow/example_dags/example_latest_only.py
[2026-04-28T21:52:51.573+0000] {processor.py:840} INFO - DAG(s) 'latest_only' retrieved from /home/airflow/.local/lib/python3.12/site-packages/airflow/example_dags/example_latest_only.py
[2026-04-28T21:52:51.596+0000] {logging_mixin.py:188} INFO - [2026-04-28T21:52:51.595+0000] {dag.py:3096} INFO - Sync 1 DAGs
[2026-04-28T21:52:51.622+0000] {logging_mixin.py:188} INFO - [2026-04-28T21:52:51.621+0000] {dag.py:3954} INFO - Setting next_dagrun for latest_only to 2026-04-28 16:00:00+00:00, run_after=2026-04-28 20:00:00+00:00
[2026-04-28T21:52:51.641+0000] {processor.py:183} INFO - Processing /home/airflow/.local/lib/python3.12/site-packages/airflow/example_dags/example_latest_only.py took 0.090 seconds
[2026-04-28T21:53:23.153+0000] {processor.py:161} INFO - Started process (PID=1241) to work on /home/airflow/.local/lib/python3.12/site-packages/airflow/example_dags/example_latest_only.py
[2026-04-28T21:53:23.156+0000] {processor.py:830} INFO - Processing file /home/airflow/.local/lib/python3.12/site-packages/airflow/example_dags/example_latest_only.py for tasks to queue
[2026-04-28T21:53:23.160+0000] {logging_mixin.py:188} INFO - [2026-04-28T21:53:23.159+0000] {dagbag.py:540} INFO - Filling up the DagBag from /home/airflow/.local/lib/python3.12/site-packages/airflow/example_dags/example_latest_only.py
[2026-04-28T21:53:23.172+0000] {processor.py:840} INFO - DAG(s) 'latest_only' retrieved from /home/airflow/.local/lib/python3.12/site-packages/airflow/example_dags/example_latest_only.py
[2026-04-28T21:53:23.221+0000] {logging_mixin.py:188} INFO - [2026-04-28T21:53:23.220+0000] {dag.py:3096} INFO - Sync 1 DAGs
[2026-04-28T21:53:23.254+0000] {logging_mixin.py:188} INFO - [2026-04-28T21:53:23.254+0000] {dag.py:3954} INFO - Setting next_dagrun for latest_only to 2026-04-28 16:00:00+00:00, run_after=2026-04-28 20:00:00+00:00
[2026-04-28T21:53:23.288+0000] {processor.py:183} INFO - Processing /home/airflow/.local/lib/python3.12/site-packages/airflow/example_dags/example_latest_only.py took 0.151 seconds
[2026-04-28T21:53:54.157+0000] {processor.py:161} INFO - Started process (PID=1301) to work on /home/airflow/.local/lib/python3.12/site-packages/airflow/example_dags/example_latest_only.py
[2026-04-28T21:53:54.160+0000] {processor.py:830} INFO - Processing file /home/airflow/.local/lib/python3.12/site-packages/airflow/example_dags/example_latest_only.py for tasks to queue
[2026-04-28T21:53:54.163+0000] {logging_mixin.py:188} INFO - [2026-04-28T21:53:54.162+0000] {dagbag.py:540} INFO - Filling up the DagBag from /home/airflow/.local/lib/python3.12/site-packages/airflow/example_dags/example_latest_only.py
[2026-04-28T21:53:54.172+0000] {processor.py:840} INFO - DAG(s) 'latest_only' retrieved from /home/airflow/.local/lib/python3.12/site-packages/airflow/example_dags/example_latest_only.py
[2026-04-28T21:53:54.223+0000] {logging_mixin.py:188} INFO - [2026-04-28T21:53:54.223+0000] {dag.py:3096} INFO - Sync 1 DAGs
[2026-04-28T21:53:54.250+0000] {logging_mixin.py:188} INFO - [2026-04-28T21:53:54.250+0000] {dag.py:3954} INFO - Setting next_dagrun for latest_only to 2026-04-28 16:00:00+00:00, run_after=2026-04-28 20:00:00+00:00
[2026-04-28T21:53:54.291+0000] {processor.py:183} INFO - Processing /home/airflow/.local/lib/python3.12/site-packages/airflow/example_dags/example_latest_only.py took 0.143 seconds
[2026-04-28T21:54:25.254+0000] {processor.py:161} INFO - Started process (PID=1361) to work on /home/airflow/.local/lib/python3.12/site-packages/airflow/example_dags/example_latest_only.py
[2026-04-28T21:54:25.255+0000] {processor.py:830} INFO - Processing file /home/airflow/.local/lib/python3.12/site-packages/airflow/example_dags/example_latest_only.py for tasks to queue
[2026-04-28T21:54:25.257+0000] {logging_mixin.py:188} INFO - [2026-04-28T21:54:25.257+0000] {dagbag.py:540} INFO - Filling up the DagBag from /home/airflow/.local/lib/python3.12/site-packages/airflow/example_dags/example_latest_only.py
[2026-04-28T21:54:25.263+0000] {processor.py:840} INFO - DAG(s) 'latest_only' retrieved from /home/airflow/.local/lib/python3.12/site-packages/airflow/example_dags/example_latest_only.py
[2026-04-28T21:54:25.284+0000] {logging_mixin.py:188} INFO - [2026-04-28T21:54:25.284+0000] {dag.py:3096} INFO - Sync 1 DAGs
[2026-04-28T21:54:25.313+0000] {logging_mixin.py:188} INFO - [2026-04-28T21:54:25.313+0000] {dag.py:3954} INFO - Setting next_dagrun for latest_only to 2026-04-28 16:00:00+00:00, run_after=2026-04-28 20:00:00+00:00
[2026-04-28T21:54:25.334+0000] {processor.py:183} INFO - Processing /home/airflow/.local/lib/python3.12/site-packages/airflow/example_dags/example_latest_only.py took 0.087 seconds
[2026-04-28T21:54:55.736+0000] {processor.py:161} INFO - Started process (PID=1421) to work on /home/airflow/.local/lib/python3.12/site-packages/airflow/example_dags/example_latest_only.py
[2026-04-28T21:54:55.740+0000] {processor.py:830} INFO - Processing file /home/airflow/.local/lib/python3.12/site-packages/airflow/example_dags/example_latest_only.py for tasks to queue
[2026-04-28T21:54:55.744+0000] {logging_mixin.py:188} INFO - [2026-04-28T21:54:55.743+0000] {dagbag.py:540} INFO - Filling up the DagBag from /home/airflow/.local/lib/python3.12/site-packages/airflow/example_dags/example_latest_only.py
[2026-04-28T21:54:55.754+0000] {processor.py:840} INFO - DAG(s) 'latest_only' retrieved from /home/airflow/.local/lib/python3.12/site-packages/airflow/example_dags/example_latest_only.py
[2026-04-28T21:54:55.785+0000] {logging_mixin.py:188} INFO - [2026-04-28T21:54:55.785+0000] {dag.py:3096} INFO - Sync 1 DAGs
[2026-04-28T21:54:55.810+0000] {logging_mixin.py:188} INFO - [2026-04-28T21:54:55.810+0000] {dag.py:3954} INFO - Setting next_dagrun for latest_only to 2026-04-28 16:00:00+00:00, run_after=2026-04-28 20:00:00+00:00
[2026-04-28T21:54:55.831+0000] {processor.py:183} INFO - Processing /home/airflow/.local/lib/python3.12/site-packages/airflow/example_dags/example_latest_only.py took 0.106 seconds
[2026-04-28T21:55:26.002+0000] {processor.py:161} INFO - Started process (PID=1480) to work on /home/airflow/.local/lib/python3.12/site-packages/airflow/example_dags/example_latest_only.py
[2026-04-28T21:55:26.005+0000] {processor.py:830} INFO - Processing file /home/airflow/.local/lib/python3.12/site-packages/airflow/example_dags/example_latest_only.py for tasks to queue
[2026-04-28T21:55:26.008+0000] {logging_mixin.py:188} INFO - [2026-04-28T21:55:26.007+0000] {dagbag.py:540} INFO - Filling up the DagBag from /home/airflow/.local/lib/python3.12/site-packages/airflow/example_dags/example_latest_only.py
[2026-04-28T21:55:26.014+0000] {processor.py:840} INFO - DAG(s) 'latest_only' retrieved from /home/airflow/.local/lib/python3.12/site-packages/airflow/example_dags/example_latest_only.py
[2026-04-28T21:55:26.037+0000] {logging_mixin.py:188} INFO - [2026-04-28T21:55:26.037+0000] {dag.py:3096} INFO - Sync 1 DAGs
[2026-04-28T21:55:26.069+0000] {logging_mixin.py:188} INFO - [2026-04-28T21:55:26.068+0000] {dag.py:3954} INFO - Setting next_dagrun for latest_only to 2026-04-28 16:00:00+00:00, run_after=2026-04-28 20:00:00+00:00
[2026-04-28T21:55:26.088+0000] {processor.py:183} INFO - Processing /home/airflow/.local/lib/python3.12/site-packages/airflow/example_dags/example_latest_only.py took 0.099 seconds
[2026-04-28T21:55:57.088+0000] {processor.py:161} INFO - Started process (PID=1540) to work on /home/airflow/.local/lib/python3.12/site-packages/airflow/example_dags/example_latest_only.py
[2026-04-28T21:55:57.090+0000] {processor.py:830} INFO - Processing file /home/airflow/.local/lib/python3.12/site-packages/airflow/example_dags/example_latest_only.py for tasks to queue
[2026-04-28T21:55:57.092+0000] {logging_mixin.py:188} INFO - [2026-04-28T21:55:57.092+0000] {dagbag.py:540} INFO - Filling up the DagBag from /home/airflow/.local/lib/python3.12/site-packages/airflow/example_dags/example_latest_only.py
[2026-04-28T21:55:57.104+0000] {processor.py:840} INFO - DAG(s) 'latest_only' retrieved from /home/airflow/.local/lib/python3.12/site-packages/airflow/example_dags/example_latest_only.py
[2026-04-28T21:55:57.132+0000] {logging_mixin.py:188} INFO - [2026-04-28T21:55:57.132+0000] {dag.py:3096} INFO - Sync 1 DAGs
[2026-04-28T21:55:57.160+0000] {logging_mixin.py:188} INFO - [2026-04-28T21:55:57.159+0000] {dag.py:3954} INFO - Setting next_dagrun for latest_only to 2026-04-28 16:00:00+00:00, run_after=2026-04-28 20:00:00+00:00
[2026-04-28T21:55:57.180+0000] {processor.py:183} INFO - Processing /home/airflow/.local/lib/python3.12/site-packages/airflow/example_dags/example_latest_only.py took 0.120 seconds
[2026-04-28T21:56:28.269+0000] {processor.py:161} INFO - Started process (PID=1600) to work on /home/airflow/.local/lib/python3.12/site-packages/airflow/example_dags/example_latest_only.py
[2026-04-28T21:56:28.280+0000] {processor.py:830} INFO - Processing file /home/airflow/.local/lib/python3.12/site-packages/airflow/example_dags/example_latest_only.py for tasks to queue
[2026-04-28T21:56:28.288+0000] {logging_mixin.py:188} INFO - [2026-04-28T21:56:28.288+0000] {dagbag.py:540} INFO - Filling up the DagBag from /home/airflow/.local/lib/python3.12/site-packages/airflow/example_dags/example_latest_only.py
[2026-04-28T21:56:28.305+0000] {processor.py:840} INFO - DAG(s) 'latest_only' retrieved from /home/airflow/.local/lib/python3.12/site-packages/airflow/example_dags/example_latest_only.py
[2026-04-28T21:56:28.352+0000] {logging_mixin.py:188} INFO - [2026-04-28T21:56:28.351+0000] {dag.py:3096} INFO - Sync 1 DAGs
[2026-04-28T21:56:28.396+0000] {logging_mixin.py:188} INFO - [2026-04-28T21:56:28.395+0000] {dag.py:3954} INFO - Setting next_dagrun for latest_only to 2026-04-28 16:00:00+00:00, run_after=2026-04-28 20:00:00+00:00
[2026-04-28T21:56:28.497+0000] {processor.py:183} INFO - Processing /home/airflow/.local/lib/python3.12/site-packages/airflow/example_dags/example_latest_only.py took 0.245 seconds
[2026-04-28T21:59:24.986+0000] {processor.py:161} INFO - Started process (PID=101) to work on /home/airflow/.local/lib/python3.12/site-packages/airflow/example_dags/example_latest_only.py
[2026-04-28T21:59:24.988+0000] {processor.py:830} INFO - Processing file /home/airflow/.local/lib/python3.12/site-packages/airflow/example_dags/example_latest_only.py for tasks to queue
[2026-04-28T21:59:24.991+0000] {logging_mixin.py:188} INFO - [2026-04-28T21:59:24.990+0000] {dagbag.py:540} INFO - Filling up the DagBag from /home/airflow/.local/lib/python3.12/site-packages/airflow/example_dags/example_latest_only.py
[2026-04-28T21:59:24.997+0000] {processor.py:840} INFO - DAG(s) 'latest_only' retrieved from /home/airflow/.local/lib/python3.12/site-packages/airflow/example_dags/example_latest_only.py
[2026-04-28T21:59:25.305+0000] {logging_mixin.py:188} INFO - [2026-04-28T21:59:25.304+0000] {override.py:1829} INFO - Created Permission View: can read on DAG:latest_only
[2026-04-28T21:59:25.341+0000] {logging_mixin.py:188} INFO - [2026-04-28T21:59:25.341+0000] {override.py:1829} INFO - Created Permission View: can edit on DAG:latest_only
[2026-04-28T21:59:25.358+0000] {logging_mixin.py:188} INFO - [2026-04-28T21:59:25.357+0000] {override.py:1829} INFO - Created Permission View: can delete on DAG:latest_only
[2026-04-28T21:59:25.361+0000] {logging_mixin.py:188} INFO - [2026-04-28T21:59:25.361+0000] {dag.py:3096} INFO - Sync 1 DAGs
[2026-04-28T21:59:25.386+0000] {logging_mixin.py:188} INFO - [2026-04-28T21:59:25.386+0000] {dag.py:3118} INFO - Creating ORM DAG for latest_only
[2026-04-28T21:59:25.413+0000] {logging_mixin.py:188} INFO - [2026-04-28T21:59:25.413+0000] {dag.py:3954} INFO - Setting next_dagrun for latest_only to 2026-04-28 16:00:00+00:00, run_after=2026-04-28 20:00:00+00:00
[2026-04-28T21:59:25.495+0000] {processor.py:183} INFO - Processing /home/airflow/.local/lib/python3.12/site-packages/airflow/example_dags/example_latest_only.py took 0.517 seconds
[2026-04-28T21:59:55.923+0000] {processor.py:161} INFO - Started process (PID=161) to work on /home/airflow/.local/lib/python3.12/site-packages/airflow/example_dags/example_latest_only.py
[2026-04-28T21:59:55.927+0000] {processor.py:830} INFO - Processing file /home/airflow/.local/lib/python3.12/site-packages/airflow/example_dags/example_latest_only.py for tasks to queue
[2026-04-28T21:59:55.931+0000] {logging_mixin.py:188} INFO - [2026-04-28T21:59:55.930+0000] {dagbag.py:540} INFO - Filling up the DagBag from /home/airflow/.local/lib/python3.12/site-packages/airflow/example_dags/example_latest_only.py
[2026-04-28T21:59:55.942+0000] {processor.py:840} INFO - DAG(s) 'latest_only' retrieved from /home/airflow/.local/lib/python3.12/site-packages/airflow/example_dags/example_latest_only.py
[2026-04-28T21:59:55.971+0000] {logging_mixin.py:188} INFO - [2026-04-28T21:59:55.971+0000] {dag.py:3096} INFO - Sync 1 DAGs
[2026-04-28T21:59:56.020+0000] {logging_mixin.py:188} INFO - [2026-04-28T21:59:56.020+0000] {dag.py:3954} INFO - Setting next_dagrun for latest_only to 2026-04-28 16:00:00+00:00, run_after=2026-04-28 20:00:00+00:00
[2026-04-28T21:59:56.060+0000] {processor.py:183} INFO - Processing /home/airflow/.local/lib/python3.12/site-packages/airflow/example_dags/example_latest_only.py took 0.145 seconds
[2026-04-28T22:00:26.169+0000] {processor.py:161} INFO - Started process (PID=221) to work on /home/airflow/.local/lib/python3.12/site-packages/airflow/example_dags/example_latest_only.py
[2026-04-28T22:00:26.170+0000] {processor.py:830} INFO - Processing file /home/airflow/.local/lib/python3.12/site-packages/airflow/example_dags/example_latest_only.py for tasks to queue
[2026-04-28T22:00:26.172+0000] {logging_mixin.py:188} INFO - [2026-04-28T22:00:26.172+0000] {dagbag.py:540} INFO - Filling up the DagBag from /home/airflow/.local/lib/python3.12/site-packages/airflow/example_dags/example_latest_only.py
[2026-04-28T22:00:26.179+0000] {processor.py:840} INFO - DAG(s) 'latest_only' retrieved from /home/airflow/.local/lib/python3.12/site-packages/airflow/example_dags/example_latest_only.py
[2026-04-28T22:00:26.202+0000] {logging_mixin.py:188} INFO - [2026-04-28T22:00:26.202+0000] {dag.py:3096} INFO - Sync 1 DAGs
[2026-04-28T22:00:26.229+0000] {logging_mixin.py:188} INFO - [2026-04-28T22:00:26.229+0000] {dag.py:3954} INFO - Setting next_dagrun for latest_only to 2026-04-28 16:00:00+00:00, run_after=2026-04-28 20:00:00+00:00
[2026-04-28T22:00:26.248+0000] {processor.py:183} INFO - Processing /home/airflow/.local/lib/python3.12/site-packages/airflow/example_dags/example_latest_only.py took 0.093 seconds
[2026-04-28T22:00:57.078+0000] {processor.py:161} INFO - Started process (PID=282) to work on /home/airflow/.local/lib/python3.12/site-packages/airflow/example_dags/example_latest_only.py
[2026-04-28T22:00:57.079+0000] {processor.py:830} INFO - Processing file /home/airflow/.local/lib/python3.12/site-packages/airflow/example_dags/example_latest_only.py for tasks to queue
[2026-04-28T22:00:57.086+0000] {logging_mixin.py:188} INFO - [2026-04-28T22:00:57.085+0000] {dagbag.py:540} INFO - Filling up the DagBag from /home/airflow/.local/lib/python3.12/site-packages/airflow/example_dags/example_latest_only.py
[2026-04-28T22:00:57.108+0000] {processor.py:840} INFO - DAG(s) 'latest_only' retrieved from /home/airflow/.local/lib/python3.12/site-packages/airflow/example_dags/example_latest_only.py
[2026-04-28T22:00:57.163+0000] {logging_mixin.py:188} INFO - [2026-04-28T22:00:57.163+0000] {dag.py:3096} INFO - Sync 1 DAGs
[2026-04-28T22:00:57.207+0000] {logging_mixin.py:188} INFO - [2026-04-28T22:00:57.207+0000] {dag.py:3954} INFO - Setting next_dagrun for latest_only to 2026-04-28 16:00:00+00:00, run_after=2026-04-28 20:00:00+00:00
[2026-04-28T22:00:57.241+0000] {processor.py:183} INFO - Processing /home/airflow/.local/lib/python3.12/site-packages/airflow/example_dags/example_latest_only.py took 0.177 seconds
[2026-04-28T22:01:27.805+0000] {processor.py:161} INFO - Started process (PID=341) to work on /home/airflow/.local/lib/python3.12/site-packages/airflow/example_dags/example_latest_only.py
[2026-04-28T22:01:27.806+0000] {processor.py:830} INFO - Processing file /home/airflow/.local/lib/python3.12/site-packages/airflow/example_dags/example_latest_only.py for tasks to queue
[2026-04-28T22:01:27.808+0000] {logging_mixin.py:188} INFO - [2026-04-28T22:01:27.808+0000] {dagbag.py:540} INFO - Filling up the DagBag from /home/airflow/.local/lib/python3.12/site-packages/airflow/example_dags/example_latest_only.py
[2026-04-28T22:01:27.815+0000] {processor.py:840} INFO - DAG(s) 'latest_only' retrieved from /home/airflow/.local/lib/python3.12/site-packages/airflow/example_dags/example_latest_only.py
[2026-04-28T22:01:27.845+0000] {logging_mixin.py:188} INFO - [2026-04-28T22:01:27.845+0000] {dag.py:3096} INFO - Sync 1 DAGs
[2026-04-28T22:01:27.876+0000] {logging_mixin.py:188} INFO - [2026-04-28T22:01:27.876+0000] {dag.py:3954} INFO - Setting next_dagrun for latest_only to 2026-04-28 16:00:00+00:00, run_after=2026-04-28 20:00:00+00:00
[2026-04-28T22:01:27.903+0000] {processor.py:183} INFO - Processing /home/airflow/.local/lib/python3.12/site-packages/airflow/example_dags/example_latest_only.py took 0.108 seconds
[2026-04-28T22:01:58.563+0000] {processor.py:161} INFO - Started process (PID=401) to work on /home/airflow/.local/lib/python3.12/site-packages/airflow/example_dags/example_latest_only.py
[2026-04-28T22:01:58.563+0000] {processor.py:830} INFO - Processing file /home/airflow/.local/lib/python3.12/site-packages/airflow/example_dags/example_latest_only.py for tasks to queue
[2026-04-28T22:01:58.565+0000] {logging_mixin.py:188} INFO - [2026-04-28T22:01:58.565+0000] {dagbag.py:540} INFO - Filling up the DagBag from /home/airflow/.local/lib/python3.12/site-packages/airflow/example_dags/example_latest_only.py
[2026-04-28T22:01:58.570+0000] {processor.py:840} INFO - DAG(s) 'latest_only' retrieved from /home/airflow/.local/lib/python3.12/site-packages/airflow/example_dags/example_latest_only.py
[2026-04-28T22:01:58.590+0000] {logging_mixin.py:188} INFO - [2026-04-28T22:01:58.589+0000] {dag.py:3096} INFO - Sync 1 DAGs
[2026-04-28T22:01:58.612+0000] {logging_mixin.py:188} INFO - [2026-04-28T22:01:58.611+0000] {dag.py:3954} INFO - Setting next_dagrun for latest_only to 2026-04-28 16:00:00+00:00, run_after=2026-04-28 20:00:00+00:00
[2026-04-28T22:01:58.626+0000] {processor.py:183} INFO - Processing /home/airflow/.local/lib/python3.12/site-packages/airflow/example_dags/example_latest_only.py took 0.069 seconds
[2026-04-28T22:02:29.044+0000] {processor.py:161} INFO - Started process (PID=460) to work on /home/airflow/.local/lib/python3.12/site-packages/airflow/example_dags/example_latest_only.py
[2026-04-28T22:02:29.045+0000] {processor.py:830} INFO - Processing file /home/airflow/.local/lib/python3.12/site-packages/airflow/example_dags/example_latest_only.py for tasks to queue
[2026-04-28T22:02:29.047+0000] {logging_mixin.py:188} INFO - [2026-04-28T22:02:29.046+0000] {dagbag.py:540} INFO - Filling up the DagBag from /home/airflow/.local/lib/python3.12/site-packages/airflow/example_dags/example_latest_only.py
[2026-04-28T22:02:29.055+0000] {processor.py:840} INFO - DAG(s) 'latest_only' retrieved from /home/airflow/.local/lib/python3.12/site-packages/airflow/example_dags/example_latest_only.py
[2026-04-28T22:02:29.082+0000] {logging_mixin.py:188} INFO - [2026-04-28T22:02:29.082+0000] {dag.py:3096} INFO - Sync 1 DAGs
[2026-04-28T22:02:29.108+0000] {logging_mixin.py:188} INFO - [2026-04-28T22:02:29.108+0000] {dag.py:3954} INFO - Setting next_dagrun for latest_only to 2026-04-28 16:00:00+00:00, run_after=2026-04-28 20:00:00+00:00
[2026-04-28T22:02:29.127+0000] {processor.py:183} INFO - Processing /home/airflow/.local/lib/python3.12/site-packages/airflow/example_dags/example_latest_only.py took 0.090 seconds
[2026-04-28T22:02:59.416+0000] {processor.py:161} INFO - Started process (PID=519) to work on /home/airflow/.local/lib/python3.12/site-packages/airflow/example_dags/example_latest_only.py
[2026-04-28T22:02:59.417+0000] {processor.py:830} INFO - Processing file /home/airflow/.local/lib/python3.12/site-packages/airflow/example_dags/example_latest_only.py for tasks to queue
[2026-04-28T22:02:59.419+0000] {logging_mixin.py:188} INFO - [2026-04-28T22:02:59.419+0000] {dagbag.py:540} INFO - Filling up the DagBag from /home/airflow/.local/lib/python3.12/site-packages/airflow/example_dags/example_latest_only.py
[2026-04-28T22:02:59.425+0000] {processor.py:840} INFO - DAG(s) 'latest_only' retrieved from /home/airflow/.local/lib/python3.12/site-packages/airflow/example_dags/example_latest_only.py
[2026-04-28T22:02:59.449+0000] {logging_mixin.py:188} INFO - [2026-04-28T22:02:59.448+0000] {dag.py:3096} INFO - Sync 1 DAGs
[2026-04-28T22:02:59.478+0000] {logging_mixin.py:188} INFO - [2026-04-28T22:02:59.478+0000] {dag.py:3954} INFO - Setting next_dagrun for latest_only to 2026-04-28 16:00:00+00:00, run_after=2026-04-28 20:00:00+00:00
[2026-04-28T22:02:59.497+0000] {processor.py:183} INFO - Processing /home/airflow/.local/lib/python3.12/site-packages/airflow/example_dags/example_latest_only.py took 0.088 seconds
[2026-04-28T22:03:30.456+0000] {processor.py:161} INFO - Started process (PID=579) to work on /home/airflow/.local/lib/python3.12/site-packages/airflow/example_dags/example_latest_only.py
[2026-04-28T22:03:30.457+0000] {processor.py:830} INFO - Processing file /home/airflow/.local/lib/python3.12/site-packages/airflow/example_dags/example_latest_only.py for tasks to queue
[2026-04-28T22:03:30.459+0000] {logging_mixin.py:188} INFO - [2026-04-28T22:03:30.458+0000] {dagbag.py:540} INFO - Filling up the DagBag from /home/airflow/.local/lib/python3.12/site-packages/airflow/example_dags/example_latest_only.py
[2026-04-28T22:03:30.464+0000] {processor.py:840} INFO - DAG(s) 'latest_only' retrieved from /home/airflow/.local/lib/python3.12/site-packages/airflow/example_dags/example_latest_only.py
[2026-04-28T22:03:30.488+0000] {logging_mixin.py:188} INFO - [2026-04-28T22:03:30.488+0000] {dag.py:3096} INFO - Sync 1 DAGs
[2026-04-28T22:03:30.514+0000] {logging_mixin.py:188} INFO - [2026-04-28T22:03:30.514+0000] {dag.py:3954} INFO - Setting next_dagrun for latest_only to 2026-04-28 16:00:00+00:00, run_after=2026-04-28 20:00:00+00:00
[2026-04-28T22:03:30.533+0000] {processor.py:183} INFO - Processing /home/airflow/.local/lib/python3.12/site-packages/airflow/example_dags/example_latest_only.py took 0.084 seconds
[2026-04-28T22:04:01.391+0000] {processor.py:161} INFO - Started process (PID=639) to work on /home/airflow/.local/lib/python3.12/site-packages/airflow/example_dags/example_latest_only.py
[2026-04-28T22:04:01.392+0000] {processor.py:830} INFO - Processing file /home/airflow/.local/lib/python3.12/site-packages/airflow/example_dags/example_latest_only.py for tasks to queue
[2026-04-28T22:04:01.393+0000] {logging_mixin.py:188} INFO - [2026-04-28T22:04:01.393+0000] {dagbag.py:540} INFO - Filling up the DagBag from /home/airflow/.local/lib/python3.12/site-packages/airflow/example_dags/example_latest_only.py
[2026-04-28T22:04:01.398+0000] {processor.py:840} INFO - DAG(s) 'latest_only' retrieved from /home/airflow/.local/lib/python3.12/site-packages/airflow/example_dags/example_latest_only.py
[2026-04-28T22:04:01.415+0000] {logging_mixin.py:188} INFO - [2026-04-28T22:04:01.415+0000] {dag.py:3096} INFO - Sync 1 DAGs
[2026-04-28T22:04:01.434+0000] {logging_mixin.py:188} INFO - [2026-04-28T22:04:01.433+0000] {dag.py:3954} INFO - Setting next_dagrun for latest_only to 2026-04-28 16:00:00+00:00, run_after=2026-04-28 20:00:00+00:00
[2026-04-28T22:04:01.449+0000] {processor.py:183} INFO - Processing /home/airflow/.local/lib/python3.12/site-packages/airflow/example_dags/example_latest_only.py took 0.064 seconds
[2026-04-28T22:04:32.073+0000] {processor.py:161} INFO - Started process (PID=699) to work on /home/airflow/.local/lib/python3.12/site-packages/airflow/example_dags/example_latest_only.py
[2026-04-28T22:04:32.076+0000] {processor.py:830} INFO - Processing file /home/airflow/.local/lib/python3.12/site-packages/airflow/example_dags/example_latest_only.py for tasks to queue
[2026-04-28T22:04:32.080+0000] {logging_mixin.py:188} INFO - [2026-04-28T22:04:32.078+0000] {dagbag.py:540} INFO - Filling up the DagBag from /home/airflow/.local/lib/python3.12/site-packages/airflow/example_dags/example_latest_only.py
[2026-04-28T22:04:32.086+0000] {processor.py:840} INFO - DAG(s) 'latest_only' retrieved from /home/airflow/.local/lib/python3.12/site-packages/airflow/example_dags/example_latest_only.py
[2026-04-28T22:04:32.111+0000] {logging_mixin.py:188} INFO - [2026-04-28T22:04:32.110+0000] {dag.py:3096} INFO - Sync 1 DAGs
[2026-04-28T22:04:32.136+0000] {logging_mixin.py:188} INFO - [2026-04-28T22:04:32.136+0000] {dag.py:3954} INFO - Setting next_dagrun for latest_only to 2026-04-28 16:00:00+00:00, run_after=2026-04-28 20:00:00+00:00
[2026-04-28T22:04:32.156+0000] {processor.py:183} INFO - Processing /home/airflow/.local/lib/python3.12/site-packages/airflow/example_dags/example_latest_only.py took 0.089 seconds
[2026-04-28T22:05:02.809+0000] {processor.py:161} INFO - Started process (PID=759) to work on /home/airflow/.local/lib/python3.12/site-packages/airflow/example_dags/example_latest_only.py
[2026-04-28T22:05:02.810+0000] {processor.py:830} INFO - Processing file /home/airflow/.local/lib/python3.12/site-packages/airflow/example_dags/example_latest_only.py for tasks to queue
[2026-04-28T22:05:02.811+0000] {logging_mixin.py:188} INFO - [2026-04-28T22:05:02.811+0000] {dagbag.py:540} INFO - Filling up the DagBag from /home/airflow/.local/lib/python3.12/site-packages/airflow/example_dags/example_latest_only.py
[2026-04-28T22:05:02.816+0000] {processor.py:840} INFO - DAG(s) 'latest_only' retrieved from /home/airflow/.local/lib/python3.12/site-packages/airflow/example_dags/example_latest_only.py
[2026-04-28T22:05:02.834+0000] {logging_mixin.py:188} INFO - [2026-04-28T22:05:02.833+0000] {dag.py:3096} INFO - Sync 1 DAGs
[2026-04-28T22:05:02.859+0000] {logging_mixin.py:188} INFO - [2026-04-28T22:05:02.858+0000] {dag.py:3954} INFO - Setting next_dagrun for latest_only to 2026-04-28 16:00:00+00:00, run_after=2026-04-28 20:00:00+00:00
[2026-04-28T22:05:02.874+0000] {processor.py:183} INFO - Processing /home/airflow/.local/lib/python3.12/site-packages/airflow/example_dags/example_latest_only.py took 0.070 seconds
[2026-04-28T22:05:33.919+0000] {processor.py:161} INFO - Started process (PID=819) to work on /home/airflow/.local/lib/python3.12/site-packages/airflow/example_dags/example_latest_only.py
[2026-04-28T22:05:33.921+0000] {processor.py:830} INFO - Processing file /home/airflow/.local/lib/python3.12/site-packages/airflow/example_dags/example_latest_only.py for tasks to queue
[2026-04-28T22:05:33.925+0000] {logging_mixin.py:188} INFO - [2026-04-28T22:05:33.924+0000] {dagbag.py:540} INFO - Filling up the DagBag from /home/airflow/.local/lib/python3.12/site-packages/airflow/example_dags/example_latest_only.py
[2026-04-28T22:05:33.931+0000] {processor.py:840} INFO - DAG(s) 'latest_only' retrieved from /home/airflow/.local/lib/python3.12/site-packages/airflow/example_dags/example_latest_only.py
[2026-04-28T22:05:33.960+0000] {logging_mixin.py:188} INFO - [2026-04-28T22:05:33.960+0000] {dag.py:3096} INFO - Sync 1 DAGs
[2026-04-28T22:05:34.013+0000] {logging_mixin.py:188} INFO - [2026-04-28T22:05:34.012+0000] {dag.py:3954} INFO - Setting next_dagrun for latest_only to 2026-04-28 16:00:00+00:00, run_after=2026-04-28 20:00:00+00:00
[2026-04-28T22:05:34.075+0000] {processor.py:183} INFO - Processing /home/airflow/.local/lib/python3.12/site-packages/airflow/example_dags/example_latest_only.py took 0.165 seconds
[2026-04-28T22:06:04.634+0000] {processor.py:161} INFO - Started process (PID=879) to work on /home/airflow/.local/lib/python3.12/site-packages/airflow/example_dags/example_latest_only.py
[2026-04-28T22:06:04.635+0000] {processor.py:830} INFO - Processing file /home/airflow/.local/lib/python3.12/site-packages/airflow/example_dags/example_latest_only.py for tasks to queue
[2026-04-28T22:06:04.637+0000] {logging_mixin.py:188} INFO - [2026-04-28T22:06:04.637+0000] {dagbag.py:540} INFO - Filling up the DagBag from /home/airflow/.local/lib/python3.12/site-packages/airflow/example_dags/example_latest_only.py
[2026-04-28T22:06:04.642+0000] {processor.py:840} INFO - DAG(s) 'latest_only' retrieved from /home/airflow/.local/lib/python3.12/site-packages/airflow/example_dags/example_latest_only.py
[2026-04-28T22:06:04.665+0000] {logging_mixin.py:188} INFO - [2026-04-28T22:06:04.664+0000] {dag.py:3096} INFO - Sync 1 DAGs
[2026-04-28T22:06:04.691+0000] {logging_mixin.py:188} INFO - [2026-04-28T22:06:04.690+0000] {dag.py:3954} INFO - Setting next_dagrun for latest_only to 2026-04-28 16:00:00+00:00, run_after=2026-04-28 20:00:00+00:00
[2026-04-28T22:06:04.710+0000] {processor.py:183} INFO - Processing /home/airflow/.local/lib/python3.12/site-packages/airflow/example_dags/example_latest_only.py took 0.082 seconds
[2026-04-28T22:06:35.110+0000] {processor.py:161} INFO - Started process (PID=939) to work on /home/airflow/.local/lib/python3.12/site-packages/airflow/example_dags/example_latest_only.py
[2026-04-28T22:06:35.111+0000] {processor.py:830} INFO - Processing file /home/airflow/.local/lib/python3.12/site-packages/airflow/example_dags/example_latest_only.py for tasks to queue
[2026-04-28T22:06:35.113+0000] {logging_mixin.py:188} INFO - [2026-04-28T22:06:35.113+0000] {dagbag.py:540} INFO - Filling up the DagBag from /home/airflow/.local/lib/python3.12/site-packages/airflow/example_dags/example_latest_only.py
[2026-04-28T22:06:35.117+0000] {processor.py:840} INFO - DAG(s) 'latest_only' retrieved from /home/airflow/.local/lib/python3.12/site-packages/airflow/example_dags/example_latest_only.py
[2026-04-28T22:06:35.140+0000] {logging_mixin.py:188} INFO - [2026-04-28T22:06:35.139+0000] {dag.py:3096} INFO - Sync 1 DAGs
[2026-04-28T22:06:35.170+0000] {logging_mixin.py:188} INFO - [2026-04-28T22:06:35.169+0000] {dag.py:3954} INFO - Setting next_dagrun for latest_only to 2026-04-28 16:00:00+00:00, run_after=2026-04-28 20:00:00+00:00
[2026-04-28T22:06:35.193+0000] {processor.py:183} INFO - Processing /home/airflow/.local/lib/python3.12/site-packages/airflow/example_dags/example_latest_only.py took 0.088 seconds
[2026-04-28T22:07:05.627+0000] {processor.py:161} INFO - Started process (PID=999) to work on /home/airflow/.local/lib/python3.12/site-packages/airflow/example_dags/example_latest_only.py
[2026-04-28T22:07:05.628+0000] {processor.py:830} INFO - Processing file /home/airflow/.local/lib/python3.12/site-packages/airflow/example_dags/example_latest_only.py for tasks to queue
[2026-04-28T22:07:05.630+0000] {logging_mixin.py:188} INFO - [2026-04-28T22:07:05.630+0000] {dagbag.py:540} INFO - Filling up the DagBag from /home/airflow/.local/lib/python3.12/site-packages/airflow/example_dags/example_latest_only.py
[2026-04-28T22:07:05.638+0000] {processor.py:840} INFO - DAG(s) 'latest_only' retrieved from /home/airflow/.local/lib/python3.12/site-packages/airflow/example_dags/example_latest_only.py
[2026-04-28T22:07:05.666+0000] {logging_mixin.py:188} INFO - [2026-04-28T22:07:05.665+0000] {dag.py:3096} INFO - Sync 1 DAGs
[2026-04-28T22:07:05.691+0000] {logging_mixin.py:188} INFO - [2026-04-28T22:07:05.690+0000] {dag.py:3954} INFO - Setting next_dagrun for latest_only to 2026-04-28 16:00:00+00:00, run_after=2026-04-28 20:00:00+00:00
[2026-04-28T22:07:05.728+0000] {processor.py:183} INFO - Processing /home/airflow/.local/lib/python3.12/site-packages/airflow/example_dags/example_latest_only.py took 0.109 seconds
[2026-04-28T22:07:36.554+0000] {processor.py:161} INFO - Started process (PID=1059) to work on /home/airflow/.local/lib/python3.12/site-packages/airflow/example_dags/example_latest_only.py
[2026-04-28T22:07:36.555+0000] {processor.py:830} INFO - Processing file /home/airflow/.local/lib/python3.12/site-packages/airflow/example_dags/example_latest_only.py for tasks to queue
[2026-04-28T22:07:36.558+0000] {logging_mixin.py:188} INFO - [2026-04-28T22:07:36.557+0000] {dagbag.py:540} INFO - Filling up the DagBag from /home/airflow/.local/lib/python3.12/site-packages/airflow/example_dags/example_latest_only.py
[2026-04-28T22:07:36.563+0000] {processor.py:840} INFO - DAG(s) 'latest_only' retrieved from /home/airflow/.local/lib/python3.12/site-packages/airflow/example_dags/example_latest_only.py
[2026-04-28T22:07:36.593+0000] {logging_mixin.py:188} INFO - [2026-04-28T22:07:36.592+0000] {dag.py:3096} INFO - Sync 1 DAGs
[2026-04-28T22:07:36.619+0000] {logging_mixin.py:188} INFO - [2026-04-28T22:07:36.619+0000] {dag.py:3954} INFO - Setting next_dagrun for latest_only to 2026-04-28 16:00:00+00:00, run_after=2026-04-28 20:00:00+00:00
[2026-04-28T22:07:36.638+0000] {processor.py:183} INFO - Processing /home/airflow/.local/lib/python3.12/site-packages/airflow/example_dags/example_latest_only.py took 0.090 seconds
[2026-04-28T22:08:06.888+0000] {processor.py:161} INFO - Started process (PID=1119) to work on /home/airflow/.local/lib/python3.12/site-packages/airflow/example_dags/example_latest_only.py
[2026-04-28T22:08:06.889+0000] {processor.py:830} INFO - Processing file /home/airflow/.local/lib/python3.12/site-packages/airflow/example_dags/example_latest_only.py for tasks to queue
[2026-04-28T22:08:06.891+0000] {logging_mixin.py:188} INFO - [2026-04-28T22:08:06.891+0000] {dagbag.py:540} INFO - Filling up the DagBag from /home/airflow/.local/lib/python3.12/site-packages/airflow/example_dags/example_latest_only.py
[2026-04-28T22:08:06.897+0000] {processor.py:840} INFO - DAG(s) 'latest_only' retrieved from /home/airflow/.local/lib/python3.12/site-packages/airflow/example_dags/example_latest_only.py
[2026-04-28T22:08:06.921+0000] {logging_mixin.py:188} INFO - [2026-04-28T22:08:06.921+0000] {dag.py:3096} INFO - Sync 1 DAGs
[2026-04-28T22:08:06.948+0000] {logging_mixin.py:188} INFO - [2026-04-28T22:08:06.948+0000] {dag.py:3954} INFO - Setting next_dagrun for latest_only to 2026-04-28 16:00:00+00:00, run_after=2026-04-28 20:00:00+00:00
[2026-04-28T22:08:06.990+0000] {processor.py:183} INFO - Processing /home/airflow/.local/lib/python3.12/site-packages/airflow/example_dags/example_latest_only.py took 0.109 seconds
[2026-04-28T22:08:37.319+0000] {processor.py:161} INFO - Started process (PID=1179) to work on /home/airflow/.local/lib/python3.12/site-packages/airflow/example_dags/example_latest_only.py
[2026-04-28T22:08:37.320+0000] {processor.py:830} INFO - Processing file /home/airflow/.local/lib/python3.12/site-packages/airflow/example_dags/example_latest_only.py for tasks to queue
[2026-04-28T22:08:37.322+0000] {logging_mixin.py:188} INFO - [2026-04-28T22:08:37.322+0000] {dagbag.py:540} INFO - Filling up the DagBag from /home/airflow/.local/lib/python3.12/site-packages/airflow/example_dags/example_latest_only.py
[2026-04-28T22:08:37.328+0000] {processor.py:840} INFO - DAG(s) 'latest_only' retrieved from /home/airflow/.local/lib/python3.12/site-packages/airflow/example_dags/example_latest_only.py
[2026-04-28T22:08:37.538+0000] {logging_mixin.py:188} INFO - [2026-04-28T22:08:37.537+0000] {dag.py:3096} INFO - Sync 1 DAGs
[2026-04-28T22:08:37.560+0000] {logging_mixin.py:188} INFO - [2026-04-28T22:08:37.560+0000] {dag.py:3954} INFO - Setting next_dagrun for latest_only to 2026-04-28 16:00:00+00:00, run_after=2026-04-28 20:00:00+00:00
[2026-04-28T22:08:37.578+0000] {processor.py:183} INFO - Processing /home/airflow/.local/lib/python3.12/site-packages/airflow/example_dags/example_latest_only.py took 0.268 seconds
[2026-04-28T22:09:08.483+0000] {processor.py:161} INFO - Started process (PID=1238) to work on /home/airflow/.local/lib/python3.12/site-packages/airflow/example_dags/example_latest_only.py
[2026-04-28T22:09:08.484+0000] {processor.py:830} INFO - Processing file /home/airflow/.local/lib/python3.12/site-packages/airflow/example_dags/example_latest_only.py for tasks to queue
[2026-04-28T22:09:08.486+0000] {logging_mixin.py:188} INFO - [2026-04-28T22:09:08.486+0000] {dagbag.py:540} INFO - Filling up the DagBag from /home/airflow/.local/lib/python3.12/site-packages/airflow/example_dags/example_latest_only.py
[2026-04-28T22:09:08.492+0000] {processor.py:840} INFO - DAG(s) 'latest_only' retrieved from /home/airflow/.local/lib/python3.12/site-packages/airflow/example_dags/example_latest_only.py
[2026-04-28T22:09:08.513+0000] {logging_mixin.py:188} INFO - [2026-04-28T22:09:08.513+0000] {dag.py:3096} INFO - Sync 1 DAGs
[2026-04-28T22:09:08.540+0000] {logging_mixin.py:188} INFO - [2026-04-28T22:09:08.540+0000] {dag.py:3954} INFO - Setting next_dagrun for latest_only to 2026-04-28 16:00:00+00:00, run_after=2026-04-28 20:00:00+00:00
[2026-04-28T22:09:08.560+0000] {processor.py:183} INFO - Processing /home/airflow/.local/lib/python3.12/site-packages/airflow/example_dags/example_latest_only.py took 0.084 seconds
[2026-04-28T22:09:39.017+0000] {processor.py:161} INFO - Started process (PID=1298) to work on /home/airflow/.local/lib/python3.12/site-packages/airflow/example_dags/example_latest_only.py
[2026-04-28T22:09:39.024+0000] {processor.py:830} INFO - Processing file /home/airflow/.local/lib/python3.12/site-packages/airflow/example_dags/example_latest_only.py for tasks to queue
[2026-04-28T22:09:39.038+0000] {logging_mixin.py:188} INFO - [2026-04-28T22:09:39.033+0000] {dagbag.py:540} INFO - Filling up the DagBag from /home/airflow/.local/lib/python3.12/site-packages/airflow/example_dags/example_latest_only.py
[2026-04-28T22:09:39.062+0000] {processor.py:840} INFO - DAG(s) 'latest_only' retrieved from /home/airflow/.local/lib/python3.12/site-packages/airflow/example_dags/example_latest_only.py
[2026-04-28T22:09:39.120+0000] {logging_mixin.py:188} INFO - [2026-04-28T22:09:39.120+0000] {dag.py:3096} INFO - Sync 1 DAGs
[2026-04-28T22:09:39.152+0000] {logging_mixin.py:188} INFO - [2026-04-28T22:09:39.152+0000] {dag.py:3954} INFO - Setting next_dagrun for latest_only to 2026-04-28 16:00:00+00:00, run_after=2026-04-28 20:00:00+00:00
[2026-04-28T22:09:39.175+0000] {processor.py:183} INFO - Processing /home/airflow/.local/lib/python3.12/site-packages/airflow/example_dags/example_latest_only.py took 0.169 seconds
[2026-04-28T22:10:09.338+0000] {processor.py:161} INFO - Started process (PID=1358) to work on /home/airflow/.local/lib/python3.12/site-packages/airflow/example_dags/example_latest_only.py
[2026-04-28T22:10:09.345+0000] {processor.py:830} INFO - Processing file /home/airflow/.local/lib/python3.12/site-packages/airflow/example_dags/example_latest_only.py for tasks to queue
[2026-04-28T22:10:09.352+0000] {logging_mixin.py:188} INFO - [2026-04-28T22:10:09.349+0000] {dagbag.py:540} INFO - Filling up the DagBag from /home/airflow/.local/lib/python3.12/site-packages/airflow/example_dags/example_latest_only.py
[2026-04-28T22:10:09.374+0000] {processor.py:840} INFO - DAG(s) 'latest_only' retrieved from /home/airflow/.local/lib/python3.12/site-packages/airflow/example_dags/example_latest_only.py
[2026-04-28T22:10:09.476+0000] {logging_mixin.py:188} INFO - [2026-04-28T22:10:09.476+0000] {dag.py:3096} INFO - Sync 1 DAGs
[2026-04-28T22:10:09.606+0000] {logging_mixin.py:188} INFO - [2026-04-28T22:10:09.606+0000] {dag.py:3954} INFO - Setting next_dagrun for latest_only to 2026-04-28 16:00:00+00:00, run_after=2026-04-28 20:00:00+00:00
[2026-04-28T22:10:09.737+0000] {processor.py:183} INFO - Processing /home/airflow/.local/lib/python3.12/site-packages/airflow/example_dags/example_latest_only.py took 0.424 seconds
[2026-04-28T22:10:40.554+0000] {processor.py:161} INFO - Started process (PID=1418) to work on /home/airflow/.local/lib/python3.12/site-packages/airflow/example_dags/example_latest_only.py
[2026-04-28T22:10:40.561+0000] {processor.py:830} INFO - Processing file /home/airflow/.local/lib/python3.12/site-packages/airflow/example_dags/example_latest_only.py for tasks to queue
[2026-04-28T22:10:40.575+0000] {logging_mixin.py:188} INFO - [2026-04-28T22:10:40.574+0000] {dagbag.py:540} INFO - Filling up the DagBag from /home/airflow/.local/lib/python3.12/site-packages/airflow/example_dags/example_latest_only.py
[2026-04-28T22:10:40.607+0000] {processor.py:840} INFO - DAG(s) 'latest_only' retrieved from /home/airflow/.local/lib/python3.12/site-packages/airflow/example_dags/example_latest_only.py
[2026-04-28T22:10:40.741+0000] {logging_mixin.py:188} INFO - [2026-04-28T22:10:40.737+0000] {dag.py:3096} INFO - Sync 1 DAGs
[2026-04-28T22:10:40.799+0000] {logging_mixin.py:188} INFO - [2026-04-28T22:10:40.798+0000] {dag.py:3954} INFO - Setting next_dagrun for latest_only to 2026-04-28 16:00:00+00:00, run_after=2026-04-28 20:00:00+00:00
[2026-04-28T22:10:40.851+0000] {processor.py:183} INFO - Processing /home/airflow/.local/lib/python3.12/site-packages/airflow/example_dags/example_latest_only.py took 0.346 seconds
[2026-04-28T22:11:11.804+0000] {processor.py:161} INFO - Started process (PID=1484) to work on /home/airflow/.local/lib/python3.12/site-packages/airflow/example_dags/example_latest_only.py
[2026-04-28T22:11:11.805+0000] {processor.py:830} INFO - Processing file /home/airflow/.local/lib/python3.12/site-packages/airflow/example_dags/example_latest_only.py for tasks to queue
[2026-04-28T22:11:11.807+0000] {logging_mixin.py:188} INFO - [2026-04-28T22:11:11.806+0000] {dagbag.py:540} INFO - Filling up the DagBag from /home/airflow/.local/lib/python3.12/site-packages/airflow/example_dags/example_latest_only.py
[2026-04-28T22:11:11.812+0000] {processor.py:840} INFO - DAG(s) 'latest_only' retrieved from /home/airflow/.local/lib/python3.12/site-packages/airflow/example_dags/example_latest_only.py
[2026-04-28T22:11:11.838+0000] {logging_mixin.py:188} INFO - [2026-04-28T22:11:11.837+0000] {dag.py:3096} INFO - Sync 1 DAGs
[2026-04-28T22:11:11.873+0000] {logging_mixin.py:188} INFO - [2026-04-28T22:11:11.873+0000] {dag.py:3954} INFO - Setting next_dagrun for latest_only to 2026-04-28 16:00:00+00:00, run_after=2026-04-28 20:00:00+00:00
[2026-04-28T22:11:11.894+0000] {processor.py:183} INFO - Processing /home/airflow/.local/lib/python3.12/site-packages/airflow/example_dags/example_latest_only.py took 0.097 seconds
[2026-04-28T22:11:42.899+0000] {processor.py:161} INFO - Started process (PID=1544) to work on /home/airflow/.local/lib/python3.12/site-packages/airflow/example_dags/example_latest_only.py
[2026-04-28T22:11:42.902+0000] {processor.py:830} INFO - Processing file /home/airflow/.local/lib/python3.12/site-packages/airflow/example_dags/example_latest_only.py for tasks to queue
[2026-04-28T22:11:42.908+0000] {logging_mixin.py:188} INFO - [2026-04-28T22:11:42.908+0000] {dagbag.py:540} INFO - Filling up the DagBag from /home/airflow/.local/lib/python3.12/site-packages/airflow/example_dags/example_latest_only.py
[2026-04-28T22:11:42.928+0000] {processor.py:840} INFO - DAG(s) 'latest_only' retrieved from /home/airflow/.local/lib/python3.12/site-packages/airflow/example_dags/example_latest_only.py
[2026-04-28T22:11:42.994+0000] {logging_mixin.py:188} INFO - [2026-04-28T22:11:42.994+0000] {dag.py:3096} INFO - Sync 1 DAGs
[2026-04-28T22:11:43.067+0000] {logging_mixin.py:188} INFO - [2026-04-28T22:11:43.063+0000] {dag.py:3954} INFO - Setting next_dagrun for latest_only to 2026-04-28 16:00:00+00:00, run_after=2026-04-28 20:00:00+00:00
[2026-04-28T22:11:43.115+0000] {processor.py:183} INFO - Processing /home/airflow/.local/lib/python3.12/site-packages/airflow/example_dags/example_latest_only.py took 0.243 seconds
[2026-04-28T22:12:13.221+0000] {processor.py:161} INFO - Started process (PID=1604) to work on /home/airflow/.local/lib/python3.12/site-packages/airflow/example_dags/example_latest_only.py
[2026-04-28T22:12:13.222+0000] {processor.py:830} INFO - Processing file /home/airflow/.local/lib/python3.12/site-packages/airflow/example_dags/example_latest_only.py for tasks to queue
[2026-04-28T22:12:13.226+0000] {logging_mixin.py:188} INFO - [2026-04-28T22:12:13.225+0000] {dagbag.py:540} INFO - Filling up the DagBag from /home/airflow/.local/lib/python3.12/site-packages/airflow/example_dags/example_latest_only.py
[2026-04-28T22:12:13.232+0000] {processor.py:840} INFO - DAG(s) 'latest_only' retrieved from /home/airflow/.local/lib/python3.12/site-packages/airflow/example_dags/example_latest_only.py
[2026-04-28T22:12:13.253+0000] {logging_mixin.py:188} INFO - [2026-04-28T22:12:13.253+0000] {dag.py:3096} INFO - Sync 1 DAGs
[2026-04-28T22:12:13.280+0000] {logging_mixin.py:188} INFO - [2026-04-28T22:12:13.280+0000] {dag.py:3954} INFO - Setting next_dagrun for latest_only to 2026-04-28 16:00:00+00:00, run_after=2026-04-28 20:00:00+00:00
[2026-04-28T22:12:13.299+0000] {processor.py:183} INFO - Processing /home/airflow/.local/lib/python3.12/site-packages/airflow/example_dags/example_latest_only.py took 0.086 seconds
[2026-04-28T22:12:43.575+0000] {processor.py:161} INFO - Started process (PID=1664) to work on /home/airflow/.local/lib/python3.12/site-packages/airflow/example_dags/example_latest_only.py
[2026-04-28T22:12:43.576+0000] {processor.py:830} INFO - Processing file /home/airflow/.local/lib/python3.12/site-packages/airflow/example_dags/example_latest_only.py for tasks to queue
[2026-04-28T22:12:43.578+0000] {logging_mixin.py:188} INFO - [2026-04-28T22:12:43.578+0000] {dagbag.py:540} INFO - Filling up the DagBag from /home/airflow/.local/lib/python3.12/site-packages/airflow/example_dags/example_latest_only.py
[2026-04-28T22:12:43.584+0000] {processor.py:840} INFO - DAG(s) 'latest_only' retrieved from /home/airflow/.local/lib/python3.12/site-packages/airflow/example_dags/example_latest_only.py
[2026-04-28T22:12:43.605+0000] {logging_mixin.py:188} INFO - [2026-04-28T22:12:43.605+0000] {dag.py:3096} INFO - Sync 1 DAGs
[2026-04-28T22:12:43.631+0000] {logging_mixin.py:188} INFO - [2026-04-28T22:12:43.631+0000] {dag.py:3954} INFO - Setting next_dagrun for latest_only to 2026-04-28 16:00:00+00:00, run_after=2026-04-28 20:00:00+00:00
[2026-04-28T22:12:43.667+0000] {processor.py:183} INFO - Processing /home/airflow/.local/lib/python3.12/site-packages/airflow/example_dags/example_latest_only.py took 0.099 seconds
[2026-04-28T22:13:14.408+0000] {processor.py:161} INFO - Started process (PID=1724) to work on /home/airflow/.local/lib/python3.12/site-packages/airflow/example_dags/example_latest_only.py
[2026-04-28T22:13:14.409+0000] {processor.py:830} INFO - Processing file /home/airflow/.local/lib/python3.12/site-packages/airflow/example_dags/example_latest_only.py for tasks to queue
[2026-04-28T22:13:14.411+0000] {logging_mixin.py:188} INFO - [2026-04-28T22:13:14.411+0000] {dagbag.py:540} INFO - Filling up the DagBag from /home/airflow/.local/lib/python3.12/site-packages/airflow/example_dags/example_latest_only.py
[2026-04-28T22:13:14.416+0000] {processor.py:840} INFO - DAG(s) 'latest_only' retrieved from /home/airflow/.local/lib/python3.12/site-packages/airflow/example_dags/example_latest_only.py
[2026-04-28T22:13:14.440+0000] {logging_mixin.py:188} INFO - [2026-04-28T22:13:14.439+0000] {dag.py:3096} INFO - Sync 1 DAGs
[2026-04-28T22:13:14.468+0000] {logging_mixin.py:188} INFO - [2026-04-28T22:13:14.468+0000] {dag.py:3954} INFO - Setting next_dagrun for latest_only to 2026-04-28 16:00:00+00:00, run_after=2026-04-28 20:00:00+00:00
[2026-04-28T22:13:14.492+0000] {processor.py:183} INFO - Processing /home/airflow/.local/lib/python3.12/site-packages/airflow/example_dags/example_latest_only.py took 0.090 seconds
[2026-04-28T22:13:44.618+0000] {processor.py:161} INFO - Started process (PID=1784) to work on /home/airflow/.local/lib/python3.12/site-packages/airflow/example_dags/example_latest_only.py
[2026-04-28T22:13:44.619+0000] {processor.py:830} INFO - Processing file /home/airflow/.local/lib/python3.12/site-packages/airflow/example_dags/example_latest_only.py for tasks to queue
[2026-04-28T22:13:44.622+0000] {logging_mixin.py:188} INFO - [2026-04-28T22:13:44.621+0000] {dagbag.py:540} INFO - Filling up the DagBag from /home/airflow/.local/lib/python3.12/site-packages/airflow/example_dags/example_latest_only.py
[2026-04-28T22:13:44.627+0000] {processor.py:840} INFO - DAG(s) 'latest_only' retrieved from /home/airflow/.local/lib/python3.12/site-packages/airflow/example_dags/example_latest_only.py
[2026-04-28T22:13:44.651+0000] {logging_mixin.py:188} INFO - [2026-04-28T22:13:44.651+0000] {dag.py:3096} INFO - Sync 1 DAGs
[2026-04-28T22:13:44.678+0000] {logging_mixin.py:188} INFO - [2026-04-28T22:13:44.678+0000] {dag.py:3954} INFO - Setting next_dagrun for latest_only to 2026-04-28 16:00:00+00:00, run_after=2026-04-28 20:00:00+00:00
[2026-04-28T22:13:44.698+0000] {processor.py:183} INFO - Processing /home/airflow/.local/lib/python3.12/site-packages/airflow/example_dags/example_latest_only.py took 0.086 seconds
[2026-04-28T22:14:15.055+0000] {processor.py:161} INFO - Started process (PID=1843) to work on /home/airflow/.local/lib/python3.12/site-packages/airflow/example_dags/example_latest_only.py
[2026-04-28T22:14:15.056+0000] {processor.py:830} INFO - Processing file /home/airflow/.local/lib/python3.12/site-packages/airflow/example_dags/example_latest_only.py for tasks to queue
[2026-04-28T22:14:15.058+0000] {logging_mixin.py:188} INFO - [2026-04-28T22:14:15.058+0000] {dagbag.py:540} INFO - Filling up the DagBag from /home/airflow/.local/lib/python3.12/site-packages/airflow/example_dags/example_latest_only.py
[2026-04-28T22:14:15.064+0000] {processor.py:840} INFO - DAG(s) 'latest_only' retrieved from /home/airflow/.local/lib/python3.12/site-packages/airflow/example_dags/example_latest_only.py
[2026-04-28T22:14:15.086+0000] {logging_mixin.py:188} INFO - [2026-04-28T22:14:15.085+0000] {dag.py:3096} INFO - Sync 1 DAGs
[2026-04-28T22:14:15.113+0000] {logging_mixin.py:188} INFO - [2026-04-28T22:14:15.113+0000] {dag.py:3954} INFO - Setting next_dagrun for latest_only to 2026-04-28 16:00:00+00:00, run_after=2026-04-28 20:00:00+00:00
[2026-04-28T22:14:15.133+0000] {processor.py:183} INFO - Processing /home/airflow/.local/lib/python3.12/site-packages/airflow/example_dags/example_latest_only.py took 0.085 seconds
[2026-04-28T22:14:45.656+0000] {processor.py:161} INFO - Started process (PID=1903) to work on /home/airflow/.local/lib/python3.12/site-packages/airflow/example_dags/example_latest_only.py
[2026-04-28T22:14:45.661+0000] {processor.py:830} INFO - Processing file /home/airflow/.local/lib/python3.12/site-packages/airflow/example_dags/example_latest_only.py for tasks to queue
[2026-04-28T22:14:45.667+0000] {logging_mixin.py:188} INFO - [2026-04-28T22:14:45.667+0000] {dagbag.py:540} INFO - Filling up the DagBag from /home/airflow/.local/lib/python3.12/site-packages/airflow/example_dags/example_latest_only.py
[2026-04-28T22:14:45.689+0000] {processor.py:840} INFO - DAG(s) 'latest_only' retrieved from /home/airflow/.local/lib/python3.12/site-packages/airflow/example_dags/example_latest_only.py
[2026-04-28T22:14:45.778+0000] {logging_mixin.py:188} INFO - [2026-04-28T22:14:45.778+0000] {dag.py:3096} INFO - Sync 1 DAGs
[2026-04-28T22:14:45.887+0000] {logging_mixin.py:188} INFO - [2026-04-28T22:14:45.886+0000] {dag.py:3954} INFO - Setting next_dagrun for latest_only to 2026-04-28 16:00:00+00:00, run_after=2026-04-28 20:00:00+00:00
[2026-04-28T22:14:45.958+0000] {processor.py:183} INFO - Processing /home/airflow/.local/lib/python3.12/site-packages/airflow/example_dags/example_latest_only.py took 0.323 seconds
[2026-04-28T22:15:16.970+0000] {processor.py:161} INFO - Started process (PID=1963) to work on /home/airflow/.local/lib/python3.12/site-packages/airflow/example_dags/example_latest_only.py
[2026-04-28T22:15:16.971+0000] {processor.py:830} INFO - Processing file /home/airflow/.local/lib/python3.12/site-packages/airflow/example_dags/example_latest_only.py for tasks to queue
[2026-04-28T22:15:16.973+0000] {logging_mixin.py:188} INFO - [2026-04-28T22:15:16.973+0000] {dagbag.py:540} INFO - Filling up the DagBag from /home/airflow/.local/lib/python3.12/site-packages/airflow/example_dags/example_latest_only.py
[2026-04-28T22:15:16.979+0000] {processor.py:840} INFO - DAG(s) 'latest_only' retrieved from /home/airflow/.local/lib/python3.12/site-packages/airflow/example_dags/example_latest_only.py
[2026-04-28T22:15:17.002+0000] {logging_mixin.py:188} INFO - [2026-04-28T22:15:17.002+0000] {dag.py:3096} INFO - Sync 1 DAGs
[2026-04-28T22:15:17.035+0000] {logging_mixin.py:188} INFO - [2026-04-28T22:15:17.035+0000] {dag.py:3954} INFO - Setting next_dagrun for latest_only to 2026-04-28 16:00:00+00:00, run_after=2026-04-28 20:00:00+00:00
[2026-04-28T22:15:17.056+0000] {processor.py:183} INFO - Processing /home/airflow/.local/lib/python3.12/site-packages/airflow/example_dags/example_latest_only.py took 0.093 seconds
[2026-04-28T22:15:47.136+0000] {processor.py:161} INFO - Started process (PID=2023) to work on /home/airflow/.local/lib/python3.12/site-packages/airflow/example_dags/example_latest_only.py
[2026-04-28T22:15:47.137+0000] {processor.py:830} INFO - Processing file /home/airflow/.local/lib/python3.12/site-packages/airflow/example_dags/example_latest_only.py for tasks to queue
[2026-04-28T22:15:47.139+0000] {logging_mixin.py:188} INFO - [2026-04-28T22:15:47.139+0000] {dagbag.py:540} INFO - Filling up the DagBag from /home/airflow/.local/lib/python3.12/site-packages/airflow/example_dags/example_latest_only.py
[2026-04-28T22:15:47.145+0000] {processor.py:840} INFO - DAG(s) 'latest_only' retrieved from /home/airflow/.local/lib/python3.12/site-packages/airflow/example_dags/example_latest_only.py
[2026-04-28T22:15:47.208+0000] {logging_mixin.py:188} INFO - [2026-04-28T22:15:47.208+0000] {dag.py:3096} INFO - Sync 1 DAGs
[2026-04-28T22:15:47.282+0000] {logging_mixin.py:188} INFO - [2026-04-28T22:15:47.282+0000] {dag.py:3954} INFO - Setting next_dagrun for latest_only to 2026-04-28 16:00:00+00:00, run_after=2026-04-28 20:00:00+00:00
[2026-04-28T22:15:47.298+0000] {processor.py:183} INFO - Processing /home/airflow/.local/lib/python3.12/site-packages/airflow/example_dags/example_latest_only.py took 0.169 seconds
[2026-04-28T22:19:36.926+0000] {processor.py:161} INFO - Started process (PID=99) to work on /home/airflow/.local/lib/python3.12/site-packages/airflow/example_dags/example_latest_only.py
[2026-04-28T22:19:36.929+0000] {processor.py:830} INFO - Processing file /home/airflow/.local/lib/python3.12/site-packages/airflow/example_dags/example_latest_only.py for tasks to queue
[2026-04-28T22:19:36.933+0000] {logging_mixin.py:188} INFO - [2026-04-28T22:19:36.933+0000] {dagbag.py:540} INFO - Filling up the DagBag from /home/airflow/.local/lib/python3.12/site-packages/airflow/example_dags/example_latest_only.py
[2026-04-28T22:19:36.957+0000] {processor.py:840} INFO - DAG(s) 'latest_only' retrieved from /home/airflow/.local/lib/python3.12/site-packages/airflow/example_dags/example_latest_only.py
[2026-04-28T22:19:37.140+0000] {logging_mixin.py:188} INFO - [2026-04-28T22:19:37.140+0000] {override.py:1829} INFO - Created Permission View: can edit on DAG:latest_only
[2026-04-28T22:19:37.155+0000] {logging_mixin.py:188} INFO - [2026-04-28T22:19:37.155+0000] {override.py:1829} INFO - Created Permission View: can delete on DAG:latest_only
[2026-04-28T22:19:37.166+0000] {logging_mixin.py:188} INFO - [2026-04-28T22:19:37.165+0000] {override.py:1829} INFO - Created Permission View: can read on DAG:latest_only
[2026-04-28T22:19:37.168+0000] {logging_mixin.py:188} INFO - [2026-04-28T22:19:37.168+0000] {dag.py:3096} INFO - Sync 1 DAGs
[2026-04-28T22:19:37.195+0000] {logging_mixin.py:188} INFO - [2026-04-28T22:19:37.195+0000] {dag.py:3118} INFO - Creating ORM DAG for latest_only
[2026-04-28T22:19:37.208+0000] {logging_mixin.py:188} INFO - [2026-04-28T22:19:37.208+0000] {dag.py:3954} INFO - Setting next_dagrun for latest_only to 2026-04-28 16:00:00+00:00, run_after=2026-04-28 20:00:00+00:00
[2026-04-28T22:19:37.243+0000] {processor.py:183} INFO - Processing /home/airflow/.local/lib/python3.12/site-packages/airflow/example_dags/example_latest_only.py took 0.328 seconds
[2026-04-28T22:20:07.576+0000] {processor.py:161} INFO - Started process (PID=159) to work on /home/airflow/.local/lib/python3.12/site-packages/airflow/example_dags/example_latest_only.py
[2026-04-28T22:20:07.580+0000] {processor.py:830} INFO - Processing file /home/airflow/.local/lib/python3.12/site-packages/airflow/example_dags/example_latest_only.py for tasks to queue
[2026-04-28T22:20:07.584+0000] {logging_mixin.py:188} INFO - [2026-04-28T22:20:07.583+0000] {dagbag.py:540} INFO - Filling up the DagBag from /home/airflow/.local/lib/python3.12/site-packages/airflow/example_dags/example_latest_only.py
[2026-04-28T22:20:07.597+0000] {processor.py:840} INFO - DAG(s) 'latest_only' retrieved from /home/airflow/.local/lib/python3.12/site-packages/airflow/example_dags/example_latest_only.py
[2026-04-28T22:20:07.664+0000] {logging_mixin.py:188} INFO - [2026-04-28T22:20:07.663+0000] {dag.py:3096} INFO - Sync 1 DAGs
[2026-04-28T22:20:07.715+0000] {logging_mixin.py:188} INFO - [2026-04-28T22:20:07.714+0000] {dag.py:3954} INFO - Setting next_dagrun for latest_only to 2026-04-28 16:00:00+00:00, run_after=2026-04-28 20:00:00+00:00
[2026-04-28T22:20:07.785+0000] {processor.py:183} INFO - Processing /home/airflow/.local/lib/python3.12/site-packages/airflow/example_dags/example_latest_only.py took 0.222 seconds
[2026-04-28T22:20:38.301+0000] {processor.py:161} INFO - Started process (PID=219) to work on /home/airflow/.local/lib/python3.12/site-packages/airflow/example_dags/example_latest_only.py
[2026-04-28T22:20:38.304+0000] {processor.py:830} INFO - Processing file /home/airflow/.local/lib/python3.12/site-packages/airflow/example_dags/example_latest_only.py for tasks to queue
[2026-04-28T22:20:38.308+0000] {logging_mixin.py:188} INFO - [2026-04-28T22:20:38.307+0000] {dagbag.py:540} INFO - Filling up the DagBag from /home/airflow/.local/lib/python3.12/site-packages/airflow/example_dags/example_latest_only.py
[2026-04-28T22:20:38.319+0000] {processor.py:840} INFO - DAG(s) 'latest_only' retrieved from /home/airflow/.local/lib/python3.12/site-packages/airflow/example_dags/example_latest_only.py
[2026-04-28T22:20:38.342+0000] {logging_mixin.py:188} INFO - [2026-04-28T22:20:38.342+0000] {dag.py:3096} INFO - Sync 1 DAGs
[2026-04-28T22:20:38.382+0000] {logging_mixin.py:188} INFO - [2026-04-28T22:20:38.382+0000] {dag.py:3954} INFO - Setting next_dagrun for latest_only to 2026-04-28 16:00:00+00:00, run_after=2026-04-28 20:00:00+00:00
[2026-04-28T22:20:38.403+0000] {processor.py:183} INFO - Processing /home/airflow/.local/lib/python3.12/site-packages/airflow/example_dags/example_latest_only.py took 0.121 seconds
[2026-04-28T22:21:09.280+0000] {processor.py:161} INFO - Started process (PID=279) to work on /home/airflow/.local/lib/python3.12/site-packages/airflow/example_dags/example_latest_only.py
[2026-04-28T22:21:09.288+0000] {processor.py:830} INFO - Processing file /home/airflow/.local/lib/python3.12/site-packages/airflow/example_dags/example_latest_only.py for tasks to queue
[2026-04-28T22:21:09.307+0000] {logging_mixin.py:188} INFO - [2026-04-28T22:21:09.303+0000] {dagbag.py:540} INFO - Filling up the DagBag from /home/airflow/.local/lib/python3.12/site-packages/airflow/example_dags/example_latest_only.py
[2026-04-28T22:21:09.344+0000] {processor.py:840} INFO - DAG(s) 'latest_only' retrieved from /home/airflow/.local/lib/python3.12/site-packages/airflow/example_dags/example_latest_only.py
[2026-04-28T22:21:09.385+0000] {logging_mixin.py:188} INFO - [2026-04-28T22:21:09.385+0000] {dag.py:3096} INFO - Sync 1 DAGs
[2026-04-28T22:21:09.412+0000] {logging_mixin.py:188} INFO - [2026-04-28T22:21:09.411+0000] {dag.py:3954} INFO - Setting next_dagrun for latest_only to 2026-04-28 16:00:00+00:00, run_after=2026-04-28 20:00:00+00:00
[2026-04-28T22:21:09.453+0000] {processor.py:183} INFO - Processing /home/airflow/.local/lib/python3.12/site-packages/airflow/example_dags/example_latest_only.py took 0.210 seconds
[2026-04-28T22:21:40.293+0000] {processor.py:161} INFO - Started process (PID=339) to work on /home/airflow/.local/lib/python3.12/site-packages/airflow/example_dags/example_latest_only.py
[2026-04-28T22:21:40.300+0000] {processor.py:830} INFO - Processing file /home/airflow/.local/lib/python3.12/site-packages/airflow/example_dags/example_latest_only.py for tasks to queue
[2026-04-28T22:21:40.310+0000] {logging_mixin.py:188} INFO - [2026-04-28T22:21:40.310+0000] {dagbag.py:540} INFO - Filling up the DagBag from /home/airflow/.local/lib/python3.12/site-packages/airflow/example_dags/example_latest_only.py
[2026-04-28T22:21:40.321+0000] {processor.py:840} INFO - DAG(s) 'latest_only' retrieved from /home/airflow/.local/lib/python3.12/site-packages/airflow/example_dags/example_latest_only.py
[2026-04-28T22:21:40.430+0000] {logging_mixin.py:188} INFO - [2026-04-28T22:21:40.430+0000] {dag.py:3096} INFO - Sync 1 DAGs
[2026-04-28T22:21:40.564+0000] {logging_mixin.py:188} INFO - [2026-04-28T22:21:40.564+0000] {dag.py:3954} INFO - Setting next_dagrun for latest_only to 2026-04-28 16:00:00+00:00, run_after=2026-04-28 20:00:00+00:00
[2026-04-28T22:21:40.613+0000] {processor.py:183} INFO - Processing /home/airflow/.local/lib/python3.12/site-packages/airflow/example_dags/example_latest_only.py took 0.361 seconds
[2026-04-28T22:22:11.262+0000] {processor.py:161} INFO - Started process (PID=399) to work on /home/airflow/.local/lib/python3.12/site-packages/airflow/example_dags/example_latest_only.py
[2026-04-28T22:22:11.272+0000] {processor.py:830} INFO - Processing file /home/airflow/.local/lib/python3.12/site-packages/airflow/example_dags/example_latest_only.py for tasks to queue
[2026-04-28T22:22:11.275+0000] {logging_mixin.py:188} INFO - [2026-04-28T22:22:11.274+0000] {dagbag.py:540} INFO - Filling up the DagBag from /home/airflow/.local/lib/python3.12/site-packages/airflow/example_dags/example_latest_only.py
[2026-04-28T22:22:11.295+0000] {processor.py:840} INFO - DAG(s) 'latest_only' retrieved from /home/airflow/.local/lib/python3.12/site-packages/airflow/example_dags/example_latest_only.py
[2026-04-28T22:22:11.340+0000] {logging_mixin.py:188} INFO - [2026-04-28T22:22:11.340+0000] {dag.py:3096} INFO - Sync 1 DAGs
[2026-04-28T22:22:11.398+0000] {logging_mixin.py:188} INFO - [2026-04-28T22:22:11.397+0000] {dag.py:3954} INFO - Setting next_dagrun for latest_only to 2026-04-28 16:00:00+00:00, run_after=2026-04-28 20:00:00+00:00
[2026-04-28T22:22:11.460+0000] {processor.py:183} INFO - Processing /home/airflow/.local/lib/python3.12/site-packages/airflow/example_dags/example_latest_only.py took 0.220 seconds
[2026-04-28T22:22:41.530+0000] {processor.py:161} INFO - Started process (PID=459) to work on /home/airflow/.local/lib/python3.12/site-packages/airflow/example_dags/example_latest_only.py
[2026-04-28T22:22:41.531+0000] {processor.py:830} INFO - Processing file /home/airflow/.local/lib/python3.12/site-packages/airflow/example_dags/example_latest_only.py for tasks to queue
[2026-04-28T22:22:41.532+0000] {logging_mixin.py:188} INFO - [2026-04-28T22:22:41.532+0000] {dagbag.py:540} INFO - Filling up the DagBag from /home/airflow/.local/lib/python3.12/site-packages/airflow/example_dags/example_latest_only.py
[2026-04-28T22:22:41.537+0000] {processor.py:840} INFO - DAG(s) 'latest_only' retrieved from /home/airflow/.local/lib/python3.12/site-packages/airflow/example_dags/example_latest_only.py
[2026-04-28T22:22:41.554+0000] {logging_mixin.py:188} INFO - [2026-04-28T22:22:41.554+0000] {dag.py:3096} INFO - Sync 1 DAGs
[2026-04-28T22:22:41.573+0000] {logging_mixin.py:188} INFO - [2026-04-28T22:22:41.572+0000] {dag.py:3954} INFO - Setting next_dagrun for latest_only to 2026-04-28 16:00:00+00:00, run_after=2026-04-28 20:00:00+00:00
[2026-04-28T22:22:41.588+0000] {processor.py:183} INFO - Processing /home/airflow/.local/lib/python3.12/site-packages/airflow/example_dags/example_latest_only.py took 0.063 seconds
[2026-04-28T22:23:12.356+0000] {processor.py:161} INFO - Started process (PID=519) to work on /home/airflow/.local/lib/python3.12/site-packages/airflow/example_dags/example_latest_only.py
[2026-04-28T22:23:12.362+0000] {processor.py:830} INFO - Processing file /home/airflow/.local/lib/python3.12/site-packages/airflow/example_dags/example_latest_only.py for tasks to queue
[2026-04-28T22:23:12.364+0000] {logging_mixin.py:188} INFO - [2026-04-28T22:23:12.363+0000] {dagbag.py:540} INFO - Filling up the DagBag from /home/airflow/.local/lib/python3.12/site-packages/airflow/example_dags/example_latest_only.py
[2026-04-28T22:23:12.370+0000] {processor.py:840} INFO - DAG(s) 'latest_only' retrieved from /home/airflow/.local/lib/python3.12/site-packages/airflow/example_dags/example_latest_only.py
[2026-04-28T22:23:12.410+0000] {logging_mixin.py:188} INFO - [2026-04-28T22:23:12.410+0000] {dag.py:3096} INFO - Sync 1 DAGs
[2026-04-28T22:23:12.445+0000] {logging_mixin.py:188} INFO - [2026-04-28T22:23:12.445+0000] {dag.py:3954} INFO - Setting next_dagrun for latest_only to 2026-04-28 16:00:00+00:00, run_after=2026-04-28 20:00:00+00:00
[2026-04-28T22:23:12.469+0000] {processor.py:183} INFO - Processing /home/airflow/.local/lib/python3.12/site-packages/airflow/example_dags/example_latest_only.py took 0.123 seconds
[2026-04-28T22:23:43.288+0000] {processor.py:161} INFO - Started process (PID=579) to work on /home/airflow/.local/lib/python3.12/site-packages/airflow/example_dags/example_latest_only.py
[2026-04-28T22:23:43.290+0000] {processor.py:830} INFO - Processing file /home/airflow/.local/lib/python3.12/site-packages/airflow/example_dags/example_latest_only.py for tasks to queue
[2026-04-28T22:23:43.292+0000] {logging_mixin.py:188} INFO - [2026-04-28T22:23:43.292+0000] {dagbag.py:540} INFO - Filling up the DagBag from /home/airflow/.local/lib/python3.12/site-packages/airflow/example_dags/example_latest_only.py
[2026-04-28T22:23:43.299+0000] {processor.py:840} INFO - DAG(s) 'latest_only' retrieved from /home/airflow/.local/lib/python3.12/site-packages/airflow/example_dags/example_latest_only.py
[2026-04-28T22:23:43.325+0000] {logging_mixin.py:188} INFO - [2026-04-28T22:23:43.325+0000] {dag.py:3096} INFO - Sync 1 DAGs
[2026-04-28T22:23:43.351+0000] {logging_mixin.py:188} INFO - [2026-04-28T22:23:43.351+0000] {dag.py:3954} INFO - Setting next_dagrun for latest_only to 2026-04-28 16:00:00+00:00, run_after=2026-04-28 20:00:00+00:00
[2026-04-28T22:23:43.380+0000] {processor.py:183} INFO - Processing /home/airflow/.local/lib/python3.12/site-packages/airflow/example_dags/example_latest_only.py took 0.099 seconds
[2026-04-28T22:24:13.514+0000] {processor.py:161} INFO - Started process (PID=639) to work on /home/airflow/.local/lib/python3.12/site-packages/airflow/example_dags/example_latest_only.py
[2026-04-28T22:24:13.516+0000] {processor.py:830} INFO - Processing file /home/airflow/.local/lib/python3.12/site-packages/airflow/example_dags/example_latest_only.py for tasks to queue
[2026-04-28T22:24:13.518+0000] {logging_mixin.py:188} INFO - [2026-04-28T22:24:13.518+0000] {dagbag.py:540} INFO - Filling up the DagBag from /home/airflow/.local/lib/python3.12/site-packages/airflow/example_dags/example_latest_only.py
[2026-04-28T22:24:13.525+0000] {processor.py:840} INFO - DAG(s) 'latest_only' retrieved from /home/airflow/.local/lib/python3.12/site-packages/airflow/example_dags/example_latest_only.py
[2026-04-28T22:24:13.562+0000] {logging_mixin.py:188} INFO - [2026-04-28T22:24:13.562+0000] {dag.py:3096} INFO - Sync 1 DAGs
[2026-04-28T22:24:13.589+0000] {logging_mixin.py:188} INFO - [2026-04-28T22:24:13.588+0000] {dag.py:3954} INFO - Setting next_dagrun for latest_only to 2026-04-28 16:00:00+00:00, run_after=2026-04-28 20:00:00+00:00
[2026-04-28T22:24:13.608+0000] {processor.py:183} INFO - Processing /home/airflow/.local/lib/python3.12/site-packages/airflow/example_dags/example_latest_only.py took 0.111 seconds
[2026-04-28T22:24:44.481+0000] {processor.py:161} INFO - Started process (PID=699) to work on /home/airflow/.local/lib/python3.12/site-packages/airflow/example_dags/example_latest_only.py
[2026-04-28T22:24:44.482+0000] {processor.py:830} INFO - Processing file /home/airflow/.local/lib/python3.12/site-packages/airflow/example_dags/example_latest_only.py for tasks to queue
[2026-04-28T22:24:44.484+0000] {logging_mixin.py:188} INFO - [2026-04-28T22:24:44.484+0000] {dagbag.py:540} INFO - Filling up the DagBag from /home/airflow/.local/lib/python3.12/site-packages/airflow/example_dags/example_latest_only.py
[2026-04-28T22:24:44.490+0000] {processor.py:840} INFO - DAG(s) 'latest_only' retrieved from /home/airflow/.local/lib/python3.12/site-packages/airflow/example_dags/example_latest_only.py
[2026-04-28T22:24:44.537+0000] {logging_mixin.py:188} INFO - [2026-04-28T22:24:44.536+0000] {dag.py:3096} INFO - Sync 1 DAGs
[2026-04-28T22:24:44.581+0000] {logging_mixin.py:188} INFO - [2026-04-28T22:24:44.581+0000] {dag.py:3954} INFO - Setting next_dagrun for latest_only to 2026-04-28 16:00:00+00:00, run_after=2026-04-28 20:00:00+00:00
[2026-04-28T22:24:44.602+0000] {processor.py:183} INFO - Processing /home/airflow/.local/lib/python3.12/site-packages/airflow/example_dags/example_latest_only.py took 0.128 seconds
[2026-04-28T22:25:15.494+0000] {processor.py:161} INFO - Started process (PID=759) to work on /home/airflow/.local/lib/python3.12/site-packages/airflow/example_dags/example_latest_only.py
[2026-04-28T22:25:15.495+0000] {processor.py:830} INFO - Processing file /home/airflow/.local/lib/python3.12/site-packages/airflow/example_dags/example_latest_only.py for tasks to queue
[2026-04-28T22:25:15.497+0000] {logging_mixin.py:188} INFO - [2026-04-28T22:25:15.497+0000] {dagbag.py:540} INFO - Filling up the DagBag from /home/airflow/.local/lib/python3.12/site-packages/airflow/example_dags/example_latest_only.py
[2026-04-28T22:25:15.503+0000] {processor.py:840} INFO - DAG(s) 'latest_only' retrieved from /home/airflow/.local/lib/python3.12/site-packages/airflow/example_dags/example_latest_only.py
[2026-04-28T22:25:15.528+0000] {logging_mixin.py:188} INFO - [2026-04-28T22:25:15.527+0000] {dag.py:3096} INFO - Sync 1 DAGs
[2026-04-28T22:25:15.552+0000] {logging_mixin.py:188} INFO - [2026-04-28T22:25:15.552+0000] {dag.py:3954} INFO - Setting next_dagrun for latest_only to 2026-04-28 16:00:00+00:00, run_after=2026-04-28 20:00:00+00:00
[2026-04-28T22:25:15.571+0000] {processor.py:183} INFO - Processing /home/airflow/.local/lib/python3.12/site-packages/airflow/example_dags/example_latest_only.py took 0.084 seconds
[2026-04-28T22:25:45.775+0000] {processor.py:161} INFO - Started process (PID=819) to work on /home/airflow/.local/lib/python3.12/site-packages/airflow/example_dags/example_latest_only.py
[2026-04-28T22:25:45.776+0000] {processor.py:830} INFO - Processing file /home/airflow/.local/lib/python3.12/site-packages/airflow/example_dags/example_latest_only.py for tasks to queue
[2026-04-28T22:25:45.778+0000] {logging_mixin.py:188} INFO - [2026-04-28T22:25:45.778+0000] {dagbag.py:540} INFO - Filling up the DagBag from /home/airflow/.local/lib/python3.12/site-packages/airflow/example_dags/example_latest_only.py
[2026-04-28T22:25:45.785+0000] {processor.py:840} INFO - DAG(s) 'latest_only' retrieved from /home/airflow/.local/lib/python3.12/site-packages/airflow/example_dags/example_latest_only.py
[2026-04-28T22:25:45.809+0000] {logging_mixin.py:188} INFO - [2026-04-28T22:25:45.809+0000] {dag.py:3096} INFO - Sync 1 DAGs
[2026-04-28T22:25:45.834+0000] {logging_mixin.py:188} INFO - [2026-04-28T22:25:45.834+0000] {dag.py:3954} INFO - Setting next_dagrun for latest_only to 2026-04-28 16:00:00+00:00, run_after=2026-04-28 20:00:00+00:00
[2026-04-28T22:25:45.853+0000] {processor.py:183} INFO - Processing /home/airflow/.local/lib/python3.12/site-packages/airflow/example_dags/example_latest_only.py took 0.086 seconds
[2026-04-28T22:26:16.250+0000] {processor.py:161} INFO - Started process (PID=879) to work on /home/airflow/.local/lib/python3.12/site-packages/airflow/example_dags/example_latest_only.py
[2026-04-28T22:26:16.252+0000] {processor.py:830} INFO - Processing file /home/airflow/.local/lib/python3.12/site-packages/airflow/example_dags/example_latest_only.py for tasks to queue
[2026-04-28T22:26:16.257+0000] {logging_mixin.py:188} INFO - [2026-04-28T22:26:16.256+0000] {dagbag.py:540} INFO - Filling up the DagBag from /home/airflow/.local/lib/python3.12/site-packages/airflow/example_dags/example_latest_only.py
[2026-04-28T22:26:16.266+0000] {processor.py:840} INFO - DAG(s) 'latest_only' retrieved from /home/airflow/.local/lib/python3.12/site-packages/airflow/example_dags/example_latest_only.py
[2026-04-28T22:26:16.290+0000] {logging_mixin.py:188} INFO - [2026-04-28T22:26:16.290+0000] {dag.py:3096} INFO - Sync 1 DAGs
[2026-04-28T22:26:16.315+0000] {logging_mixin.py:188} INFO - [2026-04-28T22:26:16.315+0000] {dag.py:3954} INFO - Setting next_dagrun for latest_only to 2026-04-28 16:00:00+00:00, run_after=2026-04-28 20:00:00+00:00
[2026-04-28T22:26:16.335+0000] {processor.py:183} INFO - Processing /home/airflow/.local/lib/python3.12/site-packages/airflow/example_dags/example_latest_only.py took 0.093 seconds
[2026-04-28T22:26:46.953+0000] {processor.py:161} INFO - Started process (PID=939) to work on /home/airflow/.local/lib/python3.12/site-packages/airflow/example_dags/example_latest_only.py
[2026-04-28T22:26:46.955+0000] {processor.py:830} INFO - Processing file /home/airflow/.local/lib/python3.12/site-packages/airflow/example_dags/example_latest_only.py for tasks to queue
[2026-04-28T22:26:46.957+0000] {logging_mixin.py:188} INFO - [2026-04-28T22:26:46.956+0000] {dagbag.py:540} INFO - Filling up the DagBag from /home/airflow/.local/lib/python3.12/site-packages/airflow/example_dags/example_latest_only.py
[2026-04-28T22:26:46.963+0000] {processor.py:840} INFO - DAG(s) 'latest_only' retrieved from /home/airflow/.local/lib/python3.12/site-packages/airflow/example_dags/example_latest_only.py
[2026-04-28T22:26:46.987+0000] {logging_mixin.py:188} INFO - [2026-04-28T22:26:46.986+0000] {dag.py:3096} INFO - Sync 1 DAGs
[2026-04-28T22:26:47.014+0000] {logging_mixin.py:188} INFO - [2026-04-28T22:26:47.014+0000] {dag.py:3954} INFO - Setting next_dagrun for latest_only to 2026-04-28 16:00:00+00:00, run_after=2026-04-28 20:00:00+00:00
[2026-04-28T22:26:47.035+0000] {processor.py:183} INFO - Processing /home/airflow/.local/lib/python3.12/site-packages/airflow/example_dags/example_latest_only.py took 0.089 seconds
[2026-04-28T22:27:17.931+0000] {processor.py:161} INFO - Started process (PID=998) to work on /home/airflow/.local/lib/python3.12/site-packages/airflow/example_dags/example_latest_only.py
[2026-04-28T22:27:17.940+0000] {processor.py:830} INFO - Processing file /home/airflow/.local/lib/python3.12/site-packages/airflow/example_dags/example_latest_only.py for tasks to queue
[2026-04-28T22:27:17.944+0000] {logging_mixin.py:188} INFO - [2026-04-28T22:27:17.944+0000] {dagbag.py:540} INFO - Filling up the DagBag from /home/airflow/.local/lib/python3.12/site-packages/airflow/example_dags/example_latest_only.py
[2026-04-28T22:27:17.958+0000] {processor.py:840} INFO - DAG(s) 'latest_only' retrieved from /home/airflow/.local/lib/python3.12/site-packages/airflow/example_dags/example_latest_only.py
[2026-04-28T22:27:18.022+0000] {logging_mixin.py:188} INFO - [2026-04-28T22:27:18.022+0000] {dag.py:3096} INFO - Sync 1 DAGs
[2026-04-28T22:27:18.123+0000] {logging_mixin.py:188} INFO - [2026-04-28T22:27:18.122+0000] {dag.py:3954} INFO - Setting next_dagrun for latest_only to 2026-04-28 16:00:00+00:00, run_after=2026-04-28 20:00:00+00:00
[2026-04-28T22:27:18.524+0000] {processor.py:183} INFO - Processing /home/airflow/.local/lib/python3.12/site-packages/airflow/example_dags/example_latest_only.py took 0.608 seconds
[2026-04-28T22:27:48.777+0000] {processor.py:161} INFO - Started process (PID=1058) to work on /home/airflow/.local/lib/python3.12/site-packages/airflow/example_dags/example_latest_only.py
[2026-04-28T22:27:48.778+0000] {processor.py:830} INFO - Processing file /home/airflow/.local/lib/python3.12/site-packages/airflow/example_dags/example_latest_only.py for tasks to queue
[2026-04-28T22:27:48.781+0000] {logging_mixin.py:188} INFO - [2026-04-28T22:27:48.780+0000] {dagbag.py:540} INFO - Filling up the DagBag from /home/airflow/.local/lib/python3.12/site-packages/airflow/example_dags/example_latest_only.py
[2026-04-28T22:27:48.786+0000] {processor.py:840} INFO - DAG(s) 'latest_only' retrieved from /home/airflow/.local/lib/python3.12/site-packages/airflow/example_dags/example_latest_only.py
[2026-04-28T22:27:48.822+0000] {logging_mixin.py:188} INFO - [2026-04-28T22:27:48.821+0000] {dag.py:3096} INFO - Sync 1 DAGs
[2026-04-28T22:27:48.860+0000] {logging_mixin.py:188} INFO - [2026-04-28T22:27:48.860+0000] {dag.py:3954} INFO - Setting next_dagrun for latest_only to 2026-04-28 16:00:00+00:00, run_after=2026-04-28 20:00:00+00:00
[2026-04-28T22:27:48.910+0000] {processor.py:183} INFO - Processing /home/airflow/.local/lib/python3.12/site-packages/airflow/example_dags/example_latest_only.py took 0.141 seconds
[2026-04-28T22:28:19.236+0000] {processor.py:161} INFO - Started process (PID=1117) to work on /home/airflow/.local/lib/python3.12/site-packages/airflow/example_dags/example_latest_only.py
[2026-04-28T22:28:19.238+0000] {processor.py:830} INFO - Processing file /home/airflow/.local/lib/python3.12/site-packages/airflow/example_dags/example_latest_only.py for tasks to queue
[2026-04-28T22:28:19.244+0000] {logging_mixin.py:188} INFO - [2026-04-28T22:28:19.243+0000] {dagbag.py:540} INFO - Filling up the DagBag from /home/airflow/.local/lib/python3.12/site-packages/airflow/example_dags/example_latest_only.py
[2026-04-28T22:28:19.269+0000] {processor.py:840} INFO - DAG(s) 'latest_only' retrieved from /home/airflow/.local/lib/python3.12/site-packages/airflow/example_dags/example_latest_only.py
[2026-04-28T22:28:19.401+0000] {logging_mixin.py:188} INFO - [2026-04-28T22:28:19.400+0000] {dag.py:3096} INFO - Sync 1 DAGs
[2026-04-28T22:28:19.466+0000] {logging_mixin.py:188} INFO - [2026-04-28T22:28:19.465+0000] {dag.py:3954} INFO - Setting next_dagrun for latest_only to 2026-04-28 16:00:00+00:00, run_after=2026-04-28 20:00:00+00:00
[2026-04-28T22:28:19.511+0000] {processor.py:183} INFO - Processing /home/airflow/.local/lib/python3.12/site-packages/airflow/example_dags/example_latest_only.py took 0.346 seconds
[2026-04-28T22:28:50.176+0000] {processor.py:161} INFO - Started process (PID=1177) to work on /home/airflow/.local/lib/python3.12/site-packages/airflow/example_dags/example_latest_only.py
[2026-04-28T22:28:50.210+0000] {processor.py:830} INFO - Processing file /home/airflow/.local/lib/python3.12/site-packages/airflow/example_dags/example_latest_only.py for tasks to queue
[2026-04-28T22:28:50.217+0000] {logging_mixin.py:188} INFO - [2026-04-28T22:28:50.214+0000] {dagbag.py:540} INFO - Filling up the DagBag from /home/airflow/.local/lib/python3.12/site-packages/airflow/example_dags/example_latest_only.py
[2026-04-28T22:28:50.230+0000] {processor.py:840} INFO - DAG(s) 'latest_only' retrieved from /home/airflow/.local/lib/python3.12/site-packages/airflow/example_dags/example_latest_only.py
[2026-04-28T22:28:50.317+0000] {logging_mixin.py:188} INFO - [2026-04-28T22:28:50.317+0000] {dag.py:3096} INFO - Sync 1 DAGs
[2026-04-28T22:28:50.443+0000] {logging_mixin.py:188} INFO - [2026-04-28T22:28:50.443+0000] {dag.py:3954} INFO - Setting next_dagrun for latest_only to 2026-04-28 16:00:00+00:00, run_after=2026-04-28 20:00:00+00:00
[2026-04-28T22:28:50.503+0000] {processor.py:183} INFO - Processing /home/airflow/.local/lib/python3.12/site-packages/airflow/example_dags/example_latest_only.py took 0.372 seconds
[2026-04-28T22:29:26.778+0000] {processor.py:161} INFO - Started process (PID=1244) to work on /home/airflow/.local/lib/python3.12/site-packages/airflow/example_dags/example_latest_only.py
[2026-04-28T22:29:26.808+0000] {processor.py:830} INFO - Processing file /home/airflow/.local/lib/python3.12/site-packages/airflow/example_dags/example_latest_only.py for tasks to queue
[2026-04-28T22:29:26.828+0000] {logging_mixin.py:188} INFO - [2026-04-28T22:29:26.827+0000] {dagbag.py:540} INFO - Filling up the DagBag from /home/airflow/.local/lib/python3.12/site-packages/airflow/example_dags/example_latest_only.py
[2026-04-28T22:29:26.857+0000] {processor.py:840} INFO - DAG(s) 'latest_only' retrieved from /home/airflow/.local/lib/python3.12/site-packages/airflow/example_dags/example_latest_only.py
[2026-04-28T22:29:26.999+0000] {logging_mixin.py:188} INFO - [2026-04-28T22:29:26.998+0000] {dag.py:3096} INFO - Sync 1 DAGs
[2026-04-28T22:29:27.256+0000] {logging_mixin.py:188} INFO - [2026-04-28T22:29:27.255+0000] {dag.py:3954} INFO - Setting next_dagrun for latest_only to 2026-04-28 16:00:00+00:00, run_after=2026-04-28 20:00:00+00:00
[2026-04-28T22:29:27.421+0000] {processor.py:183} INFO - Processing /home/airflow/.local/lib/python3.12/site-packages/airflow/example_dags/example_latest_only.py took 0.732 seconds
[2026-04-28T22:29:58.009+0000] {processor.py:161} INFO - Started process (PID=1304) to work on /home/airflow/.local/lib/python3.12/site-packages/airflow/example_dags/example_latest_only.py
[2026-04-28T22:29:58.010+0000] {processor.py:830} INFO - Processing file /home/airflow/.local/lib/python3.12/site-packages/airflow/example_dags/example_latest_only.py for tasks to queue
[2026-04-28T22:29:58.013+0000] {logging_mixin.py:188} INFO - [2026-04-28T22:29:58.012+0000] {dagbag.py:540} INFO - Filling up the DagBag from /home/airflow/.local/lib/python3.12/site-packages/airflow/example_dags/example_latest_only.py
[2026-04-28T22:29:58.018+0000] {processor.py:840} INFO - DAG(s) 'latest_only' retrieved from /home/airflow/.local/lib/python3.12/site-packages/airflow/example_dags/example_latest_only.py
[2026-04-28T22:29:58.044+0000] {logging_mixin.py:188} INFO - [2026-04-28T22:29:58.044+0000] {dag.py:3096} INFO - Sync 1 DAGs
[2026-04-28T22:29:58.075+0000] {logging_mixin.py:188} INFO - [2026-04-28T22:29:58.075+0000] {dag.py:3954} INFO - Setting next_dagrun for latest_only to 2026-04-28 16:00:00+00:00, run_after=2026-04-28 20:00:00+00:00
[2026-04-28T22:29:58.096+0000] {processor.py:183} INFO - Processing /home/airflow/.local/lib/python3.12/site-packages/airflow/example_dags/example_latest_only.py took 0.094 seconds
[2026-04-28T22:30:28.735+0000] {processor.py:161} INFO - Started process (PID=1364) to work on /home/airflow/.local/lib/python3.12/site-packages/airflow/example_dags/example_latest_only.py
[2026-04-28T22:30:28.736+0000] {processor.py:830} INFO - Processing file /home/airflow/.local/lib/python3.12/site-packages/airflow/example_dags/example_latest_only.py for tasks to queue
[2026-04-28T22:30:28.738+0000] {logging_mixin.py:188} INFO - [2026-04-28T22:30:28.738+0000] {dagbag.py:540} INFO - Filling up the DagBag from /home/airflow/.local/lib/python3.12/site-packages/airflow/example_dags/example_latest_only.py
[2026-04-28T22:30:28.744+0000] {processor.py:840} INFO - DAG(s) 'latest_only' retrieved from /home/airflow/.local/lib/python3.12/site-packages/airflow/example_dags/example_latest_only.py
[2026-04-28T22:30:28.771+0000] {logging_mixin.py:188} INFO - [2026-04-28T22:30:28.770+0000] {dag.py:3096} INFO - Sync 1 DAGs
[2026-04-28T22:30:28.796+0000] {logging_mixin.py:188} INFO - [2026-04-28T22:30:28.796+0000] {dag.py:3954} INFO - Setting next_dagrun for latest_only to 2026-04-28 16:00:00+00:00, run_after=2026-04-28 20:00:00+00:00
[2026-04-28T22:30:28.818+0000] {processor.py:183} INFO - Processing /home/airflow/.local/lib/python3.12/site-packages/airflow/example_dags/example_latest_only.py took 0.090 seconds
[2026-04-28T22:30:59.121+0000] {processor.py:161} INFO - Started process (PID=1425) to work on /home/airflow/.local/lib/python3.12/site-packages/airflow/example_dags/example_latest_only.py
[2026-04-28T22:30:59.122+0000] {processor.py:830} INFO - Processing file /home/airflow/.local/lib/python3.12/site-packages/airflow/example_dags/example_latest_only.py for tasks to queue
[2026-04-28T22:30:59.124+0000] {logging_mixin.py:188} INFO - [2026-04-28T22:30:59.124+0000] {dagbag.py:540} INFO - Filling up the DagBag from /home/airflow/.local/lib/python3.12/site-packages/airflow/example_dags/example_latest_only.py
[2026-04-28T22:30:59.129+0000] {processor.py:840} INFO - DAG(s) 'latest_only' retrieved from /home/airflow/.local/lib/python3.12/site-packages/airflow/example_dags/example_latest_only.py
[2026-04-28T22:30:59.154+0000] {logging_mixin.py:188} INFO - [2026-04-28T22:30:59.154+0000] {dag.py:3096} INFO - Sync 1 DAGs
[2026-04-28T22:30:59.181+0000] {logging_mixin.py:188} INFO - [2026-04-28T22:30:59.181+0000] {dag.py:3954} INFO - Setting next_dagrun for latest_only to 2026-04-28 16:00:00+00:00, run_after=2026-04-28 20:00:00+00:00
[2026-04-28T22:30:59.202+0000] {processor.py:183} INFO - Processing /home/airflow/.local/lib/python3.12/site-packages/airflow/example_dags/example_latest_only.py took 0.088 seconds
[2026-04-28T22:31:29.620+0000] {processor.py:161} INFO - Started process (PID=1485) to work on /home/airflow/.local/lib/python3.12/site-packages/airflow/example_dags/example_latest_only.py
[2026-04-28T22:31:29.620+0000] {processor.py:830} INFO - Processing file /home/airflow/.local/lib/python3.12/site-packages/airflow/example_dags/example_latest_only.py for tasks to queue
[2026-04-28T22:31:29.623+0000] {logging_mixin.py:188} INFO - [2026-04-28T22:31:29.622+0000] {dagbag.py:540} INFO - Filling up the DagBag from /home/airflow/.local/lib/python3.12/site-packages/airflow/example_dags/example_latest_only.py
[2026-04-28T22:31:29.629+0000] {processor.py:840} INFO - DAG(s) 'latest_only' retrieved from /home/airflow/.local/lib/python3.12/site-packages/airflow/example_dags/example_latest_only.py
[2026-04-28T22:31:29.652+0000] {logging_mixin.py:188} INFO - [2026-04-28T22:31:29.652+0000] {dag.py:3096} INFO - Sync 1 DAGs
[2026-04-28T22:31:29.678+0000] {logging_mixin.py:188} INFO - [2026-04-28T22:31:29.678+0000] {dag.py:3954} INFO - Setting next_dagrun for latest_only to 2026-04-28 16:00:00+00:00, run_after=2026-04-28 20:00:00+00:00
[2026-04-28T22:31:29.707+0000] {processor.py:183} INFO - Processing /home/airflow/.local/lib/python3.12/site-packages/airflow/example_dags/example_latest_only.py took 0.094 seconds
[2026-04-28T22:31:59.805+0000] {processor.py:161} INFO - Started process (PID=1542) to work on /home/airflow/.local/lib/python3.12/site-packages/airflow/example_dags/example_latest_only.py
[2026-04-28T22:31:59.806+0000] {processor.py:830} INFO - Processing file /home/airflow/.local/lib/python3.12/site-packages/airflow/example_dags/example_latest_only.py for tasks to queue
[2026-04-28T22:31:59.809+0000] {logging_mixin.py:188} INFO - [2026-04-28T22:31:59.809+0000] {dagbag.py:540} INFO - Filling up the DagBag from /home/airflow/.local/lib/python3.12/site-packages/airflow/example_dags/example_latest_only.py
[2026-04-28T22:31:59.815+0000] {processor.py:840} INFO - DAG(s) 'latest_only' retrieved from /home/airflow/.local/lib/python3.12/site-packages/airflow/example_dags/example_latest_only.py
[2026-04-28T22:31:59.839+0000] {logging_mixin.py:188} INFO - [2026-04-28T22:31:59.839+0000] {dag.py:3096} INFO - Sync 1 DAGs
[2026-04-28T22:31:59.866+0000] {logging_mixin.py:188} INFO - [2026-04-28T22:31:59.866+0000] {dag.py:3954} INFO - Setting next_dagrun for latest_only to 2026-04-28 16:00:00+00:00, run_after=2026-04-28 20:00:00+00:00
[2026-04-28T22:31:59.886+0000] {processor.py:183} INFO - Processing /home/airflow/.local/lib/python3.12/site-packages/airflow/example_dags/example_latest_only.py took 0.087 seconds
[2026-04-28T22:32:30.212+0000] {processor.py:161} INFO - Started process (PID=1602) to work on /home/airflow/.local/lib/python3.12/site-packages/airflow/example_dags/example_latest_only.py
[2026-04-28T22:32:30.213+0000] {processor.py:830} INFO - Processing file /home/airflow/.local/lib/python3.12/site-packages/airflow/example_dags/example_latest_only.py for tasks to queue
[2026-04-28T22:32:30.215+0000] {logging_mixin.py:188} INFO - [2026-04-28T22:32:30.215+0000] {dagbag.py:540} INFO - Filling up the DagBag from /home/airflow/.local/lib/python3.12/site-packages/airflow/example_dags/example_latest_only.py
[2026-04-28T22:32:30.221+0000] {processor.py:840} INFO - DAG(s) 'latest_only' retrieved from /home/airflow/.local/lib/python3.12/site-packages/airflow/example_dags/example_latest_only.py
[2026-04-28T22:32:30.245+0000] {logging_mixin.py:188} INFO - [2026-04-28T22:32:30.244+0000] {dag.py:3096} INFO - Sync 1 DAGs
[2026-04-28T22:32:30.272+0000] {logging_mixin.py:188} INFO - [2026-04-28T22:32:30.272+0000] {dag.py:3954} INFO - Setting next_dagrun for latest_only to 2026-04-28 16:00:00+00:00, run_after=2026-04-28 20:00:00+00:00
[2026-04-28T22:32:30.292+0000] {processor.py:183} INFO - Processing /home/airflow/.local/lib/python3.12/site-packages/airflow/example_dags/example_latest_only.py took 0.087 seconds
[2026-04-28T22:33:00.541+0000] {processor.py:161} INFO - Started process (PID=1662) to work on /home/airflow/.local/lib/python3.12/site-packages/airflow/example_dags/example_latest_only.py
[2026-04-28T22:33:00.542+0000] {processor.py:830} INFO - Processing file /home/airflow/.local/lib/python3.12/site-packages/airflow/example_dags/example_latest_only.py for tasks to queue
[2026-04-28T22:33:00.544+0000] {logging_mixin.py:188} INFO - [2026-04-28T22:33:00.544+0000] {dagbag.py:540} INFO - Filling up the DagBag from /home/airflow/.local/lib/python3.12/site-packages/airflow/example_dags/example_latest_only.py
[2026-04-28T22:33:00.551+0000] {processor.py:840} INFO - DAG(s) 'latest_only' retrieved from /home/airflow/.local/lib/python3.12/site-packages/airflow/example_dags/example_latest_only.py
[2026-04-28T22:33:00.582+0000] {logging_mixin.py:188} INFO - [2026-04-28T22:33:00.582+0000] {dag.py:3096} INFO - Sync 1 DAGs
[2026-04-28T22:33:00.610+0000] {logging_mixin.py:188} INFO - [2026-04-28T22:33:00.610+0000] {dag.py:3954} INFO - Setting next_dagrun for latest_only to 2026-04-28 16:00:00+00:00, run_after=2026-04-28 20:00:00+00:00
[2026-04-28T22:33:00.641+0000] {processor.py:183} INFO - Processing /home/airflow/.local/lib/python3.12/site-packages/airflow/example_dags/example_latest_only.py took 0.113 seconds
[2026-04-28T22:33:30.775+0000] {processor.py:161} INFO - Started process (PID=1722) to work on /home/airflow/.local/lib/python3.12/site-packages/airflow/example_dags/example_latest_only.py
[2026-04-28T22:33:30.776+0000] {processor.py:830} INFO - Processing file /home/airflow/.local/lib/python3.12/site-packages/airflow/example_dags/example_latest_only.py for tasks to queue
[2026-04-28T22:33:30.778+0000] {logging_mixin.py:188} INFO - [2026-04-28T22:33:30.778+0000] {dagbag.py:540} INFO - Filling up the DagBag from /home/airflow/.local/lib/python3.12/site-packages/airflow/example_dags/example_latest_only.py
[2026-04-28T22:33:30.782+0000] {processor.py:840} INFO - DAG(s) 'latest_only' retrieved from /home/airflow/.local/lib/python3.12/site-packages/airflow/example_dags/example_latest_only.py
[2026-04-28T22:33:30.800+0000] {logging_mixin.py:188} INFO - [2026-04-28T22:33:30.800+0000] {dag.py:3096} INFO - Sync 1 DAGs
[2026-04-28T22:33:30.820+0000] {logging_mixin.py:188} INFO - [2026-04-28T22:33:30.819+0000] {dag.py:3954} INFO - Setting next_dagrun for latest_only to 2026-04-28 16:00:00+00:00, run_after=2026-04-28 20:00:00+00:00
[2026-04-28T22:33:30.834+0000] {processor.py:183} INFO - Processing /home/airflow/.local/lib/python3.12/site-packages/airflow/example_dags/example_latest_only.py took 0.064 seconds
[2026-04-28T22:34:01.087+0000] {processor.py:161} INFO - Started process (PID=1782) to work on /home/airflow/.local/lib/python3.12/site-packages/airflow/example_dags/example_latest_only.py
[2026-04-28T22:34:01.090+0000] {processor.py:830} INFO - Processing file /home/airflow/.local/lib/python3.12/site-packages/airflow/example_dags/example_latest_only.py for tasks to queue
[2026-04-28T22:34:01.092+0000] {logging_mixin.py:188} INFO - [2026-04-28T22:34:01.092+0000] {dagbag.py:540} INFO - Filling up the DagBag from /home/airflow/.local/lib/python3.12/site-packages/airflow/example_dags/example_latest_only.py
[2026-04-28T22:34:01.098+0000] {processor.py:840} INFO - DAG(s) 'latest_only' retrieved from /home/airflow/.local/lib/python3.12/site-packages/airflow/example_dags/example_latest_only.py
[2026-04-28T22:34:01.125+0000] {logging_mixin.py:188} INFO - [2026-04-28T22:34:01.124+0000] {dag.py:3096} INFO - Sync 1 DAGs
[2026-04-28T22:34:01.151+0000] {logging_mixin.py:188} INFO - [2026-04-28T22:34:01.151+0000] {dag.py:3954} INFO - Setting next_dagrun for latest_only to 2026-04-28 16:00:00+00:00, run_after=2026-04-28 20:00:00+00:00
[2026-04-28T22:34:01.171+0000] {processor.py:183} INFO - Processing /home/airflow/.local/lib/python3.12/site-packages/airflow/example_dags/example_latest_only.py took 0.091 seconds
[2026-04-28T22:34:31.258+0000] {processor.py:161} INFO - Started process (PID=1842) to work on /home/airflow/.local/lib/python3.12/site-packages/airflow/example_dags/example_latest_only.py
[2026-04-28T22:34:31.259+0000] {processor.py:830} INFO - Processing file /home/airflow/.local/lib/python3.12/site-packages/airflow/example_dags/example_latest_only.py for tasks to queue
[2026-04-28T22:34:31.262+0000] {logging_mixin.py:188} INFO - [2026-04-28T22:34:31.262+0000] {dagbag.py:540} INFO - Filling up the DagBag from /home/airflow/.local/lib/python3.12/site-packages/airflow/example_dags/example_latest_only.py
[2026-04-28T22:34:31.268+0000] {processor.py:840} INFO - DAG(s) 'latest_only' retrieved from /home/airflow/.local/lib/python3.12/site-packages/airflow/example_dags/example_latest_only.py
[2026-04-28T22:34:31.303+0000] {logging_mixin.py:188} INFO - [2026-04-28T22:34:31.303+0000] {dag.py:3096} INFO - Sync 1 DAGs
[2026-04-28T22:34:31.330+0000] {logging_mixin.py:188} INFO - [2026-04-28T22:34:31.330+0000] {dag.py:3954} INFO - Setting next_dagrun for latest_only to 2026-04-28 16:00:00+00:00, run_after=2026-04-28 20:00:00+00:00
[2026-04-28T22:34:31.365+0000] {processor.py:183} INFO - Processing /home/airflow/.local/lib/python3.12/site-packages/airflow/example_dags/example_latest_only.py took 0.121 seconds
[2026-04-28T22:35:01.883+0000] {processor.py:161} INFO - Started process (PID=1902) to work on /home/airflow/.local/lib/python3.12/site-packages/airflow/example_dags/example_latest_only.py
[2026-04-28T22:35:01.884+0000] {processor.py:830} INFO - Processing file /home/airflow/.local/lib/python3.12/site-packages/airflow/example_dags/example_latest_only.py for tasks to queue
[2026-04-28T22:35:01.886+0000] {logging_mixin.py:188} INFO - [2026-04-28T22:35:01.886+0000] {dagbag.py:540} INFO - Filling up the DagBag from /home/airflow/.local/lib/python3.12/site-packages/airflow/example_dags/example_latest_only.py
[2026-04-28T22:35:01.891+0000] {processor.py:840} INFO - DAG(s) 'latest_only' retrieved from /home/airflow/.local/lib/python3.12/site-packages/airflow/example_dags/example_latest_only.py
[2026-04-28T22:35:01.921+0000] {logging_mixin.py:188} INFO - [2026-04-28T22:35:01.921+0000] {dag.py:3096} INFO - Sync 1 DAGs
[2026-04-28T22:35:01.947+0000] {logging_mixin.py:188} INFO - [2026-04-28T22:35:01.947+0000] {dag.py:3954} INFO - Setting next_dagrun for latest_only to 2026-04-28 16:00:00+00:00, run_after=2026-04-28 20:00:00+00:00
[2026-04-28T22:35:01.966+0000] {processor.py:183} INFO - Processing /home/airflow/.local/lib/python3.12/site-packages/airflow/example_dags/example_latest_only.py took 0.090 seconds
[2026-04-28T22:35:32.401+0000] {processor.py:161} INFO - Started process (PID=1962) to work on /home/airflow/.local/lib/python3.12/site-packages/airflow/example_dags/example_latest_only.py
[2026-04-28T22:35:32.402+0000] {processor.py:830} INFO - Processing file /home/airflow/.local/lib/python3.12/site-packages/airflow/example_dags/example_latest_only.py for tasks to queue
[2026-04-28T22:35:32.404+0000] {logging_mixin.py:188} INFO - [2026-04-28T22:35:32.404+0000] {dagbag.py:540} INFO - Filling up the DagBag from /home/airflow/.local/lib/python3.12/site-packages/airflow/example_dags/example_latest_only.py
[2026-04-28T22:35:32.409+0000] {processor.py:840} INFO - DAG(s) 'latest_only' retrieved from /home/airflow/.local/lib/python3.12/site-packages/airflow/example_dags/example_latest_only.py
[2026-04-28T22:35:32.436+0000] {logging_mixin.py:188} INFO - [2026-04-28T22:35:32.436+0000] {dag.py:3096} INFO - Sync 1 DAGs
[2026-04-28T22:35:32.464+0000] {logging_mixin.py:188} INFO - [2026-04-28T22:35:32.464+0000] {dag.py:3954} INFO - Setting next_dagrun for latest_only to 2026-04-28 16:00:00+00:00, run_after=2026-04-28 20:00:00+00:00
[2026-04-28T22:35:32.484+0000] {processor.py:183} INFO - Processing /home/airflow/.local/lib/python3.12/site-packages/airflow/example_dags/example_latest_only.py took 0.089 seconds
[2026-04-28T22:36:03.140+0000] {processor.py:161} INFO - Started process (PID=2022) to work on /home/airflow/.local/lib/python3.12/site-packages/airflow/example_dags/example_latest_only.py
[2026-04-28T22:36:03.140+0000] {processor.py:830} INFO - Processing file /home/airflow/.local/lib/python3.12/site-packages/airflow/example_dags/example_latest_only.py for tasks to queue
[2026-04-28T22:36:03.142+0000] {logging_mixin.py:188} INFO - [2026-04-28T22:36:03.142+0000] {dagbag.py:540} INFO - Filling up the DagBag from /home/airflow/.local/lib/python3.12/site-packages/airflow/example_dags/example_latest_only.py
[2026-04-28T22:36:03.148+0000] {processor.py:840} INFO - DAG(s) 'latest_only' retrieved from /home/airflow/.local/lib/python3.12/site-packages/airflow/example_dags/example_latest_only.py
[2026-04-28T22:36:03.174+0000] {logging_mixin.py:188} INFO - [2026-04-28T22:36:03.174+0000] {dag.py:3096} INFO - Sync 1 DAGs
[2026-04-28T22:36:03.201+0000] {logging_mixin.py:188} INFO - [2026-04-28T22:36:03.201+0000] {dag.py:3954} INFO - Setting next_dagrun for latest_only to 2026-04-28 16:00:00+00:00, run_after=2026-04-28 20:00:00+00:00
[2026-04-28T22:36:03.221+0000] {processor.py:183} INFO - Processing /home/airflow/.local/lib/python3.12/site-packages/airflow/example_dags/example_latest_only.py took 0.088 seconds
[2026-04-28T22:36:34.100+0000] {processor.py:161} INFO - Started process (PID=2082) to work on /home/airflow/.local/lib/python3.12/site-packages/airflow/example_dags/example_latest_only.py
[2026-04-28T22:36:34.101+0000] {processor.py:830} INFO - Processing file /home/airflow/.local/lib/python3.12/site-packages/airflow/example_dags/example_latest_only.py for tasks to queue
[2026-04-28T22:36:34.102+0000] {logging_mixin.py:188} INFO - [2026-04-28T22:36:34.102+0000] {dagbag.py:540} INFO - Filling up the DagBag from /home/airflow/.local/lib/python3.12/site-packages/airflow/example_dags/example_latest_only.py
[2026-04-28T22:36:34.108+0000] {processor.py:840} INFO - DAG(s) 'latest_only' retrieved from /home/airflow/.local/lib/python3.12/site-packages/airflow/example_dags/example_latest_only.py
[2026-04-28T22:36:34.133+0000] {logging_mixin.py:188} INFO - [2026-04-28T22:36:34.133+0000] {dag.py:3096} INFO - Sync 1 DAGs
[2026-04-28T22:36:34.159+0000] {logging_mixin.py:188} INFO - [2026-04-28T22:36:34.158+0000] {dag.py:3954} INFO - Setting next_dagrun for latest_only to 2026-04-28 16:00:00+00:00, run_after=2026-04-28 20:00:00+00:00
[2026-04-28T22:36:34.178+0000] {processor.py:183} INFO - Processing /home/airflow/.local/lib/python3.12/site-packages/airflow/example_dags/example_latest_only.py took 0.084 seconds
[2026-04-28T22:37:04.501+0000] {processor.py:161} INFO - Started process (PID=2142) to work on /home/airflow/.local/lib/python3.12/site-packages/airflow/example_dags/example_latest_only.py
[2026-04-28T22:37:04.502+0000] {processor.py:830} INFO - Processing file /home/airflow/.local/lib/python3.12/site-packages/airflow/example_dags/example_latest_only.py for tasks to queue
[2026-04-28T22:37:04.504+0000] {logging_mixin.py:188} INFO - [2026-04-28T22:37:04.503+0000] {dagbag.py:540} INFO - Filling up the DagBag from /home/airflow/.local/lib/python3.12/site-packages/airflow/example_dags/example_latest_only.py
[2026-04-28T22:37:04.509+0000] {processor.py:840} INFO - DAG(s) 'latest_only' retrieved from /home/airflow/.local/lib/python3.12/site-packages/airflow/example_dags/example_latest_only.py
[2026-04-28T22:37:04.532+0000] {logging_mixin.py:188} INFO - [2026-04-28T22:37:04.532+0000] {dag.py:3096} INFO - Sync 1 DAGs
[2026-04-28T22:37:04.558+0000] {logging_mixin.py:188} INFO - [2026-04-28T22:37:04.558+0000] {dag.py:3954} INFO - Setting next_dagrun for latest_only to 2026-04-28 16:00:00+00:00, run_after=2026-04-28 20:00:00+00:00
[2026-04-28T22:37:04.577+0000] {processor.py:183} INFO - Processing /home/airflow/.local/lib/python3.12/site-packages/airflow/example_dags/example_latest_only.py took 0.083 seconds
[2026-04-28T22:37:35.043+0000] {processor.py:161} INFO - Started process (PID=2202) to work on /home/airflow/.local/lib/python3.12/site-packages/airflow/example_dags/example_latest_only.py
[2026-04-28T22:37:35.046+0000] {processor.py:830} INFO - Processing file /home/airflow/.local/lib/python3.12/site-packages/airflow/example_dags/example_latest_only.py for tasks to queue
[2026-04-28T22:37:35.059+0000] {logging_mixin.py:188} INFO - [2026-04-28T22:37:35.058+0000] {dagbag.py:540} INFO - Filling up the DagBag from /home/airflow/.local/lib/python3.12/site-packages/airflow/example_dags/example_latest_only.py
[2026-04-28T22:37:35.079+0000] {processor.py:840} INFO - DAG(s) 'latest_only' retrieved from /home/airflow/.local/lib/python3.12/site-packages/airflow/example_dags/example_latest_only.py
[2026-04-28T22:37:35.173+0000] {logging_mixin.py:188} INFO - [2026-04-28T22:37:35.172+0000] {dag.py:3096} INFO - Sync 1 DAGs
[2026-04-28T22:37:35.291+0000] {logging_mixin.py:188} INFO - [2026-04-28T22:37:35.285+0000] {dag.py:3954} INFO - Setting next_dagrun for latest_only to 2026-04-28 16:00:00+00:00, run_after=2026-04-28 20:00:00+00:00
[2026-04-28T22:37:35.381+0000] {processor.py:183} INFO - Processing /home/airflow/.local/lib/python3.12/site-packages/airflow/example_dags/example_latest_only.py took 0.365 seconds
[2026-04-28T22:38:06.537+0000] {processor.py:161} INFO - Started process (PID=2262) to work on /home/airflow/.local/lib/python3.12/site-packages/airflow/example_dags/example_latest_only.py
[2026-04-28T22:38:06.543+0000] {processor.py:830} INFO - Processing file /home/airflow/.local/lib/python3.12/site-packages/airflow/example_dags/example_latest_only.py for tasks to queue
[2026-04-28T22:38:06.550+0000] {logging_mixin.py:188} INFO - [2026-04-28T22:38:06.549+0000] {dagbag.py:540} INFO - Filling up the DagBag from /home/airflow/.local/lib/python3.12/site-packages/airflow/example_dags/example_latest_only.py
[2026-04-28T22:38:06.565+0000] {processor.py:840} INFO - DAG(s) 'latest_only' retrieved from /home/airflow/.local/lib/python3.12/site-packages/airflow/example_dags/example_latest_only.py
[2026-04-28T22:38:06.659+0000] {logging_mixin.py:188} INFO - [2026-04-28T22:38:06.656+0000] {dag.py:3096} INFO - Sync 1 DAGs
[2026-04-28T22:38:06.705+0000] {logging_mixin.py:188} INFO - [2026-04-28T22:38:06.705+0000] {dag.py:3954} INFO - Setting next_dagrun for latest_only to 2026-04-28 16:00:00+00:00, run_after=2026-04-28 20:00:00+00:00
[2026-04-28T22:38:06.766+0000] {processor.py:183} INFO - Processing /home/airflow/.local/lib/python3.12/site-packages/airflow/example_dags/example_latest_only.py took 0.244 seconds
[2026-04-28T22:38:37.041+0000] {processor.py:161} INFO - Started process (PID=2322) to work on /home/airflow/.local/lib/python3.12/site-packages/airflow/example_dags/example_latest_only.py
[2026-04-28T22:38:37.044+0000] {processor.py:830} INFO - Processing file /home/airflow/.local/lib/python3.12/site-packages/airflow/example_dags/example_latest_only.py for tasks to queue
[2026-04-28T22:38:37.048+0000] {logging_mixin.py:188} INFO - [2026-04-28T22:38:37.048+0000] {dagbag.py:540} INFO - Filling up the DagBag from /home/airflow/.local/lib/python3.12/site-packages/airflow/example_dags/example_latest_only.py
[2026-04-28T22:38:37.059+0000] {processor.py:840} INFO - DAG(s) 'latest_only' retrieved from /home/airflow/.local/lib/python3.12/site-packages/airflow/example_dags/example_latest_only.py
[2026-04-28T22:38:37.091+0000] {logging_mixin.py:188} INFO - [2026-04-28T22:38:37.091+0000] {dag.py:3096} INFO - Sync 1 DAGs
[2026-04-28T22:38:37.128+0000] {logging_mixin.py:188} INFO - [2026-04-28T22:38:37.128+0000] {dag.py:3954} INFO - Setting next_dagrun for latest_only to 2026-04-28 16:00:00+00:00, run_after=2026-04-28 20:00:00+00:00
[2026-04-28T22:38:37.156+0000] {processor.py:183} INFO - Processing /home/airflow/.local/lib/python3.12/site-packages/airflow/example_dags/example_latest_only.py took 0.126 seconds
[2026-04-28T22:39:07.844+0000] {processor.py:161} INFO - Started process (PID=2382) to work on /home/airflow/.local/lib/python3.12/site-packages/airflow/example_dags/example_latest_only.py
[2026-04-28T22:39:07.848+0000] {processor.py:830} INFO - Processing file /home/airflow/.local/lib/python3.12/site-packages/airflow/example_dags/example_latest_only.py for tasks to queue
[2026-04-28T22:39:07.852+0000] {logging_mixin.py:188} INFO - [2026-04-28T22:39:07.850+0000] {dagbag.py:540} INFO - Filling up the DagBag from /home/airflow/.local/lib/python3.12/site-packages/airflow/example_dags/example_latest_only.py
[2026-04-28T22:39:07.870+0000] {processor.py:840} INFO - DAG(s) 'latest_only' retrieved from /home/airflow/.local/lib/python3.12/site-packages/airflow/example_dags/example_latest_only.py
[2026-04-28T22:39:07.947+0000] {logging_mixin.py:188} INFO - [2026-04-28T22:39:07.946+0000] {dag.py:3096} INFO - Sync 1 DAGs
[2026-04-28T22:39:07.983+0000] {logging_mixin.py:188} INFO - [2026-04-28T22:39:07.983+0000] {dag.py:3954} INFO - Setting next_dagrun for latest_only to 2026-04-28 16:00:00+00:00, run_after=2026-04-28 20:00:00+00:00
[2026-04-28T22:39:08.026+0000] {processor.py:183} INFO - Processing /home/airflow/.local/lib/python3.12/site-packages/airflow/example_dags/example_latest_only.py took 0.189 seconds
[2026-04-28T22:39:40.417+0000] {processor.py:161} INFO - Started process (PID=2442) to work on /home/airflow/.local/lib/python3.12/site-packages/airflow/example_dags/example_latest_only.py
[2026-04-28T22:39:40.421+0000] {processor.py:830} INFO - Processing file /home/airflow/.local/lib/python3.12/site-packages/airflow/example_dags/example_latest_only.py for tasks to queue
[2026-04-28T22:39:40.427+0000] {logging_mixin.py:188} INFO - [2026-04-28T22:39:40.426+0000] {dagbag.py:540} INFO - Filling up the DagBag from /home/airflow/.local/lib/python3.12/site-packages/airflow/example_dags/example_latest_only.py
[2026-04-28T22:39:40.444+0000] {processor.py:840} INFO - DAG(s) 'latest_only' retrieved from /home/airflow/.local/lib/python3.12/site-packages/airflow/example_dags/example_latest_only.py
[2026-04-28T22:39:40.557+0000] {logging_mixin.py:188} INFO - [2026-04-28T22:39:40.553+0000] {dag.py:3096} INFO - Sync 1 DAGs
[2026-04-28T22:39:40.670+0000] {logging_mixin.py:188} INFO - [2026-04-28T22:39:40.669+0000] {dag.py:3954} INFO - Setting next_dagrun for latest_only to 2026-04-28 16:00:00+00:00, run_after=2026-04-28 20:00:00+00:00
[2026-04-28T22:39:40.756+0000] {processor.py:183} INFO - Processing /home/airflow/.local/lib/python3.12/site-packages/airflow/example_dags/example_latest_only.py took 0.348 seconds
[2026-04-28T22:40:11.642+0000] {processor.py:161} INFO - Started process (PID=2502) to work on /home/airflow/.local/lib/python3.12/site-packages/airflow/example_dags/example_latest_only.py
[2026-04-28T22:40:11.643+0000] {processor.py:830} INFO - Processing file /home/airflow/.local/lib/python3.12/site-packages/airflow/example_dags/example_latest_only.py for tasks to queue
[2026-04-28T22:40:11.646+0000] {logging_mixin.py:188} INFO - [2026-04-28T22:40:11.645+0000] {dagbag.py:540} INFO - Filling up the DagBag from /home/airflow/.local/lib/python3.12/site-packages/airflow/example_dags/example_latest_only.py
[2026-04-28T22:40:11.656+0000] {processor.py:840} INFO - DAG(s) 'latest_only' retrieved from /home/airflow/.local/lib/python3.12/site-packages/airflow/example_dags/example_latest_only.py
[2026-04-28T22:40:11.707+0000] {logging_mixin.py:188} INFO - [2026-04-28T22:40:11.707+0000] {dag.py:3096} INFO - Sync 1 DAGs
[2026-04-28T22:40:11.742+0000] {logging_mixin.py:188} INFO - [2026-04-28T22:40:11.742+0000] {dag.py:3954} INFO - Setting next_dagrun for latest_only to 2026-04-28 16:00:00+00:00, run_after=2026-04-28 20:00:00+00:00
[2026-04-28T22:40:11.772+0000] {processor.py:183} INFO - Processing /home/airflow/.local/lib/python3.12/site-packages/airflow/example_dags/example_latest_only.py took 0.144 seconds
[2026-04-28T22:40:42.591+0000] {processor.py:161} INFO - Started process (PID=2562) to work on /home/airflow/.local/lib/python3.12/site-packages/airflow/example_dags/example_latest_only.py
[2026-04-28T22:40:42.597+0000] {processor.py:830} INFO - Processing file /home/airflow/.local/lib/python3.12/site-packages/airflow/example_dags/example_latest_only.py for tasks to queue
[2026-04-28T22:40:42.606+0000] {logging_mixin.py:188} INFO - [2026-04-28T22:40:42.604+0000] {dagbag.py:540} INFO - Filling up the DagBag from /home/airflow/.local/lib/python3.12/site-packages/airflow/example_dags/example_latest_only.py
[2026-04-28T22:40:42.627+0000] {processor.py:840} INFO - DAG(s) 'latest_only' retrieved from /home/airflow/.local/lib/python3.12/site-packages/airflow/example_dags/example_latest_only.py
[2026-04-28T22:40:42.675+0000] {logging_mixin.py:188} INFO - [2026-04-28T22:40:42.675+0000] {dag.py:3096} INFO - Sync 1 DAGs
[2026-04-28T22:40:42.724+0000] {logging_mixin.py:188} INFO - [2026-04-28T22:40:42.724+0000] {dag.py:3954} INFO - Setting next_dagrun for latest_only to 2026-04-28 16:00:00+00:00, run_after=2026-04-28 20:00:00+00:00
[2026-04-28T22:40:42.760+0000] {processor.py:183} INFO - Processing /home/airflow/.local/lib/python3.12/site-packages/airflow/example_dags/example_latest_only.py took 0.181 seconds
[2026-04-28T22:41:13.109+0000] {processor.py:161} INFO - Started process (PID=2622) to work on /home/airflow/.local/lib/python3.12/site-packages/airflow/example_dags/example_latest_only.py
[2026-04-28T22:41:13.130+0000] {processor.py:830} INFO - Processing file /home/airflow/.local/lib/python3.12/site-packages/airflow/example_dags/example_latest_only.py for tasks to queue
[2026-04-28T22:41:13.145+0000] {logging_mixin.py:188} INFO - [2026-04-28T22:41:13.144+0000] {dagbag.py:540} INFO - Filling up the DagBag from /home/airflow/.local/lib/python3.12/site-packages/airflow/example_dags/example_latest_only.py
[2026-04-28T22:41:13.187+0000] {processor.py:840} INFO - DAG(s) 'latest_only' retrieved from /home/airflow/.local/lib/python3.12/site-packages/airflow/example_dags/example_latest_only.py
[2026-04-28T22:41:13.320+0000] {logging_mixin.py:188} INFO - [2026-04-28T22:41:13.319+0000] {dag.py:3096} INFO - Sync 1 DAGs
[2026-04-28T22:41:13.536+0000] {logging_mixin.py:188} INFO - [2026-04-28T22:41:13.535+0000] {dag.py:3954} INFO - Setting next_dagrun for latest_only to 2026-04-28 16:00:00+00:00, run_after=2026-04-28 20:00:00+00:00
[2026-04-28T22:41:13.656+0000] {processor.py:183} INFO - Processing /home/airflow/.local/lib/python3.12/site-packages/airflow/example_dags/example_latest_only.py took 0.581 seconds
[2026-04-28T22:41:44.266+0000] {processor.py:161} INFO - Started process (PID=2681) to work on /home/airflow/.local/lib/python3.12/site-packages/airflow/example_dags/example_latest_only.py
[2026-04-28T22:41:44.300+0000] {processor.py:830} INFO - Processing file /home/airflow/.local/lib/python3.12/site-packages/airflow/example_dags/example_latest_only.py for tasks to queue
[2026-04-28T22:41:44.346+0000] {logging_mixin.py:188} INFO - [2026-04-28T22:41:44.312+0000] {dagbag.py:540} INFO - Filling up the DagBag from /home/airflow/.local/lib/python3.12/site-packages/airflow/example_dags/example_latest_only.py
[2026-04-28T22:41:44.411+0000] {processor.py:840} INFO - DAG(s) 'latest_only' retrieved from /home/airflow/.local/lib/python3.12/site-packages/airflow/example_dags/example_latest_only.py
[2026-04-28T22:41:44.802+0000] {logging_mixin.py:188} INFO - [2026-04-28T22:41:44.798+0000] {dag.py:3096} INFO - Sync 1 DAGs
[2026-04-28T22:41:44.979+0000] {logging_mixin.py:188} INFO - [2026-04-28T22:41:44.978+0000] {dag.py:3954} INFO - Setting next_dagrun for latest_only to 2026-04-28 16:00:00+00:00, run_after=2026-04-28 20:00:00+00:00
[2026-04-28T22:41:45.193+0000] {processor.py:183} INFO - Processing /home/airflow/.local/lib/python3.12/site-packages/airflow/example_dags/example_latest_only.py took 0.961 seconds
[2026-04-28T22:42:15.394+0000] {processor.py:161} INFO - Started process (PID=2742) to work on /home/airflow/.local/lib/python3.12/site-packages/airflow/example_dags/example_latest_only.py
[2026-04-28T22:42:15.397+0000] {processor.py:830} INFO - Processing file /home/airflow/.local/lib/python3.12/site-packages/airflow/example_dags/example_latest_only.py for tasks to queue
[2026-04-28T22:42:15.404+0000] {logging_mixin.py:188} INFO - [2026-04-28T22:42:15.403+0000] {dagbag.py:540} INFO - Filling up the DagBag from /home/airflow/.local/lib/python3.12/site-packages/airflow/example_dags/example_latest_only.py
[2026-04-28T22:42:15.419+0000] {processor.py:840} INFO - DAG(s) 'latest_only' retrieved from /home/airflow/.local/lib/python3.12/site-packages/airflow/example_dags/example_latest_only.py
[2026-04-28T22:42:15.461+0000] {logging_mixin.py:188} INFO - [2026-04-28T22:42:15.460+0000] {dag.py:3096} INFO - Sync 1 DAGs
[2026-04-28T22:42:15.528+0000] {logging_mixin.py:188} INFO - [2026-04-28T22:42:15.528+0000] {dag.py:3954} INFO - Setting next_dagrun for latest_only to 2026-04-28 16:00:00+00:00, run_after=2026-04-28 20:00:00+00:00
[2026-04-28T22:42:15.570+0000] {processor.py:183} INFO - Processing /home/airflow/.local/lib/python3.12/site-packages/airflow/example_dags/example_latest_only.py took 0.190 seconds
[2026-04-28T22:42:46.251+0000] {processor.py:161} INFO - Started process (PID=2801) to work on /home/airflow/.local/lib/python3.12/site-packages/airflow/example_dags/example_latest_only.py
[2026-04-28T22:42:46.255+0000] {processor.py:830} INFO - Processing file /home/airflow/.local/lib/python3.12/site-packages/airflow/example_dags/example_latest_only.py for tasks to queue
[2026-04-28T22:42:46.260+0000] {logging_mixin.py:188} INFO - [2026-04-28T22:42:46.260+0000] {dagbag.py:540} INFO - Filling up the DagBag from /home/airflow/.local/lib/python3.12/site-packages/airflow/example_dags/example_latest_only.py
[2026-04-28T22:42:46.269+0000] {processor.py:840} INFO - DAG(s) 'latest_only' retrieved from /home/airflow/.local/lib/python3.12/site-packages/airflow/example_dags/example_latest_only.py
[2026-04-28T22:42:46.305+0000] {logging_mixin.py:188} INFO - [2026-04-28T22:42:46.305+0000] {dag.py:3096} INFO - Sync 1 DAGs
[2026-04-28T22:42:46.350+0000] {logging_mixin.py:188} INFO - [2026-04-28T22:42:46.349+0000] {dag.py:3954} INFO - Setting next_dagrun for latest_only to 2026-04-28 16:00:00+00:00, run_after=2026-04-28 20:00:00+00:00
[2026-04-28T22:42:46.379+0000] {processor.py:183} INFO - Processing /home/airflow/.local/lib/python3.12/site-packages/airflow/example_dags/example_latest_only.py took 0.143 seconds
[2026-04-28T22:43:17.011+0000] {processor.py:161} INFO - Started process (PID=2861) to work on /home/airflow/.local/lib/python3.12/site-packages/airflow/example_dags/example_latest_only.py
[2026-04-28T22:43:17.013+0000] {processor.py:830} INFO - Processing file /home/airflow/.local/lib/python3.12/site-packages/airflow/example_dags/example_latest_only.py for tasks to queue
[2026-04-28T22:43:17.020+0000] {logging_mixin.py:188} INFO - [2026-04-28T22:43:17.020+0000] {dagbag.py:540} INFO - Filling up the DagBag from /home/airflow/.local/lib/python3.12/site-packages/airflow/example_dags/example_latest_only.py
[2026-04-28T22:43:17.048+0000] {processor.py:840} INFO - DAG(s) 'latest_only' retrieved from /home/airflow/.local/lib/python3.12/site-packages/airflow/example_dags/example_latest_only.py
[2026-04-28T22:43:17.153+0000] {logging_mixin.py:188} INFO - [2026-04-28T22:43:17.153+0000] {dag.py:3096} INFO - Sync 1 DAGs
[2026-04-28T22:43:17.284+0000] {logging_mixin.py:188} INFO - [2026-04-28T22:43:17.282+0000] {dag.py:3954} INFO - Setting next_dagrun for latest_only to 2026-04-28 16:00:00+00:00, run_after=2026-04-28 20:00:00+00:00
[2026-04-28T22:43:17.418+0000] {processor.py:183} INFO - Processing /home/airflow/.local/lib/python3.12/site-packages/airflow/example_dags/example_latest_only.py took 0.460 seconds
[2026-04-28T22:43:47.634+0000] {processor.py:161} INFO - Started process (PID=2921) to work on /home/airflow/.local/lib/python3.12/site-packages/airflow/example_dags/example_latest_only.py
[2026-04-28T22:43:47.667+0000] {processor.py:830} INFO - Processing file /home/airflow/.local/lib/python3.12/site-packages/airflow/example_dags/example_latest_only.py for tasks to queue
[2026-04-28T22:43:47.670+0000] {logging_mixin.py:188} INFO - [2026-04-28T22:43:47.670+0000] {dagbag.py:540} INFO - Filling up the DagBag from /home/airflow/.local/lib/python3.12/site-packages/airflow/example_dags/example_latest_only.py
[2026-04-28T22:43:47.684+0000] {processor.py:840} INFO - DAG(s) 'latest_only' retrieved from /home/airflow/.local/lib/python3.12/site-packages/airflow/example_dags/example_latest_only.py
[2026-04-28T22:43:47.743+0000] {logging_mixin.py:188} INFO - [2026-04-28T22:43:47.741+0000] {dag.py:3096} INFO - Sync 1 DAGs
[2026-04-28T22:43:47.867+0000] {logging_mixin.py:188} INFO - [2026-04-28T22:43:47.866+0000] {dag.py:3954} INFO - Setting next_dagrun for latest_only to 2026-04-28 16:00:00+00:00, run_after=2026-04-28 20:00:00+00:00
[2026-04-28T22:43:47.914+0000] {processor.py:183} INFO - Processing /home/airflow/.local/lib/python3.12/site-packages/airflow/example_dags/example_latest_only.py took 0.305 seconds
[2026-04-28T22:44:18.049+0000] {processor.py:161} INFO - Started process (PID=2978) to work on /home/airflow/.local/lib/python3.12/site-packages/airflow/example_dags/example_latest_only.py
[2026-04-28T22:44:18.050+0000] {processor.py:830} INFO - Processing file /home/airflow/.local/lib/python3.12/site-packages/airflow/example_dags/example_latest_only.py for tasks to queue
[2026-04-28T22:44:18.052+0000] {logging_mixin.py:188} INFO - [2026-04-28T22:44:18.052+0000] {dagbag.py:540} INFO - Filling up the DagBag from /home/airflow/.local/lib/python3.12/site-packages/airflow/example_dags/example_latest_only.py
[2026-04-28T22:44:18.058+0000] {processor.py:840} INFO - DAG(s) 'latest_only' retrieved from /home/airflow/.local/lib/python3.12/site-packages/airflow/example_dags/example_latest_only.py
[2026-04-28T22:44:18.089+0000] {logging_mixin.py:188} INFO - [2026-04-28T22:44:18.088+0000] {dag.py:3096} INFO - Sync 1 DAGs
[2026-04-28T22:44:18.117+0000] {logging_mixin.py:188} INFO - [2026-04-28T22:44:18.117+0000] {dag.py:3954} INFO - Setting next_dagrun for latest_only to 2026-04-28 16:00:00+00:00, run_after=2026-04-28 20:00:00+00:00
[2026-04-28T22:44:18.143+0000] {processor.py:183} INFO - Processing /home/airflow/.local/lib/python3.12/site-packages/airflow/example_dags/example_latest_only.py took 0.103 seconds
[2026-04-28T22:44:48.352+0000] {processor.py:161} INFO - Started process (PID=3037) to work on /home/airflow/.local/lib/python3.12/site-packages/airflow/example_dags/example_latest_only.py
[2026-04-28T22:44:48.357+0000] {processor.py:830} INFO - Processing file /home/airflow/.local/lib/python3.12/site-packages/airflow/example_dags/example_latest_only.py for tasks to queue
[2026-04-28T22:44:48.360+0000] {logging_mixin.py:188} INFO - [2026-04-28T22:44:48.360+0000] {dagbag.py:540} INFO - Filling up the DagBag from /home/airflow/.local/lib/python3.12/site-packages/airflow/example_dags/example_latest_only.py
[2026-04-28T22:44:48.368+0000] {processor.py:840} INFO - DAG(s) 'latest_only' retrieved from /home/airflow/.local/lib/python3.12/site-packages/airflow/example_dags/example_latest_only.py
[2026-04-28T22:44:48.400+0000] {logging_mixin.py:188} INFO - [2026-04-28T22:44:48.400+0000] {dag.py:3096} INFO - Sync 1 DAGs
[2026-04-28T22:44:48.423+0000] {logging_mixin.py:188} INFO - [2026-04-28T22:44:48.423+0000] {dag.py:3954} INFO - Setting next_dagrun for latest_only to 2026-04-28 16:00:00+00:00, run_after=2026-04-28 20:00:00+00:00
[2026-04-28T22:44:48.438+0000] {processor.py:183} INFO - Processing /home/airflow/.local/lib/python3.12/site-packages/airflow/example_dags/example_latest_only.py took 0.096 seconds
[2026-04-28T22:45:18.866+0000] {processor.py:161} INFO - Started process (PID=3097) to work on /home/airflow/.local/lib/python3.12/site-packages/airflow/example_dags/example_latest_only.py
[2026-04-28T22:45:18.868+0000] {processor.py:830} INFO - Processing file /home/airflow/.local/lib/python3.12/site-packages/airflow/example_dags/example_latest_only.py for tasks to queue
[2026-04-28T22:45:18.870+0000] {logging_mixin.py:188} INFO - [2026-04-28T22:45:18.869+0000] {dagbag.py:540} INFO - Filling up the DagBag from /home/airflow/.local/lib/python3.12/site-packages/airflow/example_dags/example_latest_only.py
[2026-04-28T22:45:18.875+0000] {processor.py:840} INFO - DAG(s) 'latest_only' retrieved from /home/airflow/.local/lib/python3.12/site-packages/airflow/example_dags/example_latest_only.py
[2026-04-28T22:45:18.892+0000] {logging_mixin.py:188} INFO - [2026-04-28T22:45:18.892+0000] {dag.py:3096} INFO - Sync 1 DAGs
[2026-04-28T22:45:18.913+0000] {logging_mixin.py:188} INFO - [2026-04-28T22:45:18.912+0000] {dag.py:3954} INFO - Setting next_dagrun for latest_only to 2026-04-28 16:00:00+00:00, run_after=2026-04-28 20:00:00+00:00
[2026-04-28T22:45:18.928+0000] {processor.py:183} INFO - Processing /home/airflow/.local/lib/python3.12/site-packages/airflow/example_dags/example_latest_only.py took 0.067 seconds
[2026-04-28T22:45:49.632+0000] {processor.py:161} INFO - Started process (PID=3157) to work on /home/airflow/.local/lib/python3.12/site-packages/airflow/example_dags/example_latest_only.py
[2026-04-28T22:45:49.634+0000] {processor.py:830} INFO - Processing file /home/airflow/.local/lib/python3.12/site-packages/airflow/example_dags/example_latest_only.py for tasks to queue
[2026-04-28T22:45:49.643+0000] {logging_mixin.py:188} INFO - [2026-04-28T22:45:49.643+0000] {dagbag.py:540} INFO - Filling up the DagBag from /home/airflow/.local/lib/python3.12/site-packages/airflow/example_dags/example_latest_only.py
[2026-04-28T22:45:49.671+0000] {processor.py:840} INFO - DAG(s) 'latest_only' retrieved from /home/airflow/.local/lib/python3.12/site-packages/airflow/example_dags/example_latest_only.py
[2026-04-28T22:45:49.706+0000] {logging_mixin.py:188} INFO - [2026-04-28T22:45:49.706+0000] {dag.py:3096} INFO - Sync 1 DAGs
[2026-04-28T22:45:49.775+0000] {logging_mixin.py:188} INFO - [2026-04-28T22:45:49.775+0000] {dag.py:3954} INFO - Setting next_dagrun for latest_only to 2026-04-28 16:00:00+00:00, run_after=2026-04-28 20:00:00+00:00
[2026-04-28T22:45:49.848+0000] {processor.py:183} INFO - Processing /home/airflow/.local/lib/python3.12/site-packages/airflow/example_dags/example_latest_only.py took 0.257 seconds
[2026-04-28T22:46:20.695+0000] {processor.py:161} INFO - Started process (PID=3218) to work on /home/airflow/.local/lib/python3.12/site-packages/airflow/example_dags/example_latest_only.py
[2026-04-28T22:46:20.700+0000] {processor.py:830} INFO - Processing file /home/airflow/.local/lib/python3.12/site-packages/airflow/example_dags/example_latest_only.py for tasks to queue
[2026-04-28T22:46:20.703+0000] {logging_mixin.py:188} INFO - [2026-04-28T22:46:20.702+0000] {dagbag.py:540} INFO - Filling up the DagBag from /home/airflow/.local/lib/python3.12/site-packages/airflow/example_dags/example_latest_only.py
[2026-04-28T22:46:20.716+0000] {processor.py:840} INFO - DAG(s) 'latest_only' retrieved from /home/airflow/.local/lib/python3.12/site-packages/airflow/example_dags/example_latest_only.py
[2026-04-28T22:46:20.796+0000] {logging_mixin.py:188} INFO - [2026-04-28T22:46:20.796+0000] {dag.py:3096} INFO - Sync 1 DAGs
[2026-04-28T22:46:20.857+0000] {logging_mixin.py:188} INFO - [2026-04-28T22:46:20.857+0000] {dag.py:3954} INFO - Setting next_dagrun for latest_only to 2026-04-28 16:00:00+00:00, run_after=2026-04-28 20:00:00+00:00
[2026-04-28T22:46:20.897+0000] {processor.py:183} INFO - Processing /home/airflow/.local/lib/python3.12/site-packages/airflow/example_dags/example_latest_only.py took 0.221 seconds
[2026-04-28T22:46:51.702+0000] {processor.py:161} INFO - Started process (PID=3278) to work on /home/airflow/.local/lib/python3.12/site-packages/airflow/example_dags/example_latest_only.py
[2026-04-28T22:46:51.703+0000] {processor.py:830} INFO - Processing file /home/airflow/.local/lib/python3.12/site-packages/airflow/example_dags/example_latest_only.py for tasks to queue
[2026-04-28T22:46:51.706+0000] {logging_mixin.py:188} INFO - [2026-04-28T22:46:51.706+0000] {dagbag.py:540} INFO - Filling up the DagBag from /home/airflow/.local/lib/python3.12/site-packages/airflow/example_dags/example_latest_only.py
[2026-04-28T22:46:51.714+0000] {processor.py:840} INFO - DAG(s) 'latest_only' retrieved from /home/airflow/.local/lib/python3.12/site-packages/airflow/example_dags/example_latest_only.py
[2026-04-28T22:46:51.741+0000] {logging_mixin.py:188} INFO - [2026-04-28T22:46:51.740+0000] {dag.py:3096} INFO - Sync 1 DAGs
[2026-04-28T22:46:51.774+0000] {logging_mixin.py:188} INFO - [2026-04-28T22:46:51.774+0000] {dag.py:3954} INFO - Setting next_dagrun for latest_only to 2026-04-28 16:00:00+00:00, run_after=2026-04-28 20:00:00+00:00
[2026-04-28T22:46:51.815+0000] {processor.py:183} INFO - Processing /home/airflow/.local/lib/python3.12/site-packages/airflow/example_dags/example_latest_only.py took 0.129 seconds
[2026-04-28T22:47:22.563+0000] {processor.py:161} INFO - Started process (PID=3338) to work on /home/airflow/.local/lib/python3.12/site-packages/airflow/example_dags/example_latest_only.py
[2026-04-28T22:47:22.564+0000] {processor.py:830} INFO - Processing file /home/airflow/.local/lib/python3.12/site-packages/airflow/example_dags/example_latest_only.py for tasks to queue
[2026-04-28T22:47:22.565+0000] {logging_mixin.py:188} INFO - [2026-04-28T22:47:22.565+0000] {dagbag.py:540} INFO - Filling up the DagBag from /home/airflow/.local/lib/python3.12/site-packages/airflow/example_dags/example_latest_only.py
[2026-04-28T22:47:22.570+0000] {processor.py:840} INFO - DAG(s) 'latest_only' retrieved from /home/airflow/.local/lib/python3.12/site-packages/airflow/example_dags/example_latest_only.py
[2026-04-28T22:47:22.587+0000] {logging_mixin.py:188} INFO - [2026-04-28T22:47:22.587+0000] {dag.py:3096} INFO - Sync 1 DAGs
[2026-04-28T22:47:22.605+0000] {logging_mixin.py:188} INFO - [2026-04-28T22:47:22.605+0000] {dag.py:3954} INFO - Setting next_dagrun for latest_only to 2026-04-28 16:00:00+00:00, run_after=2026-04-28 20:00:00+00:00
[2026-04-28T22:47:22.620+0000] {processor.py:183} INFO - Processing /home/airflow/.local/lib/python3.12/site-packages/airflow/example_dags/example_latest_only.py took 0.063 seconds
[2026-04-28T22:47:53.370+0000] {processor.py:161} INFO - Started process (PID=3398) to work on /home/airflow/.local/lib/python3.12/site-packages/airflow/example_dags/example_latest_only.py
[2026-04-28T22:47:53.371+0000] {processor.py:830} INFO - Processing file /home/airflow/.local/lib/python3.12/site-packages/airflow/example_dags/example_latest_only.py for tasks to queue
[2026-04-28T22:47:53.373+0000] {logging_mixin.py:188} INFO - [2026-04-28T22:47:53.373+0000] {dagbag.py:540} INFO - Filling up the DagBag from /home/airflow/.local/lib/python3.12/site-packages/airflow/example_dags/example_latest_only.py
[2026-04-28T22:47:53.378+0000] {processor.py:840} INFO - DAG(s) 'latest_only' retrieved from /home/airflow/.local/lib/python3.12/site-packages/airflow/example_dags/example_latest_only.py
[2026-04-28T22:47:53.403+0000] {logging_mixin.py:188} INFO - [2026-04-28T22:47:53.403+0000] {dag.py:3096} INFO - Sync 1 DAGs
[2026-04-28T22:47:53.432+0000] {logging_mixin.py:188} INFO - [2026-04-28T22:47:53.431+0000] {dag.py:3954} INFO - Setting next_dagrun for latest_only to 2026-04-28 16:00:00+00:00, run_after=2026-04-28 20:00:00+00:00
[2026-04-28T22:47:53.450+0000] {processor.py:183} INFO - Processing /home/airflow/.local/lib/python3.12/site-packages/airflow/example_dags/example_latest_only.py took 0.087 seconds
[2026-04-28T22:48:23.836+0000] {processor.py:161} INFO - Started process (PID=3458) to work on /home/airflow/.local/lib/python3.12/site-packages/airflow/example_dags/example_latest_only.py
[2026-04-28T22:48:23.837+0000] {processor.py:830} INFO - Processing file /home/airflow/.local/lib/python3.12/site-packages/airflow/example_dags/example_latest_only.py for tasks to queue
[2026-04-28T22:48:23.839+0000] {logging_mixin.py:188} INFO - [2026-04-28T22:48:23.838+0000] {dagbag.py:540} INFO - Filling up the DagBag from /home/airflow/.local/lib/python3.12/site-packages/airflow/example_dags/example_latest_only.py
[2026-04-28T22:48:23.845+0000] {processor.py:840} INFO - DAG(s) 'latest_only' retrieved from /home/airflow/.local/lib/python3.12/site-packages/airflow/example_dags/example_latest_only.py
[2026-04-28T22:48:23.868+0000] {logging_mixin.py:188} INFO - [2026-04-28T22:48:23.868+0000] {dag.py:3096} INFO - Sync 1 DAGs
[2026-04-28T22:48:23.894+0000] {logging_mixin.py:188} INFO - [2026-04-28T22:48:23.894+0000] {dag.py:3954} INFO - Setting next_dagrun for latest_only to 2026-04-28 16:00:00+00:00, run_after=2026-04-28 20:00:00+00:00
[2026-04-28T22:48:23.921+0000] {processor.py:183} INFO - Processing /home/airflow/.local/lib/python3.12/site-packages/airflow/example_dags/example_latest_only.py took 0.092 seconds
[2026-04-28T22:48:54.481+0000] {processor.py:161} INFO - Started process (PID=3517) to work on /home/airflow/.local/lib/python3.12/site-packages/airflow/example_dags/example_latest_only.py
[2026-04-28T22:48:54.484+0000] {processor.py:830} INFO - Processing file /home/airflow/.local/lib/python3.12/site-packages/airflow/example_dags/example_latest_only.py for tasks to queue
[2026-04-28T22:48:54.486+0000] {logging_mixin.py:188} INFO - [2026-04-28T22:48:54.486+0000] {dagbag.py:540} INFO - Filling up the DagBag from /home/airflow/.local/lib/python3.12/site-packages/airflow/example_dags/example_latest_only.py
[2026-04-28T22:48:54.493+0000] {processor.py:840} INFO - DAG(s) 'latest_only' retrieved from /home/airflow/.local/lib/python3.12/site-packages/airflow/example_dags/example_latest_only.py
[2026-04-28T22:48:54.519+0000] {logging_mixin.py:188} INFO - [2026-04-28T22:48:54.519+0000] {dag.py:3096} INFO - Sync 1 DAGs
[2026-04-28T22:48:54.548+0000] {logging_mixin.py:188} INFO - [2026-04-28T22:48:54.548+0000] {dag.py:3954} INFO - Setting next_dagrun for latest_only to 2026-04-28 16:00:00+00:00, run_after=2026-04-28 20:00:00+00:00
[2026-04-28T22:48:54.572+0000] {processor.py:183} INFO - Processing /home/airflow/.local/lib/python3.12/site-packages/airflow/example_dags/example_latest_only.py took 0.100 seconds
[2026-04-28T22:49:24.989+0000] {processor.py:161} INFO - Started process (PID=3576) to work on /home/airflow/.local/lib/python3.12/site-packages/airflow/example_dags/example_latest_only.py
[2026-04-28T22:49:24.989+0000] {processor.py:830} INFO - Processing file /home/airflow/.local/lib/python3.12/site-packages/airflow/example_dags/example_latest_only.py for tasks to queue
[2026-04-28T22:49:24.991+0000] {logging_mixin.py:188} INFO - [2026-04-28T22:49:24.991+0000] {dagbag.py:540} INFO - Filling up the DagBag from /home/airflow/.local/lib/python3.12/site-packages/airflow/example_dags/example_latest_only.py
[2026-04-28T22:49:24.996+0000] {processor.py:840} INFO - DAG(s) 'latest_only' retrieved from /home/airflow/.local/lib/python3.12/site-packages/airflow/example_dags/example_latest_only.py
[2026-04-28T22:49:25.013+0000] {logging_mixin.py:188} INFO - [2026-04-28T22:49:25.013+0000] {dag.py:3096} INFO - Sync 1 DAGs
[2026-04-28T22:49:25.032+0000] {logging_mixin.py:188} INFO - [2026-04-28T22:49:25.032+0000] {dag.py:3954} INFO - Setting next_dagrun for latest_only to 2026-04-28 16:00:00+00:00, run_after=2026-04-28 20:00:00+00:00
[2026-04-28T22:49:25.047+0000] {processor.py:183} INFO - Processing /home/airflow/.local/lib/python3.12/site-packages/airflow/example_dags/example_latest_only.py took 0.063 seconds
[2026-04-28T22:49:55.391+0000] {processor.py:161} INFO - Started process (PID=3636) to work on /home/airflow/.local/lib/python3.12/site-packages/airflow/example_dags/example_latest_only.py
[2026-04-28T22:49:55.396+0000] {processor.py:830} INFO - Processing file /home/airflow/.local/lib/python3.12/site-packages/airflow/example_dags/example_latest_only.py for tasks to queue
[2026-04-28T22:49:55.402+0000] {logging_mixin.py:188} INFO - [2026-04-28T22:49:55.402+0000] {dagbag.py:540} INFO - Filling up the DagBag from /home/airflow/.local/lib/python3.12/site-packages/airflow/example_dags/example_latest_only.py
[2026-04-28T22:49:55.414+0000] {processor.py:840} INFO - DAG(s) 'latest_only' retrieved from /home/airflow/.local/lib/python3.12/site-packages/airflow/example_dags/example_latest_only.py
[2026-04-28T22:49:55.439+0000] {logging_mixin.py:188} INFO - [2026-04-28T22:49:55.438+0000] {dag.py:3096} INFO - Sync 1 DAGs
[2026-04-28T22:49:55.467+0000] {logging_mixin.py:188} INFO - [2026-04-28T22:49:55.466+0000] {dag.py:3954} INFO - Setting next_dagrun for latest_only to 2026-04-28 16:00:00+00:00, run_after=2026-04-28 20:00:00+00:00
[2026-04-28T22:49:55.487+0000] {processor.py:183} INFO - Processing /home/airflow/.local/lib/python3.12/site-packages/airflow/example_dags/example_latest_only.py took 0.112 seconds
[2026-04-28T22:50:25.603+0000] {processor.py:161} INFO - Started process (PID=3696) to work on /home/airflow/.local/lib/python3.12/site-packages/airflow/example_dags/example_latest_only.py
[2026-04-28T22:50:25.604+0000] {processor.py:830} INFO - Processing file /home/airflow/.local/lib/python3.12/site-packages/airflow/example_dags/example_latest_only.py for tasks to queue
[2026-04-28T22:50:25.605+0000] {logging_mixin.py:188} INFO - [2026-04-28T22:50:25.605+0000] {dagbag.py:540} INFO - Filling up the DagBag from /home/airflow/.local/lib/python3.12/site-packages/airflow/example_dags/example_latest_only.py
[2026-04-28T22:50:25.610+0000] {processor.py:840} INFO - DAG(s) 'latest_only' retrieved from /home/airflow/.local/lib/python3.12/site-packages/airflow/example_dags/example_latest_only.py
[2026-04-28T22:50:25.627+0000] {logging_mixin.py:188} INFO - [2026-04-28T22:50:25.627+0000] {dag.py:3096} INFO - Sync 1 DAGs
[2026-04-28T22:50:25.646+0000] {logging_mixin.py:188} INFO - [2026-04-28T22:50:25.646+0000] {dag.py:3954} INFO - Setting next_dagrun for latest_only to 2026-04-28 16:00:00+00:00, run_after=2026-04-28 20:00:00+00:00
[2026-04-28T22:50:25.663+0000] {processor.py:183} INFO - Processing /home/airflow/.local/lib/python3.12/site-packages/airflow/example_dags/example_latest_only.py took 0.065 seconds
[2026-04-28T22:50:56.383+0000] {processor.py:161} INFO - Started process (PID=3756) to work on /home/airflow/.local/lib/python3.12/site-packages/airflow/example_dags/example_latest_only.py
[2026-04-28T22:50:56.385+0000] {processor.py:830} INFO - Processing file /home/airflow/.local/lib/python3.12/site-packages/airflow/example_dags/example_latest_only.py for tasks to queue
[2026-04-28T22:50:56.387+0000] {logging_mixin.py:188} INFO - [2026-04-28T22:50:56.386+0000] {dagbag.py:540} INFO - Filling up the DagBag from /home/airflow/.local/lib/python3.12/site-packages/airflow/example_dags/example_latest_only.py
[2026-04-28T22:50:56.391+0000] {processor.py:840} INFO - DAG(s) 'latest_only' retrieved from /home/airflow/.local/lib/python3.12/site-packages/airflow/example_dags/example_latest_only.py
[2026-04-28T22:50:56.409+0000] {logging_mixin.py:188} INFO - [2026-04-28T22:50:56.409+0000] {dag.py:3096} INFO - Sync 1 DAGs
[2026-04-28T22:50:56.428+0000] {logging_mixin.py:188} INFO - [2026-04-28T22:50:56.427+0000] {dag.py:3954} INFO - Setting next_dagrun for latest_only to 2026-04-28 16:00:00+00:00, run_after=2026-04-28 20:00:00+00:00
[2026-04-28T22:50:56.445+0000] {processor.py:183} INFO - Processing /home/airflow/.local/lib/python3.12/site-packages/airflow/example_dags/example_latest_only.py took 0.068 seconds
[2026-04-28T22:51:27.210+0000] {processor.py:161} INFO - Started process (PID=3817) to work on /home/airflow/.local/lib/python3.12/site-packages/airflow/example_dags/example_latest_only.py
[2026-04-28T22:51:27.211+0000] {processor.py:830} INFO - Processing file /home/airflow/.local/lib/python3.12/site-packages/airflow/example_dags/example_latest_only.py for tasks to queue
[2026-04-28T22:51:27.214+0000] {logging_mixin.py:188} INFO - [2026-04-28T22:51:27.213+0000] {dagbag.py:540} INFO - Filling up the DagBag from /home/airflow/.local/lib/python3.12/site-packages/airflow/example_dags/example_latest_only.py
[2026-04-28T22:51:27.219+0000] {processor.py:840} INFO - DAG(s) 'latest_only' retrieved from /home/airflow/.local/lib/python3.12/site-packages/airflow/example_dags/example_latest_only.py
[2026-04-28T22:51:27.241+0000] {logging_mixin.py:188} INFO - [2026-04-28T22:51:27.241+0000] {dag.py:3096} INFO - Sync 1 DAGs
[2026-04-28T22:51:27.260+0000] {logging_mixin.py:188} INFO - [2026-04-28T22:51:27.259+0000] {dag.py:3954} INFO - Setting next_dagrun for latest_only to 2026-04-28 16:00:00+00:00, run_after=2026-04-28 20:00:00+00:00
[2026-04-28T22:51:27.275+0000] {processor.py:183} INFO - Processing /home/airflow/.local/lib/python3.12/site-packages/airflow/example_dags/example_latest_only.py took 0.073 seconds
[2026-04-28T22:51:58.927+0000] {processor.py:161} INFO - Started process (PID=3877) to work on /home/airflow/.local/lib/python3.12/site-packages/airflow/example_dags/example_latest_only.py
[2026-04-28T22:51:58.929+0000] {processor.py:830} INFO - Processing file /home/airflow/.local/lib/python3.12/site-packages/airflow/example_dags/example_latest_only.py for tasks to queue
[2026-04-28T22:51:58.933+0000] {logging_mixin.py:188} INFO - [2026-04-28T22:51:58.933+0000] {dagbag.py:540} INFO - Filling up the DagBag from /home/airflow/.local/lib/python3.12/site-packages/airflow/example_dags/example_latest_only.py
[2026-04-28T22:51:58.956+0000] {processor.py:840} INFO - DAG(s) 'latest_only' retrieved from /home/airflow/.local/lib/python3.12/site-packages/airflow/example_dags/example_latest_only.py
[2026-04-28T22:51:58.998+0000] {logging_mixin.py:188} INFO - [2026-04-28T22:51:58.998+0000] {dag.py:3096} INFO - Sync 1 DAGs
[2026-04-28T22:51:59.029+0000] {logging_mixin.py:188} INFO - [2026-04-28T22:51:59.028+0000] {dag.py:3954} INFO - Setting next_dagrun for latest_only to 2026-04-28 16:00:00+00:00, run_after=2026-04-28 20:00:00+00:00
[2026-04-28T22:51:59.068+0000] {processor.py:183} INFO - Processing /home/airflow/.local/lib/python3.12/site-packages/airflow/example_dags/example_latest_only.py took 0.158 seconds
[2026-04-28T22:52:31.134+0000] {processor.py:161} INFO - Started process (PID=3937) to work on /home/airflow/.local/lib/python3.12/site-packages/airflow/example_dags/example_latest_only.py
[2026-04-28T22:52:31.139+0000] {processor.py:830} INFO - Processing file /home/airflow/.local/lib/python3.12/site-packages/airflow/example_dags/example_latest_only.py for tasks to queue
[2026-04-28T22:52:31.143+0000] {logging_mixin.py:188} INFO - [2026-04-28T22:52:31.142+0000] {dagbag.py:540} INFO - Filling up the DagBag from /home/airflow/.local/lib/python3.12/site-packages/airflow/example_dags/example_latest_only.py
[2026-04-28T22:52:31.160+0000] {processor.py:840} INFO - DAG(s) 'latest_only' retrieved from /home/airflow/.local/lib/python3.12/site-packages/airflow/example_dags/example_latest_only.py
[2026-04-28T22:52:31.206+0000] {logging_mixin.py:188} INFO - [2026-04-28T22:52:31.205+0000] {dag.py:3096} INFO - Sync 1 DAGs
[2026-04-28T22:52:31.258+0000] {logging_mixin.py:188} INFO - [2026-04-28T22:52:31.257+0000] {dag.py:3954} INFO - Setting next_dagrun for latest_only to 2026-04-28 16:00:00+00:00, run_after=2026-04-28 20:00:00+00:00
[2026-04-28T22:52:31.332+0000] {processor.py:183} INFO - Processing /home/airflow/.local/lib/python3.12/site-packages/airflow/example_dags/example_latest_only.py took 0.210 seconds
[2026-04-28T22:53:02.118+0000] {processor.py:161} INFO - Started process (PID=3995) to work on /home/airflow/.local/lib/python3.12/site-packages/airflow/example_dags/example_latest_only.py
[2026-04-28T22:53:02.119+0000] {processor.py:830} INFO - Processing file /home/airflow/.local/lib/python3.12/site-packages/airflow/example_dags/example_latest_only.py for tasks to queue
[2026-04-28T22:53:02.122+0000] {logging_mixin.py:188} INFO - [2026-04-28T22:53:02.121+0000] {dagbag.py:540} INFO - Filling up the DagBag from /home/airflow/.local/lib/python3.12/site-packages/airflow/example_dags/example_latest_only.py
[2026-04-28T22:53:02.127+0000] {processor.py:840} INFO - DAG(s) 'latest_only' retrieved from /home/airflow/.local/lib/python3.12/site-packages/airflow/example_dags/example_latest_only.py
[2026-04-28T22:53:02.182+0000] {logging_mixin.py:188} INFO - [2026-04-28T22:53:02.182+0000] {dag.py:3096} INFO - Sync 1 DAGs
[2026-04-28T22:53:02.243+0000] {logging_mixin.py:188} INFO - [2026-04-28T22:53:02.243+0000] {dag.py:3954} INFO - Setting next_dagrun for latest_only to 2026-04-28 16:00:00+00:00, run_after=2026-04-28 20:00:00+00:00
[2026-04-28T22:53:02.270+0000] {processor.py:183} INFO - Processing /home/airflow/.local/lib/python3.12/site-packages/airflow/example_dags/example_latest_only.py took 0.158 seconds
[2026-04-28T22:53:32.679+0000] {processor.py:161} INFO - Started process (PID=4055) to work on /home/airflow/.local/lib/python3.12/site-packages/airflow/example_dags/example_latest_only.py
[2026-04-28T22:53:32.680+0000] {processor.py:830} INFO - Processing file /home/airflow/.local/lib/python3.12/site-packages/airflow/example_dags/example_latest_only.py for tasks to queue
[2026-04-28T22:53:32.682+0000] {logging_mixin.py:188} INFO - [2026-04-28T22:53:32.682+0000] {dagbag.py:540} INFO - Filling up the DagBag from /home/airflow/.local/lib/python3.12/site-packages/airflow/example_dags/example_latest_only.py
[2026-04-28T22:53:32.688+0000] {processor.py:840} INFO - DAG(s) 'latest_only' retrieved from /home/airflow/.local/lib/python3.12/site-packages/airflow/example_dags/example_latest_only.py
[2026-04-28T22:53:32.712+0000] {logging_mixin.py:188} INFO - [2026-04-28T22:53:32.712+0000] {dag.py:3096} INFO - Sync 1 DAGs
[2026-04-28T22:53:32.748+0000] {logging_mixin.py:188} INFO - [2026-04-28T22:53:32.748+0000] {dag.py:3954} INFO - Setting next_dagrun for latest_only to 2026-04-28 16:00:00+00:00, run_after=2026-04-28 20:00:00+00:00
[2026-04-28T22:53:32.770+0000] {processor.py:183} INFO - Processing /home/airflow/.local/lib/python3.12/site-packages/airflow/example_dags/example_latest_only.py took 0.098 seconds
[2026-04-28T22:54:03.005+0000] {processor.py:161} INFO - Started process (PID=4115) to work on /home/airflow/.local/lib/python3.12/site-packages/airflow/example_dags/example_latest_only.py
[2026-04-28T22:54:03.010+0000] {processor.py:830} INFO - Processing file /home/airflow/.local/lib/python3.12/site-packages/airflow/example_dags/example_latest_only.py for tasks to queue
[2026-04-28T22:54:03.016+0000] {logging_mixin.py:188} INFO - [2026-04-28T22:54:03.015+0000] {dagbag.py:540} INFO - Filling up the DagBag from /home/airflow/.local/lib/python3.12/site-packages/airflow/example_dags/example_latest_only.py
[2026-04-28T22:54:03.026+0000] {processor.py:840} INFO - DAG(s) 'latest_only' retrieved from /home/airflow/.local/lib/python3.12/site-packages/airflow/example_dags/example_latest_only.py
[2026-04-28T22:54:03.053+0000] {logging_mixin.py:188} INFO - [2026-04-28T22:54:03.053+0000] {dag.py:3096} INFO - Sync 1 DAGs
[2026-04-28T22:54:03.106+0000] {logging_mixin.py:188} INFO - [2026-04-28T22:54:03.104+0000] {dag.py:3954} INFO - Setting next_dagrun for latest_only to 2026-04-28 16:00:00+00:00, run_after=2026-04-28 20:00:00+00:00
[2026-04-28T22:54:03.150+0000] {processor.py:183} INFO - Processing /home/airflow/.local/lib/python3.12/site-packages/airflow/example_dags/example_latest_only.py took 0.161 seconds
[2026-04-28T22:54:33.296+0000] {processor.py:161} INFO - Started process (PID=4175) to work on /home/airflow/.local/lib/python3.12/site-packages/airflow/example_dags/example_latest_only.py
[2026-04-28T22:54:33.297+0000] {processor.py:830} INFO - Processing file /home/airflow/.local/lib/python3.12/site-packages/airflow/example_dags/example_latest_only.py for tasks to queue
[2026-04-28T22:54:33.299+0000] {logging_mixin.py:188} INFO - [2026-04-28T22:54:33.298+0000] {dagbag.py:540} INFO - Filling up the DagBag from /home/airflow/.local/lib/python3.12/site-packages/airflow/example_dags/example_latest_only.py
[2026-04-28T22:54:33.305+0000] {processor.py:840} INFO - DAG(s) 'latest_only' retrieved from /home/airflow/.local/lib/python3.12/site-packages/airflow/example_dags/example_latest_only.py
[2026-04-28T22:54:33.329+0000] {logging_mixin.py:188} INFO - [2026-04-28T22:54:33.328+0000] {dag.py:3096} INFO - Sync 1 DAGs
[2026-04-28T22:54:33.354+0000] {logging_mixin.py:188} INFO - [2026-04-28T22:54:33.354+0000] {dag.py:3954} INFO - Setting next_dagrun for latest_only to 2026-04-28 16:00:00+00:00, run_after=2026-04-28 20:00:00+00:00
[2026-04-28T22:54:33.376+0000] {processor.py:183} INFO - Processing /home/airflow/.local/lib/python3.12/site-packages/airflow/example_dags/example_latest_only.py took 0.087 seconds
[2026-04-28T22:55:04.370+0000] {processor.py:161} INFO - Started process (PID=4235) to work on /home/airflow/.local/lib/python3.12/site-packages/airflow/example_dags/example_latest_only.py
[2026-04-28T22:55:04.372+0000] {processor.py:830} INFO - Processing file /home/airflow/.local/lib/python3.12/site-packages/airflow/example_dags/example_latest_only.py for tasks to queue
[2026-04-28T22:55:04.375+0000] {logging_mixin.py:188} INFO - [2026-04-28T22:55:04.374+0000] {dagbag.py:540} INFO - Filling up the DagBag from /home/airflow/.local/lib/python3.12/site-packages/airflow/example_dags/example_latest_only.py
[2026-04-28T22:55:04.382+0000] {processor.py:840} INFO - DAG(s) 'latest_only' retrieved from /home/airflow/.local/lib/python3.12/site-packages/airflow/example_dags/example_latest_only.py
[2026-04-28T22:55:04.408+0000] {logging_mixin.py:188} INFO - [2026-04-28T22:55:04.407+0000] {dag.py:3096} INFO - Sync 1 DAGs
[2026-04-28T22:55:04.434+0000] {logging_mixin.py:188} INFO - [2026-04-28T22:55:04.433+0000] {dag.py:3954} INFO - Setting next_dagrun for latest_only to 2026-04-28 16:00:00+00:00, run_after=2026-04-28 20:00:00+00:00
[2026-04-28T22:55:04.456+0000] {processor.py:183} INFO - Processing /home/airflow/.local/lib/python3.12/site-packages/airflow/example_dags/example_latest_only.py took 0.092 seconds
[2026-04-28T22:55:35.093+0000] {processor.py:161} INFO - Started process (PID=4295) to work on /home/airflow/.local/lib/python3.12/site-packages/airflow/example_dags/example_latest_only.py
[2026-04-28T22:55:35.102+0000] {processor.py:830} INFO - Processing file /home/airflow/.local/lib/python3.12/site-packages/airflow/example_dags/example_latest_only.py for tasks to queue
[2026-04-28T22:55:35.107+0000] {logging_mixin.py:188} INFO - [2026-04-28T22:55:35.104+0000] {dagbag.py:540} INFO - Filling up the DagBag from /home/airflow/.local/lib/python3.12/site-packages/airflow/example_dags/example_latest_only.py
[2026-04-28T22:55:35.120+0000] {processor.py:840} INFO - DAG(s) 'latest_only' retrieved from /home/airflow/.local/lib/python3.12/site-packages/airflow/example_dags/example_latest_only.py
[2026-04-28T22:55:35.203+0000] {logging_mixin.py:188} INFO - [2026-04-28T22:55:35.199+0000] {dag.py:3096} INFO - Sync 1 DAGs
[2026-04-28T22:55:35.274+0000] {logging_mixin.py:188} INFO - [2026-04-28T22:55:35.273+0000] {dag.py:3954} INFO - Setting next_dagrun for latest_only to 2026-04-28 16:00:00+00:00, run_after=2026-04-28 20:00:00+00:00
[2026-04-28T22:55:35.334+0000] {processor.py:183} INFO - Processing /home/airflow/.local/lib/python3.12/site-packages/airflow/example_dags/example_latest_only.py took 0.256 seconds
[2026-04-28T22:56:06.152+0000] {processor.py:161} INFO - Started process (PID=4355) to work on /home/airflow/.local/lib/python3.12/site-packages/airflow/example_dags/example_latest_only.py
[2026-04-28T22:56:06.153+0000] {processor.py:830} INFO - Processing file /home/airflow/.local/lib/python3.12/site-packages/airflow/example_dags/example_latest_only.py for tasks to queue
[2026-04-28T22:56:06.155+0000] {logging_mixin.py:188} INFO - [2026-04-28T22:56:06.154+0000] {dagbag.py:540} INFO - Filling up the DagBag from /home/airflow/.local/lib/python3.12/site-packages/airflow/example_dags/example_latest_only.py
[2026-04-28T22:56:06.160+0000] {processor.py:840} INFO - DAG(s) 'latest_only' retrieved from /home/airflow/.local/lib/python3.12/site-packages/airflow/example_dags/example_latest_only.py
[2026-04-28T22:56:06.185+0000] {logging_mixin.py:188} INFO - [2026-04-28T22:56:06.184+0000] {dag.py:3096} INFO - Sync 1 DAGs
[2026-04-28T22:56:06.220+0000] {logging_mixin.py:188} INFO - [2026-04-28T22:56:06.219+0000] {dag.py:3954} INFO - Setting next_dagrun for latest_only to 2026-04-28 16:00:00+00:00, run_after=2026-04-28 20:00:00+00:00
[2026-04-28T22:56:06.239+0000] {processor.py:183} INFO - Processing /home/airflow/.local/lib/python3.12/site-packages/airflow/example_dags/example_latest_only.py took 0.094 seconds
[2026-04-28T22:56:36.381+0000] {processor.py:161} INFO - Started process (PID=4415) to work on /home/airflow/.local/lib/python3.12/site-packages/airflow/example_dags/example_latest_only.py
[2026-04-28T22:56:36.382+0000] {processor.py:830} INFO - Processing file /home/airflow/.local/lib/python3.12/site-packages/airflow/example_dags/example_latest_only.py for tasks to queue
[2026-04-28T22:56:36.384+0000] {logging_mixin.py:188} INFO - [2026-04-28T22:56:36.384+0000] {dagbag.py:540} INFO - Filling up the DagBag from /home/airflow/.local/lib/python3.12/site-packages/airflow/example_dags/example_latest_only.py
[2026-04-28T22:56:36.393+0000] {processor.py:840} INFO - DAG(s) 'latest_only' retrieved from /home/airflow/.local/lib/python3.12/site-packages/airflow/example_dags/example_latest_only.py
[2026-04-28T22:56:36.444+0000] {logging_mixin.py:188} INFO - [2026-04-28T22:56:36.444+0000] {dag.py:3096} INFO - Sync 1 DAGs
[2026-04-28T22:56:36.479+0000] {logging_mixin.py:188} INFO - [2026-04-28T22:56:36.479+0000] {dag.py:3954} INFO - Setting next_dagrun for latest_only to 2026-04-28 16:00:00+00:00, run_after=2026-04-28 20:00:00+00:00
[2026-04-28T22:56:36.498+0000] {processor.py:183} INFO - Processing /home/airflow/.local/lib/python3.12/site-packages/airflow/example_dags/example_latest_only.py took 0.132 seconds
[2026-04-28T22:57:06.623+0000] {processor.py:161} INFO - Started process (PID=4475) to work on /home/airflow/.local/lib/python3.12/site-packages/airflow/example_dags/example_latest_only.py
[2026-04-28T22:57:06.624+0000] {processor.py:830} INFO - Processing file /home/airflow/.local/lib/python3.12/site-packages/airflow/example_dags/example_latest_only.py for tasks to queue
[2026-04-28T22:57:06.625+0000] {logging_mixin.py:188} INFO - [2026-04-28T22:57:06.625+0000] {dagbag.py:540} INFO - Filling up the DagBag from /home/airflow/.local/lib/python3.12/site-packages/airflow/example_dags/example_latest_only.py
[2026-04-28T22:57:06.630+0000] {processor.py:840} INFO - DAG(s) 'latest_only' retrieved from /home/airflow/.local/lib/python3.12/site-packages/airflow/example_dags/example_latest_only.py
[2026-04-28T22:57:06.647+0000] {logging_mixin.py:188} INFO - [2026-04-28T22:57:06.647+0000] {dag.py:3096} INFO - Sync 1 DAGs
[2026-04-28T22:57:06.666+0000] {logging_mixin.py:188} INFO - [2026-04-28T22:57:06.666+0000] {dag.py:3954} INFO - Setting next_dagrun for latest_only to 2026-04-28 16:00:00+00:00, run_after=2026-04-28 20:00:00+00:00
[2026-04-28T22:57:06.680+0000] {processor.py:183} INFO - Processing /home/airflow/.local/lib/python3.12/site-packages/airflow/example_dags/example_latest_only.py took 0.063 seconds
[2026-04-28T22:57:37.120+0000] {processor.py:161} INFO - Started process (PID=4535) to work on /home/airflow/.local/lib/python3.12/site-packages/airflow/example_dags/example_latest_only.py
[2026-04-28T22:57:37.123+0000] {processor.py:830} INFO - Processing file /home/airflow/.local/lib/python3.12/site-packages/airflow/example_dags/example_latest_only.py for tasks to queue
[2026-04-28T22:57:37.125+0000] {logging_mixin.py:188} INFO - [2026-04-28T22:57:37.125+0000] {dagbag.py:540} INFO - Filling up the DagBag from /home/airflow/.local/lib/python3.12/site-packages/airflow/example_dags/example_latest_only.py
[2026-04-28T22:57:37.131+0000] {processor.py:840} INFO - DAG(s) 'latest_only' retrieved from /home/airflow/.local/lib/python3.12/site-packages/airflow/example_dags/example_latest_only.py
[2026-04-28T22:57:37.156+0000] {logging_mixin.py:188} INFO - [2026-04-28T22:57:37.155+0000] {dag.py:3096} INFO - Sync 1 DAGs
[2026-04-28T22:57:37.182+0000] {logging_mixin.py:188} INFO - [2026-04-28T22:57:37.182+0000] {dag.py:3954} INFO - Setting next_dagrun for latest_only to 2026-04-28 16:00:00+00:00, run_after=2026-04-28 20:00:00+00:00
[2026-04-28T22:57:37.201+0000] {processor.py:183} INFO - Processing /home/airflow/.local/lib/python3.12/site-packages/airflow/example_dags/example_latest_only.py took 0.089 seconds
[2026-04-28T22:58:07.648+0000] {processor.py:161} INFO - Started process (PID=4594) to work on /home/airflow/.local/lib/python3.12/site-packages/airflow/example_dags/example_latest_only.py
[2026-04-28T22:58:07.653+0000] {processor.py:830} INFO - Processing file /home/airflow/.local/lib/python3.12/site-packages/airflow/example_dags/example_latest_only.py for tasks to queue
[2026-04-28T22:58:07.655+0000] {logging_mixin.py:188} INFO - [2026-04-28T22:58:07.654+0000] {dagbag.py:540} INFO - Filling up the DagBag from /home/airflow/.local/lib/python3.12/site-packages/airflow/example_dags/example_latest_only.py
[2026-04-28T22:58:07.662+0000] {processor.py:840} INFO - DAG(s) 'latest_only' retrieved from /home/airflow/.local/lib/python3.12/site-packages/airflow/example_dags/example_latest_only.py
[2026-04-28T22:58:07.694+0000] {logging_mixin.py:188} INFO - [2026-04-28T22:58:07.693+0000] {dag.py:3096} INFO - Sync 1 DAGs
[2026-04-28T22:58:07.724+0000] {logging_mixin.py:188} INFO - [2026-04-28T22:58:07.724+0000] {dag.py:3954} INFO - Setting next_dagrun for latest_only to 2026-04-28 16:00:00+00:00, run_after=2026-04-28 20:00:00+00:00
[2026-04-28T22:58:07.752+0000] {processor.py:183} INFO - Processing /home/airflow/.local/lib/python3.12/site-packages/airflow/example_dags/example_latest_only.py took 0.111 seconds
[2026-04-28T22:58:37.894+0000] {processor.py:161} INFO - Started process (PID=4654) to work on /home/airflow/.local/lib/python3.12/site-packages/airflow/example_dags/example_latest_only.py
[2026-04-28T22:58:37.896+0000] {processor.py:830} INFO - Processing file /home/airflow/.local/lib/python3.12/site-packages/airflow/example_dags/example_latest_only.py for tasks to queue
[2026-04-28T22:58:37.898+0000] {logging_mixin.py:188} INFO - [2026-04-28T22:58:37.897+0000] {dagbag.py:540} INFO - Filling up the DagBag from /home/airflow/.local/lib/python3.12/site-packages/airflow/example_dags/example_latest_only.py
[2026-04-28T22:58:37.903+0000] {processor.py:840} INFO - DAG(s) 'latest_only' retrieved from /home/airflow/.local/lib/python3.12/site-packages/airflow/example_dags/example_latest_only.py
[2026-04-28T22:58:37.927+0000] {logging_mixin.py:188} INFO - [2026-04-28T22:58:37.927+0000] {dag.py:3096} INFO - Sync 1 DAGs
[2026-04-28T22:58:37.951+0000] {logging_mixin.py:188} INFO - [2026-04-28T22:58:37.951+0000] {dag.py:3954} INFO - Setting next_dagrun for latest_only to 2026-04-28 16:00:00+00:00, run_after=2026-04-28 20:00:00+00:00
[2026-04-28T22:58:37.966+0000] {processor.py:183} INFO - Processing /home/airflow/.local/lib/python3.12/site-packages/airflow/example_dags/example_latest_only.py took 0.079 seconds
[2026-04-28T22:59:08.285+0000] {processor.py:161} INFO - Started process (PID=4714) to work on /home/airflow/.local/lib/python3.12/site-packages/airflow/example_dags/example_latest_only.py
[2026-04-28T22:59:08.286+0000] {processor.py:830} INFO - Processing file /home/airflow/.local/lib/python3.12/site-packages/airflow/example_dags/example_latest_only.py for tasks to queue
[2026-04-28T22:59:08.289+0000] {logging_mixin.py:188} INFO - [2026-04-28T22:59:08.288+0000] {dagbag.py:540} INFO - Filling up the DagBag from /home/airflow/.local/lib/python3.12/site-packages/airflow/example_dags/example_latest_only.py
[2026-04-28T22:59:08.294+0000] {processor.py:840} INFO - DAG(s) 'latest_only' retrieved from /home/airflow/.local/lib/python3.12/site-packages/airflow/example_dags/example_latest_only.py
[2026-04-28T22:59:08.318+0000] {logging_mixin.py:188} INFO - [2026-04-28T22:59:08.318+0000] {dag.py:3096} INFO - Sync 1 DAGs
[2026-04-28T22:59:08.343+0000] {logging_mixin.py:188} INFO - [2026-04-28T22:59:08.343+0000] {dag.py:3954} INFO - Setting next_dagrun for latest_only to 2026-04-28 16:00:00+00:00, run_after=2026-04-28 20:00:00+00:00
[2026-04-28T22:59:08.357+0000] {processor.py:183} INFO - Processing /home/airflow/.local/lib/python3.12/site-packages/airflow/example_dags/example_latest_only.py took 0.080 seconds
[2026-04-28T22:59:38.525+0000] {processor.py:161} INFO - Started process (PID=4774) to work on /home/airflow/.local/lib/python3.12/site-packages/airflow/example_dags/example_latest_only.py
[2026-04-28T22:59:38.526+0000] {processor.py:830} INFO - Processing file /home/airflow/.local/lib/python3.12/site-packages/airflow/example_dags/example_latest_only.py for tasks to queue
[2026-04-28T22:59:38.528+0000] {logging_mixin.py:188} INFO - [2026-04-28T22:59:38.527+0000] {dagbag.py:540} INFO - Filling up the DagBag from /home/airflow/.local/lib/python3.12/site-packages/airflow/example_dags/example_latest_only.py
[2026-04-28T22:59:38.534+0000] {processor.py:840} INFO - DAG(s) 'latest_only' retrieved from /home/airflow/.local/lib/python3.12/site-packages/airflow/example_dags/example_latest_only.py
[2026-04-28T22:59:38.554+0000] {logging_mixin.py:188} INFO - [2026-04-28T22:59:38.554+0000] {dag.py:3096} INFO - Sync 1 DAGs
[2026-04-28T22:59:38.580+0000] {logging_mixin.py:188} INFO - [2026-04-28T22:59:38.580+0000] {dag.py:3954} INFO - Setting next_dagrun for latest_only to 2026-04-28 16:00:00+00:00, run_after=2026-04-28 20:00:00+00:00
[2026-04-28T22:59:38.599+0000] {processor.py:183} INFO - Processing /home/airflow/.local/lib/python3.12/site-packages/airflow/example_dags/example_latest_only.py took 0.080 seconds
[2026-04-28T23:00:08.876+0000] {processor.py:161} INFO - Started process (PID=4834) to work on /home/airflow/.local/lib/python3.12/site-packages/airflow/example_dags/example_latest_only.py
[2026-04-28T23:00:08.878+0000] {processor.py:830} INFO - Processing file /home/airflow/.local/lib/python3.12/site-packages/airflow/example_dags/example_latest_only.py for tasks to queue
[2026-04-28T23:00:08.880+0000] {logging_mixin.py:188} INFO - [2026-04-28T23:00:08.880+0000] {dagbag.py:540} INFO - Filling up the DagBag from /home/airflow/.local/lib/python3.12/site-packages/airflow/example_dags/example_latest_only.py
[2026-04-28T23:00:08.885+0000] {processor.py:840} INFO - DAG(s) 'latest_only' retrieved from /home/airflow/.local/lib/python3.12/site-packages/airflow/example_dags/example_latest_only.py
[2026-04-28T23:00:08.902+0000] {logging_mixin.py:188} INFO - [2026-04-28T23:00:08.902+0000] {dag.py:3096} INFO - Sync 1 DAGs
[2026-04-28T23:00:08.921+0000] {logging_mixin.py:188} INFO - [2026-04-28T23:00:08.920+0000] {dag.py:3954} INFO - Setting next_dagrun for latest_only to 2026-04-28 16:00:00+00:00, run_after=2026-04-28 20:00:00+00:00
[2026-04-28T23:00:08.935+0000] {processor.py:183} INFO - Processing /home/airflow/.local/lib/python3.12/site-packages/airflow/example_dags/example_latest_only.py took 0.065 seconds
[2026-04-28T23:00:40.292+0000] {processor.py:161} INFO - Started process (PID=4893) to work on /home/airflow/.local/lib/python3.12/site-packages/airflow/example_dags/example_latest_only.py
[2026-04-28T23:00:40.303+0000] {processor.py:830} INFO - Processing file /home/airflow/.local/lib/python3.12/site-packages/airflow/example_dags/example_latest_only.py for tasks to queue
[2026-04-28T23:00:40.316+0000] {logging_mixin.py:188} INFO - [2026-04-28T23:00:40.316+0000] {dagbag.py:540} INFO - Filling up the DagBag from /home/airflow/.local/lib/python3.12/site-packages/airflow/example_dags/example_latest_only.py
[2026-04-28T23:00:40.349+0000] {processor.py:840} INFO - DAG(s) 'latest_only' retrieved from /home/airflow/.local/lib/python3.12/site-packages/airflow/example_dags/example_latest_only.py
[2026-04-28T23:00:40.431+0000] {logging_mixin.py:188} INFO - [2026-04-28T23:00:40.430+0000] {dag.py:3096} INFO - Sync 1 DAGs
[2026-04-28T23:00:40.574+0000] {logging_mixin.py:188} INFO - [2026-04-28T23:00:40.574+0000] {dag.py:3954} INFO - Setting next_dagrun for latest_only to 2026-04-28 16:00:00+00:00, run_after=2026-04-28 20:00:00+00:00
[2026-04-28T23:00:40.643+0000] {processor.py:183} INFO - Processing /home/airflow/.local/lib/python3.12/site-packages/airflow/example_dags/example_latest_only.py took 0.372 seconds
[2026-04-28T23:01:11.611+0000] {processor.py:161} INFO - Started process (PID=4953) to work on /home/airflow/.local/lib/python3.12/site-packages/airflow/example_dags/example_latest_only.py
[2026-04-28T23:01:11.612+0000] {processor.py:830} INFO - Processing file /home/airflow/.local/lib/python3.12/site-packages/airflow/example_dags/example_latest_only.py for tasks to queue
[2026-04-28T23:01:11.614+0000] {logging_mixin.py:188} INFO - [2026-04-28T23:01:11.614+0000] {dagbag.py:540} INFO - Filling up the DagBag from /home/airflow/.local/lib/python3.12/site-packages/airflow/example_dags/example_latest_only.py
[2026-04-28T23:01:11.620+0000] {processor.py:840} INFO - DAG(s) 'latest_only' retrieved from /home/airflow/.local/lib/python3.12/site-packages/airflow/example_dags/example_latest_only.py
[2026-04-28T23:01:11.648+0000] {logging_mixin.py:188} INFO - [2026-04-28T23:01:11.648+0000] {dag.py:3096} INFO - Sync 1 DAGs
[2026-04-28T23:01:11.674+0000] {logging_mixin.py:188} INFO - [2026-04-28T23:01:11.674+0000] {dag.py:3954} INFO - Setting next_dagrun for latest_only to 2026-04-28 16:00:00+00:00, run_after=2026-04-28 20:00:00+00:00
[2026-04-28T23:01:11.694+0000] {processor.py:183} INFO - Processing /home/airflow/.local/lib/python3.12/site-packages/airflow/example_dags/example_latest_only.py took 0.090 seconds
[2026-04-28T23:01:42.038+0000] {processor.py:161} INFO - Started process (PID=5013) to work on /home/airflow/.local/lib/python3.12/site-packages/airflow/example_dags/example_latest_only.py
[2026-04-28T23:01:42.039+0000] {processor.py:830} INFO - Processing file /home/airflow/.local/lib/python3.12/site-packages/airflow/example_dags/example_latest_only.py for tasks to queue
[2026-04-28T23:01:42.041+0000] {logging_mixin.py:188} INFO - [2026-04-28T23:01:42.041+0000] {dagbag.py:540} INFO - Filling up the DagBag from /home/airflow/.local/lib/python3.12/site-packages/airflow/example_dags/example_latest_only.py
[2026-04-28T23:01:42.047+0000] {processor.py:840} INFO - DAG(s) 'latest_only' retrieved from /home/airflow/.local/lib/python3.12/site-packages/airflow/example_dags/example_latest_only.py
[2026-04-28T23:01:42.073+0000] {logging_mixin.py:188} INFO - [2026-04-28T23:01:42.073+0000] {dag.py:3096} INFO - Sync 1 DAGs
[2026-04-28T23:01:42.100+0000] {logging_mixin.py:188} INFO - [2026-04-28T23:01:42.100+0000] {dag.py:3954} INFO - Setting next_dagrun for latest_only to 2026-04-28 16:00:00+00:00, run_after=2026-04-28 20:00:00+00:00
[2026-04-28T23:01:42.123+0000] {processor.py:183} INFO - Processing /home/airflow/.local/lib/python3.12/site-packages/airflow/example_dags/example_latest_only.py took 0.092 seconds
[2026-04-28T23:02:12.341+0000] {processor.py:161} INFO - Started process (PID=5073) to work on /home/airflow/.local/lib/python3.12/site-packages/airflow/example_dags/example_latest_only.py
[2026-04-28T23:02:12.345+0000] {processor.py:830} INFO - Processing file /home/airflow/.local/lib/python3.12/site-packages/airflow/example_dags/example_latest_only.py for tasks to queue
[2026-04-28T23:02:12.348+0000] {logging_mixin.py:188} INFO - [2026-04-28T23:02:12.347+0000] {dagbag.py:540} INFO - Filling up the DagBag from /home/airflow/.local/lib/python3.12/site-packages/airflow/example_dags/example_latest_only.py
[2026-04-28T23:02:12.353+0000] {processor.py:840} INFO - DAG(s) 'latest_only' retrieved from /home/airflow/.local/lib/python3.12/site-packages/airflow/example_dags/example_latest_only.py
[2026-04-28T23:02:12.405+0000] {logging_mixin.py:188} INFO - [2026-04-28T23:02:12.404+0000] {dag.py:3096} INFO - Sync 1 DAGs
[2026-04-28T23:02:12.464+0000] {logging_mixin.py:188} INFO - [2026-04-28T23:02:12.462+0000] {dag.py:3954} INFO - Setting next_dagrun for latest_only to 2026-04-28 16:00:00+00:00, run_after=2026-04-28 20:00:00+00:00
[2026-04-28T23:02:12.504+0000] {processor.py:183} INFO - Processing /home/airflow/.local/lib/python3.12/site-packages/airflow/example_dags/example_latest_only.py took 0.190 seconds
[2026-04-28T23:02:42.612+0000] {processor.py:161} INFO - Started process (PID=5133) to work on /home/airflow/.local/lib/python3.12/site-packages/airflow/example_dags/example_latest_only.py
[2026-04-28T23:02:42.619+0000] {processor.py:830} INFO - Processing file /home/airflow/.local/lib/python3.12/site-packages/airflow/example_dags/example_latest_only.py for tasks to queue
[2026-04-28T23:02:42.627+0000] {logging_mixin.py:188} INFO - [2026-04-28T23:02:42.626+0000] {dagbag.py:540} INFO - Filling up the DagBag from /home/airflow/.local/lib/python3.12/site-packages/airflow/example_dags/example_latest_only.py
[2026-04-28T23:02:42.650+0000] {processor.py:840} INFO - DAG(s) 'latest_only' retrieved from /home/airflow/.local/lib/python3.12/site-packages/airflow/example_dags/example_latest_only.py
[2026-04-28T23:02:42.759+0000] {logging_mixin.py:188} INFO - [2026-04-28T23:02:42.758+0000] {dag.py:3096} INFO - Sync 1 DAGs
[2026-04-28T23:02:42.947+0000] {logging_mixin.py:188} INFO - [2026-04-28T23:02:42.931+0000] {dag.py:3954} INFO - Setting next_dagrun for latest_only to 2026-04-28 16:00:00+00:00, run_after=2026-04-28 20:00:00+00:00
[2026-04-28T23:02:43.120+0000] {processor.py:183} INFO - Processing /home/airflow/.local/lib/python3.12/site-packages/airflow/example_dags/example_latest_only.py took 0.527 seconds
[2026-04-28T23:03:13.745+0000] {processor.py:161} INFO - Started process (PID=5193) to work on /home/airflow/.local/lib/python3.12/site-packages/airflow/example_dags/example_latest_only.py
[2026-04-28T23:03:13.749+0000] {processor.py:830} INFO - Processing file /home/airflow/.local/lib/python3.12/site-packages/airflow/example_dags/example_latest_only.py for tasks to queue
[2026-04-28T23:03:13.756+0000] {logging_mixin.py:188} INFO - [2026-04-28T23:03:13.755+0000] {dagbag.py:540} INFO - Filling up the DagBag from /home/airflow/.local/lib/python3.12/site-packages/airflow/example_dags/example_latest_only.py
[2026-04-28T23:03:13.781+0000] {processor.py:840} INFO - DAG(s) 'latest_only' retrieved from /home/airflow/.local/lib/python3.12/site-packages/airflow/example_dags/example_latest_only.py
[2026-04-28T23:03:13.830+0000] {logging_mixin.py:188} INFO - [2026-04-28T23:03:13.829+0000] {dag.py:3096} INFO - Sync 1 DAGs
[2026-04-28T23:03:13.948+0000] {logging_mixin.py:188} INFO - [2026-04-28T23:03:13.948+0000] {dag.py:3954} INFO - Setting next_dagrun for latest_only to 2026-04-28 16:00:00+00:00, run_after=2026-04-28 20:00:00+00:00
[2026-04-28T23:03:14.068+0000] {processor.py:183} INFO - Processing /home/airflow/.local/lib/python3.12/site-packages/airflow/example_dags/example_latest_only.py took 0.354 seconds
[2026-04-28T23:03:45.020+0000] {processor.py:161} INFO - Started process (PID=5254) to work on /home/airflow/.local/lib/python3.12/site-packages/airflow/example_dags/example_latest_only.py
[2026-04-28T23:03:45.023+0000] {processor.py:830} INFO - Processing file /home/airflow/.local/lib/python3.12/site-packages/airflow/example_dags/example_latest_only.py for tasks to queue
[2026-04-28T23:03:45.025+0000] {logging_mixin.py:188} INFO - [2026-04-28T23:03:45.025+0000] {dagbag.py:540} INFO - Filling up the DagBag from /home/airflow/.local/lib/python3.12/site-packages/airflow/example_dags/example_latest_only.py
[2026-04-28T23:03:45.031+0000] {processor.py:840} INFO - DAG(s) 'latest_only' retrieved from /home/airflow/.local/lib/python3.12/site-packages/airflow/example_dags/example_latest_only.py
[2026-04-28T23:03:45.057+0000] {logging_mixin.py:188} INFO - [2026-04-28T23:03:45.056+0000] {dag.py:3096} INFO - Sync 1 DAGs
[2026-04-28T23:03:45.083+0000] {logging_mixin.py:188} INFO - [2026-04-28T23:03:45.083+0000] {dag.py:3954} INFO - Setting next_dagrun for latest_only to 2026-04-28 16:00:00+00:00, run_after=2026-04-28 20:00:00+00:00
[2026-04-28T23:03:45.108+0000] {processor.py:183} INFO - Processing /home/airflow/.local/lib/python3.12/site-packages/airflow/example_dags/example_latest_only.py took 0.094 seconds
[2026-04-28T23:04:15.928+0000] {processor.py:161} INFO - Started process (PID=5314) to work on /home/airflow/.local/lib/python3.12/site-packages/airflow/example_dags/example_latest_only.py
[2026-04-28T23:04:15.929+0000] {processor.py:830} INFO - Processing file /home/airflow/.local/lib/python3.12/site-packages/airflow/example_dags/example_latest_only.py for tasks to queue
[2026-04-28T23:04:15.930+0000] {logging_mixin.py:188} INFO - [2026-04-28T23:04:15.930+0000] {dagbag.py:540} INFO - Filling up the DagBag from /home/airflow/.local/lib/python3.12/site-packages/airflow/example_dags/example_latest_only.py
[2026-04-28T23:04:15.935+0000] {processor.py:840} INFO - DAG(s) 'latest_only' retrieved from /home/airflow/.local/lib/python3.12/site-packages/airflow/example_dags/example_latest_only.py
[2026-04-28T23:04:15.953+0000] {logging_mixin.py:188} INFO - [2026-04-28T23:04:15.953+0000] {dag.py:3096} INFO - Sync 1 DAGs
[2026-04-28T23:04:15.972+0000] {logging_mixin.py:188} INFO - [2026-04-28T23:04:15.971+0000] {dag.py:3954} INFO - Setting next_dagrun for latest_only to 2026-04-28 16:00:00+00:00, run_after=2026-04-28 20:00:00+00:00
[2026-04-28T23:04:15.986+0000] {processor.py:183} INFO - Processing /home/airflow/.local/lib/python3.12/site-packages/airflow/example_dags/example_latest_only.py took 0.064 seconds
[2026-04-28T23:04:46.543+0000] {processor.py:161} INFO - Started process (PID=5374) to work on /home/airflow/.local/lib/python3.12/site-packages/airflow/example_dags/example_latest_only.py
[2026-04-28T23:04:46.544+0000] {processor.py:830} INFO - Processing file /home/airflow/.local/lib/python3.12/site-packages/airflow/example_dags/example_latest_only.py for tasks to queue
[2026-04-28T23:04:46.546+0000] {logging_mixin.py:188} INFO - [2026-04-28T23:04:46.545+0000] {dagbag.py:540} INFO - Filling up the DagBag from /home/airflow/.local/lib/python3.12/site-packages/airflow/example_dags/example_latest_only.py
[2026-04-28T23:04:46.551+0000] {processor.py:840} INFO - DAG(s) 'latest_only' retrieved from /home/airflow/.local/lib/python3.12/site-packages/airflow/example_dags/example_latest_only.py
[2026-04-28T23:04:46.574+0000] {logging_mixin.py:188} INFO - [2026-04-28T23:04:46.574+0000] {dag.py:3096} INFO - Sync 1 DAGs
[2026-04-28T23:04:46.601+0000] {logging_mixin.py:188} INFO - [2026-04-28T23:04:46.601+0000] {dag.py:3954} INFO - Setting next_dagrun for latest_only to 2026-04-28 16:00:00+00:00, run_after=2026-04-28 20:00:00+00:00
[2026-04-28T23:04:46.621+0000] {processor.py:183} INFO - Processing /home/airflow/.local/lib/python3.12/site-packages/airflow/example_dags/example_latest_only.py took 0.086 seconds
[2026-04-28T23:05:17.885+0000] {processor.py:161} INFO - Started process (PID=5434) to work on /home/airflow/.local/lib/python3.12/site-packages/airflow/example_dags/example_latest_only.py
[2026-04-28T23:05:17.889+0000] {processor.py:830} INFO - Processing file /home/airflow/.local/lib/python3.12/site-packages/airflow/example_dags/example_latest_only.py for tasks to queue
[2026-04-28T23:05:17.898+0000] {logging_mixin.py:188} INFO - [2026-04-28T23:05:17.898+0000] {dagbag.py:540} INFO - Filling up the DagBag from /home/airflow/.local/lib/python3.12/site-packages/airflow/example_dags/example_latest_only.py
[2026-04-28T23:05:17.928+0000] {processor.py:840} INFO - DAG(s) 'latest_only' retrieved from /home/airflow/.local/lib/python3.12/site-packages/airflow/example_dags/example_latest_only.py
[2026-04-28T23:05:17.983+0000] {logging_mixin.py:188} INFO - [2026-04-28T23:05:17.982+0000] {dag.py:3096} INFO - Sync 1 DAGs
[2026-04-28T23:05:18.049+0000] {logging_mixin.py:188} INFO - [2026-04-28T23:05:18.048+0000] {dag.py:3954} INFO - Setting next_dagrun for latest_only to 2026-04-28 16:00:00+00:00, run_after=2026-04-28 20:00:00+00:00
[2026-04-28T23:05:18.115+0000] {processor.py:183} INFO - Processing /home/airflow/.local/lib/python3.12/site-packages/airflow/example_dags/example_latest_only.py took 0.255 seconds
[2026-04-28T23:05:48.201+0000] {processor.py:161} INFO - Started process (PID=5494) to work on /home/airflow/.local/lib/python3.12/site-packages/airflow/example_dags/example_latest_only.py
[2026-04-28T23:05:48.202+0000] {processor.py:830} INFO - Processing file /home/airflow/.local/lib/python3.12/site-packages/airflow/example_dags/example_latest_only.py for tasks to queue
[2026-04-28T23:05:48.204+0000] {logging_mixin.py:188} INFO - [2026-04-28T23:05:48.204+0000] {dagbag.py:540} INFO - Filling up the DagBag from /home/airflow/.local/lib/python3.12/site-packages/airflow/example_dags/example_latest_only.py
[2026-04-28T23:05:48.210+0000] {processor.py:840} INFO - DAG(s) 'latest_only' retrieved from /home/airflow/.local/lib/python3.12/site-packages/airflow/example_dags/example_latest_only.py
[2026-04-28T23:05:48.226+0000] {logging_mixin.py:188} INFO - [2026-04-28T23:05:48.226+0000] {dag.py:3096} INFO - Sync 1 DAGs
[2026-04-28T23:05:48.247+0000] {logging_mixin.py:188} INFO - [2026-04-28T23:05:48.247+0000] {dag.py:3954} INFO - Setting next_dagrun for latest_only to 2026-04-28 16:00:00+00:00, run_after=2026-04-28 20:00:00+00:00
[2026-04-28T23:05:48.262+0000] {processor.py:183} INFO - Processing /home/airflow/.local/lib/python3.12/site-packages/airflow/example_dags/example_latest_only.py took 0.068 seconds
[2026-04-28T23:06:18.939+0000] {processor.py:161} INFO - Started process (PID=5554) to work on /home/airflow/.local/lib/python3.12/site-packages/airflow/example_dags/example_latest_only.py
[2026-04-28T23:06:18.941+0000] {processor.py:830} INFO - Processing file /home/airflow/.local/lib/python3.12/site-packages/airflow/example_dags/example_latest_only.py for tasks to queue
[2026-04-28T23:06:18.943+0000] {logging_mixin.py:188} INFO - [2026-04-28T23:06:18.943+0000] {dagbag.py:540} INFO - Filling up the DagBag from /home/airflow/.local/lib/python3.12/site-packages/airflow/example_dags/example_latest_only.py
[2026-04-28T23:06:18.949+0000] {processor.py:840} INFO - DAG(s) 'latest_only' retrieved from /home/airflow/.local/lib/python3.12/site-packages/airflow/example_dags/example_latest_only.py
[2026-04-28T23:06:18.973+0000] {logging_mixin.py:188} INFO - [2026-04-28T23:06:18.973+0000] {dag.py:3096} INFO - Sync 1 DAGs
[2026-04-28T23:06:19.002+0000] {logging_mixin.py:188} INFO - [2026-04-28T23:06:19.002+0000] {dag.py:3954} INFO - Setting next_dagrun for latest_only to 2026-04-28 16:00:00+00:00, run_after=2026-04-28 20:00:00+00:00
[2026-04-28T23:06:19.022+0000] {processor.py:183} INFO - Processing /home/airflow/.local/lib/python3.12/site-packages/airflow/example_dags/example_latest_only.py took 0.090 seconds
[2026-04-28T23:06:49.902+0000] {processor.py:161} INFO - Started process (PID=5614) to work on /home/airflow/.local/lib/python3.12/site-packages/airflow/example_dags/example_latest_only.py
[2026-04-28T23:06:49.904+0000] {processor.py:830} INFO - Processing file /home/airflow/.local/lib/python3.12/site-packages/airflow/example_dags/example_latest_only.py for tasks to queue
[2026-04-28T23:06:49.906+0000] {logging_mixin.py:188} INFO - [2026-04-28T23:06:49.905+0000] {dagbag.py:540} INFO - Filling up the DagBag from /home/airflow/.local/lib/python3.12/site-packages/airflow/example_dags/example_latest_only.py
[2026-04-28T23:06:49.912+0000] {processor.py:840} INFO - DAG(s) 'latest_only' retrieved from /home/airflow/.local/lib/python3.12/site-packages/airflow/example_dags/example_latest_only.py
[2026-04-28T23:06:49.934+0000] {logging_mixin.py:188} INFO - [2026-04-28T23:06:49.933+0000] {dag.py:3096} INFO - Sync 1 DAGs
[2026-04-28T23:06:49.963+0000] {logging_mixin.py:188} INFO - [2026-04-28T23:06:49.963+0000] {dag.py:3954} INFO - Setting next_dagrun for latest_only to 2026-04-28 16:00:00+00:00, run_after=2026-04-28 20:00:00+00:00
[2026-04-28T23:06:49.982+0000] {processor.py:183} INFO - Processing /home/airflow/.local/lib/python3.12/site-packages/airflow/example_dags/example_latest_only.py took 0.087 seconds
[2026-04-28T23:07:20.446+0000] {processor.py:161} INFO - Started process (PID=5674) to work on /home/airflow/.local/lib/python3.12/site-packages/airflow/example_dags/example_latest_only.py
[2026-04-28T23:07:20.448+0000] {processor.py:830} INFO - Processing file /home/airflow/.local/lib/python3.12/site-packages/airflow/example_dags/example_latest_only.py for tasks to queue
[2026-04-28T23:07:20.451+0000] {logging_mixin.py:188} INFO - [2026-04-28T23:07:20.450+0000] {dagbag.py:540} INFO - Filling up the DagBag from /home/airflow/.local/lib/python3.12/site-packages/airflow/example_dags/example_latest_only.py
[2026-04-28T23:07:20.462+0000] {processor.py:840} INFO - DAG(s) 'latest_only' retrieved from /home/airflow/.local/lib/python3.12/site-packages/airflow/example_dags/example_latest_only.py
[2026-04-28T23:07:20.491+0000] {logging_mixin.py:188} INFO - [2026-04-28T23:07:20.491+0000] {dag.py:3096} INFO - Sync 1 DAGs
[2026-04-28T23:07:20.534+0000] {logging_mixin.py:188} INFO - [2026-04-28T23:07:20.534+0000] {dag.py:3954} INFO - Setting next_dagrun for latest_only to 2026-04-28 16:00:00+00:00, run_after=2026-04-28 20:00:00+00:00
[2026-04-28T23:07:20.598+0000] {processor.py:183} INFO - Processing /home/airflow/.local/lib/python3.12/site-packages/airflow/example_dags/example_latest_only.py took 0.160 seconds
[2026-04-28T23:07:51.431+0000] {processor.py:161} INFO - Started process (PID=5734) to work on /home/airflow/.local/lib/python3.12/site-packages/airflow/example_dags/example_latest_only.py
[2026-04-28T23:07:51.434+0000] {processor.py:830} INFO - Processing file /home/airflow/.local/lib/python3.12/site-packages/airflow/example_dags/example_latest_only.py for tasks to queue
[2026-04-28T23:07:51.438+0000] {logging_mixin.py:188} INFO - [2026-04-28T23:07:51.437+0000] {dagbag.py:540} INFO - Filling up the DagBag from /home/airflow/.local/lib/python3.12/site-packages/airflow/example_dags/example_latest_only.py
[2026-04-28T23:07:51.451+0000] {processor.py:840} INFO - DAG(s) 'latest_only' retrieved from /home/airflow/.local/lib/python3.12/site-packages/airflow/example_dags/example_latest_only.py
[2026-04-28T23:07:51.495+0000] {logging_mixin.py:188} INFO - [2026-04-28T23:07:51.494+0000] {dag.py:3096} INFO - Sync 1 DAGs
[2026-04-28T23:07:51.536+0000] {logging_mixin.py:188} INFO - [2026-04-28T23:07:51.535+0000] {dag.py:3954} INFO - Setting next_dagrun for latest_only to 2026-04-28 16:00:00+00:00, run_after=2026-04-28 20:00:00+00:00
[2026-04-28T23:07:51.582+0000] {processor.py:183} INFO - Processing /home/airflow/.local/lib/python3.12/site-packages/airflow/example_dags/example_latest_only.py took 0.166 seconds
[2026-04-28T23:08:22.047+0000] {processor.py:161} INFO - Started process (PID=5791) to work on /home/airflow/.local/lib/python3.12/site-packages/airflow/example_dags/example_latest_only.py
[2026-04-28T23:08:22.048+0000] {processor.py:830} INFO - Processing file /home/airflow/.local/lib/python3.12/site-packages/airflow/example_dags/example_latest_only.py for tasks to queue
[2026-04-28T23:08:22.050+0000] {logging_mixin.py:188} INFO - [2026-04-28T23:08:22.050+0000] {dagbag.py:540} INFO - Filling up the DagBag from /home/airflow/.local/lib/python3.12/site-packages/airflow/example_dags/example_latest_only.py
[2026-04-28T23:08:22.055+0000] {processor.py:840} INFO - DAG(s) 'latest_only' retrieved from /home/airflow/.local/lib/python3.12/site-packages/airflow/example_dags/example_latest_only.py
[2026-04-28T23:08:22.077+0000] {logging_mixin.py:188} INFO - [2026-04-28T23:08:22.077+0000] {dag.py:3096} INFO - Sync 1 DAGs
[2026-04-28T23:08:22.105+0000] {logging_mixin.py:188} INFO - [2026-04-28T23:08:22.104+0000] {dag.py:3954} INFO - Setting next_dagrun for latest_only to 2026-04-28 16:00:00+00:00, run_after=2026-04-28 20:00:00+00:00
[2026-04-28T23:08:22.125+0000] {processor.py:183} INFO - Processing /home/airflow/.local/lib/python3.12/site-packages/airflow/example_dags/example_latest_only.py took 0.085 seconds
[2026-04-28T23:08:52.305+0000] {processor.py:161} INFO - Started process (PID=5851) to work on /home/airflow/.local/lib/python3.12/site-packages/airflow/example_dags/example_latest_only.py
[2026-04-28T23:08:52.306+0000] {processor.py:830} INFO - Processing file /home/airflow/.local/lib/python3.12/site-packages/airflow/example_dags/example_latest_only.py for tasks to queue
[2026-04-28T23:08:52.309+0000] {logging_mixin.py:188} INFO - [2026-04-28T23:08:52.309+0000] {dagbag.py:540} INFO - Filling up the DagBag from /home/airflow/.local/lib/python3.12/site-packages/airflow/example_dags/example_latest_only.py
[2026-04-28T23:08:52.317+0000] {processor.py:840} INFO - DAG(s) 'latest_only' retrieved from /home/airflow/.local/lib/python3.12/site-packages/airflow/example_dags/example_latest_only.py
[2026-04-28T23:08:52.343+0000] {logging_mixin.py:188} INFO - [2026-04-28T23:08:52.342+0000] {dag.py:3096} INFO - Sync 1 DAGs
[2026-04-28T23:08:52.369+0000] {logging_mixin.py:188} INFO - [2026-04-28T23:08:52.369+0000] {dag.py:3954} INFO - Setting next_dagrun for latest_only to 2026-04-28 16:00:00+00:00, run_after=2026-04-28 20:00:00+00:00
[2026-04-28T23:08:52.389+0000] {processor.py:183} INFO - Processing /home/airflow/.local/lib/python3.12/site-packages/airflow/example_dags/example_latest_only.py took 0.092 seconds
[2026-04-28T23:09:22.840+0000] {processor.py:161} INFO - Started process (PID=5911) to work on /home/airflow/.local/lib/python3.12/site-packages/airflow/example_dags/example_latest_only.py
[2026-04-28T23:09:22.841+0000] {processor.py:830} INFO - Processing file /home/airflow/.local/lib/python3.12/site-packages/airflow/example_dags/example_latest_only.py for tasks to queue
[2026-04-28T23:09:22.843+0000] {logging_mixin.py:188} INFO - [2026-04-28T23:09:22.843+0000] {dagbag.py:540} INFO - Filling up the DagBag from /home/airflow/.local/lib/python3.12/site-packages/airflow/example_dags/example_latest_only.py
[2026-04-28T23:09:22.849+0000] {processor.py:840} INFO - DAG(s) 'latest_only' retrieved from /home/airflow/.local/lib/python3.12/site-packages/airflow/example_dags/example_latest_only.py
[2026-04-28T23:09:22.871+0000] {logging_mixin.py:188} INFO - [2026-04-28T23:09:22.870+0000] {dag.py:3096} INFO - Sync 1 DAGs
[2026-04-28T23:09:22.898+0000] {logging_mixin.py:188} INFO - [2026-04-28T23:09:22.898+0000] {dag.py:3954} INFO - Setting next_dagrun for latest_only to 2026-04-28 16:00:00+00:00, run_after=2026-04-28 20:00:00+00:00
[2026-04-28T23:09:22.917+0000] {processor.py:183} INFO - Processing /home/airflow/.local/lib/python3.12/site-packages/airflow/example_dags/example_latest_only.py took 0.084 seconds
[2026-04-28T23:09:53.351+0000] {processor.py:161} INFO - Started process (PID=5971) to work on /home/airflow/.local/lib/python3.12/site-packages/airflow/example_dags/example_latest_only.py
[2026-04-28T23:09:53.357+0000] {processor.py:830} INFO - Processing file /home/airflow/.local/lib/python3.12/site-packages/airflow/example_dags/example_latest_only.py for tasks to queue
[2026-04-28T23:09:53.359+0000] {logging_mixin.py:188} INFO - [2026-04-28T23:09:53.359+0000] {dagbag.py:540} INFO - Filling up the DagBag from /home/airflow/.local/lib/python3.12/site-packages/airflow/example_dags/example_latest_only.py
[2026-04-28T23:09:53.371+0000] {processor.py:840} INFO - DAG(s) 'latest_only' retrieved from /home/airflow/.local/lib/python3.12/site-packages/airflow/example_dags/example_latest_only.py
[2026-04-28T23:09:53.394+0000] {logging_mixin.py:188} INFO - [2026-04-28T23:09:53.394+0000] {dag.py:3096} INFO - Sync 1 DAGs
[2026-04-28T23:09:53.422+0000] {logging_mixin.py:188} INFO - [2026-04-28T23:09:53.422+0000] {dag.py:3954} INFO - Setting next_dagrun for latest_only to 2026-04-28 16:00:00+00:00, run_after=2026-04-28 20:00:00+00:00
[2026-04-28T23:09:53.463+0000] {processor.py:183} INFO - Processing /home/airflow/.local/lib/python3.12/site-packages/airflow/example_dags/example_latest_only.py took 0.130 seconds
[2026-04-28T23:10:23.763+0000] {processor.py:161} INFO - Started process (PID=6031) to work on /home/airflow/.local/lib/python3.12/site-packages/airflow/example_dags/example_latest_only.py
[2026-04-28T23:10:23.764+0000] {processor.py:830} INFO - Processing file /home/airflow/.local/lib/python3.12/site-packages/airflow/example_dags/example_latest_only.py for tasks to queue
[2026-04-28T23:10:23.766+0000] {logging_mixin.py:188} INFO - [2026-04-28T23:10:23.766+0000] {dagbag.py:540} INFO - Filling up the DagBag from /home/airflow/.local/lib/python3.12/site-packages/airflow/example_dags/example_latest_only.py
[2026-04-28T23:10:23.771+0000] {processor.py:840} INFO - DAG(s) 'latest_only' retrieved from /home/airflow/.local/lib/python3.12/site-packages/airflow/example_dags/example_latest_only.py
[2026-04-28T23:10:23.788+0000] {logging_mixin.py:188} INFO - [2026-04-28T23:10:23.788+0000] {dag.py:3096} INFO - Sync 1 DAGs
[2026-04-28T23:10:23.806+0000] {logging_mixin.py:188} INFO - [2026-04-28T23:10:23.806+0000] {dag.py:3954} INFO - Setting next_dagrun for latest_only to 2026-04-28 16:00:00+00:00, run_after=2026-04-28 20:00:00+00:00
[2026-04-28T23:10:23.827+0000] {processor.py:183} INFO - Processing /home/airflow/.local/lib/python3.12/site-packages/airflow/example_dags/example_latest_only.py took 0.069 seconds
[2026-04-28T23:10:53.919+0000] {processor.py:161} INFO - Started process (PID=6091) to work on /home/airflow/.local/lib/python3.12/site-packages/airflow/example_dags/example_latest_only.py
[2026-04-28T23:10:53.919+0000] {processor.py:830} INFO - Processing file /home/airflow/.local/lib/python3.12/site-packages/airflow/example_dags/example_latest_only.py for tasks to queue
[2026-04-28T23:10:53.922+0000] {logging_mixin.py:188} INFO - [2026-04-28T23:10:53.921+0000] {dagbag.py:540} INFO - Filling up the DagBag from /home/airflow/.local/lib/python3.12/site-packages/airflow/example_dags/example_latest_only.py
[2026-04-28T23:10:53.929+0000] {processor.py:840} INFO - DAG(s) 'latest_only' retrieved from /home/airflow/.local/lib/python3.12/site-packages/airflow/example_dags/example_latest_only.py
[2026-04-28T23:10:53.951+0000] {logging_mixin.py:188} INFO - [2026-04-28T23:10:53.951+0000] {dag.py:3096} INFO - Sync 1 DAGs
[2026-04-28T23:10:53.978+0000] {logging_mixin.py:188} INFO - [2026-04-28T23:10:53.978+0000] {dag.py:3954} INFO - Setting next_dagrun for latest_only to 2026-04-28 16:00:00+00:00, run_after=2026-04-28 20:00:00+00:00
[2026-04-28T23:10:53.997+0000] {processor.py:183} INFO - Processing /home/airflow/.local/lib/python3.12/site-packages/airflow/example_dags/example_latest_only.py took 0.086 seconds
