[2026-04-28T16:38:11.027+0000] {processor.py:161} INFO - Started process (PID=98) to work on /home/airflow/.local/lib/python3.12/site-packages/airflow/example_dags/example_nested_branch_dag.py
[2026-04-28T16:38:11.028+0000] {processor.py:830} INFO - Processing file /home/airflow/.local/lib/python3.12/site-packages/airflow/example_dags/example_nested_branch_dag.py for tasks to queue
[2026-04-28T16:38:11.030+0000] {logging_mixin.py:188} INFO - [2026-04-28T16:38:11.030+0000] {dagbag.py:540} INFO - Filling up the DagBag from /home/airflow/.local/lib/python3.12/site-packages/airflow/example_dags/example_nested_branch_dag.py
[2026-04-28T16:38:11.052+0000] {processor.py:840} INFO - DAG(s) 'example_nested_branch_dag' retrieved from /home/airflow/.local/lib/python3.12/site-packages/airflow/example_dags/example_nested_branch_dag.py
[2026-04-28T16:38:11.405+0000] {logging_mixin.py:188} INFO - [2026-04-28T16:38:11.405+0000] {dag.py:3096} INFO - Sync 1 DAGs
[2026-04-28T16:38:11.442+0000] {logging_mixin.py:188} INFO - [2026-04-28T16:38:11.441+0000] {dag.py:3954} INFO - Setting next_dagrun for example_nested_branch_dag to 2026-04-27 00:00:00+00:00, run_after=2026-04-28 00:00:00+00:00
[2026-04-28T16:38:11.485+0000] {processor.py:183} INFO - Processing /home/airflow/.local/lib/python3.12/site-packages/airflow/example_dags/example_nested_branch_dag.py took 0.464 seconds
[2026-04-28T16:42:56.032+0000] {processor.py:161} INFO - Started process (PID=96) to work on /home/airflow/.local/lib/python3.12/site-packages/airflow/example_dags/example_nested_branch_dag.py
[2026-04-28T16:42:56.037+0000] {processor.py:830} INFO - Processing file /home/airflow/.local/lib/python3.12/site-packages/airflow/example_dags/example_nested_branch_dag.py for tasks to queue
[2026-04-28T16:42:56.044+0000] {logging_mixin.py:188} INFO - [2026-04-28T16:42:56.044+0000] {dagbag.py:540} INFO - Filling up the DagBag from /home/airflow/.local/lib/python3.12/site-packages/airflow/example_dags/example_nested_branch_dag.py
[2026-04-28T16:42:56.089+0000] {processor.py:840} INFO - DAG(s) 'example_nested_branch_dag' retrieved from /home/airflow/.local/lib/python3.12/site-packages/airflow/example_dags/example_nested_branch_dag.py
[2026-04-28T16:42:56.532+0000] {logging_mixin.py:188} INFO - [2026-04-28T16:42:56.532+0000] {dag.py:3096} INFO - Sync 1 DAGs
[2026-04-28T16:42:56.758+0000] {logging_mixin.py:188} INFO - [2026-04-28T16:42:56.737+0000] {dag.py:3954} INFO - Setting next_dagrun for example_nested_branch_dag to 2026-04-27 00:00:00+00:00, run_after=2026-04-28 00:00:00+00:00
[2026-04-28T16:42:56.972+0000] {processor.py:183} INFO - Processing /home/airflow/.local/lib/python3.12/site-packages/airflow/example_dags/example_nested_branch_dag.py took 0.964 seconds
[2026-04-28T16:43:27.075+0000] {processor.py:161} INFO - Started process (PID=157) to work on /home/airflow/.local/lib/python3.12/site-packages/airflow/example_dags/example_nested_branch_dag.py
[2026-04-28T16:43:27.079+0000] {processor.py:830} INFO - Processing file /home/airflow/.local/lib/python3.12/site-packages/airflow/example_dags/example_nested_branch_dag.py for tasks to queue
[2026-04-28T16:43:27.083+0000] {logging_mixin.py:188} INFO - [2026-04-28T16:43:27.082+0000] {dagbag.py:540} INFO - Filling up the DagBag from /home/airflow/.local/lib/python3.12/site-packages/airflow/example_dags/example_nested_branch_dag.py
[2026-04-28T16:43:27.107+0000] {processor.py:840} INFO - DAG(s) 'example_nested_branch_dag' retrieved from /home/airflow/.local/lib/python3.12/site-packages/airflow/example_dags/example_nested_branch_dag.py
[2026-04-28T16:43:27.181+0000] {logging_mixin.py:188} INFO - [2026-04-28T16:43:27.180+0000] {dag.py:3096} INFO - Sync 1 DAGs
[2026-04-28T16:43:27.238+0000] {logging_mixin.py:188} INFO - [2026-04-28T16:43:27.238+0000] {dag.py:3954} INFO - Setting next_dagrun for example_nested_branch_dag to 2026-04-27 00:00:00+00:00, run_after=2026-04-28 00:00:00+00:00
[2026-04-28T16:43:27.265+0000] {processor.py:183} INFO - Processing /home/airflow/.local/lib/python3.12/site-packages/airflow/example_dags/example_nested_branch_dag.py took 0.203 seconds
[2026-04-28T16:43:57.435+0000] {processor.py:161} INFO - Started process (PID=216) to work on /home/airflow/.local/lib/python3.12/site-packages/airflow/example_dags/example_nested_branch_dag.py
[2026-04-28T16:43:57.446+0000] {processor.py:830} INFO - Processing file /home/airflow/.local/lib/python3.12/site-packages/airflow/example_dags/example_nested_branch_dag.py for tasks to queue
[2026-04-28T16:43:57.455+0000] {logging_mixin.py:188} INFO - [2026-04-28T16:43:57.455+0000] {dagbag.py:540} INFO - Filling up the DagBag from /home/airflow/.local/lib/python3.12/site-packages/airflow/example_dags/example_nested_branch_dag.py
[2026-04-28T16:43:57.499+0000] {processor.py:840} INFO - DAG(s) 'example_nested_branch_dag' retrieved from /home/airflow/.local/lib/python3.12/site-packages/airflow/example_dags/example_nested_branch_dag.py
[2026-04-28T16:43:57.577+0000] {logging_mixin.py:188} INFO - [2026-04-28T16:43:57.577+0000] {dag.py:3096} INFO - Sync 1 DAGs
[2026-04-28T16:43:57.640+0000] {logging_mixin.py:188} INFO - [2026-04-28T16:43:57.640+0000] {dag.py:3954} INFO - Setting next_dagrun for example_nested_branch_dag to 2026-04-27 00:00:00+00:00, run_after=2026-04-28 00:00:00+00:00
[2026-04-28T16:43:57.689+0000] {processor.py:183} INFO - Processing /home/airflow/.local/lib/python3.12/site-packages/airflow/example_dags/example_nested_branch_dag.py took 0.297 seconds
[2026-04-28T16:44:27.752+0000] {processor.py:161} INFO - Started process (PID=275) to work on /home/airflow/.local/lib/python3.12/site-packages/airflow/example_dags/example_nested_branch_dag.py
[2026-04-28T16:44:27.753+0000] {processor.py:830} INFO - Processing file /home/airflow/.local/lib/python3.12/site-packages/airflow/example_dags/example_nested_branch_dag.py for tasks to queue
[2026-04-28T16:44:27.755+0000] {logging_mixin.py:188} INFO - [2026-04-28T16:44:27.755+0000] {dagbag.py:540} INFO - Filling up the DagBag from /home/airflow/.local/lib/python3.12/site-packages/airflow/example_dags/example_nested_branch_dag.py
[2026-04-28T16:44:27.769+0000] {processor.py:840} INFO - DAG(s) 'example_nested_branch_dag' retrieved from /home/airflow/.local/lib/python3.12/site-packages/airflow/example_dags/example_nested_branch_dag.py
[2026-04-28T16:44:27.793+0000] {logging_mixin.py:188} INFO - [2026-04-28T16:44:27.793+0000] {dag.py:3096} INFO - Sync 1 DAGs
[2026-04-28T16:44:27.815+0000] {logging_mixin.py:188} INFO - [2026-04-28T16:44:27.815+0000] {dag.py:3954} INFO - Setting next_dagrun for example_nested_branch_dag to 2026-04-27 00:00:00+00:00, run_after=2026-04-28 00:00:00+00:00
[2026-04-28T16:44:27.831+0000] {processor.py:183} INFO - Processing /home/airflow/.local/lib/python3.12/site-packages/airflow/example_dags/example_nested_branch_dag.py took 0.085 seconds
[2026-04-28T16:44:58.037+0000] {processor.py:161} INFO - Started process (PID=337) to work on /home/airflow/.local/lib/python3.12/site-packages/airflow/example_dags/example_nested_branch_dag.py
[2026-04-28T16:44:58.040+0000] {processor.py:830} INFO - Processing file /home/airflow/.local/lib/python3.12/site-packages/airflow/example_dags/example_nested_branch_dag.py for tasks to queue
[2026-04-28T16:44:58.042+0000] {logging_mixin.py:188} INFO - [2026-04-28T16:44:58.042+0000] {dagbag.py:540} INFO - Filling up the DagBag from /home/airflow/.local/lib/python3.12/site-packages/airflow/example_dags/example_nested_branch_dag.py
[2026-04-28T16:44:58.057+0000] {processor.py:840} INFO - DAG(s) 'example_nested_branch_dag' retrieved from /home/airflow/.local/lib/python3.12/site-packages/airflow/example_dags/example_nested_branch_dag.py
[2026-04-28T16:44:58.082+0000] {logging_mixin.py:188} INFO - [2026-04-28T16:44:58.082+0000] {dag.py:3096} INFO - Sync 1 DAGs
[2026-04-28T16:44:58.109+0000] {logging_mixin.py:188} INFO - [2026-04-28T16:44:58.108+0000] {dag.py:3954} INFO - Setting next_dagrun for example_nested_branch_dag to 2026-04-27 00:00:00+00:00, run_after=2026-04-28 00:00:00+00:00
[2026-04-28T16:44:58.127+0000] {processor.py:183} INFO - Processing /home/airflow/.local/lib/python3.12/site-packages/airflow/example_dags/example_nested_branch_dag.py took 0.096 seconds
[2026-04-28T16:45:28.233+0000] {processor.py:161} INFO - Started process (PID=397) to work on /home/airflow/.local/lib/python3.12/site-packages/airflow/example_dags/example_nested_branch_dag.py
[2026-04-28T16:45:28.234+0000] {processor.py:830} INFO - Processing file /home/airflow/.local/lib/python3.12/site-packages/airflow/example_dags/example_nested_branch_dag.py for tasks to queue
[2026-04-28T16:45:28.236+0000] {logging_mixin.py:188} INFO - [2026-04-28T16:45:28.235+0000] {dagbag.py:540} INFO - Filling up the DagBag from /home/airflow/.local/lib/python3.12/site-packages/airflow/example_dags/example_nested_branch_dag.py
[2026-04-28T16:45:28.248+0000] {processor.py:840} INFO - DAG(s) 'example_nested_branch_dag' retrieved from /home/airflow/.local/lib/python3.12/site-packages/airflow/example_dags/example_nested_branch_dag.py
[2026-04-28T16:45:28.274+0000] {logging_mixin.py:188} INFO - [2026-04-28T16:45:28.273+0000] {dag.py:3096} INFO - Sync 1 DAGs
[2026-04-28T16:45:28.301+0000] {logging_mixin.py:188} INFO - [2026-04-28T16:45:28.301+0000] {dag.py:3954} INFO - Setting next_dagrun for example_nested_branch_dag to 2026-04-27 00:00:00+00:00, run_after=2026-04-28 00:00:00+00:00
[2026-04-28T16:45:28.319+0000] {processor.py:183} INFO - Processing /home/airflow/.local/lib/python3.12/site-packages/airflow/example_dags/example_nested_branch_dag.py took 0.093 seconds
[2026-04-28T16:45:58.610+0000] {processor.py:161} INFO - Started process (PID=457) to work on /home/airflow/.local/lib/python3.12/site-packages/airflow/example_dags/example_nested_branch_dag.py
[2026-04-28T16:45:58.611+0000] {processor.py:830} INFO - Processing file /home/airflow/.local/lib/python3.12/site-packages/airflow/example_dags/example_nested_branch_dag.py for tasks to queue
[2026-04-28T16:45:58.613+0000] {logging_mixin.py:188} INFO - [2026-04-28T16:45:58.613+0000] {dagbag.py:540} INFO - Filling up the DagBag from /home/airflow/.local/lib/python3.12/site-packages/airflow/example_dags/example_nested_branch_dag.py
[2026-04-28T16:45:58.626+0000] {processor.py:840} INFO - DAG(s) 'example_nested_branch_dag' retrieved from /home/airflow/.local/lib/python3.12/site-packages/airflow/example_dags/example_nested_branch_dag.py
[2026-04-28T16:45:58.655+0000] {logging_mixin.py:188} INFO - [2026-04-28T16:45:58.655+0000] {dag.py:3096} INFO - Sync 1 DAGs
[2026-04-28T16:45:58.694+0000] {logging_mixin.py:188} INFO - [2026-04-28T16:45:58.693+0000] {dag.py:3954} INFO - Setting next_dagrun for example_nested_branch_dag to 2026-04-27 00:00:00+00:00, run_after=2026-04-28 00:00:00+00:00
[2026-04-28T16:45:58.712+0000] {processor.py:183} INFO - Processing /home/airflow/.local/lib/python3.12/site-packages/airflow/example_dags/example_nested_branch_dag.py took 0.108 seconds
[2026-04-28T16:46:28.819+0000] {processor.py:161} INFO - Started process (PID=517) to work on /home/airflow/.local/lib/python3.12/site-packages/airflow/example_dags/example_nested_branch_dag.py
[2026-04-28T16:46:28.821+0000] {processor.py:830} INFO - Processing file /home/airflow/.local/lib/python3.12/site-packages/airflow/example_dags/example_nested_branch_dag.py for tasks to queue
[2026-04-28T16:46:28.823+0000] {logging_mixin.py:188} INFO - [2026-04-28T16:46:28.823+0000] {dagbag.py:540} INFO - Filling up the DagBag from /home/airflow/.local/lib/python3.12/site-packages/airflow/example_dags/example_nested_branch_dag.py
[2026-04-28T16:46:28.835+0000] {processor.py:840} INFO - DAG(s) 'example_nested_branch_dag' retrieved from /home/airflow/.local/lib/python3.12/site-packages/airflow/example_dags/example_nested_branch_dag.py
[2026-04-28T16:46:28.862+0000] {logging_mixin.py:188} INFO - [2026-04-28T16:46:28.862+0000] {dag.py:3096} INFO - Sync 1 DAGs
[2026-04-28T16:46:28.887+0000] {logging_mixin.py:188} INFO - [2026-04-28T16:46:28.887+0000] {dag.py:3954} INFO - Setting next_dagrun for example_nested_branch_dag to 2026-04-27 00:00:00+00:00, run_after=2026-04-28 00:00:00+00:00
[2026-04-28T16:46:28.902+0000] {processor.py:183} INFO - Processing /home/airflow/.local/lib/python3.12/site-packages/airflow/example_dags/example_nested_branch_dag.py took 0.090 seconds
[2026-04-28T16:46:59.803+0000] {processor.py:161} INFO - Started process (PID=576) to work on /home/airflow/.local/lib/python3.12/site-packages/airflow/example_dags/example_nested_branch_dag.py
[2026-04-28T16:46:59.803+0000] {processor.py:830} INFO - Processing file /home/airflow/.local/lib/python3.12/site-packages/airflow/example_dags/example_nested_branch_dag.py for tasks to queue
[2026-04-28T16:46:59.805+0000] {logging_mixin.py:188} INFO - [2026-04-28T16:46:59.804+0000] {dagbag.py:540} INFO - Filling up the DagBag from /home/airflow/.local/lib/python3.12/site-packages/airflow/example_dags/example_nested_branch_dag.py
[2026-04-28T16:46:59.813+0000] {processor.py:840} INFO - DAG(s) 'example_nested_branch_dag' retrieved from /home/airflow/.local/lib/python3.12/site-packages/airflow/example_dags/example_nested_branch_dag.py
[2026-04-28T16:46:59.832+0000] {logging_mixin.py:188} INFO - [2026-04-28T16:46:59.832+0000] {dag.py:3096} INFO - Sync 1 DAGs
[2026-04-28T16:46:59.853+0000] {logging_mixin.py:188} INFO - [2026-04-28T16:46:59.853+0000] {dag.py:3954} INFO - Setting next_dagrun for example_nested_branch_dag to 2026-04-27 00:00:00+00:00, run_after=2026-04-28 00:00:00+00:00
[2026-04-28T16:46:59.870+0000] {processor.py:183} INFO - Processing /home/airflow/.local/lib/python3.12/site-packages/airflow/example_dags/example_nested_branch_dag.py took 0.072 seconds
[2026-04-28T16:47:30.476+0000] {processor.py:161} INFO - Started process (PID=636) to work on /home/airflow/.local/lib/python3.12/site-packages/airflow/example_dags/example_nested_branch_dag.py
[2026-04-28T16:47:30.477+0000] {processor.py:830} INFO - Processing file /home/airflow/.local/lib/python3.12/site-packages/airflow/example_dags/example_nested_branch_dag.py for tasks to queue
[2026-04-28T16:47:30.485+0000] {logging_mixin.py:188} INFO - [2026-04-28T16:47:30.481+0000] {dagbag.py:540} INFO - Filling up the DagBag from /home/airflow/.local/lib/python3.12/site-packages/airflow/example_dags/example_nested_branch_dag.py
[2026-04-28T16:47:30.578+0000] {processor.py:840} INFO - DAG(s) 'example_nested_branch_dag' retrieved from /home/airflow/.local/lib/python3.12/site-packages/airflow/example_dags/example_nested_branch_dag.py
[2026-04-28T16:47:30.732+0000] {logging_mixin.py:188} INFO - [2026-04-28T16:47:30.732+0000] {dag.py:3096} INFO - Sync 1 DAGs
[2026-04-28T16:47:30.826+0000] {logging_mixin.py:188} INFO - [2026-04-28T16:47:30.826+0000] {dag.py:3954} INFO - Setting next_dagrun for example_nested_branch_dag to 2026-04-27 00:00:00+00:00, run_after=2026-04-28 00:00:00+00:00
[2026-04-28T16:47:30.868+0000] {processor.py:183} INFO - Processing /home/airflow/.local/lib/python3.12/site-packages/airflow/example_dags/example_nested_branch_dag.py took 0.431 seconds
[2026-04-28T16:48:00.995+0000] {processor.py:161} INFO - Started process (PID=696) to work on /home/airflow/.local/lib/python3.12/site-packages/airflow/example_dags/example_nested_branch_dag.py
[2026-04-28T16:48:00.996+0000] {processor.py:830} INFO - Processing file /home/airflow/.local/lib/python3.12/site-packages/airflow/example_dags/example_nested_branch_dag.py for tasks to queue
[2026-04-28T16:48:00.998+0000] {logging_mixin.py:188} INFO - [2026-04-28T16:48:00.997+0000] {dagbag.py:540} INFO - Filling up the DagBag from /home/airflow/.local/lib/python3.12/site-packages/airflow/example_dags/example_nested_branch_dag.py
[2026-04-28T16:48:01.006+0000] {processor.py:840} INFO - DAG(s) 'example_nested_branch_dag' retrieved from /home/airflow/.local/lib/python3.12/site-packages/airflow/example_dags/example_nested_branch_dag.py
[2026-04-28T16:48:01.025+0000] {logging_mixin.py:188} INFO - [2026-04-28T16:48:01.025+0000] {dag.py:3096} INFO - Sync 1 DAGs
[2026-04-28T16:48:01.044+0000] {logging_mixin.py:188} INFO - [2026-04-28T16:48:01.044+0000] {dag.py:3954} INFO - Setting next_dagrun for example_nested_branch_dag to 2026-04-27 00:00:00+00:00, run_after=2026-04-28 00:00:00+00:00
[2026-04-28T16:48:01.059+0000] {processor.py:183} INFO - Processing /home/airflow/.local/lib/python3.12/site-packages/airflow/example_dags/example_nested_branch_dag.py took 0.069 seconds
[2026-04-28T16:48:31.692+0000] {processor.py:161} INFO - Started process (PID=756) to work on /home/airflow/.local/lib/python3.12/site-packages/airflow/example_dags/example_nested_branch_dag.py
[2026-04-28T16:48:31.693+0000] {processor.py:830} INFO - Processing file /home/airflow/.local/lib/python3.12/site-packages/airflow/example_dags/example_nested_branch_dag.py for tasks to queue
[2026-04-28T16:48:31.695+0000] {logging_mixin.py:188} INFO - [2026-04-28T16:48:31.695+0000] {dagbag.py:540} INFO - Filling up the DagBag from /home/airflow/.local/lib/python3.12/site-packages/airflow/example_dags/example_nested_branch_dag.py
[2026-04-28T16:48:31.707+0000] {processor.py:840} INFO - DAG(s) 'example_nested_branch_dag' retrieved from /home/airflow/.local/lib/python3.12/site-packages/airflow/example_dags/example_nested_branch_dag.py
[2026-04-28T16:48:31.728+0000] {logging_mixin.py:188} INFO - [2026-04-28T16:48:31.727+0000] {dag.py:3096} INFO - Sync 1 DAGs
[2026-04-28T16:48:31.749+0000] {logging_mixin.py:188} INFO - [2026-04-28T16:48:31.749+0000] {dag.py:3954} INFO - Setting next_dagrun for example_nested_branch_dag to 2026-04-27 00:00:00+00:00, run_after=2026-04-28 00:00:00+00:00
[2026-04-28T16:48:31.766+0000] {processor.py:183} INFO - Processing /home/airflow/.local/lib/python3.12/site-packages/airflow/example_dags/example_nested_branch_dag.py took 0.082 seconds
[2026-04-28T17:25:29.469+0000] {processor.py:161} INFO - Started process (PID=90) to work on /home/airflow/.local/lib/python3.12/site-packages/airflow/example_dags/example_nested_branch_dag.py
[2026-04-28T17:25:29.488+0000] {processor.py:830} INFO - Processing file /home/airflow/.local/lib/python3.12/site-packages/airflow/example_dags/example_nested_branch_dag.py for tasks to queue
[2026-04-28T17:25:29.497+0000] {logging_mixin.py:188} INFO - [2026-04-28T17:25:29.494+0000] {dagbag.py:540} INFO - Filling up the DagBag from /home/airflow/.local/lib/python3.12/site-packages/airflow/example_dags/example_nested_branch_dag.py
[2026-04-28T17:25:29.520+0000] {processor.py:840} INFO - DAG(s) 'example_nested_branch_dag' retrieved from /home/airflow/.local/lib/python3.12/site-packages/airflow/example_dags/example_nested_branch_dag.py
[2026-04-28T17:25:29.566+0000] {logging_mixin.py:188} INFO - [2026-04-28T17:25:29.566+0000] {dag.py:3096} INFO - Sync 1 DAGs
[2026-04-28T17:25:29.639+0000] {logging_mixin.py:188} INFO - [2026-04-28T17:25:29.639+0000] {dag.py:3954} INFO - Setting next_dagrun for example_nested_branch_dag to 2026-04-27 00:00:00+00:00, run_after=2026-04-28 00:00:00+00:00
[2026-04-28T17:25:29.687+0000] {processor.py:183} INFO - Processing /home/airflow/.local/lib/python3.12/site-packages/airflow/example_dags/example_nested_branch_dag.py took 0.225 seconds
[2026-04-28T17:26:00.529+0000] {processor.py:161} INFO - Started process (PID=150) to work on /home/airflow/.local/lib/python3.12/site-packages/airflow/example_dags/example_nested_branch_dag.py
[2026-04-28T17:26:00.530+0000] {processor.py:830} INFO - Processing file /home/airflow/.local/lib/python3.12/site-packages/airflow/example_dags/example_nested_branch_dag.py for tasks to queue
[2026-04-28T17:26:00.532+0000] {logging_mixin.py:188} INFO - [2026-04-28T17:26:00.531+0000] {dagbag.py:540} INFO - Filling up the DagBag from /home/airflow/.local/lib/python3.12/site-packages/airflow/example_dags/example_nested_branch_dag.py
[2026-04-28T17:26:00.544+0000] {processor.py:840} INFO - DAG(s) 'example_nested_branch_dag' retrieved from /home/airflow/.local/lib/python3.12/site-packages/airflow/example_dags/example_nested_branch_dag.py
[2026-04-28T17:26:00.571+0000] {logging_mixin.py:188} INFO - [2026-04-28T17:26:00.571+0000] {dag.py:3096} INFO - Sync 1 DAGs
[2026-04-28T17:26:00.605+0000] {logging_mixin.py:188} INFO - [2026-04-28T17:26:00.605+0000] {dag.py:3954} INFO - Setting next_dagrun for example_nested_branch_dag to 2026-04-27 00:00:00+00:00, run_after=2026-04-28 00:00:00+00:00
[2026-04-28T17:26:00.625+0000] {processor.py:183} INFO - Processing /home/airflow/.local/lib/python3.12/site-packages/airflow/example_dags/example_nested_branch_dag.py took 0.104 seconds
[2026-04-28T17:26:31.999+0000] {processor.py:161} INFO - Started process (PID=210) to work on /home/airflow/.local/lib/python3.12/site-packages/airflow/example_dags/example_nested_branch_dag.py
[2026-04-28T17:26:32.002+0000] {processor.py:830} INFO - Processing file /home/airflow/.local/lib/python3.12/site-packages/airflow/example_dags/example_nested_branch_dag.py for tasks to queue
[2026-04-28T17:26:32.006+0000] {logging_mixin.py:188} INFO - [2026-04-28T17:26:32.006+0000] {dagbag.py:540} INFO - Filling up the DagBag from /home/airflow/.local/lib/python3.12/site-packages/airflow/example_dags/example_nested_branch_dag.py
[2026-04-28T17:26:32.061+0000] {processor.py:840} INFO - DAG(s) 'example_nested_branch_dag' retrieved from /home/airflow/.local/lib/python3.12/site-packages/airflow/example_dags/example_nested_branch_dag.py
[2026-04-28T17:26:32.155+0000] {logging_mixin.py:188} INFO - [2026-04-28T17:26:32.153+0000] {dag.py:3096} INFO - Sync 1 DAGs
[2026-04-28T17:26:32.266+0000] {logging_mixin.py:188} INFO - [2026-04-28T17:26:32.265+0000] {dag.py:3954} INFO - Setting next_dagrun for example_nested_branch_dag to 2026-04-27 00:00:00+00:00, run_after=2026-04-28 00:00:00+00:00
[2026-04-28T17:26:32.342+0000] {processor.py:183} INFO - Processing /home/airflow/.local/lib/python3.12/site-packages/airflow/example_dags/example_nested_branch_dag.py took 0.374 seconds
[2026-04-28T17:27:02.922+0000] {processor.py:161} INFO - Started process (PID=270) to work on /home/airflow/.local/lib/python3.12/site-packages/airflow/example_dags/example_nested_branch_dag.py
[2026-04-28T17:27:02.923+0000] {processor.py:830} INFO - Processing file /home/airflow/.local/lib/python3.12/site-packages/airflow/example_dags/example_nested_branch_dag.py for tasks to queue
[2026-04-28T17:27:02.925+0000] {logging_mixin.py:188} INFO - [2026-04-28T17:27:02.925+0000] {dagbag.py:540} INFO - Filling up the DagBag from /home/airflow/.local/lib/python3.12/site-packages/airflow/example_dags/example_nested_branch_dag.py
[2026-04-28T17:27:02.938+0000] {processor.py:840} INFO - DAG(s) 'example_nested_branch_dag' retrieved from /home/airflow/.local/lib/python3.12/site-packages/airflow/example_dags/example_nested_branch_dag.py
[2026-04-28T17:27:02.963+0000] {logging_mixin.py:188} INFO - [2026-04-28T17:27:02.963+0000] {dag.py:3096} INFO - Sync 1 DAGs
[2026-04-28T17:27:02.993+0000] {logging_mixin.py:188} INFO - [2026-04-28T17:27:02.993+0000] {dag.py:3954} INFO - Setting next_dagrun for example_nested_branch_dag to 2026-04-27 00:00:00+00:00, run_after=2026-04-28 00:00:00+00:00
[2026-04-28T17:27:03.016+0000] {processor.py:183} INFO - Processing /home/airflow/.local/lib/python3.12/site-packages/airflow/example_dags/example_nested_branch_dag.py took 0.101 seconds
[2026-04-28T17:27:33.628+0000] {processor.py:161} INFO - Started process (PID=329) to work on /home/airflow/.local/lib/python3.12/site-packages/airflow/example_dags/example_nested_branch_dag.py
[2026-04-28T17:27:33.629+0000] {processor.py:830} INFO - Processing file /home/airflow/.local/lib/python3.12/site-packages/airflow/example_dags/example_nested_branch_dag.py for tasks to queue
[2026-04-28T17:27:33.631+0000] {logging_mixin.py:188} INFO - [2026-04-28T17:27:33.631+0000] {dagbag.py:540} INFO - Filling up the DagBag from /home/airflow/.local/lib/python3.12/site-packages/airflow/example_dags/example_nested_branch_dag.py
[2026-04-28T17:27:33.643+0000] {processor.py:840} INFO - DAG(s) 'example_nested_branch_dag' retrieved from /home/airflow/.local/lib/python3.12/site-packages/airflow/example_dags/example_nested_branch_dag.py
[2026-04-28T17:27:33.669+0000] {logging_mixin.py:188} INFO - [2026-04-28T17:27:33.669+0000] {dag.py:3096} INFO - Sync 1 DAGs
[2026-04-28T17:27:33.696+0000] {logging_mixin.py:188} INFO - [2026-04-28T17:27:33.696+0000] {dag.py:3954} INFO - Setting next_dagrun for example_nested_branch_dag to 2026-04-27 00:00:00+00:00, run_after=2026-04-28 00:00:00+00:00
[2026-04-28T17:27:33.716+0000] {processor.py:183} INFO - Processing /home/airflow/.local/lib/python3.12/site-packages/airflow/example_dags/example_nested_branch_dag.py took 0.095 seconds
[2026-04-28T17:28:03.973+0000] {processor.py:161} INFO - Started process (PID=388) to work on /home/airflow/.local/lib/python3.12/site-packages/airflow/example_dags/example_nested_branch_dag.py
[2026-04-28T17:28:03.974+0000] {processor.py:830} INFO - Processing file /home/airflow/.local/lib/python3.12/site-packages/airflow/example_dags/example_nested_branch_dag.py for tasks to queue
[2026-04-28T17:28:03.976+0000] {logging_mixin.py:188} INFO - [2026-04-28T17:28:03.975+0000] {dagbag.py:540} INFO - Filling up the DagBag from /home/airflow/.local/lib/python3.12/site-packages/airflow/example_dags/example_nested_branch_dag.py
[2026-04-28T17:28:03.988+0000] {processor.py:840} INFO - DAG(s) 'example_nested_branch_dag' retrieved from /home/airflow/.local/lib/python3.12/site-packages/airflow/example_dags/example_nested_branch_dag.py
[2026-04-28T17:28:04.015+0000] {logging_mixin.py:188} INFO - [2026-04-28T17:28:04.015+0000] {dag.py:3096} INFO - Sync 1 DAGs
[2026-04-28T17:28:04.043+0000] {logging_mixin.py:188} INFO - [2026-04-28T17:28:04.042+0000] {dag.py:3954} INFO - Setting next_dagrun for example_nested_branch_dag to 2026-04-27 00:00:00+00:00, run_after=2026-04-28 00:00:00+00:00
[2026-04-28T17:28:04.063+0000] {processor.py:183} INFO - Processing /home/airflow/.local/lib/python3.12/site-packages/airflow/example_dags/example_nested_branch_dag.py took 0.097 seconds
[2026-04-28T17:28:34.327+0000] {processor.py:161} INFO - Started process (PID=448) to work on /home/airflow/.local/lib/python3.12/site-packages/airflow/example_dags/example_nested_branch_dag.py
[2026-04-28T17:28:34.328+0000] {processor.py:830} INFO - Processing file /home/airflow/.local/lib/python3.12/site-packages/airflow/example_dags/example_nested_branch_dag.py for tasks to queue
[2026-04-28T17:28:34.330+0000] {logging_mixin.py:188} INFO - [2026-04-28T17:28:34.329+0000] {dagbag.py:540} INFO - Filling up the DagBag from /home/airflow/.local/lib/python3.12/site-packages/airflow/example_dags/example_nested_branch_dag.py
[2026-04-28T17:28:34.342+0000] {processor.py:840} INFO - DAG(s) 'example_nested_branch_dag' retrieved from /home/airflow/.local/lib/python3.12/site-packages/airflow/example_dags/example_nested_branch_dag.py
[2026-04-28T17:28:34.368+0000] {logging_mixin.py:188} INFO - [2026-04-28T17:28:34.368+0000] {dag.py:3096} INFO - Sync 1 DAGs
[2026-04-28T17:28:34.396+0000] {logging_mixin.py:188} INFO - [2026-04-28T17:28:34.396+0000] {dag.py:3954} INFO - Setting next_dagrun for example_nested_branch_dag to 2026-04-27 00:00:00+00:00, run_after=2026-04-28 00:00:00+00:00
[2026-04-28T17:28:34.418+0000] {processor.py:183} INFO - Processing /home/airflow/.local/lib/python3.12/site-packages/airflow/example_dags/example_nested_branch_dag.py took 0.098 seconds
[2026-04-28T17:29:04.832+0000] {processor.py:161} INFO - Started process (PID=508) to work on /home/airflow/.local/lib/python3.12/site-packages/airflow/example_dags/example_nested_branch_dag.py
[2026-04-28T17:29:04.833+0000] {processor.py:830} INFO - Processing file /home/airflow/.local/lib/python3.12/site-packages/airflow/example_dags/example_nested_branch_dag.py for tasks to queue
[2026-04-28T17:29:04.835+0000] {logging_mixin.py:188} INFO - [2026-04-28T17:29:04.835+0000] {dagbag.py:540} INFO - Filling up the DagBag from /home/airflow/.local/lib/python3.12/site-packages/airflow/example_dags/example_nested_branch_dag.py
[2026-04-28T17:29:04.848+0000] {processor.py:840} INFO - DAG(s) 'example_nested_branch_dag' retrieved from /home/airflow/.local/lib/python3.12/site-packages/airflow/example_dags/example_nested_branch_dag.py
[2026-04-28T17:29:04.876+0000] {logging_mixin.py:188} INFO - [2026-04-28T17:29:04.876+0000] {dag.py:3096} INFO - Sync 1 DAGs
[2026-04-28T17:29:04.904+0000] {logging_mixin.py:188} INFO - [2026-04-28T17:29:04.903+0000] {dag.py:3954} INFO - Setting next_dagrun for example_nested_branch_dag to 2026-04-27 00:00:00+00:00, run_after=2026-04-28 00:00:00+00:00
[2026-04-28T17:29:04.923+0000] {processor.py:183} INFO - Processing /home/airflow/.local/lib/python3.12/site-packages/airflow/example_dags/example_nested_branch_dag.py took 0.097 seconds
[2026-04-28T17:29:35.100+0000] {processor.py:161} INFO - Started process (PID=568) to work on /home/airflow/.local/lib/python3.12/site-packages/airflow/example_dags/example_nested_branch_dag.py
[2026-04-28T17:29:35.102+0000] {processor.py:830} INFO - Processing file /home/airflow/.local/lib/python3.12/site-packages/airflow/example_dags/example_nested_branch_dag.py for tasks to queue
[2026-04-28T17:29:35.104+0000] {logging_mixin.py:188} INFO - [2026-04-28T17:29:35.103+0000] {dagbag.py:540} INFO - Filling up the DagBag from /home/airflow/.local/lib/python3.12/site-packages/airflow/example_dags/example_nested_branch_dag.py
[2026-04-28T17:29:35.116+0000] {processor.py:840} INFO - DAG(s) 'example_nested_branch_dag' retrieved from /home/airflow/.local/lib/python3.12/site-packages/airflow/example_dags/example_nested_branch_dag.py
[2026-04-28T17:29:35.143+0000] {logging_mixin.py:188} INFO - [2026-04-28T17:29:35.142+0000] {dag.py:3096} INFO - Sync 1 DAGs
[2026-04-28T17:29:35.172+0000] {logging_mixin.py:188} INFO - [2026-04-28T17:29:35.171+0000] {dag.py:3954} INFO - Setting next_dagrun for example_nested_branch_dag to 2026-04-27 00:00:00+00:00, run_after=2026-04-28 00:00:00+00:00
[2026-04-28T17:29:35.191+0000] {processor.py:183} INFO - Processing /home/airflow/.local/lib/python3.12/site-packages/airflow/example_dags/example_nested_branch_dag.py took 0.099 seconds
[2026-04-28T17:30:05.758+0000] {processor.py:161} INFO - Started process (PID=629) to work on /home/airflow/.local/lib/python3.12/site-packages/airflow/example_dags/example_nested_branch_dag.py
[2026-04-28T17:30:05.759+0000] {processor.py:830} INFO - Processing file /home/airflow/.local/lib/python3.12/site-packages/airflow/example_dags/example_nested_branch_dag.py for tasks to queue
[2026-04-28T17:30:05.761+0000] {logging_mixin.py:188} INFO - [2026-04-28T17:30:05.760+0000] {dagbag.py:540} INFO - Filling up the DagBag from /home/airflow/.local/lib/python3.12/site-packages/airflow/example_dags/example_nested_branch_dag.py
[2026-04-28T17:30:05.775+0000] {processor.py:840} INFO - DAG(s) 'example_nested_branch_dag' retrieved from /home/airflow/.local/lib/python3.12/site-packages/airflow/example_dags/example_nested_branch_dag.py
[2026-04-28T17:30:05.801+0000] {logging_mixin.py:188} INFO - [2026-04-28T17:30:05.801+0000] {dag.py:3096} INFO - Sync 1 DAGs
[2026-04-28T17:30:05.828+0000] {logging_mixin.py:188} INFO - [2026-04-28T17:30:05.828+0000] {dag.py:3954} INFO - Setting next_dagrun for example_nested_branch_dag to 2026-04-27 00:00:00+00:00, run_after=2026-04-28 00:00:00+00:00
[2026-04-28T17:30:05.853+0000] {processor.py:183} INFO - Processing /home/airflow/.local/lib/python3.12/site-packages/airflow/example_dags/example_nested_branch_dag.py took 0.102 seconds
[2026-04-28T17:30:37.595+0000] {processor.py:161} INFO - Started process (PID=689) to work on /home/airflow/.local/lib/python3.12/site-packages/airflow/example_dags/example_nested_branch_dag.py
[2026-04-28T17:30:37.598+0000] {processor.py:830} INFO - Processing file /home/airflow/.local/lib/python3.12/site-packages/airflow/example_dags/example_nested_branch_dag.py for tasks to queue
[2026-04-28T17:30:37.604+0000] {logging_mixin.py:188} INFO - [2026-04-28T17:30:37.603+0000] {dagbag.py:540} INFO - Filling up the DagBag from /home/airflow/.local/lib/python3.12/site-packages/airflow/example_dags/example_nested_branch_dag.py
[2026-04-28T17:30:37.635+0000] {processor.py:840} INFO - DAG(s) 'example_nested_branch_dag' retrieved from /home/airflow/.local/lib/python3.12/site-packages/airflow/example_dags/example_nested_branch_dag.py
[2026-04-28T17:30:37.694+0000] {logging_mixin.py:188} INFO - [2026-04-28T17:30:37.694+0000] {dag.py:3096} INFO - Sync 1 DAGs
[2026-04-28T17:30:37.773+0000] {logging_mixin.py:188} INFO - [2026-04-28T17:30:37.773+0000] {dag.py:3954} INFO - Setting next_dagrun for example_nested_branch_dag to 2026-04-27 00:00:00+00:00, run_after=2026-04-28 00:00:00+00:00
[2026-04-28T17:30:37.825+0000] {processor.py:183} INFO - Processing /home/airflow/.local/lib/python3.12/site-packages/airflow/example_dags/example_nested_branch_dag.py took 0.247 seconds
[2026-04-28T17:31:08.810+0000] {processor.py:161} INFO - Started process (PID=749) to work on /home/airflow/.local/lib/python3.12/site-packages/airflow/example_dags/example_nested_branch_dag.py
[2026-04-28T17:31:08.811+0000] {processor.py:830} INFO - Processing file /home/airflow/.local/lib/python3.12/site-packages/airflow/example_dags/example_nested_branch_dag.py for tasks to queue
[2026-04-28T17:31:08.814+0000] {logging_mixin.py:188} INFO - [2026-04-28T17:31:08.814+0000] {dagbag.py:540} INFO - Filling up the DagBag from /home/airflow/.local/lib/python3.12/site-packages/airflow/example_dags/example_nested_branch_dag.py
[2026-04-28T17:31:08.828+0000] {processor.py:840} INFO - DAG(s) 'example_nested_branch_dag' retrieved from /home/airflow/.local/lib/python3.12/site-packages/airflow/example_dags/example_nested_branch_dag.py
[2026-04-28T17:31:08.858+0000] {logging_mixin.py:188} INFO - [2026-04-28T17:31:08.857+0000] {dag.py:3096} INFO - Sync 1 DAGs
[2026-04-28T17:31:08.887+0000] {logging_mixin.py:188} INFO - [2026-04-28T17:31:08.887+0000] {dag.py:3954} INFO - Setting next_dagrun for example_nested_branch_dag to 2026-04-27 00:00:00+00:00, run_after=2026-04-28 00:00:00+00:00
[2026-04-28T17:31:08.919+0000] {processor.py:183} INFO - Processing /home/airflow/.local/lib/python3.12/site-packages/airflow/example_dags/example_nested_branch_dag.py took 0.127 seconds
[2026-04-28T17:31:39.180+0000] {processor.py:161} INFO - Started process (PID=809) to work on /home/airflow/.local/lib/python3.12/site-packages/airflow/example_dags/example_nested_branch_dag.py
[2026-04-28T17:31:39.181+0000] {processor.py:830} INFO - Processing file /home/airflow/.local/lib/python3.12/site-packages/airflow/example_dags/example_nested_branch_dag.py for tasks to queue
[2026-04-28T17:31:39.183+0000] {logging_mixin.py:188} INFO - [2026-04-28T17:31:39.183+0000] {dagbag.py:540} INFO - Filling up the DagBag from /home/airflow/.local/lib/python3.12/site-packages/airflow/example_dags/example_nested_branch_dag.py
[2026-04-28T17:31:39.194+0000] {processor.py:840} INFO - DAG(s) 'example_nested_branch_dag' retrieved from /home/airflow/.local/lib/python3.12/site-packages/airflow/example_dags/example_nested_branch_dag.py
[2026-04-28T17:31:39.223+0000] {logging_mixin.py:188} INFO - [2026-04-28T17:31:39.223+0000] {dag.py:3096} INFO - Sync 1 DAGs
[2026-04-28T17:31:39.251+0000] {logging_mixin.py:188} INFO - [2026-04-28T17:31:39.251+0000] {dag.py:3954} INFO - Setting next_dagrun for example_nested_branch_dag to 2026-04-27 00:00:00+00:00, run_after=2026-04-28 00:00:00+00:00
[2026-04-28T17:31:39.273+0000] {processor.py:183} INFO - Processing /home/airflow/.local/lib/python3.12/site-packages/airflow/example_dags/example_nested_branch_dag.py took 0.099 seconds
[2026-04-28T17:32:09.623+0000] {processor.py:161} INFO - Started process (PID=868) to work on /home/airflow/.local/lib/python3.12/site-packages/airflow/example_dags/example_nested_branch_dag.py
[2026-04-28T17:32:09.624+0000] {processor.py:830} INFO - Processing file /home/airflow/.local/lib/python3.12/site-packages/airflow/example_dags/example_nested_branch_dag.py for tasks to queue
[2026-04-28T17:32:09.626+0000] {logging_mixin.py:188} INFO - [2026-04-28T17:32:09.625+0000] {dagbag.py:540} INFO - Filling up the DagBag from /home/airflow/.local/lib/python3.12/site-packages/airflow/example_dags/example_nested_branch_dag.py
[2026-04-28T17:32:09.638+0000] {processor.py:840} INFO - DAG(s) 'example_nested_branch_dag' retrieved from /home/airflow/.local/lib/python3.12/site-packages/airflow/example_dags/example_nested_branch_dag.py
[2026-04-28T17:32:09.666+0000] {logging_mixin.py:188} INFO - [2026-04-28T17:32:09.665+0000] {dag.py:3096} INFO - Sync 1 DAGs
[2026-04-28T17:32:09.694+0000] {logging_mixin.py:188} INFO - [2026-04-28T17:32:09.694+0000] {dag.py:3954} INFO - Setting next_dagrun for example_nested_branch_dag to 2026-04-27 00:00:00+00:00, run_after=2026-04-28 00:00:00+00:00
[2026-04-28T17:32:09.715+0000] {processor.py:183} INFO - Processing /home/airflow/.local/lib/python3.12/site-packages/airflow/example_dags/example_nested_branch_dag.py took 0.098 seconds
[2026-04-28T17:32:39.879+0000] {processor.py:161} INFO - Started process (PID=928) to work on /home/airflow/.local/lib/python3.12/site-packages/airflow/example_dags/example_nested_branch_dag.py
[2026-04-28T17:32:39.880+0000] {processor.py:830} INFO - Processing file /home/airflow/.local/lib/python3.12/site-packages/airflow/example_dags/example_nested_branch_dag.py for tasks to queue
[2026-04-28T17:32:39.882+0000] {logging_mixin.py:188} INFO - [2026-04-28T17:32:39.882+0000] {dagbag.py:540} INFO - Filling up the DagBag from /home/airflow/.local/lib/python3.12/site-packages/airflow/example_dags/example_nested_branch_dag.py
[2026-04-28T17:32:39.894+0000] {processor.py:840} INFO - DAG(s) 'example_nested_branch_dag' retrieved from /home/airflow/.local/lib/python3.12/site-packages/airflow/example_dags/example_nested_branch_dag.py
[2026-04-28T17:32:39.925+0000] {logging_mixin.py:188} INFO - [2026-04-28T17:32:39.924+0000] {dag.py:3096} INFO - Sync 1 DAGs
[2026-04-28T17:32:39.957+0000] {logging_mixin.py:188} INFO - [2026-04-28T17:32:39.957+0000] {dag.py:3954} INFO - Setting next_dagrun for example_nested_branch_dag to 2026-04-27 00:00:00+00:00, run_after=2026-04-28 00:00:00+00:00
[2026-04-28T17:32:39.978+0000] {processor.py:183} INFO - Processing /home/airflow/.local/lib/python3.12/site-packages/airflow/example_dags/example_nested_branch_dag.py took 0.105 seconds
[2026-04-28T17:33:10.494+0000] {processor.py:161} INFO - Started process (PID=988) to work on /home/airflow/.local/lib/python3.12/site-packages/airflow/example_dags/example_nested_branch_dag.py
[2026-04-28T17:33:10.495+0000] {processor.py:830} INFO - Processing file /home/airflow/.local/lib/python3.12/site-packages/airflow/example_dags/example_nested_branch_dag.py for tasks to queue
[2026-04-28T17:33:10.496+0000] {logging_mixin.py:188} INFO - [2026-04-28T17:33:10.496+0000] {dagbag.py:540} INFO - Filling up the DagBag from /home/airflow/.local/lib/python3.12/site-packages/airflow/example_dags/example_nested_branch_dag.py
[2026-04-28T17:33:10.508+0000] {processor.py:840} INFO - DAG(s) 'example_nested_branch_dag' retrieved from /home/airflow/.local/lib/python3.12/site-packages/airflow/example_dags/example_nested_branch_dag.py
[2026-04-28T17:33:10.535+0000] {logging_mixin.py:188} INFO - [2026-04-28T17:33:10.535+0000] {dag.py:3096} INFO - Sync 1 DAGs
[2026-04-28T17:33:10.565+0000] {logging_mixin.py:188} INFO - [2026-04-28T17:33:10.564+0000] {dag.py:3954} INFO - Setting next_dagrun for example_nested_branch_dag to 2026-04-27 00:00:00+00:00, run_after=2026-04-28 00:00:00+00:00
[2026-04-28T17:33:10.590+0000] {processor.py:183} INFO - Processing /home/airflow/.local/lib/python3.12/site-packages/airflow/example_dags/example_nested_branch_dag.py took 0.102 seconds
[2026-04-28T17:33:40.943+0000] {processor.py:161} INFO - Started process (PID=1048) to work on /home/airflow/.local/lib/python3.12/site-packages/airflow/example_dags/example_nested_branch_dag.py
[2026-04-28T17:33:40.944+0000] {processor.py:830} INFO - Processing file /home/airflow/.local/lib/python3.12/site-packages/airflow/example_dags/example_nested_branch_dag.py for tasks to queue
[2026-04-28T17:33:40.946+0000] {logging_mixin.py:188} INFO - [2026-04-28T17:33:40.946+0000] {dagbag.py:540} INFO - Filling up the DagBag from /home/airflow/.local/lib/python3.12/site-packages/airflow/example_dags/example_nested_branch_dag.py
[2026-04-28T17:33:40.958+0000] {processor.py:840} INFO - DAG(s) 'example_nested_branch_dag' retrieved from /home/airflow/.local/lib/python3.12/site-packages/airflow/example_dags/example_nested_branch_dag.py
[2026-04-28T17:33:41.063+0000] {logging_mixin.py:188} INFO - [2026-04-28T17:33:41.063+0000] {dag.py:3096} INFO - Sync 1 DAGs
[2026-04-28T17:33:41.163+0000] {logging_mixin.py:188} INFO - [2026-04-28T17:33:41.162+0000] {dag.py:3954} INFO - Setting next_dagrun for example_nested_branch_dag to 2026-04-27 00:00:00+00:00, run_after=2026-04-28 00:00:00+00:00
[2026-04-28T17:33:41.195+0000] {processor.py:183} INFO - Processing /home/airflow/.local/lib/python3.12/site-packages/airflow/example_dags/example_nested_branch_dag.py took 0.258 seconds
[2026-04-28T17:34:11.277+0000] {processor.py:161} INFO - Started process (PID=1109) to work on /home/airflow/.local/lib/python3.12/site-packages/airflow/example_dags/example_nested_branch_dag.py
[2026-04-28T17:34:11.278+0000] {processor.py:830} INFO - Processing file /home/airflow/.local/lib/python3.12/site-packages/airflow/example_dags/example_nested_branch_dag.py for tasks to queue
[2026-04-28T17:34:11.279+0000] {logging_mixin.py:188} INFO - [2026-04-28T17:34:11.279+0000] {dagbag.py:540} INFO - Filling up the DagBag from /home/airflow/.local/lib/python3.12/site-packages/airflow/example_dags/example_nested_branch_dag.py
[2026-04-28T17:34:11.287+0000] {processor.py:840} INFO - DAG(s) 'example_nested_branch_dag' retrieved from /home/airflow/.local/lib/python3.12/site-packages/airflow/example_dags/example_nested_branch_dag.py
[2026-04-28T17:34:11.305+0000] {logging_mixin.py:188} INFO - [2026-04-28T17:34:11.305+0000] {dag.py:3096} INFO - Sync 1 DAGs
[2026-04-28T17:34:11.325+0000] {logging_mixin.py:188} INFO - [2026-04-28T17:34:11.325+0000] {dag.py:3954} INFO - Setting next_dagrun for example_nested_branch_dag to 2026-04-27 00:00:00+00:00, run_after=2026-04-28 00:00:00+00:00
[2026-04-28T17:34:11.340+0000] {processor.py:183} INFO - Processing /home/airflow/.local/lib/python3.12/site-packages/airflow/example_dags/example_nested_branch_dag.py took 0.068 seconds
[2026-04-28T17:34:42.159+0000] {processor.py:161} INFO - Started process (PID=1168) to work on /home/airflow/.local/lib/python3.12/site-packages/airflow/example_dags/example_nested_branch_dag.py
[2026-04-28T17:34:42.160+0000] {processor.py:830} INFO - Processing file /home/airflow/.local/lib/python3.12/site-packages/airflow/example_dags/example_nested_branch_dag.py for tasks to queue
[2026-04-28T17:34:42.162+0000] {logging_mixin.py:188} INFO - [2026-04-28T17:34:42.162+0000] {dagbag.py:540} INFO - Filling up the DagBag from /home/airflow/.local/lib/python3.12/site-packages/airflow/example_dags/example_nested_branch_dag.py
[2026-04-28T17:34:42.174+0000] {processor.py:840} INFO - DAG(s) 'example_nested_branch_dag' retrieved from /home/airflow/.local/lib/python3.12/site-packages/airflow/example_dags/example_nested_branch_dag.py
[2026-04-28T17:34:42.201+0000] {logging_mixin.py:188} INFO - [2026-04-28T17:34:42.201+0000] {dag.py:3096} INFO - Sync 1 DAGs
[2026-04-28T17:34:42.418+0000] {logging_mixin.py:188} INFO - [2026-04-28T17:34:42.418+0000] {dag.py:3954} INFO - Setting next_dagrun for example_nested_branch_dag to 2026-04-27 00:00:00+00:00, run_after=2026-04-28 00:00:00+00:00
[2026-04-28T17:34:42.437+0000] {processor.py:183} INFO - Processing /home/airflow/.local/lib/python3.12/site-packages/airflow/example_dags/example_nested_branch_dag.py took 0.283 seconds
[2026-04-28T17:35:13.109+0000] {processor.py:161} INFO - Started process (PID=1228) to work on /home/airflow/.local/lib/python3.12/site-packages/airflow/example_dags/example_nested_branch_dag.py
[2026-04-28T17:35:13.110+0000] {processor.py:830} INFO - Processing file /home/airflow/.local/lib/python3.12/site-packages/airflow/example_dags/example_nested_branch_dag.py for tasks to queue
[2026-04-28T17:35:13.112+0000] {logging_mixin.py:188} INFO - [2026-04-28T17:35:13.112+0000] {dagbag.py:540} INFO - Filling up the DagBag from /home/airflow/.local/lib/python3.12/site-packages/airflow/example_dags/example_nested_branch_dag.py
[2026-04-28T17:35:13.124+0000] {processor.py:840} INFO - DAG(s) 'example_nested_branch_dag' retrieved from /home/airflow/.local/lib/python3.12/site-packages/airflow/example_dags/example_nested_branch_dag.py
[2026-04-28T17:35:13.151+0000] {logging_mixin.py:188} INFO - [2026-04-28T17:35:13.151+0000] {dag.py:3096} INFO - Sync 1 DAGs
[2026-04-28T17:35:13.180+0000] {logging_mixin.py:188} INFO - [2026-04-28T17:35:13.180+0000] {dag.py:3954} INFO - Setting next_dagrun for example_nested_branch_dag to 2026-04-27 00:00:00+00:00, run_after=2026-04-28 00:00:00+00:00
[2026-04-28T17:35:13.202+0000] {processor.py:183} INFO - Processing /home/airflow/.local/lib/python3.12/site-packages/airflow/example_dags/example_nested_branch_dag.py took 0.100 seconds
[2026-04-28T17:35:43.344+0000] {processor.py:161} INFO - Started process (PID=1287) to work on /home/airflow/.local/lib/python3.12/site-packages/airflow/example_dags/example_nested_branch_dag.py
[2026-04-28T17:35:43.345+0000] {processor.py:830} INFO - Processing file /home/airflow/.local/lib/python3.12/site-packages/airflow/example_dags/example_nested_branch_dag.py for tasks to queue
[2026-04-28T17:35:43.347+0000] {logging_mixin.py:188} INFO - [2026-04-28T17:35:43.346+0000] {dagbag.py:540} INFO - Filling up the DagBag from /home/airflow/.local/lib/python3.12/site-packages/airflow/example_dags/example_nested_branch_dag.py
[2026-04-28T17:35:43.375+0000] {processor.py:840} INFO - DAG(s) 'example_nested_branch_dag' retrieved from /home/airflow/.local/lib/python3.12/site-packages/airflow/example_dags/example_nested_branch_dag.py
[2026-04-28T17:35:43.417+0000] {logging_mixin.py:188} INFO - [2026-04-28T17:35:43.417+0000] {dag.py:3096} INFO - Sync 1 DAGs
[2026-04-28T17:35:43.447+0000] {logging_mixin.py:188} INFO - [2026-04-28T17:35:43.447+0000] {dag.py:3954} INFO - Setting next_dagrun for example_nested_branch_dag to 2026-04-27 00:00:00+00:00, run_after=2026-04-28 00:00:00+00:00
[2026-04-28T17:35:43.466+0000] {processor.py:183} INFO - Processing /home/airflow/.local/lib/python3.12/site-packages/airflow/example_dags/example_nested_branch_dag.py took 0.128 seconds
[2026-04-28T17:36:13.693+0000] {processor.py:161} INFO - Started process (PID=1347) to work on /home/airflow/.local/lib/python3.12/site-packages/airflow/example_dags/example_nested_branch_dag.py
[2026-04-28T17:36:13.696+0000] {processor.py:830} INFO - Processing file /home/airflow/.local/lib/python3.12/site-packages/airflow/example_dags/example_nested_branch_dag.py for tasks to queue
[2026-04-28T17:36:13.701+0000] {logging_mixin.py:188} INFO - [2026-04-28T17:36:13.701+0000] {dagbag.py:540} INFO - Filling up the DagBag from /home/airflow/.local/lib/python3.12/site-packages/airflow/example_dags/example_nested_branch_dag.py
[2026-04-28T17:36:13.978+0000] {processor.py:840} INFO - DAG(s) 'example_nested_branch_dag' retrieved from /home/airflow/.local/lib/python3.12/site-packages/airflow/example_dags/example_nested_branch_dag.py
[2026-04-28T17:36:14.029+0000] {logging_mixin.py:188} INFO - [2026-04-28T17:36:14.028+0000] {dag.py:3096} INFO - Sync 1 DAGs
[2026-04-28T17:36:14.126+0000] {logging_mixin.py:188} INFO - [2026-04-28T17:36:14.126+0000] {dag.py:3954} INFO - Setting next_dagrun for example_nested_branch_dag to 2026-04-27 00:00:00+00:00, run_after=2026-04-28 00:00:00+00:00
[2026-04-28T17:36:14.203+0000] {processor.py:183} INFO - Processing /home/airflow/.local/lib/python3.12/site-packages/airflow/example_dags/example_nested_branch_dag.py took 0.534 seconds
[2026-04-28T17:36:45.150+0000] {processor.py:161} INFO - Started process (PID=1407) to work on /home/airflow/.local/lib/python3.12/site-packages/airflow/example_dags/example_nested_branch_dag.py
[2026-04-28T17:36:45.151+0000] {processor.py:830} INFO - Processing file /home/airflow/.local/lib/python3.12/site-packages/airflow/example_dags/example_nested_branch_dag.py for tasks to queue
[2026-04-28T17:36:45.153+0000] {logging_mixin.py:188} INFO - [2026-04-28T17:36:45.153+0000] {dagbag.py:540} INFO - Filling up the DagBag from /home/airflow/.local/lib/python3.12/site-packages/airflow/example_dags/example_nested_branch_dag.py
[2026-04-28T17:36:45.165+0000] {processor.py:840} INFO - DAG(s) 'example_nested_branch_dag' retrieved from /home/airflow/.local/lib/python3.12/site-packages/airflow/example_dags/example_nested_branch_dag.py
[2026-04-28T17:36:45.191+0000] {logging_mixin.py:188} INFO - [2026-04-28T17:36:45.190+0000] {dag.py:3096} INFO - Sync 1 DAGs
[2026-04-28T17:36:45.221+0000] {logging_mixin.py:188} INFO - [2026-04-28T17:36:45.221+0000] {dag.py:3954} INFO - Setting next_dagrun for example_nested_branch_dag to 2026-04-27 00:00:00+00:00, run_after=2026-04-28 00:00:00+00:00
[2026-04-28T17:36:45.241+0000] {processor.py:183} INFO - Processing /home/airflow/.local/lib/python3.12/site-packages/airflow/example_dags/example_nested_branch_dag.py took 0.098 seconds
[2026-04-28T17:37:15.714+0000] {processor.py:161} INFO - Started process (PID=1467) to work on /home/airflow/.local/lib/python3.12/site-packages/airflow/example_dags/example_nested_branch_dag.py
[2026-04-28T17:37:15.716+0000] {processor.py:830} INFO - Processing file /home/airflow/.local/lib/python3.12/site-packages/airflow/example_dags/example_nested_branch_dag.py for tasks to queue
[2026-04-28T17:37:15.721+0000] {logging_mixin.py:188} INFO - [2026-04-28T17:37:15.721+0000] {dagbag.py:540} INFO - Filling up the DagBag from /home/airflow/.local/lib/python3.12/site-packages/airflow/example_dags/example_nested_branch_dag.py
[2026-04-28T17:37:15.749+0000] {processor.py:840} INFO - DAG(s) 'example_nested_branch_dag' retrieved from /home/airflow/.local/lib/python3.12/site-packages/airflow/example_dags/example_nested_branch_dag.py
[2026-04-28T17:37:15.785+0000] {logging_mixin.py:188} INFO - [2026-04-28T17:37:15.785+0000] {dag.py:3096} INFO - Sync 1 DAGs
[2026-04-28T17:37:15.826+0000] {logging_mixin.py:188} INFO - [2026-04-28T17:37:15.826+0000] {dag.py:3954} INFO - Setting next_dagrun for example_nested_branch_dag to 2026-04-27 00:00:00+00:00, run_after=2026-04-28 00:00:00+00:00
[2026-04-28T17:37:15.849+0000] {processor.py:183} INFO - Processing /home/airflow/.local/lib/python3.12/site-packages/airflow/example_dags/example_nested_branch_dag.py took 0.158 seconds
[2026-04-28T17:37:46.623+0000] {processor.py:161} INFO - Started process (PID=1527) to work on /home/airflow/.local/lib/python3.12/site-packages/airflow/example_dags/example_nested_branch_dag.py
[2026-04-28T17:37:46.624+0000] {processor.py:830} INFO - Processing file /home/airflow/.local/lib/python3.12/site-packages/airflow/example_dags/example_nested_branch_dag.py for tasks to queue
[2026-04-28T17:37:46.626+0000] {logging_mixin.py:188} INFO - [2026-04-28T17:37:46.626+0000] {dagbag.py:540} INFO - Filling up the DagBag from /home/airflow/.local/lib/python3.12/site-packages/airflow/example_dags/example_nested_branch_dag.py
[2026-04-28T17:37:46.638+0000] {processor.py:840} INFO - DAG(s) 'example_nested_branch_dag' retrieved from /home/airflow/.local/lib/python3.12/site-packages/airflow/example_dags/example_nested_branch_dag.py
[2026-04-28T17:37:46.665+0000] {logging_mixin.py:188} INFO - [2026-04-28T17:37:46.665+0000] {dag.py:3096} INFO - Sync 1 DAGs
[2026-04-28T17:37:46.695+0000] {logging_mixin.py:188} INFO - [2026-04-28T17:37:46.695+0000] {dag.py:3954} INFO - Setting next_dagrun for example_nested_branch_dag to 2026-04-27 00:00:00+00:00, run_after=2026-04-28 00:00:00+00:00
[2026-04-28T17:37:46.729+0000] {processor.py:183} INFO - Processing /home/airflow/.local/lib/python3.12/site-packages/airflow/example_dags/example_nested_branch_dag.py took 0.113 seconds
[2026-04-28T17:38:17.494+0000] {processor.py:161} INFO - Started process (PID=1593) to work on /home/airflow/.local/lib/python3.12/site-packages/airflow/example_dags/example_nested_branch_dag.py
[2026-04-28T17:38:17.495+0000] {processor.py:830} INFO - Processing file /home/airflow/.local/lib/python3.12/site-packages/airflow/example_dags/example_nested_branch_dag.py for tasks to queue
[2026-04-28T17:38:17.499+0000] {logging_mixin.py:188} INFO - [2026-04-28T17:38:17.499+0000] {dagbag.py:540} INFO - Filling up the DagBag from /home/airflow/.local/lib/python3.12/site-packages/airflow/example_dags/example_nested_branch_dag.py
[2026-04-28T17:38:17.517+0000] {processor.py:840} INFO - DAG(s) 'example_nested_branch_dag' retrieved from /home/airflow/.local/lib/python3.12/site-packages/airflow/example_dags/example_nested_branch_dag.py
[2026-04-28T17:38:17.546+0000] {logging_mixin.py:188} INFO - [2026-04-28T17:38:17.546+0000] {dag.py:3096} INFO - Sync 1 DAGs
[2026-04-28T17:38:17.579+0000] {logging_mixin.py:188} INFO - [2026-04-28T17:38:17.579+0000] {dag.py:3954} INFO - Setting next_dagrun for example_nested_branch_dag to 2026-04-27 00:00:00+00:00, run_after=2026-04-28 00:00:00+00:00
[2026-04-28T17:38:17.599+0000] {processor.py:183} INFO - Processing /home/airflow/.local/lib/python3.12/site-packages/airflow/example_dags/example_nested_branch_dag.py took 0.112 seconds
[2026-04-28T17:38:47.901+0000] {processor.py:161} INFO - Started process (PID=1653) to work on /home/airflow/.local/lib/python3.12/site-packages/airflow/example_dags/example_nested_branch_dag.py
[2026-04-28T17:38:47.904+0000] {processor.py:830} INFO - Processing file /home/airflow/.local/lib/python3.12/site-packages/airflow/example_dags/example_nested_branch_dag.py for tasks to queue
[2026-04-28T17:38:47.909+0000] {logging_mixin.py:188} INFO - [2026-04-28T17:38:47.907+0000] {dagbag.py:540} INFO - Filling up the DagBag from /home/airflow/.local/lib/python3.12/site-packages/airflow/example_dags/example_nested_branch_dag.py
[2026-04-28T17:38:47.950+0000] {processor.py:840} INFO - DAG(s) 'example_nested_branch_dag' retrieved from /home/airflow/.local/lib/python3.12/site-packages/airflow/example_dags/example_nested_branch_dag.py
[2026-04-28T17:38:47.977+0000] {logging_mixin.py:188} INFO - [2026-04-28T17:38:47.977+0000] {dag.py:3096} INFO - Sync 1 DAGs
[2026-04-28T17:38:48.007+0000] {logging_mixin.py:188} INFO - [2026-04-28T17:38:48.006+0000] {dag.py:3954} INFO - Setting next_dagrun for example_nested_branch_dag to 2026-04-27 00:00:00+00:00, run_after=2026-04-28 00:00:00+00:00
[2026-04-28T17:38:48.026+0000] {processor.py:183} INFO - Processing /home/airflow/.local/lib/python3.12/site-packages/airflow/example_dags/example_nested_branch_dag.py took 0.137 seconds
[2026-04-28T17:39:18.689+0000] {processor.py:161} INFO - Started process (PID=1714) to work on /home/airflow/.local/lib/python3.12/site-packages/airflow/example_dags/example_nested_branch_dag.py
[2026-04-28T17:39:18.690+0000] {processor.py:830} INFO - Processing file /home/airflow/.local/lib/python3.12/site-packages/airflow/example_dags/example_nested_branch_dag.py for tasks to queue
[2026-04-28T17:39:18.692+0000] {logging_mixin.py:188} INFO - [2026-04-28T17:39:18.691+0000] {dagbag.py:540} INFO - Filling up the DagBag from /home/airflow/.local/lib/python3.12/site-packages/airflow/example_dags/example_nested_branch_dag.py
[2026-04-28T17:39:18.705+0000] {processor.py:840} INFO - DAG(s) 'example_nested_branch_dag' retrieved from /home/airflow/.local/lib/python3.12/site-packages/airflow/example_dags/example_nested_branch_dag.py
[2026-04-28T17:39:18.732+0000] {logging_mixin.py:188} INFO - [2026-04-28T17:39:18.730+0000] {dag.py:3096} INFO - Sync 1 DAGs
[2026-04-28T17:39:18.762+0000] {logging_mixin.py:188} INFO - [2026-04-28T17:39:18.762+0000] {dag.py:3954} INFO - Setting next_dagrun for example_nested_branch_dag to 2026-04-27 00:00:00+00:00, run_after=2026-04-28 00:00:00+00:00
[2026-04-28T17:39:18.786+0000] {processor.py:183} INFO - Processing /home/airflow/.local/lib/python3.12/site-packages/airflow/example_dags/example_nested_branch_dag.py took 0.105 seconds
[2026-04-28T17:39:49.971+0000] {processor.py:161} INFO - Started process (PID=1773) to work on /home/airflow/.local/lib/python3.12/site-packages/airflow/example_dags/example_nested_branch_dag.py
[2026-04-28T17:39:49.972+0000] {processor.py:830} INFO - Processing file /home/airflow/.local/lib/python3.12/site-packages/airflow/example_dags/example_nested_branch_dag.py for tasks to queue
[2026-04-28T17:39:49.974+0000] {logging_mixin.py:188} INFO - [2026-04-28T17:39:49.974+0000] {dagbag.py:540} INFO - Filling up the DagBag from /home/airflow/.local/lib/python3.12/site-packages/airflow/example_dags/example_nested_branch_dag.py
[2026-04-28T17:39:49.987+0000] {processor.py:840} INFO - DAG(s) 'example_nested_branch_dag' retrieved from /home/airflow/.local/lib/python3.12/site-packages/airflow/example_dags/example_nested_branch_dag.py
[2026-04-28T17:39:50.014+0000] {logging_mixin.py:188} INFO - [2026-04-28T17:39:50.014+0000] {dag.py:3096} INFO - Sync 1 DAGs
[2026-04-28T17:39:50.045+0000] {logging_mixin.py:188} INFO - [2026-04-28T17:39:50.045+0000] {dag.py:3954} INFO - Setting next_dagrun for example_nested_branch_dag to 2026-04-27 00:00:00+00:00, run_after=2026-04-28 00:00:00+00:00
[2026-04-28T17:39:50.066+0000] {processor.py:183} INFO - Processing /home/airflow/.local/lib/python3.12/site-packages/airflow/example_dags/example_nested_branch_dag.py took 0.103 seconds
[2026-04-28T17:40:20.653+0000] {processor.py:161} INFO - Started process (PID=1833) to work on /home/airflow/.local/lib/python3.12/site-packages/airflow/example_dags/example_nested_branch_dag.py
[2026-04-28T17:40:20.654+0000] {processor.py:830} INFO - Processing file /home/airflow/.local/lib/python3.12/site-packages/airflow/example_dags/example_nested_branch_dag.py for tasks to queue
[2026-04-28T17:40:20.656+0000] {logging_mixin.py:188} INFO - [2026-04-28T17:40:20.656+0000] {dagbag.py:540} INFO - Filling up the DagBag from /home/airflow/.local/lib/python3.12/site-packages/airflow/example_dags/example_nested_branch_dag.py
[2026-04-28T17:40:20.670+0000] {processor.py:840} INFO - DAG(s) 'example_nested_branch_dag' retrieved from /home/airflow/.local/lib/python3.12/site-packages/airflow/example_dags/example_nested_branch_dag.py
[2026-04-28T17:40:20.698+0000] {logging_mixin.py:188} INFO - [2026-04-28T17:40:20.697+0000] {dag.py:3096} INFO - Sync 1 DAGs
[2026-04-28T17:40:20.725+0000] {logging_mixin.py:188} INFO - [2026-04-28T17:40:20.724+0000] {dag.py:3954} INFO - Setting next_dagrun for example_nested_branch_dag to 2026-04-27 00:00:00+00:00, run_after=2026-04-28 00:00:00+00:00
[2026-04-28T17:40:20.745+0000] {processor.py:183} INFO - Processing /home/airflow/.local/lib/python3.12/site-packages/airflow/example_dags/example_nested_branch_dag.py took 0.098 seconds
[2026-04-28T17:40:51.465+0000] {processor.py:161} INFO - Started process (PID=1893) to work on /home/airflow/.local/lib/python3.12/site-packages/airflow/example_dags/example_nested_branch_dag.py
[2026-04-28T17:40:51.466+0000] {processor.py:830} INFO - Processing file /home/airflow/.local/lib/python3.12/site-packages/airflow/example_dags/example_nested_branch_dag.py for tasks to queue
[2026-04-28T17:40:51.468+0000] {logging_mixin.py:188} INFO - [2026-04-28T17:40:51.468+0000] {dagbag.py:540} INFO - Filling up the DagBag from /home/airflow/.local/lib/python3.12/site-packages/airflow/example_dags/example_nested_branch_dag.py
[2026-04-28T17:40:51.481+0000] {processor.py:840} INFO - DAG(s) 'example_nested_branch_dag' retrieved from /home/airflow/.local/lib/python3.12/site-packages/airflow/example_dags/example_nested_branch_dag.py
[2026-04-28T17:40:51.523+0000] {logging_mixin.py:188} INFO - [2026-04-28T17:40:51.523+0000] {dag.py:3096} INFO - Sync 1 DAGs
[2026-04-28T17:40:51.556+0000] {logging_mixin.py:188} INFO - [2026-04-28T17:40:51.556+0000] {dag.py:3954} INFO - Setting next_dagrun for example_nested_branch_dag to 2026-04-27 00:00:00+00:00, run_after=2026-04-28 00:00:00+00:00
[2026-04-28T17:40:51.577+0000] {processor.py:183} INFO - Processing /home/airflow/.local/lib/python3.12/site-packages/airflow/example_dags/example_nested_branch_dag.py took 0.118 seconds
[2026-04-28T17:41:22.119+0000] {processor.py:161} INFO - Started process (PID=1953) to work on /home/airflow/.local/lib/python3.12/site-packages/airflow/example_dags/example_nested_branch_dag.py
[2026-04-28T17:41:22.120+0000] {processor.py:830} INFO - Processing file /home/airflow/.local/lib/python3.12/site-packages/airflow/example_dags/example_nested_branch_dag.py for tasks to queue
[2026-04-28T17:41:22.122+0000] {logging_mixin.py:188} INFO - [2026-04-28T17:41:22.122+0000] {dagbag.py:540} INFO - Filling up the DagBag from /home/airflow/.local/lib/python3.12/site-packages/airflow/example_dags/example_nested_branch_dag.py
[2026-04-28T17:41:22.134+0000] {processor.py:840} INFO - DAG(s) 'example_nested_branch_dag' retrieved from /home/airflow/.local/lib/python3.12/site-packages/airflow/example_dags/example_nested_branch_dag.py
[2026-04-28T17:41:22.161+0000] {logging_mixin.py:188} INFO - [2026-04-28T17:41:22.161+0000] {dag.py:3096} INFO - Sync 1 DAGs
[2026-04-28T17:41:22.190+0000] {logging_mixin.py:188} INFO - [2026-04-28T17:41:22.190+0000] {dag.py:3954} INFO - Setting next_dagrun for example_nested_branch_dag to 2026-04-27 00:00:00+00:00, run_after=2026-04-28 00:00:00+00:00
[2026-04-28T17:41:22.209+0000] {processor.py:183} INFO - Processing /home/airflow/.local/lib/python3.12/site-packages/airflow/example_dags/example_nested_branch_dag.py took 0.098 seconds
[2026-04-28T17:41:52.702+0000] {processor.py:161} INFO - Started process (PID=2013) to work on /home/airflow/.local/lib/python3.12/site-packages/airflow/example_dags/example_nested_branch_dag.py
[2026-04-28T17:41:52.703+0000] {processor.py:830} INFO - Processing file /home/airflow/.local/lib/python3.12/site-packages/airflow/example_dags/example_nested_branch_dag.py for tasks to queue
[2026-04-28T17:41:52.705+0000] {logging_mixin.py:188} INFO - [2026-04-28T17:41:52.705+0000] {dagbag.py:540} INFO - Filling up the DagBag from /home/airflow/.local/lib/python3.12/site-packages/airflow/example_dags/example_nested_branch_dag.py
[2026-04-28T17:41:52.719+0000] {processor.py:840} INFO - DAG(s) 'example_nested_branch_dag' retrieved from /home/airflow/.local/lib/python3.12/site-packages/airflow/example_dags/example_nested_branch_dag.py
[2026-04-28T17:41:52.746+0000] {logging_mixin.py:188} INFO - [2026-04-28T17:41:52.746+0000] {dag.py:3096} INFO - Sync 1 DAGs
[2026-04-28T17:41:52.775+0000] {logging_mixin.py:188} INFO - [2026-04-28T17:41:52.775+0000] {dag.py:3954} INFO - Setting next_dagrun for example_nested_branch_dag to 2026-04-27 00:00:00+00:00, run_after=2026-04-28 00:00:00+00:00
[2026-04-28T17:41:52.795+0000] {processor.py:183} INFO - Processing /home/airflow/.local/lib/python3.12/site-packages/airflow/example_dags/example_nested_branch_dag.py took 0.101 seconds
[2026-04-28T17:42:23.156+0000] {processor.py:161} INFO - Started process (PID=2073) to work on /home/airflow/.local/lib/python3.12/site-packages/airflow/example_dags/example_nested_branch_dag.py
[2026-04-28T17:42:23.157+0000] {processor.py:830} INFO - Processing file /home/airflow/.local/lib/python3.12/site-packages/airflow/example_dags/example_nested_branch_dag.py for tasks to queue
[2026-04-28T17:42:23.159+0000] {logging_mixin.py:188} INFO - [2026-04-28T17:42:23.159+0000] {dagbag.py:540} INFO - Filling up the DagBag from /home/airflow/.local/lib/python3.12/site-packages/airflow/example_dags/example_nested_branch_dag.py
[2026-04-28T17:42:23.171+0000] {processor.py:840} INFO - DAG(s) 'example_nested_branch_dag' retrieved from /home/airflow/.local/lib/python3.12/site-packages/airflow/example_dags/example_nested_branch_dag.py
[2026-04-28T17:42:23.198+0000] {logging_mixin.py:188} INFO - [2026-04-28T17:42:23.198+0000] {dag.py:3096} INFO - Sync 1 DAGs
[2026-04-28T17:42:23.229+0000] {logging_mixin.py:188} INFO - [2026-04-28T17:42:23.229+0000] {dag.py:3954} INFO - Setting next_dagrun for example_nested_branch_dag to 2026-04-27 00:00:00+00:00, run_after=2026-04-28 00:00:00+00:00
[2026-04-28T17:42:23.249+0000] {processor.py:183} INFO - Processing /home/airflow/.local/lib/python3.12/site-packages/airflow/example_dags/example_nested_branch_dag.py took 0.099 seconds
[2026-04-28T17:42:54.629+0000] {processor.py:161} INFO - Started process (PID=2133) to work on /home/airflow/.local/lib/python3.12/site-packages/airflow/example_dags/example_nested_branch_dag.py
[2026-04-28T17:42:54.633+0000] {processor.py:830} INFO - Processing file /home/airflow/.local/lib/python3.12/site-packages/airflow/example_dags/example_nested_branch_dag.py for tasks to queue
[2026-04-28T17:42:54.637+0000] {logging_mixin.py:188} INFO - [2026-04-28T17:42:54.637+0000] {dagbag.py:540} INFO - Filling up the DagBag from /home/airflow/.local/lib/python3.12/site-packages/airflow/example_dags/example_nested_branch_dag.py
[2026-04-28T17:42:54.663+0000] {processor.py:840} INFO - DAG(s) 'example_nested_branch_dag' retrieved from /home/airflow/.local/lib/python3.12/site-packages/airflow/example_dags/example_nested_branch_dag.py
[2026-04-28T17:42:54.713+0000] {logging_mixin.py:188} INFO - [2026-04-28T17:42:54.713+0000] {dag.py:3096} INFO - Sync 1 DAGs
[2026-04-28T17:42:54.767+0000] {logging_mixin.py:188} INFO - [2026-04-28T17:42:54.767+0000] {dag.py:3954} INFO - Setting next_dagrun for example_nested_branch_dag to 2026-04-27 00:00:00+00:00, run_after=2026-04-28 00:00:00+00:00
[2026-04-28T17:42:54.994+0000] {processor.py:183} INFO - Processing /home/airflow/.local/lib/python3.12/site-packages/airflow/example_dags/example_nested_branch_dag.py took 0.380 seconds
[2026-04-28T17:43:25.558+0000] {processor.py:161} INFO - Started process (PID=2193) to work on /home/airflow/.local/lib/python3.12/site-packages/airflow/example_dags/example_nested_branch_dag.py
[2026-04-28T17:43:25.559+0000] {processor.py:830} INFO - Processing file /home/airflow/.local/lib/python3.12/site-packages/airflow/example_dags/example_nested_branch_dag.py for tasks to queue
[2026-04-28T17:43:25.561+0000] {logging_mixin.py:188} INFO - [2026-04-28T17:43:25.561+0000] {dagbag.py:540} INFO - Filling up the DagBag from /home/airflow/.local/lib/python3.12/site-packages/airflow/example_dags/example_nested_branch_dag.py
[2026-04-28T17:43:25.572+0000] {processor.py:840} INFO - DAG(s) 'example_nested_branch_dag' retrieved from /home/airflow/.local/lib/python3.12/site-packages/airflow/example_dags/example_nested_branch_dag.py
[2026-04-28T17:43:25.598+0000] {logging_mixin.py:188} INFO - [2026-04-28T17:43:25.597+0000] {dag.py:3096} INFO - Sync 1 DAGs
[2026-04-28T17:43:25.630+0000] {logging_mixin.py:188} INFO - [2026-04-28T17:43:25.630+0000] {dag.py:3954} INFO - Setting next_dagrun for example_nested_branch_dag to 2026-04-27 00:00:00+00:00, run_after=2026-04-28 00:00:00+00:00
[2026-04-28T17:43:25.651+0000] {processor.py:183} INFO - Processing /home/airflow/.local/lib/python3.12/site-packages/airflow/example_dags/example_nested_branch_dag.py took 0.099 seconds
[2026-04-28T17:43:56.712+0000] {processor.py:161} INFO - Started process (PID=2253) to work on /home/airflow/.local/lib/python3.12/site-packages/airflow/example_dags/example_nested_branch_dag.py
[2026-04-28T17:43:56.713+0000] {processor.py:830} INFO - Processing file /home/airflow/.local/lib/python3.12/site-packages/airflow/example_dags/example_nested_branch_dag.py for tasks to queue
[2026-04-28T17:43:56.715+0000] {logging_mixin.py:188} INFO - [2026-04-28T17:43:56.715+0000] {dagbag.py:540} INFO - Filling up the DagBag from /home/airflow/.local/lib/python3.12/site-packages/airflow/example_dags/example_nested_branch_dag.py
[2026-04-28T17:43:56.727+0000] {processor.py:840} INFO - DAG(s) 'example_nested_branch_dag' retrieved from /home/airflow/.local/lib/python3.12/site-packages/airflow/example_dags/example_nested_branch_dag.py
[2026-04-28T17:43:56.754+0000] {logging_mixin.py:188} INFO - [2026-04-28T17:43:56.754+0000] {dag.py:3096} INFO - Sync 1 DAGs
[2026-04-28T17:43:56.803+0000] {logging_mixin.py:188} INFO - [2026-04-28T17:43:56.803+0000] {dag.py:3954} INFO - Setting next_dagrun for example_nested_branch_dag to 2026-04-27 00:00:00+00:00, run_after=2026-04-28 00:00:00+00:00
[2026-04-28T17:43:56.847+0000] {processor.py:183} INFO - Processing /home/airflow/.local/lib/python3.12/site-packages/airflow/example_dags/example_nested_branch_dag.py took 0.142 seconds
[2026-04-28T17:44:27.217+0000] {processor.py:161} INFO - Started process (PID=2313) to work on /home/airflow/.local/lib/python3.12/site-packages/airflow/example_dags/example_nested_branch_dag.py
[2026-04-28T17:44:27.218+0000] {processor.py:830} INFO - Processing file /home/airflow/.local/lib/python3.12/site-packages/airflow/example_dags/example_nested_branch_dag.py for tasks to queue
[2026-04-28T17:44:27.219+0000] {logging_mixin.py:188} INFO - [2026-04-28T17:44:27.219+0000] {dagbag.py:540} INFO - Filling up the DagBag from /home/airflow/.local/lib/python3.12/site-packages/airflow/example_dags/example_nested_branch_dag.py
[2026-04-28T17:44:27.227+0000] {processor.py:840} INFO - DAG(s) 'example_nested_branch_dag' retrieved from /home/airflow/.local/lib/python3.12/site-packages/airflow/example_dags/example_nested_branch_dag.py
[2026-04-28T17:44:27.245+0000] {logging_mixin.py:188} INFO - [2026-04-28T17:44:27.245+0000] {dag.py:3096} INFO - Sync 1 DAGs
[2026-04-28T17:44:27.264+0000] {logging_mixin.py:188} INFO - [2026-04-28T17:44:27.264+0000] {dag.py:3954} INFO - Setting next_dagrun for example_nested_branch_dag to 2026-04-27 00:00:00+00:00, run_after=2026-04-28 00:00:00+00:00
[2026-04-28T17:44:27.280+0000] {processor.py:183} INFO - Processing /home/airflow/.local/lib/python3.12/site-packages/airflow/example_dags/example_nested_branch_dag.py took 0.067 seconds
[2026-04-28T17:44:57.879+0000] {processor.py:161} INFO - Started process (PID=2373) to work on /home/airflow/.local/lib/python3.12/site-packages/airflow/example_dags/example_nested_branch_dag.py
[2026-04-28T17:44:57.884+0000] {processor.py:830} INFO - Processing file /home/airflow/.local/lib/python3.12/site-packages/airflow/example_dags/example_nested_branch_dag.py for tasks to queue
[2026-04-28T17:44:57.886+0000] {logging_mixin.py:188} INFO - [2026-04-28T17:44:57.886+0000] {dagbag.py:540} INFO - Filling up the DagBag from /home/airflow/.local/lib/python3.12/site-packages/airflow/example_dags/example_nested_branch_dag.py
[2026-04-28T17:44:57.916+0000] {processor.py:840} INFO - DAG(s) 'example_nested_branch_dag' retrieved from /home/airflow/.local/lib/python3.12/site-packages/airflow/example_dags/example_nested_branch_dag.py
[2026-04-28T17:44:57.964+0000] {logging_mixin.py:188} INFO - [2026-04-28T17:44:57.964+0000] {dag.py:3096} INFO - Sync 1 DAGs
[2026-04-28T17:44:58.002+0000] {logging_mixin.py:188} INFO - [2026-04-28T17:44:58.002+0000] {dag.py:3954} INFO - Setting next_dagrun for example_nested_branch_dag to 2026-04-27 00:00:00+00:00, run_after=2026-04-28 00:00:00+00:00
[2026-04-28T17:44:58.043+0000] {processor.py:183} INFO - Processing /home/airflow/.local/lib/python3.12/site-packages/airflow/example_dags/example_nested_branch_dag.py took 0.192 seconds
[2026-04-28T17:45:28.915+0000] {processor.py:161} INFO - Started process (PID=2433) to work on /home/airflow/.local/lib/python3.12/site-packages/airflow/example_dags/example_nested_branch_dag.py
[2026-04-28T17:45:28.916+0000] {processor.py:830} INFO - Processing file /home/airflow/.local/lib/python3.12/site-packages/airflow/example_dags/example_nested_branch_dag.py for tasks to queue
[2026-04-28T17:45:28.918+0000] {logging_mixin.py:188} INFO - [2026-04-28T17:45:28.917+0000] {dagbag.py:540} INFO - Filling up the DagBag from /home/airflow/.local/lib/python3.12/site-packages/airflow/example_dags/example_nested_branch_dag.py
[2026-04-28T17:45:28.928+0000] {processor.py:840} INFO - DAG(s) 'example_nested_branch_dag' retrieved from /home/airflow/.local/lib/python3.12/site-packages/airflow/example_dags/example_nested_branch_dag.py
[2026-04-28T17:45:28.953+0000] {logging_mixin.py:188} INFO - [2026-04-28T17:45:28.953+0000] {dag.py:3096} INFO - Sync 1 DAGs
[2026-04-28T17:45:28.992+0000] {logging_mixin.py:188} INFO - [2026-04-28T17:45:28.992+0000] {dag.py:3954} INFO - Setting next_dagrun for example_nested_branch_dag to 2026-04-27 00:00:00+00:00, run_after=2026-04-28 00:00:00+00:00
[2026-04-28T17:45:29.013+0000] {processor.py:183} INFO - Processing /home/airflow/.local/lib/python3.12/site-packages/airflow/example_dags/example_nested_branch_dag.py took 0.106 seconds
[2026-04-28T17:45:59.477+0000] {processor.py:161} INFO - Started process (PID=2493) to work on /home/airflow/.local/lib/python3.12/site-packages/airflow/example_dags/example_nested_branch_dag.py
[2026-04-28T17:45:59.478+0000] {processor.py:830} INFO - Processing file /home/airflow/.local/lib/python3.12/site-packages/airflow/example_dags/example_nested_branch_dag.py for tasks to queue
[2026-04-28T17:45:59.479+0000] {logging_mixin.py:188} INFO - [2026-04-28T17:45:59.479+0000] {dagbag.py:540} INFO - Filling up the DagBag from /home/airflow/.local/lib/python3.12/site-packages/airflow/example_dags/example_nested_branch_dag.py
[2026-04-28T17:45:59.487+0000] {processor.py:840} INFO - DAG(s) 'example_nested_branch_dag' retrieved from /home/airflow/.local/lib/python3.12/site-packages/airflow/example_dags/example_nested_branch_dag.py
[2026-04-28T17:45:59.505+0000] {logging_mixin.py:188} INFO - [2026-04-28T17:45:59.505+0000] {dag.py:3096} INFO - Sync 1 DAGs
[2026-04-28T17:45:59.524+0000] {logging_mixin.py:188} INFO - [2026-04-28T17:45:59.524+0000] {dag.py:3954} INFO - Setting next_dagrun for example_nested_branch_dag to 2026-04-27 00:00:00+00:00, run_after=2026-04-28 00:00:00+00:00
[2026-04-28T17:45:59.539+0000] {processor.py:183} INFO - Processing /home/airflow/.local/lib/python3.12/site-packages/airflow/example_dags/example_nested_branch_dag.py took 0.066 seconds
[2026-04-28T17:46:30.159+0000] {processor.py:161} INFO - Started process (PID=2553) to work on /home/airflow/.local/lib/python3.12/site-packages/airflow/example_dags/example_nested_branch_dag.py
[2026-04-28T17:46:30.160+0000] {processor.py:830} INFO - Processing file /home/airflow/.local/lib/python3.12/site-packages/airflow/example_dags/example_nested_branch_dag.py for tasks to queue
[2026-04-28T17:46:30.162+0000] {logging_mixin.py:188} INFO - [2026-04-28T17:46:30.161+0000] {dagbag.py:540} INFO - Filling up the DagBag from /home/airflow/.local/lib/python3.12/site-packages/airflow/example_dags/example_nested_branch_dag.py
[2026-04-28T17:46:30.173+0000] {processor.py:840} INFO - DAG(s) 'example_nested_branch_dag' retrieved from /home/airflow/.local/lib/python3.12/site-packages/airflow/example_dags/example_nested_branch_dag.py
[2026-04-28T17:46:30.199+0000] {logging_mixin.py:188} INFO - [2026-04-28T17:46:30.199+0000] {dag.py:3096} INFO - Sync 1 DAGs
[2026-04-28T17:46:30.229+0000] {logging_mixin.py:188} INFO - [2026-04-28T17:46:30.229+0000] {dag.py:3954} INFO - Setting next_dagrun for example_nested_branch_dag to 2026-04-27 00:00:00+00:00, run_after=2026-04-28 00:00:00+00:00
[2026-04-28T17:46:30.248+0000] {processor.py:183} INFO - Processing /home/airflow/.local/lib/python3.12/site-packages/airflow/example_dags/example_nested_branch_dag.py took 0.096 seconds
[2026-04-28T17:47:00.441+0000] {processor.py:161} INFO - Started process (PID=2613) to work on /home/airflow/.local/lib/python3.12/site-packages/airflow/example_dags/example_nested_branch_dag.py
[2026-04-28T17:47:00.442+0000] {processor.py:830} INFO - Processing file /home/airflow/.local/lib/python3.12/site-packages/airflow/example_dags/example_nested_branch_dag.py for tasks to queue
[2026-04-28T17:47:00.444+0000] {logging_mixin.py:188} INFO - [2026-04-28T17:47:00.444+0000] {dagbag.py:540} INFO - Filling up the DagBag from /home/airflow/.local/lib/python3.12/site-packages/airflow/example_dags/example_nested_branch_dag.py
[2026-04-28T17:47:00.456+0000] {processor.py:840} INFO - DAG(s) 'example_nested_branch_dag' retrieved from /home/airflow/.local/lib/python3.12/site-packages/airflow/example_dags/example_nested_branch_dag.py
[2026-04-28T17:47:00.482+0000] {logging_mixin.py:188} INFO - [2026-04-28T17:47:00.482+0000] {dag.py:3096} INFO - Sync 1 DAGs
[2026-04-28T17:47:00.510+0000] {logging_mixin.py:188} INFO - [2026-04-28T17:47:00.510+0000] {dag.py:3954} INFO - Setting next_dagrun for example_nested_branch_dag to 2026-04-27 00:00:00+00:00, run_after=2026-04-28 00:00:00+00:00
[2026-04-28T17:47:00.530+0000] {processor.py:183} INFO - Processing /home/airflow/.local/lib/python3.12/site-packages/airflow/example_dags/example_nested_branch_dag.py took 0.096 seconds
[2026-04-28T17:47:31.157+0000] {processor.py:161} INFO - Started process (PID=2673) to work on /home/airflow/.local/lib/python3.12/site-packages/airflow/example_dags/example_nested_branch_dag.py
[2026-04-28T17:47:31.158+0000] {processor.py:830} INFO - Processing file /home/airflow/.local/lib/python3.12/site-packages/airflow/example_dags/example_nested_branch_dag.py for tasks to queue
[2026-04-28T17:47:31.160+0000] {logging_mixin.py:188} INFO - [2026-04-28T17:47:31.159+0000] {dagbag.py:540} INFO - Filling up the DagBag from /home/airflow/.local/lib/python3.12/site-packages/airflow/example_dags/example_nested_branch_dag.py
[2026-04-28T17:47:31.172+0000] {processor.py:840} INFO - DAG(s) 'example_nested_branch_dag' retrieved from /home/airflow/.local/lib/python3.12/site-packages/airflow/example_dags/example_nested_branch_dag.py
[2026-04-28T17:47:31.197+0000] {logging_mixin.py:188} INFO - [2026-04-28T17:47:31.197+0000] {dag.py:3096} INFO - Sync 1 DAGs
[2026-04-28T17:47:31.226+0000] {logging_mixin.py:188} INFO - [2026-04-28T17:47:31.226+0000] {dag.py:3954} INFO - Setting next_dagrun for example_nested_branch_dag to 2026-04-27 00:00:00+00:00, run_after=2026-04-28 00:00:00+00:00
[2026-04-28T17:47:31.246+0000] {processor.py:183} INFO - Processing /home/airflow/.local/lib/python3.12/site-packages/airflow/example_dags/example_nested_branch_dag.py took 0.096 seconds
[2026-04-28T17:48:01.876+0000] {processor.py:161} INFO - Started process (PID=2733) to work on /home/airflow/.local/lib/python3.12/site-packages/airflow/example_dags/example_nested_branch_dag.py
[2026-04-28T17:48:01.877+0000] {processor.py:830} INFO - Processing file /home/airflow/.local/lib/python3.12/site-packages/airflow/example_dags/example_nested_branch_dag.py for tasks to queue
[2026-04-28T17:48:01.878+0000] {logging_mixin.py:188} INFO - [2026-04-28T17:48:01.878+0000] {dagbag.py:540} INFO - Filling up the DagBag from /home/airflow/.local/lib/python3.12/site-packages/airflow/example_dags/example_nested_branch_dag.py
[2026-04-28T17:48:01.889+0000] {processor.py:840} INFO - DAG(s) 'example_nested_branch_dag' retrieved from /home/airflow/.local/lib/python3.12/site-packages/airflow/example_dags/example_nested_branch_dag.py
[2026-04-28T17:48:01.914+0000] {logging_mixin.py:188} INFO - [2026-04-28T17:48:01.914+0000] {dag.py:3096} INFO - Sync 1 DAGs
[2026-04-28T17:48:01.943+0000] {logging_mixin.py:188} INFO - [2026-04-28T17:48:01.943+0000] {dag.py:3954} INFO - Setting next_dagrun for example_nested_branch_dag to 2026-04-27 00:00:00+00:00, run_after=2026-04-28 00:00:00+00:00
[2026-04-28T17:48:01.966+0000] {processor.py:183} INFO - Processing /home/airflow/.local/lib/python3.12/site-packages/airflow/example_dags/example_nested_branch_dag.py took 0.097 seconds
[2026-04-28T17:48:32.738+0000] {processor.py:161} INFO - Started process (PID=2793) to work on /home/airflow/.local/lib/python3.12/site-packages/airflow/example_dags/example_nested_branch_dag.py
[2026-04-28T17:48:32.738+0000] {processor.py:830} INFO - Processing file /home/airflow/.local/lib/python3.12/site-packages/airflow/example_dags/example_nested_branch_dag.py for tasks to queue
[2026-04-28T17:48:32.742+0000] {logging_mixin.py:188} INFO - [2026-04-28T17:48:32.742+0000] {dagbag.py:540} INFO - Filling up the DagBag from /home/airflow/.local/lib/python3.12/site-packages/airflow/example_dags/example_nested_branch_dag.py
[2026-04-28T17:48:32.758+0000] {processor.py:840} INFO - DAG(s) 'example_nested_branch_dag' retrieved from /home/airflow/.local/lib/python3.12/site-packages/airflow/example_dags/example_nested_branch_dag.py
[2026-04-28T17:48:32.810+0000] {logging_mixin.py:188} INFO - [2026-04-28T17:48:32.809+0000] {dag.py:3096} INFO - Sync 1 DAGs
[2026-04-28T17:48:32.863+0000] {logging_mixin.py:188} INFO - [2026-04-28T17:48:32.863+0000] {dag.py:3954} INFO - Setting next_dagrun for example_nested_branch_dag to 2026-04-27 00:00:00+00:00, run_after=2026-04-28 00:00:00+00:00
[2026-04-28T17:48:32.890+0000] {processor.py:183} INFO - Processing /home/airflow/.local/lib/python3.12/site-packages/airflow/example_dags/example_nested_branch_dag.py took 0.171 seconds
[2026-04-28T17:49:03.047+0000] {processor.py:161} INFO - Started process (PID=2853) to work on /home/airflow/.local/lib/python3.12/site-packages/airflow/example_dags/example_nested_branch_dag.py
[2026-04-28T17:49:03.051+0000] {processor.py:830} INFO - Processing file /home/airflow/.local/lib/python3.12/site-packages/airflow/example_dags/example_nested_branch_dag.py for tasks to queue
[2026-04-28T17:49:03.059+0000] {logging_mixin.py:188} INFO - [2026-04-28T17:49:03.057+0000] {dagbag.py:540} INFO - Filling up the DagBag from /home/airflow/.local/lib/python3.12/site-packages/airflow/example_dags/example_nested_branch_dag.py
[2026-04-28T17:49:03.103+0000] {processor.py:840} INFO - DAG(s) 'example_nested_branch_dag' retrieved from /home/airflow/.local/lib/python3.12/site-packages/airflow/example_dags/example_nested_branch_dag.py
[2026-04-28T17:49:03.228+0000] {logging_mixin.py:188} INFO - [2026-04-28T17:49:03.228+0000] {dag.py:3096} INFO - Sync 1 DAGs
[2026-04-28T17:49:03.268+0000] {logging_mixin.py:188} INFO - [2026-04-28T17:49:03.265+0000] {dag.py:3954} INFO - Setting next_dagrun for example_nested_branch_dag to 2026-04-27 00:00:00+00:00, run_after=2026-04-28 00:00:00+00:00
[2026-04-28T17:49:03.313+0000] {processor.py:183} INFO - Processing /home/airflow/.local/lib/python3.12/site-packages/airflow/example_dags/example_nested_branch_dag.py took 0.280 seconds
[2026-04-28T17:49:33.687+0000] {processor.py:161} INFO - Started process (PID=2913) to work on /home/airflow/.local/lib/python3.12/site-packages/airflow/example_dags/example_nested_branch_dag.py
[2026-04-28T17:49:33.690+0000] {processor.py:830} INFO - Processing file /home/airflow/.local/lib/python3.12/site-packages/airflow/example_dags/example_nested_branch_dag.py for tasks to queue
[2026-04-28T17:49:33.693+0000] {logging_mixin.py:188} INFO - [2026-04-28T17:49:33.693+0000] {dagbag.py:540} INFO - Filling up the DagBag from /home/airflow/.local/lib/python3.12/site-packages/airflow/example_dags/example_nested_branch_dag.py
[2026-04-28T17:49:33.719+0000] {processor.py:840} INFO - DAG(s) 'example_nested_branch_dag' retrieved from /home/airflow/.local/lib/python3.12/site-packages/airflow/example_dags/example_nested_branch_dag.py
[2026-04-28T17:49:33.745+0000] {logging_mixin.py:188} INFO - [2026-04-28T17:49:33.745+0000] {dag.py:3096} INFO - Sync 1 DAGs
[2026-04-28T17:49:33.774+0000] {logging_mixin.py:188} INFO - [2026-04-28T17:49:33.774+0000] {dag.py:3954} INFO - Setting next_dagrun for example_nested_branch_dag to 2026-04-27 00:00:00+00:00, run_after=2026-04-28 00:00:00+00:00
[2026-04-28T17:49:33.794+0000] {processor.py:183} INFO - Processing /home/airflow/.local/lib/python3.12/site-packages/airflow/example_dags/example_nested_branch_dag.py took 0.122 seconds
[2026-04-28T17:50:03.927+0000] {processor.py:161} INFO - Started process (PID=2972) to work on /home/airflow/.local/lib/python3.12/site-packages/airflow/example_dags/example_nested_branch_dag.py
[2026-04-28T17:50:03.928+0000] {processor.py:830} INFO - Processing file /home/airflow/.local/lib/python3.12/site-packages/airflow/example_dags/example_nested_branch_dag.py for tasks to queue
[2026-04-28T17:50:03.930+0000] {logging_mixin.py:188} INFO - [2026-04-28T17:50:03.929+0000] {dagbag.py:540} INFO - Filling up the DagBag from /home/airflow/.local/lib/python3.12/site-packages/airflow/example_dags/example_nested_branch_dag.py
[2026-04-28T17:50:03.943+0000] {processor.py:840} INFO - DAG(s) 'example_nested_branch_dag' retrieved from /home/airflow/.local/lib/python3.12/site-packages/airflow/example_dags/example_nested_branch_dag.py
[2026-04-28T17:50:03.987+0000] {logging_mixin.py:188} INFO - [2026-04-28T17:50:03.987+0000] {dag.py:3096} INFO - Sync 1 DAGs
[2026-04-28T17:50:04.017+0000] {logging_mixin.py:188} INFO - [2026-04-28T17:50:04.017+0000] {dag.py:3954} INFO - Setting next_dagrun for example_nested_branch_dag to 2026-04-27 00:00:00+00:00, run_after=2026-04-28 00:00:00+00:00
[2026-04-28T17:50:04.036+0000] {processor.py:183} INFO - Processing /home/airflow/.local/lib/python3.12/site-packages/airflow/example_dags/example_nested_branch_dag.py took 0.117 seconds
[2026-04-28T17:50:34.070+0000] {processor.py:161} INFO - Started process (PID=3031) to work on /home/airflow/.local/lib/python3.12/site-packages/airflow/example_dags/example_nested_branch_dag.py
[2026-04-28T17:50:34.070+0000] {processor.py:830} INFO - Processing file /home/airflow/.local/lib/python3.12/site-packages/airflow/example_dags/example_nested_branch_dag.py for tasks to queue
[2026-04-28T17:50:34.072+0000] {logging_mixin.py:188} INFO - [2026-04-28T17:50:34.072+0000] {dagbag.py:540} INFO - Filling up the DagBag from /home/airflow/.local/lib/python3.12/site-packages/airflow/example_dags/example_nested_branch_dag.py
[2026-04-28T17:50:34.081+0000] {processor.py:840} INFO - DAG(s) 'example_nested_branch_dag' retrieved from /home/airflow/.local/lib/python3.12/site-packages/airflow/example_dags/example_nested_branch_dag.py
[2026-04-28T17:50:34.104+0000] {logging_mixin.py:188} INFO - [2026-04-28T17:50:34.104+0000] {dag.py:3096} INFO - Sync 1 DAGs
[2026-04-28T17:50:34.124+0000] {logging_mixin.py:188} INFO - [2026-04-28T17:50:34.123+0000] {dag.py:3954} INFO - Setting next_dagrun for example_nested_branch_dag to 2026-04-27 00:00:00+00:00, run_after=2026-04-28 00:00:00+00:00
[2026-04-28T17:50:34.141+0000] {processor.py:183} INFO - Processing /home/airflow/.local/lib/python3.12/site-packages/airflow/example_dags/example_nested_branch_dag.py took 0.076 seconds
[2026-04-28T17:51:05.092+0000] {processor.py:161} INFO - Started process (PID=3091) to work on /home/airflow/.local/lib/python3.12/site-packages/airflow/example_dags/example_nested_branch_dag.py
[2026-04-28T17:51:05.095+0000] {processor.py:830} INFO - Processing file /home/airflow/.local/lib/python3.12/site-packages/airflow/example_dags/example_nested_branch_dag.py for tasks to queue
[2026-04-28T17:51:05.098+0000] {logging_mixin.py:188} INFO - [2026-04-28T17:51:05.098+0000] {dagbag.py:540} INFO - Filling up the DagBag from /home/airflow/.local/lib/python3.12/site-packages/airflow/example_dags/example_nested_branch_dag.py
[2026-04-28T17:51:05.138+0000] {processor.py:840} INFO - DAG(s) 'example_nested_branch_dag' retrieved from /home/airflow/.local/lib/python3.12/site-packages/airflow/example_dags/example_nested_branch_dag.py
[2026-04-28T17:51:05.178+0000] {logging_mixin.py:188} INFO - [2026-04-28T17:51:05.177+0000] {dag.py:3096} INFO - Sync 1 DAGs
[2026-04-28T17:51:05.208+0000] {logging_mixin.py:188} INFO - [2026-04-28T17:51:05.207+0000] {dag.py:3954} INFO - Setting next_dagrun for example_nested_branch_dag to 2026-04-27 00:00:00+00:00, run_after=2026-04-28 00:00:00+00:00
[2026-04-28T17:51:05.228+0000] {processor.py:183} INFO - Processing /home/airflow/.local/lib/python3.12/site-packages/airflow/example_dags/example_nested_branch_dag.py took 0.158 seconds
[2026-04-28T17:51:35.592+0000] {processor.py:161} INFO - Started process (PID=3151) to work on /home/airflow/.local/lib/python3.12/site-packages/airflow/example_dags/example_nested_branch_dag.py
[2026-04-28T17:51:35.593+0000] {processor.py:830} INFO - Processing file /home/airflow/.local/lib/python3.12/site-packages/airflow/example_dags/example_nested_branch_dag.py for tasks to queue
[2026-04-28T17:51:35.595+0000] {logging_mixin.py:188} INFO - [2026-04-28T17:51:35.595+0000] {dagbag.py:540} INFO - Filling up the DagBag from /home/airflow/.local/lib/python3.12/site-packages/airflow/example_dags/example_nested_branch_dag.py
[2026-04-28T17:51:35.608+0000] {processor.py:840} INFO - DAG(s) 'example_nested_branch_dag' retrieved from /home/airflow/.local/lib/python3.12/site-packages/airflow/example_dags/example_nested_branch_dag.py
[2026-04-28T17:51:35.663+0000] {logging_mixin.py:188} INFO - [2026-04-28T17:51:35.662+0000] {dag.py:3096} INFO - Sync 1 DAGs
[2026-04-28T17:51:35.723+0000] {logging_mixin.py:188} INFO - [2026-04-28T17:51:35.723+0000] {dag.py:3954} INFO - Setting next_dagrun for example_nested_branch_dag to 2026-04-27 00:00:00+00:00, run_after=2026-04-28 00:00:00+00:00
[2026-04-28T17:51:35.770+0000] {processor.py:183} INFO - Processing /home/airflow/.local/lib/python3.12/site-packages/airflow/example_dags/example_nested_branch_dag.py took 0.200 seconds
[2026-04-28T17:52:06.738+0000] {processor.py:161} INFO - Started process (PID=3211) to work on /home/airflow/.local/lib/python3.12/site-packages/airflow/example_dags/example_nested_branch_dag.py
[2026-04-28T17:52:06.739+0000] {processor.py:830} INFO - Processing file /home/airflow/.local/lib/python3.12/site-packages/airflow/example_dags/example_nested_branch_dag.py for tasks to queue
[2026-04-28T17:52:06.740+0000] {logging_mixin.py:188} INFO - [2026-04-28T17:52:06.740+0000] {dagbag.py:540} INFO - Filling up the DagBag from /home/airflow/.local/lib/python3.12/site-packages/airflow/example_dags/example_nested_branch_dag.py
[2026-04-28T17:52:06.754+0000] {processor.py:840} INFO - DAG(s) 'example_nested_branch_dag' retrieved from /home/airflow/.local/lib/python3.12/site-packages/airflow/example_dags/example_nested_branch_dag.py
[2026-04-28T17:52:06.781+0000] {logging_mixin.py:188} INFO - [2026-04-28T17:52:06.781+0000] {dag.py:3096} INFO - Sync 1 DAGs
[2026-04-28T17:52:06.817+0000] {logging_mixin.py:188} INFO - [2026-04-28T17:52:06.814+0000] {dag.py:3954} INFO - Setting next_dagrun for example_nested_branch_dag to 2026-04-27 00:00:00+00:00, run_after=2026-04-28 00:00:00+00:00
[2026-04-28T17:52:06.837+0000] {processor.py:183} INFO - Processing /home/airflow/.local/lib/python3.12/site-packages/airflow/example_dags/example_nested_branch_dag.py took 0.107 seconds
[2026-04-28T17:52:37.598+0000] {processor.py:161} INFO - Started process (PID=3272) to work on /home/airflow/.local/lib/python3.12/site-packages/airflow/example_dags/example_nested_branch_dag.py
[2026-04-28T17:52:37.598+0000] {processor.py:830} INFO - Processing file /home/airflow/.local/lib/python3.12/site-packages/airflow/example_dags/example_nested_branch_dag.py for tasks to queue
[2026-04-28T17:52:37.600+0000] {logging_mixin.py:188} INFO - [2026-04-28T17:52:37.600+0000] {dagbag.py:540} INFO - Filling up the DagBag from /home/airflow/.local/lib/python3.12/site-packages/airflow/example_dags/example_nested_branch_dag.py
[2026-04-28T17:52:37.612+0000] {processor.py:840} INFO - DAG(s) 'example_nested_branch_dag' retrieved from /home/airflow/.local/lib/python3.12/site-packages/airflow/example_dags/example_nested_branch_dag.py
[2026-04-28T17:52:37.640+0000] {logging_mixin.py:188} INFO - [2026-04-28T17:52:37.640+0000] {dag.py:3096} INFO - Sync 1 DAGs
[2026-04-28T17:52:37.667+0000] {logging_mixin.py:188} INFO - [2026-04-28T17:52:37.667+0000] {dag.py:3954} INFO - Setting next_dagrun for example_nested_branch_dag to 2026-04-27 00:00:00+00:00, run_after=2026-04-28 00:00:00+00:00
[2026-04-28T17:52:37.689+0000] {processor.py:183} INFO - Processing /home/airflow/.local/lib/python3.12/site-packages/airflow/example_dags/example_nested_branch_dag.py took 0.098 seconds
[2026-04-28T17:53:07.812+0000] {processor.py:161} INFO - Started process (PID=3331) to work on /home/airflow/.local/lib/python3.12/site-packages/airflow/example_dags/example_nested_branch_dag.py
[2026-04-28T17:53:07.812+0000] {processor.py:830} INFO - Processing file /home/airflow/.local/lib/python3.12/site-packages/airflow/example_dags/example_nested_branch_dag.py for tasks to queue
[2026-04-28T17:53:07.814+0000] {logging_mixin.py:188} INFO - [2026-04-28T17:53:07.814+0000] {dagbag.py:540} INFO - Filling up the DagBag from /home/airflow/.local/lib/python3.12/site-packages/airflow/example_dags/example_nested_branch_dag.py
[2026-04-28T17:53:07.822+0000] {processor.py:840} INFO - DAG(s) 'example_nested_branch_dag' retrieved from /home/airflow/.local/lib/python3.12/site-packages/airflow/example_dags/example_nested_branch_dag.py
[2026-04-28T17:53:07.840+0000] {logging_mixin.py:188} INFO - [2026-04-28T17:53:07.840+0000] {dag.py:3096} INFO - Sync 1 DAGs
[2026-04-28T17:53:07.866+0000] {logging_mixin.py:188} INFO - [2026-04-28T17:53:07.866+0000] {dag.py:3954} INFO - Setting next_dagrun for example_nested_branch_dag to 2026-04-27 00:00:00+00:00, run_after=2026-04-28 00:00:00+00:00
[2026-04-28T17:53:07.885+0000] {processor.py:183} INFO - Processing /home/airflow/.local/lib/python3.12/site-packages/airflow/example_dags/example_nested_branch_dag.py took 0.079 seconds
[2026-04-28T17:53:38.320+0000] {processor.py:161} INFO - Started process (PID=3393) to work on /home/airflow/.local/lib/python3.12/site-packages/airflow/example_dags/example_nested_branch_dag.py
[2026-04-28T17:53:38.321+0000] {processor.py:830} INFO - Processing file /home/airflow/.local/lib/python3.12/site-packages/airflow/example_dags/example_nested_branch_dag.py for tasks to queue
[2026-04-28T17:53:38.322+0000] {logging_mixin.py:188} INFO - [2026-04-28T17:53:38.322+0000] {dagbag.py:540} INFO - Filling up the DagBag from /home/airflow/.local/lib/python3.12/site-packages/airflow/example_dags/example_nested_branch_dag.py
[2026-04-28T17:53:38.335+0000] {processor.py:840} INFO - DAG(s) 'example_nested_branch_dag' retrieved from /home/airflow/.local/lib/python3.12/site-packages/airflow/example_dags/example_nested_branch_dag.py
[2026-04-28T17:53:38.363+0000] {logging_mixin.py:188} INFO - [2026-04-28T17:53:38.363+0000] {dag.py:3096} INFO - Sync 1 DAGs
[2026-04-28T17:53:38.392+0000] {logging_mixin.py:188} INFO - [2026-04-28T17:53:38.392+0000] {dag.py:3954} INFO - Setting next_dagrun for example_nested_branch_dag to 2026-04-27 00:00:00+00:00, run_after=2026-04-28 00:00:00+00:00
[2026-04-28T17:53:38.414+0000] {processor.py:183} INFO - Processing /home/airflow/.local/lib/python3.12/site-packages/airflow/example_dags/example_nested_branch_dag.py took 0.102 seconds
[2026-04-28T17:54:08.542+0000] {processor.py:161} INFO - Started process (PID=3452) to work on /home/airflow/.local/lib/python3.12/site-packages/airflow/example_dags/example_nested_branch_dag.py
[2026-04-28T17:54:08.543+0000] {processor.py:830} INFO - Processing file /home/airflow/.local/lib/python3.12/site-packages/airflow/example_dags/example_nested_branch_dag.py for tasks to queue
[2026-04-28T17:54:08.544+0000] {logging_mixin.py:188} INFO - [2026-04-28T17:54:08.544+0000] {dagbag.py:540} INFO - Filling up the DagBag from /home/airflow/.local/lib/python3.12/site-packages/airflow/example_dags/example_nested_branch_dag.py
[2026-04-28T17:54:08.552+0000] {processor.py:840} INFO - DAG(s) 'example_nested_branch_dag' retrieved from /home/airflow/.local/lib/python3.12/site-packages/airflow/example_dags/example_nested_branch_dag.py
[2026-04-28T17:54:08.571+0000] {logging_mixin.py:188} INFO - [2026-04-28T17:54:08.571+0000] {dag.py:3096} INFO - Sync 1 DAGs
[2026-04-28T17:54:08.600+0000] {logging_mixin.py:188} INFO - [2026-04-28T17:54:08.599+0000] {dag.py:3954} INFO - Setting next_dagrun for example_nested_branch_dag to 2026-04-27 00:00:00+00:00, run_after=2026-04-28 00:00:00+00:00
[2026-04-28T17:54:08.619+0000] {processor.py:183} INFO - Processing /home/airflow/.local/lib/python3.12/site-packages/airflow/example_dags/example_nested_branch_dag.py took 0.081 seconds
[2026-04-28T17:54:38.923+0000] {processor.py:161} INFO - Started process (PID=3512) to work on /home/airflow/.local/lib/python3.12/site-packages/airflow/example_dags/example_nested_branch_dag.py
[2026-04-28T17:54:38.924+0000] {processor.py:830} INFO - Processing file /home/airflow/.local/lib/python3.12/site-packages/airflow/example_dags/example_nested_branch_dag.py for tasks to queue
[2026-04-28T17:54:38.926+0000] {logging_mixin.py:188} INFO - [2026-04-28T17:54:38.926+0000] {dagbag.py:540} INFO - Filling up the DagBag from /home/airflow/.local/lib/python3.12/site-packages/airflow/example_dags/example_nested_branch_dag.py
[2026-04-28T17:54:38.938+0000] {processor.py:840} INFO - DAG(s) 'example_nested_branch_dag' retrieved from /home/airflow/.local/lib/python3.12/site-packages/airflow/example_dags/example_nested_branch_dag.py
[2026-04-28T17:54:38.967+0000] {logging_mixin.py:188} INFO - [2026-04-28T17:54:38.967+0000] {dag.py:3096} INFO - Sync 1 DAGs
[2026-04-28T17:54:38.997+0000] {logging_mixin.py:188} INFO - [2026-04-28T17:54:38.996+0000] {dag.py:3954} INFO - Setting next_dagrun for example_nested_branch_dag to 2026-04-27 00:00:00+00:00, run_after=2026-04-28 00:00:00+00:00
[2026-04-28T17:54:39.021+0000] {processor.py:183} INFO - Processing /home/airflow/.local/lib/python3.12/site-packages/airflow/example_dags/example_nested_branch_dag.py took 0.104 seconds
[2026-04-28T17:55:09.340+0000] {processor.py:161} INFO - Started process (PID=3574) to work on /home/airflow/.local/lib/python3.12/site-packages/airflow/example_dags/example_nested_branch_dag.py
[2026-04-28T17:55:09.341+0000] {processor.py:830} INFO - Processing file /home/airflow/.local/lib/python3.12/site-packages/airflow/example_dags/example_nested_branch_dag.py for tasks to queue
[2026-04-28T17:55:09.343+0000] {logging_mixin.py:188} INFO - [2026-04-28T17:55:09.343+0000] {dagbag.py:540} INFO - Filling up the DagBag from /home/airflow/.local/lib/python3.12/site-packages/airflow/example_dags/example_nested_branch_dag.py
[2026-04-28T17:55:09.356+0000] {processor.py:840} INFO - DAG(s) 'example_nested_branch_dag' retrieved from /home/airflow/.local/lib/python3.12/site-packages/airflow/example_dags/example_nested_branch_dag.py
[2026-04-28T17:55:09.384+0000] {logging_mixin.py:188} INFO - [2026-04-28T17:55:09.383+0000] {dag.py:3096} INFO - Sync 1 DAGs
[2026-04-28T17:55:09.411+0000] {logging_mixin.py:188} INFO - [2026-04-28T17:55:09.411+0000] {dag.py:3954} INFO - Setting next_dagrun for example_nested_branch_dag to 2026-04-27 00:00:00+00:00, run_after=2026-04-28 00:00:00+00:00
[2026-04-28T17:55:09.431+0000] {processor.py:183} INFO - Processing /home/airflow/.local/lib/python3.12/site-packages/airflow/example_dags/example_nested_branch_dag.py took 0.099 seconds
[2026-04-28T17:55:39.985+0000] {processor.py:161} INFO - Started process (PID=3635) to work on /home/airflow/.local/lib/python3.12/site-packages/airflow/example_dags/example_nested_branch_dag.py
[2026-04-28T17:55:39.986+0000] {processor.py:830} INFO - Processing file /home/airflow/.local/lib/python3.12/site-packages/airflow/example_dags/example_nested_branch_dag.py for tasks to queue
[2026-04-28T17:55:39.988+0000] {logging_mixin.py:188} INFO - [2026-04-28T17:55:39.988+0000] {dagbag.py:540} INFO - Filling up the DagBag from /home/airflow/.local/lib/python3.12/site-packages/airflow/example_dags/example_nested_branch_dag.py
[2026-04-28T17:55:40.000+0000] {processor.py:840} INFO - DAG(s) 'example_nested_branch_dag' retrieved from /home/airflow/.local/lib/python3.12/site-packages/airflow/example_dags/example_nested_branch_dag.py
[2026-04-28T17:55:40.026+0000] {logging_mixin.py:188} INFO - [2026-04-28T17:55:40.026+0000] {dag.py:3096} INFO - Sync 1 DAGs
[2026-04-28T17:55:40.052+0000] {logging_mixin.py:188} INFO - [2026-04-28T17:55:40.052+0000] {dag.py:3954} INFO - Setting next_dagrun for example_nested_branch_dag to 2026-04-27 00:00:00+00:00, run_after=2026-04-28 00:00:00+00:00
[2026-04-28T17:55:40.073+0000] {processor.py:183} INFO - Processing /home/airflow/.local/lib/python3.12/site-packages/airflow/example_dags/example_nested_branch_dag.py took 0.094 seconds
[2026-04-28T17:56:10.519+0000] {processor.py:161} INFO - Started process (PID=3695) to work on /home/airflow/.local/lib/python3.12/site-packages/airflow/example_dags/example_nested_branch_dag.py
[2026-04-28T17:56:10.520+0000] {processor.py:830} INFO - Processing file /home/airflow/.local/lib/python3.12/site-packages/airflow/example_dags/example_nested_branch_dag.py for tasks to queue
[2026-04-28T17:56:10.522+0000] {logging_mixin.py:188} INFO - [2026-04-28T17:56:10.522+0000] {dagbag.py:540} INFO - Filling up the DagBag from /home/airflow/.local/lib/python3.12/site-packages/airflow/example_dags/example_nested_branch_dag.py
[2026-04-28T17:56:10.537+0000] {processor.py:840} INFO - DAG(s) 'example_nested_branch_dag' retrieved from /home/airflow/.local/lib/python3.12/site-packages/airflow/example_dags/example_nested_branch_dag.py
[2026-04-28T17:56:10.593+0000] {logging_mixin.py:188} INFO - [2026-04-28T17:56:10.593+0000] {dag.py:3096} INFO - Sync 1 DAGs
[2026-04-28T17:56:10.660+0000] {logging_mixin.py:188} INFO - [2026-04-28T17:56:10.659+0000] {dag.py:3954} INFO - Setting next_dagrun for example_nested_branch_dag to 2026-04-27 00:00:00+00:00, run_after=2026-04-28 00:00:00+00:00
[2026-04-28T17:56:10.704+0000] {processor.py:183} INFO - Processing /home/airflow/.local/lib/python3.12/site-packages/airflow/example_dags/example_nested_branch_dag.py took 0.194 seconds
[2026-04-28T17:56:41.156+0000] {processor.py:161} INFO - Started process (PID=3754) to work on /home/airflow/.local/lib/python3.12/site-packages/airflow/example_dags/example_nested_branch_dag.py
[2026-04-28T17:56:41.157+0000] {processor.py:830} INFO - Processing file /home/airflow/.local/lib/python3.12/site-packages/airflow/example_dags/example_nested_branch_dag.py for tasks to queue
[2026-04-28T17:56:41.159+0000] {logging_mixin.py:188} INFO - [2026-04-28T17:56:41.158+0000] {dagbag.py:540} INFO - Filling up the DagBag from /home/airflow/.local/lib/python3.12/site-packages/airflow/example_dags/example_nested_branch_dag.py
[2026-04-28T17:56:41.173+0000] {processor.py:840} INFO - DAG(s) 'example_nested_branch_dag' retrieved from /home/airflow/.local/lib/python3.12/site-packages/airflow/example_dags/example_nested_branch_dag.py
[2026-04-28T17:56:41.200+0000] {logging_mixin.py:188} INFO - [2026-04-28T17:56:41.200+0000] {dag.py:3096} INFO - Sync 1 DAGs
[2026-04-28T17:56:41.228+0000] {logging_mixin.py:188} INFO - [2026-04-28T17:56:41.228+0000] {dag.py:3954} INFO - Setting next_dagrun for example_nested_branch_dag to 2026-04-27 00:00:00+00:00, run_after=2026-04-28 00:00:00+00:00
[2026-04-28T17:56:41.251+0000] {processor.py:183} INFO - Processing /home/airflow/.local/lib/python3.12/site-packages/airflow/example_dags/example_nested_branch_dag.py took 0.104 seconds
[2026-04-28T17:57:11.724+0000] {processor.py:161} INFO - Started process (PID=3814) to work on /home/airflow/.local/lib/python3.12/site-packages/airflow/example_dags/example_nested_branch_dag.py
[2026-04-28T17:57:11.725+0000] {processor.py:830} INFO - Processing file /home/airflow/.local/lib/python3.12/site-packages/airflow/example_dags/example_nested_branch_dag.py for tasks to queue
[2026-04-28T17:57:11.729+0000] {logging_mixin.py:188} INFO - [2026-04-28T17:57:11.729+0000] {dagbag.py:540} INFO - Filling up the DagBag from /home/airflow/.local/lib/python3.12/site-packages/airflow/example_dags/example_nested_branch_dag.py
[2026-04-28T17:57:11.742+0000] {processor.py:840} INFO - DAG(s) 'example_nested_branch_dag' retrieved from /home/airflow/.local/lib/python3.12/site-packages/airflow/example_dags/example_nested_branch_dag.py
[2026-04-28T17:57:11.770+0000] {logging_mixin.py:188} INFO - [2026-04-28T17:57:11.769+0000] {dag.py:3096} INFO - Sync 1 DAGs
[2026-04-28T17:57:11.833+0000] {logging_mixin.py:188} INFO - [2026-04-28T17:57:11.833+0000] {dag.py:3954} INFO - Setting next_dagrun for example_nested_branch_dag to 2026-04-27 00:00:00+00:00, run_after=2026-04-28 00:00:00+00:00
[2026-04-28T17:57:11.872+0000] {processor.py:183} INFO - Processing /home/airflow/.local/lib/python3.12/site-packages/airflow/example_dags/example_nested_branch_dag.py took 0.155 seconds
[2026-04-28T17:57:42.286+0000] {processor.py:161} INFO - Started process (PID=3874) to work on /home/airflow/.local/lib/python3.12/site-packages/airflow/example_dags/example_nested_branch_dag.py
[2026-04-28T17:57:42.291+0000] {processor.py:830} INFO - Processing file /home/airflow/.local/lib/python3.12/site-packages/airflow/example_dags/example_nested_branch_dag.py for tasks to queue
[2026-04-28T17:57:42.300+0000] {logging_mixin.py:188} INFO - [2026-04-28T17:57:42.300+0000] {dagbag.py:540} INFO - Filling up the DagBag from /home/airflow/.local/lib/python3.12/site-packages/airflow/example_dags/example_nested_branch_dag.py
[2026-04-28T17:57:42.378+0000] {processor.py:840} INFO - DAG(s) 'example_nested_branch_dag' retrieved from /home/airflow/.local/lib/python3.12/site-packages/airflow/example_dags/example_nested_branch_dag.py
[2026-04-28T17:57:42.494+0000] {logging_mixin.py:188} INFO - [2026-04-28T17:57:42.494+0000] {dag.py:3096} INFO - Sync 1 DAGs
[2026-04-28T17:57:42.568+0000] {logging_mixin.py:188} INFO - [2026-04-28T17:57:42.568+0000] {dag.py:3954} INFO - Setting next_dagrun for example_nested_branch_dag to 2026-04-27 00:00:00+00:00, run_after=2026-04-28 00:00:00+00:00
[2026-04-28T17:57:42.635+0000] {processor.py:183} INFO - Processing /home/airflow/.local/lib/python3.12/site-packages/airflow/example_dags/example_nested_branch_dag.py took 0.369 seconds
[2026-04-28T17:58:13.603+0000] {processor.py:161} INFO - Started process (PID=3935) to work on /home/airflow/.local/lib/python3.12/site-packages/airflow/example_dags/example_nested_branch_dag.py
[2026-04-28T17:58:13.604+0000] {processor.py:830} INFO - Processing file /home/airflow/.local/lib/python3.12/site-packages/airflow/example_dags/example_nested_branch_dag.py for tasks to queue
[2026-04-28T17:58:13.606+0000] {logging_mixin.py:188} INFO - [2026-04-28T17:58:13.606+0000] {dagbag.py:540} INFO - Filling up the DagBag from /home/airflow/.local/lib/python3.12/site-packages/airflow/example_dags/example_nested_branch_dag.py
[2026-04-28T17:58:13.618+0000] {processor.py:840} INFO - DAG(s) 'example_nested_branch_dag' retrieved from /home/airflow/.local/lib/python3.12/site-packages/airflow/example_dags/example_nested_branch_dag.py
[2026-04-28T17:58:13.644+0000] {logging_mixin.py:188} INFO - [2026-04-28T17:58:13.644+0000] {dag.py:3096} INFO - Sync 1 DAGs
[2026-04-28T17:58:13.675+0000] {logging_mixin.py:188} INFO - [2026-04-28T17:58:13.675+0000] {dag.py:3954} INFO - Setting next_dagrun for example_nested_branch_dag to 2026-04-27 00:00:00+00:00, run_after=2026-04-28 00:00:00+00:00
[2026-04-28T17:58:13.695+0000] {processor.py:183} INFO - Processing /home/airflow/.local/lib/python3.12/site-packages/airflow/example_dags/example_nested_branch_dag.py took 0.099 seconds
[2026-04-28T17:58:43.825+0000] {processor.py:161} INFO - Started process (PID=3994) to work on /home/airflow/.local/lib/python3.12/site-packages/airflow/example_dags/example_nested_branch_dag.py
[2026-04-28T17:58:43.826+0000] {processor.py:830} INFO - Processing file /home/airflow/.local/lib/python3.12/site-packages/airflow/example_dags/example_nested_branch_dag.py for tasks to queue
[2026-04-28T17:58:43.828+0000] {logging_mixin.py:188} INFO - [2026-04-28T17:58:43.827+0000] {dagbag.py:540} INFO - Filling up the DagBag from /home/airflow/.local/lib/python3.12/site-packages/airflow/example_dags/example_nested_branch_dag.py
[2026-04-28T17:58:43.836+0000] {processor.py:840} INFO - DAG(s) 'example_nested_branch_dag' retrieved from /home/airflow/.local/lib/python3.12/site-packages/airflow/example_dags/example_nested_branch_dag.py
[2026-04-28T17:58:43.872+0000] {logging_mixin.py:188} INFO - [2026-04-28T17:58:43.871+0000] {dag.py:3096} INFO - Sync 1 DAGs
[2026-04-28T17:58:43.899+0000] {logging_mixin.py:188} INFO - [2026-04-28T17:58:43.899+0000] {dag.py:3954} INFO - Setting next_dagrun for example_nested_branch_dag to 2026-04-27 00:00:00+00:00, run_after=2026-04-28 00:00:00+00:00
[2026-04-28T17:58:43.918+0000] {processor.py:183} INFO - Processing /home/airflow/.local/lib/python3.12/site-packages/airflow/example_dags/example_nested_branch_dag.py took 0.099 seconds
[2026-04-28T18:01:08.268+0000] {processor.py:161} INFO - Started process (PID=98) to work on /home/airflow/.local/lib/python3.12/site-packages/airflow/example_dags/example_nested_branch_dag.py
[2026-04-28T18:01:08.271+0000] {processor.py:830} INFO - Processing file /home/airflow/.local/lib/python3.12/site-packages/airflow/example_dags/example_nested_branch_dag.py for tasks to queue
[2026-04-28T18:01:08.279+0000] {logging_mixin.py:188} INFO - [2026-04-28T18:01:08.279+0000] {dagbag.py:540} INFO - Filling up the DagBag from /home/airflow/.local/lib/python3.12/site-packages/airflow/example_dags/example_nested_branch_dag.py
[2026-04-28T18:01:08.320+0000] {processor.py:840} INFO - DAG(s) 'example_nested_branch_dag' retrieved from /home/airflow/.local/lib/python3.12/site-packages/airflow/example_dags/example_nested_branch_dag.py
[2026-04-28T18:01:08.749+0000] {logging_mixin.py:188} INFO - [2026-04-28T18:01:08.749+0000] {dag.py:3096} INFO - Sync 1 DAGs
[2026-04-28T18:01:08.863+0000] {logging_mixin.py:188} INFO - [2026-04-28T18:01:08.863+0000] {dag.py:3954} INFO - Setting next_dagrun for example_nested_branch_dag to 2026-04-27 00:00:00+00:00, run_after=2026-04-28 00:00:00+00:00
[2026-04-28T18:01:08.973+0000] {processor.py:183} INFO - Processing /home/airflow/.local/lib/python3.12/site-packages/airflow/example_dags/example_nested_branch_dag.py took 0.721 seconds
[2026-04-28T18:01:39.471+0000] {processor.py:161} INFO - Started process (PID=159) to work on /home/airflow/.local/lib/python3.12/site-packages/airflow/example_dags/example_nested_branch_dag.py
[2026-04-28T18:01:39.476+0000] {processor.py:830} INFO - Processing file /home/airflow/.local/lib/python3.12/site-packages/airflow/example_dags/example_nested_branch_dag.py for tasks to queue
[2026-04-28T18:01:39.480+0000] {logging_mixin.py:188} INFO - [2026-04-28T18:01:39.480+0000] {dagbag.py:540} INFO - Filling up the DagBag from /home/airflow/.local/lib/python3.12/site-packages/airflow/example_dags/example_nested_branch_dag.py
[2026-04-28T18:01:39.505+0000] {processor.py:840} INFO - DAG(s) 'example_nested_branch_dag' retrieved from /home/airflow/.local/lib/python3.12/site-packages/airflow/example_dags/example_nested_branch_dag.py
[2026-04-28T18:01:39.533+0000] {logging_mixin.py:188} INFO - [2026-04-28T18:01:39.532+0000] {dag.py:3096} INFO - Sync 1 DAGs
[2026-04-28T18:01:39.555+0000] {logging_mixin.py:188} INFO - [2026-04-28T18:01:39.554+0000] {dag.py:3954} INFO - Setting next_dagrun for example_nested_branch_dag to 2026-04-27 00:00:00+00:00, run_after=2026-04-28 00:00:00+00:00
[2026-04-28T18:01:39.571+0000] {processor.py:183} INFO - Processing /home/airflow/.local/lib/python3.12/site-packages/airflow/example_dags/example_nested_branch_dag.py took 0.127 seconds
[2026-04-28T18:02:10.675+0000] {processor.py:161} INFO - Started process (PID=219) to work on /home/airflow/.local/lib/python3.12/site-packages/airflow/example_dags/example_nested_branch_dag.py
[2026-04-28T18:02:10.682+0000] {processor.py:830} INFO - Processing file /home/airflow/.local/lib/python3.12/site-packages/airflow/example_dags/example_nested_branch_dag.py for tasks to queue
[2026-04-28T18:02:10.694+0000] {logging_mixin.py:188} INFO - [2026-04-28T18:02:10.694+0000] {dagbag.py:540} INFO - Filling up the DagBag from /home/airflow/.local/lib/python3.12/site-packages/airflow/example_dags/example_nested_branch_dag.py
[2026-04-28T18:02:10.760+0000] {processor.py:840} INFO - DAG(s) 'example_nested_branch_dag' retrieved from /home/airflow/.local/lib/python3.12/site-packages/airflow/example_dags/example_nested_branch_dag.py
[2026-04-28T18:02:10.832+0000] {logging_mixin.py:188} INFO - [2026-04-28T18:02:10.832+0000] {dag.py:3096} INFO - Sync 1 DAGs
[2026-04-28T18:02:10.940+0000] {logging_mixin.py:188} INFO - [2026-04-28T18:02:10.935+0000] {dag.py:3954} INFO - Setting next_dagrun for example_nested_branch_dag to 2026-04-27 00:00:00+00:00, run_after=2026-04-28 00:00:00+00:00
[2026-04-28T18:02:11.047+0000] {processor.py:183} INFO - Processing /home/airflow/.local/lib/python3.12/site-packages/airflow/example_dags/example_nested_branch_dag.py took 0.402 seconds
[2026-04-28T18:02:41.823+0000] {processor.py:161} INFO - Started process (PID=279) to work on /home/airflow/.local/lib/python3.12/site-packages/airflow/example_dags/example_nested_branch_dag.py
[2026-04-28T18:02:41.824+0000] {processor.py:830} INFO - Processing file /home/airflow/.local/lib/python3.12/site-packages/airflow/example_dags/example_nested_branch_dag.py for tasks to queue
[2026-04-28T18:02:41.826+0000] {logging_mixin.py:188} INFO - [2026-04-28T18:02:41.826+0000] {dagbag.py:540} INFO - Filling up the DagBag from /home/airflow/.local/lib/python3.12/site-packages/airflow/example_dags/example_nested_branch_dag.py
[2026-04-28T18:02:41.839+0000] {processor.py:840} INFO - DAG(s) 'example_nested_branch_dag' retrieved from /home/airflow/.local/lib/python3.12/site-packages/airflow/example_dags/example_nested_branch_dag.py
[2026-04-28T18:02:42.062+0000] {logging_mixin.py:188} INFO - [2026-04-28T18:02:42.062+0000] {dag.py:3096} INFO - Sync 1 DAGs
[2026-04-28T18:02:42.128+0000] {logging_mixin.py:188} INFO - [2026-04-28T18:02:42.127+0000] {dag.py:3954} INFO - Setting next_dagrun for example_nested_branch_dag to 2026-04-27 00:00:00+00:00, run_after=2026-04-28 00:00:00+00:00
[2026-04-28T18:02:42.166+0000] {processor.py:183} INFO - Processing /home/airflow/.local/lib/python3.12/site-packages/airflow/example_dags/example_nested_branch_dag.py took 0.350 seconds
[2026-04-28T18:03:12.423+0000] {processor.py:161} INFO - Started process (PID=339) to work on /home/airflow/.local/lib/python3.12/site-packages/airflow/example_dags/example_nested_branch_dag.py
[2026-04-28T18:03:12.424+0000] {processor.py:830} INFO - Processing file /home/airflow/.local/lib/python3.12/site-packages/airflow/example_dags/example_nested_branch_dag.py for tasks to queue
[2026-04-28T18:03:12.429+0000] {logging_mixin.py:188} INFO - [2026-04-28T18:03:12.428+0000] {dagbag.py:540} INFO - Filling up the DagBag from /home/airflow/.local/lib/python3.12/site-packages/airflow/example_dags/example_nested_branch_dag.py
[2026-04-28T18:03:12.533+0000] {processor.py:840} INFO - DAG(s) 'example_nested_branch_dag' retrieved from /home/airflow/.local/lib/python3.12/site-packages/airflow/example_dags/example_nested_branch_dag.py
[2026-04-28T18:03:12.618+0000] {logging_mixin.py:188} INFO - [2026-04-28T18:03:12.617+0000] {dag.py:3096} INFO - Sync 1 DAGs
[2026-04-28T18:03:12.692+0000] {logging_mixin.py:188} INFO - [2026-04-28T18:03:12.691+0000] {dag.py:3954} INFO - Setting next_dagrun for example_nested_branch_dag to 2026-04-27 00:00:00+00:00, run_after=2026-04-28 00:00:00+00:00
[2026-04-28T18:03:12.735+0000] {processor.py:183} INFO - Processing /home/airflow/.local/lib/python3.12/site-packages/airflow/example_dags/example_nested_branch_dag.py took 0.339 seconds
[2026-04-28T18:03:43.272+0000] {processor.py:161} INFO - Started process (PID=399) to work on /home/airflow/.local/lib/python3.12/site-packages/airflow/example_dags/example_nested_branch_dag.py
[2026-04-28T18:03:43.273+0000] {processor.py:830} INFO - Processing file /home/airflow/.local/lib/python3.12/site-packages/airflow/example_dags/example_nested_branch_dag.py for tasks to queue
[2026-04-28T18:03:43.275+0000] {logging_mixin.py:188} INFO - [2026-04-28T18:03:43.274+0000] {dagbag.py:540} INFO - Filling up the DagBag from /home/airflow/.local/lib/python3.12/site-packages/airflow/example_dags/example_nested_branch_dag.py
[2026-04-28T18:03:43.286+0000] {processor.py:840} INFO - DAG(s) 'example_nested_branch_dag' retrieved from /home/airflow/.local/lib/python3.12/site-packages/airflow/example_dags/example_nested_branch_dag.py
[2026-04-28T18:03:43.311+0000] {logging_mixin.py:188} INFO - [2026-04-28T18:03:43.310+0000] {dag.py:3096} INFO - Sync 1 DAGs
[2026-04-28T18:03:43.352+0000] {logging_mixin.py:188} INFO - [2026-04-28T18:03:43.347+0000] {dag.py:3954} INFO - Setting next_dagrun for example_nested_branch_dag to 2026-04-27 00:00:00+00:00, run_after=2026-04-28 00:00:00+00:00
[2026-04-28T18:03:43.379+0000] {processor.py:183} INFO - Processing /home/airflow/.local/lib/python3.12/site-packages/airflow/example_dags/example_nested_branch_dag.py took 0.115 seconds
[2026-04-28T18:04:13.511+0000] {processor.py:161} INFO - Started process (PID=459) to work on /home/airflow/.local/lib/python3.12/site-packages/airflow/example_dags/example_nested_branch_dag.py
[2026-04-28T18:04:13.512+0000] {processor.py:830} INFO - Processing file /home/airflow/.local/lib/python3.12/site-packages/airflow/example_dags/example_nested_branch_dag.py for tasks to queue
[2026-04-28T18:04:13.514+0000] {logging_mixin.py:188} INFO - [2026-04-28T18:04:13.514+0000] {dagbag.py:540} INFO - Filling up the DagBag from /home/airflow/.local/lib/python3.12/site-packages/airflow/example_dags/example_nested_branch_dag.py
[2026-04-28T18:04:13.524+0000] {processor.py:840} INFO - DAG(s) 'example_nested_branch_dag' retrieved from /home/airflow/.local/lib/python3.12/site-packages/airflow/example_dags/example_nested_branch_dag.py
[2026-04-28T18:04:13.542+0000] {logging_mixin.py:188} INFO - [2026-04-28T18:04:13.542+0000] {dag.py:3096} INFO - Sync 1 DAGs
[2026-04-28T18:04:13.561+0000] {logging_mixin.py:188} INFO - [2026-04-28T18:04:13.561+0000] {dag.py:3954} INFO - Setting next_dagrun for example_nested_branch_dag to 2026-04-27 00:00:00+00:00, run_after=2026-04-28 00:00:00+00:00
[2026-04-28T18:04:13.576+0000] {processor.py:183} INFO - Processing /home/airflow/.local/lib/python3.12/site-packages/airflow/example_dags/example_nested_branch_dag.py took 0.072 seconds
[2026-04-28T18:04:43.836+0000] {processor.py:161} INFO - Started process (PID=519) to work on /home/airflow/.local/lib/python3.12/site-packages/airflow/example_dags/example_nested_branch_dag.py
[2026-04-28T18:04:43.836+0000] {processor.py:830} INFO - Processing file /home/airflow/.local/lib/python3.12/site-packages/airflow/example_dags/example_nested_branch_dag.py for tasks to queue
[2026-04-28T18:04:43.838+0000] {logging_mixin.py:188} INFO - [2026-04-28T18:04:43.838+0000] {dagbag.py:540} INFO - Filling up the DagBag from /home/airflow/.local/lib/python3.12/site-packages/airflow/example_dags/example_nested_branch_dag.py
[2026-04-28T18:04:43.870+0000] {processor.py:840} INFO - DAG(s) 'example_nested_branch_dag' retrieved from /home/airflow/.local/lib/python3.12/site-packages/airflow/example_dags/example_nested_branch_dag.py
[2026-04-28T18:04:43.896+0000] {logging_mixin.py:188} INFO - [2026-04-28T18:04:43.896+0000] {dag.py:3096} INFO - Sync 1 DAGs
[2026-04-28T18:04:43.917+0000] {logging_mixin.py:188} INFO - [2026-04-28T18:04:43.916+0000] {dag.py:3954} INFO - Setting next_dagrun for example_nested_branch_dag to 2026-04-27 00:00:00+00:00, run_after=2026-04-28 00:00:00+00:00
[2026-04-28T18:04:43.931+0000] {processor.py:183} INFO - Processing /home/airflow/.local/lib/python3.12/site-packages/airflow/example_dags/example_nested_branch_dag.py took 0.103 seconds
[2026-04-28T18:05:14.886+0000] {processor.py:161} INFO - Started process (PID=579) to work on /home/airflow/.local/lib/python3.12/site-packages/airflow/example_dags/example_nested_branch_dag.py
[2026-04-28T18:05:14.889+0000] {processor.py:830} INFO - Processing file /home/airflow/.local/lib/python3.12/site-packages/airflow/example_dags/example_nested_branch_dag.py for tasks to queue
[2026-04-28T18:05:14.892+0000] {logging_mixin.py:188} INFO - [2026-04-28T18:05:14.891+0000] {dagbag.py:540} INFO - Filling up the DagBag from /home/airflow/.local/lib/python3.12/site-packages/airflow/example_dags/example_nested_branch_dag.py
[2026-04-28T18:05:14.906+0000] {processor.py:840} INFO - DAG(s) 'example_nested_branch_dag' retrieved from /home/airflow/.local/lib/python3.12/site-packages/airflow/example_dags/example_nested_branch_dag.py
[2026-04-28T18:05:14.928+0000] {logging_mixin.py:188} INFO - [2026-04-28T18:05:14.928+0000] {dag.py:3096} INFO - Sync 1 DAGs
[2026-04-28T18:05:14.947+0000] {logging_mixin.py:188} INFO - [2026-04-28T18:05:14.947+0000] {dag.py:3954} INFO - Setting next_dagrun for example_nested_branch_dag to 2026-04-27 00:00:00+00:00, run_after=2026-04-28 00:00:00+00:00
[2026-04-28T18:05:14.961+0000] {processor.py:183} INFO - Processing /home/airflow/.local/lib/python3.12/site-packages/airflow/example_dags/example_nested_branch_dag.py took 0.082 seconds
[2026-04-28T18:05:45.369+0000] {processor.py:161} INFO - Started process (PID=639) to work on /home/airflow/.local/lib/python3.12/site-packages/airflow/example_dags/example_nested_branch_dag.py
[2026-04-28T18:05:45.370+0000] {processor.py:830} INFO - Processing file /home/airflow/.local/lib/python3.12/site-packages/airflow/example_dags/example_nested_branch_dag.py for tasks to queue
[2026-04-28T18:05:45.373+0000] {logging_mixin.py:188} INFO - [2026-04-28T18:05:45.373+0000] {dagbag.py:540} INFO - Filling up the DagBag from /home/airflow/.local/lib/python3.12/site-packages/airflow/example_dags/example_nested_branch_dag.py
[2026-04-28T18:05:45.386+0000] {processor.py:840} INFO - DAG(s) 'example_nested_branch_dag' retrieved from /home/airflow/.local/lib/python3.12/site-packages/airflow/example_dags/example_nested_branch_dag.py
[2026-04-28T18:05:45.416+0000] {logging_mixin.py:188} INFO - [2026-04-28T18:05:45.415+0000] {dag.py:3096} INFO - Sync 1 DAGs
[2026-04-28T18:05:45.445+0000] {logging_mixin.py:188} INFO - [2026-04-28T18:05:45.445+0000] {dag.py:3954} INFO - Setting next_dagrun for example_nested_branch_dag to 2026-04-27 00:00:00+00:00, run_after=2026-04-28 00:00:00+00:00
[2026-04-28T18:05:45.462+0000] {processor.py:183} INFO - Processing /home/airflow/.local/lib/python3.12/site-packages/airflow/example_dags/example_nested_branch_dag.py took 0.100 seconds
[2026-04-28T18:06:15.822+0000] {processor.py:161} INFO - Started process (PID=700) to work on /home/airflow/.local/lib/python3.12/site-packages/airflow/example_dags/example_nested_branch_dag.py
[2026-04-28T18:06:15.827+0000] {processor.py:830} INFO - Processing file /home/airflow/.local/lib/python3.12/site-packages/airflow/example_dags/example_nested_branch_dag.py for tasks to queue
[2026-04-28T18:06:15.833+0000] {logging_mixin.py:188} INFO - [2026-04-28T18:06:15.831+0000] {dagbag.py:540} INFO - Filling up the DagBag from /home/airflow/.local/lib/python3.12/site-packages/airflow/example_dags/example_nested_branch_dag.py
[2026-04-28T18:06:15.858+0000] {processor.py:840} INFO - DAG(s) 'example_nested_branch_dag' retrieved from /home/airflow/.local/lib/python3.12/site-packages/airflow/example_dags/example_nested_branch_dag.py
[2026-04-28T18:06:15.924+0000] {logging_mixin.py:188} INFO - [2026-04-28T18:06:15.923+0000] {dag.py:3096} INFO - Sync 1 DAGs
[2026-04-28T18:06:15.982+0000] {logging_mixin.py:188} INFO - [2026-04-28T18:06:15.981+0000] {dag.py:3954} INFO - Setting next_dagrun for example_nested_branch_dag to 2026-04-27 00:00:00+00:00, run_after=2026-04-28 00:00:00+00:00
[2026-04-28T18:06:16.016+0000] {processor.py:183} INFO - Processing /home/airflow/.local/lib/python3.12/site-packages/airflow/example_dags/example_nested_branch_dag.py took 0.204 seconds
[2026-04-28T18:06:46.124+0000] {processor.py:161} INFO - Started process (PID=760) to work on /home/airflow/.local/lib/python3.12/site-packages/airflow/example_dags/example_nested_branch_dag.py
[2026-04-28T18:06:46.125+0000] {processor.py:830} INFO - Processing file /home/airflow/.local/lib/python3.12/site-packages/airflow/example_dags/example_nested_branch_dag.py for tasks to queue
[2026-04-28T18:06:46.127+0000] {logging_mixin.py:188} INFO - [2026-04-28T18:06:46.127+0000] {dagbag.py:540} INFO - Filling up the DagBag from /home/airflow/.local/lib/python3.12/site-packages/airflow/example_dags/example_nested_branch_dag.py
[2026-04-28T18:06:46.139+0000] {processor.py:840} INFO - DAG(s) 'example_nested_branch_dag' retrieved from /home/airflow/.local/lib/python3.12/site-packages/airflow/example_dags/example_nested_branch_dag.py
[2026-04-28T18:06:46.194+0000] {logging_mixin.py:188} INFO - [2026-04-28T18:06:46.193+0000] {dag.py:3096} INFO - Sync 1 DAGs
[2026-04-28T18:06:46.257+0000] {logging_mixin.py:188} INFO - [2026-04-28T18:06:46.256+0000] {dag.py:3954} INFO - Setting next_dagrun for example_nested_branch_dag to 2026-04-27 00:00:00+00:00, run_after=2026-04-28 00:00:00+00:00
[2026-04-28T18:06:46.301+0000] {processor.py:183} INFO - Processing /home/airflow/.local/lib/python3.12/site-packages/airflow/example_dags/example_nested_branch_dag.py took 0.190 seconds
[2026-04-28T18:07:17.312+0000] {processor.py:161} INFO - Started process (PID=826) to work on /home/airflow/.local/lib/python3.12/site-packages/airflow/example_dags/example_nested_branch_dag.py
[2026-04-28T18:07:17.316+0000] {processor.py:830} INFO - Processing file /home/airflow/.local/lib/python3.12/site-packages/airflow/example_dags/example_nested_branch_dag.py for tasks to queue
[2026-04-28T18:07:17.322+0000] {logging_mixin.py:188} INFO - [2026-04-28T18:07:17.319+0000] {dagbag.py:540} INFO - Filling up the DagBag from /home/airflow/.local/lib/python3.12/site-packages/airflow/example_dags/example_nested_branch_dag.py
[2026-04-28T18:07:17.368+0000] {processor.py:840} INFO - DAG(s) 'example_nested_branch_dag' retrieved from /home/airflow/.local/lib/python3.12/site-packages/airflow/example_dags/example_nested_branch_dag.py
[2026-04-28T18:07:17.456+0000] {logging_mixin.py:188} INFO - [2026-04-28T18:07:17.455+0000] {dag.py:3096} INFO - Sync 1 DAGs
[2026-04-28T18:07:17.570+0000] {logging_mixin.py:188} INFO - [2026-04-28T18:07:17.570+0000] {dag.py:3954} INFO - Setting next_dagrun for example_nested_branch_dag to 2026-04-27 00:00:00+00:00, run_after=2026-04-28 00:00:00+00:00
[2026-04-28T18:07:17.631+0000] {processor.py:183} INFO - Processing /home/airflow/.local/lib/python3.12/site-packages/airflow/example_dags/example_nested_branch_dag.py took 0.334 seconds
[2026-04-28T18:07:48.193+0000] {processor.py:161} INFO - Started process (PID=886) to work on /home/airflow/.local/lib/python3.12/site-packages/airflow/example_dags/example_nested_branch_dag.py
[2026-04-28T18:07:48.194+0000] {processor.py:830} INFO - Processing file /home/airflow/.local/lib/python3.12/site-packages/airflow/example_dags/example_nested_branch_dag.py for tasks to queue
[2026-04-28T18:07:48.196+0000] {logging_mixin.py:188} INFO - [2026-04-28T18:07:48.195+0000] {dagbag.py:540} INFO - Filling up the DagBag from /home/airflow/.local/lib/python3.12/site-packages/airflow/example_dags/example_nested_branch_dag.py
[2026-04-28T18:07:48.208+0000] {processor.py:840} INFO - DAG(s) 'example_nested_branch_dag' retrieved from /home/airflow/.local/lib/python3.12/site-packages/airflow/example_dags/example_nested_branch_dag.py
[2026-04-28T18:07:48.240+0000] {logging_mixin.py:188} INFO - [2026-04-28T18:07:48.239+0000] {dag.py:3096} INFO - Sync 1 DAGs
[2026-04-28T18:07:48.297+0000] {logging_mixin.py:188} INFO - [2026-04-28T18:07:48.297+0000] {dag.py:3954} INFO - Setting next_dagrun for example_nested_branch_dag to 2026-04-27 00:00:00+00:00, run_after=2026-04-28 00:00:00+00:00
[2026-04-28T18:07:48.335+0000] {processor.py:183} INFO - Processing /home/airflow/.local/lib/python3.12/site-packages/airflow/example_dags/example_nested_branch_dag.py took 0.149 seconds
[2026-04-28T18:08:18.549+0000] {processor.py:161} INFO - Started process (PID=946) to work on /home/airflow/.local/lib/python3.12/site-packages/airflow/example_dags/example_nested_branch_dag.py
[2026-04-28T18:08:18.550+0000] {processor.py:830} INFO - Processing file /home/airflow/.local/lib/python3.12/site-packages/airflow/example_dags/example_nested_branch_dag.py for tasks to queue
[2026-04-28T18:08:18.552+0000] {logging_mixin.py:188} INFO - [2026-04-28T18:08:18.551+0000] {dagbag.py:540} INFO - Filling up the DagBag from /home/airflow/.local/lib/python3.12/site-packages/airflow/example_dags/example_nested_branch_dag.py
[2026-04-28T18:08:18.564+0000] {processor.py:840} INFO - DAG(s) 'example_nested_branch_dag' retrieved from /home/airflow/.local/lib/python3.12/site-packages/airflow/example_dags/example_nested_branch_dag.py
[2026-04-28T18:08:18.591+0000] {logging_mixin.py:188} INFO - [2026-04-28T18:08:18.591+0000] {dag.py:3096} INFO - Sync 1 DAGs
[2026-04-28T18:08:18.626+0000] {logging_mixin.py:188} INFO - [2026-04-28T18:08:18.625+0000] {dag.py:3954} INFO - Setting next_dagrun for example_nested_branch_dag to 2026-04-27 00:00:00+00:00, run_after=2026-04-28 00:00:00+00:00
[2026-04-28T18:08:18.848+0000] {processor.py:183} INFO - Processing /home/airflow/.local/lib/python3.12/site-packages/airflow/example_dags/example_nested_branch_dag.py took 0.306 seconds
[2026-04-28T18:08:48.968+0000] {processor.py:161} INFO - Started process (PID=1005) to work on /home/airflow/.local/lib/python3.12/site-packages/airflow/example_dags/example_nested_branch_dag.py
[2026-04-28T18:08:48.968+0000] {processor.py:830} INFO - Processing file /home/airflow/.local/lib/python3.12/site-packages/airflow/example_dags/example_nested_branch_dag.py for tasks to queue
[2026-04-28T18:08:48.970+0000] {logging_mixin.py:188} INFO - [2026-04-28T18:08:48.970+0000] {dagbag.py:540} INFO - Filling up the DagBag from /home/airflow/.local/lib/python3.12/site-packages/airflow/example_dags/example_nested_branch_dag.py
[2026-04-28T18:08:48.978+0000] {processor.py:840} INFO - DAG(s) 'example_nested_branch_dag' retrieved from /home/airflow/.local/lib/python3.12/site-packages/airflow/example_dags/example_nested_branch_dag.py
[2026-04-28T18:08:48.996+0000] {logging_mixin.py:188} INFO - [2026-04-28T18:08:48.996+0000] {dag.py:3096} INFO - Sync 1 DAGs
[2026-04-28T18:08:49.015+0000] {logging_mixin.py:188} INFO - [2026-04-28T18:08:49.015+0000] {dag.py:3954} INFO - Setting next_dagrun for example_nested_branch_dag to 2026-04-27 00:00:00+00:00, run_after=2026-04-28 00:00:00+00:00
[2026-04-28T18:08:49.030+0000] {processor.py:183} INFO - Processing /home/airflow/.local/lib/python3.12/site-packages/airflow/example_dags/example_nested_branch_dag.py took 0.067 seconds
[2026-04-28T18:09:19.523+0000] {processor.py:161} INFO - Started process (PID=1065) to work on /home/airflow/.local/lib/python3.12/site-packages/airflow/example_dags/example_nested_branch_dag.py
[2026-04-28T18:09:19.524+0000] {processor.py:830} INFO - Processing file /home/airflow/.local/lib/python3.12/site-packages/airflow/example_dags/example_nested_branch_dag.py for tasks to queue
[2026-04-28T18:09:19.526+0000] {logging_mixin.py:188} INFO - [2026-04-28T18:09:19.526+0000] {dagbag.py:540} INFO - Filling up the DagBag from /home/airflow/.local/lib/python3.12/site-packages/airflow/example_dags/example_nested_branch_dag.py
[2026-04-28T18:09:19.536+0000] {processor.py:840} INFO - DAG(s) 'example_nested_branch_dag' retrieved from /home/airflow/.local/lib/python3.12/site-packages/airflow/example_dags/example_nested_branch_dag.py
[2026-04-28T18:09:19.554+0000] {logging_mixin.py:188} INFO - [2026-04-28T18:09:19.554+0000] {dag.py:3096} INFO - Sync 1 DAGs
[2026-04-28T18:09:19.581+0000] {logging_mixin.py:188} INFO - [2026-04-28T18:09:19.581+0000] {dag.py:3954} INFO - Setting next_dagrun for example_nested_branch_dag to 2026-04-27 00:00:00+00:00, run_after=2026-04-28 00:00:00+00:00
[2026-04-28T18:09:19.615+0000] {processor.py:183} INFO - Processing /home/airflow/.local/lib/python3.12/site-packages/airflow/example_dags/example_nested_branch_dag.py took 0.098 seconds
[2026-04-28T18:09:49.901+0000] {processor.py:161} INFO - Started process (PID=1125) to work on /home/airflow/.local/lib/python3.12/site-packages/airflow/example_dags/example_nested_branch_dag.py
[2026-04-28T18:09:49.902+0000] {processor.py:830} INFO - Processing file /home/airflow/.local/lib/python3.12/site-packages/airflow/example_dags/example_nested_branch_dag.py for tasks to queue
[2026-04-28T18:09:49.903+0000] {logging_mixin.py:188} INFO - [2026-04-28T18:09:49.903+0000] {dagbag.py:540} INFO - Filling up the DagBag from /home/airflow/.local/lib/python3.12/site-packages/airflow/example_dags/example_nested_branch_dag.py
[2026-04-28T18:09:49.911+0000] {processor.py:840} INFO - DAG(s) 'example_nested_branch_dag' retrieved from /home/airflow/.local/lib/python3.12/site-packages/airflow/example_dags/example_nested_branch_dag.py
[2026-04-28T18:09:49.929+0000] {logging_mixin.py:188} INFO - [2026-04-28T18:09:49.929+0000] {dag.py:3096} INFO - Sync 1 DAGs
[2026-04-28T18:09:50.121+0000] {logging_mixin.py:188} INFO - [2026-04-28T18:09:50.120+0000] {dag.py:3954} INFO - Setting next_dagrun for example_nested_branch_dag to 2026-04-27 00:00:00+00:00, run_after=2026-04-28 00:00:00+00:00
[2026-04-28T18:09:50.134+0000] {processor.py:183} INFO - Processing /home/airflow/.local/lib/python3.12/site-packages/airflow/example_dags/example_nested_branch_dag.py took 0.238 seconds
[2026-04-28T18:10:20.256+0000] {processor.py:161} INFO - Started process (PID=1185) to work on /home/airflow/.local/lib/python3.12/site-packages/airflow/example_dags/example_nested_branch_dag.py
[2026-04-28T18:10:20.256+0000] {processor.py:830} INFO - Processing file /home/airflow/.local/lib/python3.12/site-packages/airflow/example_dags/example_nested_branch_dag.py for tasks to queue
[2026-04-28T18:10:20.258+0000] {logging_mixin.py:188} INFO - [2026-04-28T18:10:20.257+0000] {dagbag.py:540} INFO - Filling up the DagBag from /home/airflow/.local/lib/python3.12/site-packages/airflow/example_dags/example_nested_branch_dag.py
[2026-04-28T18:10:20.266+0000] {processor.py:840} INFO - DAG(s) 'example_nested_branch_dag' retrieved from /home/airflow/.local/lib/python3.12/site-packages/airflow/example_dags/example_nested_branch_dag.py
[2026-04-28T18:10:20.284+0000] {logging_mixin.py:188} INFO - [2026-04-28T18:10:20.284+0000] {dag.py:3096} INFO - Sync 1 DAGs
[2026-04-28T18:10:20.302+0000] {logging_mixin.py:188} INFO - [2026-04-28T18:10:20.302+0000] {dag.py:3954} INFO - Setting next_dagrun for example_nested_branch_dag to 2026-04-27 00:00:00+00:00, run_after=2026-04-28 00:00:00+00:00
[2026-04-28T18:10:20.440+0000] {processor.py:183} INFO - Processing /home/airflow/.local/lib/python3.12/site-packages/airflow/example_dags/example_nested_branch_dag.py took 0.189 seconds
[2026-04-28T18:10:50.579+0000] {processor.py:161} INFO - Started process (PID=1245) to work on /home/airflow/.local/lib/python3.12/site-packages/airflow/example_dags/example_nested_branch_dag.py
[2026-04-28T18:10:50.582+0000] {processor.py:830} INFO - Processing file /home/airflow/.local/lib/python3.12/site-packages/airflow/example_dags/example_nested_branch_dag.py for tasks to queue
[2026-04-28T18:10:50.584+0000] {logging_mixin.py:188} INFO - [2026-04-28T18:10:50.583+0000] {dagbag.py:540} INFO - Filling up the DagBag from /home/airflow/.local/lib/python3.12/site-packages/airflow/example_dags/example_nested_branch_dag.py
[2026-04-28T18:10:50.592+0000] {processor.py:840} INFO - DAG(s) 'example_nested_branch_dag' retrieved from /home/airflow/.local/lib/python3.12/site-packages/airflow/example_dags/example_nested_branch_dag.py
[2026-04-28T18:10:50.609+0000] {logging_mixin.py:188} INFO - [2026-04-28T18:10:50.609+0000] {dag.py:3096} INFO - Sync 1 DAGs
[2026-04-28T18:10:50.628+0000] {logging_mixin.py:188} INFO - [2026-04-28T18:10:50.628+0000] {dag.py:3954} INFO - Setting next_dagrun for example_nested_branch_dag to 2026-04-27 00:00:00+00:00, run_after=2026-04-28 00:00:00+00:00
[2026-04-28T18:10:50.642+0000] {processor.py:183} INFO - Processing /home/airflow/.local/lib/python3.12/site-packages/airflow/example_dags/example_nested_branch_dag.py took 0.068 seconds
[2026-04-28T18:11:20.927+0000] {processor.py:161} INFO - Started process (PID=1305) to work on /home/airflow/.local/lib/python3.12/site-packages/airflow/example_dags/example_nested_branch_dag.py
[2026-04-28T18:11:20.928+0000] {processor.py:830} INFO - Processing file /home/airflow/.local/lib/python3.12/site-packages/airflow/example_dags/example_nested_branch_dag.py for tasks to queue
[2026-04-28T18:11:20.929+0000] {logging_mixin.py:188} INFO - [2026-04-28T18:11:20.929+0000] {dagbag.py:540} INFO - Filling up the DagBag from /home/airflow/.local/lib/python3.12/site-packages/airflow/example_dags/example_nested_branch_dag.py
[2026-04-28T18:11:20.937+0000] {processor.py:840} INFO - DAG(s) 'example_nested_branch_dag' retrieved from /home/airflow/.local/lib/python3.12/site-packages/airflow/example_dags/example_nested_branch_dag.py
[2026-04-28T18:11:20.960+0000] {logging_mixin.py:188} INFO - [2026-04-28T18:11:20.960+0000] {dag.py:3096} INFO - Sync 1 DAGs
[2026-04-28T18:11:20.982+0000] {logging_mixin.py:188} INFO - [2026-04-28T18:11:20.981+0000] {dag.py:3954} INFO - Setting next_dagrun for example_nested_branch_dag to 2026-04-27 00:00:00+00:00, run_after=2026-04-28 00:00:00+00:00
[2026-04-28T18:11:20.998+0000] {processor.py:183} INFO - Processing /home/airflow/.local/lib/python3.12/site-packages/airflow/example_dags/example_nested_branch_dag.py took 0.077 seconds
[2026-04-28T18:11:51.608+0000] {processor.py:161} INFO - Started process (PID=1365) to work on /home/airflow/.local/lib/python3.12/site-packages/airflow/example_dags/example_nested_branch_dag.py
[2026-04-28T18:11:51.608+0000] {processor.py:830} INFO - Processing file /home/airflow/.local/lib/python3.12/site-packages/airflow/example_dags/example_nested_branch_dag.py for tasks to queue
[2026-04-28T18:11:51.610+0000] {logging_mixin.py:188} INFO - [2026-04-28T18:11:51.610+0000] {dagbag.py:540} INFO - Filling up the DagBag from /home/airflow/.local/lib/python3.12/site-packages/airflow/example_dags/example_nested_branch_dag.py
[2026-04-28T18:11:51.618+0000] {processor.py:840} INFO - DAG(s) 'example_nested_branch_dag' retrieved from /home/airflow/.local/lib/python3.12/site-packages/airflow/example_dags/example_nested_branch_dag.py
[2026-04-28T18:11:51.636+0000] {logging_mixin.py:188} INFO - [2026-04-28T18:11:51.636+0000] {dag.py:3096} INFO - Sync 1 DAGs
[2026-04-28T18:11:51.657+0000] {logging_mixin.py:188} INFO - [2026-04-28T18:11:51.657+0000] {dag.py:3954} INFO - Setting next_dagrun for example_nested_branch_dag to 2026-04-27 00:00:00+00:00, run_after=2026-04-28 00:00:00+00:00
[2026-04-28T18:11:51.672+0000] {processor.py:183} INFO - Processing /home/airflow/.local/lib/python3.12/site-packages/airflow/example_dags/example_nested_branch_dag.py took 0.069 seconds
[2026-04-28T18:12:22.259+0000] {processor.py:161} INFO - Started process (PID=1425) to work on /home/airflow/.local/lib/python3.12/site-packages/airflow/example_dags/example_nested_branch_dag.py
[2026-04-28T18:12:22.260+0000] {processor.py:830} INFO - Processing file /home/airflow/.local/lib/python3.12/site-packages/airflow/example_dags/example_nested_branch_dag.py for tasks to queue
[2026-04-28T18:12:22.263+0000] {logging_mixin.py:188} INFO - [2026-04-28T18:12:22.263+0000] {dagbag.py:540} INFO - Filling up the DagBag from /home/airflow/.local/lib/python3.12/site-packages/airflow/example_dags/example_nested_branch_dag.py
[2026-04-28T18:12:22.287+0000] {processor.py:840} INFO - DAG(s) 'example_nested_branch_dag' retrieved from /home/airflow/.local/lib/python3.12/site-packages/airflow/example_dags/example_nested_branch_dag.py
[2026-04-28T18:12:22.314+0000] {logging_mixin.py:188} INFO - [2026-04-28T18:12:22.314+0000] {dag.py:3096} INFO - Sync 1 DAGs
[2026-04-28T18:12:22.344+0000] {logging_mixin.py:188} INFO - [2026-04-28T18:12:22.344+0000] {dag.py:3954} INFO - Setting next_dagrun for example_nested_branch_dag to 2026-04-27 00:00:00+00:00, run_after=2026-04-28 00:00:00+00:00
[2026-04-28T18:12:22.366+0000] {processor.py:183} INFO - Processing /home/airflow/.local/lib/python3.12/site-packages/airflow/example_dags/example_nested_branch_dag.py took 0.123 seconds
[2026-04-28T18:12:53.153+0000] {processor.py:161} INFO - Started process (PID=1485) to work on /home/airflow/.local/lib/python3.12/site-packages/airflow/example_dags/example_nested_branch_dag.py
[2026-04-28T18:12:53.153+0000] {processor.py:830} INFO - Processing file /home/airflow/.local/lib/python3.12/site-packages/airflow/example_dags/example_nested_branch_dag.py for tasks to queue
[2026-04-28T18:12:53.155+0000] {logging_mixin.py:188} INFO - [2026-04-28T18:12:53.154+0000] {dagbag.py:540} INFO - Filling up the DagBag from /home/airflow/.local/lib/python3.12/site-packages/airflow/example_dags/example_nested_branch_dag.py
[2026-04-28T18:12:53.163+0000] {processor.py:840} INFO - DAG(s) 'example_nested_branch_dag' retrieved from /home/airflow/.local/lib/python3.12/site-packages/airflow/example_dags/example_nested_branch_dag.py
[2026-04-28T18:12:53.182+0000] {logging_mixin.py:188} INFO - [2026-04-28T18:12:53.181+0000] {dag.py:3096} INFO - Sync 1 DAGs
[2026-04-28T18:12:53.201+0000] {logging_mixin.py:188} INFO - [2026-04-28T18:12:53.200+0000] {dag.py:3954} INFO - Setting next_dagrun for example_nested_branch_dag to 2026-04-27 00:00:00+00:00, run_after=2026-04-28 00:00:00+00:00
[2026-04-28T18:12:53.215+0000] {processor.py:183} INFO - Processing /home/airflow/.local/lib/python3.12/site-packages/airflow/example_dags/example_nested_branch_dag.py took 0.067 seconds
[2026-04-28T18:13:23.768+0000] {processor.py:161} INFO - Started process (PID=1545) to work on /home/airflow/.local/lib/python3.12/site-packages/airflow/example_dags/example_nested_branch_dag.py
[2026-04-28T18:13:23.769+0000] {processor.py:830} INFO - Processing file /home/airflow/.local/lib/python3.12/site-packages/airflow/example_dags/example_nested_branch_dag.py for tasks to queue
[2026-04-28T18:13:23.771+0000] {logging_mixin.py:188} INFO - [2026-04-28T18:13:23.771+0000] {dagbag.py:540} INFO - Filling up the DagBag from /home/airflow/.local/lib/python3.12/site-packages/airflow/example_dags/example_nested_branch_dag.py
[2026-04-28T18:13:23.783+0000] {processor.py:840} INFO - DAG(s) 'example_nested_branch_dag' retrieved from /home/airflow/.local/lib/python3.12/site-packages/airflow/example_dags/example_nested_branch_dag.py
[2026-04-28T18:13:23.811+0000] {logging_mixin.py:188} INFO - [2026-04-28T18:13:23.811+0000] {dag.py:3096} INFO - Sync 1 DAGs
[2026-04-28T18:13:23.842+0000] {logging_mixin.py:188} INFO - [2026-04-28T18:13:23.842+0000] {dag.py:3954} INFO - Setting next_dagrun for example_nested_branch_dag to 2026-04-27 00:00:00+00:00, run_after=2026-04-28 00:00:00+00:00
[2026-04-28T18:13:23.863+0000] {processor.py:183} INFO - Processing /home/airflow/.local/lib/python3.12/site-packages/airflow/example_dags/example_nested_branch_dag.py took 0.101 seconds
[2026-04-28T18:13:54.423+0000] {processor.py:161} INFO - Started process (PID=1605) to work on /home/airflow/.local/lib/python3.12/site-packages/airflow/example_dags/example_nested_branch_dag.py
[2026-04-28T18:13:54.424+0000] {processor.py:830} INFO - Processing file /home/airflow/.local/lib/python3.12/site-packages/airflow/example_dags/example_nested_branch_dag.py for tasks to queue
[2026-04-28T18:13:54.426+0000] {logging_mixin.py:188} INFO - [2026-04-28T18:13:54.426+0000] {dagbag.py:540} INFO - Filling up the DagBag from /home/airflow/.local/lib/python3.12/site-packages/airflow/example_dags/example_nested_branch_dag.py
[2026-04-28T18:13:54.437+0000] {processor.py:840} INFO - DAG(s) 'example_nested_branch_dag' retrieved from /home/airflow/.local/lib/python3.12/site-packages/airflow/example_dags/example_nested_branch_dag.py
[2026-04-28T18:13:54.458+0000] {logging_mixin.py:188} INFO - [2026-04-28T18:13:54.458+0000] {dag.py:3096} INFO - Sync 1 DAGs
[2026-04-28T18:13:54.477+0000] {logging_mixin.py:188} INFO - [2026-04-28T18:13:54.477+0000] {dag.py:3954} INFO - Setting next_dagrun for example_nested_branch_dag to 2026-04-27 00:00:00+00:00, run_after=2026-04-28 00:00:00+00:00
[2026-04-28T18:13:54.492+0000] {processor.py:183} INFO - Processing /home/airflow/.local/lib/python3.12/site-packages/airflow/example_dags/example_nested_branch_dag.py took 0.076 seconds
[2026-04-28T18:14:24.836+0000] {processor.py:161} INFO - Started process (PID=1665) to work on /home/airflow/.local/lib/python3.12/site-packages/airflow/example_dags/example_nested_branch_dag.py
[2026-04-28T18:14:24.839+0000] {processor.py:830} INFO - Processing file /home/airflow/.local/lib/python3.12/site-packages/airflow/example_dags/example_nested_branch_dag.py for tasks to queue
[2026-04-28T18:14:24.845+0000] {logging_mixin.py:188} INFO - [2026-04-28T18:14:24.844+0000] {dagbag.py:540} INFO - Filling up the DagBag from /home/airflow/.local/lib/python3.12/site-packages/airflow/example_dags/example_nested_branch_dag.py
[2026-04-28T18:14:24.871+0000] {processor.py:840} INFO - DAG(s) 'example_nested_branch_dag' retrieved from /home/airflow/.local/lib/python3.12/site-packages/airflow/example_dags/example_nested_branch_dag.py
[2026-04-28T18:14:24.907+0000] {logging_mixin.py:188} INFO - [2026-04-28T18:14:24.907+0000] {dag.py:3096} INFO - Sync 1 DAGs
[2026-04-28T18:14:24.937+0000] {logging_mixin.py:188} INFO - [2026-04-28T18:14:24.937+0000] {dag.py:3954} INFO - Setting next_dagrun for example_nested_branch_dag to 2026-04-27 00:00:00+00:00, run_after=2026-04-28 00:00:00+00:00
[2026-04-28T18:14:24.952+0000] {processor.py:183} INFO - Processing /home/airflow/.local/lib/python3.12/site-packages/airflow/example_dags/example_nested_branch_dag.py took 0.142 seconds
[2026-04-28T18:14:54.985+0000] {processor.py:161} INFO - Started process (PID=1725) to work on /home/airflow/.local/lib/python3.12/site-packages/airflow/example_dags/example_nested_branch_dag.py
[2026-04-28T18:14:54.986+0000] {processor.py:830} INFO - Processing file /home/airflow/.local/lib/python3.12/site-packages/airflow/example_dags/example_nested_branch_dag.py for tasks to queue
[2026-04-28T18:14:54.988+0000] {logging_mixin.py:188} INFO - [2026-04-28T18:14:54.987+0000] {dagbag.py:540} INFO - Filling up the DagBag from /home/airflow/.local/lib/python3.12/site-packages/airflow/example_dags/example_nested_branch_dag.py
[2026-04-28T18:14:54.996+0000] {processor.py:840} INFO - DAG(s) 'example_nested_branch_dag' retrieved from /home/airflow/.local/lib/python3.12/site-packages/airflow/example_dags/example_nested_branch_dag.py
[2026-04-28T18:14:55.014+0000] {logging_mixin.py:188} INFO - [2026-04-28T18:14:55.014+0000] {dag.py:3096} INFO - Sync 1 DAGs
[2026-04-28T18:14:55.033+0000] {logging_mixin.py:188} INFO - [2026-04-28T18:14:55.032+0000] {dag.py:3954} INFO - Setting next_dagrun for example_nested_branch_dag to 2026-04-27 00:00:00+00:00, run_after=2026-04-28 00:00:00+00:00
[2026-04-28T18:14:55.047+0000] {processor.py:183} INFO - Processing /home/airflow/.local/lib/python3.12/site-packages/airflow/example_dags/example_nested_branch_dag.py took 0.068 seconds
[2026-04-28T18:15:25.472+0000] {processor.py:161} INFO - Started process (PID=1785) to work on /home/airflow/.local/lib/python3.12/site-packages/airflow/example_dags/example_nested_branch_dag.py
[2026-04-28T18:15:25.473+0000] {processor.py:830} INFO - Processing file /home/airflow/.local/lib/python3.12/site-packages/airflow/example_dags/example_nested_branch_dag.py for tasks to queue
[2026-04-28T18:15:25.475+0000] {logging_mixin.py:188} INFO - [2026-04-28T18:15:25.474+0000] {dagbag.py:540} INFO - Filling up the DagBag from /home/airflow/.local/lib/python3.12/site-packages/airflow/example_dags/example_nested_branch_dag.py
[2026-04-28T18:15:25.483+0000] {processor.py:840} INFO - DAG(s) 'example_nested_branch_dag' retrieved from /home/airflow/.local/lib/python3.12/site-packages/airflow/example_dags/example_nested_branch_dag.py
[2026-04-28T18:15:25.502+0000] {logging_mixin.py:188} INFO - [2026-04-28T18:15:25.502+0000] {dag.py:3096} INFO - Sync 1 DAGs
[2026-04-28T18:15:25.522+0000] {logging_mixin.py:188} INFO - [2026-04-28T18:15:25.521+0000] {dag.py:3954} INFO - Setting next_dagrun for example_nested_branch_dag to 2026-04-27 00:00:00+00:00, run_after=2026-04-28 00:00:00+00:00
[2026-04-28T18:15:25.550+0000] {processor.py:183} INFO - Processing /home/airflow/.local/lib/python3.12/site-packages/airflow/example_dags/example_nested_branch_dag.py took 0.082 seconds
[2026-04-28T18:15:56.289+0000] {processor.py:161} INFO - Started process (PID=1845) to work on /home/airflow/.local/lib/python3.12/site-packages/airflow/example_dags/example_nested_branch_dag.py
[2026-04-28T18:15:56.290+0000] {processor.py:830} INFO - Processing file /home/airflow/.local/lib/python3.12/site-packages/airflow/example_dags/example_nested_branch_dag.py for tasks to queue
[2026-04-28T18:15:56.291+0000] {logging_mixin.py:188} INFO - [2026-04-28T18:15:56.291+0000] {dagbag.py:540} INFO - Filling up the DagBag from /home/airflow/.local/lib/python3.12/site-packages/airflow/example_dags/example_nested_branch_dag.py
[2026-04-28T18:15:56.300+0000] {processor.py:840} INFO - DAG(s) 'example_nested_branch_dag' retrieved from /home/airflow/.local/lib/python3.12/site-packages/airflow/example_dags/example_nested_branch_dag.py
[2026-04-28T18:15:56.324+0000] {logging_mixin.py:188} INFO - [2026-04-28T18:15:56.324+0000] {dag.py:3096} INFO - Sync 1 DAGs
[2026-04-28T18:15:56.345+0000] {logging_mixin.py:188} INFO - [2026-04-28T18:15:56.345+0000] {dag.py:3954} INFO - Setting next_dagrun for example_nested_branch_dag to 2026-04-27 00:00:00+00:00, run_after=2026-04-28 00:00:00+00:00
[2026-04-28T18:15:56.360+0000] {processor.py:183} INFO - Processing /home/airflow/.local/lib/python3.12/site-packages/airflow/example_dags/example_nested_branch_dag.py took 0.076 seconds
[2026-04-28T18:16:26.729+0000] {processor.py:161} INFO - Started process (PID=1905) to work on /home/airflow/.local/lib/python3.12/site-packages/airflow/example_dags/example_nested_branch_dag.py
[2026-04-28T18:16:26.730+0000] {processor.py:830} INFO - Processing file /home/airflow/.local/lib/python3.12/site-packages/airflow/example_dags/example_nested_branch_dag.py for tasks to queue
[2026-04-28T18:16:26.732+0000] {logging_mixin.py:188} INFO - [2026-04-28T18:16:26.731+0000] {dagbag.py:540} INFO - Filling up the DagBag from /home/airflow/.local/lib/python3.12/site-packages/airflow/example_dags/example_nested_branch_dag.py
[2026-04-28T18:16:26.740+0000] {processor.py:840} INFO - DAG(s) 'example_nested_branch_dag' retrieved from /home/airflow/.local/lib/python3.12/site-packages/airflow/example_dags/example_nested_branch_dag.py
[2026-04-28T18:16:26.758+0000] {logging_mixin.py:188} INFO - [2026-04-28T18:16:26.758+0000] {dag.py:3096} INFO - Sync 1 DAGs
[2026-04-28T18:16:26.777+0000] {logging_mixin.py:188} INFO - [2026-04-28T18:16:26.777+0000] {dag.py:3954} INFO - Setting next_dagrun for example_nested_branch_dag to 2026-04-27 00:00:00+00:00, run_after=2026-04-28 00:00:00+00:00
[2026-04-28T18:16:26.792+0000] {processor.py:183} INFO - Processing /home/airflow/.local/lib/python3.12/site-packages/airflow/example_dags/example_nested_branch_dag.py took 0.067 seconds
[2026-04-28T18:16:57.362+0000] {processor.py:161} INFO - Started process (PID=1965) to work on /home/airflow/.local/lib/python3.12/site-packages/airflow/example_dags/example_nested_branch_dag.py
[2026-04-28T18:16:57.363+0000] {processor.py:830} INFO - Processing file /home/airflow/.local/lib/python3.12/site-packages/airflow/example_dags/example_nested_branch_dag.py for tasks to queue
[2026-04-28T18:16:57.364+0000] {logging_mixin.py:188} INFO - [2026-04-28T18:16:57.364+0000] {dagbag.py:540} INFO - Filling up the DagBag from /home/airflow/.local/lib/python3.12/site-packages/airflow/example_dags/example_nested_branch_dag.py
[2026-04-28T18:16:57.373+0000] {processor.py:840} INFO - DAG(s) 'example_nested_branch_dag' retrieved from /home/airflow/.local/lib/python3.12/site-packages/airflow/example_dags/example_nested_branch_dag.py
[2026-04-28T18:16:57.392+0000] {logging_mixin.py:188} INFO - [2026-04-28T18:16:57.391+0000] {dag.py:3096} INFO - Sync 1 DAGs
[2026-04-28T18:16:57.411+0000] {logging_mixin.py:188} INFO - [2026-04-28T18:16:57.411+0000] {dag.py:3954} INFO - Setting next_dagrun for example_nested_branch_dag to 2026-04-27 00:00:00+00:00, run_after=2026-04-28 00:00:00+00:00
[2026-04-28T18:16:57.426+0000] {processor.py:183} INFO - Processing /home/airflow/.local/lib/python3.12/site-packages/airflow/example_dags/example_nested_branch_dag.py took 0.069 seconds
[2026-04-28T18:17:27.794+0000] {processor.py:161} INFO - Started process (PID=2025) to work on /home/airflow/.local/lib/python3.12/site-packages/airflow/example_dags/example_nested_branch_dag.py
[2026-04-28T18:17:27.794+0000] {processor.py:830} INFO - Processing file /home/airflow/.local/lib/python3.12/site-packages/airflow/example_dags/example_nested_branch_dag.py for tasks to queue
[2026-04-28T18:17:27.796+0000] {logging_mixin.py:188} INFO - [2026-04-28T18:17:27.795+0000] {dagbag.py:540} INFO - Filling up the DagBag from /home/airflow/.local/lib/python3.12/site-packages/airflow/example_dags/example_nested_branch_dag.py
[2026-04-28T18:17:27.804+0000] {processor.py:840} INFO - DAG(s) 'example_nested_branch_dag' retrieved from /home/airflow/.local/lib/python3.12/site-packages/airflow/example_dags/example_nested_branch_dag.py
[2026-04-28T18:17:27.822+0000] {logging_mixin.py:188} INFO - [2026-04-28T18:17:27.822+0000] {dag.py:3096} INFO - Sync 1 DAGs
[2026-04-28T18:17:27.841+0000] {logging_mixin.py:188} INFO - [2026-04-28T18:17:27.841+0000] {dag.py:3954} INFO - Setting next_dagrun for example_nested_branch_dag to 2026-04-27 00:00:00+00:00, run_after=2026-04-28 00:00:00+00:00
[2026-04-28T18:17:27.856+0000] {processor.py:183} INFO - Processing /home/airflow/.local/lib/python3.12/site-packages/airflow/example_dags/example_nested_branch_dag.py took 0.067 seconds
[2026-04-28T18:17:58.441+0000] {processor.py:161} INFO - Started process (PID=2085) to work on /home/airflow/.local/lib/python3.12/site-packages/airflow/example_dags/example_nested_branch_dag.py
[2026-04-28T18:17:58.441+0000] {processor.py:830} INFO - Processing file /home/airflow/.local/lib/python3.12/site-packages/airflow/example_dags/example_nested_branch_dag.py for tasks to queue
[2026-04-28T18:17:58.443+0000] {logging_mixin.py:188} INFO - [2026-04-28T18:17:58.442+0000] {dagbag.py:540} INFO - Filling up the DagBag from /home/airflow/.local/lib/python3.12/site-packages/airflow/example_dags/example_nested_branch_dag.py
[2026-04-28T18:17:58.451+0000] {processor.py:840} INFO - DAG(s) 'example_nested_branch_dag' retrieved from /home/airflow/.local/lib/python3.12/site-packages/airflow/example_dags/example_nested_branch_dag.py
[2026-04-28T18:17:58.469+0000] {logging_mixin.py:188} INFO - [2026-04-28T18:17:58.469+0000] {dag.py:3096} INFO - Sync 1 DAGs
[2026-04-28T18:17:58.488+0000] {logging_mixin.py:188} INFO - [2026-04-28T18:17:58.488+0000] {dag.py:3954} INFO - Setting next_dagrun for example_nested_branch_dag to 2026-04-27 00:00:00+00:00, run_after=2026-04-28 00:00:00+00:00
[2026-04-28T18:17:58.502+0000] {processor.py:183} INFO - Processing /home/airflow/.local/lib/python3.12/site-packages/airflow/example_dags/example_nested_branch_dag.py took 0.066 seconds
[2026-04-28T18:18:28.626+0000] {processor.py:161} INFO - Started process (PID=2145) to work on /home/airflow/.local/lib/python3.12/site-packages/airflow/example_dags/example_nested_branch_dag.py
[2026-04-28T18:18:28.627+0000] {processor.py:830} INFO - Processing file /home/airflow/.local/lib/python3.12/site-packages/airflow/example_dags/example_nested_branch_dag.py for tasks to queue
[2026-04-28T18:18:28.629+0000] {logging_mixin.py:188} INFO - [2026-04-28T18:18:28.628+0000] {dagbag.py:540} INFO - Filling up the DagBag from /home/airflow/.local/lib/python3.12/site-packages/airflow/example_dags/example_nested_branch_dag.py
[2026-04-28T18:18:28.645+0000] {processor.py:840} INFO - DAG(s) 'example_nested_branch_dag' retrieved from /home/airflow/.local/lib/python3.12/site-packages/airflow/example_dags/example_nested_branch_dag.py
[2026-04-28T18:18:28.673+0000] {logging_mixin.py:188} INFO - [2026-04-28T18:18:28.673+0000] {dag.py:3096} INFO - Sync 1 DAGs
[2026-04-28T18:18:28.704+0000] {logging_mixin.py:188} INFO - [2026-04-28T18:18:28.704+0000] {dag.py:3954} INFO - Setting next_dagrun for example_nested_branch_dag to 2026-04-27 00:00:00+00:00, run_after=2026-04-28 00:00:00+00:00
[2026-04-28T18:18:28.725+0000] {processor.py:183} INFO - Processing /home/airflow/.local/lib/python3.12/site-packages/airflow/example_dags/example_nested_branch_dag.py took 0.107 seconds
[2026-04-28T18:18:59.152+0000] {processor.py:161} INFO - Started process (PID=2203) to work on /home/airflow/.local/lib/python3.12/site-packages/airflow/example_dags/example_nested_branch_dag.py
[2026-04-28T18:18:59.153+0000] {processor.py:830} INFO - Processing file /home/airflow/.local/lib/python3.12/site-packages/airflow/example_dags/example_nested_branch_dag.py for tasks to queue
[2026-04-28T18:18:59.155+0000] {logging_mixin.py:188} INFO - [2026-04-28T18:18:59.155+0000] {dagbag.py:540} INFO - Filling up the DagBag from /home/airflow/.local/lib/python3.12/site-packages/airflow/example_dags/example_nested_branch_dag.py
[2026-04-28T18:18:59.167+0000] {processor.py:840} INFO - DAG(s) 'example_nested_branch_dag' retrieved from /home/airflow/.local/lib/python3.12/site-packages/airflow/example_dags/example_nested_branch_dag.py
[2026-04-28T18:18:59.192+0000] {logging_mixin.py:188} INFO - [2026-04-28T18:18:59.191+0000] {dag.py:3096} INFO - Sync 1 DAGs
[2026-04-28T18:18:59.220+0000] {logging_mixin.py:188} INFO - [2026-04-28T18:18:59.220+0000] {dag.py:3954} INFO - Setting next_dagrun for example_nested_branch_dag to 2026-04-27 00:00:00+00:00, run_after=2026-04-28 00:00:00+00:00
[2026-04-28T18:18:59.240+0000] {processor.py:183} INFO - Processing /home/airflow/.local/lib/python3.12/site-packages/airflow/example_dags/example_nested_branch_dag.py took 0.095 seconds
[2026-04-28T18:19:29.821+0000] {processor.py:161} INFO - Started process (PID=2263) to work on /home/airflow/.local/lib/python3.12/site-packages/airflow/example_dags/example_nested_branch_dag.py
[2026-04-28T18:19:29.821+0000] {processor.py:830} INFO - Processing file /home/airflow/.local/lib/python3.12/site-packages/airflow/example_dags/example_nested_branch_dag.py for tasks to queue
[2026-04-28T18:19:29.823+0000] {logging_mixin.py:188} INFO - [2026-04-28T18:19:29.822+0000] {dagbag.py:540} INFO - Filling up the DagBag from /home/airflow/.local/lib/python3.12/site-packages/airflow/example_dags/example_nested_branch_dag.py
[2026-04-28T18:19:29.831+0000] {processor.py:840} INFO - DAG(s) 'example_nested_branch_dag' retrieved from /home/airflow/.local/lib/python3.12/site-packages/airflow/example_dags/example_nested_branch_dag.py
[2026-04-28T18:19:29.849+0000] {logging_mixin.py:188} INFO - [2026-04-28T18:19:29.849+0000] {dag.py:3096} INFO - Sync 1 DAGs
[2026-04-28T18:19:29.868+0000] {logging_mixin.py:188} INFO - [2026-04-28T18:19:29.867+0000] {dag.py:3954} INFO - Setting next_dagrun for example_nested_branch_dag to 2026-04-27 00:00:00+00:00, run_after=2026-04-28 00:00:00+00:00
[2026-04-28T18:19:29.883+0000] {processor.py:183} INFO - Processing /home/airflow/.local/lib/python3.12/site-packages/airflow/example_dags/example_nested_branch_dag.py took 0.067 seconds
[2026-04-28T18:20:00.663+0000] {processor.py:161} INFO - Started process (PID=2323) to work on /home/airflow/.local/lib/python3.12/site-packages/airflow/example_dags/example_nested_branch_dag.py
[2026-04-28T18:20:00.664+0000] {processor.py:830} INFO - Processing file /home/airflow/.local/lib/python3.12/site-packages/airflow/example_dags/example_nested_branch_dag.py for tasks to queue
[2026-04-28T18:20:00.666+0000] {logging_mixin.py:188} INFO - [2026-04-28T18:20:00.666+0000] {dagbag.py:540} INFO - Filling up the DagBag from /home/airflow/.local/lib/python3.12/site-packages/airflow/example_dags/example_nested_branch_dag.py
[2026-04-28T18:20:00.689+0000] {processor.py:840} INFO - DAG(s) 'example_nested_branch_dag' retrieved from /home/airflow/.local/lib/python3.12/site-packages/airflow/example_dags/example_nested_branch_dag.py
[2026-04-28T18:20:00.733+0000] {logging_mixin.py:188} INFO - [2026-04-28T18:20:00.733+0000] {dag.py:3096} INFO - Sync 1 DAGs
[2026-04-28T18:20:00.780+0000] {logging_mixin.py:188} INFO - [2026-04-28T18:20:00.780+0000] {dag.py:3954} INFO - Setting next_dagrun for example_nested_branch_dag to 2026-04-27 00:00:00+00:00, run_after=2026-04-28 00:00:00+00:00
[2026-04-28T18:20:00.800+0000] {processor.py:183} INFO - Processing /home/airflow/.local/lib/python3.12/site-packages/airflow/example_dags/example_nested_branch_dag.py took 0.144 seconds
[2026-04-28T18:20:31.740+0000] {processor.py:161} INFO - Started process (PID=2382) to work on /home/airflow/.local/lib/python3.12/site-packages/airflow/example_dags/example_nested_branch_dag.py
[2026-04-28T18:20:31.741+0000] {processor.py:830} INFO - Processing file /home/airflow/.local/lib/python3.12/site-packages/airflow/example_dags/example_nested_branch_dag.py for tasks to queue
[2026-04-28T18:20:31.743+0000] {logging_mixin.py:188} INFO - [2026-04-28T18:20:31.742+0000] {dagbag.py:540} INFO - Filling up the DagBag from /home/airflow/.local/lib/python3.12/site-packages/airflow/example_dags/example_nested_branch_dag.py
[2026-04-28T18:20:31.756+0000] {processor.py:840} INFO - DAG(s) 'example_nested_branch_dag' retrieved from /home/airflow/.local/lib/python3.12/site-packages/airflow/example_dags/example_nested_branch_dag.py
[2026-04-28T18:20:31.812+0000] {logging_mixin.py:188} INFO - [2026-04-28T18:20:31.812+0000] {dag.py:3096} INFO - Sync 1 DAGs
[2026-04-28T18:20:31.862+0000] {logging_mixin.py:188} INFO - [2026-04-28T18:20:31.860+0000] {dag.py:3954} INFO - Setting next_dagrun for example_nested_branch_dag to 2026-04-27 00:00:00+00:00, run_after=2026-04-28 00:00:00+00:00
[2026-04-28T18:20:31.898+0000] {processor.py:183} INFO - Processing /home/airflow/.local/lib/python3.12/site-packages/airflow/example_dags/example_nested_branch_dag.py took 0.165 seconds
[2026-04-28T18:21:02.793+0000] {processor.py:161} INFO - Started process (PID=2442) to work on /home/airflow/.local/lib/python3.12/site-packages/airflow/example_dags/example_nested_branch_dag.py
[2026-04-28T18:21:02.794+0000] {processor.py:830} INFO - Processing file /home/airflow/.local/lib/python3.12/site-packages/airflow/example_dags/example_nested_branch_dag.py for tasks to queue
[2026-04-28T18:21:02.796+0000] {logging_mixin.py:188} INFO - [2026-04-28T18:21:02.796+0000] {dagbag.py:540} INFO - Filling up the DagBag from /home/airflow/.local/lib/python3.12/site-packages/airflow/example_dags/example_nested_branch_dag.py
[2026-04-28T18:21:02.808+0000] {processor.py:840} INFO - DAG(s) 'example_nested_branch_dag' retrieved from /home/airflow/.local/lib/python3.12/site-packages/airflow/example_dags/example_nested_branch_dag.py
[2026-04-28T18:21:02.835+0000] {logging_mixin.py:188} INFO - [2026-04-28T18:21:02.835+0000] {dag.py:3096} INFO - Sync 1 DAGs
[2026-04-28T18:21:02.869+0000] {logging_mixin.py:188} INFO - [2026-04-28T18:21:02.869+0000] {dag.py:3954} INFO - Setting next_dagrun for example_nested_branch_dag to 2026-04-27 00:00:00+00:00, run_after=2026-04-28 00:00:00+00:00
[2026-04-28T18:21:02.890+0000] {processor.py:183} INFO - Processing /home/airflow/.local/lib/python3.12/site-packages/airflow/example_dags/example_nested_branch_dag.py took 0.104 seconds
[2026-04-28T18:21:33.077+0000] {processor.py:161} INFO - Started process (PID=2502) to work on /home/airflow/.local/lib/python3.12/site-packages/airflow/example_dags/example_nested_branch_dag.py
[2026-04-28T18:21:33.078+0000] {processor.py:830} INFO - Processing file /home/airflow/.local/lib/python3.12/site-packages/airflow/example_dags/example_nested_branch_dag.py for tasks to queue
[2026-04-28T18:21:33.079+0000] {logging_mixin.py:188} INFO - [2026-04-28T18:21:33.079+0000] {dagbag.py:540} INFO - Filling up the DagBag from /home/airflow/.local/lib/python3.12/site-packages/airflow/example_dags/example_nested_branch_dag.py
[2026-04-28T18:21:33.092+0000] {processor.py:840} INFO - DAG(s) 'example_nested_branch_dag' retrieved from /home/airflow/.local/lib/python3.12/site-packages/airflow/example_dags/example_nested_branch_dag.py
[2026-04-28T18:21:33.117+0000] {logging_mixin.py:188} INFO - [2026-04-28T18:21:33.117+0000] {dag.py:3096} INFO - Sync 1 DAGs
[2026-04-28T18:21:33.154+0000] {logging_mixin.py:188} INFO - [2026-04-28T18:21:33.153+0000] {dag.py:3954} INFO - Setting next_dagrun for example_nested_branch_dag to 2026-04-27 00:00:00+00:00, run_after=2026-04-28 00:00:00+00:00
[2026-04-28T18:21:33.179+0000] {processor.py:183} INFO - Processing /home/airflow/.local/lib/python3.12/site-packages/airflow/example_dags/example_nested_branch_dag.py took 0.110 seconds
[2026-04-28T18:22:04.037+0000] {processor.py:161} INFO - Started process (PID=2562) to work on /home/airflow/.local/lib/python3.12/site-packages/airflow/example_dags/example_nested_branch_dag.py
[2026-04-28T18:22:04.038+0000] {processor.py:830} INFO - Processing file /home/airflow/.local/lib/python3.12/site-packages/airflow/example_dags/example_nested_branch_dag.py for tasks to queue
[2026-04-28T18:22:04.040+0000] {logging_mixin.py:188} INFO - [2026-04-28T18:22:04.040+0000] {dagbag.py:540} INFO - Filling up the DagBag from /home/airflow/.local/lib/python3.12/site-packages/airflow/example_dags/example_nested_branch_dag.py
[2026-04-28T18:22:04.053+0000] {processor.py:840} INFO - DAG(s) 'example_nested_branch_dag' retrieved from /home/airflow/.local/lib/python3.12/site-packages/airflow/example_dags/example_nested_branch_dag.py
[2026-04-28T18:22:04.081+0000] {logging_mixin.py:188} INFO - [2026-04-28T18:22:04.080+0000] {dag.py:3096} INFO - Sync 1 DAGs
[2026-04-28T18:22:04.111+0000] {logging_mixin.py:188} INFO - [2026-04-28T18:22:04.111+0000] {dag.py:3954} INFO - Setting next_dagrun for example_nested_branch_dag to 2026-04-27 00:00:00+00:00, run_after=2026-04-28 00:00:00+00:00
[2026-04-28T18:22:04.132+0000] {processor.py:183} INFO - Processing /home/airflow/.local/lib/python3.12/site-packages/airflow/example_dags/example_nested_branch_dag.py took 0.107 seconds
[2026-04-28T18:22:34.746+0000] {processor.py:161} INFO - Started process (PID=2622) to work on /home/airflow/.local/lib/python3.12/site-packages/airflow/example_dags/example_nested_branch_dag.py
[2026-04-28T18:22:34.747+0000] {processor.py:830} INFO - Processing file /home/airflow/.local/lib/python3.12/site-packages/airflow/example_dags/example_nested_branch_dag.py for tasks to queue
[2026-04-28T18:22:34.749+0000] {logging_mixin.py:188} INFO - [2026-04-28T18:22:34.748+0000] {dagbag.py:540} INFO - Filling up the DagBag from /home/airflow/.local/lib/python3.12/site-packages/airflow/example_dags/example_nested_branch_dag.py
[2026-04-28T18:22:34.760+0000] {processor.py:840} INFO - DAG(s) 'example_nested_branch_dag' retrieved from /home/airflow/.local/lib/python3.12/site-packages/airflow/example_dags/example_nested_branch_dag.py
[2026-04-28T18:22:34.788+0000] {logging_mixin.py:188} INFO - [2026-04-28T18:22:34.788+0000] {dag.py:3096} INFO - Sync 1 DAGs
[2026-04-28T18:22:34.817+0000] {logging_mixin.py:188} INFO - [2026-04-28T18:22:34.817+0000] {dag.py:3954} INFO - Setting next_dagrun for example_nested_branch_dag to 2026-04-27 00:00:00+00:00, run_after=2026-04-28 00:00:00+00:00
[2026-04-28T18:22:34.837+0000] {processor.py:183} INFO - Processing /home/airflow/.local/lib/python3.12/site-packages/airflow/example_dags/example_nested_branch_dag.py took 0.098 seconds
[2026-04-28T18:23:05.519+0000] {processor.py:161} INFO - Started process (PID=2682) to work on /home/airflow/.local/lib/python3.12/site-packages/airflow/example_dags/example_nested_branch_dag.py
[2026-04-28T18:23:05.520+0000] {processor.py:830} INFO - Processing file /home/airflow/.local/lib/python3.12/site-packages/airflow/example_dags/example_nested_branch_dag.py for tasks to queue
[2026-04-28T18:23:05.522+0000] {logging_mixin.py:188} INFO - [2026-04-28T18:23:05.521+0000] {dagbag.py:540} INFO - Filling up the DagBag from /home/airflow/.local/lib/python3.12/site-packages/airflow/example_dags/example_nested_branch_dag.py
[2026-04-28T18:23:05.536+0000] {processor.py:840} INFO - DAG(s) 'example_nested_branch_dag' retrieved from /home/airflow/.local/lib/python3.12/site-packages/airflow/example_dags/example_nested_branch_dag.py
[2026-04-28T18:23:05.562+0000] {logging_mixin.py:188} INFO - [2026-04-28T18:23:05.561+0000] {dag.py:3096} INFO - Sync 1 DAGs
[2026-04-28T18:23:05.592+0000] {logging_mixin.py:188} INFO - [2026-04-28T18:23:05.592+0000] {dag.py:3954} INFO - Setting next_dagrun for example_nested_branch_dag to 2026-04-27 00:00:00+00:00, run_after=2026-04-28 00:00:00+00:00
[2026-04-28T18:23:05.612+0000] {processor.py:183} INFO - Processing /home/airflow/.local/lib/python3.12/site-packages/airflow/example_dags/example_nested_branch_dag.py took 0.100 seconds
[2026-04-28T18:23:36.156+0000] {processor.py:161} INFO - Started process (PID=2743) to work on /home/airflow/.local/lib/python3.12/site-packages/airflow/example_dags/example_nested_branch_dag.py
[2026-04-28T18:23:36.157+0000] {processor.py:830} INFO - Processing file /home/airflow/.local/lib/python3.12/site-packages/airflow/example_dags/example_nested_branch_dag.py for tasks to queue
[2026-04-28T18:23:36.159+0000] {logging_mixin.py:188} INFO - [2026-04-28T18:23:36.158+0000] {dagbag.py:540} INFO - Filling up the DagBag from /home/airflow/.local/lib/python3.12/site-packages/airflow/example_dags/example_nested_branch_dag.py
[2026-04-28T18:23:36.171+0000] {processor.py:840} INFO - DAG(s) 'example_nested_branch_dag' retrieved from /home/airflow/.local/lib/python3.12/site-packages/airflow/example_dags/example_nested_branch_dag.py
[2026-04-28T18:23:36.214+0000] {logging_mixin.py:188} INFO - [2026-04-28T18:23:36.213+0000] {dag.py:3096} INFO - Sync 1 DAGs
[2026-04-28T18:23:36.272+0000] {logging_mixin.py:188} INFO - [2026-04-28T18:23:36.271+0000] {dag.py:3954} INFO - Setting next_dagrun for example_nested_branch_dag to 2026-04-27 00:00:00+00:00, run_after=2026-04-28 00:00:00+00:00
[2026-04-28T18:23:36.293+0000] {processor.py:183} INFO - Processing /home/airflow/.local/lib/python3.12/site-packages/airflow/example_dags/example_nested_branch_dag.py took 0.143 seconds
[2026-04-28T18:24:06.593+0000] {processor.py:161} INFO - Started process (PID=2803) to work on /home/airflow/.local/lib/python3.12/site-packages/airflow/example_dags/example_nested_branch_dag.py
[2026-04-28T18:24:06.594+0000] {processor.py:830} INFO - Processing file /home/airflow/.local/lib/python3.12/site-packages/airflow/example_dags/example_nested_branch_dag.py for tasks to queue
[2026-04-28T18:24:06.596+0000] {logging_mixin.py:188} INFO - [2026-04-28T18:24:06.596+0000] {dagbag.py:540} INFO - Filling up the DagBag from /home/airflow/.local/lib/python3.12/site-packages/airflow/example_dags/example_nested_branch_dag.py
[2026-04-28T18:24:06.607+0000] {processor.py:840} INFO - DAG(s) 'example_nested_branch_dag' retrieved from /home/airflow/.local/lib/python3.12/site-packages/airflow/example_dags/example_nested_branch_dag.py
[2026-04-28T18:24:06.633+0000] {logging_mixin.py:188} INFO - [2026-04-28T18:24:06.633+0000] {dag.py:3096} INFO - Sync 1 DAGs
[2026-04-28T18:24:06.664+0000] {logging_mixin.py:188} INFO - [2026-04-28T18:24:06.664+0000] {dag.py:3954} INFO - Setting next_dagrun for example_nested_branch_dag to 2026-04-27 00:00:00+00:00, run_after=2026-04-28 00:00:00+00:00
[2026-04-28T18:24:06.693+0000] {processor.py:183} INFO - Processing /home/airflow/.local/lib/python3.12/site-packages/airflow/example_dags/example_nested_branch_dag.py took 0.107 seconds
[2026-04-28T18:24:37.371+0000] {processor.py:161} INFO - Started process (PID=2863) to work on /home/airflow/.local/lib/python3.12/site-packages/airflow/example_dags/example_nested_branch_dag.py
[2026-04-28T18:24:37.372+0000] {processor.py:830} INFO - Processing file /home/airflow/.local/lib/python3.12/site-packages/airflow/example_dags/example_nested_branch_dag.py for tasks to queue
[2026-04-28T18:24:37.374+0000] {logging_mixin.py:188} INFO - [2026-04-28T18:24:37.374+0000] {dagbag.py:540} INFO - Filling up the DagBag from /home/airflow/.local/lib/python3.12/site-packages/airflow/example_dags/example_nested_branch_dag.py
[2026-04-28T18:24:37.388+0000] {processor.py:840} INFO - DAG(s) 'example_nested_branch_dag' retrieved from /home/airflow/.local/lib/python3.12/site-packages/airflow/example_dags/example_nested_branch_dag.py
[2026-04-28T18:24:37.419+0000] {logging_mixin.py:188} INFO - [2026-04-28T18:24:37.419+0000] {dag.py:3096} INFO - Sync 1 DAGs
[2026-04-28T18:24:37.452+0000] {logging_mixin.py:188} INFO - [2026-04-28T18:24:37.452+0000] {dag.py:3954} INFO - Setting next_dagrun for example_nested_branch_dag to 2026-04-27 00:00:00+00:00, run_after=2026-04-28 00:00:00+00:00
[2026-04-28T18:24:37.497+0000] {processor.py:183} INFO - Processing /home/airflow/.local/lib/python3.12/site-packages/airflow/example_dags/example_nested_branch_dag.py took 0.135 seconds
[2026-04-28T18:25:07.851+0000] {processor.py:161} INFO - Started process (PID=2923) to work on /home/airflow/.local/lib/python3.12/site-packages/airflow/example_dags/example_nested_branch_dag.py
[2026-04-28T18:25:07.851+0000] {processor.py:830} INFO - Processing file /home/airflow/.local/lib/python3.12/site-packages/airflow/example_dags/example_nested_branch_dag.py for tasks to queue
[2026-04-28T18:25:07.854+0000] {logging_mixin.py:188} INFO - [2026-04-28T18:25:07.853+0000] {dagbag.py:540} INFO - Filling up the DagBag from /home/airflow/.local/lib/python3.12/site-packages/airflow/example_dags/example_nested_branch_dag.py
[2026-04-28T18:25:07.879+0000] {processor.py:840} INFO - DAG(s) 'example_nested_branch_dag' retrieved from /home/airflow/.local/lib/python3.12/site-packages/airflow/example_dags/example_nested_branch_dag.py
[2026-04-28T18:25:07.907+0000] {logging_mixin.py:188} INFO - [2026-04-28T18:25:07.907+0000] {dag.py:3096} INFO - Sync 1 DAGs
[2026-04-28T18:25:07.974+0000] {logging_mixin.py:188} INFO - [2026-04-28T18:25:07.974+0000] {dag.py:3954} INFO - Setting next_dagrun for example_nested_branch_dag to 2026-04-27 00:00:00+00:00, run_after=2026-04-28 00:00:00+00:00
[2026-04-28T18:25:07.995+0000] {processor.py:183} INFO - Processing /home/airflow/.local/lib/python3.12/site-packages/airflow/example_dags/example_nested_branch_dag.py took 0.153 seconds
[2026-04-28T18:25:38.749+0000] {processor.py:161} INFO - Started process (PID=2983) to work on /home/airflow/.local/lib/python3.12/site-packages/airflow/example_dags/example_nested_branch_dag.py
[2026-04-28T18:25:38.750+0000] {processor.py:830} INFO - Processing file /home/airflow/.local/lib/python3.12/site-packages/airflow/example_dags/example_nested_branch_dag.py for tasks to queue
[2026-04-28T18:25:38.752+0000] {logging_mixin.py:188} INFO - [2026-04-28T18:25:38.752+0000] {dagbag.py:540} INFO - Filling up the DagBag from /home/airflow/.local/lib/python3.12/site-packages/airflow/example_dags/example_nested_branch_dag.py
[2026-04-28T18:25:38.771+0000] {processor.py:840} INFO - DAG(s) 'example_nested_branch_dag' retrieved from /home/airflow/.local/lib/python3.12/site-packages/airflow/example_dags/example_nested_branch_dag.py
[2026-04-28T18:25:38.842+0000] {logging_mixin.py:188} INFO - [2026-04-28T18:25:38.842+0000] {dag.py:3096} INFO - Sync 1 DAGs
[2026-04-28T18:25:38.878+0000] {logging_mixin.py:188} INFO - [2026-04-28T18:25:38.877+0000] {dag.py:3954} INFO - Setting next_dagrun for example_nested_branch_dag to 2026-04-27 00:00:00+00:00, run_after=2026-04-28 00:00:00+00:00
[2026-04-28T18:25:38.906+0000] {processor.py:183} INFO - Processing /home/airflow/.local/lib/python3.12/site-packages/airflow/example_dags/example_nested_branch_dag.py took 0.164 seconds
[2026-04-28T18:26:08.962+0000] {processor.py:161} INFO - Started process (PID=3042) to work on /home/airflow/.local/lib/python3.12/site-packages/airflow/example_dags/example_nested_branch_dag.py
[2026-04-28T18:26:08.963+0000] {processor.py:830} INFO - Processing file /home/airflow/.local/lib/python3.12/site-packages/airflow/example_dags/example_nested_branch_dag.py for tasks to queue
[2026-04-28T18:26:08.966+0000] {logging_mixin.py:188} INFO - [2026-04-28T18:26:08.965+0000] {dagbag.py:540} INFO - Filling up the DagBag from /home/airflow/.local/lib/python3.12/site-packages/airflow/example_dags/example_nested_branch_dag.py
[2026-04-28T18:26:08.987+0000] {processor.py:840} INFO - DAG(s) 'example_nested_branch_dag' retrieved from /home/airflow/.local/lib/python3.12/site-packages/airflow/example_dags/example_nested_branch_dag.py
[2026-04-28T18:26:09.021+0000] {logging_mixin.py:188} INFO - [2026-04-28T18:26:09.020+0000] {dag.py:3096} INFO - Sync 1 DAGs
[2026-04-28T18:26:09.069+0000] {logging_mixin.py:188} INFO - [2026-04-28T18:26:09.068+0000] {dag.py:3954} INFO - Setting next_dagrun for example_nested_branch_dag to 2026-04-27 00:00:00+00:00, run_after=2026-04-28 00:00:00+00:00
[2026-04-28T18:26:09.089+0000] {processor.py:183} INFO - Processing /home/airflow/.local/lib/python3.12/site-packages/airflow/example_dags/example_nested_branch_dag.py took 0.139 seconds
[2026-04-28T18:26:39.900+0000] {processor.py:161} INFO - Started process (PID=3102) to work on /home/airflow/.local/lib/python3.12/site-packages/airflow/example_dags/example_nested_branch_dag.py
[2026-04-28T18:26:39.906+0000] {processor.py:830} INFO - Processing file /home/airflow/.local/lib/python3.12/site-packages/airflow/example_dags/example_nested_branch_dag.py for tasks to queue
[2026-04-28T18:26:39.922+0000] {logging_mixin.py:188} INFO - [2026-04-28T18:26:39.922+0000] {dagbag.py:540} INFO - Filling up the DagBag from /home/airflow/.local/lib/python3.12/site-packages/airflow/example_dags/example_nested_branch_dag.py
[2026-04-28T18:26:39.995+0000] {processor.py:840} INFO - DAG(s) 'example_nested_branch_dag' retrieved from /home/airflow/.local/lib/python3.12/site-packages/airflow/example_dags/example_nested_branch_dag.py
[2026-04-28T18:26:40.077+0000] {logging_mixin.py:188} INFO - [2026-04-28T18:26:40.077+0000] {dag.py:3096} INFO - Sync 1 DAGs
[2026-04-28T18:26:40.161+0000] {logging_mixin.py:188} INFO - [2026-04-28T18:26:40.161+0000] {dag.py:3954} INFO - Setting next_dagrun for example_nested_branch_dag to 2026-04-27 00:00:00+00:00, run_after=2026-04-28 00:00:00+00:00
[2026-04-28T18:26:40.192+0000] {processor.py:183} INFO - Processing /home/airflow/.local/lib/python3.12/site-packages/airflow/example_dags/example_nested_branch_dag.py took 0.316 seconds
[2026-04-28T18:27:10.679+0000] {processor.py:161} INFO - Started process (PID=3162) to work on /home/airflow/.local/lib/python3.12/site-packages/airflow/example_dags/example_nested_branch_dag.py
[2026-04-28T18:27:10.688+0000] {processor.py:830} INFO - Processing file /home/airflow/.local/lib/python3.12/site-packages/airflow/example_dags/example_nested_branch_dag.py for tasks to queue
[2026-04-28T18:27:10.709+0000] {logging_mixin.py:188} INFO - [2026-04-28T18:27:10.697+0000] {dagbag.py:540} INFO - Filling up the DagBag from /home/airflow/.local/lib/python3.12/site-packages/airflow/example_dags/example_nested_branch_dag.py
[2026-04-28T18:27:10.739+0000] {processor.py:840} INFO - DAG(s) 'example_nested_branch_dag' retrieved from /home/airflow/.local/lib/python3.12/site-packages/airflow/example_dags/example_nested_branch_dag.py
[2026-04-28T18:27:10.824+0000] {logging_mixin.py:188} INFO - [2026-04-28T18:27:10.823+0000] {dag.py:3096} INFO - Sync 1 DAGs
[2026-04-28T18:27:10.873+0000] {logging_mixin.py:188} INFO - [2026-04-28T18:27:10.873+0000] {dag.py:3954} INFO - Setting next_dagrun for example_nested_branch_dag to 2026-04-27 00:00:00+00:00, run_after=2026-04-28 00:00:00+00:00
[2026-04-28T18:27:10.955+0000] {processor.py:183} INFO - Processing /home/airflow/.local/lib/python3.12/site-packages/airflow/example_dags/example_nested_branch_dag.py took 0.300 seconds
[2026-04-28T18:27:41.027+0000] {processor.py:161} INFO - Started process (PID=3221) to work on /home/airflow/.local/lib/python3.12/site-packages/airflow/example_dags/example_nested_branch_dag.py
[2026-04-28T18:27:41.028+0000] {processor.py:830} INFO - Processing file /home/airflow/.local/lib/python3.12/site-packages/airflow/example_dags/example_nested_branch_dag.py for tasks to queue
[2026-04-28T18:27:41.029+0000] {logging_mixin.py:188} INFO - [2026-04-28T18:27:41.029+0000] {dagbag.py:540} INFO - Filling up the DagBag from /home/airflow/.local/lib/python3.12/site-packages/airflow/example_dags/example_nested_branch_dag.py
[2026-04-28T18:27:41.039+0000] {processor.py:840} INFO - DAG(s) 'example_nested_branch_dag' retrieved from /home/airflow/.local/lib/python3.12/site-packages/airflow/example_dags/example_nested_branch_dag.py
[2026-04-28T18:27:41.062+0000] {logging_mixin.py:188} INFO - [2026-04-28T18:27:41.062+0000] {dag.py:3096} INFO - Sync 1 DAGs
[2026-04-28T18:27:41.081+0000] {logging_mixin.py:188} INFO - [2026-04-28T18:27:41.081+0000] {dag.py:3954} INFO - Setting next_dagrun for example_nested_branch_dag to 2026-04-27 00:00:00+00:00, run_after=2026-04-28 00:00:00+00:00
[2026-04-28T18:27:41.097+0000] {processor.py:183} INFO - Processing /home/airflow/.local/lib/python3.12/site-packages/airflow/example_dags/example_nested_branch_dag.py took 0.076 seconds
[2026-04-28T18:28:11.405+0000] {processor.py:161} INFO - Started process (PID=3282) to work on /home/airflow/.local/lib/python3.12/site-packages/airflow/example_dags/example_nested_branch_dag.py
[2026-04-28T18:28:11.405+0000] {processor.py:830} INFO - Processing file /home/airflow/.local/lib/python3.12/site-packages/airflow/example_dags/example_nested_branch_dag.py for tasks to queue
[2026-04-28T18:28:11.407+0000] {logging_mixin.py:188} INFO - [2026-04-28T18:28:11.407+0000] {dagbag.py:540} INFO - Filling up the DagBag from /home/airflow/.local/lib/python3.12/site-packages/airflow/example_dags/example_nested_branch_dag.py
[2026-04-28T18:28:11.419+0000] {processor.py:840} INFO - DAG(s) 'example_nested_branch_dag' retrieved from /home/airflow/.local/lib/python3.12/site-packages/airflow/example_dags/example_nested_branch_dag.py
[2026-04-28T18:28:11.445+0000] {logging_mixin.py:188} INFO - [2026-04-28T18:28:11.445+0000] {dag.py:3096} INFO - Sync 1 DAGs
[2026-04-28T18:28:11.474+0000] {logging_mixin.py:188} INFO - [2026-04-28T18:28:11.474+0000] {dag.py:3954} INFO - Setting next_dagrun for example_nested_branch_dag to 2026-04-27 00:00:00+00:00, run_after=2026-04-28 00:00:00+00:00
[2026-04-28T18:28:11.494+0000] {processor.py:183} INFO - Processing /home/airflow/.local/lib/python3.12/site-packages/airflow/example_dags/example_nested_branch_dag.py took 0.100 seconds
[2026-04-28T18:28:41.786+0000] {processor.py:161} INFO - Started process (PID=3342) to work on /home/airflow/.local/lib/python3.12/site-packages/airflow/example_dags/example_nested_branch_dag.py
[2026-04-28T18:28:41.787+0000] {processor.py:830} INFO - Processing file /home/airflow/.local/lib/python3.12/site-packages/airflow/example_dags/example_nested_branch_dag.py for tasks to queue
[2026-04-28T18:28:41.789+0000] {logging_mixin.py:188} INFO - [2026-04-28T18:28:41.789+0000] {dagbag.py:540} INFO - Filling up the DagBag from /home/airflow/.local/lib/python3.12/site-packages/airflow/example_dags/example_nested_branch_dag.py
[2026-04-28T18:28:41.801+0000] {processor.py:840} INFO - DAG(s) 'example_nested_branch_dag' retrieved from /home/airflow/.local/lib/python3.12/site-packages/airflow/example_dags/example_nested_branch_dag.py
[2026-04-28T18:28:41.826+0000] {logging_mixin.py:188} INFO - [2026-04-28T18:28:41.826+0000] {dag.py:3096} INFO - Sync 1 DAGs
[2026-04-28T18:28:41.858+0000] {logging_mixin.py:188} INFO - [2026-04-28T18:28:41.858+0000] {dag.py:3954} INFO - Setting next_dagrun for example_nested_branch_dag to 2026-04-27 00:00:00+00:00, run_after=2026-04-28 00:00:00+00:00
[2026-04-28T18:28:41.880+0000] {processor.py:183} INFO - Processing /home/airflow/.local/lib/python3.12/site-packages/airflow/example_dags/example_nested_branch_dag.py took 0.101 seconds
[2026-04-28T18:29:12.069+0000] {processor.py:161} INFO - Started process (PID=3403) to work on /home/airflow/.local/lib/python3.12/site-packages/airflow/example_dags/example_nested_branch_dag.py
[2026-04-28T18:29:12.069+0000] {processor.py:830} INFO - Processing file /home/airflow/.local/lib/python3.12/site-packages/airflow/example_dags/example_nested_branch_dag.py for tasks to queue
[2026-04-28T18:29:12.071+0000] {logging_mixin.py:188} INFO - [2026-04-28T18:29:12.071+0000] {dagbag.py:540} INFO - Filling up the DagBag from /home/airflow/.local/lib/python3.12/site-packages/airflow/example_dags/example_nested_branch_dag.py
[2026-04-28T18:29:12.086+0000] {processor.py:840} INFO - DAG(s) 'example_nested_branch_dag' retrieved from /home/airflow/.local/lib/python3.12/site-packages/airflow/example_dags/example_nested_branch_dag.py
[2026-04-28T18:29:12.112+0000] {logging_mixin.py:188} INFO - [2026-04-28T18:29:12.112+0000] {dag.py:3096} INFO - Sync 1 DAGs
[2026-04-28T18:29:12.145+0000] {logging_mixin.py:188} INFO - [2026-04-28T18:29:12.145+0000] {dag.py:3954} INFO - Setting next_dagrun for example_nested_branch_dag to 2026-04-27 00:00:00+00:00, run_after=2026-04-28 00:00:00+00:00
[2026-04-28T18:29:12.171+0000] {processor.py:183} INFO - Processing /home/airflow/.local/lib/python3.12/site-packages/airflow/example_dags/example_nested_branch_dag.py took 0.109 seconds
[2026-04-28T18:29:42.629+0000] {processor.py:161} INFO - Started process (PID=3463) to work on /home/airflow/.local/lib/python3.12/site-packages/airflow/example_dags/example_nested_branch_dag.py
[2026-04-28T18:29:42.630+0000] {processor.py:830} INFO - Processing file /home/airflow/.local/lib/python3.12/site-packages/airflow/example_dags/example_nested_branch_dag.py for tasks to queue
[2026-04-28T18:29:42.632+0000] {logging_mixin.py:188} INFO - [2026-04-28T18:29:42.632+0000] {dagbag.py:540} INFO - Filling up the DagBag from /home/airflow/.local/lib/python3.12/site-packages/airflow/example_dags/example_nested_branch_dag.py
[2026-04-28T18:29:42.644+0000] {processor.py:840} INFO - DAG(s) 'example_nested_branch_dag' retrieved from /home/airflow/.local/lib/python3.12/site-packages/airflow/example_dags/example_nested_branch_dag.py
[2026-04-28T18:29:42.670+0000] {logging_mixin.py:188} INFO - [2026-04-28T18:29:42.669+0000] {dag.py:3096} INFO - Sync 1 DAGs
[2026-04-28T18:29:42.730+0000] {logging_mixin.py:188} INFO - [2026-04-28T18:29:42.730+0000] {dag.py:3954} INFO - Setting next_dagrun for example_nested_branch_dag to 2026-04-27 00:00:00+00:00, run_after=2026-04-28 00:00:00+00:00
[2026-04-28T18:29:42.759+0000] {processor.py:183} INFO - Processing /home/airflow/.local/lib/python3.12/site-packages/airflow/example_dags/example_nested_branch_dag.py took 0.136 seconds
[2026-04-28T18:30:13.588+0000] {processor.py:161} INFO - Started process (PID=3523) to work on /home/airflow/.local/lib/python3.12/site-packages/airflow/example_dags/example_nested_branch_dag.py
[2026-04-28T18:30:13.592+0000] {processor.py:830} INFO - Processing file /home/airflow/.local/lib/python3.12/site-packages/airflow/example_dags/example_nested_branch_dag.py for tasks to queue
[2026-04-28T18:30:13.597+0000] {logging_mixin.py:188} INFO - [2026-04-28T18:30:13.597+0000] {dagbag.py:540} INFO - Filling up the DagBag from /home/airflow/.local/lib/python3.12/site-packages/airflow/example_dags/example_nested_branch_dag.py
[2026-04-28T18:30:13.638+0000] {processor.py:840} INFO - DAG(s) 'example_nested_branch_dag' retrieved from /home/airflow/.local/lib/python3.12/site-packages/airflow/example_dags/example_nested_branch_dag.py
[2026-04-28T18:30:13.692+0000] {logging_mixin.py:188} INFO - [2026-04-28T18:30:13.692+0000] {dag.py:3096} INFO - Sync 1 DAGs
[2026-04-28T18:30:13.746+0000] {logging_mixin.py:188} INFO - [2026-04-28T18:30:13.746+0000] {dag.py:3954} INFO - Setting next_dagrun for example_nested_branch_dag to 2026-04-27 00:00:00+00:00, run_after=2026-04-28 00:00:00+00:00
[2026-04-28T18:30:13.770+0000] {processor.py:183} INFO - Processing /home/airflow/.local/lib/python3.12/site-packages/airflow/example_dags/example_nested_branch_dag.py took 0.206 seconds
[2026-04-28T18:30:43.908+0000] {processor.py:161} INFO - Started process (PID=3583) to work on /home/airflow/.local/lib/python3.12/site-packages/airflow/example_dags/example_nested_branch_dag.py
[2026-04-28T18:30:43.909+0000] {processor.py:830} INFO - Processing file /home/airflow/.local/lib/python3.12/site-packages/airflow/example_dags/example_nested_branch_dag.py for tasks to queue
[2026-04-28T18:30:43.911+0000] {logging_mixin.py:188} INFO - [2026-04-28T18:30:43.911+0000] {dagbag.py:540} INFO - Filling up the DagBag from /home/airflow/.local/lib/python3.12/site-packages/airflow/example_dags/example_nested_branch_dag.py
[2026-04-28T18:30:43.924+0000] {processor.py:840} INFO - DAG(s) 'example_nested_branch_dag' retrieved from /home/airflow/.local/lib/python3.12/site-packages/airflow/example_dags/example_nested_branch_dag.py
[2026-04-28T18:30:43.949+0000] {logging_mixin.py:188} INFO - [2026-04-28T18:30:43.949+0000] {dag.py:3096} INFO - Sync 1 DAGs
[2026-04-28T18:30:43.979+0000] {logging_mixin.py:188} INFO - [2026-04-28T18:30:43.978+0000] {dag.py:3954} INFO - Setting next_dagrun for example_nested_branch_dag to 2026-04-27 00:00:00+00:00, run_after=2026-04-28 00:00:00+00:00
[2026-04-28T18:30:43.998+0000] {processor.py:183} INFO - Processing /home/airflow/.local/lib/python3.12/site-packages/airflow/example_dags/example_nested_branch_dag.py took 0.099 seconds
[2026-04-28T18:31:14.495+0000] {processor.py:161} INFO - Started process (PID=3643) to work on /home/airflow/.local/lib/python3.12/site-packages/airflow/example_dags/example_nested_branch_dag.py
[2026-04-28T18:31:14.496+0000] {processor.py:830} INFO - Processing file /home/airflow/.local/lib/python3.12/site-packages/airflow/example_dags/example_nested_branch_dag.py for tasks to queue
[2026-04-28T18:31:14.498+0000] {logging_mixin.py:188} INFO - [2026-04-28T18:31:14.498+0000] {dagbag.py:540} INFO - Filling up the DagBag from /home/airflow/.local/lib/python3.12/site-packages/airflow/example_dags/example_nested_branch_dag.py
[2026-04-28T18:31:14.514+0000] {processor.py:840} INFO - DAG(s) 'example_nested_branch_dag' retrieved from /home/airflow/.local/lib/python3.12/site-packages/airflow/example_dags/example_nested_branch_dag.py
[2026-04-28T18:31:14.541+0000] {logging_mixin.py:188} INFO - [2026-04-28T18:31:14.541+0000] {dag.py:3096} INFO - Sync 1 DAGs
[2026-04-28T18:31:14.571+0000] {logging_mixin.py:188} INFO - [2026-04-28T18:31:14.571+0000] {dag.py:3954} INFO - Setting next_dagrun for example_nested_branch_dag to 2026-04-27 00:00:00+00:00, run_after=2026-04-28 00:00:00+00:00
[2026-04-28T18:31:14.590+0000] {processor.py:183} INFO - Processing /home/airflow/.local/lib/python3.12/site-packages/airflow/example_dags/example_nested_branch_dag.py took 0.102 seconds
[2026-04-28T18:31:45.498+0000] {processor.py:161} INFO - Started process (PID=3702) to work on /home/airflow/.local/lib/python3.12/site-packages/airflow/example_dags/example_nested_branch_dag.py
[2026-04-28T18:31:45.499+0000] {processor.py:830} INFO - Processing file /home/airflow/.local/lib/python3.12/site-packages/airflow/example_dags/example_nested_branch_dag.py for tasks to queue
[2026-04-28T18:31:45.501+0000] {logging_mixin.py:188} INFO - [2026-04-28T18:31:45.501+0000] {dagbag.py:540} INFO - Filling up the DagBag from /home/airflow/.local/lib/python3.12/site-packages/airflow/example_dags/example_nested_branch_dag.py
[2026-04-28T18:31:45.513+0000] {processor.py:840} INFO - DAG(s) 'example_nested_branch_dag' retrieved from /home/airflow/.local/lib/python3.12/site-packages/airflow/example_dags/example_nested_branch_dag.py
[2026-04-28T18:31:45.538+0000] {logging_mixin.py:188} INFO - [2026-04-28T18:31:45.538+0000] {dag.py:3096} INFO - Sync 1 DAGs
[2026-04-28T18:31:45.572+0000] {logging_mixin.py:188} INFO - [2026-04-28T18:31:45.572+0000] {dag.py:3954} INFO - Setting next_dagrun for example_nested_branch_dag to 2026-04-27 00:00:00+00:00, run_after=2026-04-28 00:00:00+00:00
[2026-04-28T18:31:45.591+0000] {processor.py:183} INFO - Processing /home/airflow/.local/lib/python3.12/site-packages/airflow/example_dags/example_nested_branch_dag.py took 0.102 seconds
[2026-04-28T18:32:16.378+0000] {processor.py:161} INFO - Started process (PID=3762) to work on /home/airflow/.local/lib/python3.12/site-packages/airflow/example_dags/example_nested_branch_dag.py
[2026-04-28T18:32:16.379+0000] {processor.py:830} INFO - Processing file /home/airflow/.local/lib/python3.12/site-packages/airflow/example_dags/example_nested_branch_dag.py for tasks to queue
[2026-04-28T18:32:16.381+0000] {logging_mixin.py:188} INFO - [2026-04-28T18:32:16.381+0000] {dagbag.py:540} INFO - Filling up the DagBag from /home/airflow/.local/lib/python3.12/site-packages/airflow/example_dags/example_nested_branch_dag.py
[2026-04-28T18:32:16.393+0000] {processor.py:840} INFO - DAG(s) 'example_nested_branch_dag' retrieved from /home/airflow/.local/lib/python3.12/site-packages/airflow/example_dags/example_nested_branch_dag.py
[2026-04-28T18:32:16.435+0000] {logging_mixin.py:188} INFO - [2026-04-28T18:32:16.434+0000] {dag.py:3096} INFO - Sync 1 DAGs
[2026-04-28T18:32:16.465+0000] {logging_mixin.py:188} INFO - [2026-04-28T18:32:16.465+0000] {dag.py:3954} INFO - Setting next_dagrun for example_nested_branch_dag to 2026-04-27 00:00:00+00:00, run_after=2026-04-28 00:00:00+00:00
[2026-04-28T18:32:16.485+0000] {processor.py:183} INFO - Processing /home/airflow/.local/lib/python3.12/site-packages/airflow/example_dags/example_nested_branch_dag.py took 0.116 seconds
[2026-04-28T18:32:47.239+0000] {processor.py:161} INFO - Started process (PID=3822) to work on /home/airflow/.local/lib/python3.12/site-packages/airflow/example_dags/example_nested_branch_dag.py
[2026-04-28T18:32:47.240+0000] {processor.py:830} INFO - Processing file /home/airflow/.local/lib/python3.12/site-packages/airflow/example_dags/example_nested_branch_dag.py for tasks to queue
[2026-04-28T18:32:47.244+0000] {logging_mixin.py:188} INFO - [2026-04-28T18:32:47.244+0000] {dagbag.py:540} INFO - Filling up the DagBag from /home/airflow/.local/lib/python3.12/site-packages/airflow/example_dags/example_nested_branch_dag.py
[2026-04-28T18:32:47.278+0000] {processor.py:840} INFO - DAG(s) 'example_nested_branch_dag' retrieved from /home/airflow/.local/lib/python3.12/site-packages/airflow/example_dags/example_nested_branch_dag.py
[2026-04-28T18:32:47.343+0000] {logging_mixin.py:188} INFO - [2026-04-28T18:32:47.343+0000] {dag.py:3096} INFO - Sync 1 DAGs
[2026-04-28T18:32:47.410+0000] {logging_mixin.py:188} INFO - [2026-04-28T18:32:47.409+0000] {dag.py:3954} INFO - Setting next_dagrun for example_nested_branch_dag to 2026-04-27 00:00:00+00:00, run_after=2026-04-28 00:00:00+00:00
[2026-04-28T18:32:47.635+0000] {processor.py:183} INFO - Processing /home/airflow/.local/lib/python3.12/site-packages/airflow/example_dags/example_nested_branch_dag.py took 0.402 seconds
[2026-04-28T18:33:18.573+0000] {processor.py:161} INFO - Started process (PID=3883) to work on /home/airflow/.local/lib/python3.12/site-packages/airflow/example_dags/example_nested_branch_dag.py
[2026-04-28T18:33:18.583+0000] {processor.py:830} INFO - Processing file /home/airflow/.local/lib/python3.12/site-packages/airflow/example_dags/example_nested_branch_dag.py for tasks to queue
[2026-04-28T18:33:18.595+0000] {logging_mixin.py:188} INFO - [2026-04-28T18:33:18.595+0000] {dagbag.py:540} INFO - Filling up the DagBag from /home/airflow/.local/lib/python3.12/site-packages/airflow/example_dags/example_nested_branch_dag.py
[2026-04-28T18:33:18.635+0000] {processor.py:840} INFO - DAG(s) 'example_nested_branch_dag' retrieved from /home/airflow/.local/lib/python3.12/site-packages/airflow/example_dags/example_nested_branch_dag.py
[2026-04-28T18:33:18.692+0000] {logging_mixin.py:188} INFO - [2026-04-28T18:33:18.692+0000] {dag.py:3096} INFO - Sync 1 DAGs
[2026-04-28T18:33:18.783+0000] {logging_mixin.py:188} INFO - [2026-04-28T18:33:18.783+0000] {dag.py:3954} INFO - Setting next_dagrun for example_nested_branch_dag to 2026-04-27 00:00:00+00:00, run_after=2026-04-28 00:00:00+00:00
[2026-04-28T18:33:18.832+0000] {processor.py:183} INFO - Processing /home/airflow/.local/lib/python3.12/site-packages/airflow/example_dags/example_nested_branch_dag.py took 0.281 seconds
[2026-04-28T18:33:49.128+0000] {processor.py:161} INFO - Started process (PID=3943) to work on /home/airflow/.local/lib/python3.12/site-packages/airflow/example_dags/example_nested_branch_dag.py
[2026-04-28T18:33:49.129+0000] {processor.py:830} INFO - Processing file /home/airflow/.local/lib/python3.12/site-packages/airflow/example_dags/example_nested_branch_dag.py for tasks to queue
[2026-04-28T18:33:49.131+0000] {logging_mixin.py:188} INFO - [2026-04-28T18:33:49.130+0000] {dagbag.py:540} INFO - Filling up the DagBag from /home/airflow/.local/lib/python3.12/site-packages/airflow/example_dags/example_nested_branch_dag.py
[2026-04-28T18:33:49.143+0000] {processor.py:840} INFO - DAG(s) 'example_nested_branch_dag' retrieved from /home/airflow/.local/lib/python3.12/site-packages/airflow/example_dags/example_nested_branch_dag.py
[2026-04-28T18:33:49.169+0000] {logging_mixin.py:188} INFO - [2026-04-28T18:33:49.169+0000] {dag.py:3096} INFO - Sync 1 DAGs
[2026-04-28T18:33:49.202+0000] {logging_mixin.py:188} INFO - [2026-04-28T18:33:49.202+0000] {dag.py:3954} INFO - Setting next_dagrun for example_nested_branch_dag to 2026-04-27 00:00:00+00:00, run_after=2026-04-28 00:00:00+00:00
[2026-04-28T18:33:49.226+0000] {processor.py:183} INFO - Processing /home/airflow/.local/lib/python3.12/site-packages/airflow/example_dags/example_nested_branch_dag.py took 0.105 seconds
[2026-04-28T18:34:19.478+0000] {processor.py:161} INFO - Started process (PID=4003) to work on /home/airflow/.local/lib/python3.12/site-packages/airflow/example_dags/example_nested_branch_dag.py
[2026-04-28T18:34:19.479+0000] {processor.py:830} INFO - Processing file /home/airflow/.local/lib/python3.12/site-packages/airflow/example_dags/example_nested_branch_dag.py for tasks to queue
[2026-04-28T18:34:19.481+0000] {logging_mixin.py:188} INFO - [2026-04-28T18:34:19.481+0000] {dagbag.py:540} INFO - Filling up the DagBag from /home/airflow/.local/lib/python3.12/site-packages/airflow/example_dags/example_nested_branch_dag.py
[2026-04-28T18:34:19.497+0000] {processor.py:840} INFO - DAG(s) 'example_nested_branch_dag' retrieved from /home/airflow/.local/lib/python3.12/site-packages/airflow/example_dags/example_nested_branch_dag.py
[2026-04-28T18:34:19.537+0000] {logging_mixin.py:188} INFO - [2026-04-28T18:34:19.536+0000] {dag.py:3096} INFO - Sync 1 DAGs
[2026-04-28T18:34:19.571+0000] {logging_mixin.py:188} INFO - [2026-04-28T18:34:19.570+0000] {dag.py:3954} INFO - Setting next_dagrun for example_nested_branch_dag to 2026-04-27 00:00:00+00:00, run_after=2026-04-28 00:00:00+00:00
[2026-04-28T18:34:19.591+0000] {processor.py:183} INFO - Processing /home/airflow/.local/lib/python3.12/site-packages/airflow/example_dags/example_nested_branch_dag.py took 0.120 seconds
[2026-04-28T18:34:49.927+0000] {processor.py:161} INFO - Started process (PID=4063) to work on /home/airflow/.local/lib/python3.12/site-packages/airflow/example_dags/example_nested_branch_dag.py
[2026-04-28T18:34:49.930+0000] {processor.py:830} INFO - Processing file /home/airflow/.local/lib/python3.12/site-packages/airflow/example_dags/example_nested_branch_dag.py for tasks to queue
[2026-04-28T18:34:49.932+0000] {logging_mixin.py:188} INFO - [2026-04-28T18:34:49.931+0000] {dagbag.py:540} INFO - Filling up the DagBag from /home/airflow/.local/lib/python3.12/site-packages/airflow/example_dags/example_nested_branch_dag.py
[2026-04-28T18:34:49.945+0000] {processor.py:840} INFO - DAG(s) 'example_nested_branch_dag' retrieved from /home/airflow/.local/lib/python3.12/site-packages/airflow/example_dags/example_nested_branch_dag.py
[2026-04-28T18:34:49.972+0000] {logging_mixin.py:188} INFO - [2026-04-28T18:34:49.971+0000] {dag.py:3096} INFO - Sync 1 DAGs
[2026-04-28T18:34:50.005+0000] {logging_mixin.py:188} INFO - [2026-04-28T18:34:50.005+0000] {dag.py:3954} INFO - Setting next_dagrun for example_nested_branch_dag to 2026-04-27 00:00:00+00:00, run_after=2026-04-28 00:00:00+00:00
[2026-04-28T18:34:50.031+0000] {processor.py:183} INFO - Processing /home/airflow/.local/lib/python3.12/site-packages/airflow/example_dags/example_nested_branch_dag.py took 0.111 seconds
[2026-04-28T18:35:20.551+0000] {processor.py:161} INFO - Started process (PID=4123) to work on /home/airflow/.local/lib/python3.12/site-packages/airflow/example_dags/example_nested_branch_dag.py
[2026-04-28T18:35:20.552+0000] {processor.py:830} INFO - Processing file /home/airflow/.local/lib/python3.12/site-packages/airflow/example_dags/example_nested_branch_dag.py for tasks to queue
[2026-04-28T18:35:20.554+0000] {logging_mixin.py:188} INFO - [2026-04-28T18:35:20.554+0000] {dagbag.py:540} INFO - Filling up the DagBag from /home/airflow/.local/lib/python3.12/site-packages/airflow/example_dags/example_nested_branch_dag.py
[2026-04-28T18:35:20.566+0000] {processor.py:840} INFO - DAG(s) 'example_nested_branch_dag' retrieved from /home/airflow/.local/lib/python3.12/site-packages/airflow/example_dags/example_nested_branch_dag.py
[2026-04-28T18:35:20.597+0000] {logging_mixin.py:188} INFO - [2026-04-28T18:35:20.597+0000] {dag.py:3096} INFO - Sync 1 DAGs
[2026-04-28T18:35:20.680+0000] {logging_mixin.py:188} INFO - [2026-04-28T18:35:20.677+0000] {dag.py:3954} INFO - Setting next_dagrun for example_nested_branch_dag to 2026-04-27 00:00:00+00:00, run_after=2026-04-28 00:00:00+00:00
[2026-04-28T18:35:20.739+0000] {processor.py:183} INFO - Processing /home/airflow/.local/lib/python3.12/site-packages/airflow/example_dags/example_nested_branch_dag.py took 0.195 seconds
[2026-04-28T19:05:33.996+0000] {processor.py:161} INFO - Started process (PID=98) to work on /home/airflow/.local/lib/python3.12/site-packages/airflow/example_dags/example_nested_branch_dag.py
[2026-04-28T19:05:34.047+0000] {processor.py:830} INFO - Processing file /home/airflow/.local/lib/python3.12/site-packages/airflow/example_dags/example_nested_branch_dag.py for tasks to queue
[2026-04-28T19:05:34.056+0000] {logging_mixin.py:188} INFO - [2026-04-28T19:05:34.056+0000] {dagbag.py:540} INFO - Filling up the DagBag from /home/airflow/.local/lib/python3.12/site-packages/airflow/example_dags/example_nested_branch_dag.py
[2026-04-28T19:05:34.085+0000] {processor.py:840} INFO - DAG(s) 'example_nested_branch_dag' retrieved from /home/airflow/.local/lib/python3.12/site-packages/airflow/example_dags/example_nested_branch_dag.py
[2026-04-28T19:05:34.161+0000] {logging_mixin.py:188} INFO - [2026-04-28T19:05:34.161+0000] {dag.py:3096} INFO - Sync 1 DAGs
[2026-04-28T19:05:34.203+0000] {logging_mixin.py:188} INFO - [2026-04-28T19:05:34.203+0000] {dag.py:3954} INFO - Setting next_dagrun for example_nested_branch_dag to 2026-04-27 00:00:00+00:00, run_after=2026-04-28 00:00:00+00:00
[2026-04-28T19:05:34.255+0000] {processor.py:183} INFO - Processing /home/airflow/.local/lib/python3.12/site-packages/airflow/example_dags/example_nested_branch_dag.py took 0.284 seconds
[2026-04-28T19:06:05.114+0000] {processor.py:161} INFO - Started process (PID=158) to work on /home/airflow/.local/lib/python3.12/site-packages/airflow/example_dags/example_nested_branch_dag.py
[2026-04-28T19:06:05.117+0000] {processor.py:830} INFO - Processing file /home/airflow/.local/lib/python3.12/site-packages/airflow/example_dags/example_nested_branch_dag.py for tasks to queue
[2026-04-28T19:06:05.124+0000] {logging_mixin.py:188} INFO - [2026-04-28T19:06:05.124+0000] {dagbag.py:540} INFO - Filling up the DagBag from /home/airflow/.local/lib/python3.12/site-packages/airflow/example_dags/example_nested_branch_dag.py
[2026-04-28T19:06:05.174+0000] {processor.py:840} INFO - DAG(s) 'example_nested_branch_dag' retrieved from /home/airflow/.local/lib/python3.12/site-packages/airflow/example_dags/example_nested_branch_dag.py
[2026-04-28T19:06:05.244+0000] {logging_mixin.py:188} INFO - [2026-04-28T19:06:05.244+0000] {dag.py:3096} INFO - Sync 1 DAGs
[2026-04-28T19:06:05.402+0000] {logging_mixin.py:188} INFO - [2026-04-28T19:06:05.401+0000] {dag.py:3954} INFO - Setting next_dagrun for example_nested_branch_dag to 2026-04-27 00:00:00+00:00, run_after=2026-04-28 00:00:00+00:00
[2026-04-28T19:06:05.488+0000] {processor.py:183} INFO - Processing /home/airflow/.local/lib/python3.12/site-packages/airflow/example_dags/example_nested_branch_dag.py took 0.407 seconds
[2026-04-28T19:06:35.749+0000] {processor.py:161} INFO - Started process (PID=218) to work on /home/airflow/.local/lib/python3.12/site-packages/airflow/example_dags/example_nested_branch_dag.py
[2026-04-28T19:06:35.750+0000] {processor.py:830} INFO - Processing file /home/airflow/.local/lib/python3.12/site-packages/airflow/example_dags/example_nested_branch_dag.py for tasks to queue
[2026-04-28T19:06:35.752+0000] {logging_mixin.py:188} INFO - [2026-04-28T19:06:35.751+0000] {dagbag.py:540} INFO - Filling up the DagBag from /home/airflow/.local/lib/python3.12/site-packages/airflow/example_dags/example_nested_branch_dag.py
[2026-04-28T19:06:35.764+0000] {processor.py:840} INFO - DAG(s) 'example_nested_branch_dag' retrieved from /home/airflow/.local/lib/python3.12/site-packages/airflow/example_dags/example_nested_branch_dag.py
[2026-04-28T19:06:35.790+0000] {logging_mixin.py:188} INFO - [2026-04-28T19:06:35.789+0000] {dag.py:3096} INFO - Sync 1 DAGs
[2026-04-28T19:06:35.816+0000] {logging_mixin.py:188} INFO - [2026-04-28T19:06:35.815+0000] {dag.py:3954} INFO - Setting next_dagrun for example_nested_branch_dag to 2026-04-27 00:00:00+00:00, run_after=2026-04-28 00:00:00+00:00
[2026-04-28T19:06:35.835+0000] {processor.py:183} INFO - Processing /home/airflow/.local/lib/python3.12/site-packages/airflow/example_dags/example_nested_branch_dag.py took 0.093 seconds
[2026-04-28T19:07:06.758+0000] {processor.py:161} INFO - Started process (PID=278) to work on /home/airflow/.local/lib/python3.12/site-packages/airflow/example_dags/example_nested_branch_dag.py
[2026-04-28T19:07:06.759+0000] {processor.py:830} INFO - Processing file /home/airflow/.local/lib/python3.12/site-packages/airflow/example_dags/example_nested_branch_dag.py for tasks to queue
[2026-04-28T19:07:06.761+0000] {logging_mixin.py:188} INFO - [2026-04-28T19:07:06.761+0000] {dagbag.py:540} INFO - Filling up the DagBag from /home/airflow/.local/lib/python3.12/site-packages/airflow/example_dags/example_nested_branch_dag.py
[2026-04-28T19:07:06.773+0000] {processor.py:840} INFO - DAG(s) 'example_nested_branch_dag' retrieved from /home/airflow/.local/lib/python3.12/site-packages/airflow/example_dags/example_nested_branch_dag.py
[2026-04-28T19:07:06.797+0000] {logging_mixin.py:188} INFO - [2026-04-28T19:07:06.796+0000] {dag.py:3096} INFO - Sync 1 DAGs
[2026-04-28T19:07:06.824+0000] {logging_mixin.py:188} INFO - [2026-04-28T19:07:06.823+0000] {dag.py:3954} INFO - Setting next_dagrun for example_nested_branch_dag to 2026-04-27 00:00:00+00:00, run_after=2026-04-28 00:00:00+00:00
[2026-04-28T19:07:06.842+0000] {processor.py:183} INFO - Processing /home/airflow/.local/lib/python3.12/site-packages/airflow/example_dags/example_nested_branch_dag.py took 0.091 seconds
[2026-04-28T19:07:37.348+0000] {processor.py:161} INFO - Started process (PID=338) to work on /home/airflow/.local/lib/python3.12/site-packages/airflow/example_dags/example_nested_branch_dag.py
[2026-04-28T19:07:37.349+0000] {processor.py:830} INFO - Processing file /home/airflow/.local/lib/python3.12/site-packages/airflow/example_dags/example_nested_branch_dag.py for tasks to queue
[2026-04-28T19:07:37.351+0000] {logging_mixin.py:188} INFO - [2026-04-28T19:07:37.351+0000] {dagbag.py:540} INFO - Filling up the DagBag from /home/airflow/.local/lib/python3.12/site-packages/airflow/example_dags/example_nested_branch_dag.py
[2026-04-28T19:07:37.363+0000] {processor.py:840} INFO - DAG(s) 'example_nested_branch_dag' retrieved from /home/airflow/.local/lib/python3.12/site-packages/airflow/example_dags/example_nested_branch_dag.py
[2026-04-28T19:07:37.388+0000] {logging_mixin.py:188} INFO - [2026-04-28T19:07:37.388+0000] {dag.py:3096} INFO - Sync 1 DAGs
[2026-04-28T19:07:37.416+0000] {logging_mixin.py:188} INFO - [2026-04-28T19:07:37.415+0000] {dag.py:3954} INFO - Setting next_dagrun for example_nested_branch_dag to 2026-04-27 00:00:00+00:00, run_after=2026-04-28 00:00:00+00:00
[2026-04-28T19:07:37.434+0000] {processor.py:183} INFO - Processing /home/airflow/.local/lib/python3.12/site-packages/airflow/example_dags/example_nested_branch_dag.py took 0.093 seconds
[2026-04-28T19:08:07.785+0000] {processor.py:161} INFO - Started process (PID=397) to work on /home/airflow/.local/lib/python3.12/site-packages/airflow/example_dags/example_nested_branch_dag.py
[2026-04-28T19:08:07.786+0000] {processor.py:830} INFO - Processing file /home/airflow/.local/lib/python3.12/site-packages/airflow/example_dags/example_nested_branch_dag.py for tasks to queue
[2026-04-28T19:08:07.788+0000] {logging_mixin.py:188} INFO - [2026-04-28T19:08:07.788+0000] {dagbag.py:540} INFO - Filling up the DagBag from /home/airflow/.local/lib/python3.12/site-packages/airflow/example_dags/example_nested_branch_dag.py
[2026-04-28T19:08:07.810+0000] {processor.py:840} INFO - DAG(s) 'example_nested_branch_dag' retrieved from /home/airflow/.local/lib/python3.12/site-packages/airflow/example_dags/example_nested_branch_dag.py
[2026-04-28T19:08:07.940+0000] {logging_mixin.py:188} INFO - [2026-04-28T19:08:07.936+0000] {dag.py:3096} INFO - Sync 1 DAGs
[2026-04-28T19:08:08.005+0000] {logging_mixin.py:188} INFO - [2026-04-28T19:08:08.005+0000] {dag.py:3954} INFO - Setting next_dagrun for example_nested_branch_dag to 2026-04-27 00:00:00+00:00, run_after=2026-04-28 00:00:00+00:00
[2026-04-28T19:08:08.026+0000] {processor.py:183} INFO - Processing /home/airflow/.local/lib/python3.12/site-packages/airflow/example_dags/example_nested_branch_dag.py took 0.249 seconds
[2026-04-28T19:08:38.255+0000] {processor.py:161} INFO - Started process (PID=457) to work on /home/airflow/.local/lib/python3.12/site-packages/airflow/example_dags/example_nested_branch_dag.py
[2026-04-28T19:08:38.256+0000] {processor.py:830} INFO - Processing file /home/airflow/.local/lib/python3.12/site-packages/airflow/example_dags/example_nested_branch_dag.py for tasks to queue
[2026-04-28T19:08:38.257+0000] {logging_mixin.py:188} INFO - [2026-04-28T19:08:38.257+0000] {dagbag.py:540} INFO - Filling up the DagBag from /home/airflow/.local/lib/python3.12/site-packages/airflow/example_dags/example_nested_branch_dag.py
[2026-04-28T19:08:38.269+0000] {processor.py:840} INFO - DAG(s) 'example_nested_branch_dag' retrieved from /home/airflow/.local/lib/python3.12/site-packages/airflow/example_dags/example_nested_branch_dag.py
[2026-04-28T19:08:38.294+0000] {logging_mixin.py:188} INFO - [2026-04-28T19:08:38.294+0000] {dag.py:3096} INFO - Sync 1 DAGs
[2026-04-28T19:08:38.321+0000] {logging_mixin.py:188} INFO - [2026-04-28T19:08:38.320+0000] {dag.py:3954} INFO - Setting next_dagrun for example_nested_branch_dag to 2026-04-27 00:00:00+00:00, run_after=2026-04-28 00:00:00+00:00
[2026-04-28T19:08:38.339+0000] {processor.py:183} INFO - Processing /home/airflow/.local/lib/python3.12/site-packages/airflow/example_dags/example_nested_branch_dag.py took 0.092 seconds
[2026-04-28T19:09:08.631+0000] {processor.py:161} INFO - Started process (PID=517) to work on /home/airflow/.local/lib/python3.12/site-packages/airflow/example_dags/example_nested_branch_dag.py
[2026-04-28T19:09:08.632+0000] {processor.py:830} INFO - Processing file /home/airflow/.local/lib/python3.12/site-packages/airflow/example_dags/example_nested_branch_dag.py for tasks to queue
[2026-04-28T19:09:08.634+0000] {logging_mixin.py:188} INFO - [2026-04-28T19:09:08.634+0000] {dagbag.py:540} INFO - Filling up the DagBag from /home/airflow/.local/lib/python3.12/site-packages/airflow/example_dags/example_nested_branch_dag.py
[2026-04-28T19:09:08.645+0000] {processor.py:840} INFO - DAG(s) 'example_nested_branch_dag' retrieved from /home/airflow/.local/lib/python3.12/site-packages/airflow/example_dags/example_nested_branch_dag.py
[2026-04-28T19:09:08.670+0000] {logging_mixin.py:188} INFO - [2026-04-28T19:09:08.670+0000] {dag.py:3096} INFO - Sync 1 DAGs
[2026-04-28T19:09:08.697+0000] {logging_mixin.py:188} INFO - [2026-04-28T19:09:08.697+0000] {dag.py:3954} INFO - Setting next_dagrun for example_nested_branch_dag to 2026-04-27 00:00:00+00:00, run_after=2026-04-28 00:00:00+00:00
[2026-04-28T19:09:08.716+0000] {processor.py:183} INFO - Processing /home/airflow/.local/lib/python3.12/site-packages/airflow/example_dags/example_nested_branch_dag.py took 0.091 seconds
[2026-04-28T19:09:39.550+0000] {processor.py:161} INFO - Started process (PID=577) to work on /home/airflow/.local/lib/python3.12/site-packages/airflow/example_dags/example_nested_branch_dag.py
[2026-04-28T19:09:39.555+0000] {processor.py:830} INFO - Processing file /home/airflow/.local/lib/python3.12/site-packages/airflow/example_dags/example_nested_branch_dag.py for tasks to queue
[2026-04-28T19:09:39.560+0000] {logging_mixin.py:188} INFO - [2026-04-28T19:09:39.559+0000] {dagbag.py:540} INFO - Filling up the DagBag from /home/airflow/.local/lib/python3.12/site-packages/airflow/example_dags/example_nested_branch_dag.py
[2026-04-28T19:09:39.591+0000] {processor.py:840} INFO - DAG(s) 'example_nested_branch_dag' retrieved from /home/airflow/.local/lib/python3.12/site-packages/airflow/example_dags/example_nested_branch_dag.py
[2026-04-28T19:09:39.649+0000] {logging_mixin.py:188} INFO - [2026-04-28T19:09:39.648+0000] {dag.py:3096} INFO - Sync 1 DAGs
[2026-04-28T19:09:39.700+0000] {logging_mixin.py:188} INFO - [2026-04-28T19:09:39.700+0000] {dag.py:3954} INFO - Setting next_dagrun for example_nested_branch_dag to 2026-04-27 00:00:00+00:00, run_after=2026-04-28 00:00:00+00:00
[2026-04-28T19:09:39.843+0000] {processor.py:183} INFO - Processing /home/airflow/.local/lib/python3.12/site-packages/airflow/example_dags/example_nested_branch_dag.py took 0.315 seconds
[2026-04-28T19:10:12.860+0000] {processor.py:161} INFO - Started process (PID=637) to work on /home/airflow/.local/lib/python3.12/site-packages/airflow/example_dags/example_nested_branch_dag.py
[2026-04-28T19:10:12.865+0000] {processor.py:830} INFO - Processing file /home/airflow/.local/lib/python3.12/site-packages/airflow/example_dags/example_nested_branch_dag.py for tasks to queue
[2026-04-28T19:10:12.870+0000] {logging_mixin.py:188} INFO - [2026-04-28T19:10:12.869+0000] {dagbag.py:540} INFO - Filling up the DagBag from /home/airflow/.local/lib/python3.12/site-packages/airflow/example_dags/example_nested_branch_dag.py
[2026-04-28T19:10:12.909+0000] {processor.py:840} INFO - DAG(s) 'example_nested_branch_dag' retrieved from /home/airflow/.local/lib/python3.12/site-packages/airflow/example_dags/example_nested_branch_dag.py
[2026-04-28T19:10:13.005+0000] {logging_mixin.py:188} INFO - [2026-04-28T19:10:13.003+0000] {dag.py:3096} INFO - Sync 1 DAGs
[2026-04-28T19:10:13.112+0000] {logging_mixin.py:188} INFO - [2026-04-28T19:10:13.111+0000] {dag.py:3954} INFO - Setting next_dagrun for example_nested_branch_dag to 2026-04-27 00:00:00+00:00, run_after=2026-04-28 00:00:00+00:00
[2026-04-28T19:10:13.257+0000] {processor.py:183} INFO - Processing /home/airflow/.local/lib/python3.12/site-packages/airflow/example_dags/example_nested_branch_dag.py took 0.418 seconds
[2026-04-28T19:10:43.704+0000] {processor.py:161} INFO - Started process (PID=697) to work on /home/airflow/.local/lib/python3.12/site-packages/airflow/example_dags/example_nested_branch_dag.py
[2026-04-28T19:10:43.705+0000] {processor.py:830} INFO - Processing file /home/airflow/.local/lib/python3.12/site-packages/airflow/example_dags/example_nested_branch_dag.py for tasks to queue
[2026-04-28T19:10:43.707+0000] {logging_mixin.py:188} INFO - [2026-04-28T19:10:43.706+0000] {dagbag.py:540} INFO - Filling up the DagBag from /home/airflow/.local/lib/python3.12/site-packages/airflow/example_dags/example_nested_branch_dag.py
[2026-04-28T19:10:43.719+0000] {processor.py:840} INFO - DAG(s) 'example_nested_branch_dag' retrieved from /home/airflow/.local/lib/python3.12/site-packages/airflow/example_dags/example_nested_branch_dag.py
[2026-04-28T19:10:43.745+0000] {logging_mixin.py:188} INFO - [2026-04-28T19:10:43.744+0000] {dag.py:3096} INFO - Sync 1 DAGs
[2026-04-28T19:10:43.772+0000] {logging_mixin.py:188} INFO - [2026-04-28T19:10:43.772+0000] {dag.py:3954} INFO - Setting next_dagrun for example_nested_branch_dag to 2026-04-27 00:00:00+00:00, run_after=2026-04-28 00:00:00+00:00
[2026-04-28T19:10:43.793+0000] {processor.py:183} INFO - Processing /home/airflow/.local/lib/python3.12/site-packages/airflow/example_dags/example_nested_branch_dag.py took 0.097 seconds
[2026-04-28T19:11:14.899+0000] {processor.py:161} INFO - Started process (PID=757) to work on /home/airflow/.local/lib/python3.12/site-packages/airflow/example_dags/example_nested_branch_dag.py
[2026-04-28T19:11:14.901+0000] {processor.py:830} INFO - Processing file /home/airflow/.local/lib/python3.12/site-packages/airflow/example_dags/example_nested_branch_dag.py for tasks to queue
[2026-04-28T19:11:14.910+0000] {logging_mixin.py:188} INFO - [2026-04-28T19:11:14.909+0000] {dagbag.py:540} INFO - Filling up the DagBag from /home/airflow/.local/lib/python3.12/site-packages/airflow/example_dags/example_nested_branch_dag.py
[2026-04-28T19:11:14.975+0000] {processor.py:840} INFO - DAG(s) 'example_nested_branch_dag' retrieved from /home/airflow/.local/lib/python3.12/site-packages/airflow/example_dags/example_nested_branch_dag.py
[2026-04-28T19:11:15.041+0000] {logging_mixin.py:188} INFO - [2026-04-28T19:11:15.041+0000] {dag.py:3096} INFO - Sync 1 DAGs
[2026-04-28T19:11:15.092+0000] {logging_mixin.py:188} INFO - [2026-04-28T19:11:15.092+0000] {dag.py:3954} INFO - Setting next_dagrun for example_nested_branch_dag to 2026-04-27 00:00:00+00:00, run_after=2026-04-28 00:00:00+00:00
[2026-04-28T19:11:15.125+0000] {processor.py:183} INFO - Processing /home/airflow/.local/lib/python3.12/site-packages/airflow/example_dags/example_nested_branch_dag.py took 0.259 seconds
[2026-04-28T19:11:45.539+0000] {processor.py:161} INFO - Started process (PID=817) to work on /home/airflow/.local/lib/python3.12/site-packages/airflow/example_dags/example_nested_branch_dag.py
[2026-04-28T19:11:45.540+0000] {processor.py:830} INFO - Processing file /home/airflow/.local/lib/python3.12/site-packages/airflow/example_dags/example_nested_branch_dag.py for tasks to queue
[2026-04-28T19:11:45.542+0000] {logging_mixin.py:188} INFO - [2026-04-28T19:11:45.542+0000] {dagbag.py:540} INFO - Filling up the DagBag from /home/airflow/.local/lib/python3.12/site-packages/airflow/example_dags/example_nested_branch_dag.py
[2026-04-28T19:11:45.554+0000] {processor.py:840} INFO - DAG(s) 'example_nested_branch_dag' retrieved from /home/airflow/.local/lib/python3.12/site-packages/airflow/example_dags/example_nested_branch_dag.py
[2026-04-28T19:11:45.592+0000] {logging_mixin.py:188} INFO - [2026-04-28T19:11:45.592+0000] {dag.py:3096} INFO - Sync 1 DAGs
[2026-04-28T19:11:45.619+0000] {logging_mixin.py:188} INFO - [2026-04-28T19:11:45.619+0000] {dag.py:3954} INFO - Setting next_dagrun for example_nested_branch_dag to 2026-04-27 00:00:00+00:00, run_after=2026-04-28 00:00:00+00:00
[2026-04-28T19:11:45.638+0000] {processor.py:183} INFO - Processing /home/airflow/.local/lib/python3.12/site-packages/airflow/example_dags/example_nested_branch_dag.py took 0.106 seconds
[2026-04-28T19:12:15.924+0000] {processor.py:161} INFO - Started process (PID=877) to work on /home/airflow/.local/lib/python3.12/site-packages/airflow/example_dags/example_nested_branch_dag.py
[2026-04-28T19:12:15.925+0000] {processor.py:830} INFO - Processing file /home/airflow/.local/lib/python3.12/site-packages/airflow/example_dags/example_nested_branch_dag.py for tasks to queue
[2026-04-28T19:12:15.930+0000] {logging_mixin.py:188} INFO - [2026-04-28T19:12:15.930+0000] {dagbag.py:540} INFO - Filling up the DagBag from /home/airflow/.local/lib/python3.12/site-packages/airflow/example_dags/example_nested_branch_dag.py
[2026-04-28T19:12:15.966+0000] {processor.py:840} INFO - DAG(s) 'example_nested_branch_dag' retrieved from /home/airflow/.local/lib/python3.12/site-packages/airflow/example_dags/example_nested_branch_dag.py
[2026-04-28T19:12:16.037+0000] {logging_mixin.py:188} INFO - [2026-04-28T19:12:16.037+0000] {dag.py:3096} INFO - Sync 1 DAGs
[2026-04-28T19:12:16.065+0000] {logging_mixin.py:188} INFO - [2026-04-28T19:12:16.065+0000] {dag.py:3954} INFO - Setting next_dagrun for example_nested_branch_dag to 2026-04-27 00:00:00+00:00, run_after=2026-04-28 00:00:00+00:00
[2026-04-28T19:12:16.087+0000] {processor.py:183} INFO - Processing /home/airflow/.local/lib/python3.12/site-packages/airflow/example_dags/example_nested_branch_dag.py took 0.179 seconds
[2026-04-28T19:12:47.006+0000] {processor.py:161} INFO - Started process (PID=937) to work on /home/airflow/.local/lib/python3.12/site-packages/airflow/example_dags/example_nested_branch_dag.py
[2026-04-28T19:12:47.007+0000] {processor.py:830} INFO - Processing file /home/airflow/.local/lib/python3.12/site-packages/airflow/example_dags/example_nested_branch_dag.py for tasks to queue
[2026-04-28T19:12:47.009+0000] {logging_mixin.py:188} INFO - [2026-04-28T19:12:47.009+0000] {dagbag.py:540} INFO - Filling up the DagBag from /home/airflow/.local/lib/python3.12/site-packages/airflow/example_dags/example_nested_branch_dag.py
[2026-04-28T19:12:47.020+0000] {processor.py:840} INFO - DAG(s) 'example_nested_branch_dag' retrieved from /home/airflow/.local/lib/python3.12/site-packages/airflow/example_dags/example_nested_branch_dag.py
[2026-04-28T19:12:47.046+0000] {logging_mixin.py:188} INFO - [2026-04-28T19:12:47.046+0000] {dag.py:3096} INFO - Sync 1 DAGs
[2026-04-28T19:12:47.076+0000] {logging_mixin.py:188} INFO - [2026-04-28T19:12:47.076+0000] {dag.py:3954} INFO - Setting next_dagrun for example_nested_branch_dag to 2026-04-27 00:00:00+00:00, run_after=2026-04-28 00:00:00+00:00
[2026-04-28T19:12:47.103+0000] {processor.py:183} INFO - Processing /home/airflow/.local/lib/python3.12/site-packages/airflow/example_dags/example_nested_branch_dag.py took 0.105 seconds
[2026-04-28T19:38:46.518+0000] {processor.py:161} INFO - Started process (PID=201) to work on /home/airflow/.local/lib/python3.12/site-packages/airflow/example_dags/example_nested_branch_dag.py
[2026-04-28T19:38:46.524+0000] {processor.py:830} INFO - Processing file /home/airflow/.local/lib/python3.12/site-packages/airflow/example_dags/example_nested_branch_dag.py for tasks to queue
[2026-04-28T19:38:46.527+0000] {logging_mixin.py:188} INFO - [2026-04-28T19:38:46.526+0000] {dagbag.py:540} INFO - Filling up the DagBag from /home/airflow/.local/lib/python3.12/site-packages/airflow/example_dags/example_nested_branch_dag.py
[2026-04-28T19:38:46.556+0000] {processor.py:840} INFO - DAG(s) 'example_nested_branch_dag' retrieved from /home/airflow/.local/lib/python3.12/site-packages/airflow/example_dags/example_nested_branch_dag.py
[2026-04-28T19:38:46.932+0000] {logging_mixin.py:188} INFO - [2026-04-28T19:38:46.932+0000] {dag.py:3096} INFO - Sync 1 DAGs
[2026-04-28T19:38:47.010+0000] {logging_mixin.py:188} INFO - [2026-04-28T19:38:47.010+0000] {dag.py:3954} INFO - Setting next_dagrun for example_nested_branch_dag to 2026-04-27 00:00:00+00:00, run_after=2026-04-28 00:00:00+00:00
[2026-04-28T19:38:47.373+0000] {processor.py:183} INFO - Processing /home/airflow/.local/lib/python3.12/site-packages/airflow/example_dags/example_nested_branch_dag.py took 0.862 seconds
[2026-04-28T19:39:19.686+0000] {processor.py:161} INFO - Started process (PID=260) to work on /home/airflow/.local/lib/python3.12/site-packages/airflow/example_dags/example_nested_branch_dag.py
[2026-04-28T19:39:19.695+0000] {processor.py:830} INFO - Processing file /home/airflow/.local/lib/python3.12/site-packages/airflow/example_dags/example_nested_branch_dag.py for tasks to queue
[2026-04-28T19:39:19.710+0000] {logging_mixin.py:188} INFO - [2026-04-28T19:39:19.710+0000] {dagbag.py:540} INFO - Filling up the DagBag from /home/airflow/.local/lib/python3.12/site-packages/airflow/example_dags/example_nested_branch_dag.py
[2026-04-28T19:39:19.787+0000] {processor.py:840} INFO - DAG(s) 'example_nested_branch_dag' retrieved from /home/airflow/.local/lib/python3.12/site-packages/airflow/example_dags/example_nested_branch_dag.py
[2026-04-28T19:39:19.909+0000] {logging_mixin.py:188} INFO - [2026-04-28T19:39:19.909+0000] {dag.py:3096} INFO - Sync 1 DAGs
[2026-04-28T19:39:20.164+0000] {logging_mixin.py:188} INFO - [2026-04-28T19:39:20.162+0000] {dag.py:3954} INFO - Setting next_dagrun for example_nested_branch_dag to 2026-04-27 00:00:00+00:00, run_after=2026-04-28 00:00:00+00:00
[2026-04-28T19:39:20.860+0000] {processor.py:183} INFO - Processing /home/airflow/.local/lib/python3.12/site-packages/airflow/example_dags/example_nested_branch_dag.py took 1.207 seconds
[2026-04-28T19:39:54.801+0000] {processor.py:161} INFO - Started process (PID=321) to work on /home/airflow/.local/lib/python3.12/site-packages/airflow/example_dags/example_nested_branch_dag.py
[2026-04-28T19:39:54.808+0000] {processor.py:830} INFO - Processing file /home/airflow/.local/lib/python3.12/site-packages/airflow/example_dags/example_nested_branch_dag.py for tasks to queue
[2026-04-28T19:39:54.812+0000] {logging_mixin.py:188} INFO - [2026-04-28T19:39:54.812+0000] {dagbag.py:540} INFO - Filling up the DagBag from /home/airflow/.local/lib/python3.12/site-packages/airflow/example_dags/example_nested_branch_dag.py
[2026-04-28T19:39:54.854+0000] {processor.py:840} INFO - DAG(s) 'example_nested_branch_dag' retrieved from /home/airflow/.local/lib/python3.12/site-packages/airflow/example_dags/example_nested_branch_dag.py
[2026-04-28T19:39:54.971+0000] {logging_mixin.py:188} INFO - [2026-04-28T19:39:54.970+0000] {dag.py:3096} INFO - Sync 1 DAGs
[2026-04-28T19:39:55.097+0000] {logging_mixin.py:188} INFO - [2026-04-28T19:39:55.093+0000] {dag.py:3954} INFO - Setting next_dagrun for example_nested_branch_dag to 2026-04-27 00:00:00+00:00, run_after=2026-04-28 00:00:00+00:00
[2026-04-28T19:39:55.188+0000] {processor.py:183} INFO - Processing /home/airflow/.local/lib/python3.12/site-packages/airflow/example_dags/example_nested_branch_dag.py took 0.406 seconds
[2026-04-28T19:40:32.333+0000] {processor.py:161} INFO - Started process (PID=381) to work on /home/airflow/.local/lib/python3.12/site-packages/airflow/example_dags/example_nested_branch_dag.py
[2026-04-28T19:40:32.348+0000] {processor.py:830} INFO - Processing file /home/airflow/.local/lib/python3.12/site-packages/airflow/example_dags/example_nested_branch_dag.py for tasks to queue
[2026-04-28T19:40:32.351+0000] {logging_mixin.py:188} INFO - [2026-04-28T19:40:32.351+0000] {dagbag.py:540} INFO - Filling up the DagBag from /home/airflow/.local/lib/python3.12/site-packages/airflow/example_dags/example_nested_branch_dag.py
[2026-04-28T19:40:32.453+0000] {processor.py:840} INFO - DAG(s) 'example_nested_branch_dag' retrieved from /home/airflow/.local/lib/python3.12/site-packages/airflow/example_dags/example_nested_branch_dag.py
[2026-04-28T19:40:32.557+0000] {logging_mixin.py:188} INFO - [2026-04-28T19:40:32.557+0000] {dag.py:3096} INFO - Sync 1 DAGs
[2026-04-28T19:40:32.682+0000] {logging_mixin.py:188} INFO - [2026-04-28T19:40:32.682+0000] {dag.py:3954} INFO - Setting next_dagrun for example_nested_branch_dag to 2026-04-27 00:00:00+00:00, run_after=2026-04-28 00:00:00+00:00
[2026-04-28T19:40:34.626+0000] {processor.py:183} INFO - Processing /home/airflow/.local/lib/python3.12/site-packages/airflow/example_dags/example_nested_branch_dag.py took 2.370 seconds
[2026-04-28T19:41:05.236+0000] {processor.py:161} INFO - Started process (PID=441) to work on /home/airflow/.local/lib/python3.12/site-packages/airflow/example_dags/example_nested_branch_dag.py
[2026-04-28T19:41:05.239+0000] {processor.py:830} INFO - Processing file /home/airflow/.local/lib/python3.12/site-packages/airflow/example_dags/example_nested_branch_dag.py for tasks to queue
[2026-04-28T19:41:05.248+0000] {logging_mixin.py:188} INFO - [2026-04-28T19:41:05.246+0000] {dagbag.py:540} INFO - Filling up the DagBag from /home/airflow/.local/lib/python3.12/site-packages/airflow/example_dags/example_nested_branch_dag.py
[2026-04-28T19:41:05.288+0000] {processor.py:840} INFO - DAG(s) 'example_nested_branch_dag' retrieved from /home/airflow/.local/lib/python3.12/site-packages/airflow/example_dags/example_nested_branch_dag.py
[2026-04-28T19:41:05.330+0000] {logging_mixin.py:188} INFO - [2026-04-28T19:41:05.330+0000] {dag.py:3096} INFO - Sync 1 DAGs
[2026-04-28T19:41:05.373+0000] {logging_mixin.py:188} INFO - [2026-04-28T19:41:05.372+0000] {dag.py:3954} INFO - Setting next_dagrun for example_nested_branch_dag to 2026-04-27 00:00:00+00:00, run_after=2026-04-28 00:00:00+00:00
[2026-04-28T19:41:05.415+0000] {processor.py:183} INFO - Processing /home/airflow/.local/lib/python3.12/site-packages/airflow/example_dags/example_nested_branch_dag.py took 0.206 seconds
[2026-04-28T19:41:35.820+0000] {processor.py:161} INFO - Started process (PID=500) to work on /home/airflow/.local/lib/python3.12/site-packages/airflow/example_dags/example_nested_branch_dag.py
[2026-04-28T19:41:35.821+0000] {processor.py:830} INFO - Processing file /home/airflow/.local/lib/python3.12/site-packages/airflow/example_dags/example_nested_branch_dag.py for tasks to queue
[2026-04-28T19:41:35.823+0000] {logging_mixin.py:188} INFO - [2026-04-28T19:41:35.823+0000] {dagbag.py:540} INFO - Filling up the DagBag from /home/airflow/.local/lib/python3.12/site-packages/airflow/example_dags/example_nested_branch_dag.py
[2026-04-28T19:41:35.835+0000] {processor.py:840} INFO - DAG(s) 'example_nested_branch_dag' retrieved from /home/airflow/.local/lib/python3.12/site-packages/airflow/example_dags/example_nested_branch_dag.py
[2026-04-28T19:41:35.869+0000] {logging_mixin.py:188} INFO - [2026-04-28T19:41:35.869+0000] {dag.py:3096} INFO - Sync 1 DAGs
[2026-04-28T19:41:35.899+0000] {logging_mixin.py:188} INFO - [2026-04-28T19:41:35.899+0000] {dag.py:3954} INFO - Setting next_dagrun for example_nested_branch_dag to 2026-04-27 00:00:00+00:00, run_after=2026-04-28 00:00:00+00:00
[2026-04-28T19:41:35.918+0000] {processor.py:183} INFO - Processing /home/airflow/.local/lib/python3.12/site-packages/airflow/example_dags/example_nested_branch_dag.py took 0.104 seconds
[2026-04-28T19:42:06.403+0000] {processor.py:161} INFO - Started process (PID=560) to work on /home/airflow/.local/lib/python3.12/site-packages/airflow/example_dags/example_nested_branch_dag.py
[2026-04-28T19:42:06.404+0000] {processor.py:830} INFO - Processing file /home/airflow/.local/lib/python3.12/site-packages/airflow/example_dags/example_nested_branch_dag.py for tasks to queue
[2026-04-28T19:42:06.407+0000] {logging_mixin.py:188} INFO - [2026-04-28T19:42:06.406+0000] {dagbag.py:540} INFO - Filling up the DagBag from /home/airflow/.local/lib/python3.12/site-packages/airflow/example_dags/example_nested_branch_dag.py
[2026-04-28T19:42:06.418+0000] {processor.py:840} INFO - DAG(s) 'example_nested_branch_dag' retrieved from /home/airflow/.local/lib/python3.12/site-packages/airflow/example_dags/example_nested_branch_dag.py
[2026-04-28T19:42:06.444+0000] {logging_mixin.py:188} INFO - [2026-04-28T19:42:06.444+0000] {dag.py:3096} INFO - Sync 1 DAGs
[2026-04-28T19:42:06.473+0000] {logging_mixin.py:188} INFO - [2026-04-28T19:42:06.472+0000] {dag.py:3954} INFO - Setting next_dagrun for example_nested_branch_dag to 2026-04-27 00:00:00+00:00, run_after=2026-04-28 00:00:00+00:00
[2026-04-28T19:42:06.494+0000] {processor.py:183} INFO - Processing /home/airflow/.local/lib/python3.12/site-packages/airflow/example_dags/example_nested_branch_dag.py took 0.098 seconds
[2026-04-28T19:42:36.937+0000] {processor.py:161} INFO - Started process (PID=620) to work on /home/airflow/.local/lib/python3.12/site-packages/airflow/example_dags/example_nested_branch_dag.py
[2026-04-28T19:42:36.938+0000] {processor.py:830} INFO - Processing file /home/airflow/.local/lib/python3.12/site-packages/airflow/example_dags/example_nested_branch_dag.py for tasks to queue
[2026-04-28T19:42:36.940+0000] {logging_mixin.py:188} INFO - [2026-04-28T19:42:36.940+0000] {dagbag.py:540} INFO - Filling up the DagBag from /home/airflow/.local/lib/python3.12/site-packages/airflow/example_dags/example_nested_branch_dag.py
[2026-04-28T19:42:36.952+0000] {processor.py:840} INFO - DAG(s) 'example_nested_branch_dag' retrieved from /home/airflow/.local/lib/python3.12/site-packages/airflow/example_dags/example_nested_branch_dag.py
[2026-04-28T19:42:36.982+0000] {logging_mixin.py:188} INFO - [2026-04-28T19:42:36.981+0000] {dag.py:3096} INFO - Sync 1 DAGs
[2026-04-28T19:42:37.010+0000] {logging_mixin.py:188} INFO - [2026-04-28T19:42:37.008+0000] {dag.py:3954} INFO - Setting next_dagrun for example_nested_branch_dag to 2026-04-27 00:00:00+00:00, run_after=2026-04-28 00:00:00+00:00
[2026-04-28T19:42:37.031+0000] {processor.py:183} INFO - Processing /home/airflow/.local/lib/python3.12/site-packages/airflow/example_dags/example_nested_branch_dag.py took 0.100 seconds
[2026-04-28T19:43:07.201+0000] {processor.py:161} INFO - Started process (PID=679) to work on /home/airflow/.local/lib/python3.12/site-packages/airflow/example_dags/example_nested_branch_dag.py
[2026-04-28T19:43:07.202+0000] {processor.py:830} INFO - Processing file /home/airflow/.local/lib/python3.12/site-packages/airflow/example_dags/example_nested_branch_dag.py for tasks to queue
[2026-04-28T19:43:07.204+0000] {logging_mixin.py:188} INFO - [2026-04-28T19:43:07.204+0000] {dagbag.py:540} INFO - Filling up the DagBag from /home/airflow/.local/lib/python3.12/site-packages/airflow/example_dags/example_nested_branch_dag.py
[2026-04-28T19:43:07.216+0000] {processor.py:840} INFO - DAG(s) 'example_nested_branch_dag' retrieved from /home/airflow/.local/lib/python3.12/site-packages/airflow/example_dags/example_nested_branch_dag.py
[2026-04-28T19:43:07.245+0000] {logging_mixin.py:188} INFO - [2026-04-28T19:43:07.244+0000] {dag.py:3096} INFO - Sync 1 DAGs
[2026-04-28T19:43:07.271+0000] {logging_mixin.py:188} INFO - [2026-04-28T19:43:07.271+0000] {dag.py:3954} INFO - Setting next_dagrun for example_nested_branch_dag to 2026-04-27 00:00:00+00:00, run_after=2026-04-28 00:00:00+00:00
[2026-04-28T19:43:07.319+0000] {processor.py:183} INFO - Processing /home/airflow/.local/lib/python3.12/site-packages/airflow/example_dags/example_nested_branch_dag.py took 0.125 seconds
[2026-04-28T19:43:37.616+0000] {processor.py:161} INFO - Started process (PID=745) to work on /home/airflow/.local/lib/python3.12/site-packages/airflow/example_dags/example_nested_branch_dag.py
[2026-04-28T19:43:37.617+0000] {processor.py:830} INFO - Processing file /home/airflow/.local/lib/python3.12/site-packages/airflow/example_dags/example_nested_branch_dag.py for tasks to queue
[2026-04-28T19:43:37.619+0000] {logging_mixin.py:188} INFO - [2026-04-28T19:43:37.619+0000] {dagbag.py:540} INFO - Filling up the DagBag from /home/airflow/.local/lib/python3.12/site-packages/airflow/example_dags/example_nested_branch_dag.py
[2026-04-28T19:43:37.638+0000] {processor.py:840} INFO - DAG(s) 'example_nested_branch_dag' retrieved from /home/airflow/.local/lib/python3.12/site-packages/airflow/example_dags/example_nested_branch_dag.py
[2026-04-28T19:43:37.686+0000] {logging_mixin.py:188} INFO - [2026-04-28T19:43:37.686+0000] {dag.py:3096} INFO - Sync 1 DAGs
[2026-04-28T19:43:37.719+0000] {logging_mixin.py:188} INFO - [2026-04-28T19:43:37.719+0000] {dag.py:3954} INFO - Setting next_dagrun for example_nested_branch_dag to 2026-04-27 00:00:00+00:00, run_after=2026-04-28 00:00:00+00:00
[2026-04-28T19:43:37.738+0000] {processor.py:183} INFO - Processing /home/airflow/.local/lib/python3.12/site-packages/airflow/example_dags/example_nested_branch_dag.py took 0.128 seconds
[2026-04-28T19:44:07.827+0000] {processor.py:161} INFO - Started process (PID=805) to work on /home/airflow/.local/lib/python3.12/site-packages/airflow/example_dags/example_nested_branch_dag.py
[2026-04-28T19:44:07.830+0000] {processor.py:830} INFO - Processing file /home/airflow/.local/lib/python3.12/site-packages/airflow/example_dags/example_nested_branch_dag.py for tasks to queue
[2026-04-28T19:44:07.832+0000] {logging_mixin.py:188} INFO - [2026-04-28T19:44:07.832+0000] {dagbag.py:540} INFO - Filling up the DagBag from /home/airflow/.local/lib/python3.12/site-packages/airflow/example_dags/example_nested_branch_dag.py
[2026-04-28T19:44:07.856+0000] {processor.py:840} INFO - DAG(s) 'example_nested_branch_dag' retrieved from /home/airflow/.local/lib/python3.12/site-packages/airflow/example_dags/example_nested_branch_dag.py
[2026-04-28T19:44:07.940+0000] {logging_mixin.py:188} INFO - [2026-04-28T19:44:07.940+0000] {dag.py:3096} INFO - Sync 1 DAGs
[2026-04-28T19:44:08.069+0000] {logging_mixin.py:188} INFO - [2026-04-28T19:44:08.068+0000] {dag.py:3954} INFO - Setting next_dagrun for example_nested_branch_dag to 2026-04-27 00:00:00+00:00, run_after=2026-04-28 00:00:00+00:00
[2026-04-28T19:44:08.148+0000] {processor.py:183} INFO - Processing /home/airflow/.local/lib/python3.12/site-packages/airflow/example_dags/example_nested_branch_dag.py took 0.345 seconds
[2026-04-28T19:44:38.267+0000] {processor.py:161} INFO - Started process (PID=865) to work on /home/airflow/.local/lib/python3.12/site-packages/airflow/example_dags/example_nested_branch_dag.py
[2026-04-28T19:44:38.268+0000] {processor.py:830} INFO - Processing file /home/airflow/.local/lib/python3.12/site-packages/airflow/example_dags/example_nested_branch_dag.py for tasks to queue
[2026-04-28T19:44:38.270+0000] {logging_mixin.py:188} INFO - [2026-04-28T19:44:38.270+0000] {dagbag.py:540} INFO - Filling up the DagBag from /home/airflow/.local/lib/python3.12/site-packages/airflow/example_dags/example_nested_branch_dag.py
[2026-04-28T19:44:38.282+0000] {processor.py:840} INFO - DAG(s) 'example_nested_branch_dag' retrieved from /home/airflow/.local/lib/python3.12/site-packages/airflow/example_dags/example_nested_branch_dag.py
[2026-04-28T19:44:38.311+0000] {logging_mixin.py:188} INFO - [2026-04-28T19:44:38.310+0000] {dag.py:3096} INFO - Sync 1 DAGs
[2026-04-28T19:44:38.340+0000] {logging_mixin.py:188} INFO - [2026-04-28T19:44:38.339+0000] {dag.py:3954} INFO - Setting next_dagrun for example_nested_branch_dag to 2026-04-27 00:00:00+00:00, run_after=2026-04-28 00:00:00+00:00
[2026-04-28T19:44:38.360+0000] {processor.py:183} INFO - Processing /home/airflow/.local/lib/python3.12/site-packages/airflow/example_dags/example_nested_branch_dag.py took 0.100 seconds
[2026-04-28T19:54:45.203+0000] {processor.py:161} INFO - Started process (PID=207) to work on /home/airflow/.local/lib/python3.12/site-packages/airflow/example_dags/example_nested_branch_dag.py
[2026-04-28T19:54:45.220+0000] {processor.py:830} INFO - Processing file /home/airflow/.local/lib/python3.12/site-packages/airflow/example_dags/example_nested_branch_dag.py for tasks to queue
[2026-04-28T19:54:45.232+0000] {logging_mixin.py:188} INFO - [2026-04-28T19:54:45.231+0000] {dagbag.py:540} INFO - Filling up the DagBag from /home/airflow/.local/lib/python3.12/site-packages/airflow/example_dags/example_nested_branch_dag.py
[2026-04-28T19:54:45.301+0000] {processor.py:840} INFO - DAG(s) 'example_nested_branch_dag' retrieved from /home/airflow/.local/lib/python3.12/site-packages/airflow/example_dags/example_nested_branch_dag.py
[2026-04-28T19:54:46.047+0000] {logging_mixin.py:188} INFO - [2026-04-28T19:54:46.046+0000] {dag.py:3096} INFO - Sync 1 DAGs
[2026-04-28T19:54:46.203+0000] {logging_mixin.py:188} INFO - [2026-04-28T19:54:46.203+0000] {dag.py:3954} INFO - Setting next_dagrun for example_nested_branch_dag to 2026-04-27 00:00:00+00:00, run_after=2026-04-28 00:00:00+00:00
[2026-04-28T19:54:46.329+0000] {processor.py:183} INFO - Processing /home/airflow/.local/lib/python3.12/site-packages/airflow/example_dags/example_nested_branch_dag.py took 1.151 seconds
[2026-04-28T19:55:19.905+0000] {processor.py:161} INFO - Started process (PID=267) to work on /home/airflow/.local/lib/python3.12/site-packages/airflow/example_dags/example_nested_branch_dag.py
[2026-04-28T19:55:19.908+0000] {processor.py:830} INFO - Processing file /home/airflow/.local/lib/python3.12/site-packages/airflow/example_dags/example_nested_branch_dag.py for tasks to queue
[2026-04-28T19:55:19.914+0000] {logging_mixin.py:188} INFO - [2026-04-28T19:55:19.913+0000] {dagbag.py:540} INFO - Filling up the DagBag from /home/airflow/.local/lib/python3.12/site-packages/airflow/example_dags/example_nested_branch_dag.py
[2026-04-28T19:55:19.949+0000] {processor.py:840} INFO - DAG(s) 'example_nested_branch_dag' retrieved from /home/airflow/.local/lib/python3.12/site-packages/airflow/example_dags/example_nested_branch_dag.py
[2026-04-28T19:55:19.998+0000] {logging_mixin.py:188} INFO - [2026-04-28T19:55:19.998+0000] {dag.py:3096} INFO - Sync 1 DAGs
[2026-04-28T19:55:20.065+0000] {logging_mixin.py:188} INFO - [2026-04-28T19:55:20.064+0000] {dag.py:3954} INFO - Setting next_dagrun for example_nested_branch_dag to 2026-04-27 00:00:00+00:00, run_after=2026-04-28 00:00:00+00:00
[2026-04-28T19:55:20.125+0000] {processor.py:183} INFO - Processing /home/airflow/.local/lib/python3.12/site-packages/airflow/example_dags/example_nested_branch_dag.py took 0.241 seconds
[2026-04-28T19:55:51.015+0000] {processor.py:161} INFO - Started process (PID=327) to work on /home/airflow/.local/lib/python3.12/site-packages/airflow/example_dags/example_nested_branch_dag.py
[2026-04-28T19:55:51.021+0000] {processor.py:830} INFO - Processing file /home/airflow/.local/lib/python3.12/site-packages/airflow/example_dags/example_nested_branch_dag.py for tasks to queue
[2026-04-28T19:55:51.026+0000] {logging_mixin.py:188} INFO - [2026-04-28T19:55:51.026+0000] {dagbag.py:540} INFO - Filling up the DagBag from /home/airflow/.local/lib/python3.12/site-packages/airflow/example_dags/example_nested_branch_dag.py
[2026-04-28T19:55:51.041+0000] {processor.py:840} INFO - DAG(s) 'example_nested_branch_dag' retrieved from /home/airflow/.local/lib/python3.12/site-packages/airflow/example_dags/example_nested_branch_dag.py
[2026-04-28T19:55:51.086+0000] {logging_mixin.py:188} INFO - [2026-04-28T19:55:51.086+0000] {dag.py:3096} INFO - Sync 1 DAGs
[2026-04-28T19:55:51.150+0000] {logging_mixin.py:188} INFO - [2026-04-28T19:55:51.149+0000] {dag.py:3954} INFO - Setting next_dagrun for example_nested_branch_dag to 2026-04-27 00:00:00+00:00, run_after=2026-04-28 00:00:00+00:00
[2026-04-28T19:55:51.193+0000] {processor.py:183} INFO - Processing /home/airflow/.local/lib/python3.12/site-packages/airflow/example_dags/example_nested_branch_dag.py took 0.188 seconds
[2026-04-28T19:56:21.665+0000] {processor.py:161} INFO - Started process (PID=387) to work on /home/airflow/.local/lib/python3.12/site-packages/airflow/example_dags/example_nested_branch_dag.py
[2026-04-28T19:56:21.666+0000] {processor.py:830} INFO - Processing file /home/airflow/.local/lib/python3.12/site-packages/airflow/example_dags/example_nested_branch_dag.py for tasks to queue
[2026-04-28T19:56:21.668+0000] {logging_mixin.py:188} INFO - [2026-04-28T19:56:21.667+0000] {dagbag.py:540} INFO - Filling up the DagBag from /home/airflow/.local/lib/python3.12/site-packages/airflow/example_dags/example_nested_branch_dag.py
[2026-04-28T19:56:21.680+0000] {processor.py:840} INFO - DAG(s) 'example_nested_branch_dag' retrieved from /home/airflow/.local/lib/python3.12/site-packages/airflow/example_dags/example_nested_branch_dag.py
[2026-04-28T19:56:21.708+0000] {logging_mixin.py:188} INFO - [2026-04-28T19:56:21.708+0000] {dag.py:3096} INFO - Sync 1 DAGs
[2026-04-28T19:56:21.736+0000] {logging_mixin.py:188} INFO - [2026-04-28T19:56:21.735+0000] {dag.py:3954} INFO - Setting next_dagrun for example_nested_branch_dag to 2026-04-27 00:00:00+00:00, run_after=2026-04-28 00:00:00+00:00
[2026-04-28T19:56:21.756+0000] {processor.py:183} INFO - Processing /home/airflow/.local/lib/python3.12/site-packages/airflow/example_dags/example_nested_branch_dag.py took 0.098 seconds
[2026-04-28T19:56:52.224+0000] {processor.py:161} INFO - Started process (PID=447) to work on /home/airflow/.local/lib/python3.12/site-packages/airflow/example_dags/example_nested_branch_dag.py
[2026-04-28T19:56:52.226+0000] {processor.py:830} INFO - Processing file /home/airflow/.local/lib/python3.12/site-packages/airflow/example_dags/example_nested_branch_dag.py for tasks to queue
[2026-04-28T19:56:52.228+0000] {logging_mixin.py:188} INFO - [2026-04-28T19:56:52.228+0000] {dagbag.py:540} INFO - Filling up the DagBag from /home/airflow/.local/lib/python3.12/site-packages/airflow/example_dags/example_nested_branch_dag.py
[2026-04-28T19:56:52.241+0000] {processor.py:840} INFO - DAG(s) 'example_nested_branch_dag' retrieved from /home/airflow/.local/lib/python3.12/site-packages/airflow/example_dags/example_nested_branch_dag.py
[2026-04-28T19:56:52.268+0000] {logging_mixin.py:188} INFO - [2026-04-28T19:56:52.268+0000] {dag.py:3096} INFO - Sync 1 DAGs
[2026-04-28T19:56:52.297+0000] {logging_mixin.py:188} INFO - [2026-04-28T19:56:52.296+0000] {dag.py:3954} INFO - Setting next_dagrun for example_nested_branch_dag to 2026-04-27 00:00:00+00:00, run_after=2026-04-28 00:00:00+00:00
[2026-04-28T19:56:52.357+0000] {processor.py:183} INFO - Processing /home/airflow/.local/lib/python3.12/site-packages/airflow/example_dags/example_nested_branch_dag.py took 0.140 seconds
[2026-04-28T19:57:22.627+0000] {processor.py:161} INFO - Started process (PID=506) to work on /home/airflow/.local/lib/python3.12/site-packages/airflow/example_dags/example_nested_branch_dag.py
[2026-04-28T19:57:22.628+0000] {processor.py:830} INFO - Processing file /home/airflow/.local/lib/python3.12/site-packages/airflow/example_dags/example_nested_branch_dag.py for tasks to queue
[2026-04-28T19:57:22.630+0000] {logging_mixin.py:188} INFO - [2026-04-28T19:57:22.630+0000] {dagbag.py:540} INFO - Filling up the DagBag from /home/airflow/.local/lib/python3.12/site-packages/airflow/example_dags/example_nested_branch_dag.py
[2026-04-28T19:57:22.642+0000] {processor.py:840} INFO - DAG(s) 'example_nested_branch_dag' retrieved from /home/airflow/.local/lib/python3.12/site-packages/airflow/example_dags/example_nested_branch_dag.py
[2026-04-28T19:57:22.674+0000] {logging_mixin.py:188} INFO - [2026-04-28T19:57:22.673+0000] {dag.py:3096} INFO - Sync 1 DAGs
[2026-04-28T19:57:22.708+0000] {logging_mixin.py:188} INFO - [2026-04-28T19:57:22.708+0000] {dag.py:3954} INFO - Setting next_dagrun for example_nested_branch_dag to 2026-04-27 00:00:00+00:00, run_after=2026-04-28 00:00:00+00:00
[2026-04-28T19:57:22.743+0000] {processor.py:183} INFO - Processing /home/airflow/.local/lib/python3.12/site-packages/airflow/example_dags/example_nested_branch_dag.py took 0.124 seconds
[2026-04-28T19:57:53.533+0000] {processor.py:161} INFO - Started process (PID=564) to work on /home/airflow/.local/lib/python3.12/site-packages/airflow/example_dags/example_nested_branch_dag.py
[2026-04-28T19:57:53.539+0000] {processor.py:830} INFO - Processing file /home/airflow/.local/lib/python3.12/site-packages/airflow/example_dags/example_nested_branch_dag.py for tasks to queue
[2026-04-28T19:57:53.541+0000] {logging_mixin.py:188} INFO - [2026-04-28T19:57:53.541+0000] {dagbag.py:540} INFO - Filling up the DagBag from /home/airflow/.local/lib/python3.12/site-packages/airflow/example_dags/example_nested_branch_dag.py
[2026-04-28T19:57:53.554+0000] {processor.py:840} INFO - DAG(s) 'example_nested_branch_dag' retrieved from /home/airflow/.local/lib/python3.12/site-packages/airflow/example_dags/example_nested_branch_dag.py
[2026-04-28T19:57:53.581+0000] {logging_mixin.py:188} INFO - [2026-04-28T19:57:53.581+0000] {dag.py:3096} INFO - Sync 1 DAGs
[2026-04-28T19:57:53.609+0000] {logging_mixin.py:188} INFO - [2026-04-28T19:57:53.609+0000] {dag.py:3954} INFO - Setting next_dagrun for example_nested_branch_dag to 2026-04-27 00:00:00+00:00, run_after=2026-04-28 00:00:00+00:00
[2026-04-28T19:57:53.630+0000] {processor.py:183} INFO - Processing /home/airflow/.local/lib/python3.12/site-packages/airflow/example_dags/example_nested_branch_dag.py took 0.105 seconds
[2026-04-28T19:58:24.445+0000] {processor.py:161} INFO - Started process (PID=624) to work on /home/airflow/.local/lib/python3.12/site-packages/airflow/example_dags/example_nested_branch_dag.py
[2026-04-28T19:58:24.446+0000] {processor.py:830} INFO - Processing file /home/airflow/.local/lib/python3.12/site-packages/airflow/example_dags/example_nested_branch_dag.py for tasks to queue
[2026-04-28T19:58:24.449+0000] {logging_mixin.py:188} INFO - [2026-04-28T19:58:24.448+0000] {dagbag.py:540} INFO - Filling up the DagBag from /home/airflow/.local/lib/python3.12/site-packages/airflow/example_dags/example_nested_branch_dag.py
[2026-04-28T19:58:24.462+0000] {processor.py:840} INFO - DAG(s) 'example_nested_branch_dag' retrieved from /home/airflow/.local/lib/python3.12/site-packages/airflow/example_dags/example_nested_branch_dag.py
[2026-04-28T19:58:24.493+0000] {logging_mixin.py:188} INFO - [2026-04-28T19:58:24.493+0000] {dag.py:3096} INFO - Sync 1 DAGs
[2026-04-28T19:58:24.525+0000] {logging_mixin.py:188} INFO - [2026-04-28T19:58:24.525+0000] {dag.py:3954} INFO - Setting next_dagrun for example_nested_branch_dag to 2026-04-27 00:00:00+00:00, run_after=2026-04-28 00:00:00+00:00
[2026-04-28T19:58:24.558+0000] {processor.py:183} INFO - Processing /home/airflow/.local/lib/python3.12/site-packages/airflow/example_dags/example_nested_branch_dag.py took 0.121 seconds
[2026-04-28T19:58:55.497+0000] {processor.py:161} INFO - Started process (PID=684) to work on /home/airflow/.local/lib/python3.12/site-packages/airflow/example_dags/example_nested_branch_dag.py
[2026-04-28T19:58:55.498+0000] {processor.py:830} INFO - Processing file /home/airflow/.local/lib/python3.12/site-packages/airflow/example_dags/example_nested_branch_dag.py for tasks to queue
[2026-04-28T19:58:55.500+0000] {logging_mixin.py:188} INFO - [2026-04-28T19:58:55.500+0000] {dagbag.py:540} INFO - Filling up the DagBag from /home/airflow/.local/lib/python3.12/site-packages/airflow/example_dags/example_nested_branch_dag.py
[2026-04-28T19:58:55.513+0000] {processor.py:840} INFO - DAG(s) 'example_nested_branch_dag' retrieved from /home/airflow/.local/lib/python3.12/site-packages/airflow/example_dags/example_nested_branch_dag.py
[2026-04-28T19:58:55.540+0000] {logging_mixin.py:188} INFO - [2026-04-28T19:58:55.540+0000] {dag.py:3096} INFO - Sync 1 DAGs
[2026-04-28T19:58:55.569+0000] {logging_mixin.py:188} INFO - [2026-04-28T19:58:55.568+0000] {dag.py:3954} INFO - Setting next_dagrun for example_nested_branch_dag to 2026-04-27 00:00:00+00:00, run_after=2026-04-28 00:00:00+00:00
[2026-04-28T19:58:55.590+0000] {processor.py:183} INFO - Processing /home/airflow/.local/lib/python3.12/site-packages/airflow/example_dags/example_nested_branch_dag.py took 0.103 seconds
[2026-04-28T19:59:25.861+0000] {processor.py:161} INFO - Started process (PID=743) to work on /home/airflow/.local/lib/python3.12/site-packages/airflow/example_dags/example_nested_branch_dag.py
[2026-04-28T19:59:25.863+0000] {processor.py:830} INFO - Processing file /home/airflow/.local/lib/python3.12/site-packages/airflow/example_dags/example_nested_branch_dag.py for tasks to queue
[2026-04-28T19:59:25.869+0000] {logging_mixin.py:188} INFO - [2026-04-28T19:59:25.868+0000] {dagbag.py:540} INFO - Filling up the DagBag from /home/airflow/.local/lib/python3.12/site-packages/airflow/example_dags/example_nested_branch_dag.py
[2026-04-28T19:59:25.881+0000] {processor.py:840} INFO - DAG(s) 'example_nested_branch_dag' retrieved from /home/airflow/.local/lib/python3.12/site-packages/airflow/example_dags/example_nested_branch_dag.py
[2026-04-28T19:59:25.907+0000] {logging_mixin.py:188} INFO - [2026-04-28T19:59:25.907+0000] {dag.py:3096} INFO - Sync 1 DAGs
[2026-04-28T19:59:25.935+0000] {logging_mixin.py:188} INFO - [2026-04-28T19:59:25.934+0000] {dag.py:3954} INFO - Setting next_dagrun for example_nested_branch_dag to 2026-04-27 00:00:00+00:00, run_after=2026-04-28 00:00:00+00:00
[2026-04-28T19:59:25.954+0000] {processor.py:183} INFO - Processing /home/airflow/.local/lib/python3.12/site-packages/airflow/example_dags/example_nested_branch_dag.py took 0.104 seconds
[2026-04-28T19:59:56.644+0000] {processor.py:161} INFO - Started process (PID=803) to work on /home/airflow/.local/lib/python3.12/site-packages/airflow/example_dags/example_nested_branch_dag.py
[2026-04-28T19:59:56.645+0000] {processor.py:830} INFO - Processing file /home/airflow/.local/lib/python3.12/site-packages/airflow/example_dags/example_nested_branch_dag.py for tasks to queue
[2026-04-28T19:59:56.647+0000] {logging_mixin.py:188} INFO - [2026-04-28T19:59:56.647+0000] {dagbag.py:540} INFO - Filling up the DagBag from /home/airflow/.local/lib/python3.12/site-packages/airflow/example_dags/example_nested_branch_dag.py
[2026-04-28T19:59:56.669+0000] {processor.py:840} INFO - DAG(s) 'example_nested_branch_dag' retrieved from /home/airflow/.local/lib/python3.12/site-packages/airflow/example_dags/example_nested_branch_dag.py
[2026-04-28T19:59:56.694+0000] {logging_mixin.py:188} INFO - [2026-04-28T19:59:56.694+0000] {dag.py:3096} INFO - Sync 1 DAGs
[2026-04-28T19:59:56.721+0000] {logging_mixin.py:188} INFO - [2026-04-28T19:59:56.721+0000] {dag.py:3954} INFO - Setting next_dagrun for example_nested_branch_dag to 2026-04-27 00:00:00+00:00, run_after=2026-04-28 00:00:00+00:00
[2026-04-28T19:59:56.741+0000] {processor.py:183} INFO - Processing /home/airflow/.local/lib/python3.12/site-packages/airflow/example_dags/example_nested_branch_dag.py took 0.106 seconds
[2026-04-28T20:00:26.895+0000] {processor.py:161} INFO - Started process (PID=863) to work on /home/airflow/.local/lib/python3.12/site-packages/airflow/example_dags/example_nested_branch_dag.py
[2026-04-28T20:00:26.896+0000] {processor.py:830} INFO - Processing file /home/airflow/.local/lib/python3.12/site-packages/airflow/example_dags/example_nested_branch_dag.py for tasks to queue
[2026-04-28T20:00:26.898+0000] {logging_mixin.py:188} INFO - [2026-04-28T20:00:26.898+0000] {dagbag.py:540} INFO - Filling up the DagBag from /home/airflow/.local/lib/python3.12/site-packages/airflow/example_dags/example_nested_branch_dag.py
[2026-04-28T20:00:26.926+0000] {processor.py:840} INFO - DAG(s) 'example_nested_branch_dag' retrieved from /home/airflow/.local/lib/python3.12/site-packages/airflow/example_dags/example_nested_branch_dag.py
[2026-04-28T20:00:26.954+0000] {logging_mixin.py:188} INFO - [2026-04-28T20:00:26.953+0000] {dag.py:3096} INFO - Sync 1 DAGs
[2026-04-28T20:00:26.985+0000] {logging_mixin.py:188} INFO - [2026-04-28T20:00:26.984+0000] {dag.py:3954} INFO - Setting next_dagrun for example_nested_branch_dag to 2026-04-27 00:00:00+00:00, run_after=2026-04-28 00:00:00+00:00
[2026-04-28T20:00:27.004+0000] {processor.py:183} INFO - Processing /home/airflow/.local/lib/python3.12/site-packages/airflow/example_dags/example_nested_branch_dag.py took 0.117 seconds
[2026-04-28T20:00:57.118+0000] {processor.py:161} INFO - Started process (PID=922) to work on /home/airflow/.local/lib/python3.12/site-packages/airflow/example_dags/example_nested_branch_dag.py
[2026-04-28T20:00:57.120+0000] {processor.py:830} INFO - Processing file /home/airflow/.local/lib/python3.12/site-packages/airflow/example_dags/example_nested_branch_dag.py for tasks to queue
[2026-04-28T20:00:57.122+0000] {logging_mixin.py:188} INFO - [2026-04-28T20:00:57.121+0000] {dagbag.py:540} INFO - Filling up the DagBag from /home/airflow/.local/lib/python3.12/site-packages/airflow/example_dags/example_nested_branch_dag.py
[2026-04-28T20:00:57.134+0000] {processor.py:840} INFO - DAG(s) 'example_nested_branch_dag' retrieved from /home/airflow/.local/lib/python3.12/site-packages/airflow/example_dags/example_nested_branch_dag.py
[2026-04-28T20:00:57.163+0000] {logging_mixin.py:188} INFO - [2026-04-28T20:00:57.162+0000] {dag.py:3096} INFO - Sync 1 DAGs
[2026-04-28T20:00:57.194+0000] {logging_mixin.py:188} INFO - [2026-04-28T20:00:57.194+0000] {dag.py:3954} INFO - Setting next_dagrun for example_nested_branch_dag to 2026-04-27 00:00:00+00:00, run_after=2026-04-28 00:00:00+00:00
[2026-04-28T20:00:57.215+0000] {processor.py:183} INFO - Processing /home/airflow/.local/lib/python3.12/site-packages/airflow/example_dags/example_nested_branch_dag.py took 0.104 seconds
[2026-04-28T20:01:27.505+0000] {processor.py:161} INFO - Started process (PID=981) to work on /home/airflow/.local/lib/python3.12/site-packages/airflow/example_dags/example_nested_branch_dag.py
[2026-04-28T20:01:27.506+0000] {processor.py:830} INFO - Processing file /home/airflow/.local/lib/python3.12/site-packages/airflow/example_dags/example_nested_branch_dag.py for tasks to queue
[2026-04-28T20:01:27.508+0000] {logging_mixin.py:188} INFO - [2026-04-28T20:01:27.508+0000] {dagbag.py:540} INFO - Filling up the DagBag from /home/airflow/.local/lib/python3.12/site-packages/airflow/example_dags/example_nested_branch_dag.py
[2026-04-28T20:01:27.518+0000] {processor.py:840} INFO - DAG(s) 'example_nested_branch_dag' retrieved from /home/airflow/.local/lib/python3.12/site-packages/airflow/example_dags/example_nested_branch_dag.py
[2026-04-28T20:01:27.538+0000] {logging_mixin.py:188} INFO - [2026-04-28T20:01:27.537+0000] {dag.py:3096} INFO - Sync 1 DAGs
[2026-04-28T20:01:27.556+0000] {logging_mixin.py:188} INFO - [2026-04-28T20:01:27.556+0000] {dag.py:3954} INFO - Setting next_dagrun for example_nested_branch_dag to 2026-04-27 00:00:00+00:00, run_after=2026-04-28 00:00:00+00:00
[2026-04-28T20:01:27.571+0000] {processor.py:183} INFO - Processing /home/airflow/.local/lib/python3.12/site-packages/airflow/example_dags/example_nested_branch_dag.py took 0.073 seconds
[2026-04-28T20:01:57.766+0000] {processor.py:161} INFO - Started process (PID=1041) to work on /home/airflow/.local/lib/python3.12/site-packages/airflow/example_dags/example_nested_branch_dag.py
[2026-04-28T20:01:57.767+0000] {processor.py:830} INFO - Processing file /home/airflow/.local/lib/python3.12/site-packages/airflow/example_dags/example_nested_branch_dag.py for tasks to queue
[2026-04-28T20:01:57.769+0000] {logging_mixin.py:188} INFO - [2026-04-28T20:01:57.768+0000] {dagbag.py:540} INFO - Filling up the DagBag from /home/airflow/.local/lib/python3.12/site-packages/airflow/example_dags/example_nested_branch_dag.py
[2026-04-28T20:01:57.779+0000] {processor.py:840} INFO - DAG(s) 'example_nested_branch_dag' retrieved from /home/airflow/.local/lib/python3.12/site-packages/airflow/example_dags/example_nested_branch_dag.py
[2026-04-28T20:01:57.803+0000] {logging_mixin.py:188} INFO - [2026-04-28T20:01:57.803+0000] {dag.py:3096} INFO - Sync 1 DAGs
[2026-04-28T20:01:57.828+0000] {logging_mixin.py:188} INFO - [2026-04-28T20:01:57.828+0000] {dag.py:3954} INFO - Setting next_dagrun for example_nested_branch_dag to 2026-04-27 00:00:00+00:00, run_after=2026-04-28 00:00:00+00:00
[2026-04-28T20:01:57.846+0000] {processor.py:183} INFO - Processing /home/airflow/.local/lib/python3.12/site-packages/airflow/example_dags/example_nested_branch_dag.py took 0.086 seconds
[2026-04-28T20:02:28.402+0000] {processor.py:161} INFO - Started process (PID=1100) to work on /home/airflow/.local/lib/python3.12/site-packages/airflow/example_dags/example_nested_branch_dag.py
[2026-04-28T20:02:28.403+0000] {processor.py:830} INFO - Processing file /home/airflow/.local/lib/python3.12/site-packages/airflow/example_dags/example_nested_branch_dag.py for tasks to queue
[2026-04-28T20:02:28.405+0000] {logging_mixin.py:188} INFO - [2026-04-28T20:02:28.405+0000] {dagbag.py:540} INFO - Filling up the DagBag from /home/airflow/.local/lib/python3.12/site-packages/airflow/example_dags/example_nested_branch_dag.py
[2026-04-28T20:02:28.417+0000] {processor.py:840} INFO - DAG(s) 'example_nested_branch_dag' retrieved from /home/airflow/.local/lib/python3.12/site-packages/airflow/example_dags/example_nested_branch_dag.py
[2026-04-28T20:02:28.449+0000] {logging_mixin.py:188} INFO - [2026-04-28T20:02:28.448+0000] {dag.py:3096} INFO - Sync 1 DAGs
[2026-04-28T20:02:28.481+0000] {logging_mixin.py:188} INFO - [2026-04-28T20:02:28.481+0000] {dag.py:3954} INFO - Setting next_dagrun for example_nested_branch_dag to 2026-04-27 00:00:00+00:00, run_after=2026-04-28 00:00:00+00:00
[2026-04-28T20:02:28.725+0000] {processor.py:183} INFO - Processing /home/airflow/.local/lib/python3.12/site-packages/airflow/example_dags/example_nested_branch_dag.py took 0.334 seconds
[2026-04-28T20:02:59.912+0000] {processor.py:161} INFO - Started process (PID=1162) to work on /home/airflow/.local/lib/python3.12/site-packages/airflow/example_dags/example_nested_branch_dag.py
[2026-04-28T20:02:59.917+0000] {processor.py:830} INFO - Processing file /home/airflow/.local/lib/python3.12/site-packages/airflow/example_dags/example_nested_branch_dag.py for tasks to queue
[2026-04-28T20:02:59.921+0000] {logging_mixin.py:188} INFO - [2026-04-28T20:02:59.921+0000] {dagbag.py:540} INFO - Filling up the DagBag from /home/airflow/.local/lib/python3.12/site-packages/airflow/example_dags/example_nested_branch_dag.py
[2026-04-28T20:02:59.945+0000] {processor.py:840} INFO - DAG(s) 'example_nested_branch_dag' retrieved from /home/airflow/.local/lib/python3.12/site-packages/airflow/example_dags/example_nested_branch_dag.py
[2026-04-28T20:02:59.997+0000] {logging_mixin.py:188} INFO - [2026-04-28T20:02:59.997+0000] {dag.py:3096} INFO - Sync 1 DAGs
[2026-04-28T20:03:00.045+0000] {logging_mixin.py:188} INFO - [2026-04-28T20:03:00.045+0000] {dag.py:3954} INFO - Setting next_dagrun for example_nested_branch_dag to 2026-04-27 00:00:00+00:00, run_after=2026-04-28 00:00:00+00:00
[2026-04-28T20:03:00.096+0000] {processor.py:183} INFO - Processing /home/airflow/.local/lib/python3.12/site-packages/airflow/example_dags/example_nested_branch_dag.py took 0.198 seconds
[2026-04-28T20:03:30.228+0000] {processor.py:161} INFO - Started process (PID=1221) to work on /home/airflow/.local/lib/python3.12/site-packages/airflow/example_dags/example_nested_branch_dag.py
[2026-04-28T20:03:30.232+0000] {processor.py:830} INFO - Processing file /home/airflow/.local/lib/python3.12/site-packages/airflow/example_dags/example_nested_branch_dag.py for tasks to queue
[2026-04-28T20:03:30.234+0000] {logging_mixin.py:188} INFO - [2026-04-28T20:03:30.234+0000] {dagbag.py:540} INFO - Filling up the DagBag from /home/airflow/.local/lib/python3.12/site-packages/airflow/example_dags/example_nested_branch_dag.py
[2026-04-28T20:03:30.275+0000] {processor.py:840} INFO - DAG(s) 'example_nested_branch_dag' retrieved from /home/airflow/.local/lib/python3.12/site-packages/airflow/example_dags/example_nested_branch_dag.py
[2026-04-28T20:03:30.311+0000] {logging_mixin.py:188} INFO - [2026-04-28T20:03:30.311+0000] {dag.py:3096} INFO - Sync 1 DAGs
[2026-04-28T20:03:30.418+0000] {logging_mixin.py:188} INFO - [2026-04-28T20:03:30.415+0000] {dag.py:3954} INFO - Setting next_dagrun for example_nested_branch_dag to 2026-04-27 00:00:00+00:00, run_after=2026-04-28 00:00:00+00:00
[2026-04-28T20:03:30.587+0000] {processor.py:183} INFO - Processing /home/airflow/.local/lib/python3.12/site-packages/airflow/example_dags/example_nested_branch_dag.py took 0.368 seconds
[2026-04-28T20:04:01.476+0000] {processor.py:161} INFO - Started process (PID=1281) to work on /home/airflow/.local/lib/python3.12/site-packages/airflow/example_dags/example_nested_branch_dag.py
[2026-04-28T20:04:01.479+0000] {processor.py:830} INFO - Processing file /home/airflow/.local/lib/python3.12/site-packages/airflow/example_dags/example_nested_branch_dag.py for tasks to queue
[2026-04-28T20:04:01.481+0000] {logging_mixin.py:188} INFO - [2026-04-28T20:04:01.481+0000] {dagbag.py:540} INFO - Filling up the DagBag from /home/airflow/.local/lib/python3.12/site-packages/airflow/example_dags/example_nested_branch_dag.py
[2026-04-28T20:04:01.495+0000] {processor.py:840} INFO - DAG(s) 'example_nested_branch_dag' retrieved from /home/airflow/.local/lib/python3.12/site-packages/airflow/example_dags/example_nested_branch_dag.py
[2026-04-28T20:04:01.534+0000] {logging_mixin.py:188} INFO - [2026-04-28T20:04:01.533+0000] {dag.py:3096} INFO - Sync 1 DAGs
[2026-04-28T20:04:01.561+0000] {logging_mixin.py:188} INFO - [2026-04-28T20:04:01.561+0000] {dag.py:3954} INFO - Setting next_dagrun for example_nested_branch_dag to 2026-04-27 00:00:00+00:00, run_after=2026-04-28 00:00:00+00:00
[2026-04-28T20:04:01.581+0000] {processor.py:183} INFO - Processing /home/airflow/.local/lib/python3.12/site-packages/airflow/example_dags/example_nested_branch_dag.py took 0.112 seconds
[2026-04-28T20:04:31.831+0000] {processor.py:161} INFO - Started process (PID=1341) to work on /home/airflow/.local/lib/python3.12/site-packages/airflow/example_dags/example_nested_branch_dag.py
[2026-04-28T20:04:31.837+0000] {processor.py:830} INFO - Processing file /home/airflow/.local/lib/python3.12/site-packages/airflow/example_dags/example_nested_branch_dag.py for tasks to queue
[2026-04-28T20:04:31.839+0000] {logging_mixin.py:188} INFO - [2026-04-28T20:04:31.838+0000] {dagbag.py:540} INFO - Filling up the DagBag from /home/airflow/.local/lib/python3.12/site-packages/airflow/example_dags/example_nested_branch_dag.py
[2026-04-28T20:04:31.852+0000] {processor.py:840} INFO - DAG(s) 'example_nested_branch_dag' retrieved from /home/airflow/.local/lib/python3.12/site-packages/airflow/example_dags/example_nested_branch_dag.py
[2026-04-28T20:04:31.886+0000] {logging_mixin.py:188} INFO - [2026-04-28T20:04:31.886+0000] {dag.py:3096} INFO - Sync 1 DAGs
[2026-04-28T20:04:32.168+0000] {logging_mixin.py:188} INFO - [2026-04-28T20:04:32.167+0000] {dag.py:3954} INFO - Setting next_dagrun for example_nested_branch_dag to 2026-04-27 00:00:00+00:00, run_after=2026-04-28 00:00:00+00:00
[2026-04-28T20:04:32.186+0000] {processor.py:183} INFO - Processing /home/airflow/.local/lib/python3.12/site-packages/airflow/example_dags/example_nested_branch_dag.py took 0.363 seconds
[2026-04-28T20:05:03.022+0000] {processor.py:161} INFO - Started process (PID=1400) to work on /home/airflow/.local/lib/python3.12/site-packages/airflow/example_dags/example_nested_branch_dag.py
[2026-04-28T20:05:03.025+0000] {processor.py:830} INFO - Processing file /home/airflow/.local/lib/python3.12/site-packages/airflow/example_dags/example_nested_branch_dag.py for tasks to queue
[2026-04-28T20:05:03.034+0000] {logging_mixin.py:188} INFO - [2026-04-28T20:05:03.031+0000] {dagbag.py:540} INFO - Filling up the DagBag from /home/airflow/.local/lib/python3.12/site-packages/airflow/example_dags/example_nested_branch_dag.py
[2026-04-28T20:05:03.077+0000] {processor.py:840} INFO - DAG(s) 'example_nested_branch_dag' retrieved from /home/airflow/.local/lib/python3.12/site-packages/airflow/example_dags/example_nested_branch_dag.py
[2026-04-28T20:05:03.179+0000] {logging_mixin.py:188} INFO - [2026-04-28T20:05:03.178+0000] {dag.py:3096} INFO - Sync 1 DAGs
[2026-04-28T20:05:03.237+0000] {logging_mixin.py:188} INFO - [2026-04-28T20:05:03.237+0000] {dag.py:3954} INFO - Setting next_dagrun for example_nested_branch_dag to 2026-04-27 00:00:00+00:00, run_after=2026-04-28 00:00:00+00:00
[2026-04-28T20:05:03.293+0000] {processor.py:183} INFO - Processing /home/airflow/.local/lib/python3.12/site-packages/airflow/example_dags/example_nested_branch_dag.py took 0.296 seconds
[2026-04-28T20:05:33.858+0000] {processor.py:161} INFO - Started process (PID=1460) to work on /home/airflow/.local/lib/python3.12/site-packages/airflow/example_dags/example_nested_branch_dag.py
[2026-04-28T20:05:33.860+0000] {processor.py:830} INFO - Processing file /home/airflow/.local/lib/python3.12/site-packages/airflow/example_dags/example_nested_branch_dag.py for tasks to queue
[2026-04-28T20:05:33.862+0000] {logging_mixin.py:188} INFO - [2026-04-28T20:05:33.861+0000] {dagbag.py:540} INFO - Filling up the DagBag from /home/airflow/.local/lib/python3.12/site-packages/airflow/example_dags/example_nested_branch_dag.py
[2026-04-28T20:05:33.874+0000] {processor.py:840} INFO - DAG(s) 'example_nested_branch_dag' retrieved from /home/airflow/.local/lib/python3.12/site-packages/airflow/example_dags/example_nested_branch_dag.py
[2026-04-28T20:05:33.900+0000] {logging_mixin.py:188} INFO - [2026-04-28T20:05:33.900+0000] {dag.py:3096} INFO - Sync 1 DAGs
[2026-04-28T20:05:33.929+0000] {logging_mixin.py:188} INFO - [2026-04-28T20:05:33.928+0000] {dag.py:3954} INFO - Setting next_dagrun for example_nested_branch_dag to 2026-04-27 00:00:00+00:00, run_after=2026-04-28 00:00:00+00:00
[2026-04-28T20:05:33.959+0000] {processor.py:183} INFO - Processing /home/airflow/.local/lib/python3.12/site-packages/airflow/example_dags/example_nested_branch_dag.py took 0.119 seconds
[2026-04-28T20:06:04.238+0000] {processor.py:161} INFO - Started process (PID=1519) to work on /home/airflow/.local/lib/python3.12/site-packages/airflow/example_dags/example_nested_branch_dag.py
[2026-04-28T20:06:04.239+0000] {processor.py:830} INFO - Processing file /home/airflow/.local/lib/python3.12/site-packages/airflow/example_dags/example_nested_branch_dag.py for tasks to queue
[2026-04-28T20:06:04.241+0000] {logging_mixin.py:188} INFO - [2026-04-28T20:06:04.241+0000] {dagbag.py:540} INFO - Filling up the DagBag from /home/airflow/.local/lib/python3.12/site-packages/airflow/example_dags/example_nested_branch_dag.py
[2026-04-28T20:06:04.255+0000] {processor.py:840} INFO - DAG(s) 'example_nested_branch_dag' retrieved from /home/airflow/.local/lib/python3.12/site-packages/airflow/example_dags/example_nested_branch_dag.py
[2026-04-28T20:06:04.281+0000] {logging_mixin.py:188} INFO - [2026-04-28T20:06:04.280+0000] {dag.py:3096} INFO - Sync 1 DAGs
[2026-04-28T20:06:04.310+0000] {logging_mixin.py:188} INFO - [2026-04-28T20:06:04.310+0000] {dag.py:3954} INFO - Setting next_dagrun for example_nested_branch_dag to 2026-04-27 00:00:00+00:00, run_after=2026-04-28 00:00:00+00:00
[2026-04-28T20:06:04.336+0000] {processor.py:183} INFO - Processing /home/airflow/.local/lib/python3.12/site-packages/airflow/example_dags/example_nested_branch_dag.py took 0.106 seconds
[2026-04-28T20:06:34.888+0000] {processor.py:161} INFO - Started process (PID=1578) to work on /home/airflow/.local/lib/python3.12/site-packages/airflow/example_dags/example_nested_branch_dag.py
[2026-04-28T20:06:34.889+0000] {processor.py:830} INFO - Processing file /home/airflow/.local/lib/python3.12/site-packages/airflow/example_dags/example_nested_branch_dag.py for tasks to queue
[2026-04-28T20:06:34.891+0000] {logging_mixin.py:188} INFO - [2026-04-28T20:06:34.891+0000] {dagbag.py:540} INFO - Filling up the DagBag from /home/airflow/.local/lib/python3.12/site-packages/airflow/example_dags/example_nested_branch_dag.py
[2026-04-28T20:06:34.904+0000] {processor.py:840} INFO - DAG(s) 'example_nested_branch_dag' retrieved from /home/airflow/.local/lib/python3.12/site-packages/airflow/example_dags/example_nested_branch_dag.py
[2026-04-28T20:06:34.931+0000] {logging_mixin.py:188} INFO - [2026-04-28T20:06:34.931+0000] {dag.py:3096} INFO - Sync 1 DAGs
[2026-04-28T20:06:34.958+0000] {logging_mixin.py:188} INFO - [2026-04-28T20:06:34.958+0000] {dag.py:3954} INFO - Setting next_dagrun for example_nested_branch_dag to 2026-04-27 00:00:00+00:00, run_after=2026-04-28 00:00:00+00:00
[2026-04-28T20:06:34.981+0000] {processor.py:183} INFO - Processing /home/airflow/.local/lib/python3.12/site-packages/airflow/example_dags/example_nested_branch_dag.py took 0.101 seconds
[2026-04-28T20:07:05.352+0000] {processor.py:161} INFO - Started process (PID=1638) to work on /home/airflow/.local/lib/python3.12/site-packages/airflow/example_dags/example_nested_branch_dag.py
[2026-04-28T20:07:05.353+0000] {processor.py:830} INFO - Processing file /home/airflow/.local/lib/python3.12/site-packages/airflow/example_dags/example_nested_branch_dag.py for tasks to queue
[2026-04-28T20:07:05.356+0000] {logging_mixin.py:188} INFO - [2026-04-28T20:07:05.355+0000] {dagbag.py:540} INFO - Filling up the DagBag from /home/airflow/.local/lib/python3.12/site-packages/airflow/example_dags/example_nested_branch_dag.py
[2026-04-28T20:07:05.369+0000] {processor.py:840} INFO - DAG(s) 'example_nested_branch_dag' retrieved from /home/airflow/.local/lib/python3.12/site-packages/airflow/example_dags/example_nested_branch_dag.py
[2026-04-28T20:07:05.396+0000] {logging_mixin.py:188} INFO - [2026-04-28T20:07:05.395+0000] {dag.py:3096} INFO - Sync 1 DAGs
[2026-04-28T20:07:05.424+0000] {logging_mixin.py:188} INFO - [2026-04-28T20:07:05.424+0000] {dag.py:3954} INFO - Setting next_dagrun for example_nested_branch_dag to 2026-04-27 00:00:00+00:00, run_after=2026-04-28 00:00:00+00:00
[2026-04-28T20:07:05.444+0000] {processor.py:183} INFO - Processing /home/airflow/.local/lib/python3.12/site-packages/airflow/example_dags/example_nested_branch_dag.py took 0.100 seconds
[2026-04-28T20:07:36.181+0000] {processor.py:161} INFO - Started process (PID=1698) to work on /home/airflow/.local/lib/python3.12/site-packages/airflow/example_dags/example_nested_branch_dag.py
[2026-04-28T20:07:36.184+0000] {processor.py:830} INFO - Processing file /home/airflow/.local/lib/python3.12/site-packages/airflow/example_dags/example_nested_branch_dag.py for tasks to queue
[2026-04-28T20:07:36.186+0000] {logging_mixin.py:188} INFO - [2026-04-28T20:07:36.186+0000] {dagbag.py:540} INFO - Filling up the DagBag from /home/airflow/.local/lib/python3.12/site-packages/airflow/example_dags/example_nested_branch_dag.py
[2026-04-28T20:07:36.211+0000] {processor.py:840} INFO - DAG(s) 'example_nested_branch_dag' retrieved from /home/airflow/.local/lib/python3.12/site-packages/airflow/example_dags/example_nested_branch_dag.py
[2026-04-28T20:07:36.249+0000] {logging_mixin.py:188} INFO - [2026-04-28T20:07:36.248+0000] {dag.py:3096} INFO - Sync 1 DAGs
[2026-04-28T20:07:36.279+0000] {logging_mixin.py:188} INFO - [2026-04-28T20:07:36.278+0000] {dag.py:3954} INFO - Setting next_dagrun for example_nested_branch_dag to 2026-04-27 00:00:00+00:00, run_after=2026-04-28 00:00:00+00:00
[2026-04-28T20:07:36.323+0000] {processor.py:183} INFO - Processing /home/airflow/.local/lib/python3.12/site-packages/airflow/example_dags/example_nested_branch_dag.py took 0.150 seconds
[2026-04-28T20:08:06.913+0000] {processor.py:161} INFO - Started process (PID=1758) to work on /home/airflow/.local/lib/python3.12/site-packages/airflow/example_dags/example_nested_branch_dag.py
[2026-04-28T20:08:06.914+0000] {processor.py:830} INFO - Processing file /home/airflow/.local/lib/python3.12/site-packages/airflow/example_dags/example_nested_branch_dag.py for tasks to queue
[2026-04-28T20:08:06.916+0000] {logging_mixin.py:188} INFO - [2026-04-28T20:08:06.916+0000] {dagbag.py:540} INFO - Filling up the DagBag from /home/airflow/.local/lib/python3.12/site-packages/airflow/example_dags/example_nested_branch_dag.py
[2026-04-28T20:08:06.935+0000] {processor.py:840} INFO - DAG(s) 'example_nested_branch_dag' retrieved from /home/airflow/.local/lib/python3.12/site-packages/airflow/example_dags/example_nested_branch_dag.py
[2026-04-28T20:08:06.962+0000] {logging_mixin.py:188} INFO - [2026-04-28T20:08:06.961+0000] {dag.py:3096} INFO - Sync 1 DAGs
[2026-04-28T20:08:06.989+0000] {logging_mixin.py:188} INFO - [2026-04-28T20:08:06.989+0000] {dag.py:3954} INFO - Setting next_dagrun for example_nested_branch_dag to 2026-04-27 00:00:00+00:00, run_after=2026-04-28 00:00:00+00:00
[2026-04-28T20:08:07.009+0000] {processor.py:183} INFO - Processing /home/airflow/.local/lib/python3.12/site-packages/airflow/example_dags/example_nested_branch_dag.py took 0.104 seconds
[2026-04-28T20:08:37.362+0000] {processor.py:161} INFO - Started process (PID=1818) to work on /home/airflow/.local/lib/python3.12/site-packages/airflow/example_dags/example_nested_branch_dag.py
[2026-04-28T20:08:37.362+0000] {processor.py:830} INFO - Processing file /home/airflow/.local/lib/python3.12/site-packages/airflow/example_dags/example_nested_branch_dag.py for tasks to queue
[2026-04-28T20:08:37.364+0000] {logging_mixin.py:188} INFO - [2026-04-28T20:08:37.364+0000] {dagbag.py:540} INFO - Filling up the DagBag from /home/airflow/.local/lib/python3.12/site-packages/airflow/example_dags/example_nested_branch_dag.py
[2026-04-28T20:08:37.373+0000] {processor.py:840} INFO - DAG(s) 'example_nested_branch_dag' retrieved from /home/airflow/.local/lib/python3.12/site-packages/airflow/example_dags/example_nested_branch_dag.py
[2026-04-28T20:08:37.392+0000] {logging_mixin.py:188} INFO - [2026-04-28T20:08:37.392+0000] {dag.py:3096} INFO - Sync 1 DAGs
[2026-04-28T20:08:37.412+0000] {logging_mixin.py:188} INFO - [2026-04-28T20:08:37.412+0000] {dag.py:3954} INFO - Setting next_dagrun for example_nested_branch_dag to 2026-04-27 00:00:00+00:00, run_after=2026-04-28 00:00:00+00:00
[2026-04-28T20:08:37.427+0000] {processor.py:183} INFO - Processing /home/airflow/.local/lib/python3.12/site-packages/airflow/example_dags/example_nested_branch_dag.py took 0.071 seconds
[2026-04-28T20:09:07.537+0000] {processor.py:161} INFO - Started process (PID=1877) to work on /home/airflow/.local/lib/python3.12/site-packages/airflow/example_dags/example_nested_branch_dag.py
[2026-04-28T20:09:07.539+0000] {processor.py:830} INFO - Processing file /home/airflow/.local/lib/python3.12/site-packages/airflow/example_dags/example_nested_branch_dag.py for tasks to queue
[2026-04-28T20:09:07.541+0000] {logging_mixin.py:188} INFO - [2026-04-28T20:09:07.541+0000] {dagbag.py:540} INFO - Filling up the DagBag from /home/airflow/.local/lib/python3.12/site-packages/airflow/example_dags/example_nested_branch_dag.py
[2026-04-28T20:09:07.554+0000] {processor.py:840} INFO - DAG(s) 'example_nested_branch_dag' retrieved from /home/airflow/.local/lib/python3.12/site-packages/airflow/example_dags/example_nested_branch_dag.py
[2026-04-28T20:09:07.580+0000] {logging_mixin.py:188} INFO - [2026-04-28T20:09:07.580+0000] {dag.py:3096} INFO - Sync 1 DAGs
[2026-04-28T20:09:07.610+0000] {logging_mixin.py:188} INFO - [2026-04-28T20:09:07.610+0000] {dag.py:3954} INFO - Setting next_dagrun for example_nested_branch_dag to 2026-04-27 00:00:00+00:00, run_after=2026-04-28 00:00:00+00:00
[2026-04-28T20:09:07.635+0000] {processor.py:183} INFO - Processing /home/airflow/.local/lib/python3.12/site-packages/airflow/example_dags/example_nested_branch_dag.py took 0.105 seconds
[2026-04-28T20:09:38.151+0000] {processor.py:161} INFO - Started process (PID=1937) to work on /home/airflow/.local/lib/python3.12/site-packages/airflow/example_dags/example_nested_branch_dag.py
[2026-04-28T20:09:38.152+0000] {processor.py:830} INFO - Processing file /home/airflow/.local/lib/python3.12/site-packages/airflow/example_dags/example_nested_branch_dag.py for tasks to queue
[2026-04-28T20:09:38.155+0000] {logging_mixin.py:188} INFO - [2026-04-28T20:09:38.154+0000] {dagbag.py:540} INFO - Filling up the DagBag from /home/airflow/.local/lib/python3.12/site-packages/airflow/example_dags/example_nested_branch_dag.py
[2026-04-28T20:09:38.171+0000] {processor.py:840} INFO - DAG(s) 'example_nested_branch_dag' retrieved from /home/airflow/.local/lib/python3.12/site-packages/airflow/example_dags/example_nested_branch_dag.py
[2026-04-28T20:09:38.200+0000] {logging_mixin.py:188} INFO - [2026-04-28T20:09:38.199+0000] {dag.py:3096} INFO - Sync 1 DAGs
[2026-04-28T20:09:38.247+0000] {logging_mixin.py:188} INFO - [2026-04-28T20:09:38.246+0000] {dag.py:3954} INFO - Setting next_dagrun for example_nested_branch_dag to 2026-04-27 00:00:00+00:00, run_after=2026-04-28 00:00:00+00:00
[2026-04-28T20:09:38.266+0000] {processor.py:183} INFO - Processing /home/airflow/.local/lib/python3.12/site-packages/airflow/example_dags/example_nested_branch_dag.py took 0.122 seconds
[2026-04-28T20:10:08.864+0000] {processor.py:161} INFO - Started process (PID=1997) to work on /home/airflow/.local/lib/python3.12/site-packages/airflow/example_dags/example_nested_branch_dag.py
[2026-04-28T20:10:08.865+0000] {processor.py:830} INFO - Processing file /home/airflow/.local/lib/python3.12/site-packages/airflow/example_dags/example_nested_branch_dag.py for tasks to queue
[2026-04-28T20:10:08.867+0000] {logging_mixin.py:188} INFO - [2026-04-28T20:10:08.866+0000] {dagbag.py:540} INFO - Filling up the DagBag from /home/airflow/.local/lib/python3.12/site-packages/airflow/example_dags/example_nested_branch_dag.py
[2026-04-28T20:10:08.884+0000] {processor.py:840} INFO - DAG(s) 'example_nested_branch_dag' retrieved from /home/airflow/.local/lib/python3.12/site-packages/airflow/example_dags/example_nested_branch_dag.py
[2026-04-28T20:10:08.910+0000] {logging_mixin.py:188} INFO - [2026-04-28T20:10:08.909+0000] {dag.py:3096} INFO - Sync 1 DAGs
[2026-04-28T20:10:08.946+0000] {logging_mixin.py:188} INFO - [2026-04-28T20:10:08.946+0000] {dag.py:3954} INFO - Setting next_dagrun for example_nested_branch_dag to 2026-04-27 00:00:00+00:00, run_after=2026-04-28 00:00:00+00:00
[2026-04-28T20:10:08.968+0000] {processor.py:183} INFO - Processing /home/airflow/.local/lib/python3.12/site-packages/airflow/example_dags/example_nested_branch_dag.py took 0.112 seconds
[2026-04-28T20:10:39.380+0000] {processor.py:161} INFO - Started process (PID=2056) to work on /home/airflow/.local/lib/python3.12/site-packages/airflow/example_dags/example_nested_branch_dag.py
[2026-04-28T20:10:39.383+0000] {processor.py:830} INFO - Processing file /home/airflow/.local/lib/python3.12/site-packages/airflow/example_dags/example_nested_branch_dag.py for tasks to queue
[2026-04-28T20:10:39.389+0000] {logging_mixin.py:188} INFO - [2026-04-28T20:10:39.389+0000] {dagbag.py:540} INFO - Filling up the DagBag from /home/airflow/.local/lib/python3.12/site-packages/airflow/example_dags/example_nested_branch_dag.py
[2026-04-28T20:10:39.403+0000] {processor.py:840} INFO - DAG(s) 'example_nested_branch_dag' retrieved from /home/airflow/.local/lib/python3.12/site-packages/airflow/example_dags/example_nested_branch_dag.py
[2026-04-28T20:10:39.432+0000] {logging_mixin.py:188} INFO - [2026-04-28T20:10:39.431+0000] {dag.py:3096} INFO - Sync 1 DAGs
[2026-04-28T20:10:39.470+0000] {logging_mixin.py:188} INFO - [2026-04-28T20:10:39.468+0000] {dag.py:3954} INFO - Setting next_dagrun for example_nested_branch_dag to 2026-04-27 00:00:00+00:00, run_after=2026-04-28 00:00:00+00:00
[2026-04-28T20:10:39.507+0000] {processor.py:183} INFO - Processing /home/airflow/.local/lib/python3.12/site-packages/airflow/example_dags/example_nested_branch_dag.py took 0.160 seconds
[2026-04-28T20:11:09.746+0000] {processor.py:161} INFO - Started process (PID=2116) to work on /home/airflow/.local/lib/python3.12/site-packages/airflow/example_dags/example_nested_branch_dag.py
[2026-04-28T20:11:09.747+0000] {processor.py:830} INFO - Processing file /home/airflow/.local/lib/python3.12/site-packages/airflow/example_dags/example_nested_branch_dag.py for tasks to queue
[2026-04-28T20:11:09.749+0000] {logging_mixin.py:188} INFO - [2026-04-28T20:11:09.749+0000] {dagbag.py:540} INFO - Filling up the DagBag from /home/airflow/.local/lib/python3.12/site-packages/airflow/example_dags/example_nested_branch_dag.py
[2026-04-28T20:11:09.766+0000] {processor.py:840} INFO - DAG(s) 'example_nested_branch_dag' retrieved from /home/airflow/.local/lib/python3.12/site-packages/airflow/example_dags/example_nested_branch_dag.py
[2026-04-28T20:11:09.803+0000] {logging_mixin.py:188} INFO - [2026-04-28T20:11:09.803+0000] {dag.py:3096} INFO - Sync 1 DAGs
[2026-04-28T20:11:09.832+0000] {logging_mixin.py:188} INFO - [2026-04-28T20:11:09.832+0000] {dag.py:3954} INFO - Setting next_dagrun for example_nested_branch_dag to 2026-04-27 00:00:00+00:00, run_after=2026-04-28 00:00:00+00:00
[2026-04-28T20:11:09.853+0000] {processor.py:183} INFO - Processing /home/airflow/.local/lib/python3.12/site-packages/airflow/example_dags/example_nested_branch_dag.py took 0.115 seconds
[2026-04-28T20:11:40.315+0000] {processor.py:161} INFO - Started process (PID=2176) to work on /home/airflow/.local/lib/python3.12/site-packages/airflow/example_dags/example_nested_branch_dag.py
[2026-04-28T20:11:40.321+0000] {processor.py:830} INFO - Processing file /home/airflow/.local/lib/python3.12/site-packages/airflow/example_dags/example_nested_branch_dag.py for tasks to queue
[2026-04-28T20:11:40.326+0000] {logging_mixin.py:188} INFO - [2026-04-28T20:11:40.326+0000] {dagbag.py:540} INFO - Filling up the DagBag from /home/airflow/.local/lib/python3.12/site-packages/airflow/example_dags/example_nested_branch_dag.py
[2026-04-28T20:11:40.355+0000] {processor.py:840} INFO - DAG(s) 'example_nested_branch_dag' retrieved from /home/airflow/.local/lib/python3.12/site-packages/airflow/example_dags/example_nested_branch_dag.py
[2026-04-28T20:11:40.390+0000] {logging_mixin.py:188} INFO - [2026-04-28T20:11:40.390+0000] {dag.py:3096} INFO - Sync 1 DAGs
[2026-04-28T20:11:40.430+0000] {logging_mixin.py:188} INFO - [2026-04-28T20:11:40.430+0000] {dag.py:3954} INFO - Setting next_dagrun for example_nested_branch_dag to 2026-04-27 00:00:00+00:00, run_after=2026-04-28 00:00:00+00:00
[2026-04-28T20:11:40.458+0000] {processor.py:183} INFO - Processing /home/airflow/.local/lib/python3.12/site-packages/airflow/example_dags/example_nested_branch_dag.py took 0.152 seconds
[2026-04-28T20:12:11.257+0000] {processor.py:161} INFO - Started process (PID=2236) to work on /home/airflow/.local/lib/python3.12/site-packages/airflow/example_dags/example_nested_branch_dag.py
[2026-04-28T20:12:11.258+0000] {processor.py:830} INFO - Processing file /home/airflow/.local/lib/python3.12/site-packages/airflow/example_dags/example_nested_branch_dag.py for tasks to queue
[2026-04-28T20:12:11.260+0000] {logging_mixin.py:188} INFO - [2026-04-28T20:12:11.260+0000] {dagbag.py:540} INFO - Filling up the DagBag from /home/airflow/.local/lib/python3.12/site-packages/airflow/example_dags/example_nested_branch_dag.py
[2026-04-28T20:12:11.273+0000] {processor.py:840} INFO - DAG(s) 'example_nested_branch_dag' retrieved from /home/airflow/.local/lib/python3.12/site-packages/airflow/example_dags/example_nested_branch_dag.py
[2026-04-28T20:12:11.300+0000] {logging_mixin.py:188} INFO - [2026-04-28T20:12:11.300+0000] {dag.py:3096} INFO - Sync 1 DAGs
[2026-04-28T20:12:11.339+0000] {logging_mixin.py:188} INFO - [2026-04-28T20:12:11.339+0000] {dag.py:3954} INFO - Setting next_dagrun for example_nested_branch_dag to 2026-04-27 00:00:00+00:00, run_after=2026-04-28 00:00:00+00:00
[2026-04-28T20:12:11.361+0000] {processor.py:183} INFO - Processing /home/airflow/.local/lib/python3.12/site-packages/airflow/example_dags/example_nested_branch_dag.py took 0.112 seconds
[2026-04-28T20:12:41.515+0000] {processor.py:161} INFO - Started process (PID=2296) to work on /home/airflow/.local/lib/python3.12/site-packages/airflow/example_dags/example_nested_branch_dag.py
[2026-04-28T20:12:41.522+0000] {processor.py:830} INFO - Processing file /home/airflow/.local/lib/python3.12/site-packages/airflow/example_dags/example_nested_branch_dag.py for tasks to queue
[2026-04-28T20:12:41.525+0000] {logging_mixin.py:188} INFO - [2026-04-28T20:12:41.525+0000] {dagbag.py:540} INFO - Filling up the DagBag from /home/airflow/.local/lib/python3.12/site-packages/airflow/example_dags/example_nested_branch_dag.py
[2026-04-28T20:12:41.551+0000] {processor.py:840} INFO - DAG(s) 'example_nested_branch_dag' retrieved from /home/airflow/.local/lib/python3.12/site-packages/airflow/example_dags/example_nested_branch_dag.py
[2026-04-28T20:12:41.592+0000] {logging_mixin.py:188} INFO - [2026-04-28T20:12:41.591+0000] {dag.py:3096} INFO - Sync 1 DAGs
[2026-04-28T20:12:41.638+0000] {logging_mixin.py:188} INFO - [2026-04-28T20:12:41.635+0000] {dag.py:3954} INFO - Setting next_dagrun for example_nested_branch_dag to 2026-04-27 00:00:00+00:00, run_after=2026-04-28 00:00:00+00:00
[2026-04-28T20:12:41.687+0000] {processor.py:183} INFO - Processing /home/airflow/.local/lib/python3.12/site-packages/airflow/example_dags/example_nested_branch_dag.py took 0.193 seconds
[2026-04-28T20:13:11.834+0000] {processor.py:161} INFO - Started process (PID=2354) to work on /home/airflow/.local/lib/python3.12/site-packages/airflow/example_dags/example_nested_branch_dag.py
[2026-04-28T20:13:11.837+0000] {processor.py:830} INFO - Processing file /home/airflow/.local/lib/python3.12/site-packages/airflow/example_dags/example_nested_branch_dag.py for tasks to queue
[2026-04-28T20:13:11.839+0000] {logging_mixin.py:188} INFO - [2026-04-28T20:13:11.839+0000] {dagbag.py:540} INFO - Filling up the DagBag from /home/airflow/.local/lib/python3.12/site-packages/airflow/example_dags/example_nested_branch_dag.py
[2026-04-28T20:13:11.853+0000] {processor.py:840} INFO - DAG(s) 'example_nested_branch_dag' retrieved from /home/airflow/.local/lib/python3.12/site-packages/airflow/example_dags/example_nested_branch_dag.py
[2026-04-28T20:13:11.881+0000] {logging_mixin.py:188} INFO - [2026-04-28T20:13:11.881+0000] {dag.py:3096} INFO - Sync 1 DAGs
[2026-04-28T20:13:11.909+0000] {logging_mixin.py:188} INFO - [2026-04-28T20:13:11.908+0000] {dag.py:3954} INFO - Setting next_dagrun for example_nested_branch_dag to 2026-04-27 00:00:00+00:00, run_after=2026-04-28 00:00:00+00:00
[2026-04-28T20:13:11.927+0000] {processor.py:183} INFO - Processing /home/airflow/.local/lib/python3.12/site-packages/airflow/example_dags/example_nested_branch_dag.py took 0.105 seconds
[2026-04-28T20:13:42.693+0000] {processor.py:161} INFO - Started process (PID=2416) to work on /home/airflow/.local/lib/python3.12/site-packages/airflow/example_dags/example_nested_branch_dag.py
[2026-04-28T20:13:42.694+0000] {processor.py:830} INFO - Processing file /home/airflow/.local/lib/python3.12/site-packages/airflow/example_dags/example_nested_branch_dag.py for tasks to queue
[2026-04-28T20:13:42.700+0000] {logging_mixin.py:188} INFO - [2026-04-28T20:13:42.699+0000] {dagbag.py:540} INFO - Filling up the DagBag from /home/airflow/.local/lib/python3.12/site-packages/airflow/example_dags/example_nested_branch_dag.py
[2026-04-28T20:13:42.712+0000] {processor.py:840} INFO - DAG(s) 'example_nested_branch_dag' retrieved from /home/airflow/.local/lib/python3.12/site-packages/airflow/example_dags/example_nested_branch_dag.py
[2026-04-28T20:13:42.743+0000] {logging_mixin.py:188} INFO - [2026-04-28T20:13:42.743+0000] {dag.py:3096} INFO - Sync 1 DAGs
[2026-04-28T20:13:42.772+0000] {logging_mixin.py:188} INFO - [2026-04-28T20:13:42.772+0000] {dag.py:3954} INFO - Setting next_dagrun for example_nested_branch_dag to 2026-04-27 00:00:00+00:00, run_after=2026-04-28 00:00:00+00:00
[2026-04-28T20:13:42.803+0000] {processor.py:183} INFO - Processing /home/airflow/.local/lib/python3.12/site-packages/airflow/example_dags/example_nested_branch_dag.py took 0.117 seconds
[2026-04-28T20:14:13.823+0000] {processor.py:161} INFO - Started process (PID=2477) to work on /home/airflow/.local/lib/python3.12/site-packages/airflow/example_dags/example_nested_branch_dag.py
[2026-04-28T20:14:13.824+0000] {processor.py:830} INFO - Processing file /home/airflow/.local/lib/python3.12/site-packages/airflow/example_dags/example_nested_branch_dag.py for tasks to queue
[2026-04-28T20:14:13.826+0000] {logging_mixin.py:188} INFO - [2026-04-28T20:14:13.826+0000] {dagbag.py:540} INFO - Filling up the DagBag from /home/airflow/.local/lib/python3.12/site-packages/airflow/example_dags/example_nested_branch_dag.py
[2026-04-28T20:14:13.839+0000] {processor.py:840} INFO - DAG(s) 'example_nested_branch_dag' retrieved from /home/airflow/.local/lib/python3.12/site-packages/airflow/example_dags/example_nested_branch_dag.py
[2026-04-28T20:14:13.863+0000] {logging_mixin.py:188} INFO - [2026-04-28T20:14:13.863+0000] {dag.py:3096} INFO - Sync 1 DAGs
[2026-04-28T20:14:13.915+0000] {logging_mixin.py:188} INFO - [2026-04-28T20:14:13.914+0000] {dag.py:3954} INFO - Setting next_dagrun for example_nested_branch_dag to 2026-04-27 00:00:00+00:00, run_after=2026-04-28 00:00:00+00:00
[2026-04-28T20:14:13.947+0000] {processor.py:183} INFO - Processing /home/airflow/.local/lib/python3.12/site-packages/airflow/example_dags/example_nested_branch_dag.py took 0.132 seconds
[2026-04-28T20:14:45.320+0000] {processor.py:161} INFO - Started process (PID=2538) to work on /home/airflow/.local/lib/python3.12/site-packages/airflow/example_dags/example_nested_branch_dag.py
[2026-04-28T20:14:45.321+0000] {processor.py:830} INFO - Processing file /home/airflow/.local/lib/python3.12/site-packages/airflow/example_dags/example_nested_branch_dag.py for tasks to queue
[2026-04-28T20:14:45.323+0000] {logging_mixin.py:188} INFO - [2026-04-28T20:14:45.323+0000] {dagbag.py:540} INFO - Filling up the DagBag from /home/airflow/.local/lib/python3.12/site-packages/airflow/example_dags/example_nested_branch_dag.py
[2026-04-28T20:14:45.341+0000] {processor.py:840} INFO - DAG(s) 'example_nested_branch_dag' retrieved from /home/airflow/.local/lib/python3.12/site-packages/airflow/example_dags/example_nested_branch_dag.py
[2026-04-28T20:14:45.433+0000] {logging_mixin.py:188} INFO - [2026-04-28T20:14:45.432+0000] {dag.py:3096} INFO - Sync 1 DAGs
[2026-04-28T20:14:45.497+0000] {logging_mixin.py:188} INFO - [2026-04-28T20:14:45.497+0000] {dag.py:3954} INFO - Setting next_dagrun for example_nested_branch_dag to 2026-04-27 00:00:00+00:00, run_after=2026-04-28 00:00:00+00:00
[2026-04-28T20:14:45.539+0000] {processor.py:183} INFO - Processing /home/airflow/.local/lib/python3.12/site-packages/airflow/example_dags/example_nested_branch_dag.py took 0.228 seconds
[2026-04-28T20:15:15.781+0000] {processor.py:161} INFO - Started process (PID=2597) to work on /home/airflow/.local/lib/python3.12/site-packages/airflow/example_dags/example_nested_branch_dag.py
[2026-04-28T20:15:15.782+0000] {processor.py:830} INFO - Processing file /home/airflow/.local/lib/python3.12/site-packages/airflow/example_dags/example_nested_branch_dag.py for tasks to queue
[2026-04-28T20:15:15.785+0000] {logging_mixin.py:188} INFO - [2026-04-28T20:15:15.784+0000] {dagbag.py:540} INFO - Filling up the DagBag from /home/airflow/.local/lib/python3.12/site-packages/airflow/example_dags/example_nested_branch_dag.py
[2026-04-28T20:15:15.798+0000] {processor.py:840} INFO - DAG(s) 'example_nested_branch_dag' retrieved from /home/airflow/.local/lib/python3.12/site-packages/airflow/example_dags/example_nested_branch_dag.py
[2026-04-28T20:15:15.827+0000] {logging_mixin.py:188} INFO - [2026-04-28T20:15:15.826+0000] {dag.py:3096} INFO - Sync 1 DAGs
[2026-04-28T20:15:15.857+0000] {logging_mixin.py:188} INFO - [2026-04-28T20:15:15.856+0000] {dag.py:3954} INFO - Setting next_dagrun for example_nested_branch_dag to 2026-04-27 00:00:00+00:00, run_after=2026-04-28 00:00:00+00:00
[2026-04-28T20:15:15.880+0000] {processor.py:183} INFO - Processing /home/airflow/.local/lib/python3.12/site-packages/airflow/example_dags/example_nested_branch_dag.py took 0.107 seconds
[2026-04-28T20:15:45.993+0000] {processor.py:161} INFO - Started process (PID=2656) to work on /home/airflow/.local/lib/python3.12/site-packages/airflow/example_dags/example_nested_branch_dag.py
[2026-04-28T20:15:45.994+0000] {processor.py:830} INFO - Processing file /home/airflow/.local/lib/python3.12/site-packages/airflow/example_dags/example_nested_branch_dag.py for tasks to queue
[2026-04-28T20:15:45.996+0000] {logging_mixin.py:188} INFO - [2026-04-28T20:15:45.996+0000] {dagbag.py:540} INFO - Filling up the DagBag from /home/airflow/.local/lib/python3.12/site-packages/airflow/example_dags/example_nested_branch_dag.py
[2026-04-28T20:15:46.007+0000] {processor.py:840} INFO - DAG(s) 'example_nested_branch_dag' retrieved from /home/airflow/.local/lib/python3.12/site-packages/airflow/example_dags/example_nested_branch_dag.py
[2026-04-28T20:15:46.027+0000] {logging_mixin.py:188} INFO - [2026-04-28T20:15:46.027+0000] {dag.py:3096} INFO - Sync 1 DAGs
[2026-04-28T20:15:46.046+0000] {logging_mixin.py:188} INFO - [2026-04-28T20:15:46.046+0000] {dag.py:3954} INFO - Setting next_dagrun for example_nested_branch_dag to 2026-04-27 00:00:00+00:00, run_after=2026-04-28 00:00:00+00:00
[2026-04-28T20:15:46.061+0000] {processor.py:183} INFO - Processing /home/airflow/.local/lib/python3.12/site-packages/airflow/example_dags/example_nested_branch_dag.py took 0.074 seconds
[2026-04-28T20:16:16.613+0000] {processor.py:161} INFO - Started process (PID=2716) to work on /home/airflow/.local/lib/python3.12/site-packages/airflow/example_dags/example_nested_branch_dag.py
[2026-04-28T20:16:16.615+0000] {processor.py:830} INFO - Processing file /home/airflow/.local/lib/python3.12/site-packages/airflow/example_dags/example_nested_branch_dag.py for tasks to queue
[2026-04-28T20:16:16.617+0000] {logging_mixin.py:188} INFO - [2026-04-28T20:16:16.616+0000] {dagbag.py:540} INFO - Filling up the DagBag from /home/airflow/.local/lib/python3.12/site-packages/airflow/example_dags/example_nested_branch_dag.py
[2026-04-28T20:16:16.631+0000] {processor.py:840} INFO - DAG(s) 'example_nested_branch_dag' retrieved from /home/airflow/.local/lib/python3.12/site-packages/airflow/example_dags/example_nested_branch_dag.py
[2026-04-28T20:16:16.659+0000] {logging_mixin.py:188} INFO - [2026-04-28T20:16:16.659+0000] {dag.py:3096} INFO - Sync 1 DAGs
[2026-04-28T20:16:16.686+0000] {logging_mixin.py:188} INFO - [2026-04-28T20:16:16.685+0000] {dag.py:3954} INFO - Setting next_dagrun for example_nested_branch_dag to 2026-04-27 00:00:00+00:00, run_after=2026-04-28 00:00:00+00:00
[2026-04-28T20:16:16.704+0000] {processor.py:183} INFO - Processing /home/airflow/.local/lib/python3.12/site-packages/airflow/example_dags/example_nested_branch_dag.py took 0.099 seconds
[2026-04-28T20:16:47.368+0000] {processor.py:161} INFO - Started process (PID=2777) to work on /home/airflow/.local/lib/python3.12/site-packages/airflow/example_dags/example_nested_branch_dag.py
[2026-04-28T20:16:47.369+0000] {processor.py:830} INFO - Processing file /home/airflow/.local/lib/python3.12/site-packages/airflow/example_dags/example_nested_branch_dag.py for tasks to queue
[2026-04-28T20:16:47.371+0000] {logging_mixin.py:188} INFO - [2026-04-28T20:16:47.371+0000] {dagbag.py:540} INFO - Filling up the DagBag from /home/airflow/.local/lib/python3.12/site-packages/airflow/example_dags/example_nested_branch_dag.py
[2026-04-28T20:16:47.384+0000] {processor.py:840} INFO - DAG(s) 'example_nested_branch_dag' retrieved from /home/airflow/.local/lib/python3.12/site-packages/airflow/example_dags/example_nested_branch_dag.py
[2026-04-28T20:16:47.439+0000] {logging_mixin.py:188} INFO - [2026-04-28T20:16:47.439+0000] {dag.py:3096} INFO - Sync 1 DAGs
[2026-04-28T20:16:47.468+0000] {logging_mixin.py:188} INFO - [2026-04-28T20:16:47.468+0000] {dag.py:3954} INFO - Setting next_dagrun for example_nested_branch_dag to 2026-04-27 00:00:00+00:00, run_after=2026-04-28 00:00:00+00:00
[2026-04-28T20:16:47.494+0000] {processor.py:183} INFO - Processing /home/airflow/.local/lib/python3.12/site-packages/airflow/example_dags/example_nested_branch_dag.py took 0.133 seconds
[2026-04-28T20:17:18.364+0000] {processor.py:161} INFO - Started process (PID=2837) to work on /home/airflow/.local/lib/python3.12/site-packages/airflow/example_dags/example_nested_branch_dag.py
[2026-04-28T20:17:18.365+0000] {processor.py:830} INFO - Processing file /home/airflow/.local/lib/python3.12/site-packages/airflow/example_dags/example_nested_branch_dag.py for tasks to queue
[2026-04-28T20:17:18.367+0000] {logging_mixin.py:188} INFO - [2026-04-28T20:17:18.367+0000] {dagbag.py:540} INFO - Filling up the DagBag from /home/airflow/.local/lib/python3.12/site-packages/airflow/example_dags/example_nested_branch_dag.py
[2026-04-28T20:17:18.384+0000] {processor.py:840} INFO - DAG(s) 'example_nested_branch_dag' retrieved from /home/airflow/.local/lib/python3.12/site-packages/airflow/example_dags/example_nested_branch_dag.py
[2026-04-28T20:17:18.462+0000] {logging_mixin.py:188} INFO - [2026-04-28T20:17:18.462+0000] {dag.py:3096} INFO - Sync 1 DAGs
[2026-04-28T20:17:18.553+0000] {logging_mixin.py:188} INFO - [2026-04-28T20:17:18.553+0000] {dag.py:3954} INFO - Setting next_dagrun for example_nested_branch_dag to 2026-04-27 00:00:00+00:00, run_after=2026-04-28 00:00:00+00:00
[2026-04-28T20:17:18.601+0000] {processor.py:183} INFO - Processing /home/airflow/.local/lib/python3.12/site-packages/airflow/example_dags/example_nested_branch_dag.py took 0.253 seconds
[2026-04-28T20:17:48.721+0000] {processor.py:161} INFO - Started process (PID=2898) to work on /home/airflow/.local/lib/python3.12/site-packages/airflow/example_dags/example_nested_branch_dag.py
[2026-04-28T20:17:48.722+0000] {processor.py:830} INFO - Processing file /home/airflow/.local/lib/python3.12/site-packages/airflow/example_dags/example_nested_branch_dag.py for tasks to queue
[2026-04-28T20:17:48.724+0000] {logging_mixin.py:188} INFO - [2026-04-28T20:17:48.724+0000] {dagbag.py:540} INFO - Filling up the DagBag from /home/airflow/.local/lib/python3.12/site-packages/airflow/example_dags/example_nested_branch_dag.py
[2026-04-28T20:17:48.735+0000] {processor.py:840} INFO - DAG(s) 'example_nested_branch_dag' retrieved from /home/airflow/.local/lib/python3.12/site-packages/airflow/example_dags/example_nested_branch_dag.py
[2026-04-28T20:17:48.755+0000] {logging_mixin.py:188} INFO - [2026-04-28T20:17:48.755+0000] {dag.py:3096} INFO - Sync 1 DAGs
[2026-04-28T20:17:48.774+0000] {logging_mixin.py:188} INFO - [2026-04-28T20:17:48.774+0000] {dag.py:3954} INFO - Setting next_dagrun for example_nested_branch_dag to 2026-04-27 00:00:00+00:00, run_after=2026-04-28 00:00:00+00:00
[2026-04-28T20:17:48.790+0000] {processor.py:183} INFO - Processing /home/airflow/.local/lib/python3.12/site-packages/airflow/example_dags/example_nested_branch_dag.py took 0.076 seconds
[2026-04-28T20:18:19.146+0000] {processor.py:161} INFO - Started process (PID=2957) to work on /home/airflow/.local/lib/python3.12/site-packages/airflow/example_dags/example_nested_branch_dag.py
[2026-04-28T20:18:19.149+0000] {processor.py:830} INFO - Processing file /home/airflow/.local/lib/python3.12/site-packages/airflow/example_dags/example_nested_branch_dag.py for tasks to queue
[2026-04-28T20:18:19.151+0000] {logging_mixin.py:188} INFO - [2026-04-28T20:18:19.151+0000] {dagbag.py:540} INFO - Filling up the DagBag from /home/airflow/.local/lib/python3.12/site-packages/airflow/example_dags/example_nested_branch_dag.py
[2026-04-28T20:18:19.163+0000] {processor.py:840} INFO - DAG(s) 'example_nested_branch_dag' retrieved from /home/airflow/.local/lib/python3.12/site-packages/airflow/example_dags/example_nested_branch_dag.py
[2026-04-28T20:18:19.193+0000] {logging_mixin.py:188} INFO - [2026-04-28T20:18:19.193+0000] {dag.py:3096} INFO - Sync 1 DAGs
[2026-04-28T20:18:19.221+0000] {logging_mixin.py:188} INFO - [2026-04-28T20:18:19.221+0000] {dag.py:3954} INFO - Setting next_dagrun for example_nested_branch_dag to 2026-04-27 00:00:00+00:00, run_after=2026-04-28 00:00:00+00:00
[2026-04-28T20:18:19.241+0000] {processor.py:183} INFO - Processing /home/airflow/.local/lib/python3.12/site-packages/airflow/example_dags/example_nested_branch_dag.py took 0.102 seconds
[2026-04-28T20:18:49.354+0000] {processor.py:161} INFO - Started process (PID=3016) to work on /home/airflow/.local/lib/python3.12/site-packages/airflow/example_dags/example_nested_branch_dag.py
[2026-04-28T20:18:49.355+0000] {processor.py:830} INFO - Processing file /home/airflow/.local/lib/python3.12/site-packages/airflow/example_dags/example_nested_branch_dag.py for tasks to queue
[2026-04-28T20:18:49.357+0000] {logging_mixin.py:188} INFO - [2026-04-28T20:18:49.356+0000] {dagbag.py:540} INFO - Filling up the DagBag from /home/airflow/.local/lib/python3.12/site-packages/airflow/example_dags/example_nested_branch_dag.py
[2026-04-28T20:18:49.370+0000] {processor.py:840} INFO - DAG(s) 'example_nested_branch_dag' retrieved from /home/airflow/.local/lib/python3.12/site-packages/airflow/example_dags/example_nested_branch_dag.py
[2026-04-28T20:18:49.397+0000] {logging_mixin.py:188} INFO - [2026-04-28T20:18:49.397+0000] {dag.py:3096} INFO - Sync 1 DAGs
[2026-04-28T20:18:49.425+0000] {logging_mixin.py:188} INFO - [2026-04-28T20:18:49.425+0000] {dag.py:3954} INFO - Setting next_dagrun for example_nested_branch_dag to 2026-04-27 00:00:00+00:00, run_after=2026-04-28 00:00:00+00:00
[2026-04-28T20:18:49.444+0000] {processor.py:183} INFO - Processing /home/airflow/.local/lib/python3.12/site-packages/airflow/example_dags/example_nested_branch_dag.py took 0.098 seconds
[2026-04-28T20:19:20.415+0000] {processor.py:161} INFO - Started process (PID=3076) to work on /home/airflow/.local/lib/python3.12/site-packages/airflow/example_dags/example_nested_branch_dag.py
[2026-04-28T20:19:20.416+0000] {processor.py:830} INFO - Processing file /home/airflow/.local/lib/python3.12/site-packages/airflow/example_dags/example_nested_branch_dag.py for tasks to queue
[2026-04-28T20:19:20.419+0000] {logging_mixin.py:188} INFO - [2026-04-28T20:19:20.418+0000] {dagbag.py:540} INFO - Filling up the DagBag from /home/airflow/.local/lib/python3.12/site-packages/airflow/example_dags/example_nested_branch_dag.py
[2026-04-28T20:19:20.439+0000] {processor.py:840} INFO - DAG(s) 'example_nested_branch_dag' retrieved from /home/airflow/.local/lib/python3.12/site-packages/airflow/example_dags/example_nested_branch_dag.py
[2026-04-28T20:19:20.519+0000] {logging_mixin.py:188} INFO - [2026-04-28T20:19:20.519+0000] {dag.py:3096} INFO - Sync 1 DAGs
[2026-04-28T20:19:20.585+0000] {logging_mixin.py:188} INFO - [2026-04-28T20:19:20.584+0000] {dag.py:3954} INFO - Setting next_dagrun for example_nested_branch_dag to 2026-04-27 00:00:00+00:00, run_after=2026-04-28 00:00:00+00:00
[2026-04-28T20:19:20.649+0000] {processor.py:183} INFO - Processing /home/airflow/.local/lib/python3.12/site-packages/airflow/example_dags/example_nested_branch_dag.py took 0.248 seconds
[2026-04-28T20:19:51.916+0000] {processor.py:161} INFO - Started process (PID=3142) to work on /home/airflow/.local/lib/python3.12/site-packages/airflow/example_dags/example_nested_branch_dag.py
[2026-04-28T20:19:51.923+0000] {processor.py:830} INFO - Processing file /home/airflow/.local/lib/python3.12/site-packages/airflow/example_dags/example_nested_branch_dag.py for tasks to queue
[2026-04-28T20:19:51.959+0000] {logging_mixin.py:188} INFO - [2026-04-28T20:19:51.959+0000] {dagbag.py:540} INFO - Filling up the DagBag from /home/airflow/.local/lib/python3.12/site-packages/airflow/example_dags/example_nested_branch_dag.py
[2026-04-28T20:19:52.033+0000] {processor.py:840} INFO - DAG(s) 'example_nested_branch_dag' retrieved from /home/airflow/.local/lib/python3.12/site-packages/airflow/example_dags/example_nested_branch_dag.py
[2026-04-28T20:19:52.103+0000] {logging_mixin.py:188} INFO - [2026-04-28T20:19:52.102+0000] {dag.py:3096} INFO - Sync 1 DAGs
[2026-04-28T20:19:52.160+0000] {logging_mixin.py:188} INFO - [2026-04-28T20:19:52.159+0000] {dag.py:3954} INFO - Setting next_dagrun for example_nested_branch_dag to 2026-04-27 00:00:00+00:00, run_after=2026-04-28 00:00:00+00:00
[2026-04-28T20:19:52.223+0000] {processor.py:183} INFO - Processing /home/airflow/.local/lib/python3.12/site-packages/airflow/example_dags/example_nested_branch_dag.py took 0.384 seconds
[2026-04-28T20:20:22.628+0000] {processor.py:161} INFO - Started process (PID=3202) to work on /home/airflow/.local/lib/python3.12/site-packages/airflow/example_dags/example_nested_branch_dag.py
[2026-04-28T20:20:22.631+0000] {processor.py:830} INFO - Processing file /home/airflow/.local/lib/python3.12/site-packages/airflow/example_dags/example_nested_branch_dag.py for tasks to queue
[2026-04-28T20:20:22.634+0000] {logging_mixin.py:188} INFO - [2026-04-28T20:20:22.633+0000] {dagbag.py:540} INFO - Filling up the DagBag from /home/airflow/.local/lib/python3.12/site-packages/airflow/example_dags/example_nested_branch_dag.py
[2026-04-28T20:20:22.653+0000] {processor.py:840} INFO - DAG(s) 'example_nested_branch_dag' retrieved from /home/airflow/.local/lib/python3.12/site-packages/airflow/example_dags/example_nested_branch_dag.py
[2026-04-28T20:20:22.694+0000] {logging_mixin.py:188} INFO - [2026-04-28T20:20:22.693+0000] {dag.py:3096} INFO - Sync 1 DAGs
[2026-04-28T20:20:22.732+0000] {logging_mixin.py:188} INFO - [2026-04-28T20:20:22.731+0000] {dag.py:3954} INFO - Setting next_dagrun for example_nested_branch_dag to 2026-04-27 00:00:00+00:00, run_after=2026-04-28 00:00:00+00:00
[2026-04-28T20:20:22.752+0000] {processor.py:183} INFO - Processing /home/airflow/.local/lib/python3.12/site-packages/airflow/example_dags/example_nested_branch_dag.py took 0.140 seconds
[2026-04-28T20:20:53.025+0000] {processor.py:161} INFO - Started process (PID=3262) to work on /home/airflow/.local/lib/python3.12/site-packages/airflow/example_dags/example_nested_branch_dag.py
[2026-04-28T20:20:53.025+0000] {processor.py:830} INFO - Processing file /home/airflow/.local/lib/python3.12/site-packages/airflow/example_dags/example_nested_branch_dag.py for tasks to queue
[2026-04-28T20:20:53.029+0000] {logging_mixin.py:188} INFO - [2026-04-28T20:20:53.028+0000] {dagbag.py:540} INFO - Filling up the DagBag from /home/airflow/.local/lib/python3.12/site-packages/airflow/example_dags/example_nested_branch_dag.py
[2026-04-28T20:20:53.041+0000] {processor.py:840} INFO - DAG(s) 'example_nested_branch_dag' retrieved from /home/airflow/.local/lib/python3.12/site-packages/airflow/example_dags/example_nested_branch_dag.py
[2026-04-28T20:20:53.076+0000] {logging_mixin.py:188} INFO - [2026-04-28T20:20:53.076+0000] {dag.py:3096} INFO - Sync 1 DAGs
[2026-04-28T20:20:53.108+0000] {logging_mixin.py:188} INFO - [2026-04-28T20:20:53.108+0000] {dag.py:3954} INFO - Setting next_dagrun for example_nested_branch_dag to 2026-04-27 00:00:00+00:00, run_after=2026-04-28 00:00:00+00:00
[2026-04-28T20:20:53.187+0000] {processor.py:183} INFO - Processing /home/airflow/.local/lib/python3.12/site-packages/airflow/example_dags/example_nested_branch_dag.py took 0.172 seconds
[2026-04-28T20:21:32.061+0000] {processor.py:161} INFO - Started process (PID=3322) to work on /home/airflow/.local/lib/python3.12/site-packages/airflow/example_dags/example_nested_branch_dag.py
[2026-04-28T20:21:32.078+0000] {processor.py:830} INFO - Processing file /home/airflow/.local/lib/python3.12/site-packages/airflow/example_dags/example_nested_branch_dag.py for tasks to queue
[2026-04-28T20:21:32.106+0000] {logging_mixin.py:188} INFO - [2026-04-28T20:21:32.099+0000] {dagbag.py:540} INFO - Filling up the DagBag from /home/airflow/.local/lib/python3.12/site-packages/airflow/example_dags/example_nested_branch_dag.py
[2026-04-28T20:21:32.158+0000] {processor.py:840} INFO - DAG(s) 'example_nested_branch_dag' retrieved from /home/airflow/.local/lib/python3.12/site-packages/airflow/example_dags/example_nested_branch_dag.py
[2026-04-28T20:21:32.315+0000] {logging_mixin.py:188} INFO - [2026-04-28T20:21:32.315+0000] {dag.py:3096} INFO - Sync 1 DAGs
[2026-04-28T20:21:32.551+0000] {logging_mixin.py:188} INFO - [2026-04-28T20:21:32.548+0000] {dag.py:3954} INFO - Setting next_dagrun for example_nested_branch_dag to 2026-04-27 00:00:00+00:00, run_after=2026-04-28 00:00:00+00:00
[2026-04-28T20:21:33.020+0000] {processor.py:183} INFO - Processing /home/airflow/.local/lib/python3.12/site-packages/airflow/example_dags/example_nested_branch_dag.py took 0.984 seconds
[2026-04-28T20:32:37.779+0000] {processor.py:161} INFO - Started process (PID=205) to work on /home/airflow/.local/lib/python3.12/site-packages/airflow/example_dags/example_nested_branch_dag.py
[2026-04-28T20:32:37.783+0000] {processor.py:830} INFO - Processing file /home/airflow/.local/lib/python3.12/site-packages/airflow/example_dags/example_nested_branch_dag.py for tasks to queue
[2026-04-28T20:32:37.798+0000] {logging_mixin.py:188} INFO - [2026-04-28T20:32:37.797+0000] {dagbag.py:540} INFO - Filling up the DagBag from /home/airflow/.local/lib/python3.12/site-packages/airflow/example_dags/example_nested_branch_dag.py
[2026-04-28T20:32:37.817+0000] {processor.py:840} INFO - DAG(s) 'example_nested_branch_dag' retrieved from /home/airflow/.local/lib/python3.12/site-packages/airflow/example_dags/example_nested_branch_dag.py
[2026-04-28T20:32:38.128+0000] {logging_mixin.py:188} INFO - [2026-04-28T20:32:38.128+0000] {dag.py:3096} INFO - Sync 1 DAGs
[2026-04-28T20:32:38.174+0000] {logging_mixin.py:188} INFO - [2026-04-28T20:32:38.174+0000] {dag.py:3954} INFO - Setting next_dagrun for example_nested_branch_dag to 2026-04-27 00:00:00+00:00, run_after=2026-04-28 00:00:00+00:00
[2026-04-28T20:32:38.225+0000] {processor.py:183} INFO - Processing /home/airflow/.local/lib/python3.12/site-packages/airflow/example_dags/example_nested_branch_dag.py took 0.460 seconds
[2026-04-28T20:33:17.997+0000] {processor.py:161} INFO - Started process (PID=265) to work on /home/airflow/.local/lib/python3.12/site-packages/airflow/example_dags/example_nested_branch_dag.py
[2026-04-28T20:33:18.048+0000] {processor.py:830} INFO - Processing file /home/airflow/.local/lib/python3.12/site-packages/airflow/example_dags/example_nested_branch_dag.py for tasks to queue
[2026-04-28T20:33:18.054+0000] {logging_mixin.py:188} INFO - [2026-04-28T20:33:18.053+0000] {dagbag.py:540} INFO - Filling up the DagBag from /home/airflow/.local/lib/python3.12/site-packages/airflow/example_dags/example_nested_branch_dag.py
[2026-04-28T20:33:18.107+0000] {processor.py:840} INFO - DAG(s) 'example_nested_branch_dag' retrieved from /home/airflow/.local/lib/python3.12/site-packages/airflow/example_dags/example_nested_branch_dag.py
[2026-04-28T20:33:18.271+0000] {logging_mixin.py:188} INFO - [2026-04-28T20:33:18.270+0000] {dag.py:3096} INFO - Sync 1 DAGs
[2026-04-28T20:33:18.428+0000] {logging_mixin.py:188} INFO - [2026-04-28T20:33:18.428+0000] {dag.py:3954} INFO - Setting next_dagrun for example_nested_branch_dag to 2026-04-27 00:00:00+00:00, run_after=2026-04-28 00:00:00+00:00
[2026-04-28T20:33:18.524+0000] {processor.py:183} INFO - Processing /home/airflow/.local/lib/python3.12/site-packages/airflow/example_dags/example_nested_branch_dag.py took 0.554 seconds
[2026-04-28T20:33:50.413+0000] {processor.py:161} INFO - Started process (PID=325) to work on /home/airflow/.local/lib/python3.12/site-packages/airflow/example_dags/example_nested_branch_dag.py
[2026-04-28T20:33:50.422+0000] {processor.py:830} INFO - Processing file /home/airflow/.local/lib/python3.12/site-packages/airflow/example_dags/example_nested_branch_dag.py for tasks to queue
[2026-04-28T20:33:50.432+0000] {logging_mixin.py:188} INFO - [2026-04-28T20:33:50.428+0000] {dagbag.py:540} INFO - Filling up the DagBag from /home/airflow/.local/lib/python3.12/site-packages/airflow/example_dags/example_nested_branch_dag.py
[2026-04-28T20:33:50.502+0000] {processor.py:840} INFO - DAG(s) 'example_nested_branch_dag' retrieved from /home/airflow/.local/lib/python3.12/site-packages/airflow/example_dags/example_nested_branch_dag.py
[2026-04-28T20:33:50.616+0000] {logging_mixin.py:188} INFO - [2026-04-28T20:33:50.616+0000] {dag.py:3096} INFO - Sync 1 DAGs
[2026-04-28T20:33:50.729+0000] {logging_mixin.py:188} INFO - [2026-04-28T20:33:50.729+0000] {dag.py:3954} INFO - Setting next_dagrun for example_nested_branch_dag to 2026-04-27 00:00:00+00:00, run_after=2026-04-28 00:00:00+00:00
[2026-04-28T20:33:50.829+0000] {processor.py:183} INFO - Processing /home/airflow/.local/lib/python3.12/site-packages/airflow/example_dags/example_nested_branch_dag.py took 0.438 seconds
[2026-04-28T20:34:21.089+0000] {processor.py:161} INFO - Started process (PID=385) to work on /home/airflow/.local/lib/python3.12/site-packages/airflow/example_dags/example_nested_branch_dag.py
[2026-04-28T20:34:21.090+0000] {processor.py:830} INFO - Processing file /home/airflow/.local/lib/python3.12/site-packages/airflow/example_dags/example_nested_branch_dag.py for tasks to queue
[2026-04-28T20:34:21.092+0000] {logging_mixin.py:188} INFO - [2026-04-28T20:34:21.092+0000] {dagbag.py:540} INFO - Filling up the DagBag from /home/airflow/.local/lib/python3.12/site-packages/airflow/example_dags/example_nested_branch_dag.py
[2026-04-28T20:34:21.105+0000] {processor.py:840} INFO - DAG(s) 'example_nested_branch_dag' retrieved from /home/airflow/.local/lib/python3.12/site-packages/airflow/example_dags/example_nested_branch_dag.py
[2026-04-28T20:34:21.137+0000] {logging_mixin.py:188} INFO - [2026-04-28T20:34:21.136+0000] {dag.py:3096} INFO - Sync 1 DAGs
[2026-04-28T20:34:21.169+0000] {logging_mixin.py:188} INFO - [2026-04-28T20:34:21.169+0000] {dag.py:3954} INFO - Setting next_dagrun for example_nested_branch_dag to 2026-04-27 00:00:00+00:00, run_after=2026-04-28 00:00:00+00:00
[2026-04-28T20:34:21.186+0000] {processor.py:183} INFO - Processing /home/airflow/.local/lib/python3.12/site-packages/airflow/example_dags/example_nested_branch_dag.py took 0.114 seconds
[2026-04-28T20:34:51.948+0000] {processor.py:161} INFO - Started process (PID=445) to work on /home/airflow/.local/lib/python3.12/site-packages/airflow/example_dags/example_nested_branch_dag.py
[2026-04-28T20:34:51.953+0000] {processor.py:830} INFO - Processing file /home/airflow/.local/lib/python3.12/site-packages/airflow/example_dags/example_nested_branch_dag.py for tasks to queue
[2026-04-28T20:34:51.956+0000] {logging_mixin.py:188} INFO - [2026-04-28T20:34:51.955+0000] {dagbag.py:540} INFO - Filling up the DagBag from /home/airflow/.local/lib/python3.12/site-packages/airflow/example_dags/example_nested_branch_dag.py
[2026-04-28T20:34:51.981+0000] {processor.py:840} INFO - DAG(s) 'example_nested_branch_dag' retrieved from /home/airflow/.local/lib/python3.12/site-packages/airflow/example_dags/example_nested_branch_dag.py
[2026-04-28T20:34:52.050+0000] {logging_mixin.py:188} INFO - [2026-04-28T20:34:52.049+0000] {dag.py:3096} INFO - Sync 1 DAGs
[2026-04-28T20:34:52.118+0000] {logging_mixin.py:188} INFO - [2026-04-28T20:34:52.115+0000] {dag.py:3954} INFO - Setting next_dagrun for example_nested_branch_dag to 2026-04-27 00:00:00+00:00, run_after=2026-04-28 00:00:00+00:00
[2026-04-28T20:34:52.174+0000] {processor.py:183} INFO - Processing /home/airflow/.local/lib/python3.12/site-packages/airflow/example_dags/example_nested_branch_dag.py took 0.234 seconds
[2026-04-28T20:47:23.084+0000] {processor.py:161} INFO - Started process (PID=102) to work on /home/airflow/.local/lib/python3.12/site-packages/airflow/example_dags/example_nested_branch_dag.py
[2026-04-28T20:47:23.089+0000] {processor.py:830} INFO - Processing file /home/airflow/.local/lib/python3.12/site-packages/airflow/example_dags/example_nested_branch_dag.py for tasks to queue
[2026-04-28T20:47:23.095+0000] {logging_mixin.py:188} INFO - [2026-04-28T20:47:23.094+0000] {dagbag.py:540} INFO - Filling up the DagBag from /home/airflow/.local/lib/python3.12/site-packages/airflow/example_dags/example_nested_branch_dag.py
[2026-04-28T20:47:23.125+0000] {processor.py:840} INFO - DAG(s) 'example_nested_branch_dag' retrieved from /home/airflow/.local/lib/python3.12/site-packages/airflow/example_dags/example_nested_branch_dag.py
[2026-04-28T20:47:23.429+0000] {logging_mixin.py:188} INFO - [2026-04-28T20:47:23.424+0000] {override.py:1829} INFO - Created Permission View: can read on DAG:example_nested_branch_dag
[2026-04-28T20:47:23.502+0000] {logging_mixin.py:188} INFO - [2026-04-28T20:47:23.501+0000] {override.py:1829} INFO - Created Permission View: can delete on DAG:example_nested_branch_dag
[2026-04-28T20:47:23.518+0000] {logging_mixin.py:188} INFO - [2026-04-28T20:47:23.517+0000] {override.py:1829} INFO - Created Permission View: can edit on DAG:example_nested_branch_dag
[2026-04-28T20:47:23.519+0000] {logging_mixin.py:188} INFO - [2026-04-28T20:47:23.519+0000] {dag.py:3096} INFO - Sync 1 DAGs
[2026-04-28T20:47:23.547+0000] {logging_mixin.py:188} INFO - [2026-04-28T20:47:23.547+0000] {dag.py:3118} INFO - Creating ORM DAG for example_nested_branch_dag
[2026-04-28T20:47:23.593+0000] {logging_mixin.py:188} INFO - [2026-04-28T20:47:23.588+0000] {dag.py:3954} INFO - Setting next_dagrun for example_nested_branch_dag to 2026-04-27 00:00:00+00:00, run_after=2026-04-28 00:00:00+00:00
[2026-04-28T20:47:23.678+0000] {processor.py:183} INFO - Processing /home/airflow/.local/lib/python3.12/site-packages/airflow/example_dags/example_nested_branch_dag.py took 0.613 seconds
[2026-04-28T20:47:53.783+0000] {processor.py:161} INFO - Started process (PID=161) to work on /home/airflow/.local/lib/python3.12/site-packages/airflow/example_dags/example_nested_branch_dag.py
[2026-04-28T20:47:53.789+0000] {processor.py:830} INFO - Processing file /home/airflow/.local/lib/python3.12/site-packages/airflow/example_dags/example_nested_branch_dag.py for tasks to queue
[2026-04-28T20:47:53.792+0000] {logging_mixin.py:188} INFO - [2026-04-28T20:47:53.791+0000] {dagbag.py:540} INFO - Filling up the DagBag from /home/airflow/.local/lib/python3.12/site-packages/airflow/example_dags/example_nested_branch_dag.py
[2026-04-28T20:47:53.818+0000] {processor.py:840} INFO - DAG(s) 'example_nested_branch_dag' retrieved from /home/airflow/.local/lib/python3.12/site-packages/airflow/example_dags/example_nested_branch_dag.py
[2026-04-28T20:47:53.862+0000] {logging_mixin.py:188} INFO - [2026-04-28T20:47:53.862+0000] {dag.py:3096} INFO - Sync 1 DAGs
[2026-04-28T20:47:53.933+0000] {logging_mixin.py:188} INFO - [2026-04-28T20:47:53.932+0000] {dag.py:3954} INFO - Setting next_dagrun for example_nested_branch_dag to 2026-04-27 00:00:00+00:00, run_after=2026-04-28 00:00:00+00:00
[2026-04-28T20:47:53.995+0000] {processor.py:183} INFO - Processing /home/airflow/.local/lib/python3.12/site-packages/airflow/example_dags/example_nested_branch_dag.py took 0.222 seconds
[2026-04-28T20:48:24.132+0000] {processor.py:161} INFO - Started process (PID=221) to work on /home/airflow/.local/lib/python3.12/site-packages/airflow/example_dags/example_nested_branch_dag.py
[2026-04-28T20:48:24.133+0000] {processor.py:830} INFO - Processing file /home/airflow/.local/lib/python3.12/site-packages/airflow/example_dags/example_nested_branch_dag.py for tasks to queue
[2026-04-28T20:48:24.136+0000] {logging_mixin.py:188} INFO - [2026-04-28T20:48:24.135+0000] {dagbag.py:540} INFO - Filling up the DagBag from /home/airflow/.local/lib/python3.12/site-packages/airflow/example_dags/example_nested_branch_dag.py
[2026-04-28T20:48:24.160+0000] {processor.py:840} INFO - DAG(s) 'example_nested_branch_dag' retrieved from /home/airflow/.local/lib/python3.12/site-packages/airflow/example_dags/example_nested_branch_dag.py
[2026-04-28T20:48:24.304+0000] {logging_mixin.py:188} INFO - [2026-04-28T20:48:24.304+0000] {dag.py:3096} INFO - Sync 1 DAGs
[2026-04-28T20:48:24.428+0000] {logging_mixin.py:188} INFO - [2026-04-28T20:48:24.428+0000] {dag.py:3954} INFO - Setting next_dagrun for example_nested_branch_dag to 2026-04-27 00:00:00+00:00, run_after=2026-04-28 00:00:00+00:00
[2026-04-28T20:48:24.485+0000] {processor.py:183} INFO - Processing /home/airflow/.local/lib/python3.12/site-packages/airflow/example_dags/example_nested_branch_dag.py took 0.364 seconds
[2026-04-28T20:48:55.364+0000] {processor.py:161} INFO - Started process (PID=281) to work on /home/airflow/.local/lib/python3.12/site-packages/airflow/example_dags/example_nested_branch_dag.py
[2026-04-28T20:48:55.365+0000] {processor.py:830} INFO - Processing file /home/airflow/.local/lib/python3.12/site-packages/airflow/example_dags/example_nested_branch_dag.py for tasks to queue
[2026-04-28T20:48:55.367+0000] {logging_mixin.py:188} INFO - [2026-04-28T20:48:55.367+0000] {dagbag.py:540} INFO - Filling up the DagBag from /home/airflow/.local/lib/python3.12/site-packages/airflow/example_dags/example_nested_branch_dag.py
[2026-04-28T20:48:55.380+0000] {processor.py:840} INFO - DAG(s) 'example_nested_branch_dag' retrieved from /home/airflow/.local/lib/python3.12/site-packages/airflow/example_dags/example_nested_branch_dag.py
[2026-04-28T20:48:55.426+0000] {logging_mixin.py:188} INFO - [2026-04-28T20:48:55.426+0000] {dag.py:3096} INFO - Sync 1 DAGs
[2026-04-28T20:48:55.477+0000] {logging_mixin.py:188} INFO - [2026-04-28T20:48:55.477+0000] {dag.py:3954} INFO - Setting next_dagrun for example_nested_branch_dag to 2026-04-27 00:00:00+00:00, run_after=2026-04-28 00:00:00+00:00
[2026-04-28T20:48:55.517+0000] {processor.py:183} INFO - Processing /home/airflow/.local/lib/python3.12/site-packages/airflow/example_dags/example_nested_branch_dag.py took 0.160 seconds
[2026-04-28T20:49:25.828+0000] {processor.py:161} INFO - Started process (PID=341) to work on /home/airflow/.local/lib/python3.12/site-packages/airflow/example_dags/example_nested_branch_dag.py
[2026-04-28T20:49:25.834+0000] {processor.py:830} INFO - Processing file /home/airflow/.local/lib/python3.12/site-packages/airflow/example_dags/example_nested_branch_dag.py for tasks to queue
[2026-04-28T20:49:25.850+0000] {logging_mixin.py:188} INFO - [2026-04-28T20:49:25.847+0000] {dagbag.py:540} INFO - Filling up the DagBag from /home/airflow/.local/lib/python3.12/site-packages/airflow/example_dags/example_nested_branch_dag.py
[2026-04-28T20:49:25.936+0000] {processor.py:840} INFO - DAG(s) 'example_nested_branch_dag' retrieved from /home/airflow/.local/lib/python3.12/site-packages/airflow/example_dags/example_nested_branch_dag.py
[2026-04-28T20:49:26.102+0000] {logging_mixin.py:188} INFO - [2026-04-28T20:49:26.102+0000] {dag.py:3096} INFO - Sync 1 DAGs
[2026-04-28T20:49:26.167+0000] {logging_mixin.py:188} INFO - [2026-04-28T20:49:26.167+0000] {dag.py:3954} INFO - Setting next_dagrun for example_nested_branch_dag to 2026-04-27 00:00:00+00:00, run_after=2026-04-28 00:00:00+00:00
[2026-04-28T20:49:26.210+0000] {processor.py:183} INFO - Processing /home/airflow/.local/lib/python3.12/site-packages/airflow/example_dags/example_nested_branch_dag.py took 0.407 seconds
[2026-04-28T20:49:56.472+0000] {processor.py:161} INFO - Started process (PID=401) to work on /home/airflow/.local/lib/python3.12/site-packages/airflow/example_dags/example_nested_branch_dag.py
[2026-04-28T20:49:56.481+0000] {processor.py:830} INFO - Processing file /home/airflow/.local/lib/python3.12/site-packages/airflow/example_dags/example_nested_branch_dag.py for tasks to queue
[2026-04-28T20:49:56.487+0000] {logging_mixin.py:188} INFO - [2026-04-28T20:49:56.486+0000] {dagbag.py:540} INFO - Filling up the DagBag from /home/airflow/.local/lib/python3.12/site-packages/airflow/example_dags/example_nested_branch_dag.py
[2026-04-28T20:49:56.509+0000] {processor.py:840} INFO - DAG(s) 'example_nested_branch_dag' retrieved from /home/airflow/.local/lib/python3.12/site-packages/airflow/example_dags/example_nested_branch_dag.py
[2026-04-28T20:49:56.566+0000] {logging_mixin.py:188} INFO - [2026-04-28T20:49:56.566+0000] {dag.py:3096} INFO - Sync 1 DAGs
[2026-04-28T20:49:56.680+0000] {logging_mixin.py:188} INFO - [2026-04-28T20:49:56.680+0000] {dag.py:3954} INFO - Setting next_dagrun for example_nested_branch_dag to 2026-04-27 00:00:00+00:00, run_after=2026-04-28 00:00:00+00:00
[2026-04-28T20:49:56.791+0000] {processor.py:183} INFO - Processing /home/airflow/.local/lib/python3.12/site-packages/airflow/example_dags/example_nested_branch_dag.py took 0.331 seconds
[2026-04-28T20:50:27.134+0000] {processor.py:161} INFO - Started process (PID=461) to work on /home/airflow/.local/lib/python3.12/site-packages/airflow/example_dags/example_nested_branch_dag.py
[2026-04-28T20:50:27.139+0000] {processor.py:830} INFO - Processing file /home/airflow/.local/lib/python3.12/site-packages/airflow/example_dags/example_nested_branch_dag.py for tasks to queue
[2026-04-28T20:50:27.141+0000] {logging_mixin.py:188} INFO - [2026-04-28T20:50:27.141+0000] {dagbag.py:540} INFO - Filling up the DagBag from /home/airflow/.local/lib/python3.12/site-packages/airflow/example_dags/example_nested_branch_dag.py
[2026-04-28T20:50:27.154+0000] {processor.py:840} INFO - DAG(s) 'example_nested_branch_dag' retrieved from /home/airflow/.local/lib/python3.12/site-packages/airflow/example_dags/example_nested_branch_dag.py
[2026-04-28T20:50:27.180+0000] {logging_mixin.py:188} INFO - [2026-04-28T20:50:27.180+0000] {dag.py:3096} INFO - Sync 1 DAGs
[2026-04-28T20:50:27.200+0000] {logging_mixin.py:188} INFO - [2026-04-28T20:50:27.200+0000] {dag.py:3954} INFO - Setting next_dagrun for example_nested_branch_dag to 2026-04-27 00:00:00+00:00, run_after=2026-04-28 00:00:00+00:00
[2026-04-28T20:50:27.226+0000] {processor.py:183} INFO - Processing /home/airflow/.local/lib/python3.12/site-packages/airflow/example_dags/example_nested_branch_dag.py took 0.099 seconds
[2026-04-28T20:50:58.234+0000] {processor.py:161} INFO - Started process (PID=521) to work on /home/airflow/.local/lib/python3.12/site-packages/airflow/example_dags/example_nested_branch_dag.py
[2026-04-28T20:50:58.235+0000] {processor.py:830} INFO - Processing file /home/airflow/.local/lib/python3.12/site-packages/airflow/example_dags/example_nested_branch_dag.py for tasks to queue
[2026-04-28T20:50:58.237+0000] {logging_mixin.py:188} INFO - [2026-04-28T20:50:58.237+0000] {dagbag.py:540} INFO - Filling up the DagBag from /home/airflow/.local/lib/python3.12/site-packages/airflow/example_dags/example_nested_branch_dag.py
[2026-04-28T20:50:58.246+0000] {processor.py:840} INFO - DAG(s) 'example_nested_branch_dag' retrieved from /home/airflow/.local/lib/python3.12/site-packages/airflow/example_dags/example_nested_branch_dag.py
[2026-04-28T20:50:58.265+0000] {logging_mixin.py:188} INFO - [2026-04-28T20:50:58.265+0000] {dag.py:3096} INFO - Sync 1 DAGs
[2026-04-28T20:50:58.284+0000] {logging_mixin.py:188} INFO - [2026-04-28T20:50:58.284+0000] {dag.py:3954} INFO - Setting next_dagrun for example_nested_branch_dag to 2026-04-27 00:00:00+00:00, run_after=2026-04-28 00:00:00+00:00
[2026-04-28T20:50:58.299+0000] {processor.py:183} INFO - Processing /home/airflow/.local/lib/python3.12/site-packages/airflow/example_dags/example_nested_branch_dag.py took 0.071 seconds
[2026-04-28T20:51:28.808+0000] {processor.py:161} INFO - Started process (PID=581) to work on /home/airflow/.local/lib/python3.12/site-packages/airflow/example_dags/example_nested_branch_dag.py
[2026-04-28T20:51:28.814+0000] {processor.py:830} INFO - Processing file /home/airflow/.local/lib/python3.12/site-packages/airflow/example_dags/example_nested_branch_dag.py for tasks to queue
[2026-04-28T20:51:28.818+0000] {logging_mixin.py:188} INFO - [2026-04-28T20:51:28.817+0000] {dagbag.py:540} INFO - Filling up the DagBag from /home/airflow/.local/lib/python3.12/site-packages/airflow/example_dags/example_nested_branch_dag.py
[2026-04-28T20:51:28.846+0000] {processor.py:840} INFO - DAG(s) 'example_nested_branch_dag' retrieved from /home/airflow/.local/lib/python3.12/site-packages/airflow/example_dags/example_nested_branch_dag.py
[2026-04-28T20:51:28.907+0000] {logging_mixin.py:188} INFO - [2026-04-28T20:51:28.907+0000] {dag.py:3096} INFO - Sync 1 DAGs
[2026-04-28T20:51:28.972+0000] {logging_mixin.py:188} INFO - [2026-04-28T20:51:28.972+0000] {dag.py:3954} INFO - Setting next_dagrun for example_nested_branch_dag to 2026-04-27 00:00:00+00:00, run_after=2026-04-28 00:00:00+00:00
[2026-04-28T20:51:29.004+0000] {processor.py:183} INFO - Processing /home/airflow/.local/lib/python3.12/site-packages/airflow/example_dags/example_nested_branch_dag.py took 0.211 seconds
[2026-04-28T20:51:59.078+0000] {processor.py:161} INFO - Started process (PID=642) to work on /home/airflow/.local/lib/python3.12/site-packages/airflow/example_dags/example_nested_branch_dag.py
[2026-04-28T20:51:59.082+0000] {processor.py:830} INFO - Processing file /home/airflow/.local/lib/python3.12/site-packages/airflow/example_dags/example_nested_branch_dag.py for tasks to queue
[2026-04-28T20:51:59.087+0000] {logging_mixin.py:188} INFO - [2026-04-28T20:51:59.086+0000] {dagbag.py:540} INFO - Filling up the DagBag from /home/airflow/.local/lib/python3.12/site-packages/airflow/example_dags/example_nested_branch_dag.py
[2026-04-28T20:51:59.119+0000] {processor.py:840} INFO - DAG(s) 'example_nested_branch_dag' retrieved from /home/airflow/.local/lib/python3.12/site-packages/airflow/example_dags/example_nested_branch_dag.py
[2026-04-28T20:51:59.199+0000] {logging_mixin.py:188} INFO - [2026-04-28T20:51:59.199+0000] {dag.py:3096} INFO - Sync 1 DAGs
[2026-04-28T20:51:59.251+0000] {logging_mixin.py:188} INFO - [2026-04-28T20:51:59.250+0000] {dag.py:3954} INFO - Setting next_dagrun for example_nested_branch_dag to 2026-04-27 00:00:00+00:00, run_after=2026-04-28 00:00:00+00:00
[2026-04-28T20:51:59.290+0000] {processor.py:183} INFO - Processing /home/airflow/.local/lib/python3.12/site-packages/airflow/example_dags/example_nested_branch_dag.py took 0.247 seconds
[2026-04-28T20:52:30.261+0000] {processor.py:161} INFO - Started process (PID=702) to work on /home/airflow/.local/lib/python3.12/site-packages/airflow/example_dags/example_nested_branch_dag.py
[2026-04-28T20:52:30.266+0000] {processor.py:830} INFO - Processing file /home/airflow/.local/lib/python3.12/site-packages/airflow/example_dags/example_nested_branch_dag.py for tasks to queue
[2026-04-28T20:52:30.271+0000] {logging_mixin.py:188} INFO - [2026-04-28T20:52:30.271+0000] {dagbag.py:540} INFO - Filling up the DagBag from /home/airflow/.local/lib/python3.12/site-packages/airflow/example_dags/example_nested_branch_dag.py
[2026-04-28T20:52:30.324+0000] {processor.py:840} INFO - DAG(s) 'example_nested_branch_dag' retrieved from /home/airflow/.local/lib/python3.12/site-packages/airflow/example_dags/example_nested_branch_dag.py
[2026-04-28T20:52:30.455+0000] {logging_mixin.py:188} INFO - [2026-04-28T20:52:30.455+0000] {dag.py:3096} INFO - Sync 1 DAGs
[2026-04-28T20:52:30.584+0000] {logging_mixin.py:188} INFO - [2026-04-28T20:52:30.583+0000] {dag.py:3954} INFO - Setting next_dagrun for example_nested_branch_dag to 2026-04-27 00:00:00+00:00, run_after=2026-04-28 00:00:00+00:00
[2026-04-28T20:52:30.632+0000] {processor.py:183} INFO - Processing /home/airflow/.local/lib/python3.12/site-packages/airflow/example_dags/example_nested_branch_dag.py took 0.423 seconds
[2026-04-28T20:53:00.862+0000] {processor.py:161} INFO - Started process (PID=762) to work on /home/airflow/.local/lib/python3.12/site-packages/airflow/example_dags/example_nested_branch_dag.py
[2026-04-28T20:53:00.869+0000] {processor.py:830} INFO - Processing file /home/airflow/.local/lib/python3.12/site-packages/airflow/example_dags/example_nested_branch_dag.py for tasks to queue
[2026-04-28T20:53:00.876+0000] {logging_mixin.py:188} INFO - [2026-04-28T20:53:00.876+0000] {dagbag.py:540} INFO - Filling up the DagBag from /home/airflow/.local/lib/python3.12/site-packages/airflow/example_dags/example_nested_branch_dag.py
[2026-04-28T20:53:00.957+0000] {processor.py:840} INFO - DAG(s) 'example_nested_branch_dag' retrieved from /home/airflow/.local/lib/python3.12/site-packages/airflow/example_dags/example_nested_branch_dag.py
[2026-04-28T20:53:01.041+0000] {logging_mixin.py:188} INFO - [2026-04-28T20:53:01.041+0000] {dag.py:3096} INFO - Sync 1 DAGs
[2026-04-28T20:53:01.182+0000] {logging_mixin.py:188} INFO - [2026-04-28T20:53:01.182+0000] {dag.py:3954} INFO - Setting next_dagrun for example_nested_branch_dag to 2026-04-27 00:00:00+00:00, run_after=2026-04-28 00:00:00+00:00
[2026-04-28T20:53:01.420+0000] {processor.py:183} INFO - Processing /home/airflow/.local/lib/python3.12/site-packages/airflow/example_dags/example_nested_branch_dag.py took 0.608 seconds
[2026-04-28T20:53:31.861+0000] {processor.py:161} INFO - Started process (PID=822) to work on /home/airflow/.local/lib/python3.12/site-packages/airflow/example_dags/example_nested_branch_dag.py
[2026-04-28T20:53:31.865+0000] {processor.py:830} INFO - Processing file /home/airflow/.local/lib/python3.12/site-packages/airflow/example_dags/example_nested_branch_dag.py for tasks to queue
[2026-04-28T20:53:31.868+0000] {logging_mixin.py:188} INFO - [2026-04-28T20:53:31.868+0000] {dagbag.py:540} INFO - Filling up the DagBag from /home/airflow/.local/lib/python3.12/site-packages/airflow/example_dags/example_nested_branch_dag.py
[2026-04-28T20:53:31.950+0000] {processor.py:840} INFO - DAG(s) 'example_nested_branch_dag' retrieved from /home/airflow/.local/lib/python3.12/site-packages/airflow/example_dags/example_nested_branch_dag.py
[2026-04-28T20:53:32.114+0000] {logging_mixin.py:188} INFO - [2026-04-28T20:53:32.113+0000] {dag.py:3096} INFO - Sync 1 DAGs
[2026-04-28T20:53:32.274+0000] {logging_mixin.py:188} INFO - [2026-04-28T20:53:32.273+0000] {dag.py:3954} INFO - Setting next_dagrun for example_nested_branch_dag to 2026-04-27 00:00:00+00:00, run_after=2026-04-28 00:00:00+00:00
[2026-04-28T20:53:32.421+0000] {processor.py:183} INFO - Processing /home/airflow/.local/lib/python3.12/site-packages/airflow/example_dags/example_nested_branch_dag.py took 0.575 seconds
[2026-04-28T20:54:02.681+0000] {processor.py:161} INFO - Started process (PID=881) to work on /home/airflow/.local/lib/python3.12/site-packages/airflow/example_dags/example_nested_branch_dag.py
[2026-04-28T20:54:02.683+0000] {processor.py:830} INFO - Processing file /home/airflow/.local/lib/python3.12/site-packages/airflow/example_dags/example_nested_branch_dag.py for tasks to queue
[2026-04-28T20:54:02.691+0000] {logging_mixin.py:188} INFO - [2026-04-28T20:54:02.691+0000] {dagbag.py:540} INFO - Filling up the DagBag from /home/airflow/.local/lib/python3.12/site-packages/airflow/example_dags/example_nested_branch_dag.py
[2026-04-28T20:54:02.726+0000] {processor.py:840} INFO - DAG(s) 'example_nested_branch_dag' retrieved from /home/airflow/.local/lib/python3.12/site-packages/airflow/example_dags/example_nested_branch_dag.py
[2026-04-28T20:54:02.760+0000] {logging_mixin.py:188} INFO - [2026-04-28T20:54:02.760+0000] {dag.py:3096} INFO - Sync 1 DAGs
[2026-04-28T20:54:02.850+0000] {logging_mixin.py:188} INFO - [2026-04-28T20:54:02.850+0000] {dag.py:3954} INFO - Setting next_dagrun for example_nested_branch_dag to 2026-04-27 00:00:00+00:00, run_after=2026-04-28 00:00:00+00:00
[2026-04-28T20:54:02.890+0000] {processor.py:183} INFO - Processing /home/airflow/.local/lib/python3.12/site-packages/airflow/example_dags/example_nested_branch_dag.py took 0.233 seconds
[2026-04-28T20:54:33.275+0000] {processor.py:161} INFO - Started process (PID=942) to work on /home/airflow/.local/lib/python3.12/site-packages/airflow/example_dags/example_nested_branch_dag.py
[2026-04-28T20:54:33.276+0000] {processor.py:830} INFO - Processing file /home/airflow/.local/lib/python3.12/site-packages/airflow/example_dags/example_nested_branch_dag.py for tasks to queue
[2026-04-28T20:54:33.278+0000] {logging_mixin.py:188} INFO - [2026-04-28T20:54:33.278+0000] {dagbag.py:540} INFO - Filling up the DagBag from /home/airflow/.local/lib/python3.12/site-packages/airflow/example_dags/example_nested_branch_dag.py
[2026-04-28T20:54:33.291+0000] {processor.py:840} INFO - DAG(s) 'example_nested_branch_dag' retrieved from /home/airflow/.local/lib/python3.12/site-packages/airflow/example_dags/example_nested_branch_dag.py
[2026-04-28T20:54:33.322+0000] {logging_mixin.py:188} INFO - [2026-04-28T20:54:33.322+0000] {dag.py:3096} INFO - Sync 1 DAGs
[2026-04-28T20:54:33.371+0000] {logging_mixin.py:188} INFO - [2026-04-28T20:54:33.371+0000] {dag.py:3954} INFO - Setting next_dagrun for example_nested_branch_dag to 2026-04-27 00:00:00+00:00, run_after=2026-04-28 00:00:00+00:00
[2026-04-28T20:54:33.632+0000] {processor.py:183} INFO - Processing /home/airflow/.local/lib/python3.12/site-packages/airflow/example_dags/example_nested_branch_dag.py took 0.365 seconds
[2026-04-28T21:03:32.779+0000] {processor.py:161} INFO - Started process (PID=96) to work on /home/airflow/.local/lib/python3.12/site-packages/airflow/example_dags/example_nested_branch_dag.py
[2026-04-28T21:03:32.783+0000] {processor.py:830} INFO - Processing file /home/airflow/.local/lib/python3.12/site-packages/airflow/example_dags/example_nested_branch_dag.py for tasks to queue
[2026-04-28T21:03:32.785+0000] {logging_mixin.py:188} INFO - [2026-04-28T21:03:32.785+0000] {dagbag.py:540} INFO - Filling up the DagBag from /home/airflow/.local/lib/python3.12/site-packages/airflow/example_dags/example_nested_branch_dag.py
[2026-04-28T21:03:32.804+0000] {processor.py:840} INFO - DAG(s) 'example_nested_branch_dag' retrieved from /home/airflow/.local/lib/python3.12/site-packages/airflow/example_dags/example_nested_branch_dag.py
[2026-04-28T21:03:33.133+0000] {logging_mixin.py:188} INFO - [2026-04-28T21:03:33.132+0000] {override.py:1829} INFO - Created Permission View: can edit on DAG:example_nested_branch_dag
[2026-04-28T21:03:33.144+0000] {logging_mixin.py:188} INFO - [2026-04-28T21:03:33.144+0000] {override.py:1829} INFO - Created Permission View: can delete on DAG:example_nested_branch_dag
[2026-04-28T21:03:33.150+0000] {logging_mixin.py:188} INFO - [2026-04-28T21:03:33.150+0000] {override.py:1829} INFO - Created Permission View: can read on DAG:example_nested_branch_dag
[2026-04-28T21:03:33.151+0000] {logging_mixin.py:188} INFO - [2026-04-28T21:03:33.151+0000] {dag.py:3096} INFO - Sync 1 DAGs
[2026-04-28T21:03:33.165+0000] {logging_mixin.py:188} INFO - [2026-04-28T21:03:33.164+0000] {dag.py:3118} INFO - Creating ORM DAG for example_nested_branch_dag
[2026-04-28T21:03:33.192+0000] {logging_mixin.py:188} INFO - [2026-04-28T21:03:33.192+0000] {dag.py:3954} INFO - Setting next_dagrun for example_nested_branch_dag to 2026-04-27 00:00:00+00:00, run_after=2026-04-28 00:00:00+00:00
[2026-04-28T21:03:33.219+0000] {processor.py:183} INFO - Processing /home/airflow/.local/lib/python3.12/site-packages/airflow/example_dags/example_nested_branch_dag.py took 0.447 seconds
[2026-04-28T21:04:03.831+0000] {processor.py:161} INFO - Started process (PID=154) to work on /home/airflow/.local/lib/python3.12/site-packages/airflow/example_dags/example_nested_branch_dag.py
[2026-04-28T21:04:03.840+0000] {processor.py:830} INFO - Processing file /home/airflow/.local/lib/python3.12/site-packages/airflow/example_dags/example_nested_branch_dag.py for tasks to queue
[2026-04-28T21:04:03.866+0000] {logging_mixin.py:188} INFO - [2026-04-28T21:04:03.865+0000] {dagbag.py:540} INFO - Filling up the DagBag from /home/airflow/.local/lib/python3.12/site-packages/airflow/example_dags/example_nested_branch_dag.py
[2026-04-28T21:04:03.914+0000] {processor.py:840} INFO - DAG(s) 'example_nested_branch_dag' retrieved from /home/airflow/.local/lib/python3.12/site-packages/airflow/example_dags/example_nested_branch_dag.py
[2026-04-28T21:04:04.040+0000] {logging_mixin.py:188} INFO - [2026-04-28T21:04:04.039+0000] {dag.py:3096} INFO - Sync 1 DAGs
[2026-04-28T21:04:04.085+0000] {logging_mixin.py:188} INFO - [2026-04-28T21:04:04.085+0000] {dag.py:3954} INFO - Setting next_dagrun for example_nested_branch_dag to 2026-04-27 00:00:00+00:00, run_after=2026-04-28 00:00:00+00:00
[2026-04-28T21:04:04.113+0000] {processor.py:183} INFO - Processing /home/airflow/.local/lib/python3.12/site-packages/airflow/example_dags/example_nested_branch_dag.py took 0.409 seconds
[2026-04-28T21:04:34.410+0000] {processor.py:161} INFO - Started process (PID=214) to work on /home/airflow/.local/lib/python3.12/site-packages/airflow/example_dags/example_nested_branch_dag.py
[2026-04-28T21:04:34.413+0000] {processor.py:830} INFO - Processing file /home/airflow/.local/lib/python3.12/site-packages/airflow/example_dags/example_nested_branch_dag.py for tasks to queue
[2026-04-28T21:04:34.415+0000] {logging_mixin.py:188} INFO - [2026-04-28T21:04:34.415+0000] {dagbag.py:540} INFO - Filling up the DagBag from /home/airflow/.local/lib/python3.12/site-packages/airflow/example_dags/example_nested_branch_dag.py
[2026-04-28T21:04:34.424+0000] {processor.py:840} INFO - DAG(s) 'example_nested_branch_dag' retrieved from /home/airflow/.local/lib/python3.12/site-packages/airflow/example_dags/example_nested_branch_dag.py
[2026-04-28T21:04:34.443+0000] {logging_mixin.py:188} INFO - [2026-04-28T21:04:34.443+0000] {dag.py:3096} INFO - Sync 1 DAGs
[2026-04-28T21:04:34.463+0000] {logging_mixin.py:188} INFO - [2026-04-28T21:04:34.462+0000] {dag.py:3954} INFO - Setting next_dagrun for example_nested_branch_dag to 2026-04-27 00:00:00+00:00, run_after=2026-04-28 00:00:00+00:00
[2026-04-28T21:04:34.478+0000] {processor.py:183} INFO - Processing /home/airflow/.local/lib/python3.12/site-packages/airflow/example_dags/example_nested_branch_dag.py took 0.072 seconds
[2026-04-28T21:05:05.140+0000] {processor.py:161} INFO - Started process (PID=273) to work on /home/airflow/.local/lib/python3.12/site-packages/airflow/example_dags/example_nested_branch_dag.py
[2026-04-28T21:05:05.145+0000] {processor.py:830} INFO - Processing file /home/airflow/.local/lib/python3.12/site-packages/airflow/example_dags/example_nested_branch_dag.py for tasks to queue
[2026-04-28T21:05:05.153+0000] {logging_mixin.py:188} INFO - [2026-04-28T21:05:05.152+0000] {dagbag.py:540} INFO - Filling up the DagBag from /home/airflow/.local/lib/python3.12/site-packages/airflow/example_dags/example_nested_branch_dag.py
[2026-04-28T21:05:05.216+0000] {processor.py:840} INFO - DAG(s) 'example_nested_branch_dag' retrieved from /home/airflow/.local/lib/python3.12/site-packages/airflow/example_dags/example_nested_branch_dag.py
[2026-04-28T21:05:05.364+0000] {logging_mixin.py:188} INFO - [2026-04-28T21:05:05.363+0000] {dag.py:3096} INFO - Sync 1 DAGs
[2026-04-28T21:05:05.409+0000] {logging_mixin.py:188} INFO - [2026-04-28T21:05:05.409+0000] {dag.py:3954} INFO - Setting next_dagrun for example_nested_branch_dag to 2026-04-27 00:00:00+00:00, run_after=2026-04-28 00:00:00+00:00
[2026-04-28T21:05:05.462+0000] {processor.py:183} INFO - Processing /home/airflow/.local/lib/python3.12/site-packages/airflow/example_dags/example_nested_branch_dag.py took 0.358 seconds
[2026-04-28T21:05:35.898+0000] {processor.py:161} INFO - Started process (PID=333) to work on /home/airflow/.local/lib/python3.12/site-packages/airflow/example_dags/example_nested_branch_dag.py
[2026-04-28T21:05:35.899+0000] {processor.py:830} INFO - Processing file /home/airflow/.local/lib/python3.12/site-packages/airflow/example_dags/example_nested_branch_dag.py for tasks to queue
[2026-04-28T21:05:35.901+0000] {logging_mixin.py:188} INFO - [2026-04-28T21:05:35.901+0000] {dagbag.py:540} INFO - Filling up the DagBag from /home/airflow/.local/lib/python3.12/site-packages/airflow/example_dags/example_nested_branch_dag.py
[2026-04-28T21:05:35.915+0000] {processor.py:840} INFO - DAG(s) 'example_nested_branch_dag' retrieved from /home/airflow/.local/lib/python3.12/site-packages/airflow/example_dags/example_nested_branch_dag.py
[2026-04-28T21:05:35.940+0000] {logging_mixin.py:188} INFO - [2026-04-28T21:05:35.940+0000] {dag.py:3096} INFO - Sync 1 DAGs
[2026-04-28T21:05:35.967+0000] {logging_mixin.py:188} INFO - [2026-04-28T21:05:35.967+0000] {dag.py:3954} INFO - Setting next_dagrun for example_nested_branch_dag to 2026-04-27 00:00:00+00:00, run_after=2026-04-28 00:00:00+00:00
[2026-04-28T21:05:35.988+0000] {processor.py:183} INFO - Processing /home/airflow/.local/lib/python3.12/site-packages/airflow/example_dags/example_nested_branch_dag.py took 0.097 seconds
[2026-04-28T21:06:06.538+0000] {processor.py:161} INFO - Started process (PID=394) to work on /home/airflow/.local/lib/python3.12/site-packages/airflow/example_dags/example_nested_branch_dag.py
[2026-04-28T21:06:06.539+0000] {processor.py:830} INFO - Processing file /home/airflow/.local/lib/python3.12/site-packages/airflow/example_dags/example_nested_branch_dag.py for tasks to queue
[2026-04-28T21:06:06.542+0000] {logging_mixin.py:188} INFO - [2026-04-28T21:06:06.541+0000] {dagbag.py:540} INFO - Filling up the DagBag from /home/airflow/.local/lib/python3.12/site-packages/airflow/example_dags/example_nested_branch_dag.py
[2026-04-28T21:06:06.555+0000] {processor.py:840} INFO - DAG(s) 'example_nested_branch_dag' retrieved from /home/airflow/.local/lib/python3.12/site-packages/airflow/example_dags/example_nested_branch_dag.py
[2026-04-28T21:06:06.580+0000] {logging_mixin.py:188} INFO - [2026-04-28T21:06:06.579+0000] {dag.py:3096} INFO - Sync 1 DAGs
[2026-04-28T21:06:06.607+0000] {logging_mixin.py:188} INFO - [2026-04-28T21:06:06.607+0000] {dag.py:3954} INFO - Setting next_dagrun for example_nested_branch_dag to 2026-04-27 00:00:00+00:00, run_after=2026-04-28 00:00:00+00:00
[2026-04-28T21:06:06.630+0000] {processor.py:183} INFO - Processing /home/airflow/.local/lib/python3.12/site-packages/airflow/example_dags/example_nested_branch_dag.py took 0.099 seconds
[2026-04-28T21:06:37.537+0000] {processor.py:161} INFO - Started process (PID=454) to work on /home/airflow/.local/lib/python3.12/site-packages/airflow/example_dags/example_nested_branch_dag.py
[2026-04-28T21:06:37.539+0000] {processor.py:830} INFO - Processing file /home/airflow/.local/lib/python3.12/site-packages/airflow/example_dags/example_nested_branch_dag.py for tasks to queue
[2026-04-28T21:06:37.541+0000] {logging_mixin.py:188} INFO - [2026-04-28T21:06:37.540+0000] {dagbag.py:540} INFO - Filling up the DagBag from /home/airflow/.local/lib/python3.12/site-packages/airflow/example_dags/example_nested_branch_dag.py
[2026-04-28T21:06:37.549+0000] {processor.py:840} INFO - DAG(s) 'example_nested_branch_dag' retrieved from /home/airflow/.local/lib/python3.12/site-packages/airflow/example_dags/example_nested_branch_dag.py
[2026-04-28T21:06:37.568+0000] {logging_mixin.py:188} INFO - [2026-04-28T21:06:37.568+0000] {dag.py:3096} INFO - Sync 1 DAGs
[2026-04-28T21:06:37.589+0000] {logging_mixin.py:188} INFO - [2026-04-28T21:06:37.589+0000] {dag.py:3954} INFO - Setting next_dagrun for example_nested_branch_dag to 2026-04-27 00:00:00+00:00, run_after=2026-04-28 00:00:00+00:00
[2026-04-28T21:06:37.604+0000] {processor.py:183} INFO - Processing /home/airflow/.local/lib/python3.12/site-packages/airflow/example_dags/example_nested_branch_dag.py took 0.072 seconds
[2026-04-28T21:07:08.113+0000] {processor.py:161} INFO - Started process (PID=514) to work on /home/airflow/.local/lib/python3.12/site-packages/airflow/example_dags/example_nested_branch_dag.py
[2026-04-28T21:07:08.115+0000] {processor.py:830} INFO - Processing file /home/airflow/.local/lib/python3.12/site-packages/airflow/example_dags/example_nested_branch_dag.py for tasks to queue
[2026-04-28T21:07:08.118+0000] {logging_mixin.py:188} INFO - [2026-04-28T21:07:08.117+0000] {dagbag.py:540} INFO - Filling up the DagBag from /home/airflow/.local/lib/python3.12/site-packages/airflow/example_dags/example_nested_branch_dag.py
[2026-04-28T21:07:08.131+0000] {processor.py:840} INFO - DAG(s) 'example_nested_branch_dag' retrieved from /home/airflow/.local/lib/python3.12/site-packages/airflow/example_dags/example_nested_branch_dag.py
[2026-04-28T21:07:08.164+0000] {logging_mixin.py:188} INFO - [2026-04-28T21:07:08.164+0000] {dag.py:3096} INFO - Sync 1 DAGs
[2026-04-28T21:07:08.192+0000] {logging_mixin.py:188} INFO - [2026-04-28T21:07:08.192+0000] {dag.py:3954} INFO - Setting next_dagrun for example_nested_branch_dag to 2026-04-27 00:00:00+00:00, run_after=2026-04-28 00:00:00+00:00
[2026-04-28T21:07:08.210+0000] {processor.py:183} INFO - Processing /home/airflow/.local/lib/python3.12/site-packages/airflow/example_dags/example_nested_branch_dag.py took 0.103 seconds
[2026-04-28T21:07:38.842+0000] {processor.py:161} INFO - Started process (PID=574) to work on /home/airflow/.local/lib/python3.12/site-packages/airflow/example_dags/example_nested_branch_dag.py
[2026-04-28T21:07:38.846+0000] {processor.py:830} INFO - Processing file /home/airflow/.local/lib/python3.12/site-packages/airflow/example_dags/example_nested_branch_dag.py for tasks to queue
[2026-04-28T21:07:38.851+0000] {logging_mixin.py:188} INFO - [2026-04-28T21:07:38.850+0000] {dagbag.py:540} INFO - Filling up the DagBag from /home/airflow/.local/lib/python3.12/site-packages/airflow/example_dags/example_nested_branch_dag.py
[2026-04-28T21:07:38.883+0000] {processor.py:840} INFO - DAG(s) 'example_nested_branch_dag' retrieved from /home/airflow/.local/lib/python3.12/site-packages/airflow/example_dags/example_nested_branch_dag.py
[2026-04-28T21:07:38.931+0000] {logging_mixin.py:188} INFO - [2026-04-28T21:07:38.930+0000] {dag.py:3096} INFO - Sync 1 DAGs
[2026-04-28T21:07:38.965+0000] {logging_mixin.py:188} INFO - [2026-04-28T21:07:38.965+0000] {dag.py:3954} INFO - Setting next_dagrun for example_nested_branch_dag to 2026-04-27 00:00:00+00:00, run_after=2026-04-28 00:00:00+00:00
[2026-04-28T21:07:39.002+0000] {processor.py:183} INFO - Processing /home/airflow/.local/lib/python3.12/site-packages/airflow/example_dags/example_nested_branch_dag.py took 0.167 seconds
[2026-04-28T21:08:09.210+0000] {processor.py:161} INFO - Started process (PID=633) to work on /home/airflow/.local/lib/python3.12/site-packages/airflow/example_dags/example_nested_branch_dag.py
[2026-04-28T21:08:09.211+0000] {processor.py:830} INFO - Processing file /home/airflow/.local/lib/python3.12/site-packages/airflow/example_dags/example_nested_branch_dag.py for tasks to queue
[2026-04-28T21:08:09.213+0000] {logging_mixin.py:188} INFO - [2026-04-28T21:08:09.213+0000] {dagbag.py:540} INFO - Filling up the DagBag from /home/airflow/.local/lib/python3.12/site-packages/airflow/example_dags/example_nested_branch_dag.py
[2026-04-28T21:08:09.228+0000] {processor.py:840} INFO - DAG(s) 'example_nested_branch_dag' retrieved from /home/airflow/.local/lib/python3.12/site-packages/airflow/example_dags/example_nested_branch_dag.py
[2026-04-28T21:08:09.253+0000] {logging_mixin.py:188} INFO - [2026-04-28T21:08:09.253+0000] {dag.py:3096} INFO - Sync 1 DAGs
[2026-04-28T21:08:09.281+0000] {logging_mixin.py:188} INFO - [2026-04-28T21:08:09.280+0000] {dag.py:3954} INFO - Setting next_dagrun for example_nested_branch_dag to 2026-04-27 00:00:00+00:00, run_after=2026-04-28 00:00:00+00:00
[2026-04-28T21:08:09.301+0000] {processor.py:183} INFO - Processing /home/airflow/.local/lib/python3.12/site-packages/airflow/example_dags/example_nested_branch_dag.py took 0.098 seconds
[2026-04-28T21:08:40.191+0000] {processor.py:161} INFO - Started process (PID=693) to work on /home/airflow/.local/lib/python3.12/site-packages/airflow/example_dags/example_nested_branch_dag.py
[2026-04-28T21:08:40.200+0000] {processor.py:830} INFO - Processing file /home/airflow/.local/lib/python3.12/site-packages/airflow/example_dags/example_nested_branch_dag.py for tasks to queue
[2026-04-28T21:08:40.207+0000] {logging_mixin.py:188} INFO - [2026-04-28T21:08:40.207+0000] {dagbag.py:540} INFO - Filling up the DagBag from /home/airflow/.local/lib/python3.12/site-packages/airflow/example_dags/example_nested_branch_dag.py
[2026-04-28T21:08:40.253+0000] {processor.py:840} INFO - DAG(s) 'example_nested_branch_dag' retrieved from /home/airflow/.local/lib/python3.12/site-packages/airflow/example_dags/example_nested_branch_dag.py
[2026-04-28T21:08:40.353+0000] {logging_mixin.py:188} INFO - [2026-04-28T21:08:40.353+0000] {dag.py:3096} INFO - Sync 1 DAGs
[2026-04-28T21:08:40.401+0000] {logging_mixin.py:188} INFO - [2026-04-28T21:08:40.400+0000] {dag.py:3954} INFO - Setting next_dagrun for example_nested_branch_dag to 2026-04-27 00:00:00+00:00, run_after=2026-04-28 00:00:00+00:00
[2026-04-28T21:08:40.440+0000] {processor.py:183} INFO - Processing /home/airflow/.local/lib/python3.12/site-packages/airflow/example_dags/example_nested_branch_dag.py took 0.264 seconds
[2026-04-28T21:09:10.580+0000] {processor.py:161} INFO - Started process (PID=754) to work on /home/airflow/.local/lib/python3.12/site-packages/airflow/example_dags/example_nested_branch_dag.py
[2026-04-28T21:09:10.582+0000] {processor.py:830} INFO - Processing file /home/airflow/.local/lib/python3.12/site-packages/airflow/example_dags/example_nested_branch_dag.py for tasks to queue
[2026-04-28T21:09:10.585+0000] {logging_mixin.py:188} INFO - [2026-04-28T21:09:10.584+0000] {dagbag.py:540} INFO - Filling up the DagBag from /home/airflow/.local/lib/python3.12/site-packages/airflow/example_dags/example_nested_branch_dag.py
[2026-04-28T21:09:10.598+0000] {processor.py:840} INFO - DAG(s) 'example_nested_branch_dag' retrieved from /home/airflow/.local/lib/python3.12/site-packages/airflow/example_dags/example_nested_branch_dag.py
[2026-04-28T21:09:10.620+0000] {logging_mixin.py:188} INFO - [2026-04-28T21:09:10.620+0000] {dag.py:3096} INFO - Sync 1 DAGs
[2026-04-28T21:09:10.640+0000] {logging_mixin.py:188} INFO - [2026-04-28T21:09:10.640+0000] {dag.py:3954} INFO - Setting next_dagrun for example_nested_branch_dag to 2026-04-27 00:00:00+00:00, run_after=2026-04-28 00:00:00+00:00
[2026-04-28T21:09:10.655+0000] {processor.py:183} INFO - Processing /home/airflow/.local/lib/python3.12/site-packages/airflow/example_dags/example_nested_branch_dag.py took 0.082 seconds
[2026-04-28T21:09:40.699+0000] {processor.py:161} INFO - Started process (PID=814) to work on /home/airflow/.local/lib/python3.12/site-packages/airflow/example_dags/example_nested_branch_dag.py
[2026-04-28T21:09:40.705+0000] {processor.py:830} INFO - Processing file /home/airflow/.local/lib/python3.12/site-packages/airflow/example_dags/example_nested_branch_dag.py for tasks to queue
[2026-04-28T21:09:40.708+0000] {logging_mixin.py:188} INFO - [2026-04-28T21:09:40.707+0000] {dagbag.py:540} INFO - Filling up the DagBag from /home/airflow/.local/lib/python3.12/site-packages/airflow/example_dags/example_nested_branch_dag.py
[2026-04-28T21:09:40.720+0000] {processor.py:840} INFO - DAG(s) 'example_nested_branch_dag' retrieved from /home/airflow/.local/lib/python3.12/site-packages/airflow/example_dags/example_nested_branch_dag.py
[2026-04-28T21:09:40.747+0000] {logging_mixin.py:188} INFO - [2026-04-28T21:09:40.747+0000] {dag.py:3096} INFO - Sync 1 DAGs
[2026-04-28T21:09:40.777+0000] {logging_mixin.py:188} INFO - [2026-04-28T21:09:40.776+0000] {dag.py:3954} INFO - Setting next_dagrun for example_nested_branch_dag to 2026-04-27 00:00:00+00:00, run_after=2026-04-28 00:00:00+00:00
[2026-04-28T21:09:40.806+0000] {processor.py:183} INFO - Processing /home/airflow/.local/lib/python3.12/site-packages/airflow/example_dags/example_nested_branch_dag.py took 0.114 seconds
[2026-04-28T21:10:11.555+0000] {processor.py:161} INFO - Started process (PID=872) to work on /home/airflow/.local/lib/python3.12/site-packages/airflow/example_dags/example_nested_branch_dag.py
[2026-04-28T21:10:11.559+0000] {processor.py:830} INFO - Processing file /home/airflow/.local/lib/python3.12/site-packages/airflow/example_dags/example_nested_branch_dag.py for tasks to queue
[2026-04-28T21:10:11.561+0000] {logging_mixin.py:188} INFO - [2026-04-28T21:10:11.561+0000] {dagbag.py:540} INFO - Filling up the DagBag from /home/airflow/.local/lib/python3.12/site-packages/airflow/example_dags/example_nested_branch_dag.py
[2026-04-28T21:10:11.573+0000] {processor.py:840} INFO - DAG(s) 'example_nested_branch_dag' retrieved from /home/airflow/.local/lib/python3.12/site-packages/airflow/example_dags/example_nested_branch_dag.py
[2026-04-28T21:10:11.599+0000] {logging_mixin.py:188} INFO - [2026-04-28T21:10:11.599+0000] {dag.py:3096} INFO - Sync 1 DAGs
[2026-04-28T21:10:11.627+0000] {logging_mixin.py:188} INFO - [2026-04-28T21:10:11.627+0000] {dag.py:3954} INFO - Setting next_dagrun for example_nested_branch_dag to 2026-04-27 00:00:00+00:00, run_after=2026-04-28 00:00:00+00:00
[2026-04-28T21:10:11.646+0000] {processor.py:183} INFO - Processing /home/airflow/.local/lib/python3.12/site-packages/airflow/example_dags/example_nested_branch_dag.py took 0.099 seconds
[2026-04-28T21:10:42.370+0000] {processor.py:161} INFO - Started process (PID=932) to work on /home/airflow/.local/lib/python3.12/site-packages/airflow/example_dags/example_nested_branch_dag.py
[2026-04-28T21:10:42.373+0000] {processor.py:830} INFO - Processing file /home/airflow/.local/lib/python3.12/site-packages/airflow/example_dags/example_nested_branch_dag.py for tasks to queue
[2026-04-28T21:10:42.381+0000] {logging_mixin.py:188} INFO - [2026-04-28T21:10:42.380+0000] {dagbag.py:540} INFO - Filling up the DagBag from /home/airflow/.local/lib/python3.12/site-packages/airflow/example_dags/example_nested_branch_dag.py
[2026-04-28T21:10:42.409+0000] {processor.py:840} INFO - DAG(s) 'example_nested_branch_dag' retrieved from /home/airflow/.local/lib/python3.12/site-packages/airflow/example_dags/example_nested_branch_dag.py
[2026-04-28T21:10:42.476+0000] {logging_mixin.py:188} INFO - [2026-04-28T21:10:42.475+0000] {dag.py:3096} INFO - Sync 1 DAGs
[2026-04-28T21:10:42.523+0000] {logging_mixin.py:188} INFO - [2026-04-28T21:10:42.522+0000] {dag.py:3954} INFO - Setting next_dagrun for example_nested_branch_dag to 2026-04-27 00:00:00+00:00, run_after=2026-04-28 00:00:00+00:00
[2026-04-28T21:10:42.582+0000] {processor.py:183} INFO - Processing /home/airflow/.local/lib/python3.12/site-packages/airflow/example_dags/example_nested_branch_dag.py took 0.228 seconds
[2026-04-28T21:11:14.426+0000] {processor.py:161} INFO - Started process (PID=992) to work on /home/airflow/.local/lib/python3.12/site-packages/airflow/example_dags/example_nested_branch_dag.py
[2026-04-28T21:11:14.431+0000] {processor.py:830} INFO - Processing file /home/airflow/.local/lib/python3.12/site-packages/airflow/example_dags/example_nested_branch_dag.py for tasks to queue
[2026-04-28T21:11:14.439+0000] {logging_mixin.py:188} INFO - [2026-04-28T21:11:14.439+0000] {dagbag.py:540} INFO - Filling up the DagBag from /home/airflow/.local/lib/python3.12/site-packages/airflow/example_dags/example_nested_branch_dag.py
[2026-04-28T21:11:14.488+0000] {processor.py:840} INFO - DAG(s) 'example_nested_branch_dag' retrieved from /home/airflow/.local/lib/python3.12/site-packages/airflow/example_dags/example_nested_branch_dag.py
[2026-04-28T21:11:14.658+0000] {logging_mixin.py:188} INFO - [2026-04-28T21:11:14.652+0000] {dag.py:3096} INFO - Sync 1 DAGs
[2026-04-28T21:11:14.799+0000] {logging_mixin.py:188} INFO - [2026-04-28T21:11:14.796+0000] {dag.py:3954} INFO - Setting next_dagrun for example_nested_branch_dag to 2026-04-27 00:00:00+00:00, run_after=2026-04-28 00:00:00+00:00
[2026-04-28T21:11:15.252+0000] {processor.py:183} INFO - Processing /home/airflow/.local/lib/python3.12/site-packages/airflow/example_dags/example_nested_branch_dag.py took 0.850 seconds
[2026-04-28T21:11:45.378+0000] {processor.py:161} INFO - Started process (PID=1052) to work on /home/airflow/.local/lib/python3.12/site-packages/airflow/example_dags/example_nested_branch_dag.py
[2026-04-28T21:11:45.379+0000] {processor.py:830} INFO - Processing file /home/airflow/.local/lib/python3.12/site-packages/airflow/example_dags/example_nested_branch_dag.py for tasks to queue
[2026-04-28T21:11:45.382+0000] {logging_mixin.py:188} INFO - [2026-04-28T21:11:45.381+0000] {dagbag.py:540} INFO - Filling up the DagBag from /home/airflow/.local/lib/python3.12/site-packages/airflow/example_dags/example_nested_branch_dag.py
[2026-04-28T21:11:45.395+0000] {processor.py:840} INFO - DAG(s) 'example_nested_branch_dag' retrieved from /home/airflow/.local/lib/python3.12/site-packages/airflow/example_dags/example_nested_branch_dag.py
[2026-04-28T21:11:45.420+0000] {logging_mixin.py:188} INFO - [2026-04-28T21:11:45.420+0000] {dag.py:3096} INFO - Sync 1 DAGs
[2026-04-28T21:11:45.447+0000] {logging_mixin.py:188} INFO - [2026-04-28T21:11:45.447+0000] {dag.py:3954} INFO - Setting next_dagrun for example_nested_branch_dag to 2026-04-27 00:00:00+00:00, run_after=2026-04-28 00:00:00+00:00
[2026-04-28T21:11:45.469+0000] {processor.py:183} INFO - Processing /home/airflow/.local/lib/python3.12/site-packages/airflow/example_dags/example_nested_branch_dag.py took 0.099 seconds
[2026-04-28T21:12:15.907+0000] {processor.py:161} INFO - Started process (PID=1112) to work on /home/airflow/.local/lib/python3.12/site-packages/airflow/example_dags/example_nested_branch_dag.py
[2026-04-28T21:12:15.912+0000] {processor.py:830} INFO - Processing file /home/airflow/.local/lib/python3.12/site-packages/airflow/example_dags/example_nested_branch_dag.py for tasks to queue
[2026-04-28T21:12:15.915+0000] {logging_mixin.py:188} INFO - [2026-04-28T21:12:15.915+0000] {dagbag.py:540} INFO - Filling up the DagBag from /home/airflow/.local/lib/python3.12/site-packages/airflow/example_dags/example_nested_branch_dag.py
[2026-04-28T21:12:15.933+0000] {processor.py:840} INFO - DAG(s) 'example_nested_branch_dag' retrieved from /home/airflow/.local/lib/python3.12/site-packages/airflow/example_dags/example_nested_branch_dag.py
[2026-04-28T21:12:15.961+0000] {logging_mixin.py:188} INFO - [2026-04-28T21:12:15.960+0000] {dag.py:3096} INFO - Sync 1 DAGs
[2026-04-28T21:12:16.001+0000] {logging_mixin.py:188} INFO - [2026-04-28T21:12:16.001+0000] {dag.py:3954} INFO - Setting next_dagrun for example_nested_branch_dag to 2026-04-27 00:00:00+00:00, run_after=2026-04-28 00:00:00+00:00
[2026-04-28T21:12:16.021+0000] {processor.py:183} INFO - Processing /home/airflow/.local/lib/python3.12/site-packages/airflow/example_dags/example_nested_branch_dag.py took 0.123 seconds
[2026-04-28T21:12:46.493+0000] {processor.py:161} INFO - Started process (PID=1172) to work on /home/airflow/.local/lib/python3.12/site-packages/airflow/example_dags/example_nested_branch_dag.py
[2026-04-28T21:12:46.496+0000] {processor.py:830} INFO - Processing file /home/airflow/.local/lib/python3.12/site-packages/airflow/example_dags/example_nested_branch_dag.py for tasks to queue
[2026-04-28T21:12:46.499+0000] {logging_mixin.py:188} INFO - [2026-04-28T21:12:46.499+0000] {dagbag.py:540} INFO - Filling up the DagBag from /home/airflow/.local/lib/python3.12/site-packages/airflow/example_dags/example_nested_branch_dag.py
[2026-04-28T21:12:46.512+0000] {processor.py:840} INFO - DAG(s) 'example_nested_branch_dag' retrieved from /home/airflow/.local/lib/python3.12/site-packages/airflow/example_dags/example_nested_branch_dag.py
[2026-04-28T21:12:46.540+0000] {logging_mixin.py:188} INFO - [2026-04-28T21:12:46.539+0000] {dag.py:3096} INFO - Sync 1 DAGs
[2026-04-28T21:12:46.565+0000] {logging_mixin.py:188} INFO - [2026-04-28T21:12:46.565+0000] {dag.py:3954} INFO - Setting next_dagrun for example_nested_branch_dag to 2026-04-27 00:00:00+00:00, run_after=2026-04-28 00:00:00+00:00
[2026-04-28T21:12:46.585+0000] {processor.py:183} INFO - Processing /home/airflow/.local/lib/python3.12/site-packages/airflow/example_dags/example_nested_branch_dag.py took 0.099 seconds
[2026-04-28T21:13:17.465+0000] {processor.py:161} INFO - Started process (PID=1231) to work on /home/airflow/.local/lib/python3.12/site-packages/airflow/example_dags/example_nested_branch_dag.py
[2026-04-28T21:13:17.471+0000] {processor.py:830} INFO - Processing file /home/airflow/.local/lib/python3.12/site-packages/airflow/example_dags/example_nested_branch_dag.py for tasks to queue
[2026-04-28T21:13:17.484+0000] {logging_mixin.py:188} INFO - [2026-04-28T21:13:17.484+0000] {dagbag.py:540} INFO - Filling up the DagBag from /home/airflow/.local/lib/python3.12/site-packages/airflow/example_dags/example_nested_branch_dag.py
[2026-04-28T21:13:17.500+0000] {processor.py:840} INFO - DAG(s) 'example_nested_branch_dag' retrieved from /home/airflow/.local/lib/python3.12/site-packages/airflow/example_dags/example_nested_branch_dag.py
[2026-04-28T21:13:17.541+0000] {logging_mixin.py:188} INFO - [2026-04-28T21:13:17.541+0000] {dag.py:3096} INFO - Sync 1 DAGs
[2026-04-28T21:13:17.601+0000] {logging_mixin.py:188} INFO - [2026-04-28T21:13:17.601+0000] {dag.py:3954} INFO - Setting next_dagrun for example_nested_branch_dag to 2026-04-27 00:00:00+00:00, run_after=2026-04-28 00:00:00+00:00
[2026-04-28T21:13:17.638+0000] {processor.py:183} INFO - Processing /home/airflow/.local/lib/python3.12/site-packages/airflow/example_dags/example_nested_branch_dag.py took 0.187 seconds
[2026-04-28T21:13:48.489+0000] {processor.py:161} INFO - Started process (PID=1291) to work on /home/airflow/.local/lib/python3.12/site-packages/airflow/example_dags/example_nested_branch_dag.py
[2026-04-28T21:13:48.496+0000] {processor.py:830} INFO - Processing file /home/airflow/.local/lib/python3.12/site-packages/airflow/example_dags/example_nested_branch_dag.py for tasks to queue
[2026-04-28T21:13:48.498+0000] {logging_mixin.py:188} INFO - [2026-04-28T21:13:48.498+0000] {dagbag.py:540} INFO - Filling up the DagBag from /home/airflow/.local/lib/python3.12/site-packages/airflow/example_dags/example_nested_branch_dag.py
[2026-04-28T21:13:48.511+0000] {processor.py:840} INFO - DAG(s) 'example_nested_branch_dag' retrieved from /home/airflow/.local/lib/python3.12/site-packages/airflow/example_dags/example_nested_branch_dag.py
[2026-04-28T21:13:48.539+0000] {logging_mixin.py:188} INFO - [2026-04-28T21:13:48.539+0000] {dag.py:3096} INFO - Sync 1 DAGs
[2026-04-28T21:13:48.570+0000] {logging_mixin.py:188} INFO - [2026-04-28T21:13:48.570+0000] {dag.py:3954} INFO - Setting next_dagrun for example_nested_branch_dag to 2026-04-27 00:00:00+00:00, run_after=2026-04-28 00:00:00+00:00
[2026-04-28T21:13:48.611+0000] {processor.py:183} INFO - Processing /home/airflow/.local/lib/python3.12/site-packages/airflow/example_dags/example_nested_branch_dag.py took 0.128 seconds
[2026-04-28T21:20:38.185+0000] {processor.py:161} INFO - Started process (PID=96) to work on /home/airflow/.local/lib/python3.12/site-packages/airflow/example_dags/example_nested_branch_dag.py
[2026-04-28T21:20:38.189+0000] {processor.py:830} INFO - Processing file /home/airflow/.local/lib/python3.12/site-packages/airflow/example_dags/example_nested_branch_dag.py for tasks to queue
[2026-04-28T21:20:38.192+0000] {logging_mixin.py:188} INFO - [2026-04-28T21:20:38.192+0000] {dagbag.py:540} INFO - Filling up the DagBag from /home/airflow/.local/lib/python3.12/site-packages/airflow/example_dags/example_nested_branch_dag.py
[2026-04-28T21:20:38.211+0000] {processor.py:840} INFO - DAG(s) 'example_nested_branch_dag' retrieved from /home/airflow/.local/lib/python3.12/site-packages/airflow/example_dags/example_nested_branch_dag.py
[2026-04-28T21:20:38.507+0000] {logging_mixin.py:188} INFO - [2026-04-28T21:20:38.502+0000] {override.py:1829} INFO - Created Permission View: can read on DAG:example_nested_branch_dag
[2026-04-28T21:20:38.591+0000] {logging_mixin.py:188} INFO - [2026-04-28T21:20:38.591+0000] {override.py:1829} INFO - Created Permission View: can delete on DAG:example_nested_branch_dag
[2026-04-28T21:20:38.619+0000] {logging_mixin.py:188} INFO - [2026-04-28T21:20:38.619+0000] {override.py:1829} INFO - Created Permission View: can edit on DAG:example_nested_branch_dag
[2026-04-28T21:20:38.621+0000] {logging_mixin.py:188} INFO - [2026-04-28T21:20:38.620+0000] {dag.py:3096} INFO - Sync 1 DAGs
[2026-04-28T21:20:38.661+0000] {logging_mixin.py:188} INFO - [2026-04-28T21:20:38.660+0000] {dag.py:3118} INFO - Creating ORM DAG for example_nested_branch_dag
[2026-04-28T21:20:38.693+0000] {logging_mixin.py:188} INFO - [2026-04-28T21:20:38.693+0000] {dag.py:3954} INFO - Setting next_dagrun for example_nested_branch_dag to 2026-04-27 00:00:00+00:00, run_after=2026-04-28 00:00:00+00:00
[2026-04-28T21:20:38.783+0000] {processor.py:183} INFO - Processing /home/airflow/.local/lib/python3.12/site-packages/airflow/example_dags/example_nested_branch_dag.py took 0.606 seconds
[2026-04-28T21:21:09.067+0000] {processor.py:161} INFO - Started process (PID=156) to work on /home/airflow/.local/lib/python3.12/site-packages/airflow/example_dags/example_nested_branch_dag.py
[2026-04-28T21:21:09.071+0000] {processor.py:830} INFO - Processing file /home/airflow/.local/lib/python3.12/site-packages/airflow/example_dags/example_nested_branch_dag.py for tasks to queue
[2026-04-28T21:21:09.076+0000] {logging_mixin.py:188} INFO - [2026-04-28T21:21:09.076+0000] {dagbag.py:540} INFO - Filling up the DagBag from /home/airflow/.local/lib/python3.12/site-packages/airflow/example_dags/example_nested_branch_dag.py
[2026-04-28T21:21:09.096+0000] {processor.py:840} INFO - DAG(s) 'example_nested_branch_dag' retrieved from /home/airflow/.local/lib/python3.12/site-packages/airflow/example_dags/example_nested_branch_dag.py
[2026-04-28T21:21:09.128+0000] {logging_mixin.py:188} INFO - [2026-04-28T21:21:09.128+0000] {dag.py:3096} INFO - Sync 1 DAGs
[2026-04-28T21:21:09.160+0000] {logging_mixin.py:188} INFO - [2026-04-28T21:21:09.159+0000] {dag.py:3954} INFO - Setting next_dagrun for example_nested_branch_dag to 2026-04-27 00:00:00+00:00, run_after=2026-04-28 00:00:00+00:00
[2026-04-28T21:21:09.179+0000] {processor.py:183} INFO - Processing /home/airflow/.local/lib/python3.12/site-packages/airflow/example_dags/example_nested_branch_dag.py took 0.119 seconds
[2026-04-28T21:21:39.776+0000] {processor.py:161} INFO - Started process (PID=216) to work on /home/airflow/.local/lib/python3.12/site-packages/airflow/example_dags/example_nested_branch_dag.py
[2026-04-28T21:21:39.782+0000] {processor.py:830} INFO - Processing file /home/airflow/.local/lib/python3.12/site-packages/airflow/example_dags/example_nested_branch_dag.py for tasks to queue
[2026-04-28T21:21:39.793+0000] {logging_mixin.py:188} INFO - [2026-04-28T21:21:39.790+0000] {dagbag.py:540} INFO - Filling up the DagBag from /home/airflow/.local/lib/python3.12/site-packages/airflow/example_dags/example_nested_branch_dag.py
[2026-04-28T21:21:39.827+0000] {processor.py:840} INFO - DAG(s) 'example_nested_branch_dag' retrieved from /home/airflow/.local/lib/python3.12/site-packages/airflow/example_dags/example_nested_branch_dag.py
[2026-04-28T21:21:39.862+0000] {logging_mixin.py:188} INFO - [2026-04-28T21:21:39.862+0000] {dag.py:3096} INFO - Sync 1 DAGs
[2026-04-28T21:21:39.890+0000] {logging_mixin.py:188} INFO - [2026-04-28T21:21:39.890+0000] {dag.py:3954} INFO - Setting next_dagrun for example_nested_branch_dag to 2026-04-27 00:00:00+00:00, run_after=2026-04-28 00:00:00+00:00
[2026-04-28T21:21:39.913+0000] {processor.py:183} INFO - Processing /home/airflow/.local/lib/python3.12/site-packages/airflow/example_dags/example_nested_branch_dag.py took 0.159 seconds
[2026-04-28T21:22:10.288+0000] {processor.py:161} INFO - Started process (PID=276) to work on /home/airflow/.local/lib/python3.12/site-packages/airflow/example_dags/example_nested_branch_dag.py
[2026-04-28T21:22:10.290+0000] {processor.py:830} INFO - Processing file /home/airflow/.local/lib/python3.12/site-packages/airflow/example_dags/example_nested_branch_dag.py for tasks to queue
[2026-04-28T21:22:10.299+0000] {logging_mixin.py:188} INFO - [2026-04-28T21:22:10.296+0000] {dagbag.py:540} INFO - Filling up the DagBag from /home/airflow/.local/lib/python3.12/site-packages/airflow/example_dags/example_nested_branch_dag.py
[2026-04-28T21:22:10.324+0000] {processor.py:840} INFO - DAG(s) 'example_nested_branch_dag' retrieved from /home/airflow/.local/lib/python3.12/site-packages/airflow/example_dags/example_nested_branch_dag.py
[2026-04-28T21:22:10.350+0000] {logging_mixin.py:188} INFO - [2026-04-28T21:22:10.350+0000] {dag.py:3096} INFO - Sync 1 DAGs
[2026-04-28T21:22:10.380+0000] {logging_mixin.py:188} INFO - [2026-04-28T21:22:10.380+0000] {dag.py:3954} INFO - Setting next_dagrun for example_nested_branch_dag to 2026-04-27 00:00:00+00:00, run_after=2026-04-28 00:00:00+00:00
[2026-04-28T21:22:10.402+0000] {processor.py:183} INFO - Processing /home/airflow/.local/lib/python3.12/site-packages/airflow/example_dags/example_nested_branch_dag.py took 0.122 seconds
[2026-04-28T21:22:41.487+0000] {processor.py:161} INFO - Started process (PID=336) to work on /home/airflow/.local/lib/python3.12/site-packages/airflow/example_dags/example_nested_branch_dag.py
[2026-04-28T21:22:41.489+0000] {processor.py:830} INFO - Processing file /home/airflow/.local/lib/python3.12/site-packages/airflow/example_dags/example_nested_branch_dag.py for tasks to queue
[2026-04-28T21:22:41.491+0000] {logging_mixin.py:188} INFO - [2026-04-28T21:22:41.491+0000] {dagbag.py:540} INFO - Filling up the DagBag from /home/airflow/.local/lib/python3.12/site-packages/airflow/example_dags/example_nested_branch_dag.py
[2026-04-28T21:22:41.508+0000] {processor.py:840} INFO - DAG(s) 'example_nested_branch_dag' retrieved from /home/airflow/.local/lib/python3.12/site-packages/airflow/example_dags/example_nested_branch_dag.py
[2026-04-28T21:22:41.540+0000] {logging_mixin.py:188} INFO - [2026-04-28T21:22:41.540+0000] {dag.py:3096} INFO - Sync 1 DAGs
[2026-04-28T21:22:41.568+0000] {logging_mixin.py:188} INFO - [2026-04-28T21:22:41.568+0000] {dag.py:3954} INFO - Setting next_dagrun for example_nested_branch_dag to 2026-04-27 00:00:00+00:00, run_after=2026-04-28 00:00:00+00:00
[2026-04-28T21:22:41.588+0000] {processor.py:183} INFO - Processing /home/airflow/.local/lib/python3.12/site-packages/airflow/example_dags/example_nested_branch_dag.py took 0.111 seconds
[2026-04-28T21:23:12.049+0000] {processor.py:161} INFO - Started process (PID=396) to work on /home/airflow/.local/lib/python3.12/site-packages/airflow/example_dags/example_nested_branch_dag.py
[2026-04-28T21:23:12.050+0000] {processor.py:830} INFO - Processing file /home/airflow/.local/lib/python3.12/site-packages/airflow/example_dags/example_nested_branch_dag.py for tasks to queue
[2026-04-28T21:23:12.053+0000] {logging_mixin.py:188} INFO - [2026-04-28T21:23:12.052+0000] {dagbag.py:540} INFO - Filling up the DagBag from /home/airflow/.local/lib/python3.12/site-packages/airflow/example_dags/example_nested_branch_dag.py
[2026-04-28T21:23:12.069+0000] {processor.py:840} INFO - DAG(s) 'example_nested_branch_dag' retrieved from /home/airflow/.local/lib/python3.12/site-packages/airflow/example_dags/example_nested_branch_dag.py
[2026-04-28T21:23:12.099+0000] {logging_mixin.py:188} INFO - [2026-04-28T21:23:12.099+0000] {dag.py:3096} INFO - Sync 1 DAGs
[2026-04-28T21:23:12.141+0000] {logging_mixin.py:188} INFO - [2026-04-28T21:23:12.141+0000] {dag.py:3954} INFO - Setting next_dagrun for example_nested_branch_dag to 2026-04-27 00:00:00+00:00, run_after=2026-04-28 00:00:00+00:00
[2026-04-28T21:23:12.160+0000] {processor.py:183} INFO - Processing /home/airflow/.local/lib/python3.12/site-packages/airflow/example_dags/example_nested_branch_dag.py took 0.118 seconds
[2026-04-28T21:23:42.672+0000] {processor.py:161} INFO - Started process (PID=457) to work on /home/airflow/.local/lib/python3.12/site-packages/airflow/example_dags/example_nested_branch_dag.py
[2026-04-28T21:23:42.676+0000] {processor.py:830} INFO - Processing file /home/airflow/.local/lib/python3.12/site-packages/airflow/example_dags/example_nested_branch_dag.py for tasks to queue
[2026-04-28T21:23:42.680+0000] {logging_mixin.py:188} INFO - [2026-04-28T21:23:42.679+0000] {dagbag.py:540} INFO - Filling up the DagBag from /home/airflow/.local/lib/python3.12/site-packages/airflow/example_dags/example_nested_branch_dag.py
[2026-04-28T21:23:42.697+0000] {processor.py:840} INFO - DAG(s) 'example_nested_branch_dag' retrieved from /home/airflow/.local/lib/python3.12/site-packages/airflow/example_dags/example_nested_branch_dag.py
[2026-04-28T21:23:42.725+0000] {logging_mixin.py:188} INFO - [2026-04-28T21:23:42.725+0000] {dag.py:3096} INFO - Sync 1 DAGs
[2026-04-28T21:23:42.758+0000] {logging_mixin.py:188} INFO - [2026-04-28T21:23:42.758+0000] {dag.py:3954} INFO - Setting next_dagrun for example_nested_branch_dag to 2026-04-27 00:00:00+00:00, run_after=2026-04-28 00:00:00+00:00
[2026-04-28T21:23:42.781+0000] {processor.py:183} INFO - Processing /home/airflow/.local/lib/python3.12/site-packages/airflow/example_dags/example_nested_branch_dag.py took 0.117 seconds
[2026-04-28T21:24:14.041+0000] {processor.py:161} INFO - Started process (PID=517) to work on /home/airflow/.local/lib/python3.12/site-packages/airflow/example_dags/example_nested_branch_dag.py
[2026-04-28T21:24:14.043+0000] {processor.py:830} INFO - Processing file /home/airflow/.local/lib/python3.12/site-packages/airflow/example_dags/example_nested_branch_dag.py for tasks to queue
[2026-04-28T21:24:14.049+0000] {logging_mixin.py:188} INFO - [2026-04-28T21:24:14.048+0000] {dagbag.py:540} INFO - Filling up the DagBag from /home/airflow/.local/lib/python3.12/site-packages/airflow/example_dags/example_nested_branch_dag.py
[2026-04-28T21:24:14.083+0000] {processor.py:840} INFO - DAG(s) 'example_nested_branch_dag' retrieved from /home/airflow/.local/lib/python3.12/site-packages/airflow/example_dags/example_nested_branch_dag.py
[2026-04-28T21:24:14.129+0000] {logging_mixin.py:188} INFO - [2026-04-28T21:24:14.129+0000] {dag.py:3096} INFO - Sync 1 DAGs
[2026-04-28T21:24:14.158+0000] {logging_mixin.py:188} INFO - [2026-04-28T21:24:14.157+0000] {dag.py:3954} INFO - Setting next_dagrun for example_nested_branch_dag to 2026-04-27 00:00:00+00:00, run_after=2026-04-28 00:00:00+00:00
[2026-04-28T21:24:14.204+0000] {processor.py:183} INFO - Processing /home/airflow/.local/lib/python3.12/site-packages/airflow/example_dags/example_nested_branch_dag.py took 0.178 seconds
[2026-04-28T21:24:45.537+0000] {processor.py:161} INFO - Started process (PID=577) to work on /home/airflow/.local/lib/python3.12/site-packages/airflow/example_dags/example_nested_branch_dag.py
[2026-04-28T21:24:45.541+0000] {processor.py:830} INFO - Processing file /home/airflow/.local/lib/python3.12/site-packages/airflow/example_dags/example_nested_branch_dag.py for tasks to queue
[2026-04-28T21:24:45.550+0000] {logging_mixin.py:188} INFO - [2026-04-28T21:24:45.549+0000] {dagbag.py:540} INFO - Filling up the DagBag from /home/airflow/.local/lib/python3.12/site-packages/airflow/example_dags/example_nested_branch_dag.py
[2026-04-28T21:24:45.616+0000] {processor.py:840} INFO - DAG(s) 'example_nested_branch_dag' retrieved from /home/airflow/.local/lib/python3.12/site-packages/airflow/example_dags/example_nested_branch_dag.py
[2026-04-28T21:24:45.710+0000] {logging_mixin.py:188} INFO - [2026-04-28T21:24:45.710+0000] {dag.py:3096} INFO - Sync 1 DAGs
[2026-04-28T21:24:45.878+0000] {logging_mixin.py:188} INFO - [2026-04-28T21:24:45.875+0000] {dag.py:3954} INFO - Setting next_dagrun for example_nested_branch_dag to 2026-04-27 00:00:00+00:00, run_after=2026-04-28 00:00:00+00:00
[2026-04-28T21:24:45.964+0000] {processor.py:183} INFO - Processing /home/airflow/.local/lib/python3.12/site-packages/airflow/example_dags/example_nested_branch_dag.py took 0.474 seconds
[2026-04-28T21:25:16.644+0000] {processor.py:161} INFO - Started process (PID=637) to work on /home/airflow/.local/lib/python3.12/site-packages/airflow/example_dags/example_nested_branch_dag.py
[2026-04-28T21:25:16.647+0000] {processor.py:830} INFO - Processing file /home/airflow/.local/lib/python3.12/site-packages/airflow/example_dags/example_nested_branch_dag.py for tasks to queue
[2026-04-28T21:25:16.649+0000] {logging_mixin.py:188} INFO - [2026-04-28T21:25:16.649+0000] {dagbag.py:540} INFO - Filling up the DagBag from /home/airflow/.local/lib/python3.12/site-packages/airflow/example_dags/example_nested_branch_dag.py
[2026-04-28T21:25:16.667+0000] {processor.py:840} INFO - DAG(s) 'example_nested_branch_dag' retrieved from /home/airflow/.local/lib/python3.12/site-packages/airflow/example_dags/example_nested_branch_dag.py
[2026-04-28T21:25:16.742+0000] {logging_mixin.py:188} INFO - [2026-04-28T21:25:16.742+0000] {dag.py:3096} INFO - Sync 1 DAGs
[2026-04-28T21:25:16.781+0000] {logging_mixin.py:188} INFO - [2026-04-28T21:25:16.780+0000] {dag.py:3954} INFO - Setting next_dagrun for example_nested_branch_dag to 2026-04-27 00:00:00+00:00, run_after=2026-04-28 00:00:00+00:00
[2026-04-28T21:25:16.806+0000] {processor.py:183} INFO - Processing /home/airflow/.local/lib/python3.12/site-packages/airflow/example_dags/example_nested_branch_dag.py took 0.173 seconds
[2026-04-28T21:25:47.228+0000] {processor.py:161} INFO - Started process (PID=697) to work on /home/airflow/.local/lib/python3.12/site-packages/airflow/example_dags/example_nested_branch_dag.py
[2026-04-28T21:25:47.230+0000] {processor.py:830} INFO - Processing file /home/airflow/.local/lib/python3.12/site-packages/airflow/example_dags/example_nested_branch_dag.py for tasks to queue
[2026-04-28T21:25:47.233+0000] {logging_mixin.py:188} INFO - [2026-04-28T21:25:47.232+0000] {dagbag.py:540} INFO - Filling up the DagBag from /home/airflow/.local/lib/python3.12/site-packages/airflow/example_dags/example_nested_branch_dag.py
[2026-04-28T21:25:47.246+0000] {processor.py:840} INFO - DAG(s) 'example_nested_branch_dag' retrieved from /home/airflow/.local/lib/python3.12/site-packages/airflow/example_dags/example_nested_branch_dag.py
[2026-04-28T21:25:47.273+0000] {logging_mixin.py:188} INFO - [2026-04-28T21:25:47.273+0000] {dag.py:3096} INFO - Sync 1 DAGs
[2026-04-28T21:25:47.300+0000] {logging_mixin.py:188} INFO - [2026-04-28T21:25:47.299+0000] {dag.py:3954} INFO - Setting next_dagrun for example_nested_branch_dag to 2026-04-27 00:00:00+00:00, run_after=2026-04-28 00:00:00+00:00
[2026-04-28T21:25:47.329+0000] {processor.py:183} INFO - Processing /home/airflow/.local/lib/python3.12/site-packages/airflow/example_dags/example_nested_branch_dag.py took 0.114 seconds
[2026-04-28T21:26:18.248+0000] {processor.py:161} INFO - Started process (PID=757) to work on /home/airflow/.local/lib/python3.12/site-packages/airflow/example_dags/example_nested_branch_dag.py
[2026-04-28T21:26:18.290+0000] {processor.py:830} INFO - Processing file /home/airflow/.local/lib/python3.12/site-packages/airflow/example_dags/example_nested_branch_dag.py for tasks to queue
[2026-04-28T21:26:18.295+0000] {logging_mixin.py:188} INFO - [2026-04-28T21:26:18.292+0000] {dagbag.py:540} INFO - Filling up the DagBag from /home/airflow/.local/lib/python3.12/site-packages/airflow/example_dags/example_nested_branch_dag.py
[2026-04-28T21:26:18.325+0000] {processor.py:840} INFO - DAG(s) 'example_nested_branch_dag' retrieved from /home/airflow/.local/lib/python3.12/site-packages/airflow/example_dags/example_nested_branch_dag.py
[2026-04-28T21:26:18.376+0000] {logging_mixin.py:188} INFO - [2026-04-28T21:26:18.375+0000] {dag.py:3096} INFO - Sync 1 DAGs
[2026-04-28T21:26:18.488+0000] {logging_mixin.py:188} INFO - [2026-04-28T21:26:18.488+0000] {dag.py:3954} INFO - Setting next_dagrun for example_nested_branch_dag to 2026-04-27 00:00:00+00:00, run_after=2026-04-28 00:00:00+00:00
[2026-04-28T21:26:18.574+0000] {processor.py:183} INFO - Processing /home/airflow/.local/lib/python3.12/site-packages/airflow/example_dags/example_nested_branch_dag.py took 0.341 seconds
[2026-04-28T21:26:48.798+0000] {processor.py:161} INFO - Started process (PID=816) to work on /home/airflow/.local/lib/python3.12/site-packages/airflow/example_dags/example_nested_branch_dag.py
[2026-04-28T21:26:48.801+0000] {processor.py:830} INFO - Processing file /home/airflow/.local/lib/python3.12/site-packages/airflow/example_dags/example_nested_branch_dag.py for tasks to queue
[2026-04-28T21:26:48.803+0000] {logging_mixin.py:188} INFO - [2026-04-28T21:26:48.803+0000] {dagbag.py:540} INFO - Filling up the DagBag from /home/airflow/.local/lib/python3.12/site-packages/airflow/example_dags/example_nested_branch_dag.py
[2026-04-28T21:26:48.815+0000] {processor.py:840} INFO - DAG(s) 'example_nested_branch_dag' retrieved from /home/airflow/.local/lib/python3.12/site-packages/airflow/example_dags/example_nested_branch_dag.py
[2026-04-28T21:26:48.859+0000] {logging_mixin.py:188} INFO - [2026-04-28T21:26:48.859+0000] {dag.py:3096} INFO - Sync 1 DAGs
[2026-04-28T21:26:48.886+0000] {logging_mixin.py:188} INFO - [2026-04-28T21:26:48.886+0000] {dag.py:3954} INFO - Setting next_dagrun for example_nested_branch_dag to 2026-04-27 00:00:00+00:00, run_after=2026-04-28 00:00:00+00:00
[2026-04-28T21:26:48.904+0000] {processor.py:183} INFO - Processing /home/airflow/.local/lib/python3.12/site-packages/airflow/example_dags/example_nested_branch_dag.py took 0.116 seconds
[2026-04-28T21:27:19.094+0000] {processor.py:161} INFO - Started process (PID=876) to work on /home/airflow/.local/lib/python3.12/site-packages/airflow/example_dags/example_nested_branch_dag.py
[2026-04-28T21:27:19.096+0000] {processor.py:830} INFO - Processing file /home/airflow/.local/lib/python3.12/site-packages/airflow/example_dags/example_nested_branch_dag.py for tasks to queue
[2026-04-28T21:27:19.100+0000] {logging_mixin.py:188} INFO - [2026-04-28T21:27:19.100+0000] {dagbag.py:540} INFO - Filling up the DagBag from /home/airflow/.local/lib/python3.12/site-packages/airflow/example_dags/example_nested_branch_dag.py
[2026-04-28T21:27:19.114+0000] {processor.py:840} INFO - DAG(s) 'example_nested_branch_dag' retrieved from /home/airflow/.local/lib/python3.12/site-packages/airflow/example_dags/example_nested_branch_dag.py
[2026-04-28T21:27:19.139+0000] {logging_mixin.py:188} INFO - [2026-04-28T21:27:19.139+0000] {dag.py:3096} INFO - Sync 1 DAGs
[2026-04-28T21:27:19.169+0000] {logging_mixin.py:188} INFO - [2026-04-28T21:27:19.169+0000] {dag.py:3954} INFO - Setting next_dagrun for example_nested_branch_dag to 2026-04-27 00:00:00+00:00, run_after=2026-04-28 00:00:00+00:00
[2026-04-28T21:27:19.189+0000] {processor.py:183} INFO - Processing /home/airflow/.local/lib/python3.12/site-packages/airflow/example_dags/example_nested_branch_dag.py took 0.109 seconds
[2026-04-28T21:27:49.862+0000] {processor.py:161} INFO - Started process (PID=936) to work on /home/airflow/.local/lib/python3.12/site-packages/airflow/example_dags/example_nested_branch_dag.py
[2026-04-28T21:27:49.864+0000] {processor.py:830} INFO - Processing file /home/airflow/.local/lib/python3.12/site-packages/airflow/example_dags/example_nested_branch_dag.py for tasks to queue
[2026-04-28T21:27:49.866+0000] {logging_mixin.py:188} INFO - [2026-04-28T21:27:49.866+0000] {dagbag.py:540} INFO - Filling up the DagBag from /home/airflow/.local/lib/python3.12/site-packages/airflow/example_dags/example_nested_branch_dag.py
[2026-04-28T21:27:49.880+0000] {processor.py:840} INFO - DAG(s) 'example_nested_branch_dag' retrieved from /home/airflow/.local/lib/python3.12/site-packages/airflow/example_dags/example_nested_branch_dag.py
[2026-04-28T21:27:49.906+0000] {logging_mixin.py:188} INFO - [2026-04-28T21:27:49.906+0000] {dag.py:3096} INFO - Sync 1 DAGs
[2026-04-28T21:27:49.930+0000] {logging_mixin.py:188} INFO - [2026-04-28T21:27:49.930+0000] {dag.py:3954} INFO - Setting next_dagrun for example_nested_branch_dag to 2026-04-27 00:00:00+00:00, run_after=2026-04-28 00:00:00+00:00
[2026-04-28T21:27:49.948+0000] {processor.py:183} INFO - Processing /home/airflow/.local/lib/python3.12/site-packages/airflow/example_dags/example_nested_branch_dag.py took 0.093 seconds
[2026-04-28T21:28:20.185+0000] {processor.py:161} INFO - Started process (PID=996) to work on /home/airflow/.local/lib/python3.12/site-packages/airflow/example_dags/example_nested_branch_dag.py
[2026-04-28T21:28:20.186+0000] {processor.py:830} INFO - Processing file /home/airflow/.local/lib/python3.12/site-packages/airflow/example_dags/example_nested_branch_dag.py for tasks to queue
[2026-04-28T21:28:20.188+0000] {logging_mixin.py:188} INFO - [2026-04-28T21:28:20.188+0000] {dagbag.py:540} INFO - Filling up the DagBag from /home/airflow/.local/lib/python3.12/site-packages/airflow/example_dags/example_nested_branch_dag.py
[2026-04-28T21:28:20.199+0000] {processor.py:840} INFO - DAG(s) 'example_nested_branch_dag' retrieved from /home/airflow/.local/lib/python3.12/site-packages/airflow/example_dags/example_nested_branch_dag.py
[2026-04-28T21:28:20.238+0000] {logging_mixin.py:188} INFO - [2026-04-28T21:28:20.238+0000] {dag.py:3096} INFO - Sync 1 DAGs
[2026-04-28T21:28:20.264+0000] {logging_mixin.py:188} INFO - [2026-04-28T21:28:20.264+0000] {dag.py:3954} INFO - Setting next_dagrun for example_nested_branch_dag to 2026-04-27 00:00:00+00:00, run_after=2026-04-28 00:00:00+00:00
[2026-04-28T21:28:20.555+0000] {processor.py:183} INFO - Processing /home/airflow/.local/lib/python3.12/site-packages/airflow/example_dags/example_nested_branch_dag.py took 0.377 seconds
[2026-04-28T21:28:51.156+0000] {processor.py:161} INFO - Started process (PID=1056) to work on /home/airflow/.local/lib/python3.12/site-packages/airflow/example_dags/example_nested_branch_dag.py
[2026-04-28T21:28:51.158+0000] {processor.py:830} INFO - Processing file /home/airflow/.local/lib/python3.12/site-packages/airflow/example_dags/example_nested_branch_dag.py for tasks to queue
[2026-04-28T21:28:51.160+0000] {logging_mixin.py:188} INFO - [2026-04-28T21:28:51.160+0000] {dagbag.py:540} INFO - Filling up the DagBag from /home/airflow/.local/lib/python3.12/site-packages/airflow/example_dags/example_nested_branch_dag.py
[2026-04-28T21:28:51.172+0000] {processor.py:840} INFO - DAG(s) 'example_nested_branch_dag' retrieved from /home/airflow/.local/lib/python3.12/site-packages/airflow/example_dags/example_nested_branch_dag.py
[2026-04-28T21:28:51.197+0000] {logging_mixin.py:188} INFO - [2026-04-28T21:28:51.196+0000] {dag.py:3096} INFO - Sync 1 DAGs
[2026-04-28T21:28:51.222+0000] {logging_mixin.py:188} INFO - [2026-04-28T21:28:51.222+0000] {dag.py:3954} INFO - Setting next_dagrun for example_nested_branch_dag to 2026-04-27 00:00:00+00:00, run_after=2026-04-28 00:00:00+00:00
[2026-04-28T21:28:51.240+0000] {processor.py:183} INFO - Processing /home/airflow/.local/lib/python3.12/site-packages/airflow/example_dags/example_nested_branch_dag.py took 0.095 seconds
[2026-04-28T21:29:23.497+0000] {processor.py:161} INFO - Started process (PID=1116) to work on /home/airflow/.local/lib/python3.12/site-packages/airflow/example_dags/example_nested_branch_dag.py
[2026-04-28T21:29:23.501+0000] {processor.py:830} INFO - Processing file /home/airflow/.local/lib/python3.12/site-packages/airflow/example_dags/example_nested_branch_dag.py for tasks to queue
[2026-04-28T21:29:23.503+0000] {logging_mixin.py:188} INFO - [2026-04-28T21:29:23.503+0000] {dagbag.py:540} INFO - Filling up the DagBag from /home/airflow/.local/lib/python3.12/site-packages/airflow/example_dags/example_nested_branch_dag.py
[2026-04-28T21:29:23.515+0000] {processor.py:840} INFO - DAG(s) 'example_nested_branch_dag' retrieved from /home/airflow/.local/lib/python3.12/site-packages/airflow/example_dags/example_nested_branch_dag.py
[2026-04-28T21:29:23.574+0000] {logging_mixin.py:188} INFO - [2026-04-28T21:29:23.573+0000] {dag.py:3096} INFO - Sync 1 DAGs
[2026-04-28T21:29:23.617+0000] {logging_mixin.py:188} INFO - [2026-04-28T21:29:23.617+0000] {dag.py:3954} INFO - Setting next_dagrun for example_nested_branch_dag to 2026-04-27 00:00:00+00:00, run_after=2026-04-28 00:00:00+00:00
[2026-04-28T21:29:23.689+0000] {processor.py:183} INFO - Processing /home/airflow/.local/lib/python3.12/site-packages/airflow/example_dags/example_nested_branch_dag.py took 0.200 seconds
[2026-04-28T21:29:55.134+0000] {processor.py:161} INFO - Started process (PID=1175) to work on /home/airflow/.local/lib/python3.12/site-packages/airflow/example_dags/example_nested_branch_dag.py
[2026-04-28T21:29:55.138+0000] {processor.py:830} INFO - Processing file /home/airflow/.local/lib/python3.12/site-packages/airflow/example_dags/example_nested_branch_dag.py for tasks to queue
[2026-04-28T21:29:55.141+0000] {logging_mixin.py:188} INFO - [2026-04-28T21:29:55.140+0000] {dagbag.py:540} INFO - Filling up the DagBag from /home/airflow/.local/lib/python3.12/site-packages/airflow/example_dags/example_nested_branch_dag.py
[2026-04-28T21:29:55.161+0000] {processor.py:840} INFO - DAG(s) 'example_nested_branch_dag' retrieved from /home/airflow/.local/lib/python3.12/site-packages/airflow/example_dags/example_nested_branch_dag.py
[2026-04-28T21:29:55.196+0000] {logging_mixin.py:188} INFO - [2026-04-28T21:29:55.196+0000] {dag.py:3096} INFO - Sync 1 DAGs
[2026-04-28T21:29:55.226+0000] {logging_mixin.py:188} INFO - [2026-04-28T21:29:55.226+0000] {dag.py:3954} INFO - Setting next_dagrun for example_nested_branch_dag to 2026-04-27 00:00:00+00:00, run_after=2026-04-28 00:00:00+00:00
[2026-04-28T21:29:55.253+0000] {processor.py:183} INFO - Processing /home/airflow/.local/lib/python3.12/site-packages/airflow/example_dags/example_nested_branch_dag.py took 0.128 seconds
[2026-04-28T21:30:26.265+0000] {processor.py:161} INFO - Started process (PID=1235) to work on /home/airflow/.local/lib/python3.12/site-packages/airflow/example_dags/example_nested_branch_dag.py
[2026-04-28T21:30:26.267+0000] {processor.py:830} INFO - Processing file /home/airflow/.local/lib/python3.12/site-packages/airflow/example_dags/example_nested_branch_dag.py for tasks to queue
[2026-04-28T21:30:26.269+0000] {logging_mixin.py:188} INFO - [2026-04-28T21:30:26.269+0000] {dagbag.py:540} INFO - Filling up the DagBag from /home/airflow/.local/lib/python3.12/site-packages/airflow/example_dags/example_nested_branch_dag.py
[2026-04-28T21:30:26.281+0000] {processor.py:840} INFO - DAG(s) 'example_nested_branch_dag' retrieved from /home/airflow/.local/lib/python3.12/site-packages/airflow/example_dags/example_nested_branch_dag.py
[2026-04-28T21:30:26.542+0000] {logging_mixin.py:188} INFO - [2026-04-28T21:30:26.541+0000] {dag.py:3096} INFO - Sync 1 DAGs
[2026-04-28T21:30:26.637+0000] {logging_mixin.py:188} INFO - [2026-04-28T21:30:26.637+0000] {dag.py:3954} INFO - Setting next_dagrun for example_nested_branch_dag to 2026-04-27 00:00:00+00:00, run_after=2026-04-28 00:00:00+00:00
[2026-04-28T21:30:26.686+0000] {processor.py:183} INFO - Processing /home/airflow/.local/lib/python3.12/site-packages/airflow/example_dags/example_nested_branch_dag.py took 0.428 seconds
[2026-04-28T21:30:57.033+0000] {processor.py:161} INFO - Started process (PID=1292) to work on /home/airflow/.local/lib/python3.12/site-packages/airflow/example_dags/example_nested_branch_dag.py
[2026-04-28T21:30:57.035+0000] {processor.py:830} INFO - Processing file /home/airflow/.local/lib/python3.12/site-packages/airflow/example_dags/example_nested_branch_dag.py for tasks to queue
[2026-04-28T21:30:57.037+0000] {logging_mixin.py:188} INFO - [2026-04-28T21:30:57.037+0000] {dagbag.py:540} INFO - Filling up the DagBag from /home/airflow/.local/lib/python3.12/site-packages/airflow/example_dags/example_nested_branch_dag.py
[2026-04-28T21:30:57.064+0000] {processor.py:840} INFO - DAG(s) 'example_nested_branch_dag' retrieved from /home/airflow/.local/lib/python3.12/site-packages/airflow/example_dags/example_nested_branch_dag.py
[2026-04-28T21:30:57.100+0000] {logging_mixin.py:188} INFO - [2026-04-28T21:30:57.100+0000] {dag.py:3096} INFO - Sync 1 DAGs
[2026-04-28T21:30:57.130+0000] {logging_mixin.py:188} INFO - [2026-04-28T21:30:57.130+0000] {dag.py:3954} INFO - Setting next_dagrun for example_nested_branch_dag to 2026-04-27 00:00:00+00:00, run_after=2026-04-28 00:00:00+00:00
[2026-04-28T21:30:57.149+0000] {processor.py:183} INFO - Processing /home/airflow/.local/lib/python3.12/site-packages/airflow/example_dags/example_nested_branch_dag.py took 0.123 seconds
[2026-04-28T21:31:27.907+0000] {processor.py:161} INFO - Started process (PID=1356) to work on /home/airflow/.local/lib/python3.12/site-packages/airflow/example_dags/example_nested_branch_dag.py
[2026-04-28T21:31:27.908+0000] {processor.py:830} INFO - Processing file /home/airflow/.local/lib/python3.12/site-packages/airflow/example_dags/example_nested_branch_dag.py for tasks to queue
[2026-04-28T21:31:27.910+0000] {logging_mixin.py:188} INFO - [2026-04-28T21:31:27.910+0000] {dagbag.py:540} INFO - Filling up the DagBag from /home/airflow/.local/lib/python3.12/site-packages/airflow/example_dags/example_nested_branch_dag.py
[2026-04-28T21:31:27.921+0000] {processor.py:840} INFO - DAG(s) 'example_nested_branch_dag' retrieved from /home/airflow/.local/lib/python3.12/site-packages/airflow/example_dags/example_nested_branch_dag.py
[2026-04-28T21:31:27.942+0000] {logging_mixin.py:188} INFO - [2026-04-28T21:31:27.942+0000] {dag.py:3096} INFO - Sync 1 DAGs
[2026-04-28T21:31:27.962+0000] {logging_mixin.py:188} INFO - [2026-04-28T21:31:27.962+0000] {dag.py:3954} INFO - Setting next_dagrun for example_nested_branch_dag to 2026-04-27 00:00:00+00:00, run_after=2026-04-28 00:00:00+00:00
[2026-04-28T21:31:27.976+0000] {processor.py:183} INFO - Processing /home/airflow/.local/lib/python3.12/site-packages/airflow/example_dags/example_nested_branch_dag.py took 0.074 seconds
[2026-04-28T21:31:58.967+0000] {processor.py:161} INFO - Started process (PID=1416) to work on /home/airflow/.local/lib/python3.12/site-packages/airflow/example_dags/example_nested_branch_dag.py
[2026-04-28T21:31:58.987+0000] {processor.py:830} INFO - Processing file /home/airflow/.local/lib/python3.12/site-packages/airflow/example_dags/example_nested_branch_dag.py for tasks to queue
[2026-04-28T21:31:58.991+0000] {logging_mixin.py:188} INFO - [2026-04-28T21:31:58.990+0000] {dagbag.py:540} INFO - Filling up the DagBag from /home/airflow/.local/lib/python3.12/site-packages/airflow/example_dags/example_nested_branch_dag.py
[2026-04-28T21:31:59.009+0000] {processor.py:840} INFO - DAG(s) 'example_nested_branch_dag' retrieved from /home/airflow/.local/lib/python3.12/site-packages/airflow/example_dags/example_nested_branch_dag.py
[2026-04-28T21:31:59.052+0000] {logging_mixin.py:188} INFO - [2026-04-28T21:31:59.051+0000] {dag.py:3096} INFO - Sync 1 DAGs
[2026-04-28T21:31:59.093+0000] {logging_mixin.py:188} INFO - [2026-04-28T21:31:59.093+0000] {dag.py:3954} INFO - Setting next_dagrun for example_nested_branch_dag to 2026-04-27 00:00:00+00:00, run_after=2026-04-28 00:00:00+00:00
[2026-04-28T21:31:59.125+0000] {processor.py:183} INFO - Processing /home/airflow/.local/lib/python3.12/site-packages/airflow/example_dags/example_nested_branch_dag.py took 0.168 seconds
[2026-04-28T21:32:29.432+0000] {processor.py:161} INFO - Started process (PID=1476) to work on /home/airflow/.local/lib/python3.12/site-packages/airflow/example_dags/example_nested_branch_dag.py
[2026-04-28T21:32:29.437+0000] {processor.py:830} INFO - Processing file /home/airflow/.local/lib/python3.12/site-packages/airflow/example_dags/example_nested_branch_dag.py for tasks to queue
[2026-04-28T21:32:29.447+0000] {logging_mixin.py:188} INFO - [2026-04-28T21:32:29.445+0000] {dagbag.py:540} INFO - Filling up the DagBag from /home/airflow/.local/lib/python3.12/site-packages/airflow/example_dags/example_nested_branch_dag.py
[2026-04-28T21:32:29.491+0000] {processor.py:840} INFO - DAG(s) 'example_nested_branch_dag' retrieved from /home/airflow/.local/lib/python3.12/site-packages/airflow/example_dags/example_nested_branch_dag.py
[2026-04-28T21:32:29.561+0000] {logging_mixin.py:188} INFO - [2026-04-28T21:32:29.561+0000] {dag.py:3096} INFO - Sync 1 DAGs
[2026-04-28T21:32:29.615+0000] {logging_mixin.py:188} INFO - [2026-04-28T21:32:29.615+0000] {dag.py:3954} INFO - Setting next_dagrun for example_nested_branch_dag to 2026-04-27 00:00:00+00:00, run_after=2026-04-28 00:00:00+00:00
[2026-04-28T21:32:29.643+0000] {processor.py:183} INFO - Processing /home/airflow/.local/lib/python3.12/site-packages/airflow/example_dags/example_nested_branch_dag.py took 0.262 seconds
[2026-04-28T21:33:00.122+0000] {processor.py:161} INFO - Started process (PID=1535) to work on /home/airflow/.local/lib/python3.12/site-packages/airflow/example_dags/example_nested_branch_dag.py
[2026-04-28T21:33:00.132+0000] {processor.py:830} INFO - Processing file /home/airflow/.local/lib/python3.12/site-packages/airflow/example_dags/example_nested_branch_dag.py for tasks to queue
[2026-04-28T21:33:00.150+0000] {logging_mixin.py:188} INFO - [2026-04-28T21:33:00.149+0000] {dagbag.py:540} INFO - Filling up the DagBag from /home/airflow/.local/lib/python3.12/site-packages/airflow/example_dags/example_nested_branch_dag.py
[2026-04-28T21:33:00.208+0000] {processor.py:840} INFO - DAG(s) 'example_nested_branch_dag' retrieved from /home/airflow/.local/lib/python3.12/site-packages/airflow/example_dags/example_nested_branch_dag.py
[2026-04-28T21:33:00.301+0000] {logging_mixin.py:188} INFO - [2026-04-28T21:33:00.301+0000] {dag.py:3096} INFO - Sync 1 DAGs
[2026-04-28T21:33:00.391+0000] {logging_mixin.py:188} INFO - [2026-04-28T21:33:00.388+0000] {dag.py:3954} INFO - Setting next_dagrun for example_nested_branch_dag to 2026-04-27 00:00:00+00:00, run_after=2026-04-28 00:00:00+00:00
[2026-04-28T21:33:00.432+0000] {processor.py:183} INFO - Processing /home/airflow/.local/lib/python3.12/site-packages/airflow/example_dags/example_nested_branch_dag.py took 0.351 seconds
[2026-04-28T21:33:30.706+0000] {processor.py:161} INFO - Started process (PID=1596) to work on /home/airflow/.local/lib/python3.12/site-packages/airflow/example_dags/example_nested_branch_dag.py
[2026-04-28T21:33:30.708+0000] {processor.py:830} INFO - Processing file /home/airflow/.local/lib/python3.12/site-packages/airflow/example_dags/example_nested_branch_dag.py for tasks to queue
[2026-04-28T21:33:30.710+0000] {logging_mixin.py:188} INFO - [2026-04-28T21:33:30.709+0000] {dagbag.py:540} INFO - Filling up the DagBag from /home/airflow/.local/lib/python3.12/site-packages/airflow/example_dags/example_nested_branch_dag.py
[2026-04-28T21:33:30.725+0000] {processor.py:840} INFO - DAG(s) 'example_nested_branch_dag' retrieved from /home/airflow/.local/lib/python3.12/site-packages/airflow/example_dags/example_nested_branch_dag.py
[2026-04-28T21:33:30.773+0000] {logging_mixin.py:188} INFO - [2026-04-28T21:33:30.773+0000] {dag.py:3096} INFO - Sync 1 DAGs
[2026-04-28T21:33:30.823+0000] {logging_mixin.py:188} INFO - [2026-04-28T21:33:30.823+0000] {dag.py:3954} INFO - Setting next_dagrun for example_nested_branch_dag to 2026-04-27 00:00:00+00:00, run_after=2026-04-28 00:00:00+00:00
[2026-04-28T21:33:30.849+0000] {processor.py:183} INFO - Processing /home/airflow/.local/lib/python3.12/site-packages/airflow/example_dags/example_nested_branch_dag.py took 0.150 seconds
[2026-04-28T21:34:01.576+0000] {processor.py:161} INFO - Started process (PID=1655) to work on /home/airflow/.local/lib/python3.12/site-packages/airflow/example_dags/example_nested_branch_dag.py
[2026-04-28T21:34:01.577+0000] {processor.py:830} INFO - Processing file /home/airflow/.local/lib/python3.12/site-packages/airflow/example_dags/example_nested_branch_dag.py for tasks to queue
[2026-04-28T21:34:01.579+0000] {logging_mixin.py:188} INFO - [2026-04-28T21:34:01.579+0000] {dagbag.py:540} INFO - Filling up the DagBag from /home/airflow/.local/lib/python3.12/site-packages/airflow/example_dags/example_nested_branch_dag.py
[2026-04-28T21:34:01.591+0000] {processor.py:840} INFO - DAG(s) 'example_nested_branch_dag' retrieved from /home/airflow/.local/lib/python3.12/site-packages/airflow/example_dags/example_nested_branch_dag.py
[2026-04-28T21:34:01.618+0000] {logging_mixin.py:188} INFO - [2026-04-28T21:34:01.617+0000] {dag.py:3096} INFO - Sync 1 DAGs
[2026-04-28T21:34:01.645+0000] {logging_mixin.py:188} INFO - [2026-04-28T21:34:01.645+0000] {dag.py:3954} INFO - Setting next_dagrun for example_nested_branch_dag to 2026-04-27 00:00:00+00:00, run_after=2026-04-28 00:00:00+00:00
[2026-04-28T21:34:01.664+0000] {processor.py:183} INFO - Processing /home/airflow/.local/lib/python3.12/site-packages/airflow/example_dags/example_nested_branch_dag.py took 0.095 seconds
[2026-04-28T21:34:32.359+0000] {processor.py:161} INFO - Started process (PID=1715) to work on /home/airflow/.local/lib/python3.12/site-packages/airflow/example_dags/example_nested_branch_dag.py
[2026-04-28T21:34:32.417+0000] {processor.py:830} INFO - Processing file /home/airflow/.local/lib/python3.12/site-packages/airflow/example_dags/example_nested_branch_dag.py for tasks to queue
[2026-04-28T21:34:32.427+0000] {logging_mixin.py:188} INFO - [2026-04-28T21:34:32.427+0000] {dagbag.py:540} INFO - Filling up the DagBag from /home/airflow/.local/lib/python3.12/site-packages/airflow/example_dags/example_nested_branch_dag.py
[2026-04-28T21:34:32.664+0000] {processor.py:840} INFO - DAG(s) 'example_nested_branch_dag' retrieved from /home/airflow/.local/lib/python3.12/site-packages/airflow/example_dags/example_nested_branch_dag.py
[2026-04-28T21:34:32.990+0000] {logging_mixin.py:188} INFO - [2026-04-28T21:34:32.989+0000] {dag.py:3096} INFO - Sync 1 DAGs
[2026-04-28T21:34:33.116+0000] {logging_mixin.py:188} INFO - [2026-04-28T21:34:33.116+0000] {dag.py:3954} INFO - Setting next_dagrun for example_nested_branch_dag to 2026-04-27 00:00:00+00:00, run_after=2026-04-28 00:00:00+00:00
[2026-04-28T21:34:33.284+0000] {processor.py:183} INFO - Processing /home/airflow/.local/lib/python3.12/site-packages/airflow/example_dags/example_nested_branch_dag.py took 0.982 seconds
[2026-04-28T21:35:04.339+0000] {processor.py:161} INFO - Started process (PID=1776) to work on /home/airflow/.local/lib/python3.12/site-packages/airflow/example_dags/example_nested_branch_dag.py
[2026-04-28T21:35:04.342+0000] {processor.py:830} INFO - Processing file /home/airflow/.local/lib/python3.12/site-packages/airflow/example_dags/example_nested_branch_dag.py for tasks to queue
[2026-04-28T21:35:04.346+0000] {logging_mixin.py:188} INFO - [2026-04-28T21:35:04.346+0000] {dagbag.py:540} INFO - Filling up the DagBag from /home/airflow/.local/lib/python3.12/site-packages/airflow/example_dags/example_nested_branch_dag.py
[2026-04-28T21:35:04.368+0000] {processor.py:840} INFO - DAG(s) 'example_nested_branch_dag' retrieved from /home/airflow/.local/lib/python3.12/site-packages/airflow/example_dags/example_nested_branch_dag.py
[2026-04-28T21:35:04.399+0000] {logging_mixin.py:188} INFO - [2026-04-28T21:35:04.399+0000] {dag.py:3096} INFO - Sync 1 DAGs
[2026-04-28T21:35:04.431+0000] {logging_mixin.py:188} INFO - [2026-04-28T21:35:04.431+0000] {dag.py:3954} INFO - Setting next_dagrun for example_nested_branch_dag to 2026-04-27 00:00:00+00:00, run_after=2026-04-28 00:00:00+00:00
[2026-04-28T21:35:04.450+0000] {processor.py:183} INFO - Processing /home/airflow/.local/lib/python3.12/site-packages/airflow/example_dags/example_nested_branch_dag.py took 0.118 seconds
[2026-04-28T21:35:34.784+0000] {processor.py:161} INFO - Started process (PID=1836) to work on /home/airflow/.local/lib/python3.12/site-packages/airflow/example_dags/example_nested_branch_dag.py
[2026-04-28T21:35:34.785+0000] {processor.py:830} INFO - Processing file /home/airflow/.local/lib/python3.12/site-packages/airflow/example_dags/example_nested_branch_dag.py for tasks to queue
[2026-04-28T21:35:34.788+0000] {logging_mixin.py:188} INFO - [2026-04-28T21:35:34.787+0000] {dagbag.py:540} INFO - Filling up the DagBag from /home/airflow/.local/lib/python3.12/site-packages/airflow/example_dags/example_nested_branch_dag.py
[2026-04-28T21:35:34.799+0000] {processor.py:840} INFO - DAG(s) 'example_nested_branch_dag' retrieved from /home/airflow/.local/lib/python3.12/site-packages/airflow/example_dags/example_nested_branch_dag.py
[2026-04-28T21:35:34.833+0000] {logging_mixin.py:188} INFO - [2026-04-28T21:35:34.833+0000] {dag.py:3096} INFO - Sync 1 DAGs
[2026-04-28T21:35:34.860+0000] {logging_mixin.py:188} INFO - [2026-04-28T21:35:34.860+0000] {dag.py:3954} INFO - Setting next_dagrun for example_nested_branch_dag to 2026-04-27 00:00:00+00:00, run_after=2026-04-28 00:00:00+00:00
[2026-04-28T21:35:34.884+0000] {processor.py:183} INFO - Processing /home/airflow/.local/lib/python3.12/site-packages/airflow/example_dags/example_nested_branch_dag.py took 0.106 seconds
[2026-04-28T21:36:05.227+0000] {processor.py:161} INFO - Started process (PID=1896) to work on /home/airflow/.local/lib/python3.12/site-packages/airflow/example_dags/example_nested_branch_dag.py
[2026-04-28T21:36:05.238+0000] {processor.py:830} INFO - Processing file /home/airflow/.local/lib/python3.12/site-packages/airflow/example_dags/example_nested_branch_dag.py for tasks to queue
[2026-04-28T21:36:05.259+0000] {logging_mixin.py:188} INFO - [2026-04-28T21:36:05.258+0000] {dagbag.py:540} INFO - Filling up the DagBag from /home/airflow/.local/lib/python3.12/site-packages/airflow/example_dags/example_nested_branch_dag.py
[2026-04-28T21:36:05.395+0000] {processor.py:840} INFO - DAG(s) 'example_nested_branch_dag' retrieved from /home/airflow/.local/lib/python3.12/site-packages/airflow/example_dags/example_nested_branch_dag.py
[2026-04-28T21:36:05.531+0000] {logging_mixin.py:188} INFO - [2026-04-28T21:36:05.527+0000] {dag.py:3096} INFO - Sync 1 DAGs
[2026-04-28T21:36:05.670+0000] {logging_mixin.py:188} INFO - [2026-04-28T21:36:05.668+0000] {dag.py:3954} INFO - Setting next_dagrun for example_nested_branch_dag to 2026-04-27 00:00:00+00:00, run_after=2026-04-28 00:00:00+00:00
[2026-04-28T21:36:05.778+0000] {processor.py:183} INFO - Processing /home/airflow/.local/lib/python3.12/site-packages/airflow/example_dags/example_nested_branch_dag.py took 0.624 seconds
[2026-04-28T21:36:36.009+0000] {processor.py:161} INFO - Started process (PID=1956) to work on /home/airflow/.local/lib/python3.12/site-packages/airflow/example_dags/example_nested_branch_dag.py
[2026-04-28T21:36:36.015+0000] {processor.py:830} INFO - Processing file /home/airflow/.local/lib/python3.12/site-packages/airflow/example_dags/example_nested_branch_dag.py for tasks to queue
[2026-04-28T21:36:36.018+0000] {logging_mixin.py:188} INFO - [2026-04-28T21:36:36.017+0000] {dagbag.py:540} INFO - Filling up the DagBag from /home/airflow/.local/lib/python3.12/site-packages/airflow/example_dags/example_nested_branch_dag.py
[2026-04-28T21:36:36.032+0000] {processor.py:840} INFO - DAG(s) 'example_nested_branch_dag' retrieved from /home/airflow/.local/lib/python3.12/site-packages/airflow/example_dags/example_nested_branch_dag.py
[2026-04-28T21:36:36.070+0000] {logging_mixin.py:188} INFO - [2026-04-28T21:36:36.069+0000] {dag.py:3096} INFO - Sync 1 DAGs
[2026-04-28T21:36:36.098+0000] {logging_mixin.py:188} INFO - [2026-04-28T21:36:36.098+0000] {dag.py:3954} INFO - Setting next_dagrun for example_nested_branch_dag to 2026-04-27 00:00:00+00:00, run_after=2026-04-28 00:00:00+00:00
[2026-04-28T21:36:36.117+0000] {processor.py:183} INFO - Processing /home/airflow/.local/lib/python3.12/site-packages/airflow/example_dags/example_nested_branch_dag.py took 0.126 seconds
[2026-04-28T21:37:06.733+0000] {processor.py:161} INFO - Started process (PID=2015) to work on /home/airflow/.local/lib/python3.12/site-packages/airflow/example_dags/example_nested_branch_dag.py
[2026-04-28T21:37:06.763+0000] {processor.py:830} INFO - Processing file /home/airflow/.local/lib/python3.12/site-packages/airflow/example_dags/example_nested_branch_dag.py for tasks to queue
[2026-04-28T21:37:06.766+0000] {logging_mixin.py:188} INFO - [2026-04-28T21:37:06.765+0000] {dagbag.py:540} INFO - Filling up the DagBag from /home/airflow/.local/lib/python3.12/site-packages/airflow/example_dags/example_nested_branch_dag.py
[2026-04-28T21:37:06.783+0000] {processor.py:840} INFO - DAG(s) 'example_nested_branch_dag' retrieved from /home/airflow/.local/lib/python3.12/site-packages/airflow/example_dags/example_nested_branch_dag.py
[2026-04-28T21:37:06.818+0000] {logging_mixin.py:188} INFO - [2026-04-28T21:37:06.817+0000] {dag.py:3096} INFO - Sync 1 DAGs
[2026-04-28T21:37:06.860+0000] {logging_mixin.py:188} INFO - [2026-04-28T21:37:06.859+0000] {dag.py:3954} INFO - Setting next_dagrun for example_nested_branch_dag to 2026-04-27 00:00:00+00:00, run_after=2026-04-28 00:00:00+00:00
[2026-04-28T21:37:06.890+0000] {processor.py:183} INFO - Processing /home/airflow/.local/lib/python3.12/site-packages/airflow/example_dags/example_nested_branch_dag.py took 0.166 seconds
[2026-04-28T21:37:37.663+0000] {processor.py:161} INFO - Started process (PID=2075) to work on /home/airflow/.local/lib/python3.12/site-packages/airflow/example_dags/example_nested_branch_dag.py
[2026-04-28T21:37:37.674+0000] {processor.py:830} INFO - Processing file /home/airflow/.local/lib/python3.12/site-packages/airflow/example_dags/example_nested_branch_dag.py for tasks to queue
[2026-04-28T21:37:37.678+0000] {logging_mixin.py:188} INFO - [2026-04-28T21:37:37.678+0000] {dagbag.py:540} INFO - Filling up the DagBag from /home/airflow/.local/lib/python3.12/site-packages/airflow/example_dags/example_nested_branch_dag.py
[2026-04-28T21:37:37.709+0000] {processor.py:840} INFO - DAG(s) 'example_nested_branch_dag' retrieved from /home/airflow/.local/lib/python3.12/site-packages/airflow/example_dags/example_nested_branch_dag.py
[2026-04-28T21:37:37.756+0000] {logging_mixin.py:188} INFO - [2026-04-28T21:37:37.755+0000] {dag.py:3096} INFO - Sync 1 DAGs
[2026-04-28T21:37:37.797+0000] {logging_mixin.py:188} INFO - [2026-04-28T21:37:37.797+0000] {dag.py:3954} INFO - Setting next_dagrun for example_nested_branch_dag to 2026-04-27 00:00:00+00:00, run_after=2026-04-28 00:00:00+00:00
[2026-04-28T21:37:37.842+0000] {processor.py:183} INFO - Processing /home/airflow/.local/lib/python3.12/site-packages/airflow/example_dags/example_nested_branch_dag.py took 0.200 seconds
[2026-04-28T21:38:08.085+0000] {processor.py:161} INFO - Started process (PID=2134) to work on /home/airflow/.local/lib/python3.12/site-packages/airflow/example_dags/example_nested_branch_dag.py
[2026-04-28T21:38:08.088+0000] {processor.py:830} INFO - Processing file /home/airflow/.local/lib/python3.12/site-packages/airflow/example_dags/example_nested_branch_dag.py for tasks to queue
[2026-04-28T21:38:08.092+0000] {logging_mixin.py:188} INFO - [2026-04-28T21:38:08.092+0000] {dagbag.py:540} INFO - Filling up the DagBag from /home/airflow/.local/lib/python3.12/site-packages/airflow/example_dags/example_nested_branch_dag.py
[2026-04-28T21:38:08.131+0000] {processor.py:840} INFO - DAG(s) 'example_nested_branch_dag' retrieved from /home/airflow/.local/lib/python3.12/site-packages/airflow/example_dags/example_nested_branch_dag.py
[2026-04-28T21:38:08.159+0000] {logging_mixin.py:188} INFO - [2026-04-28T21:38:08.158+0000] {dag.py:3096} INFO - Sync 1 DAGs
[2026-04-28T21:38:08.186+0000] {logging_mixin.py:188} INFO - [2026-04-28T21:38:08.185+0000] {dag.py:3954} INFO - Setting next_dagrun for example_nested_branch_dag to 2026-04-27 00:00:00+00:00, run_after=2026-04-28 00:00:00+00:00
[2026-04-28T21:38:08.212+0000] {processor.py:183} INFO - Processing /home/airflow/.local/lib/python3.12/site-packages/airflow/example_dags/example_nested_branch_dag.py took 0.134 seconds
[2026-04-28T21:38:38.961+0000] {processor.py:161} INFO - Started process (PID=2194) to work on /home/airflow/.local/lib/python3.12/site-packages/airflow/example_dags/example_nested_branch_dag.py
[2026-04-28T21:38:38.969+0000] {processor.py:830} INFO - Processing file /home/airflow/.local/lib/python3.12/site-packages/airflow/example_dags/example_nested_branch_dag.py for tasks to queue
[2026-04-28T21:38:38.971+0000] {logging_mixin.py:188} INFO - [2026-04-28T21:38:38.971+0000] {dagbag.py:540} INFO - Filling up the DagBag from /home/airflow/.local/lib/python3.12/site-packages/airflow/example_dags/example_nested_branch_dag.py
[2026-04-28T21:38:38.990+0000] {processor.py:840} INFO - DAG(s) 'example_nested_branch_dag' retrieved from /home/airflow/.local/lib/python3.12/site-packages/airflow/example_dags/example_nested_branch_dag.py
[2026-04-28T21:38:39.072+0000] {logging_mixin.py:188} INFO - [2026-04-28T21:38:39.072+0000] {dag.py:3096} INFO - Sync 1 DAGs
[2026-04-28T21:38:39.127+0000] {logging_mixin.py:188} INFO - [2026-04-28T21:38:39.126+0000] {dag.py:3954} INFO - Setting next_dagrun for example_nested_branch_dag to 2026-04-27 00:00:00+00:00, run_after=2026-04-28 00:00:00+00:00
[2026-04-28T21:38:39.172+0000] {processor.py:183} INFO - Processing /home/airflow/.local/lib/python3.12/site-packages/airflow/example_dags/example_nested_branch_dag.py took 0.235 seconds
[2026-04-28T21:39:09.440+0000] {processor.py:161} INFO - Started process (PID=2253) to work on /home/airflow/.local/lib/python3.12/site-packages/airflow/example_dags/example_nested_branch_dag.py
[2026-04-28T21:39:09.444+0000] {processor.py:830} INFO - Processing file /home/airflow/.local/lib/python3.12/site-packages/airflow/example_dags/example_nested_branch_dag.py for tasks to queue
[2026-04-28T21:39:09.447+0000] {logging_mixin.py:188} INFO - [2026-04-28T21:39:09.447+0000] {dagbag.py:540} INFO - Filling up the DagBag from /home/airflow/.local/lib/python3.12/site-packages/airflow/example_dags/example_nested_branch_dag.py
[2026-04-28T21:39:09.470+0000] {processor.py:840} INFO - DAG(s) 'example_nested_branch_dag' retrieved from /home/airflow/.local/lib/python3.12/site-packages/airflow/example_dags/example_nested_branch_dag.py
[2026-04-28T21:39:09.498+0000] {logging_mixin.py:188} INFO - [2026-04-28T21:39:09.497+0000] {dag.py:3096} INFO - Sync 1 DAGs
[2026-04-28T21:39:09.529+0000] {logging_mixin.py:188} INFO - [2026-04-28T21:39:09.529+0000] {dag.py:3954} INFO - Setting next_dagrun for example_nested_branch_dag to 2026-04-27 00:00:00+00:00, run_after=2026-04-28 00:00:00+00:00
[2026-04-28T21:39:09.549+0000] {processor.py:183} INFO - Processing /home/airflow/.local/lib/python3.12/site-packages/airflow/example_dags/example_nested_branch_dag.py took 0.117 seconds
[2026-04-28T21:39:39.784+0000] {processor.py:161} INFO - Started process (PID=2313) to work on /home/airflow/.local/lib/python3.12/site-packages/airflow/example_dags/example_nested_branch_dag.py
[2026-04-28T21:39:39.785+0000] {processor.py:830} INFO - Processing file /home/airflow/.local/lib/python3.12/site-packages/airflow/example_dags/example_nested_branch_dag.py for tasks to queue
[2026-04-28T21:39:39.794+0000] {logging_mixin.py:188} INFO - [2026-04-28T21:39:39.794+0000] {dagbag.py:540} INFO - Filling up the DagBag from /home/airflow/.local/lib/python3.12/site-packages/airflow/example_dags/example_nested_branch_dag.py
[2026-04-28T21:39:39.812+0000] {processor.py:840} INFO - DAG(s) 'example_nested_branch_dag' retrieved from /home/airflow/.local/lib/python3.12/site-packages/airflow/example_dags/example_nested_branch_dag.py
[2026-04-28T21:39:39.842+0000] {logging_mixin.py:188} INFO - [2026-04-28T21:39:39.842+0000] {dag.py:3096} INFO - Sync 1 DAGs
[2026-04-28T21:39:39.873+0000] {logging_mixin.py:188} INFO - [2026-04-28T21:39:39.873+0000] {dag.py:3954} INFO - Setting next_dagrun for example_nested_branch_dag to 2026-04-27 00:00:00+00:00, run_after=2026-04-28 00:00:00+00:00
[2026-04-28T21:39:39.896+0000] {processor.py:183} INFO - Processing /home/airflow/.local/lib/python3.12/site-packages/airflow/example_dags/example_nested_branch_dag.py took 0.119 seconds
[2026-04-28T21:43:28.942+0000] {processor.py:161} INFO - Started process (PID=98) to work on /home/airflow/.local/lib/python3.12/site-packages/airflow/example_dags/example_nested_branch_dag.py
[2026-04-28T21:43:28.949+0000] {processor.py:830} INFO - Processing file /home/airflow/.local/lib/python3.12/site-packages/airflow/example_dags/example_nested_branch_dag.py for tasks to queue
[2026-04-28T21:43:28.955+0000] {logging_mixin.py:188} INFO - [2026-04-28T21:43:28.954+0000] {dagbag.py:540} INFO - Filling up the DagBag from /home/airflow/.local/lib/python3.12/site-packages/airflow/example_dags/example_nested_branch_dag.py
[2026-04-28T21:43:28.990+0000] {processor.py:840} INFO - DAG(s) 'example_nested_branch_dag' retrieved from /home/airflow/.local/lib/python3.12/site-packages/airflow/example_dags/example_nested_branch_dag.py
[2026-04-28T21:43:29.305+0000] {logging_mixin.py:188} INFO - [2026-04-28T21:43:29.304+0000] {override.py:1829} INFO - Created Permission View: can delete on DAG:example_nested_branch_dag
[2026-04-28T21:43:29.345+0000] {logging_mixin.py:188} INFO - [2026-04-28T21:43:29.344+0000] {override.py:1829} INFO - Created Permission View: can edit on DAG:example_nested_branch_dag
[2026-04-28T21:43:29.365+0000] {logging_mixin.py:188} INFO - [2026-04-28T21:43:29.365+0000] {override.py:1829} INFO - Created Permission View: can read on DAG:example_nested_branch_dag
[2026-04-28T21:43:29.366+0000] {logging_mixin.py:188} INFO - [2026-04-28T21:43:29.366+0000] {dag.py:3096} INFO - Sync 1 DAGs
[2026-04-28T21:43:29.404+0000] {logging_mixin.py:188} INFO - [2026-04-28T21:43:29.404+0000] {dag.py:3118} INFO - Creating ORM DAG for example_nested_branch_dag
[2026-04-28T21:43:29.432+0000] {logging_mixin.py:188} INFO - [2026-04-28T21:43:29.431+0000] {dag.py:3954} INFO - Setting next_dagrun for example_nested_branch_dag to 2026-04-27 00:00:00+00:00, run_after=2026-04-28 00:00:00+00:00
[2026-04-28T21:43:29.467+0000] {processor.py:183} INFO - Processing /home/airflow/.local/lib/python3.12/site-packages/airflow/example_dags/example_nested_branch_dag.py took 0.538 seconds
[2026-04-28T21:44:00.122+0000] {processor.py:161} INFO - Started process (PID=158) to work on /home/airflow/.local/lib/python3.12/site-packages/airflow/example_dags/example_nested_branch_dag.py
[2026-04-28T21:44:00.124+0000] {processor.py:830} INFO - Processing file /home/airflow/.local/lib/python3.12/site-packages/airflow/example_dags/example_nested_branch_dag.py for tasks to queue
[2026-04-28T21:44:00.126+0000] {logging_mixin.py:188} INFO - [2026-04-28T21:44:00.126+0000] {dagbag.py:540} INFO - Filling up the DagBag from /home/airflow/.local/lib/python3.12/site-packages/airflow/example_dags/example_nested_branch_dag.py
[2026-04-28T21:44:00.140+0000] {processor.py:840} INFO - DAG(s) 'example_nested_branch_dag' retrieved from /home/airflow/.local/lib/python3.12/site-packages/airflow/example_dags/example_nested_branch_dag.py
[2026-04-28T21:44:00.167+0000] {logging_mixin.py:188} INFO - [2026-04-28T21:44:00.167+0000] {dag.py:3096} INFO - Sync 1 DAGs
[2026-04-28T21:44:00.197+0000] {logging_mixin.py:188} INFO - [2026-04-28T21:44:00.197+0000] {dag.py:3954} INFO - Setting next_dagrun for example_nested_branch_dag to 2026-04-27 00:00:00+00:00, run_after=2026-04-28 00:00:00+00:00
[2026-04-28T21:44:00.258+0000] {processor.py:183} INFO - Processing /home/airflow/.local/lib/python3.12/site-packages/airflow/example_dags/example_nested_branch_dag.py took 0.144 seconds
[2026-04-28T21:44:30.633+0000] {processor.py:161} INFO - Started process (PID=217) to work on /home/airflow/.local/lib/python3.12/site-packages/airflow/example_dags/example_nested_branch_dag.py
[2026-04-28T21:44:30.634+0000] {processor.py:830} INFO - Processing file /home/airflow/.local/lib/python3.12/site-packages/airflow/example_dags/example_nested_branch_dag.py for tasks to queue
[2026-04-28T21:44:30.636+0000] {logging_mixin.py:188} INFO - [2026-04-28T21:44:30.635+0000] {dagbag.py:540} INFO - Filling up the DagBag from /home/airflow/.local/lib/python3.12/site-packages/airflow/example_dags/example_nested_branch_dag.py
[2026-04-28T21:44:30.649+0000] {processor.py:840} INFO - DAG(s) 'example_nested_branch_dag' retrieved from /home/airflow/.local/lib/python3.12/site-packages/airflow/example_dags/example_nested_branch_dag.py
[2026-04-28T21:44:30.673+0000] {logging_mixin.py:188} INFO - [2026-04-28T21:44:30.673+0000] {dag.py:3096} INFO - Sync 1 DAGs
[2026-04-28T21:44:30.701+0000] {logging_mixin.py:188} INFO - [2026-04-28T21:44:30.701+0000] {dag.py:3954} INFO - Setting next_dagrun for example_nested_branch_dag to 2026-04-27 00:00:00+00:00, run_after=2026-04-28 00:00:00+00:00
[2026-04-28T21:44:30.721+0000] {processor.py:183} INFO - Processing /home/airflow/.local/lib/python3.12/site-packages/airflow/example_dags/example_nested_branch_dag.py took 0.095 seconds
[2026-04-28T21:45:01.805+0000] {processor.py:161} INFO - Started process (PID=277) to work on /home/airflow/.local/lib/python3.12/site-packages/airflow/example_dags/example_nested_branch_dag.py
[2026-04-28T21:45:01.815+0000] {processor.py:830} INFO - Processing file /home/airflow/.local/lib/python3.12/site-packages/airflow/example_dags/example_nested_branch_dag.py for tasks to queue
[2026-04-28T21:45:01.827+0000] {logging_mixin.py:188} INFO - [2026-04-28T21:45:01.823+0000] {dagbag.py:540} INFO - Filling up the DagBag from /home/airflow/.local/lib/python3.12/site-packages/airflow/example_dags/example_nested_branch_dag.py
[2026-04-28T21:45:01.879+0000] {processor.py:840} INFO - DAG(s) 'example_nested_branch_dag' retrieved from /home/airflow/.local/lib/python3.12/site-packages/airflow/example_dags/example_nested_branch_dag.py
[2026-04-28T21:45:01.966+0000] {logging_mixin.py:188} INFO - [2026-04-28T21:45:01.966+0000] {dag.py:3096} INFO - Sync 1 DAGs
[2026-04-28T21:45:02.073+0000] {logging_mixin.py:188} INFO - [2026-04-28T21:45:02.072+0000] {dag.py:3954} INFO - Setting next_dagrun for example_nested_branch_dag to 2026-04-27 00:00:00+00:00, run_after=2026-04-28 00:00:00+00:00
[2026-04-28T21:45:02.130+0000] {processor.py:183} INFO - Processing /home/airflow/.local/lib/python3.12/site-packages/airflow/example_dags/example_nested_branch_dag.py took 0.375 seconds
[2026-04-28T21:45:32.638+0000] {processor.py:161} INFO - Started process (PID=337) to work on /home/airflow/.local/lib/python3.12/site-packages/airflow/example_dags/example_nested_branch_dag.py
[2026-04-28T21:45:32.640+0000] {processor.py:830} INFO - Processing file /home/airflow/.local/lib/python3.12/site-packages/airflow/example_dags/example_nested_branch_dag.py for tasks to queue
[2026-04-28T21:45:32.643+0000] {logging_mixin.py:188} INFO - [2026-04-28T21:45:32.643+0000] {dagbag.py:540} INFO - Filling up the DagBag from /home/airflow/.local/lib/python3.12/site-packages/airflow/example_dags/example_nested_branch_dag.py
[2026-04-28T21:45:32.664+0000] {processor.py:840} INFO - DAG(s) 'example_nested_branch_dag' retrieved from /home/airflow/.local/lib/python3.12/site-packages/airflow/example_dags/example_nested_branch_dag.py
[2026-04-28T21:45:32.719+0000] {logging_mixin.py:188} INFO - [2026-04-28T21:45:32.719+0000] {dag.py:3096} INFO - Sync 1 DAGs
[2026-04-28T21:45:32.776+0000] {logging_mixin.py:188} INFO - [2026-04-28T21:45:32.776+0000] {dag.py:3954} INFO - Setting next_dagrun for example_nested_branch_dag to 2026-04-27 00:00:00+00:00, run_after=2026-04-28 00:00:00+00:00
[2026-04-28T21:45:32.815+0000] {processor.py:183} INFO - Processing /home/airflow/.local/lib/python3.12/site-packages/airflow/example_dags/example_nested_branch_dag.py took 0.197 seconds
[2026-04-28T21:46:03.226+0000] {processor.py:161} INFO - Started process (PID=397) to work on /home/airflow/.local/lib/python3.12/site-packages/airflow/example_dags/example_nested_branch_dag.py
[2026-04-28T21:46:03.228+0000] {processor.py:830} INFO - Processing file /home/airflow/.local/lib/python3.12/site-packages/airflow/example_dags/example_nested_branch_dag.py for tasks to queue
[2026-04-28T21:46:03.232+0000] {logging_mixin.py:188} INFO - [2026-04-28T21:46:03.232+0000] {dagbag.py:540} INFO - Filling up the DagBag from /home/airflow/.local/lib/python3.12/site-packages/airflow/example_dags/example_nested_branch_dag.py
[2026-04-28T21:46:03.253+0000] {processor.py:840} INFO - DAG(s) 'example_nested_branch_dag' retrieved from /home/airflow/.local/lib/python3.12/site-packages/airflow/example_dags/example_nested_branch_dag.py
[2026-04-28T21:46:03.309+0000] {logging_mixin.py:188} INFO - [2026-04-28T21:46:03.309+0000] {dag.py:3096} INFO - Sync 1 DAGs
[2026-04-28T21:46:03.383+0000] {logging_mixin.py:188} INFO - [2026-04-28T21:46:03.380+0000] {dag.py:3954} INFO - Setting next_dagrun for example_nested_branch_dag to 2026-04-27 00:00:00+00:00, run_after=2026-04-28 00:00:00+00:00
[2026-04-28T21:46:03.428+0000] {processor.py:183} INFO - Processing /home/airflow/.local/lib/python3.12/site-packages/airflow/example_dags/example_nested_branch_dag.py took 0.215 seconds
[2026-04-28T21:46:34.117+0000] {processor.py:161} INFO - Started process (PID=456) to work on /home/airflow/.local/lib/python3.12/site-packages/airflow/example_dags/example_nested_branch_dag.py
[2026-04-28T21:46:34.120+0000] {processor.py:830} INFO - Processing file /home/airflow/.local/lib/python3.12/site-packages/airflow/example_dags/example_nested_branch_dag.py for tasks to queue
[2026-04-28T21:46:34.125+0000] {logging_mixin.py:188} INFO - [2026-04-28T21:46:34.124+0000] {dagbag.py:540} INFO - Filling up the DagBag from /home/airflow/.local/lib/python3.12/site-packages/airflow/example_dags/example_nested_branch_dag.py
[2026-04-28T21:46:34.169+0000] {processor.py:840} INFO - DAG(s) 'example_nested_branch_dag' retrieved from /home/airflow/.local/lib/python3.12/site-packages/airflow/example_dags/example_nested_branch_dag.py
[2026-04-28T21:46:34.230+0000] {logging_mixin.py:188} INFO - [2026-04-28T21:46:34.229+0000] {dag.py:3096} INFO - Sync 1 DAGs
[2026-04-28T21:46:34.308+0000] {logging_mixin.py:188} INFO - [2026-04-28T21:46:34.308+0000] {dag.py:3954} INFO - Setting next_dagrun for example_nested_branch_dag to 2026-04-27 00:00:00+00:00, run_after=2026-04-28 00:00:00+00:00
[2026-04-28T21:46:34.439+0000] {processor.py:183} INFO - Processing /home/airflow/.local/lib/python3.12/site-packages/airflow/example_dags/example_nested_branch_dag.py took 0.364 seconds
[2026-04-28T21:47:04.688+0000] {processor.py:161} INFO - Started process (PID=516) to work on /home/airflow/.local/lib/python3.12/site-packages/airflow/example_dags/example_nested_branch_dag.py
[2026-04-28T21:47:04.690+0000] {processor.py:830} INFO - Processing file /home/airflow/.local/lib/python3.12/site-packages/airflow/example_dags/example_nested_branch_dag.py for tasks to queue
[2026-04-28T21:47:04.692+0000] {logging_mixin.py:188} INFO - [2026-04-28T21:47:04.692+0000] {dagbag.py:540} INFO - Filling up the DagBag from /home/airflow/.local/lib/python3.12/site-packages/airflow/example_dags/example_nested_branch_dag.py
[2026-04-28T21:47:04.707+0000] {processor.py:840} INFO - DAG(s) 'example_nested_branch_dag' retrieved from /home/airflow/.local/lib/python3.12/site-packages/airflow/example_dags/example_nested_branch_dag.py
[2026-04-28T21:47:04.749+0000] {logging_mixin.py:188} INFO - [2026-04-28T21:47:04.749+0000] {dag.py:3096} INFO - Sync 1 DAGs
[2026-04-28T21:47:04.780+0000] {logging_mixin.py:188} INFO - [2026-04-28T21:47:04.780+0000] {dag.py:3954} INFO - Setting next_dagrun for example_nested_branch_dag to 2026-04-27 00:00:00+00:00, run_after=2026-04-28 00:00:00+00:00
[2026-04-28T21:47:04.798+0000] {processor.py:183} INFO - Processing /home/airflow/.local/lib/python3.12/site-packages/airflow/example_dags/example_nested_branch_dag.py took 0.116 seconds
[2026-04-28T21:47:35.673+0000] {processor.py:161} INFO - Started process (PID=576) to work on /home/airflow/.local/lib/python3.12/site-packages/airflow/example_dags/example_nested_branch_dag.py
[2026-04-28T21:47:35.680+0000] {processor.py:830} INFO - Processing file /home/airflow/.local/lib/python3.12/site-packages/airflow/example_dags/example_nested_branch_dag.py for tasks to queue
[2026-04-28T21:47:35.689+0000] {logging_mixin.py:188} INFO - [2026-04-28T21:47:35.689+0000] {dagbag.py:540} INFO - Filling up the DagBag from /home/airflow/.local/lib/python3.12/site-packages/airflow/example_dags/example_nested_branch_dag.py
[2026-04-28T21:47:35.725+0000] {processor.py:840} INFO - DAG(s) 'example_nested_branch_dag' retrieved from /home/airflow/.local/lib/python3.12/site-packages/airflow/example_dags/example_nested_branch_dag.py
[2026-04-28T21:47:35.764+0000] {logging_mixin.py:188} INFO - [2026-04-28T21:47:35.764+0000] {dag.py:3096} INFO - Sync 1 DAGs
[2026-04-28T21:47:35.826+0000] {logging_mixin.py:188} INFO - [2026-04-28T21:47:35.826+0000] {dag.py:3954} INFO - Setting next_dagrun for example_nested_branch_dag to 2026-04-27 00:00:00+00:00, run_after=2026-04-28 00:00:00+00:00
[2026-04-28T21:47:35.895+0000] {processor.py:183} INFO - Processing /home/airflow/.local/lib/python3.12/site-packages/airflow/example_dags/example_nested_branch_dag.py took 0.236 seconds
[2026-04-28T21:48:06.325+0000] {processor.py:161} INFO - Started process (PID=636) to work on /home/airflow/.local/lib/python3.12/site-packages/airflow/example_dags/example_nested_branch_dag.py
[2026-04-28T21:48:06.328+0000] {processor.py:830} INFO - Processing file /home/airflow/.local/lib/python3.12/site-packages/airflow/example_dags/example_nested_branch_dag.py for tasks to queue
[2026-04-28T21:48:06.332+0000] {logging_mixin.py:188} INFO - [2026-04-28T21:48:06.331+0000] {dagbag.py:540} INFO - Filling up the DagBag from /home/airflow/.local/lib/python3.12/site-packages/airflow/example_dags/example_nested_branch_dag.py
[2026-04-28T21:48:06.401+0000] {processor.py:840} INFO - DAG(s) 'example_nested_branch_dag' retrieved from /home/airflow/.local/lib/python3.12/site-packages/airflow/example_dags/example_nested_branch_dag.py
[2026-04-28T21:48:06.525+0000] {logging_mixin.py:188} INFO - [2026-04-28T21:48:06.525+0000] {dag.py:3096} INFO - Sync 1 DAGs
[2026-04-28T21:48:06.600+0000] {logging_mixin.py:188} INFO - [2026-04-28T21:48:06.594+0000] {dag.py:3954} INFO - Setting next_dagrun for example_nested_branch_dag to 2026-04-27 00:00:00+00:00, run_after=2026-04-28 00:00:00+00:00
[2026-04-28T21:48:06.709+0000] {processor.py:183} INFO - Processing /home/airflow/.local/lib/python3.12/site-packages/airflow/example_dags/example_nested_branch_dag.py took 0.390 seconds
[2026-04-28T21:48:37.294+0000] {processor.py:161} INFO - Started process (PID=696) to work on /home/airflow/.local/lib/python3.12/site-packages/airflow/example_dags/example_nested_branch_dag.py
[2026-04-28T21:48:37.301+0000] {processor.py:830} INFO - Processing file /home/airflow/.local/lib/python3.12/site-packages/airflow/example_dags/example_nested_branch_dag.py for tasks to queue
[2026-04-28T21:48:37.304+0000] {logging_mixin.py:188} INFO - [2026-04-28T21:48:37.303+0000] {dagbag.py:540} INFO - Filling up the DagBag from /home/airflow/.local/lib/python3.12/site-packages/airflow/example_dags/example_nested_branch_dag.py
[2026-04-28T21:48:37.326+0000] {processor.py:840} INFO - DAG(s) 'example_nested_branch_dag' retrieved from /home/airflow/.local/lib/python3.12/site-packages/airflow/example_dags/example_nested_branch_dag.py
[2026-04-28T21:48:37.382+0000] {logging_mixin.py:188} INFO - [2026-04-28T21:48:37.382+0000] {dag.py:3096} INFO - Sync 1 DAGs
[2026-04-28T21:48:37.446+0000] {logging_mixin.py:188} INFO - [2026-04-28T21:48:37.446+0000] {dag.py:3954} INFO - Setting next_dagrun for example_nested_branch_dag to 2026-04-27 00:00:00+00:00, run_after=2026-04-28 00:00:00+00:00
[2026-04-28T21:48:37.506+0000] {processor.py:183} INFO - Processing /home/airflow/.local/lib/python3.12/site-packages/airflow/example_dags/example_nested_branch_dag.py took 0.228 seconds
[2026-04-28T21:49:08.515+0000] {processor.py:161} INFO - Started process (PID=756) to work on /home/airflow/.local/lib/python3.12/site-packages/airflow/example_dags/example_nested_branch_dag.py
[2026-04-28T21:49:08.516+0000] {processor.py:830} INFO - Processing file /home/airflow/.local/lib/python3.12/site-packages/airflow/example_dags/example_nested_branch_dag.py for tasks to queue
[2026-04-28T21:49:08.519+0000] {logging_mixin.py:188} INFO - [2026-04-28T21:49:08.518+0000] {dagbag.py:540} INFO - Filling up the DagBag from /home/airflow/.local/lib/python3.12/site-packages/airflow/example_dags/example_nested_branch_dag.py
[2026-04-28T21:49:08.532+0000] {processor.py:840} INFO - DAG(s) 'example_nested_branch_dag' retrieved from /home/airflow/.local/lib/python3.12/site-packages/airflow/example_dags/example_nested_branch_dag.py
[2026-04-28T21:49:08.564+0000] {logging_mixin.py:188} INFO - [2026-04-28T21:49:08.563+0000] {dag.py:3096} INFO - Sync 1 DAGs
[2026-04-28T21:49:08.592+0000] {logging_mixin.py:188} INFO - [2026-04-28T21:49:08.592+0000] {dag.py:3954} INFO - Setting next_dagrun for example_nested_branch_dag to 2026-04-27 00:00:00+00:00, run_after=2026-04-28 00:00:00+00:00
[2026-04-28T21:49:08.614+0000] {processor.py:183} INFO - Processing /home/airflow/.local/lib/python3.12/site-packages/airflow/example_dags/example_nested_branch_dag.py took 0.105 seconds
[2026-04-28T21:49:43.248+0000] {processor.py:161} INFO - Started process (PID=816) to work on /home/airflow/.local/lib/python3.12/site-packages/airflow/example_dags/example_nested_branch_dag.py
[2026-04-28T21:49:43.256+0000] {processor.py:830} INFO - Processing file /home/airflow/.local/lib/python3.12/site-packages/airflow/example_dags/example_nested_branch_dag.py for tasks to queue
[2026-04-28T21:49:43.267+0000] {logging_mixin.py:188} INFO - [2026-04-28T21:49:43.264+0000] {dagbag.py:540} INFO - Filling up the DagBag from /home/airflow/.local/lib/python3.12/site-packages/airflow/example_dags/example_nested_branch_dag.py
[2026-04-28T21:49:43.304+0000] {processor.py:840} INFO - DAG(s) 'example_nested_branch_dag' retrieved from /home/airflow/.local/lib/python3.12/site-packages/airflow/example_dags/example_nested_branch_dag.py
[2026-04-28T21:49:43.347+0000] {logging_mixin.py:188} INFO - [2026-04-28T21:49:43.347+0000] {dag.py:3096} INFO - Sync 1 DAGs
[2026-04-28T21:49:43.384+0000] {logging_mixin.py:188} INFO - [2026-04-28T21:49:43.384+0000] {dag.py:3954} INFO - Setting next_dagrun for example_nested_branch_dag to 2026-04-27 00:00:00+00:00, run_after=2026-04-28 00:00:00+00:00
[2026-04-28T21:49:43.425+0000] {processor.py:183} INFO - Processing /home/airflow/.local/lib/python3.12/site-packages/airflow/example_dags/example_nested_branch_dag.py took 0.196 seconds
[2026-04-28T21:50:14.087+0000] {processor.py:161} INFO - Started process (PID=876) to work on /home/airflow/.local/lib/python3.12/site-packages/airflow/example_dags/example_nested_branch_dag.py
[2026-04-28T21:50:14.089+0000] {processor.py:830} INFO - Processing file /home/airflow/.local/lib/python3.12/site-packages/airflow/example_dags/example_nested_branch_dag.py for tasks to queue
[2026-04-28T21:50:14.091+0000] {logging_mixin.py:188} INFO - [2026-04-28T21:50:14.091+0000] {dagbag.py:540} INFO - Filling up the DagBag from /home/airflow/.local/lib/python3.12/site-packages/airflow/example_dags/example_nested_branch_dag.py
[2026-04-28T21:50:14.106+0000] {processor.py:840} INFO - DAG(s) 'example_nested_branch_dag' retrieved from /home/airflow/.local/lib/python3.12/site-packages/airflow/example_dags/example_nested_branch_dag.py
[2026-04-28T21:50:14.134+0000] {logging_mixin.py:188} INFO - [2026-04-28T21:50:14.134+0000] {dag.py:3096} INFO - Sync 1 DAGs
[2026-04-28T21:50:14.162+0000] {logging_mixin.py:188} INFO - [2026-04-28T21:50:14.162+0000] {dag.py:3954} INFO - Setting next_dagrun for example_nested_branch_dag to 2026-04-27 00:00:00+00:00, run_after=2026-04-28 00:00:00+00:00
[2026-04-28T21:50:14.181+0000] {processor.py:183} INFO - Processing /home/airflow/.local/lib/python3.12/site-packages/airflow/example_dags/example_nested_branch_dag.py took 0.101 seconds
[2026-04-28T21:50:47.264+0000] {processor.py:161} INFO - Started process (PID=942) to work on /home/airflow/.local/lib/python3.12/site-packages/airflow/example_dags/example_nested_branch_dag.py
[2026-04-28T21:50:47.272+0000] {processor.py:830} INFO - Processing file /home/airflow/.local/lib/python3.12/site-packages/airflow/example_dags/example_nested_branch_dag.py for tasks to queue
[2026-04-28T21:50:47.277+0000] {logging_mixin.py:188} INFO - [2026-04-28T21:50:47.276+0000] {dagbag.py:540} INFO - Filling up the DagBag from /home/airflow/.local/lib/python3.12/site-packages/airflow/example_dags/example_nested_branch_dag.py
[2026-04-28T21:50:47.319+0000] {processor.py:840} INFO - DAG(s) 'example_nested_branch_dag' retrieved from /home/airflow/.local/lib/python3.12/site-packages/airflow/example_dags/example_nested_branch_dag.py
[2026-04-28T21:50:47.401+0000] {logging_mixin.py:188} INFO - [2026-04-28T21:50:47.401+0000] {dag.py:3096} INFO - Sync 1 DAGs
[2026-04-28T21:50:47.471+0000] {logging_mixin.py:188} INFO - [2026-04-28T21:50:47.471+0000] {dag.py:3954} INFO - Setting next_dagrun for example_nested_branch_dag to 2026-04-27 00:00:00+00:00, run_after=2026-04-28 00:00:00+00:00
[2026-04-28T21:50:47.562+0000] {processor.py:183} INFO - Processing /home/airflow/.local/lib/python3.12/site-packages/airflow/example_dags/example_nested_branch_dag.py took 0.305 seconds
[2026-04-28T21:51:18.657+0000] {processor.py:161} INFO - Started process (PID=1002) to work on /home/airflow/.local/lib/python3.12/site-packages/airflow/example_dags/example_nested_branch_dag.py
[2026-04-28T21:51:18.660+0000] {processor.py:830} INFO - Processing file /home/airflow/.local/lib/python3.12/site-packages/airflow/example_dags/example_nested_branch_dag.py for tasks to queue
[2026-04-28T21:51:18.663+0000] {logging_mixin.py:188} INFO - [2026-04-28T21:51:18.662+0000] {dagbag.py:540} INFO - Filling up the DagBag from /home/airflow/.local/lib/python3.12/site-packages/airflow/example_dags/example_nested_branch_dag.py
[2026-04-28T21:51:18.676+0000] {processor.py:840} INFO - DAG(s) 'example_nested_branch_dag' retrieved from /home/airflow/.local/lib/python3.12/site-packages/airflow/example_dags/example_nested_branch_dag.py
[2026-04-28T21:51:18.705+0000] {logging_mixin.py:188} INFO - [2026-04-28T21:51:18.705+0000] {dag.py:3096} INFO - Sync 1 DAGs
[2026-04-28T21:51:18.733+0000] {logging_mixin.py:188} INFO - [2026-04-28T21:51:18.733+0000] {dag.py:3954} INFO - Setting next_dagrun for example_nested_branch_dag to 2026-04-27 00:00:00+00:00, run_after=2026-04-28 00:00:00+00:00
[2026-04-28T21:51:19.013+0000] {processor.py:183} INFO - Processing /home/airflow/.local/lib/python3.12/site-packages/airflow/example_dags/example_nested_branch_dag.py took 0.364 seconds
[2026-04-28T21:51:49.177+0000] {processor.py:161} INFO - Started process (PID=1060) to work on /home/airflow/.local/lib/python3.12/site-packages/airflow/example_dags/example_nested_branch_dag.py
[2026-04-28T21:51:49.178+0000] {processor.py:830} INFO - Processing file /home/airflow/.local/lib/python3.12/site-packages/airflow/example_dags/example_nested_branch_dag.py for tasks to queue
[2026-04-28T21:51:49.181+0000] {logging_mixin.py:188} INFO - [2026-04-28T21:51:49.181+0000] {dagbag.py:540} INFO - Filling up the DagBag from /home/airflow/.local/lib/python3.12/site-packages/airflow/example_dags/example_nested_branch_dag.py
[2026-04-28T21:51:49.194+0000] {processor.py:840} INFO - DAG(s) 'example_nested_branch_dag' retrieved from /home/airflow/.local/lib/python3.12/site-packages/airflow/example_dags/example_nested_branch_dag.py
[2026-04-28T21:51:49.227+0000] {logging_mixin.py:188} INFO - [2026-04-28T21:51:49.227+0000] {dag.py:3096} INFO - Sync 1 DAGs
[2026-04-28T21:51:49.263+0000] {logging_mixin.py:188} INFO - [2026-04-28T21:51:49.262+0000] {dag.py:3954} INFO - Setting next_dagrun for example_nested_branch_dag to 2026-04-27 00:00:00+00:00, run_after=2026-04-28 00:00:00+00:00
[2026-04-28T21:51:49.287+0000] {processor.py:183} INFO - Processing /home/airflow/.local/lib/python3.12/site-packages/airflow/example_dags/example_nested_branch_dag.py took 0.117 seconds
[2026-04-28T21:52:19.710+0000] {processor.py:161} INFO - Started process (PID=1119) to work on /home/airflow/.local/lib/python3.12/site-packages/airflow/example_dags/example_nested_branch_dag.py
[2026-04-28T21:52:19.711+0000] {processor.py:830} INFO - Processing file /home/airflow/.local/lib/python3.12/site-packages/airflow/example_dags/example_nested_branch_dag.py for tasks to queue
[2026-04-28T21:52:19.714+0000] {logging_mixin.py:188} INFO - [2026-04-28T21:52:19.713+0000] {dagbag.py:540} INFO - Filling up the DagBag from /home/airflow/.local/lib/python3.12/site-packages/airflow/example_dags/example_nested_branch_dag.py
[2026-04-28T21:52:19.725+0000] {processor.py:840} INFO - DAG(s) 'example_nested_branch_dag' retrieved from /home/airflow/.local/lib/python3.12/site-packages/airflow/example_dags/example_nested_branch_dag.py
[2026-04-28T21:52:19.751+0000] {logging_mixin.py:188} INFO - [2026-04-28T21:52:19.751+0000] {dag.py:3096} INFO - Sync 1 DAGs
[2026-04-28T21:52:19.784+0000] {logging_mixin.py:188} INFO - [2026-04-28T21:52:19.784+0000] {dag.py:3954} INFO - Setting next_dagrun for example_nested_branch_dag to 2026-04-27 00:00:00+00:00, run_after=2026-04-28 00:00:00+00:00
[2026-04-28T21:52:19.803+0000] {processor.py:183} INFO - Processing /home/airflow/.local/lib/python3.12/site-packages/airflow/example_dags/example_nested_branch_dag.py took 0.100 seconds
[2026-04-28T21:52:50.223+0000] {processor.py:161} INFO - Started process (PID=1178) to work on /home/airflow/.local/lib/python3.12/site-packages/airflow/example_dags/example_nested_branch_dag.py
[2026-04-28T21:52:50.225+0000] {processor.py:830} INFO - Processing file /home/airflow/.local/lib/python3.12/site-packages/airflow/example_dags/example_nested_branch_dag.py for tasks to queue
[2026-04-28T21:52:50.227+0000] {logging_mixin.py:188} INFO - [2026-04-28T21:52:50.226+0000] {dagbag.py:540} INFO - Filling up the DagBag from /home/airflow/.local/lib/python3.12/site-packages/airflow/example_dags/example_nested_branch_dag.py
[2026-04-28T21:52:50.258+0000] {processor.py:840} INFO - DAG(s) 'example_nested_branch_dag' retrieved from /home/airflow/.local/lib/python3.12/site-packages/airflow/example_dags/example_nested_branch_dag.py
[2026-04-28T21:52:50.301+0000] {logging_mixin.py:188} INFO - [2026-04-28T21:52:50.300+0000] {dag.py:3096} INFO - Sync 1 DAGs
[2026-04-28T21:52:50.330+0000] {logging_mixin.py:188} INFO - [2026-04-28T21:52:50.330+0000] {dag.py:3954} INFO - Setting next_dagrun for example_nested_branch_dag to 2026-04-27 00:00:00+00:00, run_after=2026-04-28 00:00:00+00:00
[2026-04-28T21:52:50.372+0000] {processor.py:183} INFO - Processing /home/airflow/.local/lib/python3.12/site-packages/airflow/example_dags/example_nested_branch_dag.py took 0.156 seconds
[2026-04-28T21:53:22.375+0000] {processor.py:161} INFO - Started process (PID=1237) to work on /home/airflow/.local/lib/python3.12/site-packages/airflow/example_dags/example_nested_branch_dag.py
[2026-04-28T21:53:22.379+0000] {processor.py:830} INFO - Processing file /home/airflow/.local/lib/python3.12/site-packages/airflow/example_dags/example_nested_branch_dag.py for tasks to queue
[2026-04-28T21:53:22.386+0000] {logging_mixin.py:188} INFO - [2026-04-28T21:53:22.385+0000] {dagbag.py:540} INFO - Filling up the DagBag from /home/airflow/.local/lib/python3.12/site-packages/airflow/example_dags/example_nested_branch_dag.py
[2026-04-28T21:53:22.403+0000] {processor.py:840} INFO - DAG(s) 'example_nested_branch_dag' retrieved from /home/airflow/.local/lib/python3.12/site-packages/airflow/example_dags/example_nested_branch_dag.py
[2026-04-28T21:53:22.441+0000] {logging_mixin.py:188} INFO - [2026-04-28T21:53:22.440+0000] {dag.py:3096} INFO - Sync 1 DAGs
[2026-04-28T21:53:22.473+0000] {logging_mixin.py:188} INFO - [2026-04-28T21:53:22.472+0000] {dag.py:3954} INFO - Setting next_dagrun for example_nested_branch_dag to 2026-04-27 00:00:00+00:00, run_after=2026-04-28 00:00:00+00:00
[2026-04-28T21:53:22.518+0000] {processor.py:183} INFO - Processing /home/airflow/.local/lib/python3.12/site-packages/airflow/example_dags/example_nested_branch_dag.py took 0.159 seconds
[2026-04-28T21:53:53.393+0000] {processor.py:161} INFO - Started process (PID=1297) to work on /home/airflow/.local/lib/python3.12/site-packages/airflow/example_dags/example_nested_branch_dag.py
[2026-04-28T21:53:53.396+0000] {processor.py:830} INFO - Processing file /home/airflow/.local/lib/python3.12/site-packages/airflow/example_dags/example_nested_branch_dag.py for tasks to queue
[2026-04-28T21:53:53.401+0000] {logging_mixin.py:188} INFO - [2026-04-28T21:53:53.400+0000] {dagbag.py:540} INFO - Filling up the DagBag from /home/airflow/.local/lib/python3.12/site-packages/airflow/example_dags/example_nested_branch_dag.py
[2026-04-28T21:53:53.434+0000] {processor.py:840} INFO - DAG(s) 'example_nested_branch_dag' retrieved from /home/airflow/.local/lib/python3.12/site-packages/airflow/example_dags/example_nested_branch_dag.py
[2026-04-28T21:53:53.504+0000] {logging_mixin.py:188} INFO - [2026-04-28T21:53:53.503+0000] {dag.py:3096} INFO - Sync 1 DAGs
[2026-04-28T21:53:53.549+0000] {logging_mixin.py:188} INFO - [2026-04-28T21:53:53.549+0000] {dag.py:3954} INFO - Setting next_dagrun for example_nested_branch_dag to 2026-04-27 00:00:00+00:00, run_after=2026-04-28 00:00:00+00:00
[2026-04-28T21:53:53.585+0000] {processor.py:183} INFO - Processing /home/airflow/.local/lib/python3.12/site-packages/airflow/example_dags/example_nested_branch_dag.py took 0.207 seconds
[2026-04-28T21:54:24.583+0000] {processor.py:161} INFO - Started process (PID=1357) to work on /home/airflow/.local/lib/python3.12/site-packages/airflow/example_dags/example_nested_branch_dag.py
[2026-04-28T21:54:24.585+0000] {processor.py:830} INFO - Processing file /home/airflow/.local/lib/python3.12/site-packages/airflow/example_dags/example_nested_branch_dag.py for tasks to queue
[2026-04-28T21:54:24.587+0000] {logging_mixin.py:188} INFO - [2026-04-28T21:54:24.587+0000] {dagbag.py:540} INFO - Filling up the DagBag from /home/airflow/.local/lib/python3.12/site-packages/airflow/example_dags/example_nested_branch_dag.py
[2026-04-28T21:54:24.609+0000] {processor.py:840} INFO - DAG(s) 'example_nested_branch_dag' retrieved from /home/airflow/.local/lib/python3.12/site-packages/airflow/example_dags/example_nested_branch_dag.py
[2026-04-28T21:54:24.769+0000] {logging_mixin.py:188} INFO - [2026-04-28T21:54:24.767+0000] {dag.py:3096} INFO - Sync 1 DAGs
[2026-04-28T21:54:24.927+0000] {logging_mixin.py:188} INFO - [2026-04-28T21:54:24.926+0000] {dag.py:3954} INFO - Setting next_dagrun for example_nested_branch_dag to 2026-04-27 00:00:00+00:00, run_after=2026-04-28 00:00:00+00:00
[2026-04-28T21:54:25.047+0000] {processor.py:183} INFO - Processing /home/airflow/.local/lib/python3.12/site-packages/airflow/example_dags/example_nested_branch_dag.py took 0.516 seconds
[2026-04-28T21:54:55.420+0000] {processor.py:161} INFO - Started process (PID=1417) to work on /home/airflow/.local/lib/python3.12/site-packages/airflow/example_dags/example_nested_branch_dag.py
[2026-04-28T21:54:55.422+0000] {processor.py:830} INFO - Processing file /home/airflow/.local/lib/python3.12/site-packages/airflow/example_dags/example_nested_branch_dag.py for tasks to queue
[2026-04-28T21:54:55.424+0000] {logging_mixin.py:188} INFO - [2026-04-28T21:54:55.424+0000] {dagbag.py:540} INFO - Filling up the DagBag from /home/airflow/.local/lib/python3.12/site-packages/airflow/example_dags/example_nested_branch_dag.py
[2026-04-28T21:54:55.439+0000] {processor.py:840} INFO - DAG(s) 'example_nested_branch_dag' retrieved from /home/airflow/.local/lib/python3.12/site-packages/airflow/example_dags/example_nested_branch_dag.py
[2026-04-28T21:54:55.466+0000] {logging_mixin.py:188} INFO - [2026-04-28T21:54:55.466+0000] {dag.py:3096} INFO - Sync 1 DAGs
[2026-04-28T21:54:55.493+0000] {logging_mixin.py:188} INFO - [2026-04-28T21:54:55.493+0000] {dag.py:3954} INFO - Setting next_dagrun for example_nested_branch_dag to 2026-04-27 00:00:00+00:00, run_after=2026-04-28 00:00:00+00:00
[2026-04-28T21:54:55.513+0000] {processor.py:183} INFO - Processing /home/airflow/.local/lib/python3.12/site-packages/airflow/example_dags/example_nested_branch_dag.py took 0.100 seconds
[2026-04-28T21:55:25.684+0000] {processor.py:161} INFO - Started process (PID=1476) to work on /home/airflow/.local/lib/python3.12/site-packages/airflow/example_dags/example_nested_branch_dag.py
[2026-04-28T21:55:25.685+0000] {processor.py:830} INFO - Processing file /home/airflow/.local/lib/python3.12/site-packages/airflow/example_dags/example_nested_branch_dag.py for tasks to queue
[2026-04-28T21:55:25.687+0000] {logging_mixin.py:188} INFO - [2026-04-28T21:55:25.687+0000] {dagbag.py:540} INFO - Filling up the DagBag from /home/airflow/.local/lib/python3.12/site-packages/airflow/example_dags/example_nested_branch_dag.py
[2026-04-28T21:55:25.699+0000] {processor.py:840} INFO - DAG(s) 'example_nested_branch_dag' retrieved from /home/airflow/.local/lib/python3.12/site-packages/airflow/example_dags/example_nested_branch_dag.py
[2026-04-28T21:55:25.724+0000] {logging_mixin.py:188} INFO - [2026-04-28T21:55:25.724+0000] {dag.py:3096} INFO - Sync 1 DAGs
[2026-04-28T21:55:25.752+0000] {logging_mixin.py:188} INFO - [2026-04-28T21:55:25.752+0000] {dag.py:3954} INFO - Setting next_dagrun for example_nested_branch_dag to 2026-04-27 00:00:00+00:00, run_after=2026-04-28 00:00:00+00:00
[2026-04-28T21:55:25.772+0000] {processor.py:183} INFO - Processing /home/airflow/.local/lib/python3.12/site-packages/airflow/example_dags/example_nested_branch_dag.py took 0.096 seconds
[2026-04-28T21:55:56.645+0000] {processor.py:161} INFO - Started process (PID=1536) to work on /home/airflow/.local/lib/python3.12/site-packages/airflow/example_dags/example_nested_branch_dag.py
[2026-04-28T21:55:56.646+0000] {processor.py:830} INFO - Processing file /home/airflow/.local/lib/python3.12/site-packages/airflow/example_dags/example_nested_branch_dag.py for tasks to queue
[2026-04-28T21:55:56.648+0000] {logging_mixin.py:188} INFO - [2026-04-28T21:55:56.647+0000] {dagbag.py:540} INFO - Filling up the DagBag from /home/airflow/.local/lib/python3.12/site-packages/airflow/example_dags/example_nested_branch_dag.py
[2026-04-28T21:55:56.657+0000] {processor.py:840} INFO - DAG(s) 'example_nested_branch_dag' retrieved from /home/airflow/.local/lib/python3.12/site-packages/airflow/example_dags/example_nested_branch_dag.py
[2026-04-28T21:55:56.677+0000] {logging_mixin.py:188} INFO - [2026-04-28T21:55:56.677+0000] {dag.py:3096} INFO - Sync 1 DAGs
[2026-04-28T21:55:56.711+0000] {logging_mixin.py:188} INFO - [2026-04-28T21:55:56.711+0000] {dag.py:3954} INFO - Setting next_dagrun for example_nested_branch_dag to 2026-04-27 00:00:00+00:00, run_after=2026-04-28 00:00:00+00:00
[2026-04-28T21:55:56.752+0000] {processor.py:183} INFO - Processing /home/airflow/.local/lib/python3.12/site-packages/airflow/example_dags/example_nested_branch_dag.py took 0.112 seconds
[2026-04-28T21:56:27.598+0000] {processor.py:161} INFO - Started process (PID=1596) to work on /home/airflow/.local/lib/python3.12/site-packages/airflow/example_dags/example_nested_branch_dag.py
[2026-04-28T21:56:27.608+0000] {processor.py:830} INFO - Processing file /home/airflow/.local/lib/python3.12/site-packages/airflow/example_dags/example_nested_branch_dag.py for tasks to queue
[2026-04-28T21:56:27.613+0000] {logging_mixin.py:188} INFO - [2026-04-28T21:56:27.612+0000] {dagbag.py:540} INFO - Filling up the DagBag from /home/airflow/.local/lib/python3.12/site-packages/airflow/example_dags/example_nested_branch_dag.py
[2026-04-28T21:56:27.652+0000] {processor.py:840} INFO - DAG(s) 'example_nested_branch_dag' retrieved from /home/airflow/.local/lib/python3.12/site-packages/airflow/example_dags/example_nested_branch_dag.py
[2026-04-28T21:56:27.699+0000] {logging_mixin.py:188} INFO - [2026-04-28T21:56:27.699+0000] {dag.py:3096} INFO - Sync 1 DAGs
[2026-04-28T21:56:27.757+0000] {logging_mixin.py:188} INFO - [2026-04-28T21:56:27.756+0000] {dag.py:3954} INFO - Setting next_dagrun for example_nested_branch_dag to 2026-04-27 00:00:00+00:00, run_after=2026-04-28 00:00:00+00:00
[2026-04-28T21:56:27.796+0000] {processor.py:183} INFO - Processing /home/airflow/.local/lib/python3.12/site-packages/airflow/example_dags/example_nested_branch_dag.py took 0.218 seconds
[2026-04-28T21:59:23.185+0000] {processor.py:161} INFO - Started process (PID=97) to work on /home/airflow/.local/lib/python3.12/site-packages/airflow/example_dags/example_nested_branch_dag.py
[2026-04-28T21:59:23.195+0000] {processor.py:830} INFO - Processing file /home/airflow/.local/lib/python3.12/site-packages/airflow/example_dags/example_nested_branch_dag.py for tasks to queue
[2026-04-28T21:59:23.199+0000] {logging_mixin.py:188} INFO - [2026-04-28T21:59:23.198+0000] {dagbag.py:540} INFO - Filling up the DagBag from /home/airflow/.local/lib/python3.12/site-packages/airflow/example_dags/example_nested_branch_dag.py
[2026-04-28T21:59:23.231+0000] {processor.py:840} INFO - DAG(s) 'example_nested_branch_dag' retrieved from /home/airflow/.local/lib/python3.12/site-packages/airflow/example_dags/example_nested_branch_dag.py
[2026-04-28T21:59:23.642+0000] {logging_mixin.py:188} INFO - [2026-04-28T21:59:23.639+0000] {override.py:1829} INFO - Created Permission View: can read on DAG:example_nested_branch_dag
[2026-04-28T21:59:23.727+0000] {logging_mixin.py:188} INFO - [2026-04-28T21:59:23.727+0000] {override.py:1829} INFO - Created Permission View: can edit on DAG:example_nested_branch_dag
[2026-04-28T21:59:23.758+0000] {logging_mixin.py:188} INFO - [2026-04-28T21:59:23.758+0000] {override.py:1829} INFO - Created Permission View: can delete on DAG:example_nested_branch_dag
[2026-04-28T21:59:23.760+0000] {logging_mixin.py:188} INFO - [2026-04-28T21:59:23.760+0000] {dag.py:3096} INFO - Sync 1 DAGs
[2026-04-28T21:59:23.831+0000] {logging_mixin.py:188} INFO - [2026-04-28T21:59:23.831+0000] {dag.py:3118} INFO - Creating ORM DAG for example_nested_branch_dag
[2026-04-28T21:59:23.893+0000] {logging_mixin.py:188} INFO - [2026-04-28T21:59:23.893+0000] {dag.py:3954} INFO - Setting next_dagrun for example_nested_branch_dag to 2026-04-27 00:00:00+00:00, run_after=2026-04-28 00:00:00+00:00
[2026-04-28T21:59:23.995+0000] {processor.py:183} INFO - Processing /home/airflow/.local/lib/python3.12/site-packages/airflow/example_dags/example_nested_branch_dag.py took 0.839 seconds
[2026-04-28T21:59:54.646+0000] {processor.py:161} INFO - Started process (PID=157) to work on /home/airflow/.local/lib/python3.12/site-packages/airflow/example_dags/example_nested_branch_dag.py
[2026-04-28T21:59:54.651+0000] {processor.py:830} INFO - Processing file /home/airflow/.local/lib/python3.12/site-packages/airflow/example_dags/example_nested_branch_dag.py for tasks to queue
[2026-04-28T21:59:54.654+0000] {logging_mixin.py:188} INFO - [2026-04-28T21:59:54.653+0000] {dagbag.py:540} INFO - Filling up the DagBag from /home/airflow/.local/lib/python3.12/site-packages/airflow/example_dags/example_nested_branch_dag.py
[2026-04-28T21:59:54.666+0000] {processor.py:840} INFO - DAG(s) 'example_nested_branch_dag' retrieved from /home/airflow/.local/lib/python3.12/site-packages/airflow/example_dags/example_nested_branch_dag.py
[2026-04-28T21:59:54.692+0000] {logging_mixin.py:188} INFO - [2026-04-28T21:59:54.692+0000] {dag.py:3096} INFO - Sync 1 DAGs
[2026-04-28T21:59:54.720+0000] {logging_mixin.py:188} INFO - [2026-04-28T21:59:54.720+0000] {dag.py:3954} INFO - Setting next_dagrun for example_nested_branch_dag to 2026-04-27 00:00:00+00:00, run_after=2026-04-28 00:00:00+00:00
[2026-04-28T21:59:54.739+0000] {processor.py:183} INFO - Processing /home/airflow/.local/lib/python3.12/site-packages/airflow/example_dags/example_nested_branch_dag.py took 0.100 seconds
[2026-04-28T22:00:24.902+0000] {processor.py:161} INFO - Started process (PID=217) to work on /home/airflow/.local/lib/python3.12/site-packages/airflow/example_dags/example_nested_branch_dag.py
[2026-04-28T22:00:24.903+0000] {processor.py:830} INFO - Processing file /home/airflow/.local/lib/python3.12/site-packages/airflow/example_dags/example_nested_branch_dag.py for tasks to queue
[2026-04-28T22:00:24.905+0000] {logging_mixin.py:188} INFO - [2026-04-28T22:00:24.905+0000] {dagbag.py:540} INFO - Filling up the DagBag from /home/airflow/.local/lib/python3.12/site-packages/airflow/example_dags/example_nested_branch_dag.py
[2026-04-28T22:00:24.918+0000] {processor.py:840} INFO - DAG(s) 'example_nested_branch_dag' retrieved from /home/airflow/.local/lib/python3.12/site-packages/airflow/example_dags/example_nested_branch_dag.py
[2026-04-28T22:00:24.945+0000] {logging_mixin.py:188} INFO - [2026-04-28T22:00:24.945+0000] {dag.py:3096} INFO - Sync 1 DAGs
[2026-04-28T22:00:24.972+0000] {logging_mixin.py:188} INFO - [2026-04-28T22:00:24.972+0000] {dag.py:3954} INFO - Setting next_dagrun for example_nested_branch_dag to 2026-04-27 00:00:00+00:00, run_after=2026-04-28 00:00:00+00:00
[2026-04-28T22:00:24.990+0000] {processor.py:183} INFO - Processing /home/airflow/.local/lib/python3.12/site-packages/airflow/example_dags/example_nested_branch_dag.py took 0.097 seconds
[2026-04-28T22:00:55.640+0000] {processor.py:161} INFO - Started process (PID=278) to work on /home/airflow/.local/lib/python3.12/site-packages/airflow/example_dags/example_nested_branch_dag.py
[2026-04-28T22:00:55.641+0000] {processor.py:830} INFO - Processing file /home/airflow/.local/lib/python3.12/site-packages/airflow/example_dags/example_nested_branch_dag.py for tasks to queue
[2026-04-28T22:00:55.644+0000] {logging_mixin.py:188} INFO - [2026-04-28T22:00:55.643+0000] {dagbag.py:540} INFO - Filling up the DagBag from /home/airflow/.local/lib/python3.12/site-packages/airflow/example_dags/example_nested_branch_dag.py
[2026-04-28T22:00:55.658+0000] {processor.py:840} INFO - DAG(s) 'example_nested_branch_dag' retrieved from /home/airflow/.local/lib/python3.12/site-packages/airflow/example_dags/example_nested_branch_dag.py
[2026-04-28T22:00:55.717+0000] {logging_mixin.py:188} INFO - [2026-04-28T22:00:55.717+0000] {dag.py:3096} INFO - Sync 1 DAGs
[2026-04-28T22:00:55.775+0000] {logging_mixin.py:188} INFO - [2026-04-28T22:00:55.775+0000] {dag.py:3954} INFO - Setting next_dagrun for example_nested_branch_dag to 2026-04-27 00:00:00+00:00, run_after=2026-04-28 00:00:00+00:00
[2026-04-28T22:00:55.812+0000] {processor.py:183} INFO - Processing /home/airflow/.local/lib/python3.12/site-packages/airflow/example_dags/example_nested_branch_dag.py took 0.182 seconds
[2026-04-28T22:01:26.085+0000] {processor.py:161} INFO - Started process (PID=337) to work on /home/airflow/.local/lib/python3.12/site-packages/airflow/example_dags/example_nested_branch_dag.py
[2026-04-28T22:01:26.090+0000] {processor.py:830} INFO - Processing file /home/airflow/.local/lib/python3.12/site-packages/airflow/example_dags/example_nested_branch_dag.py for tasks to queue
[2026-04-28T22:01:26.096+0000] {logging_mixin.py:188} INFO - [2026-04-28T22:01:26.096+0000] {dagbag.py:540} INFO - Filling up the DagBag from /home/airflow/.local/lib/python3.12/site-packages/airflow/example_dags/example_nested_branch_dag.py
[2026-04-28T22:01:26.128+0000] {processor.py:840} INFO - DAG(s) 'example_nested_branch_dag' retrieved from /home/airflow/.local/lib/python3.12/site-packages/airflow/example_dags/example_nested_branch_dag.py
[2026-04-28T22:01:26.192+0000] {logging_mixin.py:188} INFO - [2026-04-28T22:01:26.190+0000] {dag.py:3096} INFO - Sync 1 DAGs
[2026-04-28T22:01:26.344+0000] {logging_mixin.py:188} INFO - [2026-04-28T22:01:26.344+0000] {dag.py:3954} INFO - Setting next_dagrun for example_nested_branch_dag to 2026-04-27 00:00:00+00:00, run_after=2026-04-28 00:00:00+00:00
[2026-04-28T22:01:26.530+0000] {processor.py:183} INFO - Processing /home/airflow/.local/lib/python3.12/site-packages/airflow/example_dags/example_nested_branch_dag.py took 0.468 seconds
[2026-04-28T22:01:57.242+0000] {processor.py:161} INFO - Started process (PID=397) to work on /home/airflow/.local/lib/python3.12/site-packages/airflow/example_dags/example_nested_branch_dag.py
[2026-04-28T22:01:57.243+0000] {processor.py:830} INFO - Processing file /home/airflow/.local/lib/python3.12/site-packages/airflow/example_dags/example_nested_branch_dag.py for tasks to queue
[2026-04-28T22:01:57.246+0000] {logging_mixin.py:188} INFO - [2026-04-28T22:01:57.245+0000] {dagbag.py:540} INFO - Filling up the DagBag from /home/airflow/.local/lib/python3.12/site-packages/airflow/example_dags/example_nested_branch_dag.py
[2026-04-28T22:01:57.258+0000] {processor.py:840} INFO - DAG(s) 'example_nested_branch_dag' retrieved from /home/airflow/.local/lib/python3.12/site-packages/airflow/example_dags/example_nested_branch_dag.py
[2026-04-28T22:01:57.285+0000] {logging_mixin.py:188} INFO - [2026-04-28T22:01:57.285+0000] {dag.py:3096} INFO - Sync 1 DAGs
[2026-04-28T22:01:57.326+0000] {logging_mixin.py:188} INFO - [2026-04-28T22:01:57.325+0000] {dag.py:3954} INFO - Setting next_dagrun for example_nested_branch_dag to 2026-04-27 00:00:00+00:00, run_after=2026-04-28 00:00:00+00:00
[2026-04-28T22:01:57.383+0000] {processor.py:183} INFO - Processing /home/airflow/.local/lib/python3.12/site-packages/airflow/example_dags/example_nested_branch_dag.py took 0.147 seconds
[2026-04-28T22:02:27.809+0000] {processor.py:161} INFO - Started process (PID=456) to work on /home/airflow/.local/lib/python3.12/site-packages/airflow/example_dags/example_nested_branch_dag.py
[2026-04-28T22:02:27.809+0000] {processor.py:830} INFO - Processing file /home/airflow/.local/lib/python3.12/site-packages/airflow/example_dags/example_nested_branch_dag.py for tasks to queue
[2026-04-28T22:02:27.812+0000] {logging_mixin.py:188} INFO - [2026-04-28T22:02:27.812+0000] {dagbag.py:540} INFO - Filling up the DagBag from /home/airflow/.local/lib/python3.12/site-packages/airflow/example_dags/example_nested_branch_dag.py
[2026-04-28T22:02:27.824+0000] {processor.py:840} INFO - DAG(s) 'example_nested_branch_dag' retrieved from /home/airflow/.local/lib/python3.12/site-packages/airflow/example_dags/example_nested_branch_dag.py
[2026-04-28T22:02:27.851+0000] {logging_mixin.py:188} INFO - [2026-04-28T22:02:27.851+0000] {dag.py:3096} INFO - Sync 1 DAGs
[2026-04-28T22:02:27.890+0000] {logging_mixin.py:188} INFO - [2026-04-28T22:02:27.890+0000] {dag.py:3954} INFO - Setting next_dagrun for example_nested_branch_dag to 2026-04-27 00:00:00+00:00, run_after=2026-04-28 00:00:00+00:00
[2026-04-28T22:02:27.916+0000] {processor.py:183} INFO - Processing /home/airflow/.local/lib/python3.12/site-packages/airflow/example_dags/example_nested_branch_dag.py took 0.114 seconds
[2026-04-28T22:02:57.999+0000] {processor.py:161} INFO - Started process (PID=515) to work on /home/airflow/.local/lib/python3.12/site-packages/airflow/example_dags/example_nested_branch_dag.py
[2026-04-28T22:02:58.002+0000] {processor.py:830} INFO - Processing file /home/airflow/.local/lib/python3.12/site-packages/airflow/example_dags/example_nested_branch_dag.py for tasks to queue
[2026-04-28T22:02:58.006+0000] {logging_mixin.py:188} INFO - [2026-04-28T22:02:58.005+0000] {dagbag.py:540} INFO - Filling up the DagBag from /home/airflow/.local/lib/python3.12/site-packages/airflow/example_dags/example_nested_branch_dag.py
[2026-04-28T22:02:58.029+0000] {processor.py:840} INFO - DAG(s) 'example_nested_branch_dag' retrieved from /home/airflow/.local/lib/python3.12/site-packages/airflow/example_dags/example_nested_branch_dag.py
[2026-04-28T22:02:58.058+0000] {logging_mixin.py:188} INFO - [2026-04-28T22:02:58.058+0000] {dag.py:3096} INFO - Sync 1 DAGs
[2026-04-28T22:02:58.086+0000] {logging_mixin.py:188} INFO - [2026-04-28T22:02:58.086+0000] {dag.py:3954} INFO - Setting next_dagrun for example_nested_branch_dag to 2026-04-27 00:00:00+00:00, run_after=2026-04-28 00:00:00+00:00
[2026-04-28T22:02:58.106+0000] {processor.py:183} INFO - Processing /home/airflow/.local/lib/python3.12/site-packages/airflow/example_dags/example_nested_branch_dag.py took 0.113 seconds
[2026-04-28T22:03:28.197+0000] {processor.py:161} INFO - Started process (PID=575) to work on /home/airflow/.local/lib/python3.12/site-packages/airflow/example_dags/example_nested_branch_dag.py
[2026-04-28T22:03:28.200+0000] {processor.py:830} INFO - Processing file /home/airflow/.local/lib/python3.12/site-packages/airflow/example_dags/example_nested_branch_dag.py for tasks to queue
[2026-04-28T22:03:28.202+0000] {logging_mixin.py:188} INFO - [2026-04-28T22:03:28.202+0000] {dagbag.py:540} INFO - Filling up the DagBag from /home/airflow/.local/lib/python3.12/site-packages/airflow/example_dags/example_nested_branch_dag.py
[2026-04-28T22:03:28.228+0000] {processor.py:840} INFO - DAG(s) 'example_nested_branch_dag' retrieved from /home/airflow/.local/lib/python3.12/site-packages/airflow/example_dags/example_nested_branch_dag.py
[2026-04-28T22:03:28.256+0000] {logging_mixin.py:188} INFO - [2026-04-28T22:03:28.256+0000] {dag.py:3096} INFO - Sync 1 DAGs
[2026-04-28T22:03:28.288+0000] {logging_mixin.py:188} INFO - [2026-04-28T22:03:28.288+0000] {dag.py:3954} INFO - Setting next_dagrun for example_nested_branch_dag to 2026-04-27 00:00:00+00:00, run_after=2026-04-28 00:00:00+00:00
[2026-04-28T22:03:28.308+0000] {processor.py:183} INFO - Processing /home/airflow/.local/lib/python3.12/site-packages/airflow/example_dags/example_nested_branch_dag.py took 0.118 seconds
[2026-04-28T22:03:58.906+0000] {processor.py:161} INFO - Started process (PID=635) to work on /home/airflow/.local/lib/python3.12/site-packages/airflow/example_dags/example_nested_branch_dag.py
[2026-04-28T22:03:58.908+0000] {processor.py:830} INFO - Processing file /home/airflow/.local/lib/python3.12/site-packages/airflow/example_dags/example_nested_branch_dag.py for tasks to queue
[2026-04-28T22:03:58.910+0000] {logging_mixin.py:188} INFO - [2026-04-28T22:03:58.910+0000] {dagbag.py:540} INFO - Filling up the DagBag from /home/airflow/.local/lib/python3.12/site-packages/airflow/example_dags/example_nested_branch_dag.py
[2026-04-28T22:03:58.944+0000] {processor.py:840} INFO - DAG(s) 'example_nested_branch_dag' retrieved from /home/airflow/.local/lib/python3.12/site-packages/airflow/example_dags/example_nested_branch_dag.py
[2026-04-28T22:03:58.971+0000] {logging_mixin.py:188} INFO - [2026-04-28T22:03:58.971+0000] {dag.py:3096} INFO - Sync 1 DAGs
[2026-04-28T22:03:59.000+0000] {logging_mixin.py:188} INFO - [2026-04-28T22:03:58.999+0000] {dag.py:3954} INFO - Setting next_dagrun for example_nested_branch_dag to 2026-04-27 00:00:00+00:00, run_after=2026-04-28 00:00:00+00:00
[2026-04-28T22:03:59.019+0000] {processor.py:183} INFO - Processing /home/airflow/.local/lib/python3.12/site-packages/airflow/example_dags/example_nested_branch_dag.py took 0.122 seconds
[2026-04-28T22:04:29.738+0000] {processor.py:161} INFO - Started process (PID=695) to work on /home/airflow/.local/lib/python3.12/site-packages/airflow/example_dags/example_nested_branch_dag.py
[2026-04-28T22:04:29.739+0000] {processor.py:830} INFO - Processing file /home/airflow/.local/lib/python3.12/site-packages/airflow/example_dags/example_nested_branch_dag.py for tasks to queue
[2026-04-28T22:04:29.741+0000] {logging_mixin.py:188} INFO - [2026-04-28T22:04:29.741+0000] {dagbag.py:540} INFO - Filling up the DagBag from /home/airflow/.local/lib/python3.12/site-packages/airflow/example_dags/example_nested_branch_dag.py
[2026-04-28T22:04:29.753+0000] {processor.py:840} INFO - DAG(s) 'example_nested_branch_dag' retrieved from /home/airflow/.local/lib/python3.12/site-packages/airflow/example_dags/example_nested_branch_dag.py
[2026-04-28T22:04:29.777+0000] {logging_mixin.py:188} INFO - [2026-04-28T22:04:29.777+0000] {dag.py:3096} INFO - Sync 1 DAGs
[2026-04-28T22:04:29.806+0000] {logging_mixin.py:188} INFO - [2026-04-28T22:04:29.805+0000] {dag.py:3954} INFO - Setting next_dagrun for example_nested_branch_dag to 2026-04-27 00:00:00+00:00, run_after=2026-04-28 00:00:00+00:00
[2026-04-28T22:04:29.827+0000] {processor.py:183} INFO - Processing /home/airflow/.local/lib/python3.12/site-packages/airflow/example_dags/example_nested_branch_dag.py took 0.099 seconds
[2026-04-28T22:05:00.343+0000] {processor.py:161} INFO - Started process (PID=755) to work on /home/airflow/.local/lib/python3.12/site-packages/airflow/example_dags/example_nested_branch_dag.py
[2026-04-28T22:05:00.345+0000] {processor.py:830} INFO - Processing file /home/airflow/.local/lib/python3.12/site-packages/airflow/example_dags/example_nested_branch_dag.py for tasks to queue
[2026-04-28T22:05:00.349+0000] {logging_mixin.py:188} INFO - [2026-04-28T22:05:00.349+0000] {dagbag.py:540} INFO - Filling up the DagBag from /home/airflow/.local/lib/python3.12/site-packages/airflow/example_dags/example_nested_branch_dag.py
[2026-04-28T22:05:00.372+0000] {processor.py:840} INFO - DAG(s) 'example_nested_branch_dag' retrieved from /home/airflow/.local/lib/python3.12/site-packages/airflow/example_dags/example_nested_branch_dag.py
[2026-04-28T22:05:00.446+0000] {logging_mixin.py:188} INFO - [2026-04-28T22:05:00.445+0000] {dag.py:3096} INFO - Sync 1 DAGs
[2026-04-28T22:05:00.528+0000] {logging_mixin.py:188} INFO - [2026-04-28T22:05:00.528+0000] {dag.py:3954} INFO - Setting next_dagrun for example_nested_branch_dag to 2026-04-27 00:00:00+00:00, run_after=2026-04-28 00:00:00+00:00
[2026-04-28T22:05:00.594+0000] {processor.py:183} INFO - Processing /home/airflow/.local/lib/python3.12/site-packages/airflow/example_dags/example_nested_branch_dag.py took 0.265 seconds
[2026-04-28T22:05:31.242+0000] {processor.py:161} INFO - Started process (PID=815) to work on /home/airflow/.local/lib/python3.12/site-packages/airflow/example_dags/example_nested_branch_dag.py
[2026-04-28T22:05:31.243+0000] {processor.py:830} INFO - Processing file /home/airflow/.local/lib/python3.12/site-packages/airflow/example_dags/example_nested_branch_dag.py for tasks to queue
[2026-04-28T22:05:31.245+0000] {logging_mixin.py:188} INFO - [2026-04-28T22:05:31.244+0000] {dagbag.py:540} INFO - Filling up the DagBag from /home/airflow/.local/lib/python3.12/site-packages/airflow/example_dags/example_nested_branch_dag.py
[2026-04-28T22:05:31.256+0000] {processor.py:840} INFO - DAG(s) 'example_nested_branch_dag' retrieved from /home/airflow/.local/lib/python3.12/site-packages/airflow/example_dags/example_nested_branch_dag.py
[2026-04-28T22:05:31.286+0000] {logging_mixin.py:188} INFO - [2026-04-28T22:05:31.286+0000] {dag.py:3096} INFO - Sync 1 DAGs
[2026-04-28T22:05:31.345+0000] {logging_mixin.py:188} INFO - [2026-04-28T22:05:31.345+0000] {dag.py:3954} INFO - Setting next_dagrun for example_nested_branch_dag to 2026-04-27 00:00:00+00:00, run_after=2026-04-28 00:00:00+00:00
[2026-04-28T22:05:31.405+0000] {processor.py:183} INFO - Processing /home/airflow/.local/lib/python3.12/site-packages/airflow/example_dags/example_nested_branch_dag.py took 0.172 seconds
[2026-04-28T22:06:02.197+0000] {processor.py:161} INFO - Started process (PID=875) to work on /home/airflow/.local/lib/python3.12/site-packages/airflow/example_dags/example_nested_branch_dag.py
[2026-04-28T22:06:02.198+0000] {processor.py:830} INFO - Processing file /home/airflow/.local/lib/python3.12/site-packages/airflow/example_dags/example_nested_branch_dag.py for tasks to queue
[2026-04-28T22:06:02.200+0000] {logging_mixin.py:188} INFO - [2026-04-28T22:06:02.200+0000] {dagbag.py:540} INFO - Filling up the DagBag from /home/airflow/.local/lib/python3.12/site-packages/airflow/example_dags/example_nested_branch_dag.py
[2026-04-28T22:06:02.218+0000] {processor.py:840} INFO - DAG(s) 'example_nested_branch_dag' retrieved from /home/airflow/.local/lib/python3.12/site-packages/airflow/example_dags/example_nested_branch_dag.py
[2026-04-28T22:06:02.276+0000] {logging_mixin.py:188} INFO - [2026-04-28T22:06:02.276+0000] {dag.py:3096} INFO - Sync 1 DAGs
[2026-04-28T22:06:02.304+0000] {logging_mixin.py:188} INFO - [2026-04-28T22:06:02.304+0000] {dag.py:3954} INFO - Setting next_dagrun for example_nested_branch_dag to 2026-04-27 00:00:00+00:00, run_after=2026-04-28 00:00:00+00:00
[2026-04-28T22:06:02.335+0000] {processor.py:183} INFO - Processing /home/airflow/.local/lib/python3.12/site-packages/airflow/example_dags/example_nested_branch_dag.py took 0.145 seconds
[2026-04-28T22:06:32.584+0000] {processor.py:161} INFO - Started process (PID=935) to work on /home/airflow/.local/lib/python3.12/site-packages/airflow/example_dags/example_nested_branch_dag.py
[2026-04-28T22:06:32.585+0000] {processor.py:830} INFO - Processing file /home/airflow/.local/lib/python3.12/site-packages/airflow/example_dags/example_nested_branch_dag.py for tasks to queue
[2026-04-28T22:06:32.587+0000] {logging_mixin.py:188} INFO - [2026-04-28T22:06:32.586+0000] {dagbag.py:540} INFO - Filling up the DagBag from /home/airflow/.local/lib/python3.12/site-packages/airflow/example_dags/example_nested_branch_dag.py
[2026-04-28T22:06:32.599+0000] {processor.py:840} INFO - DAG(s) 'example_nested_branch_dag' retrieved from /home/airflow/.local/lib/python3.12/site-packages/airflow/example_dags/example_nested_branch_dag.py
[2026-04-28T22:06:32.623+0000] {logging_mixin.py:188} INFO - [2026-04-28T22:06:32.623+0000] {dag.py:3096} INFO - Sync 1 DAGs
[2026-04-28T22:06:32.666+0000] {logging_mixin.py:188} INFO - [2026-04-28T22:06:32.666+0000] {dag.py:3954} INFO - Setting next_dagrun for example_nested_branch_dag to 2026-04-27 00:00:00+00:00, run_after=2026-04-28 00:00:00+00:00
[2026-04-28T22:06:32.698+0000] {processor.py:183} INFO - Processing /home/airflow/.local/lib/python3.12/site-packages/airflow/example_dags/example_nested_branch_dag.py took 0.132 seconds
[2026-04-28T22:07:02.899+0000] {processor.py:161} INFO - Started process (PID=994) to work on /home/airflow/.local/lib/python3.12/site-packages/airflow/example_dags/example_nested_branch_dag.py
[2026-04-28T22:07:02.900+0000] {processor.py:830} INFO - Processing file /home/airflow/.local/lib/python3.12/site-packages/airflow/example_dags/example_nested_branch_dag.py for tasks to queue
[2026-04-28T22:07:02.902+0000] {logging_mixin.py:188} INFO - [2026-04-28T22:07:02.902+0000] {dagbag.py:540} INFO - Filling up the DagBag from /home/airflow/.local/lib/python3.12/site-packages/airflow/example_dags/example_nested_branch_dag.py
[2026-04-28T22:07:02.912+0000] {processor.py:840} INFO - DAG(s) 'example_nested_branch_dag' retrieved from /home/airflow/.local/lib/python3.12/site-packages/airflow/example_dags/example_nested_branch_dag.py
[2026-04-28T22:07:02.939+0000] {logging_mixin.py:188} INFO - [2026-04-28T22:07:02.939+0000] {dag.py:3096} INFO - Sync 1 DAGs
[2026-04-28T22:07:02.982+0000] {logging_mixin.py:188} INFO - [2026-04-28T22:07:02.982+0000] {dag.py:3954} INFO - Setting next_dagrun for example_nested_branch_dag to 2026-04-27 00:00:00+00:00, run_after=2026-04-28 00:00:00+00:00
[2026-04-28T22:07:03.008+0000] {processor.py:183} INFO - Processing /home/airflow/.local/lib/python3.12/site-packages/airflow/example_dags/example_nested_branch_dag.py took 0.130 seconds
[2026-04-28T22:07:33.875+0000] {processor.py:161} INFO - Started process (PID=1055) to work on /home/airflow/.local/lib/python3.12/site-packages/airflow/example_dags/example_nested_branch_dag.py
[2026-04-28T22:07:33.876+0000] {processor.py:830} INFO - Processing file /home/airflow/.local/lib/python3.12/site-packages/airflow/example_dags/example_nested_branch_dag.py for tasks to queue
[2026-04-28T22:07:33.879+0000] {logging_mixin.py:188} INFO - [2026-04-28T22:07:33.878+0000] {dagbag.py:540} INFO - Filling up the DagBag from /home/airflow/.local/lib/python3.12/site-packages/airflow/example_dags/example_nested_branch_dag.py
[2026-04-28T22:07:33.892+0000] {processor.py:840} INFO - DAG(s) 'example_nested_branch_dag' retrieved from /home/airflow/.local/lib/python3.12/site-packages/airflow/example_dags/example_nested_branch_dag.py
[2026-04-28T22:07:33.920+0000] {logging_mixin.py:188} INFO - [2026-04-28T22:07:33.920+0000] {dag.py:3096} INFO - Sync 1 DAGs
[2026-04-28T22:07:34.000+0000] {logging_mixin.py:188} INFO - [2026-04-28T22:07:33.998+0000] {dag.py:3954} INFO - Setting next_dagrun for example_nested_branch_dag to 2026-04-27 00:00:00+00:00, run_after=2026-04-28 00:00:00+00:00
[2026-04-28T22:07:34.086+0000] {processor.py:183} INFO - Processing /home/airflow/.local/lib/python3.12/site-packages/airflow/example_dags/example_nested_branch_dag.py took 0.218 seconds
[2026-04-28T22:08:04.273+0000] {processor.py:161} INFO - Started process (PID=1114) to work on /home/airflow/.local/lib/python3.12/site-packages/airflow/example_dags/example_nested_branch_dag.py
[2026-04-28T22:08:04.274+0000] {processor.py:830} INFO - Processing file /home/airflow/.local/lib/python3.12/site-packages/airflow/example_dags/example_nested_branch_dag.py for tasks to queue
[2026-04-28T22:08:04.276+0000] {logging_mixin.py:188} INFO - [2026-04-28T22:08:04.276+0000] {dagbag.py:540} INFO - Filling up the DagBag from /home/airflow/.local/lib/python3.12/site-packages/airflow/example_dags/example_nested_branch_dag.py
[2026-04-28T22:08:04.285+0000] {processor.py:840} INFO - DAG(s) 'example_nested_branch_dag' retrieved from /home/airflow/.local/lib/python3.12/site-packages/airflow/example_dags/example_nested_branch_dag.py
[2026-04-28T22:08:04.304+0000] {logging_mixin.py:188} INFO - [2026-04-28T22:08:04.304+0000] {dag.py:3096} INFO - Sync 1 DAGs
[2026-04-28T22:08:04.348+0000] {logging_mixin.py:188} INFO - [2026-04-28T22:08:04.348+0000] {dag.py:3954} INFO - Setting next_dagrun for example_nested_branch_dag to 2026-04-27 00:00:00+00:00, run_after=2026-04-28 00:00:00+00:00
[2026-04-28T22:08:04.369+0000] {processor.py:183} INFO - Processing /home/airflow/.local/lib/python3.12/site-packages/airflow/example_dags/example_nested_branch_dag.py took 0.105 seconds
[2026-04-28T22:08:34.478+0000] {processor.py:161} INFO - Started process (PID=1174) to work on /home/airflow/.local/lib/python3.12/site-packages/airflow/example_dags/example_nested_branch_dag.py
[2026-04-28T22:08:34.479+0000] {processor.py:830} INFO - Processing file /home/airflow/.local/lib/python3.12/site-packages/airflow/example_dags/example_nested_branch_dag.py for tasks to queue
[2026-04-28T22:08:34.480+0000] {logging_mixin.py:188} INFO - [2026-04-28T22:08:34.480+0000] {dagbag.py:540} INFO - Filling up the DagBag from /home/airflow/.local/lib/python3.12/site-packages/airflow/example_dags/example_nested_branch_dag.py
[2026-04-28T22:08:34.493+0000] {processor.py:840} INFO - DAG(s) 'example_nested_branch_dag' retrieved from /home/airflow/.local/lib/python3.12/site-packages/airflow/example_dags/example_nested_branch_dag.py
[2026-04-28T22:08:34.513+0000] {logging_mixin.py:188} INFO - [2026-04-28T22:08:34.512+0000] {dag.py:3096} INFO - Sync 1 DAGs
[2026-04-28T22:08:34.662+0000] {logging_mixin.py:188} INFO - [2026-04-28T22:08:34.662+0000] {dag.py:3954} INFO - Setting next_dagrun for example_nested_branch_dag to 2026-04-27 00:00:00+00:00, run_after=2026-04-28 00:00:00+00:00
[2026-04-28T22:08:34.676+0000] {processor.py:183} INFO - Processing /home/airflow/.local/lib/python3.12/site-packages/airflow/example_dags/example_nested_branch_dag.py took 0.203 seconds
[2026-04-28T22:09:05.193+0000] {processor.py:161} INFO - Started process (PID=1233) to work on /home/airflow/.local/lib/python3.12/site-packages/airflow/example_dags/example_nested_branch_dag.py
[2026-04-28T22:09:05.198+0000] {processor.py:830} INFO - Processing file /home/airflow/.local/lib/python3.12/site-packages/airflow/example_dags/example_nested_branch_dag.py for tasks to queue
[2026-04-28T22:09:05.211+0000] {logging_mixin.py:188} INFO - [2026-04-28T22:09:05.210+0000] {dagbag.py:540} INFO - Filling up the DagBag from /home/airflow/.local/lib/python3.12/site-packages/airflow/example_dags/example_nested_branch_dag.py
[2026-04-28T22:09:05.243+0000] {processor.py:840} INFO - DAG(s) 'example_nested_branch_dag' retrieved from /home/airflow/.local/lib/python3.12/site-packages/airflow/example_dags/example_nested_branch_dag.py
[2026-04-28T22:09:05.283+0000] {logging_mixin.py:188} INFO - [2026-04-28T22:09:05.283+0000] {dag.py:3096} INFO - Sync 1 DAGs
[2026-04-28T22:09:05.349+0000] {logging_mixin.py:188} INFO - [2026-04-28T22:09:05.348+0000] {dag.py:3954} INFO - Setting next_dagrun for example_nested_branch_dag to 2026-04-27 00:00:00+00:00, run_after=2026-04-28 00:00:00+00:00
[2026-04-28T22:09:05.383+0000] {processor.py:183} INFO - Processing /home/airflow/.local/lib/python3.12/site-packages/airflow/example_dags/example_nested_branch_dag.py took 0.224 seconds
[2026-04-28T22:09:35.746+0000] {processor.py:161} INFO - Started process (PID=1293) to work on /home/airflow/.local/lib/python3.12/site-packages/airflow/example_dags/example_nested_branch_dag.py
[2026-04-28T22:09:35.747+0000] {processor.py:830} INFO - Processing file /home/airflow/.local/lib/python3.12/site-packages/airflow/example_dags/example_nested_branch_dag.py for tasks to queue
[2026-04-28T22:09:35.749+0000] {logging_mixin.py:188} INFO - [2026-04-28T22:09:35.749+0000] {dagbag.py:540} INFO - Filling up the DagBag from /home/airflow/.local/lib/python3.12/site-packages/airflow/example_dags/example_nested_branch_dag.py
[2026-04-28T22:09:35.767+0000] {processor.py:840} INFO - DAG(s) 'example_nested_branch_dag' retrieved from /home/airflow/.local/lib/python3.12/site-packages/airflow/example_dags/example_nested_branch_dag.py
[2026-04-28T22:09:35.800+0000] {logging_mixin.py:188} INFO - [2026-04-28T22:09:35.799+0000] {dag.py:3096} INFO - Sync 1 DAGs
[2026-04-28T22:09:35.856+0000] {logging_mixin.py:188} INFO - [2026-04-28T22:09:35.855+0000] {dag.py:3954} INFO - Setting next_dagrun for example_nested_branch_dag to 2026-04-27 00:00:00+00:00, run_after=2026-04-28 00:00:00+00:00
[2026-04-28T22:09:35.880+0000] {processor.py:183} INFO - Processing /home/airflow/.local/lib/python3.12/site-packages/airflow/example_dags/example_nested_branch_dag.py took 0.148 seconds
[2026-04-28T22:10:06.023+0000] {processor.py:161} INFO - Started process (PID=1353) to work on /home/airflow/.local/lib/python3.12/site-packages/airflow/example_dags/example_nested_branch_dag.py
[2026-04-28T22:10:06.024+0000] {processor.py:830} INFO - Processing file /home/airflow/.local/lib/python3.12/site-packages/airflow/example_dags/example_nested_branch_dag.py for tasks to queue
[2026-04-28T22:10:06.026+0000] {logging_mixin.py:188} INFO - [2026-04-28T22:10:06.026+0000] {dagbag.py:540} INFO - Filling up the DagBag from /home/airflow/.local/lib/python3.12/site-packages/airflow/example_dags/example_nested_branch_dag.py
[2026-04-28T22:10:06.038+0000] {processor.py:840} INFO - DAG(s) 'example_nested_branch_dag' retrieved from /home/airflow/.local/lib/python3.12/site-packages/airflow/example_dags/example_nested_branch_dag.py
[2026-04-28T22:10:06.066+0000] {logging_mixin.py:188} INFO - [2026-04-28T22:10:06.065+0000] {dag.py:3096} INFO - Sync 1 DAGs
[2026-04-28T22:10:06.093+0000] {logging_mixin.py:188} INFO - [2026-04-28T22:10:06.093+0000] {dag.py:3954} INFO - Setting next_dagrun for example_nested_branch_dag to 2026-04-27 00:00:00+00:00, run_after=2026-04-28 00:00:00+00:00
[2026-04-28T22:10:06.114+0000] {processor.py:183} INFO - Processing /home/airflow/.local/lib/python3.12/site-packages/airflow/example_dags/example_nested_branch_dag.py took 0.098 seconds
[2026-04-28T22:10:36.791+0000] {processor.py:161} INFO - Started process (PID=1413) to work on /home/airflow/.local/lib/python3.12/site-packages/airflow/example_dags/example_nested_branch_dag.py
[2026-04-28T22:10:36.793+0000] {processor.py:830} INFO - Processing file /home/airflow/.local/lib/python3.12/site-packages/airflow/example_dags/example_nested_branch_dag.py for tasks to queue
[2026-04-28T22:10:36.795+0000] {logging_mixin.py:188} INFO - [2026-04-28T22:10:36.794+0000] {dagbag.py:540} INFO - Filling up the DagBag from /home/airflow/.local/lib/python3.12/site-packages/airflow/example_dags/example_nested_branch_dag.py
[2026-04-28T22:10:36.814+0000] {processor.py:840} INFO - DAG(s) 'example_nested_branch_dag' retrieved from /home/airflow/.local/lib/python3.12/site-packages/airflow/example_dags/example_nested_branch_dag.py
[2026-04-28T22:10:36.889+0000] {logging_mixin.py:188} INFO - [2026-04-28T22:10:36.888+0000] {dag.py:3096} INFO - Sync 1 DAGs
[2026-04-28T22:10:36.987+0000] {logging_mixin.py:188} INFO - [2026-04-28T22:10:36.987+0000] {dag.py:3954} INFO - Setting next_dagrun for example_nested_branch_dag to 2026-04-27 00:00:00+00:00, run_after=2026-04-28 00:00:00+00:00
[2026-04-28T22:10:37.081+0000] {processor.py:183} INFO - Processing /home/airflow/.local/lib/python3.12/site-packages/airflow/example_dags/example_nested_branch_dag.py took 0.308 seconds
[2026-04-28T22:11:08.131+0000] {processor.py:161} INFO - Started process (PID=1473) to work on /home/airflow/.local/lib/python3.12/site-packages/airflow/example_dags/example_nested_branch_dag.py
[2026-04-28T22:11:08.135+0000] {processor.py:830} INFO - Processing file /home/airflow/.local/lib/python3.12/site-packages/airflow/example_dags/example_nested_branch_dag.py for tasks to queue
[2026-04-28T22:11:08.142+0000] {logging_mixin.py:188} INFO - [2026-04-28T22:11:08.137+0000] {dagbag.py:540} INFO - Filling up the DagBag from /home/airflow/.local/lib/python3.12/site-packages/airflow/example_dags/example_nested_branch_dag.py
[2026-04-28T22:11:08.170+0000] {processor.py:840} INFO - DAG(s) 'example_nested_branch_dag' retrieved from /home/airflow/.local/lib/python3.12/site-packages/airflow/example_dags/example_nested_branch_dag.py
[2026-04-28T22:11:08.230+0000] {logging_mixin.py:188} INFO - [2026-04-28T22:11:08.230+0000] {dag.py:3096} INFO - Sync 1 DAGs
[2026-04-28T22:11:08.265+0000] {logging_mixin.py:188} INFO - [2026-04-28T22:11:08.265+0000] {dag.py:3954} INFO - Setting next_dagrun for example_nested_branch_dag to 2026-04-27 00:00:00+00:00, run_after=2026-04-28 00:00:00+00:00
[2026-04-28T22:11:08.284+0000] {processor.py:183} INFO - Processing /home/airflow/.local/lib/python3.12/site-packages/airflow/example_dags/example_nested_branch_dag.py took 0.179 seconds
[2026-04-28T22:11:38.426+0000] {processor.py:161} INFO - Started process (PID=1533) to work on /home/airflow/.local/lib/python3.12/site-packages/airflow/example_dags/example_nested_branch_dag.py
[2026-04-28T22:11:38.426+0000] {processor.py:830} INFO - Processing file /home/airflow/.local/lib/python3.12/site-packages/airflow/example_dags/example_nested_branch_dag.py for tasks to queue
[2026-04-28T22:11:38.428+0000] {logging_mixin.py:188} INFO - [2026-04-28T22:11:38.428+0000] {dagbag.py:540} INFO - Filling up the DagBag from /home/airflow/.local/lib/python3.12/site-packages/airflow/example_dags/example_nested_branch_dag.py
[2026-04-28T22:11:38.437+0000] {processor.py:840} INFO - DAG(s) 'example_nested_branch_dag' retrieved from /home/airflow/.local/lib/python3.12/site-packages/airflow/example_dags/example_nested_branch_dag.py
[2026-04-28T22:11:38.456+0000] {logging_mixin.py:188} INFO - [2026-04-28T22:11:38.456+0000] {dag.py:3096} INFO - Sync 1 DAGs
[2026-04-28T22:11:38.475+0000] {logging_mixin.py:188} INFO - [2026-04-28T22:11:38.475+0000] {dag.py:3954} INFO - Setting next_dagrun for example_nested_branch_dag to 2026-04-27 00:00:00+00:00, run_after=2026-04-28 00:00:00+00:00
[2026-04-28T22:11:38.490+0000] {processor.py:183} INFO - Processing /home/airflow/.local/lib/python3.12/site-packages/airflow/example_dags/example_nested_branch_dag.py took 0.070 seconds
[2026-04-28T22:12:08.750+0000] {processor.py:161} INFO - Started process (PID=1593) to work on /home/airflow/.local/lib/python3.12/site-packages/airflow/example_dags/example_nested_branch_dag.py
[2026-04-28T22:12:08.751+0000] {processor.py:830} INFO - Processing file /home/airflow/.local/lib/python3.12/site-packages/airflow/example_dags/example_nested_branch_dag.py for tasks to queue
[2026-04-28T22:12:08.753+0000] {logging_mixin.py:188} INFO - [2026-04-28T22:12:08.753+0000] {dagbag.py:540} INFO - Filling up the DagBag from /home/airflow/.local/lib/python3.12/site-packages/airflow/example_dags/example_nested_branch_dag.py
[2026-04-28T22:12:08.765+0000] {processor.py:840} INFO - DAG(s) 'example_nested_branch_dag' retrieved from /home/airflow/.local/lib/python3.12/site-packages/airflow/example_dags/example_nested_branch_dag.py
[2026-04-28T22:12:08.791+0000] {logging_mixin.py:188} INFO - [2026-04-28T22:12:08.791+0000] {dag.py:3096} INFO - Sync 1 DAGs
[2026-04-28T22:12:08.820+0000] {logging_mixin.py:188} INFO - [2026-04-28T22:12:08.820+0000] {dag.py:3954} INFO - Setting next_dagrun for example_nested_branch_dag to 2026-04-27 00:00:00+00:00, run_after=2026-04-28 00:00:00+00:00
[2026-04-28T22:12:08.845+0000] {processor.py:183} INFO - Processing /home/airflow/.local/lib/python3.12/site-packages/airflow/example_dags/example_nested_branch_dag.py took 0.101 seconds
[2026-04-28T22:12:39.276+0000] {processor.py:161} INFO - Started process (PID=1653) to work on /home/airflow/.local/lib/python3.12/site-packages/airflow/example_dags/example_nested_branch_dag.py
[2026-04-28T22:12:39.277+0000] {processor.py:830} INFO - Processing file /home/airflow/.local/lib/python3.12/site-packages/airflow/example_dags/example_nested_branch_dag.py for tasks to queue
[2026-04-28T22:12:39.280+0000] {logging_mixin.py:188} INFO - [2026-04-28T22:12:39.279+0000] {dagbag.py:540} INFO - Filling up the DagBag from /home/airflow/.local/lib/python3.12/site-packages/airflow/example_dags/example_nested_branch_dag.py
[2026-04-28T22:12:39.291+0000] {processor.py:840} INFO - DAG(s) 'example_nested_branch_dag' retrieved from /home/airflow/.local/lib/python3.12/site-packages/airflow/example_dags/example_nested_branch_dag.py
[2026-04-28T22:12:39.318+0000] {logging_mixin.py:188} INFO - [2026-04-28T22:12:39.318+0000] {dag.py:3096} INFO - Sync 1 DAGs
[2026-04-28T22:12:39.349+0000] {logging_mixin.py:188} INFO - [2026-04-28T22:12:39.348+0000] {dag.py:3954} INFO - Setting next_dagrun for example_nested_branch_dag to 2026-04-27 00:00:00+00:00, run_after=2026-04-28 00:00:00+00:00
[2026-04-28T22:12:39.370+0000] {processor.py:183} INFO - Processing /home/airflow/.local/lib/python3.12/site-packages/airflow/example_dags/example_nested_branch_dag.py took 0.100 seconds
[2026-04-28T22:13:10.036+0000] {processor.py:161} INFO - Started process (PID=1713) to work on /home/airflow/.local/lib/python3.12/site-packages/airflow/example_dags/example_nested_branch_dag.py
[2026-04-28T22:13:10.036+0000] {processor.py:830} INFO - Processing file /home/airflow/.local/lib/python3.12/site-packages/airflow/example_dags/example_nested_branch_dag.py for tasks to queue
[2026-04-28T22:13:10.039+0000] {logging_mixin.py:188} INFO - [2026-04-28T22:13:10.039+0000] {dagbag.py:540} INFO - Filling up the DagBag from /home/airflow/.local/lib/python3.12/site-packages/airflow/example_dags/example_nested_branch_dag.py
[2026-04-28T22:13:10.051+0000] {processor.py:840} INFO - DAG(s) 'example_nested_branch_dag' retrieved from /home/airflow/.local/lib/python3.12/site-packages/airflow/example_dags/example_nested_branch_dag.py
[2026-04-28T22:13:10.077+0000] {logging_mixin.py:188} INFO - [2026-04-28T22:13:10.077+0000] {dag.py:3096} INFO - Sync 1 DAGs
[2026-04-28T22:13:10.112+0000] {logging_mixin.py:188} INFO - [2026-04-28T22:13:10.111+0000] {dag.py:3954} INFO - Setting next_dagrun for example_nested_branch_dag to 2026-04-27 00:00:00+00:00, run_after=2026-04-28 00:00:00+00:00
[2026-04-28T22:13:10.134+0000] {processor.py:183} INFO - Processing /home/airflow/.local/lib/python3.12/site-packages/airflow/example_dags/example_nested_branch_dag.py took 0.105 seconds
[2026-04-28T22:13:40.187+0000] {processor.py:161} INFO - Started process (PID=1773) to work on /home/airflow/.local/lib/python3.12/site-packages/airflow/example_dags/example_nested_branch_dag.py
[2026-04-28T22:13:40.189+0000] {processor.py:830} INFO - Processing file /home/airflow/.local/lib/python3.12/site-packages/airflow/example_dags/example_nested_branch_dag.py for tasks to queue
[2026-04-28T22:13:40.191+0000] {logging_mixin.py:188} INFO - [2026-04-28T22:13:40.191+0000] {dagbag.py:540} INFO - Filling up the DagBag from /home/airflow/.local/lib/python3.12/site-packages/airflow/example_dags/example_nested_branch_dag.py
[2026-04-28T22:13:40.203+0000] {processor.py:840} INFO - DAG(s) 'example_nested_branch_dag' retrieved from /home/airflow/.local/lib/python3.12/site-packages/airflow/example_dags/example_nested_branch_dag.py
[2026-04-28T22:13:40.237+0000] {logging_mixin.py:188} INFO - [2026-04-28T22:13:40.237+0000] {dag.py:3096} INFO - Sync 1 DAGs
[2026-04-28T22:13:40.272+0000] {logging_mixin.py:188} INFO - [2026-04-28T22:13:40.272+0000] {dag.py:3954} INFO - Setting next_dagrun for example_nested_branch_dag to 2026-04-27 00:00:00+00:00, run_after=2026-04-28 00:00:00+00:00
[2026-04-28T22:13:40.303+0000] {processor.py:183} INFO - Processing /home/airflow/.local/lib/python3.12/site-packages/airflow/example_dags/example_nested_branch_dag.py took 0.130 seconds
[2026-04-28T22:14:10.726+0000] {processor.py:161} INFO - Started process (PID=1833) to work on /home/airflow/.local/lib/python3.12/site-packages/airflow/example_dags/example_nested_branch_dag.py
[2026-04-28T22:14:10.728+0000] {processor.py:830} INFO - Processing file /home/airflow/.local/lib/python3.12/site-packages/airflow/example_dags/example_nested_branch_dag.py for tasks to queue
[2026-04-28T22:14:10.730+0000] {logging_mixin.py:188} INFO - [2026-04-28T22:14:10.730+0000] {dagbag.py:540} INFO - Filling up the DagBag from /home/airflow/.local/lib/python3.12/site-packages/airflow/example_dags/example_nested_branch_dag.py
[2026-04-28T22:14:10.743+0000] {processor.py:840} INFO - DAG(s) 'example_nested_branch_dag' retrieved from /home/airflow/.local/lib/python3.12/site-packages/airflow/example_dags/example_nested_branch_dag.py
[2026-04-28T22:14:10.829+0000] {logging_mixin.py:188} INFO - [2026-04-28T22:14:10.829+0000] {dag.py:3096} INFO - Sync 1 DAGs
[2026-04-28T22:14:10.877+0000] {logging_mixin.py:188} INFO - [2026-04-28T22:14:10.877+0000] {dag.py:3954} INFO - Setting next_dagrun for example_nested_branch_dag to 2026-04-27 00:00:00+00:00, run_after=2026-04-28 00:00:00+00:00
[2026-04-28T22:14:10.941+0000] {processor.py:183} INFO - Processing /home/airflow/.local/lib/python3.12/site-packages/airflow/example_dags/example_nested_branch_dag.py took 0.254 seconds
[2026-04-28T22:14:41.263+0000] {processor.py:161} INFO - Started process (PID=1892) to work on /home/airflow/.local/lib/python3.12/site-packages/airflow/example_dags/example_nested_branch_dag.py
[2026-04-28T22:14:41.265+0000] {processor.py:830} INFO - Processing file /home/airflow/.local/lib/python3.12/site-packages/airflow/example_dags/example_nested_branch_dag.py for tasks to queue
[2026-04-28T22:14:41.271+0000] {logging_mixin.py:188} INFO - [2026-04-28T22:14:41.270+0000] {dagbag.py:540} INFO - Filling up the DagBag from /home/airflow/.local/lib/python3.12/site-packages/airflow/example_dags/example_nested_branch_dag.py
[2026-04-28T22:14:41.286+0000] {processor.py:840} INFO - DAG(s) 'example_nested_branch_dag' retrieved from /home/airflow/.local/lib/python3.12/site-packages/airflow/example_dags/example_nested_branch_dag.py
[2026-04-28T22:14:41.313+0000] {logging_mixin.py:188} INFO - [2026-04-28T22:14:41.313+0000] {dag.py:3096} INFO - Sync 1 DAGs
[2026-04-28T22:14:41.340+0000] {logging_mixin.py:188} INFO - [2026-04-28T22:14:41.340+0000] {dag.py:3954} INFO - Setting next_dagrun for example_nested_branch_dag to 2026-04-27 00:00:00+00:00, run_after=2026-04-28 00:00:00+00:00
[2026-04-28T22:14:41.362+0000] {processor.py:183} INFO - Processing /home/airflow/.local/lib/python3.12/site-packages/airflow/example_dags/example_nested_branch_dag.py took 0.105 seconds
[2026-04-28T22:15:11.579+0000] {processor.py:161} INFO - Started process (PID=1952) to work on /home/airflow/.local/lib/python3.12/site-packages/airflow/example_dags/example_nested_branch_dag.py
[2026-04-28T22:15:11.580+0000] {processor.py:830} INFO - Processing file /home/airflow/.local/lib/python3.12/site-packages/airflow/example_dags/example_nested_branch_dag.py for tasks to queue
[2026-04-28T22:15:11.582+0000] {logging_mixin.py:188} INFO - [2026-04-28T22:15:11.582+0000] {dagbag.py:540} INFO - Filling up the DagBag from /home/airflow/.local/lib/python3.12/site-packages/airflow/example_dags/example_nested_branch_dag.py
[2026-04-28T22:15:11.595+0000] {processor.py:840} INFO - DAG(s) 'example_nested_branch_dag' retrieved from /home/airflow/.local/lib/python3.12/site-packages/airflow/example_dags/example_nested_branch_dag.py
[2026-04-28T22:15:11.624+0000] {logging_mixin.py:188} INFO - [2026-04-28T22:15:11.624+0000] {dag.py:3096} INFO - Sync 1 DAGs
[2026-04-28T22:15:11.652+0000] {logging_mixin.py:188} INFO - [2026-04-28T22:15:11.652+0000] {dag.py:3954} INFO - Setting next_dagrun for example_nested_branch_dag to 2026-04-27 00:00:00+00:00, run_after=2026-04-28 00:00:00+00:00
[2026-04-28T22:15:11.671+0000] {processor.py:183} INFO - Processing /home/airflow/.local/lib/python3.12/site-packages/airflow/example_dags/example_nested_branch_dag.py took 0.099 seconds
[2026-04-28T22:15:41.791+0000] {processor.py:161} INFO - Started process (PID=2012) to work on /home/airflow/.local/lib/python3.12/site-packages/airflow/example_dags/example_nested_branch_dag.py
[2026-04-28T22:15:41.792+0000] {processor.py:830} INFO - Processing file /home/airflow/.local/lib/python3.12/site-packages/airflow/example_dags/example_nested_branch_dag.py for tasks to queue
[2026-04-28T22:15:41.794+0000] {logging_mixin.py:188} INFO - [2026-04-28T22:15:41.794+0000] {dagbag.py:540} INFO - Filling up the DagBag from /home/airflow/.local/lib/python3.12/site-packages/airflow/example_dags/example_nested_branch_dag.py
[2026-04-28T22:15:41.806+0000] {processor.py:840} INFO - DAG(s) 'example_nested_branch_dag' retrieved from /home/airflow/.local/lib/python3.12/site-packages/airflow/example_dags/example_nested_branch_dag.py
[2026-04-28T22:15:41.833+0000] {logging_mixin.py:188} INFO - [2026-04-28T22:15:41.833+0000] {dag.py:3096} INFO - Sync 1 DAGs
[2026-04-28T22:15:41.865+0000] {logging_mixin.py:188} INFO - [2026-04-28T22:15:41.865+0000] {dag.py:3954} INFO - Setting next_dagrun for example_nested_branch_dag to 2026-04-27 00:00:00+00:00, run_after=2026-04-28 00:00:00+00:00
[2026-04-28T22:15:41.889+0000] {processor.py:183} INFO - Processing /home/airflow/.local/lib/python3.12/site-packages/airflow/example_dags/example_nested_branch_dag.py took 0.105 seconds
[2026-04-28T22:19:35.801+0000] {processor.py:161} INFO - Started process (PID=95) to work on /home/airflow/.local/lib/python3.12/site-packages/airflow/example_dags/example_nested_branch_dag.py
[2026-04-28T22:19:35.806+0000] {processor.py:830} INFO - Processing file /home/airflow/.local/lib/python3.12/site-packages/airflow/example_dags/example_nested_branch_dag.py for tasks to queue
[2026-04-28T22:19:35.810+0000] {logging_mixin.py:188} INFO - [2026-04-28T22:19:35.810+0000] {dagbag.py:540} INFO - Filling up the DagBag from /home/airflow/.local/lib/python3.12/site-packages/airflow/example_dags/example_nested_branch_dag.py
[2026-04-28T22:19:35.857+0000] {processor.py:840} INFO - DAG(s) 'example_nested_branch_dag' retrieved from /home/airflow/.local/lib/python3.12/site-packages/airflow/example_dags/example_nested_branch_dag.py
[2026-04-28T22:19:36.168+0000] {logging_mixin.py:188} INFO - [2026-04-28T22:19:36.167+0000] {override.py:1829} INFO - Created Permission View: can edit on DAG:example_nested_branch_dag
[2026-04-28T22:19:36.197+0000] {logging_mixin.py:188} INFO - [2026-04-28T22:19:36.197+0000] {override.py:1829} INFO - Created Permission View: can delete on DAG:example_nested_branch_dag
[2026-04-28T22:19:36.214+0000] {logging_mixin.py:188} INFO - [2026-04-28T22:19:36.213+0000] {override.py:1829} INFO - Created Permission View: can read on DAG:example_nested_branch_dag
[2026-04-28T22:19:36.215+0000] {logging_mixin.py:188} INFO - [2026-04-28T22:19:36.215+0000] {dag.py:3096} INFO - Sync 1 DAGs
[2026-04-28T22:19:36.245+0000] {logging_mixin.py:188} INFO - [2026-04-28T22:19:36.243+0000] {dag.py:3118} INFO - Creating ORM DAG for example_nested_branch_dag
[2026-04-28T22:19:36.272+0000] {logging_mixin.py:188} INFO - [2026-04-28T22:19:36.272+0000] {dag.py:3954} INFO - Setting next_dagrun for example_nested_branch_dag to 2026-04-27 00:00:00+00:00, run_after=2026-04-28 00:00:00+00:00
[2026-04-28T22:19:36.321+0000] {processor.py:183} INFO - Processing /home/airflow/.local/lib/python3.12/site-packages/airflow/example_dags/example_nested_branch_dag.py took 0.531 seconds
[2026-04-28T22:20:07.010+0000] {processor.py:161} INFO - Started process (PID=155) to work on /home/airflow/.local/lib/python3.12/site-packages/airflow/example_dags/example_nested_branch_dag.py
[2026-04-28T22:20:07.015+0000] {processor.py:830} INFO - Processing file /home/airflow/.local/lib/python3.12/site-packages/airflow/example_dags/example_nested_branch_dag.py for tasks to queue
[2026-04-28T22:20:07.023+0000] {logging_mixin.py:188} INFO - [2026-04-28T22:20:07.020+0000] {dagbag.py:540} INFO - Filling up the DagBag from /home/airflow/.local/lib/python3.12/site-packages/airflow/example_dags/example_nested_branch_dag.py
[2026-04-28T22:20:07.053+0000] {processor.py:840} INFO - DAG(s) 'example_nested_branch_dag' retrieved from /home/airflow/.local/lib/python3.12/site-packages/airflow/example_dags/example_nested_branch_dag.py
[2026-04-28T22:20:07.110+0000] {logging_mixin.py:188} INFO - [2026-04-28T22:20:07.109+0000] {dag.py:3096} INFO - Sync 1 DAGs
[2026-04-28T22:20:07.177+0000] {logging_mixin.py:188} INFO - [2026-04-28T22:20:07.177+0000] {dag.py:3954} INFO - Setting next_dagrun for example_nested_branch_dag to 2026-04-27 00:00:00+00:00, run_after=2026-04-28 00:00:00+00:00
[2026-04-28T22:20:07.230+0000] {processor.py:183} INFO - Processing /home/airflow/.local/lib/python3.12/site-packages/airflow/example_dags/example_nested_branch_dag.py took 0.243 seconds
[2026-04-28T22:20:37.952+0000] {processor.py:161} INFO - Started process (PID=215) to work on /home/airflow/.local/lib/python3.12/site-packages/airflow/example_dags/example_nested_branch_dag.py
[2026-04-28T22:20:37.953+0000] {processor.py:830} INFO - Processing file /home/airflow/.local/lib/python3.12/site-packages/airflow/example_dags/example_nested_branch_dag.py for tasks to queue
[2026-04-28T22:20:37.955+0000] {logging_mixin.py:188} INFO - [2026-04-28T22:20:37.955+0000] {dagbag.py:540} INFO - Filling up the DagBag from /home/airflow/.local/lib/python3.12/site-packages/airflow/example_dags/example_nested_branch_dag.py
[2026-04-28T22:20:37.967+0000] {processor.py:840} INFO - DAG(s) 'example_nested_branch_dag' retrieved from /home/airflow/.local/lib/python3.12/site-packages/airflow/example_dags/example_nested_branch_dag.py
[2026-04-28T22:20:37.994+0000] {logging_mixin.py:188} INFO - [2026-04-28T22:20:37.994+0000] {dag.py:3096} INFO - Sync 1 DAGs
[2026-04-28T22:20:38.022+0000] {logging_mixin.py:188} INFO - [2026-04-28T22:20:38.022+0000] {dag.py:3954} INFO - Setting next_dagrun for example_nested_branch_dag to 2026-04-27 00:00:00+00:00, run_after=2026-04-28 00:00:00+00:00
[2026-04-28T22:20:38.072+0000] {processor.py:183} INFO - Processing /home/airflow/.local/lib/python3.12/site-packages/airflow/example_dags/example_nested_branch_dag.py took 0.127 seconds
[2026-04-28T22:21:08.315+0000] {processor.py:161} INFO - Started process (PID=275) to work on /home/airflow/.local/lib/python3.12/site-packages/airflow/example_dags/example_nested_branch_dag.py
[2026-04-28T22:21:08.316+0000] {processor.py:830} INFO - Processing file /home/airflow/.local/lib/python3.12/site-packages/airflow/example_dags/example_nested_branch_dag.py for tasks to queue
[2026-04-28T22:21:08.318+0000] {logging_mixin.py:188} INFO - [2026-04-28T22:21:08.318+0000] {dagbag.py:540} INFO - Filling up the DagBag from /home/airflow/.local/lib/python3.12/site-packages/airflow/example_dags/example_nested_branch_dag.py
[2026-04-28T22:21:08.333+0000] {processor.py:840} INFO - DAG(s) 'example_nested_branch_dag' retrieved from /home/airflow/.local/lib/python3.12/site-packages/airflow/example_dags/example_nested_branch_dag.py
[2026-04-28T22:21:08.365+0000] {logging_mixin.py:188} INFO - [2026-04-28T22:21:08.364+0000] {dag.py:3096} INFO - Sync 1 DAGs
[2026-04-28T22:21:08.399+0000] {logging_mixin.py:188} INFO - [2026-04-28T22:21:08.398+0000] {dag.py:3954} INFO - Setting next_dagrun for example_nested_branch_dag to 2026-04-27 00:00:00+00:00, run_after=2026-04-28 00:00:00+00:00
[2026-04-28T22:21:08.433+0000] {processor.py:183} INFO - Processing /home/airflow/.local/lib/python3.12/site-packages/airflow/example_dags/example_nested_branch_dag.py took 0.126 seconds
[2026-04-28T22:21:39.194+0000] {processor.py:161} INFO - Started process (PID=335) to work on /home/airflow/.local/lib/python3.12/site-packages/airflow/example_dags/example_nested_branch_dag.py
[2026-04-28T22:21:39.206+0000] {processor.py:830} INFO - Processing file /home/airflow/.local/lib/python3.12/site-packages/airflow/example_dags/example_nested_branch_dag.py for tasks to queue
[2026-04-28T22:21:39.214+0000] {logging_mixin.py:188} INFO - [2026-04-28T22:21:39.211+0000] {dagbag.py:540} INFO - Filling up the DagBag from /home/airflow/.local/lib/python3.12/site-packages/airflow/example_dags/example_nested_branch_dag.py
[2026-04-28T22:21:39.260+0000] {processor.py:840} INFO - DAG(s) 'example_nested_branch_dag' retrieved from /home/airflow/.local/lib/python3.12/site-packages/airflow/example_dags/example_nested_branch_dag.py
[2026-04-28T22:21:39.419+0000] {logging_mixin.py:188} INFO - [2026-04-28T22:21:39.405+0000] {dag.py:3096} INFO - Sync 1 DAGs
[2026-04-28T22:21:39.554+0000] {logging_mixin.py:188} INFO - [2026-04-28T22:21:39.554+0000] {dag.py:3954} INFO - Setting next_dagrun for example_nested_branch_dag to 2026-04-27 00:00:00+00:00, run_after=2026-04-28 00:00:00+00:00
[2026-04-28T22:21:39.678+0000] {processor.py:183} INFO - Processing /home/airflow/.local/lib/python3.12/site-packages/airflow/example_dags/example_nested_branch_dag.py took 0.497 seconds
[2026-04-28T22:22:10.282+0000] {processor.py:161} INFO - Started process (PID=395) to work on /home/airflow/.local/lib/python3.12/site-packages/airflow/example_dags/example_nested_branch_dag.py
[2026-04-28T22:22:10.289+0000] {processor.py:830} INFO - Processing file /home/airflow/.local/lib/python3.12/site-packages/airflow/example_dags/example_nested_branch_dag.py for tasks to queue
[2026-04-28T22:22:10.294+0000] {logging_mixin.py:188} INFO - [2026-04-28T22:22:10.293+0000] {dagbag.py:540} INFO - Filling up the DagBag from /home/airflow/.local/lib/python3.12/site-packages/airflow/example_dags/example_nested_branch_dag.py
[2026-04-28T22:22:10.328+0000] {processor.py:840} INFO - DAG(s) 'example_nested_branch_dag' retrieved from /home/airflow/.local/lib/python3.12/site-packages/airflow/example_dags/example_nested_branch_dag.py
[2026-04-28T22:22:10.422+0000] {logging_mixin.py:188} INFO - [2026-04-28T22:22:10.422+0000] {dag.py:3096} INFO - Sync 1 DAGs
[2026-04-28T22:22:10.508+0000] {logging_mixin.py:188} INFO - [2026-04-28T22:22:10.507+0000] {dag.py:3954} INFO - Setting next_dagrun for example_nested_branch_dag to 2026-04-27 00:00:00+00:00, run_after=2026-04-28 00:00:00+00:00
[2026-04-28T22:22:10.643+0000] {processor.py:183} INFO - Processing /home/airflow/.local/lib/python3.12/site-packages/airflow/example_dags/example_nested_branch_dag.py took 0.374 seconds
[2026-04-28T22:22:41.246+0000] {processor.py:161} INFO - Started process (PID=455) to work on /home/airflow/.local/lib/python3.12/site-packages/airflow/example_dags/example_nested_branch_dag.py
[2026-04-28T22:22:41.250+0000] {processor.py:830} INFO - Processing file /home/airflow/.local/lib/python3.12/site-packages/airflow/example_dags/example_nested_branch_dag.py for tasks to queue
[2026-04-28T22:22:41.252+0000] {logging_mixin.py:188} INFO - [2026-04-28T22:22:41.251+0000] {dagbag.py:540} INFO - Filling up the DagBag from /home/airflow/.local/lib/python3.12/site-packages/airflow/example_dags/example_nested_branch_dag.py
[2026-04-28T22:22:41.267+0000] {processor.py:840} INFO - DAG(s) 'example_nested_branch_dag' retrieved from /home/airflow/.local/lib/python3.12/site-packages/airflow/example_dags/example_nested_branch_dag.py
[2026-04-28T22:22:41.292+0000] {logging_mixin.py:188} INFO - [2026-04-28T22:22:41.291+0000] {dag.py:3096} INFO - Sync 1 DAGs
[2026-04-28T22:22:41.319+0000] {logging_mixin.py:188} INFO - [2026-04-28T22:22:41.318+0000] {dag.py:3954} INFO - Setting next_dagrun for example_nested_branch_dag to 2026-04-27 00:00:00+00:00, run_after=2026-04-28 00:00:00+00:00
[2026-04-28T22:22:41.339+0000] {processor.py:183} INFO - Processing /home/airflow/.local/lib/python3.12/site-packages/airflow/example_dags/example_nested_branch_dag.py took 0.100 seconds
[2026-04-28T22:23:11.854+0000] {processor.py:161} INFO - Started process (PID=515) to work on /home/airflow/.local/lib/python3.12/site-packages/airflow/example_dags/example_nested_branch_dag.py
[2026-04-28T22:23:11.858+0000] {processor.py:830} INFO - Processing file /home/airflow/.local/lib/python3.12/site-packages/airflow/example_dags/example_nested_branch_dag.py for tasks to queue
[2026-04-28T22:23:11.862+0000] {logging_mixin.py:188} INFO - [2026-04-28T22:23:11.862+0000] {dagbag.py:540} INFO - Filling up the DagBag from /home/airflow/.local/lib/python3.12/site-packages/airflow/example_dags/example_nested_branch_dag.py
[2026-04-28T22:23:11.882+0000] {processor.py:840} INFO - DAG(s) 'example_nested_branch_dag' retrieved from /home/airflow/.local/lib/python3.12/site-packages/airflow/example_dags/example_nested_branch_dag.py
[2026-04-28T22:23:11.930+0000] {logging_mixin.py:188} INFO - [2026-04-28T22:23:11.930+0000] {dag.py:3096} INFO - Sync 1 DAGs
[2026-04-28T22:23:11.958+0000] {logging_mixin.py:188} INFO - [2026-04-28T22:23:11.958+0000] {dag.py:3954} INFO - Setting next_dagrun for example_nested_branch_dag to 2026-04-27 00:00:00+00:00, run_after=2026-04-28 00:00:00+00:00
[2026-04-28T22:23:11.985+0000] {processor.py:183} INFO - Processing /home/airflow/.local/lib/python3.12/site-packages/airflow/example_dags/example_nested_branch_dag.py took 0.140 seconds
[2026-04-28T22:23:42.906+0000] {processor.py:161} INFO - Started process (PID=575) to work on /home/airflow/.local/lib/python3.12/site-packages/airflow/example_dags/example_nested_branch_dag.py
[2026-04-28T22:23:42.912+0000] {processor.py:830} INFO - Processing file /home/airflow/.local/lib/python3.12/site-packages/airflow/example_dags/example_nested_branch_dag.py for tasks to queue
[2026-04-28T22:23:42.917+0000] {logging_mixin.py:188} INFO - [2026-04-28T22:23:42.917+0000] {dagbag.py:540} INFO - Filling up the DagBag from /home/airflow/.local/lib/python3.12/site-packages/airflow/example_dags/example_nested_branch_dag.py
[2026-04-28T22:23:42.956+0000] {processor.py:840} INFO - DAG(s) 'example_nested_branch_dag' retrieved from /home/airflow/.local/lib/python3.12/site-packages/airflow/example_dags/example_nested_branch_dag.py
[2026-04-28T22:23:43.018+0000] {logging_mixin.py:188} INFO - [2026-04-28T22:23:43.017+0000] {dag.py:3096} INFO - Sync 1 DAGs
[2026-04-28T22:23:43.045+0000] {logging_mixin.py:188} INFO - [2026-04-28T22:23:43.045+0000] {dag.py:3954} INFO - Setting next_dagrun for example_nested_branch_dag to 2026-04-27 00:00:00+00:00, run_after=2026-04-28 00:00:00+00:00
[2026-04-28T22:23:43.064+0000] {processor.py:183} INFO - Processing /home/airflow/.local/lib/python3.12/site-packages/airflow/example_dags/example_nested_branch_dag.py took 0.180 seconds
[2026-04-28T22:24:13.154+0000] {processor.py:161} INFO - Started process (PID=635) to work on /home/airflow/.local/lib/python3.12/site-packages/airflow/example_dags/example_nested_branch_dag.py
[2026-04-28T22:24:13.155+0000] {processor.py:830} INFO - Processing file /home/airflow/.local/lib/python3.12/site-packages/airflow/example_dags/example_nested_branch_dag.py for tasks to queue
[2026-04-28T22:24:13.157+0000] {logging_mixin.py:188} INFO - [2026-04-28T22:24:13.157+0000] {dagbag.py:540} INFO - Filling up the DagBag from /home/airflow/.local/lib/python3.12/site-packages/airflow/example_dags/example_nested_branch_dag.py
[2026-04-28T22:24:13.169+0000] {processor.py:840} INFO - DAG(s) 'example_nested_branch_dag' retrieved from /home/airflow/.local/lib/python3.12/site-packages/airflow/example_dags/example_nested_branch_dag.py
[2026-04-28T22:24:13.196+0000] {logging_mixin.py:188} INFO - [2026-04-28T22:24:13.196+0000] {dag.py:3096} INFO - Sync 1 DAGs
[2026-04-28T22:24:13.223+0000] {logging_mixin.py:188} INFO - [2026-04-28T22:24:13.223+0000] {dag.py:3954} INFO - Setting next_dagrun for example_nested_branch_dag to 2026-04-27 00:00:00+00:00, run_after=2026-04-28 00:00:00+00:00
[2026-04-28T22:24:13.258+0000] {processor.py:183} INFO - Processing /home/airflow/.local/lib/python3.12/site-packages/airflow/example_dags/example_nested_branch_dag.py took 0.111 seconds
[2026-04-28T22:24:43.336+0000] {processor.py:161} INFO - Started process (PID=694) to work on /home/airflow/.local/lib/python3.12/site-packages/airflow/example_dags/example_nested_branch_dag.py
[2026-04-28T22:24:43.338+0000] {processor.py:830} INFO - Processing file /home/airflow/.local/lib/python3.12/site-packages/airflow/example_dags/example_nested_branch_dag.py for tasks to queue
[2026-04-28T22:24:43.340+0000] {logging_mixin.py:188} INFO - [2026-04-28T22:24:43.340+0000] {dagbag.py:540} INFO - Filling up the DagBag from /home/airflow/.local/lib/python3.12/site-packages/airflow/example_dags/example_nested_branch_dag.py
[2026-04-28T22:24:43.354+0000] {processor.py:840} INFO - DAG(s) 'example_nested_branch_dag' retrieved from /home/airflow/.local/lib/python3.12/site-packages/airflow/example_dags/example_nested_branch_dag.py
[2026-04-28T22:24:43.385+0000] {logging_mixin.py:188} INFO - [2026-04-28T22:24:43.385+0000] {dag.py:3096} INFO - Sync 1 DAGs
[2026-04-28T22:24:43.418+0000] {logging_mixin.py:188} INFO - [2026-04-28T22:24:43.418+0000] {dag.py:3954} INFO - Setting next_dagrun for example_nested_branch_dag to 2026-04-27 00:00:00+00:00, run_after=2026-04-28 00:00:00+00:00
[2026-04-28T22:24:43.443+0000] {processor.py:183} INFO - Processing /home/airflow/.local/lib/python3.12/site-packages/airflow/example_dags/example_nested_branch_dag.py took 0.115 seconds
[2026-04-28T22:25:14.138+0000] {processor.py:161} INFO - Started process (PID=754) to work on /home/airflow/.local/lib/python3.12/site-packages/airflow/example_dags/example_nested_branch_dag.py
[2026-04-28T22:25:14.140+0000] {processor.py:830} INFO - Processing file /home/airflow/.local/lib/python3.12/site-packages/airflow/example_dags/example_nested_branch_dag.py for tasks to queue
[2026-04-28T22:25:14.142+0000] {logging_mixin.py:188} INFO - [2026-04-28T22:25:14.142+0000] {dagbag.py:540} INFO - Filling up the DagBag from /home/airflow/.local/lib/python3.12/site-packages/airflow/example_dags/example_nested_branch_dag.py
[2026-04-28T22:25:14.157+0000] {processor.py:840} INFO - DAG(s) 'example_nested_branch_dag' retrieved from /home/airflow/.local/lib/python3.12/site-packages/airflow/example_dags/example_nested_branch_dag.py
[2026-04-28T22:25:14.181+0000] {logging_mixin.py:188} INFO - [2026-04-28T22:25:14.180+0000] {dag.py:3096} INFO - Sync 1 DAGs
[2026-04-28T22:25:14.207+0000] {logging_mixin.py:188} INFO - [2026-04-28T22:25:14.207+0000] {dag.py:3954} INFO - Setting next_dagrun for example_nested_branch_dag to 2026-04-27 00:00:00+00:00, run_after=2026-04-28 00:00:00+00:00
[2026-04-28T22:25:14.232+0000] {processor.py:183} INFO - Processing /home/airflow/.local/lib/python3.12/site-packages/airflow/example_dags/example_nested_branch_dag.py took 0.100 seconds
[2026-04-28T22:25:44.416+0000] {processor.py:161} INFO - Started process (PID=814) to work on /home/airflow/.local/lib/python3.12/site-packages/airflow/example_dags/example_nested_branch_dag.py
[2026-04-28T22:25:44.418+0000] {processor.py:830} INFO - Processing file /home/airflow/.local/lib/python3.12/site-packages/airflow/example_dags/example_nested_branch_dag.py for tasks to queue
[2026-04-28T22:25:44.420+0000] {logging_mixin.py:188} INFO - [2026-04-28T22:25:44.420+0000] {dagbag.py:540} INFO - Filling up the DagBag from /home/airflow/.local/lib/python3.12/site-packages/airflow/example_dags/example_nested_branch_dag.py
[2026-04-28T22:25:44.432+0000] {processor.py:840} INFO - DAG(s) 'example_nested_branch_dag' retrieved from /home/airflow/.local/lib/python3.12/site-packages/airflow/example_dags/example_nested_branch_dag.py
[2026-04-28T22:25:44.462+0000] {logging_mixin.py:188} INFO - [2026-04-28T22:25:44.461+0000] {dag.py:3096} INFO - Sync 1 DAGs
[2026-04-28T22:25:44.489+0000] {logging_mixin.py:188} INFO - [2026-04-28T22:25:44.488+0000] {dag.py:3954} INFO - Setting next_dagrun for example_nested_branch_dag to 2026-04-27 00:00:00+00:00, run_after=2026-04-28 00:00:00+00:00
[2026-04-28T22:25:44.509+0000] {processor.py:183} INFO - Processing /home/airflow/.local/lib/python3.12/site-packages/airflow/example_dags/example_nested_branch_dag.py took 0.101 seconds
[2026-04-28T22:26:14.842+0000] {processor.py:161} INFO - Started process (PID=874) to work on /home/airflow/.local/lib/python3.12/site-packages/airflow/example_dags/example_nested_branch_dag.py
[2026-04-28T22:26:14.849+0000] {processor.py:830} INFO - Processing file /home/airflow/.local/lib/python3.12/site-packages/airflow/example_dags/example_nested_branch_dag.py for tasks to queue
[2026-04-28T22:26:14.853+0000] {logging_mixin.py:188} INFO - [2026-04-28T22:26:14.851+0000] {dagbag.py:540} INFO - Filling up the DagBag from /home/airflow/.local/lib/python3.12/site-packages/airflow/example_dags/example_nested_branch_dag.py
[2026-04-28T22:26:14.869+0000] {processor.py:840} INFO - DAG(s) 'example_nested_branch_dag' retrieved from /home/airflow/.local/lib/python3.12/site-packages/airflow/example_dags/example_nested_branch_dag.py
[2026-04-28T22:26:14.909+0000] {logging_mixin.py:188} INFO - [2026-04-28T22:26:14.908+0000] {dag.py:3096} INFO - Sync 1 DAGs
[2026-04-28T22:26:14.939+0000] {logging_mixin.py:188} INFO - [2026-04-28T22:26:14.939+0000] {dag.py:3954} INFO - Setting next_dagrun for example_nested_branch_dag to 2026-04-27 00:00:00+00:00, run_after=2026-04-28 00:00:00+00:00
[2026-04-28T22:26:14.957+0000] {processor.py:183} INFO - Processing /home/airflow/.local/lib/python3.12/site-packages/airflow/example_dags/example_nested_branch_dag.py took 0.122 seconds
[2026-04-28T22:26:45.224+0000] {processor.py:161} INFO - Started process (PID=934) to work on /home/airflow/.local/lib/python3.12/site-packages/airflow/example_dags/example_nested_branch_dag.py
[2026-04-28T22:26:45.226+0000] {processor.py:830} INFO - Processing file /home/airflow/.local/lib/python3.12/site-packages/airflow/example_dags/example_nested_branch_dag.py for tasks to queue
[2026-04-28T22:26:45.228+0000] {logging_mixin.py:188} INFO - [2026-04-28T22:26:45.227+0000] {dagbag.py:540} INFO - Filling up the DagBag from /home/airflow/.local/lib/python3.12/site-packages/airflow/example_dags/example_nested_branch_dag.py
[2026-04-28T22:26:45.240+0000] {processor.py:840} INFO - DAG(s) 'example_nested_branch_dag' retrieved from /home/airflow/.local/lib/python3.12/site-packages/airflow/example_dags/example_nested_branch_dag.py
[2026-04-28T22:26:45.266+0000] {logging_mixin.py:188} INFO - [2026-04-28T22:26:45.266+0000] {dag.py:3096} INFO - Sync 1 DAGs
[2026-04-28T22:26:45.514+0000] {logging_mixin.py:188} INFO - [2026-04-28T22:26:45.513+0000] {dag.py:3954} INFO - Setting next_dagrun for example_nested_branch_dag to 2026-04-27 00:00:00+00:00, run_after=2026-04-28 00:00:00+00:00
[2026-04-28T22:26:45.552+0000] {processor.py:183} INFO - Processing /home/airflow/.local/lib/python3.12/site-packages/airflow/example_dags/example_nested_branch_dag.py took 0.336 seconds
[2026-04-28T22:27:15.815+0000] {processor.py:161} INFO - Started process (PID=993) to work on /home/airflow/.local/lib/python3.12/site-packages/airflow/example_dags/example_nested_branch_dag.py
[2026-04-28T22:27:15.827+0000] {processor.py:830} INFO - Processing file /home/airflow/.local/lib/python3.12/site-packages/airflow/example_dags/example_nested_branch_dag.py for tasks to queue
[2026-04-28T22:27:15.834+0000] {logging_mixin.py:188} INFO - [2026-04-28T22:27:15.833+0000] {dagbag.py:540} INFO - Filling up the DagBag from /home/airflow/.local/lib/python3.12/site-packages/airflow/example_dags/example_nested_branch_dag.py
[2026-04-28T22:27:15.883+0000] {processor.py:840} INFO - DAG(s) 'example_nested_branch_dag' retrieved from /home/airflow/.local/lib/python3.12/site-packages/airflow/example_dags/example_nested_branch_dag.py
[2026-04-28T22:27:15.922+0000] {logging_mixin.py:188} INFO - [2026-04-28T22:27:15.921+0000] {dag.py:3096} INFO - Sync 1 DAGs
[2026-04-28T22:27:15.951+0000] {logging_mixin.py:188} INFO - [2026-04-28T22:27:15.951+0000] {dag.py:3954} INFO - Setting next_dagrun for example_nested_branch_dag to 2026-04-27 00:00:00+00:00, run_after=2026-04-28 00:00:00+00:00
[2026-04-28T22:27:16.340+0000] {processor.py:183} INFO - Processing /home/airflow/.local/lib/python3.12/site-packages/airflow/example_dags/example_nested_branch_dag.py took 0.537 seconds
[2026-04-28T22:27:46.406+0000] {processor.py:161} INFO - Started process (PID=1054) to work on /home/airflow/.local/lib/python3.12/site-packages/airflow/example_dags/example_nested_branch_dag.py
[2026-04-28T22:27:46.407+0000] {processor.py:830} INFO - Processing file /home/airflow/.local/lib/python3.12/site-packages/airflow/example_dags/example_nested_branch_dag.py for tasks to queue
[2026-04-28T22:27:46.410+0000] {logging_mixin.py:188} INFO - [2026-04-28T22:27:46.409+0000] {dagbag.py:540} INFO - Filling up the DagBag from /home/airflow/.local/lib/python3.12/site-packages/airflow/example_dags/example_nested_branch_dag.py
[2026-04-28T22:27:46.420+0000] {processor.py:840} INFO - DAG(s) 'example_nested_branch_dag' retrieved from /home/airflow/.local/lib/python3.12/site-packages/airflow/example_dags/example_nested_branch_dag.py
[2026-04-28T22:27:46.440+0000] {logging_mixin.py:188} INFO - [2026-04-28T22:27:46.439+0000] {dag.py:3096} INFO - Sync 1 DAGs
[2026-04-28T22:27:46.460+0000] {logging_mixin.py:188} INFO - [2026-04-28T22:27:46.460+0000] {dag.py:3954} INFO - Setting next_dagrun for example_nested_branch_dag to 2026-04-27 00:00:00+00:00, run_after=2026-04-28 00:00:00+00:00
[2026-04-28T22:27:46.476+0000] {processor.py:183} INFO - Processing /home/airflow/.local/lib/python3.12/site-packages/airflow/example_dags/example_nested_branch_dag.py took 0.076 seconds
[2026-04-28T22:28:17.525+0000] {processor.py:161} INFO - Started process (PID=1113) to work on /home/airflow/.local/lib/python3.12/site-packages/airflow/example_dags/example_nested_branch_dag.py
[2026-04-28T22:28:17.526+0000] {processor.py:830} INFO - Processing file /home/airflow/.local/lib/python3.12/site-packages/airflow/example_dags/example_nested_branch_dag.py for tasks to queue
[2026-04-28T22:28:17.529+0000] {logging_mixin.py:188} INFO - [2026-04-28T22:28:17.528+0000] {dagbag.py:540} INFO - Filling up the DagBag from /home/airflow/.local/lib/python3.12/site-packages/airflow/example_dags/example_nested_branch_dag.py
[2026-04-28T22:28:17.560+0000] {processor.py:840} INFO - DAG(s) 'example_nested_branch_dag' retrieved from /home/airflow/.local/lib/python3.12/site-packages/airflow/example_dags/example_nested_branch_dag.py
[2026-04-28T22:28:17.642+0000] {logging_mixin.py:188} INFO - [2026-04-28T22:28:17.640+0000] {dag.py:3096} INFO - Sync 1 DAGs
[2026-04-28T22:28:17.680+0000] {logging_mixin.py:188} INFO - [2026-04-28T22:28:17.679+0000] {dag.py:3954} INFO - Setting next_dagrun for example_nested_branch_dag to 2026-04-27 00:00:00+00:00, run_after=2026-04-28 00:00:00+00:00
[2026-04-28T22:28:17.707+0000] {processor.py:183} INFO - Processing /home/airflow/.local/lib/python3.12/site-packages/airflow/example_dags/example_nested_branch_dag.py took 0.191 seconds
[2026-04-28T22:28:48.422+0000] {processor.py:161} INFO - Started process (PID=1173) to work on /home/airflow/.local/lib/python3.12/site-packages/airflow/example_dags/example_nested_branch_dag.py
[2026-04-28T22:28:48.427+0000] {processor.py:830} INFO - Processing file /home/airflow/.local/lib/python3.12/site-packages/airflow/example_dags/example_nested_branch_dag.py for tasks to queue
[2026-04-28T22:28:48.431+0000] {logging_mixin.py:188} INFO - [2026-04-28T22:28:48.430+0000] {dagbag.py:540} INFO - Filling up the DagBag from /home/airflow/.local/lib/python3.12/site-packages/airflow/example_dags/example_nested_branch_dag.py
[2026-04-28T22:28:48.452+0000] {processor.py:840} INFO - DAG(s) 'example_nested_branch_dag' retrieved from /home/airflow/.local/lib/python3.12/site-packages/airflow/example_dags/example_nested_branch_dag.py
[2026-04-28T22:28:48.487+0000] {logging_mixin.py:188} INFO - [2026-04-28T22:28:48.487+0000] {dag.py:3096} INFO - Sync 1 DAGs
[2026-04-28T22:28:48.518+0000] {logging_mixin.py:188} INFO - [2026-04-28T22:28:48.518+0000] {dag.py:3954} INFO - Setting next_dagrun for example_nested_branch_dag to 2026-04-27 00:00:00+00:00, run_after=2026-04-28 00:00:00+00:00
[2026-04-28T22:28:48.548+0000] {processor.py:183} INFO - Processing /home/airflow/.local/lib/python3.12/site-packages/airflow/example_dags/example_nested_branch_dag.py took 0.132 seconds
[2026-04-28T22:29:22.139+0000] {processor.py:161} INFO - Started process (PID=1233) to work on /home/airflow/.local/lib/python3.12/site-packages/airflow/example_dags/example_nested_branch_dag.py
[2026-04-28T22:29:22.158+0000] {processor.py:830} INFO - Processing file /home/airflow/.local/lib/python3.12/site-packages/airflow/example_dags/example_nested_branch_dag.py for tasks to queue
[2026-04-28T22:29:22.172+0000] {logging_mixin.py:188} INFO - [2026-04-28T22:29:22.169+0000] {dagbag.py:540} INFO - Filling up the DagBag from /home/airflow/.local/lib/python3.12/site-packages/airflow/example_dags/example_nested_branch_dag.py
[2026-04-28T22:29:22.231+0000] {processor.py:840} INFO - DAG(s) 'example_nested_branch_dag' retrieved from /home/airflow/.local/lib/python3.12/site-packages/airflow/example_dags/example_nested_branch_dag.py
[2026-04-28T22:29:22.416+0000] {logging_mixin.py:188} INFO - [2026-04-28T22:29:22.416+0000] {dag.py:3096} INFO - Sync 1 DAGs
[2026-04-28T22:29:22.693+0000] {logging_mixin.py:188} INFO - [2026-04-28T22:29:22.692+0000] {dag.py:3954} INFO - Setting next_dagrun for example_nested_branch_dag to 2026-04-27 00:00:00+00:00, run_after=2026-04-28 00:00:00+00:00
[2026-04-28T22:29:22.958+0000] {processor.py:183} INFO - Processing /home/airflow/.local/lib/python3.12/site-packages/airflow/example_dags/example_nested_branch_dag.py took 0.865 seconds
[2026-04-28T22:29:53.623+0000] {processor.py:161} INFO - Started process (PID=1291) to work on /home/airflow/.local/lib/python3.12/site-packages/airflow/example_dags/example_nested_branch_dag.py
[2026-04-28T22:29:53.625+0000] {processor.py:830} INFO - Processing file /home/airflow/.local/lib/python3.12/site-packages/airflow/example_dags/example_nested_branch_dag.py for tasks to queue
[2026-04-28T22:29:53.627+0000] {logging_mixin.py:188} INFO - [2026-04-28T22:29:53.627+0000] {dagbag.py:540} INFO - Filling up the DagBag from /home/airflow/.local/lib/python3.12/site-packages/airflow/example_dags/example_nested_branch_dag.py
[2026-04-28T22:29:53.636+0000] {processor.py:840} INFO - DAG(s) 'example_nested_branch_dag' retrieved from /home/airflow/.local/lib/python3.12/site-packages/airflow/example_dags/example_nested_branch_dag.py
[2026-04-28T22:29:53.655+0000] {logging_mixin.py:188} INFO - [2026-04-28T22:29:53.655+0000] {dag.py:3096} INFO - Sync 1 DAGs
[2026-04-28T22:29:53.674+0000] {logging_mixin.py:188} INFO - [2026-04-28T22:29:53.674+0000] {dag.py:3954} INFO - Setting next_dagrun for example_nested_branch_dag to 2026-04-27 00:00:00+00:00, run_after=2026-04-28 00:00:00+00:00
[2026-04-28T22:29:53.690+0000] {processor.py:183} INFO - Processing /home/airflow/.local/lib/python3.12/site-packages/airflow/example_dags/example_nested_branch_dag.py took 0.072 seconds
[2026-04-28T22:30:24.357+0000] {processor.py:161} INFO - Started process (PID=1357) to work on /home/airflow/.local/lib/python3.12/site-packages/airflow/example_dags/example_nested_branch_dag.py
[2026-04-28T22:30:24.358+0000] {processor.py:830} INFO - Processing file /home/airflow/.local/lib/python3.12/site-packages/airflow/example_dags/example_nested_branch_dag.py for tasks to queue
[2026-04-28T22:30:24.360+0000] {logging_mixin.py:188} INFO - [2026-04-28T22:30:24.359+0000] {dagbag.py:540} INFO - Filling up the DagBag from /home/airflow/.local/lib/python3.12/site-packages/airflow/example_dags/example_nested_branch_dag.py
[2026-04-28T22:30:24.369+0000] {processor.py:840} INFO - DAG(s) 'example_nested_branch_dag' retrieved from /home/airflow/.local/lib/python3.12/site-packages/airflow/example_dags/example_nested_branch_dag.py
[2026-04-28T22:30:24.388+0000] {logging_mixin.py:188} INFO - [2026-04-28T22:30:24.388+0000] {dag.py:3096} INFO - Sync 1 DAGs
[2026-04-28T22:30:24.409+0000] {logging_mixin.py:188} INFO - [2026-04-28T22:30:24.409+0000] {dag.py:3954} INFO - Setting next_dagrun for example_nested_branch_dag to 2026-04-27 00:00:00+00:00, run_after=2026-04-28 00:00:00+00:00
[2026-04-28T22:30:24.424+0000] {processor.py:183} INFO - Processing /home/airflow/.local/lib/python3.12/site-packages/airflow/example_dags/example_nested_branch_dag.py took 0.072 seconds
[2026-04-28T22:30:54.550+0000] {processor.py:161} INFO - Started process (PID=1418) to work on /home/airflow/.local/lib/python3.12/site-packages/airflow/example_dags/example_nested_branch_dag.py
[2026-04-28T22:30:54.551+0000] {processor.py:830} INFO - Processing file /home/airflow/.local/lib/python3.12/site-packages/airflow/example_dags/example_nested_branch_dag.py for tasks to queue
[2026-04-28T22:30:54.553+0000] {logging_mixin.py:188} INFO - [2026-04-28T22:30:54.553+0000] {dagbag.py:540} INFO - Filling up the DagBag from /home/airflow/.local/lib/python3.12/site-packages/airflow/example_dags/example_nested_branch_dag.py
[2026-04-28T22:30:54.562+0000] {processor.py:840} INFO - DAG(s) 'example_nested_branch_dag' retrieved from /home/airflow/.local/lib/python3.12/site-packages/airflow/example_dags/example_nested_branch_dag.py
[2026-04-28T22:30:54.582+0000] {logging_mixin.py:188} INFO - [2026-04-28T22:30:54.582+0000] {dag.py:3096} INFO - Sync 1 DAGs
[2026-04-28T22:30:54.601+0000] {logging_mixin.py:188} INFO - [2026-04-28T22:30:54.601+0000] {dag.py:3954} INFO - Setting next_dagrun for example_nested_branch_dag to 2026-04-27 00:00:00+00:00, run_after=2026-04-28 00:00:00+00:00
[2026-04-28T22:30:54.616+0000] {processor.py:183} INFO - Processing /home/airflow/.local/lib/python3.12/site-packages/airflow/example_dags/example_nested_branch_dag.py took 0.074 seconds
[2026-04-28T22:31:25.109+0000] {processor.py:161} INFO - Started process (PID=1478) to work on /home/airflow/.local/lib/python3.12/site-packages/airflow/example_dags/example_nested_branch_dag.py
[2026-04-28T22:31:25.110+0000] {processor.py:830} INFO - Processing file /home/airflow/.local/lib/python3.12/site-packages/airflow/example_dags/example_nested_branch_dag.py for tasks to queue
[2026-04-28T22:31:25.113+0000] {logging_mixin.py:188} INFO - [2026-04-28T22:31:25.112+0000] {dagbag.py:540} INFO - Filling up the DagBag from /home/airflow/.local/lib/python3.12/site-packages/airflow/example_dags/example_nested_branch_dag.py
[2026-04-28T22:31:25.128+0000] {processor.py:840} INFO - DAG(s) 'example_nested_branch_dag' retrieved from /home/airflow/.local/lib/python3.12/site-packages/airflow/example_dags/example_nested_branch_dag.py
[2026-04-28T22:31:25.185+0000] {logging_mixin.py:188} INFO - [2026-04-28T22:31:25.185+0000] {dag.py:3096} INFO - Sync 1 DAGs
[2026-04-28T22:31:25.224+0000] {logging_mixin.py:188} INFO - [2026-04-28T22:31:25.224+0000] {dag.py:3954} INFO - Setting next_dagrun for example_nested_branch_dag to 2026-04-27 00:00:00+00:00, run_after=2026-04-28 00:00:00+00:00
[2026-04-28T22:31:25.252+0000] {processor.py:183} INFO - Processing /home/airflow/.local/lib/python3.12/site-packages/airflow/example_dags/example_nested_branch_dag.py took 0.152 seconds
[2026-04-28T22:31:55.467+0000] {processor.py:161} INFO - Started process (PID=1537) to work on /home/airflow/.local/lib/python3.12/site-packages/airflow/example_dags/example_nested_branch_dag.py
[2026-04-28T22:31:55.469+0000] {processor.py:830} INFO - Processing file /home/airflow/.local/lib/python3.12/site-packages/airflow/example_dags/example_nested_branch_dag.py for tasks to queue
[2026-04-28T22:31:55.472+0000] {logging_mixin.py:188} INFO - [2026-04-28T22:31:55.471+0000] {dagbag.py:540} INFO - Filling up the DagBag from /home/airflow/.local/lib/python3.12/site-packages/airflow/example_dags/example_nested_branch_dag.py
[2026-04-28T22:31:55.490+0000] {processor.py:840} INFO - DAG(s) 'example_nested_branch_dag' retrieved from /home/airflow/.local/lib/python3.12/site-packages/airflow/example_dags/example_nested_branch_dag.py
[2026-04-28T22:31:55.518+0000] {logging_mixin.py:188} INFO - [2026-04-28T22:31:55.518+0000] {dag.py:3096} INFO - Sync 1 DAGs
[2026-04-28T22:31:55.554+0000] {logging_mixin.py:188} INFO - [2026-04-28T22:31:55.554+0000] {dag.py:3954} INFO - Setting next_dagrun for example_nested_branch_dag to 2026-04-27 00:00:00+00:00, run_after=2026-04-28 00:00:00+00:00
[2026-04-28T22:31:55.575+0000] {processor.py:183} INFO - Processing /home/airflow/.local/lib/python3.12/site-packages/airflow/example_dags/example_nested_branch_dag.py took 0.115 seconds
[2026-04-28T22:32:25.794+0000] {processor.py:161} INFO - Started process (PID=1597) to work on /home/airflow/.local/lib/python3.12/site-packages/airflow/example_dags/example_nested_branch_dag.py
[2026-04-28T22:32:25.794+0000] {processor.py:830} INFO - Processing file /home/airflow/.local/lib/python3.12/site-packages/airflow/example_dags/example_nested_branch_dag.py for tasks to queue
[2026-04-28T22:32:25.796+0000] {logging_mixin.py:188} INFO - [2026-04-28T22:32:25.796+0000] {dagbag.py:540} INFO - Filling up the DagBag from /home/airflow/.local/lib/python3.12/site-packages/airflow/example_dags/example_nested_branch_dag.py
[2026-04-28T22:32:25.805+0000] {processor.py:840} INFO - DAG(s) 'example_nested_branch_dag' retrieved from /home/airflow/.local/lib/python3.12/site-packages/airflow/example_dags/example_nested_branch_dag.py
[2026-04-28T22:32:25.824+0000] {logging_mixin.py:188} INFO - [2026-04-28T22:32:25.824+0000] {dag.py:3096} INFO - Sync 1 DAGs
[2026-04-28T22:32:25.847+0000] {logging_mixin.py:188} INFO - [2026-04-28T22:32:25.847+0000] {dag.py:3954} INFO - Setting next_dagrun for example_nested_branch_dag to 2026-04-27 00:00:00+00:00, run_after=2026-04-28 00:00:00+00:00
[2026-04-28T22:32:25.863+0000] {processor.py:183} INFO - Processing /home/airflow/.local/lib/python3.12/site-packages/airflow/example_dags/example_nested_branch_dag.py took 0.075 seconds
[2026-04-28T22:32:56.273+0000] {processor.py:161} INFO - Started process (PID=1657) to work on /home/airflow/.local/lib/python3.12/site-packages/airflow/example_dags/example_nested_branch_dag.py
[2026-04-28T22:32:56.274+0000] {processor.py:830} INFO - Processing file /home/airflow/.local/lib/python3.12/site-packages/airflow/example_dags/example_nested_branch_dag.py for tasks to queue
[2026-04-28T22:32:56.276+0000] {logging_mixin.py:188} INFO - [2026-04-28T22:32:56.275+0000] {dagbag.py:540} INFO - Filling up the DagBag from /home/airflow/.local/lib/python3.12/site-packages/airflow/example_dags/example_nested_branch_dag.py
[2026-04-28T22:32:56.284+0000] {processor.py:840} INFO - DAG(s) 'example_nested_branch_dag' retrieved from /home/airflow/.local/lib/python3.12/site-packages/airflow/example_dags/example_nested_branch_dag.py
[2026-04-28T22:32:56.303+0000] {logging_mixin.py:188} INFO - [2026-04-28T22:32:56.303+0000] {dag.py:3096} INFO - Sync 1 DAGs
[2026-04-28T22:32:56.322+0000] {logging_mixin.py:188} INFO - [2026-04-28T22:32:56.322+0000] {dag.py:3954} INFO - Setting next_dagrun for example_nested_branch_dag to 2026-04-27 00:00:00+00:00, run_after=2026-04-28 00:00:00+00:00
[2026-04-28T22:32:56.338+0000] {processor.py:183} INFO - Processing /home/airflow/.local/lib/python3.12/site-packages/airflow/example_dags/example_nested_branch_dag.py took 0.070 seconds
[2026-04-28T22:33:26.432+0000] {processor.py:161} INFO - Started process (PID=1717) to work on /home/airflow/.local/lib/python3.12/site-packages/airflow/example_dags/example_nested_branch_dag.py
[2026-04-28T22:33:26.437+0000] {processor.py:830} INFO - Processing file /home/airflow/.local/lib/python3.12/site-packages/airflow/example_dags/example_nested_branch_dag.py for tasks to queue
[2026-04-28T22:33:26.443+0000] {logging_mixin.py:188} INFO - [2026-04-28T22:33:26.443+0000] {dagbag.py:540} INFO - Filling up the DagBag from /home/airflow/.local/lib/python3.12/site-packages/airflow/example_dags/example_nested_branch_dag.py
[2026-04-28T22:33:26.488+0000] {processor.py:840} INFO - DAG(s) 'example_nested_branch_dag' retrieved from /home/airflow/.local/lib/python3.12/site-packages/airflow/example_dags/example_nested_branch_dag.py
[2026-04-28T22:33:26.536+0000] {logging_mixin.py:188} INFO - [2026-04-28T22:33:26.536+0000] {dag.py:3096} INFO - Sync 1 DAGs
[2026-04-28T22:33:26.563+0000] {logging_mixin.py:188} INFO - [2026-04-28T22:33:26.563+0000] {dag.py:3954} INFO - Setting next_dagrun for example_nested_branch_dag to 2026-04-27 00:00:00+00:00, run_after=2026-04-28 00:00:00+00:00
[2026-04-28T22:33:26.583+0000] {processor.py:183} INFO - Processing /home/airflow/.local/lib/python3.12/site-packages/airflow/example_dags/example_nested_branch_dag.py took 0.180 seconds
[2026-04-28T22:33:56.678+0000] {processor.py:161} INFO - Started process (PID=1777) to work on /home/airflow/.local/lib/python3.12/site-packages/airflow/example_dags/example_nested_branch_dag.py
[2026-04-28T22:33:56.679+0000] {processor.py:830} INFO - Processing file /home/airflow/.local/lib/python3.12/site-packages/airflow/example_dags/example_nested_branch_dag.py for tasks to queue
[2026-04-28T22:33:56.681+0000] {logging_mixin.py:188} INFO - [2026-04-28T22:33:56.680+0000] {dagbag.py:540} INFO - Filling up the DagBag from /home/airflow/.local/lib/python3.12/site-packages/airflow/example_dags/example_nested_branch_dag.py
[2026-04-28T22:33:56.696+0000] {processor.py:840} INFO - DAG(s) 'example_nested_branch_dag' retrieved from /home/airflow/.local/lib/python3.12/site-packages/airflow/example_dags/example_nested_branch_dag.py
[2026-04-28T22:33:56.721+0000] {logging_mixin.py:188} INFO - [2026-04-28T22:33:56.720+0000] {dag.py:3096} INFO - Sync 1 DAGs
[2026-04-28T22:33:56.748+0000] {logging_mixin.py:188} INFO - [2026-04-28T22:33:56.748+0000] {dag.py:3954} INFO - Setting next_dagrun for example_nested_branch_dag to 2026-04-27 00:00:00+00:00, run_after=2026-04-28 00:00:00+00:00
[2026-04-28T22:33:56.771+0000] {processor.py:183} INFO - Processing /home/airflow/.local/lib/python3.12/site-packages/airflow/example_dags/example_nested_branch_dag.py took 0.101 seconds
[2026-04-28T22:34:26.951+0000] {processor.py:161} INFO - Started process (PID=1837) to work on /home/airflow/.local/lib/python3.12/site-packages/airflow/example_dags/example_nested_branch_dag.py
[2026-04-28T22:34:26.952+0000] {processor.py:830} INFO - Processing file /home/airflow/.local/lib/python3.12/site-packages/airflow/example_dags/example_nested_branch_dag.py for tasks to queue
[2026-04-28T22:34:26.954+0000] {logging_mixin.py:188} INFO - [2026-04-28T22:34:26.954+0000] {dagbag.py:540} INFO - Filling up the DagBag from /home/airflow/.local/lib/python3.12/site-packages/airflow/example_dags/example_nested_branch_dag.py
[2026-04-28T22:34:26.966+0000] {processor.py:840} INFO - DAG(s) 'example_nested_branch_dag' retrieved from /home/airflow/.local/lib/python3.12/site-packages/airflow/example_dags/example_nested_branch_dag.py
[2026-04-28T22:34:26.992+0000] {logging_mixin.py:188} INFO - [2026-04-28T22:34:26.991+0000] {dag.py:3096} INFO - Sync 1 DAGs
[2026-04-28T22:34:27.018+0000] {logging_mixin.py:188} INFO - [2026-04-28T22:34:27.018+0000] {dag.py:3954} INFO - Setting next_dagrun for example_nested_branch_dag to 2026-04-27 00:00:00+00:00, run_after=2026-04-28 00:00:00+00:00
[2026-04-28T22:34:27.039+0000] {processor.py:183} INFO - Processing /home/airflow/.local/lib/python3.12/site-packages/airflow/example_dags/example_nested_branch_dag.py took 0.095 seconds
[2026-04-28T22:34:57.535+0000] {processor.py:161} INFO - Started process (PID=1897) to work on /home/airflow/.local/lib/python3.12/site-packages/airflow/example_dags/example_nested_branch_dag.py
[2026-04-28T22:34:57.535+0000] {processor.py:830} INFO - Processing file /home/airflow/.local/lib/python3.12/site-packages/airflow/example_dags/example_nested_branch_dag.py for tasks to queue
[2026-04-28T22:34:57.537+0000] {logging_mixin.py:188} INFO - [2026-04-28T22:34:57.537+0000] {dagbag.py:540} INFO - Filling up the DagBag from /home/airflow/.local/lib/python3.12/site-packages/airflow/example_dags/example_nested_branch_dag.py
[2026-04-28T22:34:57.549+0000] {processor.py:840} INFO - DAG(s) 'example_nested_branch_dag' retrieved from /home/airflow/.local/lib/python3.12/site-packages/airflow/example_dags/example_nested_branch_dag.py
[2026-04-28T22:34:57.574+0000] {logging_mixin.py:188} INFO - [2026-04-28T22:34:57.574+0000] {dag.py:3096} INFO - Sync 1 DAGs
[2026-04-28T22:34:57.615+0000] {logging_mixin.py:188} INFO - [2026-04-28T22:34:57.615+0000] {dag.py:3954} INFO - Setting next_dagrun for example_nested_branch_dag to 2026-04-27 00:00:00+00:00, run_after=2026-04-28 00:00:00+00:00
[2026-04-28T22:34:57.633+0000] {processor.py:183} INFO - Processing /home/airflow/.local/lib/python3.12/site-packages/airflow/example_dags/example_nested_branch_dag.py took 0.106 seconds
[2026-04-28T22:35:28.082+0000] {processor.py:161} INFO - Started process (PID=1957) to work on /home/airflow/.local/lib/python3.12/site-packages/airflow/example_dags/example_nested_branch_dag.py
[2026-04-28T22:35:28.084+0000] {processor.py:830} INFO - Processing file /home/airflow/.local/lib/python3.12/site-packages/airflow/example_dags/example_nested_branch_dag.py for tasks to queue
[2026-04-28T22:35:28.086+0000] {logging_mixin.py:188} INFO - [2026-04-28T22:35:28.085+0000] {dagbag.py:540} INFO - Filling up the DagBag from /home/airflow/.local/lib/python3.12/site-packages/airflow/example_dags/example_nested_branch_dag.py
[2026-04-28T22:35:28.097+0000] {processor.py:840} INFO - DAG(s) 'example_nested_branch_dag' retrieved from /home/airflow/.local/lib/python3.12/site-packages/airflow/example_dags/example_nested_branch_dag.py
[2026-04-28T22:35:28.122+0000] {logging_mixin.py:188} INFO - [2026-04-28T22:35:28.121+0000] {dag.py:3096} INFO - Sync 1 DAGs
[2026-04-28T22:35:28.149+0000] {logging_mixin.py:188} INFO - [2026-04-28T22:35:28.149+0000] {dag.py:3954} INFO - Setting next_dagrun for example_nested_branch_dag to 2026-04-27 00:00:00+00:00, run_after=2026-04-28 00:00:00+00:00
[2026-04-28T22:35:28.168+0000] {processor.py:183} INFO - Processing /home/airflow/.local/lib/python3.12/site-packages/airflow/example_dags/example_nested_branch_dag.py took 0.092 seconds
[2026-04-28T22:35:58.824+0000] {processor.py:161} INFO - Started process (PID=2017) to work on /home/airflow/.local/lib/python3.12/site-packages/airflow/example_dags/example_nested_branch_dag.py
[2026-04-28T22:35:58.825+0000] {processor.py:830} INFO - Processing file /home/airflow/.local/lib/python3.12/site-packages/airflow/example_dags/example_nested_branch_dag.py for tasks to queue
[2026-04-28T22:35:58.827+0000] {logging_mixin.py:188} INFO - [2026-04-28T22:35:58.826+0000] {dagbag.py:540} INFO - Filling up the DagBag from /home/airflow/.local/lib/python3.12/site-packages/airflow/example_dags/example_nested_branch_dag.py
[2026-04-28T22:35:58.838+0000] {processor.py:840} INFO - DAG(s) 'example_nested_branch_dag' retrieved from /home/airflow/.local/lib/python3.12/site-packages/airflow/example_dags/example_nested_branch_dag.py
[2026-04-28T22:35:58.863+0000] {logging_mixin.py:188} INFO - [2026-04-28T22:35:58.863+0000] {dag.py:3096} INFO - Sync 1 DAGs
[2026-04-28T22:35:58.889+0000] {logging_mixin.py:188} INFO - [2026-04-28T22:35:58.889+0000] {dag.py:3954} INFO - Setting next_dagrun for example_nested_branch_dag to 2026-04-27 00:00:00+00:00, run_after=2026-04-28 00:00:00+00:00
[2026-04-28T22:35:58.908+0000] {processor.py:183} INFO - Processing /home/airflow/.local/lib/python3.12/site-packages/airflow/example_dags/example_nested_branch_dag.py took 0.091 seconds
[2026-04-28T22:36:29.788+0000] {processor.py:161} INFO - Started process (PID=2077) to work on /home/airflow/.local/lib/python3.12/site-packages/airflow/example_dags/example_nested_branch_dag.py
[2026-04-28T22:36:29.788+0000] {processor.py:830} INFO - Processing file /home/airflow/.local/lib/python3.12/site-packages/airflow/example_dags/example_nested_branch_dag.py for tasks to queue
[2026-04-28T22:36:29.790+0000] {logging_mixin.py:188} INFO - [2026-04-28T22:36:29.790+0000] {dagbag.py:540} INFO - Filling up the DagBag from /home/airflow/.local/lib/python3.12/site-packages/airflow/example_dags/example_nested_branch_dag.py
[2026-04-28T22:36:29.802+0000] {processor.py:840} INFO - DAG(s) 'example_nested_branch_dag' retrieved from /home/airflow/.local/lib/python3.12/site-packages/airflow/example_dags/example_nested_branch_dag.py
[2026-04-28T22:36:29.831+0000] {logging_mixin.py:188} INFO - [2026-04-28T22:36:29.831+0000] {dag.py:3096} INFO - Sync 1 DAGs
[2026-04-28T22:36:29.859+0000] {logging_mixin.py:188} INFO - [2026-04-28T22:36:29.859+0000] {dag.py:3954} INFO - Setting next_dagrun for example_nested_branch_dag to 2026-04-27 00:00:00+00:00, run_after=2026-04-28 00:00:00+00:00
[2026-04-28T22:36:29.877+0000] {processor.py:183} INFO - Processing /home/airflow/.local/lib/python3.12/site-packages/airflow/example_dags/example_nested_branch_dag.py took 0.096 seconds
[2026-04-28T22:37:00.109+0000] {processor.py:161} INFO - Started process (PID=2137) to work on /home/airflow/.local/lib/python3.12/site-packages/airflow/example_dags/example_nested_branch_dag.py
[2026-04-28T22:37:00.110+0000] {processor.py:830} INFO - Processing file /home/airflow/.local/lib/python3.12/site-packages/airflow/example_dags/example_nested_branch_dag.py for tasks to queue
[2026-04-28T22:37:00.112+0000] {logging_mixin.py:188} INFO - [2026-04-28T22:37:00.111+0000] {dagbag.py:540} INFO - Filling up the DagBag from /home/airflow/.local/lib/python3.12/site-packages/airflow/example_dags/example_nested_branch_dag.py
[2026-04-28T22:37:00.124+0000] {processor.py:840} INFO - DAG(s) 'example_nested_branch_dag' retrieved from /home/airflow/.local/lib/python3.12/site-packages/airflow/example_dags/example_nested_branch_dag.py
[2026-04-28T22:37:00.149+0000] {logging_mixin.py:188} INFO - [2026-04-28T22:37:00.149+0000] {dag.py:3096} INFO - Sync 1 DAGs
[2026-04-28T22:37:00.185+0000] {logging_mixin.py:188} INFO - [2026-04-28T22:37:00.185+0000] {dag.py:3954} INFO - Setting next_dagrun for example_nested_branch_dag to 2026-04-27 00:00:00+00:00, run_after=2026-04-28 00:00:00+00:00
[2026-04-28T22:37:00.214+0000] {processor.py:183} INFO - Processing /home/airflow/.local/lib/python3.12/site-packages/airflow/example_dags/example_nested_branch_dag.py took 0.112 seconds
[2026-04-28T22:37:33.031+0000] {processor.py:161} INFO - Started process (PID=2197) to work on /home/airflow/.local/lib/python3.12/site-packages/airflow/example_dags/example_nested_branch_dag.py
[2026-04-28T22:37:33.035+0000] {processor.py:830} INFO - Processing file /home/airflow/.local/lib/python3.12/site-packages/airflow/example_dags/example_nested_branch_dag.py for tasks to queue
[2026-04-28T22:37:33.042+0000] {logging_mixin.py:188} INFO - [2026-04-28T22:37:33.042+0000] {dagbag.py:540} INFO - Filling up the DagBag from /home/airflow/.local/lib/python3.12/site-packages/airflow/example_dags/example_nested_branch_dag.py
[2026-04-28T22:37:33.119+0000] {processor.py:840} INFO - DAG(s) 'example_nested_branch_dag' retrieved from /home/airflow/.local/lib/python3.12/site-packages/airflow/example_dags/example_nested_branch_dag.py
[2026-04-28T22:37:33.343+0000] {logging_mixin.py:188} INFO - [2026-04-28T22:37:33.336+0000] {dag.py:3096} INFO - Sync 1 DAGs
[2026-04-28T22:37:33.593+0000] {logging_mixin.py:188} INFO - [2026-04-28T22:37:33.593+0000] {dag.py:3954} INFO - Setting next_dagrun for example_nested_branch_dag to 2026-04-27 00:00:00+00:00, run_after=2026-04-28 00:00:00+00:00
[2026-04-28T22:37:33.787+0000] {processor.py:183} INFO - Processing /home/airflow/.local/lib/python3.12/site-packages/airflow/example_dags/example_nested_branch_dag.py took 0.787 seconds
[2026-04-28T22:38:03.961+0000] {processor.py:161} INFO - Started process (PID=2257) to work on /home/airflow/.local/lib/python3.12/site-packages/airflow/example_dags/example_nested_branch_dag.py
[2026-04-28T22:38:03.969+0000] {processor.py:830} INFO - Processing file /home/airflow/.local/lib/python3.12/site-packages/airflow/example_dags/example_nested_branch_dag.py for tasks to queue
[2026-04-28T22:38:03.974+0000] {logging_mixin.py:188} INFO - [2026-04-28T22:38:03.974+0000] {dagbag.py:540} INFO - Filling up the DagBag from /home/airflow/.local/lib/python3.12/site-packages/airflow/example_dags/example_nested_branch_dag.py
[2026-04-28T22:38:04.051+0000] {processor.py:840} INFO - DAG(s) 'example_nested_branch_dag' retrieved from /home/airflow/.local/lib/python3.12/site-packages/airflow/example_dags/example_nested_branch_dag.py
[2026-04-28T22:38:04.087+0000] {logging_mixin.py:188} INFO - [2026-04-28T22:38:04.087+0000] {dag.py:3096} INFO - Sync 1 DAGs
[2026-04-28T22:38:04.134+0000] {logging_mixin.py:188} INFO - [2026-04-28T22:38:04.134+0000] {dag.py:3954} INFO - Setting next_dagrun for example_nested_branch_dag to 2026-04-27 00:00:00+00:00, run_after=2026-04-28 00:00:00+00:00
[2026-04-28T22:38:04.151+0000] {processor.py:183} INFO - Processing /home/airflow/.local/lib/python3.12/site-packages/airflow/example_dags/example_nested_branch_dag.py took 0.212 seconds
[2026-04-28T22:38:34.402+0000] {processor.py:161} INFO - Started process (PID=2317) to work on /home/airflow/.local/lib/python3.12/site-packages/airflow/example_dags/example_nested_branch_dag.py
[2026-04-28T22:38:34.405+0000] {processor.py:830} INFO - Processing file /home/airflow/.local/lib/python3.12/site-packages/airflow/example_dags/example_nested_branch_dag.py for tasks to queue
[2026-04-28T22:38:34.407+0000] {logging_mixin.py:188} INFO - [2026-04-28T22:38:34.406+0000] {dagbag.py:540} INFO - Filling up the DagBag from /home/airflow/.local/lib/python3.12/site-packages/airflow/example_dags/example_nested_branch_dag.py
[2026-04-28T22:38:34.425+0000] {processor.py:840} INFO - DAG(s) 'example_nested_branch_dag' retrieved from /home/airflow/.local/lib/python3.12/site-packages/airflow/example_dags/example_nested_branch_dag.py
[2026-04-28T22:38:34.468+0000] {logging_mixin.py:188} INFO - [2026-04-28T22:38:34.467+0000] {dag.py:3096} INFO - Sync 1 DAGs
[2026-04-28T22:38:34.524+0000] {logging_mixin.py:188} INFO - [2026-04-28T22:38:34.523+0000] {dag.py:3954} INFO - Setting next_dagrun for example_nested_branch_dag to 2026-04-27 00:00:00+00:00, run_after=2026-04-28 00:00:00+00:00
[2026-04-28T22:38:34.581+0000] {processor.py:183} INFO - Processing /home/airflow/.local/lib/python3.12/site-packages/airflow/example_dags/example_nested_branch_dag.py took 0.188 seconds
[2026-04-28T22:39:04.957+0000] {processor.py:161} INFO - Started process (PID=2376) to work on /home/airflow/.local/lib/python3.12/site-packages/airflow/example_dags/example_nested_branch_dag.py
[2026-04-28T22:39:04.971+0000] {processor.py:830} INFO - Processing file /home/airflow/.local/lib/python3.12/site-packages/airflow/example_dags/example_nested_branch_dag.py for tasks to queue
[2026-04-28T22:39:04.976+0000] {logging_mixin.py:188} INFO - [2026-04-28T22:39:04.975+0000] {dagbag.py:540} INFO - Filling up the DagBag from /home/airflow/.local/lib/python3.12/site-packages/airflow/example_dags/example_nested_branch_dag.py
[2026-04-28T22:39:05.007+0000] {processor.py:840} INFO - DAG(s) 'example_nested_branch_dag' retrieved from /home/airflow/.local/lib/python3.12/site-packages/airflow/example_dags/example_nested_branch_dag.py
[2026-04-28T22:39:05.097+0000] {logging_mixin.py:188} INFO - [2026-04-28T22:39:05.097+0000] {dag.py:3096} INFO - Sync 1 DAGs
[2026-04-28T22:39:05.184+0000] {logging_mixin.py:188} INFO - [2026-04-28T22:39:05.183+0000] {dag.py:3954} INFO - Setting next_dagrun for example_nested_branch_dag to 2026-04-27 00:00:00+00:00, run_after=2026-04-28 00:00:00+00:00
[2026-04-28T22:39:05.269+0000] {processor.py:183} INFO - Processing /home/airflow/.local/lib/python3.12/site-packages/airflow/example_dags/example_nested_branch_dag.py took 0.332 seconds
[2026-04-28T22:39:35.742+0000] {processor.py:161} INFO - Started process (PID=2436) to work on /home/airflow/.local/lib/python3.12/site-packages/airflow/example_dags/example_nested_branch_dag.py
[2026-04-28T22:39:35.744+0000] {processor.py:830} INFO - Processing file /home/airflow/.local/lib/python3.12/site-packages/airflow/example_dags/example_nested_branch_dag.py for tasks to queue
[2026-04-28T22:39:35.749+0000] {logging_mixin.py:188} INFO - [2026-04-28T22:39:35.748+0000] {dagbag.py:540} INFO - Filling up the DagBag from /home/airflow/.local/lib/python3.12/site-packages/airflow/example_dags/example_nested_branch_dag.py
[2026-04-28T22:39:35.768+0000] {processor.py:840} INFO - DAG(s) 'example_nested_branch_dag' retrieved from /home/airflow/.local/lib/python3.12/site-packages/airflow/example_dags/example_nested_branch_dag.py
[2026-04-28T22:39:35.876+0000] {logging_mixin.py:188} INFO - [2026-04-28T22:39:35.874+0000] {dag.py:3096} INFO - Sync 1 DAGs
[2026-04-28T22:39:35.954+0000] {logging_mixin.py:188} INFO - [2026-04-28T22:39:35.954+0000] {dag.py:3954} INFO - Setting next_dagrun for example_nested_branch_dag to 2026-04-27 00:00:00+00:00, run_after=2026-04-28 00:00:00+00:00
[2026-04-28T22:39:36.065+0000] {processor.py:183} INFO - Processing /home/airflow/.local/lib/python3.12/site-packages/airflow/example_dags/example_nested_branch_dag.py took 0.335 seconds
[2026-04-28T22:40:06.165+0000] {processor.py:161} INFO - Started process (PID=2496) to work on /home/airflow/.local/lib/python3.12/site-packages/airflow/example_dags/example_nested_branch_dag.py
[2026-04-28T22:40:06.165+0000] {processor.py:830} INFO - Processing file /home/airflow/.local/lib/python3.12/site-packages/airflow/example_dags/example_nested_branch_dag.py for tasks to queue
[2026-04-28T22:40:06.167+0000] {logging_mixin.py:188} INFO - [2026-04-28T22:40:06.167+0000] {dagbag.py:540} INFO - Filling up the DagBag from /home/airflow/.local/lib/python3.12/site-packages/airflow/example_dags/example_nested_branch_dag.py
[2026-04-28T22:40:06.176+0000] {processor.py:840} INFO - DAG(s) 'example_nested_branch_dag' retrieved from /home/airflow/.local/lib/python3.12/site-packages/airflow/example_dags/example_nested_branch_dag.py
[2026-04-28T22:40:06.195+0000] {logging_mixin.py:188} INFO - [2026-04-28T22:40:06.195+0000] {dag.py:3096} INFO - Sync 1 DAGs
[2026-04-28T22:40:06.215+0000] {logging_mixin.py:188} INFO - [2026-04-28T22:40:06.214+0000] {dag.py:3954} INFO - Setting next_dagrun for example_nested_branch_dag to 2026-04-27 00:00:00+00:00, run_after=2026-04-28 00:00:00+00:00
[2026-04-28T22:40:06.230+0000] {processor.py:183} INFO - Processing /home/airflow/.local/lib/python3.12/site-packages/airflow/example_dags/example_nested_branch_dag.py took 0.070 seconds
[2026-04-28T22:40:37.138+0000] {processor.py:161} INFO - Started process (PID=2556) to work on /home/airflow/.local/lib/python3.12/site-packages/airflow/example_dags/example_nested_branch_dag.py
[2026-04-28T22:40:37.140+0000] {processor.py:830} INFO - Processing file /home/airflow/.local/lib/python3.12/site-packages/airflow/example_dags/example_nested_branch_dag.py for tasks to queue
[2026-04-28T22:40:37.143+0000] {logging_mixin.py:188} INFO - [2026-04-28T22:40:37.142+0000] {dagbag.py:540} INFO - Filling up the DagBag from /home/airflow/.local/lib/python3.12/site-packages/airflow/example_dags/example_nested_branch_dag.py
[2026-04-28T22:40:37.163+0000] {processor.py:840} INFO - DAG(s) 'example_nested_branch_dag' retrieved from /home/airflow/.local/lib/python3.12/site-packages/airflow/example_dags/example_nested_branch_dag.py
[2026-04-28T22:40:37.201+0000] {logging_mixin.py:188} INFO - [2026-04-28T22:40:37.200+0000] {dag.py:3096} INFO - Sync 1 DAGs
[2026-04-28T22:40:37.247+0000] {logging_mixin.py:188} INFO - [2026-04-28T22:40:37.247+0000] {dag.py:3954} INFO - Setting next_dagrun for example_nested_branch_dag to 2026-04-27 00:00:00+00:00, run_after=2026-04-28 00:00:00+00:00
[2026-04-28T22:40:37.275+0000] {processor.py:183} INFO - Processing /home/airflow/.local/lib/python3.12/site-packages/airflow/example_dags/example_nested_branch_dag.py took 0.148 seconds
[2026-04-28T22:41:07.840+0000] {processor.py:161} INFO - Started process (PID=2616) to work on /home/airflow/.local/lib/python3.12/site-packages/airflow/example_dags/example_nested_branch_dag.py
[2026-04-28T22:41:07.844+0000] {processor.py:830} INFO - Processing file /home/airflow/.local/lib/python3.12/site-packages/airflow/example_dags/example_nested_branch_dag.py for tasks to queue
[2026-04-28T22:41:07.848+0000] {logging_mixin.py:188} INFO - [2026-04-28T22:41:07.846+0000] {dagbag.py:540} INFO - Filling up the DagBag from /home/airflow/.local/lib/python3.12/site-packages/airflow/example_dags/example_nested_branch_dag.py
[2026-04-28T22:41:07.871+0000] {processor.py:840} INFO - DAG(s) 'example_nested_branch_dag' retrieved from /home/airflow/.local/lib/python3.12/site-packages/airflow/example_dags/example_nested_branch_dag.py
[2026-04-28T22:41:07.900+0000] {logging_mixin.py:188} INFO - [2026-04-28T22:41:07.899+0000] {dag.py:3096} INFO - Sync 1 DAGs
[2026-04-28T22:41:07.930+0000] {logging_mixin.py:188} INFO - [2026-04-28T22:41:07.930+0000] {dag.py:3954} INFO - Setting next_dagrun for example_nested_branch_dag to 2026-04-27 00:00:00+00:00, run_after=2026-04-28 00:00:00+00:00
[2026-04-28T22:41:07.955+0000] {processor.py:183} INFO - Processing /home/airflow/.local/lib/python3.12/site-packages/airflow/example_dags/example_nested_branch_dag.py took 0.125 seconds
[2026-04-28T22:41:38.579+0000] {processor.py:161} INFO - Started process (PID=2676) to work on /home/airflow/.local/lib/python3.12/site-packages/airflow/example_dags/example_nested_branch_dag.py
[2026-04-28T22:41:38.599+0000] {processor.py:830} INFO - Processing file /home/airflow/.local/lib/python3.12/site-packages/airflow/example_dags/example_nested_branch_dag.py for tasks to queue
[2026-04-28T22:41:38.649+0000] {logging_mixin.py:188} INFO - [2026-04-28T22:41:38.647+0000] {dagbag.py:540} INFO - Filling up the DagBag from /home/airflow/.local/lib/python3.12/site-packages/airflow/example_dags/example_nested_branch_dag.py
[2026-04-28T22:41:38.729+0000] {processor.py:840} INFO - DAG(s) 'example_nested_branch_dag' retrieved from /home/airflow/.local/lib/python3.12/site-packages/airflow/example_dags/example_nested_branch_dag.py
[2026-04-28T22:41:39.031+0000] {logging_mixin.py:188} INFO - [2026-04-28T22:41:39.027+0000] {dag.py:3096} INFO - Sync 1 DAGs
[2026-04-28T22:41:39.138+0000] {logging_mixin.py:188} INFO - [2026-04-28T22:41:39.138+0000] {dag.py:3954} INFO - Setting next_dagrun for example_nested_branch_dag to 2026-04-27 00:00:00+00:00, run_after=2026-04-28 00:00:00+00:00
[2026-04-28T22:41:39.207+0000] {processor.py:183} INFO - Processing /home/airflow/.local/lib/python3.12/site-packages/airflow/example_dags/example_nested_branch_dag.py took 0.691 seconds
[2026-04-28T22:42:11.390+0000] {processor.py:161} INFO - Started process (PID=2737) to work on /home/airflow/.local/lib/python3.12/site-packages/airflow/example_dags/example_nested_branch_dag.py
[2026-04-28T22:42:11.392+0000] {processor.py:830} INFO - Processing file /home/airflow/.local/lib/python3.12/site-packages/airflow/example_dags/example_nested_branch_dag.py for tasks to queue
[2026-04-28T22:42:11.394+0000] {logging_mixin.py:188} INFO - [2026-04-28T22:42:11.394+0000] {dagbag.py:540} INFO - Filling up the DagBag from /home/airflow/.local/lib/python3.12/site-packages/airflow/example_dags/example_nested_branch_dag.py
[2026-04-28T22:42:11.413+0000] {processor.py:840} INFO - DAG(s) 'example_nested_branch_dag' retrieved from /home/airflow/.local/lib/python3.12/site-packages/airflow/example_dags/example_nested_branch_dag.py
[2026-04-28T22:42:11.442+0000] {logging_mixin.py:188} INFO - [2026-04-28T22:42:11.442+0000] {dag.py:3096} INFO - Sync 1 DAGs
[2026-04-28T22:42:11.476+0000] {logging_mixin.py:188} INFO - [2026-04-28T22:42:11.475+0000] {dag.py:3954} INFO - Setting next_dagrun for example_nested_branch_dag to 2026-04-27 00:00:00+00:00, run_after=2026-04-28 00:00:00+00:00
[2026-04-28T22:42:11.499+0000] {processor.py:183} INFO - Processing /home/airflow/.local/lib/python3.12/site-packages/airflow/example_dags/example_nested_branch_dag.py took 0.125 seconds
[2026-04-28T22:42:41.913+0000] {processor.py:161} INFO - Started process (PID=2797) to work on /home/airflow/.local/lib/python3.12/site-packages/airflow/example_dags/example_nested_branch_dag.py
[2026-04-28T22:42:41.917+0000] {processor.py:830} INFO - Processing file /home/airflow/.local/lib/python3.12/site-packages/airflow/example_dags/example_nested_branch_dag.py for tasks to queue
[2026-04-28T22:42:41.919+0000] {logging_mixin.py:188} INFO - [2026-04-28T22:42:41.918+0000] {dagbag.py:540} INFO - Filling up the DagBag from /home/airflow/.local/lib/python3.12/site-packages/airflow/example_dags/example_nested_branch_dag.py
[2026-04-28T22:42:41.934+0000] {processor.py:840} INFO - DAG(s) 'example_nested_branch_dag' retrieved from /home/airflow/.local/lib/python3.12/site-packages/airflow/example_dags/example_nested_branch_dag.py
[2026-04-28T22:42:41.970+0000] {logging_mixin.py:188} INFO - [2026-04-28T22:42:41.970+0000] {dag.py:3096} INFO - Sync 1 DAGs
[2026-04-28T22:42:42.000+0000] {logging_mixin.py:188} INFO - [2026-04-28T22:42:42.000+0000] {dag.py:3954} INFO - Setting next_dagrun for example_nested_branch_dag to 2026-04-27 00:00:00+00:00, run_after=2026-04-28 00:00:00+00:00
[2026-04-28T22:42:42.025+0000] {processor.py:183} INFO - Processing /home/airflow/.local/lib/python3.12/site-packages/airflow/example_dags/example_nested_branch_dag.py took 0.119 seconds
[2026-04-28T22:43:12.152+0000] {processor.py:161} INFO - Started process (PID=2855) to work on /home/airflow/.local/lib/python3.12/site-packages/airflow/example_dags/example_nested_branch_dag.py
[2026-04-28T22:43:12.153+0000] {processor.py:830} INFO - Processing file /home/airflow/.local/lib/python3.12/site-packages/airflow/example_dags/example_nested_branch_dag.py for tasks to queue
[2026-04-28T22:43:12.155+0000] {logging_mixin.py:188} INFO - [2026-04-28T22:43:12.155+0000] {dagbag.py:540} INFO - Filling up the DagBag from /home/airflow/.local/lib/python3.12/site-packages/airflow/example_dags/example_nested_branch_dag.py
[2026-04-28T22:43:12.170+0000] {processor.py:840} INFO - DAG(s) 'example_nested_branch_dag' retrieved from /home/airflow/.local/lib/python3.12/site-packages/airflow/example_dags/example_nested_branch_dag.py
[2026-04-28T22:43:12.201+0000] {logging_mixin.py:188} INFO - [2026-04-28T22:43:12.200+0000] {dag.py:3096} INFO - Sync 1 DAGs
[2026-04-28T22:43:12.233+0000] {logging_mixin.py:188} INFO - [2026-04-28T22:43:12.233+0000] {dag.py:3954} INFO - Setting next_dagrun for example_nested_branch_dag to 2026-04-27 00:00:00+00:00, run_after=2026-04-28 00:00:00+00:00
[2026-04-28T22:43:12.251+0000] {processor.py:183} INFO - Processing /home/airflow/.local/lib/python3.12/site-packages/airflow/example_dags/example_nested_branch_dag.py took 0.107 seconds
