[2026-04-28T16:38:13.614+0000] {processor.py:161} INFO - Started process (PID=103) to work on /home/airflow/.local/lib/python3.12/site-packages/airflow/example_dags/example_skip_dag.py
[2026-04-28T16:38:13.615+0000] {processor.py:830} INFO - Processing file /home/airflow/.local/lib/python3.12/site-packages/airflow/example_dags/example_skip_dag.py for tasks to queue
[2026-04-28T16:38:13.640+0000] {logging_mixin.py:188} INFO - [2026-04-28T16:38:13.640+0000] {dagbag.py:540} INFO - Filling up the DagBag from /home/airflow/.local/lib/python3.12/site-packages/airflow/example_dags/example_skip_dag.py
[2026-04-28T16:38:13.680+0000] {processor.py:840} INFO - DAG(s) 'example_skip_dag' retrieved from /home/airflow/.local/lib/python3.12/site-packages/airflow/example_dags/example_skip_dag.py
[2026-04-28T16:38:14.149+0000] {logging_mixin.py:188} INFO - [2026-04-28T16:38:14.149+0000] {dag.py:3096} INFO - Sync 1 DAGs
[2026-04-28T16:38:14.178+0000] {logging_mixin.py:188} INFO - [2026-04-28T16:38:14.178+0000] {dag.py:3954} INFO - Setting next_dagrun for example_skip_dag to 2026-04-27 00:00:00+00:00, run_after=2026-04-28 00:00:00+00:00
[2026-04-28T16:38:14.205+0000] {processor.py:183} INFO - Processing /home/airflow/.local/lib/python3.12/site-packages/airflow/example_dags/example_skip_dag.py took 0.640 seconds
[2026-04-28T16:42:58.123+0000] {processor.py:161} INFO - Started process (PID=101) to work on /home/airflow/.local/lib/python3.12/site-packages/airflow/example_dags/example_skip_dag.py
[2026-04-28T16:42:58.124+0000] {processor.py:830} INFO - Processing file /home/airflow/.local/lib/python3.12/site-packages/airflow/example_dags/example_skip_dag.py for tasks to queue
[2026-04-28T16:42:58.129+0000] {logging_mixin.py:188} INFO - [2026-04-28T16:42:58.128+0000] {dagbag.py:540} INFO - Filling up the DagBag from /home/airflow/.local/lib/python3.12/site-packages/airflow/example_dags/example_skip_dag.py
[2026-04-28T16:42:58.149+0000] {processor.py:840} INFO - DAG(s) 'example_skip_dag' retrieved from /home/airflow/.local/lib/python3.12/site-packages/airflow/example_dags/example_skip_dag.py
[2026-04-28T16:42:58.492+0000] {logging_mixin.py:188} INFO - [2026-04-28T16:42:58.491+0000] {dag.py:3096} INFO - Sync 1 DAGs
[2026-04-28T16:42:58.564+0000] {logging_mixin.py:188} INFO - [2026-04-28T16:42:58.563+0000] {dag.py:3954} INFO - Setting next_dagrun for example_skip_dag to 2026-04-27 00:00:00+00:00, run_after=2026-04-28 00:00:00+00:00
[2026-04-28T16:42:58.631+0000] {processor.py:183} INFO - Processing /home/airflow/.local/lib/python3.12/site-packages/airflow/example_dags/example_skip_dag.py took 0.515 seconds
[2026-04-28T16:43:28.774+0000] {processor.py:161} INFO - Started process (PID=162) to work on /home/airflow/.local/lib/python3.12/site-packages/airflow/example_dags/example_skip_dag.py
[2026-04-28T16:43:28.775+0000] {processor.py:830} INFO - Processing file /home/airflow/.local/lib/python3.12/site-packages/airflow/example_dags/example_skip_dag.py for tasks to queue
[2026-04-28T16:43:28.778+0000] {logging_mixin.py:188} INFO - [2026-04-28T16:43:28.777+0000] {dagbag.py:540} INFO - Filling up the DagBag from /home/airflow/.local/lib/python3.12/site-packages/airflow/example_dags/example_skip_dag.py
[2026-04-28T16:43:28.787+0000] {processor.py:840} INFO - DAG(s) 'example_skip_dag' retrieved from /home/airflow/.local/lib/python3.12/site-packages/airflow/example_dags/example_skip_dag.py
[2026-04-28T16:43:28.819+0000] {logging_mixin.py:188} INFO - [2026-04-28T16:43:28.819+0000] {dag.py:3096} INFO - Sync 1 DAGs
[2026-04-28T16:43:28.852+0000] {logging_mixin.py:188} INFO - [2026-04-28T16:43:28.852+0000] {dag.py:3954} INFO - Setting next_dagrun for example_skip_dag to 2026-04-27 00:00:00+00:00, run_after=2026-04-28 00:00:00+00:00
[2026-04-28T16:43:28.874+0000] {processor.py:183} INFO - Processing /home/airflow/.local/lib/python3.12/site-packages/airflow/example_dags/example_skip_dag.py took 0.111 seconds
[2026-04-28T16:43:59.868+0000] {processor.py:161} INFO - Started process (PID=222) to work on /home/airflow/.local/lib/python3.12/site-packages/airflow/example_dags/example_skip_dag.py
[2026-04-28T16:43:59.869+0000] {processor.py:830} INFO - Processing file /home/airflow/.local/lib/python3.12/site-packages/airflow/example_dags/example_skip_dag.py for tasks to queue
[2026-04-28T16:43:59.870+0000] {logging_mixin.py:188} INFO - [2026-04-28T16:43:59.870+0000] {dagbag.py:540} INFO - Filling up the DagBag from /home/airflow/.local/lib/python3.12/site-packages/airflow/example_dags/example_skip_dag.py
[2026-04-28T16:43:59.876+0000] {processor.py:840} INFO - DAG(s) 'example_skip_dag' retrieved from /home/airflow/.local/lib/python3.12/site-packages/airflow/example_dags/example_skip_dag.py
[2026-04-28T16:43:59.894+0000] {logging_mixin.py:188} INFO - [2026-04-28T16:43:59.894+0000] {dag.py:3096} INFO - Sync 1 DAGs
[2026-04-28T16:43:59.912+0000] {logging_mixin.py:188} INFO - [2026-04-28T16:43:59.912+0000] {dag.py:3954} INFO - Setting next_dagrun for example_skip_dag to 2026-04-27 00:00:00+00:00, run_after=2026-04-28 00:00:00+00:00
[2026-04-28T16:43:59.928+0000] {processor.py:183} INFO - Processing /home/airflow/.local/lib/python3.12/site-packages/airflow/example_dags/example_skip_dag.py took 0.065 seconds
[2026-04-28T16:44:30.668+0000] {processor.py:161} INFO - Started process (PID=282) to work on /home/airflow/.local/lib/python3.12/site-packages/airflow/example_dags/example_skip_dag.py
[2026-04-28T16:44:30.675+0000] {processor.py:830} INFO - Processing file /home/airflow/.local/lib/python3.12/site-packages/airflow/example_dags/example_skip_dag.py for tasks to queue
[2026-04-28T16:44:30.684+0000] {logging_mixin.py:188} INFO - [2026-04-28T16:44:30.677+0000] {dagbag.py:540} INFO - Filling up the DagBag from /home/airflow/.local/lib/python3.12/site-packages/airflow/example_dags/example_skip_dag.py
[2026-04-28T16:44:30.723+0000] {processor.py:840} INFO - DAG(s) 'example_skip_dag' retrieved from /home/airflow/.local/lib/python3.12/site-packages/airflow/example_dags/example_skip_dag.py
[2026-04-28T16:44:30.825+0000] {logging_mixin.py:188} INFO - [2026-04-28T16:44:30.825+0000] {dag.py:3096} INFO - Sync 1 DAGs
[2026-04-28T16:44:30.898+0000] {logging_mixin.py:188} INFO - [2026-04-28T16:44:30.897+0000] {dag.py:3954} INFO - Setting next_dagrun for example_skip_dag to 2026-04-27 00:00:00+00:00, run_after=2026-04-28 00:00:00+00:00
[2026-04-28T16:44:30.950+0000] {processor.py:183} INFO - Processing /home/airflow/.local/lib/python3.12/site-packages/airflow/example_dags/example_skip_dag.py took 0.305 seconds
[2026-04-28T16:45:01.576+0000] {processor.py:161} INFO - Started process (PID=343) to work on /home/airflow/.local/lib/python3.12/site-packages/airflow/example_dags/example_skip_dag.py
[2026-04-28T16:45:01.577+0000] {processor.py:830} INFO - Processing file /home/airflow/.local/lib/python3.12/site-packages/airflow/example_dags/example_skip_dag.py for tasks to queue
[2026-04-28T16:45:01.579+0000] {logging_mixin.py:188} INFO - [2026-04-28T16:45:01.578+0000] {dagbag.py:540} INFO - Filling up the DagBag from /home/airflow/.local/lib/python3.12/site-packages/airflow/example_dags/example_skip_dag.py
[2026-04-28T16:45:01.586+0000] {processor.py:840} INFO - DAG(s) 'example_skip_dag' retrieved from /home/airflow/.local/lib/python3.12/site-packages/airflow/example_dags/example_skip_dag.py
[2026-04-28T16:45:01.613+0000] {logging_mixin.py:188} INFO - [2026-04-28T16:45:01.613+0000] {dag.py:3096} INFO - Sync 1 DAGs
[2026-04-28T16:45:01.639+0000] {logging_mixin.py:188} INFO - [2026-04-28T16:45:01.639+0000] {dag.py:3954} INFO - Setting next_dagrun for example_skip_dag to 2026-04-27 00:00:00+00:00, run_after=2026-04-28 00:00:00+00:00
[2026-04-28T16:45:01.658+0000] {processor.py:183} INFO - Processing /home/airflow/.local/lib/python3.12/site-packages/airflow/example_dags/example_skip_dag.py took 0.089 seconds
[2026-04-28T16:45:31.715+0000] {processor.py:161} INFO - Started process (PID=403) to work on /home/airflow/.local/lib/python3.12/site-packages/airflow/example_dags/example_skip_dag.py
[2026-04-28T16:45:31.716+0000] {processor.py:830} INFO - Processing file /home/airflow/.local/lib/python3.12/site-packages/airflow/example_dags/example_skip_dag.py for tasks to queue
[2026-04-28T16:45:31.720+0000] {logging_mixin.py:188} INFO - [2026-04-28T16:45:31.718+0000] {dagbag.py:540} INFO - Filling up the DagBag from /home/airflow/.local/lib/python3.12/site-packages/airflow/example_dags/example_skip_dag.py
[2026-04-28T16:45:31.728+0000] {processor.py:840} INFO - DAG(s) 'example_skip_dag' retrieved from /home/airflow/.local/lib/python3.12/site-packages/airflow/example_dags/example_skip_dag.py
[2026-04-28T16:45:31.754+0000] {logging_mixin.py:188} INFO - [2026-04-28T16:45:31.754+0000] {dag.py:3096} INFO - Sync 1 DAGs
[2026-04-28T16:45:31.782+0000] {logging_mixin.py:188} INFO - [2026-04-28T16:45:31.781+0000] {dag.py:3954} INFO - Setting next_dagrun for example_skip_dag to 2026-04-27 00:00:00+00:00, run_after=2026-04-28 00:00:00+00:00
[2026-04-28T16:45:31.800+0000] {processor.py:183} INFO - Processing /home/airflow/.local/lib/python3.12/site-packages/airflow/example_dags/example_skip_dag.py took 0.092 seconds
[2026-04-28T16:46:02.089+0000] {processor.py:161} INFO - Started process (PID=463) to work on /home/airflow/.local/lib/python3.12/site-packages/airflow/example_dags/example_skip_dag.py
[2026-04-28T16:46:02.092+0000] {processor.py:830} INFO - Processing file /home/airflow/.local/lib/python3.12/site-packages/airflow/example_dags/example_skip_dag.py for tasks to queue
[2026-04-28T16:46:02.095+0000] {logging_mixin.py:188} INFO - [2026-04-28T16:46:02.095+0000] {dagbag.py:540} INFO - Filling up the DagBag from /home/airflow/.local/lib/python3.12/site-packages/airflow/example_dags/example_skip_dag.py
[2026-04-28T16:46:02.105+0000] {processor.py:840} INFO - DAG(s) 'example_skip_dag' retrieved from /home/airflow/.local/lib/python3.12/site-packages/airflow/example_dags/example_skip_dag.py
[2026-04-28T16:46:02.163+0000] {logging_mixin.py:188} INFO - [2026-04-28T16:46:02.163+0000] {dag.py:3096} INFO - Sync 1 DAGs
[2026-04-28T16:46:02.249+0000] {logging_mixin.py:188} INFO - [2026-04-28T16:46:02.248+0000] {dag.py:3954} INFO - Setting next_dagrun for example_skip_dag to 2026-04-27 00:00:00+00:00, run_after=2026-04-28 00:00:00+00:00
[2026-04-28T16:46:02.309+0000] {processor.py:183} INFO - Processing /home/airflow/.local/lib/python3.12/site-packages/airflow/example_dags/example_skip_dag.py took 0.241 seconds
[2026-04-28T16:46:32.375+0000] {processor.py:161} INFO - Started process (PID=523) to work on /home/airflow/.local/lib/python3.12/site-packages/airflow/example_dags/example_skip_dag.py
[2026-04-28T16:46:32.376+0000] {processor.py:830} INFO - Processing file /home/airflow/.local/lib/python3.12/site-packages/airflow/example_dags/example_skip_dag.py for tasks to queue
[2026-04-28T16:46:32.378+0000] {logging_mixin.py:188} INFO - [2026-04-28T16:46:32.377+0000] {dagbag.py:540} INFO - Filling up the DagBag from /home/airflow/.local/lib/python3.12/site-packages/airflow/example_dags/example_skip_dag.py
[2026-04-28T16:46:32.383+0000] {processor.py:840} INFO - DAG(s) 'example_skip_dag' retrieved from /home/airflow/.local/lib/python3.12/site-packages/airflow/example_dags/example_skip_dag.py
[2026-04-28T16:46:32.402+0000] {logging_mixin.py:188} INFO - [2026-04-28T16:46:32.402+0000] {dag.py:3096} INFO - Sync 1 DAGs
[2026-04-28T16:46:32.427+0000] {logging_mixin.py:188} INFO - [2026-04-28T16:46:32.426+0000] {dag.py:3954} INFO - Setting next_dagrun for example_skip_dag to 2026-04-27 00:00:00+00:00, run_after=2026-04-28 00:00:00+00:00
[2026-04-28T16:46:32.442+0000] {processor.py:183} INFO - Processing /home/airflow/.local/lib/python3.12/site-packages/airflow/example_dags/example_skip_dag.py took 0.071 seconds
[2026-04-28T16:47:03.247+0000] {processor.py:161} INFO - Started process (PID=582) to work on /home/airflow/.local/lib/python3.12/site-packages/airflow/example_dags/example_skip_dag.py
[2026-04-28T16:47:03.248+0000] {processor.py:830} INFO - Processing file /home/airflow/.local/lib/python3.12/site-packages/airflow/example_dags/example_skip_dag.py for tasks to queue
[2026-04-28T16:47:03.250+0000] {logging_mixin.py:188} INFO - [2026-04-28T16:47:03.250+0000] {dagbag.py:540} INFO - Filling up the DagBag from /home/airflow/.local/lib/python3.12/site-packages/airflow/example_dags/example_skip_dag.py
[2026-04-28T16:47:03.258+0000] {processor.py:840} INFO - DAG(s) 'example_skip_dag' retrieved from /home/airflow/.local/lib/python3.12/site-packages/airflow/example_dags/example_skip_dag.py
[2026-04-28T16:47:03.283+0000] {logging_mixin.py:188} INFO - [2026-04-28T16:47:03.283+0000] {dag.py:3096} INFO - Sync 1 DAGs
[2026-04-28T16:47:03.308+0000] {logging_mixin.py:188} INFO - [2026-04-28T16:47:03.308+0000] {dag.py:3954} INFO - Setting next_dagrun for example_skip_dag to 2026-04-27 00:00:00+00:00, run_after=2026-04-28 00:00:00+00:00
[2026-04-28T16:47:03.329+0000] {processor.py:183} INFO - Processing /home/airflow/.local/lib/python3.12/site-packages/airflow/example_dags/example_skip_dag.py took 0.089 seconds
[2026-04-28T16:47:33.520+0000] {processor.py:161} INFO - Started process (PID=642) to work on /home/airflow/.local/lib/python3.12/site-packages/airflow/example_dags/example_skip_dag.py
[2026-04-28T16:47:33.521+0000] {processor.py:830} INFO - Processing file /home/airflow/.local/lib/python3.12/site-packages/airflow/example_dags/example_skip_dag.py for tasks to queue
[2026-04-28T16:47:33.523+0000] {logging_mixin.py:188} INFO - [2026-04-28T16:47:33.523+0000] {dagbag.py:540} INFO - Filling up the DagBag from /home/airflow/.local/lib/python3.12/site-packages/airflow/example_dags/example_skip_dag.py
[2026-04-28T16:47:33.531+0000] {processor.py:840} INFO - DAG(s) 'example_skip_dag' retrieved from /home/airflow/.local/lib/python3.12/site-packages/airflow/example_dags/example_skip_dag.py
[2026-04-28T16:47:33.557+0000] {logging_mixin.py:188} INFO - [2026-04-28T16:47:33.557+0000] {dag.py:3096} INFO - Sync 1 DAGs
[2026-04-28T16:47:33.584+0000] {logging_mixin.py:188} INFO - [2026-04-28T16:47:33.584+0000] {dag.py:3954} INFO - Setting next_dagrun for example_skip_dag to 2026-04-27 00:00:00+00:00, run_after=2026-04-28 00:00:00+00:00
[2026-04-28T16:47:33.619+0000] {processor.py:183} INFO - Processing /home/airflow/.local/lib/python3.12/site-packages/airflow/example_dags/example_skip_dag.py took 0.106 seconds
[2026-04-28T16:48:05.576+0000] {processor.py:161} INFO - Started process (PID=702) to work on /home/airflow/.local/lib/python3.12/site-packages/airflow/example_dags/example_skip_dag.py
[2026-04-28T16:48:05.584+0000] {processor.py:830} INFO - Processing file /home/airflow/.local/lib/python3.12/site-packages/airflow/example_dags/example_skip_dag.py for tasks to queue
[2026-04-28T16:48:05.588+0000] {logging_mixin.py:188} INFO - [2026-04-28T16:48:05.588+0000] {dagbag.py:540} INFO - Filling up the DagBag from /home/airflow/.local/lib/python3.12/site-packages/airflow/example_dags/example_skip_dag.py
[2026-04-28T16:48:05.610+0000] {processor.py:840} INFO - DAG(s) 'example_skip_dag' retrieved from /home/airflow/.local/lib/python3.12/site-packages/airflow/example_dags/example_skip_dag.py
[2026-04-28T16:48:05.694+0000] {logging_mixin.py:188} INFO - [2026-04-28T16:48:05.694+0000] {dag.py:3096} INFO - Sync 1 DAGs
[2026-04-28T16:48:05.788+0000] {logging_mixin.py:188} INFO - [2026-04-28T16:48:05.787+0000] {dag.py:3954} INFO - Setting next_dagrun for example_skip_dag to 2026-04-27 00:00:00+00:00, run_after=2026-04-28 00:00:00+00:00
[2026-04-28T16:48:05.861+0000] {processor.py:183} INFO - Processing /home/airflow/.local/lib/python3.12/site-packages/airflow/example_dags/example_skip_dag.py took 0.303 seconds
[2026-04-28T16:48:36.306+0000] {processor.py:161} INFO - Started process (PID=762) to work on /home/airflow/.local/lib/python3.12/site-packages/airflow/example_dags/example_skip_dag.py
[2026-04-28T16:48:36.313+0000] {processor.py:830} INFO - Processing file /home/airflow/.local/lib/python3.12/site-packages/airflow/example_dags/example_skip_dag.py for tasks to queue
[2026-04-28T16:48:36.318+0000] {logging_mixin.py:188} INFO - [2026-04-28T16:48:36.317+0000] {dagbag.py:540} INFO - Filling up the DagBag from /home/airflow/.local/lib/python3.12/site-packages/airflow/example_dags/example_skip_dag.py
[2026-04-28T16:48:36.328+0000] {processor.py:840} INFO - DAG(s) 'example_skip_dag' retrieved from /home/airflow/.local/lib/python3.12/site-packages/airflow/example_dags/example_skip_dag.py
[2026-04-28T16:48:36.355+0000] {logging_mixin.py:188} INFO - [2026-04-28T16:48:36.355+0000] {dag.py:3096} INFO - Sync 1 DAGs
[2026-04-28T16:48:36.382+0000] {logging_mixin.py:188} INFO - [2026-04-28T16:48:36.382+0000] {dag.py:3954} INFO - Setting next_dagrun for example_skip_dag to 2026-04-27 00:00:00+00:00, run_after=2026-04-28 00:00:00+00:00
[2026-04-28T16:48:36.417+0000] {processor.py:183} INFO - Processing /home/airflow/.local/lib/python3.12/site-packages/airflow/example_dags/example_skip_dag.py took 0.149 seconds
[2026-04-28T17:25:30.206+0000] {processor.py:161} INFO - Started process (PID=95) to work on /home/airflow/.local/lib/python3.12/site-packages/airflow/example_dags/example_skip_dag.py
[2026-04-28T17:25:30.208+0000] {processor.py:830} INFO - Processing file /home/airflow/.local/lib/python3.12/site-packages/airflow/example_dags/example_skip_dag.py for tasks to queue
[2026-04-28T17:25:30.216+0000] {logging_mixin.py:188} INFO - [2026-04-28T17:25:30.213+0000] {dagbag.py:540} INFO - Filling up the DagBag from /home/airflow/.local/lib/python3.12/site-packages/airflow/example_dags/example_skip_dag.py
[2026-04-28T17:25:30.234+0000] {processor.py:840} INFO - DAG(s) 'example_skip_dag' retrieved from /home/airflow/.local/lib/python3.12/site-packages/airflow/example_dags/example_skip_dag.py
[2026-04-28T17:25:30.353+0000] {logging_mixin.py:188} INFO - [2026-04-28T17:25:30.353+0000] {dag.py:3096} INFO - Sync 1 DAGs
[2026-04-28T17:25:30.448+0000] {logging_mixin.py:188} INFO - [2026-04-28T17:25:30.448+0000] {dag.py:3954} INFO - Setting next_dagrun for example_skip_dag to 2026-04-27 00:00:00+00:00, run_after=2026-04-28 00:00:00+00:00
[2026-04-28T17:25:30.525+0000] {processor.py:183} INFO - Processing /home/airflow/.local/lib/python3.12/site-packages/airflow/example_dags/example_skip_dag.py took 0.336 seconds
[2026-04-28T17:26:00.844+0000] {processor.py:161} INFO - Started process (PID=155) to work on /home/airflow/.local/lib/python3.12/site-packages/airflow/example_dags/example_skip_dag.py
[2026-04-28T17:26:00.845+0000] {processor.py:830} INFO - Processing file /home/airflow/.local/lib/python3.12/site-packages/airflow/example_dags/example_skip_dag.py for tasks to queue
[2026-04-28T17:26:00.847+0000] {logging_mixin.py:188} INFO - [2026-04-28T17:26:00.847+0000] {dagbag.py:540} INFO - Filling up the DagBag from /home/airflow/.local/lib/python3.12/site-packages/airflow/example_dags/example_skip_dag.py
[2026-04-28T17:26:00.855+0000] {processor.py:840} INFO - DAG(s) 'example_skip_dag' retrieved from /home/airflow/.local/lib/python3.12/site-packages/airflow/example_dags/example_skip_dag.py
[2026-04-28T17:26:00.882+0000] {logging_mixin.py:188} INFO - [2026-04-28T17:26:00.881+0000] {dag.py:3096} INFO - Sync 1 DAGs
[2026-04-28T17:26:00.909+0000] {logging_mixin.py:188} INFO - [2026-04-28T17:26:00.908+0000] {dag.py:3954} INFO - Setting next_dagrun for example_skip_dag to 2026-04-27 00:00:00+00:00, run_after=2026-04-28 00:00:00+00:00
[2026-04-28T17:26:00.933+0000] {processor.py:183} INFO - Processing /home/airflow/.local/lib/python3.12/site-packages/airflow/example_dags/example_skip_dag.py took 0.095 seconds
[2026-04-28T17:26:33.163+0000] {processor.py:161} INFO - Started process (PID=215) to work on /home/airflow/.local/lib/python3.12/site-packages/airflow/example_dags/example_skip_dag.py
[2026-04-28T17:26:33.164+0000] {processor.py:830} INFO - Processing file /home/airflow/.local/lib/python3.12/site-packages/airflow/example_dags/example_skip_dag.py for tasks to queue
[2026-04-28T17:26:33.176+0000] {logging_mixin.py:188} INFO - [2026-04-28T17:26:33.176+0000] {dagbag.py:540} INFO - Filling up the DagBag from /home/airflow/.local/lib/python3.12/site-packages/airflow/example_dags/example_skip_dag.py
[2026-04-28T17:26:33.234+0000] {processor.py:840} INFO - DAG(s) 'example_skip_dag' retrieved from /home/airflow/.local/lib/python3.12/site-packages/airflow/example_dags/example_skip_dag.py
[2026-04-28T17:26:33.378+0000] {logging_mixin.py:188} INFO - [2026-04-28T17:26:33.378+0000] {dag.py:3096} INFO - Sync 1 DAGs
[2026-04-28T17:26:33.471+0000] {logging_mixin.py:188} INFO - [2026-04-28T17:26:33.471+0000] {dag.py:3954} INFO - Setting next_dagrun for example_skip_dag to 2026-04-27 00:00:00+00:00, run_after=2026-04-28 00:00:00+00:00
[2026-04-28T17:26:33.583+0000] {processor.py:183} INFO - Processing /home/airflow/.local/lib/python3.12/site-packages/airflow/example_dags/example_skip_dag.py took 0.490 seconds
[2026-04-28T17:27:04.237+0000] {processor.py:161} INFO - Started process (PID=275) to work on /home/airflow/.local/lib/python3.12/site-packages/airflow/example_dags/example_skip_dag.py
[2026-04-28T17:27:04.242+0000] {processor.py:830} INFO - Processing file /home/airflow/.local/lib/python3.12/site-packages/airflow/example_dags/example_skip_dag.py for tasks to queue
[2026-04-28T17:27:04.248+0000] {logging_mixin.py:188} INFO - [2026-04-28T17:27:04.243+0000] {dagbag.py:540} INFO - Filling up the DagBag from /home/airflow/.local/lib/python3.12/site-packages/airflow/example_dags/example_skip_dag.py
[2026-04-28T17:27:04.269+0000] {processor.py:840} INFO - DAG(s) 'example_skip_dag' retrieved from /home/airflow/.local/lib/python3.12/site-packages/airflow/example_dags/example_skip_dag.py
[2026-04-28T17:27:04.329+0000] {logging_mixin.py:188} INFO - [2026-04-28T17:27:04.329+0000] {dag.py:3096} INFO - Sync 1 DAGs
[2026-04-28T17:27:04.387+0000] {logging_mixin.py:188} INFO - [2026-04-28T17:27:04.387+0000] {dag.py:3954} INFO - Setting next_dagrun for example_skip_dag to 2026-04-27 00:00:00+00:00, run_after=2026-04-28 00:00:00+00:00
[2026-04-28T17:27:04.465+0000] {processor.py:183} INFO - Processing /home/airflow/.local/lib/python3.12/site-packages/airflow/example_dags/example_skip_dag.py took 0.253 seconds
[2026-04-28T17:27:34.898+0000] {processor.py:161} INFO - Started process (PID=334) to work on /home/airflow/.local/lib/python3.12/site-packages/airflow/example_dags/example_skip_dag.py
[2026-04-28T17:27:34.899+0000] {processor.py:830} INFO - Processing file /home/airflow/.local/lib/python3.12/site-packages/airflow/example_dags/example_skip_dag.py for tasks to queue
[2026-04-28T17:27:34.901+0000] {logging_mixin.py:188} INFO - [2026-04-28T17:27:34.901+0000] {dagbag.py:540} INFO - Filling up the DagBag from /home/airflow/.local/lib/python3.12/site-packages/airflow/example_dags/example_skip_dag.py
[2026-04-28T17:27:34.908+0000] {processor.py:840} INFO - DAG(s) 'example_skip_dag' retrieved from /home/airflow/.local/lib/python3.12/site-packages/airflow/example_dags/example_skip_dag.py
[2026-04-28T17:27:34.934+0000] {logging_mixin.py:188} INFO - [2026-04-28T17:27:34.934+0000] {dag.py:3096} INFO - Sync 1 DAGs
[2026-04-28T17:27:34.961+0000] {logging_mixin.py:188} INFO - [2026-04-28T17:27:34.961+0000] {dag.py:3954} INFO - Setting next_dagrun for example_skip_dag to 2026-04-27 00:00:00+00:00, run_after=2026-04-28 00:00:00+00:00
[2026-04-28T17:27:34.984+0000] {processor.py:183} INFO - Processing /home/airflow/.local/lib/python3.12/site-packages/airflow/example_dags/example_skip_dag.py took 0.092 seconds
[2026-04-28T17:28:05.226+0000] {processor.py:161} INFO - Started process (PID=393) to work on /home/airflow/.local/lib/python3.12/site-packages/airflow/example_dags/example_skip_dag.py
[2026-04-28T17:28:05.227+0000] {processor.py:830} INFO - Processing file /home/airflow/.local/lib/python3.12/site-packages/airflow/example_dags/example_skip_dag.py for tasks to queue
[2026-04-28T17:28:05.229+0000] {logging_mixin.py:188} INFO - [2026-04-28T17:28:05.228+0000] {dagbag.py:540} INFO - Filling up the DagBag from /home/airflow/.local/lib/python3.12/site-packages/airflow/example_dags/example_skip_dag.py
[2026-04-28T17:28:05.236+0000] {processor.py:840} INFO - DAG(s) 'example_skip_dag' retrieved from /home/airflow/.local/lib/python3.12/site-packages/airflow/example_dags/example_skip_dag.py
[2026-04-28T17:28:05.271+0000] {logging_mixin.py:188} INFO - [2026-04-28T17:28:05.271+0000] {dag.py:3096} INFO - Sync 1 DAGs
[2026-04-28T17:28:05.298+0000] {logging_mixin.py:188} INFO - [2026-04-28T17:28:05.297+0000] {dag.py:3954} INFO - Setting next_dagrun for example_skip_dag to 2026-04-27 00:00:00+00:00, run_after=2026-04-28 00:00:00+00:00
[2026-04-28T17:28:05.345+0000] {processor.py:183} INFO - Processing /home/airflow/.local/lib/python3.12/site-packages/airflow/example_dags/example_skip_dag.py took 0.126 seconds
[2026-04-28T17:28:35.671+0000] {processor.py:161} INFO - Started process (PID=453) to work on /home/airflow/.local/lib/python3.12/site-packages/airflow/example_dags/example_skip_dag.py
[2026-04-28T17:28:35.672+0000] {processor.py:830} INFO - Processing file /home/airflow/.local/lib/python3.12/site-packages/airflow/example_dags/example_skip_dag.py for tasks to queue
[2026-04-28T17:28:35.673+0000] {logging_mixin.py:188} INFO - [2026-04-28T17:28:35.673+0000] {dagbag.py:540} INFO - Filling up the DagBag from /home/airflow/.local/lib/python3.12/site-packages/airflow/example_dags/example_skip_dag.py
[2026-04-28T17:28:35.684+0000] {processor.py:840} INFO - DAG(s) 'example_skip_dag' retrieved from /home/airflow/.local/lib/python3.12/site-packages/airflow/example_dags/example_skip_dag.py
[2026-04-28T17:28:35.709+0000] {logging_mixin.py:188} INFO - [2026-04-28T17:28:35.708+0000] {dag.py:3096} INFO - Sync 1 DAGs
[2026-04-28T17:28:35.735+0000] {logging_mixin.py:188} INFO - [2026-04-28T17:28:35.735+0000] {dag.py:3954} INFO - Setting next_dagrun for example_skip_dag to 2026-04-27 00:00:00+00:00, run_after=2026-04-28 00:00:00+00:00
[2026-04-28T17:28:35.754+0000] {processor.py:183} INFO - Processing /home/airflow/.local/lib/python3.12/site-packages/airflow/example_dags/example_skip_dag.py took 0.090 seconds
[2026-04-28T17:29:06.087+0000] {processor.py:161} INFO - Started process (PID=513) to work on /home/airflow/.local/lib/python3.12/site-packages/airflow/example_dags/example_skip_dag.py
[2026-04-28T17:29:06.088+0000] {processor.py:830} INFO - Processing file /home/airflow/.local/lib/python3.12/site-packages/airflow/example_dags/example_skip_dag.py for tasks to queue
[2026-04-28T17:29:06.090+0000] {logging_mixin.py:188} INFO - [2026-04-28T17:29:06.089+0000] {dagbag.py:540} INFO - Filling up the DagBag from /home/airflow/.local/lib/python3.12/site-packages/airflow/example_dags/example_skip_dag.py
[2026-04-28T17:29:06.097+0000] {processor.py:840} INFO - DAG(s) 'example_skip_dag' retrieved from /home/airflow/.local/lib/python3.12/site-packages/airflow/example_dags/example_skip_dag.py
[2026-04-28T17:29:06.123+0000] {logging_mixin.py:188} INFO - [2026-04-28T17:29:06.123+0000] {dag.py:3096} INFO - Sync 1 DAGs
[2026-04-28T17:29:06.150+0000] {logging_mixin.py:188} INFO - [2026-04-28T17:29:06.149+0000] {dag.py:3954} INFO - Setting next_dagrun for example_skip_dag to 2026-04-27 00:00:00+00:00, run_after=2026-04-28 00:00:00+00:00
[2026-04-28T17:29:06.169+0000] {processor.py:183} INFO - Processing /home/airflow/.local/lib/python3.12/site-packages/airflow/example_dags/example_skip_dag.py took 0.089 seconds
[2026-04-28T17:29:36.320+0000] {processor.py:161} INFO - Started process (PID=573) to work on /home/airflow/.local/lib/python3.12/site-packages/airflow/example_dags/example_skip_dag.py
[2026-04-28T17:29:36.322+0000] {processor.py:830} INFO - Processing file /home/airflow/.local/lib/python3.12/site-packages/airflow/example_dags/example_skip_dag.py for tasks to queue
[2026-04-28T17:29:36.324+0000] {logging_mixin.py:188} INFO - [2026-04-28T17:29:36.324+0000] {dagbag.py:540} INFO - Filling up the DagBag from /home/airflow/.local/lib/python3.12/site-packages/airflow/example_dags/example_skip_dag.py
[2026-04-28T17:29:36.332+0000] {processor.py:840} INFO - DAG(s) 'example_skip_dag' retrieved from /home/airflow/.local/lib/python3.12/site-packages/airflow/example_dags/example_skip_dag.py
[2026-04-28T17:29:36.357+0000] {logging_mixin.py:188} INFO - [2026-04-28T17:29:36.357+0000] {dag.py:3096} INFO - Sync 1 DAGs
[2026-04-28T17:29:36.388+0000] {logging_mixin.py:188} INFO - [2026-04-28T17:29:36.388+0000] {dag.py:3954} INFO - Setting next_dagrun for example_skip_dag to 2026-04-27 00:00:00+00:00, run_after=2026-04-28 00:00:00+00:00
[2026-04-28T17:29:36.410+0000] {processor.py:183} INFO - Processing /home/airflow/.local/lib/python3.12/site-packages/airflow/example_dags/example_skip_dag.py took 0.096 seconds
[2026-04-28T17:30:07.022+0000] {processor.py:161} INFO - Started process (PID=634) to work on /home/airflow/.local/lib/python3.12/site-packages/airflow/example_dags/example_skip_dag.py
[2026-04-28T17:30:07.023+0000] {processor.py:830} INFO - Processing file /home/airflow/.local/lib/python3.12/site-packages/airflow/example_dags/example_skip_dag.py for tasks to queue
[2026-04-28T17:30:07.025+0000] {logging_mixin.py:188} INFO - [2026-04-28T17:30:07.025+0000] {dagbag.py:540} INFO - Filling up the DagBag from /home/airflow/.local/lib/python3.12/site-packages/airflow/example_dags/example_skip_dag.py
[2026-04-28T17:30:07.032+0000] {processor.py:840} INFO - DAG(s) 'example_skip_dag' retrieved from /home/airflow/.local/lib/python3.12/site-packages/airflow/example_dags/example_skip_dag.py
[2026-04-28T17:30:07.057+0000] {logging_mixin.py:188} INFO - [2026-04-28T17:30:07.056+0000] {dag.py:3096} INFO - Sync 1 DAGs
[2026-04-28T17:30:07.083+0000] {logging_mixin.py:188} INFO - [2026-04-28T17:30:07.083+0000] {dag.py:3954} INFO - Setting next_dagrun for example_skip_dag to 2026-04-27 00:00:00+00:00, run_after=2026-04-28 00:00:00+00:00
[2026-04-28T17:30:07.106+0000] {processor.py:183} INFO - Processing /home/airflow/.local/lib/python3.12/site-packages/airflow/example_dags/example_skip_dag.py took 0.096 seconds
[2026-04-28T17:30:38.424+0000] {processor.py:161} INFO - Started process (PID=694) to work on /home/airflow/.local/lib/python3.12/site-packages/airflow/example_dags/example_skip_dag.py
[2026-04-28T17:30:38.426+0000] {processor.py:830} INFO - Processing file /home/airflow/.local/lib/python3.12/site-packages/airflow/example_dags/example_skip_dag.py for tasks to queue
[2026-04-28T17:30:38.430+0000] {logging_mixin.py:188} INFO - [2026-04-28T17:30:38.430+0000] {dagbag.py:540} INFO - Filling up the DagBag from /home/airflow/.local/lib/python3.12/site-packages/airflow/example_dags/example_skip_dag.py
[2026-04-28T17:30:38.441+0000] {processor.py:840} INFO - DAG(s) 'example_skip_dag' retrieved from /home/airflow/.local/lib/python3.12/site-packages/airflow/example_dags/example_skip_dag.py
[2026-04-28T17:30:38.489+0000] {logging_mixin.py:188} INFO - [2026-04-28T17:30:38.489+0000] {dag.py:3096} INFO - Sync 1 DAGs
[2026-04-28T17:30:38.538+0000] {logging_mixin.py:188} INFO - [2026-04-28T17:30:38.537+0000] {dag.py:3954} INFO - Setting next_dagrun for example_skip_dag to 2026-04-27 00:00:00+00:00, run_after=2026-04-28 00:00:00+00:00
[2026-04-28T17:30:38.580+0000] {processor.py:183} INFO - Processing /home/airflow/.local/lib/python3.12/site-packages/airflow/example_dags/example_skip_dag.py took 0.170 seconds
[2026-04-28T17:31:09.251+0000] {processor.py:161} INFO - Started process (PID=754) to work on /home/airflow/.local/lib/python3.12/site-packages/airflow/example_dags/example_skip_dag.py
[2026-04-28T17:31:09.252+0000] {processor.py:830} INFO - Processing file /home/airflow/.local/lib/python3.12/site-packages/airflow/example_dags/example_skip_dag.py for tasks to queue
[2026-04-28T17:31:09.255+0000] {logging_mixin.py:188} INFO - [2026-04-28T17:31:09.254+0000] {dagbag.py:540} INFO - Filling up the DagBag from /home/airflow/.local/lib/python3.12/site-packages/airflow/example_dags/example_skip_dag.py
[2026-04-28T17:31:09.268+0000] {processor.py:840} INFO - DAG(s) 'example_skip_dag' retrieved from /home/airflow/.local/lib/python3.12/site-packages/airflow/example_dags/example_skip_dag.py
[2026-04-28T17:31:09.319+0000] {logging_mixin.py:188} INFO - [2026-04-28T17:31:09.319+0000] {dag.py:3096} INFO - Sync 1 DAGs
[2026-04-28T17:31:09.364+0000] {logging_mixin.py:188} INFO - [2026-04-28T17:31:09.364+0000] {dag.py:3954} INFO - Setting next_dagrun for example_skip_dag to 2026-04-27 00:00:00+00:00, run_after=2026-04-28 00:00:00+00:00
[2026-04-28T17:31:09.407+0000] {processor.py:183} INFO - Processing /home/airflow/.local/lib/python3.12/site-packages/airflow/example_dags/example_skip_dag.py took 0.169 seconds
[2026-04-28T17:31:39.494+0000] {processor.py:161} INFO - Started process (PID=814) to work on /home/airflow/.local/lib/python3.12/site-packages/airflow/example_dags/example_skip_dag.py
[2026-04-28T17:31:39.494+0000] {processor.py:830} INFO - Processing file /home/airflow/.local/lib/python3.12/site-packages/airflow/example_dags/example_skip_dag.py for tasks to queue
[2026-04-28T17:31:39.496+0000] {logging_mixin.py:188} INFO - [2026-04-28T17:31:39.496+0000] {dagbag.py:540} INFO - Filling up the DagBag from /home/airflow/.local/lib/python3.12/site-packages/airflow/example_dags/example_skip_dag.py
[2026-04-28T17:31:39.501+0000] {processor.py:840} INFO - DAG(s) 'example_skip_dag' retrieved from /home/airflow/.local/lib/python3.12/site-packages/airflow/example_dags/example_skip_dag.py
[2026-04-28T17:31:39.519+0000] {logging_mixin.py:188} INFO - [2026-04-28T17:31:39.519+0000] {dag.py:3096} INFO - Sync 1 DAGs
[2026-04-28T17:31:39.537+0000] {logging_mixin.py:188} INFO - [2026-04-28T17:31:39.537+0000] {dag.py:3954} INFO - Setting next_dagrun for example_skip_dag to 2026-04-27 00:00:00+00:00, run_after=2026-04-28 00:00:00+00:00
[2026-04-28T17:31:39.551+0000] {processor.py:183} INFO - Processing /home/airflow/.local/lib/python3.12/site-packages/airflow/example_dags/example_skip_dag.py took 0.062 seconds
[2026-04-28T17:32:09.942+0000] {processor.py:161} INFO - Started process (PID=873) to work on /home/airflow/.local/lib/python3.12/site-packages/airflow/example_dags/example_skip_dag.py
[2026-04-28T17:32:09.942+0000] {processor.py:830} INFO - Processing file /home/airflow/.local/lib/python3.12/site-packages/airflow/example_dags/example_skip_dag.py for tasks to queue
[2026-04-28T17:32:09.944+0000] {logging_mixin.py:188} INFO - [2026-04-28T17:32:09.943+0000] {dagbag.py:540} INFO - Filling up the DagBag from /home/airflow/.local/lib/python3.12/site-packages/airflow/example_dags/example_skip_dag.py
[2026-04-28T17:32:09.949+0000] {processor.py:840} INFO - DAG(s) 'example_skip_dag' retrieved from /home/airflow/.local/lib/python3.12/site-packages/airflow/example_dags/example_skip_dag.py
[2026-04-28T17:32:09.965+0000] {logging_mixin.py:188} INFO - [2026-04-28T17:32:09.965+0000] {dag.py:3096} INFO - Sync 1 DAGs
[2026-04-28T17:32:09.983+0000] {logging_mixin.py:188} INFO - [2026-04-28T17:32:09.983+0000] {dag.py:3954} INFO - Setting next_dagrun for example_skip_dag to 2026-04-27 00:00:00+00:00, run_after=2026-04-28 00:00:00+00:00
[2026-04-28T17:32:09.997+0000] {processor.py:183} INFO - Processing /home/airflow/.local/lib/python3.12/site-packages/airflow/example_dags/example_skip_dag.py took 0.060 seconds
[2026-04-28T17:32:40.148+0000] {processor.py:161} INFO - Started process (PID=933) to work on /home/airflow/.local/lib/python3.12/site-packages/airflow/example_dags/example_skip_dag.py
[2026-04-28T17:32:40.149+0000] {processor.py:830} INFO - Processing file /home/airflow/.local/lib/python3.12/site-packages/airflow/example_dags/example_skip_dag.py for tasks to queue
[2026-04-28T17:32:40.151+0000] {logging_mixin.py:188} INFO - [2026-04-28T17:32:40.151+0000] {dagbag.py:540} INFO - Filling up the DagBag from /home/airflow/.local/lib/python3.12/site-packages/airflow/example_dags/example_skip_dag.py
[2026-04-28T17:32:40.159+0000] {processor.py:840} INFO - DAG(s) 'example_skip_dag' retrieved from /home/airflow/.local/lib/python3.12/site-packages/airflow/example_dags/example_skip_dag.py
[2026-04-28T17:32:40.184+0000] {logging_mixin.py:188} INFO - [2026-04-28T17:32:40.184+0000] {dag.py:3096} INFO - Sync 1 DAGs
[2026-04-28T17:32:40.214+0000] {logging_mixin.py:188} INFO - [2026-04-28T17:32:40.213+0000] {dag.py:3954} INFO - Setting next_dagrun for example_skip_dag to 2026-04-27 00:00:00+00:00, run_after=2026-04-28 00:00:00+00:00
[2026-04-28T17:32:40.230+0000] {processor.py:183} INFO - Processing /home/airflow/.local/lib/python3.12/site-packages/airflow/example_dags/example_skip_dag.py took 0.089 seconds
[2026-04-28T17:33:10.868+0000] {processor.py:161} INFO - Started process (PID=993) to work on /home/airflow/.local/lib/python3.12/site-packages/airflow/example_dags/example_skip_dag.py
[2026-04-28T17:33:10.869+0000] {processor.py:830} INFO - Processing file /home/airflow/.local/lib/python3.12/site-packages/airflow/example_dags/example_skip_dag.py for tasks to queue
[2026-04-28T17:33:10.870+0000] {logging_mixin.py:188} INFO - [2026-04-28T17:33:10.870+0000] {dagbag.py:540} INFO - Filling up the DagBag from /home/airflow/.local/lib/python3.12/site-packages/airflow/example_dags/example_skip_dag.py
[2026-04-28T17:33:10.876+0000] {processor.py:840} INFO - DAG(s) 'example_skip_dag' retrieved from /home/airflow/.local/lib/python3.12/site-packages/airflow/example_dags/example_skip_dag.py
[2026-04-28T17:33:10.893+0000] {logging_mixin.py:188} INFO - [2026-04-28T17:33:10.893+0000] {dag.py:3096} INFO - Sync 1 DAGs
[2026-04-28T17:33:10.913+0000] {logging_mixin.py:188} INFO - [2026-04-28T17:33:10.912+0000] {dag.py:3954} INFO - Setting next_dagrun for example_skip_dag to 2026-04-27 00:00:00+00:00, run_after=2026-04-28 00:00:00+00:00
[2026-04-28T17:33:10.929+0000] {processor.py:183} INFO - Processing /home/airflow/.local/lib/python3.12/site-packages/airflow/example_dags/example_skip_dag.py took 0.067 seconds
[2026-04-28T17:33:41.399+0000] {processor.py:161} INFO - Started process (PID=1053) to work on /home/airflow/.local/lib/python3.12/site-packages/airflow/example_dags/example_skip_dag.py
[2026-04-28T17:33:41.400+0000] {processor.py:830} INFO - Processing file /home/airflow/.local/lib/python3.12/site-packages/airflow/example_dags/example_skip_dag.py for tasks to queue
[2026-04-28T17:33:41.402+0000] {logging_mixin.py:188} INFO - [2026-04-28T17:33:41.402+0000] {dagbag.py:540} INFO - Filling up the DagBag from /home/airflow/.local/lib/python3.12/site-packages/airflow/example_dags/example_skip_dag.py
[2026-04-28T17:33:41.409+0000] {processor.py:840} INFO - DAG(s) 'example_skip_dag' retrieved from /home/airflow/.local/lib/python3.12/site-packages/airflow/example_dags/example_skip_dag.py
[2026-04-28T17:33:41.434+0000] {logging_mixin.py:188} INFO - [2026-04-28T17:33:41.434+0000] {dag.py:3096} INFO - Sync 1 DAGs
[2026-04-28T17:33:41.453+0000] {logging_mixin.py:188} INFO - [2026-04-28T17:33:41.453+0000] {dag.py:3954} INFO - Setting next_dagrun for example_skip_dag to 2026-04-27 00:00:00+00:00, run_after=2026-04-28 00:00:00+00:00
[2026-04-28T17:33:41.468+0000] {processor.py:183} INFO - Processing /home/airflow/.local/lib/python3.12/site-packages/airflow/example_dags/example_skip_dag.py took 0.076 seconds
[2026-04-28T17:34:11.601+0000] {processor.py:161} INFO - Started process (PID=1113) to work on /home/airflow/.local/lib/python3.12/site-packages/airflow/example_dags/example_skip_dag.py
[2026-04-28T17:34:11.602+0000] {processor.py:830} INFO - Processing file /home/airflow/.local/lib/python3.12/site-packages/airflow/example_dags/example_skip_dag.py for tasks to queue
[2026-04-28T17:34:11.604+0000] {logging_mixin.py:188} INFO - [2026-04-28T17:34:11.603+0000] {dagbag.py:540} INFO - Filling up the DagBag from /home/airflow/.local/lib/python3.12/site-packages/airflow/example_dags/example_skip_dag.py
[2026-04-28T17:34:11.609+0000] {processor.py:840} INFO - DAG(s) 'example_skip_dag' retrieved from /home/airflow/.local/lib/python3.12/site-packages/airflow/example_dags/example_skip_dag.py
[2026-04-28T17:34:11.626+0000] {logging_mixin.py:188} INFO - [2026-04-28T17:34:11.626+0000] {dag.py:3096} INFO - Sync 1 DAGs
[2026-04-28T17:34:11.646+0000] {logging_mixin.py:188} INFO - [2026-04-28T17:34:11.646+0000] {dag.py:3954} INFO - Setting next_dagrun for example_skip_dag to 2026-04-27 00:00:00+00:00, run_after=2026-04-28 00:00:00+00:00
[2026-04-28T17:34:11.661+0000] {processor.py:183} INFO - Processing /home/airflow/.local/lib/python3.12/site-packages/airflow/example_dags/example_skip_dag.py took 0.066 seconds
[2026-04-28T17:34:42.977+0000] {processor.py:161} INFO - Started process (PID=1173) to work on /home/airflow/.local/lib/python3.12/site-packages/airflow/example_dags/example_skip_dag.py
[2026-04-28T17:34:42.978+0000] {processor.py:830} INFO - Processing file /home/airflow/.local/lib/python3.12/site-packages/airflow/example_dags/example_skip_dag.py for tasks to queue
[2026-04-28T17:34:42.979+0000] {logging_mixin.py:188} INFO - [2026-04-28T17:34:42.979+0000] {dagbag.py:540} INFO - Filling up the DagBag from /home/airflow/.local/lib/python3.12/site-packages/airflow/example_dags/example_skip_dag.py
[2026-04-28T17:34:42.984+0000] {processor.py:840} INFO - DAG(s) 'example_skip_dag' retrieved from /home/airflow/.local/lib/python3.12/site-packages/airflow/example_dags/example_skip_dag.py
[2026-04-28T17:34:43.002+0000] {logging_mixin.py:188} INFO - [2026-04-28T17:34:43.002+0000] {dag.py:3096} INFO - Sync 1 DAGs
[2026-04-28T17:34:43.157+0000] {logging_mixin.py:188} INFO - [2026-04-28T17:34:43.156+0000] {dag.py:3954} INFO - Setting next_dagrun for example_skip_dag to 2026-04-27 00:00:00+00:00, run_after=2026-04-28 00:00:00+00:00
[2026-04-28T17:34:43.176+0000] {processor.py:183} INFO - Processing /home/airflow/.local/lib/python3.12/site-packages/airflow/example_dags/example_skip_dag.py took 0.206 seconds
[2026-04-28T17:35:13.698+0000] {processor.py:161} INFO - Started process (PID=1233) to work on /home/airflow/.local/lib/python3.12/site-packages/airflow/example_dags/example_skip_dag.py
[2026-04-28T17:35:13.700+0000] {processor.py:830} INFO - Processing file /home/airflow/.local/lib/python3.12/site-packages/airflow/example_dags/example_skip_dag.py for tasks to queue
[2026-04-28T17:35:13.702+0000] {logging_mixin.py:188} INFO - [2026-04-28T17:35:13.701+0000] {dagbag.py:540} INFO - Filling up the DagBag from /home/airflow/.local/lib/python3.12/site-packages/airflow/example_dags/example_skip_dag.py
[2026-04-28T17:35:13.709+0000] {processor.py:840} INFO - DAG(s) 'example_skip_dag' retrieved from /home/airflow/.local/lib/python3.12/site-packages/airflow/example_dags/example_skip_dag.py
[2026-04-28T17:35:13.727+0000] {logging_mixin.py:188} INFO - [2026-04-28T17:35:13.727+0000] {dag.py:3096} INFO - Sync 1 DAGs
[2026-04-28T17:35:13.746+0000] {logging_mixin.py:188} INFO - [2026-04-28T17:35:13.746+0000] {dag.py:3954} INFO - Setting next_dagrun for example_skip_dag to 2026-04-27 00:00:00+00:00, run_after=2026-04-28 00:00:00+00:00
[2026-04-28T17:35:13.762+0000] {processor.py:183} INFO - Processing /home/airflow/.local/lib/python3.12/site-packages/airflow/example_dags/example_skip_dag.py took 0.070 seconds
[2026-04-28T17:35:44.610+0000] {processor.py:161} INFO - Started process (PID=1292) to work on /home/airflow/.local/lib/python3.12/site-packages/airflow/example_dags/example_skip_dag.py
[2026-04-28T17:35:44.611+0000] {processor.py:830} INFO - Processing file /home/airflow/.local/lib/python3.12/site-packages/airflow/example_dags/example_skip_dag.py for tasks to queue
[2026-04-28T17:35:44.612+0000] {logging_mixin.py:188} INFO - [2026-04-28T17:35:44.612+0000] {dagbag.py:540} INFO - Filling up the DagBag from /home/airflow/.local/lib/python3.12/site-packages/airflow/example_dags/example_skip_dag.py
[2026-04-28T17:35:44.617+0000] {processor.py:840} INFO - DAG(s) 'example_skip_dag' retrieved from /home/airflow/.local/lib/python3.12/site-packages/airflow/example_dags/example_skip_dag.py
[2026-04-28T17:35:44.634+0000] {logging_mixin.py:188} INFO - [2026-04-28T17:35:44.634+0000] {dag.py:3096} INFO - Sync 1 DAGs
[2026-04-28T17:35:44.653+0000] {logging_mixin.py:188} INFO - [2026-04-28T17:35:44.652+0000] {dag.py:3954} INFO - Setting next_dagrun for example_skip_dag to 2026-04-27 00:00:00+00:00, run_after=2026-04-28 00:00:00+00:00
[2026-04-28T17:35:44.667+0000] {processor.py:183} INFO - Processing /home/airflow/.local/lib/python3.12/site-packages/airflow/example_dags/example_skip_dag.py took 0.062 seconds
[2026-04-28T17:36:15.344+0000] {processor.py:161} INFO - Started process (PID=1352) to work on /home/airflow/.local/lib/python3.12/site-packages/airflow/example_dags/example_skip_dag.py
[2026-04-28T17:36:15.347+0000] {processor.py:830} INFO - Processing file /home/airflow/.local/lib/python3.12/site-packages/airflow/example_dags/example_skip_dag.py for tasks to queue
[2026-04-28T17:36:15.351+0000] {logging_mixin.py:188} INFO - [2026-04-28T17:36:15.350+0000] {dagbag.py:540} INFO - Filling up the DagBag from /home/airflow/.local/lib/python3.12/site-packages/airflow/example_dags/example_skip_dag.py
[2026-04-28T17:36:15.715+0000] {processor.py:840} INFO - DAG(s) 'example_skip_dag' retrieved from /home/airflow/.local/lib/python3.12/site-packages/airflow/example_dags/example_skip_dag.py
[2026-04-28T17:36:15.761+0000] {logging_mixin.py:188} INFO - [2026-04-28T17:36:15.761+0000] {dag.py:3096} INFO - Sync 1 DAGs
[2026-04-28T17:36:15.821+0000] {logging_mixin.py:188} INFO - [2026-04-28T17:36:15.821+0000] {dag.py:3954} INFO - Setting next_dagrun for example_skip_dag to 2026-04-27 00:00:00+00:00, run_after=2026-04-28 00:00:00+00:00
[2026-04-28T17:36:15.860+0000] {processor.py:183} INFO - Processing /home/airflow/.local/lib/python3.12/site-packages/airflow/example_dags/example_skip_dag.py took 0.543 seconds
[2026-04-28T17:36:46.648+0000] {processor.py:161} INFO - Started process (PID=1412) to work on /home/airflow/.local/lib/python3.12/site-packages/airflow/example_dags/example_skip_dag.py
[2026-04-28T17:36:46.650+0000] {processor.py:830} INFO - Processing file /home/airflow/.local/lib/python3.12/site-packages/airflow/example_dags/example_skip_dag.py for tasks to queue
[2026-04-28T17:36:46.654+0000] {logging_mixin.py:188} INFO - [2026-04-28T17:36:46.654+0000] {dagbag.py:540} INFO - Filling up the DagBag from /home/airflow/.local/lib/python3.12/site-packages/airflow/example_dags/example_skip_dag.py
[2026-04-28T17:36:46.678+0000] {processor.py:840} INFO - DAG(s) 'example_skip_dag' retrieved from /home/airflow/.local/lib/python3.12/site-packages/airflow/example_dags/example_skip_dag.py
[2026-04-28T17:36:46.714+0000] {logging_mixin.py:188} INFO - [2026-04-28T17:36:46.714+0000] {dag.py:3096} INFO - Sync 1 DAGs
[2026-04-28T17:36:46.765+0000] {logging_mixin.py:188} INFO - [2026-04-28T17:36:46.764+0000] {dag.py:3954} INFO - Setting next_dagrun for example_skip_dag to 2026-04-27 00:00:00+00:00, run_after=2026-04-28 00:00:00+00:00
[2026-04-28T17:36:46.788+0000] {processor.py:183} INFO - Processing /home/airflow/.local/lib/python3.12/site-packages/airflow/example_dags/example_skip_dag.py took 0.158 seconds
[2026-04-28T17:37:17.333+0000] {processor.py:161} INFO - Started process (PID=1478) to work on /home/airflow/.local/lib/python3.12/site-packages/airflow/example_dags/example_skip_dag.py
[2026-04-28T17:37:17.335+0000] {processor.py:830} INFO - Processing file /home/airflow/.local/lib/python3.12/site-packages/airflow/example_dags/example_skip_dag.py for tasks to queue
[2026-04-28T17:37:17.342+0000] {logging_mixin.py:188} INFO - [2026-04-28T17:37:17.342+0000] {dagbag.py:540} INFO - Filling up the DagBag from /home/airflow/.local/lib/python3.12/site-packages/airflow/example_dags/example_skip_dag.py
[2026-04-28T17:37:17.370+0000] {processor.py:840} INFO - DAG(s) 'example_skip_dag' retrieved from /home/airflow/.local/lib/python3.12/site-packages/airflow/example_dags/example_skip_dag.py
[2026-04-28T17:37:17.454+0000] {logging_mixin.py:188} INFO - [2026-04-28T17:37:17.454+0000] {dag.py:3096} INFO - Sync 1 DAGs
[2026-04-28T17:37:17.533+0000] {logging_mixin.py:188} INFO - [2026-04-28T17:37:17.533+0000] {dag.py:3954} INFO - Setting next_dagrun for example_skip_dag to 2026-04-27 00:00:00+00:00, run_after=2026-04-28 00:00:00+00:00
[2026-04-28T17:37:17.595+0000] {processor.py:183} INFO - Processing /home/airflow/.local/lib/python3.12/site-packages/airflow/example_dags/example_skip_dag.py took 0.295 seconds
[2026-04-28T17:37:48.091+0000] {processor.py:161} INFO - Started process (PID=1538) to work on /home/airflow/.local/lib/python3.12/site-packages/airflow/example_dags/example_skip_dag.py
[2026-04-28T17:37:48.091+0000] {processor.py:830} INFO - Processing file /home/airflow/.local/lib/python3.12/site-packages/airflow/example_dags/example_skip_dag.py for tasks to queue
[2026-04-28T17:37:48.093+0000] {logging_mixin.py:188} INFO - [2026-04-28T17:37:48.093+0000] {dagbag.py:540} INFO - Filling up the DagBag from /home/airflow/.local/lib/python3.12/site-packages/airflow/example_dags/example_skip_dag.py
[2026-04-28T17:37:48.101+0000] {processor.py:840} INFO - DAG(s) 'example_skip_dag' retrieved from /home/airflow/.local/lib/python3.12/site-packages/airflow/example_dags/example_skip_dag.py
[2026-04-28T17:37:48.129+0000] {logging_mixin.py:188} INFO - [2026-04-28T17:37:48.129+0000] {dag.py:3096} INFO - Sync 1 DAGs
[2026-04-28T17:37:48.157+0000] {logging_mixin.py:188} INFO - [2026-04-28T17:37:48.157+0000] {dag.py:3954} INFO - Setting next_dagrun for example_skip_dag to 2026-04-27 00:00:00+00:00, run_after=2026-04-28 00:00:00+00:00
[2026-04-28T17:37:48.177+0000] {processor.py:183} INFO - Processing /home/airflow/.local/lib/python3.12/site-packages/airflow/example_dags/example_skip_dag.py took 0.097 seconds
[2026-04-28T17:38:18.865+0000] {processor.py:161} INFO - Started process (PID=1598) to work on /home/airflow/.local/lib/python3.12/site-packages/airflow/example_dags/example_skip_dag.py
[2026-04-28T17:38:18.866+0000] {processor.py:830} INFO - Processing file /home/airflow/.local/lib/python3.12/site-packages/airflow/example_dags/example_skip_dag.py for tasks to queue
[2026-04-28T17:38:18.867+0000] {logging_mixin.py:188} INFO - [2026-04-28T17:38:18.867+0000] {dagbag.py:540} INFO - Filling up the DagBag from /home/airflow/.local/lib/python3.12/site-packages/airflow/example_dags/example_skip_dag.py
[2026-04-28T17:38:18.875+0000] {processor.py:840} INFO - DAG(s) 'example_skip_dag' retrieved from /home/airflow/.local/lib/python3.12/site-packages/airflow/example_dags/example_skip_dag.py
[2026-04-28T17:38:18.904+0000] {logging_mixin.py:188} INFO - [2026-04-28T17:38:18.904+0000] {dag.py:3096} INFO - Sync 1 DAGs
[2026-04-28T17:38:18.933+0000] {logging_mixin.py:188} INFO - [2026-04-28T17:38:18.932+0000] {dag.py:3954} INFO - Setting next_dagrun for example_skip_dag to 2026-04-27 00:00:00+00:00, run_after=2026-04-28 00:00:00+00:00
[2026-04-28T17:38:18.962+0000] {processor.py:183} INFO - Processing /home/airflow/.local/lib/python3.12/site-packages/airflow/example_dags/example_skip_dag.py took 0.107 seconds
[2026-04-28T17:38:49.085+0000] {processor.py:161} INFO - Started process (PID=1658) to work on /home/airflow/.local/lib/python3.12/site-packages/airflow/example_dags/example_skip_dag.py
[2026-04-28T17:38:49.086+0000] {processor.py:830} INFO - Processing file /home/airflow/.local/lib/python3.12/site-packages/airflow/example_dags/example_skip_dag.py for tasks to queue
[2026-04-28T17:38:49.088+0000] {logging_mixin.py:188} INFO - [2026-04-28T17:38:49.088+0000] {dagbag.py:540} INFO - Filling up the DagBag from /home/airflow/.local/lib/python3.12/site-packages/airflow/example_dags/example_skip_dag.py
[2026-04-28T17:38:49.097+0000] {processor.py:840} INFO - DAG(s) 'example_skip_dag' retrieved from /home/airflow/.local/lib/python3.12/site-packages/airflow/example_dags/example_skip_dag.py
[2026-04-28T17:38:49.123+0000] {logging_mixin.py:188} INFO - [2026-04-28T17:38:49.123+0000] {dag.py:3096} INFO - Sync 1 DAGs
[2026-04-28T17:38:49.154+0000] {logging_mixin.py:188} INFO - [2026-04-28T17:38:49.153+0000] {dag.py:3954} INFO - Setting next_dagrun for example_skip_dag to 2026-04-27 00:00:00+00:00, run_after=2026-04-28 00:00:00+00:00
[2026-04-28T17:38:49.173+0000] {processor.py:183} INFO - Processing /home/airflow/.local/lib/python3.12/site-packages/airflow/example_dags/example_skip_dag.py took 0.095 seconds
[2026-04-28T17:39:19.964+0000] {processor.py:161} INFO - Started process (PID=1719) to work on /home/airflow/.local/lib/python3.12/site-packages/airflow/example_dags/example_skip_dag.py
[2026-04-28T17:39:19.965+0000] {processor.py:830} INFO - Processing file /home/airflow/.local/lib/python3.12/site-packages/airflow/example_dags/example_skip_dag.py for tasks to queue
[2026-04-28T17:39:19.966+0000] {logging_mixin.py:188} INFO - [2026-04-28T17:39:19.966+0000] {dagbag.py:540} INFO - Filling up the DagBag from /home/airflow/.local/lib/python3.12/site-packages/airflow/example_dags/example_skip_dag.py
[2026-04-28T17:39:19.974+0000] {processor.py:840} INFO - DAG(s) 'example_skip_dag' retrieved from /home/airflow/.local/lib/python3.12/site-packages/airflow/example_dags/example_skip_dag.py
[2026-04-28T17:39:19.999+0000] {logging_mixin.py:188} INFO - [2026-04-28T17:39:19.999+0000] {dag.py:3096} INFO - Sync 1 DAGs
[2026-04-28T17:39:20.034+0000] {logging_mixin.py:188} INFO - [2026-04-28T17:39:20.033+0000] {dag.py:3954} INFO - Setting next_dagrun for example_skip_dag to 2026-04-27 00:00:00+00:00, run_after=2026-04-28 00:00:00+00:00
[2026-04-28T17:39:20.067+0000] {processor.py:183} INFO - Processing /home/airflow/.local/lib/python3.12/site-packages/airflow/example_dags/example_skip_dag.py took 0.113 seconds
[2026-04-28T17:39:50.284+0000] {processor.py:161} INFO - Started process (PID=1778) to work on /home/airflow/.local/lib/python3.12/site-packages/airflow/example_dags/example_skip_dag.py
[2026-04-28T17:39:50.285+0000] {processor.py:830} INFO - Processing file /home/airflow/.local/lib/python3.12/site-packages/airflow/example_dags/example_skip_dag.py for tasks to queue
[2026-04-28T17:39:50.287+0000] {logging_mixin.py:188} INFO - [2026-04-28T17:39:50.286+0000] {dagbag.py:540} INFO - Filling up the DagBag from /home/airflow/.local/lib/python3.12/site-packages/airflow/example_dags/example_skip_dag.py
[2026-04-28T17:39:50.295+0000] {processor.py:840} INFO - DAG(s) 'example_skip_dag' retrieved from /home/airflow/.local/lib/python3.12/site-packages/airflow/example_dags/example_skip_dag.py
[2026-04-28T17:39:50.324+0000] {logging_mixin.py:188} INFO - [2026-04-28T17:39:50.323+0000] {dag.py:3096} INFO - Sync 1 DAGs
[2026-04-28T17:39:50.353+0000] {logging_mixin.py:188} INFO - [2026-04-28T17:39:50.352+0000] {dag.py:3954} INFO - Setting next_dagrun for example_skip_dag to 2026-04-27 00:00:00+00:00, run_after=2026-04-28 00:00:00+00:00
[2026-04-28T17:39:50.376+0000] {processor.py:183} INFO - Processing /home/airflow/.local/lib/python3.12/site-packages/airflow/example_dags/example_skip_dag.py took 0.099 seconds
[2026-04-28T17:40:20.971+0000] {processor.py:161} INFO - Started process (PID=1838) to work on /home/airflow/.local/lib/python3.12/site-packages/airflow/example_dags/example_skip_dag.py
[2026-04-28T17:40:20.972+0000] {processor.py:830} INFO - Processing file /home/airflow/.local/lib/python3.12/site-packages/airflow/example_dags/example_skip_dag.py for tasks to queue
[2026-04-28T17:40:20.974+0000] {logging_mixin.py:188} INFO - [2026-04-28T17:40:20.973+0000] {dagbag.py:540} INFO - Filling up the DagBag from /home/airflow/.local/lib/python3.12/site-packages/airflow/example_dags/example_skip_dag.py
[2026-04-28T17:40:20.982+0000] {processor.py:840} INFO - DAG(s) 'example_skip_dag' retrieved from /home/airflow/.local/lib/python3.12/site-packages/airflow/example_dags/example_skip_dag.py
[2026-04-28T17:40:21.009+0000] {logging_mixin.py:188} INFO - [2026-04-28T17:40:21.009+0000] {dag.py:3096} INFO - Sync 1 DAGs
[2026-04-28T17:40:21.047+0000] {logging_mixin.py:188} INFO - [2026-04-28T17:40:21.047+0000] {dag.py:3954} INFO - Setting next_dagrun for example_skip_dag to 2026-04-27 00:00:00+00:00, run_after=2026-04-28 00:00:00+00:00
[2026-04-28T17:40:21.103+0000] {processor.py:183} INFO - Processing /home/airflow/.local/lib/python3.12/site-packages/airflow/example_dags/example_skip_dag.py took 0.140 seconds
[2026-04-28T17:40:51.857+0000] {processor.py:161} INFO - Started process (PID=1898) to work on /home/airflow/.local/lib/python3.12/site-packages/airflow/example_dags/example_skip_dag.py
[2026-04-28T17:40:51.858+0000] {processor.py:830} INFO - Processing file /home/airflow/.local/lib/python3.12/site-packages/airflow/example_dags/example_skip_dag.py for tasks to queue
[2026-04-28T17:40:51.860+0000] {logging_mixin.py:188} INFO - [2026-04-28T17:40:51.860+0000] {dagbag.py:540} INFO - Filling up the DagBag from /home/airflow/.local/lib/python3.12/site-packages/airflow/example_dags/example_skip_dag.py
[2026-04-28T17:40:51.868+0000] {processor.py:840} INFO - DAG(s) 'example_skip_dag' retrieved from /home/airflow/.local/lib/python3.12/site-packages/airflow/example_dags/example_skip_dag.py
[2026-04-28T17:40:51.895+0000] {logging_mixin.py:188} INFO - [2026-04-28T17:40:51.894+0000] {dag.py:3096} INFO - Sync 1 DAGs
[2026-04-28T17:40:51.921+0000] {logging_mixin.py:188} INFO - [2026-04-28T17:40:51.921+0000] {dag.py:3954} INFO - Setting next_dagrun for example_skip_dag to 2026-04-27 00:00:00+00:00, run_after=2026-04-28 00:00:00+00:00
[2026-04-28T17:40:51.943+0000] {processor.py:183} INFO - Processing /home/airflow/.local/lib/python3.12/site-packages/airflow/example_dags/example_skip_dag.py took 0.093 seconds
[2026-04-28T17:41:22.542+0000] {processor.py:161} INFO - Started process (PID=1958) to work on /home/airflow/.local/lib/python3.12/site-packages/airflow/example_dags/example_skip_dag.py
[2026-04-28T17:41:22.543+0000] {processor.py:830} INFO - Processing file /home/airflow/.local/lib/python3.12/site-packages/airflow/example_dags/example_skip_dag.py for tasks to queue
[2026-04-28T17:41:22.545+0000] {logging_mixin.py:188} INFO - [2026-04-28T17:41:22.544+0000] {dagbag.py:540} INFO - Filling up the DagBag from /home/airflow/.local/lib/python3.12/site-packages/airflow/example_dags/example_skip_dag.py
[2026-04-28T17:41:22.552+0000] {processor.py:840} INFO - DAG(s) 'example_skip_dag' retrieved from /home/airflow/.local/lib/python3.12/site-packages/airflow/example_dags/example_skip_dag.py
[2026-04-28T17:41:22.576+0000] {logging_mixin.py:188} INFO - [2026-04-28T17:41:22.576+0000] {dag.py:3096} INFO - Sync 1 DAGs
[2026-04-28T17:41:22.608+0000] {logging_mixin.py:188} INFO - [2026-04-28T17:41:22.608+0000] {dag.py:3954} INFO - Setting next_dagrun for example_skip_dag to 2026-04-27 00:00:00+00:00, run_after=2026-04-28 00:00:00+00:00
[2026-04-28T17:41:22.629+0000] {processor.py:183} INFO - Processing /home/airflow/.local/lib/python3.12/site-packages/airflow/example_dags/example_skip_dag.py took 0.094 seconds
[2026-04-28T17:41:53.083+0000] {processor.py:161} INFO - Started process (PID=2018) to work on /home/airflow/.local/lib/python3.12/site-packages/airflow/example_dags/example_skip_dag.py
[2026-04-28T17:41:53.084+0000] {processor.py:830} INFO - Processing file /home/airflow/.local/lib/python3.12/site-packages/airflow/example_dags/example_skip_dag.py for tasks to queue
[2026-04-28T17:41:53.086+0000] {logging_mixin.py:188} INFO - [2026-04-28T17:41:53.086+0000] {dagbag.py:540} INFO - Filling up the DagBag from /home/airflow/.local/lib/python3.12/site-packages/airflow/example_dags/example_skip_dag.py
[2026-04-28T17:41:53.094+0000] {processor.py:840} INFO - DAG(s) 'example_skip_dag' retrieved from /home/airflow/.local/lib/python3.12/site-packages/airflow/example_dags/example_skip_dag.py
[2026-04-28T17:41:53.119+0000] {logging_mixin.py:188} INFO - [2026-04-28T17:41:53.119+0000] {dag.py:3096} INFO - Sync 1 DAGs
[2026-04-28T17:41:53.147+0000] {logging_mixin.py:188} INFO - [2026-04-28T17:41:53.147+0000] {dag.py:3954} INFO - Setting next_dagrun for example_skip_dag to 2026-04-27 00:00:00+00:00, run_after=2026-04-28 00:00:00+00:00
[2026-04-28T17:41:53.168+0000] {processor.py:183} INFO - Processing /home/airflow/.local/lib/python3.12/site-packages/airflow/example_dags/example_skip_dag.py took 0.092 seconds
[2026-04-28T17:42:23.484+0000] {processor.py:161} INFO - Started process (PID=2078) to work on /home/airflow/.local/lib/python3.12/site-packages/airflow/example_dags/example_skip_dag.py
[2026-04-28T17:42:23.485+0000] {processor.py:830} INFO - Processing file /home/airflow/.local/lib/python3.12/site-packages/airflow/example_dags/example_skip_dag.py for tasks to queue
[2026-04-28T17:42:23.487+0000] {logging_mixin.py:188} INFO - [2026-04-28T17:42:23.487+0000] {dagbag.py:540} INFO - Filling up the DagBag from /home/airflow/.local/lib/python3.12/site-packages/airflow/example_dags/example_skip_dag.py
[2026-04-28T17:42:23.498+0000] {processor.py:840} INFO - DAG(s) 'example_skip_dag' retrieved from /home/airflow/.local/lib/python3.12/site-packages/airflow/example_dags/example_skip_dag.py
[2026-04-28T17:42:23.524+0000] {logging_mixin.py:188} INFO - [2026-04-28T17:42:23.524+0000] {dag.py:3096} INFO - Sync 1 DAGs
[2026-04-28T17:42:23.554+0000] {logging_mixin.py:188} INFO - [2026-04-28T17:42:23.554+0000] {dag.py:3954} INFO - Setting next_dagrun for example_skip_dag to 2026-04-27 00:00:00+00:00, run_after=2026-04-28 00:00:00+00:00
[2026-04-28T17:42:23.574+0000] {processor.py:183} INFO - Processing /home/airflow/.local/lib/python3.12/site-packages/airflow/example_dags/example_skip_dag.py took 0.097 seconds
[2026-04-28T17:42:55.450+0000] {processor.py:161} INFO - Started process (PID=2138) to work on /home/airflow/.local/lib/python3.12/site-packages/airflow/example_dags/example_skip_dag.py
[2026-04-28T17:42:55.458+0000] {processor.py:830} INFO - Processing file /home/airflow/.local/lib/python3.12/site-packages/airflow/example_dags/example_skip_dag.py for tasks to queue
[2026-04-28T17:42:55.463+0000] {logging_mixin.py:188} INFO - [2026-04-28T17:42:55.463+0000] {dagbag.py:540} INFO - Filling up the DagBag from /home/airflow/.local/lib/python3.12/site-packages/airflow/example_dags/example_skip_dag.py
[2026-04-28T17:42:55.472+0000] {processor.py:840} INFO - DAG(s) 'example_skip_dag' retrieved from /home/airflow/.local/lib/python3.12/site-packages/airflow/example_dags/example_skip_dag.py
[2026-04-28T17:42:55.592+0000] {logging_mixin.py:188} INFO - [2026-04-28T17:42:55.586+0000] {dag.py:3096} INFO - Sync 1 DAGs
[2026-04-28T17:42:55.647+0000] {logging_mixin.py:188} INFO - [2026-04-28T17:42:55.647+0000] {dag.py:3954} INFO - Setting next_dagrun for example_skip_dag to 2026-04-27 00:00:00+00:00, run_after=2026-04-28 00:00:00+00:00
[2026-04-28T17:42:55.699+0000] {processor.py:183} INFO - Processing /home/airflow/.local/lib/python3.12/site-packages/airflow/example_dags/example_skip_dag.py took 0.269 seconds
[2026-04-28T17:43:25.833+0000] {processor.py:161} INFO - Started process (PID=2198) to work on /home/airflow/.local/lib/python3.12/site-packages/airflow/example_dags/example_skip_dag.py
[2026-04-28T17:43:25.834+0000] {processor.py:830} INFO - Processing file /home/airflow/.local/lib/python3.12/site-packages/airflow/example_dags/example_skip_dag.py for tasks to queue
[2026-04-28T17:43:25.836+0000] {logging_mixin.py:188} INFO - [2026-04-28T17:43:25.836+0000] {dagbag.py:540} INFO - Filling up the DagBag from /home/airflow/.local/lib/python3.12/site-packages/airflow/example_dags/example_skip_dag.py
[2026-04-28T17:43:25.844+0000] {processor.py:840} INFO - DAG(s) 'example_skip_dag' retrieved from /home/airflow/.local/lib/python3.12/site-packages/airflow/example_dags/example_skip_dag.py
[2026-04-28T17:43:25.870+0000] {logging_mixin.py:188} INFO - [2026-04-28T17:43:25.869+0000] {dag.py:3096} INFO - Sync 1 DAGs
[2026-04-28T17:43:25.897+0000] {logging_mixin.py:188} INFO - [2026-04-28T17:43:25.897+0000] {dag.py:3954} INFO - Setting next_dagrun for example_skip_dag to 2026-04-27 00:00:00+00:00, run_after=2026-04-28 00:00:00+00:00
[2026-04-28T17:43:25.916+0000] {processor.py:183} INFO - Processing /home/airflow/.local/lib/python3.12/site-packages/airflow/example_dags/example_skip_dag.py took 0.090 seconds
[2026-04-28T17:43:57.098+0000] {processor.py:161} INFO - Started process (PID=2258) to work on /home/airflow/.local/lib/python3.12/site-packages/airflow/example_dags/example_skip_dag.py
[2026-04-28T17:43:57.100+0000] {processor.py:830} INFO - Processing file /home/airflow/.local/lib/python3.12/site-packages/airflow/example_dags/example_skip_dag.py for tasks to queue
[2026-04-28T17:43:57.101+0000] {logging_mixin.py:188} INFO - [2026-04-28T17:43:57.101+0000] {dagbag.py:540} INFO - Filling up the DagBag from /home/airflow/.local/lib/python3.12/site-packages/airflow/example_dags/example_skip_dag.py
[2026-04-28T17:43:57.109+0000] {processor.py:840} INFO - DAG(s) 'example_skip_dag' retrieved from /home/airflow/.local/lib/python3.12/site-packages/airflow/example_dags/example_skip_dag.py
[2026-04-28T17:43:57.136+0000] {logging_mixin.py:188} INFO - [2026-04-28T17:43:57.135+0000] {dag.py:3096} INFO - Sync 1 DAGs
[2026-04-28T17:43:57.164+0000] {logging_mixin.py:188} INFO - [2026-04-28T17:43:57.164+0000] {dag.py:3954} INFO - Setting next_dagrun for example_skip_dag to 2026-04-27 00:00:00+00:00, run_after=2026-04-28 00:00:00+00:00
[2026-04-28T17:43:57.185+0000] {processor.py:183} INFO - Processing /home/airflow/.local/lib/python3.12/site-packages/airflow/example_dags/example_skip_dag.py took 0.093 seconds
[2026-04-28T17:44:27.541+0000] {processor.py:161} INFO - Started process (PID=2318) to work on /home/airflow/.local/lib/python3.12/site-packages/airflow/example_dags/example_skip_dag.py
[2026-04-28T17:44:27.542+0000] {processor.py:830} INFO - Processing file /home/airflow/.local/lib/python3.12/site-packages/airflow/example_dags/example_skip_dag.py for tasks to queue
[2026-04-28T17:44:27.543+0000] {logging_mixin.py:188} INFO - [2026-04-28T17:44:27.543+0000] {dagbag.py:540} INFO - Filling up the DagBag from /home/airflow/.local/lib/python3.12/site-packages/airflow/example_dags/example_skip_dag.py
[2026-04-28T17:44:27.549+0000] {processor.py:840} INFO - DAG(s) 'example_skip_dag' retrieved from /home/airflow/.local/lib/python3.12/site-packages/airflow/example_dags/example_skip_dag.py
[2026-04-28T17:44:27.566+0000] {logging_mixin.py:188} INFO - [2026-04-28T17:44:27.565+0000] {dag.py:3096} INFO - Sync 1 DAGs
[2026-04-28T17:44:27.584+0000] {logging_mixin.py:188} INFO - [2026-04-28T17:44:27.583+0000] {dag.py:3954} INFO - Setting next_dagrun for example_skip_dag to 2026-04-27 00:00:00+00:00, run_after=2026-04-28 00:00:00+00:00
[2026-04-28T17:44:27.601+0000] {processor.py:183} INFO - Processing /home/airflow/.local/lib/python3.12/site-packages/airflow/example_dags/example_skip_dag.py took 0.065 seconds
[2026-04-28T17:44:58.713+0000] {processor.py:161} INFO - Started process (PID=2378) to work on /home/airflow/.local/lib/python3.12/site-packages/airflow/example_dags/example_skip_dag.py
[2026-04-28T17:44:58.716+0000] {processor.py:830} INFO - Processing file /home/airflow/.local/lib/python3.12/site-packages/airflow/example_dags/example_skip_dag.py for tasks to queue
[2026-04-28T17:44:58.720+0000] {logging_mixin.py:188} INFO - [2026-04-28T17:44:58.720+0000] {dagbag.py:540} INFO - Filling up the DagBag from /home/airflow/.local/lib/python3.12/site-packages/airflow/example_dags/example_skip_dag.py
[2026-04-28T17:44:58.733+0000] {processor.py:840} INFO - DAG(s) 'example_skip_dag' retrieved from /home/airflow/.local/lib/python3.12/site-packages/airflow/example_dags/example_skip_dag.py
[2026-04-28T17:44:58.776+0000] {logging_mixin.py:188} INFO - [2026-04-28T17:44:58.775+0000] {dag.py:3096} INFO - Sync 1 DAGs
[2026-04-28T17:44:58.831+0000] {logging_mixin.py:188} INFO - [2026-04-28T17:44:58.831+0000] {dag.py:3954} INFO - Setting next_dagrun for example_skip_dag to 2026-04-27 00:00:00+00:00, run_after=2026-04-28 00:00:00+00:00
[2026-04-28T17:44:58.876+0000] {processor.py:183} INFO - Processing /home/airflow/.local/lib/python3.12/site-packages/airflow/example_dags/example_skip_dag.py took 0.175 seconds
[2026-04-28T17:45:29.214+0000] {processor.py:161} INFO - Started process (PID=2438) to work on /home/airflow/.local/lib/python3.12/site-packages/airflow/example_dags/example_skip_dag.py
[2026-04-28T17:45:29.215+0000] {processor.py:830} INFO - Processing file /home/airflow/.local/lib/python3.12/site-packages/airflow/example_dags/example_skip_dag.py for tasks to queue
[2026-04-28T17:45:29.217+0000] {logging_mixin.py:188} INFO - [2026-04-28T17:45:29.217+0000] {dagbag.py:540} INFO - Filling up the DagBag from /home/airflow/.local/lib/python3.12/site-packages/airflow/example_dags/example_skip_dag.py
[2026-04-28T17:45:29.225+0000] {processor.py:840} INFO - DAG(s) 'example_skip_dag' retrieved from /home/airflow/.local/lib/python3.12/site-packages/airflow/example_dags/example_skip_dag.py
[2026-04-28T17:45:29.251+0000] {logging_mixin.py:188} INFO - [2026-04-28T17:45:29.251+0000] {dag.py:3096} INFO - Sync 1 DAGs
[2026-04-28T17:45:29.277+0000] {logging_mixin.py:188} INFO - [2026-04-28T17:45:29.277+0000] {dag.py:3954} INFO - Setting next_dagrun for example_skip_dag to 2026-04-27 00:00:00+00:00, run_after=2026-04-28 00:00:00+00:00
[2026-04-28T17:45:29.296+0000] {processor.py:183} INFO - Processing /home/airflow/.local/lib/python3.12/site-packages/airflow/example_dags/example_skip_dag.py took 0.088 seconds
[2026-04-28T17:45:59.767+0000] {processor.py:161} INFO - Started process (PID=2498) to work on /home/airflow/.local/lib/python3.12/site-packages/airflow/example_dags/example_skip_dag.py
[2026-04-28T17:45:59.769+0000] {processor.py:830} INFO - Processing file /home/airflow/.local/lib/python3.12/site-packages/airflow/example_dags/example_skip_dag.py for tasks to queue
[2026-04-28T17:45:59.770+0000] {logging_mixin.py:188} INFO - [2026-04-28T17:45:59.770+0000] {dagbag.py:540} INFO - Filling up the DagBag from /home/airflow/.local/lib/python3.12/site-packages/airflow/example_dags/example_skip_dag.py
[2026-04-28T17:45:59.778+0000] {processor.py:840} INFO - DAG(s) 'example_skip_dag' retrieved from /home/airflow/.local/lib/python3.12/site-packages/airflow/example_dags/example_skip_dag.py
[2026-04-28T17:45:59.804+0000] {logging_mixin.py:188} INFO - [2026-04-28T17:45:59.804+0000] {dag.py:3096} INFO - Sync 1 DAGs
[2026-04-28T17:45:59.833+0000] {logging_mixin.py:188} INFO - [2026-04-28T17:45:59.833+0000] {dag.py:3954} INFO - Setting next_dagrun for example_skip_dag to 2026-04-27 00:00:00+00:00, run_after=2026-04-28 00:00:00+00:00
[2026-04-28T17:45:59.851+0000] {processor.py:183} INFO - Processing /home/airflow/.local/lib/python3.12/site-packages/airflow/example_dags/example_skip_dag.py took 0.091 seconds
[2026-04-28T17:46:30.463+0000] {processor.py:161} INFO - Started process (PID=2558) to work on /home/airflow/.local/lib/python3.12/site-packages/airflow/example_dags/example_skip_dag.py
[2026-04-28T17:46:30.464+0000] {processor.py:830} INFO - Processing file /home/airflow/.local/lib/python3.12/site-packages/airflow/example_dags/example_skip_dag.py for tasks to queue
[2026-04-28T17:46:30.466+0000] {logging_mixin.py:188} INFO - [2026-04-28T17:46:30.465+0000] {dagbag.py:540} INFO - Filling up the DagBag from /home/airflow/.local/lib/python3.12/site-packages/airflow/example_dags/example_skip_dag.py
[2026-04-28T17:46:30.473+0000] {processor.py:840} INFO - DAG(s) 'example_skip_dag' retrieved from /home/airflow/.local/lib/python3.12/site-packages/airflow/example_dags/example_skip_dag.py
[2026-04-28T17:46:30.499+0000] {logging_mixin.py:188} INFO - [2026-04-28T17:46:30.499+0000] {dag.py:3096} INFO - Sync 1 DAGs
[2026-04-28T17:46:30.528+0000] {logging_mixin.py:188} INFO - [2026-04-28T17:46:30.528+0000] {dag.py:3954} INFO - Setting next_dagrun for example_skip_dag to 2026-04-27 00:00:00+00:00, run_after=2026-04-28 00:00:00+00:00
[2026-04-28T17:46:30.546+0000] {processor.py:183} INFO - Processing /home/airflow/.local/lib/python3.12/site-packages/airflow/example_dags/example_skip_dag.py took 0.091 seconds
[2026-04-28T17:47:00.863+0000] {processor.py:161} INFO - Started process (PID=2618) to work on /home/airflow/.local/lib/python3.12/site-packages/airflow/example_dags/example_skip_dag.py
[2026-04-28T17:47:00.865+0000] {processor.py:830} INFO - Processing file /home/airflow/.local/lib/python3.12/site-packages/airflow/example_dags/example_skip_dag.py for tasks to queue
[2026-04-28T17:47:00.868+0000] {logging_mixin.py:188} INFO - [2026-04-28T17:47:00.867+0000] {dagbag.py:540} INFO - Filling up the DagBag from /home/airflow/.local/lib/python3.12/site-packages/airflow/example_dags/example_skip_dag.py
[2026-04-28T17:47:00.879+0000] {processor.py:840} INFO - DAG(s) 'example_skip_dag' retrieved from /home/airflow/.local/lib/python3.12/site-packages/airflow/example_dags/example_skip_dag.py
[2026-04-28T17:47:00.906+0000] {logging_mixin.py:188} INFO - [2026-04-28T17:47:00.906+0000] {dag.py:3096} INFO - Sync 1 DAGs
[2026-04-28T17:47:00.935+0000] {logging_mixin.py:188} INFO - [2026-04-28T17:47:00.935+0000] {dag.py:3954} INFO - Setting next_dagrun for example_skip_dag to 2026-04-27 00:00:00+00:00, run_after=2026-04-28 00:00:00+00:00
[2026-04-28T17:47:00.955+0000] {processor.py:183} INFO - Processing /home/airflow/.local/lib/python3.12/site-packages/airflow/example_dags/example_skip_dag.py took 0.101 seconds
[2026-04-28T17:47:31.513+0000] {processor.py:161} INFO - Started process (PID=2678) to work on /home/airflow/.local/lib/python3.12/site-packages/airflow/example_dags/example_skip_dag.py
[2026-04-28T17:47:31.514+0000] {processor.py:830} INFO - Processing file /home/airflow/.local/lib/python3.12/site-packages/airflow/example_dags/example_skip_dag.py for tasks to queue
[2026-04-28T17:47:31.516+0000] {logging_mixin.py:188} INFO - [2026-04-28T17:47:31.516+0000] {dagbag.py:540} INFO - Filling up the DagBag from /home/airflow/.local/lib/python3.12/site-packages/airflow/example_dags/example_skip_dag.py
[2026-04-28T17:47:31.524+0000] {processor.py:840} INFO - DAG(s) 'example_skip_dag' retrieved from /home/airflow/.local/lib/python3.12/site-packages/airflow/example_dags/example_skip_dag.py
[2026-04-28T17:47:31.550+0000] {logging_mixin.py:188} INFO - [2026-04-28T17:47:31.549+0000] {dag.py:3096} INFO - Sync 1 DAGs
[2026-04-28T17:47:31.576+0000] {logging_mixin.py:188} INFO - [2026-04-28T17:47:31.576+0000] {dag.py:3954} INFO - Setting next_dagrun for example_skip_dag to 2026-04-27 00:00:00+00:00, run_after=2026-04-28 00:00:00+00:00
[2026-04-28T17:47:31.595+0000] {processor.py:183} INFO - Processing /home/airflow/.local/lib/python3.12/site-packages/airflow/example_dags/example_skip_dag.py took 0.089 seconds
[2026-04-28T17:48:02.152+0000] {processor.py:161} INFO - Started process (PID=2738) to work on /home/airflow/.local/lib/python3.12/site-packages/airflow/example_dags/example_skip_dag.py
[2026-04-28T17:48:02.152+0000] {processor.py:830} INFO - Processing file /home/airflow/.local/lib/python3.12/site-packages/airflow/example_dags/example_skip_dag.py for tasks to queue
[2026-04-28T17:48:02.154+0000] {logging_mixin.py:188} INFO - [2026-04-28T17:48:02.154+0000] {dagbag.py:540} INFO - Filling up the DagBag from /home/airflow/.local/lib/python3.12/site-packages/airflow/example_dags/example_skip_dag.py
[2026-04-28T17:48:02.162+0000] {processor.py:840} INFO - DAG(s) 'example_skip_dag' retrieved from /home/airflow/.local/lib/python3.12/site-packages/airflow/example_dags/example_skip_dag.py
[2026-04-28T17:48:02.188+0000] {logging_mixin.py:188} INFO - [2026-04-28T17:48:02.188+0000] {dag.py:3096} INFO - Sync 1 DAGs
[2026-04-28T17:48:02.216+0000] {logging_mixin.py:188} INFO - [2026-04-28T17:48:02.216+0000] {dag.py:3954} INFO - Setting next_dagrun for example_skip_dag to 2026-04-27 00:00:00+00:00, run_after=2026-04-28 00:00:00+00:00
[2026-04-28T17:48:02.239+0000] {processor.py:183} INFO - Processing /home/airflow/.local/lib/python3.12/site-packages/airflow/example_dags/example_skip_dag.py took 0.095 seconds
[2026-04-28T17:48:33.139+0000] {processor.py:161} INFO - Started process (PID=2798) to work on /home/airflow/.local/lib/python3.12/site-packages/airflow/example_dags/example_skip_dag.py
[2026-04-28T17:48:33.140+0000] {processor.py:830} INFO - Processing file /home/airflow/.local/lib/python3.12/site-packages/airflow/example_dags/example_skip_dag.py for tasks to queue
[2026-04-28T17:48:33.142+0000] {logging_mixin.py:188} INFO - [2026-04-28T17:48:33.142+0000] {dagbag.py:540} INFO - Filling up the DagBag from /home/airflow/.local/lib/python3.12/site-packages/airflow/example_dags/example_skip_dag.py
[2026-04-28T17:48:33.151+0000] {processor.py:840} INFO - DAG(s) 'example_skip_dag' retrieved from /home/airflow/.local/lib/python3.12/site-packages/airflow/example_dags/example_skip_dag.py
[2026-04-28T17:48:33.175+0000] {logging_mixin.py:188} INFO - [2026-04-28T17:48:33.175+0000] {dag.py:3096} INFO - Sync 1 DAGs
[2026-04-28T17:48:33.205+0000] {logging_mixin.py:188} INFO - [2026-04-28T17:48:33.205+0000] {dag.py:3954} INFO - Setting next_dagrun for example_skip_dag to 2026-04-27 00:00:00+00:00, run_after=2026-04-28 00:00:00+00:00
[2026-04-28T17:48:33.225+0000] {processor.py:183} INFO - Processing /home/airflow/.local/lib/python3.12/site-packages/airflow/example_dags/example_skip_dag.py took 0.094 seconds
[2026-04-28T17:49:03.832+0000] {processor.py:161} INFO - Started process (PID=2858) to work on /home/airflow/.local/lib/python3.12/site-packages/airflow/example_dags/example_skip_dag.py
[2026-04-28T17:49:03.835+0000] {processor.py:830} INFO - Processing file /home/airflow/.local/lib/python3.12/site-packages/airflow/example_dags/example_skip_dag.py for tasks to queue
[2026-04-28T17:49:03.837+0000] {logging_mixin.py:188} INFO - [2026-04-28T17:49:03.837+0000] {dagbag.py:540} INFO - Filling up the DagBag from /home/airflow/.local/lib/python3.12/site-packages/airflow/example_dags/example_skip_dag.py
[2026-04-28T17:49:03.854+0000] {processor.py:840} INFO - DAG(s) 'example_skip_dag' retrieved from /home/airflow/.local/lib/python3.12/site-packages/airflow/example_dags/example_skip_dag.py
[2026-04-28T17:49:03.918+0000] {logging_mixin.py:188} INFO - [2026-04-28T17:49:03.918+0000] {dag.py:3096} INFO - Sync 1 DAGs
[2026-04-28T17:49:03.978+0000] {logging_mixin.py:188} INFO - [2026-04-28T17:49:03.977+0000] {dag.py:3954} INFO - Setting next_dagrun for example_skip_dag to 2026-04-27 00:00:00+00:00, run_after=2026-04-28 00:00:00+00:00
[2026-04-28T17:49:04.002+0000] {processor.py:183} INFO - Processing /home/airflow/.local/lib/python3.12/site-packages/airflow/example_dags/example_skip_dag.py took 0.189 seconds
[2026-04-28T17:49:34.125+0000] {processor.py:161} INFO - Started process (PID=2918) to work on /home/airflow/.local/lib/python3.12/site-packages/airflow/example_dags/example_skip_dag.py
[2026-04-28T17:49:34.126+0000] {processor.py:830} INFO - Processing file /home/airflow/.local/lib/python3.12/site-packages/airflow/example_dags/example_skip_dag.py for tasks to queue
[2026-04-28T17:49:34.128+0000] {logging_mixin.py:188} INFO - [2026-04-28T17:49:34.128+0000] {dagbag.py:540} INFO - Filling up the DagBag from /home/airflow/.local/lib/python3.12/site-packages/airflow/example_dags/example_skip_dag.py
[2026-04-28T17:49:34.136+0000] {processor.py:840} INFO - DAG(s) 'example_skip_dag' retrieved from /home/airflow/.local/lib/python3.12/site-packages/airflow/example_dags/example_skip_dag.py
[2026-04-28T17:49:34.161+0000] {logging_mixin.py:188} INFO - [2026-04-28T17:49:34.160+0000] {dag.py:3096} INFO - Sync 1 DAGs
[2026-04-28T17:49:34.188+0000] {logging_mixin.py:188} INFO - [2026-04-28T17:49:34.187+0000] {dag.py:3954} INFO - Setting next_dagrun for example_skip_dag to 2026-04-27 00:00:00+00:00, run_after=2026-04-28 00:00:00+00:00
[2026-04-28T17:49:34.211+0000] {processor.py:183} INFO - Processing /home/airflow/.local/lib/python3.12/site-packages/airflow/example_dags/example_skip_dag.py took 0.092 seconds
[2026-04-28T17:50:04.791+0000] {processor.py:161} INFO - Started process (PID=2978) to work on /home/airflow/.local/lib/python3.12/site-packages/airflow/example_dags/example_skip_dag.py
[2026-04-28T17:50:04.794+0000] {processor.py:830} INFO - Processing file /home/airflow/.local/lib/python3.12/site-packages/airflow/example_dags/example_skip_dag.py for tasks to queue
[2026-04-28T17:50:04.798+0000] {logging_mixin.py:188} INFO - [2026-04-28T17:50:04.798+0000] {dagbag.py:540} INFO - Filling up the DagBag from /home/airflow/.local/lib/python3.12/site-packages/airflow/example_dags/example_skip_dag.py
[2026-04-28T17:50:04.810+0000] {processor.py:840} INFO - DAG(s) 'example_skip_dag' retrieved from /home/airflow/.local/lib/python3.12/site-packages/airflow/example_dags/example_skip_dag.py
[2026-04-28T17:50:04.860+0000] {logging_mixin.py:188} INFO - [2026-04-28T17:50:04.859+0000] {dag.py:3096} INFO - Sync 1 DAGs
[2026-04-28T17:50:04.914+0000] {logging_mixin.py:188} INFO - [2026-04-28T17:50:04.914+0000] {dag.py:3954} INFO - Setting next_dagrun for example_skip_dag to 2026-04-27 00:00:00+00:00, run_after=2026-04-28 00:00:00+00:00
[2026-04-28T17:50:04.962+0000] {processor.py:183} INFO - Processing /home/airflow/.local/lib/python3.12/site-packages/airflow/example_dags/example_skip_dag.py took 0.185 seconds
[2026-04-28T17:50:35.525+0000] {processor.py:161} INFO - Started process (PID=3037) to work on /home/airflow/.local/lib/python3.12/site-packages/airflow/example_dags/example_skip_dag.py
[2026-04-28T17:50:35.525+0000] {processor.py:830} INFO - Processing file /home/airflow/.local/lib/python3.12/site-packages/airflow/example_dags/example_skip_dag.py for tasks to queue
[2026-04-28T17:50:35.527+0000] {logging_mixin.py:188} INFO - [2026-04-28T17:50:35.526+0000] {dagbag.py:540} INFO - Filling up the DagBag from /home/airflow/.local/lib/python3.12/site-packages/airflow/example_dags/example_skip_dag.py
[2026-04-28T17:50:35.532+0000] {processor.py:840} INFO - DAG(s) 'example_skip_dag' retrieved from /home/airflow/.local/lib/python3.12/site-packages/airflow/example_dags/example_skip_dag.py
[2026-04-28T17:50:35.550+0000] {logging_mixin.py:188} INFO - [2026-04-28T17:50:35.549+0000] {dag.py:3096} INFO - Sync 1 DAGs
[2026-04-28T17:50:35.568+0000] {logging_mixin.py:188} INFO - [2026-04-28T17:50:35.568+0000] {dag.py:3954} INFO - Setting next_dagrun for example_skip_dag to 2026-04-27 00:00:00+00:00, run_after=2026-04-28 00:00:00+00:00
[2026-04-28T17:50:35.582+0000] {processor.py:183} INFO - Processing /home/airflow/.local/lib/python3.12/site-packages/airflow/example_dags/example_skip_dag.py took 0.063 seconds
[2026-04-28T17:51:05.861+0000] {processor.py:161} INFO - Started process (PID=3097) to work on /home/airflow/.local/lib/python3.12/site-packages/airflow/example_dags/example_skip_dag.py
[2026-04-28T17:51:05.862+0000] {processor.py:830} INFO - Processing file /home/airflow/.local/lib/python3.12/site-packages/airflow/example_dags/example_skip_dag.py for tasks to queue
[2026-04-28T17:51:05.864+0000] {logging_mixin.py:188} INFO - [2026-04-28T17:51:05.863+0000] {dagbag.py:540} INFO - Filling up the DagBag from /home/airflow/.local/lib/python3.12/site-packages/airflow/example_dags/example_skip_dag.py
[2026-04-28T17:51:05.872+0000] {processor.py:840} INFO - DAG(s) 'example_skip_dag' retrieved from /home/airflow/.local/lib/python3.12/site-packages/airflow/example_dags/example_skip_dag.py
[2026-04-28T17:51:05.898+0000] {logging_mixin.py:188} INFO - [2026-04-28T17:51:05.898+0000] {dag.py:3096} INFO - Sync 1 DAGs
[2026-04-28T17:51:05.925+0000] {logging_mixin.py:188} INFO - [2026-04-28T17:51:05.925+0000] {dag.py:3954} INFO - Setting next_dagrun for example_skip_dag to 2026-04-27 00:00:00+00:00, run_after=2026-04-28 00:00:00+00:00
[2026-04-28T17:51:05.945+0000] {processor.py:183} INFO - Processing /home/airflow/.local/lib/python3.12/site-packages/airflow/example_dags/example_skip_dag.py took 0.091 seconds
[2026-04-28T17:51:36.663+0000] {processor.py:161} INFO - Started process (PID=3157) to work on /home/airflow/.local/lib/python3.12/site-packages/airflow/example_dags/example_skip_dag.py
[2026-04-28T17:51:36.665+0000] {processor.py:830} INFO - Processing file /home/airflow/.local/lib/python3.12/site-packages/airflow/example_dags/example_skip_dag.py for tasks to queue
[2026-04-28T17:51:36.668+0000] {logging_mixin.py:188} INFO - [2026-04-28T17:51:36.668+0000] {dagbag.py:540} INFO - Filling up the DagBag from /home/airflow/.local/lib/python3.12/site-packages/airflow/example_dags/example_skip_dag.py
[2026-04-28T17:51:36.682+0000] {processor.py:840} INFO - DAG(s) 'example_skip_dag' retrieved from /home/airflow/.local/lib/python3.12/site-packages/airflow/example_dags/example_skip_dag.py
[2026-04-28T17:51:36.740+0000] {logging_mixin.py:188} INFO - [2026-04-28T17:51:36.739+0000] {dag.py:3096} INFO - Sync 1 DAGs
[2026-04-28T17:51:36.819+0000] {logging_mixin.py:188} INFO - [2026-04-28T17:51:36.819+0000] {dag.py:3954} INFO - Setting next_dagrun for example_skip_dag to 2026-04-27 00:00:00+00:00, run_after=2026-04-28 00:00:00+00:00
[2026-04-28T17:51:36.875+0000] {processor.py:183} INFO - Processing /home/airflow/.local/lib/python3.12/site-packages/airflow/example_dags/example_skip_dag.py took 0.235 seconds
[2026-04-28T17:52:07.363+0000] {processor.py:161} INFO - Started process (PID=3217) to work on /home/airflow/.local/lib/python3.12/site-packages/airflow/example_dags/example_skip_dag.py
[2026-04-28T17:52:07.364+0000] {processor.py:830} INFO - Processing file /home/airflow/.local/lib/python3.12/site-packages/airflow/example_dags/example_skip_dag.py for tasks to queue
[2026-04-28T17:52:07.366+0000] {logging_mixin.py:188} INFO - [2026-04-28T17:52:07.365+0000] {dagbag.py:540} INFO - Filling up the DagBag from /home/airflow/.local/lib/python3.12/site-packages/airflow/example_dags/example_skip_dag.py
[2026-04-28T17:52:07.374+0000] {processor.py:840} INFO - DAG(s) 'example_skip_dag' retrieved from /home/airflow/.local/lib/python3.12/site-packages/airflow/example_dags/example_skip_dag.py
[2026-04-28T17:52:07.402+0000] {logging_mixin.py:188} INFO - [2026-04-28T17:52:07.401+0000] {dag.py:3096} INFO - Sync 1 DAGs
[2026-04-28T17:52:07.439+0000] {logging_mixin.py:188} INFO - [2026-04-28T17:52:07.438+0000] {dag.py:3954} INFO - Setting next_dagrun for example_skip_dag to 2026-04-27 00:00:00+00:00, run_after=2026-04-28 00:00:00+00:00
[2026-04-28T17:52:07.458+0000] {processor.py:183} INFO - Processing /home/airflow/.local/lib/python3.12/site-packages/airflow/example_dags/example_skip_dag.py took 0.102 seconds
[2026-04-28T17:52:38.066+0000] {processor.py:161} INFO - Started process (PID=3277) to work on /home/airflow/.local/lib/python3.12/site-packages/airflow/example_dags/example_skip_dag.py
[2026-04-28T17:52:38.067+0000] {processor.py:830} INFO - Processing file /home/airflow/.local/lib/python3.12/site-packages/airflow/example_dags/example_skip_dag.py for tasks to queue
[2026-04-28T17:52:38.069+0000] {logging_mixin.py:188} INFO - [2026-04-28T17:52:38.068+0000] {dagbag.py:540} INFO - Filling up the DagBag from /home/airflow/.local/lib/python3.12/site-packages/airflow/example_dags/example_skip_dag.py
[2026-04-28T17:52:38.076+0000] {processor.py:840} INFO - DAG(s) 'example_skip_dag' retrieved from /home/airflow/.local/lib/python3.12/site-packages/airflow/example_dags/example_skip_dag.py
[2026-04-28T17:52:38.101+0000] {logging_mixin.py:188} INFO - [2026-04-28T17:52:38.100+0000] {dag.py:3096} INFO - Sync 1 DAGs
[2026-04-28T17:52:38.128+0000] {logging_mixin.py:188} INFO - [2026-04-28T17:52:38.128+0000] {dag.py:3954} INFO - Setting next_dagrun for example_skip_dag to 2026-04-27 00:00:00+00:00, run_after=2026-04-28 00:00:00+00:00
[2026-04-28T17:52:38.148+0000] {processor.py:183} INFO - Processing /home/airflow/.local/lib/python3.12/site-packages/airflow/example_dags/example_skip_dag.py took 0.089 seconds
[2026-04-28T17:53:08.417+0000] {processor.py:161} INFO - Started process (PID=3337) to work on /home/airflow/.local/lib/python3.12/site-packages/airflow/example_dags/example_skip_dag.py
[2026-04-28T17:53:08.417+0000] {processor.py:830} INFO - Processing file /home/airflow/.local/lib/python3.12/site-packages/airflow/example_dags/example_skip_dag.py for tasks to queue
[2026-04-28T17:53:08.419+0000] {logging_mixin.py:188} INFO - [2026-04-28T17:53:08.419+0000] {dagbag.py:540} INFO - Filling up the DagBag from /home/airflow/.local/lib/python3.12/site-packages/airflow/example_dags/example_skip_dag.py
[2026-04-28T17:53:08.428+0000] {processor.py:840} INFO - DAG(s) 'example_skip_dag' retrieved from /home/airflow/.local/lib/python3.12/site-packages/airflow/example_dags/example_skip_dag.py
[2026-04-28T17:53:08.447+0000] {logging_mixin.py:188} INFO - [2026-04-28T17:53:08.447+0000] {dag.py:3096} INFO - Sync 1 DAGs
[2026-04-28T17:53:08.465+0000] {logging_mixin.py:188} INFO - [2026-04-28T17:53:08.465+0000] {dag.py:3954} INFO - Setting next_dagrun for example_skip_dag to 2026-04-27 00:00:00+00:00, run_after=2026-04-28 00:00:00+00:00
[2026-04-28T17:53:08.479+0000] {processor.py:183} INFO - Processing /home/airflow/.local/lib/python3.12/site-packages/airflow/example_dags/example_skip_dag.py took 0.068 seconds
[2026-04-28T17:53:38.810+0000] {processor.py:161} INFO - Started process (PID=3398) to work on /home/airflow/.local/lib/python3.12/site-packages/airflow/example_dags/example_skip_dag.py
[2026-04-28T17:53:38.811+0000] {processor.py:830} INFO - Processing file /home/airflow/.local/lib/python3.12/site-packages/airflow/example_dags/example_skip_dag.py for tasks to queue
[2026-04-28T17:53:38.813+0000] {logging_mixin.py:188} INFO - [2026-04-28T17:53:38.812+0000] {dagbag.py:540} INFO - Filling up the DagBag from /home/airflow/.local/lib/python3.12/site-packages/airflow/example_dags/example_skip_dag.py
[2026-04-28T17:53:38.821+0000] {processor.py:840} INFO - DAG(s) 'example_skip_dag' retrieved from /home/airflow/.local/lib/python3.12/site-packages/airflow/example_dags/example_skip_dag.py
[2026-04-28T17:53:38.847+0000] {logging_mixin.py:188} INFO - [2026-04-28T17:53:38.846+0000] {dag.py:3096} INFO - Sync 1 DAGs
[2026-04-28T17:53:38.874+0000] {logging_mixin.py:188} INFO - [2026-04-28T17:53:38.874+0000] {dag.py:3954} INFO - Setting next_dagrun for example_skip_dag to 2026-04-27 00:00:00+00:00, run_after=2026-04-28 00:00:00+00:00
[2026-04-28T17:53:38.898+0000] {processor.py:183} INFO - Processing /home/airflow/.local/lib/python3.12/site-packages/airflow/example_dags/example_skip_dag.py took 0.096 seconds
[2026-04-28T17:54:09.138+0000] {processor.py:161} INFO - Started process (PID=3458) to work on /home/airflow/.local/lib/python3.12/site-packages/airflow/example_dags/example_skip_dag.py
[2026-04-28T17:54:09.139+0000] {processor.py:830} INFO - Processing file /home/airflow/.local/lib/python3.12/site-packages/airflow/example_dags/example_skip_dag.py for tasks to queue
[2026-04-28T17:54:09.140+0000] {logging_mixin.py:188} INFO - [2026-04-28T17:54:09.140+0000] {dagbag.py:540} INFO - Filling up the DagBag from /home/airflow/.local/lib/python3.12/site-packages/airflow/example_dags/example_skip_dag.py
[2026-04-28T17:54:09.145+0000] {processor.py:840} INFO - DAG(s) 'example_skip_dag' retrieved from /home/airflow/.local/lib/python3.12/site-packages/airflow/example_dags/example_skip_dag.py
[2026-04-28T17:54:09.163+0000] {logging_mixin.py:188} INFO - [2026-04-28T17:54:09.162+0000] {dag.py:3096} INFO - Sync 1 DAGs
[2026-04-28T17:54:09.186+0000] {logging_mixin.py:188} INFO - [2026-04-28T17:54:09.186+0000] {dag.py:3954} INFO - Setting next_dagrun for example_skip_dag to 2026-04-27 00:00:00+00:00, run_after=2026-04-28 00:00:00+00:00
[2026-04-28T17:54:09.203+0000] {processor.py:183} INFO - Processing /home/airflow/.local/lib/python3.12/site-packages/airflow/example_dags/example_skip_dag.py took 0.070 seconds
[2026-04-28T17:54:39.494+0000] {processor.py:161} INFO - Started process (PID=3518) to work on /home/airflow/.local/lib/python3.12/site-packages/airflow/example_dags/example_skip_dag.py
[2026-04-28T17:54:39.494+0000] {processor.py:830} INFO - Processing file /home/airflow/.local/lib/python3.12/site-packages/airflow/example_dags/example_skip_dag.py for tasks to queue
[2026-04-28T17:54:39.496+0000] {logging_mixin.py:188} INFO - [2026-04-28T17:54:39.495+0000] {dagbag.py:540} INFO - Filling up the DagBag from /home/airflow/.local/lib/python3.12/site-packages/airflow/example_dags/example_skip_dag.py
[2026-04-28T17:54:39.501+0000] {processor.py:840} INFO - DAG(s) 'example_skip_dag' retrieved from /home/airflow/.local/lib/python3.12/site-packages/airflow/example_dags/example_skip_dag.py
[2026-04-28T17:54:39.519+0000] {logging_mixin.py:188} INFO - [2026-04-28T17:54:39.519+0000] {dag.py:3096} INFO - Sync 1 DAGs
[2026-04-28T17:54:39.537+0000] {logging_mixin.py:188} INFO - [2026-04-28T17:54:39.537+0000] {dag.py:3954} INFO - Setting next_dagrun for example_skip_dag to 2026-04-27 00:00:00+00:00, run_after=2026-04-28 00:00:00+00:00
[2026-04-28T17:54:39.552+0000] {processor.py:183} INFO - Processing /home/airflow/.local/lib/python3.12/site-packages/airflow/example_dags/example_skip_dag.py took 0.063 seconds
[2026-04-28T17:55:09.813+0000] {processor.py:161} INFO - Started process (PID=3579) to work on /home/airflow/.local/lib/python3.12/site-packages/airflow/example_dags/example_skip_dag.py
[2026-04-28T17:55:09.814+0000] {processor.py:830} INFO - Processing file /home/airflow/.local/lib/python3.12/site-packages/airflow/example_dags/example_skip_dag.py for tasks to queue
[2026-04-28T17:55:09.815+0000] {logging_mixin.py:188} INFO - [2026-04-28T17:55:09.815+0000] {dagbag.py:540} INFO - Filling up the DagBag from /home/airflow/.local/lib/python3.12/site-packages/airflow/example_dags/example_skip_dag.py
[2026-04-28T17:55:09.820+0000] {processor.py:840} INFO - DAG(s) 'example_skip_dag' retrieved from /home/airflow/.local/lib/python3.12/site-packages/airflow/example_dags/example_skip_dag.py
[2026-04-28T17:55:09.838+0000] {logging_mixin.py:188} INFO - [2026-04-28T17:55:09.837+0000] {dag.py:3096} INFO - Sync 1 DAGs
[2026-04-28T17:55:09.856+0000] {logging_mixin.py:188} INFO - [2026-04-28T17:55:09.856+0000] {dag.py:3954} INFO - Setting next_dagrun for example_skip_dag to 2026-04-27 00:00:00+00:00, run_after=2026-04-28 00:00:00+00:00
[2026-04-28T17:55:09.870+0000] {processor.py:183} INFO - Processing /home/airflow/.local/lib/python3.12/site-packages/airflow/example_dags/example_skip_dag.py took 0.062 seconds
[2026-04-28T17:55:40.599+0000] {processor.py:161} INFO - Started process (PID=3640) to work on /home/airflow/.local/lib/python3.12/site-packages/airflow/example_dags/example_skip_dag.py
[2026-04-28T17:55:40.601+0000] {processor.py:830} INFO - Processing file /home/airflow/.local/lib/python3.12/site-packages/airflow/example_dags/example_skip_dag.py for tasks to queue
[2026-04-28T17:55:40.604+0000] {logging_mixin.py:188} INFO - [2026-04-28T17:55:40.604+0000] {dagbag.py:540} INFO - Filling up the DagBag from /home/airflow/.local/lib/python3.12/site-packages/airflow/example_dags/example_skip_dag.py
[2026-04-28T17:55:40.613+0000] {processor.py:840} INFO - DAG(s) 'example_skip_dag' retrieved from /home/airflow/.local/lib/python3.12/site-packages/airflow/example_dags/example_skip_dag.py
[2026-04-28T17:55:40.638+0000] {logging_mixin.py:188} INFO - [2026-04-28T17:55:40.637+0000] {dag.py:3096} INFO - Sync 1 DAGs
[2026-04-28T17:55:40.665+0000] {logging_mixin.py:188} INFO - [2026-04-28T17:55:40.665+0000] {dag.py:3954} INFO - Setting next_dagrun for example_skip_dag to 2026-04-27 00:00:00+00:00, run_after=2026-04-28 00:00:00+00:00
[2026-04-28T17:55:40.684+0000] {processor.py:183} INFO - Processing /home/airflow/.local/lib/python3.12/site-packages/airflow/example_dags/example_skip_dag.py took 0.092 seconds
[2026-04-28T17:56:11.574+0000] {processor.py:161} INFO - Started process (PID=3700) to work on /home/airflow/.local/lib/python3.12/site-packages/airflow/example_dags/example_skip_dag.py
[2026-04-28T17:56:11.575+0000] {processor.py:830} INFO - Processing file /home/airflow/.local/lib/python3.12/site-packages/airflow/example_dags/example_skip_dag.py for tasks to queue
[2026-04-28T17:56:11.577+0000] {logging_mixin.py:188} INFO - [2026-04-28T17:56:11.577+0000] {dagbag.py:540} INFO - Filling up the DagBag from /home/airflow/.local/lib/python3.12/site-packages/airflow/example_dags/example_skip_dag.py
[2026-04-28T17:56:11.585+0000] {processor.py:840} INFO - DAG(s) 'example_skip_dag' retrieved from /home/airflow/.local/lib/python3.12/site-packages/airflow/example_dags/example_skip_dag.py
[2026-04-28T17:56:11.636+0000] {logging_mixin.py:188} INFO - [2026-04-28T17:56:11.636+0000] {dag.py:3096} INFO - Sync 1 DAGs
[2026-04-28T17:56:11.681+0000] {logging_mixin.py:188} INFO - [2026-04-28T17:56:11.681+0000] {dag.py:3954} INFO - Setting next_dagrun for example_skip_dag to 2026-04-27 00:00:00+00:00, run_after=2026-04-28 00:00:00+00:00
[2026-04-28T17:56:11.721+0000] {processor.py:183} INFO - Processing /home/airflow/.local/lib/python3.12/site-packages/airflow/example_dags/example_skip_dag.py took 0.154 seconds
[2026-04-28T17:56:42.067+0000] {processor.py:161} INFO - Started process (PID=3760) to work on /home/airflow/.local/lib/python3.12/site-packages/airflow/example_dags/example_skip_dag.py
[2026-04-28T17:56:42.067+0000] {processor.py:830} INFO - Processing file /home/airflow/.local/lib/python3.12/site-packages/airflow/example_dags/example_skip_dag.py for tasks to queue
[2026-04-28T17:56:42.069+0000] {logging_mixin.py:188} INFO - [2026-04-28T17:56:42.068+0000] {dagbag.py:540} INFO - Filling up the DagBag from /home/airflow/.local/lib/python3.12/site-packages/airflow/example_dags/example_skip_dag.py
[2026-04-28T17:56:42.074+0000] {processor.py:840} INFO - DAG(s) 'example_skip_dag' retrieved from /home/airflow/.local/lib/python3.12/site-packages/airflow/example_dags/example_skip_dag.py
[2026-04-28T17:56:42.091+0000] {logging_mixin.py:188} INFO - [2026-04-28T17:56:42.091+0000] {dag.py:3096} INFO - Sync 1 DAGs
[2026-04-28T17:56:42.110+0000] {logging_mixin.py:188} INFO - [2026-04-28T17:56:42.110+0000] {dag.py:3954} INFO - Setting next_dagrun for example_skip_dag to 2026-04-27 00:00:00+00:00, run_after=2026-04-28 00:00:00+00:00
[2026-04-28T17:56:42.125+0000] {processor.py:183} INFO - Processing /home/airflow/.local/lib/python3.12/site-packages/airflow/example_dags/example_skip_dag.py took 0.065 seconds
[2026-04-28T17:57:12.384+0000] {processor.py:161} INFO - Started process (PID=3820) to work on /home/airflow/.local/lib/python3.12/site-packages/airflow/example_dags/example_skip_dag.py
[2026-04-28T17:57:12.385+0000] {processor.py:830} INFO - Processing file /home/airflow/.local/lib/python3.12/site-packages/airflow/example_dags/example_skip_dag.py for tasks to queue
[2026-04-28T17:57:12.386+0000] {logging_mixin.py:188} INFO - [2026-04-28T17:57:12.386+0000] {dagbag.py:540} INFO - Filling up the DagBag from /home/airflow/.local/lib/python3.12/site-packages/airflow/example_dags/example_skip_dag.py
[2026-04-28T17:57:12.391+0000] {processor.py:840} INFO - DAG(s) 'example_skip_dag' retrieved from /home/airflow/.local/lib/python3.12/site-packages/airflow/example_dags/example_skip_dag.py
[2026-04-28T17:57:12.410+0000] {logging_mixin.py:188} INFO - [2026-04-28T17:57:12.409+0000] {dag.py:3096} INFO - Sync 1 DAGs
[2026-04-28T17:57:12.428+0000] {logging_mixin.py:188} INFO - [2026-04-28T17:57:12.427+0000] {dag.py:3954} INFO - Setting next_dagrun for example_skip_dag to 2026-04-27 00:00:00+00:00, run_after=2026-04-28 00:00:00+00:00
[2026-04-28T17:57:12.442+0000] {processor.py:183} INFO - Processing /home/airflow/.local/lib/python3.12/site-packages/airflow/example_dags/example_skip_dag.py took 0.063 seconds
[2026-04-28T17:57:43.406+0000] {processor.py:161} INFO - Started process (PID=3880) to work on /home/airflow/.local/lib/python3.12/site-packages/airflow/example_dags/example_skip_dag.py
[2026-04-28T17:57:43.410+0000] {processor.py:830} INFO - Processing file /home/airflow/.local/lib/python3.12/site-packages/airflow/example_dags/example_skip_dag.py for tasks to queue
[2026-04-28T17:57:43.413+0000] {logging_mixin.py:188} INFO - [2026-04-28T17:57:43.413+0000] {dagbag.py:540} INFO - Filling up the DagBag from /home/airflow/.local/lib/python3.12/site-packages/airflow/example_dags/example_skip_dag.py
[2026-04-28T17:57:43.445+0000] {processor.py:840} INFO - DAG(s) 'example_skip_dag' retrieved from /home/airflow/.local/lib/python3.12/site-packages/airflow/example_dags/example_skip_dag.py
[2026-04-28T17:57:43.492+0000] {logging_mixin.py:188} INFO - [2026-04-28T17:57:43.492+0000] {dag.py:3096} INFO - Sync 1 DAGs
[2026-04-28T17:57:43.522+0000] {logging_mixin.py:188} INFO - [2026-04-28T17:57:43.521+0000] {dag.py:3954} INFO - Setting next_dagrun for example_skip_dag to 2026-04-27 00:00:00+00:00, run_after=2026-04-28 00:00:00+00:00
[2026-04-28T17:57:43.543+0000] {processor.py:183} INFO - Processing /home/airflow/.local/lib/python3.12/site-packages/airflow/example_dags/example_skip_dag.py took 0.158 seconds
[2026-04-28T17:58:14.189+0000] {processor.py:161} INFO - Started process (PID=3940) to work on /home/airflow/.local/lib/python3.12/site-packages/airflow/example_dags/example_skip_dag.py
[2026-04-28T17:58:14.189+0000] {processor.py:830} INFO - Processing file /home/airflow/.local/lib/python3.12/site-packages/airflow/example_dags/example_skip_dag.py for tasks to queue
[2026-04-28T17:58:14.201+0000] {logging_mixin.py:188} INFO - [2026-04-28T17:58:14.201+0000] {dagbag.py:540} INFO - Filling up the DagBag from /home/airflow/.local/lib/python3.12/site-packages/airflow/example_dags/example_skip_dag.py
[2026-04-28T17:58:14.227+0000] {processor.py:840} INFO - DAG(s) 'example_skip_dag' retrieved from /home/airflow/.local/lib/python3.12/site-packages/airflow/example_dags/example_skip_dag.py
[2026-04-28T17:58:14.286+0000] {logging_mixin.py:188} INFO - [2026-04-28T17:58:14.285+0000] {dag.py:3096} INFO - Sync 1 DAGs
[2026-04-28T17:58:14.343+0000] {logging_mixin.py:188} INFO - [2026-04-28T17:58:14.343+0000] {dag.py:3954} INFO - Setting next_dagrun for example_skip_dag to 2026-04-27 00:00:00+00:00, run_after=2026-04-28 00:00:00+00:00
[2026-04-28T17:58:14.394+0000] {processor.py:183} INFO - Processing /home/airflow/.local/lib/python3.12/site-packages/airflow/example_dags/example_skip_dag.py took 0.225 seconds
[2026-04-28T17:58:45.364+0000] {processor.py:161} INFO - Started process (PID=4000) to work on /home/airflow/.local/lib/python3.12/site-packages/airflow/example_dags/example_skip_dag.py
[2026-04-28T17:58:45.365+0000] {processor.py:830} INFO - Processing file /home/airflow/.local/lib/python3.12/site-packages/airflow/example_dags/example_skip_dag.py for tasks to queue
[2026-04-28T17:58:45.367+0000] {logging_mixin.py:188} INFO - [2026-04-28T17:58:45.367+0000] {dagbag.py:540} INFO - Filling up the DagBag from /home/airflow/.local/lib/python3.12/site-packages/airflow/example_dags/example_skip_dag.py
[2026-04-28T17:58:45.377+0000] {processor.py:840} INFO - DAG(s) 'example_skip_dag' retrieved from /home/airflow/.local/lib/python3.12/site-packages/airflow/example_dags/example_skip_dag.py
[2026-04-28T17:58:45.421+0000] {logging_mixin.py:188} INFO - [2026-04-28T17:58:45.421+0000] {dag.py:3096} INFO - Sync 1 DAGs
[2026-04-28T17:58:45.485+0000] {logging_mixin.py:188} INFO - [2026-04-28T17:58:45.484+0000] {dag.py:3954} INFO - Setting next_dagrun for example_skip_dag to 2026-04-27 00:00:00+00:00, run_after=2026-04-28 00:00:00+00:00
[2026-04-28T17:58:45.511+0000] {processor.py:183} INFO - Processing /home/airflow/.local/lib/python3.12/site-packages/airflow/example_dags/example_skip_dag.py took 0.155 seconds
[2026-04-28T18:01:10.312+0000] {processor.py:161} INFO - Started process (PID=103) to work on /home/airflow/.local/lib/python3.12/site-packages/airflow/example_dags/example_skip_dag.py
[2026-04-28T18:01:10.314+0000] {processor.py:830} INFO - Processing file /home/airflow/.local/lib/python3.12/site-packages/airflow/example_dags/example_skip_dag.py for tasks to queue
[2026-04-28T18:01:10.319+0000] {logging_mixin.py:188} INFO - [2026-04-28T18:01:10.318+0000] {dagbag.py:540} INFO - Filling up the DagBag from /home/airflow/.local/lib/python3.12/site-packages/airflow/example_dags/example_skip_dag.py
[2026-04-28T18:01:10.342+0000] {processor.py:840} INFO - DAG(s) 'example_skip_dag' retrieved from /home/airflow/.local/lib/python3.12/site-packages/airflow/example_dags/example_skip_dag.py
[2026-04-28T18:01:10.903+0000] {logging_mixin.py:188} INFO - [2026-04-28T18:01:10.902+0000] {dag.py:3096} INFO - Sync 1 DAGs
[2026-04-28T18:01:11.034+0000] {logging_mixin.py:188} INFO - [2026-04-28T18:01:11.034+0000] {dag.py:3954} INFO - Setting next_dagrun for example_skip_dag to 2026-04-27 00:00:00+00:00, run_after=2026-04-28 00:00:00+00:00
[2026-04-28T18:01:11.163+0000] {processor.py:183} INFO - Processing /home/airflow/.local/lib/python3.12/site-packages/airflow/example_dags/example_skip_dag.py took 0.872 seconds
[2026-04-28T18:01:41.486+0000] {processor.py:161} INFO - Started process (PID=164) to work on /home/airflow/.local/lib/python3.12/site-packages/airflow/example_dags/example_skip_dag.py
[2026-04-28T18:01:41.496+0000] {processor.py:830} INFO - Processing file /home/airflow/.local/lib/python3.12/site-packages/airflow/example_dags/example_skip_dag.py for tasks to queue
[2026-04-28T18:01:41.533+0000] {logging_mixin.py:188} INFO - [2026-04-28T18:01:41.515+0000] {dagbag.py:540} INFO - Filling up the DagBag from /home/airflow/.local/lib/python3.12/site-packages/airflow/example_dags/example_skip_dag.py
[2026-04-28T18:01:41.571+0000] {processor.py:840} INFO - DAG(s) 'example_skip_dag' retrieved from /home/airflow/.local/lib/python3.12/site-packages/airflow/example_dags/example_skip_dag.py
[2026-04-28T18:01:41.792+0000] {logging_mixin.py:188} INFO - [2026-04-28T18:01:41.792+0000] {dag.py:3096} INFO - Sync 1 DAGs
[2026-04-28T18:01:41.985+0000] {logging_mixin.py:188} INFO - [2026-04-28T18:01:41.985+0000] {dag.py:3954} INFO - Setting next_dagrun for example_skip_dag to 2026-04-27 00:00:00+00:00, run_after=2026-04-28 00:00:00+00:00
[2026-04-28T18:01:42.268+0000] {processor.py:183} INFO - Processing /home/airflow/.local/lib/python3.12/site-packages/airflow/example_dags/example_skip_dag.py took 0.865 seconds
[2026-04-28T18:02:12.609+0000] {processor.py:161} INFO - Started process (PID=224) to work on /home/airflow/.local/lib/python3.12/site-packages/airflow/example_dags/example_skip_dag.py
[2026-04-28T18:02:12.615+0000] {processor.py:830} INFO - Processing file /home/airflow/.local/lib/python3.12/site-packages/airflow/example_dags/example_skip_dag.py for tasks to queue
[2026-04-28T18:02:12.622+0000] {logging_mixin.py:188} INFO - [2026-04-28T18:02:12.620+0000] {dagbag.py:540} INFO - Filling up the DagBag from /home/airflow/.local/lib/python3.12/site-packages/airflow/example_dags/example_skip_dag.py
[2026-04-28T18:02:12.637+0000] {processor.py:840} INFO - DAG(s) 'example_skip_dag' retrieved from /home/airflow/.local/lib/python3.12/site-packages/airflow/example_dags/example_skip_dag.py
[2026-04-28T18:02:12.709+0000] {logging_mixin.py:188} INFO - [2026-04-28T18:02:12.709+0000] {dag.py:3096} INFO - Sync 1 DAGs
[2026-04-28T18:02:12.855+0000] {logging_mixin.py:188} INFO - [2026-04-28T18:02:12.855+0000] {dag.py:3954} INFO - Setting next_dagrun for example_skip_dag to 2026-04-27 00:00:00+00:00, run_after=2026-04-28 00:00:00+00:00
[2026-04-28T18:02:12.970+0000] {processor.py:183} INFO - Processing /home/airflow/.local/lib/python3.12/site-packages/airflow/example_dags/example_skip_dag.py took 0.388 seconds
[2026-04-28T18:02:43.599+0000] {processor.py:161} INFO - Started process (PID=284) to work on /home/airflow/.local/lib/python3.12/site-packages/airflow/example_dags/example_skip_dag.py
[2026-04-28T18:02:43.599+0000] {processor.py:830} INFO - Processing file /home/airflow/.local/lib/python3.12/site-packages/airflow/example_dags/example_skip_dag.py for tasks to queue
[2026-04-28T18:02:43.601+0000] {logging_mixin.py:188} INFO - [2026-04-28T18:02:43.601+0000] {dagbag.py:540} INFO - Filling up the DagBag from /home/airflow/.local/lib/python3.12/site-packages/airflow/example_dags/example_skip_dag.py
[2026-04-28T18:02:43.609+0000] {processor.py:840} INFO - DAG(s) 'example_skip_dag' retrieved from /home/airflow/.local/lib/python3.12/site-packages/airflow/example_dags/example_skip_dag.py
[2026-04-28T18:02:43.753+0000] {logging_mixin.py:188} INFO - [2026-04-28T18:02:43.752+0000] {dag.py:3096} INFO - Sync 1 DAGs
[2026-04-28T18:02:43.780+0000] {logging_mixin.py:188} INFO - [2026-04-28T18:02:43.780+0000] {dag.py:3954} INFO - Setting next_dagrun for example_skip_dag to 2026-04-27 00:00:00+00:00, run_after=2026-04-28 00:00:00+00:00
[2026-04-28T18:02:43.847+0000] {processor.py:183} INFO - Processing /home/airflow/.local/lib/python3.12/site-packages/airflow/example_dags/example_skip_dag.py took 0.255 seconds
[2026-04-28T18:03:14.058+0000] {processor.py:161} INFO - Started process (PID=344) to work on /home/airflow/.local/lib/python3.12/site-packages/airflow/example_dags/example_skip_dag.py
[2026-04-28T18:03:14.059+0000] {processor.py:830} INFO - Processing file /home/airflow/.local/lib/python3.12/site-packages/airflow/example_dags/example_skip_dag.py for tasks to queue
[2026-04-28T18:03:14.061+0000] {logging_mixin.py:188} INFO - [2026-04-28T18:03:14.061+0000] {dagbag.py:540} INFO - Filling up the DagBag from /home/airflow/.local/lib/python3.12/site-packages/airflow/example_dags/example_skip_dag.py
[2026-04-28T18:03:14.069+0000] {processor.py:840} INFO - DAG(s) 'example_skip_dag' retrieved from /home/airflow/.local/lib/python3.12/site-packages/airflow/example_dags/example_skip_dag.py
[2026-04-28T18:03:14.095+0000] {logging_mixin.py:188} INFO - [2026-04-28T18:03:14.094+0000] {dag.py:3096} INFO - Sync 1 DAGs
[2026-04-28T18:03:14.125+0000] {logging_mixin.py:188} INFO - [2026-04-28T18:03:14.124+0000] {dag.py:3954} INFO - Setting next_dagrun for example_skip_dag to 2026-04-27 00:00:00+00:00, run_after=2026-04-28 00:00:00+00:00
[2026-04-28T18:03:14.142+0000] {processor.py:183} INFO - Processing /home/airflow/.local/lib/python3.12/site-packages/airflow/example_dags/example_skip_dag.py took 0.095 seconds
[2026-04-28T18:03:44.962+0000] {processor.py:161} INFO - Started process (PID=404) to work on /home/airflow/.local/lib/python3.12/site-packages/airflow/example_dags/example_skip_dag.py
[2026-04-28T18:03:44.962+0000] {processor.py:830} INFO - Processing file /home/airflow/.local/lib/python3.12/site-packages/airflow/example_dags/example_skip_dag.py for tasks to queue
[2026-04-28T18:03:44.964+0000] {logging_mixin.py:188} INFO - [2026-04-28T18:03:44.964+0000] {dagbag.py:540} INFO - Filling up the DagBag from /home/airflow/.local/lib/python3.12/site-packages/airflow/example_dags/example_skip_dag.py
[2026-04-28T18:03:44.972+0000] {processor.py:840} INFO - DAG(s) 'example_skip_dag' retrieved from /home/airflow/.local/lib/python3.12/site-packages/airflow/example_dags/example_skip_dag.py
[2026-04-28T18:03:44.996+0000] {logging_mixin.py:188} INFO - [2026-04-28T18:03:44.996+0000] {dag.py:3096} INFO - Sync 1 DAGs
[2026-04-28T18:03:45.024+0000] {logging_mixin.py:188} INFO - [2026-04-28T18:03:45.024+0000] {dag.py:3954} INFO - Setting next_dagrun for example_skip_dag to 2026-04-27 00:00:00+00:00, run_after=2026-04-28 00:00:00+00:00
[2026-04-28T18:03:45.043+0000] {processor.py:183} INFO - Processing /home/airflow/.local/lib/python3.12/site-packages/airflow/example_dags/example_skip_dag.py took 0.091 seconds
[2026-04-28T18:04:15.671+0000] {processor.py:161} INFO - Started process (PID=464) to work on /home/airflow/.local/lib/python3.12/site-packages/airflow/example_dags/example_skip_dag.py
[2026-04-28T18:04:15.671+0000] {processor.py:830} INFO - Processing file /home/airflow/.local/lib/python3.12/site-packages/airflow/example_dags/example_skip_dag.py for tasks to queue
[2026-04-28T18:04:15.673+0000] {logging_mixin.py:188} INFO - [2026-04-28T18:04:15.673+0000] {dagbag.py:540} INFO - Filling up the DagBag from /home/airflow/.local/lib/python3.12/site-packages/airflow/example_dags/example_skip_dag.py
[2026-04-28T18:04:15.681+0000] {processor.py:840} INFO - DAG(s) 'example_skip_dag' retrieved from /home/airflow/.local/lib/python3.12/site-packages/airflow/example_dags/example_skip_dag.py
[2026-04-28T18:04:15.706+0000] {logging_mixin.py:188} INFO - [2026-04-28T18:04:15.705+0000] {dag.py:3096} INFO - Sync 1 DAGs
[2026-04-28T18:04:15.733+0000] {logging_mixin.py:188} INFO - [2026-04-28T18:04:15.732+0000] {dag.py:3954} INFO - Setting next_dagrun for example_skip_dag to 2026-04-27 00:00:00+00:00, run_after=2026-04-28 00:00:00+00:00
[2026-04-28T18:04:15.782+0000] {processor.py:183} INFO - Processing /home/airflow/.local/lib/python3.12/site-packages/airflow/example_dags/example_skip_dag.py took 0.118 seconds
[2026-04-28T18:04:46.099+0000] {processor.py:161} INFO - Started process (PID=524) to work on /home/airflow/.local/lib/python3.12/site-packages/airflow/example_dags/example_skip_dag.py
[2026-04-28T18:04:46.100+0000] {processor.py:830} INFO - Processing file /home/airflow/.local/lib/python3.12/site-packages/airflow/example_dags/example_skip_dag.py for tasks to queue
[2026-04-28T18:04:46.102+0000] {logging_mixin.py:188} INFO - [2026-04-28T18:04:46.102+0000] {dagbag.py:540} INFO - Filling up the DagBag from /home/airflow/.local/lib/python3.12/site-packages/airflow/example_dags/example_skip_dag.py
[2026-04-28T18:04:46.119+0000] {processor.py:840} INFO - DAG(s) 'example_skip_dag' retrieved from /home/airflow/.local/lib/python3.12/site-packages/airflow/example_dags/example_skip_dag.py
[2026-04-28T18:04:46.223+0000] {logging_mixin.py:188} INFO - [2026-04-28T18:04:46.223+0000] {dag.py:3096} INFO - Sync 1 DAGs
[2026-04-28T18:04:46.283+0000] {logging_mixin.py:188} INFO - [2026-04-28T18:04:46.283+0000] {dag.py:3954} INFO - Setting next_dagrun for example_skip_dag to 2026-04-27 00:00:00+00:00, run_after=2026-04-28 00:00:00+00:00
[2026-04-28T18:04:46.309+0000] {processor.py:183} INFO - Processing /home/airflow/.local/lib/python3.12/site-packages/airflow/example_dags/example_skip_dag.py took 0.216 seconds
[2026-04-28T18:05:17.109+0000] {processor.py:161} INFO - Started process (PID=590) to work on /home/airflow/.local/lib/python3.12/site-packages/airflow/example_dags/example_skip_dag.py
[2026-04-28T18:05:17.110+0000] {processor.py:830} INFO - Processing file /home/airflow/.local/lib/python3.12/site-packages/airflow/example_dags/example_skip_dag.py for tasks to queue
[2026-04-28T18:05:17.112+0000] {logging_mixin.py:188} INFO - [2026-04-28T18:05:17.112+0000] {dagbag.py:540} INFO - Filling up the DagBag from /home/airflow/.local/lib/python3.12/site-packages/airflow/example_dags/example_skip_dag.py
[2026-04-28T18:05:17.120+0000] {processor.py:840} INFO - DAG(s) 'example_skip_dag' retrieved from /home/airflow/.local/lib/python3.12/site-packages/airflow/example_dags/example_skip_dag.py
[2026-04-28T18:05:17.145+0000] {logging_mixin.py:188} INFO - [2026-04-28T18:05:17.144+0000] {dag.py:3096} INFO - Sync 1 DAGs
[2026-04-28T18:05:17.172+0000] {logging_mixin.py:188} INFO - [2026-04-28T18:05:17.172+0000] {dag.py:3954} INFO - Setting next_dagrun for example_skip_dag to 2026-04-27 00:00:00+00:00, run_after=2026-04-28 00:00:00+00:00
[2026-04-28T18:05:17.192+0000] {processor.py:183} INFO - Processing /home/airflow/.local/lib/python3.12/site-packages/airflow/example_dags/example_skip_dag.py took 0.090 seconds
[2026-04-28T18:05:47.772+0000] {processor.py:161} INFO - Started process (PID=651) to work on /home/airflow/.local/lib/python3.12/site-packages/airflow/example_dags/example_skip_dag.py
[2026-04-28T18:05:47.773+0000] {processor.py:830} INFO - Processing file /home/airflow/.local/lib/python3.12/site-packages/airflow/example_dags/example_skip_dag.py for tasks to queue
[2026-04-28T18:05:47.775+0000] {logging_mixin.py:188} INFO - [2026-04-28T18:05:47.775+0000] {dagbag.py:540} INFO - Filling up the DagBag from /home/airflow/.local/lib/python3.12/site-packages/airflow/example_dags/example_skip_dag.py
[2026-04-28T18:05:47.782+0000] {processor.py:840} INFO - DAG(s) 'example_skip_dag' retrieved from /home/airflow/.local/lib/python3.12/site-packages/airflow/example_dags/example_skip_dag.py
[2026-04-28T18:05:47.807+0000] {logging_mixin.py:188} INFO - [2026-04-28T18:05:47.807+0000] {dag.py:3096} INFO - Sync 1 DAGs
[2026-04-28T18:05:47.846+0000] {logging_mixin.py:188} INFO - [2026-04-28T18:05:47.846+0000] {dag.py:3954} INFO - Setting next_dagrun for example_skip_dag to 2026-04-27 00:00:00+00:00, run_after=2026-04-28 00:00:00+00:00
[2026-04-28T18:05:47.864+0000] {processor.py:183} INFO - Processing /home/airflow/.local/lib/python3.12/site-packages/airflow/example_dags/example_skip_dag.py took 0.098 seconds
[2026-04-28T18:06:18.386+0000] {processor.py:161} INFO - Started process (PID=711) to work on /home/airflow/.local/lib/python3.12/site-packages/airflow/example_dags/example_skip_dag.py
[2026-04-28T18:06:18.387+0000] {processor.py:830} INFO - Processing file /home/airflow/.local/lib/python3.12/site-packages/airflow/example_dags/example_skip_dag.py for tasks to queue
[2026-04-28T18:06:18.389+0000] {logging_mixin.py:188} INFO - [2026-04-28T18:06:18.388+0000] {dagbag.py:540} INFO - Filling up the DagBag from /home/airflow/.local/lib/python3.12/site-packages/airflow/example_dags/example_skip_dag.py
[2026-04-28T18:06:18.397+0000] {processor.py:840} INFO - DAG(s) 'example_skip_dag' retrieved from /home/airflow/.local/lib/python3.12/site-packages/airflow/example_dags/example_skip_dag.py
[2026-04-28T18:06:18.420+0000] {logging_mixin.py:188} INFO - [2026-04-28T18:06:18.420+0000] {dag.py:3096} INFO - Sync 1 DAGs
[2026-04-28T18:06:18.447+0000] {logging_mixin.py:188} INFO - [2026-04-28T18:06:18.446+0000] {dag.py:3954} INFO - Setting next_dagrun for example_skip_dag to 2026-04-27 00:00:00+00:00, run_after=2026-04-28 00:00:00+00:00
[2026-04-28T18:06:18.467+0000] {processor.py:183} INFO - Processing /home/airflow/.local/lib/python3.12/site-packages/airflow/example_dags/example_skip_dag.py took 0.088 seconds
[2026-04-28T18:06:48.838+0000] {processor.py:161} INFO - Started process (PID=771) to work on /home/airflow/.local/lib/python3.12/site-packages/airflow/example_dags/example_skip_dag.py
[2026-04-28T18:06:48.842+0000] {processor.py:830} INFO - Processing file /home/airflow/.local/lib/python3.12/site-packages/airflow/example_dags/example_skip_dag.py for tasks to queue
[2026-04-28T18:06:48.847+0000] {logging_mixin.py:188} INFO - [2026-04-28T18:06:48.843+0000] {dagbag.py:540} INFO - Filling up the DagBag from /home/airflow/.local/lib/python3.12/site-packages/airflow/example_dags/example_skip_dag.py
[2026-04-28T18:06:48.877+0000] {processor.py:840} INFO - DAG(s) 'example_skip_dag' retrieved from /home/airflow/.local/lib/python3.12/site-packages/airflow/example_dags/example_skip_dag.py
[2026-04-28T18:06:48.953+0000] {logging_mixin.py:188} INFO - [2026-04-28T18:06:48.953+0000] {dag.py:3096} INFO - Sync 1 DAGs
[2026-04-28T18:06:49.047+0000] {logging_mixin.py:188} INFO - [2026-04-28T18:06:49.047+0000] {dag.py:3954} INFO - Setting next_dagrun for example_skip_dag to 2026-04-27 00:00:00+00:00, run_after=2026-04-28 00:00:00+00:00
[2026-04-28T18:06:49.145+0000] {processor.py:183} INFO - Processing /home/airflow/.local/lib/python3.12/site-packages/airflow/example_dags/example_skip_dag.py took 0.334 seconds
[2026-04-28T18:07:20.050+0000] {processor.py:161} INFO - Started process (PID=831) to work on /home/airflow/.local/lib/python3.12/site-packages/airflow/example_dags/example_skip_dag.py
[2026-04-28T18:07:20.053+0000] {processor.py:830} INFO - Processing file /home/airflow/.local/lib/python3.12/site-packages/airflow/example_dags/example_skip_dag.py for tasks to queue
[2026-04-28T18:07:20.055+0000] {logging_mixin.py:188} INFO - [2026-04-28T18:07:20.054+0000] {dagbag.py:540} INFO - Filling up the DagBag from /home/airflow/.local/lib/python3.12/site-packages/airflow/example_dags/example_skip_dag.py
[2026-04-28T18:07:20.065+0000] {processor.py:840} INFO - DAG(s) 'example_skip_dag' retrieved from /home/airflow/.local/lib/python3.12/site-packages/airflow/example_dags/example_skip_dag.py
[2026-04-28T18:07:20.135+0000] {logging_mixin.py:188} INFO - [2026-04-28T18:07:20.135+0000] {dag.py:3096} INFO - Sync 1 DAGs
[2026-04-28T18:07:20.171+0000] {logging_mixin.py:188} INFO - [2026-04-28T18:07:20.171+0000] {dag.py:3954} INFO - Setting next_dagrun for example_skip_dag to 2026-04-27 00:00:00+00:00, run_after=2026-04-28 00:00:00+00:00
[2026-04-28T18:07:20.192+0000] {processor.py:183} INFO - Processing /home/airflow/.local/lib/python3.12/site-packages/airflow/example_dags/example_skip_dag.py took 0.161 seconds
[2026-04-28T18:07:50.598+0000] {processor.py:161} INFO - Started process (PID=891) to work on /home/airflow/.local/lib/python3.12/site-packages/airflow/example_dags/example_skip_dag.py
[2026-04-28T18:07:50.599+0000] {processor.py:830} INFO - Processing file /home/airflow/.local/lib/python3.12/site-packages/airflow/example_dags/example_skip_dag.py for tasks to queue
[2026-04-28T18:07:50.601+0000] {logging_mixin.py:188} INFO - [2026-04-28T18:07:50.600+0000] {dagbag.py:540} INFO - Filling up the DagBag from /home/airflow/.local/lib/python3.12/site-packages/airflow/example_dags/example_skip_dag.py
[2026-04-28T18:07:50.609+0000] {processor.py:840} INFO - DAG(s) 'example_skip_dag' retrieved from /home/airflow/.local/lib/python3.12/site-packages/airflow/example_dags/example_skip_dag.py
[2026-04-28T18:07:50.642+0000] {logging_mixin.py:188} INFO - [2026-04-28T18:07:50.642+0000] {dag.py:3096} INFO - Sync 1 DAGs
[2026-04-28T18:07:50.682+0000] {logging_mixin.py:188} INFO - [2026-04-28T18:07:50.681+0000] {dag.py:3954} INFO - Setting next_dagrun for example_skip_dag to 2026-04-27 00:00:00+00:00, run_after=2026-04-28 00:00:00+00:00
[2026-04-28T18:07:50.708+0000] {processor.py:183} INFO - Processing /home/airflow/.local/lib/python3.12/site-packages/airflow/example_dags/example_skip_dag.py took 0.117 seconds
[2026-04-28T18:08:21.235+0000] {processor.py:161} INFO - Started process (PID=951) to work on /home/airflow/.local/lib/python3.12/site-packages/airflow/example_dags/example_skip_dag.py
[2026-04-28T18:08:21.236+0000] {processor.py:830} INFO - Processing file /home/airflow/.local/lib/python3.12/site-packages/airflow/example_dags/example_skip_dag.py for tasks to queue
[2026-04-28T18:08:21.238+0000] {logging_mixin.py:188} INFO - [2026-04-28T18:08:21.238+0000] {dagbag.py:540} INFO - Filling up the DagBag from /home/airflow/.local/lib/python3.12/site-packages/airflow/example_dags/example_skip_dag.py
[2026-04-28T18:08:21.246+0000] {processor.py:840} INFO - DAG(s) 'example_skip_dag' retrieved from /home/airflow/.local/lib/python3.12/site-packages/airflow/example_dags/example_skip_dag.py
[2026-04-28T18:08:21.270+0000] {logging_mixin.py:188} INFO - [2026-04-28T18:08:21.270+0000] {dag.py:3096} INFO - Sync 1 DAGs
[2026-04-28T18:08:21.300+0000] {logging_mixin.py:188} INFO - [2026-04-28T18:08:21.300+0000] {dag.py:3954} INFO - Setting next_dagrun for example_skip_dag to 2026-04-27 00:00:00+00:00, run_after=2026-04-28 00:00:00+00:00
[2026-04-28T18:08:21.497+0000] {processor.py:183} INFO - Processing /home/airflow/.local/lib/python3.12/site-packages/airflow/example_dags/example_skip_dag.py took 0.268 seconds
[2026-04-28T18:08:52.436+0000] {processor.py:161} INFO - Started process (PID=1011) to work on /home/airflow/.local/lib/python3.12/site-packages/airflow/example_dags/example_skip_dag.py
[2026-04-28T18:08:52.437+0000] {processor.py:830} INFO - Processing file /home/airflow/.local/lib/python3.12/site-packages/airflow/example_dags/example_skip_dag.py for tasks to queue
[2026-04-28T18:08:52.439+0000] {logging_mixin.py:188} INFO - [2026-04-28T18:08:52.438+0000] {dagbag.py:540} INFO - Filling up the DagBag from /home/airflow/.local/lib/python3.12/site-packages/airflow/example_dags/example_skip_dag.py
[2026-04-28T18:08:52.446+0000] {processor.py:840} INFO - DAG(s) 'example_skip_dag' retrieved from /home/airflow/.local/lib/python3.12/site-packages/airflow/example_dags/example_skip_dag.py
[2026-04-28T18:08:52.472+0000] {logging_mixin.py:188} INFO - [2026-04-28T18:08:52.471+0000] {dag.py:3096} INFO - Sync 1 DAGs
[2026-04-28T18:08:52.498+0000] {logging_mixin.py:188} INFO - [2026-04-28T18:08:52.498+0000] {dag.py:3954} INFO - Setting next_dagrun for example_skip_dag to 2026-04-27 00:00:00+00:00, run_after=2026-04-28 00:00:00+00:00
[2026-04-28T18:08:52.526+0000] {processor.py:183} INFO - Processing /home/airflow/.local/lib/python3.12/site-packages/airflow/example_dags/example_skip_dag.py took 0.101 seconds
[2026-04-28T18:09:22.745+0000] {processor.py:161} INFO - Started process (PID=1071) to work on /home/airflow/.local/lib/python3.12/site-packages/airflow/example_dags/example_skip_dag.py
[2026-04-28T18:09:22.746+0000] {processor.py:830} INFO - Processing file /home/airflow/.local/lib/python3.12/site-packages/airflow/example_dags/example_skip_dag.py for tasks to queue
[2026-04-28T18:09:22.748+0000] {logging_mixin.py:188} INFO - [2026-04-28T18:09:22.748+0000] {dagbag.py:540} INFO - Filling up the DagBag from /home/airflow/.local/lib/python3.12/site-packages/airflow/example_dags/example_skip_dag.py
[2026-04-28T18:09:22.756+0000] {processor.py:840} INFO - DAG(s) 'example_skip_dag' retrieved from /home/airflow/.local/lib/python3.12/site-packages/airflow/example_dags/example_skip_dag.py
[2026-04-28T18:09:22.780+0000] {logging_mixin.py:188} INFO - [2026-04-28T18:09:22.779+0000] {dag.py:3096} INFO - Sync 1 DAGs
[2026-04-28T18:09:22.821+0000] {logging_mixin.py:188} INFO - [2026-04-28T18:09:22.821+0000] {dag.py:3954} INFO - Setting next_dagrun for example_skip_dag to 2026-04-27 00:00:00+00:00, run_after=2026-04-28 00:00:00+00:00
[2026-04-28T18:09:22.876+0000] {processor.py:183} INFO - Processing /home/airflow/.local/lib/python3.12/site-packages/airflow/example_dags/example_skip_dag.py took 0.137 seconds
[2026-04-28T18:09:53.445+0000] {processor.py:161} INFO - Started process (PID=1131) to work on /home/airflow/.local/lib/python3.12/site-packages/airflow/example_dags/example_skip_dag.py
[2026-04-28T18:09:53.445+0000] {processor.py:830} INFO - Processing file /home/airflow/.local/lib/python3.12/site-packages/airflow/example_dags/example_skip_dag.py for tasks to queue
[2026-04-28T18:09:53.447+0000] {logging_mixin.py:188} INFO - [2026-04-28T18:09:53.447+0000] {dagbag.py:540} INFO - Filling up the DagBag from /home/airflow/.local/lib/python3.12/site-packages/airflow/example_dags/example_skip_dag.py
[2026-04-28T18:09:53.455+0000] {processor.py:840} INFO - DAG(s) 'example_skip_dag' retrieved from /home/airflow/.local/lib/python3.12/site-packages/airflow/example_dags/example_skip_dag.py
[2026-04-28T18:09:53.485+0000] {logging_mixin.py:188} INFO - [2026-04-28T18:09:53.484+0000] {dag.py:3096} INFO - Sync 1 DAGs
[2026-04-28T18:09:53.513+0000] {logging_mixin.py:188} INFO - [2026-04-28T18:09:53.513+0000] {dag.py:3954} INFO - Setting next_dagrun for example_skip_dag to 2026-04-27 00:00:00+00:00, run_after=2026-04-28 00:00:00+00:00
[2026-04-28T18:09:53.540+0000] {processor.py:183} INFO - Processing /home/airflow/.local/lib/python3.12/site-packages/airflow/example_dags/example_skip_dag.py took 0.102 seconds
[2026-04-28T18:10:23.967+0000] {processor.py:161} INFO - Started process (PID=1191) to work on /home/airflow/.local/lib/python3.12/site-packages/airflow/example_dags/example_skip_dag.py
[2026-04-28T18:10:23.968+0000] {processor.py:830} INFO - Processing file /home/airflow/.local/lib/python3.12/site-packages/airflow/example_dags/example_skip_dag.py for tasks to queue
[2026-04-28T18:10:23.970+0000] {logging_mixin.py:188} INFO - [2026-04-28T18:10:23.970+0000] {dagbag.py:540} INFO - Filling up the DagBag from /home/airflow/.local/lib/python3.12/site-packages/airflow/example_dags/example_skip_dag.py
[2026-04-28T18:10:23.978+0000] {processor.py:840} INFO - DAG(s) 'example_skip_dag' retrieved from /home/airflow/.local/lib/python3.12/site-packages/airflow/example_dags/example_skip_dag.py
[2026-04-28T18:10:24.002+0000] {logging_mixin.py:188} INFO - [2026-04-28T18:10:24.002+0000] {dag.py:3096} INFO - Sync 1 DAGs
[2026-04-28T18:10:24.193+0000] {logging_mixin.py:188} INFO - [2026-04-28T18:10:24.193+0000] {dag.py:3954} INFO - Setting next_dagrun for example_skip_dag to 2026-04-27 00:00:00+00:00, run_after=2026-04-28 00:00:00+00:00
[2026-04-28T18:10:24.210+0000] {processor.py:183} INFO - Processing /home/airflow/.local/lib/python3.12/site-packages/airflow/example_dags/example_skip_dag.py took 0.249 seconds
[2026-04-28T18:10:54.908+0000] {processor.py:161} INFO - Started process (PID=1251) to work on /home/airflow/.local/lib/python3.12/site-packages/airflow/example_dags/example_skip_dag.py
[2026-04-28T18:10:54.909+0000] {processor.py:830} INFO - Processing file /home/airflow/.local/lib/python3.12/site-packages/airflow/example_dags/example_skip_dag.py for tasks to queue
[2026-04-28T18:10:54.911+0000] {logging_mixin.py:188} INFO - [2026-04-28T18:10:54.910+0000] {dagbag.py:540} INFO - Filling up the DagBag from /home/airflow/.local/lib/python3.12/site-packages/airflow/example_dags/example_skip_dag.py
[2026-04-28T18:10:54.920+0000] {processor.py:840} INFO - DAG(s) 'example_skip_dag' retrieved from /home/airflow/.local/lib/python3.12/site-packages/airflow/example_dags/example_skip_dag.py
[2026-04-28T18:10:54.945+0000] {logging_mixin.py:188} INFO - [2026-04-28T18:10:54.944+0000] {dag.py:3096} INFO - Sync 1 DAGs
[2026-04-28T18:10:54.972+0000] {logging_mixin.py:188} INFO - [2026-04-28T18:10:54.972+0000] {dag.py:3954} INFO - Setting next_dagrun for example_skip_dag to 2026-04-27 00:00:00+00:00, run_after=2026-04-28 00:00:00+00:00
[2026-04-28T18:10:54.999+0000] {processor.py:183} INFO - Processing /home/airflow/.local/lib/python3.12/site-packages/airflow/example_dags/example_skip_dag.py took 0.098 seconds
[2026-04-28T18:11:25.330+0000] {processor.py:161} INFO - Started process (PID=1311) to work on /home/airflow/.local/lib/python3.12/site-packages/airflow/example_dags/example_skip_dag.py
[2026-04-28T18:11:25.331+0000] {processor.py:830} INFO - Processing file /home/airflow/.local/lib/python3.12/site-packages/airflow/example_dags/example_skip_dag.py for tasks to queue
[2026-04-28T18:11:25.333+0000] {logging_mixin.py:188} INFO - [2026-04-28T18:11:25.332+0000] {dagbag.py:540} INFO - Filling up the DagBag from /home/airflow/.local/lib/python3.12/site-packages/airflow/example_dags/example_skip_dag.py
[2026-04-28T18:11:25.340+0000] {processor.py:840} INFO - DAG(s) 'example_skip_dag' retrieved from /home/airflow/.local/lib/python3.12/site-packages/airflow/example_dags/example_skip_dag.py
[2026-04-28T18:11:25.364+0000] {logging_mixin.py:188} INFO - [2026-04-28T18:11:25.364+0000] {dag.py:3096} INFO - Sync 1 DAGs
[2026-04-28T18:11:25.391+0000] {logging_mixin.py:188} INFO - [2026-04-28T18:11:25.391+0000] {dag.py:3954} INFO - Setting next_dagrun for example_skip_dag to 2026-04-27 00:00:00+00:00, run_after=2026-04-28 00:00:00+00:00
[2026-04-28T18:11:25.412+0000] {processor.py:183} INFO - Processing /home/airflow/.local/lib/python3.12/site-packages/airflow/example_dags/example_skip_dag.py took 0.093 seconds
[2026-04-28T18:11:55.925+0000] {processor.py:161} INFO - Started process (PID=1371) to work on /home/airflow/.local/lib/python3.12/site-packages/airflow/example_dags/example_skip_dag.py
[2026-04-28T18:11:55.926+0000] {processor.py:830} INFO - Processing file /home/airflow/.local/lib/python3.12/site-packages/airflow/example_dags/example_skip_dag.py for tasks to queue
[2026-04-28T18:11:55.928+0000] {logging_mixin.py:188} INFO - [2026-04-28T18:11:55.928+0000] {dagbag.py:540} INFO - Filling up the DagBag from /home/airflow/.local/lib/python3.12/site-packages/airflow/example_dags/example_skip_dag.py
[2026-04-28T18:11:55.936+0000] {processor.py:840} INFO - DAG(s) 'example_skip_dag' retrieved from /home/airflow/.local/lib/python3.12/site-packages/airflow/example_dags/example_skip_dag.py
[2026-04-28T18:11:55.961+0000] {logging_mixin.py:188} INFO - [2026-04-28T18:11:55.960+0000] {dag.py:3096} INFO - Sync 1 DAGs
[2026-04-28T18:11:55.989+0000] {logging_mixin.py:188} INFO - [2026-04-28T18:11:55.989+0000] {dag.py:3954} INFO - Setting next_dagrun for example_skip_dag to 2026-04-27 00:00:00+00:00, run_after=2026-04-28 00:00:00+00:00
[2026-04-28T18:11:56.008+0000] {processor.py:183} INFO - Processing /home/airflow/.local/lib/python3.12/site-packages/airflow/example_dags/example_skip_dag.py took 0.089 seconds
[2026-04-28T18:12:26.766+0000] {processor.py:161} INFO - Started process (PID=1431) to work on /home/airflow/.local/lib/python3.12/site-packages/airflow/example_dags/example_skip_dag.py
[2026-04-28T18:12:26.767+0000] {processor.py:830} INFO - Processing file /home/airflow/.local/lib/python3.12/site-packages/airflow/example_dags/example_skip_dag.py for tasks to queue
[2026-04-28T18:12:26.769+0000] {logging_mixin.py:188} INFO - [2026-04-28T18:12:26.769+0000] {dagbag.py:540} INFO - Filling up the DagBag from /home/airflow/.local/lib/python3.12/site-packages/airflow/example_dags/example_skip_dag.py
[2026-04-28T18:12:26.777+0000] {processor.py:840} INFO - DAG(s) 'example_skip_dag' retrieved from /home/airflow/.local/lib/python3.12/site-packages/airflow/example_dags/example_skip_dag.py
[2026-04-28T18:12:26.802+0000] {logging_mixin.py:188} INFO - [2026-04-28T18:12:26.802+0000] {dag.py:3096} INFO - Sync 1 DAGs
[2026-04-28T18:12:26.829+0000] {logging_mixin.py:188} INFO - [2026-04-28T18:12:26.829+0000] {dag.py:3954} INFO - Setting next_dagrun for example_skip_dag to 2026-04-27 00:00:00+00:00, run_after=2026-04-28 00:00:00+00:00
[2026-04-28T18:12:26.856+0000] {processor.py:183} INFO - Processing /home/airflow/.local/lib/python3.12/site-packages/airflow/example_dags/example_skip_dag.py took 0.097 seconds
[2026-04-28T18:12:57.655+0000] {processor.py:161} INFO - Started process (PID=1491) to work on /home/airflow/.local/lib/python3.12/site-packages/airflow/example_dags/example_skip_dag.py
[2026-04-28T18:12:57.657+0000] {processor.py:830} INFO - Processing file /home/airflow/.local/lib/python3.12/site-packages/airflow/example_dags/example_skip_dag.py for tasks to queue
[2026-04-28T18:12:57.659+0000] {logging_mixin.py:188} INFO - [2026-04-28T18:12:57.658+0000] {dagbag.py:540} INFO - Filling up the DagBag from /home/airflow/.local/lib/python3.12/site-packages/airflow/example_dags/example_skip_dag.py
[2026-04-28T18:12:57.666+0000] {processor.py:840} INFO - DAG(s) 'example_skip_dag' retrieved from /home/airflow/.local/lib/python3.12/site-packages/airflow/example_dags/example_skip_dag.py
[2026-04-28T18:12:57.691+0000] {logging_mixin.py:188} INFO - [2026-04-28T18:12:57.691+0000] {dag.py:3096} INFO - Sync 1 DAGs
[2026-04-28T18:12:57.719+0000] {logging_mixin.py:188} INFO - [2026-04-28T18:12:57.719+0000] {dag.py:3954} INFO - Setting next_dagrun for example_skip_dag to 2026-04-27 00:00:00+00:00, run_after=2026-04-28 00:00:00+00:00
[2026-04-28T18:12:57.739+0000] {processor.py:183} INFO - Processing /home/airflow/.local/lib/python3.12/site-packages/airflow/example_dags/example_skip_dag.py took 0.090 seconds
[2026-04-28T18:13:28.050+0000] {processor.py:161} INFO - Started process (PID=1551) to work on /home/airflow/.local/lib/python3.12/site-packages/airflow/example_dags/example_skip_dag.py
[2026-04-28T18:13:28.050+0000] {processor.py:830} INFO - Processing file /home/airflow/.local/lib/python3.12/site-packages/airflow/example_dags/example_skip_dag.py for tasks to queue
[2026-04-28T18:13:28.054+0000] {logging_mixin.py:188} INFO - [2026-04-28T18:13:28.053+0000] {dagbag.py:540} INFO - Filling up the DagBag from /home/airflow/.local/lib/python3.12/site-packages/airflow/example_dags/example_skip_dag.py
[2026-04-28T18:13:28.064+0000] {processor.py:840} INFO - DAG(s) 'example_skip_dag' retrieved from /home/airflow/.local/lib/python3.12/site-packages/airflow/example_dags/example_skip_dag.py
[2026-04-28T18:13:28.171+0000] {logging_mixin.py:188} INFO - [2026-04-28T18:13:28.171+0000] {dag.py:3096} INFO - Sync 1 DAGs
[2026-04-28T18:13:28.235+0000] {logging_mixin.py:188} INFO - [2026-04-28T18:13:28.233+0000] {dag.py:3954} INFO - Setting next_dagrun for example_skip_dag to 2026-04-27 00:00:00+00:00, run_after=2026-04-28 00:00:00+00:00
[2026-04-28T18:13:28.275+0000] {processor.py:183} INFO - Processing /home/airflow/.local/lib/python3.12/site-packages/airflow/example_dags/example_skip_dag.py took 0.246 seconds
[2026-04-28T18:13:58.862+0000] {processor.py:161} INFO - Started process (PID=1611) to work on /home/airflow/.local/lib/python3.12/site-packages/airflow/example_dags/example_skip_dag.py
[2026-04-28T18:13:58.863+0000] {processor.py:830} INFO - Processing file /home/airflow/.local/lib/python3.12/site-packages/airflow/example_dags/example_skip_dag.py for tasks to queue
[2026-04-28T18:13:58.865+0000] {logging_mixin.py:188} INFO - [2026-04-28T18:13:58.865+0000] {dagbag.py:540} INFO - Filling up the DagBag from /home/airflow/.local/lib/python3.12/site-packages/airflow/example_dags/example_skip_dag.py
[2026-04-28T18:13:58.873+0000] {processor.py:840} INFO - DAG(s) 'example_skip_dag' retrieved from /home/airflow/.local/lib/python3.12/site-packages/airflow/example_dags/example_skip_dag.py
[2026-04-28T18:13:58.901+0000] {logging_mixin.py:188} INFO - [2026-04-28T18:13:58.901+0000] {dag.py:3096} INFO - Sync 1 DAGs
[2026-04-28T18:13:58.929+0000] {logging_mixin.py:188} INFO - [2026-04-28T18:13:58.929+0000] {dag.py:3954} INFO - Setting next_dagrun for example_skip_dag to 2026-04-27 00:00:00+00:00, run_after=2026-04-28 00:00:00+00:00
[2026-04-28T18:13:58.948+0000] {processor.py:183} INFO - Processing /home/airflow/.local/lib/python3.12/site-packages/airflow/example_dags/example_skip_dag.py took 0.093 seconds
[2026-04-28T18:14:29.230+0000] {processor.py:161} INFO - Started process (PID=1671) to work on /home/airflow/.local/lib/python3.12/site-packages/airflow/example_dags/example_skip_dag.py
[2026-04-28T18:14:29.231+0000] {processor.py:830} INFO - Processing file /home/airflow/.local/lib/python3.12/site-packages/airflow/example_dags/example_skip_dag.py for tasks to queue
[2026-04-28T18:14:29.233+0000] {logging_mixin.py:188} INFO - [2026-04-28T18:14:29.232+0000] {dagbag.py:540} INFO - Filling up the DagBag from /home/airflow/.local/lib/python3.12/site-packages/airflow/example_dags/example_skip_dag.py
[2026-04-28T18:14:29.241+0000] {processor.py:840} INFO - DAG(s) 'example_skip_dag' retrieved from /home/airflow/.local/lib/python3.12/site-packages/airflow/example_dags/example_skip_dag.py
[2026-04-28T18:14:29.313+0000] {logging_mixin.py:188} INFO - [2026-04-28T18:14:29.313+0000] {dag.py:3096} INFO - Sync 1 DAGs
[2026-04-28T18:14:29.433+0000] {logging_mixin.py:188} INFO - [2026-04-28T18:14:29.430+0000] {dag.py:3954} INFO - Setting next_dagrun for example_skip_dag to 2026-04-27 00:00:00+00:00, run_after=2026-04-28 00:00:00+00:00
[2026-04-28T18:14:29.496+0000] {processor.py:183} INFO - Processing /home/airflow/.local/lib/python3.12/site-packages/airflow/example_dags/example_skip_dag.py took 0.278 seconds
[2026-04-28T18:15:00.330+0000] {processor.py:161} INFO - Started process (PID=1731) to work on /home/airflow/.local/lib/python3.12/site-packages/airflow/example_dags/example_skip_dag.py
[2026-04-28T18:15:00.332+0000] {processor.py:830} INFO - Processing file /home/airflow/.local/lib/python3.12/site-packages/airflow/example_dags/example_skip_dag.py for tasks to queue
[2026-04-28T18:15:00.334+0000] {logging_mixin.py:188} INFO - [2026-04-28T18:15:00.333+0000] {dagbag.py:540} INFO - Filling up the DagBag from /home/airflow/.local/lib/python3.12/site-packages/airflow/example_dags/example_skip_dag.py
[2026-04-28T18:15:00.346+0000] {processor.py:840} INFO - DAG(s) 'example_skip_dag' retrieved from /home/airflow/.local/lib/python3.12/site-packages/airflow/example_dags/example_skip_dag.py
[2026-04-28T18:15:00.371+0000] {logging_mixin.py:188} INFO - [2026-04-28T18:15:00.371+0000] {dag.py:3096} INFO - Sync 1 DAGs
[2026-04-28T18:15:00.399+0000] {logging_mixin.py:188} INFO - [2026-04-28T18:15:00.398+0000] {dag.py:3954} INFO - Setting next_dagrun for example_skip_dag to 2026-04-27 00:00:00+00:00, run_after=2026-04-28 00:00:00+00:00
[2026-04-28T18:15:00.420+0000] {processor.py:183} INFO - Processing /home/airflow/.local/lib/python3.12/site-packages/airflow/example_dags/example_skip_dag.py took 0.096 seconds
[2026-04-28T18:15:30.759+0000] {processor.py:161} INFO - Started process (PID=1791) to work on /home/airflow/.local/lib/python3.12/site-packages/airflow/example_dags/example_skip_dag.py
[2026-04-28T18:15:30.761+0000] {processor.py:830} INFO - Processing file /home/airflow/.local/lib/python3.12/site-packages/airflow/example_dags/example_skip_dag.py for tasks to queue
[2026-04-28T18:15:30.763+0000] {logging_mixin.py:188} INFO - [2026-04-28T18:15:30.763+0000] {dagbag.py:540} INFO - Filling up the DagBag from /home/airflow/.local/lib/python3.12/site-packages/airflow/example_dags/example_skip_dag.py
[2026-04-28T18:15:30.771+0000] {processor.py:840} INFO - DAG(s) 'example_skip_dag' retrieved from /home/airflow/.local/lib/python3.12/site-packages/airflow/example_dags/example_skip_dag.py
[2026-04-28T18:15:30.795+0000] {logging_mixin.py:188} INFO - [2026-04-28T18:15:30.795+0000] {dag.py:3096} INFO - Sync 1 DAGs
[2026-04-28T18:15:30.824+0000] {logging_mixin.py:188} INFO - [2026-04-28T18:15:30.824+0000] {dag.py:3954} INFO - Setting next_dagrun for example_skip_dag to 2026-04-27 00:00:00+00:00, run_after=2026-04-28 00:00:00+00:00
[2026-04-28T18:15:30.844+0000] {processor.py:183} INFO - Processing /home/airflow/.local/lib/python3.12/site-packages/airflow/example_dags/example_skip_dag.py took 0.095 seconds
[2026-04-28T18:16:01.679+0000] {processor.py:161} INFO - Started process (PID=1851) to work on /home/airflow/.local/lib/python3.12/site-packages/airflow/example_dags/example_skip_dag.py
[2026-04-28T18:16:01.681+0000] {processor.py:830} INFO - Processing file /home/airflow/.local/lib/python3.12/site-packages/airflow/example_dags/example_skip_dag.py for tasks to queue
[2026-04-28T18:16:01.683+0000] {logging_mixin.py:188} INFO - [2026-04-28T18:16:01.682+0000] {dagbag.py:540} INFO - Filling up the DagBag from /home/airflow/.local/lib/python3.12/site-packages/airflow/example_dags/example_skip_dag.py
[2026-04-28T18:16:01.695+0000] {processor.py:840} INFO - DAG(s) 'example_skip_dag' retrieved from /home/airflow/.local/lib/python3.12/site-packages/airflow/example_dags/example_skip_dag.py
[2026-04-28T18:16:01.721+0000] {logging_mixin.py:188} INFO - [2026-04-28T18:16:01.721+0000] {dag.py:3096} INFO - Sync 1 DAGs
[2026-04-28T18:16:01.750+0000] {logging_mixin.py:188} INFO - [2026-04-28T18:16:01.749+0000] {dag.py:3954} INFO - Setting next_dagrun for example_skip_dag to 2026-04-27 00:00:00+00:00, run_after=2026-04-28 00:00:00+00:00
[2026-04-28T18:16:01.768+0000] {processor.py:183} INFO - Processing /home/airflow/.local/lib/python3.12/site-packages/airflow/example_dags/example_skip_dag.py took 0.101 seconds
[2026-04-28T18:16:31.977+0000] {processor.py:161} INFO - Started process (PID=1911) to work on /home/airflow/.local/lib/python3.12/site-packages/airflow/example_dags/example_skip_dag.py
[2026-04-28T18:16:31.978+0000] {processor.py:830} INFO - Processing file /home/airflow/.local/lib/python3.12/site-packages/airflow/example_dags/example_skip_dag.py for tasks to queue
[2026-04-28T18:16:31.981+0000] {logging_mixin.py:188} INFO - [2026-04-28T18:16:31.979+0000] {dagbag.py:540} INFO - Filling up the DagBag from /home/airflow/.local/lib/python3.12/site-packages/airflow/example_dags/example_skip_dag.py
[2026-04-28T18:16:31.992+0000] {processor.py:840} INFO - DAG(s) 'example_skip_dag' retrieved from /home/airflow/.local/lib/python3.12/site-packages/airflow/example_dags/example_skip_dag.py
[2026-04-28T18:16:32.020+0000] {logging_mixin.py:188} INFO - [2026-04-28T18:16:32.020+0000] {dag.py:3096} INFO - Sync 1 DAGs
[2026-04-28T18:16:32.049+0000] {logging_mixin.py:188} INFO - [2026-04-28T18:16:32.048+0000] {dag.py:3954} INFO - Setting next_dagrun for example_skip_dag to 2026-04-27 00:00:00+00:00, run_after=2026-04-28 00:00:00+00:00
[2026-04-28T18:16:32.067+0000] {processor.py:183} INFO - Processing /home/airflow/.local/lib/python3.12/site-packages/airflow/example_dags/example_skip_dag.py took 0.097 seconds
[2026-04-28T18:17:02.744+0000] {processor.py:161} INFO - Started process (PID=1971) to work on /home/airflow/.local/lib/python3.12/site-packages/airflow/example_dags/example_skip_dag.py
[2026-04-28T18:17:02.744+0000] {processor.py:830} INFO - Processing file /home/airflow/.local/lib/python3.12/site-packages/airflow/example_dags/example_skip_dag.py for tasks to queue
[2026-04-28T18:17:02.746+0000] {logging_mixin.py:188} INFO - [2026-04-28T18:17:02.746+0000] {dagbag.py:540} INFO - Filling up the DagBag from /home/airflow/.local/lib/python3.12/site-packages/airflow/example_dags/example_skip_dag.py
[2026-04-28T18:17:02.754+0000] {processor.py:840} INFO - DAG(s) 'example_skip_dag' retrieved from /home/airflow/.local/lib/python3.12/site-packages/airflow/example_dags/example_skip_dag.py
[2026-04-28T18:17:02.780+0000] {logging_mixin.py:188} INFO - [2026-04-28T18:17:02.780+0000] {dag.py:3096} INFO - Sync 1 DAGs
[2026-04-28T18:17:02.811+0000] {logging_mixin.py:188} INFO - [2026-04-28T18:17:02.810+0000] {dag.py:3954} INFO - Setting next_dagrun for example_skip_dag to 2026-04-27 00:00:00+00:00, run_after=2026-04-28 00:00:00+00:00
[2026-04-28T18:17:02.830+0000] {processor.py:183} INFO - Processing /home/airflow/.local/lib/python3.12/site-packages/airflow/example_dags/example_skip_dag.py took 0.093 seconds
[2026-04-28T18:17:33.048+0000] {processor.py:161} INFO - Started process (PID=2031) to work on /home/airflow/.local/lib/python3.12/site-packages/airflow/example_dags/example_skip_dag.py
[2026-04-28T18:17:33.049+0000] {processor.py:830} INFO - Processing file /home/airflow/.local/lib/python3.12/site-packages/airflow/example_dags/example_skip_dag.py for tasks to queue
[2026-04-28T18:17:33.051+0000] {logging_mixin.py:188} INFO - [2026-04-28T18:17:33.050+0000] {dagbag.py:540} INFO - Filling up the DagBag from /home/airflow/.local/lib/python3.12/site-packages/airflow/example_dags/example_skip_dag.py
[2026-04-28T18:17:33.060+0000] {processor.py:840} INFO - DAG(s) 'example_skip_dag' retrieved from /home/airflow/.local/lib/python3.12/site-packages/airflow/example_dags/example_skip_dag.py
[2026-04-28T18:17:33.086+0000] {logging_mixin.py:188} INFO - [2026-04-28T18:17:33.086+0000] {dag.py:3096} INFO - Sync 1 DAGs
[2026-04-28T18:17:33.114+0000] {logging_mixin.py:188} INFO - [2026-04-28T18:17:33.114+0000] {dag.py:3954} INFO - Setting next_dagrun for example_skip_dag to 2026-04-27 00:00:00+00:00, run_after=2026-04-28 00:00:00+00:00
[2026-04-28T18:17:33.142+0000] {processor.py:183} INFO - Processing /home/airflow/.local/lib/python3.12/site-packages/airflow/example_dags/example_skip_dag.py took 0.101 seconds
[2026-04-28T18:18:03.786+0000] {processor.py:161} INFO - Started process (PID=2091) to work on /home/airflow/.local/lib/python3.12/site-packages/airflow/example_dags/example_skip_dag.py
[2026-04-28T18:18:03.787+0000] {processor.py:830} INFO - Processing file /home/airflow/.local/lib/python3.12/site-packages/airflow/example_dags/example_skip_dag.py for tasks to queue
[2026-04-28T18:18:03.789+0000] {logging_mixin.py:188} INFO - [2026-04-28T18:18:03.789+0000] {dagbag.py:540} INFO - Filling up the DagBag from /home/airflow/.local/lib/python3.12/site-packages/airflow/example_dags/example_skip_dag.py
[2026-04-28T18:18:03.798+0000] {processor.py:840} INFO - DAG(s) 'example_skip_dag' retrieved from /home/airflow/.local/lib/python3.12/site-packages/airflow/example_dags/example_skip_dag.py
[2026-04-28T18:18:03.827+0000] {logging_mixin.py:188} INFO - [2026-04-28T18:18:03.826+0000] {dag.py:3096} INFO - Sync 1 DAGs
[2026-04-28T18:18:03.854+0000] {logging_mixin.py:188} INFO - [2026-04-28T18:18:03.854+0000] {dag.py:3954} INFO - Setting next_dagrun for example_skip_dag to 2026-04-27 00:00:00+00:00, run_after=2026-04-28 00:00:00+00:00
[2026-04-28T18:18:03.873+0000] {processor.py:183} INFO - Processing /home/airflow/.local/lib/python3.12/site-packages/airflow/example_dags/example_skip_dag.py took 0.094 seconds
[2026-04-28T18:18:34.112+0000] {processor.py:161} INFO - Started process (PID=2151) to work on /home/airflow/.local/lib/python3.12/site-packages/airflow/example_dags/example_skip_dag.py
[2026-04-28T18:18:34.113+0000] {processor.py:830} INFO - Processing file /home/airflow/.local/lib/python3.12/site-packages/airflow/example_dags/example_skip_dag.py for tasks to queue
[2026-04-28T18:18:34.120+0000] {logging_mixin.py:188} INFO - [2026-04-28T18:18:34.120+0000] {dagbag.py:540} INFO - Filling up the DagBag from /home/airflow/.local/lib/python3.12/site-packages/airflow/example_dags/example_skip_dag.py
[2026-04-28T18:18:34.152+0000] {processor.py:840} INFO - DAG(s) 'example_skip_dag' retrieved from /home/airflow/.local/lib/python3.12/site-packages/airflow/example_dags/example_skip_dag.py
[2026-04-28T18:18:34.180+0000] {logging_mixin.py:188} INFO - [2026-04-28T18:18:34.179+0000] {dag.py:3096} INFO - Sync 1 DAGs
[2026-04-28T18:18:34.222+0000] {logging_mixin.py:188} INFO - [2026-04-28T18:18:34.222+0000] {dag.py:3954} INFO - Setting next_dagrun for example_skip_dag to 2026-04-27 00:00:00+00:00, run_after=2026-04-28 00:00:00+00:00
[2026-04-28T18:18:34.236+0000] {processor.py:183} INFO - Processing /home/airflow/.local/lib/python3.12/site-packages/airflow/example_dags/example_skip_dag.py took 0.148 seconds
[2026-04-28T18:19:04.819+0000] {processor.py:161} INFO - Started process (PID=2211) to work on /home/airflow/.local/lib/python3.12/site-packages/airflow/example_dags/example_skip_dag.py
[2026-04-28T18:19:04.820+0000] {processor.py:830} INFO - Processing file /home/airflow/.local/lib/python3.12/site-packages/airflow/example_dags/example_skip_dag.py for tasks to queue
[2026-04-28T18:19:04.822+0000] {logging_mixin.py:188} INFO - [2026-04-28T18:19:04.821+0000] {dagbag.py:540} INFO - Filling up the DagBag from /home/airflow/.local/lib/python3.12/site-packages/airflow/example_dags/example_skip_dag.py
[2026-04-28T18:19:04.829+0000] {processor.py:840} INFO - DAG(s) 'example_skip_dag' retrieved from /home/airflow/.local/lib/python3.12/site-packages/airflow/example_dags/example_skip_dag.py
[2026-04-28T18:19:04.854+0000] {logging_mixin.py:188} INFO - [2026-04-28T18:19:04.854+0000] {dag.py:3096} INFO - Sync 1 DAGs
[2026-04-28T18:19:04.884+0000] {logging_mixin.py:188} INFO - [2026-04-28T18:19:04.883+0000] {dag.py:3954} INFO - Setting next_dagrun for example_skip_dag to 2026-04-27 00:00:00+00:00, run_after=2026-04-28 00:00:00+00:00
[2026-04-28T18:19:04.903+0000] {processor.py:183} INFO - Processing /home/airflow/.local/lib/python3.12/site-packages/airflow/example_dags/example_skip_dag.py took 0.095 seconds
[2026-04-28T18:19:35.296+0000] {processor.py:161} INFO - Started process (PID=2271) to work on /home/airflow/.local/lib/python3.12/site-packages/airflow/example_dags/example_skip_dag.py
[2026-04-28T18:19:35.301+0000] {processor.py:830} INFO - Processing file /home/airflow/.local/lib/python3.12/site-packages/airflow/example_dags/example_skip_dag.py for tasks to queue
[2026-04-28T18:19:35.309+0000] {logging_mixin.py:188} INFO - [2026-04-28T18:19:35.302+0000] {dagbag.py:540} INFO - Filling up the DagBag from /home/airflow/.local/lib/python3.12/site-packages/airflow/example_dags/example_skip_dag.py
[2026-04-28T18:19:35.343+0000] {processor.py:840} INFO - DAG(s) 'example_skip_dag' retrieved from /home/airflow/.local/lib/python3.12/site-packages/airflow/example_dags/example_skip_dag.py
[2026-04-28T18:19:35.415+0000] {logging_mixin.py:188} INFO - [2026-04-28T18:19:35.415+0000] {dag.py:3096} INFO - Sync 1 DAGs
[2026-04-28T18:19:35.464+0000] {logging_mixin.py:188} INFO - [2026-04-28T18:19:35.464+0000] {dag.py:3954} INFO - Setting next_dagrun for example_skip_dag to 2026-04-27 00:00:00+00:00, run_after=2026-04-28 00:00:00+00:00
[2026-04-28T18:19:35.516+0000] {processor.py:183} INFO - Processing /home/airflow/.local/lib/python3.12/site-packages/airflow/example_dags/example_skip_dag.py took 0.245 seconds
[2026-04-28T18:20:05.637+0000] {processor.py:161} INFO - Started process (PID=2331) to work on /home/airflow/.local/lib/python3.12/site-packages/airflow/example_dags/example_skip_dag.py
[2026-04-28T18:20:05.638+0000] {processor.py:830} INFO - Processing file /home/airflow/.local/lib/python3.12/site-packages/airflow/example_dags/example_skip_dag.py for tasks to queue
[2026-04-28T18:20:05.640+0000] {logging_mixin.py:188} INFO - [2026-04-28T18:20:05.640+0000] {dagbag.py:540} INFO - Filling up the DagBag from /home/airflow/.local/lib/python3.12/site-packages/airflow/example_dags/example_skip_dag.py
[2026-04-28T18:20:05.647+0000] {processor.py:840} INFO - DAG(s) 'example_skip_dag' retrieved from /home/airflow/.local/lib/python3.12/site-packages/airflow/example_dags/example_skip_dag.py
[2026-04-28T18:20:05.665+0000] {logging_mixin.py:188} INFO - [2026-04-28T18:20:05.665+0000] {dag.py:3096} INFO - Sync 1 DAGs
[2026-04-28T18:20:05.683+0000] {logging_mixin.py:188} INFO - [2026-04-28T18:20:05.682+0000] {dag.py:3954} INFO - Setting next_dagrun for example_skip_dag to 2026-04-27 00:00:00+00:00, run_after=2026-04-28 00:00:00+00:00
[2026-04-28T18:20:05.697+0000] {processor.py:183} INFO - Processing /home/airflow/.local/lib/python3.12/site-packages/airflow/example_dags/example_skip_dag.py took 0.067 seconds
[2026-04-28T18:20:36.009+0000] {processor.py:161} INFO - Started process (PID=2390) to work on /home/airflow/.local/lib/python3.12/site-packages/airflow/example_dags/example_skip_dag.py
[2026-04-28T18:20:36.010+0000] {processor.py:830} INFO - Processing file /home/airflow/.local/lib/python3.12/site-packages/airflow/example_dags/example_skip_dag.py for tasks to queue
[2026-04-28T18:20:36.013+0000] {logging_mixin.py:188} INFO - [2026-04-28T18:20:36.013+0000] {dagbag.py:540} INFO - Filling up the DagBag from /home/airflow/.local/lib/python3.12/site-packages/airflow/example_dags/example_skip_dag.py
[2026-04-28T18:20:36.021+0000] {processor.py:840} INFO - DAG(s) 'example_skip_dag' retrieved from /home/airflow/.local/lib/python3.12/site-packages/airflow/example_dags/example_skip_dag.py
[2026-04-28T18:20:36.046+0000] {logging_mixin.py:188} INFO - [2026-04-28T18:20:36.046+0000] {dag.py:3096} INFO - Sync 1 DAGs
[2026-04-28T18:20:36.074+0000] {logging_mixin.py:188} INFO - [2026-04-28T18:20:36.074+0000] {dag.py:3954} INFO - Setting next_dagrun for example_skip_dag to 2026-04-27 00:00:00+00:00, run_after=2026-04-28 00:00:00+00:00
[2026-04-28T18:20:36.093+0000] {processor.py:183} INFO - Processing /home/airflow/.local/lib/python3.12/site-packages/airflow/example_dags/example_skip_dag.py took 0.091 seconds
[2026-04-28T18:21:06.594+0000] {processor.py:161} INFO - Started process (PID=2450) to work on /home/airflow/.local/lib/python3.12/site-packages/airflow/example_dags/example_skip_dag.py
[2026-04-28T18:21:06.595+0000] {processor.py:830} INFO - Processing file /home/airflow/.local/lib/python3.12/site-packages/airflow/example_dags/example_skip_dag.py for tasks to queue
[2026-04-28T18:21:06.597+0000] {logging_mixin.py:188} INFO - [2026-04-28T18:21:06.596+0000] {dagbag.py:540} INFO - Filling up the DagBag from /home/airflow/.local/lib/python3.12/site-packages/airflow/example_dags/example_skip_dag.py
[2026-04-28T18:21:06.605+0000] {processor.py:840} INFO - DAG(s) 'example_skip_dag' retrieved from /home/airflow/.local/lib/python3.12/site-packages/airflow/example_dags/example_skip_dag.py
[2026-04-28T18:21:06.632+0000] {logging_mixin.py:188} INFO - [2026-04-28T18:21:06.632+0000] {dag.py:3096} INFO - Sync 1 DAGs
[2026-04-28T18:21:06.662+0000] {logging_mixin.py:188} INFO - [2026-04-28T18:21:06.662+0000] {dag.py:3954} INFO - Setting next_dagrun for example_skip_dag to 2026-04-27 00:00:00+00:00, run_after=2026-04-28 00:00:00+00:00
[2026-04-28T18:21:06.679+0000] {processor.py:183} INFO - Processing /home/airflow/.local/lib/python3.12/site-packages/airflow/example_dags/example_skip_dag.py took 0.092 seconds
[2026-04-28T18:21:36.877+0000] {processor.py:161} INFO - Started process (PID=2510) to work on /home/airflow/.local/lib/python3.12/site-packages/airflow/example_dags/example_skip_dag.py
[2026-04-28T18:21:36.878+0000] {processor.py:830} INFO - Processing file /home/airflow/.local/lib/python3.12/site-packages/airflow/example_dags/example_skip_dag.py for tasks to queue
[2026-04-28T18:21:36.880+0000] {logging_mixin.py:188} INFO - [2026-04-28T18:21:36.880+0000] {dagbag.py:540} INFO - Filling up the DagBag from /home/airflow/.local/lib/python3.12/site-packages/airflow/example_dags/example_skip_dag.py
[2026-04-28T18:21:36.897+0000] {processor.py:840} INFO - DAG(s) 'example_skip_dag' retrieved from /home/airflow/.local/lib/python3.12/site-packages/airflow/example_dags/example_skip_dag.py
[2026-04-28T18:21:36.923+0000] {logging_mixin.py:188} INFO - [2026-04-28T18:21:36.923+0000] {dag.py:3096} INFO - Sync 1 DAGs
[2026-04-28T18:21:36.952+0000] {logging_mixin.py:188} INFO - [2026-04-28T18:21:36.952+0000] {dag.py:3954} INFO - Setting next_dagrun for example_skip_dag to 2026-04-27 00:00:00+00:00, run_after=2026-04-28 00:00:00+00:00
[2026-04-28T18:21:36.989+0000] {processor.py:183} INFO - Processing /home/airflow/.local/lib/python3.12/site-packages/airflow/example_dags/example_skip_dag.py took 0.119 seconds
[2026-04-28T18:22:07.488+0000] {processor.py:161} INFO - Started process (PID=2570) to work on /home/airflow/.local/lib/python3.12/site-packages/airflow/example_dags/example_skip_dag.py
[2026-04-28T18:22:07.489+0000] {processor.py:830} INFO - Processing file /home/airflow/.local/lib/python3.12/site-packages/airflow/example_dags/example_skip_dag.py for tasks to queue
[2026-04-28T18:22:07.491+0000] {logging_mixin.py:188} INFO - [2026-04-28T18:22:07.490+0000] {dagbag.py:540} INFO - Filling up the DagBag from /home/airflow/.local/lib/python3.12/site-packages/airflow/example_dags/example_skip_dag.py
[2026-04-28T18:22:07.498+0000] {processor.py:840} INFO - DAG(s) 'example_skip_dag' retrieved from /home/airflow/.local/lib/python3.12/site-packages/airflow/example_dags/example_skip_dag.py
[2026-04-28T18:22:07.524+0000] {logging_mixin.py:188} INFO - [2026-04-28T18:22:07.523+0000] {dag.py:3096} INFO - Sync 1 DAGs
[2026-04-28T18:22:07.552+0000] {logging_mixin.py:188} INFO - [2026-04-28T18:22:07.552+0000] {dag.py:3954} INFO - Setting next_dagrun for example_skip_dag to 2026-04-27 00:00:00+00:00, run_after=2026-04-28 00:00:00+00:00
[2026-04-28T18:22:07.595+0000] {processor.py:183} INFO - Processing /home/airflow/.local/lib/python3.12/site-packages/airflow/example_dags/example_skip_dag.py took 0.114 seconds
[2026-04-28T18:22:38.227+0000] {processor.py:161} INFO - Started process (PID=2630) to work on /home/airflow/.local/lib/python3.12/site-packages/airflow/example_dags/example_skip_dag.py
[2026-04-28T18:22:38.227+0000] {processor.py:830} INFO - Processing file /home/airflow/.local/lib/python3.12/site-packages/airflow/example_dags/example_skip_dag.py for tasks to queue
[2026-04-28T18:22:38.229+0000] {logging_mixin.py:188} INFO - [2026-04-28T18:22:38.229+0000] {dagbag.py:540} INFO - Filling up the DagBag from /home/airflow/.local/lib/python3.12/site-packages/airflow/example_dags/example_skip_dag.py
[2026-04-28T18:22:38.238+0000] {processor.py:840} INFO - DAG(s) 'example_skip_dag' retrieved from /home/airflow/.local/lib/python3.12/site-packages/airflow/example_dags/example_skip_dag.py
[2026-04-28T18:22:38.263+0000] {logging_mixin.py:188} INFO - [2026-04-28T18:22:38.262+0000] {dag.py:3096} INFO - Sync 1 DAGs
[2026-04-28T18:22:38.288+0000] {logging_mixin.py:188} INFO - [2026-04-28T18:22:38.288+0000] {dag.py:3954} INFO - Setting next_dagrun for example_skip_dag to 2026-04-27 00:00:00+00:00, run_after=2026-04-28 00:00:00+00:00
[2026-04-28T18:22:38.325+0000] {processor.py:183} INFO - Processing /home/airflow/.local/lib/python3.12/site-packages/airflow/example_dags/example_skip_dag.py took 0.105 seconds
[2026-04-28T18:23:08.974+0000] {processor.py:161} INFO - Started process (PID=2690) to work on /home/airflow/.local/lib/python3.12/site-packages/airflow/example_dags/example_skip_dag.py
[2026-04-28T18:23:08.975+0000] {processor.py:830} INFO - Processing file /home/airflow/.local/lib/python3.12/site-packages/airflow/example_dags/example_skip_dag.py for tasks to queue
[2026-04-28T18:23:08.977+0000] {logging_mixin.py:188} INFO - [2026-04-28T18:23:08.977+0000] {dagbag.py:540} INFO - Filling up the DagBag from /home/airflow/.local/lib/python3.12/site-packages/airflow/example_dags/example_skip_dag.py
[2026-04-28T18:23:08.985+0000] {processor.py:840} INFO - DAG(s) 'example_skip_dag' retrieved from /home/airflow/.local/lib/python3.12/site-packages/airflow/example_dags/example_skip_dag.py
[2026-04-28T18:23:09.011+0000] {logging_mixin.py:188} INFO - [2026-04-28T18:23:09.011+0000] {dag.py:3096} INFO - Sync 1 DAGs
[2026-04-28T18:23:09.040+0000] {logging_mixin.py:188} INFO - [2026-04-28T18:23:09.040+0000] {dag.py:3954} INFO - Setting next_dagrun for example_skip_dag to 2026-04-27 00:00:00+00:00, run_after=2026-04-28 00:00:00+00:00
[2026-04-28T18:23:09.060+0000] {processor.py:183} INFO - Processing /home/airflow/.local/lib/python3.12/site-packages/airflow/example_dags/example_skip_dag.py took 0.093 seconds
[2026-04-28T18:23:39.640+0000] {processor.py:161} INFO - Started process (PID=2751) to work on /home/airflow/.local/lib/python3.12/site-packages/airflow/example_dags/example_skip_dag.py
[2026-04-28T18:23:39.640+0000] {processor.py:830} INFO - Processing file /home/airflow/.local/lib/python3.12/site-packages/airflow/example_dags/example_skip_dag.py for tasks to queue
[2026-04-28T18:23:39.642+0000] {logging_mixin.py:188} INFO - [2026-04-28T18:23:39.642+0000] {dagbag.py:540} INFO - Filling up the DagBag from /home/airflow/.local/lib/python3.12/site-packages/airflow/example_dags/example_skip_dag.py
[2026-04-28T18:23:39.653+0000] {processor.py:840} INFO - DAG(s) 'example_skip_dag' retrieved from /home/airflow/.local/lib/python3.12/site-packages/airflow/example_dags/example_skip_dag.py
[2026-04-28T18:23:39.679+0000] {logging_mixin.py:188} INFO - [2026-04-28T18:23:39.679+0000] {dag.py:3096} INFO - Sync 1 DAGs
[2026-04-28T18:23:39.707+0000] {logging_mixin.py:188} INFO - [2026-04-28T18:23:39.707+0000] {dag.py:3954} INFO - Setting next_dagrun for example_skip_dag to 2026-04-27 00:00:00+00:00, run_after=2026-04-28 00:00:00+00:00
[2026-04-28T18:23:39.734+0000] {processor.py:183} INFO - Processing /home/airflow/.local/lib/python3.12/site-packages/airflow/example_dags/example_skip_dag.py took 0.101 seconds
[2026-04-28T18:24:10.045+0000] {processor.py:161} INFO - Started process (PID=2811) to work on /home/airflow/.local/lib/python3.12/site-packages/airflow/example_dags/example_skip_dag.py
[2026-04-28T18:24:10.046+0000] {processor.py:830} INFO - Processing file /home/airflow/.local/lib/python3.12/site-packages/airflow/example_dags/example_skip_dag.py for tasks to queue
[2026-04-28T18:24:10.048+0000] {logging_mixin.py:188} INFO - [2026-04-28T18:24:10.048+0000] {dagbag.py:540} INFO - Filling up the DagBag from /home/airflow/.local/lib/python3.12/site-packages/airflow/example_dags/example_skip_dag.py
[2026-04-28T18:24:10.057+0000] {processor.py:840} INFO - DAG(s) 'example_skip_dag' retrieved from /home/airflow/.local/lib/python3.12/site-packages/airflow/example_dags/example_skip_dag.py
[2026-04-28T18:24:10.084+0000] {logging_mixin.py:188} INFO - [2026-04-28T18:24:10.083+0000] {dag.py:3096} INFO - Sync 1 DAGs
[2026-04-28T18:24:10.112+0000] {logging_mixin.py:188} INFO - [2026-04-28T18:24:10.112+0000] {dag.py:3954} INFO - Setting next_dagrun for example_skip_dag to 2026-04-27 00:00:00+00:00, run_after=2026-04-28 00:00:00+00:00
[2026-04-28T18:24:10.131+0000] {processor.py:183} INFO - Processing /home/airflow/.local/lib/python3.12/site-packages/airflow/example_dags/example_skip_dag.py took 0.092 seconds
[2026-04-28T18:24:40.467+0000] {processor.py:161} INFO - Started process (PID=2871) to work on /home/airflow/.local/lib/python3.12/site-packages/airflow/example_dags/example_skip_dag.py
[2026-04-28T18:24:40.473+0000] {processor.py:830} INFO - Processing file /home/airflow/.local/lib/python3.12/site-packages/airflow/example_dags/example_skip_dag.py for tasks to queue
[2026-04-28T18:24:40.475+0000] {logging_mixin.py:188} INFO - [2026-04-28T18:24:40.475+0000] {dagbag.py:540} INFO - Filling up the DagBag from /home/airflow/.local/lib/python3.12/site-packages/airflow/example_dags/example_skip_dag.py
[2026-04-28T18:24:40.486+0000] {processor.py:840} INFO - DAG(s) 'example_skip_dag' retrieved from /home/airflow/.local/lib/python3.12/site-packages/airflow/example_dags/example_skip_dag.py
[2026-04-28T18:24:40.515+0000] {logging_mixin.py:188} INFO - [2026-04-28T18:24:40.515+0000] {dag.py:3096} INFO - Sync 1 DAGs
[2026-04-28T18:24:40.544+0000] {logging_mixin.py:188} INFO - [2026-04-28T18:24:40.543+0000] {dag.py:3954} INFO - Setting next_dagrun for example_skip_dag to 2026-04-27 00:00:00+00:00, run_after=2026-04-28 00:00:00+00:00
[2026-04-28T18:24:40.568+0000] {processor.py:183} INFO - Processing /home/airflow/.local/lib/python3.12/site-packages/airflow/example_dags/example_skip_dag.py took 0.108 seconds
[2026-04-28T18:25:10.773+0000] {processor.py:161} INFO - Started process (PID=2931) to work on /home/airflow/.local/lib/python3.12/site-packages/airflow/example_dags/example_skip_dag.py
[2026-04-28T18:25:10.774+0000] {processor.py:830} INFO - Processing file /home/airflow/.local/lib/python3.12/site-packages/airflow/example_dags/example_skip_dag.py for tasks to queue
[2026-04-28T18:25:10.776+0000] {logging_mixin.py:188} INFO - [2026-04-28T18:25:10.776+0000] {dagbag.py:540} INFO - Filling up the DagBag from /home/airflow/.local/lib/python3.12/site-packages/airflow/example_dags/example_skip_dag.py
[2026-04-28T18:25:10.785+0000] {processor.py:840} INFO - DAG(s) 'example_skip_dag' retrieved from /home/airflow/.local/lib/python3.12/site-packages/airflow/example_dags/example_skip_dag.py
[2026-04-28T18:25:10.810+0000] {logging_mixin.py:188} INFO - [2026-04-28T18:25:10.810+0000] {dag.py:3096} INFO - Sync 1 DAGs
[2026-04-28T18:25:10.841+0000] {logging_mixin.py:188} INFO - [2026-04-28T18:25:10.840+0000] {dag.py:3954} INFO - Setting next_dagrun for example_skip_dag to 2026-04-27 00:00:00+00:00, run_after=2026-04-28 00:00:00+00:00
[2026-04-28T18:25:10.864+0000] {processor.py:183} INFO - Processing /home/airflow/.local/lib/python3.12/site-packages/airflow/example_dags/example_skip_dag.py took 0.098 seconds
[2026-04-28T18:25:41.449+0000] {processor.py:161} INFO - Started process (PID=2991) to work on /home/airflow/.local/lib/python3.12/site-packages/airflow/example_dags/example_skip_dag.py
[2026-04-28T18:25:41.498+0000] {processor.py:830} INFO - Processing file /home/airflow/.local/lib/python3.12/site-packages/airflow/example_dags/example_skip_dag.py for tasks to queue
[2026-04-28T18:25:41.502+0000] {logging_mixin.py:188} INFO - [2026-04-28T18:25:41.502+0000] {dagbag.py:540} INFO - Filling up the DagBag from /home/airflow/.local/lib/python3.12/site-packages/airflow/example_dags/example_skip_dag.py
[2026-04-28T18:25:41.523+0000] {processor.py:840} INFO - DAG(s) 'example_skip_dag' retrieved from /home/airflow/.local/lib/python3.12/site-packages/airflow/example_dags/example_skip_dag.py
[2026-04-28T18:25:41.603+0000] {logging_mixin.py:188} INFO - [2026-04-28T18:25:41.602+0000] {dag.py:3096} INFO - Sync 1 DAGs
[2026-04-28T18:25:41.655+0000] {logging_mixin.py:188} INFO - [2026-04-28T18:25:41.654+0000] {dag.py:3954} INFO - Setting next_dagrun for example_skip_dag to 2026-04-27 00:00:00+00:00, run_after=2026-04-28 00:00:00+00:00
[2026-04-28T18:25:41.700+0000] {processor.py:183} INFO - Processing /home/airflow/.local/lib/python3.12/site-packages/airflow/example_dags/example_skip_dag.py took 0.256 seconds
[2026-04-28T18:26:12.660+0000] {processor.py:161} INFO - Started process (PID=3050) to work on /home/airflow/.local/lib/python3.12/site-packages/airflow/example_dags/example_skip_dag.py
[2026-04-28T18:26:12.661+0000] {processor.py:830} INFO - Processing file /home/airflow/.local/lib/python3.12/site-packages/airflow/example_dags/example_skip_dag.py for tasks to queue
[2026-04-28T18:26:12.663+0000] {logging_mixin.py:188} INFO - [2026-04-28T18:26:12.663+0000] {dagbag.py:540} INFO - Filling up the DagBag from /home/airflow/.local/lib/python3.12/site-packages/airflow/example_dags/example_skip_dag.py
[2026-04-28T18:26:12.673+0000] {processor.py:840} INFO - DAG(s) 'example_skip_dag' retrieved from /home/airflow/.local/lib/python3.12/site-packages/airflow/example_dags/example_skip_dag.py
[2026-04-28T18:26:12.708+0000] {logging_mixin.py:188} INFO - [2026-04-28T18:26:12.708+0000] {dag.py:3096} INFO - Sync 1 DAGs
[2026-04-28T18:26:12.728+0000] {logging_mixin.py:188} INFO - [2026-04-28T18:26:12.728+0000] {dag.py:3954} INFO - Setting next_dagrun for example_skip_dag to 2026-04-27 00:00:00+00:00, run_after=2026-04-28 00:00:00+00:00
[2026-04-28T18:26:12.745+0000] {processor.py:183} INFO - Processing /home/airflow/.local/lib/python3.12/site-packages/airflow/example_dags/example_skip_dag.py took 0.097 seconds
[2026-04-28T18:26:43.481+0000] {processor.py:161} INFO - Started process (PID=3108) to work on /home/airflow/.local/lib/python3.12/site-packages/airflow/example_dags/example_skip_dag.py
[2026-04-28T18:26:43.489+0000] {processor.py:830} INFO - Processing file /home/airflow/.local/lib/python3.12/site-packages/airflow/example_dags/example_skip_dag.py for tasks to queue
[2026-04-28T18:26:43.491+0000] {logging_mixin.py:188} INFO - [2026-04-28T18:26:43.491+0000] {dagbag.py:540} INFO - Filling up the DagBag from /home/airflow/.local/lib/python3.12/site-packages/airflow/example_dags/example_skip_dag.py
[2026-04-28T18:26:43.499+0000] {processor.py:840} INFO - DAG(s) 'example_skip_dag' retrieved from /home/airflow/.local/lib/python3.12/site-packages/airflow/example_dags/example_skip_dag.py
[2026-04-28T18:26:43.527+0000] {logging_mixin.py:188} INFO - [2026-04-28T18:26:43.527+0000] {dag.py:3096} INFO - Sync 1 DAGs
[2026-04-28T18:26:43.555+0000] {logging_mixin.py:188} INFO - [2026-04-28T18:26:43.555+0000] {dag.py:3954} INFO - Setting next_dagrun for example_skip_dag to 2026-04-27 00:00:00+00:00, run_after=2026-04-28 00:00:00+00:00
[2026-04-28T18:26:43.576+0000] {processor.py:183} INFO - Processing /home/airflow/.local/lib/python3.12/site-packages/airflow/example_dags/example_skip_dag.py took 0.100 seconds
[2026-04-28T18:27:13.644+0000] {processor.py:161} INFO - Started process (PID=3168) to work on /home/airflow/.local/lib/python3.12/site-packages/airflow/example_dags/example_skip_dag.py
[2026-04-28T18:27:13.645+0000] {processor.py:830} INFO - Processing file /home/airflow/.local/lib/python3.12/site-packages/airflow/example_dags/example_skip_dag.py for tasks to queue
[2026-04-28T18:27:13.652+0000] {logging_mixin.py:188} INFO - [2026-04-28T18:27:13.652+0000] {dagbag.py:540} INFO - Filling up the DagBag from /home/airflow/.local/lib/python3.12/site-packages/airflow/example_dags/example_skip_dag.py
[2026-04-28T18:27:13.667+0000] {processor.py:840} INFO - DAG(s) 'example_skip_dag' retrieved from /home/airflow/.local/lib/python3.12/site-packages/airflow/example_dags/example_skip_dag.py
[2026-04-28T18:27:13.721+0000] {logging_mixin.py:188} INFO - [2026-04-28T18:27:13.720+0000] {dag.py:3096} INFO - Sync 1 DAGs
[2026-04-28T18:27:13.783+0000] {logging_mixin.py:188} INFO - [2026-04-28T18:27:13.782+0000] {dag.py:3954} INFO - Setting next_dagrun for example_skip_dag to 2026-04-27 00:00:00+00:00, run_after=2026-04-28 00:00:00+00:00
[2026-04-28T18:27:13.830+0000] {processor.py:183} INFO - Processing /home/airflow/.local/lib/python3.12/site-packages/airflow/example_dags/example_skip_dag.py took 0.198 seconds
[2026-04-28T18:27:44.744+0000] {processor.py:161} INFO - Started process (PID=3228) to work on /home/airflow/.local/lib/python3.12/site-packages/airflow/example_dags/example_skip_dag.py
[2026-04-28T18:27:44.745+0000] {processor.py:830} INFO - Processing file /home/airflow/.local/lib/python3.12/site-packages/airflow/example_dags/example_skip_dag.py for tasks to queue
[2026-04-28T18:27:44.747+0000] {logging_mixin.py:188} INFO - [2026-04-28T18:27:44.747+0000] {dagbag.py:540} INFO - Filling up the DagBag from /home/airflow/.local/lib/python3.12/site-packages/airflow/example_dags/example_skip_dag.py
[2026-04-28T18:27:44.756+0000] {processor.py:840} INFO - DAG(s) 'example_skip_dag' retrieved from /home/airflow/.local/lib/python3.12/site-packages/airflow/example_dags/example_skip_dag.py
[2026-04-28T18:27:44.785+0000] {logging_mixin.py:188} INFO - [2026-04-28T18:27:44.785+0000] {dag.py:3096} INFO - Sync 1 DAGs
[2026-04-28T18:27:44.823+0000] {logging_mixin.py:188} INFO - [2026-04-28T18:27:44.822+0000] {dag.py:3954} INFO - Setting next_dagrun for example_skip_dag to 2026-04-27 00:00:00+00:00, run_after=2026-04-28 00:00:00+00:00
[2026-04-28T18:27:44.845+0000] {processor.py:183} INFO - Processing /home/airflow/.local/lib/python3.12/site-packages/airflow/example_dags/example_skip_dag.py took 0.108 seconds
[2026-04-28T18:28:15.787+0000] {processor.py:161} INFO - Started process (PID=3288) to work on /home/airflow/.local/lib/python3.12/site-packages/airflow/example_dags/example_skip_dag.py
[2026-04-28T18:28:15.790+0000] {processor.py:830} INFO - Processing file /home/airflow/.local/lib/python3.12/site-packages/airflow/example_dags/example_skip_dag.py for tasks to queue
[2026-04-28T18:28:15.793+0000] {logging_mixin.py:188} INFO - [2026-04-28T18:28:15.792+0000] {dagbag.py:540} INFO - Filling up the DagBag from /home/airflow/.local/lib/python3.12/site-packages/airflow/example_dags/example_skip_dag.py
[2026-04-28T18:28:15.816+0000] {processor.py:840} INFO - DAG(s) 'example_skip_dag' retrieved from /home/airflow/.local/lib/python3.12/site-packages/airflow/example_dags/example_skip_dag.py
[2026-04-28T18:28:15.853+0000] {logging_mixin.py:188} INFO - [2026-04-28T18:28:15.853+0000] {dag.py:3096} INFO - Sync 1 DAGs
[2026-04-28T18:28:15.879+0000] {logging_mixin.py:188} INFO - [2026-04-28T18:28:15.879+0000] {dag.py:3954} INFO - Setting next_dagrun for example_skip_dag to 2026-04-27 00:00:00+00:00, run_after=2026-04-28 00:00:00+00:00
[2026-04-28T18:28:15.898+0000] {processor.py:183} INFO - Processing /home/airflow/.local/lib/python3.12/site-packages/airflow/example_dags/example_skip_dag.py took 0.126 seconds
[2026-04-28T18:28:46.214+0000] {processor.py:161} INFO - Started process (PID=3348) to work on /home/airflow/.local/lib/python3.12/site-packages/airflow/example_dags/example_skip_dag.py
[2026-04-28T18:28:46.218+0000] {processor.py:830} INFO - Processing file /home/airflow/.local/lib/python3.12/site-packages/airflow/example_dags/example_skip_dag.py for tasks to queue
[2026-04-28T18:28:46.226+0000] {logging_mixin.py:188} INFO - [2026-04-28T18:28:46.226+0000] {dagbag.py:540} INFO - Filling up the DagBag from /home/airflow/.local/lib/python3.12/site-packages/airflow/example_dags/example_skip_dag.py
[2026-04-28T18:28:46.246+0000] {processor.py:840} INFO - DAG(s) 'example_skip_dag' retrieved from /home/airflow/.local/lib/python3.12/site-packages/airflow/example_dags/example_skip_dag.py
[2026-04-28T18:28:46.270+0000] {logging_mixin.py:188} INFO - [2026-04-28T18:28:46.270+0000] {dag.py:3096} INFO - Sync 1 DAGs
[2026-04-28T18:28:46.307+0000] {logging_mixin.py:188} INFO - [2026-04-28T18:28:46.306+0000] {dag.py:3954} INFO - Setting next_dagrun for example_skip_dag to 2026-04-27 00:00:00+00:00, run_after=2026-04-28 00:00:00+00:00
[2026-04-28T18:28:46.370+0000] {processor.py:183} INFO - Processing /home/airflow/.local/lib/python3.12/site-packages/airflow/example_dags/example_skip_dag.py took 0.183 seconds
[2026-04-28T18:29:16.475+0000] {processor.py:161} INFO - Started process (PID=3409) to work on /home/airflow/.local/lib/python3.12/site-packages/airflow/example_dags/example_skip_dag.py
[2026-04-28T18:29:16.483+0000] {processor.py:830} INFO - Processing file /home/airflow/.local/lib/python3.12/site-packages/airflow/example_dags/example_skip_dag.py for tasks to queue
[2026-04-28T18:29:16.486+0000] {logging_mixin.py:188} INFO - [2026-04-28T18:29:16.485+0000] {dagbag.py:540} INFO - Filling up the DagBag from /home/airflow/.local/lib/python3.12/site-packages/airflow/example_dags/example_skip_dag.py
[2026-04-28T18:29:16.494+0000] {processor.py:840} INFO - DAG(s) 'example_skip_dag' retrieved from /home/airflow/.local/lib/python3.12/site-packages/airflow/example_dags/example_skip_dag.py
[2026-04-28T18:29:16.543+0000] {logging_mixin.py:188} INFO - [2026-04-28T18:29:16.543+0000] {dag.py:3096} INFO - Sync 1 DAGs
[2026-04-28T18:29:16.605+0000] {logging_mixin.py:188} INFO - [2026-04-28T18:29:16.605+0000] {dag.py:3954} INFO - Setting next_dagrun for example_skip_dag to 2026-04-27 00:00:00+00:00, run_after=2026-04-28 00:00:00+00:00
[2026-04-28T18:29:16.695+0000] {processor.py:183} INFO - Processing /home/airflow/.local/lib/python3.12/site-packages/airflow/example_dags/example_skip_dag.py took 0.239 seconds
[2026-04-28T18:29:47.187+0000] {processor.py:161} INFO - Started process (PID=3469) to work on /home/airflow/.local/lib/python3.12/site-packages/airflow/example_dags/example_skip_dag.py
[2026-04-28T18:29:47.187+0000] {processor.py:830} INFO - Processing file /home/airflow/.local/lib/python3.12/site-packages/airflow/example_dags/example_skip_dag.py for tasks to queue
[2026-04-28T18:29:47.191+0000] {logging_mixin.py:188} INFO - [2026-04-28T18:29:47.191+0000] {dagbag.py:540} INFO - Filling up the DagBag from /home/airflow/.local/lib/python3.12/site-packages/airflow/example_dags/example_skip_dag.py
[2026-04-28T18:29:47.215+0000] {processor.py:840} INFO - DAG(s) 'example_skip_dag' retrieved from /home/airflow/.local/lib/python3.12/site-packages/airflow/example_dags/example_skip_dag.py
[2026-04-28T18:29:47.304+0000] {logging_mixin.py:188} INFO - [2026-04-28T18:29:47.304+0000] {dag.py:3096} INFO - Sync 1 DAGs
[2026-04-28T18:29:47.352+0000] {logging_mixin.py:188} INFO - [2026-04-28T18:29:47.352+0000] {dag.py:3954} INFO - Setting next_dagrun for example_skip_dag to 2026-04-27 00:00:00+00:00, run_after=2026-04-28 00:00:00+00:00
[2026-04-28T18:29:47.380+0000] {processor.py:183} INFO - Processing /home/airflow/.local/lib/python3.12/site-packages/airflow/example_dags/example_skip_dag.py took 0.208 seconds
[2026-04-28T18:30:18.094+0000] {processor.py:161} INFO - Started process (PID=3529) to work on /home/airflow/.local/lib/python3.12/site-packages/airflow/example_dags/example_skip_dag.py
[2026-04-28T18:30:18.097+0000] {processor.py:830} INFO - Processing file /home/airflow/.local/lib/python3.12/site-packages/airflow/example_dags/example_skip_dag.py for tasks to queue
[2026-04-28T18:30:18.101+0000] {logging_mixin.py:188} INFO - [2026-04-28T18:30:18.101+0000] {dagbag.py:540} INFO - Filling up the DagBag from /home/airflow/.local/lib/python3.12/site-packages/airflow/example_dags/example_skip_dag.py
[2026-04-28T18:30:18.114+0000] {processor.py:840} INFO - DAG(s) 'example_skip_dag' retrieved from /home/airflow/.local/lib/python3.12/site-packages/airflow/example_dags/example_skip_dag.py
[2026-04-28T18:30:18.146+0000] {logging_mixin.py:188} INFO - [2026-04-28T18:30:18.145+0000] {dag.py:3096} INFO - Sync 1 DAGs
[2026-04-28T18:30:18.177+0000] {logging_mixin.py:188} INFO - [2026-04-28T18:30:18.176+0000] {dag.py:3954} INFO - Setting next_dagrun for example_skip_dag to 2026-04-27 00:00:00+00:00, run_after=2026-04-28 00:00:00+00:00
[2026-04-28T18:30:18.195+0000] {processor.py:183} INFO - Processing /home/airflow/.local/lib/python3.12/site-packages/airflow/example_dags/example_skip_dag.py took 0.113 seconds
[2026-04-28T18:30:48.648+0000] {processor.py:161} INFO - Started process (PID=3589) to work on /home/airflow/.local/lib/python3.12/site-packages/airflow/example_dags/example_skip_dag.py
[2026-04-28T18:30:48.657+0000] {processor.py:830} INFO - Processing file /home/airflow/.local/lib/python3.12/site-packages/airflow/example_dags/example_skip_dag.py for tasks to queue
[2026-04-28T18:30:48.664+0000] {logging_mixin.py:188} INFO - [2026-04-28T18:30:48.662+0000] {dagbag.py:540} INFO - Filling up the DagBag from /home/airflow/.local/lib/python3.12/site-packages/airflow/example_dags/example_skip_dag.py
[2026-04-28T18:30:48.677+0000] {processor.py:840} INFO - DAG(s) 'example_skip_dag' retrieved from /home/airflow/.local/lib/python3.12/site-packages/airflow/example_dags/example_skip_dag.py
[2026-04-28T18:30:48.702+0000] {logging_mixin.py:188} INFO - [2026-04-28T18:30:48.701+0000] {dag.py:3096} INFO - Sync 1 DAGs
[2026-04-28T18:30:48.737+0000] {logging_mixin.py:188} INFO - [2026-04-28T18:30:48.737+0000] {dag.py:3954} INFO - Setting next_dagrun for example_skip_dag to 2026-04-27 00:00:00+00:00, run_after=2026-04-28 00:00:00+00:00
[2026-04-28T18:30:48.758+0000] {processor.py:183} INFO - Processing /home/airflow/.local/lib/python3.12/site-packages/airflow/example_dags/example_skip_dag.py took 0.131 seconds
[2026-04-28T18:31:18.918+0000] {processor.py:161} INFO - Started process (PID=3649) to work on /home/airflow/.local/lib/python3.12/site-packages/airflow/example_dags/example_skip_dag.py
[2026-04-28T18:31:18.923+0000] {processor.py:830} INFO - Processing file /home/airflow/.local/lib/python3.12/site-packages/airflow/example_dags/example_skip_dag.py for tasks to queue
[2026-04-28T18:31:18.929+0000] {logging_mixin.py:188} INFO - [2026-04-28T18:31:18.929+0000] {dagbag.py:540} INFO - Filling up the DagBag from /home/airflow/.local/lib/python3.12/site-packages/airflow/example_dags/example_skip_dag.py
[2026-04-28T18:31:18.953+0000] {processor.py:840} INFO - DAG(s) 'example_skip_dag' retrieved from /home/airflow/.local/lib/python3.12/site-packages/airflow/example_dags/example_skip_dag.py
[2026-04-28T18:31:19.019+0000] {logging_mixin.py:188} INFO - [2026-04-28T18:31:19.019+0000] {dag.py:3096} INFO - Sync 1 DAGs
[2026-04-28T18:31:19.069+0000] {logging_mixin.py:188} INFO - [2026-04-28T18:31:19.069+0000] {dag.py:3954} INFO - Setting next_dagrun for example_skip_dag to 2026-04-27 00:00:00+00:00, run_after=2026-04-28 00:00:00+00:00
[2026-04-28T18:31:19.104+0000] {processor.py:183} INFO - Processing /home/airflow/.local/lib/python3.12/site-packages/airflow/example_dags/example_skip_dag.py took 0.215 seconds
[2026-04-28T18:31:49.925+0000] {processor.py:161} INFO - Started process (PID=3708) to work on /home/airflow/.local/lib/python3.12/site-packages/airflow/example_dags/example_skip_dag.py
[2026-04-28T18:31:49.926+0000] {processor.py:830} INFO - Processing file /home/airflow/.local/lib/python3.12/site-packages/airflow/example_dags/example_skip_dag.py for tasks to queue
[2026-04-28T18:31:49.929+0000] {logging_mixin.py:188} INFO - [2026-04-28T18:31:49.928+0000] {dagbag.py:540} INFO - Filling up the DagBag from /home/airflow/.local/lib/python3.12/site-packages/airflow/example_dags/example_skip_dag.py
[2026-04-28T18:31:49.937+0000] {processor.py:840} INFO - DAG(s) 'example_skip_dag' retrieved from /home/airflow/.local/lib/python3.12/site-packages/airflow/example_dags/example_skip_dag.py
[2026-04-28T18:31:49.969+0000] {logging_mixin.py:188} INFO - [2026-04-28T18:31:49.968+0000] {dag.py:3096} INFO - Sync 1 DAGs
[2026-04-28T18:31:50.000+0000] {logging_mixin.py:188} INFO - [2026-04-28T18:31:50.000+0000] {dag.py:3954} INFO - Setting next_dagrun for example_skip_dag to 2026-04-27 00:00:00+00:00, run_after=2026-04-28 00:00:00+00:00
[2026-04-28T18:31:50.035+0000] {processor.py:183} INFO - Processing /home/airflow/.local/lib/python3.12/site-packages/airflow/example_dags/example_skip_dag.py took 0.120 seconds
[2026-04-28T18:32:20.809+0000] {processor.py:161} INFO - Started process (PID=3768) to work on /home/airflow/.local/lib/python3.12/site-packages/airflow/example_dags/example_skip_dag.py
[2026-04-28T18:32:20.810+0000] {processor.py:830} INFO - Processing file /home/airflow/.local/lib/python3.12/site-packages/airflow/example_dags/example_skip_dag.py for tasks to queue
[2026-04-28T18:32:20.812+0000] {logging_mixin.py:188} INFO - [2026-04-28T18:32:20.812+0000] {dagbag.py:540} INFO - Filling up the DagBag from /home/airflow/.local/lib/python3.12/site-packages/airflow/example_dags/example_skip_dag.py
[2026-04-28T18:32:20.828+0000] {processor.py:840} INFO - DAG(s) 'example_skip_dag' retrieved from /home/airflow/.local/lib/python3.12/site-packages/airflow/example_dags/example_skip_dag.py
[2026-04-28T18:32:20.870+0000] {logging_mixin.py:188} INFO - [2026-04-28T18:32:20.870+0000] {dag.py:3096} INFO - Sync 1 DAGs
[2026-04-28T18:32:20.901+0000] {logging_mixin.py:188} INFO - [2026-04-28T18:32:20.901+0000] {dag.py:3954} INFO - Setting next_dagrun for example_skip_dag to 2026-04-27 00:00:00+00:00, run_after=2026-04-28 00:00:00+00:00
[2026-04-28T18:32:20.928+0000] {processor.py:183} INFO - Processing /home/airflow/.local/lib/python3.12/site-packages/airflow/example_dags/example_skip_dag.py took 0.126 seconds
[2026-04-28T18:32:51.093+0000] {processor.py:161} INFO - Started process (PID=3828) to work on /home/airflow/.local/lib/python3.12/site-packages/airflow/example_dags/example_skip_dag.py
[2026-04-28T18:32:51.094+0000] {processor.py:830} INFO - Processing file /home/airflow/.local/lib/python3.12/site-packages/airflow/example_dags/example_skip_dag.py for tasks to queue
[2026-04-28T18:32:51.096+0000] {logging_mixin.py:188} INFO - [2026-04-28T18:32:51.095+0000] {dagbag.py:540} INFO - Filling up the DagBag from /home/airflow/.local/lib/python3.12/site-packages/airflow/example_dags/example_skip_dag.py
[2026-04-28T18:32:51.107+0000] {processor.py:840} INFO - DAG(s) 'example_skip_dag' retrieved from /home/airflow/.local/lib/python3.12/site-packages/airflow/example_dags/example_skip_dag.py
[2026-04-28T18:32:51.158+0000] {logging_mixin.py:188} INFO - [2026-04-28T18:32:51.158+0000] {dag.py:3096} INFO - Sync 1 DAGs
[2026-04-28T18:32:51.235+0000] {logging_mixin.py:188} INFO - [2026-04-28T18:32:51.234+0000] {dag.py:3954} INFO - Setting next_dagrun for example_skip_dag to 2026-04-27 00:00:00+00:00, run_after=2026-04-28 00:00:00+00:00
[2026-04-28T18:32:51.298+0000] {processor.py:183} INFO - Processing /home/airflow/.local/lib/python3.12/site-packages/airflow/example_dags/example_skip_dag.py took 0.212 seconds
[2026-04-28T18:33:21.494+0000] {processor.py:161} INFO - Started process (PID=3890) to work on /home/airflow/.local/lib/python3.12/site-packages/airflow/example_dags/example_skip_dag.py
[2026-04-28T18:33:21.495+0000] {processor.py:830} INFO - Processing file /home/airflow/.local/lib/python3.12/site-packages/airflow/example_dags/example_skip_dag.py for tasks to queue
[2026-04-28T18:33:21.497+0000] {logging_mixin.py:188} INFO - [2026-04-28T18:33:21.497+0000] {dagbag.py:540} INFO - Filling up the DagBag from /home/airflow/.local/lib/python3.12/site-packages/airflow/example_dags/example_skip_dag.py
[2026-04-28T18:33:21.506+0000] {processor.py:840} INFO - DAG(s) 'example_skip_dag' retrieved from /home/airflow/.local/lib/python3.12/site-packages/airflow/example_dags/example_skip_dag.py
[2026-04-28T18:33:21.527+0000] {logging_mixin.py:188} INFO - [2026-04-28T18:33:21.527+0000] {dag.py:3096} INFO - Sync 1 DAGs
[2026-04-28T18:33:21.545+0000] {logging_mixin.py:188} INFO - [2026-04-28T18:33:21.545+0000] {dag.py:3954} INFO - Setting next_dagrun for example_skip_dag to 2026-04-27 00:00:00+00:00, run_after=2026-04-28 00:00:00+00:00
[2026-04-28T18:33:21.559+0000] {processor.py:183} INFO - Processing /home/airflow/.local/lib/python3.12/site-packages/airflow/example_dags/example_skip_dag.py took 0.071 seconds
[2026-04-28T18:33:52.065+0000] {processor.py:161} INFO - Started process (PID=3955) to work on /home/airflow/.local/lib/python3.12/site-packages/airflow/example_dags/example_skip_dag.py
[2026-04-28T18:33:52.066+0000] {processor.py:830} INFO - Processing file /home/airflow/.local/lib/python3.12/site-packages/airflow/example_dags/example_skip_dag.py for tasks to queue
[2026-04-28T18:33:52.068+0000] {logging_mixin.py:188} INFO - [2026-04-28T18:33:52.068+0000] {dagbag.py:540} INFO - Filling up the DagBag from /home/airflow/.local/lib/python3.12/site-packages/airflow/example_dags/example_skip_dag.py
[2026-04-28T18:33:52.085+0000] {processor.py:840} INFO - DAG(s) 'example_skip_dag' retrieved from /home/airflow/.local/lib/python3.12/site-packages/airflow/example_dags/example_skip_dag.py
[2026-04-28T18:33:52.144+0000] {logging_mixin.py:188} INFO - [2026-04-28T18:33:52.143+0000] {dag.py:3096} INFO - Sync 1 DAGs
[2026-04-28T18:33:52.197+0000] {logging_mixin.py:188} INFO - [2026-04-28T18:33:52.197+0000] {dag.py:3954} INFO - Setting next_dagrun for example_skip_dag to 2026-04-27 00:00:00+00:00, run_after=2026-04-28 00:00:00+00:00
[2026-04-28T18:33:52.238+0000] {processor.py:183} INFO - Processing /home/airflow/.local/lib/python3.12/site-packages/airflow/example_dags/example_skip_dag.py took 0.180 seconds
[2026-04-28T18:34:22.862+0000] {processor.py:161} INFO - Started process (PID=4015) to work on /home/airflow/.local/lib/python3.12/site-packages/airflow/example_dags/example_skip_dag.py
[2026-04-28T18:34:22.864+0000] {processor.py:830} INFO - Processing file /home/airflow/.local/lib/python3.12/site-packages/airflow/example_dags/example_skip_dag.py for tasks to queue
[2026-04-28T18:34:22.866+0000] {logging_mixin.py:188} INFO - [2026-04-28T18:34:22.865+0000] {dagbag.py:540} INFO - Filling up the DagBag from /home/airflow/.local/lib/python3.12/site-packages/airflow/example_dags/example_skip_dag.py
[2026-04-28T18:34:22.874+0000] {processor.py:840} INFO - DAG(s) 'example_skip_dag' retrieved from /home/airflow/.local/lib/python3.12/site-packages/airflow/example_dags/example_skip_dag.py
[2026-04-28T18:34:22.902+0000] {logging_mixin.py:188} INFO - [2026-04-28T18:34:22.901+0000] {dag.py:3096} INFO - Sync 1 DAGs
[2026-04-28T18:34:22.928+0000] {logging_mixin.py:188} INFO - [2026-04-28T18:34:22.927+0000] {dag.py:3954} INFO - Setting next_dagrun for example_skip_dag to 2026-04-27 00:00:00+00:00, run_after=2026-04-28 00:00:00+00:00
[2026-04-28T18:34:22.948+0000] {processor.py:183} INFO - Processing /home/airflow/.local/lib/python3.12/site-packages/airflow/example_dags/example_skip_dag.py took 0.103 seconds
[2026-04-28T18:34:53.391+0000] {processor.py:161} INFO - Started process (PID=4075) to work on /home/airflow/.local/lib/python3.12/site-packages/airflow/example_dags/example_skip_dag.py
[2026-04-28T18:34:53.391+0000] {processor.py:830} INFO - Processing file /home/airflow/.local/lib/python3.12/site-packages/airflow/example_dags/example_skip_dag.py for tasks to queue
[2026-04-28T18:34:53.395+0000] {logging_mixin.py:188} INFO - [2026-04-28T18:34:53.393+0000] {dagbag.py:540} INFO - Filling up the DagBag from /home/airflow/.local/lib/python3.12/site-packages/airflow/example_dags/example_skip_dag.py
[2026-04-28T18:34:53.403+0000] {processor.py:840} INFO - DAG(s) 'example_skip_dag' retrieved from /home/airflow/.local/lib/python3.12/site-packages/airflow/example_dags/example_skip_dag.py
[2026-04-28T18:34:53.432+0000] {logging_mixin.py:188} INFO - [2026-04-28T18:34:53.432+0000] {dag.py:3096} INFO - Sync 1 DAGs
[2026-04-28T18:34:53.461+0000] {logging_mixin.py:188} INFO - [2026-04-28T18:34:53.461+0000] {dag.py:3954} INFO - Setting next_dagrun for example_skip_dag to 2026-04-27 00:00:00+00:00, run_after=2026-04-28 00:00:00+00:00
[2026-04-28T18:34:53.488+0000] {processor.py:183} INFO - Processing /home/airflow/.local/lib/python3.12/site-packages/airflow/example_dags/example_skip_dag.py took 0.111 seconds
[2026-04-28T18:35:24.056+0000] {processor.py:161} INFO - Started process (PID=4135) to work on /home/airflow/.local/lib/python3.12/site-packages/airflow/example_dags/example_skip_dag.py
[2026-04-28T18:35:24.057+0000] {processor.py:830} INFO - Processing file /home/airflow/.local/lib/python3.12/site-packages/airflow/example_dags/example_skip_dag.py for tasks to queue
[2026-04-28T18:35:24.059+0000] {logging_mixin.py:188} INFO - [2026-04-28T18:35:24.058+0000] {dagbag.py:540} INFO - Filling up the DagBag from /home/airflow/.local/lib/python3.12/site-packages/airflow/example_dags/example_skip_dag.py
[2026-04-28T18:35:24.067+0000] {processor.py:840} INFO - DAG(s) 'example_skip_dag' retrieved from /home/airflow/.local/lib/python3.12/site-packages/airflow/example_dags/example_skip_dag.py
[2026-04-28T18:35:24.094+0000] {logging_mixin.py:188} INFO - [2026-04-28T18:35:24.093+0000] {dag.py:3096} INFO - Sync 1 DAGs
[2026-04-28T18:35:24.135+0000] {logging_mixin.py:188} INFO - [2026-04-28T18:35:24.135+0000] {dag.py:3954} INFO - Setting next_dagrun for example_skip_dag to 2026-04-27 00:00:00+00:00, run_after=2026-04-28 00:00:00+00:00
[2026-04-28T18:35:24.154+0000] {processor.py:183} INFO - Processing /home/airflow/.local/lib/python3.12/site-packages/airflow/example_dags/example_skip_dag.py took 0.106 seconds
[2026-04-28T19:05:35.319+0000] {processor.py:161} INFO - Started process (PID=103) to work on /home/airflow/.local/lib/python3.12/site-packages/airflow/example_dags/example_skip_dag.py
[2026-04-28T19:05:35.324+0000] {processor.py:830} INFO - Processing file /home/airflow/.local/lib/python3.12/site-packages/airflow/example_dags/example_skip_dag.py for tasks to queue
[2026-04-28T19:05:35.328+0000] {logging_mixin.py:188} INFO - [2026-04-28T19:05:35.327+0000] {dagbag.py:540} INFO - Filling up the DagBag from /home/airflow/.local/lib/python3.12/site-packages/airflow/example_dags/example_skip_dag.py
[2026-04-28T19:05:35.355+0000] {processor.py:840} INFO - DAG(s) 'example_skip_dag' retrieved from /home/airflow/.local/lib/python3.12/site-packages/airflow/example_dags/example_skip_dag.py
[2026-04-28T19:05:35.434+0000] {logging_mixin.py:188} INFO - [2026-04-28T19:05:35.433+0000] {dag.py:3096} INFO - Sync 1 DAGs
[2026-04-28T19:05:35.531+0000] {logging_mixin.py:188} INFO - [2026-04-28T19:05:35.529+0000] {dag.py:3954} INFO - Setting next_dagrun for example_skip_dag to 2026-04-27 00:00:00+00:00, run_after=2026-04-28 00:00:00+00:00
[2026-04-28T19:05:35.681+0000] {processor.py:183} INFO - Processing /home/airflow/.local/lib/python3.12/site-packages/airflow/example_dags/example_skip_dag.py took 0.403 seconds
[2026-04-28T19:06:06.691+0000] {processor.py:161} INFO - Started process (PID=163) to work on /home/airflow/.local/lib/python3.12/site-packages/airflow/example_dags/example_skip_dag.py
[2026-04-28T19:06:06.696+0000] {processor.py:830} INFO - Processing file /home/airflow/.local/lib/python3.12/site-packages/airflow/example_dags/example_skip_dag.py for tasks to queue
[2026-04-28T19:06:06.702+0000] {logging_mixin.py:188} INFO - [2026-04-28T19:06:06.702+0000] {dagbag.py:540} INFO - Filling up the DagBag from /home/airflow/.local/lib/python3.12/site-packages/airflow/example_dags/example_skip_dag.py
[2026-04-28T19:06:06.733+0000] {processor.py:840} INFO - DAG(s) 'example_skip_dag' retrieved from /home/airflow/.local/lib/python3.12/site-packages/airflow/example_dags/example_skip_dag.py
[2026-04-28T19:06:06.837+0000] {logging_mixin.py:188} INFO - [2026-04-28T19:06:06.837+0000] {dag.py:3096} INFO - Sync 1 DAGs
[2026-04-28T19:06:07.093+0000] {logging_mixin.py:188} INFO - [2026-04-28T19:06:07.093+0000] {dag.py:3954} INFO - Setting next_dagrun for example_skip_dag to 2026-04-27 00:00:00+00:00, run_after=2026-04-28 00:00:00+00:00
[2026-04-28T19:06:07.353+0000] {processor.py:183} INFO - Processing /home/airflow/.local/lib/python3.12/site-packages/airflow/example_dags/example_skip_dag.py took 0.677 seconds
[2026-04-28T19:06:38.112+0000] {processor.py:161} INFO - Started process (PID=224) to work on /home/airflow/.local/lib/python3.12/site-packages/airflow/example_dags/example_skip_dag.py
[2026-04-28T19:06:38.113+0000] {processor.py:830} INFO - Processing file /home/airflow/.local/lib/python3.12/site-packages/airflow/example_dags/example_skip_dag.py for tasks to queue
[2026-04-28T19:06:38.115+0000] {logging_mixin.py:188} INFO - [2026-04-28T19:06:38.114+0000] {dagbag.py:540} INFO - Filling up the DagBag from /home/airflow/.local/lib/python3.12/site-packages/airflow/example_dags/example_skip_dag.py
[2026-04-28T19:06:38.122+0000] {processor.py:840} INFO - DAG(s) 'example_skip_dag' retrieved from /home/airflow/.local/lib/python3.12/site-packages/airflow/example_dags/example_skip_dag.py
[2026-04-28T19:06:38.148+0000] {logging_mixin.py:188} INFO - [2026-04-28T19:06:38.148+0000] {dag.py:3096} INFO - Sync 1 DAGs
[2026-04-28T19:06:38.176+0000] {logging_mixin.py:188} INFO - [2026-04-28T19:06:38.176+0000] {dag.py:3954} INFO - Setting next_dagrun for example_skip_dag to 2026-04-27 00:00:00+00:00, run_after=2026-04-28 00:00:00+00:00
[2026-04-28T19:06:38.203+0000] {processor.py:183} INFO - Processing /home/airflow/.local/lib/python3.12/site-packages/airflow/example_dags/example_skip_dag.py took 0.097 seconds
[2026-04-28T19:07:09.092+0000] {processor.py:161} INFO - Started process (PID=284) to work on /home/airflow/.local/lib/python3.12/site-packages/airflow/example_dags/example_skip_dag.py
[2026-04-28T19:07:09.093+0000] {processor.py:830} INFO - Processing file /home/airflow/.local/lib/python3.12/site-packages/airflow/example_dags/example_skip_dag.py for tasks to queue
[2026-04-28T19:07:09.095+0000] {logging_mixin.py:188} INFO - [2026-04-28T19:07:09.095+0000] {dagbag.py:540} INFO - Filling up the DagBag from /home/airflow/.local/lib/python3.12/site-packages/airflow/example_dags/example_skip_dag.py
[2026-04-28T19:07:09.103+0000] {processor.py:840} INFO - DAG(s) 'example_skip_dag' retrieved from /home/airflow/.local/lib/python3.12/site-packages/airflow/example_dags/example_skip_dag.py
[2026-04-28T19:07:09.129+0000] {logging_mixin.py:188} INFO - [2026-04-28T19:07:09.128+0000] {dag.py:3096} INFO - Sync 1 DAGs
[2026-04-28T19:07:09.154+0000] {logging_mixin.py:188} INFO - [2026-04-28T19:07:09.154+0000] {dag.py:3954} INFO - Setting next_dagrun for example_skip_dag to 2026-04-27 00:00:00+00:00, run_after=2026-04-28 00:00:00+00:00
[2026-04-28T19:07:09.179+0000] {processor.py:183} INFO - Processing /home/airflow/.local/lib/python3.12/site-packages/airflow/example_dags/example_skip_dag.py took 0.093 seconds
[2026-04-28T19:07:39.684+0000] {processor.py:161} INFO - Started process (PID=344) to work on /home/airflow/.local/lib/python3.12/site-packages/airflow/example_dags/example_skip_dag.py
[2026-04-28T19:07:39.685+0000] {processor.py:830} INFO - Processing file /home/airflow/.local/lib/python3.12/site-packages/airflow/example_dags/example_skip_dag.py for tasks to queue
[2026-04-28T19:07:39.687+0000] {logging_mixin.py:188} INFO - [2026-04-28T19:07:39.687+0000] {dagbag.py:540} INFO - Filling up the DagBag from /home/airflow/.local/lib/python3.12/site-packages/airflow/example_dags/example_skip_dag.py
[2026-04-28T19:07:39.695+0000] {processor.py:840} INFO - DAG(s) 'example_skip_dag' retrieved from /home/airflow/.local/lib/python3.12/site-packages/airflow/example_dags/example_skip_dag.py
[2026-04-28T19:07:39.720+0000] {logging_mixin.py:188} INFO - [2026-04-28T19:07:39.720+0000] {dag.py:3096} INFO - Sync 1 DAGs
[2026-04-28T19:07:39.746+0000] {logging_mixin.py:188} INFO - [2026-04-28T19:07:39.746+0000] {dag.py:3954} INFO - Setting next_dagrun for example_skip_dag to 2026-04-27 00:00:00+00:00, run_after=2026-04-28 00:00:00+00:00
[2026-04-28T19:07:39.769+0000] {processor.py:183} INFO - Processing /home/airflow/.local/lib/python3.12/site-packages/airflow/example_dags/example_skip_dag.py took 0.091 seconds
[2026-04-28T19:08:10.081+0000] {processor.py:161} INFO - Started process (PID=403) to work on /home/airflow/.local/lib/python3.12/site-packages/airflow/example_dags/example_skip_dag.py
[2026-04-28T19:08:10.085+0000] {processor.py:830} INFO - Processing file /home/airflow/.local/lib/python3.12/site-packages/airflow/example_dags/example_skip_dag.py for tasks to queue
[2026-04-28T19:08:10.092+0000] {logging_mixin.py:188} INFO - [2026-04-28T19:08:10.087+0000] {dagbag.py:540} INFO - Filling up the DagBag from /home/airflow/.local/lib/python3.12/site-packages/airflow/example_dags/example_skip_dag.py
[2026-04-28T19:08:10.106+0000] {processor.py:840} INFO - DAG(s) 'example_skip_dag' retrieved from /home/airflow/.local/lib/python3.12/site-packages/airflow/example_dags/example_skip_dag.py
[2026-04-28T19:08:10.129+0000] {logging_mixin.py:188} INFO - [2026-04-28T19:08:10.129+0000] {dag.py:3096} INFO - Sync 1 DAGs
[2026-04-28T19:08:10.155+0000] {logging_mixin.py:188} INFO - [2026-04-28T19:08:10.155+0000] {dag.py:3954} INFO - Setting next_dagrun for example_skip_dag to 2026-04-27 00:00:00+00:00, run_after=2026-04-28 00:00:00+00:00
[2026-04-28T19:08:10.176+0000] {processor.py:183} INFO - Processing /home/airflow/.local/lib/python3.12/site-packages/airflow/example_dags/example_skip_dag.py took 0.105 seconds
[2026-04-28T19:08:40.615+0000] {processor.py:161} INFO - Started process (PID=463) to work on /home/airflow/.local/lib/python3.12/site-packages/airflow/example_dags/example_skip_dag.py
[2026-04-28T19:08:40.616+0000] {processor.py:830} INFO - Processing file /home/airflow/.local/lib/python3.12/site-packages/airflow/example_dags/example_skip_dag.py for tasks to queue
[2026-04-28T19:08:40.618+0000] {logging_mixin.py:188} INFO - [2026-04-28T19:08:40.617+0000] {dagbag.py:540} INFO - Filling up the DagBag from /home/airflow/.local/lib/python3.12/site-packages/airflow/example_dags/example_skip_dag.py
[2026-04-28T19:08:40.625+0000] {processor.py:840} INFO - DAG(s) 'example_skip_dag' retrieved from /home/airflow/.local/lib/python3.12/site-packages/airflow/example_dags/example_skip_dag.py
[2026-04-28T19:08:40.651+0000] {logging_mixin.py:188} INFO - [2026-04-28T19:08:40.651+0000] {dag.py:3096} INFO - Sync 1 DAGs
[2026-04-28T19:08:40.679+0000] {logging_mixin.py:188} INFO - [2026-04-28T19:08:40.678+0000] {dag.py:3954} INFO - Setting next_dagrun for example_skip_dag to 2026-04-27 00:00:00+00:00, run_after=2026-04-28 00:00:00+00:00
[2026-04-28T19:08:40.702+0000] {processor.py:183} INFO - Processing /home/airflow/.local/lib/python3.12/site-packages/airflow/example_dags/example_skip_dag.py took 0.094 seconds
[2026-04-28T19:09:11.133+0000] {processor.py:161} INFO - Started process (PID=523) to work on /home/airflow/.local/lib/python3.12/site-packages/airflow/example_dags/example_skip_dag.py
[2026-04-28T19:09:11.133+0000] {processor.py:830} INFO - Processing file /home/airflow/.local/lib/python3.12/site-packages/airflow/example_dags/example_skip_dag.py for tasks to queue
[2026-04-28T19:09:11.135+0000] {logging_mixin.py:188} INFO - [2026-04-28T19:09:11.135+0000] {dagbag.py:540} INFO - Filling up the DagBag from /home/airflow/.local/lib/python3.12/site-packages/airflow/example_dags/example_skip_dag.py
[2026-04-28T19:09:11.143+0000] {processor.py:840} INFO - DAG(s) 'example_skip_dag' retrieved from /home/airflow/.local/lib/python3.12/site-packages/airflow/example_dags/example_skip_dag.py
[2026-04-28T19:09:11.169+0000] {logging_mixin.py:188} INFO - [2026-04-28T19:09:11.168+0000] {dag.py:3096} INFO - Sync 1 DAGs
[2026-04-28T19:09:11.194+0000] {logging_mixin.py:188} INFO - [2026-04-28T19:09:11.193+0000] {dag.py:3954} INFO - Setting next_dagrun for example_skip_dag to 2026-04-27 00:00:00+00:00, run_after=2026-04-28 00:00:00+00:00
[2026-04-28T19:09:11.216+0000] {processor.py:183} INFO - Processing /home/airflow/.local/lib/python3.12/site-packages/airflow/example_dags/example_skip_dag.py took 0.090 seconds
[2026-04-28T19:09:41.451+0000] {processor.py:161} INFO - Started process (PID=583) to work on /home/airflow/.local/lib/python3.12/site-packages/airflow/example_dags/example_skip_dag.py
[2026-04-28T19:09:41.457+0000] {processor.py:830} INFO - Processing file /home/airflow/.local/lib/python3.12/site-packages/airflow/example_dags/example_skip_dag.py for tasks to queue
[2026-04-28T19:09:41.465+0000] {logging_mixin.py:188} INFO - [2026-04-28T19:09:41.463+0000] {dagbag.py:540} INFO - Filling up the DagBag from /home/airflow/.local/lib/python3.12/site-packages/airflow/example_dags/example_skip_dag.py
[2026-04-28T19:09:41.493+0000] {processor.py:840} INFO - DAG(s) 'example_skip_dag' retrieved from /home/airflow/.local/lib/python3.12/site-packages/airflow/example_dags/example_skip_dag.py
[2026-04-28T19:09:41.581+0000] {logging_mixin.py:188} INFO - [2026-04-28T19:09:41.580+0000] {dag.py:3096} INFO - Sync 1 DAGs
[2026-04-28T19:09:41.637+0000] {logging_mixin.py:188} INFO - [2026-04-28T19:09:41.636+0000] {dag.py:3954} INFO - Setting next_dagrun for example_skip_dag to 2026-04-27 00:00:00+00:00, run_after=2026-04-28 00:00:00+00:00
[2026-04-28T19:09:41.675+0000] {processor.py:183} INFO - Processing /home/airflow/.local/lib/python3.12/site-packages/airflow/example_dags/example_skip_dag.py took 0.250 seconds
[2026-04-28T19:10:13.884+0000] {processor.py:161} INFO - Started process (PID=642) to work on /home/airflow/.local/lib/python3.12/site-packages/airflow/example_dags/example_skip_dag.py
[2026-04-28T19:10:13.889+0000] {processor.py:830} INFO - Processing file /home/airflow/.local/lib/python3.12/site-packages/airflow/example_dags/example_skip_dag.py for tasks to queue
[2026-04-28T19:10:13.895+0000] {logging_mixin.py:188} INFO - [2026-04-28T19:10:13.895+0000] {dagbag.py:540} INFO - Filling up the DagBag from /home/airflow/.local/lib/python3.12/site-packages/airflow/example_dags/example_skip_dag.py
[2026-04-28T19:10:13.921+0000] {processor.py:840} INFO - DAG(s) 'example_skip_dag' retrieved from /home/airflow/.local/lib/python3.12/site-packages/airflow/example_dags/example_skip_dag.py
[2026-04-28T19:10:13.982+0000] {logging_mixin.py:188} INFO - [2026-04-28T19:10:13.975+0000] {dag.py:3096} INFO - Sync 1 DAGs
[2026-04-28T19:10:14.070+0000] {logging_mixin.py:188} INFO - [2026-04-28T19:10:14.070+0000] {dag.py:3954} INFO - Setting next_dagrun for example_skip_dag to 2026-04-27 00:00:00+00:00, run_after=2026-04-28 00:00:00+00:00
[2026-04-28T19:10:14.213+0000] {processor.py:183} INFO - Processing /home/airflow/.local/lib/python3.12/site-packages/airflow/example_dags/example_skip_dag.py took 0.353 seconds
[2026-04-28T19:10:44.965+0000] {processor.py:161} INFO - Started process (PID=702) to work on /home/airflow/.local/lib/python3.12/site-packages/airflow/example_dags/example_skip_dag.py
[2026-04-28T19:10:44.966+0000] {processor.py:830} INFO - Processing file /home/airflow/.local/lib/python3.12/site-packages/airflow/example_dags/example_skip_dag.py for tasks to queue
[2026-04-28T19:10:44.968+0000] {logging_mixin.py:188} INFO - [2026-04-28T19:10:44.968+0000] {dagbag.py:540} INFO - Filling up the DagBag from /home/airflow/.local/lib/python3.12/site-packages/airflow/example_dags/example_skip_dag.py
[2026-04-28T19:10:44.975+0000] {processor.py:840} INFO - DAG(s) 'example_skip_dag' retrieved from /home/airflow/.local/lib/python3.12/site-packages/airflow/example_dags/example_skip_dag.py
[2026-04-28T19:10:44.998+0000] {logging_mixin.py:188} INFO - [2026-04-28T19:10:44.998+0000] {dag.py:3096} INFO - Sync 1 DAGs
[2026-04-28T19:10:45.023+0000] {logging_mixin.py:188} INFO - [2026-04-28T19:10:45.022+0000] {dag.py:3954} INFO - Setting next_dagrun for example_skip_dag to 2026-04-27 00:00:00+00:00, run_after=2026-04-28 00:00:00+00:00
[2026-04-28T19:10:45.046+0000] {processor.py:183} INFO - Processing /home/airflow/.local/lib/python3.12/site-packages/airflow/example_dags/example_skip_dag.py took 0.092 seconds
[2026-04-28T19:11:15.327+0000] {processor.py:161} INFO - Started process (PID=762) to work on /home/airflow/.local/lib/python3.12/site-packages/airflow/example_dags/example_skip_dag.py
[2026-04-28T19:11:15.328+0000] {processor.py:830} INFO - Processing file /home/airflow/.local/lib/python3.12/site-packages/airflow/example_dags/example_skip_dag.py for tasks to queue
[2026-04-28T19:11:15.330+0000] {logging_mixin.py:188} INFO - [2026-04-28T19:11:15.330+0000] {dagbag.py:540} INFO - Filling up the DagBag from /home/airflow/.local/lib/python3.12/site-packages/airflow/example_dags/example_skip_dag.py
[2026-04-28T19:11:15.338+0000] {processor.py:840} INFO - DAG(s) 'example_skip_dag' retrieved from /home/airflow/.local/lib/python3.12/site-packages/airflow/example_dags/example_skip_dag.py
[2026-04-28T19:11:15.363+0000] {logging_mixin.py:188} INFO - [2026-04-28T19:11:15.363+0000] {dag.py:3096} INFO - Sync 1 DAGs
[2026-04-28T19:11:15.390+0000] {logging_mixin.py:188} INFO - [2026-04-28T19:11:15.390+0000] {dag.py:3954} INFO - Setting next_dagrun for example_skip_dag to 2026-04-27 00:00:00+00:00, run_after=2026-04-28 00:00:00+00:00
[2026-04-28T19:11:15.408+0000] {processor.py:183} INFO - Processing /home/airflow/.local/lib/python3.12/site-packages/airflow/example_dags/example_skip_dag.py took 0.088 seconds
[2026-04-28T19:11:45.804+0000] {processor.py:161} INFO - Started process (PID=822) to work on /home/airflow/.local/lib/python3.12/site-packages/airflow/example_dags/example_skip_dag.py
[2026-04-28T19:11:45.805+0000] {processor.py:830} INFO - Processing file /home/airflow/.local/lib/python3.12/site-packages/airflow/example_dags/example_skip_dag.py for tasks to queue
[2026-04-28T19:11:45.807+0000] {logging_mixin.py:188} INFO - [2026-04-28T19:11:45.807+0000] {dagbag.py:540} INFO - Filling up the DagBag from /home/airflow/.local/lib/python3.12/site-packages/airflow/example_dags/example_skip_dag.py
[2026-04-28T19:11:45.814+0000] {processor.py:840} INFO - DAG(s) 'example_skip_dag' retrieved from /home/airflow/.local/lib/python3.12/site-packages/airflow/example_dags/example_skip_dag.py
[2026-04-28T19:11:45.839+0000] {logging_mixin.py:188} INFO - [2026-04-28T19:11:45.838+0000] {dag.py:3096} INFO - Sync 1 DAGs
[2026-04-28T19:11:45.867+0000] {logging_mixin.py:188} INFO - [2026-04-28T19:11:45.867+0000] {dag.py:3954} INFO - Setting next_dagrun for example_skip_dag to 2026-04-27 00:00:00+00:00, run_after=2026-04-28 00:00:00+00:00
[2026-04-28T19:11:45.885+0000] {processor.py:183} INFO - Processing /home/airflow/.local/lib/python3.12/site-packages/airflow/example_dags/example_skip_dag.py took 0.087 seconds
[2026-04-28T19:12:16.660+0000] {processor.py:161} INFO - Started process (PID=882) to work on /home/airflow/.local/lib/python3.12/site-packages/airflow/example_dags/example_skip_dag.py
[2026-04-28T19:12:16.661+0000] {processor.py:830} INFO - Processing file /home/airflow/.local/lib/python3.12/site-packages/airflow/example_dags/example_skip_dag.py for tasks to queue
[2026-04-28T19:12:16.662+0000] {logging_mixin.py:188} INFO - [2026-04-28T19:12:16.662+0000] {dagbag.py:540} INFO - Filling up the DagBag from /home/airflow/.local/lib/python3.12/site-packages/airflow/example_dags/example_skip_dag.py
[2026-04-28T19:12:16.670+0000] {processor.py:840} INFO - DAG(s) 'example_skip_dag' retrieved from /home/airflow/.local/lib/python3.12/site-packages/airflow/example_dags/example_skip_dag.py
[2026-04-28T19:12:16.697+0000] {logging_mixin.py:188} INFO - [2026-04-28T19:12:16.697+0000] {dag.py:3096} INFO - Sync 1 DAGs
[2026-04-28T19:12:16.723+0000] {logging_mixin.py:188} INFO - [2026-04-28T19:12:16.723+0000] {dag.py:3954} INFO - Setting next_dagrun for example_skip_dag to 2026-04-27 00:00:00+00:00, run_after=2026-04-28 00:00:00+00:00
[2026-04-28T19:12:16.743+0000] {processor.py:183} INFO - Processing /home/airflow/.local/lib/python3.12/site-packages/airflow/example_dags/example_skip_dag.py took 0.090 seconds
[2026-04-28T19:12:47.396+0000] {processor.py:161} INFO - Started process (PID=942) to work on /home/airflow/.local/lib/python3.12/site-packages/airflow/example_dags/example_skip_dag.py
[2026-04-28T19:12:47.399+0000] {processor.py:830} INFO - Processing file /home/airflow/.local/lib/python3.12/site-packages/airflow/example_dags/example_skip_dag.py for tasks to queue
[2026-04-28T19:12:47.401+0000] {logging_mixin.py:188} INFO - [2026-04-28T19:12:47.401+0000] {dagbag.py:540} INFO - Filling up the DagBag from /home/airflow/.local/lib/python3.12/site-packages/airflow/example_dags/example_skip_dag.py
[2026-04-28T19:12:47.416+0000] {processor.py:840} INFO - DAG(s) 'example_skip_dag' retrieved from /home/airflow/.local/lib/python3.12/site-packages/airflow/example_dags/example_skip_dag.py
[2026-04-28T19:12:47.468+0000] {logging_mixin.py:188} INFO - [2026-04-28T19:12:47.468+0000] {dag.py:3096} INFO - Sync 1 DAGs
[2026-04-28T19:12:47.493+0000] {logging_mixin.py:188} INFO - [2026-04-28T19:12:47.493+0000] {dag.py:3954} INFO - Setting next_dagrun for example_skip_dag to 2026-04-27 00:00:00+00:00, run_after=2026-04-28 00:00:00+00:00
[2026-04-28T19:12:47.513+0000] {processor.py:183} INFO - Processing /home/airflow/.local/lib/python3.12/site-packages/airflow/example_dags/example_skip_dag.py took 0.141 seconds
[2026-04-28T19:38:50.824+0000] {processor.py:161} INFO - Started process (PID=206) to work on /home/airflow/.local/lib/python3.12/site-packages/airflow/example_dags/example_skip_dag.py
[2026-04-28T19:38:50.831+0000] {processor.py:830} INFO - Processing file /home/airflow/.local/lib/python3.12/site-packages/airflow/example_dags/example_skip_dag.py for tasks to queue
[2026-04-28T19:38:50.848+0000] {logging_mixin.py:188} INFO - [2026-04-28T19:38:50.848+0000] {dagbag.py:540} INFO - Filling up the DagBag from /home/airflow/.local/lib/python3.12/site-packages/airflow/example_dags/example_skip_dag.py
[2026-04-28T19:38:50.897+0000] {processor.py:840} INFO - DAG(s) 'example_skip_dag' retrieved from /home/airflow/.local/lib/python3.12/site-packages/airflow/example_dags/example_skip_dag.py
[2026-04-28T19:38:51.710+0000] {logging_mixin.py:188} INFO - [2026-04-28T19:38:51.710+0000] {dag.py:3096} INFO - Sync 1 DAGs
[2026-04-28T19:38:51.778+0000] {logging_mixin.py:188} INFO - [2026-04-28T19:38:51.775+0000] {dag.py:3954} INFO - Setting next_dagrun for example_skip_dag to 2026-04-27 00:00:00+00:00, run_after=2026-04-28 00:00:00+00:00
[2026-04-28T19:38:51.859+0000] {processor.py:183} INFO - Processing /home/airflow/.local/lib/python3.12/site-packages/airflow/example_dags/example_skip_dag.py took 1.044 seconds
[2026-04-28T19:39:23.369+0000] {processor.py:161} INFO - Started process (PID=266) to work on /home/airflow/.local/lib/python3.12/site-packages/airflow/example_dags/example_skip_dag.py
[2026-04-28T19:39:23.376+0000] {processor.py:830} INFO - Processing file /home/airflow/.local/lib/python3.12/site-packages/airflow/example_dags/example_skip_dag.py for tasks to queue
[2026-04-28T19:39:23.380+0000] {logging_mixin.py:188} INFO - [2026-04-28T19:39:23.379+0000] {dagbag.py:540} INFO - Filling up the DagBag from /home/airflow/.local/lib/python3.12/site-packages/airflow/example_dags/example_skip_dag.py
[2026-04-28T19:39:23.413+0000] {processor.py:840} INFO - DAG(s) 'example_skip_dag' retrieved from /home/airflow/.local/lib/python3.12/site-packages/airflow/example_dags/example_skip_dag.py
[2026-04-28T19:39:23.488+0000] {logging_mixin.py:188} INFO - [2026-04-28T19:39:23.488+0000] {dag.py:3096} INFO - Sync 1 DAGs
[2026-04-28T19:39:23.607+0000] {logging_mixin.py:188} INFO - [2026-04-28T19:39:23.595+0000] {dag.py:3954} INFO - Setting next_dagrun for example_skip_dag to 2026-04-27 00:00:00+00:00, run_after=2026-04-28 00:00:00+00:00
[2026-04-28T19:39:23.983+0000] {processor.py:183} INFO - Processing /home/airflow/.local/lib/python3.12/site-packages/airflow/example_dags/example_skip_dag.py took 0.636 seconds
[2026-04-28T19:39:57.377+0000] {processor.py:161} INFO - Started process (PID=326) to work on /home/airflow/.local/lib/python3.12/site-packages/airflow/example_dags/example_skip_dag.py
[2026-04-28T19:39:57.402+0000] {processor.py:830} INFO - Processing file /home/airflow/.local/lib/python3.12/site-packages/airflow/example_dags/example_skip_dag.py for tasks to queue
[2026-04-28T19:39:57.420+0000] {logging_mixin.py:188} INFO - [2026-04-28T19:39:57.419+0000] {dagbag.py:540} INFO - Filling up the DagBag from /home/airflow/.local/lib/python3.12/site-packages/airflow/example_dags/example_skip_dag.py
[2026-04-28T19:39:57.445+0000] {processor.py:840} INFO - DAG(s) 'example_skip_dag' retrieved from /home/airflow/.local/lib/python3.12/site-packages/airflow/example_dags/example_skip_dag.py
[2026-04-28T19:39:57.587+0000] {logging_mixin.py:188} INFO - [2026-04-28T19:39:57.586+0000] {dag.py:3096} INFO - Sync 1 DAGs
[2026-04-28T19:39:57.724+0000] {logging_mixin.py:188} INFO - [2026-04-28T19:39:57.724+0000] {dag.py:3954} INFO - Setting next_dagrun for example_skip_dag to 2026-04-27 00:00:00+00:00, run_after=2026-04-28 00:00:00+00:00
[2026-04-28T19:39:57.836+0000] {processor.py:183} INFO - Processing /home/airflow/.local/lib/python3.12/site-packages/airflow/example_dags/example_skip_dag.py took 0.471 seconds
[2026-04-28T19:40:36.004+0000] {processor.py:161} INFO - Started process (PID=386) to work on /home/airflow/.local/lib/python3.12/site-packages/airflow/example_dags/example_skip_dag.py
[2026-04-28T19:40:36.013+0000] {processor.py:830} INFO - Processing file /home/airflow/.local/lib/python3.12/site-packages/airflow/example_dags/example_skip_dag.py for tasks to queue
[2026-04-28T19:40:36.021+0000] {logging_mixin.py:188} INFO - [2026-04-28T19:40:36.020+0000] {dagbag.py:540} INFO - Filling up the DagBag from /home/airflow/.local/lib/python3.12/site-packages/airflow/example_dags/example_skip_dag.py
[2026-04-28T19:40:36.061+0000] {processor.py:840} INFO - DAG(s) 'example_skip_dag' retrieved from /home/airflow/.local/lib/python3.12/site-packages/airflow/example_dags/example_skip_dag.py
[2026-04-28T19:40:36.197+0000] {logging_mixin.py:188} INFO - [2026-04-28T19:40:36.188+0000] {dag.py:3096} INFO - Sync 1 DAGs
[2026-04-28T19:40:36.395+0000] {logging_mixin.py:188} INFO - [2026-04-28T19:40:36.395+0000] {dag.py:3954} INFO - Setting next_dagrun for example_skip_dag to 2026-04-27 00:00:00+00:00, run_after=2026-04-28 00:00:00+00:00
[2026-04-28T19:40:36.523+0000] {processor.py:183} INFO - Processing /home/airflow/.local/lib/python3.12/site-packages/airflow/example_dags/example_skip_dag.py took 0.558 seconds
[2026-04-28T19:41:06.779+0000] {processor.py:161} INFO - Started process (PID=446) to work on /home/airflow/.local/lib/python3.12/site-packages/airflow/example_dags/example_skip_dag.py
[2026-04-28T19:41:06.793+0000] {processor.py:830} INFO - Processing file /home/airflow/.local/lib/python3.12/site-packages/airflow/example_dags/example_skip_dag.py for tasks to queue
[2026-04-28T19:41:06.800+0000] {logging_mixin.py:188} INFO - [2026-04-28T19:41:06.800+0000] {dagbag.py:540} INFO - Filling up the DagBag from /home/airflow/.local/lib/python3.12/site-packages/airflow/example_dags/example_skip_dag.py
[2026-04-28T19:41:06.863+0000] {processor.py:840} INFO - DAG(s) 'example_skip_dag' retrieved from /home/airflow/.local/lib/python3.12/site-packages/airflow/example_dags/example_skip_dag.py
[2026-04-28T19:41:06.990+0000] {logging_mixin.py:188} INFO - [2026-04-28T19:41:06.982+0000] {dag.py:3096} INFO - Sync 1 DAGs
[2026-04-28T19:41:07.118+0000] {logging_mixin.py:188} INFO - [2026-04-28T19:41:07.118+0000] {dag.py:3954} INFO - Setting next_dagrun for example_skip_dag to 2026-04-27 00:00:00+00:00, run_after=2026-04-28 00:00:00+00:00
[2026-04-28T19:41:07.216+0000] {processor.py:183} INFO - Processing /home/airflow/.local/lib/python3.12/site-packages/airflow/example_dags/example_skip_dag.py took 0.470 seconds
[2026-04-28T19:41:38.105+0000] {processor.py:161} INFO - Started process (PID=511) to work on /home/airflow/.local/lib/python3.12/site-packages/airflow/example_dags/example_skip_dag.py
[2026-04-28T19:41:38.107+0000] {processor.py:830} INFO - Processing file /home/airflow/.local/lib/python3.12/site-packages/airflow/example_dags/example_skip_dag.py for tasks to queue
[2026-04-28T19:41:38.109+0000] {logging_mixin.py:188} INFO - [2026-04-28T19:41:38.109+0000] {dagbag.py:540} INFO - Filling up the DagBag from /home/airflow/.local/lib/python3.12/site-packages/airflow/example_dags/example_skip_dag.py
[2026-04-28T19:41:38.117+0000] {processor.py:840} INFO - DAG(s) 'example_skip_dag' retrieved from /home/airflow/.local/lib/python3.12/site-packages/airflow/example_dags/example_skip_dag.py
[2026-04-28T19:41:38.141+0000] {logging_mixin.py:188} INFO - [2026-04-28T19:41:38.140+0000] {dag.py:3096} INFO - Sync 1 DAGs
[2026-04-28T19:41:38.166+0000] {logging_mixin.py:188} INFO - [2026-04-28T19:41:38.165+0000] {dag.py:3954} INFO - Setting next_dagrun for example_skip_dag to 2026-04-27 00:00:00+00:00, run_after=2026-04-28 00:00:00+00:00
[2026-04-28T19:41:38.187+0000] {processor.py:183} INFO - Processing /home/airflow/.local/lib/python3.12/site-packages/airflow/example_dags/example_skip_dag.py took 0.089 seconds
[2026-04-28T19:42:08.670+0000] {processor.py:161} INFO - Started process (PID=571) to work on /home/airflow/.local/lib/python3.12/site-packages/airflow/example_dags/example_skip_dag.py
[2026-04-28T19:42:08.674+0000] {processor.py:830} INFO - Processing file /home/airflow/.local/lib/python3.12/site-packages/airflow/example_dags/example_skip_dag.py for tasks to queue
[2026-04-28T19:42:08.678+0000] {logging_mixin.py:188} INFO - [2026-04-28T19:42:08.676+0000] {dagbag.py:540} INFO - Filling up the DagBag from /home/airflow/.local/lib/python3.12/site-packages/airflow/example_dags/example_skip_dag.py
[2026-04-28T19:42:08.693+0000] {processor.py:840} INFO - DAG(s) 'example_skip_dag' retrieved from /home/airflow/.local/lib/python3.12/site-packages/airflow/example_dags/example_skip_dag.py
[2026-04-28T19:42:08.770+0000] {logging_mixin.py:188} INFO - [2026-04-28T19:42:08.770+0000] {dag.py:3096} INFO - Sync 1 DAGs
[2026-04-28T19:42:08.816+0000] {logging_mixin.py:188} INFO - [2026-04-28T19:42:08.816+0000] {dag.py:3954} INFO - Setting next_dagrun for example_skip_dag to 2026-04-27 00:00:00+00:00, run_after=2026-04-28 00:00:00+00:00
[2026-04-28T19:42:08.836+0000] {processor.py:183} INFO - Processing /home/airflow/.local/lib/python3.12/site-packages/airflow/example_dags/example_skip_dag.py took 0.182 seconds
[2026-04-28T19:42:39.177+0000] {processor.py:161} INFO - Started process (PID=630) to work on /home/airflow/.local/lib/python3.12/site-packages/airflow/example_dags/example_skip_dag.py
[2026-04-28T19:42:39.178+0000] {processor.py:830} INFO - Processing file /home/airflow/.local/lib/python3.12/site-packages/airflow/example_dags/example_skip_dag.py for tasks to queue
[2026-04-28T19:42:39.180+0000] {logging_mixin.py:188} INFO - [2026-04-28T19:42:39.180+0000] {dagbag.py:540} INFO - Filling up the DagBag from /home/airflow/.local/lib/python3.12/site-packages/airflow/example_dags/example_skip_dag.py
[2026-04-28T19:42:39.187+0000] {processor.py:840} INFO - DAG(s) 'example_skip_dag' retrieved from /home/airflow/.local/lib/python3.12/site-packages/airflow/example_dags/example_skip_dag.py
[2026-04-28T19:42:39.212+0000] {logging_mixin.py:188} INFO - [2026-04-28T19:42:39.211+0000] {dag.py:3096} INFO - Sync 1 DAGs
[2026-04-28T19:42:39.239+0000] {logging_mixin.py:188} INFO - [2026-04-28T19:42:39.239+0000] {dag.py:3954} INFO - Setting next_dagrun for example_skip_dag to 2026-04-27 00:00:00+00:00, run_after=2026-04-28 00:00:00+00:00
[2026-04-28T19:42:39.262+0000] {processor.py:183} INFO - Processing /home/airflow/.local/lib/python3.12/site-packages/airflow/example_dags/example_skip_dag.py took 0.092 seconds
[2026-04-28T19:43:09.492+0000] {processor.py:161} INFO - Started process (PID=690) to work on /home/airflow/.local/lib/python3.12/site-packages/airflow/example_dags/example_skip_dag.py
[2026-04-28T19:43:09.493+0000] {processor.py:830} INFO - Processing file /home/airflow/.local/lib/python3.12/site-packages/airflow/example_dags/example_skip_dag.py for tasks to queue
[2026-04-28T19:43:09.495+0000] {logging_mixin.py:188} INFO - [2026-04-28T19:43:09.495+0000] {dagbag.py:540} INFO - Filling up the DagBag from /home/airflow/.local/lib/python3.12/site-packages/airflow/example_dags/example_skip_dag.py
[2026-04-28T19:43:09.502+0000] {processor.py:840} INFO - DAG(s) 'example_skip_dag' retrieved from /home/airflow/.local/lib/python3.12/site-packages/airflow/example_dags/example_skip_dag.py
[2026-04-28T19:43:09.526+0000] {logging_mixin.py:188} INFO - [2026-04-28T19:43:09.526+0000] {dag.py:3096} INFO - Sync 1 DAGs
[2026-04-28T19:43:09.551+0000] {logging_mixin.py:188} INFO - [2026-04-28T19:43:09.551+0000] {dag.py:3954} INFO - Setting next_dagrun for example_skip_dag to 2026-04-27 00:00:00+00:00, run_after=2026-04-28 00:00:00+00:00
[2026-04-28T19:43:09.574+0000] {processor.py:183} INFO - Processing /home/airflow/.local/lib/python3.12/site-packages/airflow/example_dags/example_skip_dag.py took 0.089 seconds
[2026-04-28T19:43:39.910+0000] {processor.py:161} INFO - Started process (PID=750) to work on /home/airflow/.local/lib/python3.12/site-packages/airflow/example_dags/example_skip_dag.py
[2026-04-28T19:43:39.911+0000] {processor.py:830} INFO - Processing file /home/airflow/.local/lib/python3.12/site-packages/airflow/example_dags/example_skip_dag.py for tasks to queue
[2026-04-28T19:43:39.913+0000] {logging_mixin.py:188} INFO - [2026-04-28T19:43:39.913+0000] {dagbag.py:540} INFO - Filling up the DagBag from /home/airflow/.local/lib/python3.12/site-packages/airflow/example_dags/example_skip_dag.py
[2026-04-28T19:43:39.922+0000] {processor.py:840} INFO - DAG(s) 'example_skip_dag' retrieved from /home/airflow/.local/lib/python3.12/site-packages/airflow/example_dags/example_skip_dag.py
[2026-04-28T19:43:39.947+0000] {logging_mixin.py:188} INFO - [2026-04-28T19:43:39.946+0000] {dag.py:3096} INFO - Sync 1 DAGs
[2026-04-28T19:43:39.971+0000] {logging_mixin.py:188} INFO - [2026-04-28T19:43:39.971+0000] {dag.py:3954} INFO - Setting next_dagrun for example_skip_dag to 2026-04-27 00:00:00+00:00, run_after=2026-04-28 00:00:00+00:00
[2026-04-28T19:43:39.990+0000] {processor.py:183} INFO - Processing /home/airflow/.local/lib/python3.12/site-packages/airflow/example_dags/example_skip_dag.py took 0.087 seconds
[2026-04-28T19:44:10.896+0000] {processor.py:161} INFO - Started process (PID=810) to work on /home/airflow/.local/lib/python3.12/site-packages/airflow/example_dags/example_skip_dag.py
[2026-04-28T19:44:10.898+0000] {processor.py:830} INFO - Processing file /home/airflow/.local/lib/python3.12/site-packages/airflow/example_dags/example_skip_dag.py for tasks to queue
[2026-04-28T19:44:10.904+0000] {logging_mixin.py:188} INFO - [2026-04-28T19:44:10.902+0000] {dagbag.py:540} INFO - Filling up the DagBag from /home/airflow/.local/lib/python3.12/site-packages/airflow/example_dags/example_skip_dag.py
[2026-04-28T19:44:10.927+0000] {processor.py:840} INFO - DAG(s) 'example_skip_dag' retrieved from /home/airflow/.local/lib/python3.12/site-packages/airflow/example_dags/example_skip_dag.py
[2026-04-28T19:44:11.001+0000] {logging_mixin.py:188} INFO - [2026-04-28T19:44:11.001+0000] {dag.py:3096} INFO - Sync 1 DAGs
[2026-04-28T19:44:11.080+0000] {logging_mixin.py:188} INFO - [2026-04-28T19:44:11.080+0000] {dag.py:3954} INFO - Setting next_dagrun for example_skip_dag to 2026-04-27 00:00:00+00:00, run_after=2026-04-28 00:00:00+00:00
[2026-04-28T19:44:11.147+0000] {processor.py:183} INFO - Processing /home/airflow/.local/lib/python3.12/site-packages/airflow/example_dags/example_skip_dag.py took 0.302 seconds
[2026-04-28T19:44:41.422+0000] {processor.py:161} INFO - Started process (PID=870) to work on /home/airflow/.local/lib/python3.12/site-packages/airflow/example_dags/example_skip_dag.py
[2026-04-28T19:44:41.423+0000] {processor.py:830} INFO - Processing file /home/airflow/.local/lib/python3.12/site-packages/airflow/example_dags/example_skip_dag.py for tasks to queue
[2026-04-28T19:44:41.425+0000] {logging_mixin.py:188} INFO - [2026-04-28T19:44:41.425+0000] {dagbag.py:540} INFO - Filling up the DagBag from /home/airflow/.local/lib/python3.12/site-packages/airflow/example_dags/example_skip_dag.py
[2026-04-28T19:44:41.433+0000] {processor.py:840} INFO - DAG(s) 'example_skip_dag' retrieved from /home/airflow/.local/lib/python3.12/site-packages/airflow/example_dags/example_skip_dag.py
[2026-04-28T19:44:41.457+0000] {logging_mixin.py:188} INFO - [2026-04-28T19:44:41.457+0000] {dag.py:3096} INFO - Sync 1 DAGs
[2026-04-28T19:44:41.486+0000] {logging_mixin.py:188} INFO - [2026-04-28T19:44:41.485+0000] {dag.py:3954} INFO - Setting next_dagrun for example_skip_dag to 2026-04-27 00:00:00+00:00, run_after=2026-04-28 00:00:00+00:00
[2026-04-28T19:44:41.517+0000] {processor.py:183} INFO - Processing /home/airflow/.local/lib/python3.12/site-packages/airflow/example_dags/example_skip_dag.py took 0.102 seconds
[2026-04-28T19:54:47.876+0000] {processor.py:161} INFO - Started process (PID=212) to work on /home/airflow/.local/lib/python3.12/site-packages/airflow/example_dags/example_skip_dag.py
[2026-04-28T19:54:47.879+0000] {processor.py:830} INFO - Processing file /home/airflow/.local/lib/python3.12/site-packages/airflow/example_dags/example_skip_dag.py for tasks to queue
[2026-04-28T19:54:47.889+0000] {logging_mixin.py:188} INFO - [2026-04-28T19:54:47.889+0000] {dagbag.py:540} INFO - Filling up the DagBag from /home/airflow/.local/lib/python3.12/site-packages/airflow/example_dags/example_skip_dag.py
[2026-04-28T19:54:47.975+0000] {processor.py:840} INFO - DAG(s) 'example_skip_dag' retrieved from /home/airflow/.local/lib/python3.12/site-packages/airflow/example_dags/example_skip_dag.py
[2026-04-28T19:54:48.687+0000] {logging_mixin.py:188} INFO - [2026-04-28T19:54:48.682+0000] {dag.py:3096} INFO - Sync 1 DAGs
[2026-04-28T19:54:48.901+0000] {logging_mixin.py:188} INFO - [2026-04-28T19:54:48.901+0000] {dag.py:3954} INFO - Setting next_dagrun for example_skip_dag to 2026-04-27 00:00:00+00:00, run_after=2026-04-28 00:00:00+00:00
[2026-04-28T19:54:49.538+0000] {processor.py:183} INFO - Processing /home/airflow/.local/lib/python3.12/site-packages/airflow/example_dags/example_skip_dag.py took 1.692 seconds
[2026-04-28T19:55:21.046+0000] {processor.py:161} INFO - Started process (PID=272) to work on /home/airflow/.local/lib/python3.12/site-packages/airflow/example_dags/example_skip_dag.py
[2026-04-28T19:55:21.048+0000] {processor.py:830} INFO - Processing file /home/airflow/.local/lib/python3.12/site-packages/airflow/example_dags/example_skip_dag.py for tasks to queue
[2026-04-28T19:55:21.053+0000] {logging_mixin.py:188} INFO - [2026-04-28T19:55:21.053+0000] {dagbag.py:540} INFO - Filling up the DagBag from /home/airflow/.local/lib/python3.12/site-packages/airflow/example_dags/example_skip_dag.py
[2026-04-28T19:55:21.085+0000] {processor.py:840} INFO - DAG(s) 'example_skip_dag' retrieved from /home/airflow/.local/lib/python3.12/site-packages/airflow/example_dags/example_skip_dag.py
[2026-04-28T19:55:21.132+0000] {logging_mixin.py:188} INFO - [2026-04-28T19:55:21.131+0000] {dag.py:3096} INFO - Sync 1 DAGs
[2026-04-28T19:55:21.159+0000] {logging_mixin.py:188} INFO - [2026-04-28T19:55:21.159+0000] {dag.py:3954} INFO - Setting next_dagrun for example_skip_dag to 2026-04-27 00:00:00+00:00, run_after=2026-04-28 00:00:00+00:00
[2026-04-28T19:55:21.547+0000] {processor.py:183} INFO - Processing /home/airflow/.local/lib/python3.12/site-packages/airflow/example_dags/example_skip_dag.py took 0.520 seconds
[2026-04-28T19:55:52.442+0000] {processor.py:161} INFO - Started process (PID=332) to work on /home/airflow/.local/lib/python3.12/site-packages/airflow/example_dags/example_skip_dag.py
[2026-04-28T19:55:52.446+0000] {processor.py:830} INFO - Processing file /home/airflow/.local/lib/python3.12/site-packages/airflow/example_dags/example_skip_dag.py for tasks to queue
[2026-04-28T19:55:52.454+0000] {logging_mixin.py:188} INFO - [2026-04-28T19:55:52.454+0000] {dagbag.py:540} INFO - Filling up the DagBag from /home/airflow/.local/lib/python3.12/site-packages/airflow/example_dags/example_skip_dag.py
[2026-04-28T19:55:52.475+0000] {processor.py:840} INFO - DAG(s) 'example_skip_dag' retrieved from /home/airflow/.local/lib/python3.12/site-packages/airflow/example_dags/example_skip_dag.py
[2026-04-28T19:55:52.592+0000] {logging_mixin.py:188} INFO - [2026-04-28T19:55:52.592+0000] {dag.py:3096} INFO - Sync 1 DAGs
[2026-04-28T19:55:52.660+0000] {logging_mixin.py:188} INFO - [2026-04-28T19:55:52.660+0000] {dag.py:3954} INFO - Setting next_dagrun for example_skip_dag to 2026-04-27 00:00:00+00:00, run_after=2026-04-28 00:00:00+00:00
[2026-04-28T19:55:52.700+0000] {processor.py:183} INFO - Processing /home/airflow/.local/lib/python3.12/site-packages/airflow/example_dags/example_skip_dag.py took 0.266 seconds
[2026-04-28T19:56:22.932+0000] {processor.py:161} INFO - Started process (PID=392) to work on /home/airflow/.local/lib/python3.12/site-packages/airflow/example_dags/example_skip_dag.py
[2026-04-28T19:56:22.933+0000] {processor.py:830} INFO - Processing file /home/airflow/.local/lib/python3.12/site-packages/airflow/example_dags/example_skip_dag.py for tasks to queue
[2026-04-28T19:56:22.935+0000] {logging_mixin.py:188} INFO - [2026-04-28T19:56:22.935+0000] {dagbag.py:540} INFO - Filling up the DagBag from /home/airflow/.local/lib/python3.12/site-packages/airflow/example_dags/example_skip_dag.py
[2026-04-28T19:56:22.943+0000] {processor.py:840} INFO - DAG(s) 'example_skip_dag' retrieved from /home/airflow/.local/lib/python3.12/site-packages/airflow/example_dags/example_skip_dag.py
[2026-04-28T19:56:22.969+0000] {logging_mixin.py:188} INFO - [2026-04-28T19:56:22.968+0000] {dag.py:3096} INFO - Sync 1 DAGs
[2026-04-28T19:56:22.999+0000] {logging_mixin.py:188} INFO - [2026-04-28T19:56:22.999+0000] {dag.py:3954} INFO - Setting next_dagrun for example_skip_dag to 2026-04-27 00:00:00+00:00, run_after=2026-04-28 00:00:00+00:00
[2026-04-28T19:56:23.039+0000] {processor.py:183} INFO - Processing /home/airflow/.local/lib/python3.12/site-packages/airflow/example_dags/example_skip_dag.py took 0.113 seconds
[2026-04-28T19:56:53.610+0000] {processor.py:161} INFO - Started process (PID=452) to work on /home/airflow/.local/lib/python3.12/site-packages/airflow/example_dags/example_skip_dag.py
[2026-04-28T19:56:53.617+0000] {processor.py:830} INFO - Processing file /home/airflow/.local/lib/python3.12/site-packages/airflow/example_dags/example_skip_dag.py for tasks to queue
[2026-04-28T19:56:53.622+0000] {logging_mixin.py:188} INFO - [2026-04-28T19:56:53.621+0000] {dagbag.py:540} INFO - Filling up the DagBag from /home/airflow/.local/lib/python3.12/site-packages/airflow/example_dags/example_skip_dag.py
[2026-04-28T19:56:53.630+0000] {processor.py:840} INFO - DAG(s) 'example_skip_dag' retrieved from /home/airflow/.local/lib/python3.12/site-packages/airflow/example_dags/example_skip_dag.py
[2026-04-28T19:56:53.657+0000] {logging_mixin.py:188} INFO - [2026-04-28T19:56:53.657+0000] {dag.py:3096} INFO - Sync 1 DAGs
[2026-04-28T19:56:53.683+0000] {logging_mixin.py:188} INFO - [2026-04-28T19:56:53.682+0000] {dag.py:3954} INFO - Setting next_dagrun for example_skip_dag to 2026-04-27 00:00:00+00:00, run_after=2026-04-28 00:00:00+00:00
[2026-04-28T19:56:53.703+0000] {processor.py:183} INFO - Processing /home/airflow/.local/lib/python3.12/site-packages/airflow/example_dags/example_skip_dag.py took 0.121 seconds
[2026-04-28T19:57:23.929+0000] {processor.py:161} INFO - Started process (PID=511) to work on /home/airflow/.local/lib/python3.12/site-packages/airflow/example_dags/example_skip_dag.py
[2026-04-28T19:57:23.931+0000] {processor.py:830} INFO - Processing file /home/airflow/.local/lib/python3.12/site-packages/airflow/example_dags/example_skip_dag.py for tasks to queue
[2026-04-28T19:57:23.933+0000] {logging_mixin.py:188} INFO - [2026-04-28T19:57:23.933+0000] {dagbag.py:540} INFO - Filling up the DagBag from /home/airflow/.local/lib/python3.12/site-packages/airflow/example_dags/example_skip_dag.py
[2026-04-28T19:57:23.940+0000] {processor.py:840} INFO - DAG(s) 'example_skip_dag' retrieved from /home/airflow/.local/lib/python3.12/site-packages/airflow/example_dags/example_skip_dag.py
[2026-04-28T19:57:23.965+0000] {logging_mixin.py:188} INFO - [2026-04-28T19:57:23.965+0000] {dag.py:3096} INFO - Sync 1 DAGs
[2026-04-28T19:57:23.992+0000] {logging_mixin.py:188} INFO - [2026-04-28T19:57:23.992+0000] {dag.py:3954} INFO - Setting next_dagrun for example_skip_dag to 2026-04-27 00:00:00+00:00, run_after=2026-04-28 00:00:00+00:00
[2026-04-28T19:57:24.052+0000] {processor.py:183} INFO - Processing /home/airflow/.local/lib/python3.12/site-packages/airflow/example_dags/example_skip_dag.py took 0.130 seconds
[2026-04-28T19:57:54.541+0000] {processor.py:161} INFO - Started process (PID=571) to work on /home/airflow/.local/lib/python3.12/site-packages/airflow/example_dags/example_skip_dag.py
[2026-04-28T19:57:54.542+0000] {processor.py:830} INFO - Processing file /home/airflow/.local/lib/python3.12/site-packages/airflow/example_dags/example_skip_dag.py for tasks to queue
[2026-04-28T19:57:54.544+0000] {logging_mixin.py:188} INFO - [2026-04-28T19:57:54.543+0000] {dagbag.py:540} INFO - Filling up the DagBag from /home/airflow/.local/lib/python3.12/site-packages/airflow/example_dags/example_skip_dag.py
[2026-04-28T19:57:54.551+0000] {processor.py:840} INFO - DAG(s) 'example_skip_dag' retrieved from /home/airflow/.local/lib/python3.12/site-packages/airflow/example_dags/example_skip_dag.py
[2026-04-28T19:57:54.599+0000] {logging_mixin.py:188} INFO - [2026-04-28T19:57:54.599+0000] {dag.py:3096} INFO - Sync 1 DAGs
[2026-04-28T19:57:54.625+0000] {logging_mixin.py:188} INFO - [2026-04-28T19:57:54.625+0000] {dag.py:3954} INFO - Setting next_dagrun for example_skip_dag to 2026-04-27 00:00:00+00:00, run_after=2026-04-28 00:00:00+00:00
[2026-04-28T19:57:54.644+0000] {processor.py:183} INFO - Processing /home/airflow/.local/lib/python3.12/site-packages/airflow/example_dags/example_skip_dag.py took 0.113 seconds
[2026-04-28T19:58:24.983+0000] {processor.py:161} INFO - Started process (PID=629) to work on /home/airflow/.local/lib/python3.12/site-packages/airflow/example_dags/example_skip_dag.py
[2026-04-28T19:58:24.985+0000] {processor.py:830} INFO - Processing file /home/airflow/.local/lib/python3.12/site-packages/airflow/example_dags/example_skip_dag.py for tasks to queue
[2026-04-28T19:58:24.987+0000] {logging_mixin.py:188} INFO - [2026-04-28T19:58:24.987+0000] {dagbag.py:540} INFO - Filling up the DagBag from /home/airflow/.local/lib/python3.12/site-packages/airflow/example_dags/example_skip_dag.py
[2026-04-28T19:58:25.012+0000] {processor.py:840} INFO - DAG(s) 'example_skip_dag' retrieved from /home/airflow/.local/lib/python3.12/site-packages/airflow/example_dags/example_skip_dag.py
[2026-04-28T19:58:25.126+0000] {logging_mixin.py:188} INFO - [2026-04-28T19:58:25.125+0000] {dag.py:3096} INFO - Sync 1 DAGs
[2026-04-28T19:58:25.181+0000] {logging_mixin.py:188} INFO - [2026-04-28T19:58:25.177+0000] {dag.py:3954} INFO - Setting next_dagrun for example_skip_dag to 2026-04-27 00:00:00+00:00, run_after=2026-04-28 00:00:00+00:00
[2026-04-28T19:58:25.233+0000] {processor.py:183} INFO - Processing /home/airflow/.local/lib/python3.12/site-packages/airflow/example_dags/example_skip_dag.py took 0.264 seconds
[2026-04-28T19:58:55.788+0000] {processor.py:161} INFO - Started process (PID=689) to work on /home/airflow/.local/lib/python3.12/site-packages/airflow/example_dags/example_skip_dag.py
[2026-04-28T19:58:55.789+0000] {processor.py:830} INFO - Processing file /home/airflow/.local/lib/python3.12/site-packages/airflow/example_dags/example_skip_dag.py for tasks to queue
[2026-04-28T19:58:55.792+0000] {logging_mixin.py:188} INFO - [2026-04-28T19:58:55.791+0000] {dagbag.py:540} INFO - Filling up the DagBag from /home/airflow/.local/lib/python3.12/site-packages/airflow/example_dags/example_skip_dag.py
[2026-04-28T19:58:55.799+0000] {processor.py:840} INFO - DAG(s) 'example_skip_dag' retrieved from /home/airflow/.local/lib/python3.12/site-packages/airflow/example_dags/example_skip_dag.py
[2026-04-28T19:58:55.824+0000] {logging_mixin.py:188} INFO - [2026-04-28T19:58:55.824+0000] {dag.py:3096} INFO - Sync 1 DAGs
[2026-04-28T19:58:55.849+0000] {logging_mixin.py:188} INFO - [2026-04-28T19:58:55.849+0000] {dag.py:3954} INFO - Setting next_dagrun for example_skip_dag to 2026-04-27 00:00:00+00:00, run_after=2026-04-28 00:00:00+00:00
[2026-04-28T19:58:55.868+0000] {processor.py:183} INFO - Processing /home/airflow/.local/lib/python3.12/site-packages/airflow/example_dags/example_skip_dag.py took 0.087 seconds
[2026-04-28T19:59:26.252+0000] {processor.py:161} INFO - Started process (PID=748) to work on /home/airflow/.local/lib/python3.12/site-packages/airflow/example_dags/example_skip_dag.py
[2026-04-28T19:59:26.253+0000] {processor.py:830} INFO - Processing file /home/airflow/.local/lib/python3.12/site-packages/airflow/example_dags/example_skip_dag.py for tasks to queue
[2026-04-28T19:59:26.255+0000] {logging_mixin.py:188} INFO - [2026-04-28T19:59:26.255+0000] {dagbag.py:540} INFO - Filling up the DagBag from /home/airflow/.local/lib/python3.12/site-packages/airflow/example_dags/example_skip_dag.py
[2026-04-28T19:59:26.264+0000] {processor.py:840} INFO - DAG(s) 'example_skip_dag' retrieved from /home/airflow/.local/lib/python3.12/site-packages/airflow/example_dags/example_skip_dag.py
[2026-04-28T19:59:26.299+0000] {logging_mixin.py:188} INFO - [2026-04-28T19:59:26.298+0000] {dag.py:3096} INFO - Sync 1 DAGs
[2026-04-28T19:59:26.326+0000] {logging_mixin.py:188} INFO - [2026-04-28T19:59:26.326+0000] {dag.py:3954} INFO - Setting next_dagrun for example_skip_dag to 2026-04-27 00:00:00+00:00, run_after=2026-04-28 00:00:00+00:00
[2026-04-28T19:59:26.342+0000] {processor.py:183} INFO - Processing /home/airflow/.local/lib/python3.12/site-packages/airflow/example_dags/example_skip_dag.py took 0.097 seconds
[2026-04-28T19:59:56.941+0000] {processor.py:161} INFO - Started process (PID=808) to work on /home/airflow/.local/lib/python3.12/site-packages/airflow/example_dags/example_skip_dag.py
[2026-04-28T19:59:56.942+0000] {processor.py:830} INFO - Processing file /home/airflow/.local/lib/python3.12/site-packages/airflow/example_dags/example_skip_dag.py for tasks to queue
[2026-04-28T19:59:56.944+0000] {logging_mixin.py:188} INFO - [2026-04-28T19:59:56.943+0000] {dagbag.py:540} INFO - Filling up the DagBag from /home/airflow/.local/lib/python3.12/site-packages/airflow/example_dags/example_skip_dag.py
[2026-04-28T19:59:56.951+0000] {processor.py:840} INFO - DAG(s) 'example_skip_dag' retrieved from /home/airflow/.local/lib/python3.12/site-packages/airflow/example_dags/example_skip_dag.py
[2026-04-28T19:59:56.977+0000] {logging_mixin.py:188} INFO - [2026-04-28T19:59:56.977+0000] {dag.py:3096} INFO - Sync 1 DAGs
[2026-04-28T19:59:57.003+0000] {logging_mixin.py:188} INFO - [2026-04-28T19:59:57.002+0000] {dag.py:3954} INFO - Setting next_dagrun for example_skip_dag to 2026-04-27 00:00:00+00:00, run_after=2026-04-28 00:00:00+00:00
[2026-04-28T19:59:57.023+0000] {processor.py:183} INFO - Processing /home/airflow/.local/lib/python3.12/site-packages/airflow/example_dags/example_skip_dag.py took 0.090 seconds
[2026-04-28T20:00:27.286+0000] {processor.py:161} INFO - Started process (PID=868) to work on /home/airflow/.local/lib/python3.12/site-packages/airflow/example_dags/example_skip_dag.py
[2026-04-28T20:00:27.291+0000] {processor.py:830} INFO - Processing file /home/airflow/.local/lib/python3.12/site-packages/airflow/example_dags/example_skip_dag.py for tasks to queue
[2026-04-28T20:00:27.296+0000] {logging_mixin.py:188} INFO - [2026-04-28T20:00:27.296+0000] {dagbag.py:540} INFO - Filling up the DagBag from /home/airflow/.local/lib/python3.12/site-packages/airflow/example_dags/example_skip_dag.py
[2026-04-28T20:00:27.322+0000] {processor.py:840} INFO - DAG(s) 'example_skip_dag' retrieved from /home/airflow/.local/lib/python3.12/site-packages/airflow/example_dags/example_skip_dag.py
[2026-04-28T20:00:27.399+0000] {logging_mixin.py:188} INFO - [2026-04-28T20:00:27.399+0000] {dag.py:3096} INFO - Sync 1 DAGs
[2026-04-28T20:00:27.429+0000] {logging_mixin.py:188} INFO - [2026-04-28T20:00:27.428+0000] {dag.py:3954} INFO - Setting next_dagrun for example_skip_dag to 2026-04-27 00:00:00+00:00, run_after=2026-04-28 00:00:00+00:00
[2026-04-28T20:00:27.448+0000] {processor.py:183} INFO - Processing /home/airflow/.local/lib/python3.12/site-packages/airflow/example_dags/example_skip_dag.py took 0.173 seconds
[2026-04-28T20:00:57.868+0000] {processor.py:161} INFO - Started process (PID=927) to work on /home/airflow/.local/lib/python3.12/site-packages/airflow/example_dags/example_skip_dag.py
[2026-04-28T20:00:57.869+0000] {processor.py:830} INFO - Processing file /home/airflow/.local/lib/python3.12/site-packages/airflow/example_dags/example_skip_dag.py for tasks to queue
[2026-04-28T20:00:57.873+0000] {logging_mixin.py:188} INFO - [2026-04-28T20:00:57.873+0000] {dagbag.py:540} INFO - Filling up the DagBag from /home/airflow/.local/lib/python3.12/site-packages/airflow/example_dags/example_skip_dag.py
[2026-04-28T20:00:57.887+0000] {processor.py:840} INFO - DAG(s) 'example_skip_dag' retrieved from /home/airflow/.local/lib/python3.12/site-packages/airflow/example_dags/example_skip_dag.py
[2026-04-28T20:00:57.929+0000] {logging_mixin.py:188} INFO - [2026-04-28T20:00:57.929+0000] {dag.py:3096} INFO - Sync 1 DAGs
[2026-04-28T20:00:57.958+0000] {logging_mixin.py:188} INFO - [2026-04-28T20:00:57.958+0000] {dag.py:3954} INFO - Setting next_dagrun for example_skip_dag to 2026-04-27 00:00:00+00:00, run_after=2026-04-28 00:00:00+00:00
[2026-04-28T20:00:57.981+0000] {processor.py:183} INFO - Processing /home/airflow/.local/lib/python3.12/site-packages/airflow/example_dags/example_skip_dag.py took 0.130 seconds
[2026-04-28T20:01:28.953+0000] {processor.py:161} INFO - Started process (PID=987) to work on /home/airflow/.local/lib/python3.12/site-packages/airflow/example_dags/example_skip_dag.py
[2026-04-28T20:01:28.955+0000] {processor.py:830} INFO - Processing file /home/airflow/.local/lib/python3.12/site-packages/airflow/example_dags/example_skip_dag.py for tasks to queue
[2026-04-28T20:01:28.959+0000] {logging_mixin.py:188} INFO - [2026-04-28T20:01:28.959+0000] {dagbag.py:540} INFO - Filling up the DagBag from /home/airflow/.local/lib/python3.12/site-packages/airflow/example_dags/example_skip_dag.py
[2026-04-28T20:01:28.967+0000] {processor.py:840} INFO - DAG(s) 'example_skip_dag' retrieved from /home/airflow/.local/lib/python3.12/site-packages/airflow/example_dags/example_skip_dag.py
[2026-04-28T20:01:29.019+0000] {logging_mixin.py:188} INFO - [2026-04-28T20:01:29.018+0000] {dag.py:3096} INFO - Sync 1 DAGs
[2026-04-28T20:01:29.048+0000] {logging_mixin.py:188} INFO - [2026-04-28T20:01:29.048+0000] {dag.py:3954} INFO - Setting next_dagrun for example_skip_dag to 2026-04-27 00:00:00+00:00, run_after=2026-04-28 00:00:00+00:00
[2026-04-28T20:01:29.077+0000] {processor.py:183} INFO - Processing /home/airflow/.local/lib/python3.12/site-packages/airflow/example_dags/example_skip_dag.py took 0.132 seconds
[2026-04-28T20:01:59.272+0000] {processor.py:161} INFO - Started process (PID=1047) to work on /home/airflow/.local/lib/python3.12/site-packages/airflow/example_dags/example_skip_dag.py
[2026-04-28T20:01:59.274+0000] {processor.py:830} INFO - Processing file /home/airflow/.local/lib/python3.12/site-packages/airflow/example_dags/example_skip_dag.py for tasks to queue
[2026-04-28T20:01:59.276+0000] {logging_mixin.py:188} INFO - [2026-04-28T20:01:59.275+0000] {dagbag.py:540} INFO - Filling up the DagBag from /home/airflow/.local/lib/python3.12/site-packages/airflow/example_dags/example_skip_dag.py
[2026-04-28T20:01:59.283+0000] {processor.py:840} INFO - DAG(s) 'example_skip_dag' retrieved from /home/airflow/.local/lib/python3.12/site-packages/airflow/example_dags/example_skip_dag.py
[2026-04-28T20:01:59.317+0000] {logging_mixin.py:188} INFO - [2026-04-28T20:01:59.317+0000] {dag.py:3096} INFO - Sync 1 DAGs
[2026-04-28T20:01:59.344+0000] {logging_mixin.py:188} INFO - [2026-04-28T20:01:59.344+0000] {dag.py:3954} INFO - Setting next_dagrun for example_skip_dag to 2026-04-27 00:00:00+00:00, run_after=2026-04-28 00:00:00+00:00
[2026-04-28T20:01:59.364+0000] {processor.py:183} INFO - Processing /home/airflow/.local/lib/python3.12/site-packages/airflow/example_dags/example_skip_dag.py took 0.099 seconds
[2026-04-28T20:02:29.940+0000] {processor.py:161} INFO - Started process (PID=1106) to work on /home/airflow/.local/lib/python3.12/site-packages/airflow/example_dags/example_skip_dag.py
[2026-04-28T20:02:29.942+0000] {processor.py:830} INFO - Processing file /home/airflow/.local/lib/python3.12/site-packages/airflow/example_dags/example_skip_dag.py for tasks to queue
[2026-04-28T20:02:29.943+0000] {logging_mixin.py:188} INFO - [2026-04-28T20:02:29.943+0000] {dagbag.py:540} INFO - Filling up the DagBag from /home/airflow/.local/lib/python3.12/site-packages/airflow/example_dags/example_skip_dag.py
[2026-04-28T20:02:29.951+0000] {processor.py:840} INFO - DAG(s) 'example_skip_dag' retrieved from /home/airflow/.local/lib/python3.12/site-packages/airflow/example_dags/example_skip_dag.py
[2026-04-28T20:02:29.977+0000] {logging_mixin.py:188} INFO - [2026-04-28T20:02:29.977+0000] {dag.py:3096} INFO - Sync 1 DAGs
[2026-04-28T20:02:30.008+0000] {logging_mixin.py:188} INFO - [2026-04-28T20:02:30.007+0000] {dag.py:3954} INFO - Setting next_dagrun for example_skip_dag to 2026-04-27 00:00:00+00:00, run_after=2026-04-28 00:00:00+00:00
[2026-04-28T20:02:30.041+0000] {processor.py:183} INFO - Processing /home/airflow/.local/lib/python3.12/site-packages/airflow/example_dags/example_skip_dag.py took 0.108 seconds
[2026-04-28T20:03:00.360+0000] {processor.py:161} INFO - Started process (PID=1166) to work on /home/airflow/.local/lib/python3.12/site-packages/airflow/example_dags/example_skip_dag.py
[2026-04-28T20:03:00.362+0000] {processor.py:830} INFO - Processing file /home/airflow/.local/lib/python3.12/site-packages/airflow/example_dags/example_skip_dag.py for tasks to queue
[2026-04-28T20:03:00.366+0000] {logging_mixin.py:188} INFO - [2026-04-28T20:03:00.366+0000] {dagbag.py:540} INFO - Filling up the DagBag from /home/airflow/.local/lib/python3.12/site-packages/airflow/example_dags/example_skip_dag.py
[2026-04-28T20:03:00.386+0000] {processor.py:840} INFO - DAG(s) 'example_skip_dag' retrieved from /home/airflow/.local/lib/python3.12/site-packages/airflow/example_dags/example_skip_dag.py
[2026-04-28T20:03:00.431+0000] {logging_mixin.py:188} INFO - [2026-04-28T20:03:00.431+0000] {dag.py:3096} INFO - Sync 1 DAGs
[2026-04-28T20:03:00.457+0000] {logging_mixin.py:188} INFO - [2026-04-28T20:03:00.457+0000] {dag.py:3954} INFO - Setting next_dagrun for example_skip_dag to 2026-04-27 00:00:00+00:00, run_after=2026-04-28 00:00:00+00:00
[2026-04-28T20:03:00.486+0000] {processor.py:183} INFO - Processing /home/airflow/.local/lib/python3.12/site-packages/airflow/example_dags/example_skip_dag.py took 0.140 seconds
[2026-04-28T20:03:30.999+0000] {processor.py:161} INFO - Started process (PID=1225) to work on /home/airflow/.local/lib/python3.12/site-packages/airflow/example_dags/example_skip_dag.py
[2026-04-28T20:03:31.000+0000] {processor.py:830} INFO - Processing file /home/airflow/.local/lib/python3.12/site-packages/airflow/example_dags/example_skip_dag.py for tasks to queue
[2026-04-28T20:03:31.003+0000] {logging_mixin.py:188} INFO - [2026-04-28T20:03:31.002+0000] {dagbag.py:540} INFO - Filling up the DagBag from /home/airflow/.local/lib/python3.12/site-packages/airflow/example_dags/example_skip_dag.py
[2026-04-28T20:03:31.016+0000] {processor.py:840} INFO - DAG(s) 'example_skip_dag' retrieved from /home/airflow/.local/lib/python3.12/site-packages/airflow/example_dags/example_skip_dag.py
[2026-04-28T20:03:31.085+0000] {logging_mixin.py:188} INFO - [2026-04-28T20:03:31.084+0000] {dag.py:3096} INFO - Sync 1 DAGs
[2026-04-28T20:03:31.115+0000] {logging_mixin.py:188} INFO - [2026-04-28T20:03:31.115+0000] {dag.py:3954} INFO - Setting next_dagrun for example_skip_dag to 2026-04-27 00:00:00+00:00, run_after=2026-04-28 00:00:00+00:00
[2026-04-28T20:03:31.172+0000] {processor.py:183} INFO - Processing /home/airflow/.local/lib/python3.12/site-packages/airflow/example_dags/example_skip_dag.py took 0.181 seconds
[2026-04-28T20:04:01.729+0000] {processor.py:161} INFO - Started process (PID=1285) to work on /home/airflow/.local/lib/python3.12/site-packages/airflow/example_dags/example_skip_dag.py
[2026-04-28T20:04:01.731+0000] {processor.py:830} INFO - Processing file /home/airflow/.local/lib/python3.12/site-packages/airflow/example_dags/example_skip_dag.py for tasks to queue
[2026-04-28T20:04:01.733+0000] {logging_mixin.py:188} INFO - [2026-04-28T20:04:01.732+0000] {dagbag.py:540} INFO - Filling up the DagBag from /home/airflow/.local/lib/python3.12/site-packages/airflow/example_dags/example_skip_dag.py
[2026-04-28T20:04:01.741+0000] {processor.py:840} INFO - DAG(s) 'example_skip_dag' retrieved from /home/airflow/.local/lib/python3.12/site-packages/airflow/example_dags/example_skip_dag.py
[2026-04-28T20:04:01.768+0000] {logging_mixin.py:188} INFO - [2026-04-28T20:04:01.768+0000] {dag.py:3096} INFO - Sync 1 DAGs
[2026-04-28T20:04:01.796+0000] {logging_mixin.py:188} INFO - [2026-04-28T20:04:01.796+0000] {dag.py:3954} INFO - Setting next_dagrun for example_skip_dag to 2026-04-27 00:00:00+00:00, run_after=2026-04-28 00:00:00+00:00
[2026-04-28T20:04:01.832+0000] {processor.py:183} INFO - Processing /home/airflow/.local/lib/python3.12/site-packages/airflow/example_dags/example_skip_dag.py took 0.110 seconds
[2026-04-28T20:04:32.718+0000] {processor.py:161} INFO - Started process (PID=1345) to work on /home/airflow/.local/lib/python3.12/site-packages/airflow/example_dags/example_skip_dag.py
[2026-04-28T20:04:32.725+0000] {processor.py:830} INFO - Processing file /home/airflow/.local/lib/python3.12/site-packages/airflow/example_dags/example_skip_dag.py for tasks to queue
[2026-04-28T20:04:32.727+0000] {logging_mixin.py:188} INFO - [2026-04-28T20:04:32.727+0000] {dagbag.py:540} INFO - Filling up the DagBag from /home/airflow/.local/lib/python3.12/site-packages/airflow/example_dags/example_skip_dag.py
[2026-04-28T20:04:32.735+0000] {processor.py:840} INFO - DAG(s) 'example_skip_dag' retrieved from /home/airflow/.local/lib/python3.12/site-packages/airflow/example_dags/example_skip_dag.py
[2026-04-28T20:04:32.759+0000] {logging_mixin.py:188} INFO - [2026-04-28T20:04:32.759+0000] {dag.py:3096} INFO - Sync 1 DAGs
[2026-04-28T20:04:33.003+0000] {logging_mixin.py:188} INFO - [2026-04-28T20:04:33.003+0000] {dag.py:3954} INFO - Setting next_dagrun for example_skip_dag to 2026-04-27 00:00:00+00:00, run_after=2026-04-28 00:00:00+00:00
[2026-04-28T20:04:33.023+0000] {processor.py:183} INFO - Processing /home/airflow/.local/lib/python3.12/site-packages/airflow/example_dags/example_skip_dag.py took 0.319 seconds
[2026-04-28T20:05:03.786+0000] {processor.py:161} INFO - Started process (PID=1405) to work on /home/airflow/.local/lib/python3.12/site-packages/airflow/example_dags/example_skip_dag.py
[2026-04-28T20:05:03.797+0000] {processor.py:830} INFO - Processing file /home/airflow/.local/lib/python3.12/site-packages/airflow/example_dags/example_skip_dag.py for tasks to queue
[2026-04-28T20:05:03.802+0000] {logging_mixin.py:188} INFO - [2026-04-28T20:05:03.800+0000] {dagbag.py:540} INFO - Filling up the DagBag from /home/airflow/.local/lib/python3.12/site-packages/airflow/example_dags/example_skip_dag.py
[2026-04-28T20:05:03.830+0000] {processor.py:840} INFO - DAG(s) 'example_skip_dag' retrieved from /home/airflow/.local/lib/python3.12/site-packages/airflow/example_dags/example_skip_dag.py
[2026-04-28T20:05:03.891+0000] {logging_mixin.py:188} INFO - [2026-04-28T20:05:03.891+0000] {dag.py:3096} INFO - Sync 1 DAGs
[2026-04-28T20:05:03.980+0000] {logging_mixin.py:188} INFO - [2026-04-28T20:05:03.979+0000] {dag.py:3954} INFO - Setting next_dagrun for example_skip_dag to 2026-04-27 00:00:00+00:00, run_after=2026-04-28 00:00:00+00:00
[2026-04-28T20:05:04.061+0000] {processor.py:183} INFO - Processing /home/airflow/.local/lib/python3.12/site-packages/airflow/example_dags/example_skip_dag.py took 0.286 seconds
[2026-04-28T20:05:34.309+0000] {processor.py:161} INFO - Started process (PID=1466) to work on /home/airflow/.local/lib/python3.12/site-packages/airflow/example_dags/example_skip_dag.py
[2026-04-28T20:05:34.312+0000] {processor.py:830} INFO - Processing file /home/airflow/.local/lib/python3.12/site-packages/airflow/example_dags/example_skip_dag.py for tasks to queue
[2026-04-28T20:05:34.314+0000] {logging_mixin.py:188} INFO - [2026-04-28T20:05:34.313+0000] {dagbag.py:540} INFO - Filling up the DagBag from /home/airflow/.local/lib/python3.12/site-packages/airflow/example_dags/example_skip_dag.py
[2026-04-28T20:05:34.326+0000] {processor.py:840} INFO - DAG(s) 'example_skip_dag' retrieved from /home/airflow/.local/lib/python3.12/site-packages/airflow/example_dags/example_skip_dag.py
[2026-04-28T20:05:34.352+0000] {logging_mixin.py:188} INFO - [2026-04-28T20:05:34.352+0000] {dag.py:3096} INFO - Sync 1 DAGs
[2026-04-28T20:05:34.400+0000] {logging_mixin.py:188} INFO - [2026-04-28T20:05:34.400+0000] {dag.py:3954} INFO - Setting next_dagrun for example_skip_dag to 2026-04-27 00:00:00+00:00, run_after=2026-04-28 00:00:00+00:00
[2026-04-28T20:05:34.429+0000] {processor.py:183} INFO - Processing /home/airflow/.local/lib/python3.12/site-packages/airflow/example_dags/example_skip_dag.py took 0.128 seconds
[2026-04-28T20:06:04.656+0000] {processor.py:161} INFO - Started process (PID=1525) to work on /home/airflow/.local/lib/python3.12/site-packages/airflow/example_dags/example_skip_dag.py
[2026-04-28T20:06:04.657+0000] {processor.py:830} INFO - Processing file /home/airflow/.local/lib/python3.12/site-packages/airflow/example_dags/example_skip_dag.py for tasks to queue
[2026-04-28T20:06:04.659+0000] {logging_mixin.py:188} INFO - [2026-04-28T20:06:04.658+0000] {dagbag.py:540} INFO - Filling up the DagBag from /home/airflow/.local/lib/python3.12/site-packages/airflow/example_dags/example_skip_dag.py
[2026-04-28T20:06:04.667+0000] {processor.py:840} INFO - DAG(s) 'example_skip_dag' retrieved from /home/airflow/.local/lib/python3.12/site-packages/airflow/example_dags/example_skip_dag.py
[2026-04-28T20:06:04.693+0000] {logging_mixin.py:188} INFO - [2026-04-28T20:06:04.693+0000] {dag.py:3096} INFO - Sync 1 DAGs
[2026-04-28T20:06:04.721+0000] {logging_mixin.py:188} INFO - [2026-04-28T20:06:04.721+0000] {dag.py:3954} INFO - Setting next_dagrun for example_skip_dag to 2026-04-27 00:00:00+00:00, run_after=2026-04-28 00:00:00+00:00
[2026-04-28T20:06:04.742+0000] {processor.py:183} INFO - Processing /home/airflow/.local/lib/python3.12/site-packages/airflow/example_dags/example_skip_dag.py took 0.094 seconds
[2026-04-28T20:06:35.282+0000] {processor.py:161} INFO - Started process (PID=1584) to work on /home/airflow/.local/lib/python3.12/site-packages/airflow/example_dags/example_skip_dag.py
[2026-04-28T20:06:35.282+0000] {processor.py:830} INFO - Processing file /home/airflow/.local/lib/python3.12/site-packages/airflow/example_dags/example_skip_dag.py for tasks to queue
[2026-04-28T20:06:35.284+0000] {logging_mixin.py:188} INFO - [2026-04-28T20:06:35.284+0000] {dagbag.py:540} INFO - Filling up the DagBag from /home/airflow/.local/lib/python3.12/site-packages/airflow/example_dags/example_skip_dag.py
[2026-04-28T20:06:35.293+0000] {processor.py:840} INFO - DAG(s) 'example_skip_dag' retrieved from /home/airflow/.local/lib/python3.12/site-packages/airflow/example_dags/example_skip_dag.py
[2026-04-28T20:06:35.318+0000] {logging_mixin.py:188} INFO - [2026-04-28T20:06:35.318+0000] {dag.py:3096} INFO - Sync 1 DAGs
[2026-04-28T20:06:35.350+0000] {logging_mixin.py:188} INFO - [2026-04-28T20:06:35.349+0000] {dag.py:3954} INFO - Setting next_dagrun for example_skip_dag to 2026-04-27 00:00:00+00:00, run_after=2026-04-28 00:00:00+00:00
[2026-04-28T20:06:35.370+0000] {processor.py:183} INFO - Processing /home/airflow/.local/lib/python3.12/site-packages/airflow/example_dags/example_skip_dag.py took 0.096 seconds
[2026-04-28T20:07:05.670+0000] {processor.py:161} INFO - Started process (PID=1643) to work on /home/airflow/.local/lib/python3.12/site-packages/airflow/example_dags/example_skip_dag.py
[2026-04-28T20:07:05.672+0000] {processor.py:830} INFO - Processing file /home/airflow/.local/lib/python3.12/site-packages/airflow/example_dags/example_skip_dag.py for tasks to queue
[2026-04-28T20:07:05.674+0000] {logging_mixin.py:188} INFO - [2026-04-28T20:07:05.673+0000] {dagbag.py:540} INFO - Filling up the DagBag from /home/airflow/.local/lib/python3.12/site-packages/airflow/example_dags/example_skip_dag.py
[2026-04-28T20:07:05.682+0000] {processor.py:840} INFO - DAG(s) 'example_skip_dag' retrieved from /home/airflow/.local/lib/python3.12/site-packages/airflow/example_dags/example_skip_dag.py
[2026-04-28T20:07:05.710+0000] {logging_mixin.py:188} INFO - [2026-04-28T20:07:05.709+0000] {dag.py:3096} INFO - Sync 1 DAGs
[2026-04-28T20:07:05.736+0000] {logging_mixin.py:188} INFO - [2026-04-28T20:07:05.736+0000] {dag.py:3954} INFO - Setting next_dagrun for example_skip_dag to 2026-04-27 00:00:00+00:00, run_after=2026-04-28 00:00:00+00:00
[2026-04-28T20:07:05.763+0000] {processor.py:183} INFO - Processing /home/airflow/.local/lib/python3.12/site-packages/airflow/example_dags/example_skip_dag.py took 0.100 seconds
[2026-04-28T20:07:36.801+0000] {processor.py:161} INFO - Started process (PID=1703) to work on /home/airflow/.local/lib/python3.12/site-packages/airflow/example_dags/example_skip_dag.py
[2026-04-28T20:07:36.802+0000] {processor.py:830} INFO - Processing file /home/airflow/.local/lib/python3.12/site-packages/airflow/example_dags/example_skip_dag.py for tasks to queue
[2026-04-28T20:07:36.805+0000] {logging_mixin.py:188} INFO - [2026-04-28T20:07:36.805+0000] {dagbag.py:540} INFO - Filling up the DagBag from /home/airflow/.local/lib/python3.12/site-packages/airflow/example_dags/example_skip_dag.py
[2026-04-28T20:07:36.820+0000] {processor.py:840} INFO - DAG(s) 'example_skip_dag' retrieved from /home/airflow/.local/lib/python3.12/site-packages/airflow/example_dags/example_skip_dag.py
[2026-04-28T20:07:36.853+0000] {logging_mixin.py:188} INFO - [2026-04-28T20:07:36.853+0000] {dag.py:3096} INFO - Sync 1 DAGs
[2026-04-28T20:07:36.881+0000] {logging_mixin.py:188} INFO - [2026-04-28T20:07:36.881+0000] {dag.py:3954} INFO - Setting next_dagrun for example_skip_dag to 2026-04-27 00:00:00+00:00, run_after=2026-04-28 00:00:00+00:00
[2026-04-28T20:07:36.908+0000] {processor.py:183} INFO - Processing /home/airflow/.local/lib/python3.12/site-packages/airflow/example_dags/example_skip_dag.py took 0.116 seconds
[2026-04-28T20:08:07.242+0000] {processor.py:161} INFO - Started process (PID=1763) to work on /home/airflow/.local/lib/python3.12/site-packages/airflow/example_dags/example_skip_dag.py
[2026-04-28T20:08:07.242+0000] {processor.py:830} INFO - Processing file /home/airflow/.local/lib/python3.12/site-packages/airflow/example_dags/example_skip_dag.py for tasks to queue
[2026-04-28T20:08:07.245+0000] {logging_mixin.py:188} INFO - [2026-04-28T20:08:07.244+0000] {dagbag.py:540} INFO - Filling up the DagBag from /home/airflow/.local/lib/python3.12/site-packages/airflow/example_dags/example_skip_dag.py
[2026-04-28T20:08:07.252+0000] {processor.py:840} INFO - DAG(s) 'example_skip_dag' retrieved from /home/airflow/.local/lib/python3.12/site-packages/airflow/example_dags/example_skip_dag.py
[2026-04-28T20:08:07.279+0000] {logging_mixin.py:188} INFO - [2026-04-28T20:08:07.278+0000] {dag.py:3096} INFO - Sync 1 DAGs
[2026-04-28T20:08:07.305+0000] {logging_mixin.py:188} INFO - [2026-04-28T20:08:07.305+0000] {dag.py:3954} INFO - Setting next_dagrun for example_skip_dag to 2026-04-27 00:00:00+00:00, run_after=2026-04-28 00:00:00+00:00
[2026-04-28T20:08:07.324+0000] {processor.py:183} INFO - Processing /home/airflow/.local/lib/python3.12/site-packages/airflow/example_dags/example_skip_dag.py took 0.090 seconds
[2026-04-28T20:08:37.763+0000] {processor.py:161} INFO - Started process (PID=1823) to work on /home/airflow/.local/lib/python3.12/site-packages/airflow/example_dags/example_skip_dag.py
[2026-04-28T20:08:37.764+0000] {processor.py:830} INFO - Processing file /home/airflow/.local/lib/python3.12/site-packages/airflow/example_dags/example_skip_dag.py for tasks to queue
[2026-04-28T20:08:37.766+0000] {logging_mixin.py:188} INFO - [2026-04-28T20:08:37.765+0000] {dagbag.py:540} INFO - Filling up the DagBag from /home/airflow/.local/lib/python3.12/site-packages/airflow/example_dags/example_skip_dag.py
[2026-04-28T20:08:37.774+0000] {processor.py:840} INFO - DAG(s) 'example_skip_dag' retrieved from /home/airflow/.local/lib/python3.12/site-packages/airflow/example_dags/example_skip_dag.py
[2026-04-28T20:08:37.800+0000] {logging_mixin.py:188} INFO - [2026-04-28T20:08:37.800+0000] {dag.py:3096} INFO - Sync 1 DAGs
[2026-04-28T20:08:37.830+0000] {logging_mixin.py:188} INFO - [2026-04-28T20:08:37.830+0000] {dag.py:3954} INFO - Setting next_dagrun for example_skip_dag to 2026-04-27 00:00:00+00:00, run_after=2026-04-28 00:00:00+00:00
[2026-04-28T20:08:37.849+0000] {processor.py:183} INFO - Processing /home/airflow/.local/lib/python3.12/site-packages/airflow/example_dags/example_skip_dag.py took 0.094 seconds
[2026-04-28T20:09:07.950+0000] {processor.py:161} INFO - Started process (PID=1882) to work on /home/airflow/.local/lib/python3.12/site-packages/airflow/example_dags/example_skip_dag.py
[2026-04-28T20:09:07.951+0000] {processor.py:830} INFO - Processing file /home/airflow/.local/lib/python3.12/site-packages/airflow/example_dags/example_skip_dag.py for tasks to queue
[2026-04-28T20:09:07.953+0000] {logging_mixin.py:188} INFO - [2026-04-28T20:09:07.953+0000] {dagbag.py:540} INFO - Filling up the DagBag from /home/airflow/.local/lib/python3.12/site-packages/airflow/example_dags/example_skip_dag.py
[2026-04-28T20:09:07.962+0000] {processor.py:840} INFO - DAG(s) 'example_skip_dag' retrieved from /home/airflow/.local/lib/python3.12/site-packages/airflow/example_dags/example_skip_dag.py
[2026-04-28T20:09:07.994+0000] {logging_mixin.py:188} INFO - [2026-04-28T20:09:07.993+0000] {dag.py:3096} INFO - Sync 1 DAGs
[2026-04-28T20:09:08.025+0000] {logging_mixin.py:188} INFO - [2026-04-28T20:09:08.025+0000] {dag.py:3954} INFO - Setting next_dagrun for example_skip_dag to 2026-04-27 00:00:00+00:00, run_after=2026-04-28 00:00:00+00:00
[2026-04-28T20:09:08.047+0000] {processor.py:183} INFO - Processing /home/airflow/.local/lib/python3.12/site-packages/airflow/example_dags/example_skip_dag.py took 0.104 seconds
[2026-04-28T20:09:38.530+0000] {processor.py:161} INFO - Started process (PID=1942) to work on /home/airflow/.local/lib/python3.12/site-packages/airflow/example_dags/example_skip_dag.py
[2026-04-28T20:09:38.532+0000] {processor.py:830} INFO - Processing file /home/airflow/.local/lib/python3.12/site-packages/airflow/example_dags/example_skip_dag.py for tasks to queue
[2026-04-28T20:09:38.534+0000] {logging_mixin.py:188} INFO - [2026-04-28T20:09:38.534+0000] {dagbag.py:540} INFO - Filling up the DagBag from /home/airflow/.local/lib/python3.12/site-packages/airflow/example_dags/example_skip_dag.py
[2026-04-28T20:09:38.547+0000] {processor.py:840} INFO - DAG(s) 'example_skip_dag' retrieved from /home/airflow/.local/lib/python3.12/site-packages/airflow/example_dags/example_skip_dag.py
[2026-04-28T20:09:38.576+0000] {logging_mixin.py:188} INFO - [2026-04-28T20:09:38.575+0000] {dag.py:3096} INFO - Sync 1 DAGs
[2026-04-28T20:09:38.609+0000] {logging_mixin.py:188} INFO - [2026-04-28T20:09:38.609+0000] {dag.py:3954} INFO - Setting next_dagrun for example_skip_dag to 2026-04-27 00:00:00+00:00, run_after=2026-04-28 00:00:00+00:00
[2026-04-28T20:09:38.633+0000] {processor.py:183} INFO - Processing /home/airflow/.local/lib/python3.12/site-packages/airflow/example_dags/example_skip_dag.py took 0.111 seconds
[2026-04-28T20:10:09.192+0000] {processor.py:161} INFO - Started process (PID=2002) to work on /home/airflow/.local/lib/python3.12/site-packages/airflow/example_dags/example_skip_dag.py
[2026-04-28T20:10:09.193+0000] {processor.py:830} INFO - Processing file /home/airflow/.local/lib/python3.12/site-packages/airflow/example_dags/example_skip_dag.py for tasks to queue
[2026-04-28T20:10:09.195+0000] {logging_mixin.py:188} INFO - [2026-04-28T20:10:09.195+0000] {dagbag.py:540} INFO - Filling up the DagBag from /home/airflow/.local/lib/python3.12/site-packages/airflow/example_dags/example_skip_dag.py
[2026-04-28T20:10:09.204+0000] {processor.py:840} INFO - DAG(s) 'example_skip_dag' retrieved from /home/airflow/.local/lib/python3.12/site-packages/airflow/example_dags/example_skip_dag.py
[2026-04-28T20:10:09.235+0000] {logging_mixin.py:188} INFO - [2026-04-28T20:10:09.234+0000] {dag.py:3096} INFO - Sync 1 DAGs
[2026-04-28T20:10:09.266+0000] {logging_mixin.py:188} INFO - [2026-04-28T20:10:09.265+0000] {dag.py:3954} INFO - Setting next_dagrun for example_skip_dag to 2026-04-27 00:00:00+00:00, run_after=2026-04-28 00:00:00+00:00
[2026-04-28T20:10:09.297+0000] {processor.py:183} INFO - Processing /home/airflow/.local/lib/python3.12/site-packages/airflow/example_dags/example_skip_dag.py took 0.112 seconds
[2026-04-28T20:10:40.318+0000] {processor.py:161} INFO - Started process (PID=2061) to work on /home/airflow/.local/lib/python3.12/site-packages/airflow/example_dags/example_skip_dag.py
[2026-04-28T20:10:40.323+0000] {processor.py:830} INFO - Processing file /home/airflow/.local/lib/python3.12/site-packages/airflow/example_dags/example_skip_dag.py for tasks to queue
[2026-04-28T20:10:40.329+0000] {logging_mixin.py:188} INFO - [2026-04-28T20:10:40.329+0000] {dagbag.py:540} INFO - Filling up the DagBag from /home/airflow/.local/lib/python3.12/site-packages/airflow/example_dags/example_skip_dag.py
[2026-04-28T20:10:40.346+0000] {processor.py:840} INFO - DAG(s) 'example_skip_dag' retrieved from /home/airflow/.local/lib/python3.12/site-packages/airflow/example_dags/example_skip_dag.py
[2026-04-28T20:10:40.399+0000] {logging_mixin.py:188} INFO - [2026-04-28T20:10:40.399+0000] {dag.py:3096} INFO - Sync 1 DAGs
[2026-04-28T20:10:40.454+0000] {logging_mixin.py:188} INFO - [2026-04-28T20:10:40.454+0000] {dag.py:3954} INFO - Setting next_dagrun for example_skip_dag to 2026-04-27 00:00:00+00:00, run_after=2026-04-28 00:00:00+00:00
[2026-04-28T20:10:40.510+0000] {processor.py:183} INFO - Processing /home/airflow/.local/lib/python3.12/site-packages/airflow/example_dags/example_skip_dag.py took 0.210 seconds
[2026-04-28T20:11:11.187+0000] {processor.py:161} INFO - Started process (PID=2121) to work on /home/airflow/.local/lib/python3.12/site-packages/airflow/example_dags/example_skip_dag.py
[2026-04-28T20:11:11.187+0000] {processor.py:830} INFO - Processing file /home/airflow/.local/lib/python3.12/site-packages/airflow/example_dags/example_skip_dag.py for tasks to queue
[2026-04-28T20:11:11.189+0000] {logging_mixin.py:188} INFO - [2026-04-28T20:11:11.189+0000] {dagbag.py:540} INFO - Filling up the DagBag from /home/airflow/.local/lib/python3.12/site-packages/airflow/example_dags/example_skip_dag.py
[2026-04-28T20:11:11.198+0000] {processor.py:840} INFO - DAG(s) 'example_skip_dag' retrieved from /home/airflow/.local/lib/python3.12/site-packages/airflow/example_dags/example_skip_dag.py
[2026-04-28T20:11:11.232+0000] {logging_mixin.py:188} INFO - [2026-04-28T20:11:11.232+0000] {dag.py:3096} INFO - Sync 1 DAGs
[2026-04-28T20:11:11.262+0000] {logging_mixin.py:188} INFO - [2026-04-28T20:11:11.262+0000] {dag.py:3954} INFO - Setting next_dagrun for example_skip_dag to 2026-04-27 00:00:00+00:00, run_after=2026-04-28 00:00:00+00:00
[2026-04-28T20:11:11.286+0000] {processor.py:183} INFO - Processing /home/airflow/.local/lib/python3.12/site-packages/airflow/example_dags/example_skip_dag.py took 0.106 seconds
[2026-04-28T20:11:41.735+0000] {processor.py:161} INFO - Started process (PID=2181) to work on /home/airflow/.local/lib/python3.12/site-packages/airflow/example_dags/example_skip_dag.py
[2026-04-28T20:11:41.737+0000] {processor.py:830} INFO - Processing file /home/airflow/.local/lib/python3.12/site-packages/airflow/example_dags/example_skip_dag.py for tasks to queue
[2026-04-28T20:11:41.739+0000] {logging_mixin.py:188} INFO - [2026-04-28T20:11:41.739+0000] {dagbag.py:540} INFO - Filling up the DagBag from /home/airflow/.local/lib/python3.12/site-packages/airflow/example_dags/example_skip_dag.py
[2026-04-28T20:11:41.748+0000] {processor.py:840} INFO - DAG(s) 'example_skip_dag' retrieved from /home/airflow/.local/lib/python3.12/site-packages/airflow/example_dags/example_skip_dag.py
[2026-04-28T20:11:41.786+0000] {logging_mixin.py:188} INFO - [2026-04-28T20:11:41.785+0000] {dag.py:3096} INFO - Sync 1 DAGs
[2026-04-28T20:11:41.842+0000] {logging_mixin.py:188} INFO - [2026-04-28T20:11:41.841+0000] {dag.py:3954} INFO - Setting next_dagrun for example_skip_dag to 2026-04-27 00:00:00+00:00, run_after=2026-04-28 00:00:00+00:00
[2026-04-28T20:11:41.863+0000] {processor.py:183} INFO - Processing /home/airflow/.local/lib/python3.12/site-packages/airflow/example_dags/example_skip_dag.py took 0.135 seconds
[2026-04-28T20:12:12.620+0000] {processor.py:161} INFO - Started process (PID=2241) to work on /home/airflow/.local/lib/python3.12/site-packages/airflow/example_dags/example_skip_dag.py
[2026-04-28T20:12:12.621+0000] {processor.py:830} INFO - Processing file /home/airflow/.local/lib/python3.12/site-packages/airflow/example_dags/example_skip_dag.py for tasks to queue
[2026-04-28T20:12:12.623+0000] {logging_mixin.py:188} INFO - [2026-04-28T20:12:12.623+0000] {dagbag.py:540} INFO - Filling up the DagBag from /home/airflow/.local/lib/python3.12/site-packages/airflow/example_dags/example_skip_dag.py
[2026-04-28T20:12:12.636+0000] {processor.py:840} INFO - DAG(s) 'example_skip_dag' retrieved from /home/airflow/.local/lib/python3.12/site-packages/airflow/example_dags/example_skip_dag.py
[2026-04-28T20:12:12.699+0000] {logging_mixin.py:188} INFO - [2026-04-28T20:12:12.699+0000] {dag.py:3096} INFO - Sync 1 DAGs
[2026-04-28T20:12:12.726+0000] {logging_mixin.py:188} INFO - [2026-04-28T20:12:12.726+0000] {dag.py:3954} INFO - Setting next_dagrun for example_skip_dag to 2026-04-27 00:00:00+00:00, run_after=2026-04-28 00:00:00+00:00
[2026-04-28T20:12:12.758+0000] {processor.py:183} INFO - Processing /home/airflow/.local/lib/python3.12/site-packages/airflow/example_dags/example_skip_dag.py took 0.148 seconds
[2026-04-28T20:12:43.262+0000] {processor.py:161} INFO - Started process (PID=2301) to work on /home/airflow/.local/lib/python3.12/site-packages/airflow/example_dags/example_skip_dag.py
[2026-04-28T20:12:43.264+0000] {processor.py:830} INFO - Processing file /home/airflow/.local/lib/python3.12/site-packages/airflow/example_dags/example_skip_dag.py for tasks to queue
[2026-04-28T20:12:43.267+0000] {logging_mixin.py:188} INFO - [2026-04-28T20:12:43.267+0000] {dagbag.py:540} INFO - Filling up the DagBag from /home/airflow/.local/lib/python3.12/site-packages/airflow/example_dags/example_skip_dag.py
[2026-04-28T20:12:43.290+0000] {processor.py:840} INFO - DAG(s) 'example_skip_dag' retrieved from /home/airflow/.local/lib/python3.12/site-packages/airflow/example_dags/example_skip_dag.py
[2026-04-28T20:12:43.356+0000] {logging_mixin.py:188} INFO - [2026-04-28T20:12:43.356+0000] {dag.py:3096} INFO - Sync 1 DAGs
[2026-04-28T20:12:43.403+0000] {logging_mixin.py:188} INFO - [2026-04-28T20:12:43.403+0000] {dag.py:3954} INFO - Setting next_dagrun for example_skip_dag to 2026-04-27 00:00:00+00:00, run_after=2026-04-28 00:00:00+00:00
[2026-04-28T20:12:43.474+0000] {processor.py:183} INFO - Processing /home/airflow/.local/lib/python3.12/site-packages/airflow/example_dags/example_skip_dag.py took 0.226 seconds
[2026-04-28T20:13:14.433+0000] {processor.py:161} INFO - Started process (PID=2360) to work on /home/airflow/.local/lib/python3.12/site-packages/airflow/example_dags/example_skip_dag.py
[2026-04-28T20:13:14.435+0000] {processor.py:830} INFO - Processing file /home/airflow/.local/lib/python3.12/site-packages/airflow/example_dags/example_skip_dag.py for tasks to queue
[2026-04-28T20:13:14.437+0000] {logging_mixin.py:188} INFO - [2026-04-28T20:13:14.436+0000] {dagbag.py:540} INFO - Filling up the DagBag from /home/airflow/.local/lib/python3.12/site-packages/airflow/example_dags/example_skip_dag.py
[2026-04-28T20:13:14.445+0000] {processor.py:840} INFO - DAG(s) 'example_skip_dag' retrieved from /home/airflow/.local/lib/python3.12/site-packages/airflow/example_dags/example_skip_dag.py
[2026-04-28T20:13:14.471+0000] {logging_mixin.py:188} INFO - [2026-04-28T20:13:14.470+0000] {dag.py:3096} INFO - Sync 1 DAGs
[2026-04-28T20:13:14.499+0000] {logging_mixin.py:188} INFO - [2026-04-28T20:13:14.499+0000] {dag.py:3954} INFO - Setting next_dagrun for example_skip_dag to 2026-04-27 00:00:00+00:00, run_after=2026-04-28 00:00:00+00:00
[2026-04-28T20:13:14.519+0000] {processor.py:183} INFO - Processing /home/airflow/.local/lib/python3.12/site-packages/airflow/example_dags/example_skip_dag.py took 0.092 seconds
[2026-04-28T20:13:45.019+0000] {processor.py:161} INFO - Started process (PID=2421) to work on /home/airflow/.local/lib/python3.12/site-packages/airflow/example_dags/example_skip_dag.py
[2026-04-28T20:13:45.021+0000] {processor.py:830} INFO - Processing file /home/airflow/.local/lib/python3.12/site-packages/airflow/example_dags/example_skip_dag.py for tasks to queue
[2026-04-28T20:13:45.024+0000] {logging_mixin.py:188} INFO - [2026-04-28T20:13:45.023+0000] {dagbag.py:540} INFO - Filling up the DagBag from /home/airflow/.local/lib/python3.12/site-packages/airflow/example_dags/example_skip_dag.py
[2026-04-28T20:13:45.032+0000] {processor.py:840} INFO - DAG(s) 'example_skip_dag' retrieved from /home/airflow/.local/lib/python3.12/site-packages/airflow/example_dags/example_skip_dag.py
[2026-04-28T20:13:45.060+0000] {logging_mixin.py:188} INFO - [2026-04-28T20:13:45.059+0000] {dag.py:3096} INFO - Sync 1 DAGs
[2026-04-28T20:13:45.087+0000] {logging_mixin.py:188} INFO - [2026-04-28T20:13:45.087+0000] {dag.py:3954} INFO - Setting next_dagrun for example_skip_dag to 2026-04-27 00:00:00+00:00, run_after=2026-04-28 00:00:00+00:00
[2026-04-28T20:13:45.111+0000] {processor.py:183} INFO - Processing /home/airflow/.local/lib/python3.12/site-packages/airflow/example_dags/example_skip_dag.py took 0.099 seconds
[2026-04-28T20:14:15.212+0000] {processor.py:161} INFO - Started process (PID=2482) to work on /home/airflow/.local/lib/python3.12/site-packages/airflow/example_dags/example_skip_dag.py
[2026-04-28T20:14:15.213+0000] {processor.py:830} INFO - Processing file /home/airflow/.local/lib/python3.12/site-packages/airflow/example_dags/example_skip_dag.py for tasks to queue
[2026-04-28T20:14:15.215+0000] {logging_mixin.py:188} INFO - [2026-04-28T20:14:15.215+0000] {dagbag.py:540} INFO - Filling up the DagBag from /home/airflow/.local/lib/python3.12/site-packages/airflow/example_dags/example_skip_dag.py
[2026-04-28T20:14:15.223+0000] {processor.py:840} INFO - DAG(s) 'example_skip_dag' retrieved from /home/airflow/.local/lib/python3.12/site-packages/airflow/example_dags/example_skip_dag.py
[2026-04-28T20:14:15.263+0000] {logging_mixin.py:188} INFO - [2026-04-28T20:14:15.262+0000] {dag.py:3096} INFO - Sync 1 DAGs
[2026-04-28T20:14:15.293+0000] {logging_mixin.py:188} INFO - [2026-04-28T20:14:15.293+0000] {dag.py:3954} INFO - Setting next_dagrun for example_skip_dag to 2026-04-27 00:00:00+00:00, run_after=2026-04-28 00:00:00+00:00
[2026-04-28T20:14:15.319+0000] {processor.py:183} INFO - Processing /home/airflow/.local/lib/python3.12/site-packages/airflow/example_dags/example_skip_dag.py took 0.121 seconds
[2026-04-28T20:14:46.176+0000] {processor.py:161} INFO - Started process (PID=2543) to work on /home/airflow/.local/lib/python3.12/site-packages/airflow/example_dags/example_skip_dag.py
[2026-04-28T20:14:46.181+0000] {processor.py:830} INFO - Processing file /home/airflow/.local/lib/python3.12/site-packages/airflow/example_dags/example_skip_dag.py for tasks to queue
[2026-04-28T20:14:46.185+0000] {logging_mixin.py:188} INFO - [2026-04-28T20:14:46.185+0000] {dagbag.py:540} INFO - Filling up the DagBag from /home/airflow/.local/lib/python3.12/site-packages/airflow/example_dags/example_skip_dag.py
[2026-04-28T20:14:46.201+0000] {processor.py:840} INFO - DAG(s) 'example_skip_dag' retrieved from /home/airflow/.local/lib/python3.12/site-packages/airflow/example_dags/example_skip_dag.py
[2026-04-28T20:14:46.256+0000] {logging_mixin.py:188} INFO - [2026-04-28T20:14:46.256+0000] {dag.py:3096} INFO - Sync 1 DAGs
[2026-04-28T20:14:46.344+0000] {logging_mixin.py:188} INFO - [2026-04-28T20:14:46.344+0000] {dag.py:3954} INFO - Setting next_dagrun for example_skip_dag to 2026-04-27 00:00:00+00:00, run_after=2026-04-28 00:00:00+00:00
[2026-04-28T20:14:46.397+0000] {processor.py:183} INFO - Processing /home/airflow/.local/lib/python3.12/site-packages/airflow/example_dags/example_skip_dag.py took 0.238 seconds
[2026-04-28T20:15:17.221+0000] {processor.py:161} INFO - Started process (PID=2602) to work on /home/airflow/.local/lib/python3.12/site-packages/airflow/example_dags/example_skip_dag.py
[2026-04-28T20:15:17.222+0000] {processor.py:830} INFO - Processing file /home/airflow/.local/lib/python3.12/site-packages/airflow/example_dags/example_skip_dag.py for tasks to queue
[2026-04-28T20:15:17.224+0000] {logging_mixin.py:188} INFO - [2026-04-28T20:15:17.224+0000] {dagbag.py:540} INFO - Filling up the DagBag from /home/airflow/.local/lib/python3.12/site-packages/airflow/example_dags/example_skip_dag.py
[2026-04-28T20:15:17.233+0000] {processor.py:840} INFO - DAG(s) 'example_skip_dag' retrieved from /home/airflow/.local/lib/python3.12/site-packages/airflow/example_dags/example_skip_dag.py
[2026-04-28T20:15:17.261+0000] {logging_mixin.py:188} INFO - [2026-04-28T20:15:17.261+0000] {dag.py:3096} INFO - Sync 1 DAGs
[2026-04-28T20:15:17.288+0000] {logging_mixin.py:188} INFO - [2026-04-28T20:15:17.288+0000] {dag.py:3954} INFO - Setting next_dagrun for example_skip_dag to 2026-04-27 00:00:00+00:00, run_after=2026-04-28 00:00:00+00:00
[2026-04-28T20:15:17.311+0000] {processor.py:183} INFO - Processing /home/airflow/.local/lib/python3.12/site-packages/airflow/example_dags/example_skip_dag.py took 0.097 seconds
[2026-04-28T20:15:47.472+0000] {processor.py:161} INFO - Started process (PID=2662) to work on /home/airflow/.local/lib/python3.12/site-packages/airflow/example_dags/example_skip_dag.py
[2026-04-28T20:15:47.474+0000] {processor.py:830} INFO - Processing file /home/airflow/.local/lib/python3.12/site-packages/airflow/example_dags/example_skip_dag.py for tasks to queue
[2026-04-28T20:15:47.477+0000] {logging_mixin.py:188} INFO - [2026-04-28T20:15:47.476+0000] {dagbag.py:540} INFO - Filling up the DagBag from /home/airflow/.local/lib/python3.12/site-packages/airflow/example_dags/example_skip_dag.py
[2026-04-28T20:15:47.484+0000] {processor.py:840} INFO - DAG(s) 'example_skip_dag' retrieved from /home/airflow/.local/lib/python3.12/site-packages/airflow/example_dags/example_skip_dag.py
[2026-04-28T20:15:47.530+0000] {logging_mixin.py:188} INFO - [2026-04-28T20:15:47.530+0000] {dag.py:3096} INFO - Sync 1 DAGs
[2026-04-28T20:15:47.579+0000] {logging_mixin.py:188} INFO - [2026-04-28T20:15:47.579+0000] {dag.py:3954} INFO - Setting next_dagrun for example_skip_dag to 2026-04-27 00:00:00+00:00, run_after=2026-04-28 00:00:00+00:00
[2026-04-28T20:15:47.632+0000] {processor.py:183} INFO - Processing /home/airflow/.local/lib/python3.12/site-packages/airflow/example_dags/example_skip_dag.py took 0.167 seconds
[2026-04-28T20:16:18.114+0000] {processor.py:161} INFO - Started process (PID=2722) to work on /home/airflow/.local/lib/python3.12/site-packages/airflow/example_dags/example_skip_dag.py
[2026-04-28T20:16:18.115+0000] {processor.py:830} INFO - Processing file /home/airflow/.local/lib/python3.12/site-packages/airflow/example_dags/example_skip_dag.py for tasks to queue
[2026-04-28T20:16:18.117+0000] {logging_mixin.py:188} INFO - [2026-04-28T20:16:18.117+0000] {dagbag.py:540} INFO - Filling up the DagBag from /home/airflow/.local/lib/python3.12/site-packages/airflow/example_dags/example_skip_dag.py
[2026-04-28T20:16:18.125+0000] {processor.py:840} INFO - DAG(s) 'example_skip_dag' retrieved from /home/airflow/.local/lib/python3.12/site-packages/airflow/example_dags/example_skip_dag.py
[2026-04-28T20:16:18.162+0000] {logging_mixin.py:188} INFO - [2026-04-28T20:16:18.161+0000] {dag.py:3096} INFO - Sync 1 DAGs
[2026-04-28T20:16:18.226+0000] {logging_mixin.py:188} INFO - [2026-04-28T20:16:18.226+0000] {dag.py:3954} INFO - Setting next_dagrun for example_skip_dag to 2026-04-27 00:00:00+00:00, run_after=2026-04-28 00:00:00+00:00
[2026-04-28T20:16:18.275+0000] {processor.py:183} INFO - Processing /home/airflow/.local/lib/python3.12/site-packages/airflow/example_dags/example_skip_dag.py took 0.169 seconds
[2026-04-28T20:16:48.790+0000] {processor.py:161} INFO - Started process (PID=2782) to work on /home/airflow/.local/lib/python3.12/site-packages/airflow/example_dags/example_skip_dag.py
[2026-04-28T20:16:48.795+0000] {processor.py:830} INFO - Processing file /home/airflow/.local/lib/python3.12/site-packages/airflow/example_dags/example_skip_dag.py for tasks to queue
[2026-04-28T20:16:48.799+0000] {logging_mixin.py:188} INFO - [2026-04-28T20:16:48.799+0000] {dagbag.py:540} INFO - Filling up the DagBag from /home/airflow/.local/lib/python3.12/site-packages/airflow/example_dags/example_skip_dag.py
[2026-04-28T20:16:48.816+0000] {processor.py:840} INFO - DAG(s) 'example_skip_dag' retrieved from /home/airflow/.local/lib/python3.12/site-packages/airflow/example_dags/example_skip_dag.py
[2026-04-28T20:16:48.855+0000] {logging_mixin.py:188} INFO - [2026-04-28T20:16:48.855+0000] {dag.py:3096} INFO - Sync 1 DAGs
[2026-04-28T20:16:48.882+0000] {logging_mixin.py:188} INFO - [2026-04-28T20:16:48.882+0000] {dag.py:3954} INFO - Setting next_dagrun for example_skip_dag to 2026-04-27 00:00:00+00:00, run_after=2026-04-28 00:00:00+00:00
[2026-04-28T20:16:48.902+0000] {processor.py:183} INFO - Processing /home/airflow/.local/lib/python3.12/site-packages/airflow/example_dags/example_skip_dag.py took 0.139 seconds
[2026-04-28T20:17:19.022+0000] {processor.py:161} INFO - Started process (PID=2842) to work on /home/airflow/.local/lib/python3.12/site-packages/airflow/example_dags/example_skip_dag.py
[2026-04-28T20:17:19.025+0000] {processor.py:830} INFO - Processing file /home/airflow/.local/lib/python3.12/site-packages/airflow/example_dags/example_skip_dag.py for tasks to queue
[2026-04-28T20:17:19.029+0000] {logging_mixin.py:188} INFO - [2026-04-28T20:17:19.029+0000] {dagbag.py:540} INFO - Filling up the DagBag from /home/airflow/.local/lib/python3.12/site-packages/airflow/example_dags/example_skip_dag.py
[2026-04-28T20:17:19.038+0000] {processor.py:840} INFO - DAG(s) 'example_skip_dag' retrieved from /home/airflow/.local/lib/python3.12/site-packages/airflow/example_dags/example_skip_dag.py
[2026-04-28T20:17:19.098+0000] {logging_mixin.py:188} INFO - [2026-04-28T20:17:19.097+0000] {dag.py:3096} INFO - Sync 1 DAGs
[2026-04-28T20:17:19.150+0000] {logging_mixin.py:188} INFO - [2026-04-28T20:17:19.150+0000] {dag.py:3954} INFO - Setting next_dagrun for example_skip_dag to 2026-04-27 00:00:00+00:00, run_after=2026-04-28 00:00:00+00:00
[2026-04-28T20:17:19.199+0000] {processor.py:183} INFO - Processing /home/airflow/.local/lib/python3.12/site-packages/airflow/example_dags/example_skip_dag.py took 0.187 seconds
[2026-04-28T20:17:50.037+0000] {processor.py:161} INFO - Started process (PID=2902) to work on /home/airflow/.local/lib/python3.12/site-packages/airflow/example_dags/example_skip_dag.py
[2026-04-28T20:17:50.039+0000] {processor.py:830} INFO - Processing file /home/airflow/.local/lib/python3.12/site-packages/airflow/example_dags/example_skip_dag.py for tasks to queue
[2026-04-28T20:17:50.051+0000] {logging_mixin.py:188} INFO - [2026-04-28T20:17:50.045+0000] {dagbag.py:540} INFO - Filling up the DagBag from /home/airflow/.local/lib/python3.12/site-packages/airflow/example_dags/example_skip_dag.py
[2026-04-28T20:17:50.062+0000] {processor.py:840} INFO - DAG(s) 'example_skip_dag' retrieved from /home/airflow/.local/lib/python3.12/site-packages/airflow/example_dags/example_skip_dag.py
[2026-04-28T20:17:50.088+0000] {logging_mixin.py:188} INFO - [2026-04-28T20:17:50.088+0000] {dag.py:3096} INFO - Sync 1 DAGs
[2026-04-28T20:17:50.115+0000] {logging_mixin.py:188} INFO - [2026-04-28T20:17:50.114+0000] {dag.py:3954} INFO - Setting next_dagrun for example_skip_dag to 2026-04-27 00:00:00+00:00, run_after=2026-04-28 00:00:00+00:00
[2026-04-28T20:17:50.137+0000] {processor.py:183} INFO - Processing /home/airflow/.local/lib/python3.12/site-packages/airflow/example_dags/example_skip_dag.py took 0.109 seconds
[2026-04-28T20:18:20.428+0000] {processor.py:161} INFO - Started process (PID=2962) to work on /home/airflow/.local/lib/python3.12/site-packages/airflow/example_dags/example_skip_dag.py
[2026-04-28T20:18:20.429+0000] {processor.py:830} INFO - Processing file /home/airflow/.local/lib/python3.12/site-packages/airflow/example_dags/example_skip_dag.py for tasks to queue
[2026-04-28T20:18:20.432+0000] {logging_mixin.py:188} INFO - [2026-04-28T20:18:20.431+0000] {dagbag.py:540} INFO - Filling up the DagBag from /home/airflow/.local/lib/python3.12/site-packages/airflow/example_dags/example_skip_dag.py
[2026-04-28T20:18:20.440+0000] {processor.py:840} INFO - DAG(s) 'example_skip_dag' retrieved from /home/airflow/.local/lib/python3.12/site-packages/airflow/example_dags/example_skip_dag.py
[2026-04-28T20:18:20.468+0000] {logging_mixin.py:188} INFO - [2026-04-28T20:18:20.467+0000] {dag.py:3096} INFO - Sync 1 DAGs
[2026-04-28T20:18:20.498+0000] {logging_mixin.py:188} INFO - [2026-04-28T20:18:20.498+0000] {dag.py:3954} INFO - Setting next_dagrun for example_skip_dag to 2026-04-27 00:00:00+00:00, run_after=2026-04-28 00:00:00+00:00
[2026-04-28T20:18:20.530+0000] {processor.py:183} INFO - Processing /home/airflow/.local/lib/python3.12/site-packages/airflow/example_dags/example_skip_dag.py took 0.114 seconds
[2026-04-28T20:18:50.849+0000] {processor.py:161} INFO - Started process (PID=3021) to work on /home/airflow/.local/lib/python3.12/site-packages/airflow/example_dags/example_skip_dag.py
[2026-04-28T20:18:50.850+0000] {processor.py:830} INFO - Processing file /home/airflow/.local/lib/python3.12/site-packages/airflow/example_dags/example_skip_dag.py for tasks to queue
[2026-04-28T20:18:50.856+0000] {logging_mixin.py:188} INFO - [2026-04-28T20:18:50.854+0000] {dagbag.py:540} INFO - Filling up the DagBag from /home/airflow/.local/lib/python3.12/site-packages/airflow/example_dags/example_skip_dag.py
[2026-04-28T20:18:50.869+0000] {processor.py:840} INFO - DAG(s) 'example_skip_dag' retrieved from /home/airflow/.local/lib/python3.12/site-packages/airflow/example_dags/example_skip_dag.py
[2026-04-28T20:18:50.909+0000] {logging_mixin.py:188} INFO - [2026-04-28T20:18:50.909+0000] {dag.py:3096} INFO - Sync 1 DAGs
[2026-04-28T20:18:50.981+0000] {logging_mixin.py:188} INFO - [2026-04-28T20:18:50.978+0000] {dag.py:3954} INFO - Setting next_dagrun for example_skip_dag to 2026-04-27 00:00:00+00:00, run_after=2026-04-28 00:00:00+00:00
[2026-04-28T20:18:51.013+0000] {processor.py:183} INFO - Processing /home/airflow/.local/lib/python3.12/site-packages/airflow/example_dags/example_skip_dag.py took 0.181 seconds
[2026-04-28T20:19:21.810+0000] {processor.py:161} INFO - Started process (PID=3087) to work on /home/airflow/.local/lib/python3.12/site-packages/airflow/example_dags/example_skip_dag.py
[2026-04-28T20:19:21.811+0000] {processor.py:830} INFO - Processing file /home/airflow/.local/lib/python3.12/site-packages/airflow/example_dags/example_skip_dag.py for tasks to queue
[2026-04-28T20:19:21.813+0000] {logging_mixin.py:188} INFO - [2026-04-28T20:19:21.812+0000] {dagbag.py:540} INFO - Filling up the DagBag from /home/airflow/.local/lib/python3.12/site-packages/airflow/example_dags/example_skip_dag.py
[2026-04-28T20:19:21.821+0000] {processor.py:840} INFO - DAG(s) 'example_skip_dag' retrieved from /home/airflow/.local/lib/python3.12/site-packages/airflow/example_dags/example_skip_dag.py
[2026-04-28T20:19:21.849+0000] {logging_mixin.py:188} INFO - [2026-04-28T20:19:21.849+0000] {dag.py:3096} INFO - Sync 1 DAGs
[2026-04-28T20:19:21.876+0000] {logging_mixin.py:188} INFO - [2026-04-28T20:19:21.876+0000] {dag.py:3954} INFO - Setting next_dagrun for example_skip_dag to 2026-04-27 00:00:00+00:00, run_after=2026-04-28 00:00:00+00:00
[2026-04-28T20:19:21.896+0000] {processor.py:183} INFO - Processing /home/airflow/.local/lib/python3.12/site-packages/airflow/example_dags/example_skip_dag.py took 0.099 seconds
[2026-04-28T20:19:52.651+0000] {processor.py:161} INFO - Started process (PID=3147) to work on /home/airflow/.local/lib/python3.12/site-packages/airflow/example_dags/example_skip_dag.py
[2026-04-28T20:19:52.654+0000] {processor.py:830} INFO - Processing file /home/airflow/.local/lib/python3.12/site-packages/airflow/example_dags/example_skip_dag.py for tasks to queue
[2026-04-28T20:19:52.658+0000] {logging_mixin.py:188} INFO - [2026-04-28T20:19:52.658+0000] {dagbag.py:540} INFO - Filling up the DagBag from /home/airflow/.local/lib/python3.12/site-packages/airflow/example_dags/example_skip_dag.py
[2026-04-28T20:19:52.685+0000] {processor.py:840} INFO - DAG(s) 'example_skip_dag' retrieved from /home/airflow/.local/lib/python3.12/site-packages/airflow/example_dags/example_skip_dag.py
[2026-04-28T20:19:52.765+0000] {logging_mixin.py:188} INFO - [2026-04-28T20:19:52.764+0000] {dag.py:3096} INFO - Sync 1 DAGs
[2026-04-28T20:19:52.828+0000] {logging_mixin.py:188} INFO - [2026-04-28T20:19:52.828+0000] {dag.py:3954} INFO - Setting next_dagrun for example_skip_dag to 2026-04-27 00:00:00+00:00, run_after=2026-04-28 00:00:00+00:00
[2026-04-28T20:19:52.862+0000] {processor.py:183} INFO - Processing /home/airflow/.local/lib/python3.12/site-packages/airflow/example_dags/example_skip_dag.py took 0.237 seconds
[2026-04-28T20:20:22.982+0000] {processor.py:161} INFO - Started process (PID=3207) to work on /home/airflow/.local/lib/python3.12/site-packages/airflow/example_dags/example_skip_dag.py
[2026-04-28T20:20:22.983+0000] {processor.py:830} INFO - Processing file /home/airflow/.local/lib/python3.12/site-packages/airflow/example_dags/example_skip_dag.py for tasks to queue
[2026-04-28T20:20:22.985+0000] {logging_mixin.py:188} INFO - [2026-04-28T20:20:22.985+0000] {dagbag.py:540} INFO - Filling up the DagBag from /home/airflow/.local/lib/python3.12/site-packages/airflow/example_dags/example_skip_dag.py
[2026-04-28T20:20:22.996+0000] {processor.py:840} INFO - DAG(s) 'example_skip_dag' retrieved from /home/airflow/.local/lib/python3.12/site-packages/airflow/example_dags/example_skip_dag.py
[2026-04-28T20:20:23.025+0000] {logging_mixin.py:188} INFO - [2026-04-28T20:20:23.025+0000] {dag.py:3096} INFO - Sync 1 DAGs
[2026-04-28T20:20:23.053+0000] {logging_mixin.py:188} INFO - [2026-04-28T20:20:23.053+0000] {dag.py:3954} INFO - Setting next_dagrun for example_skip_dag to 2026-04-27 00:00:00+00:00, run_after=2026-04-28 00:00:00+00:00
[2026-04-28T20:20:23.076+0000] {processor.py:183} INFO - Processing /home/airflow/.local/lib/python3.12/site-packages/airflow/example_dags/example_skip_dag.py took 0.102 seconds
[2026-04-28T20:20:53.470+0000] {processor.py:161} INFO - Started process (PID=3267) to work on /home/airflow/.local/lib/python3.12/site-packages/airflow/example_dags/example_skip_dag.py
[2026-04-28T20:20:53.471+0000] {processor.py:830} INFO - Processing file /home/airflow/.local/lib/python3.12/site-packages/airflow/example_dags/example_skip_dag.py for tasks to queue
[2026-04-28T20:20:53.473+0000] {logging_mixin.py:188} INFO - [2026-04-28T20:20:53.473+0000] {dagbag.py:540} INFO - Filling up the DagBag from /home/airflow/.local/lib/python3.12/site-packages/airflow/example_dags/example_skip_dag.py
[2026-04-28T20:20:53.481+0000] {processor.py:840} INFO - DAG(s) 'example_skip_dag' retrieved from /home/airflow/.local/lib/python3.12/site-packages/airflow/example_dags/example_skip_dag.py
[2026-04-28T20:20:53.508+0000] {logging_mixin.py:188} INFO - [2026-04-28T20:20:53.508+0000] {dag.py:3096} INFO - Sync 1 DAGs
[2026-04-28T20:20:53.543+0000] {logging_mixin.py:188} INFO - [2026-04-28T20:20:53.543+0000] {dag.py:3954} INFO - Setting next_dagrun for example_skip_dag to 2026-04-27 00:00:00+00:00, run_after=2026-04-28 00:00:00+00:00
[2026-04-28T20:20:53.576+0000] {processor.py:183} INFO - Processing /home/airflow/.local/lib/python3.12/site-packages/airflow/example_dags/example_skip_dag.py took 0.112 seconds
[2026-04-28T20:21:36.463+0000] {processor.py:161} INFO - Started process (PID=3327) to work on /home/airflow/.local/lib/python3.12/site-packages/airflow/example_dags/example_skip_dag.py
[2026-04-28T20:21:36.478+0000] {processor.py:830} INFO - Processing file /home/airflow/.local/lib/python3.12/site-packages/airflow/example_dags/example_skip_dag.py for tasks to queue
[2026-04-28T20:21:36.492+0000] {logging_mixin.py:188} INFO - [2026-04-28T20:21:36.492+0000] {dagbag.py:540} INFO - Filling up the DagBag from /home/airflow/.local/lib/python3.12/site-packages/airflow/example_dags/example_skip_dag.py
[2026-04-28T20:21:36.591+0000] {processor.py:840} INFO - DAG(s) 'example_skip_dag' retrieved from /home/airflow/.local/lib/python3.12/site-packages/airflow/example_dags/example_skip_dag.py
[2026-04-28T20:21:36.823+0000] {logging_mixin.py:188} INFO - [2026-04-28T20:21:36.822+0000] {dag.py:3096} INFO - Sync 1 DAGs
[2026-04-28T20:21:37.188+0000] {logging_mixin.py:188} INFO - [2026-04-28T20:21:37.188+0000] {dag.py:3954} INFO - Setting next_dagrun for example_skip_dag to 2026-04-27 00:00:00+00:00, run_after=2026-04-28 00:00:00+00:00
[2026-04-28T20:21:37.253+0000] {processor.py:183} INFO - Processing /home/airflow/.local/lib/python3.12/site-packages/airflow/example_dags/example_skip_dag.py took 0.807 seconds
[2026-04-28T20:32:40.262+0000] {processor.py:161} INFO - Started process (PID=210) to work on /home/airflow/.local/lib/python3.12/site-packages/airflow/example_dags/example_skip_dag.py
[2026-04-28T20:32:40.268+0000] {processor.py:830} INFO - Processing file /home/airflow/.local/lib/python3.12/site-packages/airflow/example_dags/example_skip_dag.py for tasks to queue
[2026-04-28T20:32:40.275+0000] {logging_mixin.py:188} INFO - [2026-04-28T20:32:40.275+0000] {dagbag.py:540} INFO - Filling up the DagBag from /home/airflow/.local/lib/python3.12/site-packages/airflow/example_dags/example_skip_dag.py
[2026-04-28T20:32:40.312+0000] {processor.py:840} INFO - DAG(s) 'example_skip_dag' retrieved from /home/airflow/.local/lib/python3.12/site-packages/airflow/example_dags/example_skip_dag.py
[2026-04-28T20:32:41.374+0000] {logging_mixin.py:188} INFO - [2026-04-28T20:32:41.373+0000] {dag.py:3096} INFO - Sync 1 DAGs
[2026-04-28T20:32:41.616+0000] {logging_mixin.py:188} INFO - [2026-04-28T20:32:41.610+0000] {dag.py:3954} INFO - Setting next_dagrun for example_skip_dag to 2026-04-27 00:00:00+00:00, run_after=2026-04-28 00:00:00+00:00
[2026-04-28T20:32:42.624+0000] {processor.py:183} INFO - Processing /home/airflow/.local/lib/python3.12/site-packages/airflow/example_dags/example_skip_dag.py took 2.390 seconds
[2026-04-28T20:33:19.459+0000] {processor.py:161} INFO - Started process (PID=270) to work on /home/airflow/.local/lib/python3.12/site-packages/airflow/example_dags/example_skip_dag.py
[2026-04-28T20:33:19.462+0000] {processor.py:830} INFO - Processing file /home/airflow/.local/lib/python3.12/site-packages/airflow/example_dags/example_skip_dag.py for tasks to queue
[2026-04-28T20:33:19.476+0000] {logging_mixin.py:188} INFO - [2026-04-28T20:33:19.472+0000] {dagbag.py:540} INFO - Filling up the DagBag from /home/airflow/.local/lib/python3.12/site-packages/airflow/example_dags/example_skip_dag.py
[2026-04-28T20:33:19.528+0000] {processor.py:840} INFO - DAG(s) 'example_skip_dag' retrieved from /home/airflow/.local/lib/python3.12/site-packages/airflow/example_dags/example_skip_dag.py
[2026-04-28T20:33:19.635+0000] {logging_mixin.py:188} INFO - [2026-04-28T20:33:19.631+0000] {dag.py:3096} INFO - Sync 1 DAGs
[2026-04-28T20:33:19.798+0000] {logging_mixin.py:188} INFO - [2026-04-28T20:33:19.798+0000] {dag.py:3954} INFO - Setting next_dagrun for example_skip_dag to 2026-04-27 00:00:00+00:00, run_after=2026-04-28 00:00:00+00:00
[2026-04-28T20:33:20.025+0000] {processor.py:183} INFO - Processing /home/airflow/.local/lib/python3.12/site-packages/airflow/example_dags/example_skip_dag.py took 0.607 seconds
[2026-04-28T20:33:52.144+0000] {processor.py:161} INFO - Started process (PID=330) to work on /home/airflow/.local/lib/python3.12/site-packages/airflow/example_dags/example_skip_dag.py
[2026-04-28T20:33:52.147+0000] {processor.py:830} INFO - Processing file /home/airflow/.local/lib/python3.12/site-packages/airflow/example_dags/example_skip_dag.py for tasks to queue
[2026-04-28T20:33:52.154+0000] {logging_mixin.py:188} INFO - [2026-04-28T20:33:52.153+0000] {dagbag.py:540} INFO - Filling up the DagBag from /home/airflow/.local/lib/python3.12/site-packages/airflow/example_dags/example_skip_dag.py
[2026-04-28T20:33:52.189+0000] {processor.py:840} INFO - DAG(s) 'example_skip_dag' retrieved from /home/airflow/.local/lib/python3.12/site-packages/airflow/example_dags/example_skip_dag.py
[2026-04-28T20:33:52.272+0000] {logging_mixin.py:188} INFO - [2026-04-28T20:33:52.271+0000] {dag.py:3096} INFO - Sync 1 DAGs
[2026-04-28T20:33:52.394+0000] {logging_mixin.py:188} INFO - [2026-04-28T20:33:52.394+0000] {dag.py:3954} INFO - Setting next_dagrun for example_skip_dag to 2026-04-27 00:00:00+00:00, run_after=2026-04-28 00:00:00+00:00
[2026-04-28T20:33:52.526+0000] {processor.py:183} INFO - Processing /home/airflow/.local/lib/python3.12/site-packages/airflow/example_dags/example_skip_dag.py took 0.394 seconds
[2026-04-28T20:34:22.748+0000] {processor.py:161} INFO - Started process (PID=390) to work on /home/airflow/.local/lib/python3.12/site-packages/airflow/example_dags/example_skip_dag.py
[2026-04-28T20:34:22.753+0000] {processor.py:830} INFO - Processing file /home/airflow/.local/lib/python3.12/site-packages/airflow/example_dags/example_skip_dag.py for tasks to queue
[2026-04-28T20:34:22.762+0000] {logging_mixin.py:188} INFO - [2026-04-28T20:34:22.760+0000] {dagbag.py:540} INFO - Filling up the DagBag from /home/airflow/.local/lib/python3.12/site-packages/airflow/example_dags/example_skip_dag.py
[2026-04-28T20:34:22.772+0000] {processor.py:840} INFO - DAG(s) 'example_skip_dag' retrieved from /home/airflow/.local/lib/python3.12/site-packages/airflow/example_dags/example_skip_dag.py
[2026-04-28T20:34:22.858+0000] {logging_mixin.py:188} INFO - [2026-04-28T20:34:22.855+0000] {dag.py:3096} INFO - Sync 1 DAGs
[2026-04-28T20:34:22.943+0000] {logging_mixin.py:188} INFO - [2026-04-28T20:34:22.939+0000] {dag.py:3954} INFO - Setting next_dagrun for example_skip_dag to 2026-04-27 00:00:00+00:00, run_after=2026-04-28 00:00:00+00:00
[2026-04-28T20:34:23.012+0000] {processor.py:183} INFO - Processing /home/airflow/.local/lib/python3.12/site-packages/airflow/example_dags/example_skip_dag.py took 0.276 seconds
[2026-04-28T20:47:25.602+0000] {processor.py:161} INFO - Started process (PID=107) to work on /home/airflow/.local/lib/python3.12/site-packages/airflow/example_dags/example_skip_dag.py
[2026-04-28T20:47:25.607+0000] {processor.py:830} INFO - Processing file /home/airflow/.local/lib/python3.12/site-packages/airflow/example_dags/example_skip_dag.py for tasks to queue
[2026-04-28T20:47:25.615+0000] {logging_mixin.py:188} INFO - [2026-04-28T20:47:25.615+0000] {dagbag.py:540} INFO - Filling up the DagBag from /home/airflow/.local/lib/python3.12/site-packages/airflow/example_dags/example_skip_dag.py
[2026-04-28T20:47:25.660+0000] {processor.py:840} INFO - DAG(s) 'example_skip_dag' retrieved from /home/airflow/.local/lib/python3.12/site-packages/airflow/example_dags/example_skip_dag.py
[2026-04-28T20:47:26.065+0000] {logging_mixin.py:188} INFO - [2026-04-28T20:47:26.062+0000] {override.py:1829} INFO - Created Permission View: can read on DAG:example_skip_dag
[2026-04-28T20:47:26.079+0000] {logging_mixin.py:188} INFO - [2026-04-28T20:47:26.078+0000] {override.py:1829} INFO - Created Permission View: can delete on DAG:example_skip_dag
[2026-04-28T20:47:26.088+0000] {logging_mixin.py:188} INFO - [2026-04-28T20:47:26.087+0000] {override.py:1829} INFO - Created Permission View: can edit on DAG:example_skip_dag
[2026-04-28T20:47:26.090+0000] {logging_mixin.py:188} INFO - [2026-04-28T20:47:26.090+0000] {dag.py:3096} INFO - Sync 1 DAGs
[2026-04-28T20:47:26.116+0000] {logging_mixin.py:188} INFO - [2026-04-28T20:47:26.115+0000] {dag.py:3118} INFO - Creating ORM DAG for example_skip_dag
[2026-04-28T20:47:26.131+0000] {logging_mixin.py:188} INFO - [2026-04-28T20:47:26.131+0000] {dag.py:3954} INFO - Setting next_dagrun for example_skip_dag to 2026-04-27 00:00:00+00:00, run_after=2026-04-28 00:00:00+00:00
[2026-04-28T20:47:26.168+0000] {processor.py:183} INFO - Processing /home/airflow/.local/lib/python3.12/site-packages/airflow/example_dags/example_skip_dag.py took 0.584 seconds
[2026-04-28T20:47:56.285+0000] {processor.py:161} INFO - Started process (PID=167) to work on /home/airflow/.local/lib/python3.12/site-packages/airflow/example_dags/example_skip_dag.py
[2026-04-28T20:47:56.288+0000] {processor.py:830} INFO - Processing file /home/airflow/.local/lib/python3.12/site-packages/airflow/example_dags/example_skip_dag.py for tasks to queue
[2026-04-28T20:47:56.290+0000] {logging_mixin.py:188} INFO - [2026-04-28T20:47:56.289+0000] {dagbag.py:540} INFO - Filling up the DagBag from /home/airflow/.local/lib/python3.12/site-packages/airflow/example_dags/example_skip_dag.py
[2026-04-28T20:47:56.298+0000] {processor.py:840} INFO - DAG(s) 'example_skip_dag' retrieved from /home/airflow/.local/lib/python3.12/site-packages/airflow/example_dags/example_skip_dag.py
[2026-04-28T20:47:56.325+0000] {logging_mixin.py:188} INFO - [2026-04-28T20:47:56.325+0000] {dag.py:3096} INFO - Sync 1 DAGs
[2026-04-28T20:47:56.354+0000] {logging_mixin.py:188} INFO - [2026-04-28T20:47:56.354+0000] {dag.py:3954} INFO - Setting next_dagrun for example_skip_dag to 2026-04-27 00:00:00+00:00, run_after=2026-04-28 00:00:00+00:00
[2026-04-28T20:47:56.372+0000] {processor.py:183} INFO - Processing /home/airflow/.local/lib/python3.12/site-packages/airflow/example_dags/example_skip_dag.py took 0.095 seconds
[2026-04-28T20:48:27.096+0000] {processor.py:161} INFO - Started process (PID=227) to work on /home/airflow/.local/lib/python3.12/site-packages/airflow/example_dags/example_skip_dag.py
[2026-04-28T20:48:27.105+0000] {processor.py:830} INFO - Processing file /home/airflow/.local/lib/python3.12/site-packages/airflow/example_dags/example_skip_dag.py for tasks to queue
[2026-04-28T20:48:27.111+0000] {logging_mixin.py:188} INFO - [2026-04-28T20:48:27.110+0000] {dagbag.py:540} INFO - Filling up the DagBag from /home/airflow/.local/lib/python3.12/site-packages/airflow/example_dags/example_skip_dag.py
[2026-04-28T20:48:27.170+0000] {processor.py:840} INFO - DAG(s) 'example_skip_dag' retrieved from /home/airflow/.local/lib/python3.12/site-packages/airflow/example_dags/example_skip_dag.py
[2026-04-28T20:48:27.260+0000] {logging_mixin.py:188} INFO - [2026-04-28T20:48:27.260+0000] {dag.py:3096} INFO - Sync 1 DAGs
[2026-04-28T20:48:27.320+0000] {logging_mixin.py:188} INFO - [2026-04-28T20:48:27.320+0000] {dag.py:3954} INFO - Setting next_dagrun for example_skip_dag to 2026-04-27 00:00:00+00:00, run_after=2026-04-28 00:00:00+00:00
[2026-04-28T20:48:27.340+0000] {processor.py:183} INFO - Processing /home/airflow/.local/lib/python3.12/site-packages/airflow/example_dags/example_skip_dag.py took 0.268 seconds
[2026-04-28T20:48:57.836+0000] {processor.py:161} INFO - Started process (PID=287) to work on /home/airflow/.local/lib/python3.12/site-packages/airflow/example_dags/example_skip_dag.py
[2026-04-28T20:48:57.838+0000] {processor.py:830} INFO - Processing file /home/airflow/.local/lib/python3.12/site-packages/airflow/example_dags/example_skip_dag.py for tasks to queue
[2026-04-28T20:48:57.840+0000] {logging_mixin.py:188} INFO - [2026-04-28T20:48:57.839+0000] {dagbag.py:540} INFO - Filling up the DagBag from /home/airflow/.local/lib/python3.12/site-packages/airflow/example_dags/example_skip_dag.py
[2026-04-28T20:48:57.848+0000] {processor.py:840} INFO - DAG(s) 'example_skip_dag' retrieved from /home/airflow/.local/lib/python3.12/site-packages/airflow/example_dags/example_skip_dag.py
[2026-04-28T20:48:57.875+0000] {logging_mixin.py:188} INFO - [2026-04-28T20:48:57.874+0000] {dag.py:3096} INFO - Sync 1 DAGs
[2026-04-28T20:48:57.901+0000] {logging_mixin.py:188} INFO - [2026-04-28T20:48:57.901+0000] {dag.py:3954} INFO - Setting next_dagrun for example_skip_dag to 2026-04-27 00:00:00+00:00, run_after=2026-04-28 00:00:00+00:00
[2026-04-28T20:48:57.920+0000] {processor.py:183} INFO - Processing /home/airflow/.local/lib/python3.12/site-packages/airflow/example_dags/example_skip_dag.py took 0.091 seconds
[2026-04-28T20:49:28.177+0000] {processor.py:161} INFO - Started process (PID=347) to work on /home/airflow/.local/lib/python3.12/site-packages/airflow/example_dags/example_skip_dag.py
[2026-04-28T20:49:28.178+0000] {processor.py:830} INFO - Processing file /home/airflow/.local/lib/python3.12/site-packages/airflow/example_dags/example_skip_dag.py for tasks to queue
[2026-04-28T20:49:28.180+0000] {logging_mixin.py:188} INFO - [2026-04-28T20:49:28.179+0000] {dagbag.py:540} INFO - Filling up the DagBag from /home/airflow/.local/lib/python3.12/site-packages/airflow/example_dags/example_skip_dag.py
[2026-04-28T20:49:28.185+0000] {processor.py:840} INFO - DAG(s) 'example_skip_dag' retrieved from /home/airflow/.local/lib/python3.12/site-packages/airflow/example_dags/example_skip_dag.py
[2026-04-28T20:49:28.204+0000] {logging_mixin.py:188} INFO - [2026-04-28T20:49:28.204+0000] {dag.py:3096} INFO - Sync 1 DAGs
[2026-04-28T20:49:28.223+0000] {logging_mixin.py:188} INFO - [2026-04-28T20:49:28.223+0000] {dag.py:3954} INFO - Setting next_dagrun for example_skip_dag to 2026-04-27 00:00:00+00:00, run_after=2026-04-28 00:00:00+00:00
[2026-04-28T20:49:28.238+0000] {processor.py:183} INFO - Processing /home/airflow/.local/lib/python3.12/site-packages/airflow/example_dags/example_skip_dag.py took 0.067 seconds
[2026-04-28T20:49:58.882+0000] {processor.py:161} INFO - Started process (PID=407) to work on /home/airflow/.local/lib/python3.12/site-packages/airflow/example_dags/example_skip_dag.py
[2026-04-28T20:49:58.901+0000] {processor.py:830} INFO - Processing file /home/airflow/.local/lib/python3.12/site-packages/airflow/example_dags/example_skip_dag.py for tasks to queue
[2026-04-28T20:49:58.907+0000] {logging_mixin.py:188} INFO - [2026-04-28T20:49:58.907+0000] {dagbag.py:540} INFO - Filling up the DagBag from /home/airflow/.local/lib/python3.12/site-packages/airflow/example_dags/example_skip_dag.py
[2026-04-28T20:49:58.934+0000] {processor.py:840} INFO - DAG(s) 'example_skip_dag' retrieved from /home/airflow/.local/lib/python3.12/site-packages/airflow/example_dags/example_skip_dag.py
[2026-04-28T20:49:59.029+0000] {logging_mixin.py:188} INFO - [2026-04-28T20:49:59.029+0000] {dag.py:3096} INFO - Sync 1 DAGs
[2026-04-28T20:49:59.084+0000] {logging_mixin.py:188} INFO - [2026-04-28T20:49:59.084+0000] {dag.py:3954} INFO - Setting next_dagrun for example_skip_dag to 2026-04-27 00:00:00+00:00, run_after=2026-04-28 00:00:00+00:00
[2026-04-28T20:49:59.146+0000] {processor.py:183} INFO - Processing /home/airflow/.local/lib/python3.12/site-packages/airflow/example_dags/example_skip_dag.py took 0.281 seconds
[2026-04-28T20:50:29.723+0000] {processor.py:161} INFO - Started process (PID=467) to work on /home/airflow/.local/lib/python3.12/site-packages/airflow/example_dags/example_skip_dag.py
[2026-04-28T20:50:29.724+0000] {processor.py:830} INFO - Processing file /home/airflow/.local/lib/python3.12/site-packages/airflow/example_dags/example_skip_dag.py for tasks to queue
[2026-04-28T20:50:29.727+0000] {logging_mixin.py:188} INFO - [2026-04-28T20:50:29.726+0000] {dagbag.py:540} INFO - Filling up the DagBag from /home/airflow/.local/lib/python3.12/site-packages/airflow/example_dags/example_skip_dag.py
[2026-04-28T20:50:29.735+0000] {processor.py:840} INFO - DAG(s) 'example_skip_dag' retrieved from /home/airflow/.local/lib/python3.12/site-packages/airflow/example_dags/example_skip_dag.py
[2026-04-28T20:50:29.765+0000] {logging_mixin.py:188} INFO - [2026-04-28T20:50:29.765+0000] {dag.py:3096} INFO - Sync 1 DAGs
[2026-04-28T20:50:29.788+0000] {logging_mixin.py:188} INFO - [2026-04-28T20:50:29.787+0000] {dag.py:3954} INFO - Setting next_dagrun for example_skip_dag to 2026-04-27 00:00:00+00:00, run_after=2026-04-28 00:00:00+00:00
[2026-04-28T20:50:29.803+0000] {processor.py:183} INFO - Processing /home/airflow/.local/lib/python3.12/site-packages/airflow/example_dags/example_skip_dag.py took 0.087 seconds
[2026-04-28T20:51:00.626+0000] {processor.py:161} INFO - Started process (PID=527) to work on /home/airflow/.local/lib/python3.12/site-packages/airflow/example_dags/example_skip_dag.py
[2026-04-28T20:51:00.627+0000] {processor.py:830} INFO - Processing file /home/airflow/.local/lib/python3.12/site-packages/airflow/example_dags/example_skip_dag.py for tasks to queue
[2026-04-28T20:51:00.629+0000] {logging_mixin.py:188} INFO - [2026-04-28T20:51:00.629+0000] {dagbag.py:540} INFO - Filling up the DagBag from /home/airflow/.local/lib/python3.12/site-packages/airflow/example_dags/example_skip_dag.py
[2026-04-28T20:51:00.636+0000] {processor.py:840} INFO - DAG(s) 'example_skip_dag' retrieved from /home/airflow/.local/lib/python3.12/site-packages/airflow/example_dags/example_skip_dag.py
[2026-04-28T20:51:00.656+0000] {logging_mixin.py:188} INFO - [2026-04-28T20:51:00.656+0000] {dag.py:3096} INFO - Sync 1 DAGs
[2026-04-28T20:51:00.674+0000] {logging_mixin.py:188} INFO - [2026-04-28T20:51:00.674+0000] {dag.py:3954} INFO - Setting next_dagrun for example_skip_dag to 2026-04-27 00:00:00+00:00, run_after=2026-04-28 00:00:00+00:00
[2026-04-28T20:51:00.689+0000] {processor.py:183} INFO - Processing /home/airflow/.local/lib/python3.12/site-packages/airflow/example_dags/example_skip_dag.py took 0.070 seconds
[2026-04-28T20:51:31.215+0000] {processor.py:161} INFO - Started process (PID=587) to work on /home/airflow/.local/lib/python3.12/site-packages/airflow/example_dags/example_skip_dag.py
[2026-04-28T20:51:31.216+0000] {processor.py:830} INFO - Processing file /home/airflow/.local/lib/python3.12/site-packages/airflow/example_dags/example_skip_dag.py for tasks to queue
[2026-04-28T20:51:31.218+0000] {logging_mixin.py:188} INFO - [2026-04-28T20:51:31.217+0000] {dagbag.py:540} INFO - Filling up the DagBag from /home/airflow/.local/lib/python3.12/site-packages/airflow/example_dags/example_skip_dag.py
[2026-04-28T20:51:31.225+0000] {processor.py:840} INFO - DAG(s) 'example_skip_dag' retrieved from /home/airflow/.local/lib/python3.12/site-packages/airflow/example_dags/example_skip_dag.py
[2026-04-28T20:51:31.252+0000] {logging_mixin.py:188} INFO - [2026-04-28T20:51:31.252+0000] {dag.py:3096} INFO - Sync 1 DAGs
[2026-04-28T20:51:31.280+0000] {logging_mixin.py:188} INFO - [2026-04-28T20:51:31.280+0000] {dag.py:3954} INFO - Setting next_dagrun for example_skip_dag to 2026-04-27 00:00:00+00:00, run_after=2026-04-28 00:00:00+00:00
[2026-04-28T20:51:31.303+0000] {processor.py:183} INFO - Processing /home/airflow/.local/lib/python3.12/site-packages/airflow/example_dags/example_skip_dag.py took 0.096 seconds
[2026-04-28T20:52:01.678+0000] {processor.py:161} INFO - Started process (PID=648) to work on /home/airflow/.local/lib/python3.12/site-packages/airflow/example_dags/example_skip_dag.py
[2026-04-28T20:52:01.680+0000] {processor.py:830} INFO - Processing file /home/airflow/.local/lib/python3.12/site-packages/airflow/example_dags/example_skip_dag.py for tasks to queue
[2026-04-28T20:52:01.682+0000] {logging_mixin.py:188} INFO - [2026-04-28T20:52:01.682+0000] {dagbag.py:540} INFO - Filling up the DagBag from /home/airflow/.local/lib/python3.12/site-packages/airflow/example_dags/example_skip_dag.py
[2026-04-28T20:52:01.690+0000] {processor.py:840} INFO - DAG(s) 'example_skip_dag' retrieved from /home/airflow/.local/lib/python3.12/site-packages/airflow/example_dags/example_skip_dag.py
[2026-04-28T20:52:01.713+0000] {logging_mixin.py:188} INFO - [2026-04-28T20:52:01.713+0000] {dag.py:3096} INFO - Sync 1 DAGs
[2026-04-28T20:52:01.732+0000] {logging_mixin.py:188} INFO - [2026-04-28T20:52:01.731+0000] {dag.py:3954} INFO - Setting next_dagrun for example_skip_dag to 2026-04-27 00:00:00+00:00, run_after=2026-04-28 00:00:00+00:00
[2026-04-28T20:52:01.747+0000] {processor.py:183} INFO - Processing /home/airflow/.local/lib/python3.12/site-packages/airflow/example_dags/example_skip_dag.py took 0.075 seconds
[2026-04-28T20:52:32.187+0000] {processor.py:161} INFO - Started process (PID=708) to work on /home/airflow/.local/lib/python3.12/site-packages/airflow/example_dags/example_skip_dag.py
[2026-04-28T20:52:32.188+0000] {processor.py:830} INFO - Processing file /home/airflow/.local/lib/python3.12/site-packages/airflow/example_dags/example_skip_dag.py for tasks to queue
[2026-04-28T20:52:32.190+0000] {logging_mixin.py:188} INFO - [2026-04-28T20:52:32.189+0000] {dagbag.py:540} INFO - Filling up the DagBag from /home/airflow/.local/lib/python3.12/site-packages/airflow/example_dags/example_skip_dag.py
[2026-04-28T20:52:32.200+0000] {processor.py:840} INFO - DAG(s) 'example_skip_dag' retrieved from /home/airflow/.local/lib/python3.12/site-packages/airflow/example_dags/example_skip_dag.py
[2026-04-28T20:52:32.237+0000] {logging_mixin.py:188} INFO - [2026-04-28T20:52:32.237+0000] {dag.py:3096} INFO - Sync 1 DAGs
[2026-04-28T20:52:32.280+0000] {logging_mixin.py:188} INFO - [2026-04-28T20:52:32.280+0000] {dag.py:3954} INFO - Setting next_dagrun for example_skip_dag to 2026-04-27 00:00:00+00:00, run_after=2026-04-28 00:00:00+00:00
[2026-04-28T20:52:32.308+0000] {processor.py:183} INFO - Processing /home/airflow/.local/lib/python3.12/site-packages/airflow/example_dags/example_skip_dag.py took 0.143 seconds
[2026-04-28T20:53:02.831+0000] {processor.py:161} INFO - Started process (PID=768) to work on /home/airflow/.local/lib/python3.12/site-packages/airflow/example_dags/example_skip_dag.py
[2026-04-28T20:53:02.831+0000] {processor.py:830} INFO - Processing file /home/airflow/.local/lib/python3.12/site-packages/airflow/example_dags/example_skip_dag.py for tasks to queue
[2026-04-28T20:53:02.834+0000] {logging_mixin.py:188} INFO - [2026-04-28T20:53:02.833+0000] {dagbag.py:540} INFO - Filling up the DagBag from /home/airflow/.local/lib/python3.12/site-packages/airflow/example_dags/example_skip_dag.py
[2026-04-28T20:53:02.841+0000] {processor.py:840} INFO - DAG(s) 'example_skip_dag' retrieved from /home/airflow/.local/lib/python3.12/site-packages/airflow/example_dags/example_skip_dag.py
[2026-04-28T20:53:02.866+0000] {logging_mixin.py:188} INFO - [2026-04-28T20:53:02.866+0000] {dag.py:3096} INFO - Sync 1 DAGs
[2026-04-28T20:53:02.891+0000] {logging_mixin.py:188} INFO - [2026-04-28T20:53:02.891+0000] {dag.py:3954} INFO - Setting next_dagrun for example_skip_dag to 2026-04-27 00:00:00+00:00, run_after=2026-04-28 00:00:00+00:00
[2026-04-28T20:53:02.910+0000] {processor.py:183} INFO - Processing /home/airflow/.local/lib/python3.12/site-packages/airflow/example_dags/example_skip_dag.py took 0.086 seconds
[2026-04-28T20:53:33.864+0000] {processor.py:161} INFO - Started process (PID=828) to work on /home/airflow/.local/lib/python3.12/site-packages/airflow/example_dags/example_skip_dag.py
[2026-04-28T20:53:33.865+0000] {processor.py:830} INFO - Processing file /home/airflow/.local/lib/python3.12/site-packages/airflow/example_dags/example_skip_dag.py for tasks to queue
[2026-04-28T20:53:33.867+0000] {logging_mixin.py:188} INFO - [2026-04-28T20:53:33.867+0000] {dagbag.py:540} INFO - Filling up the DagBag from /home/airflow/.local/lib/python3.12/site-packages/airflow/example_dags/example_skip_dag.py
[2026-04-28T20:53:33.875+0000] {processor.py:840} INFO - DAG(s) 'example_skip_dag' retrieved from /home/airflow/.local/lib/python3.12/site-packages/airflow/example_dags/example_skip_dag.py
[2026-04-28T20:53:33.895+0000] {logging_mixin.py:188} INFO - [2026-04-28T20:53:33.895+0000] {dag.py:3096} INFO - Sync 1 DAGs
[2026-04-28T20:53:33.913+0000] {logging_mixin.py:188} INFO - [2026-04-28T20:53:33.913+0000] {dag.py:3954} INFO - Setting next_dagrun for example_skip_dag to 2026-04-27 00:00:00+00:00, run_after=2026-04-28 00:00:00+00:00
[2026-04-28T20:53:33.928+0000] {processor.py:183} INFO - Processing /home/airflow/.local/lib/python3.12/site-packages/airflow/example_dags/example_skip_dag.py took 0.071 seconds
[2026-04-28T20:54:04.568+0000] {processor.py:161} INFO - Started process (PID=888) to work on /home/airflow/.local/lib/python3.12/site-packages/airflow/example_dags/example_skip_dag.py
[2026-04-28T20:54:04.572+0000] {processor.py:830} INFO - Processing file /home/airflow/.local/lib/python3.12/site-packages/airflow/example_dags/example_skip_dag.py for tasks to queue
[2026-04-28T20:54:04.575+0000] {logging_mixin.py:188} INFO - [2026-04-28T20:54:04.574+0000] {dagbag.py:540} INFO - Filling up the DagBag from /home/airflow/.local/lib/python3.12/site-packages/airflow/example_dags/example_skip_dag.py
[2026-04-28T20:54:04.583+0000] {processor.py:840} INFO - DAG(s) 'example_skip_dag' retrieved from /home/airflow/.local/lib/python3.12/site-packages/airflow/example_dags/example_skip_dag.py
[2026-04-28T20:54:04.610+0000] {logging_mixin.py:188} INFO - [2026-04-28T20:54:04.610+0000] {dag.py:3096} INFO - Sync 1 DAGs
[2026-04-28T20:54:04.638+0000] {logging_mixin.py:188} INFO - [2026-04-28T20:54:04.638+0000] {dag.py:3954} INFO - Setting next_dagrun for example_skip_dag to 2026-04-27 00:00:00+00:00, run_after=2026-04-28 00:00:00+00:00
[2026-04-28T20:54:04.658+0000] {processor.py:183} INFO - Processing /home/airflow/.local/lib/python3.12/site-packages/airflow/example_dags/example_skip_dag.py took 0.098 seconds
[2026-04-28T20:54:34.976+0000] {processor.py:161} INFO - Started process (PID=948) to work on /home/airflow/.local/lib/python3.12/site-packages/airflow/example_dags/example_skip_dag.py
[2026-04-28T20:54:34.977+0000] {processor.py:830} INFO - Processing file /home/airflow/.local/lib/python3.12/site-packages/airflow/example_dags/example_skip_dag.py for tasks to queue
[2026-04-28T20:54:34.979+0000] {logging_mixin.py:188} INFO - [2026-04-28T20:54:34.979+0000] {dagbag.py:540} INFO - Filling up the DagBag from /home/airflow/.local/lib/python3.12/site-packages/airflow/example_dags/example_skip_dag.py
[2026-04-28T20:54:34.987+0000] {processor.py:840} INFO - DAG(s) 'example_skip_dag' retrieved from /home/airflow/.local/lib/python3.12/site-packages/airflow/example_dags/example_skip_dag.py
[2026-04-28T20:54:35.011+0000] {logging_mixin.py:188} INFO - [2026-04-28T20:54:35.011+0000] {dag.py:3096} INFO - Sync 1 DAGs
[2026-04-28T20:54:35.038+0000] {logging_mixin.py:188} INFO - [2026-04-28T20:54:35.038+0000] {dag.py:3954} INFO - Setting next_dagrun for example_skip_dag to 2026-04-27 00:00:00+00:00, run_after=2026-04-28 00:00:00+00:00
[2026-04-28T20:54:35.056+0000] {processor.py:183} INFO - Processing /home/airflow/.local/lib/python3.12/site-packages/airflow/example_dags/example_skip_dag.py took 0.087 seconds
[2026-04-28T21:03:34.121+0000] {processor.py:161} INFO - Started process (PID=101) to work on /home/airflow/.local/lib/python3.12/site-packages/airflow/example_dags/example_skip_dag.py
[2026-04-28T21:03:34.129+0000] {processor.py:830} INFO - Processing file /home/airflow/.local/lib/python3.12/site-packages/airflow/example_dags/example_skip_dag.py for tasks to queue
[2026-04-28T21:03:34.132+0000] {logging_mixin.py:188} INFO - [2026-04-28T21:03:34.131+0000] {dagbag.py:540} INFO - Filling up the DagBag from /home/airflow/.local/lib/python3.12/site-packages/airflow/example_dags/example_skip_dag.py
[2026-04-28T21:03:34.151+0000] {processor.py:840} INFO - DAG(s) 'example_skip_dag' retrieved from /home/airflow/.local/lib/python3.12/site-packages/airflow/example_dags/example_skip_dag.py
[2026-04-28T21:03:34.403+0000] {logging_mixin.py:188} INFO - [2026-04-28T21:03:34.402+0000] {override.py:1829} INFO - Created Permission View: can edit on DAG:example_skip_dag
[2026-04-28T21:03:34.423+0000] {logging_mixin.py:188} INFO - [2026-04-28T21:03:34.423+0000] {override.py:1829} INFO - Created Permission View: can delete on DAG:example_skip_dag
[2026-04-28T21:03:34.438+0000] {logging_mixin.py:188} INFO - [2026-04-28T21:03:34.438+0000] {override.py:1829} INFO - Created Permission View: can read on DAG:example_skip_dag
[2026-04-28T21:03:34.439+0000] {logging_mixin.py:188} INFO - [2026-04-28T21:03:34.439+0000] {dag.py:3096} INFO - Sync 1 DAGs
[2026-04-28T21:03:34.469+0000] {logging_mixin.py:188} INFO - [2026-04-28T21:03:34.469+0000] {dag.py:3118} INFO - Creating ORM DAG for example_skip_dag
[2026-04-28T21:03:34.484+0000] {logging_mixin.py:188} INFO - [2026-04-28T21:03:34.483+0000] {dag.py:3954} INFO - Setting next_dagrun for example_skip_dag to 2026-04-27 00:00:00+00:00, run_after=2026-04-28 00:00:00+00:00
[2026-04-28T21:03:34.510+0000] {processor.py:183} INFO - Processing /home/airflow/.local/lib/python3.12/site-packages/airflow/example_dags/example_skip_dag.py took 0.398 seconds
[2026-04-28T21:04:04.715+0000] {processor.py:161} INFO - Started process (PID=160) to work on /home/airflow/.local/lib/python3.12/site-packages/airflow/example_dags/example_skip_dag.py
[2026-04-28T21:04:04.717+0000] {processor.py:830} INFO - Processing file /home/airflow/.local/lib/python3.12/site-packages/airflow/example_dags/example_skip_dag.py for tasks to queue
[2026-04-28T21:04:04.725+0000] {logging_mixin.py:188} INFO - [2026-04-28T21:04:04.723+0000] {dagbag.py:540} INFO - Filling up the DagBag from /home/airflow/.local/lib/python3.12/site-packages/airflow/example_dags/example_skip_dag.py
[2026-04-28T21:04:04.734+0000] {processor.py:840} INFO - DAG(s) 'example_skip_dag' retrieved from /home/airflow/.local/lib/python3.12/site-packages/airflow/example_dags/example_skip_dag.py
[2026-04-28T21:04:04.802+0000] {logging_mixin.py:188} INFO - [2026-04-28T21:04:04.802+0000] {dag.py:3096} INFO - Sync 1 DAGs
[2026-04-28T21:04:04.849+0000] {logging_mixin.py:188} INFO - [2026-04-28T21:04:04.848+0000] {dag.py:3954} INFO - Setting next_dagrun for example_skip_dag to 2026-04-27 00:00:00+00:00, run_after=2026-04-28 00:00:00+00:00
[2026-04-28T21:04:04.876+0000] {processor.py:183} INFO - Processing /home/airflow/.local/lib/python3.12/site-packages/airflow/example_dags/example_skip_dag.py took 0.171 seconds
[2026-04-28T21:04:35.910+0000] {processor.py:161} INFO - Started process (PID=220) to work on /home/airflow/.local/lib/python3.12/site-packages/airflow/example_dags/example_skip_dag.py
[2026-04-28T21:04:35.916+0000] {processor.py:830} INFO - Processing file /home/airflow/.local/lib/python3.12/site-packages/airflow/example_dags/example_skip_dag.py for tasks to queue
[2026-04-28T21:04:35.920+0000] {logging_mixin.py:188} INFO - [2026-04-28T21:04:35.920+0000] {dagbag.py:540} INFO - Filling up the DagBag from /home/airflow/.local/lib/python3.12/site-packages/airflow/example_dags/example_skip_dag.py
[2026-04-28T21:04:35.941+0000] {processor.py:840} INFO - DAG(s) 'example_skip_dag' retrieved from /home/airflow/.local/lib/python3.12/site-packages/airflow/example_dags/example_skip_dag.py
[2026-04-28T21:04:35.975+0000] {logging_mixin.py:188} INFO - [2026-04-28T21:04:35.975+0000] {dag.py:3096} INFO - Sync 1 DAGs
[2026-04-28T21:04:36.021+0000] {logging_mixin.py:188} INFO - [2026-04-28T21:04:36.021+0000] {dag.py:3954} INFO - Setting next_dagrun for example_skip_dag to 2026-04-27 00:00:00+00:00, run_after=2026-04-28 00:00:00+00:00
[2026-04-28T21:04:36.041+0000] {processor.py:183} INFO - Processing /home/airflow/.local/lib/python3.12/site-packages/airflow/example_dags/example_skip_dag.py took 0.144 seconds
[2026-04-28T21:05:06.155+0000] {processor.py:161} INFO - Started process (PID=279) to work on /home/airflow/.local/lib/python3.12/site-packages/airflow/example_dags/example_skip_dag.py
[2026-04-28T21:05:06.156+0000] {processor.py:830} INFO - Processing file /home/airflow/.local/lib/python3.12/site-packages/airflow/example_dags/example_skip_dag.py for tasks to queue
[2026-04-28T21:05:06.164+0000] {logging_mixin.py:188} INFO - [2026-04-28T21:05:06.164+0000] {dagbag.py:540} INFO - Filling up the DagBag from /home/airflow/.local/lib/python3.12/site-packages/airflow/example_dags/example_skip_dag.py
[2026-04-28T21:05:06.180+0000] {processor.py:840} INFO - DAG(s) 'example_skip_dag' retrieved from /home/airflow/.local/lib/python3.12/site-packages/airflow/example_dags/example_skip_dag.py
[2026-04-28T21:05:06.229+0000] {logging_mixin.py:188} INFO - [2026-04-28T21:05:06.229+0000] {dag.py:3096} INFO - Sync 1 DAGs
[2026-04-28T21:05:06.270+0000] {logging_mixin.py:188} INFO - [2026-04-28T21:05:06.270+0000] {dag.py:3954} INFO - Setting next_dagrun for example_skip_dag to 2026-04-27 00:00:00+00:00, run_after=2026-04-28 00:00:00+00:00
[2026-04-28T21:05:06.325+0000] {processor.py:183} INFO - Processing /home/airflow/.local/lib/python3.12/site-packages/airflow/example_dags/example_skip_dag.py took 0.186 seconds
[2026-04-28T21:05:37.243+0000] {processor.py:161} INFO - Started process (PID=339) to work on /home/airflow/.local/lib/python3.12/site-packages/airflow/example_dags/example_skip_dag.py
[2026-04-28T21:05:37.244+0000] {processor.py:830} INFO - Processing file /home/airflow/.local/lib/python3.12/site-packages/airflow/example_dags/example_skip_dag.py for tasks to queue
[2026-04-28T21:05:37.246+0000] {logging_mixin.py:188} INFO - [2026-04-28T21:05:37.246+0000] {dagbag.py:540} INFO - Filling up the DagBag from /home/airflow/.local/lib/python3.12/site-packages/airflow/example_dags/example_skip_dag.py
[2026-04-28T21:05:37.254+0000] {processor.py:840} INFO - DAG(s) 'example_skip_dag' retrieved from /home/airflow/.local/lib/python3.12/site-packages/airflow/example_dags/example_skip_dag.py
[2026-04-28T21:05:37.281+0000] {logging_mixin.py:188} INFO - [2026-04-28T21:05:37.280+0000] {dag.py:3096} INFO - Sync 1 DAGs
[2026-04-28T21:05:37.306+0000] {logging_mixin.py:188} INFO - [2026-04-28T21:05:37.306+0000] {dag.py:3954} INFO - Setting next_dagrun for example_skip_dag to 2026-04-27 00:00:00+00:00, run_after=2026-04-28 00:00:00+00:00
[2026-04-28T21:05:37.328+0000] {processor.py:183} INFO - Processing /home/airflow/.local/lib/python3.12/site-packages/airflow/example_dags/example_skip_dag.py took 0.092 seconds
[2026-04-28T21:06:07.801+0000] {processor.py:161} INFO - Started process (PID=399) to work on /home/airflow/.local/lib/python3.12/site-packages/airflow/example_dags/example_skip_dag.py
[2026-04-28T21:06:07.802+0000] {processor.py:830} INFO - Processing file /home/airflow/.local/lib/python3.12/site-packages/airflow/example_dags/example_skip_dag.py for tasks to queue
[2026-04-28T21:06:07.804+0000] {logging_mixin.py:188} INFO - [2026-04-28T21:06:07.804+0000] {dagbag.py:540} INFO - Filling up the DagBag from /home/airflow/.local/lib/python3.12/site-packages/airflow/example_dags/example_skip_dag.py
[2026-04-28T21:06:07.816+0000] {processor.py:840} INFO - DAG(s) 'example_skip_dag' retrieved from /home/airflow/.local/lib/python3.12/site-packages/airflow/example_dags/example_skip_dag.py
[2026-04-28T21:06:07.840+0000] {logging_mixin.py:188} INFO - [2026-04-28T21:06:07.840+0000] {dag.py:3096} INFO - Sync 1 DAGs
[2026-04-28T21:06:07.866+0000] {logging_mixin.py:188} INFO - [2026-04-28T21:06:07.866+0000] {dag.py:3954} INFO - Setting next_dagrun for example_skip_dag to 2026-04-27 00:00:00+00:00, run_after=2026-04-28 00:00:00+00:00
[2026-04-28T21:06:07.886+0000] {processor.py:183} INFO - Processing /home/airflow/.local/lib/python3.12/site-packages/airflow/example_dags/example_skip_dag.py took 0.091 seconds
[2026-04-28T21:06:38.762+0000] {processor.py:161} INFO - Started process (PID=459) to work on /home/airflow/.local/lib/python3.12/site-packages/airflow/example_dags/example_skip_dag.py
[2026-04-28T21:06:38.763+0000] {processor.py:830} INFO - Processing file /home/airflow/.local/lib/python3.12/site-packages/airflow/example_dags/example_skip_dag.py for tasks to queue
[2026-04-28T21:06:38.766+0000] {logging_mixin.py:188} INFO - [2026-04-28T21:06:38.765+0000] {dagbag.py:540} INFO - Filling up the DagBag from /home/airflow/.local/lib/python3.12/site-packages/airflow/example_dags/example_skip_dag.py
[2026-04-28T21:06:38.773+0000] {processor.py:840} INFO - DAG(s) 'example_skip_dag' retrieved from /home/airflow/.local/lib/python3.12/site-packages/airflow/example_dags/example_skip_dag.py
[2026-04-28T21:06:38.797+0000] {logging_mixin.py:188} INFO - [2026-04-28T21:06:38.797+0000] {dag.py:3096} INFO - Sync 1 DAGs
[2026-04-28T21:06:38.823+0000] {logging_mixin.py:188} INFO - [2026-04-28T21:06:38.823+0000] {dag.py:3954} INFO - Setting next_dagrun for example_skip_dag to 2026-04-27 00:00:00+00:00, run_after=2026-04-28 00:00:00+00:00
[2026-04-28T21:06:38.871+0000] {processor.py:183} INFO - Processing /home/airflow/.local/lib/python3.12/site-packages/airflow/example_dags/example_skip_dag.py took 0.116 seconds
[2026-04-28T21:07:09.433+0000] {processor.py:161} INFO - Started process (PID=519) to work on /home/airflow/.local/lib/python3.12/site-packages/airflow/example_dags/example_skip_dag.py
[2026-04-28T21:07:09.434+0000] {processor.py:830} INFO - Processing file /home/airflow/.local/lib/python3.12/site-packages/airflow/example_dags/example_skip_dag.py for tasks to queue
[2026-04-28T21:07:09.437+0000] {logging_mixin.py:188} INFO - [2026-04-28T21:07:09.436+0000] {dagbag.py:540} INFO - Filling up the DagBag from /home/airflow/.local/lib/python3.12/site-packages/airflow/example_dags/example_skip_dag.py
[2026-04-28T21:07:09.444+0000] {processor.py:840} INFO - DAG(s) 'example_skip_dag' retrieved from /home/airflow/.local/lib/python3.12/site-packages/airflow/example_dags/example_skip_dag.py
[2026-04-28T21:07:09.469+0000] {logging_mixin.py:188} INFO - [2026-04-28T21:07:09.469+0000] {dag.py:3096} INFO - Sync 1 DAGs
[2026-04-28T21:07:09.494+0000] {logging_mixin.py:188} INFO - [2026-04-28T21:07:09.494+0000] {dag.py:3954} INFO - Setting next_dagrun for example_skip_dag to 2026-04-27 00:00:00+00:00, run_after=2026-04-28 00:00:00+00:00
[2026-04-28T21:07:09.521+0000] {processor.py:183} INFO - Processing /home/airflow/.local/lib/python3.12/site-packages/airflow/example_dags/example_skip_dag.py took 0.095 seconds
[2026-04-28T21:07:40.500+0000] {processor.py:161} INFO - Started process (PID=579) to work on /home/airflow/.local/lib/python3.12/site-packages/airflow/example_dags/example_skip_dag.py
[2026-04-28T21:07:40.506+0000] {processor.py:830} INFO - Processing file /home/airflow/.local/lib/python3.12/site-packages/airflow/example_dags/example_skip_dag.py for tasks to queue
[2026-04-28T21:07:40.510+0000] {logging_mixin.py:188} INFO - [2026-04-28T21:07:40.510+0000] {dagbag.py:540} INFO - Filling up the DagBag from /home/airflow/.local/lib/python3.12/site-packages/airflow/example_dags/example_skip_dag.py
[2026-04-28T21:07:40.525+0000] {processor.py:840} INFO - DAG(s) 'example_skip_dag' retrieved from /home/airflow/.local/lib/python3.12/site-packages/airflow/example_dags/example_skip_dag.py
[2026-04-28T21:07:40.595+0000] {logging_mixin.py:188} INFO - [2026-04-28T21:07:40.594+0000] {dag.py:3096} INFO - Sync 1 DAGs
[2026-04-28T21:07:40.979+0000] {logging_mixin.py:188} INFO - [2026-04-28T21:07:40.979+0000] {dag.py:3954} INFO - Setting next_dagrun for example_skip_dag to 2026-04-27 00:00:00+00:00, run_after=2026-04-28 00:00:00+00:00
[2026-04-28T21:07:41.191+0000] {processor.py:183} INFO - Processing /home/airflow/.local/lib/python3.12/site-packages/airflow/example_dags/example_skip_dag.py took 0.712 seconds
[2026-04-28T21:08:11.539+0000] {processor.py:161} INFO - Started process (PID=638) to work on /home/airflow/.local/lib/python3.12/site-packages/airflow/example_dags/example_skip_dag.py
[2026-04-28T21:08:11.540+0000] {processor.py:830} INFO - Processing file /home/airflow/.local/lib/python3.12/site-packages/airflow/example_dags/example_skip_dag.py for tasks to queue
[2026-04-28T21:08:11.542+0000] {logging_mixin.py:188} INFO - [2026-04-28T21:08:11.542+0000] {dagbag.py:540} INFO - Filling up the DagBag from /home/airflow/.local/lib/python3.12/site-packages/airflow/example_dags/example_skip_dag.py
[2026-04-28T21:08:11.552+0000] {processor.py:840} INFO - DAG(s) 'example_skip_dag' retrieved from /home/airflow/.local/lib/python3.12/site-packages/airflow/example_dags/example_skip_dag.py
[2026-04-28T21:08:11.615+0000] {logging_mixin.py:188} INFO - [2026-04-28T21:08:11.615+0000] {dag.py:3096} INFO - Sync 1 DAGs
[2026-04-28T21:08:11.649+0000] {logging_mixin.py:188} INFO - [2026-04-28T21:08:11.649+0000] {dag.py:3954} INFO - Setting next_dagrun for example_skip_dag to 2026-04-27 00:00:00+00:00, run_after=2026-04-28 00:00:00+00:00
[2026-04-28T21:08:11.683+0000] {processor.py:183} INFO - Processing /home/airflow/.local/lib/python3.12/site-packages/airflow/example_dags/example_skip_dag.py took 0.154 seconds
[2026-04-28T21:08:41.904+0000] {processor.py:161} INFO - Started process (PID=698) to work on /home/airflow/.local/lib/python3.12/site-packages/airflow/example_dags/example_skip_dag.py
[2026-04-28T21:08:41.905+0000] {processor.py:830} INFO - Processing file /home/airflow/.local/lib/python3.12/site-packages/airflow/example_dags/example_skip_dag.py for tasks to queue
[2026-04-28T21:08:41.908+0000] {logging_mixin.py:188} INFO - [2026-04-28T21:08:41.907+0000] {dagbag.py:540} INFO - Filling up the DagBag from /home/airflow/.local/lib/python3.12/site-packages/airflow/example_dags/example_skip_dag.py
[2026-04-28T21:08:41.916+0000] {processor.py:840} INFO - DAG(s) 'example_skip_dag' retrieved from /home/airflow/.local/lib/python3.12/site-packages/airflow/example_dags/example_skip_dag.py
[2026-04-28T21:08:41.945+0000] {logging_mixin.py:188} INFO - [2026-04-28T21:08:41.944+0000] {dag.py:3096} INFO - Sync 1 DAGs
[2026-04-28T21:08:41.973+0000] {logging_mixin.py:188} INFO - [2026-04-28T21:08:41.972+0000] {dag.py:3954} INFO - Setting next_dagrun for example_skip_dag to 2026-04-27 00:00:00+00:00, run_after=2026-04-28 00:00:00+00:00
[2026-04-28T21:08:42.008+0000] {processor.py:183} INFO - Processing /home/airflow/.local/lib/python3.12/site-packages/airflow/example_dags/example_skip_dag.py took 0.112 seconds
[2026-04-28T21:09:13.227+0000] {processor.py:161} INFO - Started process (PID=758) to work on /home/airflow/.local/lib/python3.12/site-packages/airflow/example_dags/example_skip_dag.py
[2026-04-28T21:09:13.230+0000] {processor.py:830} INFO - Processing file /home/airflow/.local/lib/python3.12/site-packages/airflow/example_dags/example_skip_dag.py for tasks to queue
[2026-04-28T21:09:13.237+0000] {logging_mixin.py:188} INFO - [2026-04-28T21:09:13.234+0000] {dagbag.py:540} INFO - Filling up the DagBag from /home/airflow/.local/lib/python3.12/site-packages/airflow/example_dags/example_skip_dag.py
[2026-04-28T21:09:13.254+0000] {processor.py:840} INFO - DAG(s) 'example_skip_dag' retrieved from /home/airflow/.local/lib/python3.12/site-packages/airflow/example_dags/example_skip_dag.py
[2026-04-28T21:09:13.313+0000] {logging_mixin.py:188} INFO - [2026-04-28T21:09:13.313+0000] {dag.py:3096} INFO - Sync 1 DAGs
[2026-04-28T21:09:13.360+0000] {logging_mixin.py:188} INFO - [2026-04-28T21:09:13.359+0000] {dag.py:3954} INFO - Setting next_dagrun for example_skip_dag to 2026-04-27 00:00:00+00:00, run_after=2026-04-28 00:00:00+00:00
[2026-04-28T21:09:13.394+0000] {processor.py:183} INFO - Processing /home/airflow/.local/lib/python3.12/site-packages/airflow/example_dags/example_skip_dag.py took 0.182 seconds
[2026-04-28T21:09:44.082+0000] {processor.py:161} INFO - Started process (PID=818) to work on /home/airflow/.local/lib/python3.12/site-packages/airflow/example_dags/example_skip_dag.py
[2026-04-28T21:09:44.083+0000] {processor.py:830} INFO - Processing file /home/airflow/.local/lib/python3.12/site-packages/airflow/example_dags/example_skip_dag.py for tasks to queue
[2026-04-28T21:09:44.085+0000] {logging_mixin.py:188} INFO - [2026-04-28T21:09:44.085+0000] {dagbag.py:540} INFO - Filling up the DagBag from /home/airflow/.local/lib/python3.12/site-packages/airflow/example_dags/example_skip_dag.py
[2026-04-28T21:09:44.094+0000] {processor.py:840} INFO - DAG(s) 'example_skip_dag' retrieved from /home/airflow/.local/lib/python3.12/site-packages/airflow/example_dags/example_skip_dag.py
[2026-04-28T21:09:44.125+0000] {logging_mixin.py:188} INFO - [2026-04-28T21:09:44.125+0000] {dag.py:3096} INFO - Sync 1 DAGs
[2026-04-28T21:09:44.152+0000] {logging_mixin.py:188} INFO - [2026-04-28T21:09:44.151+0000] {dag.py:3954} INFO - Setting next_dagrun for example_skip_dag to 2026-04-27 00:00:00+00:00, run_after=2026-04-28 00:00:00+00:00
[2026-04-28T21:09:44.171+0000] {processor.py:183} INFO - Processing /home/airflow/.local/lib/python3.12/site-packages/airflow/example_dags/example_skip_dag.py took 0.096 seconds
[2026-04-28T21:10:14.854+0000] {processor.py:161} INFO - Started process (PID=877) to work on /home/airflow/.local/lib/python3.12/site-packages/airflow/example_dags/example_skip_dag.py
[2026-04-28T21:10:14.857+0000] {processor.py:830} INFO - Processing file /home/airflow/.local/lib/python3.12/site-packages/airflow/example_dags/example_skip_dag.py for tasks to queue
[2026-04-28T21:10:14.859+0000] {logging_mixin.py:188} INFO - [2026-04-28T21:10:14.858+0000] {dagbag.py:540} INFO - Filling up the DagBag from /home/airflow/.local/lib/python3.12/site-packages/airflow/example_dags/example_skip_dag.py
[2026-04-28T21:10:14.867+0000] {processor.py:840} INFO - DAG(s) 'example_skip_dag' retrieved from /home/airflow/.local/lib/python3.12/site-packages/airflow/example_dags/example_skip_dag.py
[2026-04-28T21:10:14.893+0000] {logging_mixin.py:188} INFO - [2026-04-28T21:10:14.893+0000] {dag.py:3096} INFO - Sync 1 DAGs
[2026-04-28T21:10:14.920+0000] {logging_mixin.py:188} INFO - [2026-04-28T21:10:14.919+0000] {dag.py:3954} INFO - Setting next_dagrun for example_skip_dag to 2026-04-27 00:00:00+00:00, run_after=2026-04-28 00:00:00+00:00
[2026-04-28T21:10:14.938+0000] {processor.py:183} INFO - Processing /home/airflow/.local/lib/python3.12/site-packages/airflow/example_dags/example_skip_dag.py took 0.090 seconds
[2026-04-28T21:10:45.833+0000] {processor.py:161} INFO - Started process (PID=937) to work on /home/airflow/.local/lib/python3.12/site-packages/airflow/example_dags/example_skip_dag.py
[2026-04-28T21:10:45.837+0000] {processor.py:830} INFO - Processing file /home/airflow/.local/lib/python3.12/site-packages/airflow/example_dags/example_skip_dag.py for tasks to queue
[2026-04-28T21:10:45.840+0000] {logging_mixin.py:188} INFO - [2026-04-28T21:10:45.839+0000] {dagbag.py:540} INFO - Filling up the DagBag from /home/airflow/.local/lib/python3.12/site-packages/airflow/example_dags/example_skip_dag.py
[2026-04-28T21:10:45.851+0000] {processor.py:840} INFO - DAG(s) 'example_skip_dag' retrieved from /home/airflow/.local/lib/python3.12/site-packages/airflow/example_dags/example_skip_dag.py
[2026-04-28T21:10:45.877+0000] {logging_mixin.py:188} INFO - [2026-04-28T21:10:45.877+0000] {dag.py:3096} INFO - Sync 1 DAGs
[2026-04-28T21:10:45.902+0000] {logging_mixin.py:188} INFO - [2026-04-28T21:10:45.901+0000] {dag.py:3954} INFO - Setting next_dagrun for example_skip_dag to 2026-04-27 00:00:00+00:00, run_after=2026-04-28 00:00:00+00:00
[2026-04-28T21:10:45.923+0000] {processor.py:183} INFO - Processing /home/airflow/.local/lib/python3.12/site-packages/airflow/example_dags/example_skip_dag.py took 0.097 seconds
[2026-04-28T21:11:19.393+0000] {processor.py:161} INFO - Started process (PID=1003) to work on /home/airflow/.local/lib/python3.12/site-packages/airflow/example_dags/example_skip_dag.py
[2026-04-28T21:11:19.397+0000] {processor.py:830} INFO - Processing file /home/airflow/.local/lib/python3.12/site-packages/airflow/example_dags/example_skip_dag.py for tasks to queue
[2026-04-28T21:11:19.412+0000] {logging_mixin.py:188} INFO - [2026-04-28T21:11:19.412+0000] {dagbag.py:540} INFO - Filling up the DagBag from /home/airflow/.local/lib/python3.12/site-packages/airflow/example_dags/example_skip_dag.py
[2026-04-28T21:11:19.467+0000] {processor.py:840} INFO - DAG(s) 'example_skip_dag' retrieved from /home/airflow/.local/lib/python3.12/site-packages/airflow/example_dags/example_skip_dag.py
[2026-04-28T21:11:19.678+0000] {logging_mixin.py:188} INFO - [2026-04-28T21:11:19.678+0000] {dag.py:3096} INFO - Sync 1 DAGs
[2026-04-28T21:11:19.793+0000] {logging_mixin.py:188} INFO - [2026-04-28T21:11:19.793+0000] {dag.py:3954} INFO - Setting next_dagrun for example_skip_dag to 2026-04-27 00:00:00+00:00, run_after=2026-04-28 00:00:00+00:00
[2026-04-28T21:11:20.366+0000] {processor.py:183} INFO - Processing /home/airflow/.local/lib/python3.12/site-packages/airflow/example_dags/example_skip_dag.py took 1.039 seconds
[2026-04-28T21:11:50.887+0000] {processor.py:161} INFO - Started process (PID=1063) to work on /home/airflow/.local/lib/python3.12/site-packages/airflow/example_dags/example_skip_dag.py
[2026-04-28T21:11:50.893+0000] {processor.py:830} INFO - Processing file /home/airflow/.local/lib/python3.12/site-packages/airflow/example_dags/example_skip_dag.py for tasks to queue
[2026-04-28T21:11:50.899+0000] {logging_mixin.py:188} INFO - [2026-04-28T21:11:50.898+0000] {dagbag.py:540} INFO - Filling up the DagBag from /home/airflow/.local/lib/python3.12/site-packages/airflow/example_dags/example_skip_dag.py
[2026-04-28T21:11:50.919+0000] {processor.py:840} INFO - DAG(s) 'example_skip_dag' retrieved from /home/airflow/.local/lib/python3.12/site-packages/airflow/example_dags/example_skip_dag.py
[2026-04-28T21:11:50.985+0000] {logging_mixin.py:188} INFO - [2026-04-28T21:11:50.984+0000] {dag.py:3096} INFO - Sync 1 DAGs
[2026-04-28T21:11:51.057+0000] {logging_mixin.py:188} INFO - [2026-04-28T21:11:51.057+0000] {dag.py:3954} INFO - Setting next_dagrun for example_skip_dag to 2026-04-27 00:00:00+00:00, run_after=2026-04-28 00:00:00+00:00
[2026-04-28T21:11:51.096+0000] {processor.py:183} INFO - Processing /home/airflow/.local/lib/python3.12/site-packages/airflow/example_dags/example_skip_dag.py took 0.231 seconds
[2026-04-28T21:12:21.296+0000] {processor.py:161} INFO - Started process (PID=1123) to work on /home/airflow/.local/lib/python3.12/site-packages/airflow/example_dags/example_skip_dag.py
[2026-04-28T21:12:21.299+0000] {processor.py:830} INFO - Processing file /home/airflow/.local/lib/python3.12/site-packages/airflow/example_dags/example_skip_dag.py for tasks to queue
[2026-04-28T21:12:21.302+0000] {logging_mixin.py:188} INFO - [2026-04-28T21:12:21.302+0000] {dagbag.py:540} INFO - Filling up the DagBag from /home/airflow/.local/lib/python3.12/site-packages/airflow/example_dags/example_skip_dag.py
[2026-04-28T21:12:21.316+0000] {processor.py:840} INFO - DAG(s) 'example_skip_dag' retrieved from /home/airflow/.local/lib/python3.12/site-packages/airflow/example_dags/example_skip_dag.py
[2026-04-28T21:12:21.339+0000] {logging_mixin.py:188} INFO - [2026-04-28T21:12:21.339+0000] {dag.py:3096} INFO - Sync 1 DAGs
[2026-04-28T21:12:21.366+0000] {logging_mixin.py:188} INFO - [2026-04-28T21:12:21.366+0000] {dag.py:3954} INFO - Setting next_dagrun for example_skip_dag to 2026-04-27 00:00:00+00:00, run_after=2026-04-28 00:00:00+00:00
[2026-04-28T21:12:21.388+0000] {processor.py:183} INFO - Processing /home/airflow/.local/lib/python3.12/site-packages/airflow/example_dags/example_skip_dag.py took 0.106 seconds
[2026-04-28T21:12:51.975+0000] {processor.py:161} INFO - Started process (PID=1184) to work on /home/airflow/.local/lib/python3.12/site-packages/airflow/example_dags/example_skip_dag.py
[2026-04-28T21:12:51.980+0000] {processor.py:830} INFO - Processing file /home/airflow/.local/lib/python3.12/site-packages/airflow/example_dags/example_skip_dag.py for tasks to queue
[2026-04-28T21:12:51.987+0000] {logging_mixin.py:188} INFO - [2026-04-28T21:12:51.986+0000] {dagbag.py:540} INFO - Filling up the DagBag from /home/airflow/.local/lib/python3.12/site-packages/airflow/example_dags/example_skip_dag.py
[2026-04-28T21:12:51.996+0000] {processor.py:840} INFO - DAG(s) 'example_skip_dag' retrieved from /home/airflow/.local/lib/python3.12/site-packages/airflow/example_dags/example_skip_dag.py
[2026-04-28T21:12:52.023+0000] {logging_mixin.py:188} INFO - [2026-04-28T21:12:52.023+0000] {dag.py:3096} INFO - Sync 1 DAGs
[2026-04-28T21:12:52.060+0000] {logging_mixin.py:188} INFO - [2026-04-28T21:12:52.060+0000] {dag.py:3954} INFO - Setting next_dagrun for example_skip_dag to 2026-04-27 00:00:00+00:00, run_after=2026-04-28 00:00:00+00:00
[2026-04-28T21:12:52.079+0000] {processor.py:183} INFO - Processing /home/airflow/.local/lib/python3.12/site-packages/airflow/example_dags/example_skip_dag.py took 0.117 seconds
[2026-04-28T21:13:22.739+0000] {processor.py:161} INFO - Started process (PID=1244) to work on /home/airflow/.local/lib/python3.12/site-packages/airflow/example_dags/example_skip_dag.py
[2026-04-28T21:13:22.748+0000] {processor.py:830} INFO - Processing file /home/airflow/.local/lib/python3.12/site-packages/airflow/example_dags/example_skip_dag.py for tasks to queue
[2026-04-28T21:13:22.775+0000] {logging_mixin.py:188} INFO - [2026-04-28T21:13:22.774+0000] {dagbag.py:540} INFO - Filling up the DagBag from /home/airflow/.local/lib/python3.12/site-packages/airflow/example_dags/example_skip_dag.py
[2026-04-28T21:13:22.813+0000] {processor.py:840} INFO - DAG(s) 'example_skip_dag' retrieved from /home/airflow/.local/lib/python3.12/site-packages/airflow/example_dags/example_skip_dag.py
[2026-04-28T21:13:22.954+0000] {logging_mixin.py:188} INFO - [2026-04-28T21:13:22.952+0000] {dag.py:3096} INFO - Sync 1 DAGs
[2026-04-28T21:13:23.073+0000] {logging_mixin.py:188} INFO - [2026-04-28T21:13:23.071+0000] {dag.py:3954} INFO - Setting next_dagrun for example_skip_dag to 2026-04-27 00:00:00+00:00, run_after=2026-04-28 00:00:00+00:00
[2026-04-28T21:13:23.166+0000] {processor.py:183} INFO - Processing /home/airflow/.local/lib/python3.12/site-packages/airflow/example_dags/example_skip_dag.py took 0.501 seconds
[2026-04-28T21:13:53.484+0000] {processor.py:161} INFO - Started process (PID=1304) to work on /home/airflow/.local/lib/python3.12/site-packages/airflow/example_dags/example_skip_dag.py
[2026-04-28T21:13:53.488+0000] {processor.py:830} INFO - Processing file /home/airflow/.local/lib/python3.12/site-packages/airflow/example_dags/example_skip_dag.py for tasks to queue
[2026-04-28T21:13:53.490+0000] {logging_mixin.py:188} INFO - [2026-04-28T21:13:53.489+0000] {dagbag.py:540} INFO - Filling up the DagBag from /home/airflow/.local/lib/python3.12/site-packages/airflow/example_dags/example_skip_dag.py
[2026-04-28T21:13:53.504+0000] {processor.py:840} INFO - DAG(s) 'example_skip_dag' retrieved from /home/airflow/.local/lib/python3.12/site-packages/airflow/example_dags/example_skip_dag.py
[2026-04-28T21:13:53.537+0000] {logging_mixin.py:188} INFO - [2026-04-28T21:13:53.535+0000] {dag.py:3096} INFO - Sync 1 DAGs
[2026-04-28T21:13:53.576+0000] {logging_mixin.py:188} INFO - [2026-04-28T21:13:53.575+0000] {dag.py:3954} INFO - Setting next_dagrun for example_skip_dag to 2026-04-27 00:00:00+00:00, run_after=2026-04-28 00:00:00+00:00
[2026-04-28T21:13:53.621+0000] {processor.py:183} INFO - Processing /home/airflow/.local/lib/python3.12/site-packages/airflow/example_dags/example_skip_dag.py took 0.154 seconds
[2026-04-28T21:20:39.796+0000] {processor.py:161} INFO - Started process (PID=101) to work on /home/airflow/.local/lib/python3.12/site-packages/airflow/example_dags/example_skip_dag.py
[2026-04-28T21:20:39.801+0000] {processor.py:830} INFO - Processing file /home/airflow/.local/lib/python3.12/site-packages/airflow/example_dags/example_skip_dag.py for tasks to queue
[2026-04-28T21:20:39.803+0000] {logging_mixin.py:188} INFO - [2026-04-28T21:20:39.803+0000] {dagbag.py:540} INFO - Filling up the DagBag from /home/airflow/.local/lib/python3.12/site-packages/airflow/example_dags/example_skip_dag.py
[2026-04-28T21:20:39.812+0000] {processor.py:840} INFO - DAG(s) 'example_skip_dag' retrieved from /home/airflow/.local/lib/python3.12/site-packages/airflow/example_dags/example_skip_dag.py
[2026-04-28T21:20:39.987+0000] {logging_mixin.py:188} INFO - [2026-04-28T21:20:39.986+0000] {override.py:1829} INFO - Created Permission View: can read on DAG:example_skip_dag
[2026-04-28T21:20:40.033+0000] {logging_mixin.py:188} INFO - [2026-04-28T21:20:40.031+0000] {override.py:1829} INFO - Created Permission View: can delete on DAG:example_skip_dag
[2026-04-28T21:20:40.066+0000] {logging_mixin.py:188} INFO - [2026-04-28T21:20:40.066+0000] {override.py:1829} INFO - Created Permission View: can edit on DAG:example_skip_dag
[2026-04-28T21:20:40.070+0000] {logging_mixin.py:188} INFO - [2026-04-28T21:20:40.070+0000] {dag.py:3096} INFO - Sync 1 DAGs
[2026-04-28T21:20:40.118+0000] {logging_mixin.py:188} INFO - [2026-04-28T21:20:40.115+0000] {dag.py:3118} INFO - Creating ORM DAG for example_skip_dag
[2026-04-28T21:20:40.149+0000] {logging_mixin.py:188} INFO - [2026-04-28T21:20:40.148+0000] {dag.py:3954} INFO - Setting next_dagrun for example_skip_dag to 2026-04-27 00:00:00+00:00, run_after=2026-04-28 00:00:00+00:00
[2026-04-28T21:20:40.201+0000] {processor.py:183} INFO - Processing /home/airflow/.local/lib/python3.12/site-packages/airflow/example_dags/example_skip_dag.py took 0.422 seconds
[2026-04-28T21:21:10.473+0000] {processor.py:161} INFO - Started process (PID=161) to work on /home/airflow/.local/lib/python3.12/site-packages/airflow/example_dags/example_skip_dag.py
[2026-04-28T21:21:10.475+0000] {processor.py:830} INFO - Processing file /home/airflow/.local/lib/python3.12/site-packages/airflow/example_dags/example_skip_dag.py for tasks to queue
[2026-04-28T21:21:10.477+0000] {logging_mixin.py:188} INFO - [2026-04-28T21:21:10.477+0000] {dagbag.py:540} INFO - Filling up the DagBag from /home/airflow/.local/lib/python3.12/site-packages/airflow/example_dags/example_skip_dag.py
[2026-04-28T21:21:10.483+0000] {processor.py:840} INFO - DAG(s) 'example_skip_dag' retrieved from /home/airflow/.local/lib/python3.12/site-packages/airflow/example_dags/example_skip_dag.py
[2026-04-28T21:21:10.501+0000] {logging_mixin.py:188} INFO - [2026-04-28T21:21:10.501+0000] {dag.py:3096} INFO - Sync 1 DAGs
[2026-04-28T21:21:10.522+0000] {logging_mixin.py:188} INFO - [2026-04-28T21:21:10.521+0000] {dag.py:3954} INFO - Setting next_dagrun for example_skip_dag to 2026-04-27 00:00:00+00:00, run_after=2026-04-28 00:00:00+00:00
[2026-04-28T21:21:10.540+0000] {processor.py:183} INFO - Processing /home/airflow/.local/lib/python3.12/site-packages/airflow/example_dags/example_skip_dag.py took 0.072 seconds
[2026-04-28T21:21:41.377+0000] {processor.py:161} INFO - Started process (PID=221) to work on /home/airflow/.local/lib/python3.12/site-packages/airflow/example_dags/example_skip_dag.py
[2026-04-28T21:21:41.380+0000] {processor.py:830} INFO - Processing file /home/airflow/.local/lib/python3.12/site-packages/airflow/example_dags/example_skip_dag.py for tasks to queue
[2026-04-28T21:21:41.385+0000] {logging_mixin.py:188} INFO - [2026-04-28T21:21:41.384+0000] {dagbag.py:540} INFO - Filling up the DagBag from /home/airflow/.local/lib/python3.12/site-packages/airflow/example_dags/example_skip_dag.py
[2026-04-28T21:21:41.410+0000] {processor.py:840} INFO - DAG(s) 'example_skip_dag' retrieved from /home/airflow/.local/lib/python3.12/site-packages/airflow/example_dags/example_skip_dag.py
[2026-04-28T21:21:41.462+0000] {logging_mixin.py:188} INFO - [2026-04-28T21:21:41.462+0000] {dag.py:3096} INFO - Sync 1 DAGs
[2026-04-28T21:21:41.505+0000] {logging_mixin.py:188} INFO - [2026-04-28T21:21:41.504+0000] {dag.py:3954} INFO - Setting next_dagrun for example_skip_dag to 2026-04-27 00:00:00+00:00, run_after=2026-04-28 00:00:00+00:00
[2026-04-28T21:21:41.526+0000] {processor.py:183} INFO - Processing /home/airflow/.local/lib/python3.12/site-packages/airflow/example_dags/example_skip_dag.py took 0.165 seconds
[2026-04-28T21:22:12.015+0000] {processor.py:161} INFO - Started process (PID=281) to work on /home/airflow/.local/lib/python3.12/site-packages/airflow/example_dags/example_skip_dag.py
[2026-04-28T21:22:12.017+0000] {processor.py:830} INFO - Processing file /home/airflow/.local/lib/python3.12/site-packages/airflow/example_dags/example_skip_dag.py for tasks to queue
[2026-04-28T21:22:12.019+0000] {logging_mixin.py:188} INFO - [2026-04-28T21:22:12.018+0000] {dagbag.py:540} INFO - Filling up the DagBag from /home/airflow/.local/lib/python3.12/site-packages/airflow/example_dags/example_skip_dag.py
[2026-04-28T21:22:12.029+0000] {processor.py:840} INFO - DAG(s) 'example_skip_dag' retrieved from /home/airflow/.local/lib/python3.12/site-packages/airflow/example_dags/example_skip_dag.py
[2026-04-28T21:22:12.056+0000] {logging_mixin.py:188} INFO - [2026-04-28T21:22:12.056+0000] {dag.py:3096} INFO - Sync 1 DAGs
[2026-04-28T21:22:12.092+0000] {logging_mixin.py:188} INFO - [2026-04-28T21:22:12.092+0000] {dag.py:3954} INFO - Setting next_dagrun for example_skip_dag to 2026-04-27 00:00:00+00:00, run_after=2026-04-28 00:00:00+00:00
[2026-04-28T21:22:12.113+0000] {processor.py:183} INFO - Processing /home/airflow/.local/lib/python3.12/site-packages/airflow/example_dags/example_skip_dag.py took 0.107 seconds
[2026-04-28T21:22:42.797+0000] {processor.py:161} INFO - Started process (PID=341) to work on /home/airflow/.local/lib/python3.12/site-packages/airflow/example_dags/example_skip_dag.py
[2026-04-28T21:22:42.801+0000] {processor.py:830} INFO - Processing file /home/airflow/.local/lib/python3.12/site-packages/airflow/example_dags/example_skip_dag.py for tasks to queue
[2026-04-28T21:22:42.805+0000] {logging_mixin.py:188} INFO - [2026-04-28T21:22:42.805+0000] {dagbag.py:540} INFO - Filling up the DagBag from /home/airflow/.local/lib/python3.12/site-packages/airflow/example_dags/example_skip_dag.py
[2026-04-28T21:22:42.814+0000] {processor.py:840} INFO - DAG(s) 'example_skip_dag' retrieved from /home/airflow/.local/lib/python3.12/site-packages/airflow/example_dags/example_skip_dag.py
[2026-04-28T21:22:42.839+0000] {logging_mixin.py:188} INFO - [2026-04-28T21:22:42.839+0000] {dag.py:3096} INFO - Sync 1 DAGs
[2026-04-28T21:22:42.865+0000] {logging_mixin.py:188} INFO - [2026-04-28T21:22:42.865+0000] {dag.py:3954} INFO - Setting next_dagrun for example_skip_dag to 2026-04-27 00:00:00+00:00, run_after=2026-04-28 00:00:00+00:00
[2026-04-28T21:22:42.917+0000] {processor.py:183} INFO - Processing /home/airflow/.local/lib/python3.12/site-packages/airflow/example_dags/example_skip_dag.py took 0.129 seconds
[2026-04-28T21:23:13.512+0000] {processor.py:161} INFO - Started process (PID=401) to work on /home/airflow/.local/lib/python3.12/site-packages/airflow/example_dags/example_skip_dag.py
[2026-04-28T21:23:13.513+0000] {processor.py:830} INFO - Processing file /home/airflow/.local/lib/python3.12/site-packages/airflow/example_dags/example_skip_dag.py for tasks to queue
[2026-04-28T21:23:13.515+0000] {logging_mixin.py:188} INFO - [2026-04-28T21:23:13.514+0000] {dagbag.py:540} INFO - Filling up the DagBag from /home/airflow/.local/lib/python3.12/site-packages/airflow/example_dags/example_skip_dag.py
[2026-04-28T21:23:13.520+0000] {processor.py:840} INFO - DAG(s) 'example_skip_dag' retrieved from /home/airflow/.local/lib/python3.12/site-packages/airflow/example_dags/example_skip_dag.py
[2026-04-28T21:23:13.539+0000] {logging_mixin.py:188} INFO - [2026-04-28T21:23:13.539+0000] {dag.py:3096} INFO - Sync 1 DAGs
[2026-04-28T21:23:13.557+0000] {logging_mixin.py:188} INFO - [2026-04-28T21:23:13.557+0000] {dag.py:3954} INFO - Setting next_dagrun for example_skip_dag to 2026-04-27 00:00:00+00:00, run_after=2026-04-28 00:00:00+00:00
[2026-04-28T21:23:13.572+0000] {processor.py:183} INFO - Processing /home/airflow/.local/lib/python3.12/site-packages/airflow/example_dags/example_skip_dag.py took 0.065 seconds
[2026-04-28T21:23:44.169+0000] {processor.py:161} INFO - Started process (PID=462) to work on /home/airflow/.local/lib/python3.12/site-packages/airflow/example_dags/example_skip_dag.py
[2026-04-28T21:23:44.175+0000] {processor.py:830} INFO - Processing file /home/airflow/.local/lib/python3.12/site-packages/airflow/example_dags/example_skip_dag.py for tasks to queue
[2026-04-28T21:23:44.178+0000] {logging_mixin.py:188} INFO - [2026-04-28T21:23:44.177+0000] {dagbag.py:540} INFO - Filling up the DagBag from /home/airflow/.local/lib/python3.12/site-packages/airflow/example_dags/example_skip_dag.py
[2026-04-28T21:23:44.195+0000] {processor.py:840} INFO - DAG(s) 'example_skip_dag' retrieved from /home/airflow/.local/lib/python3.12/site-packages/airflow/example_dags/example_skip_dag.py
[2026-04-28T21:23:44.222+0000] {logging_mixin.py:188} INFO - [2026-04-28T21:23:44.222+0000] {dag.py:3096} INFO - Sync 1 DAGs
[2026-04-28T21:23:44.252+0000] {logging_mixin.py:188} INFO - [2026-04-28T21:23:44.252+0000] {dag.py:3954} INFO - Setting next_dagrun for example_skip_dag to 2026-04-27 00:00:00+00:00, run_after=2026-04-28 00:00:00+00:00
[2026-04-28T21:23:44.279+0000] {processor.py:183} INFO - Processing /home/airflow/.local/lib/python3.12/site-packages/airflow/example_dags/example_skip_dag.py took 0.131 seconds
[2026-04-28T21:24:15.000+0000] {processor.py:161} INFO - Started process (PID=522) to work on /home/airflow/.local/lib/python3.12/site-packages/airflow/example_dags/example_skip_dag.py
[2026-04-28T21:24:15.005+0000] {processor.py:830} INFO - Processing file /home/airflow/.local/lib/python3.12/site-packages/airflow/example_dags/example_skip_dag.py for tasks to queue
[2026-04-28T21:24:15.010+0000] {logging_mixin.py:188} INFO - [2026-04-28T21:24:15.010+0000] {dagbag.py:540} INFO - Filling up the DagBag from /home/airflow/.local/lib/python3.12/site-packages/airflow/example_dags/example_skip_dag.py
[2026-04-28T21:24:15.043+0000] {processor.py:840} INFO - DAG(s) 'example_skip_dag' retrieved from /home/airflow/.local/lib/python3.12/site-packages/airflow/example_dags/example_skip_dag.py
[2026-04-28T21:24:15.129+0000] {logging_mixin.py:188} INFO - [2026-04-28T21:24:15.128+0000] {dag.py:3096} INFO - Sync 1 DAGs
[2026-04-28T21:24:15.205+0000] {logging_mixin.py:188} INFO - [2026-04-28T21:24:15.204+0000] {dag.py:3954} INFO - Setting next_dagrun for example_skip_dag to 2026-04-27 00:00:00+00:00, run_after=2026-04-28 00:00:00+00:00
[2026-04-28T21:24:15.266+0000] {processor.py:183} INFO - Processing /home/airflow/.local/lib/python3.12/site-packages/airflow/example_dags/example_skip_dag.py took 0.280 seconds
[2026-04-28T21:24:46.822+0000] {processor.py:161} INFO - Started process (PID=582) to work on /home/airflow/.local/lib/python3.12/site-packages/airflow/example_dags/example_skip_dag.py
[2026-04-28T21:24:46.830+0000] {processor.py:830} INFO - Processing file /home/airflow/.local/lib/python3.12/site-packages/airflow/example_dags/example_skip_dag.py for tasks to queue
[2026-04-28T21:24:46.841+0000] {logging_mixin.py:188} INFO - [2026-04-28T21:24:46.840+0000] {dagbag.py:540} INFO - Filling up the DagBag from /home/airflow/.local/lib/python3.12/site-packages/airflow/example_dags/example_skip_dag.py
[2026-04-28T21:24:46.876+0000] {processor.py:840} INFO - DAG(s) 'example_skip_dag' retrieved from /home/airflow/.local/lib/python3.12/site-packages/airflow/example_dags/example_skip_dag.py
[2026-04-28T21:24:46.979+0000] {logging_mixin.py:188} INFO - [2026-04-28T21:24:46.979+0000] {dag.py:3096} INFO - Sync 1 DAGs
[2026-04-28T21:24:47.128+0000] {logging_mixin.py:188} INFO - [2026-04-28T21:24:47.123+0000] {dag.py:3954} INFO - Setting next_dagrun for example_skip_dag to 2026-04-27 00:00:00+00:00, run_after=2026-04-28 00:00:00+00:00
[2026-04-28T21:24:47.215+0000] {processor.py:183} INFO - Processing /home/airflow/.local/lib/python3.12/site-packages/airflow/example_dags/example_skip_dag.py took 0.427 seconds
[2026-04-28T21:25:18.070+0000] {processor.py:161} INFO - Started process (PID=642) to work on /home/airflow/.local/lib/python3.12/site-packages/airflow/example_dags/example_skip_dag.py
[2026-04-28T21:25:18.072+0000] {processor.py:830} INFO - Processing file /home/airflow/.local/lib/python3.12/site-packages/airflow/example_dags/example_skip_dag.py for tasks to queue
[2026-04-28T21:25:18.075+0000] {logging_mixin.py:188} INFO - [2026-04-28T21:25:18.074+0000] {dagbag.py:540} INFO - Filling up the DagBag from /home/airflow/.local/lib/python3.12/site-packages/airflow/example_dags/example_skip_dag.py
[2026-04-28T21:25:18.084+0000] {processor.py:840} INFO - DAG(s) 'example_skip_dag' retrieved from /home/airflow/.local/lib/python3.12/site-packages/airflow/example_dags/example_skip_dag.py
[2026-04-28T21:25:18.112+0000] {logging_mixin.py:188} INFO - [2026-04-28T21:25:18.112+0000] {dag.py:3096} INFO - Sync 1 DAGs
[2026-04-28T21:25:18.138+0000] {logging_mixin.py:188} INFO - [2026-04-28T21:25:18.138+0000] {dag.py:3954} INFO - Setting next_dagrun for example_skip_dag to 2026-04-27 00:00:00+00:00, run_after=2026-04-28 00:00:00+00:00
[2026-04-28T21:25:18.160+0000] {processor.py:183} INFO - Processing /home/airflow/.local/lib/python3.12/site-packages/airflow/example_dags/example_skip_dag.py took 0.096 seconds
[2026-04-28T21:25:48.594+0000] {processor.py:161} INFO - Started process (PID=702) to work on /home/airflow/.local/lib/python3.12/site-packages/airflow/example_dags/example_skip_dag.py
[2026-04-28T21:25:48.602+0000] {processor.py:830} INFO - Processing file /home/airflow/.local/lib/python3.12/site-packages/airflow/example_dags/example_skip_dag.py for tasks to queue
[2026-04-28T21:25:48.605+0000] {logging_mixin.py:188} INFO - [2026-04-28T21:25:48.605+0000] {dagbag.py:540} INFO - Filling up the DagBag from /home/airflow/.local/lib/python3.12/site-packages/airflow/example_dags/example_skip_dag.py
[2026-04-28T21:25:48.613+0000] {processor.py:840} INFO - DAG(s) 'example_skip_dag' retrieved from /home/airflow/.local/lib/python3.12/site-packages/airflow/example_dags/example_skip_dag.py
[2026-04-28T21:25:48.639+0000] {logging_mixin.py:188} INFO - [2026-04-28T21:25:48.639+0000] {dag.py:3096} INFO - Sync 1 DAGs
[2026-04-28T21:25:48.664+0000] {logging_mixin.py:188} INFO - [2026-04-28T21:25:48.664+0000] {dag.py:3954} INFO - Setting next_dagrun for example_skip_dag to 2026-04-27 00:00:00+00:00, run_after=2026-04-28 00:00:00+00:00
[2026-04-28T21:25:48.686+0000] {processor.py:183} INFO - Processing /home/airflow/.local/lib/python3.12/site-packages/airflow/example_dags/example_skip_dag.py took 0.098 seconds
[2026-04-28T21:26:19.636+0000] {processor.py:161} INFO - Started process (PID=762) to work on /home/airflow/.local/lib/python3.12/site-packages/airflow/example_dags/example_skip_dag.py
[2026-04-28T21:26:19.645+0000] {processor.py:830} INFO - Processing file /home/airflow/.local/lib/python3.12/site-packages/airflow/example_dags/example_skip_dag.py for tasks to queue
[2026-04-28T21:26:19.648+0000] {logging_mixin.py:188} INFO - [2026-04-28T21:26:19.648+0000] {dagbag.py:540} INFO - Filling up the DagBag from /home/airflow/.local/lib/python3.12/site-packages/airflow/example_dags/example_skip_dag.py
[2026-04-28T21:26:19.669+0000] {processor.py:840} INFO - DAG(s) 'example_skip_dag' retrieved from /home/airflow/.local/lib/python3.12/site-packages/airflow/example_dags/example_skip_dag.py
[2026-04-28T21:26:19.743+0000] {logging_mixin.py:188} INFO - [2026-04-28T21:26:19.743+0000] {dag.py:3096} INFO - Sync 1 DAGs
[2026-04-28T21:26:19.838+0000] {logging_mixin.py:188} INFO - [2026-04-28T21:26:19.837+0000] {dag.py:3954} INFO - Setting next_dagrun for example_skip_dag to 2026-04-27 00:00:00+00:00, run_after=2026-04-28 00:00:00+00:00
[2026-04-28T21:26:19.906+0000] {processor.py:183} INFO - Processing /home/airflow/.local/lib/python3.12/site-packages/airflow/example_dags/example_skip_dag.py took 0.287 seconds
[2026-04-28T21:26:50.250+0000] {processor.py:161} INFO - Started process (PID=822) to work on /home/airflow/.local/lib/python3.12/site-packages/airflow/example_dags/example_skip_dag.py
[2026-04-28T21:26:50.253+0000] {processor.py:830} INFO - Processing file /home/airflow/.local/lib/python3.12/site-packages/airflow/example_dags/example_skip_dag.py for tasks to queue
[2026-04-28T21:26:50.256+0000] {logging_mixin.py:188} INFO - [2026-04-28T21:26:50.255+0000] {dagbag.py:540} INFO - Filling up the DagBag from /home/airflow/.local/lib/python3.12/site-packages/airflow/example_dags/example_skip_dag.py
[2026-04-28T21:26:50.263+0000] {processor.py:840} INFO - DAG(s) 'example_skip_dag' retrieved from /home/airflow/.local/lib/python3.12/site-packages/airflow/example_dags/example_skip_dag.py
[2026-04-28T21:26:50.291+0000] {logging_mixin.py:188} INFO - [2026-04-28T21:26:50.290+0000] {dag.py:3096} INFO - Sync 1 DAGs
[2026-04-28T21:26:50.315+0000] {logging_mixin.py:188} INFO - [2026-04-28T21:26:50.315+0000] {dag.py:3954} INFO - Setting next_dagrun for example_skip_dag to 2026-04-27 00:00:00+00:00, run_after=2026-04-28 00:00:00+00:00
[2026-04-28T21:26:50.335+0000] {processor.py:183} INFO - Processing /home/airflow/.local/lib/python3.12/site-packages/airflow/example_dags/example_skip_dag.py took 0.094 seconds
[2026-04-28T21:27:20.484+0000] {processor.py:161} INFO - Started process (PID=882) to work on /home/airflow/.local/lib/python3.12/site-packages/airflow/example_dags/example_skip_dag.py
[2026-04-28T21:27:20.485+0000] {processor.py:830} INFO - Processing file /home/airflow/.local/lib/python3.12/site-packages/airflow/example_dags/example_skip_dag.py for tasks to queue
[2026-04-28T21:27:20.487+0000] {logging_mixin.py:188} INFO - [2026-04-28T21:27:20.487+0000] {dagbag.py:540} INFO - Filling up the DagBag from /home/airflow/.local/lib/python3.12/site-packages/airflow/example_dags/example_skip_dag.py
[2026-04-28T21:27:20.494+0000] {processor.py:840} INFO - DAG(s) 'example_skip_dag' retrieved from /home/airflow/.local/lib/python3.12/site-packages/airflow/example_dags/example_skip_dag.py
[2026-04-28T21:27:20.519+0000] {logging_mixin.py:188} INFO - [2026-04-28T21:27:20.519+0000] {dag.py:3096} INFO - Sync 1 DAGs
[2026-04-28T21:27:20.545+0000] {logging_mixin.py:188} INFO - [2026-04-28T21:27:20.545+0000] {dag.py:3954} INFO - Setting next_dagrun for example_skip_dag to 2026-04-27 00:00:00+00:00, run_after=2026-04-28 00:00:00+00:00
[2026-04-28T21:27:20.590+0000] {processor.py:183} INFO - Processing /home/airflow/.local/lib/python3.12/site-packages/airflow/example_dags/example_skip_dag.py took 0.112 seconds
[2026-04-28T21:27:51.204+0000] {processor.py:161} INFO - Started process (PID=941) to work on /home/airflow/.local/lib/python3.12/site-packages/airflow/example_dags/example_skip_dag.py
[2026-04-28T21:27:51.205+0000] {processor.py:830} INFO - Processing file /home/airflow/.local/lib/python3.12/site-packages/airflow/example_dags/example_skip_dag.py for tasks to queue
[2026-04-28T21:27:51.207+0000] {logging_mixin.py:188} INFO - [2026-04-28T21:27:51.207+0000] {dagbag.py:540} INFO - Filling up the DagBag from /home/airflow/.local/lib/python3.12/site-packages/airflow/example_dags/example_skip_dag.py
[2026-04-28T21:27:51.214+0000] {processor.py:840} INFO - DAG(s) 'example_skip_dag' retrieved from /home/airflow/.local/lib/python3.12/site-packages/airflow/example_dags/example_skip_dag.py
[2026-04-28T21:27:51.238+0000] {logging_mixin.py:188} INFO - [2026-04-28T21:27:51.238+0000] {dag.py:3096} INFO - Sync 1 DAGs
[2026-04-28T21:27:51.266+0000] {logging_mixin.py:188} INFO - [2026-04-28T21:27:51.265+0000] {dag.py:3954} INFO - Setting next_dagrun for example_skip_dag to 2026-04-27 00:00:00+00:00, run_after=2026-04-28 00:00:00+00:00
[2026-04-28T21:27:51.307+0000] {processor.py:183} INFO - Processing /home/airflow/.local/lib/python3.12/site-packages/airflow/example_dags/example_skip_dag.py took 0.111 seconds
[2026-04-28T21:28:21.944+0000] {processor.py:161} INFO - Started process (PID=1001) to work on /home/airflow/.local/lib/python3.12/site-packages/airflow/example_dags/example_skip_dag.py
[2026-04-28T21:28:21.949+0000] {processor.py:830} INFO - Processing file /home/airflow/.local/lib/python3.12/site-packages/airflow/example_dags/example_skip_dag.py for tasks to queue
[2026-04-28T21:28:21.951+0000] {logging_mixin.py:188} INFO - [2026-04-28T21:28:21.950+0000] {dagbag.py:540} INFO - Filling up the DagBag from /home/airflow/.local/lib/python3.12/site-packages/airflow/example_dags/example_skip_dag.py
[2026-04-28T21:28:21.966+0000] {processor.py:840} INFO - DAG(s) 'example_skip_dag' retrieved from /home/airflow/.local/lib/python3.12/site-packages/airflow/example_dags/example_skip_dag.py
[2026-04-28T21:28:21.991+0000] {logging_mixin.py:188} INFO - [2026-04-28T21:28:21.991+0000] {dag.py:3096} INFO - Sync 1 DAGs
[2026-04-28T21:28:22.025+0000] {logging_mixin.py:188} INFO - [2026-04-28T21:28:22.024+0000] {dag.py:3954} INFO - Setting next_dagrun for example_skip_dag to 2026-04-27 00:00:00+00:00, run_after=2026-04-28 00:00:00+00:00
[2026-04-28T21:28:22.379+0000] {processor.py:183} INFO - Processing /home/airflow/.local/lib/python3.12/site-packages/airflow/example_dags/example_skip_dag.py took 0.441 seconds
[2026-04-28T21:28:52.549+0000] {processor.py:161} INFO - Started process (PID=1061) to work on /home/airflow/.local/lib/python3.12/site-packages/airflow/example_dags/example_skip_dag.py
[2026-04-28T21:28:52.552+0000] {processor.py:830} INFO - Processing file /home/airflow/.local/lib/python3.12/site-packages/airflow/example_dags/example_skip_dag.py for tasks to queue
[2026-04-28T21:28:52.554+0000] {logging_mixin.py:188} INFO - [2026-04-28T21:28:52.554+0000] {dagbag.py:540} INFO - Filling up the DagBag from /home/airflow/.local/lib/python3.12/site-packages/airflow/example_dags/example_skip_dag.py
[2026-04-28T21:28:52.563+0000] {processor.py:840} INFO - DAG(s) 'example_skip_dag' retrieved from /home/airflow/.local/lib/python3.12/site-packages/airflow/example_dags/example_skip_dag.py
[2026-04-28T21:28:52.590+0000] {logging_mixin.py:188} INFO - [2026-04-28T21:28:52.589+0000] {dag.py:3096} INFO - Sync 1 DAGs
[2026-04-28T21:28:52.616+0000] {logging_mixin.py:188} INFO - [2026-04-28T21:28:52.616+0000] {dag.py:3954} INFO - Setting next_dagrun for example_skip_dag to 2026-04-27 00:00:00+00:00, run_after=2026-04-28 00:00:00+00:00
[2026-04-28T21:28:52.635+0000] {processor.py:183} INFO - Processing /home/airflow/.local/lib/python3.12/site-packages/airflow/example_dags/example_skip_dag.py took 0.093 seconds
[2026-04-28T21:29:24.117+0000] {processor.py:161} INFO - Started process (PID=1121) to work on /home/airflow/.local/lib/python3.12/site-packages/airflow/example_dags/example_skip_dag.py
[2026-04-28T21:29:24.123+0000] {processor.py:830} INFO - Processing file /home/airflow/.local/lib/python3.12/site-packages/airflow/example_dags/example_skip_dag.py for tasks to queue
[2026-04-28T21:29:24.126+0000] {logging_mixin.py:188} INFO - [2026-04-28T21:29:24.125+0000] {dagbag.py:540} INFO - Filling up the DagBag from /home/airflow/.local/lib/python3.12/site-packages/airflow/example_dags/example_skip_dag.py
[2026-04-28T21:29:24.134+0000] {processor.py:840} INFO - DAG(s) 'example_skip_dag' retrieved from /home/airflow/.local/lib/python3.12/site-packages/airflow/example_dags/example_skip_dag.py
[2026-04-28T21:29:24.175+0000] {logging_mixin.py:188} INFO - [2026-04-28T21:29:24.175+0000] {dag.py:3096} INFO - Sync 1 DAGs
[2026-04-28T21:29:24.208+0000] {logging_mixin.py:188} INFO - [2026-04-28T21:29:24.208+0000] {dag.py:3954} INFO - Setting next_dagrun for example_skip_dag to 2026-04-27 00:00:00+00:00, run_after=2026-04-28 00:00:00+00:00
[2026-04-28T21:29:24.266+0000] {processor.py:183} INFO - Processing /home/airflow/.local/lib/python3.12/site-packages/airflow/example_dags/example_skip_dag.py took 0.161 seconds
[2026-04-28T21:29:56.086+0000] {processor.py:161} INFO - Started process (PID=1186) to work on /home/airflow/.local/lib/python3.12/site-packages/airflow/example_dags/example_skip_dag.py
[2026-04-28T21:29:56.135+0000] {processor.py:830} INFO - Processing file /home/airflow/.local/lib/python3.12/site-packages/airflow/example_dags/example_skip_dag.py for tasks to queue
[2026-04-28T21:29:56.142+0000] {logging_mixin.py:188} INFO - [2026-04-28T21:29:56.142+0000] {dagbag.py:540} INFO - Filling up the DagBag from /home/airflow/.local/lib/python3.12/site-packages/airflow/example_dags/example_skip_dag.py
[2026-04-28T21:29:56.169+0000] {processor.py:840} INFO - DAG(s) 'example_skip_dag' retrieved from /home/airflow/.local/lib/python3.12/site-packages/airflow/example_dags/example_skip_dag.py
[2026-04-28T21:29:56.262+0000] {logging_mixin.py:188} INFO - [2026-04-28T21:29:56.261+0000] {dag.py:3096} INFO - Sync 1 DAGs
[2026-04-28T21:29:56.316+0000] {logging_mixin.py:188} INFO - [2026-04-28T21:29:56.315+0000] {dag.py:3954} INFO - Setting next_dagrun for example_skip_dag to 2026-04-27 00:00:00+00:00, run_after=2026-04-28 00:00:00+00:00
[2026-04-28T21:29:56.372+0000] {processor.py:183} INFO - Processing /home/airflow/.local/lib/python3.12/site-packages/airflow/example_dags/example_skip_dag.py took 0.401 seconds
[2026-04-28T21:30:27.678+0000] {processor.py:161} INFO - Started process (PID=1245) to work on /home/airflow/.local/lib/python3.12/site-packages/airflow/example_dags/example_skip_dag.py
[2026-04-28T21:30:27.679+0000] {processor.py:830} INFO - Processing file /home/airflow/.local/lib/python3.12/site-packages/airflow/example_dags/example_skip_dag.py for tasks to queue
[2026-04-28T21:30:27.681+0000] {logging_mixin.py:188} INFO - [2026-04-28T21:30:27.680+0000] {dagbag.py:540} INFO - Filling up the DagBag from /home/airflow/.local/lib/python3.12/site-packages/airflow/example_dags/example_skip_dag.py
[2026-04-28T21:30:27.687+0000] {processor.py:840} INFO - DAG(s) 'example_skip_dag' retrieved from /home/airflow/.local/lib/python3.12/site-packages/airflow/example_dags/example_skip_dag.py
[2026-04-28T21:30:27.839+0000] {logging_mixin.py:188} INFO - [2026-04-28T21:30:27.838+0000] {dag.py:3096} INFO - Sync 1 DAGs
[2026-04-28T21:30:27.855+0000] {logging_mixin.py:188} INFO - [2026-04-28T21:30:27.855+0000] {dag.py:3954} INFO - Setting next_dagrun for example_skip_dag to 2026-04-27 00:00:00+00:00, run_after=2026-04-28 00:00:00+00:00
[2026-04-28T21:30:27.874+0000] {processor.py:183} INFO - Processing /home/airflow/.local/lib/python3.12/site-packages/airflow/example_dags/example_skip_dag.py took 0.201 seconds
[2026-04-28T21:30:58.734+0000] {processor.py:161} INFO - Started process (PID=1304) to work on /home/airflow/.local/lib/python3.12/site-packages/airflow/example_dags/example_skip_dag.py
[2026-04-28T21:30:58.737+0000] {processor.py:830} INFO - Processing file /home/airflow/.local/lib/python3.12/site-packages/airflow/example_dags/example_skip_dag.py for tasks to queue
[2026-04-28T21:30:58.739+0000] {logging_mixin.py:188} INFO - [2026-04-28T21:30:58.739+0000] {dagbag.py:540} INFO - Filling up the DagBag from /home/airflow/.local/lib/python3.12/site-packages/airflow/example_dags/example_skip_dag.py
[2026-04-28T21:30:58.747+0000] {processor.py:840} INFO - DAG(s) 'example_skip_dag' retrieved from /home/airflow/.local/lib/python3.12/site-packages/airflow/example_dags/example_skip_dag.py
[2026-04-28T21:30:58.772+0000] {logging_mixin.py:188} INFO - [2026-04-28T21:30:58.772+0000] {dag.py:3096} INFO - Sync 1 DAGs
[2026-04-28T21:30:58.812+0000] {logging_mixin.py:188} INFO - [2026-04-28T21:30:58.812+0000] {dag.py:3954} INFO - Setting next_dagrun for example_skip_dag to 2026-04-27 00:00:00+00:00, run_after=2026-04-28 00:00:00+00:00
[2026-04-28T21:30:58.831+0000] {processor.py:183} INFO - Processing /home/airflow/.local/lib/python3.12/site-packages/airflow/example_dags/example_skip_dag.py took 0.104 seconds
[2026-04-28T21:31:29.613+0000] {processor.py:161} INFO - Started process (PID=1362) to work on /home/airflow/.local/lib/python3.12/site-packages/airflow/example_dags/example_skip_dag.py
[2026-04-28T21:31:29.615+0000] {processor.py:830} INFO - Processing file /home/airflow/.local/lib/python3.12/site-packages/airflow/example_dags/example_skip_dag.py for tasks to queue
[2026-04-28T21:31:29.617+0000] {logging_mixin.py:188} INFO - [2026-04-28T21:31:29.617+0000] {dagbag.py:540} INFO - Filling up the DagBag from /home/airflow/.local/lib/python3.12/site-packages/airflow/example_dags/example_skip_dag.py
[2026-04-28T21:31:29.627+0000] {processor.py:840} INFO - DAG(s) 'example_skip_dag' retrieved from /home/airflow/.local/lib/python3.12/site-packages/airflow/example_dags/example_skip_dag.py
[2026-04-28T21:31:29.652+0000] {logging_mixin.py:188} INFO - [2026-04-28T21:31:29.652+0000] {dag.py:3096} INFO - Sync 1 DAGs
[2026-04-28T21:31:29.679+0000] {logging_mixin.py:188} INFO - [2026-04-28T21:31:29.678+0000] {dag.py:3954} INFO - Setting next_dagrun for example_skip_dag to 2026-04-27 00:00:00+00:00, run_after=2026-04-28 00:00:00+00:00
[2026-04-28T21:31:29.720+0000] {processor.py:183} INFO - Processing /home/airflow/.local/lib/python3.12/site-packages/airflow/example_dags/example_skip_dag.py took 0.113 seconds
[2026-04-28T21:32:00.677+0000] {processor.py:161} INFO - Started process (PID=1422) to work on /home/airflow/.local/lib/python3.12/site-packages/airflow/example_dags/example_skip_dag.py
[2026-04-28T21:32:00.696+0000] {processor.py:830} INFO - Processing file /home/airflow/.local/lib/python3.12/site-packages/airflow/example_dags/example_skip_dag.py for tasks to queue
[2026-04-28T21:32:00.699+0000] {logging_mixin.py:188} INFO - [2026-04-28T21:32:00.699+0000] {dagbag.py:540} INFO - Filling up the DagBag from /home/airflow/.local/lib/python3.12/site-packages/airflow/example_dags/example_skip_dag.py
[2026-04-28T21:32:00.708+0000] {processor.py:840} INFO - DAG(s) 'example_skip_dag' retrieved from /home/airflow/.local/lib/python3.12/site-packages/airflow/example_dags/example_skip_dag.py
[2026-04-28T21:32:00.757+0000] {logging_mixin.py:188} INFO - [2026-04-28T21:32:00.757+0000] {dag.py:3096} INFO - Sync 1 DAGs
[2026-04-28T21:32:00.801+0000] {logging_mixin.py:188} INFO - [2026-04-28T21:32:00.799+0000] {dag.py:3954} INFO - Setting next_dagrun for example_skip_dag to 2026-04-27 00:00:00+00:00, run_after=2026-04-28 00:00:00+00:00
[2026-04-28T21:32:00.826+0000] {processor.py:183} INFO - Processing /home/airflow/.local/lib/python3.12/site-packages/airflow/example_dags/example_skip_dag.py took 0.215 seconds
[2026-04-28T21:32:30.972+0000] {processor.py:161} INFO - Started process (PID=1481) to work on /home/airflow/.local/lib/python3.12/site-packages/airflow/example_dags/example_skip_dag.py
[2026-04-28T21:32:30.986+0000] {processor.py:830} INFO - Processing file /home/airflow/.local/lib/python3.12/site-packages/airflow/example_dags/example_skip_dag.py for tasks to queue
[2026-04-28T21:32:30.998+0000] {logging_mixin.py:188} INFO - [2026-04-28T21:32:30.998+0000] {dagbag.py:540} INFO - Filling up the DagBag from /home/airflow/.local/lib/python3.12/site-packages/airflow/example_dags/example_skip_dag.py
[2026-04-28T21:32:31.051+0000] {processor.py:840} INFO - DAG(s) 'example_skip_dag' retrieved from /home/airflow/.local/lib/python3.12/site-packages/airflow/example_dags/example_skip_dag.py
[2026-04-28T21:32:31.200+0000] {logging_mixin.py:188} INFO - [2026-04-28T21:32:31.200+0000] {dag.py:3096} INFO - Sync 1 DAGs
[2026-04-28T21:32:31.382+0000] {logging_mixin.py:188} INFO - [2026-04-28T21:32:31.382+0000] {dag.py:3954} INFO - Setting next_dagrun for example_skip_dag to 2026-04-27 00:00:00+00:00, run_after=2026-04-28 00:00:00+00:00
[2026-04-28T21:32:31.523+0000] {processor.py:183} INFO - Processing /home/airflow/.local/lib/python3.12/site-packages/airflow/example_dags/example_skip_dag.py took 0.562 seconds
[2026-04-28T21:33:01.972+0000] {processor.py:161} INFO - Started process (PID=1540) to work on /home/airflow/.local/lib/python3.12/site-packages/airflow/example_dags/example_skip_dag.py
[2026-04-28T21:33:01.985+0000] {processor.py:830} INFO - Processing file /home/airflow/.local/lib/python3.12/site-packages/airflow/example_dags/example_skip_dag.py for tasks to queue
[2026-04-28T21:33:01.995+0000] {logging_mixin.py:188} INFO - [2026-04-28T21:33:01.992+0000] {dagbag.py:540} INFO - Filling up the DagBag from /home/airflow/.local/lib/python3.12/site-packages/airflow/example_dags/example_skip_dag.py
[2026-04-28T21:33:02.031+0000] {processor.py:840} INFO - DAG(s) 'example_skip_dag' retrieved from /home/airflow/.local/lib/python3.12/site-packages/airflow/example_dags/example_skip_dag.py
[2026-04-28T21:33:02.111+0000] {logging_mixin.py:188} INFO - [2026-04-28T21:33:02.111+0000] {dag.py:3096} INFO - Sync 1 DAGs
[2026-04-28T21:33:02.293+0000] {logging_mixin.py:188} INFO - [2026-04-28T21:33:02.292+0000] {dag.py:3954} INFO - Setting next_dagrun for example_skip_dag to 2026-04-27 00:00:00+00:00, run_after=2026-04-28 00:00:00+00:00
[2026-04-28T21:33:02.370+0000] {processor.py:183} INFO - Processing /home/airflow/.local/lib/python3.12/site-packages/airflow/example_dags/example_skip_dag.py took 0.422 seconds
[2026-04-28T21:33:33.078+0000] {processor.py:161} INFO - Started process (PID=1601) to work on /home/airflow/.local/lib/python3.12/site-packages/airflow/example_dags/example_skip_dag.py
[2026-04-28T21:33:33.079+0000] {processor.py:830} INFO - Processing file /home/airflow/.local/lib/python3.12/site-packages/airflow/example_dags/example_skip_dag.py for tasks to queue
[2026-04-28T21:33:33.082+0000] {logging_mixin.py:188} INFO - [2026-04-28T21:33:33.081+0000] {dagbag.py:540} INFO - Filling up the DagBag from /home/airflow/.local/lib/python3.12/site-packages/airflow/example_dags/example_skip_dag.py
[2026-04-28T21:33:33.090+0000] {processor.py:840} INFO - DAG(s) 'example_skip_dag' retrieved from /home/airflow/.local/lib/python3.12/site-packages/airflow/example_dags/example_skip_dag.py
[2026-04-28T21:33:33.116+0000] {logging_mixin.py:188} INFO - [2026-04-28T21:33:33.116+0000] {dag.py:3096} INFO - Sync 1 DAGs
[2026-04-28T21:33:33.143+0000] {logging_mixin.py:188} INFO - [2026-04-28T21:33:33.143+0000] {dag.py:3954} INFO - Setting next_dagrun for example_skip_dag to 2026-04-27 00:00:00+00:00, run_after=2026-04-28 00:00:00+00:00
[2026-04-28T21:33:33.163+0000] {processor.py:183} INFO - Processing /home/airflow/.local/lib/python3.12/site-packages/airflow/example_dags/example_skip_dag.py took 0.091 seconds
[2026-04-28T21:34:03.983+0000] {processor.py:161} INFO - Started process (PID=1660) to work on /home/airflow/.local/lib/python3.12/site-packages/airflow/example_dags/example_skip_dag.py
[2026-04-28T21:34:03.984+0000] {processor.py:830} INFO - Processing file /home/airflow/.local/lib/python3.12/site-packages/airflow/example_dags/example_skip_dag.py for tasks to queue
[2026-04-28T21:34:03.986+0000] {logging_mixin.py:188} INFO - [2026-04-28T21:34:03.986+0000] {dagbag.py:540} INFO - Filling up the DagBag from /home/airflow/.local/lib/python3.12/site-packages/airflow/example_dags/example_skip_dag.py
[2026-04-28T21:34:03.994+0000] {processor.py:840} INFO - DAG(s) 'example_skip_dag' retrieved from /home/airflow/.local/lib/python3.12/site-packages/airflow/example_dags/example_skip_dag.py
[2026-04-28T21:34:04.021+0000] {logging_mixin.py:188} INFO - [2026-04-28T21:34:04.020+0000] {dag.py:3096} INFO - Sync 1 DAGs
[2026-04-28T21:34:04.047+0000] {logging_mixin.py:188} INFO - [2026-04-28T21:34:04.046+0000] {dag.py:3954} INFO - Setting next_dagrun for example_skip_dag to 2026-04-27 00:00:00+00:00, run_after=2026-04-28 00:00:00+00:00
[2026-04-28T21:34:04.068+0000] {processor.py:183} INFO - Processing /home/airflow/.local/lib/python3.12/site-packages/airflow/example_dags/example_skip_dag.py took 0.092 seconds
[2026-04-28T21:34:36.059+0000] {processor.py:161} INFO - Started process (PID=1720) to work on /home/airflow/.local/lib/python3.12/site-packages/airflow/example_dags/example_skip_dag.py
[2026-04-28T21:34:36.070+0000] {processor.py:830} INFO - Processing file /home/airflow/.local/lib/python3.12/site-packages/airflow/example_dags/example_skip_dag.py for tasks to queue
[2026-04-28T21:34:36.079+0000] {logging_mixin.py:188} INFO - [2026-04-28T21:34:36.079+0000] {dagbag.py:540} INFO - Filling up the DagBag from /home/airflow/.local/lib/python3.12/site-packages/airflow/example_dags/example_skip_dag.py
[2026-04-28T21:34:36.184+0000] {processor.py:840} INFO - DAG(s) 'example_skip_dag' retrieved from /home/airflow/.local/lib/python3.12/site-packages/airflow/example_dags/example_skip_dag.py
[2026-04-28T21:34:36.534+0000] {logging_mixin.py:188} INFO - [2026-04-28T21:34:36.533+0000] {dag.py:3096} INFO - Sync 1 DAGs
[2026-04-28T21:34:37.191+0000] {logging_mixin.py:188} INFO - [2026-04-28T21:34:37.172+0000] {dag.py:3954} INFO - Setting next_dagrun for example_skip_dag to 2026-04-27 00:00:00+00:00, run_after=2026-04-28 00:00:00+00:00
[2026-04-28T21:34:37.578+0000] {processor.py:183} INFO - Processing /home/airflow/.local/lib/python3.12/site-packages/airflow/example_dags/example_skip_dag.py took 1.580 seconds
[2026-04-28T21:35:08.647+0000] {processor.py:161} INFO - Started process (PID=1781) to work on /home/airflow/.local/lib/python3.12/site-packages/airflow/example_dags/example_skip_dag.py
[2026-04-28T21:35:08.649+0000] {processor.py:830} INFO - Processing file /home/airflow/.local/lib/python3.12/site-packages/airflow/example_dags/example_skip_dag.py for tasks to queue
[2026-04-28T21:35:08.653+0000] {logging_mixin.py:188} INFO - [2026-04-28T21:35:08.652+0000] {dagbag.py:540} INFO - Filling up the DagBag from /home/airflow/.local/lib/python3.12/site-packages/airflow/example_dags/example_skip_dag.py
[2026-04-28T21:35:08.672+0000] {processor.py:840} INFO - DAG(s) 'example_skip_dag' retrieved from /home/airflow/.local/lib/python3.12/site-packages/airflow/example_dags/example_skip_dag.py
[2026-04-28T21:35:08.717+0000] {logging_mixin.py:188} INFO - [2026-04-28T21:35:08.717+0000] {dag.py:3096} INFO - Sync 1 DAGs
[2026-04-28T21:35:08.780+0000] {logging_mixin.py:188} INFO - [2026-04-28T21:35:08.780+0000] {dag.py:3954} INFO - Setting next_dagrun for example_skip_dag to 2026-04-27 00:00:00+00:00, run_after=2026-04-28 00:00:00+00:00
[2026-04-28T21:35:08.836+0000] {processor.py:183} INFO - Processing /home/airflow/.local/lib/python3.12/site-packages/airflow/example_dags/example_skip_dag.py took 0.196 seconds
[2026-04-28T21:35:38.968+0000] {processor.py:161} INFO - Started process (PID=1841) to work on /home/airflow/.local/lib/python3.12/site-packages/airflow/example_dags/example_skip_dag.py
[2026-04-28T21:35:38.970+0000] {processor.py:830} INFO - Processing file /home/airflow/.local/lib/python3.12/site-packages/airflow/example_dags/example_skip_dag.py for tasks to queue
[2026-04-28T21:35:38.973+0000] {logging_mixin.py:188} INFO - [2026-04-28T21:35:38.972+0000] {dagbag.py:540} INFO - Filling up the DagBag from /home/airflow/.local/lib/python3.12/site-packages/airflow/example_dags/example_skip_dag.py
[2026-04-28T21:35:38.981+0000] {processor.py:840} INFO - DAG(s) 'example_skip_dag' retrieved from /home/airflow/.local/lib/python3.12/site-packages/airflow/example_dags/example_skip_dag.py
[2026-04-28T21:35:39.032+0000] {logging_mixin.py:188} INFO - [2026-04-28T21:35:39.032+0000] {dag.py:3096} INFO - Sync 1 DAGs
[2026-04-28T21:35:39.073+0000] {logging_mixin.py:188} INFO - [2026-04-28T21:35:39.073+0000] {dag.py:3954} INFO - Setting next_dagrun for example_skip_dag to 2026-04-27 00:00:00+00:00, run_after=2026-04-28 00:00:00+00:00
[2026-04-28T21:35:39.108+0000] {processor.py:183} INFO - Processing /home/airflow/.local/lib/python3.12/site-packages/airflow/example_dags/example_skip_dag.py took 0.148 seconds
[2026-04-28T21:36:09.549+0000] {processor.py:161} INFO - Started process (PID=1901) to work on /home/airflow/.local/lib/python3.12/site-packages/airflow/example_dags/example_skip_dag.py
[2026-04-28T21:36:09.559+0000] {processor.py:830} INFO - Processing file /home/airflow/.local/lib/python3.12/site-packages/airflow/example_dags/example_skip_dag.py for tasks to queue
[2026-04-28T21:36:09.575+0000] {logging_mixin.py:188} INFO - [2026-04-28T21:36:09.575+0000] {dagbag.py:540} INFO - Filling up the DagBag from /home/airflow/.local/lib/python3.12/site-packages/airflow/example_dags/example_skip_dag.py
[2026-04-28T21:36:09.689+0000] {processor.py:840} INFO - DAG(s) 'example_skip_dag' retrieved from /home/airflow/.local/lib/python3.12/site-packages/airflow/example_dags/example_skip_dag.py
[2026-04-28T21:36:09.894+0000] {logging_mixin.py:188} INFO - [2026-04-28T21:36:09.890+0000] {dag.py:3096} INFO - Sync 1 DAGs
[2026-04-28T21:36:10.202+0000] {logging_mixin.py:188} INFO - [2026-04-28T21:36:10.201+0000] {dag.py:3954} INFO - Setting next_dagrun for example_skip_dag to 2026-04-27 00:00:00+00:00, run_after=2026-04-28 00:00:00+00:00
[2026-04-28T21:36:10.571+0000] {processor.py:183} INFO - Processing /home/airflow/.local/lib/python3.12/site-packages/airflow/example_dags/example_skip_dag.py took 1.101 seconds
[2026-04-28T21:36:41.391+0000] {processor.py:161} INFO - Started process (PID=1961) to work on /home/airflow/.local/lib/python3.12/site-packages/airflow/example_dags/example_skip_dag.py
[2026-04-28T21:36:41.393+0000] {processor.py:830} INFO - Processing file /home/airflow/.local/lib/python3.12/site-packages/airflow/example_dags/example_skip_dag.py for tasks to queue
[2026-04-28T21:36:41.397+0000] {logging_mixin.py:188} INFO - [2026-04-28T21:36:41.396+0000] {dagbag.py:540} INFO - Filling up the DagBag from /home/airflow/.local/lib/python3.12/site-packages/airflow/example_dags/example_skip_dag.py
[2026-04-28T21:36:41.405+0000] {processor.py:840} INFO - DAG(s) 'example_skip_dag' retrieved from /home/airflow/.local/lib/python3.12/site-packages/airflow/example_dags/example_skip_dag.py
[2026-04-28T21:36:41.444+0000] {logging_mixin.py:188} INFO - [2026-04-28T21:36:41.443+0000] {dag.py:3096} INFO - Sync 1 DAGs
[2026-04-28T21:36:41.515+0000] {logging_mixin.py:188} INFO - [2026-04-28T21:36:41.515+0000] {dag.py:3954} INFO - Setting next_dagrun for example_skip_dag to 2026-04-27 00:00:00+00:00, run_after=2026-04-28 00:00:00+00:00
[2026-04-28T21:36:41.617+0000] {processor.py:183} INFO - Processing /home/airflow/.local/lib/python3.12/site-packages/airflow/example_dags/example_skip_dag.py took 0.233 seconds
[2026-04-28T21:37:12.220+0000] {processor.py:161} INFO - Started process (PID=2020) to work on /home/airflow/.local/lib/python3.12/site-packages/airflow/example_dags/example_skip_dag.py
[2026-04-28T21:37:12.223+0000] {processor.py:830} INFO - Processing file /home/airflow/.local/lib/python3.12/site-packages/airflow/example_dags/example_skip_dag.py for tasks to queue
[2026-04-28T21:37:12.226+0000] {logging_mixin.py:188} INFO - [2026-04-28T21:37:12.226+0000] {dagbag.py:540} INFO - Filling up the DagBag from /home/airflow/.local/lib/python3.12/site-packages/airflow/example_dags/example_skip_dag.py
[2026-04-28T21:37:12.234+0000] {processor.py:840} INFO - DAG(s) 'example_skip_dag' retrieved from /home/airflow/.local/lib/python3.12/site-packages/airflow/example_dags/example_skip_dag.py
[2026-04-28T21:37:12.268+0000] {logging_mixin.py:188} INFO - [2026-04-28T21:37:12.268+0000] {dag.py:3096} INFO - Sync 1 DAGs
[2026-04-28T21:37:12.296+0000] {logging_mixin.py:188} INFO - [2026-04-28T21:37:12.296+0000] {dag.py:3954} INFO - Setting next_dagrun for example_skip_dag to 2026-04-27 00:00:00+00:00, run_after=2026-04-28 00:00:00+00:00
[2026-04-28T21:37:12.318+0000] {processor.py:183} INFO - Processing /home/airflow/.local/lib/python3.12/site-packages/airflow/example_dags/example_skip_dag.py took 0.104 seconds
[2026-04-28T21:37:43.226+0000] {processor.py:161} INFO - Started process (PID=2080) to work on /home/airflow/.local/lib/python3.12/site-packages/airflow/example_dags/example_skip_dag.py
[2026-04-28T21:37:43.228+0000] {processor.py:830} INFO - Processing file /home/airflow/.local/lib/python3.12/site-packages/airflow/example_dags/example_skip_dag.py for tasks to queue
[2026-04-28T21:37:43.231+0000] {logging_mixin.py:188} INFO - [2026-04-28T21:37:43.231+0000] {dagbag.py:540} INFO - Filling up the DagBag from /home/airflow/.local/lib/python3.12/site-packages/airflow/example_dags/example_skip_dag.py
[2026-04-28T21:37:43.239+0000] {processor.py:840} INFO - DAG(s) 'example_skip_dag' retrieved from /home/airflow/.local/lib/python3.12/site-packages/airflow/example_dags/example_skip_dag.py
[2026-04-28T21:37:43.265+0000] {logging_mixin.py:188} INFO - [2026-04-28T21:37:43.265+0000] {dag.py:3096} INFO - Sync 1 DAGs
[2026-04-28T21:37:43.294+0000] {logging_mixin.py:188} INFO - [2026-04-28T21:37:43.294+0000] {dag.py:3954} INFO - Setting next_dagrun for example_skip_dag to 2026-04-27 00:00:00+00:00, run_after=2026-04-28 00:00:00+00:00
[2026-04-28T21:37:43.316+0000] {processor.py:183} INFO - Processing /home/airflow/.local/lib/python3.12/site-packages/airflow/example_dags/example_skip_dag.py took 0.097 seconds
[2026-04-28T21:38:13.799+0000] {processor.py:161} INFO - Started process (PID=2139) to work on /home/airflow/.local/lib/python3.12/site-packages/airflow/example_dags/example_skip_dag.py
[2026-04-28T21:38:13.817+0000] {processor.py:830} INFO - Processing file /home/airflow/.local/lib/python3.12/site-packages/airflow/example_dags/example_skip_dag.py for tasks to queue
[2026-04-28T21:38:13.824+0000] {logging_mixin.py:188} INFO - [2026-04-28T21:38:13.824+0000] {dagbag.py:540} INFO - Filling up the DagBag from /home/airflow/.local/lib/python3.12/site-packages/airflow/example_dags/example_skip_dag.py
[2026-04-28T21:38:13.833+0000] {processor.py:840} INFO - DAG(s) 'example_skip_dag' retrieved from /home/airflow/.local/lib/python3.12/site-packages/airflow/example_dags/example_skip_dag.py
[2026-04-28T21:38:13.923+0000] {logging_mixin.py:188} INFO - [2026-04-28T21:38:13.922+0000] {dag.py:3096} INFO - Sync 1 DAGs
[2026-04-28T21:38:13.980+0000] {logging_mixin.py:188} INFO - [2026-04-28T21:38:13.980+0000] {dag.py:3954} INFO - Setting next_dagrun for example_skip_dag to 2026-04-27 00:00:00+00:00, run_after=2026-04-28 00:00:00+00:00
[2026-04-28T21:38:14.045+0000] {processor.py:183} INFO - Processing /home/airflow/.local/lib/python3.12/site-packages/airflow/example_dags/example_skip_dag.py took 0.296 seconds
[2026-04-28T21:38:44.610+0000] {processor.py:161} INFO - Started process (PID=2199) to work on /home/airflow/.local/lib/python3.12/site-packages/airflow/example_dags/example_skip_dag.py
[2026-04-28T21:38:44.611+0000] {processor.py:830} INFO - Processing file /home/airflow/.local/lib/python3.12/site-packages/airflow/example_dags/example_skip_dag.py for tasks to queue
[2026-04-28T21:38:44.615+0000] {logging_mixin.py:188} INFO - [2026-04-28T21:38:44.614+0000] {dagbag.py:540} INFO - Filling up the DagBag from /home/airflow/.local/lib/python3.12/site-packages/airflow/example_dags/example_skip_dag.py
[2026-04-28T21:38:44.622+0000] {processor.py:840} INFO - DAG(s) 'example_skip_dag' retrieved from /home/airflow/.local/lib/python3.12/site-packages/airflow/example_dags/example_skip_dag.py
[2026-04-28T21:38:44.648+0000] {logging_mixin.py:188} INFO - [2026-04-28T21:38:44.648+0000] {dag.py:3096} INFO - Sync 1 DAGs
[2026-04-28T21:38:44.674+0000] {logging_mixin.py:188} INFO - [2026-04-28T21:38:44.674+0000] {dag.py:3954} INFO - Setting next_dagrun for example_skip_dag to 2026-04-27 00:00:00+00:00, run_after=2026-04-28 00:00:00+00:00
[2026-04-28T21:38:44.695+0000] {processor.py:183} INFO - Processing /home/airflow/.local/lib/python3.12/site-packages/airflow/example_dags/example_skip_dag.py took 0.092 seconds
[2026-04-28T21:39:14.881+0000] {processor.py:161} INFO - Started process (PID=2258) to work on /home/airflow/.local/lib/python3.12/site-packages/airflow/example_dags/example_skip_dag.py
[2026-04-28T21:39:14.883+0000] {processor.py:830} INFO - Processing file /home/airflow/.local/lib/python3.12/site-packages/airflow/example_dags/example_skip_dag.py for tasks to queue
[2026-04-28T21:39:14.889+0000] {logging_mixin.py:188} INFO - [2026-04-28T21:39:14.889+0000] {dagbag.py:540} INFO - Filling up the DagBag from /home/airflow/.local/lib/python3.12/site-packages/airflow/example_dags/example_skip_dag.py
[2026-04-28T21:39:14.908+0000] {processor.py:840} INFO - DAG(s) 'example_skip_dag' retrieved from /home/airflow/.local/lib/python3.12/site-packages/airflow/example_dags/example_skip_dag.py
[2026-04-28T21:39:14.995+0000] {logging_mixin.py:188} INFO - [2026-04-28T21:39:14.995+0000] {dag.py:3096} INFO - Sync 1 DAGs
[2026-04-28T21:39:15.059+0000] {logging_mixin.py:188} INFO - [2026-04-28T21:39:15.058+0000] {dag.py:3954} INFO - Setting next_dagrun for example_skip_dag to 2026-04-27 00:00:00+00:00, run_after=2026-04-28 00:00:00+00:00
[2026-04-28T21:39:15.100+0000] {processor.py:183} INFO - Processing /home/airflow/.local/lib/python3.12/site-packages/airflow/example_dags/example_skip_dag.py took 0.229 seconds
[2026-04-28T21:39:45.244+0000] {processor.py:161} INFO - Started process (PID=2318) to work on /home/airflow/.local/lib/python3.12/site-packages/airflow/example_dags/example_skip_dag.py
[2026-04-28T21:39:45.246+0000] {processor.py:830} INFO - Processing file /home/airflow/.local/lib/python3.12/site-packages/airflow/example_dags/example_skip_dag.py for tasks to queue
[2026-04-28T21:39:45.249+0000] {logging_mixin.py:188} INFO - [2026-04-28T21:39:45.249+0000] {dagbag.py:540} INFO - Filling up the DagBag from /home/airflow/.local/lib/python3.12/site-packages/airflow/example_dags/example_skip_dag.py
[2026-04-28T21:39:45.257+0000] {processor.py:840} INFO - DAG(s) 'example_skip_dag' retrieved from /home/airflow/.local/lib/python3.12/site-packages/airflow/example_dags/example_skip_dag.py
[2026-04-28T21:39:45.283+0000] {logging_mixin.py:188} INFO - [2026-04-28T21:39:45.283+0000] {dag.py:3096} INFO - Sync 1 DAGs
[2026-04-28T21:39:45.320+0000] {logging_mixin.py:188} INFO - [2026-04-28T21:39:45.320+0000] {dag.py:3954} INFO - Setting next_dagrun for example_skip_dag to 2026-04-27 00:00:00+00:00, run_after=2026-04-28 00:00:00+00:00
[2026-04-28T21:39:45.341+0000] {processor.py:183} INFO - Processing /home/airflow/.local/lib/python3.12/site-packages/airflow/example_dags/example_skip_dag.py took 0.103 seconds
[2026-04-28T21:43:30.425+0000] {processor.py:161} INFO - Started process (PID=103) to work on /home/airflow/.local/lib/python3.12/site-packages/airflow/example_dags/example_skip_dag.py
[2026-04-28T21:43:30.428+0000] {processor.py:830} INFO - Processing file /home/airflow/.local/lib/python3.12/site-packages/airflow/example_dags/example_skip_dag.py for tasks to queue
[2026-04-28T21:43:30.430+0000] {logging_mixin.py:188} INFO - [2026-04-28T21:43:30.430+0000] {dagbag.py:540} INFO - Filling up the DagBag from /home/airflow/.local/lib/python3.12/site-packages/airflow/example_dags/example_skip_dag.py
[2026-04-28T21:43:30.448+0000] {processor.py:840} INFO - DAG(s) 'example_skip_dag' retrieved from /home/airflow/.local/lib/python3.12/site-packages/airflow/example_dags/example_skip_dag.py
[2026-04-28T21:43:30.674+0000] {logging_mixin.py:188} INFO - [2026-04-28T21:43:30.673+0000] {override.py:1829} INFO - Created Permission View: can delete on DAG:example_skip_dag
[2026-04-28T21:43:30.698+0000] {logging_mixin.py:188} INFO - [2026-04-28T21:43:30.698+0000] {override.py:1829} INFO - Created Permission View: can edit on DAG:example_skip_dag
[2026-04-28T21:43:30.712+0000] {logging_mixin.py:188} INFO - [2026-04-28T21:43:30.712+0000] {override.py:1829} INFO - Created Permission View: can read on DAG:example_skip_dag
[2026-04-28T21:43:30.715+0000] {logging_mixin.py:188} INFO - [2026-04-28T21:43:30.715+0000] {dag.py:3096} INFO - Sync 1 DAGs
[2026-04-28T21:43:30.746+0000] {logging_mixin.py:188} INFO - [2026-04-28T21:43:30.745+0000] {dag.py:3118} INFO - Creating ORM DAG for example_skip_dag
[2026-04-28T21:43:30.780+0000] {logging_mixin.py:188} INFO - [2026-04-28T21:43:30.780+0000] {dag.py:3954} INFO - Setting next_dagrun for example_skip_dag to 2026-04-27 00:00:00+00:00, run_after=2026-04-28 00:00:00+00:00
[2026-04-28T21:43:30.842+0000] {processor.py:183} INFO - Processing /home/airflow/.local/lib/python3.12/site-packages/airflow/example_dags/example_skip_dag.py took 0.434 seconds
[2026-04-28T21:44:01.885+0000] {processor.py:161} INFO - Started process (PID=163) to work on /home/airflow/.local/lib/python3.12/site-packages/airflow/example_dags/example_skip_dag.py
[2026-04-28T21:44:01.887+0000] {processor.py:830} INFO - Processing file /home/airflow/.local/lib/python3.12/site-packages/airflow/example_dags/example_skip_dag.py for tasks to queue
[2026-04-28T21:44:01.892+0000] {logging_mixin.py:188} INFO - [2026-04-28T21:44:01.892+0000] {dagbag.py:540} INFO - Filling up the DagBag from /home/airflow/.local/lib/python3.12/site-packages/airflow/example_dags/example_skip_dag.py
[2026-04-28T21:44:01.912+0000] {processor.py:840} INFO - DAG(s) 'example_skip_dag' retrieved from /home/airflow/.local/lib/python3.12/site-packages/airflow/example_dags/example_skip_dag.py
[2026-04-28T21:44:01.968+0000] {logging_mixin.py:188} INFO - [2026-04-28T21:44:01.967+0000] {dag.py:3096} INFO - Sync 1 DAGs
[2026-04-28T21:44:01.993+0000] {logging_mixin.py:188} INFO - [2026-04-28T21:44:01.993+0000] {dag.py:3954} INFO - Setting next_dagrun for example_skip_dag to 2026-04-27 00:00:00+00:00, run_after=2026-04-28 00:00:00+00:00
[2026-04-28T21:44:02.039+0000] {processor.py:183} INFO - Processing /home/airflow/.local/lib/python3.12/site-packages/airflow/example_dags/example_skip_dag.py took 0.169 seconds
[2026-04-28T21:44:32.983+0000] {processor.py:161} INFO - Started process (PID=222) to work on /home/airflow/.local/lib/python3.12/site-packages/airflow/example_dags/example_skip_dag.py
[2026-04-28T21:44:32.985+0000] {processor.py:830} INFO - Processing file /home/airflow/.local/lib/python3.12/site-packages/airflow/example_dags/example_skip_dag.py for tasks to queue
[2026-04-28T21:44:32.990+0000] {logging_mixin.py:188} INFO - [2026-04-28T21:44:32.989+0000] {dagbag.py:540} INFO - Filling up the DagBag from /home/airflow/.local/lib/python3.12/site-packages/airflow/example_dags/example_skip_dag.py
[2026-04-28T21:44:32.999+0000] {processor.py:840} INFO - DAG(s) 'example_skip_dag' retrieved from /home/airflow/.local/lib/python3.12/site-packages/airflow/example_dags/example_skip_dag.py
[2026-04-28T21:44:33.034+0000] {logging_mixin.py:188} INFO - [2026-04-28T21:44:33.033+0000] {dag.py:3096} INFO - Sync 1 DAGs
[2026-04-28T21:44:33.092+0000] {logging_mixin.py:188} INFO - [2026-04-28T21:44:33.091+0000] {dag.py:3954} INFO - Setting next_dagrun for example_skip_dag to 2026-04-27 00:00:00+00:00, run_after=2026-04-28 00:00:00+00:00
[2026-04-28T21:44:33.166+0000] {processor.py:183} INFO - Processing /home/airflow/.local/lib/python3.12/site-packages/airflow/example_dags/example_skip_dag.py took 0.200 seconds
[2026-04-28T21:45:03.363+0000] {processor.py:161} INFO - Started process (PID=282) to work on /home/airflow/.local/lib/python3.12/site-packages/airflow/example_dags/example_skip_dag.py
[2026-04-28T21:45:03.364+0000] {processor.py:830} INFO - Processing file /home/airflow/.local/lib/python3.12/site-packages/airflow/example_dags/example_skip_dag.py for tasks to queue
[2026-04-28T21:45:03.368+0000] {logging_mixin.py:188} INFO - [2026-04-28T21:45:03.367+0000] {dagbag.py:540} INFO - Filling up the DagBag from /home/airflow/.local/lib/python3.12/site-packages/airflow/example_dags/example_skip_dag.py
[2026-04-28T21:45:03.385+0000] {processor.py:840} INFO - DAG(s) 'example_skip_dag' retrieved from /home/airflow/.local/lib/python3.12/site-packages/airflow/example_dags/example_skip_dag.py
[2026-04-28T21:45:03.440+0000] {logging_mixin.py:188} INFO - [2026-04-28T21:45:03.440+0000] {dag.py:3096} INFO - Sync 1 DAGs
[2026-04-28T21:45:03.495+0000] {logging_mixin.py:188} INFO - [2026-04-28T21:45:03.494+0000] {dag.py:3954} INFO - Setting next_dagrun for example_skip_dag to 2026-04-27 00:00:00+00:00, run_after=2026-04-28 00:00:00+00:00
[2026-04-28T21:45:03.546+0000] {processor.py:183} INFO - Processing /home/airflow/.local/lib/python3.12/site-packages/airflow/example_dags/example_skip_dag.py took 0.195 seconds
[2026-04-28T21:45:34.277+0000] {processor.py:161} INFO - Started process (PID=342) to work on /home/airflow/.local/lib/python3.12/site-packages/airflow/example_dags/example_skip_dag.py
[2026-04-28T21:45:34.279+0000] {processor.py:830} INFO - Processing file /home/airflow/.local/lib/python3.12/site-packages/airflow/example_dags/example_skip_dag.py for tasks to queue
[2026-04-28T21:45:34.283+0000] {logging_mixin.py:188} INFO - [2026-04-28T21:45:34.283+0000] {dagbag.py:540} INFO - Filling up the DagBag from /home/airflow/.local/lib/python3.12/site-packages/airflow/example_dags/example_skip_dag.py
[2026-04-28T21:45:34.291+0000] {processor.py:840} INFO - DAG(s) 'example_skip_dag' retrieved from /home/airflow/.local/lib/python3.12/site-packages/airflow/example_dags/example_skip_dag.py
[2026-04-28T21:45:34.319+0000] {logging_mixin.py:188} INFO - [2026-04-28T21:45:34.319+0000] {dag.py:3096} INFO - Sync 1 DAGs
[2026-04-28T21:45:34.346+0000] {logging_mixin.py:188} INFO - [2026-04-28T21:45:34.346+0000] {dag.py:3954} INFO - Setting next_dagrun for example_skip_dag to 2026-04-27 00:00:00+00:00, run_after=2026-04-28 00:00:00+00:00
[2026-04-28T21:45:34.372+0000] {processor.py:183} INFO - Processing /home/airflow/.local/lib/python3.12/site-packages/airflow/example_dags/example_skip_dag.py took 0.109 seconds
[2026-04-28T21:46:04.540+0000] {processor.py:161} INFO - Started process (PID=402) to work on /home/airflow/.local/lib/python3.12/site-packages/airflow/example_dags/example_skip_dag.py
[2026-04-28T21:46:04.543+0000] {processor.py:830} INFO - Processing file /home/airflow/.local/lib/python3.12/site-packages/airflow/example_dags/example_skip_dag.py for tasks to queue
[2026-04-28T21:46:04.550+0000] {logging_mixin.py:188} INFO - [2026-04-28T21:46:04.550+0000] {dagbag.py:540} INFO - Filling up the DagBag from /home/airflow/.local/lib/python3.12/site-packages/airflow/example_dags/example_skip_dag.py
[2026-04-28T21:46:04.592+0000] {processor.py:840} INFO - DAG(s) 'example_skip_dag' retrieved from /home/airflow/.local/lib/python3.12/site-packages/airflow/example_dags/example_skip_dag.py
[2026-04-28T21:46:04.672+0000] {logging_mixin.py:188} INFO - [2026-04-28T21:46:04.672+0000] {dag.py:3096} INFO - Sync 1 DAGs
[2026-04-28T21:46:04.718+0000] {logging_mixin.py:188} INFO - [2026-04-28T21:46:04.718+0000] {dag.py:3954} INFO - Setting next_dagrun for example_skip_dag to 2026-04-27 00:00:00+00:00, run_after=2026-04-28 00:00:00+00:00
[2026-04-28T21:46:04.798+0000] {processor.py:183} INFO - Processing /home/airflow/.local/lib/python3.12/site-packages/airflow/example_dags/example_skip_dag.py took 0.310 seconds
[2026-04-28T21:46:35.734+0000] {processor.py:161} INFO - Started process (PID=461) to work on /home/airflow/.local/lib/python3.12/site-packages/airflow/example_dags/example_skip_dag.py
[2026-04-28T21:46:35.740+0000] {processor.py:830} INFO - Processing file /home/airflow/.local/lib/python3.12/site-packages/airflow/example_dags/example_skip_dag.py for tasks to queue
[2026-04-28T21:46:35.745+0000] {logging_mixin.py:188} INFO - [2026-04-28T21:46:35.745+0000] {dagbag.py:540} INFO - Filling up the DagBag from /home/airflow/.local/lib/python3.12/site-packages/airflow/example_dags/example_skip_dag.py
[2026-04-28T21:46:35.764+0000] {processor.py:840} INFO - DAG(s) 'example_skip_dag' retrieved from /home/airflow/.local/lib/python3.12/site-packages/airflow/example_dags/example_skip_dag.py
[2026-04-28T21:46:35.877+0000] {logging_mixin.py:188} INFO - [2026-04-28T21:46:35.877+0000] {dag.py:3096} INFO - Sync 1 DAGs
[2026-04-28T21:46:35.954+0000] {logging_mixin.py:188} INFO - [2026-04-28T21:46:35.954+0000] {dag.py:3954} INFO - Setting next_dagrun for example_skip_dag to 2026-04-27 00:00:00+00:00, run_after=2026-04-28 00:00:00+00:00
[2026-04-28T21:46:36.012+0000] {processor.py:183} INFO - Processing /home/airflow/.local/lib/python3.12/site-packages/airflow/example_dags/example_skip_dag.py took 0.291 seconds
[2026-04-28T21:47:06.198+0000] {processor.py:161} INFO - Started process (PID=521) to work on /home/airflow/.local/lib/python3.12/site-packages/airflow/example_dags/example_skip_dag.py
[2026-04-28T21:47:06.200+0000] {processor.py:830} INFO - Processing file /home/airflow/.local/lib/python3.12/site-packages/airflow/example_dags/example_skip_dag.py for tasks to queue
[2026-04-28T21:47:06.202+0000] {logging_mixin.py:188} INFO - [2026-04-28T21:47:06.202+0000] {dagbag.py:540} INFO - Filling up the DagBag from /home/airflow/.local/lib/python3.12/site-packages/airflow/example_dags/example_skip_dag.py
[2026-04-28T21:47:06.211+0000] {processor.py:840} INFO - DAG(s) 'example_skip_dag' retrieved from /home/airflow/.local/lib/python3.12/site-packages/airflow/example_dags/example_skip_dag.py
[2026-04-28T21:47:06.237+0000] {logging_mixin.py:188} INFO - [2026-04-28T21:47:06.237+0000] {dag.py:3096} INFO - Sync 1 DAGs
[2026-04-28T21:47:06.263+0000] {logging_mixin.py:188} INFO - [2026-04-28T21:47:06.263+0000] {dag.py:3954} INFO - Setting next_dagrun for example_skip_dag to 2026-04-27 00:00:00+00:00, run_after=2026-04-28 00:00:00+00:00
[2026-04-28T21:47:06.283+0000] {processor.py:183} INFO - Processing /home/airflow/.local/lib/python3.12/site-packages/airflow/example_dags/example_skip_dag.py took 0.092 seconds
[2026-04-28T21:47:37.276+0000] {processor.py:161} INFO - Started process (PID=581) to work on /home/airflow/.local/lib/python3.12/site-packages/airflow/example_dags/example_skip_dag.py
[2026-04-28T21:47:37.279+0000] {processor.py:830} INFO - Processing file /home/airflow/.local/lib/python3.12/site-packages/airflow/example_dags/example_skip_dag.py for tasks to queue
[2026-04-28T21:47:37.281+0000] {logging_mixin.py:188} INFO - [2026-04-28T21:47:37.281+0000] {dagbag.py:540} INFO - Filling up the DagBag from /home/airflow/.local/lib/python3.12/site-packages/airflow/example_dags/example_skip_dag.py
[2026-04-28T21:47:37.304+0000] {processor.py:840} INFO - DAG(s) 'example_skip_dag' retrieved from /home/airflow/.local/lib/python3.12/site-packages/airflow/example_dags/example_skip_dag.py
[2026-04-28T21:47:37.348+0000] {logging_mixin.py:188} INFO - [2026-04-28T21:47:37.348+0000] {dag.py:3096} INFO - Sync 1 DAGs
[2026-04-28T21:47:37.397+0000] {logging_mixin.py:188} INFO - [2026-04-28T21:47:37.397+0000] {dag.py:3954} INFO - Setting next_dagrun for example_skip_dag to 2026-04-27 00:00:00+00:00, run_after=2026-04-28 00:00:00+00:00
[2026-04-28T21:47:37.439+0000] {processor.py:183} INFO - Processing /home/airflow/.local/lib/python3.12/site-packages/airflow/example_dags/example_skip_dag.py took 0.178 seconds
[2026-04-28T21:48:08.206+0000] {processor.py:161} INFO - Started process (PID=641) to work on /home/airflow/.local/lib/python3.12/site-packages/airflow/example_dags/example_skip_dag.py
[2026-04-28T21:48:08.212+0000] {processor.py:830} INFO - Processing file /home/airflow/.local/lib/python3.12/site-packages/airflow/example_dags/example_skip_dag.py for tasks to queue
[2026-04-28T21:48:08.216+0000] {logging_mixin.py:188} INFO - [2026-04-28T21:48:08.216+0000] {dagbag.py:540} INFO - Filling up the DagBag from /home/airflow/.local/lib/python3.12/site-packages/airflow/example_dags/example_skip_dag.py
[2026-04-28T21:48:08.237+0000] {processor.py:840} INFO - DAG(s) 'example_skip_dag' retrieved from /home/airflow/.local/lib/python3.12/site-packages/airflow/example_dags/example_skip_dag.py
[2026-04-28T21:48:08.332+0000] {logging_mixin.py:188} INFO - [2026-04-28T21:48:08.331+0000] {dag.py:3096} INFO - Sync 1 DAGs
[2026-04-28T21:48:08.420+0000] {logging_mixin.py:188} INFO - [2026-04-28T21:48:08.416+0000] {dag.py:3954} INFO - Setting next_dagrun for example_skip_dag to 2026-04-27 00:00:00+00:00, run_after=2026-04-28 00:00:00+00:00
[2026-04-28T21:48:08.541+0000] {processor.py:183} INFO - Processing /home/airflow/.local/lib/python3.12/site-packages/airflow/example_dags/example_skip_dag.py took 0.351 seconds
[2026-04-28T21:48:39.014+0000] {processor.py:161} INFO - Started process (PID=701) to work on /home/airflow/.local/lib/python3.12/site-packages/airflow/example_dags/example_skip_dag.py
[2026-04-28T21:48:39.032+0000] {processor.py:830} INFO - Processing file /home/airflow/.local/lib/python3.12/site-packages/airflow/example_dags/example_skip_dag.py for tasks to queue
[2026-04-28T21:48:39.041+0000] {logging_mixin.py:188} INFO - [2026-04-28T21:48:39.040+0000] {dagbag.py:540} INFO - Filling up the DagBag from /home/airflow/.local/lib/python3.12/site-packages/airflow/example_dags/example_skip_dag.py
[2026-04-28T21:48:39.075+0000] {processor.py:840} INFO - DAG(s) 'example_skip_dag' retrieved from /home/airflow/.local/lib/python3.12/site-packages/airflow/example_dags/example_skip_dag.py
[2026-04-28T21:48:39.158+0000] {logging_mixin.py:188} INFO - [2026-04-28T21:48:39.157+0000] {dag.py:3096} INFO - Sync 1 DAGs
[2026-04-28T21:48:39.263+0000] {logging_mixin.py:188} INFO - [2026-04-28T21:48:39.263+0000] {dag.py:3954} INFO - Setting next_dagrun for example_skip_dag to 2026-04-27 00:00:00+00:00, run_after=2026-04-28 00:00:00+00:00
[2026-04-28T21:48:39.319+0000] {processor.py:183} INFO - Processing /home/airflow/.local/lib/python3.12/site-packages/airflow/example_dags/example_skip_dag.py took 0.333 seconds
[2026-04-28T21:49:09.713+0000] {processor.py:161} INFO - Started process (PID=761) to work on /home/airflow/.local/lib/python3.12/site-packages/airflow/example_dags/example_skip_dag.py
[2026-04-28T21:49:09.715+0000] {processor.py:830} INFO - Processing file /home/airflow/.local/lib/python3.12/site-packages/airflow/example_dags/example_skip_dag.py for tasks to queue
[2026-04-28T21:49:09.717+0000] {logging_mixin.py:188} INFO - [2026-04-28T21:49:09.717+0000] {dagbag.py:540} INFO - Filling up the DagBag from /home/airflow/.local/lib/python3.12/site-packages/airflow/example_dags/example_skip_dag.py
[2026-04-28T21:49:09.725+0000] {processor.py:840} INFO - DAG(s) 'example_skip_dag' retrieved from /home/airflow/.local/lib/python3.12/site-packages/airflow/example_dags/example_skip_dag.py
[2026-04-28T21:49:09.751+0000] {logging_mixin.py:188} INFO - [2026-04-28T21:49:09.751+0000] {dag.py:3096} INFO - Sync 1 DAGs
[2026-04-28T21:49:09.793+0000] {logging_mixin.py:188} INFO - [2026-04-28T21:49:09.793+0000] {dag.py:3954} INFO - Setting next_dagrun for example_skip_dag to 2026-04-27 00:00:00+00:00, run_after=2026-04-28 00:00:00+00:00
[2026-04-28T21:49:09.813+0000] {processor.py:183} INFO - Processing /home/airflow/.local/lib/python3.12/site-packages/airflow/example_dags/example_skip_dag.py took 0.107 seconds
[2026-04-28T21:49:43.863+0000] {processor.py:161} INFO - Started process (PID=821) to work on /home/airflow/.local/lib/python3.12/site-packages/airflow/example_dags/example_skip_dag.py
[2026-04-28T21:49:43.866+0000] {processor.py:830} INFO - Processing file /home/airflow/.local/lib/python3.12/site-packages/airflow/example_dags/example_skip_dag.py for tasks to queue
[2026-04-28T21:49:43.869+0000] {logging_mixin.py:188} INFO - [2026-04-28T21:49:43.869+0000] {dagbag.py:540} INFO - Filling up the DagBag from /home/airflow/.local/lib/python3.12/site-packages/airflow/example_dags/example_skip_dag.py
[2026-04-28T21:49:43.889+0000] {processor.py:840} INFO - DAG(s) 'example_skip_dag' retrieved from /home/airflow/.local/lib/python3.12/site-packages/airflow/example_dags/example_skip_dag.py
[2026-04-28T21:49:43.927+0000] {logging_mixin.py:188} INFO - [2026-04-28T21:49:43.925+0000] {dag.py:3096} INFO - Sync 1 DAGs
[2026-04-28T21:49:43.981+0000] {logging_mixin.py:188} INFO - [2026-04-28T21:49:43.981+0000] {dag.py:3954} INFO - Setting next_dagrun for example_skip_dag to 2026-04-27 00:00:00+00:00, run_after=2026-04-28 00:00:00+00:00
[2026-04-28T21:49:44.032+0000] {processor.py:183} INFO - Processing /home/airflow/.local/lib/python3.12/site-packages/airflow/example_dags/example_skip_dag.py took 0.179 seconds
[2026-04-28T21:50:14.476+0000] {processor.py:161} INFO - Started process (PID=881) to work on /home/airflow/.local/lib/python3.12/site-packages/airflow/example_dags/example_skip_dag.py
[2026-04-28T21:50:14.478+0000] {processor.py:830} INFO - Processing file /home/airflow/.local/lib/python3.12/site-packages/airflow/example_dags/example_skip_dag.py for tasks to queue
[2026-04-28T21:50:14.482+0000] {logging_mixin.py:188} INFO - [2026-04-28T21:50:14.482+0000] {dagbag.py:540} INFO - Filling up the DagBag from /home/airflow/.local/lib/python3.12/site-packages/airflow/example_dags/example_skip_dag.py
[2026-04-28T21:50:14.492+0000] {processor.py:840} INFO - DAG(s) 'example_skip_dag' retrieved from /home/airflow/.local/lib/python3.12/site-packages/airflow/example_dags/example_skip_dag.py
[2026-04-28T21:50:14.519+0000] {logging_mixin.py:188} INFO - [2026-04-28T21:50:14.518+0000] {dag.py:3096} INFO - Sync 1 DAGs
[2026-04-28T21:50:14.540+0000] {logging_mixin.py:188} INFO - [2026-04-28T21:50:14.540+0000] {dag.py:3954} INFO - Setting next_dagrun for example_skip_dag to 2026-04-27 00:00:00+00:00, run_after=2026-04-28 00:00:00+00:00
[2026-04-28T21:50:14.556+0000] {processor.py:183} INFO - Processing /home/airflow/.local/lib/python3.12/site-packages/airflow/example_dags/example_skip_dag.py took 0.087 seconds
[2026-04-28T21:50:48.478+0000] {processor.py:161} INFO - Started process (PID=947) to work on /home/airflow/.local/lib/python3.12/site-packages/airflow/example_dags/example_skip_dag.py
[2026-04-28T21:50:48.489+0000] {processor.py:830} INFO - Processing file /home/airflow/.local/lib/python3.12/site-packages/airflow/example_dags/example_skip_dag.py for tasks to queue
[2026-04-28T21:50:48.499+0000] {logging_mixin.py:188} INFO - [2026-04-28T21:50:48.498+0000] {dagbag.py:540} INFO - Filling up the DagBag from /home/airflow/.local/lib/python3.12/site-packages/airflow/example_dags/example_skip_dag.py
[2026-04-28T21:50:48.528+0000] {processor.py:840} INFO - DAG(s) 'example_skip_dag' retrieved from /home/airflow/.local/lib/python3.12/site-packages/airflow/example_dags/example_skip_dag.py
[2026-04-28T21:50:48.654+0000] {logging_mixin.py:188} INFO - [2026-04-28T21:50:48.654+0000] {dag.py:3096} INFO - Sync 1 DAGs
[2026-04-28T21:50:48.718+0000] {logging_mixin.py:188} INFO - [2026-04-28T21:50:48.718+0000] {dag.py:3954} INFO - Setting next_dagrun for example_skip_dag to 2026-04-27 00:00:00+00:00, run_after=2026-04-28 00:00:00+00:00
[2026-04-28T21:50:48.746+0000] {processor.py:183} INFO - Processing /home/airflow/.local/lib/python3.12/site-packages/airflow/example_dags/example_skip_dag.py took 0.353 seconds
[2026-04-28T21:51:19.926+0000] {processor.py:161} INFO - Started process (PID=1007) to work on /home/airflow/.local/lib/python3.12/site-packages/airflow/example_dags/example_skip_dag.py
[2026-04-28T21:51:19.928+0000] {processor.py:830} INFO - Processing file /home/airflow/.local/lib/python3.12/site-packages/airflow/example_dags/example_skip_dag.py for tasks to queue
[2026-04-28T21:51:19.932+0000] {logging_mixin.py:188} INFO - [2026-04-28T21:51:19.931+0000] {dagbag.py:540} INFO - Filling up the DagBag from /home/airflow/.local/lib/python3.12/site-packages/airflow/example_dags/example_skip_dag.py
[2026-04-28T21:51:19.942+0000] {processor.py:840} INFO - DAG(s) 'example_skip_dag' retrieved from /home/airflow/.local/lib/python3.12/site-packages/airflow/example_dags/example_skip_dag.py
[2026-04-28T21:51:19.968+0000] {logging_mixin.py:188} INFO - [2026-04-28T21:51:19.968+0000] {dag.py:3096} INFO - Sync 1 DAGs
[2026-04-28T21:51:20.004+0000] {logging_mixin.py:188} INFO - [2026-04-28T21:51:20.004+0000] {dag.py:3954} INFO - Setting next_dagrun for example_skip_dag to 2026-04-27 00:00:00+00:00, run_after=2026-04-28 00:00:00+00:00
[2026-04-28T21:51:20.226+0000] {processor.py:183} INFO - Processing /home/airflow/.local/lib/python3.12/site-packages/airflow/example_dags/example_skip_dag.py took 0.306 seconds
[2026-04-28T21:51:50.658+0000] {processor.py:161} INFO - Started process (PID=1067) to work on /home/airflow/.local/lib/python3.12/site-packages/airflow/example_dags/example_skip_dag.py
[2026-04-28T21:51:50.659+0000] {processor.py:830} INFO - Processing file /home/airflow/.local/lib/python3.12/site-packages/airflow/example_dags/example_skip_dag.py for tasks to queue
[2026-04-28T21:51:50.662+0000] {logging_mixin.py:188} INFO - [2026-04-28T21:51:50.661+0000] {dagbag.py:540} INFO - Filling up the DagBag from /home/airflow/.local/lib/python3.12/site-packages/airflow/example_dags/example_skip_dag.py
[2026-04-28T21:51:50.669+0000] {processor.py:840} INFO - DAG(s) 'example_skip_dag' retrieved from /home/airflow/.local/lib/python3.12/site-packages/airflow/example_dags/example_skip_dag.py
[2026-04-28T21:51:50.694+0000] {logging_mixin.py:188} INFO - [2026-04-28T21:51:50.693+0000] {dag.py:3096} INFO - Sync 1 DAGs
[2026-04-28T21:51:50.719+0000] {logging_mixin.py:188} INFO - [2026-04-28T21:51:50.719+0000] {dag.py:3954} INFO - Setting next_dagrun for example_skip_dag to 2026-04-27 00:00:00+00:00, run_after=2026-04-28 00:00:00+00:00
[2026-04-28T21:51:50.743+0000] {processor.py:183} INFO - Processing /home/airflow/.local/lib/python3.12/site-packages/airflow/example_dags/example_skip_dag.py took 0.092 seconds
[2026-04-28T21:52:21.060+0000] {processor.py:161} INFO - Started process (PID=1124) to work on /home/airflow/.local/lib/python3.12/site-packages/airflow/example_dags/example_skip_dag.py
[2026-04-28T21:52:21.061+0000] {processor.py:830} INFO - Processing file /home/airflow/.local/lib/python3.12/site-packages/airflow/example_dags/example_skip_dag.py for tasks to queue
[2026-04-28T21:52:21.064+0000] {logging_mixin.py:188} INFO - [2026-04-28T21:52:21.064+0000] {dagbag.py:540} INFO - Filling up the DagBag from /home/airflow/.local/lib/python3.12/site-packages/airflow/example_dags/example_skip_dag.py
[2026-04-28T21:52:21.072+0000] {processor.py:840} INFO - DAG(s) 'example_skip_dag' retrieved from /home/airflow/.local/lib/python3.12/site-packages/airflow/example_dags/example_skip_dag.py
[2026-04-28T21:52:21.100+0000] {logging_mixin.py:188} INFO - [2026-04-28T21:52:21.100+0000] {dag.py:3096} INFO - Sync 1 DAGs
[2026-04-28T21:52:21.130+0000] {logging_mixin.py:188} INFO - [2026-04-28T21:52:21.130+0000] {dag.py:3954} INFO - Setting next_dagrun for example_skip_dag to 2026-04-27 00:00:00+00:00, run_after=2026-04-28 00:00:00+00:00
[2026-04-28T21:52:21.153+0000] {processor.py:183} INFO - Processing /home/airflow/.local/lib/python3.12/site-packages/airflow/example_dags/example_skip_dag.py took 0.099 seconds
[2026-04-28T21:52:51.588+0000] {processor.py:161} INFO - Started process (PID=1183) to work on /home/airflow/.local/lib/python3.12/site-packages/airflow/example_dags/example_skip_dag.py
[2026-04-28T21:52:51.590+0000] {processor.py:830} INFO - Processing file /home/airflow/.local/lib/python3.12/site-packages/airflow/example_dags/example_skip_dag.py for tasks to queue
[2026-04-28T21:52:51.592+0000] {logging_mixin.py:188} INFO - [2026-04-28T21:52:51.592+0000] {dagbag.py:540} INFO - Filling up the DagBag from /home/airflow/.local/lib/python3.12/site-packages/airflow/example_dags/example_skip_dag.py
[2026-04-28T21:52:51.600+0000] {processor.py:840} INFO - DAG(s) 'example_skip_dag' retrieved from /home/airflow/.local/lib/python3.12/site-packages/airflow/example_dags/example_skip_dag.py
[2026-04-28T21:52:51.626+0000] {logging_mixin.py:188} INFO - [2026-04-28T21:52:51.626+0000] {dag.py:3096} INFO - Sync 1 DAGs
[2026-04-28T21:52:51.655+0000] {logging_mixin.py:188} INFO - [2026-04-28T21:52:51.654+0000] {dag.py:3954} INFO - Setting next_dagrun for example_skip_dag to 2026-04-27 00:00:00+00:00, run_after=2026-04-28 00:00:00+00:00
[2026-04-28T21:52:51.677+0000] {processor.py:183} INFO - Processing /home/airflow/.local/lib/python3.12/site-packages/airflow/example_dags/example_skip_dag.py took 0.096 seconds
[2026-04-28T21:53:23.357+0000] {processor.py:161} INFO - Started process (PID=1242) to work on /home/airflow/.local/lib/python3.12/site-packages/airflow/example_dags/example_skip_dag.py
[2026-04-28T21:53:23.358+0000] {processor.py:830} INFO - Processing file /home/airflow/.local/lib/python3.12/site-packages/airflow/example_dags/example_skip_dag.py for tasks to queue
[2026-04-28T21:53:23.360+0000] {logging_mixin.py:188} INFO - [2026-04-28T21:53:23.360+0000] {dagbag.py:540} INFO - Filling up the DagBag from /home/airflow/.local/lib/python3.12/site-packages/airflow/example_dags/example_skip_dag.py
[2026-04-28T21:53:23.369+0000] {processor.py:840} INFO - DAG(s) 'example_skip_dag' retrieved from /home/airflow/.local/lib/python3.12/site-packages/airflow/example_dags/example_skip_dag.py
[2026-04-28T21:53:23.410+0000] {logging_mixin.py:188} INFO - [2026-04-28T21:53:23.410+0000] {dag.py:3096} INFO - Sync 1 DAGs
[2026-04-28T21:53:23.440+0000] {logging_mixin.py:188} INFO - [2026-04-28T21:53:23.440+0000] {dag.py:3954} INFO - Setting next_dagrun for example_skip_dag to 2026-04-27 00:00:00+00:00, run_after=2026-04-28 00:00:00+00:00
[2026-04-28T21:53:23.479+0000] {processor.py:183} INFO - Processing /home/airflow/.local/lib/python3.12/site-packages/airflow/example_dags/example_skip_dag.py took 0.135 seconds
[2026-04-28T21:53:54.295+0000] {processor.py:161} INFO - Started process (PID=1302) to work on /home/airflow/.local/lib/python3.12/site-packages/airflow/example_dags/example_skip_dag.py
[2026-04-28T21:53:54.303+0000] {processor.py:830} INFO - Processing file /home/airflow/.local/lib/python3.12/site-packages/airflow/example_dags/example_skip_dag.py for tasks to queue
[2026-04-28T21:53:54.308+0000] {logging_mixin.py:188} INFO - [2026-04-28T21:53:54.307+0000] {dagbag.py:540} INFO - Filling up the DagBag from /home/airflow/.local/lib/python3.12/site-packages/airflow/example_dags/example_skip_dag.py
[2026-04-28T21:53:54.320+0000] {processor.py:840} INFO - DAG(s) 'example_skip_dag' retrieved from /home/airflow/.local/lib/python3.12/site-packages/airflow/example_dags/example_skip_dag.py
[2026-04-28T21:53:54.350+0000] {logging_mixin.py:188} INFO - [2026-04-28T21:53:54.350+0000] {dag.py:3096} INFO - Sync 1 DAGs
[2026-04-28T21:53:54.405+0000] {logging_mixin.py:188} INFO - [2026-04-28T21:53:54.404+0000] {dag.py:3954} INFO - Setting next_dagrun for example_skip_dag to 2026-04-27 00:00:00+00:00, run_after=2026-04-28 00:00:00+00:00
[2026-04-28T21:53:54.436+0000] {processor.py:183} INFO - Processing /home/airflow/.local/lib/python3.12/site-packages/airflow/example_dags/example_skip_dag.py took 0.149 seconds
[2026-04-28T21:54:25.365+0000] {processor.py:161} INFO - Started process (PID=1362) to work on /home/airflow/.local/lib/python3.12/site-packages/airflow/example_dags/example_skip_dag.py
[2026-04-28T21:54:25.366+0000] {processor.py:830} INFO - Processing file /home/airflow/.local/lib/python3.12/site-packages/airflow/example_dags/example_skip_dag.py for tasks to queue
[2026-04-28T21:54:25.367+0000] {logging_mixin.py:188} INFO - [2026-04-28T21:54:25.367+0000] {dagbag.py:540} INFO - Filling up the DagBag from /home/airflow/.local/lib/python3.12/site-packages/airflow/example_dags/example_skip_dag.py
[2026-04-28T21:54:25.374+0000] {processor.py:840} INFO - DAG(s) 'example_skip_dag' retrieved from /home/airflow/.local/lib/python3.12/site-packages/airflow/example_dags/example_skip_dag.py
[2026-04-28T21:54:25.392+0000] {logging_mixin.py:188} INFO - [2026-04-28T21:54:25.392+0000] {dag.py:3096} INFO - Sync 1 DAGs
[2026-04-28T21:54:25.412+0000] {logging_mixin.py:188} INFO - [2026-04-28T21:54:25.411+0000] {dag.py:3954} INFO - Setting next_dagrun for example_skip_dag to 2026-04-27 00:00:00+00:00, run_after=2026-04-28 00:00:00+00:00
[2026-04-28T21:54:25.427+0000] {processor.py:183} INFO - Processing /home/airflow/.local/lib/python3.12/site-packages/airflow/example_dags/example_skip_dag.py took 0.067 seconds
[2026-04-28T21:54:55.825+0000] {processor.py:161} INFO - Started process (PID=1422) to work on /home/airflow/.local/lib/python3.12/site-packages/airflow/example_dags/example_skip_dag.py
[2026-04-28T21:54:55.827+0000] {processor.py:830} INFO - Processing file /home/airflow/.local/lib/python3.12/site-packages/airflow/example_dags/example_skip_dag.py for tasks to queue
[2026-04-28T21:54:55.829+0000] {logging_mixin.py:188} INFO - [2026-04-28T21:54:55.829+0000] {dagbag.py:540} INFO - Filling up the DagBag from /home/airflow/.local/lib/python3.12/site-packages/airflow/example_dags/example_skip_dag.py
[2026-04-28T21:54:55.838+0000] {processor.py:840} INFO - DAG(s) 'example_skip_dag' retrieved from /home/airflow/.local/lib/python3.12/site-packages/airflow/example_dags/example_skip_dag.py
[2026-04-28T21:54:55.862+0000] {logging_mixin.py:188} INFO - [2026-04-28T21:54:55.862+0000] {dag.py:3096} INFO - Sync 1 DAGs
[2026-04-28T21:54:55.888+0000] {logging_mixin.py:188} INFO - [2026-04-28T21:54:55.888+0000] {dag.py:3954} INFO - Setting next_dagrun for example_skip_dag to 2026-04-27 00:00:00+00:00, run_after=2026-04-28 00:00:00+00:00
[2026-04-28T21:54:55.909+0000] {processor.py:183} INFO - Processing /home/airflow/.local/lib/python3.12/site-packages/airflow/example_dags/example_skip_dag.py took 0.091 seconds
[2026-04-28T21:55:26.012+0000] {processor.py:161} INFO - Started process (PID=1481) to work on /home/airflow/.local/lib/python3.12/site-packages/airflow/example_dags/example_skip_dag.py
[2026-04-28T21:55:26.014+0000] {processor.py:830} INFO - Processing file /home/airflow/.local/lib/python3.12/site-packages/airflow/example_dags/example_skip_dag.py for tasks to queue
[2026-04-28T21:55:26.016+0000] {logging_mixin.py:188} INFO - [2026-04-28T21:55:26.015+0000] {dagbag.py:540} INFO - Filling up the DagBag from /home/airflow/.local/lib/python3.12/site-packages/airflow/example_dags/example_skip_dag.py
[2026-04-28T21:55:26.024+0000] {processor.py:840} INFO - DAG(s) 'example_skip_dag' retrieved from /home/airflow/.local/lib/python3.12/site-packages/airflow/example_dags/example_skip_dag.py
[2026-04-28T21:55:26.050+0000] {logging_mixin.py:188} INFO - [2026-04-28T21:55:26.050+0000] {dag.py:3096} INFO - Sync 1 DAGs
[2026-04-28T21:55:26.077+0000] {logging_mixin.py:188} INFO - [2026-04-28T21:55:26.077+0000] {dag.py:3954} INFO - Setting next_dagrun for example_skip_dag to 2026-04-27 00:00:00+00:00, run_after=2026-04-28 00:00:00+00:00
[2026-04-28T21:55:26.098+0000] {processor.py:183} INFO - Processing /home/airflow/.local/lib/python3.12/site-packages/airflow/example_dags/example_skip_dag.py took 0.092 seconds
[2026-04-28T21:55:57.147+0000] {processor.py:161} INFO - Started process (PID=1541) to work on /home/airflow/.local/lib/python3.12/site-packages/airflow/example_dags/example_skip_dag.py
[2026-04-28T21:55:57.148+0000] {processor.py:830} INFO - Processing file /home/airflow/.local/lib/python3.12/site-packages/airflow/example_dags/example_skip_dag.py for tasks to queue
[2026-04-28T21:55:57.151+0000] {logging_mixin.py:188} INFO - [2026-04-28T21:55:57.150+0000] {dagbag.py:540} INFO - Filling up the DagBag from /home/airflow/.local/lib/python3.12/site-packages/airflow/example_dags/example_skip_dag.py
[2026-04-28T21:55:57.161+0000] {processor.py:840} INFO - DAG(s) 'example_skip_dag' retrieved from /home/airflow/.local/lib/python3.12/site-packages/airflow/example_dags/example_skip_dag.py
[2026-04-28T21:55:57.186+0000] {logging_mixin.py:188} INFO - [2026-04-28T21:55:57.186+0000] {dag.py:3096} INFO - Sync 1 DAGs
[2026-04-28T21:55:57.212+0000] {logging_mixin.py:188} INFO - [2026-04-28T21:55:57.211+0000] {dag.py:3954} INFO - Setting next_dagrun for example_skip_dag to 2026-04-27 00:00:00+00:00, run_after=2026-04-28 00:00:00+00:00
[2026-04-28T21:55:57.231+0000] {processor.py:183} INFO - Processing /home/airflow/.local/lib/python3.12/site-packages/airflow/example_dags/example_skip_dag.py took 0.091 seconds
[2026-04-28T21:56:28.420+0000] {processor.py:161} INFO - Started process (PID=1601) to work on /home/airflow/.local/lib/python3.12/site-packages/airflow/example_dags/example_skip_dag.py
[2026-04-28T21:56:28.428+0000] {processor.py:830} INFO - Processing file /home/airflow/.local/lib/python3.12/site-packages/airflow/example_dags/example_skip_dag.py for tasks to queue
[2026-04-28T21:56:28.431+0000] {logging_mixin.py:188} INFO - [2026-04-28T21:56:28.430+0000] {dagbag.py:540} INFO - Filling up the DagBag from /home/airflow/.local/lib/python3.12/site-packages/airflow/example_dags/example_skip_dag.py
[2026-04-28T21:56:28.439+0000] {processor.py:840} INFO - DAG(s) 'example_skip_dag' retrieved from /home/airflow/.local/lib/python3.12/site-packages/airflow/example_dags/example_skip_dag.py
[2026-04-28T21:56:28.500+0000] {logging_mixin.py:188} INFO - [2026-04-28T21:56:28.495+0000] {dag.py:3096} INFO - Sync 1 DAGs
[2026-04-28T21:56:28.683+0000] {logging_mixin.py:188} INFO - [2026-04-28T21:56:28.683+0000] {dag.py:3954} INFO - Setting next_dagrun for example_skip_dag to 2026-04-27 00:00:00+00:00, run_after=2026-04-28 00:00:00+00:00
[2026-04-28T21:56:28.922+0000] {processor.py:183} INFO - Processing /home/airflow/.local/lib/python3.12/site-packages/airflow/example_dags/example_skip_dag.py took 0.517 seconds
[2026-04-28T21:59:25.101+0000] {processor.py:161} INFO - Started process (PID=102) to work on /home/airflow/.local/lib/python3.12/site-packages/airflow/example_dags/example_skip_dag.py
[2026-04-28T21:59:25.104+0000] {processor.py:830} INFO - Processing file /home/airflow/.local/lib/python3.12/site-packages/airflow/example_dags/example_skip_dag.py for tasks to queue
[2026-04-28T21:59:25.106+0000] {logging_mixin.py:188} INFO - [2026-04-28T21:59:25.106+0000] {dagbag.py:540} INFO - Filling up the DagBag from /home/airflow/.local/lib/python3.12/site-packages/airflow/example_dags/example_skip_dag.py
[2026-04-28T21:59:25.119+0000] {processor.py:840} INFO - DAG(s) 'example_skip_dag' retrieved from /home/airflow/.local/lib/python3.12/site-packages/airflow/example_dags/example_skip_dag.py
[2026-04-28T21:59:25.310+0000] {logging_mixin.py:188} INFO - [2026-04-28T21:59:25.310+0000] {override.py:1829} INFO - Created Permission View: can read on DAG:example_skip_dag
[2026-04-28T21:59:25.322+0000] {logging_mixin.py:188} INFO - [2026-04-28T21:59:25.322+0000] {override.py:1829} INFO - Created Permission View: can edit on DAG:example_skip_dag
[2026-04-28T21:59:25.329+0000] {logging_mixin.py:188} INFO - [2026-04-28T21:59:25.329+0000] {override.py:1829} INFO - Created Permission View: can delete on DAG:example_skip_dag
[2026-04-28T21:59:25.330+0000] {logging_mixin.py:188} INFO - [2026-04-28T21:59:25.330+0000] {dag.py:3096} INFO - Sync 1 DAGs
[2026-04-28T21:59:25.347+0000] {logging_mixin.py:188} INFO - [2026-04-28T21:59:25.347+0000] {dag.py:3118} INFO - Creating ORM DAG for example_skip_dag
[2026-04-28T21:59:25.360+0000] {logging_mixin.py:188} INFO - [2026-04-28T21:59:25.360+0000] {dag.py:3954} INFO - Setting next_dagrun for example_skip_dag to 2026-04-27 00:00:00+00:00, run_after=2026-04-28 00:00:00+00:00
[2026-04-28T21:59:25.401+0000] {processor.py:183} INFO - Processing /home/airflow/.local/lib/python3.12/site-packages/airflow/example_dags/example_skip_dag.py took 0.307 seconds
[2026-04-28T21:59:55.981+0000] {processor.py:161} INFO - Started process (PID=162) to work on /home/airflow/.local/lib/python3.12/site-packages/airflow/example_dags/example_skip_dag.py
[2026-04-28T21:59:55.984+0000] {processor.py:830} INFO - Processing file /home/airflow/.local/lib/python3.12/site-packages/airflow/example_dags/example_skip_dag.py for tasks to queue
[2026-04-28T21:59:55.987+0000] {logging_mixin.py:188} INFO - [2026-04-28T21:59:55.986+0000] {dagbag.py:540} INFO - Filling up the DagBag from /home/airflow/.local/lib/python3.12/site-packages/airflow/example_dags/example_skip_dag.py
[2026-04-28T21:59:56.000+0000] {processor.py:840} INFO - DAG(s) 'example_skip_dag' retrieved from /home/airflow/.local/lib/python3.12/site-packages/airflow/example_dags/example_skip_dag.py
[2026-04-28T21:59:56.050+0000] {logging_mixin.py:188} INFO - [2026-04-28T21:59:56.049+0000] {dag.py:3096} INFO - Sync 1 DAGs
[2026-04-28T21:59:56.089+0000] {logging_mixin.py:188} INFO - [2026-04-28T21:59:56.089+0000] {dag.py:3954} INFO - Setting next_dagrun for example_skip_dag to 2026-04-27 00:00:00+00:00, run_after=2026-04-28 00:00:00+00:00
[2026-04-28T21:59:56.127+0000] {processor.py:183} INFO - Processing /home/airflow/.local/lib/python3.12/site-packages/airflow/example_dags/example_skip_dag.py took 0.163 seconds
[2026-04-28T22:00:26.186+0000] {processor.py:161} INFO - Started process (PID=222) to work on /home/airflow/.local/lib/python3.12/site-packages/airflow/example_dags/example_skip_dag.py
[2026-04-28T22:00:26.187+0000] {processor.py:830} INFO - Processing file /home/airflow/.local/lib/python3.12/site-packages/airflow/example_dags/example_skip_dag.py for tasks to queue
[2026-04-28T22:00:26.189+0000] {logging_mixin.py:188} INFO - [2026-04-28T22:00:26.189+0000] {dagbag.py:540} INFO - Filling up the DagBag from /home/airflow/.local/lib/python3.12/site-packages/airflow/example_dags/example_skip_dag.py
[2026-04-28T22:00:26.197+0000] {processor.py:840} INFO - DAG(s) 'example_skip_dag' retrieved from /home/airflow/.local/lib/python3.12/site-packages/airflow/example_dags/example_skip_dag.py
[2026-04-28T22:00:26.223+0000] {logging_mixin.py:188} INFO - [2026-04-28T22:00:26.223+0000] {dag.py:3096} INFO - Sync 1 DAGs
[2026-04-28T22:00:26.249+0000] {logging_mixin.py:188} INFO - [2026-04-28T22:00:26.249+0000] {dag.py:3954} INFO - Setting next_dagrun for example_skip_dag to 2026-04-27 00:00:00+00:00, run_after=2026-04-28 00:00:00+00:00
[2026-04-28T22:00:26.267+0000] {processor.py:183} INFO - Processing /home/airflow/.local/lib/python3.12/site-packages/airflow/example_dags/example_skip_dag.py took 0.087 seconds
[2026-04-28T22:00:57.154+0000] {processor.py:161} INFO - Started process (PID=283) to work on /home/airflow/.local/lib/python3.12/site-packages/airflow/example_dags/example_skip_dag.py
[2026-04-28T22:00:57.157+0000] {processor.py:830} INFO - Processing file /home/airflow/.local/lib/python3.12/site-packages/airflow/example_dags/example_skip_dag.py for tasks to queue
[2026-04-28T22:00:57.161+0000] {logging_mixin.py:188} INFO - [2026-04-28T22:00:57.160+0000] {dagbag.py:540} INFO - Filling up the DagBag from /home/airflow/.local/lib/python3.12/site-packages/airflow/example_dags/example_skip_dag.py
[2026-04-28T22:00:57.177+0000] {processor.py:840} INFO - DAG(s) 'example_skip_dag' retrieved from /home/airflow/.local/lib/python3.12/site-packages/airflow/example_dags/example_skip_dag.py
[2026-04-28T22:00:57.238+0000] {logging_mixin.py:188} INFO - [2026-04-28T22:00:57.237+0000] {dag.py:3096} INFO - Sync 1 DAGs
[2026-04-28T22:00:57.288+0000] {logging_mixin.py:188} INFO - [2026-04-28T22:00:57.287+0000] {dag.py:3954} INFO - Setting next_dagrun for example_skip_dag to 2026-04-27 00:00:00+00:00, run_after=2026-04-28 00:00:00+00:00
[2026-04-28T22:00:57.311+0000] {processor.py:183} INFO - Processing /home/airflow/.local/lib/python3.12/site-packages/airflow/example_dags/example_skip_dag.py took 0.172 seconds
[2026-04-28T22:01:27.939+0000] {processor.py:161} INFO - Started process (PID=342) to work on /home/airflow/.local/lib/python3.12/site-packages/airflow/example_dags/example_skip_dag.py
[2026-04-28T22:01:27.943+0000] {processor.py:830} INFO - Processing file /home/airflow/.local/lib/python3.12/site-packages/airflow/example_dags/example_skip_dag.py for tasks to queue
[2026-04-28T22:01:27.952+0000] {logging_mixin.py:188} INFO - [2026-04-28T22:01:27.951+0000] {dagbag.py:540} INFO - Filling up the DagBag from /home/airflow/.local/lib/python3.12/site-packages/airflow/example_dags/example_skip_dag.py
[2026-04-28T22:01:27.967+0000] {processor.py:840} INFO - DAG(s) 'example_skip_dag' retrieved from /home/airflow/.local/lib/python3.12/site-packages/airflow/example_dags/example_skip_dag.py
[2026-04-28T22:01:28.002+0000] {logging_mixin.py:188} INFO - [2026-04-28T22:01:28.002+0000] {dag.py:3096} INFO - Sync 1 DAGs
[2026-04-28T22:01:28.029+0000] {logging_mixin.py:188} INFO - [2026-04-28T22:01:28.029+0000] {dag.py:3954} INFO - Setting next_dagrun for example_skip_dag to 2026-04-27 00:00:00+00:00, run_after=2026-04-28 00:00:00+00:00
[2026-04-28T22:01:28.049+0000] {processor.py:183} INFO - Processing /home/airflow/.local/lib/python3.12/site-packages/airflow/example_dags/example_skip_dag.py took 0.117 seconds
[2026-04-28T22:01:58.652+0000] {processor.py:161} INFO - Started process (PID=402) to work on /home/airflow/.local/lib/python3.12/site-packages/airflow/example_dags/example_skip_dag.py
[2026-04-28T22:01:58.653+0000] {processor.py:830} INFO - Processing file /home/airflow/.local/lib/python3.12/site-packages/airflow/example_dags/example_skip_dag.py for tasks to queue
[2026-04-28T22:01:58.654+0000] {logging_mixin.py:188} INFO - [2026-04-28T22:01:58.654+0000] {dagbag.py:540} INFO - Filling up the DagBag from /home/airflow/.local/lib/python3.12/site-packages/airflow/example_dags/example_skip_dag.py
[2026-04-28T22:01:58.660+0000] {processor.py:840} INFO - DAG(s) 'example_skip_dag' retrieved from /home/airflow/.local/lib/python3.12/site-packages/airflow/example_dags/example_skip_dag.py
[2026-04-28T22:01:58.681+0000] {logging_mixin.py:188} INFO - [2026-04-28T22:01:58.680+0000] {dag.py:3096} INFO - Sync 1 DAGs
[2026-04-28T22:01:58.699+0000] {logging_mixin.py:188} INFO - [2026-04-28T22:01:58.699+0000] {dag.py:3954} INFO - Setting next_dagrun for example_skip_dag to 2026-04-27 00:00:00+00:00, run_after=2026-04-28 00:00:00+00:00
[2026-04-28T22:01:58.714+0000] {processor.py:183} INFO - Processing /home/airflow/.local/lib/python3.12/site-packages/airflow/example_dags/example_skip_dag.py took 0.068 seconds
[2026-04-28T22:02:29.052+0000] {processor.py:161} INFO - Started process (PID=461) to work on /home/airflow/.local/lib/python3.12/site-packages/airflow/example_dags/example_skip_dag.py
[2026-04-28T22:02:29.053+0000] {processor.py:830} INFO - Processing file /home/airflow/.local/lib/python3.12/site-packages/airflow/example_dags/example_skip_dag.py for tasks to queue
[2026-04-28T22:02:29.056+0000] {logging_mixin.py:188} INFO - [2026-04-28T22:02:29.056+0000] {dagbag.py:540} INFO - Filling up the DagBag from /home/airflow/.local/lib/python3.12/site-packages/airflow/example_dags/example_skip_dag.py
[2026-04-28T22:02:29.064+0000] {processor.py:840} INFO - DAG(s) 'example_skip_dag' retrieved from /home/airflow/.local/lib/python3.12/site-packages/airflow/example_dags/example_skip_dag.py
[2026-04-28T22:02:29.087+0000] {logging_mixin.py:188} INFO - [2026-04-28T22:02:29.087+0000] {dag.py:3096} INFO - Sync 1 DAGs
[2026-04-28T22:02:29.112+0000] {logging_mixin.py:188} INFO - [2026-04-28T22:02:29.112+0000] {dag.py:3954} INFO - Setting next_dagrun for example_skip_dag to 2026-04-27 00:00:00+00:00, run_after=2026-04-28 00:00:00+00:00
[2026-04-28T22:02:29.131+0000] {processor.py:183} INFO - Processing /home/airflow/.local/lib/python3.12/site-packages/airflow/example_dags/example_skip_dag.py took 0.086 seconds
[2026-04-28T22:02:59.446+0000] {processor.py:161} INFO - Started process (PID=520) to work on /home/airflow/.local/lib/python3.12/site-packages/airflow/example_dags/example_skip_dag.py
[2026-04-28T22:02:59.447+0000] {processor.py:830} INFO - Processing file /home/airflow/.local/lib/python3.12/site-packages/airflow/example_dags/example_skip_dag.py for tasks to queue
[2026-04-28T22:02:59.450+0000] {logging_mixin.py:188} INFO - [2026-04-28T22:02:59.449+0000] {dagbag.py:540} INFO - Filling up the DagBag from /home/airflow/.local/lib/python3.12/site-packages/airflow/example_dags/example_skip_dag.py
[2026-04-28T22:02:59.460+0000] {processor.py:840} INFO - DAG(s) 'example_skip_dag' retrieved from /home/airflow/.local/lib/python3.12/site-packages/airflow/example_dags/example_skip_dag.py
[2026-04-28T22:02:59.493+0000] {logging_mixin.py:188} INFO - [2026-04-28T22:02:59.492+0000] {dag.py:3096} INFO - Sync 1 DAGs
[2026-04-28T22:02:59.517+0000] {logging_mixin.py:188} INFO - [2026-04-28T22:02:59.517+0000] {dag.py:3954} INFO - Setting next_dagrun for example_skip_dag to 2026-04-27 00:00:00+00:00, run_after=2026-04-28 00:00:00+00:00
[2026-04-28T22:02:59.532+0000] {processor.py:183} INFO - Processing /home/airflow/.local/lib/python3.12/site-packages/airflow/example_dags/example_skip_dag.py took 0.093 seconds
[2026-04-28T22:03:30.471+0000] {processor.py:161} INFO - Started process (PID=580) to work on /home/airflow/.local/lib/python3.12/site-packages/airflow/example_dags/example_skip_dag.py
[2026-04-28T22:03:30.472+0000] {processor.py:830} INFO - Processing file /home/airflow/.local/lib/python3.12/site-packages/airflow/example_dags/example_skip_dag.py for tasks to queue
[2026-04-28T22:03:30.474+0000] {logging_mixin.py:188} INFO - [2026-04-28T22:03:30.473+0000] {dagbag.py:540} INFO - Filling up the DagBag from /home/airflow/.local/lib/python3.12/site-packages/airflow/example_dags/example_skip_dag.py
[2026-04-28T22:03:30.481+0000] {processor.py:840} INFO - DAG(s) 'example_skip_dag' retrieved from /home/airflow/.local/lib/python3.12/site-packages/airflow/example_dags/example_skip_dag.py
[2026-04-28T22:03:30.515+0000] {logging_mixin.py:188} INFO - [2026-04-28T22:03:30.515+0000] {dag.py:3096} INFO - Sync 1 DAGs
[2026-04-28T22:03:30.541+0000] {logging_mixin.py:188} INFO - [2026-04-28T22:03:30.540+0000] {dag.py:3954} INFO - Setting next_dagrun for example_skip_dag to 2026-04-27 00:00:00+00:00, run_after=2026-04-28 00:00:00+00:00
[2026-04-28T22:03:30.558+0000] {processor.py:183} INFO - Processing /home/airflow/.local/lib/python3.12/site-packages/airflow/example_dags/example_skip_dag.py took 0.094 seconds
[2026-04-28T22:04:01.473+0000] {processor.py:161} INFO - Started process (PID=640) to work on /home/airflow/.local/lib/python3.12/site-packages/airflow/example_dags/example_skip_dag.py
[2026-04-28T22:04:01.474+0000] {processor.py:830} INFO - Processing file /home/airflow/.local/lib/python3.12/site-packages/airflow/example_dags/example_skip_dag.py for tasks to queue
[2026-04-28T22:04:01.476+0000] {logging_mixin.py:188} INFO - [2026-04-28T22:04:01.475+0000] {dagbag.py:540} INFO - Filling up the DagBag from /home/airflow/.local/lib/python3.12/site-packages/airflow/example_dags/example_skip_dag.py
[2026-04-28T22:04:01.482+0000] {processor.py:840} INFO - DAG(s) 'example_skip_dag' retrieved from /home/airflow/.local/lib/python3.12/site-packages/airflow/example_dags/example_skip_dag.py
[2026-04-28T22:04:01.500+0000] {logging_mixin.py:188} INFO - [2026-04-28T22:04:01.500+0000] {dag.py:3096} INFO - Sync 1 DAGs
[2026-04-28T22:04:01.518+0000] {logging_mixin.py:188} INFO - [2026-04-28T22:04:01.518+0000] {dag.py:3954} INFO - Setting next_dagrun for example_skip_dag to 2026-04-27 00:00:00+00:00, run_after=2026-04-28 00:00:00+00:00
[2026-04-28T22:04:01.533+0000] {processor.py:183} INFO - Processing /home/airflow/.local/lib/python3.12/site-packages/airflow/example_dags/example_skip_dag.py took 0.065 seconds
[2026-04-28T22:04:32.083+0000] {processor.py:161} INFO - Started process (PID=700) to work on /home/airflow/.local/lib/python3.12/site-packages/airflow/example_dags/example_skip_dag.py
[2026-04-28T22:04:32.084+0000] {processor.py:830} INFO - Processing file /home/airflow/.local/lib/python3.12/site-packages/airflow/example_dags/example_skip_dag.py for tasks to queue
[2026-04-28T22:04:32.086+0000] {logging_mixin.py:188} INFO - [2026-04-28T22:04:32.086+0000] {dagbag.py:540} INFO - Filling up the DagBag from /home/airflow/.local/lib/python3.12/site-packages/airflow/example_dags/example_skip_dag.py
[2026-04-28T22:04:32.095+0000] {processor.py:840} INFO - DAG(s) 'example_skip_dag' retrieved from /home/airflow/.local/lib/python3.12/site-packages/airflow/example_dags/example_skip_dag.py
[2026-04-28T22:04:32.120+0000] {logging_mixin.py:188} INFO - [2026-04-28T22:04:32.119+0000] {dag.py:3096} INFO - Sync 1 DAGs
[2026-04-28T22:04:32.144+0000] {logging_mixin.py:188} INFO - [2026-04-28T22:04:32.144+0000] {dag.py:3954} INFO - Setting next_dagrun for example_skip_dag to 2026-04-27 00:00:00+00:00, run_after=2026-04-28 00:00:00+00:00
[2026-04-28T22:04:32.163+0000] {processor.py:183} INFO - Processing /home/airflow/.local/lib/python3.12/site-packages/airflow/example_dags/example_skip_dag.py took 0.088 seconds
[2026-04-28T22:05:02.900+0000] {processor.py:161} INFO - Started process (PID=760) to work on /home/airflow/.local/lib/python3.12/site-packages/airflow/example_dags/example_skip_dag.py
[2026-04-28T22:05:02.901+0000] {processor.py:830} INFO - Processing file /home/airflow/.local/lib/python3.12/site-packages/airflow/example_dags/example_skip_dag.py for tasks to queue
[2026-04-28T22:05:02.903+0000] {logging_mixin.py:188} INFO - [2026-04-28T22:05:02.902+0000] {dagbag.py:540} INFO - Filling up the DagBag from /home/airflow/.local/lib/python3.12/site-packages/airflow/example_dags/example_skip_dag.py
[2026-04-28T22:05:02.911+0000] {processor.py:840} INFO - DAG(s) 'example_skip_dag' retrieved from /home/airflow/.local/lib/python3.12/site-packages/airflow/example_dags/example_skip_dag.py
[2026-04-28T22:05:02.940+0000] {logging_mixin.py:188} INFO - [2026-04-28T22:05:02.940+0000] {dag.py:3096} INFO - Sync 1 DAGs
[2026-04-28T22:05:02.976+0000] {logging_mixin.py:188} INFO - [2026-04-28T22:05:02.976+0000] {dag.py:3954} INFO - Setting next_dagrun for example_skip_dag to 2026-04-27 00:00:00+00:00, run_after=2026-04-28 00:00:00+00:00
[2026-04-28T22:05:03.000+0000] {processor.py:183} INFO - Processing /home/airflow/.local/lib/python3.12/site-packages/airflow/example_dags/example_skip_dag.py took 0.106 seconds
[2026-04-28T22:05:33.968+0000] {processor.py:161} INFO - Started process (PID=820) to work on /home/airflow/.local/lib/python3.12/site-packages/airflow/example_dags/example_skip_dag.py
[2026-04-28T22:05:33.969+0000] {processor.py:830} INFO - Processing file /home/airflow/.local/lib/python3.12/site-packages/airflow/example_dags/example_skip_dag.py for tasks to queue
[2026-04-28T22:05:33.971+0000] {logging_mixin.py:188} INFO - [2026-04-28T22:05:33.971+0000] {dagbag.py:540} INFO - Filling up the DagBag from /home/airflow/.local/lib/python3.12/site-packages/airflow/example_dags/example_skip_dag.py
[2026-04-28T22:05:33.980+0000] {processor.py:840} INFO - DAG(s) 'example_skip_dag' retrieved from /home/airflow/.local/lib/python3.12/site-packages/airflow/example_dags/example_skip_dag.py
[2026-04-28T22:05:34.039+0000] {logging_mixin.py:188} INFO - [2026-04-28T22:05:34.039+0000] {dag.py:3096} INFO - Sync 1 DAGs
[2026-04-28T22:05:34.106+0000] {logging_mixin.py:188} INFO - [2026-04-28T22:05:34.105+0000] {dag.py:3954} INFO - Setting next_dagrun for example_skip_dag to 2026-04-27 00:00:00+00:00, run_after=2026-04-28 00:00:00+00:00
[2026-04-28T22:05:34.164+0000] {processor.py:183} INFO - Processing /home/airflow/.local/lib/python3.12/site-packages/airflow/example_dags/example_skip_dag.py took 0.208 seconds
[2026-04-28T22:06:04.655+0000] {processor.py:161} INFO - Started process (PID=880) to work on /home/airflow/.local/lib/python3.12/site-packages/airflow/example_dags/example_skip_dag.py
[2026-04-28T22:06:04.656+0000] {processor.py:830} INFO - Processing file /home/airflow/.local/lib/python3.12/site-packages/airflow/example_dags/example_skip_dag.py for tasks to queue
[2026-04-28T22:06:04.658+0000] {logging_mixin.py:188} INFO - [2026-04-28T22:06:04.658+0000] {dagbag.py:540} INFO - Filling up the DagBag from /home/airflow/.local/lib/python3.12/site-packages/airflow/example_dags/example_skip_dag.py
[2026-04-28T22:06:04.666+0000] {processor.py:840} INFO - DAG(s) 'example_skip_dag' retrieved from /home/airflow/.local/lib/python3.12/site-packages/airflow/example_dags/example_skip_dag.py
[2026-04-28T22:06:04.693+0000] {logging_mixin.py:188} INFO - [2026-04-28T22:06:04.692+0000] {dag.py:3096} INFO - Sync 1 DAGs
[2026-04-28T22:06:04.718+0000] {logging_mixin.py:188} INFO - [2026-04-28T22:06:04.718+0000] {dag.py:3954} INFO - Setting next_dagrun for example_skip_dag to 2026-04-27 00:00:00+00:00, run_after=2026-04-28 00:00:00+00:00
[2026-04-28T22:06:04.739+0000] {processor.py:183} INFO - Processing /home/airflow/.local/lib/python3.12/site-packages/airflow/example_dags/example_skip_dag.py took 0.091 seconds
[2026-04-28T22:06:35.221+0000] {processor.py:161} INFO - Started process (PID=940) to work on /home/airflow/.local/lib/python3.12/site-packages/airflow/example_dags/example_skip_dag.py
[2026-04-28T22:06:35.222+0000] {processor.py:830} INFO - Processing file /home/airflow/.local/lib/python3.12/site-packages/airflow/example_dags/example_skip_dag.py for tasks to queue
[2026-04-28T22:06:35.224+0000] {logging_mixin.py:188} INFO - [2026-04-28T22:06:35.224+0000] {dagbag.py:540} INFO - Filling up the DagBag from /home/airflow/.local/lib/python3.12/site-packages/airflow/example_dags/example_skip_dag.py
[2026-04-28T22:06:35.232+0000] {processor.py:840} INFO - DAG(s) 'example_skip_dag' retrieved from /home/airflow/.local/lib/python3.12/site-packages/airflow/example_dags/example_skip_dag.py
[2026-04-28T22:06:35.260+0000] {logging_mixin.py:188} INFO - [2026-04-28T22:06:35.259+0000] {dag.py:3096} INFO - Sync 1 DAGs
[2026-04-28T22:06:35.285+0000] {logging_mixin.py:188} INFO - [2026-04-28T22:06:35.285+0000] {dag.py:3954} INFO - Setting next_dagrun for example_skip_dag to 2026-04-27 00:00:00+00:00, run_after=2026-04-28 00:00:00+00:00
[2026-04-28T22:06:35.311+0000] {processor.py:183} INFO - Processing /home/airflow/.local/lib/python3.12/site-packages/airflow/example_dags/example_skip_dag.py took 0.097 seconds
[2026-04-28T22:07:05.721+0000] {processor.py:161} INFO - Started process (PID=1000) to work on /home/airflow/.local/lib/python3.12/site-packages/airflow/example_dags/example_skip_dag.py
[2026-04-28T22:07:05.722+0000] {processor.py:830} INFO - Processing file /home/airflow/.local/lib/python3.12/site-packages/airflow/example_dags/example_skip_dag.py for tasks to queue
[2026-04-28T22:07:05.724+0000] {logging_mixin.py:188} INFO - [2026-04-28T22:07:05.723+0000] {dagbag.py:540} INFO - Filling up the DagBag from /home/airflow/.local/lib/python3.12/site-packages/airflow/example_dags/example_skip_dag.py
[2026-04-28T22:07:05.732+0000] {processor.py:840} INFO - DAG(s) 'example_skip_dag' retrieved from /home/airflow/.local/lib/python3.12/site-packages/airflow/example_dags/example_skip_dag.py
[2026-04-28T22:07:05.756+0000] {logging_mixin.py:188} INFO - [2026-04-28T22:07:05.755+0000] {dag.py:3096} INFO - Sync 1 DAGs
[2026-04-28T22:07:05.782+0000] {logging_mixin.py:188} INFO - [2026-04-28T22:07:05.782+0000] {dag.py:3954} INFO - Setting next_dagrun for example_skip_dag to 2026-04-27 00:00:00+00:00, run_after=2026-04-28 00:00:00+00:00
[2026-04-28T22:07:05.801+0000] {processor.py:183} INFO - Processing /home/airflow/.local/lib/python3.12/site-packages/airflow/example_dags/example_skip_dag.py took 0.102 seconds
[2026-04-28T22:07:36.579+0000] {processor.py:161} INFO - Started process (PID=1060) to work on /home/airflow/.local/lib/python3.12/site-packages/airflow/example_dags/example_skip_dag.py
[2026-04-28T22:07:36.581+0000] {processor.py:830} INFO - Processing file /home/airflow/.local/lib/python3.12/site-packages/airflow/example_dags/example_skip_dag.py for tasks to queue
[2026-04-28T22:07:36.583+0000] {logging_mixin.py:188} INFO - [2026-04-28T22:07:36.583+0000] {dagbag.py:540} INFO - Filling up the DagBag from /home/airflow/.local/lib/python3.12/site-packages/airflow/example_dags/example_skip_dag.py
[2026-04-28T22:07:36.591+0000] {processor.py:840} INFO - DAG(s) 'example_skip_dag' retrieved from /home/airflow/.local/lib/python3.12/site-packages/airflow/example_dags/example_skip_dag.py
[2026-04-28T22:07:36.617+0000] {logging_mixin.py:188} INFO - [2026-04-28T22:07:36.617+0000] {dag.py:3096} INFO - Sync 1 DAGs
[2026-04-28T22:07:36.642+0000] {logging_mixin.py:188} INFO - [2026-04-28T22:07:36.642+0000] {dag.py:3954} INFO - Setting next_dagrun for example_skip_dag to 2026-04-27 00:00:00+00:00, run_after=2026-04-28 00:00:00+00:00
[2026-04-28T22:07:36.666+0000] {processor.py:183} INFO - Processing /home/airflow/.local/lib/python3.12/site-packages/airflow/example_dags/example_skip_dag.py took 0.094 seconds
[2026-04-28T22:08:07.027+0000] {processor.py:161} INFO - Started process (PID=1120) to work on /home/airflow/.local/lib/python3.12/site-packages/airflow/example_dags/example_skip_dag.py
[2026-04-28T22:08:07.028+0000] {processor.py:830} INFO - Processing file /home/airflow/.local/lib/python3.12/site-packages/airflow/example_dags/example_skip_dag.py for tasks to queue
[2026-04-28T22:08:07.031+0000] {logging_mixin.py:188} INFO - [2026-04-28T22:08:07.030+0000] {dagbag.py:540} INFO - Filling up the DagBag from /home/airflow/.local/lib/python3.12/site-packages/airflow/example_dags/example_skip_dag.py
[2026-04-28T22:08:07.039+0000] {processor.py:840} INFO - DAG(s) 'example_skip_dag' retrieved from /home/airflow/.local/lib/python3.12/site-packages/airflow/example_dags/example_skip_dag.py
[2026-04-28T22:08:07.068+0000] {logging_mixin.py:188} INFO - [2026-04-28T22:08:07.067+0000] {dag.py:3096} INFO - Sync 1 DAGs
[2026-04-28T22:08:07.092+0000] {logging_mixin.py:188} INFO - [2026-04-28T22:08:07.092+0000] {dag.py:3954} INFO - Setting next_dagrun for example_skip_dag to 2026-04-27 00:00:00+00:00, run_after=2026-04-28 00:00:00+00:00
[2026-04-28T22:08:07.112+0000] {processor.py:183} INFO - Processing /home/airflow/.local/lib/python3.12/site-packages/airflow/example_dags/example_skip_dag.py took 0.092 seconds
[2026-04-28T22:08:37.616+0000] {processor.py:161} INFO - Started process (PID=1180) to work on /home/airflow/.local/lib/python3.12/site-packages/airflow/example_dags/example_skip_dag.py
[2026-04-28T22:08:37.617+0000] {processor.py:830} INFO - Processing file /home/airflow/.local/lib/python3.12/site-packages/airflow/example_dags/example_skip_dag.py for tasks to queue
[2026-04-28T22:08:37.619+0000] {logging_mixin.py:188} INFO - [2026-04-28T22:08:37.618+0000] {dagbag.py:540} INFO - Filling up the DagBag from /home/airflow/.local/lib/python3.12/site-packages/airflow/example_dags/example_skip_dag.py
[2026-04-28T22:08:37.624+0000] {processor.py:840} INFO - DAG(s) 'example_skip_dag' retrieved from /home/airflow/.local/lib/python3.12/site-packages/airflow/example_dags/example_skip_dag.py
[2026-04-28T22:08:37.869+0000] {logging_mixin.py:188} INFO - [2026-04-28T22:08:37.869+0000] {dag.py:3096} INFO - Sync 1 DAGs
[2026-04-28T22:08:37.893+0000] {logging_mixin.py:188} INFO - [2026-04-28T22:08:37.893+0000] {dag.py:3954} INFO - Setting next_dagrun for example_skip_dag to 2026-04-27 00:00:00+00:00, run_after=2026-04-28 00:00:00+00:00
[2026-04-28T22:08:37.911+0000] {processor.py:183} INFO - Processing /home/airflow/.local/lib/python3.12/site-packages/airflow/example_dags/example_skip_dag.py took 0.300 seconds
[2026-04-28T22:09:08.590+0000] {processor.py:161} INFO - Started process (PID=1239) to work on /home/airflow/.local/lib/python3.12/site-packages/airflow/example_dags/example_skip_dag.py
[2026-04-28T22:09:08.591+0000] {processor.py:830} INFO - Processing file /home/airflow/.local/lib/python3.12/site-packages/airflow/example_dags/example_skip_dag.py for tasks to queue
[2026-04-28T22:09:08.592+0000] {logging_mixin.py:188} INFO - [2026-04-28T22:09:08.592+0000] {dagbag.py:540} INFO - Filling up the DagBag from /home/airflow/.local/lib/python3.12/site-packages/airflow/example_dags/example_skip_dag.py
[2026-04-28T22:09:08.600+0000] {processor.py:840} INFO - DAG(s) 'example_skip_dag' retrieved from /home/airflow/.local/lib/python3.12/site-packages/airflow/example_dags/example_skip_dag.py
[2026-04-28T22:09:08.625+0000] {logging_mixin.py:188} INFO - [2026-04-28T22:09:08.625+0000] {dag.py:3096} INFO - Sync 1 DAGs
[2026-04-28T22:09:08.644+0000] {logging_mixin.py:188} INFO - [2026-04-28T22:09:08.644+0000] {dag.py:3954} INFO - Setting next_dagrun for example_skip_dag to 2026-04-27 00:00:00+00:00, run_after=2026-04-28 00:00:00+00:00
[2026-04-28T22:09:08.659+0000] {processor.py:183} INFO - Processing /home/airflow/.local/lib/python3.12/site-packages/airflow/example_dags/example_skip_dag.py took 0.074 seconds
[2026-04-28T22:09:39.182+0000] {processor.py:161} INFO - Started process (PID=1299) to work on /home/airflow/.local/lib/python3.12/site-packages/airflow/example_dags/example_skip_dag.py
[2026-04-28T22:09:39.183+0000] {processor.py:830} INFO - Processing file /home/airflow/.local/lib/python3.12/site-packages/airflow/example_dags/example_skip_dag.py for tasks to queue
[2026-04-28T22:09:39.185+0000] {logging_mixin.py:188} INFO - [2026-04-28T22:09:39.184+0000] {dagbag.py:540} INFO - Filling up the DagBag from /home/airflow/.local/lib/python3.12/site-packages/airflow/example_dags/example_skip_dag.py
[2026-04-28T22:09:39.193+0000] {processor.py:840} INFO - DAG(s) 'example_skip_dag' retrieved from /home/airflow/.local/lib/python3.12/site-packages/airflow/example_dags/example_skip_dag.py
[2026-04-28T22:09:39.217+0000] {logging_mixin.py:188} INFO - [2026-04-28T22:09:39.217+0000] {dag.py:3096} INFO - Sync 1 DAGs
[2026-04-28T22:09:39.243+0000] {logging_mixin.py:188} INFO - [2026-04-28T22:09:39.243+0000] {dag.py:3954} INFO - Setting next_dagrun for example_skip_dag to 2026-04-27 00:00:00+00:00, run_after=2026-04-28 00:00:00+00:00
[2026-04-28T22:09:39.299+0000] {processor.py:183} INFO - Processing /home/airflow/.local/lib/python3.12/site-packages/airflow/example_dags/example_skip_dag.py took 0.124 seconds
[2026-04-28T22:10:09.623+0000] {processor.py:161} INFO - Started process (PID=1359) to work on /home/airflow/.local/lib/python3.12/site-packages/airflow/example_dags/example_skip_dag.py
[2026-04-28T22:10:09.627+0000] {processor.py:830} INFO - Processing file /home/airflow/.local/lib/python3.12/site-packages/airflow/example_dags/example_skip_dag.py for tasks to queue
[2026-04-28T22:10:09.641+0000] {logging_mixin.py:188} INFO - [2026-04-28T22:10:09.640+0000] {dagbag.py:540} INFO - Filling up the DagBag from /home/airflow/.local/lib/python3.12/site-packages/airflow/example_dags/example_skip_dag.py
[2026-04-28T22:10:09.693+0000] {processor.py:840} INFO - DAG(s) 'example_skip_dag' retrieved from /home/airflow/.local/lib/python3.12/site-packages/airflow/example_dags/example_skip_dag.py
[2026-04-28T22:10:09.802+0000] {logging_mixin.py:188} INFO - [2026-04-28T22:10:09.802+0000] {dag.py:3096} INFO - Sync 1 DAGs
[2026-04-28T22:10:09.842+0000] {logging_mixin.py:188} INFO - [2026-04-28T22:10:09.842+0000] {dag.py:3954} INFO - Setting next_dagrun for example_skip_dag to 2026-04-27 00:00:00+00:00, run_after=2026-04-28 00:00:00+00:00
[2026-04-28T22:10:09.905+0000] {processor.py:183} INFO - Processing /home/airflow/.local/lib/python3.12/site-packages/airflow/example_dags/example_skip_dag.py took 0.300 seconds
[2026-04-28T22:10:40.899+0000] {processor.py:161} INFO - Started process (PID=1419) to work on /home/airflow/.local/lib/python3.12/site-packages/airflow/example_dags/example_skip_dag.py
[2026-04-28T22:10:40.900+0000] {processor.py:830} INFO - Processing file /home/airflow/.local/lib/python3.12/site-packages/airflow/example_dags/example_skip_dag.py for tasks to queue
[2026-04-28T22:10:40.902+0000] {logging_mixin.py:188} INFO - [2026-04-28T22:10:40.901+0000] {dagbag.py:540} INFO - Filling up the DagBag from /home/airflow/.local/lib/python3.12/site-packages/airflow/example_dags/example_skip_dag.py
[2026-04-28T22:10:40.908+0000] {processor.py:840} INFO - DAG(s) 'example_skip_dag' retrieved from /home/airflow/.local/lib/python3.12/site-packages/airflow/example_dags/example_skip_dag.py
[2026-04-28T22:10:40.929+0000] {logging_mixin.py:188} INFO - [2026-04-28T22:10:40.929+0000] {dag.py:3096} INFO - Sync 1 DAGs
[2026-04-28T22:10:40.948+0000] {logging_mixin.py:188} INFO - [2026-04-28T22:10:40.948+0000] {dag.py:3954} INFO - Setting next_dagrun for example_skip_dag to 2026-04-27 00:00:00+00:00, run_after=2026-04-28 00:00:00+00:00
[2026-04-28T22:10:40.963+0000] {processor.py:183} INFO - Processing /home/airflow/.local/lib/python3.12/site-packages/airflow/example_dags/example_skip_dag.py took 0.069 seconds
[2026-04-28T22:11:11.918+0000] {processor.py:161} INFO - Started process (PID=1485) to work on /home/airflow/.local/lib/python3.12/site-packages/airflow/example_dags/example_skip_dag.py
[2026-04-28T22:11:11.919+0000] {processor.py:830} INFO - Processing file /home/airflow/.local/lib/python3.12/site-packages/airflow/example_dags/example_skip_dag.py for tasks to queue
[2026-04-28T22:11:11.920+0000] {logging_mixin.py:188} INFO - [2026-04-28T22:11:11.920+0000] {dagbag.py:540} INFO - Filling up the DagBag from /home/airflow/.local/lib/python3.12/site-packages/airflow/example_dags/example_skip_dag.py
[2026-04-28T22:11:11.928+0000] {processor.py:840} INFO - DAG(s) 'example_skip_dag' retrieved from /home/airflow/.local/lib/python3.12/site-packages/airflow/example_dags/example_skip_dag.py
[2026-04-28T22:11:11.953+0000] {logging_mixin.py:188} INFO - [2026-04-28T22:11:11.952+0000] {dag.py:3096} INFO - Sync 1 DAGs
[2026-04-28T22:11:11.980+0000] {logging_mixin.py:188} INFO - [2026-04-28T22:11:11.979+0000] {dag.py:3954} INFO - Setting next_dagrun for example_skip_dag to 2026-04-27 00:00:00+00:00, run_after=2026-04-28 00:00:00+00:00
[2026-04-28T22:11:12.000+0000] {processor.py:183} INFO - Processing /home/airflow/.local/lib/python3.12/site-packages/airflow/example_dags/example_skip_dag.py took 0.087 seconds
[2026-04-28T22:11:43.022+0000] {processor.py:161} INFO - Started process (PID=1545) to work on /home/airflow/.local/lib/python3.12/site-packages/airflow/example_dags/example_skip_dag.py
[2026-04-28T22:11:43.024+0000] {processor.py:830} INFO - Processing file /home/airflow/.local/lib/python3.12/site-packages/airflow/example_dags/example_skip_dag.py for tasks to queue
[2026-04-28T22:11:43.028+0000] {logging_mixin.py:188} INFO - [2026-04-28T22:11:43.028+0000] {dagbag.py:540} INFO - Filling up the DagBag from /home/airflow/.local/lib/python3.12/site-packages/airflow/example_dags/example_skip_dag.py
[2026-04-28T22:11:43.047+0000] {processor.py:840} INFO - DAG(s) 'example_skip_dag' retrieved from /home/airflow/.local/lib/python3.12/site-packages/airflow/example_dags/example_skip_dag.py
[2026-04-28T22:11:43.073+0000] {logging_mixin.py:188} INFO - [2026-04-28T22:11:43.073+0000] {dag.py:3096} INFO - Sync 1 DAGs
[2026-04-28T22:11:43.098+0000] {logging_mixin.py:188} INFO - [2026-04-28T22:11:43.098+0000] {dag.py:3954} INFO - Setting next_dagrun for example_skip_dag to 2026-04-27 00:00:00+00:00, run_after=2026-04-28 00:00:00+00:00
[2026-04-28T22:11:43.132+0000] {processor.py:183} INFO - Processing /home/airflow/.local/lib/python3.12/site-packages/airflow/example_dags/example_skip_dag.py took 0.117 seconds
[2026-04-28T22:12:13.255+0000] {processor.py:161} INFO - Started process (PID=1605) to work on /home/airflow/.local/lib/python3.12/site-packages/airflow/example_dags/example_skip_dag.py
[2026-04-28T22:12:13.256+0000] {processor.py:830} INFO - Processing file /home/airflow/.local/lib/python3.12/site-packages/airflow/example_dags/example_skip_dag.py for tasks to queue
[2026-04-28T22:12:13.258+0000] {logging_mixin.py:188} INFO - [2026-04-28T22:12:13.258+0000] {dagbag.py:540} INFO - Filling up the DagBag from /home/airflow/.local/lib/python3.12/site-packages/airflow/example_dags/example_skip_dag.py
[2026-04-28T22:12:13.267+0000] {processor.py:840} INFO - DAG(s) 'example_skip_dag' retrieved from /home/airflow/.local/lib/python3.12/site-packages/airflow/example_dags/example_skip_dag.py
[2026-04-28T22:12:13.292+0000] {logging_mixin.py:188} INFO - [2026-04-28T22:12:13.292+0000] {dag.py:3096} INFO - Sync 1 DAGs
[2026-04-28T22:12:13.332+0000] {logging_mixin.py:188} INFO - [2026-04-28T22:12:13.332+0000] {dag.py:3954} INFO - Setting next_dagrun for example_skip_dag to 2026-04-27 00:00:00+00:00, run_after=2026-04-28 00:00:00+00:00
[2026-04-28T22:12:13.354+0000] {processor.py:183} INFO - Processing /home/airflow/.local/lib/python3.12/site-packages/airflow/example_dags/example_skip_dag.py took 0.106 seconds
[2026-04-28T22:12:43.713+0000] {processor.py:161} INFO - Started process (PID=1665) to work on /home/airflow/.local/lib/python3.12/site-packages/airflow/example_dags/example_skip_dag.py
[2026-04-28T22:12:43.714+0000] {processor.py:830} INFO - Processing file /home/airflow/.local/lib/python3.12/site-packages/airflow/example_dags/example_skip_dag.py for tasks to queue
[2026-04-28T22:12:43.716+0000] {logging_mixin.py:188} INFO - [2026-04-28T22:12:43.716+0000] {dagbag.py:540} INFO - Filling up the DagBag from /home/airflow/.local/lib/python3.12/site-packages/airflow/example_dags/example_skip_dag.py
[2026-04-28T22:12:43.725+0000] {processor.py:840} INFO - DAG(s) 'example_skip_dag' retrieved from /home/airflow/.local/lib/python3.12/site-packages/airflow/example_dags/example_skip_dag.py
[2026-04-28T22:12:43.746+0000] {logging_mixin.py:188} INFO - [2026-04-28T22:12:43.746+0000] {dag.py:3096} INFO - Sync 1 DAGs
[2026-04-28T22:12:43.764+0000] {logging_mixin.py:188} INFO - [2026-04-28T22:12:43.764+0000] {dag.py:3954} INFO - Setting next_dagrun for example_skip_dag to 2026-04-27 00:00:00+00:00, run_after=2026-04-28 00:00:00+00:00
[2026-04-28T22:12:43.780+0000] {processor.py:183} INFO - Processing /home/airflow/.local/lib/python3.12/site-packages/airflow/example_dags/example_skip_dag.py took 0.074 seconds
[2026-04-28T22:13:14.523+0000] {processor.py:161} INFO - Started process (PID=1725) to work on /home/airflow/.local/lib/python3.12/site-packages/airflow/example_dags/example_skip_dag.py
[2026-04-28T22:13:14.523+0000] {processor.py:830} INFO - Processing file /home/airflow/.local/lib/python3.12/site-packages/airflow/example_dags/example_skip_dag.py for tasks to queue
[2026-04-28T22:13:14.525+0000] {logging_mixin.py:188} INFO - [2026-04-28T22:13:14.525+0000] {dagbag.py:540} INFO - Filling up the DagBag from /home/airflow/.local/lib/python3.12/site-packages/airflow/example_dags/example_skip_dag.py
[2026-04-28T22:13:14.531+0000] {processor.py:840} INFO - DAG(s) 'example_skip_dag' retrieved from /home/airflow/.local/lib/python3.12/site-packages/airflow/example_dags/example_skip_dag.py
[2026-04-28T22:13:14.558+0000] {logging_mixin.py:188} INFO - [2026-04-28T22:13:14.557+0000] {dag.py:3096} INFO - Sync 1 DAGs
[2026-04-28T22:13:14.577+0000] {logging_mixin.py:188} INFO - [2026-04-28T22:13:14.576+0000] {dag.py:3954} INFO - Setting next_dagrun for example_skip_dag to 2026-04-27 00:00:00+00:00, run_after=2026-04-28 00:00:00+00:00
[2026-04-28T22:13:14.592+0000] {processor.py:183} INFO - Processing /home/airflow/.local/lib/python3.12/site-packages/airflow/example_dags/example_skip_dag.py took 0.074 seconds
[2026-04-28T22:13:44.627+0000] {processor.py:161} INFO - Started process (PID=1785) to work on /home/airflow/.local/lib/python3.12/site-packages/airflow/example_dags/example_skip_dag.py
[2026-04-28T22:13:44.628+0000] {processor.py:830} INFO - Processing file /home/airflow/.local/lib/python3.12/site-packages/airflow/example_dags/example_skip_dag.py for tasks to queue
[2026-04-28T22:13:44.630+0000] {logging_mixin.py:188} INFO - [2026-04-28T22:13:44.630+0000] {dagbag.py:540} INFO - Filling up the DagBag from /home/airflow/.local/lib/python3.12/site-packages/airflow/example_dags/example_skip_dag.py
[2026-04-28T22:13:44.638+0000] {processor.py:840} INFO - DAG(s) 'example_skip_dag' retrieved from /home/airflow/.local/lib/python3.12/site-packages/airflow/example_dags/example_skip_dag.py
[2026-04-28T22:13:44.662+0000] {logging_mixin.py:188} INFO - [2026-04-28T22:13:44.662+0000] {dag.py:3096} INFO - Sync 1 DAGs
[2026-04-28T22:13:44.689+0000] {logging_mixin.py:188} INFO - [2026-04-28T22:13:44.688+0000] {dag.py:3954} INFO - Setting next_dagrun for example_skip_dag to 2026-04-27 00:00:00+00:00, run_after=2026-04-28 00:00:00+00:00
[2026-04-28T22:13:44.707+0000] {processor.py:183} INFO - Processing /home/airflow/.local/lib/python3.12/site-packages/airflow/example_dags/example_skip_dag.py took 0.086 seconds
[2026-04-28T22:14:15.164+0000] {processor.py:161} INFO - Started process (PID=1844) to work on /home/airflow/.local/lib/python3.12/site-packages/airflow/example_dags/example_skip_dag.py
[2026-04-28T22:14:15.164+0000] {processor.py:830} INFO - Processing file /home/airflow/.local/lib/python3.12/site-packages/airflow/example_dags/example_skip_dag.py for tasks to queue
[2026-04-28T22:14:15.166+0000] {logging_mixin.py:188} INFO - [2026-04-28T22:14:15.166+0000] {dagbag.py:540} INFO - Filling up the DagBag from /home/airflow/.local/lib/python3.12/site-packages/airflow/example_dags/example_skip_dag.py
[2026-04-28T22:14:15.172+0000] {processor.py:840} INFO - DAG(s) 'example_skip_dag' retrieved from /home/airflow/.local/lib/python3.12/site-packages/airflow/example_dags/example_skip_dag.py
[2026-04-28T22:14:15.190+0000] {logging_mixin.py:188} INFO - [2026-04-28T22:14:15.190+0000] {dag.py:3096} INFO - Sync 1 DAGs
[2026-04-28T22:14:15.212+0000] {logging_mixin.py:188} INFO - [2026-04-28T22:14:15.212+0000] {dag.py:3954} INFO - Setting next_dagrun for example_skip_dag to 2026-04-27 00:00:00+00:00, run_after=2026-04-28 00:00:00+00:00
[2026-04-28T22:14:15.227+0000] {processor.py:183} INFO - Processing /home/airflow/.local/lib/python3.12/site-packages/airflow/example_dags/example_skip_dag.py took 0.069 seconds
[2026-04-28T22:14:45.776+0000] {processor.py:161} INFO - Started process (PID=1904) to work on /home/airflow/.local/lib/python3.12/site-packages/airflow/example_dags/example_skip_dag.py
[2026-04-28T22:14:45.777+0000] {processor.py:830} INFO - Processing file /home/airflow/.local/lib/python3.12/site-packages/airflow/example_dags/example_skip_dag.py for tasks to queue
[2026-04-28T22:14:45.779+0000] {logging_mixin.py:188} INFO - [2026-04-28T22:14:45.779+0000] {dagbag.py:540} INFO - Filling up the DagBag from /home/airflow/.local/lib/python3.12/site-packages/airflow/example_dags/example_skip_dag.py
[2026-04-28T22:14:45.788+0000] {processor.py:840} INFO - DAG(s) 'example_skip_dag' retrieved from /home/airflow/.local/lib/python3.12/site-packages/airflow/example_dags/example_skip_dag.py
[2026-04-28T22:14:45.815+0000] {logging_mixin.py:188} INFO - [2026-04-28T22:14:45.814+0000] {dag.py:3096} INFO - Sync 1 DAGs
[2026-04-28T22:14:45.873+0000] {logging_mixin.py:188} INFO - [2026-04-28T22:14:45.871+0000] {dag.py:3954} INFO - Setting next_dagrun for example_skip_dag to 2026-04-27 00:00:00+00:00, run_after=2026-04-28 00:00:00+00:00
[2026-04-28T22:14:45.933+0000] {processor.py:183} INFO - Processing /home/airflow/.local/lib/python3.12/site-packages/airflow/example_dags/example_skip_dag.py took 0.169 seconds
[2026-04-28T22:15:16.984+0000] {processor.py:161} INFO - Started process (PID=1964) to work on /home/airflow/.local/lib/python3.12/site-packages/airflow/example_dags/example_skip_dag.py
[2026-04-28T22:15:16.985+0000] {processor.py:830} INFO - Processing file /home/airflow/.local/lib/python3.12/site-packages/airflow/example_dags/example_skip_dag.py for tasks to queue
[2026-04-28T22:15:16.987+0000] {logging_mixin.py:188} INFO - [2026-04-28T22:15:16.987+0000] {dagbag.py:540} INFO - Filling up the DagBag from /home/airflow/.local/lib/python3.12/site-packages/airflow/example_dags/example_skip_dag.py
[2026-04-28T22:15:16.995+0000] {processor.py:840} INFO - DAG(s) 'example_skip_dag' retrieved from /home/airflow/.local/lib/python3.12/site-packages/airflow/example_dags/example_skip_dag.py
[2026-04-28T22:15:17.022+0000] {logging_mixin.py:188} INFO - [2026-04-28T22:15:17.021+0000] {dag.py:3096} INFO - Sync 1 DAGs
[2026-04-28T22:15:17.054+0000] {logging_mixin.py:188} INFO - [2026-04-28T22:15:17.054+0000] {dag.py:3954} INFO - Setting next_dagrun for example_skip_dag to 2026-04-27 00:00:00+00:00, run_after=2026-04-28 00:00:00+00:00
[2026-04-28T22:15:17.072+0000] {processor.py:183} INFO - Processing /home/airflow/.local/lib/python3.12/site-packages/airflow/example_dags/example_skip_dag.py took 0.097 seconds
[2026-04-28T22:15:47.146+0000] {processor.py:161} INFO - Started process (PID=2024) to work on /home/airflow/.local/lib/python3.12/site-packages/airflow/example_dags/example_skip_dag.py
[2026-04-28T22:15:47.147+0000] {processor.py:830} INFO - Processing file /home/airflow/.local/lib/python3.12/site-packages/airflow/example_dags/example_skip_dag.py for tasks to queue
[2026-04-28T22:15:47.149+0000] {logging_mixin.py:188} INFO - [2026-04-28T22:15:47.148+0000] {dagbag.py:540} INFO - Filling up the DagBag from /home/airflow/.local/lib/python3.12/site-packages/airflow/example_dags/example_skip_dag.py
[2026-04-28T22:15:47.156+0000] {processor.py:840} INFO - DAG(s) 'example_skip_dag' retrieved from /home/airflow/.local/lib/python3.12/site-packages/airflow/example_dags/example_skip_dag.py
[2026-04-28T22:15:47.181+0000] {logging_mixin.py:188} INFO - [2026-04-28T22:15:47.181+0000] {dag.py:3096} INFO - Sync 1 DAGs
[2026-04-28T22:15:47.215+0000] {logging_mixin.py:188} INFO - [2026-04-28T22:15:47.215+0000] {dag.py:3954} INFO - Setting next_dagrun for example_skip_dag to 2026-04-27 00:00:00+00:00, run_after=2026-04-28 00:00:00+00:00
[2026-04-28T22:15:47.235+0000] {processor.py:183} INFO - Processing /home/airflow/.local/lib/python3.12/site-packages/airflow/example_dags/example_skip_dag.py took 0.097 seconds
[2026-04-28T22:19:37.175+0000] {processor.py:161} INFO - Started process (PID=100) to work on /home/airflow/.local/lib/python3.12/site-packages/airflow/example_dags/example_skip_dag.py
[2026-04-28T22:19:37.177+0000] {processor.py:830} INFO - Processing file /home/airflow/.local/lib/python3.12/site-packages/airflow/example_dags/example_skip_dag.py for tasks to queue
[2026-04-28T22:19:37.180+0000] {logging_mixin.py:188} INFO - [2026-04-28T22:19:37.179+0000] {dagbag.py:540} INFO - Filling up the DagBag from /home/airflow/.local/lib/python3.12/site-packages/airflow/example_dags/example_skip_dag.py
[2026-04-28T22:19:37.191+0000] {processor.py:840} INFO - DAG(s) 'example_skip_dag' retrieved from /home/airflow/.local/lib/python3.12/site-packages/airflow/example_dags/example_skip_dag.py
[2026-04-28T22:19:37.530+0000] {logging_mixin.py:188} INFO - [2026-04-28T22:19:37.528+0000] {override.py:1829} INFO - Created Permission View: can edit on DAG:example_skip_dag
[2026-04-28T22:19:37.569+0000] {logging_mixin.py:188} INFO - [2026-04-28T22:19:37.569+0000] {override.py:1829} INFO - Created Permission View: can delete on DAG:example_skip_dag
[2026-04-28T22:19:37.587+0000] {logging_mixin.py:188} INFO - [2026-04-28T22:19:37.587+0000] {override.py:1829} INFO - Created Permission View: can read on DAG:example_skip_dag
[2026-04-28T22:19:37.589+0000] {logging_mixin.py:188} INFO - [2026-04-28T22:19:37.589+0000] {dag.py:3096} INFO - Sync 1 DAGs
[2026-04-28T22:19:37.629+0000] {logging_mixin.py:188} INFO - [2026-04-28T22:19:37.629+0000] {dag.py:3118} INFO - Creating ORM DAG for example_skip_dag
[2026-04-28T22:19:37.650+0000] {logging_mixin.py:188} INFO - [2026-04-28T22:19:37.650+0000] {dag.py:3954} INFO - Setting next_dagrun for example_skip_dag to 2026-04-27 00:00:00+00:00, run_after=2026-04-28 00:00:00+00:00
[2026-04-28T22:19:37.676+0000] {processor.py:183} INFO - Processing /home/airflow/.local/lib/python3.12/site-packages/airflow/example_dags/example_skip_dag.py took 0.511 seconds
[2026-04-28T22:20:07.788+0000] {processor.py:161} INFO - Started process (PID=160) to work on /home/airflow/.local/lib/python3.12/site-packages/airflow/example_dags/example_skip_dag.py
[2026-04-28T22:20:07.791+0000] {processor.py:830} INFO - Processing file /home/airflow/.local/lib/python3.12/site-packages/airflow/example_dags/example_skip_dag.py for tasks to queue
[2026-04-28T22:20:07.797+0000] {logging_mixin.py:188} INFO - [2026-04-28T22:20:07.795+0000] {dagbag.py:540} INFO - Filling up the DagBag from /home/airflow/.local/lib/python3.12/site-packages/airflow/example_dags/example_skip_dag.py
[2026-04-28T22:20:07.814+0000] {processor.py:840} INFO - DAG(s) 'example_skip_dag' retrieved from /home/airflow/.local/lib/python3.12/site-packages/airflow/example_dags/example_skip_dag.py
[2026-04-28T22:20:07.849+0000] {logging_mixin.py:188} INFO - [2026-04-28T22:20:07.848+0000] {dag.py:3096} INFO - Sync 1 DAGs
[2026-04-28T22:20:07.895+0000] {logging_mixin.py:188} INFO - [2026-04-28T22:20:07.895+0000] {dag.py:3954} INFO - Setting next_dagrun for example_skip_dag to 2026-04-27 00:00:00+00:00, run_after=2026-04-28 00:00:00+00:00
[2026-04-28T22:20:07.970+0000] {processor.py:183} INFO - Processing /home/airflow/.local/lib/python3.12/site-packages/airflow/example_dags/example_skip_dag.py took 0.198 seconds
[2026-04-28T22:20:38.424+0000] {processor.py:161} INFO - Started process (PID=220) to work on /home/airflow/.local/lib/python3.12/site-packages/airflow/example_dags/example_skip_dag.py
[2026-04-28T22:20:38.424+0000] {processor.py:830} INFO - Processing file /home/airflow/.local/lib/python3.12/site-packages/airflow/example_dags/example_skip_dag.py for tasks to queue
[2026-04-28T22:20:38.426+0000] {logging_mixin.py:188} INFO - [2026-04-28T22:20:38.426+0000] {dagbag.py:540} INFO - Filling up the DagBag from /home/airflow/.local/lib/python3.12/site-packages/airflow/example_dags/example_skip_dag.py
[2026-04-28T22:20:38.432+0000] {processor.py:840} INFO - DAG(s) 'example_skip_dag' retrieved from /home/airflow/.local/lib/python3.12/site-packages/airflow/example_dags/example_skip_dag.py
[2026-04-28T22:20:38.451+0000] {logging_mixin.py:188} INFO - [2026-04-28T22:20:38.450+0000] {dag.py:3096} INFO - Sync 1 DAGs
[2026-04-28T22:20:38.470+0000] {logging_mixin.py:188} INFO - [2026-04-28T22:20:38.470+0000] {dag.py:3954} INFO - Setting next_dagrun for example_skip_dag to 2026-04-27 00:00:00+00:00, run_after=2026-04-28 00:00:00+00:00
[2026-04-28T22:20:38.485+0000] {processor.py:183} INFO - Processing /home/airflow/.local/lib/python3.12/site-packages/airflow/example_dags/example_skip_dag.py took 0.067 seconds
[2026-04-28T22:21:09.346+0000] {processor.py:161} INFO - Started process (PID=280) to work on /home/airflow/.local/lib/python3.12/site-packages/airflow/example_dags/example_skip_dag.py
[2026-04-28T22:21:09.355+0000] {processor.py:830} INFO - Processing file /home/airflow/.local/lib/python3.12/site-packages/airflow/example_dags/example_skip_dag.py for tasks to queue
[2026-04-28T22:21:09.362+0000] {logging_mixin.py:188} INFO - [2026-04-28T22:21:09.362+0000] {dagbag.py:540} INFO - Filling up the DagBag from /home/airflow/.local/lib/python3.12/site-packages/airflow/example_dags/example_skip_dag.py
[2026-04-28T22:21:09.391+0000] {processor.py:840} INFO - DAG(s) 'example_skip_dag' retrieved from /home/airflow/.local/lib/python3.12/site-packages/airflow/example_dags/example_skip_dag.py
[2026-04-28T22:21:09.449+0000] {logging_mixin.py:188} INFO - [2026-04-28T22:21:09.447+0000] {dag.py:3096} INFO - Sync 1 DAGs
[2026-04-28T22:21:09.495+0000] {logging_mixin.py:188} INFO - [2026-04-28T22:21:09.495+0000] {dag.py:3954} INFO - Setting next_dagrun for example_skip_dag to 2026-04-27 00:00:00+00:00, run_after=2026-04-28 00:00:00+00:00
[2026-04-28T22:21:09.579+0000] {processor.py:183} INFO - Processing /home/airflow/.local/lib/python3.12/site-packages/airflow/example_dags/example_skip_dag.py took 0.240 seconds
[2026-04-28T22:21:40.730+0000] {processor.py:161} INFO - Started process (PID=340) to work on /home/airflow/.local/lib/python3.12/site-packages/airflow/example_dags/example_skip_dag.py
[2026-04-28T22:21:40.757+0000] {processor.py:830} INFO - Processing file /home/airflow/.local/lib/python3.12/site-packages/airflow/example_dags/example_skip_dag.py for tasks to queue
[2026-04-28T22:21:40.765+0000] {logging_mixin.py:188} INFO - [2026-04-28T22:21:40.764+0000] {dagbag.py:540} INFO - Filling up the DagBag from /home/airflow/.local/lib/python3.12/site-packages/airflow/example_dags/example_skip_dag.py
[2026-04-28T22:21:40.791+0000] {processor.py:840} INFO - DAG(s) 'example_skip_dag' retrieved from /home/airflow/.local/lib/python3.12/site-packages/airflow/example_dags/example_skip_dag.py
[2026-04-28T22:21:40.890+0000] {logging_mixin.py:188} INFO - [2026-04-28T22:21:40.889+0000] {dag.py:3096} INFO - Sync 1 DAGs
[2026-04-28T22:21:40.965+0000] {logging_mixin.py:188} INFO - [2026-04-28T22:21:40.965+0000] {dag.py:3954} INFO - Setting next_dagrun for example_skip_dag to 2026-04-27 00:00:00+00:00, run_after=2026-04-28 00:00:00+00:00
[2026-04-28T22:21:41.009+0000] {processor.py:183} INFO - Processing /home/airflow/.local/lib/python3.12/site-packages/airflow/example_dags/example_skip_dag.py took 0.302 seconds
[2026-04-28T22:22:11.340+0000] {processor.py:161} INFO - Started process (PID=400) to work on /home/airflow/.local/lib/python3.12/site-packages/airflow/example_dags/example_skip_dag.py
[2026-04-28T22:22:11.343+0000] {processor.py:830} INFO - Processing file /home/airflow/.local/lib/python3.12/site-packages/airflow/example_dags/example_skip_dag.py for tasks to queue
[2026-04-28T22:22:11.346+0000] {logging_mixin.py:188} INFO - [2026-04-28T22:22:11.346+0000] {dagbag.py:540} INFO - Filling up the DagBag from /home/airflow/.local/lib/python3.12/site-packages/airflow/example_dags/example_skip_dag.py
[2026-04-28T22:22:11.366+0000] {processor.py:840} INFO - DAG(s) 'example_skip_dag' retrieved from /home/airflow/.local/lib/python3.12/site-packages/airflow/example_dags/example_skip_dag.py
[2026-04-28T22:22:11.427+0000] {logging_mixin.py:188} INFO - [2026-04-28T22:22:11.427+0000] {dag.py:3096} INFO - Sync 1 DAGs
[2026-04-28T22:22:11.487+0000] {logging_mixin.py:188} INFO - [2026-04-28T22:22:11.487+0000] {dag.py:3954} INFO - Setting next_dagrun for example_skip_dag to 2026-04-27 00:00:00+00:00, run_after=2026-04-28 00:00:00+00:00
[2026-04-28T22:22:11.527+0000] {processor.py:183} INFO - Processing /home/airflow/.local/lib/python3.12/site-packages/airflow/example_dags/example_skip_dag.py took 0.201 seconds
[2026-04-28T22:22:41.612+0000] {processor.py:161} INFO - Started process (PID=460) to work on /home/airflow/.local/lib/python3.12/site-packages/airflow/example_dags/example_skip_dag.py
[2026-04-28T22:22:41.614+0000] {processor.py:830} INFO - Processing file /home/airflow/.local/lib/python3.12/site-packages/airflow/example_dags/example_skip_dag.py for tasks to queue
[2026-04-28T22:22:41.617+0000] {logging_mixin.py:188} INFO - [2026-04-28T22:22:41.617+0000] {dagbag.py:540} INFO - Filling up the DagBag from /home/airflow/.local/lib/python3.12/site-packages/airflow/example_dags/example_skip_dag.py
[2026-04-28T22:22:41.625+0000] {processor.py:840} INFO - DAG(s) 'example_skip_dag' retrieved from /home/airflow/.local/lib/python3.12/site-packages/airflow/example_dags/example_skip_dag.py
[2026-04-28T22:22:41.645+0000] {logging_mixin.py:188} INFO - [2026-04-28T22:22:41.645+0000] {dag.py:3096} INFO - Sync 1 DAGs
[2026-04-28T22:22:41.664+0000] {logging_mixin.py:188} INFO - [2026-04-28T22:22:41.664+0000] {dag.py:3954} INFO - Setting next_dagrun for example_skip_dag to 2026-04-27 00:00:00+00:00, run_after=2026-04-28 00:00:00+00:00
[2026-04-28T22:22:41.685+0000] {processor.py:183} INFO - Processing /home/airflow/.local/lib/python3.12/site-packages/airflow/example_dags/example_skip_dag.py took 0.078 seconds
[2026-04-28T22:23:12.401+0000] {processor.py:161} INFO - Started process (PID=520) to work on /home/airflow/.local/lib/python3.12/site-packages/airflow/example_dags/example_skip_dag.py
[2026-04-28T22:23:12.404+0000] {processor.py:830} INFO - Processing file /home/airflow/.local/lib/python3.12/site-packages/airflow/example_dags/example_skip_dag.py for tasks to queue
[2026-04-28T22:23:12.408+0000] {logging_mixin.py:188} INFO - [2026-04-28T22:23:12.408+0000] {dagbag.py:540} INFO - Filling up the DagBag from /home/airflow/.local/lib/python3.12/site-packages/airflow/example_dags/example_skip_dag.py
[2026-04-28T22:23:12.427+0000] {processor.py:840} INFO - DAG(s) 'example_skip_dag' retrieved from /home/airflow/.local/lib/python3.12/site-packages/airflow/example_dags/example_skip_dag.py
[2026-04-28T22:23:12.498+0000] {logging_mixin.py:188} INFO - [2026-04-28T22:23:12.498+0000] {dag.py:3096} INFO - Sync 1 DAGs
[2026-04-28T22:23:12.525+0000] {logging_mixin.py:188} INFO - [2026-04-28T22:23:12.525+0000] {dag.py:3954} INFO - Setting next_dagrun for example_skip_dag to 2026-04-27 00:00:00+00:00, run_after=2026-04-28 00:00:00+00:00
[2026-04-28T22:23:12.546+0000] {processor.py:183} INFO - Processing /home/airflow/.local/lib/python3.12/site-packages/airflow/example_dags/example_skip_dag.py took 0.152 seconds
[2026-04-28T22:23:43.378+0000] {processor.py:161} INFO - Started process (PID=580) to work on /home/airflow/.local/lib/python3.12/site-packages/airflow/example_dags/example_skip_dag.py
[2026-04-28T22:23:43.380+0000] {processor.py:830} INFO - Processing file /home/airflow/.local/lib/python3.12/site-packages/airflow/example_dags/example_skip_dag.py for tasks to queue
[2026-04-28T22:23:43.382+0000] {logging_mixin.py:188} INFO - [2026-04-28T22:23:43.381+0000] {dagbag.py:540} INFO - Filling up the DagBag from /home/airflow/.local/lib/python3.12/site-packages/airflow/example_dags/example_skip_dag.py
[2026-04-28T22:23:43.393+0000] {processor.py:840} INFO - DAG(s) 'example_skip_dag' retrieved from /home/airflow/.local/lib/python3.12/site-packages/airflow/example_dags/example_skip_dag.py
[2026-04-28T22:23:43.416+0000] {logging_mixin.py:188} INFO - [2026-04-28T22:23:43.416+0000] {dag.py:3096} INFO - Sync 1 DAGs
[2026-04-28T22:23:43.434+0000] {logging_mixin.py:188} INFO - [2026-04-28T22:23:43.434+0000] {dag.py:3954} INFO - Setting next_dagrun for example_skip_dag to 2026-04-27 00:00:00+00:00, run_after=2026-04-28 00:00:00+00:00
[2026-04-28T22:23:43.450+0000] {processor.py:183} INFO - Processing /home/airflow/.local/lib/python3.12/site-packages/airflow/example_dags/example_skip_dag.py took 0.079 seconds
[2026-04-28T22:24:13.555+0000] {processor.py:161} INFO - Started process (PID=640) to work on /home/airflow/.local/lib/python3.12/site-packages/airflow/example_dags/example_skip_dag.py
[2026-04-28T22:24:13.556+0000] {processor.py:830} INFO - Processing file /home/airflow/.local/lib/python3.12/site-packages/airflow/example_dags/example_skip_dag.py for tasks to queue
[2026-04-28T22:24:13.558+0000] {logging_mixin.py:188} INFO - [2026-04-28T22:24:13.557+0000] {dagbag.py:540} INFO - Filling up the DagBag from /home/airflow/.local/lib/python3.12/site-packages/airflow/example_dags/example_skip_dag.py
[2026-04-28T22:24:13.565+0000] {processor.py:840} INFO - DAG(s) 'example_skip_dag' retrieved from /home/airflow/.local/lib/python3.12/site-packages/airflow/example_dags/example_skip_dag.py
[2026-04-28T22:24:13.591+0000] {logging_mixin.py:188} INFO - [2026-04-28T22:24:13.591+0000] {dag.py:3096} INFO - Sync 1 DAGs
[2026-04-28T22:24:13.617+0000] {logging_mixin.py:188} INFO - [2026-04-28T22:24:13.617+0000] {dag.py:3954} INFO - Setting next_dagrun for example_skip_dag to 2026-04-27 00:00:00+00:00, run_after=2026-04-28 00:00:00+00:00
[2026-04-28T22:24:13.636+0000] {processor.py:183} INFO - Processing /home/airflow/.local/lib/python3.12/site-packages/airflow/example_dags/example_skip_dag.py took 0.091 seconds
[2026-04-28T22:24:44.640+0000] {processor.py:161} INFO - Started process (PID=700) to work on /home/airflow/.local/lib/python3.12/site-packages/airflow/example_dags/example_skip_dag.py
[2026-04-28T22:24:44.642+0000] {processor.py:830} INFO - Processing file /home/airflow/.local/lib/python3.12/site-packages/airflow/example_dags/example_skip_dag.py for tasks to queue
[2026-04-28T22:24:44.644+0000] {logging_mixin.py:188} INFO - [2026-04-28T22:24:44.644+0000] {dagbag.py:540} INFO - Filling up the DagBag from /home/airflow/.local/lib/python3.12/site-packages/airflow/example_dags/example_skip_dag.py
[2026-04-28T22:24:44.653+0000] {processor.py:840} INFO - DAG(s) 'example_skip_dag' retrieved from /home/airflow/.local/lib/python3.12/site-packages/airflow/example_dags/example_skip_dag.py
[2026-04-28T22:24:44.685+0000] {logging_mixin.py:188} INFO - [2026-04-28T22:24:44.684+0000] {dag.py:3096} INFO - Sync 1 DAGs
[2026-04-28T22:24:44.717+0000] {logging_mixin.py:188} INFO - [2026-04-28T22:24:44.717+0000] {dag.py:3954} INFO - Setting next_dagrun for example_skip_dag to 2026-04-27 00:00:00+00:00, run_after=2026-04-28 00:00:00+00:00
[2026-04-28T22:24:44.737+0000] {processor.py:183} INFO - Processing /home/airflow/.local/lib/python3.12/site-packages/airflow/example_dags/example_skip_dag.py took 0.105 seconds
[2026-04-28T22:25:15.575+0000] {processor.py:161} INFO - Started process (PID=760) to work on /home/airflow/.local/lib/python3.12/site-packages/airflow/example_dags/example_skip_dag.py
[2026-04-28T22:25:15.576+0000] {processor.py:830} INFO - Processing file /home/airflow/.local/lib/python3.12/site-packages/airflow/example_dags/example_skip_dag.py for tasks to queue
[2026-04-28T22:25:15.578+0000] {logging_mixin.py:188} INFO - [2026-04-28T22:25:15.578+0000] {dagbag.py:540} INFO - Filling up the DagBag from /home/airflow/.local/lib/python3.12/site-packages/airflow/example_dags/example_skip_dag.py
[2026-04-28T22:25:15.586+0000] {processor.py:840} INFO - DAG(s) 'example_skip_dag' retrieved from /home/airflow/.local/lib/python3.12/site-packages/airflow/example_dags/example_skip_dag.py
[2026-04-28T22:25:15.610+0000] {logging_mixin.py:188} INFO - [2026-04-28T22:25:15.610+0000] {dag.py:3096} INFO - Sync 1 DAGs
[2026-04-28T22:25:15.637+0000] {logging_mixin.py:188} INFO - [2026-04-28T22:25:15.636+0000] {dag.py:3954} INFO - Setting next_dagrun for example_skip_dag to 2026-04-27 00:00:00+00:00, run_after=2026-04-28 00:00:00+00:00
[2026-04-28T22:25:15.656+0000] {processor.py:183} INFO - Processing /home/airflow/.local/lib/python3.12/site-packages/airflow/example_dags/example_skip_dag.py took 0.088 seconds
[2026-04-28T22:25:45.855+0000] {processor.py:161} INFO - Started process (PID=820) to work on /home/airflow/.local/lib/python3.12/site-packages/airflow/example_dags/example_skip_dag.py
[2026-04-28T22:25:45.857+0000] {processor.py:830} INFO - Processing file /home/airflow/.local/lib/python3.12/site-packages/airflow/example_dags/example_skip_dag.py for tasks to queue
[2026-04-28T22:25:45.859+0000] {logging_mixin.py:188} INFO - [2026-04-28T22:25:45.859+0000] {dagbag.py:540} INFO - Filling up the DagBag from /home/airflow/.local/lib/python3.12/site-packages/airflow/example_dags/example_skip_dag.py
[2026-04-28T22:25:45.867+0000] {processor.py:840} INFO - DAG(s) 'example_skip_dag' retrieved from /home/airflow/.local/lib/python3.12/site-packages/airflow/example_dags/example_skip_dag.py
[2026-04-28T22:25:45.892+0000] {logging_mixin.py:188} INFO - [2026-04-28T22:25:45.892+0000] {dag.py:3096} INFO - Sync 1 DAGs
[2026-04-28T22:25:45.917+0000] {logging_mixin.py:188} INFO - [2026-04-28T22:25:45.917+0000] {dag.py:3954} INFO - Setting next_dagrun for example_skip_dag to 2026-04-27 00:00:00+00:00, run_after=2026-04-28 00:00:00+00:00
[2026-04-28T22:25:45.937+0000] {processor.py:183} INFO - Processing /home/airflow/.local/lib/python3.12/site-packages/airflow/example_dags/example_skip_dag.py took 0.088 seconds
[2026-04-28T22:26:16.319+0000] {processor.py:161} INFO - Started process (PID=880) to work on /home/airflow/.local/lib/python3.12/site-packages/airflow/example_dags/example_skip_dag.py
[2026-04-28T22:26:16.321+0000] {processor.py:830} INFO - Processing file /home/airflow/.local/lib/python3.12/site-packages/airflow/example_dags/example_skip_dag.py for tasks to queue
[2026-04-28T22:26:16.323+0000] {logging_mixin.py:188} INFO - [2026-04-28T22:26:16.323+0000] {dagbag.py:540} INFO - Filling up the DagBag from /home/airflow/.local/lib/python3.12/site-packages/airflow/example_dags/example_skip_dag.py
[2026-04-28T22:26:16.332+0000] {processor.py:840} INFO - DAG(s) 'example_skip_dag' retrieved from /home/airflow/.local/lib/python3.12/site-packages/airflow/example_dags/example_skip_dag.py
[2026-04-28T22:26:16.359+0000] {logging_mixin.py:188} INFO - [2026-04-28T22:26:16.359+0000] {dag.py:3096} INFO - Sync 1 DAGs
[2026-04-28T22:26:16.386+0000] {logging_mixin.py:188} INFO - [2026-04-28T22:26:16.386+0000] {dag.py:3954} INFO - Setting next_dagrun for example_skip_dag to 2026-04-27 00:00:00+00:00, run_after=2026-04-28 00:00:00+00:00
[2026-04-28T22:26:16.406+0000] {processor.py:183} INFO - Processing /home/airflow/.local/lib/python3.12/site-packages/airflow/example_dags/example_skip_dag.py took 0.097 seconds
[2026-04-28T22:26:47.039+0000] {processor.py:161} INFO - Started process (PID=940) to work on /home/airflow/.local/lib/python3.12/site-packages/airflow/example_dags/example_skip_dag.py
[2026-04-28T22:26:47.041+0000] {processor.py:830} INFO - Processing file /home/airflow/.local/lib/python3.12/site-packages/airflow/example_dags/example_skip_dag.py for tasks to queue
[2026-04-28T22:26:47.043+0000] {logging_mixin.py:188} INFO - [2026-04-28T22:26:47.043+0000] {dagbag.py:540} INFO - Filling up the DagBag from /home/airflow/.local/lib/python3.12/site-packages/airflow/example_dags/example_skip_dag.py
[2026-04-28T22:26:47.050+0000] {processor.py:840} INFO - DAG(s) 'example_skip_dag' retrieved from /home/airflow/.local/lib/python3.12/site-packages/airflow/example_dags/example_skip_dag.py
[2026-04-28T22:26:47.075+0000] {logging_mixin.py:188} INFO - [2026-04-28T22:26:47.075+0000] {dag.py:3096} INFO - Sync 1 DAGs
[2026-04-28T22:26:47.101+0000] {logging_mixin.py:188} INFO - [2026-04-28T22:26:47.101+0000] {dag.py:3954} INFO - Setting next_dagrun for example_skip_dag to 2026-04-27 00:00:00+00:00, run_after=2026-04-28 00:00:00+00:00
[2026-04-28T22:26:47.120+0000] {processor.py:183} INFO - Processing /home/airflow/.local/lib/python3.12/site-packages/airflow/example_dags/example_skip_dag.py took 0.092 seconds
[2026-04-28T22:27:18.417+0000] {processor.py:161} INFO - Started process (PID=999) to work on /home/airflow/.local/lib/python3.12/site-packages/airflow/example_dags/example_skip_dag.py
[2026-04-28T22:27:18.423+0000] {processor.py:830} INFO - Processing file /home/airflow/.local/lib/python3.12/site-packages/airflow/example_dags/example_skip_dag.py for tasks to queue
[2026-04-28T22:27:18.425+0000] {logging_mixin.py:188} INFO - [2026-04-28T22:27:18.425+0000] {dagbag.py:540} INFO - Filling up the DagBag from /home/airflow/.local/lib/python3.12/site-packages/airflow/example_dags/example_skip_dag.py
[2026-04-28T22:27:18.439+0000] {processor.py:840} INFO - DAG(s) 'example_skip_dag' retrieved from /home/airflow/.local/lib/python3.12/site-packages/airflow/example_dags/example_skip_dag.py
[2026-04-28T22:27:18.505+0000] {logging_mixin.py:188} INFO - [2026-04-28T22:27:18.504+0000] {dag.py:3096} INFO - Sync 1 DAGs
[2026-04-28T22:27:18.566+0000] {logging_mixin.py:188} INFO - [2026-04-28T22:27:18.564+0000] {dag.py:3954} INFO - Setting next_dagrun for example_skip_dag to 2026-04-27 00:00:00+00:00, run_after=2026-04-28 00:00:00+00:00
[2026-04-28T22:27:19.070+0000] {processor.py:183} INFO - Processing /home/airflow/.local/lib/python3.12/site-packages/airflow/example_dags/example_skip_dag.py took 0.664 seconds
[2026-04-28T22:27:49.987+0000] {processor.py:161} INFO - Started process (PID=1059) to work on /home/airflow/.local/lib/python3.12/site-packages/airflow/example_dags/example_skip_dag.py
[2026-04-28T22:27:49.989+0000] {processor.py:830} INFO - Processing file /home/airflow/.local/lib/python3.12/site-packages/airflow/example_dags/example_skip_dag.py for tasks to queue
[2026-04-28T22:27:49.991+0000] {logging_mixin.py:188} INFO - [2026-04-28T22:27:49.991+0000] {dagbag.py:540} INFO - Filling up the DagBag from /home/airflow/.local/lib/python3.12/site-packages/airflow/example_dags/example_skip_dag.py
[2026-04-28T22:27:49.999+0000] {processor.py:840} INFO - DAG(s) 'example_skip_dag' retrieved from /home/airflow/.local/lib/python3.12/site-packages/airflow/example_dags/example_skip_dag.py
[2026-04-28T22:27:50.025+0000] {logging_mixin.py:188} INFO - [2026-04-28T22:27:50.025+0000] {dag.py:3096} INFO - Sync 1 DAGs
[2026-04-28T22:27:50.056+0000] {logging_mixin.py:188} INFO - [2026-04-28T22:27:50.056+0000] {dag.py:3954} INFO - Setting next_dagrun for example_skip_dag to 2026-04-27 00:00:00+00:00, run_after=2026-04-28 00:00:00+00:00
[2026-04-28T22:27:50.103+0000] {processor.py:183} INFO - Processing /home/airflow/.local/lib/python3.12/site-packages/airflow/example_dags/example_skip_dag.py took 0.122 seconds
[2026-04-28T22:28:20.668+0000] {processor.py:161} INFO - Started process (PID=1119) to work on /home/airflow/.local/lib/python3.12/site-packages/airflow/example_dags/example_skip_dag.py
[2026-04-28T22:28:20.669+0000] {processor.py:830} INFO - Processing file /home/airflow/.local/lib/python3.12/site-packages/airflow/example_dags/example_skip_dag.py for tasks to queue
[2026-04-28T22:28:20.671+0000] {logging_mixin.py:188} INFO - [2026-04-28T22:28:20.671+0000] {dagbag.py:540} INFO - Filling up the DagBag from /home/airflow/.local/lib/python3.12/site-packages/airflow/example_dags/example_skip_dag.py
[2026-04-28T22:28:20.679+0000] {processor.py:840} INFO - DAG(s) 'example_skip_dag' retrieved from /home/airflow/.local/lib/python3.12/site-packages/airflow/example_dags/example_skip_dag.py
[2026-04-28T22:28:20.711+0000] {logging_mixin.py:188} INFO - [2026-04-28T22:28:20.711+0000] {dag.py:3096} INFO - Sync 1 DAGs
[2026-04-28T22:28:20.738+0000] {logging_mixin.py:188} INFO - [2026-04-28T22:28:20.738+0000] {dag.py:3954} INFO - Setting next_dagrun for example_skip_dag to 2026-04-27 00:00:00+00:00, run_after=2026-04-28 00:00:00+00:00
[2026-04-28T22:28:20.759+0000] {processor.py:183} INFO - Processing /home/airflow/.local/lib/python3.12/site-packages/airflow/example_dags/example_skip_dag.py took 0.098 seconds
[2026-04-28T22:28:50.977+0000] {processor.py:161} INFO - Started process (PID=1179) to work on /home/airflow/.local/lib/python3.12/site-packages/airflow/example_dags/example_skip_dag.py
[2026-04-28T22:28:50.986+0000] {processor.py:830} INFO - Processing file /home/airflow/.local/lib/python3.12/site-packages/airflow/example_dags/example_skip_dag.py for tasks to queue
[2026-04-28T22:28:50.992+0000] {logging_mixin.py:188} INFO - [2026-04-28T22:28:50.991+0000] {dagbag.py:540} INFO - Filling up the DagBag from /home/airflow/.local/lib/python3.12/site-packages/airflow/example_dags/example_skip_dag.py
[2026-04-28T22:28:51.027+0000] {processor.py:840} INFO - DAG(s) 'example_skip_dag' retrieved from /home/airflow/.local/lib/python3.12/site-packages/airflow/example_dags/example_skip_dag.py
[2026-04-28T22:28:51.149+0000] {logging_mixin.py:188} INFO - [2026-04-28T22:28:51.149+0000] {dag.py:3096} INFO - Sync 1 DAGs
[2026-04-28T22:28:51.301+0000] {logging_mixin.py:188} INFO - [2026-04-28T22:28:51.301+0000] {dag.py:3954} INFO - Setting next_dagrun for example_skip_dag to 2026-04-27 00:00:00+00:00, run_after=2026-04-28 00:00:00+00:00
[2026-04-28T22:28:51.355+0000] {processor.py:183} INFO - Processing /home/airflow/.local/lib/python3.12/site-packages/airflow/example_dags/example_skip_dag.py took 0.410 seconds
[2026-04-28T22:29:26.849+0000] {processor.py:161} INFO - Started process (PID=1245) to work on /home/airflow/.local/lib/python3.12/site-packages/airflow/example_dags/example_skip_dag.py
[2026-04-28T22:29:26.883+0000] {processor.py:830} INFO - Processing file /home/airflow/.local/lib/python3.12/site-packages/airflow/example_dags/example_skip_dag.py for tasks to queue
[2026-04-28T22:29:26.888+0000] {logging_mixin.py:188} INFO - [2026-04-28T22:29:26.887+0000] {dagbag.py:540} INFO - Filling up the DagBag from /home/airflow/.local/lib/python3.12/site-packages/airflow/example_dags/example_skip_dag.py
[2026-04-28T22:29:26.921+0000] {processor.py:840} INFO - DAG(s) 'example_skip_dag' retrieved from /home/airflow/.local/lib/python3.12/site-packages/airflow/example_dags/example_skip_dag.py
[2026-04-28T22:29:27.139+0000] {logging_mixin.py:188} INFO - [2026-04-28T22:29:27.134+0000] {dag.py:3096} INFO - Sync 1 DAGs
[2026-04-28T22:29:27.487+0000] {logging_mixin.py:188} INFO - [2026-04-28T22:29:27.485+0000] {dag.py:3954} INFO - Setting next_dagrun for example_skip_dag to 2026-04-27 00:00:00+00:00, run_after=2026-04-28 00:00:00+00:00
[2026-04-28T22:29:27.599+0000] {processor.py:183} INFO - Processing /home/airflow/.local/lib/python3.12/site-packages/airflow/example_dags/example_skip_dag.py took 0.813 seconds
[2026-04-28T22:29:58.020+0000] {processor.py:161} INFO - Started process (PID=1305) to work on /home/airflow/.local/lib/python3.12/site-packages/airflow/example_dags/example_skip_dag.py
[2026-04-28T22:29:58.021+0000] {processor.py:830} INFO - Processing file /home/airflow/.local/lib/python3.12/site-packages/airflow/example_dags/example_skip_dag.py for tasks to queue
[2026-04-28T22:29:58.024+0000] {logging_mixin.py:188} INFO - [2026-04-28T22:29:58.024+0000] {dagbag.py:540} INFO - Filling up the DagBag from /home/airflow/.local/lib/python3.12/site-packages/airflow/example_dags/example_skip_dag.py
[2026-04-28T22:29:58.032+0000] {processor.py:840} INFO - DAG(s) 'example_skip_dag' retrieved from /home/airflow/.local/lib/python3.12/site-packages/airflow/example_dags/example_skip_dag.py
[2026-04-28T22:29:58.058+0000] {logging_mixin.py:188} INFO - [2026-04-28T22:29:58.058+0000] {dag.py:3096} INFO - Sync 1 DAGs
[2026-04-28T22:29:58.084+0000] {logging_mixin.py:188} INFO - [2026-04-28T22:29:58.084+0000] {dag.py:3954} INFO - Setting next_dagrun for example_skip_dag to 2026-04-27 00:00:00+00:00, run_after=2026-04-28 00:00:00+00:00
[2026-04-28T22:29:58.106+0000] {processor.py:183} INFO - Processing /home/airflow/.local/lib/python3.12/site-packages/airflow/example_dags/example_skip_dag.py took 0.093 seconds
[2026-04-28T22:30:28.743+0000] {processor.py:161} INFO - Started process (PID=1365) to work on /home/airflow/.local/lib/python3.12/site-packages/airflow/example_dags/example_skip_dag.py
[2026-04-28T22:30:28.744+0000] {processor.py:830} INFO - Processing file /home/airflow/.local/lib/python3.12/site-packages/airflow/example_dags/example_skip_dag.py for tasks to queue
[2026-04-28T22:30:28.746+0000] {logging_mixin.py:188} INFO - [2026-04-28T22:30:28.746+0000] {dagbag.py:540} INFO - Filling up the DagBag from /home/airflow/.local/lib/python3.12/site-packages/airflow/example_dags/example_skip_dag.py
[2026-04-28T22:30:28.754+0000] {processor.py:840} INFO - DAG(s) 'example_skip_dag' retrieved from /home/airflow/.local/lib/python3.12/site-packages/airflow/example_dags/example_skip_dag.py
[2026-04-28T22:30:28.782+0000] {logging_mixin.py:188} INFO - [2026-04-28T22:30:28.782+0000] {dag.py:3096} INFO - Sync 1 DAGs
[2026-04-28T22:30:28.807+0000] {logging_mixin.py:188} INFO - [2026-04-28T22:30:28.807+0000] {dag.py:3954} INFO - Setting next_dagrun for example_skip_dag to 2026-04-27 00:00:00+00:00, run_after=2026-04-28 00:00:00+00:00
[2026-04-28T22:30:28.831+0000] {processor.py:183} INFO - Processing /home/airflow/.local/lib/python3.12/site-packages/airflow/example_dags/example_skip_dag.py took 0.095 seconds
[2026-04-28T22:30:59.131+0000] {processor.py:161} INFO - Started process (PID=1426) to work on /home/airflow/.local/lib/python3.12/site-packages/airflow/example_dags/example_skip_dag.py
[2026-04-28T22:30:59.132+0000] {processor.py:830} INFO - Processing file /home/airflow/.local/lib/python3.12/site-packages/airflow/example_dags/example_skip_dag.py for tasks to queue
[2026-04-28T22:30:59.134+0000] {logging_mixin.py:188} INFO - [2026-04-28T22:30:59.133+0000] {dagbag.py:540} INFO - Filling up the DagBag from /home/airflow/.local/lib/python3.12/site-packages/airflow/example_dags/example_skip_dag.py
[2026-04-28T22:30:59.141+0000] {processor.py:840} INFO - DAG(s) 'example_skip_dag' retrieved from /home/airflow/.local/lib/python3.12/site-packages/airflow/example_dags/example_skip_dag.py
[2026-04-28T22:30:59.165+0000] {logging_mixin.py:188} INFO - [2026-04-28T22:30:59.165+0000] {dag.py:3096} INFO - Sync 1 DAGs
[2026-04-28T22:30:59.194+0000] {logging_mixin.py:188} INFO - [2026-04-28T22:30:59.193+0000] {dag.py:3954} INFO - Setting next_dagrun for example_skip_dag to 2026-04-27 00:00:00+00:00, run_after=2026-04-28 00:00:00+00:00
[2026-04-28T22:30:59.216+0000] {processor.py:183} INFO - Processing /home/airflow/.local/lib/python3.12/site-packages/airflow/example_dags/example_skip_dag.py took 0.093 seconds
[2026-04-28T22:31:29.627+0000] {processor.py:161} INFO - Started process (PID=1486) to work on /home/airflow/.local/lib/python3.12/site-packages/airflow/example_dags/example_skip_dag.py
[2026-04-28T22:31:29.628+0000] {processor.py:830} INFO - Processing file /home/airflow/.local/lib/python3.12/site-packages/airflow/example_dags/example_skip_dag.py for tasks to queue
[2026-04-28T22:31:29.630+0000] {logging_mixin.py:188} INFO - [2026-04-28T22:31:29.630+0000] {dagbag.py:540} INFO - Filling up the DagBag from /home/airflow/.local/lib/python3.12/site-packages/airflow/example_dags/example_skip_dag.py
[2026-04-28T22:31:29.638+0000] {processor.py:840} INFO - DAG(s) 'example_skip_dag' retrieved from /home/airflow/.local/lib/python3.12/site-packages/airflow/example_dags/example_skip_dag.py
[2026-04-28T22:31:29.663+0000] {logging_mixin.py:188} INFO - [2026-04-28T22:31:29.663+0000] {dag.py:3096} INFO - Sync 1 DAGs
[2026-04-28T22:31:29.688+0000] {logging_mixin.py:188} INFO - [2026-04-28T22:31:29.688+0000] {dag.py:3954} INFO - Setting next_dagrun for example_skip_dag to 2026-04-27 00:00:00+00:00, run_after=2026-04-28 00:00:00+00:00
[2026-04-28T22:31:29.715+0000] {processor.py:183} INFO - Processing /home/airflow/.local/lib/python3.12/site-packages/airflow/example_dags/example_skip_dag.py took 0.094 seconds
[2026-04-28T22:31:59.813+0000] {processor.py:161} INFO - Started process (PID=1543) to work on /home/airflow/.local/lib/python3.12/site-packages/airflow/example_dags/example_skip_dag.py
[2026-04-28T22:31:59.814+0000] {processor.py:830} INFO - Processing file /home/airflow/.local/lib/python3.12/site-packages/airflow/example_dags/example_skip_dag.py for tasks to queue
[2026-04-28T22:31:59.816+0000] {logging_mixin.py:188} INFO - [2026-04-28T22:31:59.816+0000] {dagbag.py:540} INFO - Filling up the DagBag from /home/airflow/.local/lib/python3.12/site-packages/airflow/example_dags/example_skip_dag.py
[2026-04-28T22:31:59.824+0000] {processor.py:840} INFO - DAG(s) 'example_skip_dag' retrieved from /home/airflow/.local/lib/python3.12/site-packages/airflow/example_dags/example_skip_dag.py
[2026-04-28T22:31:59.852+0000] {logging_mixin.py:188} INFO - [2026-04-28T22:31:59.852+0000] {dag.py:3096} INFO - Sync 1 DAGs
[2026-04-28T22:31:59.878+0000] {logging_mixin.py:188} INFO - [2026-04-28T22:31:59.878+0000] {dag.py:3954} INFO - Setting next_dagrun for example_skip_dag to 2026-04-27 00:00:00+00:00, run_after=2026-04-28 00:00:00+00:00
[2026-04-28T22:31:59.899+0000] {processor.py:183} INFO - Processing /home/airflow/.local/lib/python3.12/site-packages/airflow/example_dags/example_skip_dag.py took 0.093 seconds
[2026-04-28T22:32:30.220+0000] {processor.py:161} INFO - Started process (PID=1603) to work on /home/airflow/.local/lib/python3.12/site-packages/airflow/example_dags/example_skip_dag.py
[2026-04-28T22:32:30.222+0000] {processor.py:830} INFO - Processing file /home/airflow/.local/lib/python3.12/site-packages/airflow/example_dags/example_skip_dag.py for tasks to queue
[2026-04-28T22:32:30.223+0000] {logging_mixin.py:188} INFO - [2026-04-28T22:32:30.223+0000] {dagbag.py:540} INFO - Filling up the DagBag from /home/airflow/.local/lib/python3.12/site-packages/airflow/example_dags/example_skip_dag.py
[2026-04-28T22:32:30.232+0000] {processor.py:840} INFO - DAG(s) 'example_skip_dag' retrieved from /home/airflow/.local/lib/python3.12/site-packages/airflow/example_dags/example_skip_dag.py
[2026-04-28T22:32:30.261+0000] {logging_mixin.py:188} INFO - [2026-04-28T22:32:30.260+0000] {dag.py:3096} INFO - Sync 1 DAGs
[2026-04-28T22:32:30.287+0000] {logging_mixin.py:188} INFO - [2026-04-28T22:32:30.286+0000] {dag.py:3954} INFO - Setting next_dagrun for example_skip_dag to 2026-04-27 00:00:00+00:00, run_after=2026-04-28 00:00:00+00:00
[2026-04-28T22:32:30.306+0000] {processor.py:183} INFO - Processing /home/airflow/.local/lib/python3.12/site-packages/airflow/example_dags/example_skip_dag.py took 0.092 seconds
[2026-04-28T22:33:00.573+0000] {processor.py:161} INFO - Started process (PID=1663) to work on /home/airflow/.local/lib/python3.12/site-packages/airflow/example_dags/example_skip_dag.py
[2026-04-28T22:33:00.576+0000] {processor.py:830} INFO - Processing file /home/airflow/.local/lib/python3.12/site-packages/airflow/example_dags/example_skip_dag.py for tasks to queue
[2026-04-28T22:33:00.584+0000] {logging_mixin.py:188} INFO - [2026-04-28T22:33:00.583+0000] {dagbag.py:540} INFO - Filling up the DagBag from /home/airflow/.local/lib/python3.12/site-packages/airflow/example_dags/example_skip_dag.py
[2026-04-28T22:33:00.611+0000] {processor.py:840} INFO - DAG(s) 'example_skip_dag' retrieved from /home/airflow/.local/lib/python3.12/site-packages/airflow/example_dags/example_skip_dag.py
[2026-04-28T22:33:00.678+0000] {logging_mixin.py:188} INFO - [2026-04-28T22:33:00.677+0000] {dag.py:3096} INFO - Sync 1 DAGs
[2026-04-28T22:33:00.746+0000] {logging_mixin.py:188} INFO - [2026-04-28T22:33:00.745+0000] {dag.py:3954} INFO - Setting next_dagrun for example_skip_dag to 2026-04-27 00:00:00+00:00, run_after=2026-04-28 00:00:00+00:00
[2026-04-28T22:33:00.787+0000] {processor.py:183} INFO - Processing /home/airflow/.local/lib/python3.12/site-packages/airflow/example_dags/example_skip_dag.py took 0.239 seconds
[2026-04-28T22:33:30.859+0000] {processor.py:161} INFO - Started process (PID=1723) to work on /home/airflow/.local/lib/python3.12/site-packages/airflow/example_dags/example_skip_dag.py
[2026-04-28T22:33:30.860+0000] {processor.py:830} INFO - Processing file /home/airflow/.local/lib/python3.12/site-packages/airflow/example_dags/example_skip_dag.py for tasks to queue
[2026-04-28T22:33:30.862+0000] {logging_mixin.py:188} INFO - [2026-04-28T22:33:30.861+0000] {dagbag.py:540} INFO - Filling up the DagBag from /home/airflow/.local/lib/python3.12/site-packages/airflow/example_dags/example_skip_dag.py
[2026-04-28T22:33:30.867+0000] {processor.py:840} INFO - DAG(s) 'example_skip_dag' retrieved from /home/airflow/.local/lib/python3.12/site-packages/airflow/example_dags/example_skip_dag.py
[2026-04-28T22:33:30.886+0000] {logging_mixin.py:188} INFO - [2026-04-28T22:33:30.886+0000] {dag.py:3096} INFO - Sync 1 DAGs
[2026-04-28T22:33:30.904+0000] {logging_mixin.py:188} INFO - [2026-04-28T22:33:30.904+0000] {dag.py:3954} INFO - Setting next_dagrun for example_skip_dag to 2026-04-27 00:00:00+00:00, run_after=2026-04-28 00:00:00+00:00
[2026-04-28T22:33:30.919+0000] {processor.py:183} INFO - Processing /home/airflow/.local/lib/python3.12/site-packages/airflow/example_dags/example_skip_dag.py took 0.066 seconds
[2026-04-28T22:34:01.109+0000] {processor.py:161} INFO - Started process (PID=1783) to work on /home/airflow/.local/lib/python3.12/site-packages/airflow/example_dags/example_skip_dag.py
[2026-04-28T22:34:01.110+0000] {processor.py:830} INFO - Processing file /home/airflow/.local/lib/python3.12/site-packages/airflow/example_dags/example_skip_dag.py for tasks to queue
[2026-04-28T22:34:01.112+0000] {logging_mixin.py:188} INFO - [2026-04-28T22:34:01.112+0000] {dagbag.py:540} INFO - Filling up the DagBag from /home/airflow/.local/lib/python3.12/site-packages/airflow/example_dags/example_skip_dag.py
[2026-04-28T22:34:01.120+0000] {processor.py:840} INFO - DAG(s) 'example_skip_dag' retrieved from /home/airflow/.local/lib/python3.12/site-packages/airflow/example_dags/example_skip_dag.py
[2026-04-28T22:34:01.146+0000] {logging_mixin.py:188} INFO - [2026-04-28T22:34:01.146+0000] {dag.py:3096} INFO - Sync 1 DAGs
[2026-04-28T22:34:01.175+0000] {logging_mixin.py:188} INFO - [2026-04-28T22:34:01.175+0000] {dag.py:3954} INFO - Setting next_dagrun for example_skip_dag to 2026-04-27 00:00:00+00:00, run_after=2026-04-28 00:00:00+00:00
[2026-04-28T22:34:01.192+0000] {processor.py:183} INFO - Processing /home/airflow/.local/lib/python3.12/site-packages/airflow/example_dags/example_skip_dag.py took 0.091 seconds
[2026-04-28T22:34:31.291+0000] {processor.py:161} INFO - Started process (PID=1843) to work on /home/airflow/.local/lib/python3.12/site-packages/airflow/example_dags/example_skip_dag.py
[2026-04-28T22:34:31.292+0000] {processor.py:830} INFO - Processing file /home/airflow/.local/lib/python3.12/site-packages/airflow/example_dags/example_skip_dag.py for tasks to queue
[2026-04-28T22:34:31.298+0000] {logging_mixin.py:188} INFO - [2026-04-28T22:34:31.298+0000] {dagbag.py:540} INFO - Filling up the DagBag from /home/airflow/.local/lib/python3.12/site-packages/airflow/example_dags/example_skip_dag.py
[2026-04-28T22:34:31.319+0000] {processor.py:840} INFO - DAG(s) 'example_skip_dag' retrieved from /home/airflow/.local/lib/python3.12/site-packages/airflow/example_dags/example_skip_dag.py
[2026-04-28T22:34:31.397+0000] {logging_mixin.py:188} INFO - [2026-04-28T22:34:31.396+0000] {dag.py:3096} INFO - Sync 1 DAGs
[2026-04-28T22:34:31.427+0000] {logging_mixin.py:188} INFO - [2026-04-28T22:34:31.427+0000] {dag.py:3954} INFO - Setting next_dagrun for example_skip_dag to 2026-04-27 00:00:00+00:00, run_after=2026-04-28 00:00:00+00:00
[2026-04-28T22:34:31.447+0000] {processor.py:183} INFO - Processing /home/airflow/.local/lib/python3.12/site-packages/airflow/example_dags/example_skip_dag.py took 0.181 seconds
[2026-04-28T22:35:01.891+0000] {processor.py:161} INFO - Started process (PID=1903) to work on /home/airflow/.local/lib/python3.12/site-packages/airflow/example_dags/example_skip_dag.py
[2026-04-28T22:35:01.892+0000] {processor.py:830} INFO - Processing file /home/airflow/.local/lib/python3.12/site-packages/airflow/example_dags/example_skip_dag.py for tasks to queue
[2026-04-28T22:35:01.893+0000] {logging_mixin.py:188} INFO - [2026-04-28T22:35:01.893+0000] {dagbag.py:540} INFO - Filling up the DagBag from /home/airflow/.local/lib/python3.12/site-packages/airflow/example_dags/example_skip_dag.py
[2026-04-28T22:35:01.901+0000] {processor.py:840} INFO - DAG(s) 'example_skip_dag' retrieved from /home/airflow/.local/lib/python3.12/site-packages/airflow/example_dags/example_skip_dag.py
[2026-04-28T22:35:01.925+0000] {logging_mixin.py:188} INFO - [2026-04-28T22:35:01.925+0000] {dag.py:3096} INFO - Sync 1 DAGs
[2026-04-28T22:35:01.950+0000] {logging_mixin.py:188} INFO - [2026-04-28T22:35:01.949+0000] {dag.py:3954} INFO - Setting next_dagrun for example_skip_dag to 2026-04-27 00:00:00+00:00, run_after=2026-04-28 00:00:00+00:00
[2026-04-28T22:35:01.968+0000] {processor.py:183} INFO - Processing /home/airflow/.local/lib/python3.12/site-packages/airflow/example_dags/example_skip_dag.py took 0.084 seconds
[2026-04-28T22:35:32.410+0000] {processor.py:161} INFO - Started process (PID=1963) to work on /home/airflow/.local/lib/python3.12/site-packages/airflow/example_dags/example_skip_dag.py
[2026-04-28T22:35:32.410+0000] {processor.py:830} INFO - Processing file /home/airflow/.local/lib/python3.12/site-packages/airflow/example_dags/example_skip_dag.py for tasks to queue
[2026-04-28T22:35:32.412+0000] {logging_mixin.py:188} INFO - [2026-04-28T22:35:32.412+0000] {dagbag.py:540} INFO - Filling up the DagBag from /home/airflow/.local/lib/python3.12/site-packages/airflow/example_dags/example_skip_dag.py
[2026-04-28T22:35:32.420+0000] {processor.py:840} INFO - DAG(s) 'example_skip_dag' retrieved from /home/airflow/.local/lib/python3.12/site-packages/airflow/example_dags/example_skip_dag.py
[2026-04-28T22:35:32.447+0000] {logging_mixin.py:188} INFO - [2026-04-28T22:35:32.446+0000] {dag.py:3096} INFO - Sync 1 DAGs
[2026-04-28T22:35:32.473+0000] {logging_mixin.py:188} INFO - [2026-04-28T22:35:32.473+0000] {dag.py:3954} INFO - Setting next_dagrun for example_skip_dag to 2026-04-27 00:00:00+00:00, run_after=2026-04-28 00:00:00+00:00
[2026-04-28T22:35:32.491+0000] {processor.py:183} INFO - Processing /home/airflow/.local/lib/python3.12/site-packages/airflow/example_dags/example_skip_dag.py took 0.088 seconds
[2026-04-28T22:36:03.148+0000] {processor.py:161} INFO - Started process (PID=2023) to work on /home/airflow/.local/lib/python3.12/site-packages/airflow/example_dags/example_skip_dag.py
[2026-04-28T22:36:03.149+0000] {processor.py:830} INFO - Processing file /home/airflow/.local/lib/python3.12/site-packages/airflow/example_dags/example_skip_dag.py for tasks to queue
[2026-04-28T22:36:03.151+0000] {logging_mixin.py:188} INFO - [2026-04-28T22:36:03.150+0000] {dagbag.py:540} INFO - Filling up the DagBag from /home/airflow/.local/lib/python3.12/site-packages/airflow/example_dags/example_skip_dag.py
[2026-04-28T22:36:03.158+0000] {processor.py:840} INFO - DAG(s) 'example_skip_dag' retrieved from /home/airflow/.local/lib/python3.12/site-packages/airflow/example_dags/example_skip_dag.py
[2026-04-28T22:36:03.186+0000] {logging_mixin.py:188} INFO - [2026-04-28T22:36:03.185+0000] {dag.py:3096} INFO - Sync 1 DAGs
[2026-04-28T22:36:03.233+0000] {logging_mixin.py:188} INFO - [2026-04-28T22:36:03.233+0000] {dag.py:3954} INFO - Setting next_dagrun for example_skip_dag to 2026-04-27 00:00:00+00:00, run_after=2026-04-28 00:00:00+00:00
[2026-04-28T22:36:03.250+0000] {processor.py:183} INFO - Processing /home/airflow/.local/lib/python3.12/site-packages/airflow/example_dags/example_skip_dag.py took 0.109 seconds
[2026-04-28T22:36:34.107+0000] {processor.py:161} INFO - Started process (PID=2083) to work on /home/airflow/.local/lib/python3.12/site-packages/airflow/example_dags/example_skip_dag.py
[2026-04-28T22:36:34.108+0000] {processor.py:830} INFO - Processing file /home/airflow/.local/lib/python3.12/site-packages/airflow/example_dags/example_skip_dag.py for tasks to queue
[2026-04-28T22:36:34.110+0000] {logging_mixin.py:188} INFO - [2026-04-28T22:36:34.110+0000] {dagbag.py:540} INFO - Filling up the DagBag from /home/airflow/.local/lib/python3.12/site-packages/airflow/example_dags/example_skip_dag.py
[2026-04-28T22:36:34.118+0000] {processor.py:840} INFO - DAG(s) 'example_skip_dag' retrieved from /home/airflow/.local/lib/python3.12/site-packages/airflow/example_dags/example_skip_dag.py
[2026-04-28T22:36:34.145+0000] {logging_mixin.py:188} INFO - [2026-04-28T22:36:34.145+0000] {dag.py:3096} INFO - Sync 1 DAGs
[2026-04-28T22:36:34.170+0000] {logging_mixin.py:188} INFO - [2026-04-28T22:36:34.170+0000] {dag.py:3954} INFO - Setting next_dagrun for example_skip_dag to 2026-04-27 00:00:00+00:00, run_after=2026-04-28 00:00:00+00:00
[2026-04-28T22:36:34.190+0000] {processor.py:183} INFO - Processing /home/airflow/.local/lib/python3.12/site-packages/airflow/example_dags/example_skip_dag.py took 0.089 seconds
[2026-04-28T22:37:04.509+0000] {processor.py:161} INFO - Started process (PID=2143) to work on /home/airflow/.local/lib/python3.12/site-packages/airflow/example_dags/example_skip_dag.py
[2026-04-28T22:37:04.510+0000] {processor.py:830} INFO - Processing file /home/airflow/.local/lib/python3.12/site-packages/airflow/example_dags/example_skip_dag.py for tasks to queue
[2026-04-28T22:37:04.512+0000] {logging_mixin.py:188} INFO - [2026-04-28T22:37:04.512+0000] {dagbag.py:540} INFO - Filling up the DagBag from /home/airflow/.local/lib/python3.12/site-packages/airflow/example_dags/example_skip_dag.py
[2026-04-28T22:37:04.519+0000] {processor.py:840} INFO - DAG(s) 'example_skip_dag' retrieved from /home/airflow/.local/lib/python3.12/site-packages/airflow/example_dags/example_skip_dag.py
[2026-04-28T22:37:04.549+0000] {logging_mixin.py:188} INFO - [2026-04-28T22:37:04.548+0000] {dag.py:3096} INFO - Sync 1 DAGs
[2026-04-28T22:37:04.575+0000] {logging_mixin.py:188} INFO - [2026-04-28T22:37:04.575+0000] {dag.py:3954} INFO - Setting next_dagrun for example_skip_dag to 2026-04-27 00:00:00+00:00, run_after=2026-04-28 00:00:00+00:00
[2026-04-28T22:37:04.593+0000] {processor.py:183} INFO - Processing /home/airflow/.local/lib/python3.12/site-packages/airflow/example_dags/example_skip_dag.py took 0.091 seconds
[2026-04-28T22:37:35.388+0000] {processor.py:161} INFO - Started process (PID=2203) to work on /home/airflow/.local/lib/python3.12/site-packages/airflow/example_dags/example_skip_dag.py
[2026-04-28T22:37:35.395+0000] {processor.py:830} INFO - Processing file /home/airflow/.local/lib/python3.12/site-packages/airflow/example_dags/example_skip_dag.py for tasks to queue
[2026-04-28T22:37:35.407+0000] {logging_mixin.py:188} INFO - [2026-04-28T22:37:35.406+0000] {dagbag.py:540} INFO - Filling up the DagBag from /home/airflow/.local/lib/python3.12/site-packages/airflow/example_dags/example_skip_dag.py
[2026-04-28T22:37:35.453+0000] {processor.py:840} INFO - DAG(s) 'example_skip_dag' retrieved from /home/airflow/.local/lib/python3.12/site-packages/airflow/example_dags/example_skip_dag.py
[2026-04-28T22:37:35.537+0000] {logging_mixin.py:188} INFO - [2026-04-28T22:37:35.537+0000] {dag.py:3096} INFO - Sync 1 DAGs
[2026-04-28T22:37:35.568+0000] {logging_mixin.py:188} INFO - [2026-04-28T22:37:35.568+0000] {dag.py:3954} INFO - Setting next_dagrun for example_skip_dag to 2026-04-27 00:00:00+00:00, run_after=2026-04-28 00:00:00+00:00
[2026-04-28T22:37:35.602+0000] {processor.py:183} INFO - Processing /home/airflow/.local/lib/python3.12/site-packages/airflow/example_dags/example_skip_dag.py took 0.235 seconds
