[2026-04-28T16:38:03.682+0000] {processor.py:161} INFO - Started process (PID=82) to work on /home/airflow/.local/lib/python3.12/site-packages/airflow/example_dags/example_short_circuit_operator.py
[2026-04-28T16:38:03.689+0000] {processor.py:830} INFO - Processing file /home/airflow/.local/lib/python3.12/site-packages/airflow/example_dags/example_short_circuit_operator.py for tasks to queue
[2026-04-28T16:38:03.697+0000] {logging_mixin.py:188} INFO - [2026-04-28T16:38:03.697+0000] {dagbag.py:540} INFO - Filling up the DagBag from /home/airflow/.local/lib/python3.12/site-packages/airflow/example_dags/example_short_circuit_operator.py
[2026-04-28T16:38:03.739+0000] {processor.py:840} INFO - DAG(s) 'example_short_circuit_operator' retrieved from /home/airflow/.local/lib/python3.12/site-packages/airflow/example_dags/example_short_circuit_operator.py
[2026-04-28T16:38:04.209+0000] {logging_mixin.py:188} INFO - [2026-04-28T16:38:04.208+0000] {dag.py:3096} INFO - Sync 1 DAGs
[2026-04-28T16:38:04.257+0000] {logging_mixin.py:188} INFO - [2026-04-28T16:38:04.256+0000] {dag.py:3954} INFO - Setting next_dagrun for example_short_circuit_operator to 2026-04-27 00:00:00+00:00, run_after=2026-04-28 00:00:00+00:00
[2026-04-28T16:38:04.357+0000] {processor.py:183} INFO - Processing /home/airflow/.local/lib/python3.12/site-packages/airflow/example_dags/example_short_circuit_operator.py took 0.706 seconds
[2026-04-28T16:38:35.492+0000] {processor.py:161} INFO - Started process (PID=142) to work on /home/airflow/.local/lib/python3.12/site-packages/airflow/example_dags/example_short_circuit_operator.py
[2026-04-28T16:38:35.494+0000] {processor.py:830} INFO - Processing file /home/airflow/.local/lib/python3.12/site-packages/airflow/example_dags/example_short_circuit_operator.py for tasks to queue
[2026-04-28T16:38:35.497+0000] {logging_mixin.py:188} INFO - [2026-04-28T16:38:35.496+0000] {dagbag.py:540} INFO - Filling up the DagBag from /home/airflow/.local/lib/python3.12/site-packages/airflow/example_dags/example_short_circuit_operator.py
[2026-04-28T16:38:35.518+0000] {processor.py:840} INFO - DAG(s) 'example_short_circuit_operator' retrieved from /home/airflow/.local/lib/python3.12/site-packages/airflow/example_dags/example_short_circuit_operator.py
[2026-04-28T16:38:35.580+0000] {logging_mixin.py:188} INFO - [2026-04-28T16:38:35.580+0000] {dag.py:3096} INFO - Sync 1 DAGs
[2026-04-28T16:38:35.677+0000] {logging_mixin.py:188} INFO - [2026-04-28T16:38:35.671+0000] {dag.py:3954} INFO - Setting next_dagrun for example_short_circuit_operator to 2026-04-27 00:00:00+00:00, run_after=2026-04-28 00:00:00+00:00
[2026-04-28T16:38:35.752+0000] {processor.py:183} INFO - Processing /home/airflow/.local/lib/python3.12/site-packages/airflow/example_dags/example_short_circuit_operator.py took 0.278 seconds
[2026-04-28T16:42:47.122+0000] {processor.py:161} INFO - Started process (PID=80) to work on /home/airflow/.local/lib/python3.12/site-packages/airflow/example_dags/example_short_circuit_operator.py
[2026-04-28T16:42:47.138+0000] {processor.py:830} INFO - Processing file /home/airflow/.local/lib/python3.12/site-packages/airflow/example_dags/example_short_circuit_operator.py for tasks to queue
[2026-04-28T16:42:47.154+0000] {logging_mixin.py:188} INFO - [2026-04-28T16:42:47.154+0000] {dagbag.py:540} INFO - Filling up the DagBag from /home/airflow/.local/lib/python3.12/site-packages/airflow/example_dags/example_short_circuit_operator.py
[2026-04-28T16:42:47.250+0000] {processor.py:840} INFO - DAG(s) 'example_short_circuit_operator' retrieved from /home/airflow/.local/lib/python3.12/site-packages/airflow/example_dags/example_short_circuit_operator.py
[2026-04-28T16:42:48.130+0000] {logging_mixin.py:188} INFO - [2026-04-28T16:42:48.130+0000] {dag.py:3096} INFO - Sync 1 DAGs
[2026-04-28T16:42:48.279+0000] {logging_mixin.py:188} INFO - [2026-04-28T16:42:48.279+0000] {dag.py:3954} INFO - Setting next_dagrun for example_short_circuit_operator to 2026-04-27 00:00:00+00:00, run_after=2026-04-28 00:00:00+00:00
[2026-04-28T16:42:48.423+0000] {processor.py:183} INFO - Processing /home/airflow/.local/lib/python3.12/site-packages/airflow/example_dags/example_short_circuit_operator.py took 1.361 seconds
[2026-04-28T16:43:19.049+0000] {processor.py:161} INFO - Started process (PID=141) to work on /home/airflow/.local/lib/python3.12/site-packages/airflow/example_dags/example_short_circuit_operator.py
[2026-04-28T16:43:19.054+0000] {processor.py:830} INFO - Processing file /home/airflow/.local/lib/python3.12/site-packages/airflow/example_dags/example_short_circuit_operator.py for tasks to queue
[2026-04-28T16:43:19.058+0000] {logging_mixin.py:188} INFO - [2026-04-28T16:43:19.057+0000] {dagbag.py:540} INFO - Filling up the DagBag from /home/airflow/.local/lib/python3.12/site-packages/airflow/example_dags/example_short_circuit_operator.py
[2026-04-28T16:43:19.073+0000] {processor.py:840} INFO - DAG(s) 'example_short_circuit_operator' retrieved from /home/airflow/.local/lib/python3.12/site-packages/airflow/example_dags/example_short_circuit_operator.py
[2026-04-28T16:43:19.135+0000] {logging_mixin.py:188} INFO - [2026-04-28T16:43:19.134+0000] {dag.py:3096} INFO - Sync 1 DAGs
[2026-04-28T16:43:19.331+0000] {logging_mixin.py:188} INFO - [2026-04-28T16:43:19.331+0000] {dag.py:3954} INFO - Setting next_dagrun for example_short_circuit_operator to 2026-04-27 00:00:00+00:00, run_after=2026-04-28 00:00:00+00:00
[2026-04-28T16:43:19.475+0000] {processor.py:183} INFO - Processing /home/airflow/.local/lib/python3.12/site-packages/airflow/example_dags/example_short_circuit_operator.py took 0.445 seconds
[2026-04-28T16:43:50.481+0000] {processor.py:161} INFO - Started process (PID=201) to work on /home/airflow/.local/lib/python3.12/site-packages/airflow/example_dags/example_short_circuit_operator.py
[2026-04-28T16:43:50.483+0000] {processor.py:830} INFO - Processing file /home/airflow/.local/lib/python3.12/site-packages/airflow/example_dags/example_short_circuit_operator.py for tasks to queue
[2026-04-28T16:43:50.486+0000] {logging_mixin.py:188} INFO - [2026-04-28T16:43:50.485+0000] {dagbag.py:540} INFO - Filling up the DagBag from /home/airflow/.local/lib/python3.12/site-packages/airflow/example_dags/example_short_circuit_operator.py
[2026-04-28T16:43:50.497+0000] {processor.py:840} INFO - DAG(s) 'example_short_circuit_operator' retrieved from /home/airflow/.local/lib/python3.12/site-packages/airflow/example_dags/example_short_circuit_operator.py
[2026-04-28T16:43:50.532+0000] {logging_mixin.py:188} INFO - [2026-04-28T16:43:50.532+0000] {dag.py:3096} INFO - Sync 1 DAGs
[2026-04-28T16:43:50.573+0000] {logging_mixin.py:188} INFO - [2026-04-28T16:43:50.573+0000] {dag.py:3954} INFO - Setting next_dagrun for example_short_circuit_operator to 2026-04-27 00:00:00+00:00, run_after=2026-04-28 00:00:00+00:00
[2026-04-28T16:43:50.603+0000] {processor.py:183} INFO - Processing /home/airflow/.local/lib/python3.12/site-packages/airflow/example_dags/example_short_circuit_operator.py took 0.138 seconds
[2026-04-28T16:44:20.842+0000] {processor.py:161} INFO - Started process (PID=261) to work on /home/airflow/.local/lib/python3.12/site-packages/airflow/example_dags/example_short_circuit_operator.py
[2026-04-28T16:44:20.844+0000] {processor.py:830} INFO - Processing file /home/airflow/.local/lib/python3.12/site-packages/airflow/example_dags/example_short_circuit_operator.py for tasks to queue
[2026-04-28T16:44:20.848+0000] {logging_mixin.py:188} INFO - [2026-04-28T16:44:20.846+0000] {dagbag.py:540} INFO - Filling up the DagBag from /home/airflow/.local/lib/python3.12/site-packages/airflow/example_dags/example_short_circuit_operator.py
[2026-04-28T16:44:20.857+0000] {processor.py:840} INFO - DAG(s) 'example_short_circuit_operator' retrieved from /home/airflow/.local/lib/python3.12/site-packages/airflow/example_dags/example_short_circuit_operator.py
[2026-04-28T16:44:20.885+0000] {logging_mixin.py:188} INFO - [2026-04-28T16:44:20.885+0000] {dag.py:3096} INFO - Sync 1 DAGs
[2026-04-28T16:44:20.911+0000] {logging_mixin.py:188} INFO - [2026-04-28T16:44:20.910+0000] {dag.py:3954} INFO - Setting next_dagrun for example_short_circuit_operator to 2026-04-27 00:00:00+00:00, run_after=2026-04-28 00:00:00+00:00
[2026-04-28T16:44:20.935+0000] {processor.py:183} INFO - Processing /home/airflow/.local/lib/python3.12/site-packages/airflow/example_dags/example_short_circuit_operator.py took 0.112 seconds
[2026-04-28T16:44:51.184+0000] {processor.py:161} INFO - Started process (PID=322) to work on /home/airflow/.local/lib/python3.12/site-packages/airflow/example_dags/example_short_circuit_operator.py
[2026-04-28T16:44:51.185+0000] {processor.py:830} INFO - Processing file /home/airflow/.local/lib/python3.12/site-packages/airflow/example_dags/example_short_circuit_operator.py for tasks to queue
[2026-04-28T16:44:51.187+0000] {logging_mixin.py:188} INFO - [2026-04-28T16:44:51.186+0000] {dagbag.py:540} INFO - Filling up the DagBag from /home/airflow/.local/lib/python3.12/site-packages/airflow/example_dags/example_short_circuit_operator.py
[2026-04-28T16:44:51.195+0000] {processor.py:840} INFO - DAG(s) 'example_short_circuit_operator' retrieved from /home/airflow/.local/lib/python3.12/site-packages/airflow/example_dags/example_short_circuit_operator.py
[2026-04-28T16:44:51.231+0000] {logging_mixin.py:188} INFO - [2026-04-28T16:44:51.230+0000] {dag.py:3096} INFO - Sync 1 DAGs
[2026-04-28T16:44:51.256+0000] {logging_mixin.py:188} INFO - [2026-04-28T16:44:51.255+0000] {dag.py:3954} INFO - Setting next_dagrun for example_short_circuit_operator to 2026-04-27 00:00:00+00:00, run_after=2026-04-28 00:00:00+00:00
[2026-04-28T16:44:51.276+0000] {processor.py:183} INFO - Processing /home/airflow/.local/lib/python3.12/site-packages/airflow/example_dags/example_short_circuit_operator.py took 0.099 seconds
[2026-04-28T16:45:21.405+0000] {processor.py:161} INFO - Started process (PID=383) to work on /home/airflow/.local/lib/python3.12/site-packages/airflow/example_dags/example_short_circuit_operator.py
[2026-04-28T16:45:21.406+0000] {processor.py:830} INFO - Processing file /home/airflow/.local/lib/python3.12/site-packages/airflow/example_dags/example_short_circuit_operator.py for tasks to queue
[2026-04-28T16:45:21.409+0000] {logging_mixin.py:188} INFO - [2026-04-28T16:45:21.408+0000] {dagbag.py:540} INFO - Filling up the DagBag from /home/airflow/.local/lib/python3.12/site-packages/airflow/example_dags/example_short_circuit_operator.py
[2026-04-28T16:45:21.419+0000] {processor.py:840} INFO - DAG(s) 'example_short_circuit_operator' retrieved from /home/airflow/.local/lib/python3.12/site-packages/airflow/example_dags/example_short_circuit_operator.py
[2026-04-28T16:45:21.439+0000] {logging_mixin.py:188} INFO - [2026-04-28T16:45:21.439+0000] {dag.py:3096} INFO - Sync 1 DAGs
[2026-04-28T16:45:21.458+0000] {logging_mixin.py:188} INFO - [2026-04-28T16:45:21.458+0000] {dag.py:3954} INFO - Setting next_dagrun for example_short_circuit_operator to 2026-04-27 00:00:00+00:00, run_after=2026-04-28 00:00:00+00:00
[2026-04-28T16:45:21.473+0000] {processor.py:183} INFO - Processing /home/airflow/.local/lib/python3.12/site-packages/airflow/example_dags/example_short_circuit_operator.py took 0.075 seconds
[2026-04-28T16:45:52.323+0000] {processor.py:161} INFO - Started process (PID=442) to work on /home/airflow/.local/lib/python3.12/site-packages/airflow/example_dags/example_short_circuit_operator.py
[2026-04-28T16:45:52.325+0000] {processor.py:830} INFO - Processing file /home/airflow/.local/lib/python3.12/site-packages/airflow/example_dags/example_short_circuit_operator.py for tasks to queue
[2026-04-28T16:45:52.329+0000] {logging_mixin.py:188} INFO - [2026-04-28T16:45:52.328+0000] {dagbag.py:540} INFO - Filling up the DagBag from /home/airflow/.local/lib/python3.12/site-packages/airflow/example_dags/example_short_circuit_operator.py
[2026-04-28T16:45:52.340+0000] {processor.py:840} INFO - DAG(s) 'example_short_circuit_operator' retrieved from /home/airflow/.local/lib/python3.12/site-packages/airflow/example_dags/example_short_circuit_operator.py
[2026-04-28T16:45:52.374+0000] {logging_mixin.py:188} INFO - [2026-04-28T16:45:52.374+0000] {dag.py:3096} INFO - Sync 1 DAGs
[2026-04-28T16:45:52.410+0000] {logging_mixin.py:188} INFO - [2026-04-28T16:45:52.409+0000] {dag.py:3954} INFO - Setting next_dagrun for example_short_circuit_operator to 2026-04-27 00:00:00+00:00, run_after=2026-04-28 00:00:00+00:00
[2026-04-28T16:45:52.439+0000] {processor.py:183} INFO - Processing /home/airflow/.local/lib/python3.12/site-packages/airflow/example_dags/example_short_circuit_operator.py took 0.134 seconds
[2026-04-28T16:46:22.763+0000] {processor.py:161} INFO - Started process (PID=502) to work on /home/airflow/.local/lib/python3.12/site-packages/airflow/example_dags/example_short_circuit_operator.py
[2026-04-28T16:46:22.765+0000] {processor.py:830} INFO - Processing file /home/airflow/.local/lib/python3.12/site-packages/airflow/example_dags/example_short_circuit_operator.py for tasks to queue
[2026-04-28T16:46:22.770+0000] {logging_mixin.py:188} INFO - [2026-04-28T16:46:22.767+0000] {dagbag.py:540} INFO - Filling up the DagBag from /home/airflow/.local/lib/python3.12/site-packages/airflow/example_dags/example_short_circuit_operator.py
[2026-04-28T16:46:22.789+0000] {processor.py:840} INFO - DAG(s) 'example_short_circuit_operator' retrieved from /home/airflow/.local/lib/python3.12/site-packages/airflow/example_dags/example_short_circuit_operator.py
[2026-04-28T16:46:22.836+0000] {logging_mixin.py:188} INFO - [2026-04-28T16:46:22.836+0000] {dag.py:3096} INFO - Sync 1 DAGs
[2026-04-28T16:46:22.866+0000] {logging_mixin.py:188} INFO - [2026-04-28T16:46:22.865+0000] {dag.py:3954} INFO - Setting next_dagrun for example_short_circuit_operator to 2026-04-27 00:00:00+00:00, run_after=2026-04-28 00:00:00+00:00
[2026-04-28T16:46:22.917+0000] {processor.py:183} INFO - Processing /home/airflow/.local/lib/python3.12/site-packages/airflow/example_dags/example_short_circuit_operator.py took 0.166 seconds
[2026-04-28T16:46:53.017+0000] {processor.py:161} INFO - Started process (PID=561) to work on /home/airflow/.local/lib/python3.12/site-packages/airflow/example_dags/example_short_circuit_operator.py
[2026-04-28T16:46:53.021+0000] {processor.py:830} INFO - Processing file /home/airflow/.local/lib/python3.12/site-packages/airflow/example_dags/example_short_circuit_operator.py for tasks to queue
[2026-04-28T16:46:53.027+0000] {logging_mixin.py:188} INFO - [2026-04-28T16:46:53.026+0000] {dagbag.py:540} INFO - Filling up the DagBag from /home/airflow/.local/lib/python3.12/site-packages/airflow/example_dags/example_short_circuit_operator.py
[2026-04-28T16:46:53.061+0000] {processor.py:840} INFO - DAG(s) 'example_short_circuit_operator' retrieved from /home/airflow/.local/lib/python3.12/site-packages/airflow/example_dags/example_short_circuit_operator.py
[2026-04-28T16:46:53.190+0000] {logging_mixin.py:188} INFO - [2026-04-28T16:46:53.189+0000] {dag.py:3096} INFO - Sync 1 DAGs
[2026-04-28T16:46:53.363+0000] {logging_mixin.py:188} INFO - [2026-04-28T16:46:53.363+0000] {dag.py:3954} INFO - Setting next_dagrun for example_short_circuit_operator to 2026-04-27 00:00:00+00:00, run_after=2026-04-28 00:00:00+00:00
[2026-04-28T16:46:53.543+0000] {processor.py:183} INFO - Processing /home/airflow/.local/lib/python3.12/site-packages/airflow/example_dags/example_short_circuit_operator.py took 0.550 seconds
[2026-04-28T16:47:23.643+0000] {processor.py:161} INFO - Started process (PID=621) to work on /home/airflow/.local/lib/python3.12/site-packages/airflow/example_dags/example_short_circuit_operator.py
[2026-04-28T16:47:23.643+0000] {processor.py:830} INFO - Processing file /home/airflow/.local/lib/python3.12/site-packages/airflow/example_dags/example_short_circuit_operator.py for tasks to queue
[2026-04-28T16:47:23.645+0000] {logging_mixin.py:188} INFO - [2026-04-28T16:47:23.645+0000] {dagbag.py:540} INFO - Filling up the DagBag from /home/airflow/.local/lib/python3.12/site-packages/airflow/example_dags/example_short_circuit_operator.py
[2026-04-28T16:47:23.654+0000] {processor.py:840} INFO - DAG(s) 'example_short_circuit_operator' retrieved from /home/airflow/.local/lib/python3.12/site-packages/airflow/example_dags/example_short_circuit_operator.py
[2026-04-28T16:47:23.683+0000] {logging_mixin.py:188} INFO - [2026-04-28T16:47:23.682+0000] {dag.py:3096} INFO - Sync 1 DAGs
[2026-04-28T16:47:23.707+0000] {logging_mixin.py:188} INFO - [2026-04-28T16:47:23.707+0000] {dag.py:3954} INFO - Setting next_dagrun for example_short_circuit_operator to 2026-04-27 00:00:00+00:00, run_after=2026-04-28 00:00:00+00:00
[2026-04-28T16:47:23.728+0000] {processor.py:183} INFO - Processing /home/airflow/.local/lib/python3.12/site-packages/airflow/example_dags/example_short_circuit_operator.py took 0.092 seconds
[2026-04-28T16:47:53.773+0000] {processor.py:161} INFO - Started process (PID=681) to work on /home/airflow/.local/lib/python3.12/site-packages/airflow/example_dags/example_short_circuit_operator.py
[2026-04-28T16:47:53.774+0000] {processor.py:830} INFO - Processing file /home/airflow/.local/lib/python3.12/site-packages/airflow/example_dags/example_short_circuit_operator.py for tasks to queue
[2026-04-28T16:47:53.776+0000] {logging_mixin.py:188} INFO - [2026-04-28T16:47:53.775+0000] {dagbag.py:540} INFO - Filling up the DagBag from /home/airflow/.local/lib/python3.12/site-packages/airflow/example_dags/example_short_circuit_operator.py
[2026-04-28T16:47:53.784+0000] {processor.py:840} INFO - DAG(s) 'example_short_circuit_operator' retrieved from /home/airflow/.local/lib/python3.12/site-packages/airflow/example_dags/example_short_circuit_operator.py
[2026-04-28T16:47:53.812+0000] {logging_mixin.py:188} INFO - [2026-04-28T16:47:53.812+0000] {dag.py:3096} INFO - Sync 1 DAGs
[2026-04-28T16:47:53.836+0000] {logging_mixin.py:188} INFO - [2026-04-28T16:47:53.836+0000] {dag.py:3954} INFO - Setting next_dagrun for example_short_circuit_operator to 2026-04-27 00:00:00+00:00, run_after=2026-04-28 00:00:00+00:00
[2026-04-28T16:47:53.855+0000] {processor.py:183} INFO - Processing /home/airflow/.local/lib/python3.12/site-packages/airflow/example_dags/example_short_circuit_operator.py took 0.089 seconds
[2026-04-28T16:48:24.227+0000] {processor.py:161} INFO - Started process (PID=741) to work on /home/airflow/.local/lib/python3.12/site-packages/airflow/example_dags/example_short_circuit_operator.py
[2026-04-28T16:48:24.227+0000] {processor.py:830} INFO - Processing file /home/airflow/.local/lib/python3.12/site-packages/airflow/example_dags/example_short_circuit_operator.py for tasks to queue
[2026-04-28T16:48:24.229+0000] {logging_mixin.py:188} INFO - [2026-04-28T16:48:24.229+0000] {dagbag.py:540} INFO - Filling up the DagBag from /home/airflow/.local/lib/python3.12/site-packages/airflow/example_dags/example_short_circuit_operator.py
[2026-04-28T16:48:24.238+0000] {processor.py:840} INFO - DAG(s) 'example_short_circuit_operator' retrieved from /home/airflow/.local/lib/python3.12/site-packages/airflow/example_dags/example_short_circuit_operator.py
[2026-04-28T16:48:24.268+0000] {logging_mixin.py:188} INFO - [2026-04-28T16:48:24.267+0000] {dag.py:3096} INFO - Sync 1 DAGs
[2026-04-28T16:48:24.293+0000] {logging_mixin.py:188} INFO - [2026-04-28T16:48:24.292+0000] {dag.py:3954} INFO - Setting next_dagrun for example_short_circuit_operator to 2026-04-27 00:00:00+00:00, run_after=2026-04-28 00:00:00+00:00
[2026-04-28T16:48:24.312+0000] {processor.py:183} INFO - Processing /home/airflow/.local/lib/python3.12/site-packages/airflow/example_dags/example_short_circuit_operator.py took 0.092 seconds
[2026-04-28T17:25:25.845+0000] {processor.py:161} INFO - Started process (PID=74) to work on /home/airflow/.local/lib/python3.12/site-packages/airflow/example_dags/example_short_circuit_operator.py
[2026-04-28T17:25:25.851+0000] {processor.py:830} INFO - Processing file /home/airflow/.local/lib/python3.12/site-packages/airflow/example_dags/example_short_circuit_operator.py for tasks to queue
[2026-04-28T17:25:25.853+0000] {logging_mixin.py:188} INFO - [2026-04-28T17:25:25.853+0000] {dagbag.py:540} INFO - Filling up the DagBag from /home/airflow/.local/lib/python3.12/site-packages/airflow/example_dags/example_short_circuit_operator.py
[2026-04-28T17:25:25.885+0000] {processor.py:840} INFO - DAG(s) 'example_short_circuit_operator' retrieved from /home/airflow/.local/lib/python3.12/site-packages/airflow/example_dags/example_short_circuit_operator.py
[2026-04-28T17:25:25.992+0000] {logging_mixin.py:188} INFO - [2026-04-28T17:25:25.992+0000] {dag.py:3096} INFO - Sync 1 DAGs
[2026-04-28T17:25:26.064+0000] {logging_mixin.py:188} INFO - [2026-04-28T17:25:26.064+0000] {dag.py:3954} INFO - Setting next_dagrun for example_short_circuit_operator to 2026-04-27 00:00:00+00:00, run_after=2026-04-28 00:00:00+00:00
[2026-04-28T17:25:26.139+0000] {processor.py:183} INFO - Processing /home/airflow/.local/lib/python3.12/site-packages/airflow/example_dags/example_short_circuit_operator.py took 0.302 seconds
[2026-04-28T17:25:56.932+0000] {processor.py:161} INFO - Started process (PID=134) to work on /home/airflow/.local/lib/python3.12/site-packages/airflow/example_dags/example_short_circuit_operator.py
[2026-04-28T17:25:56.937+0000] {processor.py:830} INFO - Processing file /home/airflow/.local/lib/python3.12/site-packages/airflow/example_dags/example_short_circuit_operator.py for tasks to queue
[2026-04-28T17:25:56.941+0000] {logging_mixin.py:188} INFO - [2026-04-28T17:25:56.938+0000] {dagbag.py:540} INFO - Filling up the DagBag from /home/airflow/.local/lib/python3.12/site-packages/airflow/example_dags/example_short_circuit_operator.py
[2026-04-28T17:25:56.958+0000] {processor.py:840} INFO - DAG(s) 'example_short_circuit_operator' retrieved from /home/airflow/.local/lib/python3.12/site-packages/airflow/example_dags/example_short_circuit_operator.py
[2026-04-28T17:25:57.035+0000] {logging_mixin.py:188} INFO - [2026-04-28T17:25:57.035+0000] {dag.py:3096} INFO - Sync 1 DAGs
[2026-04-28T17:25:57.087+0000] {logging_mixin.py:188} INFO - [2026-04-28T17:25:57.087+0000] {dag.py:3954} INFO - Setting next_dagrun for example_short_circuit_operator to 2026-04-27 00:00:00+00:00, run_after=2026-04-28 00:00:00+00:00
[2026-04-28T17:25:57.107+0000] {processor.py:183} INFO - Processing /home/airflow/.local/lib/python3.12/site-packages/airflow/example_dags/example_short_circuit_operator.py took 0.198 seconds
[2026-04-28T17:26:28.061+0000] {processor.py:161} INFO - Started process (PID=194) to work on /home/airflow/.local/lib/python3.12/site-packages/airflow/example_dags/example_short_circuit_operator.py
[2026-04-28T17:26:28.077+0000] {processor.py:830} INFO - Processing file /home/airflow/.local/lib/python3.12/site-packages/airflow/example_dags/example_short_circuit_operator.py for tasks to queue
[2026-04-28T17:26:28.084+0000] {logging_mixin.py:188} INFO - [2026-04-28T17:26:28.082+0000] {dagbag.py:540} INFO - Filling up the DagBag from /home/airflow/.local/lib/python3.12/site-packages/airflow/example_dags/example_short_circuit_operator.py
[2026-04-28T17:26:28.099+0000] {processor.py:840} INFO - DAG(s) 'example_short_circuit_operator' retrieved from /home/airflow/.local/lib/python3.12/site-packages/airflow/example_dags/example_short_circuit_operator.py
[2026-04-28T17:26:28.280+0000] {logging_mixin.py:188} INFO - [2026-04-28T17:26:28.279+0000] {dag.py:3096} INFO - Sync 1 DAGs
[2026-04-28T17:26:28.354+0000] {logging_mixin.py:188} INFO - [2026-04-28T17:26:28.354+0000] {dag.py:3954} INFO - Setting next_dagrun for example_short_circuit_operator to 2026-04-27 00:00:00+00:00, run_after=2026-04-28 00:00:00+00:00
[2026-04-28T17:26:28.419+0000] {processor.py:183} INFO - Processing /home/airflow/.local/lib/python3.12/site-packages/airflow/example_dags/example_short_circuit_operator.py took 0.403 seconds
[2026-04-28T17:26:58.898+0000] {processor.py:161} INFO - Started process (PID=254) to work on /home/airflow/.local/lib/python3.12/site-packages/airflow/example_dags/example_short_circuit_operator.py
[2026-04-28T17:26:58.899+0000] {processor.py:830} INFO - Processing file /home/airflow/.local/lib/python3.12/site-packages/airflow/example_dags/example_short_circuit_operator.py for tasks to queue
[2026-04-28T17:26:58.901+0000] {logging_mixin.py:188} INFO - [2026-04-28T17:26:58.900+0000] {dagbag.py:540} INFO - Filling up the DagBag from /home/airflow/.local/lib/python3.12/site-packages/airflow/example_dags/example_short_circuit_operator.py
[2026-04-28T17:26:58.907+0000] {processor.py:840} INFO - DAG(s) 'example_short_circuit_operator' retrieved from /home/airflow/.local/lib/python3.12/site-packages/airflow/example_dags/example_short_circuit_operator.py
[2026-04-28T17:26:58.926+0000] {logging_mixin.py:188} INFO - [2026-04-28T17:26:58.926+0000] {dag.py:3096} INFO - Sync 1 DAGs
[2026-04-28T17:26:58.944+0000] {logging_mixin.py:188} INFO - [2026-04-28T17:26:58.944+0000] {dag.py:3954} INFO - Setting next_dagrun for example_short_circuit_operator to 2026-04-27 00:00:00+00:00, run_after=2026-04-28 00:00:00+00:00
[2026-04-28T17:26:58.959+0000] {processor.py:183} INFO - Processing /home/airflow/.local/lib/python3.12/site-packages/airflow/example_dags/example_short_circuit_operator.py took 0.065 seconds
[2026-04-28T17:27:29.677+0000] {processor.py:161} INFO - Started process (PID=313) to work on /home/airflow/.local/lib/python3.12/site-packages/airflow/example_dags/example_short_circuit_operator.py
[2026-04-28T17:27:29.681+0000] {processor.py:830} INFO - Processing file /home/airflow/.local/lib/python3.12/site-packages/airflow/example_dags/example_short_circuit_operator.py for tasks to queue
[2026-04-28T17:27:29.687+0000] {logging_mixin.py:188} INFO - [2026-04-28T17:27:29.684+0000] {dagbag.py:540} INFO - Filling up the DagBag from /home/airflow/.local/lib/python3.12/site-packages/airflow/example_dags/example_short_circuit_operator.py
[2026-04-28T17:27:29.710+0000] {processor.py:840} INFO - DAG(s) 'example_short_circuit_operator' retrieved from /home/airflow/.local/lib/python3.12/site-packages/airflow/example_dags/example_short_circuit_operator.py
[2026-04-28T17:27:29.739+0000] {logging_mixin.py:188} INFO - [2026-04-28T17:27:29.739+0000] {dag.py:3096} INFO - Sync 1 DAGs
[2026-04-28T17:27:29.766+0000] {logging_mixin.py:188} INFO - [2026-04-28T17:27:29.766+0000] {dag.py:3954} INFO - Setting next_dagrun for example_short_circuit_operator to 2026-04-27 00:00:00+00:00, run_after=2026-04-28 00:00:00+00:00
[2026-04-28T17:27:29.786+0000] {processor.py:183} INFO - Processing /home/airflow/.local/lib/python3.12/site-packages/airflow/example_dags/example_short_circuit_operator.py took 0.117 seconds
[2026-04-28T17:27:59.874+0000] {processor.py:161} INFO - Started process (PID=372) to work on /home/airflow/.local/lib/python3.12/site-packages/airflow/example_dags/example_short_circuit_operator.py
[2026-04-28T17:27:59.875+0000] {processor.py:830} INFO - Processing file /home/airflow/.local/lib/python3.12/site-packages/airflow/example_dags/example_short_circuit_operator.py for tasks to queue
[2026-04-28T17:27:59.877+0000] {logging_mixin.py:188} INFO - [2026-04-28T17:27:59.877+0000] {dagbag.py:540} INFO - Filling up the DagBag from /home/airflow/.local/lib/python3.12/site-packages/airflow/example_dags/example_short_circuit_operator.py
[2026-04-28T17:27:59.886+0000] {processor.py:840} INFO - DAG(s) 'example_short_circuit_operator' retrieved from /home/airflow/.local/lib/python3.12/site-packages/airflow/example_dags/example_short_circuit_operator.py
[2026-04-28T17:27:59.916+0000] {logging_mixin.py:188} INFO - [2026-04-28T17:27:59.916+0000] {dag.py:3096} INFO - Sync 1 DAGs
[2026-04-28T17:27:59.943+0000] {logging_mixin.py:188} INFO - [2026-04-28T17:27:59.942+0000] {dag.py:3954} INFO - Setting next_dagrun for example_short_circuit_operator to 2026-04-27 00:00:00+00:00, run_after=2026-04-28 00:00:00+00:00
[2026-04-28T17:27:59.961+0000] {processor.py:183} INFO - Processing /home/airflow/.local/lib/python3.12/site-packages/airflow/example_dags/example_short_circuit_operator.py took 0.093 seconds
[2026-04-28T17:28:30.281+0000] {processor.py:161} INFO - Started process (PID=432) to work on /home/airflow/.local/lib/python3.12/site-packages/airflow/example_dags/example_short_circuit_operator.py
[2026-04-28T17:28:30.282+0000] {processor.py:830} INFO - Processing file /home/airflow/.local/lib/python3.12/site-packages/airflow/example_dags/example_short_circuit_operator.py for tasks to queue
[2026-04-28T17:28:30.283+0000] {logging_mixin.py:188} INFO - [2026-04-28T17:28:30.283+0000] {dagbag.py:540} INFO - Filling up the DagBag from /home/airflow/.local/lib/python3.12/site-packages/airflow/example_dags/example_short_circuit_operator.py
[2026-04-28T17:28:30.289+0000] {processor.py:840} INFO - DAG(s) 'example_short_circuit_operator' retrieved from /home/airflow/.local/lib/python3.12/site-packages/airflow/example_dags/example_short_circuit_operator.py
[2026-04-28T17:28:30.308+0000] {logging_mixin.py:188} INFO - [2026-04-28T17:28:30.308+0000] {dag.py:3096} INFO - Sync 1 DAGs
[2026-04-28T17:28:30.326+0000] {logging_mixin.py:188} INFO - [2026-04-28T17:28:30.326+0000] {dag.py:3954} INFO - Setting next_dagrun for example_short_circuit_operator to 2026-04-27 00:00:00+00:00, run_after=2026-04-28 00:00:00+00:00
[2026-04-28T17:28:30.340+0000] {processor.py:183} INFO - Processing /home/airflow/.local/lib/python3.12/site-packages/airflow/example_dags/example_short_circuit_operator.py took 0.064 seconds
[2026-04-28T17:29:00.773+0000] {processor.py:161} INFO - Started process (PID=492) to work on /home/airflow/.local/lib/python3.12/site-packages/airflow/example_dags/example_short_circuit_operator.py
[2026-04-28T17:29:00.774+0000] {processor.py:830} INFO - Processing file /home/airflow/.local/lib/python3.12/site-packages/airflow/example_dags/example_short_circuit_operator.py for tasks to queue
[2026-04-28T17:29:00.775+0000] {logging_mixin.py:188} INFO - [2026-04-28T17:29:00.775+0000] {dagbag.py:540} INFO - Filling up the DagBag from /home/airflow/.local/lib/python3.12/site-packages/airflow/example_dags/example_short_circuit_operator.py
[2026-04-28T17:29:00.781+0000] {processor.py:840} INFO - DAG(s) 'example_short_circuit_operator' retrieved from /home/airflow/.local/lib/python3.12/site-packages/airflow/example_dags/example_short_circuit_operator.py
[2026-04-28T17:29:00.802+0000] {logging_mixin.py:188} INFO - [2026-04-28T17:29:00.802+0000] {dag.py:3096} INFO - Sync 1 DAGs
[2026-04-28T17:29:00.821+0000] {logging_mixin.py:188} INFO - [2026-04-28T17:29:00.821+0000] {dag.py:3954} INFO - Setting next_dagrun for example_short_circuit_operator to 2026-04-27 00:00:00+00:00, run_after=2026-04-28 00:00:00+00:00
[2026-04-28T17:29:00.837+0000] {processor.py:183} INFO - Processing /home/airflow/.local/lib/python3.12/site-packages/airflow/example_dags/example_short_circuit_operator.py took 0.069 seconds
[2026-04-28T17:29:31.452+0000] {processor.py:161} INFO - Started process (PID=552) to work on /home/airflow/.local/lib/python3.12/site-packages/airflow/example_dags/example_short_circuit_operator.py
[2026-04-28T17:29:31.453+0000] {processor.py:830} INFO - Processing file /home/airflow/.local/lib/python3.12/site-packages/airflow/example_dags/example_short_circuit_operator.py for tasks to queue
[2026-04-28T17:29:31.455+0000] {logging_mixin.py:188} INFO - [2026-04-28T17:29:31.455+0000] {dagbag.py:540} INFO - Filling up the DagBag from /home/airflow/.local/lib/python3.12/site-packages/airflow/example_dags/example_short_circuit_operator.py
[2026-04-28T17:29:31.464+0000] {processor.py:840} INFO - DAG(s) 'example_short_circuit_operator' retrieved from /home/airflow/.local/lib/python3.12/site-packages/airflow/example_dags/example_short_circuit_operator.py
[2026-04-28T17:29:31.487+0000] {logging_mixin.py:188} INFO - [2026-04-28T17:29:31.486+0000] {dag.py:3096} INFO - Sync 1 DAGs
[2026-04-28T17:29:31.509+0000] {logging_mixin.py:188} INFO - [2026-04-28T17:29:31.509+0000] {dag.py:3954} INFO - Setting next_dagrun for example_short_circuit_operator to 2026-04-27 00:00:00+00:00, run_after=2026-04-28 00:00:00+00:00
[2026-04-28T17:29:31.525+0000] {processor.py:183} INFO - Processing /home/airflow/.local/lib/python3.12/site-packages/airflow/example_dags/example_short_circuit_operator.py took 0.079 seconds
[2026-04-28T17:30:02.224+0000] {processor.py:161} INFO - Started process (PID=613) to work on /home/airflow/.local/lib/python3.12/site-packages/airflow/example_dags/example_short_circuit_operator.py
[2026-04-28T17:30:02.229+0000] {processor.py:830} INFO - Processing file /home/airflow/.local/lib/python3.12/site-packages/airflow/example_dags/example_short_circuit_operator.py for tasks to queue
[2026-04-28T17:30:02.233+0000] {logging_mixin.py:188} INFO - [2026-04-28T17:30:02.230+0000] {dagbag.py:540} INFO - Filling up the DagBag from /home/airflow/.local/lib/python3.12/site-packages/airflow/example_dags/example_short_circuit_operator.py
[2026-04-28T17:30:02.249+0000] {processor.py:840} INFO - DAG(s) 'example_short_circuit_operator' retrieved from /home/airflow/.local/lib/python3.12/site-packages/airflow/example_dags/example_short_circuit_operator.py
[2026-04-28T17:30:02.312+0000] {logging_mixin.py:188} INFO - [2026-04-28T17:30:02.312+0000] {dag.py:3096} INFO - Sync 1 DAGs
[2026-04-28T17:30:02.369+0000] {logging_mixin.py:188} INFO - [2026-04-28T17:30:02.369+0000] {dag.py:3954} INFO - Setting next_dagrun for example_short_circuit_operator to 2026-04-27 00:00:00+00:00, run_after=2026-04-28 00:00:00+00:00
[2026-04-28T17:30:02.414+0000] {processor.py:183} INFO - Processing /home/airflow/.local/lib/python3.12/site-packages/airflow/example_dags/example_short_circuit_operator.py took 0.204 seconds
[2026-04-28T17:30:32.700+0000] {processor.py:161} INFO - Started process (PID=673) to work on /home/airflow/.local/lib/python3.12/site-packages/airflow/example_dags/example_short_circuit_operator.py
[2026-04-28T17:30:32.701+0000] {processor.py:830} INFO - Processing file /home/airflow/.local/lib/python3.12/site-packages/airflow/example_dags/example_short_circuit_operator.py for tasks to queue
[2026-04-28T17:30:32.707+0000] {logging_mixin.py:188} INFO - [2026-04-28T17:30:32.707+0000] {dagbag.py:540} INFO - Filling up the DagBag from /home/airflow/.local/lib/python3.12/site-packages/airflow/example_dags/example_short_circuit_operator.py
[2026-04-28T17:30:32.729+0000] {processor.py:840} INFO - DAG(s) 'example_short_circuit_operator' retrieved from /home/airflow/.local/lib/python3.12/site-packages/airflow/example_dags/example_short_circuit_operator.py
[2026-04-28T17:30:32.789+0000] {logging_mixin.py:188} INFO - [2026-04-28T17:30:32.789+0000] {dag.py:3096} INFO - Sync 1 DAGs
[2026-04-28T17:30:32.846+0000] {logging_mixin.py:188} INFO - [2026-04-28T17:30:32.846+0000] {dag.py:3954} INFO - Setting next_dagrun for example_short_circuit_operator to 2026-04-27 00:00:00+00:00, run_after=2026-04-28 00:00:00+00:00
[2026-04-28T17:30:32.894+0000] {processor.py:183} INFO - Processing /home/airflow/.local/lib/python3.12/site-packages/airflow/example_dags/example_short_circuit_operator.py took 0.215 seconds
[2026-04-28T17:31:03.679+0000] {processor.py:161} INFO - Started process (PID=733) to work on /home/airflow/.local/lib/python3.12/site-packages/airflow/example_dags/example_short_circuit_operator.py
[2026-04-28T17:31:03.680+0000] {processor.py:830} INFO - Processing file /home/airflow/.local/lib/python3.12/site-packages/airflow/example_dags/example_short_circuit_operator.py for tasks to queue
[2026-04-28T17:31:03.682+0000] {logging_mixin.py:188} INFO - [2026-04-28T17:31:03.682+0000] {dagbag.py:540} INFO - Filling up the DagBag from /home/airflow/.local/lib/python3.12/site-packages/airflow/example_dags/example_short_circuit_operator.py
[2026-04-28T17:31:03.691+0000] {processor.py:840} INFO - DAG(s) 'example_short_circuit_operator' retrieved from /home/airflow/.local/lib/python3.12/site-packages/airflow/example_dags/example_short_circuit_operator.py
[2026-04-28T17:31:03.719+0000] {logging_mixin.py:188} INFO - [2026-04-28T17:31:03.719+0000] {dag.py:3096} INFO - Sync 1 DAGs
[2026-04-28T17:31:03.746+0000] {logging_mixin.py:188} INFO - [2026-04-28T17:31:03.746+0000] {dag.py:3954} INFO - Setting next_dagrun for example_short_circuit_operator to 2026-04-27 00:00:00+00:00, run_after=2026-04-28 00:00:00+00:00
[2026-04-28T17:31:03.768+0000] {processor.py:183} INFO - Processing /home/airflow/.local/lib/python3.12/site-packages/airflow/example_dags/example_short_circuit_operator.py took 0.095 seconds
[2026-04-28T17:31:34.195+0000] {processor.py:161} INFO - Started process (PID=792) to work on /home/airflow/.local/lib/python3.12/site-packages/airflow/example_dags/example_short_circuit_operator.py
[2026-04-28T17:31:34.196+0000] {processor.py:830} INFO - Processing file /home/airflow/.local/lib/python3.12/site-packages/airflow/example_dags/example_short_circuit_operator.py for tasks to queue
[2026-04-28T17:31:34.198+0000] {logging_mixin.py:188} INFO - [2026-04-28T17:31:34.197+0000] {dagbag.py:540} INFO - Filling up the DagBag from /home/airflow/.local/lib/python3.12/site-packages/airflow/example_dags/example_short_circuit_operator.py
[2026-04-28T17:31:34.207+0000] {processor.py:840} INFO - DAG(s) 'example_short_circuit_operator' retrieved from /home/airflow/.local/lib/python3.12/site-packages/airflow/example_dags/example_short_circuit_operator.py
[2026-04-28T17:31:34.237+0000] {logging_mixin.py:188} INFO - [2026-04-28T17:31:34.237+0000] {dag.py:3096} INFO - Sync 1 DAGs
[2026-04-28T17:31:34.266+0000] {logging_mixin.py:188} INFO - [2026-04-28T17:31:34.266+0000] {dag.py:3954} INFO - Setting next_dagrun for example_short_circuit_operator to 2026-04-27 00:00:00+00:00, run_after=2026-04-28 00:00:00+00:00
[2026-04-28T17:31:34.290+0000] {processor.py:183} INFO - Processing /home/airflow/.local/lib/python3.12/site-packages/airflow/example_dags/example_short_circuit_operator.py took 0.106 seconds
[2026-04-28T17:32:05.239+0000] {processor.py:161} INFO - Started process (PID=852) to work on /home/airflow/.local/lib/python3.12/site-packages/airflow/example_dags/example_short_circuit_operator.py
[2026-04-28T17:32:05.240+0000] {processor.py:830} INFO - Processing file /home/airflow/.local/lib/python3.12/site-packages/airflow/example_dags/example_short_circuit_operator.py for tasks to queue
[2026-04-28T17:32:05.242+0000] {logging_mixin.py:188} INFO - [2026-04-28T17:32:05.241+0000] {dagbag.py:540} INFO - Filling up the DagBag from /home/airflow/.local/lib/python3.12/site-packages/airflow/example_dags/example_short_circuit_operator.py
[2026-04-28T17:32:05.250+0000] {processor.py:840} INFO - DAG(s) 'example_short_circuit_operator' retrieved from /home/airflow/.local/lib/python3.12/site-packages/airflow/example_dags/example_short_circuit_operator.py
[2026-04-28T17:32:05.280+0000] {logging_mixin.py:188} INFO - [2026-04-28T17:32:05.280+0000] {dag.py:3096} INFO - Sync 1 DAGs
[2026-04-28T17:32:05.306+0000] {logging_mixin.py:188} INFO - [2026-04-28T17:32:05.306+0000] {dag.py:3954} INFO - Setting next_dagrun for example_short_circuit_operator to 2026-04-27 00:00:00+00:00, run_after=2026-04-28 00:00:00+00:00
[2026-04-28T17:32:05.330+0000] {processor.py:183} INFO - Processing /home/airflow/.local/lib/python3.12/site-packages/airflow/example_dags/example_short_circuit_operator.py took 0.097 seconds
[2026-04-28T17:32:35.647+0000] {processor.py:161} INFO - Started process (PID=911) to work on /home/airflow/.local/lib/python3.12/site-packages/airflow/example_dags/example_short_circuit_operator.py
[2026-04-28T17:32:35.648+0000] {processor.py:830} INFO - Processing file /home/airflow/.local/lib/python3.12/site-packages/airflow/example_dags/example_short_circuit_operator.py for tasks to queue
[2026-04-28T17:32:35.650+0000] {logging_mixin.py:188} INFO - [2026-04-28T17:32:35.649+0000] {dagbag.py:540} INFO - Filling up the DagBag from /home/airflow/.local/lib/python3.12/site-packages/airflow/example_dags/example_short_circuit_operator.py
[2026-04-28T17:32:35.658+0000] {processor.py:840} INFO - DAG(s) 'example_short_circuit_operator' retrieved from /home/airflow/.local/lib/python3.12/site-packages/airflow/example_dags/example_short_circuit_operator.py
[2026-04-28T17:32:35.687+0000] {logging_mixin.py:188} INFO - [2026-04-28T17:32:35.687+0000] {dag.py:3096} INFO - Sync 1 DAGs
[2026-04-28T17:32:35.714+0000] {logging_mixin.py:188} INFO - [2026-04-28T17:32:35.714+0000] {dag.py:3954} INFO - Setting next_dagrun for example_short_circuit_operator to 2026-04-27 00:00:00+00:00, run_after=2026-04-28 00:00:00+00:00
[2026-04-28T17:32:35.735+0000] {processor.py:183} INFO - Processing /home/airflow/.local/lib/python3.12/site-packages/airflow/example_dags/example_short_circuit_operator.py took 0.094 seconds
[2026-04-28T17:33:06.121+0000] {processor.py:161} INFO - Started process (PID=971) to work on /home/airflow/.local/lib/python3.12/site-packages/airflow/example_dags/example_short_circuit_operator.py
[2026-04-28T17:33:06.122+0000] {processor.py:830} INFO - Processing file /home/airflow/.local/lib/python3.12/site-packages/airflow/example_dags/example_short_circuit_operator.py for tasks to queue
[2026-04-28T17:33:06.124+0000] {logging_mixin.py:188} INFO - [2026-04-28T17:33:06.124+0000] {dagbag.py:540} INFO - Filling up the DagBag from /home/airflow/.local/lib/python3.12/site-packages/airflow/example_dags/example_short_circuit_operator.py
[2026-04-28T17:33:06.133+0000] {processor.py:840} INFO - DAG(s) 'example_short_circuit_operator' retrieved from /home/airflow/.local/lib/python3.12/site-packages/airflow/example_dags/example_short_circuit_operator.py
[2026-04-28T17:33:06.164+0000] {logging_mixin.py:188} INFO - [2026-04-28T17:33:06.164+0000] {dag.py:3096} INFO - Sync 1 DAGs
[2026-04-28T17:33:06.192+0000] {logging_mixin.py:188} INFO - [2026-04-28T17:33:06.192+0000] {dag.py:3954} INFO - Setting next_dagrun for example_short_circuit_operator to 2026-04-27 00:00:00+00:00, run_after=2026-04-28 00:00:00+00:00
[2026-04-28T17:33:06.215+0000] {processor.py:183} INFO - Processing /home/airflow/.local/lib/python3.12/site-packages/airflow/example_dags/example_short_circuit_operator.py took 0.100 seconds
[2026-04-28T17:33:36.600+0000] {processor.py:161} INFO - Started process (PID=1031) to work on /home/airflow/.local/lib/python3.12/site-packages/airflow/example_dags/example_short_circuit_operator.py
[2026-04-28T17:33:36.601+0000] {processor.py:830} INFO - Processing file /home/airflow/.local/lib/python3.12/site-packages/airflow/example_dags/example_short_circuit_operator.py for tasks to queue
[2026-04-28T17:33:36.603+0000] {logging_mixin.py:188} INFO - [2026-04-28T17:33:36.603+0000] {dagbag.py:540} INFO - Filling up the DagBag from /home/airflow/.local/lib/python3.12/site-packages/airflow/example_dags/example_short_circuit_operator.py
[2026-04-28T17:33:36.612+0000] {processor.py:840} INFO - DAG(s) 'example_short_circuit_operator' retrieved from /home/airflow/.local/lib/python3.12/site-packages/airflow/example_dags/example_short_circuit_operator.py
[2026-04-28T17:33:36.646+0000] {logging_mixin.py:188} INFO - [2026-04-28T17:33:36.645+0000] {dag.py:3096} INFO - Sync 1 DAGs
[2026-04-28T17:33:36.681+0000] {logging_mixin.py:188} INFO - [2026-04-28T17:33:36.680+0000] {dag.py:3954} INFO - Setting next_dagrun for example_short_circuit_operator to 2026-04-27 00:00:00+00:00, run_after=2026-04-28 00:00:00+00:00
[2026-04-28T17:33:36.755+0000] {processor.py:183} INFO - Processing /home/airflow/.local/lib/python3.12/site-packages/airflow/example_dags/example_short_circuit_operator.py took 0.161 seconds
[2026-04-28T17:34:06.837+0000] {processor.py:161} INFO - Started process (PID=1091) to work on /home/airflow/.local/lib/python3.12/site-packages/airflow/example_dags/example_short_circuit_operator.py
[2026-04-28T17:34:06.838+0000] {processor.py:830} INFO - Processing file /home/airflow/.local/lib/python3.12/site-packages/airflow/example_dags/example_short_circuit_operator.py for tasks to queue
[2026-04-28T17:34:06.840+0000] {logging_mixin.py:188} INFO - [2026-04-28T17:34:06.839+0000] {dagbag.py:540} INFO - Filling up the DagBag from /home/airflow/.local/lib/python3.12/site-packages/airflow/example_dags/example_short_circuit_operator.py
[2026-04-28T17:34:06.849+0000] {processor.py:840} INFO - DAG(s) 'example_short_circuit_operator' retrieved from /home/airflow/.local/lib/python3.12/site-packages/airflow/example_dags/example_short_circuit_operator.py
[2026-04-28T17:34:06.880+0000] {logging_mixin.py:188} INFO - [2026-04-28T17:34:06.879+0000] {dag.py:3096} INFO - Sync 1 DAGs
[2026-04-28T17:34:06.906+0000] {logging_mixin.py:188} INFO - [2026-04-28T17:34:06.906+0000] {dag.py:3954} INFO - Setting next_dagrun for example_short_circuit_operator to 2026-04-27 00:00:00+00:00, run_after=2026-04-28 00:00:00+00:00
[2026-04-28T17:34:06.930+0000] {processor.py:183} INFO - Processing /home/airflow/.local/lib/python3.12/site-packages/airflow/example_dags/example_short_circuit_operator.py took 0.099 seconds
[2026-04-28T17:34:37.424+0000] {processor.py:161} INFO - Started process (PID=1151) to work on /home/airflow/.local/lib/python3.12/site-packages/airflow/example_dags/example_short_circuit_operator.py
[2026-04-28T17:34:37.425+0000] {processor.py:830} INFO - Processing file /home/airflow/.local/lib/python3.12/site-packages/airflow/example_dags/example_short_circuit_operator.py for tasks to queue
[2026-04-28T17:34:37.427+0000] {logging_mixin.py:188} INFO - [2026-04-28T17:34:37.426+0000] {dagbag.py:540} INFO - Filling up the DagBag from /home/airflow/.local/lib/python3.12/site-packages/airflow/example_dags/example_short_circuit_operator.py
[2026-04-28T17:34:37.435+0000] {processor.py:840} INFO - DAG(s) 'example_short_circuit_operator' retrieved from /home/airflow/.local/lib/python3.12/site-packages/airflow/example_dags/example_short_circuit_operator.py
[2026-04-28T17:34:37.465+0000] {logging_mixin.py:188} INFO - [2026-04-28T17:34:37.465+0000] {dag.py:3096} INFO - Sync 1 DAGs
[2026-04-28T17:34:37.499+0000] {logging_mixin.py:188} INFO - [2026-04-28T17:34:37.499+0000] {dag.py:3954} INFO - Setting next_dagrun for example_short_circuit_operator to 2026-04-27 00:00:00+00:00, run_after=2026-04-28 00:00:00+00:00
[2026-04-28T17:34:37.524+0000] {processor.py:183} INFO - Processing /home/airflow/.local/lib/python3.12/site-packages/airflow/example_dags/example_short_circuit_operator.py took 0.106 seconds
[2026-04-28T17:35:07.661+0000] {processor.py:161} INFO - Started process (PID=1211) to work on /home/airflow/.local/lib/python3.12/site-packages/airflow/example_dags/example_short_circuit_operator.py
[2026-04-28T17:35:07.662+0000] {processor.py:830} INFO - Processing file /home/airflow/.local/lib/python3.12/site-packages/airflow/example_dags/example_short_circuit_operator.py for tasks to queue
[2026-04-28T17:35:07.664+0000] {logging_mixin.py:188} INFO - [2026-04-28T17:35:07.663+0000] {dagbag.py:540} INFO - Filling up the DagBag from /home/airflow/.local/lib/python3.12/site-packages/airflow/example_dags/example_short_circuit_operator.py
[2026-04-28T17:35:07.677+0000] {processor.py:840} INFO - DAG(s) 'example_short_circuit_operator' retrieved from /home/airflow/.local/lib/python3.12/site-packages/airflow/example_dags/example_short_circuit_operator.py
[2026-04-28T17:35:07.731+0000] {logging_mixin.py:188} INFO - [2026-04-28T17:35:07.730+0000] {dag.py:3096} INFO - Sync 1 DAGs
[2026-04-28T17:35:07.806+0000] {logging_mixin.py:188} INFO - [2026-04-28T17:35:07.806+0000] {dag.py:3954} INFO - Setting next_dagrun for example_short_circuit_operator to 2026-04-27 00:00:00+00:00, run_after=2026-04-28 00:00:00+00:00
[2026-04-28T17:35:07.846+0000] {processor.py:183} INFO - Processing /home/airflow/.local/lib/python3.12/site-packages/airflow/example_dags/example_short_circuit_operator.py took 0.198 seconds
[2026-04-28T17:35:38.015+0000] {processor.py:161} INFO - Started process (PID=1270) to work on /home/airflow/.local/lib/python3.12/site-packages/airflow/example_dags/example_short_circuit_operator.py
[2026-04-28T17:35:38.015+0000] {processor.py:830} INFO - Processing file /home/airflow/.local/lib/python3.12/site-packages/airflow/example_dags/example_short_circuit_operator.py for tasks to queue
[2026-04-28T17:35:38.017+0000] {logging_mixin.py:188} INFO - [2026-04-28T17:35:38.017+0000] {dagbag.py:540} INFO - Filling up the DagBag from /home/airflow/.local/lib/python3.12/site-packages/airflow/example_dags/example_short_circuit_operator.py
[2026-04-28T17:35:38.026+0000] {processor.py:840} INFO - DAG(s) 'example_short_circuit_operator' retrieved from /home/airflow/.local/lib/python3.12/site-packages/airflow/example_dags/example_short_circuit_operator.py
[2026-04-28T17:35:38.057+0000] {logging_mixin.py:188} INFO - [2026-04-28T17:35:38.056+0000] {dag.py:3096} INFO - Sync 1 DAGs
[2026-04-28T17:35:38.084+0000] {logging_mixin.py:188} INFO - [2026-04-28T17:35:38.084+0000] {dag.py:3954} INFO - Setting next_dagrun for example_short_circuit_operator to 2026-04-27 00:00:00+00:00, run_after=2026-04-28 00:00:00+00:00
[2026-04-28T17:35:38.103+0000] {processor.py:183} INFO - Processing /home/airflow/.local/lib/python3.12/site-packages/airflow/example_dags/example_short_circuit_operator.py took 0.095 seconds
[2026-04-28T17:36:09.076+0000] {processor.py:161} INFO - Started process (PID=1330) to work on /home/airflow/.local/lib/python3.12/site-packages/airflow/example_dags/example_short_circuit_operator.py
[2026-04-28T17:36:09.080+0000] {processor.py:830} INFO - Processing file /home/airflow/.local/lib/python3.12/site-packages/airflow/example_dags/example_short_circuit_operator.py for tasks to queue
[2026-04-28T17:36:09.083+0000] {logging_mixin.py:188} INFO - [2026-04-28T17:36:09.083+0000] {dagbag.py:540} INFO - Filling up the DagBag from /home/airflow/.local/lib/python3.12/site-packages/airflow/example_dags/example_short_circuit_operator.py
[2026-04-28T17:36:09.100+0000] {processor.py:840} INFO - DAG(s) 'example_short_circuit_operator' retrieved from /home/airflow/.local/lib/python3.12/site-packages/airflow/example_dags/example_short_circuit_operator.py
[2026-04-28T17:36:09.158+0000] {logging_mixin.py:188} INFO - [2026-04-28T17:36:09.158+0000] {dag.py:3096} INFO - Sync 1 DAGs
[2026-04-28T17:36:09.567+0000] {logging_mixin.py:188} INFO - [2026-04-28T17:36:09.567+0000] {dag.py:3954} INFO - Setting next_dagrun for example_short_circuit_operator to 2026-04-27 00:00:00+00:00, run_after=2026-04-28 00:00:00+00:00
[2026-04-28T17:36:09.611+0000] {processor.py:183} INFO - Processing /home/airflow/.local/lib/python3.12/site-packages/airflow/example_dags/example_short_circuit_operator.py took 0.559 seconds
[2026-04-28T17:36:40.027+0000] {processor.py:161} INFO - Started process (PID=1390) to work on /home/airflow/.local/lib/python3.12/site-packages/airflow/example_dags/example_short_circuit_operator.py
[2026-04-28T17:36:40.028+0000] {processor.py:830} INFO - Processing file /home/airflow/.local/lib/python3.12/site-packages/airflow/example_dags/example_short_circuit_operator.py for tasks to queue
[2026-04-28T17:36:40.030+0000] {logging_mixin.py:188} INFO - [2026-04-28T17:36:40.030+0000] {dagbag.py:540} INFO - Filling up the DagBag from /home/airflow/.local/lib/python3.12/site-packages/airflow/example_dags/example_short_circuit_operator.py
[2026-04-28T17:36:40.043+0000] {processor.py:840} INFO - DAG(s) 'example_short_circuit_operator' retrieved from /home/airflow/.local/lib/python3.12/site-packages/airflow/example_dags/example_short_circuit_operator.py
[2026-04-28T17:36:40.074+0000] {logging_mixin.py:188} INFO - [2026-04-28T17:36:40.074+0000] {dag.py:3096} INFO - Sync 1 DAGs
[2026-04-28T17:36:40.101+0000] {logging_mixin.py:188} INFO - [2026-04-28T17:36:40.101+0000] {dag.py:3954} INFO - Setting next_dagrun for example_short_circuit_operator to 2026-04-27 00:00:00+00:00, run_after=2026-04-28 00:00:00+00:00
[2026-04-28T17:36:40.117+0000] {processor.py:183} INFO - Processing /home/airflow/.local/lib/python3.12/site-packages/airflow/example_dags/example_short_circuit_operator.py took 0.098 seconds
[2026-04-28T17:37:10.305+0000] {processor.py:161} INFO - Started process (PID=1450) to work on /home/airflow/.local/lib/python3.12/site-packages/airflow/example_dags/example_short_circuit_operator.py
[2026-04-28T17:37:10.306+0000] {processor.py:830} INFO - Processing file /home/airflow/.local/lib/python3.12/site-packages/airflow/example_dags/example_short_circuit_operator.py for tasks to queue
[2026-04-28T17:37:10.308+0000] {logging_mixin.py:188} INFO - [2026-04-28T17:37:10.307+0000] {dagbag.py:540} INFO - Filling up the DagBag from /home/airflow/.local/lib/python3.12/site-packages/airflow/example_dags/example_short_circuit_operator.py
[2026-04-28T17:37:10.317+0000] {processor.py:840} INFO - DAG(s) 'example_short_circuit_operator' retrieved from /home/airflow/.local/lib/python3.12/site-packages/airflow/example_dags/example_short_circuit_operator.py
[2026-04-28T17:37:10.347+0000] {logging_mixin.py:188} INFO - [2026-04-28T17:37:10.347+0000] {dag.py:3096} INFO - Sync 1 DAGs
[2026-04-28T17:37:10.375+0000] {logging_mixin.py:188} INFO - [2026-04-28T17:37:10.375+0000] {dag.py:3954} INFO - Setting next_dagrun for example_short_circuit_operator to 2026-04-27 00:00:00+00:00, run_after=2026-04-28 00:00:00+00:00
[2026-04-28T17:37:10.392+0000] {processor.py:183} INFO - Processing /home/airflow/.local/lib/python3.12/site-packages/airflow/example_dags/example_short_circuit_operator.py took 0.094 seconds
[2026-04-28T17:37:40.636+0000] {processor.py:161} INFO - Started process (PID=1510) to work on /home/airflow/.local/lib/python3.12/site-packages/airflow/example_dags/example_short_circuit_operator.py
[2026-04-28T17:37:40.637+0000] {processor.py:830} INFO - Processing file /home/airflow/.local/lib/python3.12/site-packages/airflow/example_dags/example_short_circuit_operator.py for tasks to queue
[2026-04-28T17:37:40.639+0000] {logging_mixin.py:188} INFO - [2026-04-28T17:37:40.639+0000] {dagbag.py:540} INFO - Filling up the DagBag from /home/airflow/.local/lib/python3.12/site-packages/airflow/example_dags/example_short_circuit_operator.py
[2026-04-28T17:37:40.649+0000] {processor.py:840} INFO - DAG(s) 'example_short_circuit_operator' retrieved from /home/airflow/.local/lib/python3.12/site-packages/airflow/example_dags/example_short_circuit_operator.py
[2026-04-28T17:37:40.681+0000] {logging_mixin.py:188} INFO - [2026-04-28T17:37:40.680+0000] {dag.py:3096} INFO - Sync 1 DAGs
[2026-04-28T17:37:40.710+0000] {logging_mixin.py:188} INFO - [2026-04-28T17:37:40.709+0000] {dag.py:3954} INFO - Setting next_dagrun for example_short_circuit_operator to 2026-04-27 00:00:00+00:00, run_after=2026-04-28 00:00:00+00:00
[2026-04-28T17:37:40.726+0000] {processor.py:183} INFO - Processing /home/airflow/.local/lib/python3.12/site-packages/airflow/example_dags/example_short_circuit_operator.py took 0.097 seconds
[2026-04-28T17:38:11.052+0000] {processor.py:161} INFO - Started process (PID=1570) to work on /home/airflow/.local/lib/python3.12/site-packages/airflow/example_dags/example_short_circuit_operator.py
[2026-04-28T17:38:11.053+0000] {processor.py:830} INFO - Processing file /home/airflow/.local/lib/python3.12/site-packages/airflow/example_dags/example_short_circuit_operator.py for tasks to queue
[2026-04-28T17:38:11.055+0000] {logging_mixin.py:188} INFO - [2026-04-28T17:38:11.055+0000] {dagbag.py:540} INFO - Filling up the DagBag from /home/airflow/.local/lib/python3.12/site-packages/airflow/example_dags/example_short_circuit_operator.py
[2026-04-28T17:38:11.065+0000] {processor.py:840} INFO - DAG(s) 'example_short_circuit_operator' retrieved from /home/airflow/.local/lib/python3.12/site-packages/airflow/example_dags/example_short_circuit_operator.py
[2026-04-28T17:38:11.097+0000] {logging_mixin.py:188} INFO - [2026-04-28T17:38:11.097+0000] {dag.py:3096} INFO - Sync 1 DAGs
[2026-04-28T17:38:11.137+0000] {logging_mixin.py:188} INFO - [2026-04-28T17:38:11.137+0000] {dag.py:3954} INFO - Setting next_dagrun for example_short_circuit_operator to 2026-04-27 00:00:00+00:00, run_after=2026-04-28 00:00:00+00:00
[2026-04-28T17:38:11.154+0000] {processor.py:183} INFO - Processing /home/airflow/.local/lib/python3.12/site-packages/airflow/example_dags/example_short_circuit_operator.py took 0.109 seconds
[2026-04-28T17:38:41.271+0000] {processor.py:161} INFO - Started process (PID=1630) to work on /home/airflow/.local/lib/python3.12/site-packages/airflow/example_dags/example_short_circuit_operator.py
[2026-04-28T17:38:41.272+0000] {processor.py:830} INFO - Processing file /home/airflow/.local/lib/python3.12/site-packages/airflow/example_dags/example_short_circuit_operator.py for tasks to queue
[2026-04-28T17:38:41.274+0000] {logging_mixin.py:188} INFO - [2026-04-28T17:38:41.273+0000] {dagbag.py:540} INFO - Filling up the DagBag from /home/airflow/.local/lib/python3.12/site-packages/airflow/example_dags/example_short_circuit_operator.py
[2026-04-28T17:38:41.283+0000] {processor.py:840} INFO - DAG(s) 'example_short_circuit_operator' retrieved from /home/airflow/.local/lib/python3.12/site-packages/airflow/example_dags/example_short_circuit_operator.py
[2026-04-28T17:38:41.313+0000] {logging_mixin.py:188} INFO - [2026-04-28T17:38:41.312+0000] {dag.py:3096} INFO - Sync 1 DAGs
[2026-04-28T17:38:41.339+0000] {logging_mixin.py:188} INFO - [2026-04-28T17:38:41.339+0000] {dag.py:3954} INFO - Setting next_dagrun for example_short_circuit_operator to 2026-04-27 00:00:00+00:00, run_after=2026-04-28 00:00:00+00:00
[2026-04-28T17:38:41.354+0000] {processor.py:183} INFO - Processing /home/airflow/.local/lib/python3.12/site-packages/airflow/example_dags/example_short_circuit_operator.py took 0.093 seconds
[2026-04-28T17:39:11.428+0000] {processor.py:161} INFO - Started process (PID=1690) to work on /home/airflow/.local/lib/python3.12/site-packages/airflow/example_dags/example_short_circuit_operator.py
[2026-04-28T17:39:11.429+0000] {processor.py:830} INFO - Processing file /home/airflow/.local/lib/python3.12/site-packages/airflow/example_dags/example_short_circuit_operator.py for tasks to queue
[2026-04-28T17:39:11.431+0000] {logging_mixin.py:188} INFO - [2026-04-28T17:39:11.430+0000] {dagbag.py:540} INFO - Filling up the DagBag from /home/airflow/.local/lib/python3.12/site-packages/airflow/example_dags/example_short_circuit_operator.py
[2026-04-28T17:39:11.440+0000] {processor.py:840} INFO - DAG(s) 'example_short_circuit_operator' retrieved from /home/airflow/.local/lib/python3.12/site-packages/airflow/example_dags/example_short_circuit_operator.py
[2026-04-28T17:39:11.470+0000] {logging_mixin.py:188} INFO - [2026-04-28T17:39:11.469+0000] {dag.py:3096} INFO - Sync 1 DAGs
[2026-04-28T17:39:11.497+0000] {logging_mixin.py:188} INFO - [2026-04-28T17:39:11.497+0000] {dag.py:3954} INFO - Setting next_dagrun for example_short_circuit_operator to 2026-04-27 00:00:00+00:00, run_after=2026-04-28 00:00:00+00:00
[2026-04-28T17:39:11.513+0000] {processor.py:183} INFO - Processing /home/airflow/.local/lib/python3.12/site-packages/airflow/example_dags/example_short_circuit_operator.py took 0.092 seconds
[2026-04-28T17:39:41.594+0000] {processor.py:161} INFO - Started process (PID=1751) to work on /home/airflow/.local/lib/python3.12/site-packages/airflow/example_dags/example_short_circuit_operator.py
[2026-04-28T17:39:41.595+0000] {processor.py:830} INFO - Processing file /home/airflow/.local/lib/python3.12/site-packages/airflow/example_dags/example_short_circuit_operator.py for tasks to queue
[2026-04-28T17:39:41.597+0000] {logging_mixin.py:188} INFO - [2026-04-28T17:39:41.597+0000] {dagbag.py:540} INFO - Filling up the DagBag from /home/airflow/.local/lib/python3.12/site-packages/airflow/example_dags/example_short_circuit_operator.py
[2026-04-28T17:39:41.606+0000] {processor.py:840} INFO - DAG(s) 'example_short_circuit_operator' retrieved from /home/airflow/.local/lib/python3.12/site-packages/airflow/example_dags/example_short_circuit_operator.py
[2026-04-28T17:39:41.636+0000] {logging_mixin.py:188} INFO - [2026-04-28T17:39:41.636+0000] {dag.py:3096} INFO - Sync 1 DAGs
[2026-04-28T17:39:41.664+0000] {logging_mixin.py:188} INFO - [2026-04-28T17:39:41.663+0000] {dag.py:3954} INFO - Setting next_dagrun for example_short_circuit_operator to 2026-04-27 00:00:00+00:00, run_after=2026-04-28 00:00:00+00:00
[2026-04-28T17:39:41.681+0000] {processor.py:183} INFO - Processing /home/airflow/.local/lib/python3.12/site-packages/airflow/example_dags/example_short_circuit_operator.py took 0.094 seconds
[2026-04-28T17:40:12.410+0000] {processor.py:161} INFO - Started process (PID=1810) to work on /home/airflow/.local/lib/python3.12/site-packages/airflow/example_dags/example_short_circuit_operator.py
[2026-04-28T17:40:12.411+0000] {processor.py:830} INFO - Processing file /home/airflow/.local/lib/python3.12/site-packages/airflow/example_dags/example_short_circuit_operator.py for tasks to queue
[2026-04-28T17:40:12.412+0000] {logging_mixin.py:188} INFO - [2026-04-28T17:40:12.412+0000] {dagbag.py:540} INFO - Filling up the DagBag from /home/airflow/.local/lib/python3.12/site-packages/airflow/example_dags/example_short_circuit_operator.py
[2026-04-28T17:40:12.422+0000] {processor.py:840} INFO - DAG(s) 'example_short_circuit_operator' retrieved from /home/airflow/.local/lib/python3.12/site-packages/airflow/example_dags/example_short_circuit_operator.py
[2026-04-28T17:40:12.457+0000] {logging_mixin.py:188} INFO - [2026-04-28T17:40:12.456+0000] {dag.py:3096} INFO - Sync 1 DAGs
[2026-04-28T17:40:12.488+0000] {logging_mixin.py:188} INFO - [2026-04-28T17:40:12.488+0000] {dag.py:3954} INFO - Setting next_dagrun for example_short_circuit_operator to 2026-04-27 00:00:00+00:00, run_after=2026-04-28 00:00:00+00:00
[2026-04-28T17:40:12.509+0000] {processor.py:183} INFO - Processing /home/airflow/.local/lib/python3.12/site-packages/airflow/example_dags/example_short_circuit_operator.py took 0.109 seconds
[2026-04-28T17:40:43.333+0000] {processor.py:161} INFO - Started process (PID=1870) to work on /home/airflow/.local/lib/python3.12/site-packages/airflow/example_dags/example_short_circuit_operator.py
[2026-04-28T17:40:43.334+0000] {processor.py:830} INFO - Processing file /home/airflow/.local/lib/python3.12/site-packages/airflow/example_dags/example_short_circuit_operator.py for tasks to queue
[2026-04-28T17:40:43.336+0000] {logging_mixin.py:188} INFO - [2026-04-28T17:40:43.336+0000] {dagbag.py:540} INFO - Filling up the DagBag from /home/airflow/.local/lib/python3.12/site-packages/airflow/example_dags/example_short_circuit_operator.py
[2026-04-28T17:40:43.346+0000] {processor.py:840} INFO - DAG(s) 'example_short_circuit_operator' retrieved from /home/airflow/.local/lib/python3.12/site-packages/airflow/example_dags/example_short_circuit_operator.py
[2026-04-28T17:40:43.395+0000] {logging_mixin.py:188} INFO - [2026-04-28T17:40:43.395+0000] {dag.py:3096} INFO - Sync 1 DAGs
[2026-04-28T17:40:43.432+0000] {logging_mixin.py:188} INFO - [2026-04-28T17:40:43.432+0000] {dag.py:3954} INFO - Setting next_dagrun for example_short_circuit_operator to 2026-04-27 00:00:00+00:00, run_after=2026-04-28 00:00:00+00:00
[2026-04-28T17:40:43.450+0000] {processor.py:183} INFO - Processing /home/airflow/.local/lib/python3.12/site-packages/airflow/example_dags/example_short_circuit_operator.py took 0.135 seconds
[2026-04-28T17:41:13.746+0000] {processor.py:161} INFO - Started process (PID=1930) to work on /home/airflow/.local/lib/python3.12/site-packages/airflow/example_dags/example_short_circuit_operator.py
[2026-04-28T17:41:13.747+0000] {processor.py:830} INFO - Processing file /home/airflow/.local/lib/python3.12/site-packages/airflow/example_dags/example_short_circuit_operator.py for tasks to queue
[2026-04-28T17:41:13.749+0000] {logging_mixin.py:188} INFO - [2026-04-28T17:41:13.749+0000] {dagbag.py:540} INFO - Filling up the DagBag from /home/airflow/.local/lib/python3.12/site-packages/airflow/example_dags/example_short_circuit_operator.py
[2026-04-28T17:41:13.758+0000] {processor.py:840} INFO - DAG(s) 'example_short_circuit_operator' retrieved from /home/airflow/.local/lib/python3.12/site-packages/airflow/example_dags/example_short_circuit_operator.py
[2026-04-28T17:41:13.805+0000] {logging_mixin.py:188} INFO - [2026-04-28T17:41:13.805+0000] {dag.py:3096} INFO - Sync 1 DAGs
[2026-04-28T17:41:13.834+0000] {logging_mixin.py:188} INFO - [2026-04-28T17:41:13.833+0000] {dag.py:3954} INFO - Setting next_dagrun for example_short_circuit_operator to 2026-04-27 00:00:00+00:00, run_after=2026-04-28 00:00:00+00:00
[2026-04-28T17:41:13.868+0000] {processor.py:183} INFO - Processing /home/airflow/.local/lib/python3.12/site-packages/airflow/example_dags/example_short_circuit_operator.py took 0.129 seconds
[2026-04-28T17:41:44.120+0000] {processor.py:161} INFO - Started process (PID=1990) to work on /home/airflow/.local/lib/python3.12/site-packages/airflow/example_dags/example_short_circuit_operator.py
[2026-04-28T17:41:44.121+0000] {processor.py:830} INFO - Processing file /home/airflow/.local/lib/python3.12/site-packages/airflow/example_dags/example_short_circuit_operator.py for tasks to queue
[2026-04-28T17:41:44.123+0000] {logging_mixin.py:188} INFO - [2026-04-28T17:41:44.123+0000] {dagbag.py:540} INFO - Filling up the DagBag from /home/airflow/.local/lib/python3.12/site-packages/airflow/example_dags/example_short_circuit_operator.py
[2026-04-28T17:41:44.132+0000] {processor.py:840} INFO - DAG(s) 'example_short_circuit_operator' retrieved from /home/airflow/.local/lib/python3.12/site-packages/airflow/example_dags/example_short_circuit_operator.py
[2026-04-28T17:41:44.166+0000] {logging_mixin.py:188} INFO - [2026-04-28T17:41:44.166+0000] {dag.py:3096} INFO - Sync 1 DAGs
[2026-04-28T17:41:44.194+0000] {logging_mixin.py:188} INFO - [2026-04-28T17:41:44.194+0000] {dag.py:3954} INFO - Setting next_dagrun for example_short_circuit_operator to 2026-04-27 00:00:00+00:00, run_after=2026-04-28 00:00:00+00:00
[2026-04-28T17:41:44.212+0000] {processor.py:183} INFO - Processing /home/airflow/.local/lib/python3.12/site-packages/airflow/example_dags/example_short_circuit_operator.py took 0.099 seconds
[2026-04-28T17:42:14.566+0000] {processor.py:161} INFO - Started process (PID=2050) to work on /home/airflow/.local/lib/python3.12/site-packages/airflow/example_dags/example_short_circuit_operator.py
[2026-04-28T17:42:14.569+0000] {processor.py:830} INFO - Processing file /home/airflow/.local/lib/python3.12/site-packages/airflow/example_dags/example_short_circuit_operator.py for tasks to queue
[2026-04-28T17:42:14.574+0000] {logging_mixin.py:188} INFO - [2026-04-28T17:42:14.570+0000] {dagbag.py:540} INFO - Filling up the DagBag from /home/airflow/.local/lib/python3.12/site-packages/airflow/example_dags/example_short_circuit_operator.py
[2026-04-28T17:42:14.591+0000] {processor.py:840} INFO - DAG(s) 'example_short_circuit_operator' retrieved from /home/airflow/.local/lib/python3.12/site-packages/airflow/example_dags/example_short_circuit_operator.py
[2026-04-28T17:42:14.636+0000] {logging_mixin.py:188} INFO - [2026-04-28T17:42:14.636+0000] {dag.py:3096} INFO - Sync 1 DAGs
[2026-04-28T17:42:14.672+0000] {logging_mixin.py:188} INFO - [2026-04-28T17:42:14.671+0000] {dag.py:3954} INFO - Setting next_dagrun for example_short_circuit_operator to 2026-04-27 00:00:00+00:00, run_after=2026-04-28 00:00:00+00:00
[2026-04-28T17:42:14.691+0000] {processor.py:183} INFO - Processing /home/airflow/.local/lib/python3.12/site-packages/airflow/example_dags/example_short_circuit_operator.py took 0.141 seconds
[2026-04-28T17:42:45.693+0000] {processor.py:161} INFO - Started process (PID=2110) to work on /home/airflow/.local/lib/python3.12/site-packages/airflow/example_dags/example_short_circuit_operator.py
[2026-04-28T17:42:45.694+0000] {processor.py:830} INFO - Processing file /home/airflow/.local/lib/python3.12/site-packages/airflow/example_dags/example_short_circuit_operator.py for tasks to queue
[2026-04-28T17:42:45.696+0000] {logging_mixin.py:188} INFO - [2026-04-28T17:42:45.695+0000] {dagbag.py:540} INFO - Filling up the DagBag from /home/airflow/.local/lib/python3.12/site-packages/airflow/example_dags/example_short_circuit_operator.py
[2026-04-28T17:42:45.705+0000] {processor.py:840} INFO - DAG(s) 'example_short_circuit_operator' retrieved from /home/airflow/.local/lib/python3.12/site-packages/airflow/example_dags/example_short_circuit_operator.py
[2026-04-28T17:42:45.735+0000] {logging_mixin.py:188} INFO - [2026-04-28T17:42:45.735+0000] {dag.py:3096} INFO - Sync 1 DAGs
[2026-04-28T17:42:45.764+0000] {logging_mixin.py:188} INFO - [2026-04-28T17:42:45.764+0000] {dag.py:3954} INFO - Setting next_dagrun for example_short_circuit_operator to 2026-04-27 00:00:00+00:00, run_after=2026-04-28 00:00:00+00:00
[2026-04-28T17:42:45.784+0000] {processor.py:183} INFO - Processing /home/airflow/.local/lib/python3.12/site-packages/airflow/example_dags/example_short_circuit_operator.py took 0.099 seconds
[2026-04-28T17:43:16.061+0000] {processor.py:161} INFO - Started process (PID=2170) to work on /home/airflow/.local/lib/python3.12/site-packages/airflow/example_dags/example_short_circuit_operator.py
[2026-04-28T17:43:16.062+0000] {processor.py:830} INFO - Processing file /home/airflow/.local/lib/python3.12/site-packages/airflow/example_dags/example_short_circuit_operator.py for tasks to queue
[2026-04-28T17:43:16.064+0000] {logging_mixin.py:188} INFO - [2026-04-28T17:43:16.064+0000] {dagbag.py:540} INFO - Filling up the DagBag from /home/airflow/.local/lib/python3.12/site-packages/airflow/example_dags/example_short_circuit_operator.py
[2026-04-28T17:43:16.073+0000] {processor.py:840} INFO - DAG(s) 'example_short_circuit_operator' retrieved from /home/airflow/.local/lib/python3.12/site-packages/airflow/example_dags/example_short_circuit_operator.py
[2026-04-28T17:43:16.108+0000] {logging_mixin.py:188} INFO - [2026-04-28T17:43:16.108+0000] {dag.py:3096} INFO - Sync 1 DAGs
[2026-04-28T17:43:16.137+0000] {logging_mixin.py:188} INFO - [2026-04-28T17:43:16.137+0000] {dag.py:3954} INFO - Setting next_dagrun for example_short_circuit_operator to 2026-04-27 00:00:00+00:00, run_after=2026-04-28 00:00:00+00:00
[2026-04-28T17:43:16.156+0000] {processor.py:183} INFO - Processing /home/airflow/.local/lib/python3.12/site-packages/airflow/example_dags/example_short_circuit_operator.py took 0.103 seconds
[2026-04-28T17:43:46.271+0000] {processor.py:161} INFO - Started process (PID=2230) to work on /home/airflow/.local/lib/python3.12/site-packages/airflow/example_dags/example_short_circuit_operator.py
[2026-04-28T17:43:46.271+0000] {processor.py:830} INFO - Processing file /home/airflow/.local/lib/python3.12/site-packages/airflow/example_dags/example_short_circuit_operator.py for tasks to queue
[2026-04-28T17:43:46.273+0000] {logging_mixin.py:188} INFO - [2026-04-28T17:43:46.273+0000] {dagbag.py:540} INFO - Filling up the DagBag from /home/airflow/.local/lib/python3.12/site-packages/airflow/example_dags/example_short_circuit_operator.py
[2026-04-28T17:43:46.293+0000] {processor.py:840} INFO - DAG(s) 'example_short_circuit_operator' retrieved from /home/airflow/.local/lib/python3.12/site-packages/airflow/example_dags/example_short_circuit_operator.py
[2026-04-28T17:43:46.331+0000] {logging_mixin.py:188} INFO - [2026-04-28T17:43:46.331+0000] {dag.py:3096} INFO - Sync 1 DAGs
[2026-04-28T17:43:46.358+0000] {logging_mixin.py:188} INFO - [2026-04-28T17:43:46.357+0000] {dag.py:3954} INFO - Setting next_dagrun for example_short_circuit_operator to 2026-04-27 00:00:00+00:00, run_after=2026-04-28 00:00:00+00:00
[2026-04-28T17:43:46.377+0000] {processor.py:183} INFO - Processing /home/airflow/.local/lib/python3.12/site-packages/airflow/example_dags/example_short_circuit_operator.py took 0.114 seconds
[2026-04-28T17:44:16.923+0000] {processor.py:161} INFO - Started process (PID=2290) to work on /home/airflow/.local/lib/python3.12/site-packages/airflow/example_dags/example_short_circuit_operator.py
[2026-04-28T17:44:16.927+0000] {processor.py:830} INFO - Processing file /home/airflow/.local/lib/python3.12/site-packages/airflow/example_dags/example_short_circuit_operator.py for tasks to queue
[2026-04-28T17:44:16.933+0000] {logging_mixin.py:188} INFO - [2026-04-28T17:44:16.933+0000] {dagbag.py:540} INFO - Filling up the DagBag from /home/airflow/.local/lib/python3.12/site-packages/airflow/example_dags/example_short_circuit_operator.py
[2026-04-28T17:44:16.956+0000] {processor.py:840} INFO - DAG(s) 'example_short_circuit_operator' retrieved from /home/airflow/.local/lib/python3.12/site-packages/airflow/example_dags/example_short_circuit_operator.py
[2026-04-28T17:44:17.091+0000] {logging_mixin.py:188} INFO - [2026-04-28T17:44:17.091+0000] {dag.py:3096} INFO - Sync 1 DAGs
[2026-04-28T17:44:17.167+0000] {logging_mixin.py:188} INFO - [2026-04-28T17:44:17.164+0000] {dag.py:3954} INFO - Setting next_dagrun for example_short_circuit_operator to 2026-04-27 00:00:00+00:00, run_after=2026-04-28 00:00:00+00:00
[2026-04-28T17:44:17.188+0000] {processor.py:183} INFO - Processing /home/airflow/.local/lib/python3.12/site-packages/airflow/example_dags/example_short_circuit_operator.py took 0.273 seconds
[2026-04-28T17:44:47.470+0000] {processor.py:161} INFO - Started process (PID=2350) to work on /home/airflow/.local/lib/python3.12/site-packages/airflow/example_dags/example_short_circuit_operator.py
[2026-04-28T17:44:47.471+0000] {processor.py:830} INFO - Processing file /home/airflow/.local/lib/python3.12/site-packages/airflow/example_dags/example_short_circuit_operator.py for tasks to queue
[2026-04-28T17:44:47.473+0000] {logging_mixin.py:188} INFO - [2026-04-28T17:44:47.473+0000] {dagbag.py:540} INFO - Filling up the DagBag from /home/airflow/.local/lib/python3.12/site-packages/airflow/example_dags/example_short_circuit_operator.py
[2026-04-28T17:44:47.495+0000] {processor.py:840} INFO - DAG(s) 'example_short_circuit_operator' retrieved from /home/airflow/.local/lib/python3.12/site-packages/airflow/example_dags/example_short_circuit_operator.py
[2026-04-28T17:44:47.525+0000] {logging_mixin.py:188} INFO - [2026-04-28T17:44:47.525+0000] {dag.py:3096} INFO - Sync 1 DAGs
[2026-04-28T17:44:47.553+0000] {logging_mixin.py:188} INFO - [2026-04-28T17:44:47.552+0000] {dag.py:3954} INFO - Setting next_dagrun for example_short_circuit_operator to 2026-04-27 00:00:00+00:00, run_after=2026-04-28 00:00:00+00:00
[2026-04-28T17:44:47.572+0000] {processor.py:183} INFO - Processing /home/airflow/.local/lib/python3.12/site-packages/airflow/example_dags/example_short_circuit_operator.py took 0.108 seconds
[2026-04-28T17:45:17.651+0000] {processor.py:161} INFO - Started process (PID=2410) to work on /home/airflow/.local/lib/python3.12/site-packages/airflow/example_dags/example_short_circuit_operator.py
[2026-04-28T17:45:17.652+0000] {processor.py:830} INFO - Processing file /home/airflow/.local/lib/python3.12/site-packages/airflow/example_dags/example_short_circuit_operator.py for tasks to queue
[2026-04-28T17:45:17.654+0000] {logging_mixin.py:188} INFO - [2026-04-28T17:45:17.654+0000] {dagbag.py:540} INFO - Filling up the DagBag from /home/airflow/.local/lib/python3.12/site-packages/airflow/example_dags/example_short_circuit_operator.py
[2026-04-28T17:45:17.664+0000] {processor.py:840} INFO - DAG(s) 'example_short_circuit_operator' retrieved from /home/airflow/.local/lib/python3.12/site-packages/airflow/example_dags/example_short_circuit_operator.py
[2026-04-28T17:45:17.692+0000] {logging_mixin.py:188} INFO - [2026-04-28T17:45:17.692+0000] {dag.py:3096} INFO - Sync 1 DAGs
[2026-04-28T17:45:17.720+0000] {logging_mixin.py:188} INFO - [2026-04-28T17:45:17.720+0000] {dag.py:3954} INFO - Setting next_dagrun for example_short_circuit_operator to 2026-04-27 00:00:00+00:00, run_after=2026-04-28 00:00:00+00:00
[2026-04-28T17:45:17.738+0000] {processor.py:183} INFO - Processing /home/airflow/.local/lib/python3.12/site-packages/airflow/example_dags/example_short_circuit_operator.py took 0.094 seconds
[2026-04-28T17:45:48.400+0000] {processor.py:161} INFO - Started process (PID=2476) to work on /home/airflow/.local/lib/python3.12/site-packages/airflow/example_dags/example_short_circuit_operator.py
[2026-04-28T17:45:48.400+0000] {processor.py:830} INFO - Processing file /home/airflow/.local/lib/python3.12/site-packages/airflow/example_dags/example_short_circuit_operator.py for tasks to queue
[2026-04-28T17:45:48.403+0000] {logging_mixin.py:188} INFO - [2026-04-28T17:45:48.402+0000] {dagbag.py:540} INFO - Filling up the DagBag from /home/airflow/.local/lib/python3.12/site-packages/airflow/example_dags/example_short_circuit_operator.py
[2026-04-28T17:45:48.414+0000] {processor.py:840} INFO - DAG(s) 'example_short_circuit_operator' retrieved from /home/airflow/.local/lib/python3.12/site-packages/airflow/example_dags/example_short_circuit_operator.py
[2026-04-28T17:45:48.443+0000] {logging_mixin.py:188} INFO - [2026-04-28T17:45:48.443+0000] {dag.py:3096} INFO - Sync 1 DAGs
[2026-04-28T17:45:48.469+0000] {logging_mixin.py:188} INFO - [2026-04-28T17:45:48.469+0000] {dag.py:3954} INFO - Setting next_dagrun for example_short_circuit_operator to 2026-04-27 00:00:00+00:00, run_after=2026-04-28 00:00:00+00:00
[2026-04-28T17:45:48.489+0000] {processor.py:183} INFO - Processing /home/airflow/.local/lib/python3.12/site-packages/airflow/example_dags/example_short_circuit_operator.py took 0.098 seconds
[2026-04-28T17:46:19.114+0000] {processor.py:161} INFO - Started process (PID=2536) to work on /home/airflow/.local/lib/python3.12/site-packages/airflow/example_dags/example_short_circuit_operator.py
[2026-04-28T17:46:19.115+0000] {processor.py:830} INFO - Processing file /home/airflow/.local/lib/python3.12/site-packages/airflow/example_dags/example_short_circuit_operator.py for tasks to queue
[2026-04-28T17:46:19.117+0000] {logging_mixin.py:188} INFO - [2026-04-28T17:46:19.116+0000] {dagbag.py:540} INFO - Filling up the DagBag from /home/airflow/.local/lib/python3.12/site-packages/airflow/example_dags/example_short_circuit_operator.py
[2026-04-28T17:46:19.125+0000] {processor.py:840} INFO - DAG(s) 'example_short_circuit_operator' retrieved from /home/airflow/.local/lib/python3.12/site-packages/airflow/example_dags/example_short_circuit_operator.py
[2026-04-28T17:46:19.171+0000] {logging_mixin.py:188} INFO - [2026-04-28T17:46:19.170+0000] {dag.py:3096} INFO - Sync 1 DAGs
[2026-04-28T17:46:19.196+0000] {logging_mixin.py:188} INFO - [2026-04-28T17:46:19.196+0000] {dag.py:3954} INFO - Setting next_dagrun for example_short_circuit_operator to 2026-04-27 00:00:00+00:00, run_after=2026-04-28 00:00:00+00:00
[2026-04-28T17:46:19.216+0000] {processor.py:183} INFO - Processing /home/airflow/.local/lib/python3.12/site-packages/airflow/example_dags/example_short_circuit_operator.py took 0.109 seconds
[2026-04-28T17:46:49.330+0000] {processor.py:161} INFO - Started process (PID=2596) to work on /home/airflow/.local/lib/python3.12/site-packages/airflow/example_dags/example_short_circuit_operator.py
[2026-04-28T17:46:49.331+0000] {processor.py:830} INFO - Processing file /home/airflow/.local/lib/python3.12/site-packages/airflow/example_dags/example_short_circuit_operator.py for tasks to queue
[2026-04-28T17:46:49.333+0000] {logging_mixin.py:188} INFO - [2026-04-28T17:46:49.332+0000] {dagbag.py:540} INFO - Filling up the DagBag from /home/airflow/.local/lib/python3.12/site-packages/airflow/example_dags/example_short_circuit_operator.py
[2026-04-28T17:46:49.341+0000] {processor.py:840} INFO - DAG(s) 'example_short_circuit_operator' retrieved from /home/airflow/.local/lib/python3.12/site-packages/airflow/example_dags/example_short_circuit_operator.py
[2026-04-28T17:46:49.370+0000] {logging_mixin.py:188} INFO - [2026-04-28T17:46:49.369+0000] {dag.py:3096} INFO - Sync 1 DAGs
[2026-04-28T17:46:49.397+0000] {logging_mixin.py:188} INFO - [2026-04-28T17:46:49.397+0000] {dag.py:3954} INFO - Setting next_dagrun for example_short_circuit_operator to 2026-04-27 00:00:00+00:00, run_after=2026-04-28 00:00:00+00:00
[2026-04-28T17:46:49.418+0000] {processor.py:183} INFO - Processing /home/airflow/.local/lib/python3.12/site-packages/airflow/example_dags/example_short_circuit_operator.py took 0.096 seconds
[2026-04-28T17:47:19.913+0000] {processor.py:161} INFO - Started process (PID=2656) to work on /home/airflow/.local/lib/python3.12/site-packages/airflow/example_dags/example_short_circuit_operator.py
[2026-04-28T17:47:19.918+0000] {processor.py:830} INFO - Processing file /home/airflow/.local/lib/python3.12/site-packages/airflow/example_dags/example_short_circuit_operator.py for tasks to queue
[2026-04-28T17:47:19.926+0000] {logging_mixin.py:188} INFO - [2026-04-28T17:47:19.919+0000] {dagbag.py:540} INFO - Filling up the DagBag from /home/airflow/.local/lib/python3.12/site-packages/airflow/example_dags/example_short_circuit_operator.py
[2026-04-28T17:47:19.947+0000] {processor.py:840} INFO - DAG(s) 'example_short_circuit_operator' retrieved from /home/airflow/.local/lib/python3.12/site-packages/airflow/example_dags/example_short_circuit_operator.py
[2026-04-28T17:47:20.008+0000] {logging_mixin.py:188} INFO - [2026-04-28T17:47:20.008+0000] {dag.py:3096} INFO - Sync 1 DAGs
[2026-04-28T17:47:20.069+0000] {logging_mixin.py:188} INFO - [2026-04-28T17:47:20.069+0000] {dag.py:3954} INFO - Setting next_dagrun for example_short_circuit_operator to 2026-04-27 00:00:00+00:00, run_after=2026-04-28 00:00:00+00:00
[2026-04-28T17:47:20.114+0000] {processor.py:183} INFO - Processing /home/airflow/.local/lib/python3.12/site-packages/airflow/example_dags/example_short_circuit_operator.py took 0.232 seconds
[2026-04-28T17:47:50.498+0000] {processor.py:161} INFO - Started process (PID=2716) to work on /home/airflow/.local/lib/python3.12/site-packages/airflow/example_dags/example_short_circuit_operator.py
[2026-04-28T17:47:50.499+0000] {processor.py:830} INFO - Processing file /home/airflow/.local/lib/python3.12/site-packages/airflow/example_dags/example_short_circuit_operator.py for tasks to queue
[2026-04-28T17:47:50.501+0000] {logging_mixin.py:188} INFO - [2026-04-28T17:47:50.500+0000] {dagbag.py:540} INFO - Filling up the DagBag from /home/airflow/.local/lib/python3.12/site-packages/airflow/example_dags/example_short_circuit_operator.py
[2026-04-28T17:47:50.510+0000] {processor.py:840} INFO - DAG(s) 'example_short_circuit_operator' retrieved from /home/airflow/.local/lib/python3.12/site-packages/airflow/example_dags/example_short_circuit_operator.py
[2026-04-28T17:47:50.539+0000] {logging_mixin.py:188} INFO - [2026-04-28T17:47:50.539+0000] {dag.py:3096} INFO - Sync 1 DAGs
[2026-04-28T17:47:50.568+0000] {logging_mixin.py:188} INFO - [2026-04-28T17:47:50.567+0000] {dag.py:3954} INFO - Setting next_dagrun for example_short_circuit_operator to 2026-04-27 00:00:00+00:00, run_after=2026-04-28 00:00:00+00:00
[2026-04-28T17:47:50.587+0000] {processor.py:183} INFO - Processing /home/airflow/.local/lib/python3.12/site-packages/airflow/example_dags/example_short_circuit_operator.py took 0.096 seconds
[2026-04-28T17:48:21.268+0000] {processor.py:161} INFO - Started process (PID=2776) to work on /home/airflow/.local/lib/python3.12/site-packages/airflow/example_dags/example_short_circuit_operator.py
[2026-04-28T17:48:21.269+0000] {processor.py:830} INFO - Processing file /home/airflow/.local/lib/python3.12/site-packages/airflow/example_dags/example_short_circuit_operator.py for tasks to queue
[2026-04-28T17:48:21.271+0000] {logging_mixin.py:188} INFO - [2026-04-28T17:48:21.270+0000] {dagbag.py:540} INFO - Filling up the DagBag from /home/airflow/.local/lib/python3.12/site-packages/airflow/example_dags/example_short_circuit_operator.py
[2026-04-28T17:48:21.280+0000] {processor.py:840} INFO - DAG(s) 'example_short_circuit_operator' retrieved from /home/airflow/.local/lib/python3.12/site-packages/airflow/example_dags/example_short_circuit_operator.py
[2026-04-28T17:48:21.317+0000] {logging_mixin.py:188} INFO - [2026-04-28T17:48:21.317+0000] {dag.py:3096} INFO - Sync 1 DAGs
[2026-04-28T17:48:21.372+0000] {logging_mixin.py:188} INFO - [2026-04-28T17:48:21.371+0000] {dag.py:3954} INFO - Setting next_dagrun for example_short_circuit_operator to 2026-04-27 00:00:00+00:00, run_after=2026-04-28 00:00:00+00:00
[2026-04-28T17:48:21.422+0000] {processor.py:183} INFO - Processing /home/airflow/.local/lib/python3.12/site-packages/airflow/example_dags/example_short_circuit_operator.py took 0.161 seconds
[2026-04-28T17:48:52.462+0000] {processor.py:161} INFO - Started process (PID=2836) to work on /home/airflow/.local/lib/python3.12/site-packages/airflow/example_dags/example_short_circuit_operator.py
[2026-04-28T17:48:52.462+0000] {processor.py:830} INFO - Processing file /home/airflow/.local/lib/python3.12/site-packages/airflow/example_dags/example_short_circuit_operator.py for tasks to queue
[2026-04-28T17:48:52.464+0000] {logging_mixin.py:188} INFO - [2026-04-28T17:48:52.464+0000] {dagbag.py:540} INFO - Filling up the DagBag from /home/airflow/.local/lib/python3.12/site-packages/airflow/example_dags/example_short_circuit_operator.py
[2026-04-28T17:48:52.473+0000] {processor.py:840} INFO - DAG(s) 'example_short_circuit_operator' retrieved from /home/airflow/.local/lib/python3.12/site-packages/airflow/example_dags/example_short_circuit_operator.py
[2026-04-28T17:48:52.502+0000] {logging_mixin.py:188} INFO - [2026-04-28T17:48:52.501+0000] {dag.py:3096} INFO - Sync 1 DAGs
[2026-04-28T17:48:52.527+0000] {logging_mixin.py:188} INFO - [2026-04-28T17:48:52.527+0000] {dag.py:3954} INFO - Setting next_dagrun for example_short_circuit_operator to 2026-04-27 00:00:00+00:00, run_after=2026-04-28 00:00:00+00:00
[2026-04-28T17:48:52.548+0000] {processor.py:183} INFO - Processing /home/airflow/.local/lib/python3.12/site-packages/airflow/example_dags/example_short_circuit_operator.py took 0.096 seconds
[2026-04-28T17:49:23.009+0000] {processor.py:161} INFO - Started process (PID=2896) to work on /home/airflow/.local/lib/python3.12/site-packages/airflow/example_dags/example_short_circuit_operator.py
[2026-04-28T17:49:23.012+0000] {processor.py:830} INFO - Processing file /home/airflow/.local/lib/python3.12/site-packages/airflow/example_dags/example_short_circuit_operator.py for tasks to queue
[2026-04-28T17:49:23.018+0000] {logging_mixin.py:188} INFO - [2026-04-28T17:49:23.018+0000] {dagbag.py:540} INFO - Filling up the DagBag from /home/airflow/.local/lib/python3.12/site-packages/airflow/example_dags/example_short_circuit_operator.py
[2026-04-28T17:49:23.043+0000] {processor.py:840} INFO - DAG(s) 'example_short_circuit_operator' retrieved from /home/airflow/.local/lib/python3.12/site-packages/airflow/example_dags/example_short_circuit_operator.py
[2026-04-28T17:49:23.126+0000] {logging_mixin.py:188} INFO - [2026-04-28T17:49:23.126+0000] {dag.py:3096} INFO - Sync 1 DAGs
[2026-04-28T17:49:23.190+0000] {logging_mixin.py:188} INFO - [2026-04-28T17:49:23.190+0000] {dag.py:3954} INFO - Setting next_dagrun for example_short_circuit_operator to 2026-04-27 00:00:00+00:00, run_after=2026-04-28 00:00:00+00:00
[2026-04-28T17:49:23.223+0000] {processor.py:183} INFO - Processing /home/airflow/.local/lib/python3.12/site-packages/airflow/example_dags/example_short_circuit_operator.py took 0.238 seconds
[2026-04-28T17:49:53.280+0000] {processor.py:161} INFO - Started process (PID=2956) to work on /home/airflow/.local/lib/python3.12/site-packages/airflow/example_dags/example_short_circuit_operator.py
[2026-04-28T17:49:53.281+0000] {processor.py:830} INFO - Processing file /home/airflow/.local/lib/python3.12/site-packages/airflow/example_dags/example_short_circuit_operator.py for tasks to queue
[2026-04-28T17:49:53.282+0000] {logging_mixin.py:188} INFO - [2026-04-28T17:49:53.282+0000] {dagbag.py:540} INFO - Filling up the DagBag from /home/airflow/.local/lib/python3.12/site-packages/airflow/example_dags/example_short_circuit_operator.py
[2026-04-28T17:49:53.291+0000] {processor.py:840} INFO - DAG(s) 'example_short_circuit_operator' retrieved from /home/airflow/.local/lib/python3.12/site-packages/airflow/example_dags/example_short_circuit_operator.py
[2026-04-28T17:49:53.319+0000] {logging_mixin.py:188} INFO - [2026-04-28T17:49:53.318+0000] {dag.py:3096} INFO - Sync 1 DAGs
[2026-04-28T17:49:53.369+0000] {logging_mixin.py:188} INFO - [2026-04-28T17:49:53.369+0000] {dag.py:3954} INFO - Setting next_dagrun for example_short_circuit_operator to 2026-04-27 00:00:00+00:00, run_after=2026-04-28 00:00:00+00:00
[2026-04-28T17:49:53.393+0000] {processor.py:183} INFO - Processing /home/airflow/.local/lib/python3.12/site-packages/airflow/example_dags/example_short_circuit_operator.py took 0.123 seconds
[2026-04-28T17:50:23.835+0000] {processor.py:161} INFO - Started process (PID=3015) to work on /home/airflow/.local/lib/python3.12/site-packages/airflow/example_dags/example_short_circuit_operator.py
[2026-04-28T17:50:23.836+0000] {processor.py:830} INFO - Processing file /home/airflow/.local/lib/python3.12/site-packages/airflow/example_dags/example_short_circuit_operator.py for tasks to queue
[2026-04-28T17:50:23.838+0000] {logging_mixin.py:188} INFO - [2026-04-28T17:50:23.837+0000] {dagbag.py:540} INFO - Filling up the DagBag from /home/airflow/.local/lib/python3.12/site-packages/airflow/example_dags/example_short_circuit_operator.py
[2026-04-28T17:50:23.847+0000] {processor.py:840} INFO - DAG(s) 'example_short_circuit_operator' retrieved from /home/airflow/.local/lib/python3.12/site-packages/airflow/example_dags/example_short_circuit_operator.py
[2026-04-28T17:50:23.875+0000] {logging_mixin.py:188} INFO - [2026-04-28T17:50:23.874+0000] {dag.py:3096} INFO - Sync 1 DAGs
[2026-04-28T17:50:23.918+0000] {logging_mixin.py:188} INFO - [2026-04-28T17:50:23.918+0000] {dag.py:3954} INFO - Setting next_dagrun for example_short_circuit_operator to 2026-04-27 00:00:00+00:00, run_after=2026-04-28 00:00:00+00:00
[2026-04-28T17:50:23.940+0000] {processor.py:183} INFO - Processing /home/airflow/.local/lib/python3.12/site-packages/airflow/example_dags/example_short_circuit_operator.py took 0.112 seconds
[2026-04-28T17:50:54.376+0000] {processor.py:161} INFO - Started process (PID=3075) to work on /home/airflow/.local/lib/python3.12/site-packages/airflow/example_dags/example_short_circuit_operator.py
[2026-04-28T17:50:54.377+0000] {processor.py:830} INFO - Processing file /home/airflow/.local/lib/python3.12/site-packages/airflow/example_dags/example_short_circuit_operator.py for tasks to queue
[2026-04-28T17:50:54.379+0000] {logging_mixin.py:188} INFO - [2026-04-28T17:50:54.379+0000] {dagbag.py:540} INFO - Filling up the DagBag from /home/airflow/.local/lib/python3.12/site-packages/airflow/example_dags/example_short_circuit_operator.py
[2026-04-28T17:50:54.393+0000] {processor.py:840} INFO - DAG(s) 'example_short_circuit_operator' retrieved from /home/airflow/.local/lib/python3.12/site-packages/airflow/example_dags/example_short_circuit_operator.py
[2026-04-28T17:50:54.426+0000] {logging_mixin.py:188} INFO - [2026-04-28T17:50:54.426+0000] {dag.py:3096} INFO - Sync 1 DAGs
[2026-04-28T17:50:54.481+0000] {logging_mixin.py:188} INFO - [2026-04-28T17:50:54.481+0000] {dag.py:3954} INFO - Setting next_dagrun for example_short_circuit_operator to 2026-04-27 00:00:00+00:00, run_after=2026-04-28 00:00:00+00:00
[2026-04-28T17:50:54.500+0000] {processor.py:183} INFO - Processing /home/airflow/.local/lib/python3.12/site-packages/airflow/example_dags/example_short_circuit_operator.py took 0.130 seconds
[2026-04-28T17:51:25.032+0000] {processor.py:161} INFO - Started process (PID=3135) to work on /home/airflow/.local/lib/python3.12/site-packages/airflow/example_dags/example_short_circuit_operator.py
[2026-04-28T17:51:25.033+0000] {processor.py:830} INFO - Processing file /home/airflow/.local/lib/python3.12/site-packages/airflow/example_dags/example_short_circuit_operator.py for tasks to queue
[2026-04-28T17:51:25.035+0000] {logging_mixin.py:188} INFO - [2026-04-28T17:51:25.034+0000] {dagbag.py:540} INFO - Filling up the DagBag from /home/airflow/.local/lib/python3.12/site-packages/airflow/example_dags/example_short_circuit_operator.py
[2026-04-28T17:51:25.043+0000] {processor.py:840} INFO - DAG(s) 'example_short_circuit_operator' retrieved from /home/airflow/.local/lib/python3.12/site-packages/airflow/example_dags/example_short_circuit_operator.py
[2026-04-28T17:51:25.072+0000] {logging_mixin.py:188} INFO - [2026-04-28T17:51:25.072+0000] {dag.py:3096} INFO - Sync 1 DAGs
[2026-04-28T17:51:25.099+0000] {logging_mixin.py:188} INFO - [2026-04-28T17:51:25.098+0000] {dag.py:3954} INFO - Setting next_dagrun for example_short_circuit_operator to 2026-04-27 00:00:00+00:00, run_after=2026-04-28 00:00:00+00:00
[2026-04-28T17:51:25.118+0000] {processor.py:183} INFO - Processing /home/airflow/.local/lib/python3.12/site-packages/airflow/example_dags/example_short_circuit_operator.py took 0.093 seconds
[2026-04-28T17:51:55.186+0000] {processor.py:161} INFO - Started process (PID=3195) to work on /home/airflow/.local/lib/python3.12/site-packages/airflow/example_dags/example_short_circuit_operator.py
[2026-04-28T17:51:55.187+0000] {processor.py:830} INFO - Processing file /home/airflow/.local/lib/python3.12/site-packages/airflow/example_dags/example_short_circuit_operator.py for tasks to queue
[2026-04-28T17:51:55.189+0000] {logging_mixin.py:188} INFO - [2026-04-28T17:51:55.188+0000] {dagbag.py:540} INFO - Filling up the DagBag from /home/airflow/.local/lib/python3.12/site-packages/airflow/example_dags/example_short_circuit_operator.py
[2026-04-28T17:51:55.199+0000] {processor.py:840} INFO - DAG(s) 'example_short_circuit_operator' retrieved from /home/airflow/.local/lib/python3.12/site-packages/airflow/example_dags/example_short_circuit_operator.py
[2026-04-28T17:51:55.233+0000] {logging_mixin.py:188} INFO - [2026-04-28T17:51:55.233+0000] {dag.py:3096} INFO - Sync 1 DAGs
[2026-04-28T17:51:55.271+0000] {logging_mixin.py:188} INFO - [2026-04-28T17:51:55.271+0000] {dag.py:3954} INFO - Setting next_dagrun for example_short_circuit_operator to 2026-04-27 00:00:00+00:00, run_after=2026-04-28 00:00:00+00:00
[2026-04-28T17:51:55.289+0000] {processor.py:183} INFO - Processing /home/airflow/.local/lib/python3.12/site-packages/airflow/example_dags/example_short_circuit_operator.py took 0.112 seconds
[2026-04-28T17:52:25.576+0000] {processor.py:161} INFO - Started process (PID=3255) to work on /home/airflow/.local/lib/python3.12/site-packages/airflow/example_dags/example_short_circuit_operator.py
[2026-04-28T17:52:25.577+0000] {processor.py:830} INFO - Processing file /home/airflow/.local/lib/python3.12/site-packages/airflow/example_dags/example_short_circuit_operator.py for tasks to queue
[2026-04-28T17:52:25.579+0000] {logging_mixin.py:188} INFO - [2026-04-28T17:52:25.578+0000] {dagbag.py:540} INFO - Filling up the DagBag from /home/airflow/.local/lib/python3.12/site-packages/airflow/example_dags/example_short_circuit_operator.py
[2026-04-28T17:52:25.588+0000] {processor.py:840} INFO - DAG(s) 'example_short_circuit_operator' retrieved from /home/airflow/.local/lib/python3.12/site-packages/airflow/example_dags/example_short_circuit_operator.py
[2026-04-28T17:52:25.619+0000] {logging_mixin.py:188} INFO - [2026-04-28T17:52:25.618+0000] {dag.py:3096} INFO - Sync 1 DAGs
[2026-04-28T17:52:25.647+0000] {logging_mixin.py:188} INFO - [2026-04-28T17:52:25.646+0000] {dag.py:3954} INFO - Setting next_dagrun for example_short_circuit_operator to 2026-04-27 00:00:00+00:00, run_after=2026-04-28 00:00:00+00:00
[2026-04-28T17:52:25.666+0000] {processor.py:183} INFO - Processing /home/airflow/.local/lib/python3.12/site-packages/airflow/example_dags/example_short_circuit_operator.py took 0.097 seconds
[2026-04-28T17:52:55.843+0000] {processor.py:161} INFO - Started process (PID=3313) to work on /home/airflow/.local/lib/python3.12/site-packages/airflow/example_dags/example_short_circuit_operator.py
[2026-04-28T17:52:55.845+0000] {processor.py:830} INFO - Processing file /home/airflow/.local/lib/python3.12/site-packages/airflow/example_dags/example_short_circuit_operator.py for tasks to queue
[2026-04-28T17:52:55.848+0000] {logging_mixin.py:188} INFO - [2026-04-28T17:52:55.846+0000] {dagbag.py:540} INFO - Filling up the DagBag from /home/airflow/.local/lib/python3.12/site-packages/airflow/example_dags/example_short_circuit_operator.py
[2026-04-28T17:52:55.857+0000] {processor.py:840} INFO - DAG(s) 'example_short_circuit_operator' retrieved from /home/airflow/.local/lib/python3.12/site-packages/airflow/example_dags/example_short_circuit_operator.py
[2026-04-28T17:52:55.887+0000] {logging_mixin.py:188} INFO - [2026-04-28T17:52:55.887+0000] {dag.py:3096} INFO - Sync 1 DAGs
[2026-04-28T17:52:55.914+0000] {logging_mixin.py:188} INFO - [2026-04-28T17:52:55.914+0000] {dag.py:3954} INFO - Setting next_dagrun for example_short_circuit_operator to 2026-04-27 00:00:00+00:00, run_after=2026-04-28 00:00:00+00:00
[2026-04-28T17:52:55.945+0000] {processor.py:183} INFO - Processing /home/airflow/.local/lib/python3.12/site-packages/airflow/example_dags/example_short_circuit_operator.py took 0.109 seconds
[2026-04-28T17:53:26.958+0000] {processor.py:161} INFO - Started process (PID=3373) to work on /home/airflow/.local/lib/python3.12/site-packages/airflow/example_dags/example_short_circuit_operator.py
[2026-04-28T17:53:26.958+0000] {processor.py:830} INFO - Processing file /home/airflow/.local/lib/python3.12/site-packages/airflow/example_dags/example_short_circuit_operator.py for tasks to queue
[2026-04-28T17:53:26.960+0000] {logging_mixin.py:188} INFO - [2026-04-28T17:53:26.960+0000] {dagbag.py:540} INFO - Filling up the DagBag from /home/airflow/.local/lib/python3.12/site-packages/airflow/example_dags/example_short_circuit_operator.py
[2026-04-28T17:53:26.970+0000] {processor.py:840} INFO - DAG(s) 'example_short_circuit_operator' retrieved from /home/airflow/.local/lib/python3.12/site-packages/airflow/example_dags/example_short_circuit_operator.py
[2026-04-28T17:53:27.006+0000] {logging_mixin.py:188} INFO - [2026-04-28T17:53:27.006+0000] {dag.py:3096} INFO - Sync 1 DAGs
[2026-04-28T17:53:27.033+0000] {logging_mixin.py:188} INFO - [2026-04-28T17:53:27.033+0000] {dag.py:3954} INFO - Setting next_dagrun for example_short_circuit_operator to 2026-04-27 00:00:00+00:00, run_after=2026-04-28 00:00:00+00:00
[2026-04-28T17:53:27.054+0000] {processor.py:183} INFO - Processing /home/airflow/.local/lib/python3.12/site-packages/airflow/example_dags/example_short_circuit_operator.py took 0.103 seconds
[2026-04-28T17:53:58.058+0000] {processor.py:161} INFO - Started process (PID=3433) to work on /home/airflow/.local/lib/python3.12/site-packages/airflow/example_dags/example_short_circuit_operator.py
[2026-04-28T17:53:58.059+0000] {processor.py:830} INFO - Processing file /home/airflow/.local/lib/python3.12/site-packages/airflow/example_dags/example_short_circuit_operator.py for tasks to queue
[2026-04-28T17:53:58.063+0000] {logging_mixin.py:188} INFO - [2026-04-28T17:53:58.060+0000] {dagbag.py:540} INFO - Filling up the DagBag from /home/airflow/.local/lib/python3.12/site-packages/airflow/example_dags/example_short_circuit_operator.py
[2026-04-28T17:53:58.077+0000] {processor.py:840} INFO - DAG(s) 'example_short_circuit_operator' retrieved from /home/airflow/.local/lib/python3.12/site-packages/airflow/example_dags/example_short_circuit_operator.py
[2026-04-28T17:53:58.137+0000] {logging_mixin.py:188} INFO - [2026-04-28T17:53:58.137+0000] {dag.py:3096} INFO - Sync 1 DAGs
[2026-04-28T17:53:58.208+0000] {logging_mixin.py:188} INFO - [2026-04-28T17:53:58.208+0000] {dag.py:3954} INFO - Setting next_dagrun for example_short_circuit_operator to 2026-04-27 00:00:00+00:00, run_after=2026-04-28 00:00:00+00:00
[2026-04-28T17:53:58.256+0000] {processor.py:183} INFO - Processing /home/airflow/.local/lib/python3.12/site-packages/airflow/example_dags/example_short_circuit_operator.py took 0.214 seconds
[2026-04-28T17:54:29.066+0000] {processor.py:161} INFO - Started process (PID=3493) to work on /home/airflow/.local/lib/python3.12/site-packages/airflow/example_dags/example_short_circuit_operator.py
[2026-04-28T17:54:29.067+0000] {processor.py:830} INFO - Processing file /home/airflow/.local/lib/python3.12/site-packages/airflow/example_dags/example_short_circuit_operator.py for tasks to queue
[2026-04-28T17:54:29.070+0000] {logging_mixin.py:188} INFO - [2026-04-28T17:54:29.070+0000] {dagbag.py:540} INFO - Filling up the DagBag from /home/airflow/.local/lib/python3.12/site-packages/airflow/example_dags/example_short_circuit_operator.py
[2026-04-28T17:54:29.082+0000] {processor.py:840} INFO - DAG(s) 'example_short_circuit_operator' retrieved from /home/airflow/.local/lib/python3.12/site-packages/airflow/example_dags/example_short_circuit_operator.py
[2026-04-28T17:54:29.142+0000] {logging_mixin.py:188} INFO - [2026-04-28T17:54:29.142+0000] {dag.py:3096} INFO - Sync 1 DAGs
[2026-04-28T17:54:29.195+0000] {logging_mixin.py:188} INFO - [2026-04-28T17:54:29.194+0000] {dag.py:3954} INFO - Setting next_dagrun for example_short_circuit_operator to 2026-04-27 00:00:00+00:00, run_after=2026-04-28 00:00:00+00:00
[2026-04-28T17:54:29.240+0000] {processor.py:183} INFO - Processing /home/airflow/.local/lib/python3.12/site-packages/airflow/example_dags/example_short_circuit_operator.py took 0.195 seconds
[2026-04-28T17:54:59.963+0000] {processor.py:161} INFO - Started process (PID=3555) to work on /home/airflow/.local/lib/python3.12/site-packages/airflow/example_dags/example_short_circuit_operator.py
[2026-04-28T17:54:59.965+0000] {processor.py:830} INFO - Processing file /home/airflow/.local/lib/python3.12/site-packages/airflow/example_dags/example_short_circuit_operator.py for tasks to queue
[2026-04-28T17:54:59.966+0000] {logging_mixin.py:188} INFO - [2026-04-28T17:54:59.966+0000] {dagbag.py:540} INFO - Filling up the DagBag from /home/airflow/.local/lib/python3.12/site-packages/airflow/example_dags/example_short_circuit_operator.py
[2026-04-28T17:54:59.976+0000] {processor.py:840} INFO - DAG(s) 'example_short_circuit_operator' retrieved from /home/airflow/.local/lib/python3.12/site-packages/airflow/example_dags/example_short_circuit_operator.py
[2026-04-28T17:55:00.005+0000] {logging_mixin.py:188} INFO - [2026-04-28T17:55:00.005+0000] {dag.py:3096} INFO - Sync 1 DAGs
[2026-04-28T17:55:00.044+0000] {logging_mixin.py:188} INFO - [2026-04-28T17:55:00.043+0000] {dag.py:3954} INFO - Setting next_dagrun for example_short_circuit_operator to 2026-04-27 00:00:00+00:00, run_after=2026-04-28 00:00:00+00:00
[2026-04-28T17:55:00.064+0000] {processor.py:183} INFO - Processing /home/airflow/.local/lib/python3.12/site-packages/airflow/example_dags/example_short_circuit_operator.py took 0.108 seconds
[2026-04-28T17:55:30.760+0000] {processor.py:161} INFO - Started process (PID=3616) to work on /home/airflow/.local/lib/python3.12/site-packages/airflow/example_dags/example_short_circuit_operator.py
[2026-04-28T17:55:30.765+0000] {processor.py:830} INFO - Processing file /home/airflow/.local/lib/python3.12/site-packages/airflow/example_dags/example_short_circuit_operator.py for tasks to queue
[2026-04-28T17:55:30.768+0000] {logging_mixin.py:188} INFO - [2026-04-28T17:55:30.768+0000] {dagbag.py:540} INFO - Filling up the DagBag from /home/airflow/.local/lib/python3.12/site-packages/airflow/example_dags/example_short_circuit_operator.py
[2026-04-28T17:55:30.785+0000] {processor.py:840} INFO - DAG(s) 'example_short_circuit_operator' retrieved from /home/airflow/.local/lib/python3.12/site-packages/airflow/example_dags/example_short_circuit_operator.py
[2026-04-28T17:55:30.824+0000] {logging_mixin.py:188} INFO - [2026-04-28T17:55:30.823+0000] {dag.py:3096} INFO - Sync 1 DAGs
[2026-04-28T17:55:30.851+0000] {logging_mixin.py:188} INFO - [2026-04-28T17:55:30.851+0000] {dag.py:3954} INFO - Setting next_dagrun for example_short_circuit_operator to 2026-04-27 00:00:00+00:00, run_after=2026-04-28 00:00:00+00:00
[2026-04-28T17:55:30.872+0000] {processor.py:183} INFO - Processing /home/airflow/.local/lib/python3.12/site-packages/airflow/example_dags/example_short_circuit_operator.py took 0.124 seconds
[2026-04-28T17:56:01.328+0000] {processor.py:161} INFO - Started process (PID=3676) to work on /home/airflow/.local/lib/python3.12/site-packages/airflow/example_dags/example_short_circuit_operator.py
[2026-04-28T17:56:01.333+0000] {processor.py:830} INFO - Processing file /home/airflow/.local/lib/python3.12/site-packages/airflow/example_dags/example_short_circuit_operator.py for tasks to queue
[2026-04-28T17:56:01.337+0000] {logging_mixin.py:188} INFO - [2026-04-28T17:56:01.337+0000] {dagbag.py:540} INFO - Filling up the DagBag from /home/airflow/.local/lib/python3.12/site-packages/airflow/example_dags/example_short_circuit_operator.py
[2026-04-28T17:56:01.365+0000] {processor.py:840} INFO - DAG(s) 'example_short_circuit_operator' retrieved from /home/airflow/.local/lib/python3.12/site-packages/airflow/example_dags/example_short_circuit_operator.py
[2026-04-28T17:56:01.430+0000] {logging_mixin.py:188} INFO - [2026-04-28T17:56:01.430+0000] {dag.py:3096} INFO - Sync 1 DAGs
[2026-04-28T17:56:01.462+0000] {logging_mixin.py:188} INFO - [2026-04-28T17:56:01.462+0000] {dag.py:3954} INFO - Setting next_dagrun for example_short_circuit_operator to 2026-04-27 00:00:00+00:00, run_after=2026-04-28 00:00:00+00:00
[2026-04-28T17:56:01.498+0000] {processor.py:183} INFO - Processing /home/airflow/.local/lib/python3.12/site-packages/airflow/example_dags/example_short_circuit_operator.py took 0.195 seconds
[2026-04-28T17:56:32.021+0000] {processor.py:161} INFO - Started process (PID=3736) to work on /home/airflow/.local/lib/python3.12/site-packages/airflow/example_dags/example_short_circuit_operator.py
[2026-04-28T17:56:32.022+0000] {processor.py:830} INFO - Processing file /home/airflow/.local/lib/python3.12/site-packages/airflow/example_dags/example_short_circuit_operator.py for tasks to queue
[2026-04-28T17:56:32.023+0000] {logging_mixin.py:188} INFO - [2026-04-28T17:56:32.023+0000] {dagbag.py:540} INFO - Filling up the DagBag from /home/airflow/.local/lib/python3.12/site-packages/airflow/example_dags/example_short_circuit_operator.py
[2026-04-28T17:56:32.033+0000] {processor.py:840} INFO - DAG(s) 'example_short_circuit_operator' retrieved from /home/airflow/.local/lib/python3.12/site-packages/airflow/example_dags/example_short_circuit_operator.py
[2026-04-28T17:56:32.062+0000] {logging_mixin.py:188} INFO - [2026-04-28T17:56:32.061+0000] {dag.py:3096} INFO - Sync 1 DAGs
[2026-04-28T17:56:32.089+0000] {logging_mixin.py:188} INFO - [2026-04-28T17:56:32.089+0000] {dag.py:3954} INFO - Setting next_dagrun for example_short_circuit_operator to 2026-04-27 00:00:00+00:00, run_after=2026-04-28 00:00:00+00:00
[2026-04-28T17:56:32.109+0000] {processor.py:183} INFO - Processing /home/airflow/.local/lib/python3.12/site-packages/airflow/example_dags/example_short_circuit_operator.py took 0.095 seconds
[2026-04-28T17:57:02.593+0000] {processor.py:161} INFO - Started process (PID=3796) to work on /home/airflow/.local/lib/python3.12/site-packages/airflow/example_dags/example_short_circuit_operator.py
[2026-04-28T17:57:02.597+0000] {processor.py:830} INFO - Processing file /home/airflow/.local/lib/python3.12/site-packages/airflow/example_dags/example_short_circuit_operator.py for tasks to queue
[2026-04-28T17:57:02.601+0000] {logging_mixin.py:188} INFO - [2026-04-28T17:57:02.601+0000] {dagbag.py:540} INFO - Filling up the DagBag from /home/airflow/.local/lib/python3.12/site-packages/airflow/example_dags/example_short_circuit_operator.py
[2026-04-28T17:57:02.616+0000] {processor.py:840} INFO - DAG(s) 'example_short_circuit_operator' retrieved from /home/airflow/.local/lib/python3.12/site-packages/airflow/example_dags/example_short_circuit_operator.py
[2026-04-28T17:57:02.648+0000] {logging_mixin.py:188} INFO - [2026-04-28T17:57:02.648+0000] {dag.py:3096} INFO - Sync 1 DAGs
[2026-04-28T17:57:02.676+0000] {logging_mixin.py:188} INFO - [2026-04-28T17:57:02.676+0000] {dag.py:3954} INFO - Setting next_dagrun for example_short_circuit_operator to 2026-04-27 00:00:00+00:00, run_after=2026-04-28 00:00:00+00:00
[2026-04-28T17:57:02.698+0000] {processor.py:183} INFO - Processing /home/airflow/.local/lib/python3.12/site-packages/airflow/example_dags/example_short_circuit_operator.py took 0.120 seconds
[2026-04-28T17:57:33.306+0000] {processor.py:161} INFO - Started process (PID=3856) to work on /home/airflow/.local/lib/python3.12/site-packages/airflow/example_dags/example_short_circuit_operator.py
[2026-04-28T17:57:33.311+0000] {processor.py:830} INFO - Processing file /home/airflow/.local/lib/python3.12/site-packages/airflow/example_dags/example_short_circuit_operator.py for tasks to queue
[2026-04-28T17:57:33.320+0000] {logging_mixin.py:188} INFO - [2026-04-28T17:57:33.320+0000] {dagbag.py:540} INFO - Filling up the DagBag from /home/airflow/.local/lib/python3.12/site-packages/airflow/example_dags/example_short_circuit_operator.py
[2026-04-28T17:57:33.381+0000] {processor.py:840} INFO - DAG(s) 'example_short_circuit_operator' retrieved from /home/airflow/.local/lib/python3.12/site-packages/airflow/example_dags/example_short_circuit_operator.py
[2026-04-28T17:57:33.494+0000] {logging_mixin.py:188} INFO - [2026-04-28T17:57:33.494+0000] {dag.py:3096} INFO - Sync 1 DAGs
[2026-04-28T17:57:33.633+0000] {logging_mixin.py:188} INFO - [2026-04-28T17:57:33.629+0000] {dag.py:3954} INFO - Setting next_dagrun for example_short_circuit_operator to 2026-04-27 00:00:00+00:00, run_after=2026-04-28 00:00:00+00:00
[2026-04-28T17:57:33.658+0000] {processor.py:183} INFO - Processing /home/airflow/.local/lib/python3.12/site-packages/airflow/example_dags/example_short_circuit_operator.py took 0.412 seconds
[2026-04-28T17:58:04.317+0000] {processor.py:161} INFO - Started process (PID=3916) to work on /home/airflow/.local/lib/python3.12/site-packages/airflow/example_dags/example_short_circuit_operator.py
[2026-04-28T17:58:04.317+0000] {processor.py:830} INFO - Processing file /home/airflow/.local/lib/python3.12/site-packages/airflow/example_dags/example_short_circuit_operator.py for tasks to queue
[2026-04-28T17:58:04.320+0000] {logging_mixin.py:188} INFO - [2026-04-28T17:58:04.320+0000] {dagbag.py:540} INFO - Filling up the DagBag from /home/airflow/.local/lib/python3.12/site-packages/airflow/example_dags/example_short_circuit_operator.py
[2026-04-28T17:58:04.330+0000] {processor.py:840} INFO - DAG(s) 'example_short_circuit_operator' retrieved from /home/airflow/.local/lib/python3.12/site-packages/airflow/example_dags/example_short_circuit_operator.py
[2026-04-28T17:58:04.358+0000] {logging_mixin.py:188} INFO - [2026-04-28T17:58:04.358+0000] {dag.py:3096} INFO - Sync 1 DAGs
[2026-04-28T17:58:04.390+0000] {logging_mixin.py:188} INFO - [2026-04-28T17:58:04.389+0000] {dag.py:3954} INFO - Setting next_dagrun for example_short_circuit_operator to 2026-04-27 00:00:00+00:00, run_after=2026-04-28 00:00:00+00:00
[2026-04-28T17:58:04.410+0000] {processor.py:183} INFO - Processing /home/airflow/.local/lib/python3.12/site-packages/airflow/example_dags/example_short_circuit_operator.py took 0.101 seconds
[2026-04-28T17:58:34.482+0000] {processor.py:161} INFO - Started process (PID=3976) to work on /home/airflow/.local/lib/python3.12/site-packages/airflow/example_dags/example_short_circuit_operator.py
[2026-04-28T17:58:34.483+0000] {processor.py:830} INFO - Processing file /home/airflow/.local/lib/python3.12/site-packages/airflow/example_dags/example_short_circuit_operator.py for tasks to queue
[2026-04-28T17:58:34.485+0000] {logging_mixin.py:188} INFO - [2026-04-28T17:58:34.484+0000] {dagbag.py:540} INFO - Filling up the DagBag from /home/airflow/.local/lib/python3.12/site-packages/airflow/example_dags/example_short_circuit_operator.py
[2026-04-28T17:58:34.493+0000] {processor.py:840} INFO - DAG(s) 'example_short_circuit_operator' retrieved from /home/airflow/.local/lib/python3.12/site-packages/airflow/example_dags/example_short_circuit_operator.py
[2026-04-28T17:58:34.521+0000] {logging_mixin.py:188} INFO - [2026-04-28T17:58:34.521+0000] {dag.py:3096} INFO - Sync 1 DAGs
[2026-04-28T17:58:34.555+0000] {logging_mixin.py:188} INFO - [2026-04-28T17:58:34.555+0000] {dag.py:3954} INFO - Setting next_dagrun for example_short_circuit_operator to 2026-04-27 00:00:00+00:00, run_after=2026-04-28 00:00:00+00:00
[2026-04-28T17:58:34.573+0000] {processor.py:183} INFO - Processing /home/airflow/.local/lib/python3.12/site-packages/airflow/example_dags/example_short_circuit_operator.py took 0.098 seconds
[2026-04-28T18:00:59.543+0000] {processor.py:161} INFO - Started process (PID=82) to work on /home/airflow/.local/lib/python3.12/site-packages/airflow/example_dags/example_short_circuit_operator.py
[2026-04-28T18:00:59.552+0000] {processor.py:830} INFO - Processing file /home/airflow/.local/lib/python3.12/site-packages/airflow/example_dags/example_short_circuit_operator.py for tasks to queue
[2026-04-28T18:00:59.557+0000] {logging_mixin.py:188} INFO - [2026-04-28T18:00:59.557+0000] {dagbag.py:540} INFO - Filling up the DagBag from /home/airflow/.local/lib/python3.12/site-packages/airflow/example_dags/example_short_circuit_operator.py
[2026-04-28T18:00:59.600+0000] {processor.py:840} INFO - DAG(s) 'example_short_circuit_operator' retrieved from /home/airflow/.local/lib/python3.12/site-packages/airflow/example_dags/example_short_circuit_operator.py
[2026-04-28T18:01:00.861+0000] {logging_mixin.py:188} INFO - [2026-04-28T18:01:00.860+0000] {dag.py:3096} INFO - Sync 1 DAGs
[2026-04-28T18:01:00.941+0000] {logging_mixin.py:188} INFO - [2026-04-28T18:01:00.939+0000] {dag.py:3954} INFO - Setting next_dagrun for example_short_circuit_operator to 2026-04-27 00:00:00+00:00, run_after=2026-04-28 00:00:00+00:00
[2026-04-28T18:01:01.028+0000] {processor.py:183} INFO - Processing /home/airflow/.local/lib/python3.12/site-packages/airflow/example_dags/example_short_circuit_operator.py took 1.520 seconds
[2026-04-28T18:01:31.489+0000] {processor.py:161} INFO - Started process (PID=143) to work on /home/airflow/.local/lib/python3.12/site-packages/airflow/example_dags/example_short_circuit_operator.py
[2026-04-28T18:01:31.527+0000] {processor.py:830} INFO - Processing file /home/airflow/.local/lib/python3.12/site-packages/airflow/example_dags/example_short_circuit_operator.py for tasks to queue
[2026-04-28T18:01:31.529+0000] {logging_mixin.py:188} INFO - [2026-04-28T18:01:31.528+0000] {dagbag.py:540} INFO - Filling up the DagBag from /home/airflow/.local/lib/python3.12/site-packages/airflow/example_dags/example_short_circuit_operator.py
[2026-04-28T18:01:31.562+0000] {processor.py:840} INFO - DAG(s) 'example_short_circuit_operator' retrieved from /home/airflow/.local/lib/python3.12/site-packages/airflow/example_dags/example_short_circuit_operator.py
[2026-04-28T18:01:31.641+0000] {logging_mixin.py:188} INFO - [2026-04-28T18:01:31.641+0000] {dag.py:3096} INFO - Sync 1 DAGs
[2026-04-28T18:01:31.710+0000] {logging_mixin.py:188} INFO - [2026-04-28T18:01:31.710+0000] {dag.py:3954} INFO - Setting next_dagrun for example_short_circuit_operator to 2026-04-27 00:00:00+00:00, run_after=2026-04-28 00:00:00+00:00
[2026-04-28T18:01:31.784+0000] {processor.py:183} INFO - Processing /home/airflow/.local/lib/python3.12/site-packages/airflow/example_dags/example_short_circuit_operator.py took 0.346 seconds
[2026-04-28T18:02:02.562+0000] {processor.py:161} INFO - Started process (PID=203) to work on /home/airflow/.local/lib/python3.12/site-packages/airflow/example_dags/example_short_circuit_operator.py
[2026-04-28T18:02:02.569+0000] {processor.py:830} INFO - Processing file /home/airflow/.local/lib/python3.12/site-packages/airflow/example_dags/example_short_circuit_operator.py for tasks to queue
[2026-04-28T18:02:02.582+0000] {logging_mixin.py:188} INFO - [2026-04-28T18:02:02.581+0000] {dagbag.py:540} INFO - Filling up the DagBag from /home/airflow/.local/lib/python3.12/site-packages/airflow/example_dags/example_short_circuit_operator.py
[2026-04-28T18:02:02.690+0000] {processor.py:840} INFO - DAG(s) 'example_short_circuit_operator' retrieved from /home/airflow/.local/lib/python3.12/site-packages/airflow/example_dags/example_short_circuit_operator.py
[2026-04-28T18:02:02.814+0000] {logging_mixin.py:188} INFO - [2026-04-28T18:02:02.813+0000] {dag.py:3096} INFO - Sync 1 DAGs
[2026-04-28T18:02:02.936+0000] {logging_mixin.py:188} INFO - [2026-04-28T18:02:02.935+0000] {dag.py:3954} INFO - Setting next_dagrun for example_short_circuit_operator to 2026-04-27 00:00:00+00:00, run_after=2026-04-28 00:00:00+00:00
[2026-04-28T18:02:02.986+0000] {processor.py:183} INFO - Processing /home/airflow/.local/lib/python3.12/site-packages/airflow/example_dags/example_short_circuit_operator.py took 0.506 seconds
[2026-04-28T18:02:33.691+0000] {processor.py:161} INFO - Started process (PID=263) to work on /home/airflow/.local/lib/python3.12/site-packages/airflow/example_dags/example_short_circuit_operator.py
[2026-04-28T18:02:33.692+0000] {processor.py:830} INFO - Processing file /home/airflow/.local/lib/python3.12/site-packages/airflow/example_dags/example_short_circuit_operator.py for tasks to queue
[2026-04-28T18:02:33.694+0000] {logging_mixin.py:188} INFO - [2026-04-28T18:02:33.693+0000] {dagbag.py:540} INFO - Filling up the DagBag from /home/airflow/.local/lib/python3.12/site-packages/airflow/example_dags/example_short_circuit_operator.py
[2026-04-28T18:02:33.710+0000] {processor.py:840} INFO - DAG(s) 'example_short_circuit_operator' retrieved from /home/airflow/.local/lib/python3.12/site-packages/airflow/example_dags/example_short_circuit_operator.py
[2026-04-28T18:02:34.094+0000] {logging_mixin.py:188} INFO - [2026-04-28T18:02:34.094+0000] {dag.py:3096} INFO - Sync 1 DAGs
[2026-04-28T18:02:34.116+0000] {logging_mixin.py:188} INFO - [2026-04-28T18:02:34.116+0000] {dag.py:3954} INFO - Setting next_dagrun for example_short_circuit_operator to 2026-04-27 00:00:00+00:00, run_after=2026-04-28 00:00:00+00:00
[2026-04-28T18:02:34.131+0000] {processor.py:183} INFO - Processing /home/airflow/.local/lib/python3.12/site-packages/airflow/example_dags/example_short_circuit_operator.py took 0.460 seconds
[2026-04-28T18:03:04.190+0000] {processor.py:161} INFO - Started process (PID=323) to work on /home/airflow/.local/lib/python3.12/site-packages/airflow/example_dags/example_short_circuit_operator.py
[2026-04-28T18:03:04.191+0000] {processor.py:830} INFO - Processing file /home/airflow/.local/lib/python3.12/site-packages/airflow/example_dags/example_short_circuit_operator.py for tasks to queue
[2026-04-28T18:03:04.193+0000] {logging_mixin.py:188} INFO - [2026-04-28T18:03:04.192+0000] {dagbag.py:540} INFO - Filling up the DagBag from /home/airflow/.local/lib/python3.12/site-packages/airflow/example_dags/example_short_circuit_operator.py
[2026-04-28T18:03:04.202+0000] {processor.py:840} INFO - DAG(s) 'example_short_circuit_operator' retrieved from /home/airflow/.local/lib/python3.12/site-packages/airflow/example_dags/example_short_circuit_operator.py
[2026-04-28T18:03:04.232+0000] {logging_mixin.py:188} INFO - [2026-04-28T18:03:04.231+0000] {dag.py:3096} INFO - Sync 1 DAGs
[2026-04-28T18:03:04.259+0000] {logging_mixin.py:188} INFO - [2026-04-28T18:03:04.259+0000] {dag.py:3954} INFO - Setting next_dagrun for example_short_circuit_operator to 2026-04-27 00:00:00+00:00, run_after=2026-04-28 00:00:00+00:00
[2026-04-28T18:03:04.283+0000] {processor.py:183} INFO - Processing /home/airflow/.local/lib/python3.12/site-packages/airflow/example_dags/example_short_circuit_operator.py took 0.099 seconds
[2026-04-28T18:03:35.187+0000] {processor.py:161} INFO - Started process (PID=383) to work on /home/airflow/.local/lib/python3.12/site-packages/airflow/example_dags/example_short_circuit_operator.py
[2026-04-28T18:03:35.188+0000] {processor.py:830} INFO - Processing file /home/airflow/.local/lib/python3.12/site-packages/airflow/example_dags/example_short_circuit_operator.py for tasks to queue
[2026-04-28T18:03:35.190+0000] {logging_mixin.py:188} INFO - [2026-04-28T18:03:35.189+0000] {dagbag.py:540} INFO - Filling up the DagBag from /home/airflow/.local/lib/python3.12/site-packages/airflow/example_dags/example_short_circuit_operator.py
[2026-04-28T18:03:35.198+0000] {processor.py:840} INFO - DAG(s) 'example_short_circuit_operator' retrieved from /home/airflow/.local/lib/python3.12/site-packages/airflow/example_dags/example_short_circuit_operator.py
[2026-04-28T18:03:35.228+0000] {logging_mixin.py:188} INFO - [2026-04-28T18:03:35.228+0000] {dag.py:3096} INFO - Sync 1 DAGs
[2026-04-28T18:03:35.255+0000] {logging_mixin.py:188} INFO - [2026-04-28T18:03:35.255+0000] {dag.py:3954} INFO - Setting next_dagrun for example_short_circuit_operator to 2026-04-27 00:00:00+00:00, run_after=2026-04-28 00:00:00+00:00
[2026-04-28T18:03:35.279+0000] {processor.py:183} INFO - Processing /home/airflow/.local/lib/python3.12/site-packages/airflow/example_dags/example_short_circuit_operator.py took 0.098 seconds
[2026-04-28T18:04:05.506+0000] {processor.py:161} INFO - Started process (PID=443) to work on /home/airflow/.local/lib/python3.12/site-packages/airflow/example_dags/example_short_circuit_operator.py
[2026-04-28T18:04:05.507+0000] {processor.py:830} INFO - Processing file /home/airflow/.local/lib/python3.12/site-packages/airflow/example_dags/example_short_circuit_operator.py for tasks to queue
[2026-04-28T18:04:05.509+0000] {logging_mixin.py:188} INFO - [2026-04-28T18:04:05.508+0000] {dagbag.py:540} INFO - Filling up the DagBag from /home/airflow/.local/lib/python3.12/site-packages/airflow/example_dags/example_short_circuit_operator.py
[2026-04-28T18:04:05.518+0000] {processor.py:840} INFO - DAG(s) 'example_short_circuit_operator' retrieved from /home/airflow/.local/lib/python3.12/site-packages/airflow/example_dags/example_short_circuit_operator.py
[2026-04-28T18:04:05.547+0000] {logging_mixin.py:188} INFO - [2026-04-28T18:04:05.547+0000] {dag.py:3096} INFO - Sync 1 DAGs
[2026-04-28T18:04:05.574+0000] {logging_mixin.py:188} INFO - [2026-04-28T18:04:05.573+0000] {dag.py:3954} INFO - Setting next_dagrun for example_short_circuit_operator to 2026-04-27 00:00:00+00:00, run_after=2026-04-28 00:00:00+00:00
[2026-04-28T18:04:05.596+0000] {processor.py:183} INFO - Processing /home/airflow/.local/lib/python3.12/site-packages/airflow/example_dags/example_short_circuit_operator.py took 0.096 seconds
[2026-04-28T18:04:36.010+0000] {processor.py:161} INFO - Started process (PID=503) to work on /home/airflow/.local/lib/python3.12/site-packages/airflow/example_dags/example_short_circuit_operator.py
[2026-04-28T18:04:36.011+0000] {processor.py:830} INFO - Processing file /home/airflow/.local/lib/python3.12/site-packages/airflow/example_dags/example_short_circuit_operator.py for tasks to queue
[2026-04-28T18:04:36.013+0000] {logging_mixin.py:188} INFO - [2026-04-28T18:04:36.013+0000] {dagbag.py:540} INFO - Filling up the DagBag from /home/airflow/.local/lib/python3.12/site-packages/airflow/example_dags/example_short_circuit_operator.py
[2026-04-28T18:04:36.022+0000] {processor.py:840} INFO - DAG(s) 'example_short_circuit_operator' retrieved from /home/airflow/.local/lib/python3.12/site-packages/airflow/example_dags/example_short_circuit_operator.py
[2026-04-28T18:04:36.052+0000] {logging_mixin.py:188} INFO - [2026-04-28T18:04:36.052+0000] {dag.py:3096} INFO - Sync 1 DAGs
[2026-04-28T18:04:36.079+0000] {logging_mixin.py:188} INFO - [2026-04-28T18:04:36.078+0000] {dag.py:3954} INFO - Setting next_dagrun for example_short_circuit_operator to 2026-04-27 00:00:00+00:00, run_after=2026-04-28 00:00:00+00:00
[2026-04-28T18:04:36.099+0000] {processor.py:183} INFO - Processing /home/airflow/.local/lib/python3.12/site-packages/airflow/example_dags/example_short_circuit_operator.py took 0.096 seconds
[2026-04-28T18:05:06.525+0000] {processor.py:161} INFO - Started process (PID=563) to work on /home/airflow/.local/lib/python3.12/site-packages/airflow/example_dags/example_short_circuit_operator.py
[2026-04-28T18:05:06.526+0000] {processor.py:830} INFO - Processing file /home/airflow/.local/lib/python3.12/site-packages/airflow/example_dags/example_short_circuit_operator.py for tasks to queue
[2026-04-28T18:05:06.532+0000] {logging_mixin.py:188} INFO - [2026-04-28T18:05:06.532+0000] {dagbag.py:540} INFO - Filling up the DagBag from /home/airflow/.local/lib/python3.12/site-packages/airflow/example_dags/example_short_circuit_operator.py
[2026-04-28T18:05:06.560+0000] {processor.py:840} INFO - DAG(s) 'example_short_circuit_operator' retrieved from /home/airflow/.local/lib/python3.12/site-packages/airflow/example_dags/example_short_circuit_operator.py
[2026-04-28T18:05:06.664+0000] {logging_mixin.py:188} INFO - [2026-04-28T18:05:06.664+0000] {dag.py:3096} INFO - Sync 1 DAGs
[2026-04-28T18:05:06.789+0000] {logging_mixin.py:188} INFO - [2026-04-28T18:05:06.788+0000] {dag.py:3954} INFO - Setting next_dagrun for example_short_circuit_operator to 2026-04-27 00:00:00+00:00, run_after=2026-04-28 00:00:00+00:00
[2026-04-28T18:05:06.876+0000] {processor.py:183} INFO - Processing /home/airflow/.local/lib/python3.12/site-packages/airflow/example_dags/example_short_circuit_operator.py took 0.365 seconds
[2026-04-28T18:05:36.964+0000] {processor.py:161} INFO - Started process (PID=624) to work on /home/airflow/.local/lib/python3.12/site-packages/airflow/example_dags/example_short_circuit_operator.py
[2026-04-28T18:05:36.964+0000] {processor.py:830} INFO - Processing file /home/airflow/.local/lib/python3.12/site-packages/airflow/example_dags/example_short_circuit_operator.py for tasks to queue
[2026-04-28T18:05:36.966+0000] {logging_mixin.py:188} INFO - [2026-04-28T18:05:36.965+0000] {dagbag.py:540} INFO - Filling up the DagBag from /home/airflow/.local/lib/python3.12/site-packages/airflow/example_dags/example_short_circuit_operator.py
[2026-04-28T18:05:36.972+0000] {processor.py:840} INFO - DAG(s) 'example_short_circuit_operator' retrieved from /home/airflow/.local/lib/python3.12/site-packages/airflow/example_dags/example_short_circuit_operator.py
[2026-04-28T18:05:36.997+0000] {logging_mixin.py:188} INFO - [2026-04-28T18:05:36.997+0000] {dag.py:3096} INFO - Sync 1 DAGs
[2026-04-28T18:05:37.017+0000] {logging_mixin.py:188} INFO - [2026-04-28T18:05:37.017+0000] {dag.py:3954} INFO - Setting next_dagrun for example_short_circuit_operator to 2026-04-27 00:00:00+00:00, run_after=2026-04-28 00:00:00+00:00
[2026-04-28T18:05:37.034+0000] {processor.py:183} INFO - Processing /home/airflow/.local/lib/python3.12/site-packages/airflow/example_dags/example_short_circuit_operator.py took 0.075 seconds
[2026-04-28T18:06:07.425+0000] {processor.py:161} INFO - Started process (PID=684) to work on /home/airflow/.local/lib/python3.12/site-packages/airflow/example_dags/example_short_circuit_operator.py
[2026-04-28T18:06:07.427+0000] {processor.py:830} INFO - Processing file /home/airflow/.local/lib/python3.12/site-packages/airflow/example_dags/example_short_circuit_operator.py for tasks to queue
[2026-04-28T18:06:07.429+0000] {logging_mixin.py:188} INFO - [2026-04-28T18:06:07.429+0000] {dagbag.py:540} INFO - Filling up the DagBag from /home/airflow/.local/lib/python3.12/site-packages/airflow/example_dags/example_short_circuit_operator.py
[2026-04-28T18:06:07.438+0000] {processor.py:840} INFO - DAG(s) 'example_short_circuit_operator' retrieved from /home/airflow/.local/lib/python3.12/site-packages/airflow/example_dags/example_short_circuit_operator.py
[2026-04-28T18:06:07.467+0000] {logging_mixin.py:188} INFO - [2026-04-28T18:06:07.467+0000] {dag.py:3096} INFO - Sync 1 DAGs
[2026-04-28T18:06:07.492+0000] {logging_mixin.py:188} INFO - [2026-04-28T18:06:07.492+0000] {dag.py:3954} INFO - Setting next_dagrun for example_short_circuit_operator to 2026-04-27 00:00:00+00:00, run_after=2026-04-28 00:00:00+00:00
[2026-04-28T18:06:07.512+0000] {processor.py:183} INFO - Processing /home/airflow/.local/lib/python3.12/site-packages/airflow/example_dags/example_short_circuit_operator.py took 0.093 seconds
[2026-04-28T18:06:37.953+0000] {processor.py:161} INFO - Started process (PID=744) to work on /home/airflow/.local/lib/python3.12/site-packages/airflow/example_dags/example_short_circuit_operator.py
[2026-04-28T18:06:37.954+0000] {processor.py:830} INFO - Processing file /home/airflow/.local/lib/python3.12/site-packages/airflow/example_dags/example_short_circuit_operator.py for tasks to queue
[2026-04-28T18:06:37.957+0000] {logging_mixin.py:188} INFO - [2026-04-28T18:06:37.956+0000] {dagbag.py:540} INFO - Filling up the DagBag from /home/airflow/.local/lib/python3.12/site-packages/airflow/example_dags/example_short_circuit_operator.py
[2026-04-28T18:06:37.966+0000] {processor.py:840} INFO - DAG(s) 'example_short_circuit_operator' retrieved from /home/airflow/.local/lib/python3.12/site-packages/airflow/example_dags/example_short_circuit_operator.py
[2026-04-28T18:06:37.995+0000] {logging_mixin.py:188} INFO - [2026-04-28T18:06:37.995+0000] {dag.py:3096} INFO - Sync 1 DAGs
[2026-04-28T18:06:38.021+0000] {logging_mixin.py:188} INFO - [2026-04-28T18:06:38.021+0000] {dag.py:3954} INFO - Setting next_dagrun for example_short_circuit_operator to 2026-04-27 00:00:00+00:00, run_after=2026-04-28 00:00:00+00:00
[2026-04-28T18:06:38.052+0000] {processor.py:183} INFO - Processing /home/airflow/.local/lib/python3.12/site-packages/airflow/example_dags/example_short_circuit_operator.py took 0.105 seconds
[2026-04-28T18:07:08.443+0000] {processor.py:161} INFO - Started process (PID=804) to work on /home/airflow/.local/lib/python3.12/site-packages/airflow/example_dags/example_short_circuit_operator.py
[2026-04-28T18:07:08.444+0000] {processor.py:830} INFO - Processing file /home/airflow/.local/lib/python3.12/site-packages/airflow/example_dags/example_short_circuit_operator.py for tasks to queue
[2026-04-28T18:07:08.445+0000] {logging_mixin.py:188} INFO - [2026-04-28T18:07:08.445+0000] {dagbag.py:540} INFO - Filling up the DagBag from /home/airflow/.local/lib/python3.12/site-packages/airflow/example_dags/example_short_circuit_operator.py
[2026-04-28T18:07:08.454+0000] {processor.py:840} INFO - DAG(s) 'example_short_circuit_operator' retrieved from /home/airflow/.local/lib/python3.12/site-packages/airflow/example_dags/example_short_circuit_operator.py
[2026-04-28T18:07:08.527+0000] {logging_mixin.py:188} INFO - [2026-04-28T18:07:08.527+0000] {dag.py:3096} INFO - Sync 1 DAGs
[2026-04-28T18:07:08.560+0000] {logging_mixin.py:188} INFO - [2026-04-28T18:07:08.560+0000] {dag.py:3954} INFO - Setting next_dagrun for example_short_circuit_operator to 2026-04-27 00:00:00+00:00, run_after=2026-04-28 00:00:00+00:00
[2026-04-28T18:07:08.598+0000] {processor.py:183} INFO - Processing /home/airflow/.local/lib/python3.12/site-packages/airflow/example_dags/example_short_circuit_operator.py took 0.162 seconds
[2026-04-28T18:07:39.203+0000] {processor.py:161} INFO - Started process (PID=864) to work on /home/airflow/.local/lib/python3.12/site-packages/airflow/example_dags/example_short_circuit_operator.py
[2026-04-28T18:07:39.204+0000] {processor.py:830} INFO - Processing file /home/airflow/.local/lib/python3.12/site-packages/airflow/example_dags/example_short_circuit_operator.py for tasks to queue
[2026-04-28T18:07:39.206+0000] {logging_mixin.py:188} INFO - [2026-04-28T18:07:39.206+0000] {dagbag.py:540} INFO - Filling up the DagBag from /home/airflow/.local/lib/python3.12/site-packages/airflow/example_dags/example_short_circuit_operator.py
[2026-04-28T18:07:39.215+0000] {processor.py:840} INFO - DAG(s) 'example_short_circuit_operator' retrieved from /home/airflow/.local/lib/python3.12/site-packages/airflow/example_dags/example_short_circuit_operator.py
[2026-04-28T18:07:39.244+0000] {logging_mixin.py:188} INFO - [2026-04-28T18:07:39.244+0000] {dag.py:3096} INFO - Sync 1 DAGs
[2026-04-28T18:07:39.281+0000] {logging_mixin.py:188} INFO - [2026-04-28T18:07:39.280+0000] {dag.py:3954} INFO - Setting next_dagrun for example_short_circuit_operator to 2026-04-27 00:00:00+00:00, run_after=2026-04-28 00:00:00+00:00
[2026-04-28T18:07:39.307+0000] {processor.py:183} INFO - Processing /home/airflow/.local/lib/python3.12/site-packages/airflow/example_dags/example_short_circuit_operator.py took 0.110 seconds
[2026-04-28T18:08:09.409+0000] {processor.py:161} INFO - Started process (PID=924) to work on /home/airflow/.local/lib/python3.12/site-packages/airflow/example_dags/example_short_circuit_operator.py
[2026-04-28T18:08:09.409+0000] {processor.py:830} INFO - Processing file /home/airflow/.local/lib/python3.12/site-packages/airflow/example_dags/example_short_circuit_operator.py for tasks to queue
[2026-04-28T18:08:09.411+0000] {logging_mixin.py:188} INFO - [2026-04-28T18:08:09.411+0000] {dagbag.py:540} INFO - Filling up the DagBag from /home/airflow/.local/lib/python3.12/site-packages/airflow/example_dags/example_short_circuit_operator.py
[2026-04-28T18:08:09.420+0000] {processor.py:840} INFO - DAG(s) 'example_short_circuit_operator' retrieved from /home/airflow/.local/lib/python3.12/site-packages/airflow/example_dags/example_short_circuit_operator.py
[2026-04-28T18:08:09.450+0000] {logging_mixin.py:188} INFO - [2026-04-28T18:08:09.450+0000] {dag.py:3096} INFO - Sync 1 DAGs
[2026-04-28T18:08:09.475+0000] {logging_mixin.py:188} INFO - [2026-04-28T18:08:09.475+0000] {dag.py:3954} INFO - Setting next_dagrun for example_short_circuit_operator to 2026-04-27 00:00:00+00:00, run_after=2026-04-28 00:00:00+00:00
[2026-04-28T18:08:09.499+0000] {processor.py:183} INFO - Processing /home/airflow/.local/lib/python3.12/site-packages/airflow/example_dags/example_short_circuit_operator.py took 0.098 seconds
[2026-04-28T18:08:40.056+0000] {processor.py:161} INFO - Started process (PID=984) to work on /home/airflow/.local/lib/python3.12/site-packages/airflow/example_dags/example_short_circuit_operator.py
[2026-04-28T18:08:40.057+0000] {processor.py:830} INFO - Processing file /home/airflow/.local/lib/python3.12/site-packages/airflow/example_dags/example_short_circuit_operator.py for tasks to queue
[2026-04-28T18:08:40.058+0000] {logging_mixin.py:188} INFO - [2026-04-28T18:08:40.058+0000] {dagbag.py:540} INFO - Filling up the DagBag from /home/airflow/.local/lib/python3.12/site-packages/airflow/example_dags/example_short_circuit_operator.py
[2026-04-28T18:08:40.078+0000] {processor.py:840} INFO - DAG(s) 'example_short_circuit_operator' retrieved from /home/airflow/.local/lib/python3.12/site-packages/airflow/example_dags/example_short_circuit_operator.py
[2026-04-28T18:08:40.105+0000] {logging_mixin.py:188} INFO - [2026-04-28T18:08:40.105+0000] {dag.py:3096} INFO - Sync 1 DAGs
[2026-04-28T18:08:40.133+0000] {logging_mixin.py:188} INFO - [2026-04-28T18:08:40.132+0000] {dag.py:3954} INFO - Setting next_dagrun for example_short_circuit_operator to 2026-04-27 00:00:00+00:00, run_after=2026-04-28 00:00:00+00:00
[2026-04-28T18:08:40.152+0000] {processor.py:183} INFO - Processing /home/airflow/.local/lib/python3.12/site-packages/airflow/example_dags/example_short_circuit_operator.py took 0.102 seconds
[2026-04-28T18:09:10.356+0000] {processor.py:161} INFO - Started process (PID=1044) to work on /home/airflow/.local/lib/python3.12/site-packages/airflow/example_dags/example_short_circuit_operator.py
[2026-04-28T18:09:10.357+0000] {processor.py:830} INFO - Processing file /home/airflow/.local/lib/python3.12/site-packages/airflow/example_dags/example_short_circuit_operator.py for tasks to queue
[2026-04-28T18:09:10.359+0000] {logging_mixin.py:188} INFO - [2026-04-28T18:09:10.358+0000] {dagbag.py:540} INFO - Filling up the DagBag from /home/airflow/.local/lib/python3.12/site-packages/airflow/example_dags/example_short_circuit_operator.py
[2026-04-28T18:09:10.368+0000] {processor.py:840} INFO - DAG(s) 'example_short_circuit_operator' retrieved from /home/airflow/.local/lib/python3.12/site-packages/airflow/example_dags/example_short_circuit_operator.py
[2026-04-28T18:09:10.399+0000] {logging_mixin.py:188} INFO - [2026-04-28T18:09:10.399+0000] {dag.py:3096} INFO - Sync 1 DAGs
[2026-04-28T18:09:10.603+0000] {logging_mixin.py:188} INFO - [2026-04-28T18:09:10.602+0000] {dag.py:3954} INFO - Setting next_dagrun for example_short_circuit_operator to 2026-04-27 00:00:00+00:00, run_after=2026-04-28 00:00:00+00:00
[2026-04-28T18:09:10.624+0000] {processor.py:183} INFO - Processing /home/airflow/.local/lib/python3.12/site-packages/airflow/example_dags/example_short_circuit_operator.py took 0.275 seconds
[2026-04-28T18:09:41.079+0000] {processor.py:161} INFO - Started process (PID=1102) to work on /home/airflow/.local/lib/python3.12/site-packages/airflow/example_dags/example_short_circuit_operator.py
[2026-04-28T18:09:41.082+0000] {processor.py:830} INFO - Processing file /home/airflow/.local/lib/python3.12/site-packages/airflow/example_dags/example_short_circuit_operator.py for tasks to queue
[2026-04-28T18:09:41.089+0000] {logging_mixin.py:188} INFO - [2026-04-28T18:09:41.087+0000] {dagbag.py:540} INFO - Filling up the DagBag from /home/airflow/.local/lib/python3.12/site-packages/airflow/example_dags/example_short_circuit_operator.py
[2026-04-28T18:09:41.103+0000] {processor.py:840} INFO - DAG(s) 'example_short_circuit_operator' retrieved from /home/airflow/.local/lib/python3.12/site-packages/airflow/example_dags/example_short_circuit_operator.py
[2026-04-28T18:09:41.141+0000] {logging_mixin.py:188} INFO - [2026-04-28T18:09:41.141+0000] {dag.py:3096} INFO - Sync 1 DAGs
[2026-04-28T18:09:41.172+0000] {logging_mixin.py:188} INFO - [2026-04-28T18:09:41.172+0000] {dag.py:3954} INFO - Setting next_dagrun for example_short_circuit_operator to 2026-04-27 00:00:00+00:00, run_after=2026-04-28 00:00:00+00:00
[2026-04-28T18:09:41.209+0000] {processor.py:183} INFO - Processing /home/airflow/.local/lib/python3.12/site-packages/airflow/example_dags/example_short_circuit_operator.py took 0.140 seconds
[2026-04-28T18:10:12.038+0000] {processor.py:161} INFO - Started process (PID=1162) to work on /home/airflow/.local/lib/python3.12/site-packages/airflow/example_dags/example_short_circuit_operator.py
[2026-04-28T18:10:12.040+0000] {processor.py:830} INFO - Processing file /home/airflow/.local/lib/python3.12/site-packages/airflow/example_dags/example_short_circuit_operator.py for tasks to queue
[2026-04-28T18:10:12.042+0000] {logging_mixin.py:188} INFO - [2026-04-28T18:10:12.041+0000] {dagbag.py:540} INFO - Filling up the DagBag from /home/airflow/.local/lib/python3.12/site-packages/airflow/example_dags/example_short_circuit_operator.py
[2026-04-28T18:10:12.051+0000] {processor.py:840} INFO - DAG(s) 'example_short_circuit_operator' retrieved from /home/airflow/.local/lib/python3.12/site-packages/airflow/example_dags/example_short_circuit_operator.py
[2026-04-28T18:10:12.085+0000] {logging_mixin.py:188} INFO - [2026-04-28T18:10:12.084+0000] {dag.py:3096} INFO - Sync 1 DAGs
[2026-04-28T18:10:12.114+0000] {logging_mixin.py:188} INFO - [2026-04-28T18:10:12.113+0000] {dag.py:3954} INFO - Setting next_dagrun for example_short_circuit_operator to 2026-04-27 00:00:00+00:00, run_after=2026-04-28 00:00:00+00:00
[2026-04-28T18:10:12.140+0000] {processor.py:183} INFO - Processing /home/airflow/.local/lib/python3.12/site-packages/airflow/example_dags/example_short_circuit_operator.py took 0.109 seconds
[2026-04-28T18:10:42.915+0000] {processor.py:161} INFO - Started process (PID=1222) to work on /home/airflow/.local/lib/python3.12/site-packages/airflow/example_dags/example_short_circuit_operator.py
[2026-04-28T18:10:42.918+0000] {processor.py:830} INFO - Processing file /home/airflow/.local/lib/python3.12/site-packages/airflow/example_dags/example_short_circuit_operator.py for tasks to queue
[2026-04-28T18:10:42.920+0000] {logging_mixin.py:188} INFO - [2026-04-28T18:10:42.919+0000] {dagbag.py:540} INFO - Filling up the DagBag from /home/airflow/.local/lib/python3.12/site-packages/airflow/example_dags/example_short_circuit_operator.py
[2026-04-28T18:10:43.281+0000] {processor.py:840} INFO - DAG(s) 'example_short_circuit_operator' retrieved from /home/airflow/.local/lib/python3.12/site-packages/airflow/example_dags/example_short_circuit_operator.py
[2026-04-28T18:10:43.338+0000] {logging_mixin.py:188} INFO - [2026-04-28T18:10:43.336+0000] {dag.py:3096} INFO - Sync 1 DAGs
[2026-04-28T18:10:43.384+0000] {logging_mixin.py:188} INFO - [2026-04-28T18:10:43.383+0000] {dag.py:3954} INFO - Setting next_dagrun for example_short_circuit_operator to 2026-04-27 00:00:00+00:00, run_after=2026-04-28 00:00:00+00:00
[2026-04-28T18:10:43.428+0000] {processor.py:183} INFO - Processing /home/airflow/.local/lib/python3.12/site-packages/airflow/example_dags/example_short_circuit_operator.py took 0.544 seconds
[2026-04-28T18:11:13.659+0000] {processor.py:161} INFO - Started process (PID=1282) to work on /home/airflow/.local/lib/python3.12/site-packages/airflow/example_dags/example_short_circuit_operator.py
[2026-04-28T18:11:13.660+0000] {processor.py:830} INFO - Processing file /home/airflow/.local/lib/python3.12/site-packages/airflow/example_dags/example_short_circuit_operator.py for tasks to queue
[2026-04-28T18:11:13.662+0000] {logging_mixin.py:188} INFO - [2026-04-28T18:11:13.662+0000] {dagbag.py:540} INFO - Filling up the DagBag from /home/airflow/.local/lib/python3.12/site-packages/airflow/example_dags/example_short_circuit_operator.py
[2026-04-28T18:11:13.671+0000] {processor.py:840} INFO - DAG(s) 'example_short_circuit_operator' retrieved from /home/airflow/.local/lib/python3.12/site-packages/airflow/example_dags/example_short_circuit_operator.py
[2026-04-28T18:11:13.700+0000] {logging_mixin.py:188} INFO - [2026-04-28T18:11:13.700+0000] {dag.py:3096} INFO - Sync 1 DAGs
[2026-04-28T18:11:13.727+0000] {logging_mixin.py:188} INFO - [2026-04-28T18:11:13.726+0000] {dag.py:3954} INFO - Setting next_dagrun for example_short_circuit_operator to 2026-04-27 00:00:00+00:00, run_after=2026-04-28 00:00:00+00:00
[2026-04-28T18:11:13.754+0000] {processor.py:183} INFO - Processing /home/airflow/.local/lib/python3.12/site-packages/airflow/example_dags/example_short_circuit_operator.py took 0.101 seconds
[2026-04-28T18:11:43.905+0000] {processor.py:161} INFO - Started process (PID=1341) to work on /home/airflow/.local/lib/python3.12/site-packages/airflow/example_dags/example_short_circuit_operator.py
[2026-04-28T18:11:43.909+0000] {processor.py:830} INFO - Processing file /home/airflow/.local/lib/python3.12/site-packages/airflow/example_dags/example_short_circuit_operator.py for tasks to queue
[2026-04-28T18:11:43.912+0000] {logging_mixin.py:188} INFO - [2026-04-28T18:11:43.912+0000] {dagbag.py:540} INFO - Filling up the DagBag from /home/airflow/.local/lib/python3.12/site-packages/airflow/example_dags/example_short_circuit_operator.py
[2026-04-28T18:11:43.933+0000] {processor.py:840} INFO - DAG(s) 'example_short_circuit_operator' retrieved from /home/airflow/.local/lib/python3.12/site-packages/airflow/example_dags/example_short_circuit_operator.py
[2026-04-28T18:11:43.984+0000] {logging_mixin.py:188} INFO - [2026-04-28T18:11:43.983+0000] {dag.py:3096} INFO - Sync 1 DAGs
[2026-04-28T18:11:44.039+0000] {logging_mixin.py:188} INFO - [2026-04-28T18:11:44.039+0000] {dag.py:3954} INFO - Setting next_dagrun for example_short_circuit_operator to 2026-04-27 00:00:00+00:00, run_after=2026-04-28 00:00:00+00:00
[2026-04-28T18:11:44.060+0000] {processor.py:183} INFO - Processing /home/airflow/.local/lib/python3.12/site-packages/airflow/example_dags/example_short_circuit_operator.py took 0.169 seconds
[2026-04-28T18:12:14.863+0000] {processor.py:161} INFO - Started process (PID=1402) to work on /home/airflow/.local/lib/python3.12/site-packages/airflow/example_dags/example_short_circuit_operator.py
[2026-04-28T18:12:14.863+0000] {processor.py:830} INFO - Processing file /home/airflow/.local/lib/python3.12/site-packages/airflow/example_dags/example_short_circuit_operator.py for tasks to queue
[2026-04-28T18:12:14.865+0000] {logging_mixin.py:188} INFO - [2026-04-28T18:12:14.865+0000] {dagbag.py:540} INFO - Filling up the DagBag from /home/airflow/.local/lib/python3.12/site-packages/airflow/example_dags/example_short_circuit_operator.py
[2026-04-28T18:12:14.876+0000] {processor.py:840} INFO - DAG(s) 'example_short_circuit_operator' retrieved from /home/airflow/.local/lib/python3.12/site-packages/airflow/example_dags/example_short_circuit_operator.py
[2026-04-28T18:12:14.906+0000] {logging_mixin.py:188} INFO - [2026-04-28T18:12:14.906+0000] {dag.py:3096} INFO - Sync 1 DAGs
[2026-04-28T18:12:14.932+0000] {logging_mixin.py:188} INFO - [2026-04-28T18:12:14.932+0000] {dag.py:3954} INFO - Setting next_dagrun for example_short_circuit_operator to 2026-04-27 00:00:00+00:00, run_after=2026-04-28 00:00:00+00:00
[2026-04-28T18:12:14.965+0000] {processor.py:183} INFO - Processing /home/airflow/.local/lib/python3.12/site-packages/airflow/example_dags/example_short_circuit_operator.py took 0.110 seconds
[2026-04-28T18:12:45.562+0000] {processor.py:161} INFO - Started process (PID=1462) to work on /home/airflow/.local/lib/python3.12/site-packages/airflow/example_dags/example_short_circuit_operator.py
[2026-04-28T18:12:45.566+0000] {processor.py:830} INFO - Processing file /home/airflow/.local/lib/python3.12/site-packages/airflow/example_dags/example_short_circuit_operator.py for tasks to queue
[2026-04-28T18:12:45.580+0000] {logging_mixin.py:188} INFO - [2026-04-28T18:12:45.578+0000] {dagbag.py:540} INFO - Filling up the DagBag from /home/airflow/.local/lib/python3.12/site-packages/airflow/example_dags/example_short_circuit_operator.py
[2026-04-28T18:12:45.618+0000] {processor.py:840} INFO - DAG(s) 'example_short_circuit_operator' retrieved from /home/airflow/.local/lib/python3.12/site-packages/airflow/example_dags/example_short_circuit_operator.py
[2026-04-28T18:12:45.718+0000] {logging_mixin.py:188} INFO - [2026-04-28T18:12:45.717+0000] {dag.py:3096} INFO - Sync 1 DAGs
[2026-04-28T18:12:45.756+0000] {logging_mixin.py:188} INFO - [2026-04-28T18:12:45.755+0000] {dag.py:3954} INFO - Setting next_dagrun for example_short_circuit_operator to 2026-04-27 00:00:00+00:00, run_after=2026-04-28 00:00:00+00:00
[2026-04-28T18:12:45.776+0000] {processor.py:183} INFO - Processing /home/airflow/.local/lib/python3.12/site-packages/airflow/example_dags/example_short_circuit_operator.py took 0.230 seconds
[2026-04-28T18:13:16.375+0000] {processor.py:161} INFO - Started process (PID=1522) to work on /home/airflow/.local/lib/python3.12/site-packages/airflow/example_dags/example_short_circuit_operator.py
[2026-04-28T18:13:16.376+0000] {processor.py:830} INFO - Processing file /home/airflow/.local/lib/python3.12/site-packages/airflow/example_dags/example_short_circuit_operator.py for tasks to queue
[2026-04-28T18:13:16.378+0000] {logging_mixin.py:188} INFO - [2026-04-28T18:13:16.378+0000] {dagbag.py:540} INFO - Filling up the DagBag from /home/airflow/.local/lib/python3.12/site-packages/airflow/example_dags/example_short_circuit_operator.py
[2026-04-28T18:13:16.387+0000] {processor.py:840} INFO - DAG(s) 'example_short_circuit_operator' retrieved from /home/airflow/.local/lib/python3.12/site-packages/airflow/example_dags/example_short_circuit_operator.py
[2026-04-28T18:13:16.417+0000] {logging_mixin.py:188} INFO - [2026-04-28T18:13:16.417+0000] {dag.py:3096} INFO - Sync 1 DAGs
[2026-04-28T18:13:16.448+0000] {logging_mixin.py:188} INFO - [2026-04-28T18:13:16.448+0000] {dag.py:3954} INFO - Setting next_dagrun for example_short_circuit_operator to 2026-04-27 00:00:00+00:00, run_after=2026-04-28 00:00:00+00:00
[2026-04-28T18:13:16.468+0000] {processor.py:183} INFO - Processing /home/airflow/.local/lib/python3.12/site-packages/airflow/example_dags/example_short_circuit_operator.py took 0.100 seconds
[2026-04-28T18:13:46.713+0000] {processor.py:161} INFO - Started process (PID=1582) to work on /home/airflow/.local/lib/python3.12/site-packages/airflow/example_dags/example_short_circuit_operator.py
[2026-04-28T18:13:46.714+0000] {processor.py:830} INFO - Processing file /home/airflow/.local/lib/python3.12/site-packages/airflow/example_dags/example_short_circuit_operator.py for tasks to queue
[2026-04-28T18:13:46.716+0000] {logging_mixin.py:188} INFO - [2026-04-28T18:13:46.715+0000] {dagbag.py:540} INFO - Filling up the DagBag from /home/airflow/.local/lib/python3.12/site-packages/airflow/example_dags/example_short_circuit_operator.py
[2026-04-28T18:13:46.724+0000] {processor.py:840} INFO - DAG(s) 'example_short_circuit_operator' retrieved from /home/airflow/.local/lib/python3.12/site-packages/airflow/example_dags/example_short_circuit_operator.py
[2026-04-28T18:13:46.754+0000] {logging_mixin.py:188} INFO - [2026-04-28T18:13:46.754+0000] {dag.py:3096} INFO - Sync 1 DAGs
[2026-04-28T18:13:46.780+0000] {logging_mixin.py:188} INFO - [2026-04-28T18:13:46.780+0000] {dag.py:3954} INFO - Setting next_dagrun for example_short_circuit_operator to 2026-04-27 00:00:00+00:00, run_after=2026-04-28 00:00:00+00:00
[2026-04-28T18:13:46.799+0000] {processor.py:183} INFO - Processing /home/airflow/.local/lib/python3.12/site-packages/airflow/example_dags/example_short_circuit_operator.py took 0.092 seconds
[2026-04-28T18:14:17.416+0000] {processor.py:161} INFO - Started process (PID=1642) to work on /home/airflow/.local/lib/python3.12/site-packages/airflow/example_dags/example_short_circuit_operator.py
[2026-04-28T18:14:17.419+0000] {processor.py:830} INFO - Processing file /home/airflow/.local/lib/python3.12/site-packages/airflow/example_dags/example_short_circuit_operator.py for tasks to queue
[2026-04-28T18:14:17.421+0000] {logging_mixin.py:188} INFO - [2026-04-28T18:14:17.420+0000] {dagbag.py:540} INFO - Filling up the DagBag from /home/airflow/.local/lib/python3.12/site-packages/airflow/example_dags/example_short_circuit_operator.py
[2026-04-28T18:14:17.430+0000] {processor.py:840} INFO - DAG(s) 'example_short_circuit_operator' retrieved from /home/airflow/.local/lib/python3.12/site-packages/airflow/example_dags/example_short_circuit_operator.py
[2026-04-28T18:14:17.458+0000] {logging_mixin.py:188} INFO - [2026-04-28T18:14:17.458+0000] {dag.py:3096} INFO - Sync 1 DAGs
[2026-04-28T18:14:17.485+0000] {logging_mixin.py:188} INFO - [2026-04-28T18:14:17.485+0000] {dag.py:3954} INFO - Setting next_dagrun for example_short_circuit_operator to 2026-04-27 00:00:00+00:00, run_after=2026-04-28 00:00:00+00:00
[2026-04-28T18:14:17.505+0000] {processor.py:183} INFO - Processing /home/airflow/.local/lib/python3.12/site-packages/airflow/example_dags/example_short_circuit_operator.py took 0.096 seconds
[2026-04-28T18:14:48.547+0000] {processor.py:161} INFO - Started process (PID=1708) to work on /home/airflow/.local/lib/python3.12/site-packages/airflow/example_dags/example_short_circuit_operator.py
[2026-04-28T18:14:48.548+0000] {processor.py:830} INFO - Processing file /home/airflow/.local/lib/python3.12/site-packages/airflow/example_dags/example_short_circuit_operator.py for tasks to queue
[2026-04-28T18:14:48.550+0000] {logging_mixin.py:188} INFO - [2026-04-28T18:14:48.550+0000] {dagbag.py:540} INFO - Filling up the DagBag from /home/airflow/.local/lib/python3.12/site-packages/airflow/example_dags/example_short_circuit_operator.py
[2026-04-28T18:14:48.559+0000] {processor.py:840} INFO - DAG(s) 'example_short_circuit_operator' retrieved from /home/airflow/.local/lib/python3.12/site-packages/airflow/example_dags/example_short_circuit_operator.py
[2026-04-28T18:14:48.587+0000] {logging_mixin.py:188} INFO - [2026-04-28T18:14:48.587+0000] {dag.py:3096} INFO - Sync 1 DAGs
[2026-04-28T18:14:48.614+0000] {logging_mixin.py:188} INFO - [2026-04-28T18:14:48.613+0000] {dag.py:3954} INFO - Setting next_dagrun for example_short_circuit_operator to 2026-04-27 00:00:00+00:00, run_after=2026-04-28 00:00:00+00:00
[2026-04-28T18:14:48.633+0000] {processor.py:183} INFO - Processing /home/airflow/.local/lib/python3.12/site-packages/airflow/example_dags/example_short_circuit_operator.py took 0.093 seconds
[2026-04-28T18:15:19.244+0000] {processor.py:161} INFO - Started process (PID=1768) to work on /home/airflow/.local/lib/python3.12/site-packages/airflow/example_dags/example_short_circuit_operator.py
[2026-04-28T18:15:19.246+0000] {processor.py:830} INFO - Processing file /home/airflow/.local/lib/python3.12/site-packages/airflow/example_dags/example_short_circuit_operator.py for tasks to queue
[2026-04-28T18:15:19.249+0000] {logging_mixin.py:188} INFO - [2026-04-28T18:15:19.249+0000] {dagbag.py:540} INFO - Filling up the DagBag from /home/airflow/.local/lib/python3.12/site-packages/airflow/example_dags/example_short_circuit_operator.py
[2026-04-28T18:15:19.264+0000] {processor.py:840} INFO - DAG(s) 'example_short_circuit_operator' retrieved from /home/airflow/.local/lib/python3.12/site-packages/airflow/example_dags/example_short_circuit_operator.py
[2026-04-28T18:15:19.315+0000] {logging_mixin.py:188} INFO - [2026-04-28T18:15:19.315+0000] {dag.py:3096} INFO - Sync 1 DAGs
[2026-04-28T18:15:19.345+0000] {logging_mixin.py:188} INFO - [2026-04-28T18:15:19.345+0000] {dag.py:3954} INFO - Setting next_dagrun for example_short_circuit_operator to 2026-04-27 00:00:00+00:00, run_after=2026-04-28 00:00:00+00:00
[2026-04-28T18:15:19.363+0000] {processor.py:183} INFO - Processing /home/airflow/.local/lib/python3.12/site-packages/airflow/example_dags/example_short_circuit_operator.py took 0.129 seconds
[2026-04-28T18:15:50.069+0000] {processor.py:161} INFO - Started process (PID=1828) to work on /home/airflow/.local/lib/python3.12/site-packages/airflow/example_dags/example_short_circuit_operator.py
[2026-04-28T18:15:50.070+0000] {processor.py:830} INFO - Processing file /home/airflow/.local/lib/python3.12/site-packages/airflow/example_dags/example_short_circuit_operator.py for tasks to queue
[2026-04-28T18:15:50.072+0000] {logging_mixin.py:188} INFO - [2026-04-28T18:15:50.071+0000] {dagbag.py:540} INFO - Filling up the DagBag from /home/airflow/.local/lib/python3.12/site-packages/airflow/example_dags/example_short_circuit_operator.py
[2026-04-28T18:15:50.081+0000] {processor.py:840} INFO - DAG(s) 'example_short_circuit_operator' retrieved from /home/airflow/.local/lib/python3.12/site-packages/airflow/example_dags/example_short_circuit_operator.py
[2026-04-28T18:15:50.111+0000] {logging_mixin.py:188} INFO - [2026-04-28T18:15:50.111+0000] {dag.py:3096} INFO - Sync 1 DAGs
[2026-04-28T18:15:50.138+0000] {logging_mixin.py:188} INFO - [2026-04-28T18:15:50.137+0000] {dag.py:3954} INFO - Setting next_dagrun for example_short_circuit_operator to 2026-04-27 00:00:00+00:00, run_after=2026-04-28 00:00:00+00:00
[2026-04-28T18:15:50.157+0000] {processor.py:183} INFO - Processing /home/airflow/.local/lib/python3.12/site-packages/airflow/example_dags/example_short_circuit_operator.py took 0.095 seconds
[2026-04-28T18:16:21.080+0000] {processor.py:161} INFO - Started process (PID=1888) to work on /home/airflow/.local/lib/python3.12/site-packages/airflow/example_dags/example_short_circuit_operator.py
[2026-04-28T18:16:21.081+0000] {processor.py:830} INFO - Processing file /home/airflow/.local/lib/python3.12/site-packages/airflow/example_dags/example_short_circuit_operator.py for tasks to queue
[2026-04-28T18:16:21.083+0000] {logging_mixin.py:188} INFO - [2026-04-28T18:16:21.083+0000] {dagbag.py:540} INFO - Filling up the DagBag from /home/airflow/.local/lib/python3.12/site-packages/airflow/example_dags/example_short_circuit_operator.py
[2026-04-28T18:16:21.092+0000] {processor.py:840} INFO - DAG(s) 'example_short_circuit_operator' retrieved from /home/airflow/.local/lib/python3.12/site-packages/airflow/example_dags/example_short_circuit_operator.py
[2026-04-28T18:16:21.120+0000] {logging_mixin.py:188} INFO - [2026-04-28T18:16:21.120+0000] {dag.py:3096} INFO - Sync 1 DAGs
[2026-04-28T18:16:21.147+0000] {logging_mixin.py:188} INFO - [2026-04-28T18:16:21.147+0000] {dag.py:3954} INFO - Setting next_dagrun for example_short_circuit_operator to 2026-04-27 00:00:00+00:00, run_after=2026-04-28 00:00:00+00:00
[2026-04-28T18:16:21.167+0000] {processor.py:183} INFO - Processing /home/airflow/.local/lib/python3.12/site-packages/airflow/example_dags/example_short_circuit_operator.py took 0.094 seconds
[2026-04-28T18:16:51.209+0000] {processor.py:161} INFO - Started process (PID=1948) to work on /home/airflow/.local/lib/python3.12/site-packages/airflow/example_dags/example_short_circuit_operator.py
[2026-04-28T18:16:51.210+0000] {processor.py:830} INFO - Processing file /home/airflow/.local/lib/python3.12/site-packages/airflow/example_dags/example_short_circuit_operator.py for tasks to queue
[2026-04-28T18:16:51.212+0000] {logging_mixin.py:188} INFO - [2026-04-28T18:16:51.211+0000] {dagbag.py:540} INFO - Filling up the DagBag from /home/airflow/.local/lib/python3.12/site-packages/airflow/example_dags/example_short_circuit_operator.py
[2026-04-28T18:16:51.220+0000] {processor.py:840} INFO - DAG(s) 'example_short_circuit_operator' retrieved from /home/airflow/.local/lib/python3.12/site-packages/airflow/example_dags/example_short_circuit_operator.py
[2026-04-28T18:16:51.249+0000] {logging_mixin.py:188} INFO - [2026-04-28T18:16:51.249+0000] {dag.py:3096} INFO - Sync 1 DAGs
[2026-04-28T18:16:51.277+0000] {logging_mixin.py:188} INFO - [2026-04-28T18:16:51.277+0000] {dag.py:3954} INFO - Setting next_dagrun for example_short_circuit_operator to 2026-04-27 00:00:00+00:00, run_after=2026-04-28 00:00:00+00:00
[2026-04-28T18:16:51.296+0000] {processor.py:183} INFO - Processing /home/airflow/.local/lib/python3.12/site-packages/airflow/example_dags/example_short_circuit_operator.py took 0.094 seconds
[2026-04-28T18:17:22.468+0000] {processor.py:161} INFO - Started process (PID=2008) to work on /home/airflow/.local/lib/python3.12/site-packages/airflow/example_dags/example_short_circuit_operator.py
[2026-04-28T18:17:22.471+0000] {processor.py:830} INFO - Processing file /home/airflow/.local/lib/python3.12/site-packages/airflow/example_dags/example_short_circuit_operator.py for tasks to queue
[2026-04-28T18:17:22.475+0000] {logging_mixin.py:188} INFO - [2026-04-28T18:17:22.475+0000] {dagbag.py:540} INFO - Filling up the DagBag from /home/airflow/.local/lib/python3.12/site-packages/airflow/example_dags/example_short_circuit_operator.py
[2026-04-28T18:17:22.493+0000] {processor.py:840} INFO - DAG(s) 'example_short_circuit_operator' retrieved from /home/airflow/.local/lib/python3.12/site-packages/airflow/example_dags/example_short_circuit_operator.py
[2026-04-28T18:17:22.558+0000] {logging_mixin.py:188} INFO - [2026-04-28T18:17:22.557+0000] {dag.py:3096} INFO - Sync 1 DAGs
[2026-04-28T18:17:22.614+0000] {logging_mixin.py:188} INFO - [2026-04-28T18:17:22.614+0000] {dag.py:3954} INFO - Setting next_dagrun for example_short_circuit_operator to 2026-04-27 00:00:00+00:00, run_after=2026-04-28 00:00:00+00:00
[2026-04-28T18:17:22.648+0000] {processor.py:183} INFO - Processing /home/airflow/.local/lib/python3.12/site-packages/airflow/example_dags/example_short_circuit_operator.py took 0.206 seconds
[2026-04-28T18:17:52.792+0000] {processor.py:161} INFO - Started process (PID=2067) to work on /home/airflow/.local/lib/python3.12/site-packages/airflow/example_dags/example_short_circuit_operator.py
[2026-04-28T18:17:52.793+0000] {processor.py:830} INFO - Processing file /home/airflow/.local/lib/python3.12/site-packages/airflow/example_dags/example_short_circuit_operator.py for tasks to queue
[2026-04-28T18:17:52.794+0000] {logging_mixin.py:188} INFO - [2026-04-28T18:17:52.794+0000] {dagbag.py:540} INFO - Filling up the DagBag from /home/airflow/.local/lib/python3.12/site-packages/airflow/example_dags/example_short_circuit_operator.py
[2026-04-28T18:17:52.800+0000] {processor.py:840} INFO - DAG(s) 'example_short_circuit_operator' retrieved from /home/airflow/.local/lib/python3.12/site-packages/airflow/example_dags/example_short_circuit_operator.py
[2026-04-28T18:17:52.819+0000] {logging_mixin.py:188} INFO - [2026-04-28T18:17:52.819+0000] {dag.py:3096} INFO - Sync 1 DAGs
[2026-04-28T18:17:52.837+0000] {logging_mixin.py:188} INFO - [2026-04-28T18:17:52.837+0000] {dag.py:3954} INFO - Setting next_dagrun for example_short_circuit_operator to 2026-04-27 00:00:00+00:00, run_after=2026-04-28 00:00:00+00:00
[2026-04-28T18:17:52.853+0000] {processor.py:183} INFO - Processing /home/airflow/.local/lib/python3.12/site-packages/airflow/example_dags/example_short_circuit_operator.py took 0.066 seconds
[2026-04-28T18:18:23.693+0000] {processor.py:161} INFO - Started process (PID=2128) to work on /home/airflow/.local/lib/python3.12/site-packages/airflow/example_dags/example_short_circuit_operator.py
[2026-04-28T18:18:23.694+0000] {processor.py:830} INFO - Processing file /home/airflow/.local/lib/python3.12/site-packages/airflow/example_dags/example_short_circuit_operator.py for tasks to queue
[2026-04-28T18:18:23.696+0000] {logging_mixin.py:188} INFO - [2026-04-28T18:18:23.696+0000] {dagbag.py:540} INFO - Filling up the DagBag from /home/airflow/.local/lib/python3.12/site-packages/airflow/example_dags/example_short_circuit_operator.py
[2026-04-28T18:18:23.705+0000] {processor.py:840} INFO - DAG(s) 'example_short_circuit_operator' retrieved from /home/airflow/.local/lib/python3.12/site-packages/airflow/example_dags/example_short_circuit_operator.py
[2026-04-28T18:18:23.735+0000] {logging_mixin.py:188} INFO - [2026-04-28T18:18:23.735+0000] {dag.py:3096} INFO - Sync 1 DAGs
[2026-04-28T18:18:23.761+0000] {logging_mixin.py:188} INFO - [2026-04-28T18:18:23.761+0000] {dag.py:3954} INFO - Setting next_dagrun for example_short_circuit_operator to 2026-04-27 00:00:00+00:00, run_after=2026-04-28 00:00:00+00:00
[2026-04-28T18:18:23.781+0000] {processor.py:183} INFO - Processing /home/airflow/.local/lib/python3.12/site-packages/airflow/example_dags/example_short_circuit_operator.py took 0.096 seconds
[2026-04-28T18:18:53.880+0000] {processor.py:161} INFO - Started process (PID=2188) to work on /home/airflow/.local/lib/python3.12/site-packages/airflow/example_dags/example_short_circuit_operator.py
[2026-04-28T18:18:53.883+0000] {processor.py:830} INFO - Processing file /home/airflow/.local/lib/python3.12/site-packages/airflow/example_dags/example_short_circuit_operator.py for tasks to queue
[2026-04-28T18:18:53.886+0000] {logging_mixin.py:188} INFO - [2026-04-28T18:18:53.886+0000] {dagbag.py:540} INFO - Filling up the DagBag from /home/airflow/.local/lib/python3.12/site-packages/airflow/example_dags/example_short_circuit_operator.py
[2026-04-28T18:18:53.896+0000] {processor.py:840} INFO - DAG(s) 'example_short_circuit_operator' retrieved from /home/airflow/.local/lib/python3.12/site-packages/airflow/example_dags/example_short_circuit_operator.py
[2026-04-28T18:18:53.929+0000] {logging_mixin.py:188} INFO - [2026-04-28T18:18:53.929+0000] {dag.py:3096} INFO - Sync 1 DAGs
[2026-04-28T18:18:53.955+0000] {logging_mixin.py:188} INFO - [2026-04-28T18:18:53.955+0000] {dag.py:3954} INFO - Setting next_dagrun for example_short_circuit_operator to 2026-04-27 00:00:00+00:00, run_after=2026-04-28 00:00:00+00:00
[2026-04-28T18:18:53.975+0000] {processor.py:183} INFO - Processing /home/airflow/.local/lib/python3.12/site-packages/airflow/example_dags/example_short_circuit_operator.py took 0.109 seconds
[2026-04-28T18:19:24.805+0000] {processor.py:161} INFO - Started process (PID=2248) to work on /home/airflow/.local/lib/python3.12/site-packages/airflow/example_dags/example_short_circuit_operator.py
[2026-04-28T18:19:24.806+0000] {processor.py:830} INFO - Processing file /home/airflow/.local/lib/python3.12/site-packages/airflow/example_dags/example_short_circuit_operator.py for tasks to queue
[2026-04-28T18:19:24.808+0000] {logging_mixin.py:188} INFO - [2026-04-28T18:19:24.808+0000] {dagbag.py:540} INFO - Filling up the DagBag from /home/airflow/.local/lib/python3.12/site-packages/airflow/example_dags/example_short_circuit_operator.py
[2026-04-28T18:19:24.818+0000] {processor.py:840} INFO - DAG(s) 'example_short_circuit_operator' retrieved from /home/airflow/.local/lib/python3.12/site-packages/airflow/example_dags/example_short_circuit_operator.py
[2026-04-28T18:19:24.848+0000] {logging_mixin.py:188} INFO - [2026-04-28T18:19:24.848+0000] {dag.py:3096} INFO - Sync 1 DAGs
[2026-04-28T18:19:24.876+0000] {logging_mixin.py:188} INFO - [2026-04-28T18:19:24.876+0000] {dag.py:3954} INFO - Setting next_dagrun for example_short_circuit_operator to 2026-04-27 00:00:00+00:00, run_after=2026-04-28 00:00:00+00:00
[2026-04-28T18:19:24.896+0000] {processor.py:183} INFO - Processing /home/airflow/.local/lib/python3.12/site-packages/airflow/example_dags/example_short_circuit_operator.py took 0.098 seconds
[2026-04-28T18:19:54.997+0000] {processor.py:161} INFO - Started process (PID=2308) to work on /home/airflow/.local/lib/python3.12/site-packages/airflow/example_dags/example_short_circuit_operator.py
[2026-04-28T18:19:54.998+0000] {processor.py:830} INFO - Processing file /home/airflow/.local/lib/python3.12/site-packages/airflow/example_dags/example_short_circuit_operator.py for tasks to queue
[2026-04-28T18:19:55.000+0000] {logging_mixin.py:188} INFO - [2026-04-28T18:19:54.999+0000] {dagbag.py:540} INFO - Filling up the DagBag from /home/airflow/.local/lib/python3.12/site-packages/airflow/example_dags/example_short_circuit_operator.py
[2026-04-28T18:19:55.009+0000] {processor.py:840} INFO - DAG(s) 'example_short_circuit_operator' retrieved from /home/airflow/.local/lib/python3.12/site-packages/airflow/example_dags/example_short_circuit_operator.py
[2026-04-28T18:19:55.038+0000] {logging_mixin.py:188} INFO - [2026-04-28T18:19:55.038+0000] {dag.py:3096} INFO - Sync 1 DAGs
[2026-04-28T18:19:55.083+0000] {logging_mixin.py:188} INFO - [2026-04-28T18:19:55.083+0000] {dag.py:3954} INFO - Setting next_dagrun for example_short_circuit_operator to 2026-04-27 00:00:00+00:00, run_after=2026-04-28 00:00:00+00:00
[2026-04-28T18:19:55.164+0000] {processor.py:183} INFO - Processing /home/airflow/.local/lib/python3.12/site-packages/airflow/example_dags/example_short_circuit_operator.py took 0.174 seconds
[2026-04-28T18:20:25.601+0000] {processor.py:161} INFO - Started process (PID=2366) to work on /home/airflow/.local/lib/python3.12/site-packages/airflow/example_dags/example_short_circuit_operator.py
[2026-04-28T18:20:25.602+0000] {processor.py:830} INFO - Processing file /home/airflow/.local/lib/python3.12/site-packages/airflow/example_dags/example_short_circuit_operator.py for tasks to queue
[2026-04-28T18:20:25.604+0000] {logging_mixin.py:188} INFO - [2026-04-28T18:20:25.604+0000] {dagbag.py:540} INFO - Filling up the DagBag from /home/airflow/.local/lib/python3.12/site-packages/airflow/example_dags/example_short_circuit_operator.py
[2026-04-28T18:20:25.617+0000] {processor.py:840} INFO - DAG(s) 'example_short_circuit_operator' retrieved from /home/airflow/.local/lib/python3.12/site-packages/airflow/example_dags/example_short_circuit_operator.py
[2026-04-28T18:20:25.647+0000] {logging_mixin.py:188} INFO - [2026-04-28T18:20:25.647+0000] {dag.py:3096} INFO - Sync 1 DAGs
[2026-04-28T18:20:25.679+0000] {logging_mixin.py:188} INFO - [2026-04-28T18:20:25.679+0000] {dag.py:3954} INFO - Setting next_dagrun for example_short_circuit_operator to 2026-04-27 00:00:00+00:00, run_after=2026-04-28 00:00:00+00:00
[2026-04-28T18:20:25.693+0000] {processor.py:183} INFO - Processing /home/airflow/.local/lib/python3.12/site-packages/airflow/example_dags/example_short_circuit_operator.py took 0.100 seconds
[2026-04-28T18:20:55.751+0000] {processor.py:161} INFO - Started process (PID=2426) to work on /home/airflow/.local/lib/python3.12/site-packages/airflow/example_dags/example_short_circuit_operator.py
[2026-04-28T18:20:55.751+0000] {processor.py:830} INFO - Processing file /home/airflow/.local/lib/python3.12/site-packages/airflow/example_dags/example_short_circuit_operator.py for tasks to queue
[2026-04-28T18:20:55.753+0000] {logging_mixin.py:188} INFO - [2026-04-28T18:20:55.753+0000] {dagbag.py:540} INFO - Filling up the DagBag from /home/airflow/.local/lib/python3.12/site-packages/airflow/example_dags/example_short_circuit_operator.py
[2026-04-28T18:20:55.762+0000] {processor.py:840} INFO - DAG(s) 'example_short_circuit_operator' retrieved from /home/airflow/.local/lib/python3.12/site-packages/airflow/example_dags/example_short_circuit_operator.py
[2026-04-28T18:20:55.795+0000] {logging_mixin.py:188} INFO - [2026-04-28T18:20:55.794+0000] {dag.py:3096} INFO - Sync 1 DAGs
[2026-04-28T18:20:55.824+0000] {logging_mixin.py:188} INFO - [2026-04-28T18:20:55.824+0000] {dag.py:3954} INFO - Setting next_dagrun for example_short_circuit_operator to 2026-04-27 00:00:00+00:00, run_after=2026-04-28 00:00:00+00:00
[2026-04-28T18:20:55.843+0000] {processor.py:183} INFO - Processing /home/airflow/.local/lib/python3.12/site-packages/airflow/example_dags/example_short_circuit_operator.py took 0.097 seconds
[2026-04-28T18:21:25.938+0000] {processor.py:161} INFO - Started process (PID=2486) to work on /home/airflow/.local/lib/python3.12/site-packages/airflow/example_dags/example_short_circuit_operator.py
[2026-04-28T18:21:25.940+0000] {processor.py:830} INFO - Processing file /home/airflow/.local/lib/python3.12/site-packages/airflow/example_dags/example_short_circuit_operator.py for tasks to queue
[2026-04-28T18:21:25.942+0000] {logging_mixin.py:188} INFO - [2026-04-28T18:21:25.942+0000] {dagbag.py:540} INFO - Filling up the DagBag from /home/airflow/.local/lib/python3.12/site-packages/airflow/example_dags/example_short_circuit_operator.py
[2026-04-28T18:21:25.954+0000] {processor.py:840} INFO - DAG(s) 'example_short_circuit_operator' retrieved from /home/airflow/.local/lib/python3.12/site-packages/airflow/example_dags/example_short_circuit_operator.py
[2026-04-28T18:21:25.982+0000] {logging_mixin.py:188} INFO - [2026-04-28T18:21:25.981+0000] {dag.py:3096} INFO - Sync 1 DAGs
[2026-04-28T18:21:26.010+0000] {logging_mixin.py:188} INFO - [2026-04-28T18:21:26.010+0000] {dag.py:3954} INFO - Setting next_dagrun for example_short_circuit_operator to 2026-04-27 00:00:00+00:00, run_after=2026-04-28 00:00:00+00:00
[2026-04-28T18:21:26.025+0000] {processor.py:183} INFO - Processing /home/airflow/.local/lib/python3.12/site-packages/airflow/example_dags/example_short_circuit_operator.py took 0.094 seconds
[2026-04-28T18:21:56.873+0000] {processor.py:161} INFO - Started process (PID=2546) to work on /home/airflow/.local/lib/python3.12/site-packages/airflow/example_dags/example_short_circuit_operator.py
[2026-04-28T18:21:56.874+0000] {processor.py:830} INFO - Processing file /home/airflow/.local/lib/python3.12/site-packages/airflow/example_dags/example_short_circuit_operator.py for tasks to queue
[2026-04-28T18:21:56.876+0000] {logging_mixin.py:188} INFO - [2026-04-28T18:21:56.876+0000] {dagbag.py:540} INFO - Filling up the DagBag from /home/airflow/.local/lib/python3.12/site-packages/airflow/example_dags/example_short_circuit_operator.py
[2026-04-28T18:21:56.885+0000] {processor.py:840} INFO - DAG(s) 'example_short_circuit_operator' retrieved from /home/airflow/.local/lib/python3.12/site-packages/airflow/example_dags/example_short_circuit_operator.py
[2026-04-28T18:21:56.913+0000] {logging_mixin.py:188} INFO - [2026-04-28T18:21:56.913+0000] {dag.py:3096} INFO - Sync 1 DAGs
[2026-04-28T18:21:56.942+0000] {logging_mixin.py:188} INFO - [2026-04-28T18:21:56.941+0000] {dag.py:3954} INFO - Setting next_dagrun for example_short_circuit_operator to 2026-04-27 00:00:00+00:00, run_after=2026-04-28 00:00:00+00:00
[2026-04-28T18:21:56.965+0000] {processor.py:183} INFO - Processing /home/airflow/.local/lib/python3.12/site-packages/airflow/example_dags/example_short_circuit_operator.py took 0.099 seconds
[2026-04-28T18:22:27.574+0000] {processor.py:161} INFO - Started process (PID=2606) to work on /home/airflow/.local/lib/python3.12/site-packages/airflow/example_dags/example_short_circuit_operator.py
[2026-04-28T18:22:27.574+0000] {processor.py:830} INFO - Processing file /home/airflow/.local/lib/python3.12/site-packages/airflow/example_dags/example_short_circuit_operator.py for tasks to queue
[2026-04-28T18:22:27.576+0000] {logging_mixin.py:188} INFO - [2026-04-28T18:22:27.575+0000] {dagbag.py:540} INFO - Filling up the DagBag from /home/airflow/.local/lib/python3.12/site-packages/airflow/example_dags/example_short_circuit_operator.py
[2026-04-28T18:22:27.582+0000] {processor.py:840} INFO - DAG(s) 'example_short_circuit_operator' retrieved from /home/airflow/.local/lib/python3.12/site-packages/airflow/example_dags/example_short_circuit_operator.py
[2026-04-28T18:22:27.601+0000] {logging_mixin.py:188} INFO - [2026-04-28T18:22:27.601+0000] {dag.py:3096} INFO - Sync 1 DAGs
[2026-04-28T18:22:27.619+0000] {logging_mixin.py:188} INFO - [2026-04-28T18:22:27.619+0000] {dag.py:3954} INFO - Setting next_dagrun for example_short_circuit_operator to 2026-04-27 00:00:00+00:00, run_after=2026-04-28 00:00:00+00:00
[2026-04-28T18:22:27.633+0000] {processor.py:183} INFO - Processing /home/airflow/.local/lib/python3.12/site-packages/airflow/example_dags/example_short_circuit_operator.py took 0.065 seconds
[2026-04-28T18:22:58.496+0000] {processor.py:161} INFO - Started process (PID=2666) to work on /home/airflow/.local/lib/python3.12/site-packages/airflow/example_dags/example_short_circuit_operator.py
[2026-04-28T18:22:58.497+0000] {processor.py:830} INFO - Processing file /home/airflow/.local/lib/python3.12/site-packages/airflow/example_dags/example_short_circuit_operator.py for tasks to queue
[2026-04-28T18:22:58.499+0000] {logging_mixin.py:188} INFO - [2026-04-28T18:22:58.499+0000] {dagbag.py:540} INFO - Filling up the DagBag from /home/airflow/.local/lib/python3.12/site-packages/airflow/example_dags/example_short_circuit_operator.py
[2026-04-28T18:22:58.508+0000] {processor.py:840} INFO - DAG(s) 'example_short_circuit_operator' retrieved from /home/airflow/.local/lib/python3.12/site-packages/airflow/example_dags/example_short_circuit_operator.py
[2026-04-28T18:22:58.538+0000] {logging_mixin.py:188} INFO - [2026-04-28T18:22:58.538+0000] {dag.py:3096} INFO - Sync 1 DAGs
[2026-04-28T18:22:58.572+0000] {logging_mixin.py:188} INFO - [2026-04-28T18:22:58.572+0000] {dag.py:3954} INFO - Setting next_dagrun for example_short_circuit_operator to 2026-04-27 00:00:00+00:00, run_after=2026-04-28 00:00:00+00:00
[2026-04-28T18:22:58.592+0000] {processor.py:183} INFO - Processing /home/airflow/.local/lib/python3.12/site-packages/airflow/example_dags/example_short_circuit_operator.py took 0.103 seconds
[2026-04-28T18:23:29.129+0000] {processor.py:161} INFO - Started process (PID=2727) to work on /home/airflow/.local/lib/python3.12/site-packages/airflow/example_dags/example_short_circuit_operator.py
[2026-04-28T18:23:29.131+0000] {processor.py:830} INFO - Processing file /home/airflow/.local/lib/python3.12/site-packages/airflow/example_dags/example_short_circuit_operator.py for tasks to queue
[2026-04-28T18:23:29.133+0000] {logging_mixin.py:188} INFO - [2026-04-28T18:23:29.133+0000] {dagbag.py:540} INFO - Filling up the DagBag from /home/airflow/.local/lib/python3.12/site-packages/airflow/example_dags/example_short_circuit_operator.py
[2026-04-28T18:23:29.155+0000] {processor.py:840} INFO - DAG(s) 'example_short_circuit_operator' retrieved from /home/airflow/.local/lib/python3.12/site-packages/airflow/example_dags/example_short_circuit_operator.py
[2026-04-28T18:23:29.183+0000] {logging_mixin.py:188} INFO - [2026-04-28T18:23:29.182+0000] {dag.py:3096} INFO - Sync 1 DAGs
[2026-04-28T18:23:29.210+0000] {logging_mixin.py:188} INFO - [2026-04-28T18:23:29.210+0000] {dag.py:3954} INFO - Setting next_dagrun for example_short_circuit_operator to 2026-04-27 00:00:00+00:00, run_after=2026-04-28 00:00:00+00:00
[2026-04-28T18:23:29.239+0000] {processor.py:183} INFO - Processing /home/airflow/.local/lib/python3.12/site-packages/airflow/example_dags/example_short_circuit_operator.py took 0.124 seconds
[2026-04-28T18:23:59.664+0000] {processor.py:161} INFO - Started process (PID=2788) to work on /home/airflow/.local/lib/python3.12/site-packages/airflow/example_dags/example_short_circuit_operator.py
[2026-04-28T18:23:59.666+0000] {processor.py:830} INFO - Processing file /home/airflow/.local/lib/python3.12/site-packages/airflow/example_dags/example_short_circuit_operator.py for tasks to queue
[2026-04-28T18:23:59.669+0000] {logging_mixin.py:188} INFO - [2026-04-28T18:23:59.669+0000] {dagbag.py:540} INFO - Filling up the DagBag from /home/airflow/.local/lib/python3.12/site-packages/airflow/example_dags/example_short_circuit_operator.py
[2026-04-28T18:23:59.689+0000] {processor.py:840} INFO - DAG(s) 'example_short_circuit_operator' retrieved from /home/airflow/.local/lib/python3.12/site-packages/airflow/example_dags/example_short_circuit_operator.py
[2026-04-28T18:23:59.720+0000] {logging_mixin.py:188} INFO - [2026-04-28T18:23:59.720+0000] {dag.py:3096} INFO - Sync 1 DAGs
[2026-04-28T18:23:59.749+0000] {logging_mixin.py:188} INFO - [2026-04-28T18:23:59.749+0000] {dag.py:3954} INFO - Setting next_dagrun for example_short_circuit_operator to 2026-04-27 00:00:00+00:00, run_after=2026-04-28 00:00:00+00:00
[2026-04-28T18:23:59.768+0000] {processor.py:183} INFO - Processing /home/airflow/.local/lib/python3.12/site-packages/airflow/example_dags/example_short_circuit_operator.py took 0.142 seconds
[2026-04-28T18:24:30.082+0000] {processor.py:161} INFO - Started process (PID=2847) to work on /home/airflow/.local/lib/python3.12/site-packages/airflow/example_dags/example_short_circuit_operator.py
[2026-04-28T18:24:30.083+0000] {processor.py:830} INFO - Processing file /home/airflow/.local/lib/python3.12/site-packages/airflow/example_dags/example_short_circuit_operator.py for tasks to queue
[2026-04-28T18:24:30.085+0000] {logging_mixin.py:188} INFO - [2026-04-28T18:24:30.084+0000] {dagbag.py:540} INFO - Filling up the DagBag from /home/airflow/.local/lib/python3.12/site-packages/airflow/example_dags/example_short_circuit_operator.py
[2026-04-28T18:24:30.094+0000] {processor.py:840} INFO - DAG(s) 'example_short_circuit_operator' retrieved from /home/airflow/.local/lib/python3.12/site-packages/airflow/example_dags/example_short_circuit_operator.py
[2026-04-28T18:24:30.123+0000] {logging_mixin.py:188} INFO - [2026-04-28T18:24:30.123+0000] {dag.py:3096} INFO - Sync 1 DAGs
[2026-04-28T18:24:30.153+0000] {logging_mixin.py:188} INFO - [2026-04-28T18:24:30.153+0000] {dag.py:3954} INFO - Setting next_dagrun for example_short_circuit_operator to 2026-04-27 00:00:00+00:00, run_after=2026-04-28 00:00:00+00:00
[2026-04-28T18:24:30.174+0000] {processor.py:183} INFO - Processing /home/airflow/.local/lib/python3.12/site-packages/airflow/example_dags/example_short_circuit_operator.py took 0.099 seconds
[2026-04-28T18:25:00.377+0000] {processor.py:161} INFO - Started process (PID=2907) to work on /home/airflow/.local/lib/python3.12/site-packages/airflow/example_dags/example_short_circuit_operator.py
[2026-04-28T18:25:00.378+0000] {processor.py:830} INFO - Processing file /home/airflow/.local/lib/python3.12/site-packages/airflow/example_dags/example_short_circuit_operator.py for tasks to queue
[2026-04-28T18:25:00.381+0000] {logging_mixin.py:188} INFO - [2026-04-28T18:25:00.381+0000] {dagbag.py:540} INFO - Filling up the DagBag from /home/airflow/.local/lib/python3.12/site-packages/airflow/example_dags/example_short_circuit_operator.py
[2026-04-28T18:25:00.390+0000] {processor.py:840} INFO - DAG(s) 'example_short_circuit_operator' retrieved from /home/airflow/.local/lib/python3.12/site-packages/airflow/example_dags/example_short_circuit_operator.py
[2026-04-28T18:25:00.419+0000] {logging_mixin.py:188} INFO - [2026-04-28T18:25:00.419+0000] {dag.py:3096} INFO - Sync 1 DAGs
[2026-04-28T18:25:00.445+0000] {logging_mixin.py:188} INFO - [2026-04-28T18:25:00.445+0000] {dag.py:3954} INFO - Setting next_dagrun for example_short_circuit_operator to 2026-04-27 00:00:00+00:00, run_after=2026-04-28 00:00:00+00:00
[2026-04-28T18:25:00.512+0000] {processor.py:183} INFO - Processing /home/airflow/.local/lib/python3.12/site-packages/airflow/example_dags/example_short_circuit_operator.py took 0.141 seconds
[2026-04-28T18:25:31.229+0000] {processor.py:161} INFO - Started process (PID=2967) to work on /home/airflow/.local/lib/python3.12/site-packages/airflow/example_dags/example_short_circuit_operator.py
[2026-04-28T18:25:31.230+0000] {processor.py:830} INFO - Processing file /home/airflow/.local/lib/python3.12/site-packages/airflow/example_dags/example_short_circuit_operator.py for tasks to queue
[2026-04-28T18:25:31.232+0000] {logging_mixin.py:188} INFO - [2026-04-28T18:25:31.231+0000] {dagbag.py:540} INFO - Filling up the DagBag from /home/airflow/.local/lib/python3.12/site-packages/airflow/example_dags/example_short_circuit_operator.py
[2026-04-28T18:25:31.240+0000] {processor.py:840} INFO - DAG(s) 'example_short_circuit_operator' retrieved from /home/airflow/.local/lib/python3.12/site-packages/airflow/example_dags/example_short_circuit_operator.py
[2026-04-28T18:25:31.283+0000] {logging_mixin.py:188} INFO - [2026-04-28T18:25:31.282+0000] {dag.py:3096} INFO - Sync 1 DAGs
[2026-04-28T18:25:31.330+0000] {logging_mixin.py:188} INFO - [2026-04-28T18:25:31.330+0000] {dag.py:3954} INFO - Setting next_dagrun for example_short_circuit_operator to 2026-04-27 00:00:00+00:00, run_after=2026-04-28 00:00:00+00:00
[2026-04-28T18:25:31.389+0000] {processor.py:183} INFO - Processing /home/airflow/.local/lib/python3.12/site-packages/airflow/example_dags/example_short_circuit_operator.py took 0.168 seconds
[2026-04-28T18:26:01.616+0000] {processor.py:161} INFO - Started process (PID=3026) to work on /home/airflow/.local/lib/python3.12/site-packages/airflow/example_dags/example_short_circuit_operator.py
[2026-04-28T18:26:01.621+0000] {processor.py:830} INFO - Processing file /home/airflow/.local/lib/python3.12/site-packages/airflow/example_dags/example_short_circuit_operator.py for tasks to queue
[2026-04-28T18:26:01.625+0000] {logging_mixin.py:188} INFO - [2026-04-28T18:26:01.624+0000] {dagbag.py:540} INFO - Filling up the DagBag from /home/airflow/.local/lib/python3.12/site-packages/airflow/example_dags/example_short_circuit_operator.py
[2026-04-28T18:26:01.651+0000] {processor.py:840} INFO - DAG(s) 'example_short_circuit_operator' retrieved from /home/airflow/.local/lib/python3.12/site-packages/airflow/example_dags/example_short_circuit_operator.py
[2026-04-28T18:26:01.741+0000] {logging_mixin.py:188} INFO - [2026-04-28T18:26:01.741+0000] {dag.py:3096} INFO - Sync 1 DAGs
[2026-04-28T18:26:01.833+0000] {logging_mixin.py:188} INFO - [2026-04-28T18:26:01.833+0000] {dag.py:3954} INFO - Setting next_dagrun for example_short_circuit_operator to 2026-04-27 00:00:00+00:00, run_after=2026-04-28 00:00:00+00:00
[2026-04-28T18:26:01.877+0000] {processor.py:183} INFO - Processing /home/airflow/.local/lib/python3.12/site-packages/airflow/example_dags/example_short_circuit_operator.py took 0.282 seconds
[2026-04-28T18:26:32.654+0000] {processor.py:161} INFO - Started process (PID=3086) to work on /home/airflow/.local/lib/python3.12/site-packages/airflow/example_dags/example_short_circuit_operator.py
[2026-04-28T18:26:32.655+0000] {processor.py:830} INFO - Processing file /home/airflow/.local/lib/python3.12/site-packages/airflow/example_dags/example_short_circuit_operator.py for tasks to queue
[2026-04-28T18:26:32.657+0000] {logging_mixin.py:188} INFO - [2026-04-28T18:26:32.657+0000] {dagbag.py:540} INFO - Filling up the DagBag from /home/airflow/.local/lib/python3.12/site-packages/airflow/example_dags/example_short_circuit_operator.py
[2026-04-28T18:26:32.665+0000] {processor.py:840} INFO - DAG(s) 'example_short_circuit_operator' retrieved from /home/airflow/.local/lib/python3.12/site-packages/airflow/example_dags/example_short_circuit_operator.py
[2026-04-28T18:26:32.693+0000] {logging_mixin.py:188} INFO - [2026-04-28T18:26:32.693+0000] {dag.py:3096} INFO - Sync 1 DAGs
[2026-04-28T18:26:32.722+0000] {logging_mixin.py:188} INFO - [2026-04-28T18:26:32.722+0000] {dag.py:3954} INFO - Setting next_dagrun for example_short_circuit_operator to 2026-04-27 00:00:00+00:00, run_after=2026-04-28 00:00:00+00:00
[2026-04-28T18:26:32.742+0000] {processor.py:183} INFO - Processing /home/airflow/.local/lib/python3.12/site-packages/airflow/example_dags/example_short_circuit_operator.py took 0.096 seconds
[2026-04-28T18:27:03.249+0000] {processor.py:161} INFO - Started process (PID=3146) to work on /home/airflow/.local/lib/python3.12/site-packages/airflow/example_dags/example_short_circuit_operator.py
[2026-04-28T18:27:03.250+0000] {processor.py:830} INFO - Processing file /home/airflow/.local/lib/python3.12/site-packages/airflow/example_dags/example_short_circuit_operator.py for tasks to queue
[2026-04-28T18:27:03.253+0000] {logging_mixin.py:188} INFO - [2026-04-28T18:27:03.252+0000] {dagbag.py:540} INFO - Filling up the DagBag from /home/airflow/.local/lib/python3.12/site-packages/airflow/example_dags/example_short_circuit_operator.py
[2026-04-28T18:27:03.261+0000] {processor.py:840} INFO - DAG(s) 'example_short_circuit_operator' retrieved from /home/airflow/.local/lib/python3.12/site-packages/airflow/example_dags/example_short_circuit_operator.py
[2026-04-28T18:27:03.290+0000] {logging_mixin.py:188} INFO - [2026-04-28T18:27:03.290+0000] {dag.py:3096} INFO - Sync 1 DAGs
[2026-04-28T18:27:03.321+0000] {logging_mixin.py:188} INFO - [2026-04-28T18:27:03.321+0000] {dag.py:3954} INFO - Setting next_dagrun for example_short_circuit_operator to 2026-04-27 00:00:00+00:00, run_after=2026-04-28 00:00:00+00:00
[2026-04-28T18:27:03.342+0000] {processor.py:183} INFO - Processing /home/airflow/.local/lib/python3.12/site-packages/airflow/example_dags/example_short_circuit_operator.py took 0.100 seconds
[2026-04-28T18:27:33.552+0000] {processor.py:161} INFO - Started process (PID=3206) to work on /home/airflow/.local/lib/python3.12/site-packages/airflow/example_dags/example_short_circuit_operator.py
[2026-04-28T18:27:33.552+0000] {processor.py:830} INFO - Processing file /home/airflow/.local/lib/python3.12/site-packages/airflow/example_dags/example_short_circuit_operator.py for tasks to queue
[2026-04-28T18:27:33.554+0000] {logging_mixin.py:188} INFO - [2026-04-28T18:27:33.554+0000] {dagbag.py:540} INFO - Filling up the DagBag from /home/airflow/.local/lib/python3.12/site-packages/airflow/example_dags/example_short_circuit_operator.py
[2026-04-28T18:27:33.563+0000] {processor.py:840} INFO - DAG(s) 'example_short_circuit_operator' retrieved from /home/airflow/.local/lib/python3.12/site-packages/airflow/example_dags/example_short_circuit_operator.py
[2026-04-28T18:27:33.594+0000] {logging_mixin.py:188} INFO - [2026-04-28T18:27:33.593+0000] {dag.py:3096} INFO - Sync 1 DAGs
[2026-04-28T18:27:33.625+0000] {logging_mixin.py:188} INFO - [2026-04-28T18:27:33.625+0000] {dag.py:3954} INFO - Setting next_dagrun for example_short_circuit_operator to 2026-04-27 00:00:00+00:00, run_after=2026-04-28 00:00:00+00:00
[2026-04-28T18:27:33.644+0000] {processor.py:183} INFO - Processing /home/airflow/.local/lib/python3.12/site-packages/airflow/example_dags/example_short_circuit_operator.py took 0.099 seconds
[2026-04-28T18:28:04.333+0000] {processor.py:161} INFO - Started process (PID=3266) to work on /home/airflow/.local/lib/python3.12/site-packages/airflow/example_dags/example_short_circuit_operator.py
[2026-04-28T18:28:04.335+0000] {processor.py:830} INFO - Processing file /home/airflow/.local/lib/python3.12/site-packages/airflow/example_dags/example_short_circuit_operator.py for tasks to queue
[2026-04-28T18:28:04.337+0000] {logging_mixin.py:188} INFO - [2026-04-28T18:28:04.337+0000] {dagbag.py:540} INFO - Filling up the DagBag from /home/airflow/.local/lib/python3.12/site-packages/airflow/example_dags/example_short_circuit_operator.py
[2026-04-28T18:28:04.347+0000] {processor.py:840} INFO - DAG(s) 'example_short_circuit_operator' retrieved from /home/airflow/.local/lib/python3.12/site-packages/airflow/example_dags/example_short_circuit_operator.py
[2026-04-28T18:28:04.376+0000] {logging_mixin.py:188} INFO - [2026-04-28T18:28:04.376+0000] {dag.py:3096} INFO - Sync 1 DAGs
[2026-04-28T18:28:04.404+0000] {logging_mixin.py:188} INFO - [2026-04-28T18:28:04.404+0000] {dag.py:3954} INFO - Setting next_dagrun for example_short_circuit_operator to 2026-04-27 00:00:00+00:00, run_after=2026-04-28 00:00:00+00:00
[2026-04-28T18:28:04.425+0000] {processor.py:183} INFO - Processing /home/airflow/.local/lib/python3.12/site-packages/airflow/example_dags/example_short_circuit_operator.py took 0.099 seconds
[2026-04-28T18:28:34.719+0000] {processor.py:161} INFO - Started process (PID=3326) to work on /home/airflow/.local/lib/python3.12/site-packages/airflow/example_dags/example_short_circuit_operator.py
[2026-04-28T18:28:34.720+0000] {processor.py:830} INFO - Processing file /home/airflow/.local/lib/python3.12/site-packages/airflow/example_dags/example_short_circuit_operator.py for tasks to queue
[2026-04-28T18:28:34.722+0000] {logging_mixin.py:188} INFO - [2026-04-28T18:28:34.721+0000] {dagbag.py:540} INFO - Filling up the DagBag from /home/airflow/.local/lib/python3.12/site-packages/airflow/example_dags/example_short_circuit_operator.py
[2026-04-28T18:28:34.732+0000] {processor.py:840} INFO - DAG(s) 'example_short_circuit_operator' retrieved from /home/airflow/.local/lib/python3.12/site-packages/airflow/example_dags/example_short_circuit_operator.py
[2026-04-28T18:28:34.763+0000] {logging_mixin.py:188} INFO - [2026-04-28T18:28:34.762+0000] {dag.py:3096} INFO - Sync 1 DAGs
[2026-04-28T18:28:34.792+0000] {logging_mixin.py:188} INFO - [2026-04-28T18:28:34.792+0000] {dag.py:3954} INFO - Setting next_dagrun for example_short_circuit_operator to 2026-04-27 00:00:00+00:00, run_after=2026-04-28 00:00:00+00:00
[2026-04-28T18:28:34.814+0000] {processor.py:183} INFO - Processing /home/airflow/.local/lib/python3.12/site-packages/airflow/example_dags/example_short_circuit_operator.py took 0.103 seconds
[2026-04-28T18:29:04.875+0000] {processor.py:161} INFO - Started process (PID=3387) to work on /home/airflow/.local/lib/python3.12/site-packages/airflow/example_dags/example_short_circuit_operator.py
[2026-04-28T18:29:04.875+0000] {processor.py:830} INFO - Processing file /home/airflow/.local/lib/python3.12/site-packages/airflow/example_dags/example_short_circuit_operator.py for tasks to queue
[2026-04-28T18:29:04.877+0000] {logging_mixin.py:188} INFO - [2026-04-28T18:29:04.876+0000] {dagbag.py:540} INFO - Filling up the DagBag from /home/airflow/.local/lib/python3.12/site-packages/airflow/example_dags/example_short_circuit_operator.py
[2026-04-28T18:29:04.883+0000] {processor.py:840} INFO - DAG(s) 'example_short_circuit_operator' retrieved from /home/airflow/.local/lib/python3.12/site-packages/airflow/example_dags/example_short_circuit_operator.py
[2026-04-28T18:29:04.902+0000] {logging_mixin.py:188} INFO - [2026-04-28T18:29:04.902+0000] {dag.py:3096} INFO - Sync 1 DAGs
[2026-04-28T18:29:04.921+0000] {logging_mixin.py:188} INFO - [2026-04-28T18:29:04.921+0000] {dag.py:3954} INFO - Setting next_dagrun for example_short_circuit_operator to 2026-04-27 00:00:00+00:00, run_after=2026-04-28 00:00:00+00:00
[2026-04-28T18:29:04.936+0000] {processor.py:183} INFO - Processing /home/airflow/.local/lib/python3.12/site-packages/airflow/example_dags/example_short_circuit_operator.py took 0.067 seconds
[2026-04-28T18:29:35.732+0000] {processor.py:161} INFO - Started process (PID=3447) to work on /home/airflow/.local/lib/python3.12/site-packages/airflow/example_dags/example_short_circuit_operator.py
[2026-04-28T18:29:35.732+0000] {processor.py:830} INFO - Processing file /home/airflow/.local/lib/python3.12/site-packages/airflow/example_dags/example_short_circuit_operator.py for tasks to queue
[2026-04-28T18:29:35.734+0000] {logging_mixin.py:188} INFO - [2026-04-28T18:29:35.733+0000] {dagbag.py:540} INFO - Filling up the DagBag from /home/airflow/.local/lib/python3.12/site-packages/airflow/example_dags/example_short_circuit_operator.py
[2026-04-28T18:29:35.740+0000] {processor.py:840} INFO - DAG(s) 'example_short_circuit_operator' retrieved from /home/airflow/.local/lib/python3.12/site-packages/airflow/example_dags/example_short_circuit_operator.py
[2026-04-28T18:29:35.759+0000] {logging_mixin.py:188} INFO - [2026-04-28T18:29:35.759+0000] {dag.py:3096} INFO - Sync 1 DAGs
[2026-04-28T18:29:35.777+0000] {logging_mixin.py:188} INFO - [2026-04-28T18:29:35.777+0000] {dag.py:3954} INFO - Setting next_dagrun for example_short_circuit_operator to 2026-04-27 00:00:00+00:00, run_after=2026-04-28 00:00:00+00:00
[2026-04-28T18:29:35.791+0000] {processor.py:183} INFO - Processing /home/airflow/.local/lib/python3.12/site-packages/airflow/example_dags/example_short_circuit_operator.py took 0.065 seconds
[2026-04-28T18:30:06.222+0000] {processor.py:161} INFO - Started process (PID=3507) to work on /home/airflow/.local/lib/python3.12/site-packages/airflow/example_dags/example_short_circuit_operator.py
[2026-04-28T18:30:06.223+0000] {processor.py:830} INFO - Processing file /home/airflow/.local/lib/python3.12/site-packages/airflow/example_dags/example_short_circuit_operator.py for tasks to queue
[2026-04-28T18:30:06.224+0000] {logging_mixin.py:188} INFO - [2026-04-28T18:30:06.224+0000] {dagbag.py:540} INFO - Filling up the DagBag from /home/airflow/.local/lib/python3.12/site-packages/airflow/example_dags/example_short_circuit_operator.py
[2026-04-28T18:30:06.230+0000] {processor.py:840} INFO - DAG(s) 'example_short_circuit_operator' retrieved from /home/airflow/.local/lib/python3.12/site-packages/airflow/example_dags/example_short_circuit_operator.py
[2026-04-28T18:30:06.250+0000] {logging_mixin.py:188} INFO - [2026-04-28T18:30:06.249+0000] {dag.py:3096} INFO - Sync 1 DAGs
[2026-04-28T18:30:06.268+0000] {logging_mixin.py:188} INFO - [2026-04-28T18:30:06.268+0000] {dag.py:3954} INFO - Setting next_dagrun for example_short_circuit_operator to 2026-04-27 00:00:00+00:00, run_after=2026-04-28 00:00:00+00:00
[2026-04-28T18:30:06.285+0000] {processor.py:183} INFO - Processing /home/airflow/.local/lib/python3.12/site-packages/airflow/example_dags/example_short_circuit_operator.py took 0.069 seconds
[2026-04-28T18:30:36.877+0000] {processor.py:161} INFO - Started process (PID=3567) to work on /home/airflow/.local/lib/python3.12/site-packages/airflow/example_dags/example_short_circuit_operator.py
[2026-04-28T18:30:36.878+0000] {processor.py:830} INFO - Processing file /home/airflow/.local/lib/python3.12/site-packages/airflow/example_dags/example_short_circuit_operator.py for tasks to queue
[2026-04-28T18:30:36.879+0000] {logging_mixin.py:188} INFO - [2026-04-28T18:30:36.879+0000] {dagbag.py:540} INFO - Filling up the DagBag from /home/airflow/.local/lib/python3.12/site-packages/airflow/example_dags/example_short_circuit_operator.py
[2026-04-28T18:30:36.888+0000] {processor.py:840} INFO - DAG(s) 'example_short_circuit_operator' retrieved from /home/airflow/.local/lib/python3.12/site-packages/airflow/example_dags/example_short_circuit_operator.py
[2026-04-28T18:30:36.925+0000] {logging_mixin.py:188} INFO - [2026-04-28T18:30:36.924+0000] {dag.py:3096} INFO - Sync 1 DAGs
[2026-04-28T18:30:36.963+0000] {logging_mixin.py:188} INFO - [2026-04-28T18:30:36.963+0000] {dag.py:3954} INFO - Setting next_dagrun for example_short_circuit_operator to 2026-04-27 00:00:00+00:00, run_after=2026-04-28 00:00:00+00:00
[2026-04-28T18:30:36.997+0000] {processor.py:183} INFO - Processing /home/airflow/.local/lib/python3.12/site-packages/airflow/example_dags/example_short_circuit_operator.py took 0.125 seconds
[2026-04-28T18:31:07.721+0000] {processor.py:161} INFO - Started process (PID=3627) to work on /home/airflow/.local/lib/python3.12/site-packages/airflow/example_dags/example_short_circuit_operator.py
[2026-04-28T18:31:07.724+0000] {processor.py:830} INFO - Processing file /home/airflow/.local/lib/python3.12/site-packages/airflow/example_dags/example_short_circuit_operator.py for tasks to queue
[2026-04-28T18:31:07.728+0000] {logging_mixin.py:188} INFO - [2026-04-28T18:31:07.728+0000] {dagbag.py:540} INFO - Filling up the DagBag from /home/airflow/.local/lib/python3.12/site-packages/airflow/example_dags/example_short_circuit_operator.py
[2026-04-28T18:31:07.748+0000] {processor.py:840} INFO - DAG(s) 'example_short_circuit_operator' retrieved from /home/airflow/.local/lib/python3.12/site-packages/airflow/example_dags/example_short_circuit_operator.py
[2026-04-28T18:31:07.782+0000] {logging_mixin.py:188} INFO - [2026-04-28T18:31:07.781+0000] {dag.py:3096} INFO - Sync 1 DAGs
[2026-04-28T18:31:07.819+0000] {logging_mixin.py:188} INFO - [2026-04-28T18:31:07.819+0000] {dag.py:3954} INFO - Setting next_dagrun for example_short_circuit_operator to 2026-04-27 00:00:00+00:00, run_after=2026-04-28 00:00:00+00:00
[2026-04-28T18:31:07.844+0000] {processor.py:183} INFO - Processing /home/airflow/.local/lib/python3.12/site-packages/airflow/example_dags/example_short_circuit_operator.py took 0.151 seconds
[2026-04-28T18:31:38.100+0000] {processor.py:161} INFO - Started process (PID=3686) to work on /home/airflow/.local/lib/python3.12/site-packages/airflow/example_dags/example_short_circuit_operator.py
[2026-04-28T18:31:38.103+0000] {processor.py:830} INFO - Processing file /home/airflow/.local/lib/python3.12/site-packages/airflow/example_dags/example_short_circuit_operator.py for tasks to queue
[2026-04-28T18:31:38.109+0000] {logging_mixin.py:188} INFO - [2026-04-28T18:31:38.104+0000] {dagbag.py:540} INFO - Filling up the DagBag from /home/airflow/.local/lib/python3.12/site-packages/airflow/example_dags/example_short_circuit_operator.py
[2026-04-28T18:31:38.146+0000] {processor.py:840} INFO - DAG(s) 'example_short_circuit_operator' retrieved from /home/airflow/.local/lib/python3.12/site-packages/airflow/example_dags/example_short_circuit_operator.py
[2026-04-28T18:31:38.364+0000] {logging_mixin.py:188} INFO - [2026-04-28T18:31:38.361+0000] {dag.py:3096} INFO - Sync 1 DAGs
[2026-04-28T18:31:38.457+0000] {logging_mixin.py:188} INFO - [2026-04-28T18:31:38.454+0000] {dag.py:3954} INFO - Setting next_dagrun for example_short_circuit_operator to 2026-04-27 00:00:00+00:00, run_after=2026-04-28 00:00:00+00:00
[2026-04-28T18:31:38.517+0000] {processor.py:183} INFO - Processing /home/airflow/.local/lib/python3.12/site-packages/airflow/example_dags/example_short_circuit_operator.py took 0.437 seconds
[2026-04-28T18:32:09.229+0000] {processor.py:161} INFO - Started process (PID=3746) to work on /home/airflow/.local/lib/python3.12/site-packages/airflow/example_dags/example_short_circuit_operator.py
[2026-04-28T18:32:09.231+0000] {processor.py:830} INFO - Processing file /home/airflow/.local/lib/python3.12/site-packages/airflow/example_dags/example_short_circuit_operator.py for tasks to queue
[2026-04-28T18:32:09.235+0000] {logging_mixin.py:188} INFO - [2026-04-28T18:32:09.235+0000] {dagbag.py:540} INFO - Filling up the DagBag from /home/airflow/.local/lib/python3.12/site-packages/airflow/example_dags/example_short_circuit_operator.py
[2026-04-28T18:32:09.251+0000] {processor.py:840} INFO - DAG(s) 'example_short_circuit_operator' retrieved from /home/airflow/.local/lib/python3.12/site-packages/airflow/example_dags/example_short_circuit_operator.py
[2026-04-28T18:32:09.286+0000] {logging_mixin.py:188} INFO - [2026-04-28T18:32:09.285+0000] {dag.py:3096} INFO - Sync 1 DAGs
[2026-04-28T18:32:09.314+0000] {logging_mixin.py:188} INFO - [2026-04-28T18:32:09.313+0000] {dag.py:3954} INFO - Setting next_dagrun for example_short_circuit_operator to 2026-04-27 00:00:00+00:00, run_after=2026-04-28 00:00:00+00:00
[2026-04-28T18:32:09.334+0000] {processor.py:183} INFO - Processing /home/airflow/.local/lib/python3.12/site-packages/airflow/example_dags/example_short_circuit_operator.py took 0.135 seconds
[2026-04-28T18:32:39.512+0000] {processor.py:161} INFO - Started process (PID=3806) to work on /home/airflow/.local/lib/python3.12/site-packages/airflow/example_dags/example_short_circuit_operator.py
[2026-04-28T18:32:39.515+0000] {processor.py:830} INFO - Processing file /home/airflow/.local/lib/python3.12/site-packages/airflow/example_dags/example_short_circuit_operator.py for tasks to queue
[2026-04-28T18:32:39.522+0000] {logging_mixin.py:188} INFO - [2026-04-28T18:32:39.521+0000] {dagbag.py:540} INFO - Filling up the DagBag from /home/airflow/.local/lib/python3.12/site-packages/airflow/example_dags/example_short_circuit_operator.py
[2026-04-28T18:32:39.547+0000] {processor.py:840} INFO - DAG(s) 'example_short_circuit_operator' retrieved from /home/airflow/.local/lib/python3.12/site-packages/airflow/example_dags/example_short_circuit_operator.py
[2026-04-28T18:32:39.612+0000] {logging_mixin.py:188} INFO - [2026-04-28T18:32:39.611+0000] {dag.py:3096} INFO - Sync 1 DAGs
[2026-04-28T18:32:39.682+0000] {logging_mixin.py:188} INFO - [2026-04-28T18:32:39.682+0000] {dag.py:3954} INFO - Setting next_dagrun for example_short_circuit_operator to 2026-04-27 00:00:00+00:00, run_after=2026-04-28 00:00:00+00:00
[2026-04-28T18:32:39.704+0000] {processor.py:183} INFO - Processing /home/airflow/.local/lib/python3.12/site-packages/airflow/example_dags/example_short_circuit_operator.py took 0.221 seconds
[2026-04-28T18:33:10.327+0000] {processor.py:161} INFO - Started process (PID=3867) to work on /home/airflow/.local/lib/python3.12/site-packages/airflow/example_dags/example_short_circuit_operator.py
[2026-04-28T18:33:10.328+0000] {processor.py:830} INFO - Processing file /home/airflow/.local/lib/python3.12/site-packages/airflow/example_dags/example_short_circuit_operator.py for tasks to queue
[2026-04-28T18:33:10.330+0000] {logging_mixin.py:188} INFO - [2026-04-28T18:33:10.329+0000] {dagbag.py:540} INFO - Filling up the DagBag from /home/airflow/.local/lib/python3.12/site-packages/airflow/example_dags/example_short_circuit_operator.py
[2026-04-28T18:33:10.341+0000] {processor.py:840} INFO - DAG(s) 'example_short_circuit_operator' retrieved from /home/airflow/.local/lib/python3.12/site-packages/airflow/example_dags/example_short_circuit_operator.py
[2026-04-28T18:33:10.372+0000] {logging_mixin.py:188} INFO - [2026-04-28T18:33:10.372+0000] {dag.py:3096} INFO - Sync 1 DAGs
[2026-04-28T18:33:10.401+0000] {logging_mixin.py:188} INFO - [2026-04-28T18:33:10.401+0000] {dag.py:3954} INFO - Setting next_dagrun for example_short_circuit_operator to 2026-04-27 00:00:00+00:00, run_after=2026-04-28 00:00:00+00:00
[2026-04-28T18:33:10.426+0000] {processor.py:183} INFO - Processing /home/airflow/.local/lib/python3.12/site-packages/airflow/example_dags/example_short_circuit_operator.py took 0.106 seconds
[2026-04-28T18:33:40.845+0000] {processor.py:161} INFO - Started process (PID=3927) to work on /home/airflow/.local/lib/python3.12/site-packages/airflow/example_dags/example_short_circuit_operator.py
[2026-04-28T18:33:40.847+0000] {processor.py:830} INFO - Processing file /home/airflow/.local/lib/python3.12/site-packages/airflow/example_dags/example_short_circuit_operator.py for tasks to queue
[2026-04-28T18:33:40.849+0000] {logging_mixin.py:188} INFO - [2026-04-28T18:33:40.848+0000] {dagbag.py:540} INFO - Filling up the DagBag from /home/airflow/.local/lib/python3.12/site-packages/airflow/example_dags/example_short_circuit_operator.py
[2026-04-28T18:33:40.873+0000] {processor.py:840} INFO - DAG(s) 'example_short_circuit_operator' retrieved from /home/airflow/.local/lib/python3.12/site-packages/airflow/example_dags/example_short_circuit_operator.py
[2026-04-28T18:33:40.906+0000] {logging_mixin.py:188} INFO - [2026-04-28T18:33:40.906+0000] {dag.py:3096} INFO - Sync 1 DAGs
[2026-04-28T18:33:40.940+0000] {logging_mixin.py:188} INFO - [2026-04-28T18:33:40.939+0000] {dag.py:3954} INFO - Setting next_dagrun for example_short_circuit_operator to 2026-04-27 00:00:00+00:00, run_after=2026-04-28 00:00:00+00:00
[2026-04-28T18:33:40.971+0000] {processor.py:183} INFO - Processing /home/airflow/.local/lib/python3.12/site-packages/airflow/example_dags/example_short_circuit_operator.py took 0.133 seconds
[2026-04-28T18:34:11.264+0000] {processor.py:161} INFO - Started process (PID=3987) to work on /home/airflow/.local/lib/python3.12/site-packages/airflow/example_dags/example_short_circuit_operator.py
[2026-04-28T18:34:11.264+0000] {processor.py:830} INFO - Processing file /home/airflow/.local/lib/python3.12/site-packages/airflow/example_dags/example_short_circuit_operator.py for tasks to queue
[2026-04-28T18:34:11.266+0000] {logging_mixin.py:188} INFO - [2026-04-28T18:34:11.266+0000] {dagbag.py:540} INFO - Filling up the DagBag from /home/airflow/.local/lib/python3.12/site-packages/airflow/example_dags/example_short_circuit_operator.py
[2026-04-28T18:34:11.275+0000] {processor.py:840} INFO - DAG(s) 'example_short_circuit_operator' retrieved from /home/airflow/.local/lib/python3.12/site-packages/airflow/example_dags/example_short_circuit_operator.py
[2026-04-28T18:34:11.303+0000] {logging_mixin.py:188} INFO - [2026-04-28T18:34:11.303+0000] {dag.py:3096} INFO - Sync 1 DAGs
[2026-04-28T18:34:11.332+0000] {logging_mixin.py:188} INFO - [2026-04-28T18:34:11.331+0000] {dag.py:3954} INFO - Setting next_dagrun for example_short_circuit_operator to 2026-04-27 00:00:00+00:00, run_after=2026-04-28 00:00:00+00:00
[2026-04-28T18:34:11.352+0000] {processor.py:183} INFO - Processing /home/airflow/.local/lib/python3.12/site-packages/airflow/example_dags/example_short_circuit_operator.py took 0.095 seconds
[2026-04-28T18:34:41.516+0000] {processor.py:161} INFO - Started process (PID=4047) to work on /home/airflow/.local/lib/python3.12/site-packages/airflow/example_dags/example_short_circuit_operator.py
[2026-04-28T18:34:41.518+0000] {processor.py:830} INFO - Processing file /home/airflow/.local/lib/python3.12/site-packages/airflow/example_dags/example_short_circuit_operator.py for tasks to queue
[2026-04-28T18:34:41.521+0000] {logging_mixin.py:188} INFO - [2026-04-28T18:34:41.521+0000] {dagbag.py:540} INFO - Filling up the DagBag from /home/airflow/.local/lib/python3.12/site-packages/airflow/example_dags/example_short_circuit_operator.py
[2026-04-28T18:34:41.541+0000] {processor.py:840} INFO - DAG(s) 'example_short_circuit_operator' retrieved from /home/airflow/.local/lib/python3.12/site-packages/airflow/example_dags/example_short_circuit_operator.py
[2026-04-28T18:34:41.618+0000] {logging_mixin.py:188} INFO - [2026-04-28T18:34:41.618+0000] {dag.py:3096} INFO - Sync 1 DAGs
[2026-04-28T18:34:41.683+0000] {logging_mixin.py:188} INFO - [2026-04-28T18:34:41.680+0000] {dag.py:3954} INFO - Setting next_dagrun for example_short_circuit_operator to 2026-04-27 00:00:00+00:00, run_after=2026-04-28 00:00:00+00:00
[2026-04-28T18:34:41.768+0000] {processor.py:183} INFO - Processing /home/airflow/.local/lib/python3.12/site-packages/airflow/example_dags/example_short_circuit_operator.py took 0.264 seconds
[2026-04-28T18:35:11.855+0000] {processor.py:161} INFO - Started process (PID=4107) to work on /home/airflow/.local/lib/python3.12/site-packages/airflow/example_dags/example_short_circuit_operator.py
[2026-04-28T18:35:11.856+0000] {processor.py:830} INFO - Processing file /home/airflow/.local/lib/python3.12/site-packages/airflow/example_dags/example_short_circuit_operator.py for tasks to queue
[2026-04-28T18:35:11.858+0000] {logging_mixin.py:188} INFO - [2026-04-28T18:35:11.858+0000] {dagbag.py:540} INFO - Filling up the DagBag from /home/airflow/.local/lib/python3.12/site-packages/airflow/example_dags/example_short_circuit_operator.py
[2026-04-28T18:35:11.867+0000] {processor.py:840} INFO - DAG(s) 'example_short_circuit_operator' retrieved from /home/airflow/.local/lib/python3.12/site-packages/airflow/example_dags/example_short_circuit_operator.py
[2026-04-28T18:35:11.902+0000] {logging_mixin.py:188} INFO - [2026-04-28T18:35:11.902+0000] {dag.py:3096} INFO - Sync 1 DAGs
[2026-04-28T18:35:11.935+0000] {logging_mixin.py:188} INFO - [2026-04-28T18:35:11.934+0000] {dag.py:3954} INFO - Setting next_dagrun for example_short_circuit_operator to 2026-04-27 00:00:00+00:00, run_after=2026-04-28 00:00:00+00:00
[2026-04-28T18:35:11.953+0000] {processor.py:183} INFO - Processing /home/airflow/.local/lib/python3.12/site-packages/airflow/example_dags/example_short_circuit_operator.py took 0.111 seconds
[2026-04-28T19:05:27.114+0000] {processor.py:161} INFO - Started process (PID=82) to work on /home/airflow/.local/lib/python3.12/site-packages/airflow/example_dags/example_short_circuit_operator.py
[2026-04-28T19:05:27.146+0000] {processor.py:830} INFO - Processing file /home/airflow/.local/lib/python3.12/site-packages/airflow/example_dags/example_short_circuit_operator.py for tasks to queue
[2026-04-28T19:05:27.153+0000] {logging_mixin.py:188} INFO - [2026-04-28T19:05:27.153+0000] {dagbag.py:540} INFO - Filling up the DagBag from /home/airflow/.local/lib/python3.12/site-packages/airflow/example_dags/example_short_circuit_operator.py
[2026-04-28T19:05:27.203+0000] {processor.py:840} INFO - DAG(s) 'example_short_circuit_operator' retrieved from /home/airflow/.local/lib/python3.12/site-packages/airflow/example_dags/example_short_circuit_operator.py
[2026-04-28T19:05:27.358+0000] {logging_mixin.py:188} INFO - [2026-04-28T19:05:27.358+0000] {dag.py:3096} INFO - Sync 1 DAGs
[2026-04-28T19:05:27.497+0000] {logging_mixin.py:188} INFO - [2026-04-28T19:05:27.497+0000] {dag.py:3954} INFO - Setting next_dagrun for example_short_circuit_operator to 2026-04-27 00:00:00+00:00, run_after=2026-04-28 00:00:00+00:00
[2026-04-28T19:05:27.581+0000] {processor.py:183} INFO - Processing /home/airflow/.local/lib/python3.12/site-packages/airflow/example_dags/example_short_circuit_operator.py took 0.494 seconds
[2026-04-28T19:05:58.256+0000] {processor.py:161} INFO - Started process (PID=142) to work on /home/airflow/.local/lib/python3.12/site-packages/airflow/example_dags/example_short_circuit_operator.py
[2026-04-28T19:05:58.257+0000] {processor.py:830} INFO - Processing file /home/airflow/.local/lib/python3.12/site-packages/airflow/example_dags/example_short_circuit_operator.py for tasks to queue
[2026-04-28T19:05:58.260+0000] {logging_mixin.py:188} INFO - [2026-04-28T19:05:58.259+0000] {dagbag.py:540} INFO - Filling up the DagBag from /home/airflow/.local/lib/python3.12/site-packages/airflow/example_dags/example_short_circuit_operator.py
[2026-04-28T19:05:58.271+0000] {processor.py:840} INFO - DAG(s) 'example_short_circuit_operator' retrieved from /home/airflow/.local/lib/python3.12/site-packages/airflow/example_dags/example_short_circuit_operator.py
[2026-04-28T19:05:58.303+0000] {logging_mixin.py:188} INFO - [2026-04-28T19:05:58.302+0000] {dag.py:3096} INFO - Sync 1 DAGs
[2026-04-28T19:05:58.334+0000] {logging_mixin.py:188} INFO - [2026-04-28T19:05:58.334+0000] {dag.py:3954} INFO - Setting next_dagrun for example_short_circuit_operator to 2026-04-27 00:00:00+00:00, run_after=2026-04-28 00:00:00+00:00
[2026-04-28T19:05:58.367+0000] {processor.py:183} INFO - Processing /home/airflow/.local/lib/python3.12/site-packages/airflow/example_dags/example_short_circuit_operator.py took 0.117 seconds
[2026-04-28T19:06:28.777+0000] {processor.py:161} INFO - Started process (PID=202) to work on /home/airflow/.local/lib/python3.12/site-packages/airflow/example_dags/example_short_circuit_operator.py
[2026-04-28T19:06:28.777+0000] {processor.py:830} INFO - Processing file /home/airflow/.local/lib/python3.12/site-packages/airflow/example_dags/example_short_circuit_operator.py for tasks to queue
[2026-04-28T19:06:28.781+0000] {logging_mixin.py:188} INFO - [2026-04-28T19:06:28.781+0000] {dagbag.py:540} INFO - Filling up the DagBag from /home/airflow/.local/lib/python3.12/site-packages/airflow/example_dags/example_short_circuit_operator.py
[2026-04-28T19:06:28.790+0000] {processor.py:840} INFO - DAG(s) 'example_short_circuit_operator' retrieved from /home/airflow/.local/lib/python3.12/site-packages/airflow/example_dags/example_short_circuit_operator.py
[2026-04-28T19:06:28.819+0000] {logging_mixin.py:188} INFO - [2026-04-28T19:06:28.819+0000] {dag.py:3096} INFO - Sync 1 DAGs
[2026-04-28T19:06:28.856+0000] {logging_mixin.py:188} INFO - [2026-04-28T19:06:28.855+0000] {dag.py:3954} INFO - Setting next_dagrun for example_short_circuit_operator to 2026-04-27 00:00:00+00:00, run_after=2026-04-28 00:00:00+00:00
[2026-04-28T19:06:28.874+0000] {processor.py:183} INFO - Processing /home/airflow/.local/lib/python3.12/site-packages/airflow/example_dags/example_short_circuit_operator.py took 0.104 seconds
[2026-04-28T19:06:59.687+0000] {processor.py:161} INFO - Started process (PID=262) to work on /home/airflow/.local/lib/python3.12/site-packages/airflow/example_dags/example_short_circuit_operator.py
[2026-04-28T19:06:59.696+0000] {processor.py:830} INFO - Processing file /home/airflow/.local/lib/python3.12/site-packages/airflow/example_dags/example_short_circuit_operator.py for tasks to queue
[2026-04-28T19:06:59.699+0000] {logging_mixin.py:188} INFO - [2026-04-28T19:06:59.699+0000] {dagbag.py:540} INFO - Filling up the DagBag from /home/airflow/.local/lib/python3.12/site-packages/airflow/example_dags/example_short_circuit_operator.py
[2026-04-28T19:06:59.708+0000] {processor.py:840} INFO - DAG(s) 'example_short_circuit_operator' retrieved from /home/airflow/.local/lib/python3.12/site-packages/airflow/example_dags/example_short_circuit_operator.py
[2026-04-28T19:06:59.736+0000] {logging_mixin.py:188} INFO - [2026-04-28T19:06:59.736+0000] {dag.py:3096} INFO - Sync 1 DAGs
[2026-04-28T19:06:59.766+0000] {logging_mixin.py:188} INFO - [2026-04-28T19:06:59.766+0000] {dag.py:3954} INFO - Setting next_dagrun for example_short_circuit_operator to 2026-04-27 00:00:00+00:00, run_after=2026-04-28 00:00:00+00:00
[2026-04-28T19:06:59.796+0000] {processor.py:183} INFO - Processing /home/airflow/.local/lib/python3.12/site-packages/airflow/example_dags/example_short_circuit_operator.py took 0.115 seconds
[2026-04-28T19:07:30.288+0000] {processor.py:161} INFO - Started process (PID=322) to work on /home/airflow/.local/lib/python3.12/site-packages/airflow/example_dags/example_short_circuit_operator.py
[2026-04-28T19:07:30.289+0000] {processor.py:830} INFO - Processing file /home/airflow/.local/lib/python3.12/site-packages/airflow/example_dags/example_short_circuit_operator.py for tasks to queue
[2026-04-28T19:07:30.291+0000] {logging_mixin.py:188} INFO - [2026-04-28T19:07:30.290+0000] {dagbag.py:540} INFO - Filling up the DagBag from /home/airflow/.local/lib/python3.12/site-packages/airflow/example_dags/example_short_circuit_operator.py
[2026-04-28T19:07:30.299+0000] {processor.py:840} INFO - DAG(s) 'example_short_circuit_operator' retrieved from /home/airflow/.local/lib/python3.12/site-packages/airflow/example_dags/example_short_circuit_operator.py
[2026-04-28T19:07:30.344+0000] {logging_mixin.py:188} INFO - [2026-04-28T19:07:30.344+0000] {dag.py:3096} INFO - Sync 1 DAGs
[2026-04-28T19:07:30.388+0000] {logging_mixin.py:188} INFO - [2026-04-28T19:07:30.388+0000] {dag.py:3954} INFO - Setting next_dagrun for example_short_circuit_operator to 2026-04-27 00:00:00+00:00, run_after=2026-04-28 00:00:00+00:00
[2026-04-28T19:07:30.432+0000] {processor.py:183} INFO - Processing /home/airflow/.local/lib/python3.12/site-packages/airflow/example_dags/example_short_circuit_operator.py took 0.150 seconds
[2026-04-28T19:08:00.841+0000] {processor.py:161} INFO - Started process (PID=381) to work on /home/airflow/.local/lib/python3.12/site-packages/airflow/example_dags/example_short_circuit_operator.py
[2026-04-28T19:08:00.842+0000] {processor.py:830} INFO - Processing file /home/airflow/.local/lib/python3.12/site-packages/airflow/example_dags/example_short_circuit_operator.py for tasks to queue
[2026-04-28T19:08:00.844+0000] {logging_mixin.py:188} INFO - [2026-04-28T19:08:00.844+0000] {dagbag.py:540} INFO - Filling up the DagBag from /home/airflow/.local/lib/python3.12/site-packages/airflow/example_dags/example_short_circuit_operator.py
[2026-04-28T19:08:00.852+0000] {processor.py:840} INFO - DAG(s) 'example_short_circuit_operator' retrieved from /home/airflow/.local/lib/python3.12/site-packages/airflow/example_dags/example_short_circuit_operator.py
[2026-04-28T19:08:00.879+0000] {logging_mixin.py:188} INFO - [2026-04-28T19:08:00.879+0000] {dag.py:3096} INFO - Sync 1 DAGs
[2026-04-28T19:08:00.904+0000] {logging_mixin.py:188} INFO - [2026-04-28T19:08:00.903+0000] {dag.py:3954} INFO - Setting next_dagrun for example_short_circuit_operator to 2026-04-27 00:00:00+00:00, run_after=2026-04-28 00:00:00+00:00
[2026-04-28T19:08:00.929+0000] {processor.py:183} INFO - Processing /home/airflow/.local/lib/python3.12/site-packages/airflow/example_dags/example_short_circuit_operator.py took 0.094 seconds
[2026-04-28T19:08:31.150+0000] {processor.py:161} INFO - Started process (PID=441) to work on /home/airflow/.local/lib/python3.12/site-packages/airflow/example_dags/example_short_circuit_operator.py
[2026-04-28T19:08:31.153+0000] {processor.py:830} INFO - Processing file /home/airflow/.local/lib/python3.12/site-packages/airflow/example_dags/example_short_circuit_operator.py for tasks to queue
[2026-04-28T19:08:31.163+0000] {logging_mixin.py:188} INFO - [2026-04-28T19:08:31.163+0000] {dagbag.py:540} INFO - Filling up the DagBag from /home/airflow/.local/lib/python3.12/site-packages/airflow/example_dags/example_short_circuit_operator.py
[2026-04-28T19:08:31.178+0000] {processor.py:840} INFO - DAG(s) 'example_short_circuit_operator' retrieved from /home/airflow/.local/lib/python3.12/site-packages/airflow/example_dags/example_short_circuit_operator.py
[2026-04-28T19:08:31.206+0000] {logging_mixin.py:188} INFO - [2026-04-28T19:08:31.205+0000] {dag.py:3096} INFO - Sync 1 DAGs
[2026-04-28T19:08:31.231+0000] {logging_mixin.py:188} INFO - [2026-04-28T19:08:31.231+0000] {dag.py:3954} INFO - Setting next_dagrun for example_short_circuit_operator to 2026-04-27 00:00:00+00:00, run_after=2026-04-28 00:00:00+00:00
[2026-04-28T19:08:31.249+0000] {processor.py:183} INFO - Processing /home/airflow/.local/lib/python3.12/site-packages/airflow/example_dags/example_short_circuit_operator.py took 0.109 seconds
[2026-04-28T19:09:02.543+0000] {processor.py:161} INFO - Started process (PID=501) to work on /home/airflow/.local/lib/python3.12/site-packages/airflow/example_dags/example_short_circuit_operator.py
[2026-04-28T19:09:02.546+0000] {processor.py:830} INFO - Processing file /home/airflow/.local/lib/python3.12/site-packages/airflow/example_dags/example_short_circuit_operator.py for tasks to queue
[2026-04-28T19:09:02.551+0000] {logging_mixin.py:188} INFO - [2026-04-28T19:09:02.551+0000] {dagbag.py:540} INFO - Filling up the DagBag from /home/airflow/.local/lib/python3.12/site-packages/airflow/example_dags/example_short_circuit_operator.py
[2026-04-28T19:09:02.575+0000] {processor.py:840} INFO - DAG(s) 'example_short_circuit_operator' retrieved from /home/airflow/.local/lib/python3.12/site-packages/airflow/example_dags/example_short_circuit_operator.py
[2026-04-28T19:09:02.676+0000] {logging_mixin.py:188} INFO - [2026-04-28T19:09:02.676+0000] {dag.py:3096} INFO - Sync 1 DAGs
[2026-04-28T19:09:02.766+0000] {logging_mixin.py:188} INFO - [2026-04-28T19:09:02.766+0000] {dag.py:3954} INFO - Setting next_dagrun for example_short_circuit_operator to 2026-04-27 00:00:00+00:00, run_after=2026-04-28 00:00:00+00:00
[2026-04-28T19:09:02.857+0000] {processor.py:183} INFO - Processing /home/airflow/.local/lib/python3.12/site-packages/airflow/example_dags/example_short_circuit_operator.py took 0.331 seconds
[2026-04-28T19:09:33.022+0000] {processor.py:161} INFO - Started process (PID=561) to work on /home/airflow/.local/lib/python3.12/site-packages/airflow/example_dags/example_short_circuit_operator.py
[2026-04-28T19:09:33.023+0000] {processor.py:830} INFO - Processing file /home/airflow/.local/lib/python3.12/site-packages/airflow/example_dags/example_short_circuit_operator.py for tasks to queue
[2026-04-28T19:09:33.025+0000] {logging_mixin.py:188} INFO - [2026-04-28T19:09:33.024+0000] {dagbag.py:540} INFO - Filling up the DagBag from /home/airflow/.local/lib/python3.12/site-packages/airflow/example_dags/example_short_circuit_operator.py
[2026-04-28T19:09:33.033+0000] {processor.py:840} INFO - DAG(s) 'example_short_circuit_operator' retrieved from /home/airflow/.local/lib/python3.12/site-packages/airflow/example_dags/example_short_circuit_operator.py
[2026-04-28T19:09:33.061+0000] {logging_mixin.py:188} INFO - [2026-04-28T19:09:33.061+0000] {dag.py:3096} INFO - Sync 1 DAGs
[2026-04-28T19:09:33.086+0000] {logging_mixin.py:188} INFO - [2026-04-28T19:09:33.086+0000] {dag.py:3954} INFO - Setting next_dagrun for example_short_circuit_operator to 2026-04-27 00:00:00+00:00, run_after=2026-04-28 00:00:00+00:00
[2026-04-28T19:09:33.105+0000] {processor.py:183} INFO - Processing /home/airflow/.local/lib/python3.12/site-packages/airflow/example_dags/example_short_circuit_operator.py took 0.090 seconds
[2026-04-28T19:10:04.245+0000] {processor.py:161} INFO - Started process (PID=621) to work on /home/airflow/.local/lib/python3.12/site-packages/airflow/example_dags/example_short_circuit_operator.py
[2026-04-28T19:10:04.246+0000] {processor.py:830} INFO - Processing file /home/airflow/.local/lib/python3.12/site-packages/airflow/example_dags/example_short_circuit_operator.py for tasks to queue
[2026-04-28T19:10:04.250+0000] {logging_mixin.py:188} INFO - [2026-04-28T19:10:04.249+0000] {dagbag.py:540} INFO - Filling up the DagBag from /home/airflow/.local/lib/python3.12/site-packages/airflow/example_dags/example_short_circuit_operator.py
[2026-04-28T19:10:04.261+0000] {processor.py:840} INFO - DAG(s) 'example_short_circuit_operator' retrieved from /home/airflow/.local/lib/python3.12/site-packages/airflow/example_dags/example_short_circuit_operator.py
[2026-04-28T19:10:04.322+0000] {logging_mixin.py:188} INFO - [2026-04-28T19:10:04.321+0000] {dag.py:3096} INFO - Sync 1 DAGs
[2026-04-28T19:10:04.369+0000] {logging_mixin.py:188} INFO - [2026-04-28T19:10:04.369+0000] {dag.py:3954} INFO - Setting next_dagrun for example_short_circuit_operator to 2026-04-27 00:00:00+00:00, run_after=2026-04-28 00:00:00+00:00
[2026-04-28T19:10:04.410+0000] {processor.py:183} INFO - Processing /home/airflow/.local/lib/python3.12/site-packages/airflow/example_dags/example_short_circuit_operator.py took 0.173 seconds
[2026-04-28T19:10:34.738+0000] {processor.py:161} INFO - Started process (PID=681) to work on /home/airflow/.local/lib/python3.12/site-packages/airflow/example_dags/example_short_circuit_operator.py
[2026-04-28T19:10:34.739+0000] {processor.py:830} INFO - Processing file /home/airflow/.local/lib/python3.12/site-packages/airflow/example_dags/example_short_circuit_operator.py for tasks to queue
[2026-04-28T19:10:34.741+0000] {logging_mixin.py:188} INFO - [2026-04-28T19:10:34.741+0000] {dagbag.py:540} INFO - Filling up the DagBag from /home/airflow/.local/lib/python3.12/site-packages/airflow/example_dags/example_short_circuit_operator.py
[2026-04-28T19:10:34.750+0000] {processor.py:840} INFO - DAG(s) 'example_short_circuit_operator' retrieved from /home/airflow/.local/lib/python3.12/site-packages/airflow/example_dags/example_short_circuit_operator.py
[2026-04-28T19:10:34.778+0000] {logging_mixin.py:188} INFO - [2026-04-28T19:10:34.778+0000] {dag.py:3096} INFO - Sync 1 DAGs
[2026-04-28T19:10:34.803+0000] {logging_mixin.py:188} INFO - [2026-04-28T19:10:34.803+0000] {dag.py:3954} INFO - Setting next_dagrun for example_short_circuit_operator to 2026-04-27 00:00:00+00:00, run_after=2026-04-28 00:00:00+00:00
[2026-04-28T19:10:34.821+0000] {processor.py:183} INFO - Processing /home/airflow/.local/lib/python3.12/site-packages/airflow/example_dags/example_short_circuit_operator.py took 0.090 seconds
[2026-04-28T19:11:05.076+0000] {processor.py:161} INFO - Started process (PID=741) to work on /home/airflow/.local/lib/python3.12/site-packages/airflow/example_dags/example_short_circuit_operator.py
[2026-04-28T19:11:05.077+0000] {processor.py:830} INFO - Processing file /home/airflow/.local/lib/python3.12/site-packages/airflow/example_dags/example_short_circuit_operator.py for tasks to queue
[2026-04-28T19:11:05.079+0000] {logging_mixin.py:188} INFO - [2026-04-28T19:11:05.078+0000] {dagbag.py:540} INFO - Filling up the DagBag from /home/airflow/.local/lib/python3.12/site-packages/airflow/example_dags/example_short_circuit_operator.py
[2026-04-28T19:11:05.087+0000] {processor.py:840} INFO - DAG(s) 'example_short_circuit_operator' retrieved from /home/airflow/.local/lib/python3.12/site-packages/airflow/example_dags/example_short_circuit_operator.py
[2026-04-28T19:11:05.115+0000] {logging_mixin.py:188} INFO - [2026-04-28T19:11:05.115+0000] {dag.py:3096} INFO - Sync 1 DAGs
[2026-04-28T19:11:05.140+0000] {logging_mixin.py:188} INFO - [2026-04-28T19:11:05.139+0000] {dag.py:3954} INFO - Setting next_dagrun for example_short_circuit_operator to 2026-04-27 00:00:00+00:00, run_after=2026-04-28 00:00:00+00:00
[2026-04-28T19:11:05.163+0000] {processor.py:183} INFO - Processing /home/airflow/.local/lib/python3.12/site-packages/airflow/example_dags/example_short_circuit_operator.py took 0.094 seconds
[2026-04-28T19:11:36.238+0000] {processor.py:161} INFO - Started process (PID=801) to work on /home/airflow/.local/lib/python3.12/site-packages/airflow/example_dags/example_short_circuit_operator.py
[2026-04-28T19:11:36.239+0000] {processor.py:830} INFO - Processing file /home/airflow/.local/lib/python3.12/site-packages/airflow/example_dags/example_short_circuit_operator.py for tasks to queue
[2026-04-28T19:11:36.242+0000] {logging_mixin.py:188} INFO - [2026-04-28T19:11:36.242+0000] {dagbag.py:540} INFO - Filling up the DagBag from /home/airflow/.local/lib/python3.12/site-packages/airflow/example_dags/example_short_circuit_operator.py
[2026-04-28T19:11:36.251+0000] {processor.py:840} INFO - DAG(s) 'example_short_circuit_operator' retrieved from /home/airflow/.local/lib/python3.12/site-packages/airflow/example_dags/example_short_circuit_operator.py
[2026-04-28T19:11:36.278+0000] {logging_mixin.py:188} INFO - [2026-04-28T19:11:36.278+0000] {dag.py:3096} INFO - Sync 1 DAGs
[2026-04-28T19:11:36.296+0000] {logging_mixin.py:188} INFO - [2026-04-28T19:11:36.296+0000] {dag.py:3954} INFO - Setting next_dagrun for example_short_circuit_operator to 2026-04-27 00:00:00+00:00, run_after=2026-04-28 00:00:00+00:00
[2026-04-28T19:11:36.311+0000] {processor.py:183} INFO - Processing /home/airflow/.local/lib/python3.12/site-packages/airflow/example_dags/example_short_circuit_operator.py took 0.081 seconds
[2026-04-28T19:12:06.560+0000] {processor.py:161} INFO - Started process (PID=861) to work on /home/airflow/.local/lib/python3.12/site-packages/airflow/example_dags/example_short_circuit_operator.py
[2026-04-28T19:12:06.562+0000] {processor.py:830} INFO - Processing file /home/airflow/.local/lib/python3.12/site-packages/airflow/example_dags/example_short_circuit_operator.py for tasks to queue
[2026-04-28T19:12:06.564+0000] {logging_mixin.py:188} INFO - [2026-04-28T19:12:06.564+0000] {dagbag.py:540} INFO - Filling up the DagBag from /home/airflow/.local/lib/python3.12/site-packages/airflow/example_dags/example_short_circuit_operator.py
[2026-04-28T19:12:06.576+0000] {processor.py:840} INFO - DAG(s) 'example_short_circuit_operator' retrieved from /home/airflow/.local/lib/python3.12/site-packages/airflow/example_dags/example_short_circuit_operator.py
[2026-04-28T19:12:06.603+0000] {logging_mixin.py:188} INFO - [2026-04-28T19:12:06.603+0000] {dag.py:3096} INFO - Sync 1 DAGs
[2026-04-28T19:12:06.628+0000] {logging_mixin.py:188} INFO - [2026-04-28T19:12:06.627+0000] {dag.py:3954} INFO - Setting next_dagrun for example_short_circuit_operator to 2026-04-27 00:00:00+00:00, run_after=2026-04-28 00:00:00+00:00
[2026-04-28T19:12:06.646+0000] {processor.py:183} INFO - Processing /home/airflow/.local/lib/python3.12/site-packages/airflow/example_dags/example_short_circuit_operator.py took 0.092 seconds
[2026-04-28T19:12:36.791+0000] {processor.py:161} INFO - Started process (PID=920) to work on /home/airflow/.local/lib/python3.12/site-packages/airflow/example_dags/example_short_circuit_operator.py
[2026-04-28T19:12:36.792+0000] {processor.py:830} INFO - Processing file /home/airflow/.local/lib/python3.12/site-packages/airflow/example_dags/example_short_circuit_operator.py for tasks to queue
[2026-04-28T19:12:36.795+0000] {logging_mixin.py:188} INFO - [2026-04-28T19:12:36.794+0000] {dagbag.py:540} INFO - Filling up the DagBag from /home/airflow/.local/lib/python3.12/site-packages/airflow/example_dags/example_short_circuit_operator.py
[2026-04-28T19:12:36.803+0000] {processor.py:840} INFO - DAG(s) 'example_short_circuit_operator' retrieved from /home/airflow/.local/lib/python3.12/site-packages/airflow/example_dags/example_short_circuit_operator.py
[2026-04-28T19:12:36.831+0000] {logging_mixin.py:188} INFO - [2026-04-28T19:12:36.831+0000] {dag.py:3096} INFO - Sync 1 DAGs
[2026-04-28T19:12:36.856+0000] {logging_mixin.py:188} INFO - [2026-04-28T19:12:36.855+0000] {dag.py:3954} INFO - Setting next_dagrun for example_short_circuit_operator to 2026-04-27 00:00:00+00:00, run_after=2026-04-28 00:00:00+00:00
[2026-04-28T19:12:36.875+0000] {processor.py:183} INFO - Processing /home/airflow/.local/lib/python3.12/site-packages/airflow/example_dags/example_short_circuit_operator.py took 0.090 seconds
[2026-04-28T19:13:08.393+0000] {processor.py:161} INFO - Started process (PID=981) to work on /home/airflow/.local/lib/python3.12/site-packages/airflow/example_dags/example_short_circuit_operator.py
[2026-04-28T19:13:08.398+0000] {processor.py:830} INFO - Processing file /home/airflow/.local/lib/python3.12/site-packages/airflow/example_dags/example_short_circuit_operator.py for tasks to queue
[2026-04-28T19:13:08.415+0000] {logging_mixin.py:188} INFO - [2026-04-28T19:13:08.414+0000] {dagbag.py:540} INFO - Filling up the DagBag from /home/airflow/.local/lib/python3.12/site-packages/airflow/example_dags/example_short_circuit_operator.py
[2026-04-28T19:13:08.467+0000] {processor.py:840} INFO - DAG(s) 'example_short_circuit_operator' retrieved from /home/airflow/.local/lib/python3.12/site-packages/airflow/example_dags/example_short_circuit_operator.py
[2026-04-28T19:13:08.573+0000] {logging_mixin.py:188} INFO - [2026-04-28T19:13:08.573+0000] {dag.py:3096} INFO - Sync 1 DAGs
[2026-04-28T19:13:08.658+0000] {logging_mixin.py:188} INFO - [2026-04-28T19:13:08.658+0000] {dag.py:3954} INFO - Setting next_dagrun for example_short_circuit_operator to 2026-04-27 00:00:00+00:00, run_after=2026-04-28 00:00:00+00:00
[2026-04-28T19:13:08.750+0000] {processor.py:183} INFO - Processing /home/airflow/.local/lib/python3.12/site-packages/airflow/example_dags/example_short_circuit_operator.py took 0.381 seconds
[2026-04-28T19:38:32.657+0000] {processor.py:161} INFO - Started process (PID=185) to work on /home/airflow/.local/lib/python3.12/site-packages/airflow/example_dags/example_short_circuit_operator.py
[2026-04-28T19:38:32.668+0000] {processor.py:830} INFO - Processing file /home/airflow/.local/lib/python3.12/site-packages/airflow/example_dags/example_short_circuit_operator.py for tasks to queue
[2026-04-28T19:38:32.674+0000] {logging_mixin.py:188} INFO - [2026-04-28T19:38:32.674+0000] {dagbag.py:540} INFO - Filling up the DagBag from /home/airflow/.local/lib/python3.12/site-packages/airflow/example_dags/example_short_circuit_operator.py
[2026-04-28T19:38:32.700+0000] {processor.py:840} INFO - DAG(s) 'example_short_circuit_operator' retrieved from /home/airflow/.local/lib/python3.12/site-packages/airflow/example_dags/example_short_circuit_operator.py
[2026-04-28T19:38:33.524+0000] {logging_mixin.py:188} INFO - [2026-04-28T19:38:33.523+0000] {dag.py:3096} INFO - Sync 1 DAGs
[2026-04-28T19:38:33.663+0000] {logging_mixin.py:188} INFO - [2026-04-28T19:38:33.663+0000] {dag.py:3954} INFO - Setting next_dagrun for example_short_circuit_operator to 2026-04-27 00:00:00+00:00, run_after=2026-04-28 00:00:00+00:00
[2026-04-28T19:38:33.764+0000] {processor.py:183} INFO - Processing /home/airflow/.local/lib/python3.12/site-packages/airflow/example_dags/example_short_circuit_operator.py took 1.140 seconds
[2026-04-28T19:39:14.646+0000] {processor.py:161} INFO - Started process (PID=245) to work on /home/airflow/.local/lib/python3.12/site-packages/airflow/example_dags/example_short_circuit_operator.py
[2026-04-28T19:39:14.654+0000] {processor.py:830} INFO - Processing file /home/airflow/.local/lib/python3.12/site-packages/airflow/example_dags/example_short_circuit_operator.py for tasks to queue
[2026-04-28T19:39:14.666+0000] {logging_mixin.py:188} INFO - [2026-04-28T19:39:14.661+0000] {dagbag.py:540} INFO - Filling up the DagBag from /home/airflow/.local/lib/python3.12/site-packages/airflow/example_dags/example_short_circuit_operator.py
[2026-04-28T19:39:14.717+0000] {processor.py:840} INFO - DAG(s) 'example_short_circuit_operator' retrieved from /home/airflow/.local/lib/python3.12/site-packages/airflow/example_dags/example_short_circuit_operator.py
[2026-04-28T19:39:14.873+0000] {logging_mixin.py:188} INFO - [2026-04-28T19:39:14.869+0000] {dag.py:3096} INFO - Sync 1 DAGs
[2026-04-28T19:39:15.000+0000] {logging_mixin.py:188} INFO - [2026-04-28T19:39:15.000+0000] {dag.py:3954} INFO - Setting next_dagrun for example_short_circuit_operator to 2026-04-27 00:00:00+00:00, run_after=2026-04-28 00:00:00+00:00
[2026-04-28T19:39:15.086+0000] {processor.py:183} INFO - Processing /home/airflow/.local/lib/python3.12/site-packages/airflow/example_dags/example_short_circuit_operator.py took 0.496 seconds
[2026-04-28T19:39:46.566+0000] {processor.py:161} INFO - Started process (PID=305) to work on /home/airflow/.local/lib/python3.12/site-packages/airflow/example_dags/example_short_circuit_operator.py
[2026-04-28T19:39:46.575+0000] {processor.py:830} INFO - Processing file /home/airflow/.local/lib/python3.12/site-packages/airflow/example_dags/example_short_circuit_operator.py for tasks to queue
[2026-04-28T19:39:46.580+0000] {logging_mixin.py:188} INFO - [2026-04-28T19:39:46.576+0000] {dagbag.py:540} INFO - Filling up the DagBag from /home/airflow/.local/lib/python3.12/site-packages/airflow/example_dags/example_short_circuit_operator.py
[2026-04-28T19:39:46.600+0000] {processor.py:840} INFO - DAG(s) 'example_short_circuit_operator' retrieved from /home/airflow/.local/lib/python3.12/site-packages/airflow/example_dags/example_short_circuit_operator.py
[2026-04-28T19:39:46.679+0000] {logging_mixin.py:188} INFO - [2026-04-28T19:39:46.679+0000] {dag.py:3096} INFO - Sync 1 DAGs
[2026-04-28T19:39:46.759+0000] {logging_mixin.py:188} INFO - [2026-04-28T19:39:46.759+0000] {dag.py:3954} INFO - Setting next_dagrun for example_short_circuit_operator to 2026-04-27 00:00:00+00:00, run_after=2026-04-28 00:00:00+00:00
[2026-04-28T19:39:46.820+0000] {processor.py:183} INFO - Processing /home/airflow/.local/lib/python3.12/site-packages/airflow/example_dags/example_short_circuit_operator.py took 0.271 seconds
[2026-04-28T19:40:18.117+0000] {processor.py:161} INFO - Started process (PID=364) to work on /home/airflow/.local/lib/python3.12/site-packages/airflow/example_dags/example_short_circuit_operator.py
[2026-04-28T19:40:18.124+0000] {processor.py:830} INFO - Processing file /home/airflow/.local/lib/python3.12/site-packages/airflow/example_dags/example_short_circuit_operator.py for tasks to queue
[2026-04-28T19:40:18.135+0000] {logging_mixin.py:188} INFO - [2026-04-28T19:40:18.135+0000] {dagbag.py:540} INFO - Filling up the DagBag from /home/airflow/.local/lib/python3.12/site-packages/airflow/example_dags/example_short_circuit_operator.py
[2026-04-28T19:40:18.164+0000] {processor.py:840} INFO - DAG(s) 'example_short_circuit_operator' retrieved from /home/airflow/.local/lib/python3.12/site-packages/airflow/example_dags/example_short_circuit_operator.py
[2026-04-28T19:40:18.290+0000] {logging_mixin.py:188} INFO - [2026-04-28T19:40:18.288+0000] {dag.py:3096} INFO - Sync 1 DAGs
[2026-04-28T19:40:18.404+0000] {logging_mixin.py:188} INFO - [2026-04-28T19:40:18.404+0000] {dag.py:3954} INFO - Setting next_dagrun for example_short_circuit_operator to 2026-04-27 00:00:00+00:00, run_after=2026-04-28 00:00:00+00:00
[2026-04-28T19:40:18.540+0000] {processor.py:183} INFO - Processing /home/airflow/.local/lib/python3.12/site-packages/airflow/example_dags/example_short_circuit_operator.py took 0.447 seconds
[2026-04-28T19:40:50.321+0000] {processor.py:161} INFO - Started process (PID=423) to work on /home/airflow/.local/lib/python3.12/site-packages/airflow/example_dags/example_short_circuit_operator.py
[2026-04-28T19:40:50.327+0000] {processor.py:830} INFO - Processing file /home/airflow/.local/lib/python3.12/site-packages/airflow/example_dags/example_short_circuit_operator.py for tasks to queue
[2026-04-28T19:40:50.333+0000] {logging_mixin.py:188} INFO - [2026-04-28T19:40:50.333+0000] {dagbag.py:540} INFO - Filling up the DagBag from /home/airflow/.local/lib/python3.12/site-packages/airflow/example_dags/example_short_circuit_operator.py
[2026-04-28T19:40:50.354+0000] {processor.py:840} INFO - DAG(s) 'example_short_circuit_operator' retrieved from /home/airflow/.local/lib/python3.12/site-packages/airflow/example_dags/example_short_circuit_operator.py
[2026-04-28T19:40:50.431+0000] {logging_mixin.py:188} INFO - [2026-04-28T19:40:50.431+0000] {dag.py:3096} INFO - Sync 1 DAGs
[2026-04-28T19:40:50.505+0000] {logging_mixin.py:188} INFO - [2026-04-28T19:40:50.505+0000] {dag.py:3954} INFO - Setting next_dagrun for example_short_circuit_operator to 2026-04-27 00:00:00+00:00, run_after=2026-04-28 00:00:00+00:00
[2026-04-28T19:40:50.580+0000] {processor.py:183} INFO - Processing /home/airflow/.local/lib/python3.12/site-packages/airflow/example_dags/example_short_circuit_operator.py took 0.266 seconds
[2026-04-28T19:41:21.638+0000] {processor.py:161} INFO - Started process (PID=482) to work on /home/airflow/.local/lib/python3.12/site-packages/airflow/example_dags/example_short_circuit_operator.py
[2026-04-28T19:41:21.640+0000] {processor.py:830} INFO - Processing file /home/airflow/.local/lib/python3.12/site-packages/airflow/example_dags/example_short_circuit_operator.py for tasks to queue
[2026-04-28T19:41:21.644+0000] {logging_mixin.py:188} INFO - [2026-04-28T19:41:21.644+0000] {dagbag.py:540} INFO - Filling up the DagBag from /home/airflow/.local/lib/python3.12/site-packages/airflow/example_dags/example_short_circuit_operator.py
[2026-04-28T19:41:21.654+0000] {processor.py:840} INFO - DAG(s) 'example_short_circuit_operator' retrieved from /home/airflow/.local/lib/python3.12/site-packages/airflow/example_dags/example_short_circuit_operator.py
[2026-04-28T19:41:21.772+0000] {logging_mixin.py:188} INFO - [2026-04-28T19:41:21.772+0000] {dag.py:3096} INFO - Sync 1 DAGs
[2026-04-28T19:41:21.845+0000] {logging_mixin.py:188} INFO - [2026-04-28T19:41:21.845+0000] {dag.py:3954} INFO - Setting next_dagrun for example_short_circuit_operator to 2026-04-27 00:00:00+00:00, run_after=2026-04-28 00:00:00+00:00
[2026-04-28T19:41:21.932+0000] {processor.py:183} INFO - Processing /home/airflow/.local/lib/python3.12/site-packages/airflow/example_dags/example_short_circuit_operator.py took 0.307 seconds
[2026-04-28T19:41:52.864+0000] {processor.py:161} INFO - Started process (PID=542) to work on /home/airflow/.local/lib/python3.12/site-packages/airflow/example_dags/example_short_circuit_operator.py
[2026-04-28T19:41:52.864+0000] {processor.py:830} INFO - Processing file /home/airflow/.local/lib/python3.12/site-packages/airflow/example_dags/example_short_circuit_operator.py for tasks to queue
[2026-04-28T19:41:52.866+0000] {logging_mixin.py:188} INFO - [2026-04-28T19:41:52.866+0000] {dagbag.py:540} INFO - Filling up the DagBag from /home/airflow/.local/lib/python3.12/site-packages/airflow/example_dags/example_short_circuit_operator.py
[2026-04-28T19:41:52.875+0000] {processor.py:840} INFO - DAG(s) 'example_short_circuit_operator' retrieved from /home/airflow/.local/lib/python3.12/site-packages/airflow/example_dags/example_short_circuit_operator.py
[2026-04-28T19:41:52.894+0000] {logging_mixin.py:188} INFO - [2026-04-28T19:41:52.894+0000] {dag.py:3096} INFO - Sync 1 DAGs
[2026-04-28T19:41:52.912+0000] {logging_mixin.py:188} INFO - [2026-04-28T19:41:52.912+0000] {dag.py:3954} INFO - Setting next_dagrun for example_short_circuit_operator to 2026-04-27 00:00:00+00:00, run_after=2026-04-28 00:00:00+00:00
[2026-04-28T19:41:52.927+0000] {processor.py:183} INFO - Processing /home/airflow/.local/lib/python3.12/site-packages/airflow/example_dags/example_short_circuit_operator.py took 0.070 seconds
[2026-04-28T19:42:23.562+0000] {processor.py:161} INFO - Started process (PID=602) to work on /home/airflow/.local/lib/python3.12/site-packages/airflow/example_dags/example_short_circuit_operator.py
[2026-04-28T19:42:23.564+0000] {processor.py:830} INFO - Processing file /home/airflow/.local/lib/python3.12/site-packages/airflow/example_dags/example_short_circuit_operator.py for tasks to queue
[2026-04-28T19:42:23.566+0000] {logging_mixin.py:188} INFO - [2026-04-28T19:42:23.565+0000] {dagbag.py:540} INFO - Filling up the DagBag from /home/airflow/.local/lib/python3.12/site-packages/airflow/example_dags/example_short_circuit_operator.py
[2026-04-28T19:42:23.576+0000] {processor.py:840} INFO - DAG(s) 'example_short_circuit_operator' retrieved from /home/airflow/.local/lib/python3.12/site-packages/airflow/example_dags/example_short_circuit_operator.py
[2026-04-28T19:42:23.628+0000] {logging_mixin.py:188} INFO - [2026-04-28T19:42:23.628+0000] {dag.py:3096} INFO - Sync 1 DAGs
[2026-04-28T19:42:23.693+0000] {logging_mixin.py:188} INFO - [2026-04-28T19:42:23.692+0000] {dag.py:3954} INFO - Setting next_dagrun for example_short_circuit_operator to 2026-04-27 00:00:00+00:00, run_after=2026-04-28 00:00:00+00:00
[2026-04-28T19:42:23.733+0000] {processor.py:183} INFO - Processing /home/airflow/.local/lib/python3.12/site-packages/airflow/example_dags/example_short_circuit_operator.py took 0.179 seconds
[2026-04-28T19:42:54.232+0000] {processor.py:161} INFO - Started process (PID=661) to work on /home/airflow/.local/lib/python3.12/site-packages/airflow/example_dags/example_short_circuit_operator.py
[2026-04-28T19:42:54.233+0000] {processor.py:830} INFO - Processing file /home/airflow/.local/lib/python3.12/site-packages/airflow/example_dags/example_short_circuit_operator.py for tasks to queue
[2026-04-28T19:42:54.235+0000] {logging_mixin.py:188} INFO - [2026-04-28T19:42:54.235+0000] {dagbag.py:540} INFO - Filling up the DagBag from /home/airflow/.local/lib/python3.12/site-packages/airflow/example_dags/example_short_circuit_operator.py
[2026-04-28T19:42:54.247+0000] {processor.py:840} INFO - DAG(s) 'example_short_circuit_operator' retrieved from /home/airflow/.local/lib/python3.12/site-packages/airflow/example_dags/example_short_circuit_operator.py
[2026-04-28T19:42:54.270+0000] {logging_mixin.py:188} INFO - [2026-04-28T19:42:54.269+0000] {dag.py:3096} INFO - Sync 1 DAGs
[2026-04-28T19:42:54.287+0000] {logging_mixin.py:188} INFO - [2026-04-28T19:42:54.287+0000] {dag.py:3954} INFO - Setting next_dagrun for example_short_circuit_operator to 2026-04-27 00:00:00+00:00, run_after=2026-04-28 00:00:00+00:00
[2026-04-28T19:42:54.302+0000] {processor.py:183} INFO - Processing /home/airflow/.local/lib/python3.12/site-packages/airflow/example_dags/example_short_circuit_operator.py took 0.077 seconds
[2026-04-28T19:43:24.780+0000] {processor.py:161} INFO - Started process (PID=721) to work on /home/airflow/.local/lib/python3.12/site-packages/airflow/example_dags/example_short_circuit_operator.py
[2026-04-28T19:43:24.781+0000] {processor.py:830} INFO - Processing file /home/airflow/.local/lib/python3.12/site-packages/airflow/example_dags/example_short_circuit_operator.py for tasks to queue
[2026-04-28T19:43:24.783+0000] {logging_mixin.py:188} INFO - [2026-04-28T19:43:24.783+0000] {dagbag.py:540} INFO - Filling up the DagBag from /home/airflow/.local/lib/python3.12/site-packages/airflow/example_dags/example_short_circuit_operator.py
[2026-04-28T19:43:24.794+0000] {processor.py:840} INFO - DAG(s) 'example_short_circuit_operator' retrieved from /home/airflow/.local/lib/python3.12/site-packages/airflow/example_dags/example_short_circuit_operator.py
[2026-04-28T19:43:24.816+0000] {logging_mixin.py:188} INFO - [2026-04-28T19:43:24.815+0000] {dag.py:3096} INFO - Sync 1 DAGs
[2026-04-28T19:43:24.834+0000] {logging_mixin.py:188} INFO - [2026-04-28T19:43:24.834+0000] {dag.py:3954} INFO - Setting next_dagrun for example_short_circuit_operator to 2026-04-27 00:00:00+00:00, run_after=2026-04-28 00:00:00+00:00
[2026-04-28T19:43:24.849+0000] {processor.py:183} INFO - Processing /home/airflow/.local/lib/python3.12/site-packages/airflow/example_dags/example_short_circuit_operator.py took 0.079 seconds
[2026-04-28T19:43:55.030+0000] {processor.py:161} INFO - Started process (PID=781) to work on /home/airflow/.local/lib/python3.12/site-packages/airflow/example_dags/example_short_circuit_operator.py
[2026-04-28T19:43:55.031+0000] {processor.py:830} INFO - Processing file /home/airflow/.local/lib/python3.12/site-packages/airflow/example_dags/example_short_circuit_operator.py for tasks to queue
[2026-04-28T19:43:55.032+0000] {logging_mixin.py:188} INFO - [2026-04-28T19:43:55.032+0000] {dagbag.py:540} INFO - Filling up the DagBag from /home/airflow/.local/lib/python3.12/site-packages/airflow/example_dags/example_short_circuit_operator.py
[2026-04-28T19:43:55.039+0000] {processor.py:840} INFO - DAG(s) 'example_short_circuit_operator' retrieved from /home/airflow/.local/lib/python3.12/site-packages/airflow/example_dags/example_short_circuit_operator.py
[2026-04-28T19:43:55.059+0000] {logging_mixin.py:188} INFO - [2026-04-28T19:43:55.059+0000] {dag.py:3096} INFO - Sync 1 DAGs
[2026-04-28T19:43:55.077+0000] {logging_mixin.py:188} INFO - [2026-04-28T19:43:55.077+0000] {dag.py:3954} INFO - Setting next_dagrun for example_short_circuit_operator to 2026-04-27 00:00:00+00:00, run_after=2026-04-28 00:00:00+00:00
[2026-04-28T19:43:55.093+0000] {processor.py:183} INFO - Processing /home/airflow/.local/lib/python3.12/site-packages/airflow/example_dags/example_short_circuit_operator.py took 0.068 seconds
[2026-04-28T19:44:25.729+0000] {processor.py:161} INFO - Started process (PID=841) to work on /home/airflow/.local/lib/python3.12/site-packages/airflow/example_dags/example_short_circuit_operator.py
[2026-04-28T19:44:25.730+0000] {processor.py:830} INFO - Processing file /home/airflow/.local/lib/python3.12/site-packages/airflow/example_dags/example_short_circuit_operator.py for tasks to queue
[2026-04-28T19:44:25.732+0000] {logging_mixin.py:188} INFO - [2026-04-28T19:44:25.732+0000] {dagbag.py:540} INFO - Filling up the DagBag from /home/airflow/.local/lib/python3.12/site-packages/airflow/example_dags/example_short_circuit_operator.py
[2026-04-28T19:44:25.738+0000] {processor.py:840} INFO - DAG(s) 'example_short_circuit_operator' retrieved from /home/airflow/.local/lib/python3.12/site-packages/airflow/example_dags/example_short_circuit_operator.py
[2026-04-28T19:44:25.758+0000] {logging_mixin.py:188} INFO - [2026-04-28T19:44:25.758+0000] {dag.py:3096} INFO - Sync 1 DAGs
[2026-04-28T19:44:25.776+0000] {logging_mixin.py:188} INFO - [2026-04-28T19:44:25.776+0000] {dag.py:3954} INFO - Setting next_dagrun for example_short_circuit_operator to 2026-04-27 00:00:00+00:00, run_after=2026-04-28 00:00:00+00:00
[2026-04-28T19:44:25.791+0000] {processor.py:183} INFO - Processing /home/airflow/.local/lib/python3.12/site-packages/airflow/example_dags/example_short_circuit_operator.py took 0.069 seconds
[2026-04-28T19:54:33.039+0000] {processor.py:161} INFO - Started process (PID=185) to work on /home/airflow/.local/lib/python3.12/site-packages/airflow/example_dags/example_short_circuit_operator.py
[2026-04-28T19:54:33.050+0000] {processor.py:830} INFO - Processing file /home/airflow/.local/lib/python3.12/site-packages/airflow/example_dags/example_short_circuit_operator.py for tasks to queue
[2026-04-28T19:54:33.062+0000] {logging_mixin.py:188} INFO - [2026-04-28T19:54:33.062+0000] {dagbag.py:540} INFO - Filling up the DagBag from /home/airflow/.local/lib/python3.12/site-packages/airflow/example_dags/example_short_circuit_operator.py
[2026-04-28T19:54:33.110+0000] {processor.py:840} INFO - DAG(s) 'example_short_circuit_operator' retrieved from /home/airflow/.local/lib/python3.12/site-packages/airflow/example_dags/example_short_circuit_operator.py
[2026-04-28T19:54:33.766+0000] {logging_mixin.py:188} INFO - [2026-04-28T19:54:33.765+0000] {dag.py:3096} INFO - Sync 1 DAGs
[2026-04-28T19:54:33.862+0000] {logging_mixin.py:188} INFO - [2026-04-28T19:54:33.862+0000] {dag.py:3954} INFO - Setting next_dagrun for example_short_circuit_operator to 2026-04-27 00:00:00+00:00, run_after=2026-04-28 00:00:00+00:00
[2026-04-28T19:54:33.950+0000] {processor.py:183} INFO - Processing /home/airflow/.local/lib/python3.12/site-packages/airflow/example_dags/example_short_circuit_operator.py took 0.935 seconds
[2026-04-28T19:55:16.208+0000] {processor.py:161} INFO - Started process (PID=251) to work on /home/airflow/.local/lib/python3.12/site-packages/airflow/example_dags/example_short_circuit_operator.py
[2026-04-28T19:55:16.227+0000] {processor.py:830} INFO - Processing file /home/airflow/.local/lib/python3.12/site-packages/airflow/example_dags/example_short_circuit_operator.py for tasks to queue
[2026-04-28T19:55:16.233+0000] {logging_mixin.py:188} INFO - [2026-04-28T19:55:16.232+0000] {dagbag.py:540} INFO - Filling up the DagBag from /home/airflow/.local/lib/python3.12/site-packages/airflow/example_dags/example_short_circuit_operator.py
[2026-04-28T19:55:16.259+0000] {processor.py:840} INFO - DAG(s) 'example_short_circuit_operator' retrieved from /home/airflow/.local/lib/python3.12/site-packages/airflow/example_dags/example_short_circuit_operator.py
[2026-04-28T19:55:16.427+0000] {logging_mixin.py:188} INFO - [2026-04-28T19:55:16.427+0000] {dag.py:3096} INFO - Sync 1 DAGs
[2026-04-28T19:55:16.557+0000] {logging_mixin.py:188} INFO - [2026-04-28T19:55:16.557+0000] {dag.py:3954} INFO - Setting next_dagrun for example_short_circuit_operator to 2026-04-27 00:00:00+00:00, run_after=2026-04-28 00:00:00+00:00
[2026-04-28T19:55:16.651+0000] {processor.py:183} INFO - Processing /home/airflow/.local/lib/python3.12/site-packages/airflow/example_dags/example_short_circuit_operator.py took 0.452 seconds
[2026-04-28T19:55:47.245+0000] {processor.py:161} INFO - Started process (PID=309) to work on /home/airflow/.local/lib/python3.12/site-packages/airflow/example_dags/example_short_circuit_operator.py
[2026-04-28T19:55:47.246+0000] {processor.py:830} INFO - Processing file /home/airflow/.local/lib/python3.12/site-packages/airflow/example_dags/example_short_circuit_operator.py for tasks to queue
[2026-04-28T19:55:47.249+0000] {logging_mixin.py:188} INFO - [2026-04-28T19:55:47.248+0000] {dagbag.py:540} INFO - Filling up the DagBag from /home/airflow/.local/lib/python3.12/site-packages/airflow/example_dags/example_short_circuit_operator.py
[2026-04-28T19:55:47.258+0000] {processor.py:840} INFO - DAG(s) 'example_short_circuit_operator' retrieved from /home/airflow/.local/lib/python3.12/site-packages/airflow/example_dags/example_short_circuit_operator.py
[2026-04-28T19:55:47.288+0000] {logging_mixin.py:188} INFO - [2026-04-28T19:55:47.287+0000] {dag.py:3096} INFO - Sync 1 DAGs
[2026-04-28T19:55:47.314+0000] {logging_mixin.py:188} INFO - [2026-04-28T19:55:47.313+0000] {dag.py:3954} INFO - Setting next_dagrun for example_short_circuit_operator to 2026-04-27 00:00:00+00:00, run_after=2026-04-28 00:00:00+00:00
[2026-04-28T19:55:47.336+0000] {processor.py:183} INFO - Processing /home/airflow/.local/lib/python3.12/site-packages/airflow/example_dags/example_short_circuit_operator.py took 0.098 seconds
[2026-04-28T19:56:17.855+0000] {processor.py:161} INFO - Started process (PID=369) to work on /home/airflow/.local/lib/python3.12/site-packages/airflow/example_dags/example_short_circuit_operator.py
[2026-04-28T19:56:17.857+0000] {processor.py:830} INFO - Processing file /home/airflow/.local/lib/python3.12/site-packages/airflow/example_dags/example_short_circuit_operator.py for tasks to queue
[2026-04-28T19:56:17.859+0000] {logging_mixin.py:188} INFO - [2026-04-28T19:56:17.858+0000] {dagbag.py:540} INFO - Filling up the DagBag from /home/airflow/.local/lib/python3.12/site-packages/airflow/example_dags/example_short_circuit_operator.py
[2026-04-28T19:56:17.868+0000] {processor.py:840} INFO - DAG(s) 'example_short_circuit_operator' retrieved from /home/airflow/.local/lib/python3.12/site-packages/airflow/example_dags/example_short_circuit_operator.py
[2026-04-28T19:56:17.911+0000] {logging_mixin.py:188} INFO - [2026-04-28T19:56:17.910+0000] {dag.py:3096} INFO - Sync 1 DAGs
[2026-04-28T19:56:17.938+0000] {logging_mixin.py:188} INFO - [2026-04-28T19:56:17.938+0000] {dag.py:3954} INFO - Setting next_dagrun for example_short_circuit_operator to 2026-04-27 00:00:00+00:00, run_after=2026-04-28 00:00:00+00:00
[2026-04-28T19:56:17.977+0000] {processor.py:183} INFO - Processing /home/airflow/.local/lib/python3.12/site-packages/airflow/example_dags/example_short_circuit_operator.py took 0.128 seconds
[2026-04-28T19:56:48.584+0000] {processor.py:161} INFO - Started process (PID=429) to work on /home/airflow/.local/lib/python3.12/site-packages/airflow/example_dags/example_short_circuit_operator.py
[2026-04-28T19:56:48.585+0000] {processor.py:830} INFO - Processing file /home/airflow/.local/lib/python3.12/site-packages/airflow/example_dags/example_short_circuit_operator.py for tasks to queue
[2026-04-28T19:56:48.588+0000] {logging_mixin.py:188} INFO - [2026-04-28T19:56:48.587+0000] {dagbag.py:540} INFO - Filling up the DagBag from /home/airflow/.local/lib/python3.12/site-packages/airflow/example_dags/example_short_circuit_operator.py
[2026-04-28T19:56:48.596+0000] {processor.py:840} INFO - DAG(s) 'example_short_circuit_operator' retrieved from /home/airflow/.local/lib/python3.12/site-packages/airflow/example_dags/example_short_circuit_operator.py
[2026-04-28T19:56:48.628+0000] {logging_mixin.py:188} INFO - [2026-04-28T19:56:48.628+0000] {dag.py:3096} INFO - Sync 1 DAGs
[2026-04-28T19:56:48.653+0000] {logging_mixin.py:188} INFO - [2026-04-28T19:56:48.653+0000] {dag.py:3954} INFO - Setting next_dagrun for example_short_circuit_operator to 2026-04-27 00:00:00+00:00, run_after=2026-04-28 00:00:00+00:00
[2026-04-28T19:56:48.675+0000] {processor.py:183} INFO - Processing /home/airflow/.local/lib/python3.12/site-packages/airflow/example_dags/example_short_circuit_operator.py took 0.098 seconds
[2026-04-28T19:57:18.842+0000] {processor.py:161} INFO - Started process (PID=488) to work on /home/airflow/.local/lib/python3.12/site-packages/airflow/example_dags/example_short_circuit_operator.py
[2026-04-28T19:57:18.846+0000] {processor.py:830} INFO - Processing file /home/airflow/.local/lib/python3.12/site-packages/airflow/example_dags/example_short_circuit_operator.py for tasks to queue
[2026-04-28T19:57:18.850+0000] {logging_mixin.py:188} INFO - [2026-04-28T19:57:18.850+0000] {dagbag.py:540} INFO - Filling up the DagBag from /home/airflow/.local/lib/python3.12/site-packages/airflow/example_dags/example_short_circuit_operator.py
[2026-04-28T19:57:18.869+0000] {processor.py:840} INFO - DAG(s) 'example_short_circuit_operator' retrieved from /home/airflow/.local/lib/python3.12/site-packages/airflow/example_dags/example_short_circuit_operator.py
[2026-04-28T19:57:18.919+0000] {logging_mixin.py:188} INFO - [2026-04-28T19:57:18.918+0000] {dag.py:3096} INFO - Sync 1 DAGs
[2026-04-28T19:57:18.964+0000] {logging_mixin.py:188} INFO - [2026-04-28T19:57:18.962+0000] {dag.py:3954} INFO - Setting next_dagrun for example_short_circuit_operator to 2026-04-27 00:00:00+00:00, run_after=2026-04-28 00:00:00+00:00
[2026-04-28T19:57:18.996+0000] {processor.py:183} INFO - Processing /home/airflow/.local/lib/python3.12/site-packages/airflow/example_dags/example_short_circuit_operator.py took 0.165 seconds
[2026-04-28T19:57:49.637+0000] {processor.py:161} INFO - Started process (PID=548) to work on /home/airflow/.local/lib/python3.12/site-packages/airflow/example_dags/example_short_circuit_operator.py
[2026-04-28T19:57:49.639+0000] {processor.py:830} INFO - Processing file /home/airflow/.local/lib/python3.12/site-packages/airflow/example_dags/example_short_circuit_operator.py for tasks to queue
[2026-04-28T19:57:49.643+0000] {logging_mixin.py:188} INFO - [2026-04-28T19:57:49.643+0000] {dagbag.py:540} INFO - Filling up the DagBag from /home/airflow/.local/lib/python3.12/site-packages/airflow/example_dags/example_short_circuit_operator.py
[2026-04-28T19:57:49.678+0000] {processor.py:840} INFO - DAG(s) 'example_short_circuit_operator' retrieved from /home/airflow/.local/lib/python3.12/site-packages/airflow/example_dags/example_short_circuit_operator.py
[2026-04-28T19:57:49.798+0000] {logging_mixin.py:188} INFO - [2026-04-28T19:57:49.798+0000] {dag.py:3096} INFO - Sync 1 DAGs
[2026-04-28T19:57:49.833+0000] {logging_mixin.py:188} INFO - [2026-04-28T19:57:49.833+0000] {dag.py:3954} INFO - Setting next_dagrun for example_short_circuit_operator to 2026-04-27 00:00:00+00:00, run_after=2026-04-28 00:00:00+00:00
[2026-04-28T19:57:49.853+0000] {processor.py:183} INFO - Processing /home/airflow/.local/lib/python3.12/site-packages/airflow/example_dags/example_short_circuit_operator.py took 0.238 seconds
[2026-04-28T19:58:20.703+0000] {processor.py:161} INFO - Started process (PID=608) to work on /home/airflow/.local/lib/python3.12/site-packages/airflow/example_dags/example_short_circuit_operator.py
[2026-04-28T19:58:20.708+0000] {processor.py:830} INFO - Processing file /home/airflow/.local/lib/python3.12/site-packages/airflow/example_dags/example_short_circuit_operator.py for tasks to queue
[2026-04-28T19:58:20.714+0000] {logging_mixin.py:188} INFO - [2026-04-28T19:58:20.714+0000] {dagbag.py:540} INFO - Filling up the DagBag from /home/airflow/.local/lib/python3.12/site-packages/airflow/example_dags/example_short_circuit_operator.py
[2026-04-28T19:58:20.726+0000] {processor.py:840} INFO - DAG(s) 'example_short_circuit_operator' retrieved from /home/airflow/.local/lib/python3.12/site-packages/airflow/example_dags/example_short_circuit_operator.py
[2026-04-28T19:58:20.760+0000] {logging_mixin.py:188} INFO - [2026-04-28T19:58:20.760+0000] {dag.py:3096} INFO - Sync 1 DAGs
[2026-04-28T19:58:20.793+0000] {logging_mixin.py:188} INFO - [2026-04-28T19:58:20.793+0000] {dag.py:3954} INFO - Setting next_dagrun for example_short_circuit_operator to 2026-04-27 00:00:00+00:00, run_after=2026-04-28 00:00:00+00:00
[2026-04-28T19:58:20.844+0000] {processor.py:183} INFO - Processing /home/airflow/.local/lib/python3.12/site-packages/airflow/example_dags/example_short_circuit_operator.py took 0.151 seconds
[2026-04-28T19:58:51.146+0000] {processor.py:161} INFO - Started process (PID=668) to work on /home/airflow/.local/lib/python3.12/site-packages/airflow/example_dags/example_short_circuit_operator.py
[2026-04-28T19:58:51.148+0000] {processor.py:830} INFO - Processing file /home/airflow/.local/lib/python3.12/site-packages/airflow/example_dags/example_short_circuit_operator.py for tasks to queue
[2026-04-28T19:58:51.152+0000] {logging_mixin.py:188} INFO - [2026-04-28T19:58:51.151+0000] {dagbag.py:540} INFO - Filling up the DagBag from /home/airflow/.local/lib/python3.12/site-packages/airflow/example_dags/example_short_circuit_operator.py
[2026-04-28T19:58:51.163+0000] {processor.py:840} INFO - DAG(s) 'example_short_circuit_operator' retrieved from /home/airflow/.local/lib/python3.12/site-packages/airflow/example_dags/example_short_circuit_operator.py
[2026-04-28T19:58:51.192+0000] {logging_mixin.py:188} INFO - [2026-04-28T19:58:51.192+0000] {dag.py:3096} INFO - Sync 1 DAGs
[2026-04-28T19:58:51.217+0000] {logging_mixin.py:188} INFO - [2026-04-28T19:58:51.217+0000] {dag.py:3954} INFO - Setting next_dagrun for example_short_circuit_operator to 2026-04-27 00:00:00+00:00, run_after=2026-04-28 00:00:00+00:00
[2026-04-28T19:58:51.236+0000] {processor.py:183} INFO - Processing /home/airflow/.local/lib/python3.12/site-packages/airflow/example_dags/example_short_circuit_operator.py took 0.097 seconds
[2026-04-28T19:59:21.723+0000] {processor.py:161} INFO - Started process (PID=727) to work on /home/airflow/.local/lib/python3.12/site-packages/airflow/example_dags/example_short_circuit_operator.py
[2026-04-28T19:59:21.724+0000] {processor.py:830} INFO - Processing file /home/airflow/.local/lib/python3.12/site-packages/airflow/example_dags/example_short_circuit_operator.py for tasks to queue
[2026-04-28T19:59:21.727+0000] {logging_mixin.py:188} INFO - [2026-04-28T19:59:21.726+0000] {dagbag.py:540} INFO - Filling up the DagBag from /home/airflow/.local/lib/python3.12/site-packages/airflow/example_dags/example_short_circuit_operator.py
[2026-04-28T19:59:21.761+0000] {processor.py:840} INFO - DAG(s) 'example_short_circuit_operator' retrieved from /home/airflow/.local/lib/python3.12/site-packages/airflow/example_dags/example_short_circuit_operator.py
[2026-04-28T19:59:21.836+0000] {logging_mixin.py:188} INFO - [2026-04-28T19:59:21.835+0000] {dag.py:3096} INFO - Sync 1 DAGs
[2026-04-28T19:59:21.907+0000] {logging_mixin.py:188} INFO - [2026-04-28T19:59:21.907+0000] {dag.py:3954} INFO - Setting next_dagrun for example_short_circuit_operator to 2026-04-27 00:00:00+00:00, run_after=2026-04-28 00:00:00+00:00
[2026-04-28T19:59:21.964+0000] {processor.py:183} INFO - Processing /home/airflow/.local/lib/python3.12/site-packages/airflow/example_dags/example_short_circuit_operator.py took 0.247 seconds
[2026-04-28T19:59:52.668+0000] {processor.py:161} INFO - Started process (PID=787) to work on /home/airflow/.local/lib/python3.12/site-packages/airflow/example_dags/example_short_circuit_operator.py
[2026-04-28T19:59:52.670+0000] {processor.py:830} INFO - Processing file /home/airflow/.local/lib/python3.12/site-packages/airflow/example_dags/example_short_circuit_operator.py for tasks to queue
[2026-04-28T19:59:52.672+0000] {logging_mixin.py:188} INFO - [2026-04-28T19:59:52.671+0000] {dagbag.py:540} INFO - Filling up the DagBag from /home/airflow/.local/lib/python3.12/site-packages/airflow/example_dags/example_short_circuit_operator.py
[2026-04-28T19:59:52.683+0000] {processor.py:840} INFO - DAG(s) 'example_short_circuit_operator' retrieved from /home/airflow/.local/lib/python3.12/site-packages/airflow/example_dags/example_short_circuit_operator.py
[2026-04-28T19:59:52.712+0000] {logging_mixin.py:188} INFO - [2026-04-28T19:59:52.711+0000] {dag.py:3096} INFO - Sync 1 DAGs
[2026-04-28T19:59:52.737+0000] {logging_mixin.py:188} INFO - [2026-04-28T19:59:52.737+0000] {dag.py:3954} INFO - Setting next_dagrun for example_short_circuit_operator to 2026-04-27 00:00:00+00:00, run_after=2026-04-28 00:00:00+00:00
[2026-04-28T19:59:52.756+0000] {processor.py:183} INFO - Processing /home/airflow/.local/lib/python3.12/site-packages/airflow/example_dags/example_short_circuit_operator.py took 0.094 seconds
[2026-04-28T20:00:23.303+0000] {processor.py:161} INFO - Started process (PID=847) to work on /home/airflow/.local/lib/python3.12/site-packages/airflow/example_dags/example_short_circuit_operator.py
[2026-04-28T20:00:23.307+0000] {processor.py:830} INFO - Processing file /home/airflow/.local/lib/python3.12/site-packages/airflow/example_dags/example_short_circuit_operator.py for tasks to queue
[2026-04-28T20:00:23.311+0000] {logging_mixin.py:188} INFO - [2026-04-28T20:00:23.311+0000] {dagbag.py:540} INFO - Filling up the DagBag from /home/airflow/.local/lib/python3.12/site-packages/airflow/example_dags/example_short_circuit_operator.py
[2026-04-28T20:00:23.334+0000] {processor.py:840} INFO - DAG(s) 'example_short_circuit_operator' retrieved from /home/airflow/.local/lib/python3.12/site-packages/airflow/example_dags/example_short_circuit_operator.py
[2026-04-28T20:00:23.376+0000] {logging_mixin.py:188} INFO - [2026-04-28T20:00:23.376+0000] {dag.py:3096} INFO - Sync 1 DAGs
[2026-04-28T20:00:23.435+0000] {logging_mixin.py:188} INFO - [2026-04-28T20:00:23.434+0000] {dag.py:3954} INFO - Setting next_dagrun for example_short_circuit_operator to 2026-04-27 00:00:00+00:00, run_after=2026-04-28 00:00:00+00:00
[2026-04-28T20:00:23.487+0000] {processor.py:183} INFO - Processing /home/airflow/.local/lib/python3.12/site-packages/airflow/example_dags/example_short_circuit_operator.py took 0.200 seconds
[2026-04-28T20:00:53.606+0000] {processor.py:161} INFO - Started process (PID=906) to work on /home/airflow/.local/lib/python3.12/site-packages/airflow/example_dags/example_short_circuit_operator.py
[2026-04-28T20:00:53.607+0000] {processor.py:830} INFO - Processing file /home/airflow/.local/lib/python3.12/site-packages/airflow/example_dags/example_short_circuit_operator.py for tasks to queue
[2026-04-28T20:00:53.609+0000] {logging_mixin.py:188} INFO - [2026-04-28T20:00:53.609+0000] {dagbag.py:540} INFO - Filling up the DagBag from /home/airflow/.local/lib/python3.12/site-packages/airflow/example_dags/example_short_circuit_operator.py
[2026-04-28T20:00:53.618+0000] {processor.py:840} INFO - DAG(s) 'example_short_circuit_operator' retrieved from /home/airflow/.local/lib/python3.12/site-packages/airflow/example_dags/example_short_circuit_operator.py
[2026-04-28T20:00:53.647+0000] {logging_mixin.py:188} INFO - [2026-04-28T20:00:53.647+0000] {dag.py:3096} INFO - Sync 1 DAGs
[2026-04-28T20:00:53.671+0000] {logging_mixin.py:188} INFO - [2026-04-28T20:00:53.671+0000] {dag.py:3954} INFO - Setting next_dagrun for example_short_circuit_operator to 2026-04-27 00:00:00+00:00, run_after=2026-04-28 00:00:00+00:00
[2026-04-28T20:00:53.697+0000] {processor.py:183} INFO - Processing /home/airflow/.local/lib/python3.12/site-packages/airflow/example_dags/example_short_circuit_operator.py took 0.098 seconds
[2026-04-28T20:01:24.512+0000] {processor.py:161} INFO - Started process (PID=966) to work on /home/airflow/.local/lib/python3.12/site-packages/airflow/example_dags/example_short_circuit_operator.py
[2026-04-28T20:01:24.513+0000] {processor.py:830} INFO - Processing file /home/airflow/.local/lib/python3.12/site-packages/airflow/example_dags/example_short_circuit_operator.py for tasks to queue
[2026-04-28T20:01:24.515+0000] {logging_mixin.py:188} INFO - [2026-04-28T20:01:24.515+0000] {dagbag.py:540} INFO - Filling up the DagBag from /home/airflow/.local/lib/python3.12/site-packages/airflow/example_dags/example_short_circuit_operator.py
[2026-04-28T20:01:24.524+0000] {processor.py:840} INFO - DAG(s) 'example_short_circuit_operator' retrieved from /home/airflow/.local/lib/python3.12/site-packages/airflow/example_dags/example_short_circuit_operator.py
[2026-04-28T20:01:24.555+0000] {logging_mixin.py:188} INFO - [2026-04-28T20:01:24.555+0000] {dag.py:3096} INFO - Sync 1 DAGs
[2026-04-28T20:01:24.581+0000] {logging_mixin.py:188} INFO - [2026-04-28T20:01:24.581+0000] {dag.py:3954} INFO - Setting next_dagrun for example_short_circuit_operator to 2026-04-27 00:00:00+00:00, run_after=2026-04-28 00:00:00+00:00
[2026-04-28T20:01:24.608+0000] {processor.py:183} INFO - Processing /home/airflow/.local/lib/python3.12/site-packages/airflow/example_dags/example_short_circuit_operator.py took 0.106 seconds
[2026-04-28T20:01:54.770+0000] {processor.py:161} INFO - Started process (PID=1026) to work on /home/airflow/.local/lib/python3.12/site-packages/airflow/example_dags/example_short_circuit_operator.py
[2026-04-28T20:01:54.771+0000] {processor.py:830} INFO - Processing file /home/airflow/.local/lib/python3.12/site-packages/airflow/example_dags/example_short_circuit_operator.py for tasks to queue
[2026-04-28T20:01:54.773+0000] {logging_mixin.py:188} INFO - [2026-04-28T20:01:54.773+0000] {dagbag.py:540} INFO - Filling up the DagBag from /home/airflow/.local/lib/python3.12/site-packages/airflow/example_dags/example_short_circuit_operator.py
[2026-04-28T20:01:54.782+0000] {processor.py:840} INFO - DAG(s) 'example_short_circuit_operator' retrieved from /home/airflow/.local/lib/python3.12/site-packages/airflow/example_dags/example_short_circuit_operator.py
[2026-04-28T20:01:54.815+0000] {logging_mixin.py:188} INFO - [2026-04-28T20:01:54.814+0000] {dag.py:3096} INFO - Sync 1 DAGs
[2026-04-28T20:01:54.857+0000] {logging_mixin.py:188} INFO - [2026-04-28T20:01:54.856+0000] {dag.py:3954} INFO - Setting next_dagrun for example_short_circuit_operator to 2026-04-27 00:00:00+00:00, run_after=2026-04-28 00:00:00+00:00
[2026-04-28T20:01:54.877+0000] {processor.py:183} INFO - Processing /home/airflow/.local/lib/python3.12/site-packages/airflow/example_dags/example_short_circuit_operator.py took 0.115 seconds
[2026-04-28T20:02:25.339+0000] {processor.py:161} INFO - Started process (PID=1085) to work on /home/airflow/.local/lib/python3.12/site-packages/airflow/example_dags/example_short_circuit_operator.py
[2026-04-28T20:02:25.340+0000] {processor.py:830} INFO - Processing file /home/airflow/.local/lib/python3.12/site-packages/airflow/example_dags/example_short_circuit_operator.py for tasks to queue
[2026-04-28T20:02:25.342+0000] {logging_mixin.py:188} INFO - [2026-04-28T20:02:25.342+0000] {dagbag.py:540} INFO - Filling up the DagBag from /home/airflow/.local/lib/python3.12/site-packages/airflow/example_dags/example_short_circuit_operator.py
[2026-04-28T20:02:25.351+0000] {processor.py:840} INFO - DAG(s) 'example_short_circuit_operator' retrieved from /home/airflow/.local/lib/python3.12/site-packages/airflow/example_dags/example_short_circuit_operator.py
[2026-04-28T20:02:25.386+0000] {logging_mixin.py:188} INFO - [2026-04-28T20:02:25.386+0000] {dag.py:3096} INFO - Sync 1 DAGs
[2026-04-28T20:02:25.414+0000] {logging_mixin.py:188} INFO - [2026-04-28T20:02:25.414+0000] {dag.py:3954} INFO - Setting next_dagrun for example_short_circuit_operator to 2026-04-27 00:00:00+00:00, run_after=2026-04-28 00:00:00+00:00
[2026-04-28T20:02:25.439+0000] {processor.py:183} INFO - Processing /home/airflow/.local/lib/python3.12/site-packages/airflow/example_dags/example_short_circuit_operator.py took 0.106 seconds
[2026-04-28T20:02:56.135+0000] {processor.py:161} INFO - Started process (PID=1145) to work on /home/airflow/.local/lib/python3.12/site-packages/airflow/example_dags/example_short_circuit_operator.py
[2026-04-28T20:02:56.146+0000] {processor.py:830} INFO - Processing file /home/airflow/.local/lib/python3.12/site-packages/airflow/example_dags/example_short_circuit_operator.py for tasks to queue
[2026-04-28T20:02:56.154+0000] {logging_mixin.py:188} INFO - [2026-04-28T20:02:56.154+0000] {dagbag.py:540} INFO - Filling up the DagBag from /home/airflow/.local/lib/python3.12/site-packages/airflow/example_dags/example_short_circuit_operator.py
[2026-04-28T20:02:56.202+0000] {processor.py:840} INFO - DAG(s) 'example_short_circuit_operator' retrieved from /home/airflow/.local/lib/python3.12/site-packages/airflow/example_dags/example_short_circuit_operator.py
[2026-04-28T20:02:56.333+0000] {logging_mixin.py:188} INFO - [2026-04-28T20:02:56.333+0000] {dag.py:3096} INFO - Sync 1 DAGs
[2026-04-28T20:02:56.447+0000] {logging_mixin.py:188} INFO - [2026-04-28T20:02:56.446+0000] {dag.py:3954} INFO - Setting next_dagrun for example_short_circuit_operator to 2026-04-27 00:00:00+00:00, run_after=2026-04-28 00:00:00+00:00
[2026-04-28T20:02:56.621+0000] {processor.py:183} INFO - Processing /home/airflow/.local/lib/python3.12/site-packages/airflow/example_dags/example_short_circuit_operator.py took 0.511 seconds
[2026-04-28T20:03:26.914+0000] {processor.py:161} INFO - Started process (PID=1204) to work on /home/airflow/.local/lib/python3.12/site-packages/airflow/example_dags/example_short_circuit_operator.py
[2026-04-28T20:03:26.921+0000] {processor.py:830} INFO - Processing file /home/airflow/.local/lib/python3.12/site-packages/airflow/example_dags/example_short_circuit_operator.py for tasks to queue
[2026-04-28T20:03:26.923+0000] {logging_mixin.py:188} INFO - [2026-04-28T20:03:26.923+0000] {dagbag.py:540} INFO - Filling up the DagBag from /home/airflow/.local/lib/python3.12/site-packages/airflow/example_dags/example_short_circuit_operator.py
[2026-04-28T20:03:26.938+0000] {processor.py:840} INFO - DAG(s) 'example_short_circuit_operator' retrieved from /home/airflow/.local/lib/python3.12/site-packages/airflow/example_dags/example_short_circuit_operator.py
[2026-04-28T20:03:26.967+0000] {logging_mixin.py:188} INFO - [2026-04-28T20:03:26.967+0000] {dag.py:3096} INFO - Sync 1 DAGs
[2026-04-28T20:03:27.002+0000] {logging_mixin.py:188} INFO - [2026-04-28T20:03:27.002+0000] {dag.py:3954} INFO - Setting next_dagrun for example_short_circuit_operator to 2026-04-27 00:00:00+00:00, run_after=2026-04-28 00:00:00+00:00
[2026-04-28T20:03:27.031+0000] {processor.py:183} INFO - Processing /home/airflow/.local/lib/python3.12/site-packages/airflow/example_dags/example_short_circuit_operator.py took 0.126 seconds
[2026-04-28T20:03:57.925+0000] {processor.py:161} INFO - Started process (PID=1264) to work on /home/airflow/.local/lib/python3.12/site-packages/airflow/example_dags/example_short_circuit_operator.py
[2026-04-28T20:03:57.927+0000] {processor.py:830} INFO - Processing file /home/airflow/.local/lib/python3.12/site-packages/airflow/example_dags/example_short_circuit_operator.py for tasks to queue
[2026-04-28T20:03:57.930+0000] {logging_mixin.py:188} INFO - [2026-04-28T20:03:57.929+0000] {dagbag.py:540} INFO - Filling up the DagBag from /home/airflow/.local/lib/python3.12/site-packages/airflow/example_dags/example_short_circuit_operator.py
[2026-04-28T20:03:57.941+0000] {processor.py:840} INFO - DAG(s) 'example_short_circuit_operator' retrieved from /home/airflow/.local/lib/python3.12/site-packages/airflow/example_dags/example_short_circuit_operator.py
[2026-04-28T20:03:57.971+0000] {logging_mixin.py:188} INFO - [2026-04-28T20:03:57.971+0000] {dag.py:3096} INFO - Sync 1 DAGs
[2026-04-28T20:03:58.210+0000] {logging_mixin.py:188} INFO - [2026-04-28T20:03:58.210+0000] {dag.py:3954} INFO - Setting next_dagrun for example_short_circuit_operator to 2026-04-27 00:00:00+00:00, run_after=2026-04-28 00:00:00+00:00
[2026-04-28T20:03:58.237+0000] {processor.py:183} INFO - Processing /home/airflow/.local/lib/python3.12/site-packages/airflow/example_dags/example_short_circuit_operator.py took 0.321 seconds
[2026-04-28T20:04:28.414+0000] {processor.py:161} INFO - Started process (PID=1324) to work on /home/airflow/.local/lib/python3.12/site-packages/airflow/example_dags/example_short_circuit_operator.py
[2026-04-28T20:04:28.420+0000] {processor.py:830} INFO - Processing file /home/airflow/.local/lib/python3.12/site-packages/airflow/example_dags/example_short_circuit_operator.py for tasks to queue
[2026-04-28T20:04:28.423+0000] {logging_mixin.py:188} INFO - [2026-04-28T20:04:28.423+0000] {dagbag.py:540} INFO - Filling up the DagBag from /home/airflow/.local/lib/python3.12/site-packages/airflow/example_dags/example_short_circuit_operator.py
[2026-04-28T20:04:28.432+0000] {processor.py:840} INFO - DAG(s) 'example_short_circuit_operator' retrieved from /home/airflow/.local/lib/python3.12/site-packages/airflow/example_dags/example_short_circuit_operator.py
[2026-04-28T20:04:28.463+0000] {logging_mixin.py:188} INFO - [2026-04-28T20:04:28.463+0000] {dag.py:3096} INFO - Sync 1 DAGs
[2026-04-28T20:04:28.506+0000] {logging_mixin.py:188} INFO - [2026-04-28T20:04:28.505+0000] {dag.py:3954} INFO - Setting next_dagrun for example_short_circuit_operator to 2026-04-27 00:00:00+00:00, run_after=2026-04-28 00:00:00+00:00
[2026-04-28T20:04:28.536+0000] {processor.py:183} INFO - Processing /home/airflow/.local/lib/python3.12/site-packages/airflow/example_dags/example_short_circuit_operator.py took 0.129 seconds
[2026-04-28T20:04:59.396+0000] {processor.py:161} INFO - Started process (PID=1384) to work on /home/airflow/.local/lib/python3.12/site-packages/airflow/example_dags/example_short_circuit_operator.py
[2026-04-28T20:04:59.403+0000] {processor.py:830} INFO - Processing file /home/airflow/.local/lib/python3.12/site-packages/airflow/example_dags/example_short_circuit_operator.py for tasks to queue
[2026-04-28T20:04:59.411+0000] {logging_mixin.py:188} INFO - [2026-04-28T20:04:59.411+0000] {dagbag.py:540} INFO - Filling up the DagBag from /home/airflow/.local/lib/python3.12/site-packages/airflow/example_dags/example_short_circuit_operator.py
[2026-04-28T20:04:59.896+0000] {processor.py:840} INFO - DAG(s) 'example_short_circuit_operator' retrieved from /home/airflow/.local/lib/python3.12/site-packages/airflow/example_dags/example_short_circuit_operator.py
[2026-04-28T20:04:59.939+0000] {logging_mixin.py:188} INFO - [2026-04-28T20:04:59.938+0000] {dag.py:3096} INFO - Sync 1 DAGs
[2026-04-28T20:04:59.973+0000] {logging_mixin.py:188} INFO - [2026-04-28T20:04:59.972+0000] {dag.py:3954} INFO - Setting next_dagrun for example_short_circuit_operator to 2026-04-27 00:00:00+00:00, run_after=2026-04-28 00:00:00+00:00
[2026-04-28T20:05:00.024+0000] {processor.py:183} INFO - Processing /home/airflow/.local/lib/python3.12/site-packages/airflow/example_dags/example_short_circuit_operator.py took 0.640 seconds
[2026-04-28T20:05:30.668+0000] {processor.py:161} INFO - Started process (PID=1444) to work on /home/airflow/.local/lib/python3.12/site-packages/airflow/example_dags/example_short_circuit_operator.py
[2026-04-28T20:05:30.671+0000] {processor.py:830} INFO - Processing file /home/airflow/.local/lib/python3.12/site-packages/airflow/example_dags/example_short_circuit_operator.py for tasks to queue
[2026-04-28T20:05:30.674+0000] {logging_mixin.py:188} INFO - [2026-04-28T20:05:30.673+0000] {dagbag.py:540} INFO - Filling up the DagBag from /home/airflow/.local/lib/python3.12/site-packages/airflow/example_dags/example_short_circuit_operator.py
[2026-04-28T20:05:30.686+0000] {processor.py:840} INFO - DAG(s) 'example_short_circuit_operator' retrieved from /home/airflow/.local/lib/python3.12/site-packages/airflow/example_dags/example_short_circuit_operator.py
[2026-04-28T20:05:30.729+0000] {logging_mixin.py:188} INFO - [2026-04-28T20:05:30.728+0000] {dag.py:3096} INFO - Sync 1 DAGs
[2026-04-28T20:05:30.759+0000] {logging_mixin.py:188} INFO - [2026-04-28T20:05:30.759+0000] {dag.py:3954} INFO - Setting next_dagrun for example_short_circuit_operator to 2026-04-27 00:00:00+00:00, run_after=2026-04-28 00:00:00+00:00
[2026-04-28T20:05:30.814+0000] {processor.py:183} INFO - Processing /home/airflow/.local/lib/python3.12/site-packages/airflow/example_dags/example_short_circuit_operator.py took 0.153 seconds
[2026-04-28T20:06:00.932+0000] {processor.py:161} INFO - Started process (PID=1503) to work on /home/airflow/.local/lib/python3.12/site-packages/airflow/example_dags/example_short_circuit_operator.py
[2026-04-28T20:06:00.933+0000] {processor.py:830} INFO - Processing file /home/airflow/.local/lib/python3.12/site-packages/airflow/example_dags/example_short_circuit_operator.py for tasks to queue
[2026-04-28T20:06:00.936+0000] {logging_mixin.py:188} INFO - [2026-04-28T20:06:00.935+0000] {dagbag.py:540} INFO - Filling up the DagBag from /home/airflow/.local/lib/python3.12/site-packages/airflow/example_dags/example_short_circuit_operator.py
[2026-04-28T20:06:00.945+0000] {processor.py:840} INFO - DAG(s) 'example_short_circuit_operator' retrieved from /home/airflow/.local/lib/python3.12/site-packages/airflow/example_dags/example_short_circuit_operator.py
[2026-04-28T20:06:00.975+0000] {logging_mixin.py:188} INFO - [2026-04-28T20:06:00.975+0000] {dag.py:3096} INFO - Sync 1 DAGs
[2026-04-28T20:06:01.002+0000] {logging_mixin.py:188} INFO - [2026-04-28T20:06:01.002+0000] {dag.py:3954} INFO - Setting next_dagrun for example_short_circuit_operator to 2026-04-27 00:00:00+00:00, run_after=2026-04-28 00:00:00+00:00
[2026-04-28T20:06:01.033+0000] {processor.py:183} INFO - Processing /home/airflow/.local/lib/python3.12/site-packages/airflow/example_dags/example_short_circuit_operator.py took 0.107 seconds
[2026-04-28T20:06:31.523+0000] {processor.py:161} INFO - Started process (PID=1562) to work on /home/airflow/.local/lib/python3.12/site-packages/airflow/example_dags/example_short_circuit_operator.py
[2026-04-28T20:06:31.524+0000] {processor.py:830} INFO - Processing file /home/airflow/.local/lib/python3.12/site-packages/airflow/example_dags/example_short_circuit_operator.py for tasks to queue
[2026-04-28T20:06:31.526+0000] {logging_mixin.py:188} INFO - [2026-04-28T20:06:31.526+0000] {dagbag.py:540} INFO - Filling up the DagBag from /home/airflow/.local/lib/python3.12/site-packages/airflow/example_dags/example_short_circuit_operator.py
[2026-04-28T20:06:31.536+0000] {processor.py:840} INFO - DAG(s) 'example_short_circuit_operator' retrieved from /home/airflow/.local/lib/python3.12/site-packages/airflow/example_dags/example_short_circuit_operator.py
[2026-04-28T20:06:31.586+0000] {logging_mixin.py:188} INFO - [2026-04-28T20:06:31.584+0000] {dag.py:3096} INFO - Sync 1 DAGs
[2026-04-28T20:06:31.669+0000] {logging_mixin.py:188} INFO - [2026-04-28T20:06:31.669+0000] {dag.py:3954} INFO - Setting next_dagrun for example_short_circuit_operator to 2026-04-27 00:00:00+00:00, run_after=2026-04-28 00:00:00+00:00
[2026-04-28T20:06:31.691+0000] {processor.py:183} INFO - Processing /home/airflow/.local/lib/python3.12/site-packages/airflow/example_dags/example_short_circuit_operator.py took 0.175 seconds
[2026-04-28T20:07:01.993+0000] {processor.py:161} INFO - Started process (PID=1622) to work on /home/airflow/.local/lib/python3.12/site-packages/airflow/example_dags/example_short_circuit_operator.py
[2026-04-28T20:07:02.008+0000] {processor.py:830} INFO - Processing file /home/airflow/.local/lib/python3.12/site-packages/airflow/example_dags/example_short_circuit_operator.py for tasks to queue
[2026-04-28T20:07:02.020+0000] {logging_mixin.py:188} INFO - [2026-04-28T20:07:02.020+0000] {dagbag.py:540} INFO - Filling up the DagBag from /home/airflow/.local/lib/python3.12/site-packages/airflow/example_dags/example_short_circuit_operator.py
[2026-04-28T20:07:02.086+0000] {processor.py:840} INFO - DAG(s) 'example_short_circuit_operator' retrieved from /home/airflow/.local/lib/python3.12/site-packages/airflow/example_dags/example_short_circuit_operator.py
[2026-04-28T20:07:02.156+0000] {logging_mixin.py:188} INFO - [2026-04-28T20:07:02.155+0000] {dag.py:3096} INFO - Sync 1 DAGs
[2026-04-28T20:07:02.233+0000] {logging_mixin.py:188} INFO - [2026-04-28T20:07:02.232+0000] {dag.py:3954} INFO - Setting next_dagrun for example_short_circuit_operator to 2026-04-27 00:00:00+00:00, run_after=2026-04-28 00:00:00+00:00
[2026-04-28T20:07:02.312+0000] {processor.py:183} INFO - Processing /home/airflow/.local/lib/python3.12/site-packages/airflow/example_dags/example_short_circuit_operator.py took 0.334 seconds
[2026-04-28T20:07:32.461+0000] {processor.py:161} INFO - Started process (PID=1682) to work on /home/airflow/.local/lib/python3.12/site-packages/airflow/example_dags/example_short_circuit_operator.py
[2026-04-28T20:07:32.462+0000] {processor.py:830} INFO - Processing file /home/airflow/.local/lib/python3.12/site-packages/airflow/example_dags/example_short_circuit_operator.py for tasks to queue
[2026-04-28T20:07:32.464+0000] {logging_mixin.py:188} INFO - [2026-04-28T20:07:32.464+0000] {dagbag.py:540} INFO - Filling up the DagBag from /home/airflow/.local/lib/python3.12/site-packages/airflow/example_dags/example_short_circuit_operator.py
[2026-04-28T20:07:32.474+0000] {processor.py:840} INFO - DAG(s) 'example_short_circuit_operator' retrieved from /home/airflow/.local/lib/python3.12/site-packages/airflow/example_dags/example_short_circuit_operator.py
[2026-04-28T20:07:32.508+0000] {logging_mixin.py:188} INFO - [2026-04-28T20:07:32.508+0000] {dag.py:3096} INFO - Sync 1 DAGs
[2026-04-28T20:07:32.535+0000] {logging_mixin.py:188} INFO - [2026-04-28T20:07:32.534+0000] {dag.py:3954} INFO - Setting next_dagrun for example_short_circuit_operator to 2026-04-27 00:00:00+00:00, run_after=2026-04-28 00:00:00+00:00
[2026-04-28T20:07:32.555+0000] {processor.py:183} INFO - Processing /home/airflow/.local/lib/python3.12/site-packages/airflow/example_dags/example_short_circuit_operator.py took 0.110 seconds
[2026-04-28T20:08:02.594+0000] {processor.py:161} INFO - Started process (PID=1742) to work on /home/airflow/.local/lib/python3.12/site-packages/airflow/example_dags/example_short_circuit_operator.py
[2026-04-28T20:08:02.595+0000] {processor.py:830} INFO - Processing file /home/airflow/.local/lib/python3.12/site-packages/airflow/example_dags/example_short_circuit_operator.py for tasks to queue
[2026-04-28T20:08:02.597+0000] {logging_mixin.py:188} INFO - [2026-04-28T20:08:02.597+0000] {dagbag.py:540} INFO - Filling up the DagBag from /home/airflow/.local/lib/python3.12/site-packages/airflow/example_dags/example_short_circuit_operator.py
[2026-04-28T20:08:02.612+0000] {processor.py:840} INFO - DAG(s) 'example_short_circuit_operator' retrieved from /home/airflow/.local/lib/python3.12/site-packages/airflow/example_dags/example_short_circuit_operator.py
[2026-04-28T20:08:02.651+0000] {logging_mixin.py:188} INFO - [2026-04-28T20:08:02.651+0000] {dag.py:3096} INFO - Sync 1 DAGs
[2026-04-28T20:08:02.771+0000] {logging_mixin.py:188} INFO - [2026-04-28T20:08:02.771+0000] {dag.py:3954} INFO - Setting next_dagrun for example_short_circuit_operator to 2026-04-27 00:00:00+00:00, run_after=2026-04-28 00:00:00+00:00
[2026-04-28T20:08:02.810+0000] {processor.py:183} INFO - Processing /home/airflow/.local/lib/python3.12/site-packages/airflow/example_dags/example_short_circuit_operator.py took 0.223 seconds
[2026-04-28T20:08:33.243+0000] {processor.py:161} INFO - Started process (PID=1802) to work on /home/airflow/.local/lib/python3.12/site-packages/airflow/example_dags/example_short_circuit_operator.py
[2026-04-28T20:08:33.244+0000] {processor.py:830} INFO - Processing file /home/airflow/.local/lib/python3.12/site-packages/airflow/example_dags/example_short_circuit_operator.py for tasks to queue
[2026-04-28T20:08:33.246+0000] {logging_mixin.py:188} INFO - [2026-04-28T20:08:33.245+0000] {dagbag.py:540} INFO - Filling up the DagBag from /home/airflow/.local/lib/python3.12/site-packages/airflow/example_dags/example_short_circuit_operator.py
[2026-04-28T20:08:33.255+0000] {processor.py:840} INFO - DAG(s) 'example_short_circuit_operator' retrieved from /home/airflow/.local/lib/python3.12/site-packages/airflow/example_dags/example_short_circuit_operator.py
[2026-04-28T20:08:33.284+0000] {logging_mixin.py:188} INFO - [2026-04-28T20:08:33.283+0000] {dag.py:3096} INFO - Sync 1 DAGs
[2026-04-28T20:08:33.309+0000] {logging_mixin.py:188} INFO - [2026-04-28T20:08:33.308+0000] {dag.py:3954} INFO - Setting next_dagrun for example_short_circuit_operator to 2026-04-27 00:00:00+00:00, run_after=2026-04-28 00:00:00+00:00
[2026-04-28T20:08:33.328+0000] {processor.py:183} INFO - Processing /home/airflow/.local/lib/python3.12/site-packages/airflow/example_dags/example_short_circuit_operator.py took 0.092 seconds
[2026-04-28T20:09:04.168+0000] {processor.py:161} INFO - Started process (PID=1861) to work on /home/airflow/.local/lib/python3.12/site-packages/airflow/example_dags/example_short_circuit_operator.py
[2026-04-28T20:09:04.169+0000] {processor.py:830} INFO - Processing file /home/airflow/.local/lib/python3.12/site-packages/airflow/example_dags/example_short_circuit_operator.py for tasks to queue
[2026-04-28T20:09:04.172+0000] {logging_mixin.py:188} INFO - [2026-04-28T20:09:04.172+0000] {dagbag.py:540} INFO - Filling up the DagBag from /home/airflow/.local/lib/python3.12/site-packages/airflow/example_dags/example_short_circuit_operator.py
[2026-04-28T20:09:04.194+0000] {processor.py:840} INFO - DAG(s) 'example_short_circuit_operator' retrieved from /home/airflow/.local/lib/python3.12/site-packages/airflow/example_dags/example_short_circuit_operator.py
[2026-04-28T20:09:04.274+0000] {logging_mixin.py:188} INFO - [2026-04-28T20:09:04.270+0000] {dag.py:3096} INFO - Sync 1 DAGs
[2026-04-28T20:09:04.348+0000] {logging_mixin.py:188} INFO - [2026-04-28T20:09:04.348+0000] {dag.py:3954} INFO - Setting next_dagrun for example_short_circuit_operator to 2026-04-27 00:00:00+00:00, run_after=2026-04-28 00:00:00+00:00
[2026-04-28T20:09:04.387+0000] {processor.py:183} INFO - Processing /home/airflow/.local/lib/python3.12/site-packages/airflow/example_dags/example_short_circuit_operator.py took 0.227 seconds
[2026-04-28T20:09:34.785+0000] {processor.py:161} INFO - Started process (PID=1921) to work on /home/airflow/.local/lib/python3.12/site-packages/airflow/example_dags/example_short_circuit_operator.py
[2026-04-28T20:09:34.787+0000] {processor.py:830} INFO - Processing file /home/airflow/.local/lib/python3.12/site-packages/airflow/example_dags/example_short_circuit_operator.py for tasks to queue
[2026-04-28T20:09:34.789+0000] {logging_mixin.py:188} INFO - [2026-04-28T20:09:34.788+0000] {dagbag.py:540} INFO - Filling up the DagBag from /home/airflow/.local/lib/python3.12/site-packages/airflow/example_dags/example_short_circuit_operator.py
[2026-04-28T20:09:34.803+0000] {processor.py:840} INFO - DAG(s) 'example_short_circuit_operator' retrieved from /home/airflow/.local/lib/python3.12/site-packages/airflow/example_dags/example_short_circuit_operator.py
[2026-04-28T20:09:34.853+0000] {logging_mixin.py:188} INFO - [2026-04-28T20:09:34.852+0000] {dag.py:3096} INFO - Sync 1 DAGs
[2026-04-28T20:09:34.885+0000] {logging_mixin.py:188} INFO - [2026-04-28T20:09:34.885+0000] {dag.py:3954} INFO - Setting next_dagrun for example_short_circuit_operator to 2026-04-27 00:00:00+00:00, run_after=2026-04-28 00:00:00+00:00
[2026-04-28T20:09:34.924+0000] {processor.py:183} INFO - Processing /home/airflow/.local/lib/python3.12/site-packages/airflow/example_dags/example_short_circuit_operator.py took 0.145 seconds
[2026-04-28T20:10:05.857+0000] {processor.py:161} INFO - Started process (PID=1981) to work on /home/airflow/.local/lib/python3.12/site-packages/airflow/example_dags/example_short_circuit_operator.py
[2026-04-28T20:10:05.858+0000] {processor.py:830} INFO - Processing file /home/airflow/.local/lib/python3.12/site-packages/airflow/example_dags/example_short_circuit_operator.py for tasks to queue
[2026-04-28T20:10:05.860+0000] {logging_mixin.py:188} INFO - [2026-04-28T20:10:05.860+0000] {dagbag.py:540} INFO - Filling up the DagBag from /home/airflow/.local/lib/python3.12/site-packages/airflow/example_dags/example_short_circuit_operator.py
[2026-04-28T20:10:05.887+0000] {processor.py:840} INFO - DAG(s) 'example_short_circuit_operator' retrieved from /home/airflow/.local/lib/python3.12/site-packages/airflow/example_dags/example_short_circuit_operator.py
[2026-04-28T20:10:05.919+0000] {logging_mixin.py:188} INFO - [2026-04-28T20:10:05.918+0000] {dag.py:3096} INFO - Sync 1 DAGs
[2026-04-28T20:10:05.968+0000] {logging_mixin.py:188} INFO - [2026-04-28T20:10:05.967+0000] {dag.py:3954} INFO - Setting next_dagrun for example_short_circuit_operator to 2026-04-27 00:00:00+00:00, run_after=2026-04-28 00:00:00+00:00
[2026-04-28T20:10:06.083+0000] {processor.py:183} INFO - Processing /home/airflow/.local/lib/python3.12/site-packages/airflow/example_dags/example_short_circuit_operator.py took 0.234 seconds
[2026-04-28T20:10:36.670+0000] {processor.py:161} INFO - Started process (PID=2040) to work on /home/airflow/.local/lib/python3.12/site-packages/airflow/example_dags/example_short_circuit_operator.py
[2026-04-28T20:10:36.671+0000] {processor.py:830} INFO - Processing file /home/airflow/.local/lib/python3.12/site-packages/airflow/example_dags/example_short_circuit_operator.py for tasks to queue
[2026-04-28T20:10:36.674+0000] {logging_mixin.py:188} INFO - [2026-04-28T20:10:36.673+0000] {dagbag.py:540} INFO - Filling up the DagBag from /home/airflow/.local/lib/python3.12/site-packages/airflow/example_dags/example_short_circuit_operator.py
[2026-04-28T20:10:36.683+0000] {processor.py:840} INFO - DAG(s) 'example_short_circuit_operator' retrieved from /home/airflow/.local/lib/python3.12/site-packages/airflow/example_dags/example_short_circuit_operator.py
[2026-04-28T20:10:36.715+0000] {logging_mixin.py:188} INFO - [2026-04-28T20:10:36.714+0000] {dag.py:3096} INFO - Sync 1 DAGs
[2026-04-28T20:10:36.746+0000] {logging_mixin.py:188} INFO - [2026-04-28T20:10:36.745+0000] {dag.py:3954} INFO - Setting next_dagrun for example_short_circuit_operator to 2026-04-27 00:00:00+00:00, run_after=2026-04-28 00:00:00+00:00
[2026-04-28T20:10:36.767+0000] {processor.py:183} INFO - Processing /home/airflow/.local/lib/python3.12/site-packages/airflow/example_dags/example_short_circuit_operator.py took 0.104 seconds
[2026-04-28T20:11:07.448+0000] {processor.py:161} INFO - Started process (PID=2100) to work on /home/airflow/.local/lib/python3.12/site-packages/airflow/example_dags/example_short_circuit_operator.py
[2026-04-28T20:11:07.449+0000] {processor.py:830} INFO - Processing file /home/airflow/.local/lib/python3.12/site-packages/airflow/example_dags/example_short_circuit_operator.py for tasks to queue
[2026-04-28T20:11:07.452+0000] {logging_mixin.py:188} INFO - [2026-04-28T20:11:07.451+0000] {dagbag.py:540} INFO - Filling up the DagBag from /home/airflow/.local/lib/python3.12/site-packages/airflow/example_dags/example_short_circuit_operator.py
[2026-04-28T20:11:07.463+0000] {processor.py:840} INFO - DAG(s) 'example_short_circuit_operator' retrieved from /home/airflow/.local/lib/python3.12/site-packages/airflow/example_dags/example_short_circuit_operator.py
[2026-04-28T20:11:07.504+0000] {logging_mixin.py:188} INFO - [2026-04-28T20:11:07.503+0000] {dag.py:3096} INFO - Sync 1 DAGs
[2026-04-28T20:11:07.530+0000] {logging_mixin.py:188} INFO - [2026-04-28T20:11:07.530+0000] {dag.py:3954} INFO - Setting next_dagrun for example_short_circuit_operator to 2026-04-27 00:00:00+00:00, run_after=2026-04-28 00:00:00+00:00
[2026-04-28T20:11:07.549+0000] {processor.py:183} INFO - Processing /home/airflow/.local/lib/python3.12/site-packages/airflow/example_dags/example_short_circuit_operator.py took 0.108 seconds
[2026-04-28T20:11:37.631+0000] {processor.py:161} INFO - Started process (PID=2160) to work on /home/airflow/.local/lib/python3.12/site-packages/airflow/example_dags/example_short_circuit_operator.py
[2026-04-28T20:11:37.632+0000] {processor.py:830} INFO - Processing file /home/airflow/.local/lib/python3.12/site-packages/airflow/example_dags/example_short_circuit_operator.py for tasks to queue
[2026-04-28T20:11:37.634+0000] {logging_mixin.py:188} INFO - [2026-04-28T20:11:37.634+0000] {dagbag.py:540} INFO - Filling up the DagBag from /home/airflow/.local/lib/python3.12/site-packages/airflow/example_dags/example_short_circuit_operator.py
[2026-04-28T20:11:37.644+0000] {processor.py:840} INFO - DAG(s) 'example_short_circuit_operator' retrieved from /home/airflow/.local/lib/python3.12/site-packages/airflow/example_dags/example_short_circuit_operator.py
[2026-04-28T20:11:37.672+0000] {logging_mixin.py:188} INFO - [2026-04-28T20:11:37.672+0000] {dag.py:3096} INFO - Sync 1 DAGs
[2026-04-28T20:11:37.705+0000] {logging_mixin.py:188} INFO - [2026-04-28T20:11:37.705+0000] {dag.py:3954} INFO - Setting next_dagrun for example_short_circuit_operator to 2026-04-27 00:00:00+00:00, run_after=2026-04-28 00:00:00+00:00
[2026-04-28T20:11:37.725+0000] {processor.py:183} INFO - Processing /home/airflow/.local/lib/python3.12/site-packages/airflow/example_dags/example_short_circuit_operator.py took 0.101 seconds
[2026-04-28T20:12:08.087+0000] {processor.py:161} INFO - Started process (PID=2220) to work on /home/airflow/.local/lib/python3.12/site-packages/airflow/example_dags/example_short_circuit_operator.py
[2026-04-28T20:12:08.090+0000] {processor.py:830} INFO - Processing file /home/airflow/.local/lib/python3.12/site-packages/airflow/example_dags/example_short_circuit_operator.py for tasks to queue
[2026-04-28T20:12:08.092+0000] {logging_mixin.py:188} INFO - [2026-04-28T20:12:08.092+0000] {dagbag.py:540} INFO - Filling up the DagBag from /home/airflow/.local/lib/python3.12/site-packages/airflow/example_dags/example_short_circuit_operator.py
[2026-04-28T20:12:08.103+0000] {processor.py:840} INFO - DAG(s) 'example_short_circuit_operator' retrieved from /home/airflow/.local/lib/python3.12/site-packages/airflow/example_dags/example_short_circuit_operator.py
[2026-04-28T20:12:08.174+0000] {logging_mixin.py:188} INFO - [2026-04-28T20:12:08.173+0000] {dag.py:3096} INFO - Sync 1 DAGs
[2026-04-28T20:12:08.222+0000] {logging_mixin.py:188} INFO - [2026-04-28T20:12:08.220+0000] {dag.py:3954} INFO - Setting next_dagrun for example_short_circuit_operator to 2026-04-27 00:00:00+00:00, run_after=2026-04-28 00:00:00+00:00
[2026-04-28T20:12:08.252+0000] {processor.py:183} INFO - Processing /home/airflow/.local/lib/python3.12/site-packages/airflow/example_dags/example_short_circuit_operator.py took 0.177 seconds
[2026-04-28T20:12:38.546+0000] {processor.py:161} INFO - Started process (PID=2280) to work on /home/airflow/.local/lib/python3.12/site-packages/airflow/example_dags/example_short_circuit_operator.py
[2026-04-28T20:12:38.547+0000] {processor.py:830} INFO - Processing file /home/airflow/.local/lib/python3.12/site-packages/airflow/example_dags/example_short_circuit_operator.py for tasks to queue
[2026-04-28T20:12:38.550+0000] {logging_mixin.py:188} INFO - [2026-04-28T20:12:38.549+0000] {dagbag.py:540} INFO - Filling up the DagBag from /home/airflow/.local/lib/python3.12/site-packages/airflow/example_dags/example_short_circuit_operator.py
[2026-04-28T20:12:38.559+0000] {processor.py:840} INFO - DAG(s) 'example_short_circuit_operator' retrieved from /home/airflow/.local/lib/python3.12/site-packages/airflow/example_dags/example_short_circuit_operator.py
[2026-04-28T20:12:38.589+0000] {logging_mixin.py:188} INFO - [2026-04-28T20:12:38.589+0000] {dag.py:3096} INFO - Sync 1 DAGs
[2026-04-28T20:12:38.616+0000] {logging_mixin.py:188} INFO - [2026-04-28T20:12:38.615+0000] {dag.py:3954} INFO - Setting next_dagrun for example_short_circuit_operator to 2026-04-27 00:00:00+00:00, run_after=2026-04-28 00:00:00+00:00
[2026-04-28T20:12:38.634+0000] {processor.py:183} INFO - Processing /home/airflow/.local/lib/python3.12/site-packages/airflow/example_dags/example_short_circuit_operator.py took 0.095 seconds
[2026-04-28T20:13:09.336+0000] {processor.py:161} INFO - Started process (PID=2339) to work on /home/airflow/.local/lib/python3.12/site-packages/airflow/example_dags/example_short_circuit_operator.py
[2026-04-28T20:13:09.337+0000] {processor.py:830} INFO - Processing file /home/airflow/.local/lib/python3.12/site-packages/airflow/example_dags/example_short_circuit_operator.py for tasks to queue
[2026-04-28T20:13:09.339+0000] {logging_mixin.py:188} INFO - [2026-04-28T20:13:09.338+0000] {dagbag.py:540} INFO - Filling up the DagBag from /home/airflow/.local/lib/python3.12/site-packages/airflow/example_dags/example_short_circuit_operator.py
[2026-04-28T20:13:09.348+0000] {processor.py:840} INFO - DAG(s) 'example_short_circuit_operator' retrieved from /home/airflow/.local/lib/python3.12/site-packages/airflow/example_dags/example_short_circuit_operator.py
[2026-04-28T20:13:09.377+0000] {logging_mixin.py:188} INFO - [2026-04-28T20:13:09.377+0000] {dag.py:3096} INFO - Sync 1 DAGs
[2026-04-28T20:13:09.403+0000] {logging_mixin.py:188} INFO - [2026-04-28T20:13:09.403+0000] {dag.py:3954} INFO - Setting next_dagrun for example_short_circuit_operator to 2026-04-27 00:00:00+00:00, run_after=2026-04-28 00:00:00+00:00
[2026-04-28T20:13:09.425+0000] {processor.py:183} INFO - Processing /home/airflow/.local/lib/python3.12/site-packages/airflow/example_dags/example_short_circuit_operator.py took 0.096 seconds
[2026-04-28T20:13:40.058+0000] {processor.py:161} INFO - Started process (PID=2400) to work on /home/airflow/.local/lib/python3.12/site-packages/airflow/example_dags/example_short_circuit_operator.py
[2026-04-28T20:13:40.059+0000] {processor.py:830} INFO - Processing file /home/airflow/.local/lib/python3.12/site-packages/airflow/example_dags/example_short_circuit_operator.py for tasks to queue
[2026-04-28T20:13:40.061+0000] {logging_mixin.py:188} INFO - [2026-04-28T20:13:40.061+0000] {dagbag.py:540} INFO - Filling up the DagBag from /home/airflow/.local/lib/python3.12/site-packages/airflow/example_dags/example_short_circuit_operator.py
[2026-04-28T20:13:40.070+0000] {processor.py:840} INFO - DAG(s) 'example_short_circuit_operator' retrieved from /home/airflow/.local/lib/python3.12/site-packages/airflow/example_dags/example_short_circuit_operator.py
[2026-04-28T20:13:40.098+0000] {logging_mixin.py:188} INFO - [2026-04-28T20:13:40.098+0000] {dag.py:3096} INFO - Sync 1 DAGs
[2026-04-28T20:13:40.127+0000] {logging_mixin.py:188} INFO - [2026-04-28T20:13:40.127+0000] {dag.py:3954} INFO - Setting next_dagrun for example_short_circuit_operator to 2026-04-27 00:00:00+00:00, run_after=2026-04-28 00:00:00+00:00
[2026-04-28T20:13:40.162+0000] {processor.py:183} INFO - Processing /home/airflow/.local/lib/python3.12/site-packages/airflow/example_dags/example_short_circuit_operator.py took 0.111 seconds
[2026-04-28T20:14:10.406+0000] {processor.py:161} INFO - Started process (PID=2460) to work on /home/airflow/.local/lib/python3.12/site-packages/airflow/example_dags/example_short_circuit_operator.py
[2026-04-28T20:14:10.408+0000] {processor.py:830} INFO - Processing file /home/airflow/.local/lib/python3.12/site-packages/airflow/example_dags/example_short_circuit_operator.py for tasks to queue
[2026-04-28T20:14:10.410+0000] {logging_mixin.py:188} INFO - [2026-04-28T20:14:10.409+0000] {dagbag.py:540} INFO - Filling up the DagBag from /home/airflow/.local/lib/python3.12/site-packages/airflow/example_dags/example_short_circuit_operator.py
[2026-04-28T20:14:10.421+0000] {processor.py:840} INFO - DAG(s) 'example_short_circuit_operator' retrieved from /home/airflow/.local/lib/python3.12/site-packages/airflow/example_dags/example_short_circuit_operator.py
[2026-04-28T20:14:10.464+0000] {logging_mixin.py:188} INFO - [2026-04-28T20:14:10.464+0000] {dag.py:3096} INFO - Sync 1 DAGs
[2026-04-28T20:14:10.496+0000] {logging_mixin.py:188} INFO - [2026-04-28T20:14:10.496+0000] {dag.py:3954} INFO - Setting next_dagrun for example_short_circuit_operator to 2026-04-27 00:00:00+00:00, run_after=2026-04-28 00:00:00+00:00
[2026-04-28T20:14:10.519+0000] {processor.py:183} INFO - Processing /home/airflow/.local/lib/python3.12/site-packages/airflow/example_dags/example_short_circuit_operator.py took 0.123 seconds
[2026-04-28T20:14:40.617+0000] {processor.py:161} INFO - Started process (PID=2521) to work on /home/airflow/.local/lib/python3.12/site-packages/airflow/example_dags/example_short_circuit_operator.py
[2026-04-28T20:14:40.617+0000] {processor.py:830} INFO - Processing file /home/airflow/.local/lib/python3.12/site-packages/airflow/example_dags/example_short_circuit_operator.py for tasks to queue
[2026-04-28T20:14:40.619+0000] {logging_mixin.py:188} INFO - [2026-04-28T20:14:40.619+0000] {dagbag.py:540} INFO - Filling up the DagBag from /home/airflow/.local/lib/python3.12/site-packages/airflow/example_dags/example_short_circuit_operator.py
[2026-04-28T20:14:40.626+0000] {processor.py:840} INFO - DAG(s) 'example_short_circuit_operator' retrieved from /home/airflow/.local/lib/python3.12/site-packages/airflow/example_dags/example_short_circuit_operator.py
[2026-04-28T20:14:40.646+0000] {logging_mixin.py:188} INFO - [2026-04-28T20:14:40.646+0000] {dag.py:3096} INFO - Sync 1 DAGs
[2026-04-28T20:14:40.665+0000] {logging_mixin.py:188} INFO - [2026-04-28T20:14:40.665+0000] {dag.py:3954} INFO - Setting next_dagrun for example_short_circuit_operator to 2026-04-27 00:00:00+00:00, run_after=2026-04-28 00:00:00+00:00
[2026-04-28T20:14:40.679+0000] {processor.py:183} INFO - Processing /home/airflow/.local/lib/python3.12/site-packages/airflow/example_dags/example_short_circuit_operator.py took 0.068 seconds
[2026-04-28T20:15:11.513+0000] {processor.py:161} INFO - Started process (PID=2580) to work on /home/airflow/.local/lib/python3.12/site-packages/airflow/example_dags/example_short_circuit_operator.py
[2026-04-28T20:15:11.514+0000] {processor.py:830} INFO - Processing file /home/airflow/.local/lib/python3.12/site-packages/airflow/example_dags/example_short_circuit_operator.py for tasks to queue
[2026-04-28T20:15:11.515+0000] {logging_mixin.py:188} INFO - [2026-04-28T20:15:11.515+0000] {dagbag.py:540} INFO - Filling up the DagBag from /home/airflow/.local/lib/python3.12/site-packages/airflow/example_dags/example_short_circuit_operator.py
[2026-04-28T20:15:11.522+0000] {processor.py:840} INFO - DAG(s) 'example_short_circuit_operator' retrieved from /home/airflow/.local/lib/python3.12/site-packages/airflow/example_dags/example_short_circuit_operator.py
[2026-04-28T20:15:11.542+0000] {logging_mixin.py:188} INFO - [2026-04-28T20:15:11.541+0000] {dag.py:3096} INFO - Sync 1 DAGs
[2026-04-28T20:15:11.560+0000] {logging_mixin.py:188} INFO - [2026-04-28T20:15:11.560+0000] {dag.py:3954} INFO - Setting next_dagrun for example_short_circuit_operator to 2026-04-27 00:00:00+00:00, run_after=2026-04-28 00:00:00+00:00
[2026-04-28T20:15:11.575+0000] {processor.py:183} INFO - Processing /home/airflow/.local/lib/python3.12/site-packages/airflow/example_dags/example_short_circuit_operator.py took 0.070 seconds
[2026-04-28T20:15:41.764+0000] {processor.py:161} INFO - Started process (PID=2640) to work on /home/airflow/.local/lib/python3.12/site-packages/airflow/example_dags/example_short_circuit_operator.py
[2026-04-28T20:15:41.765+0000] {processor.py:830} INFO - Processing file /home/airflow/.local/lib/python3.12/site-packages/airflow/example_dags/example_short_circuit_operator.py for tasks to queue
[2026-04-28T20:15:41.767+0000] {logging_mixin.py:188} INFO - [2026-04-28T20:15:41.767+0000] {dagbag.py:540} INFO - Filling up the DagBag from /home/airflow/.local/lib/python3.12/site-packages/airflow/example_dags/example_short_circuit_operator.py
[2026-04-28T20:15:41.774+0000] {processor.py:840} INFO - DAG(s) 'example_short_circuit_operator' retrieved from /home/airflow/.local/lib/python3.12/site-packages/airflow/example_dags/example_short_circuit_operator.py
[2026-04-28T20:15:41.797+0000] {logging_mixin.py:188} INFO - [2026-04-28T20:15:41.797+0000] {dag.py:3096} INFO - Sync 1 DAGs
[2026-04-28T20:15:41.819+0000] {logging_mixin.py:188} INFO - [2026-04-28T20:15:41.819+0000] {dag.py:3954} INFO - Setting next_dagrun for example_short_circuit_operator to 2026-04-27 00:00:00+00:00, run_after=2026-04-28 00:00:00+00:00
[2026-04-28T20:15:41.833+0000] {processor.py:183} INFO - Processing /home/airflow/.local/lib/python3.12/site-packages/airflow/example_dags/example_short_circuit_operator.py took 0.075 seconds
[2026-04-28T20:16:12.239+0000] {processor.py:161} INFO - Started process (PID=2700) to work on /home/airflow/.local/lib/python3.12/site-packages/airflow/example_dags/example_short_circuit_operator.py
[2026-04-28T20:16:12.240+0000] {processor.py:830} INFO - Processing file /home/airflow/.local/lib/python3.12/site-packages/airflow/example_dags/example_short_circuit_operator.py for tasks to queue
[2026-04-28T20:16:12.241+0000] {logging_mixin.py:188} INFO - [2026-04-28T20:16:12.241+0000] {dagbag.py:540} INFO - Filling up the DagBag from /home/airflow/.local/lib/python3.12/site-packages/airflow/example_dags/example_short_circuit_operator.py
[2026-04-28T20:16:12.248+0000] {processor.py:840} INFO - DAG(s) 'example_short_circuit_operator' retrieved from /home/airflow/.local/lib/python3.12/site-packages/airflow/example_dags/example_short_circuit_operator.py
[2026-04-28T20:16:12.270+0000] {logging_mixin.py:188} INFO - [2026-04-28T20:16:12.270+0000] {dag.py:3096} INFO - Sync 1 DAGs
[2026-04-28T20:16:12.289+0000] {logging_mixin.py:188} INFO - [2026-04-28T20:16:12.289+0000] {dag.py:3954} INFO - Setting next_dagrun for example_short_circuit_operator to 2026-04-27 00:00:00+00:00, run_after=2026-04-28 00:00:00+00:00
[2026-04-28T20:16:12.310+0000] {processor.py:183} INFO - Processing /home/airflow/.local/lib/python3.12/site-packages/airflow/example_dags/example_short_circuit_operator.py took 0.076 seconds
[2026-04-28T20:16:42.378+0000] {processor.py:161} INFO - Started process (PID=2760) to work on /home/airflow/.local/lib/python3.12/site-packages/airflow/example_dags/example_short_circuit_operator.py
[2026-04-28T20:16:42.380+0000] {processor.py:830} INFO - Processing file /home/airflow/.local/lib/python3.12/site-packages/airflow/example_dags/example_short_circuit_operator.py for tasks to queue
[2026-04-28T20:16:42.382+0000] {logging_mixin.py:188} INFO - [2026-04-28T20:16:42.382+0000] {dagbag.py:540} INFO - Filling up the DagBag from /home/airflow/.local/lib/python3.12/site-packages/airflow/example_dags/example_short_circuit_operator.py
[2026-04-28T20:16:42.391+0000] {processor.py:840} INFO - DAG(s) 'example_short_circuit_operator' retrieved from /home/airflow/.local/lib/python3.12/site-packages/airflow/example_dags/example_short_circuit_operator.py
[2026-04-28T20:16:42.432+0000] {logging_mixin.py:188} INFO - [2026-04-28T20:16:42.431+0000] {dag.py:3096} INFO - Sync 1 DAGs
[2026-04-28T20:16:42.460+0000] {logging_mixin.py:188} INFO - [2026-04-28T20:16:42.460+0000] {dag.py:3954} INFO - Setting next_dagrun for example_short_circuit_operator to 2026-04-27 00:00:00+00:00, run_after=2026-04-28 00:00:00+00:00
[2026-04-28T20:16:42.483+0000] {processor.py:183} INFO - Processing /home/airflow/.local/lib/python3.12/site-packages/airflow/example_dags/example_short_circuit_operator.py took 0.113 seconds
[2026-04-28T20:17:12.792+0000] {processor.py:161} INFO - Started process (PID=2820) to work on /home/airflow/.local/lib/python3.12/site-packages/airflow/example_dags/example_short_circuit_operator.py
[2026-04-28T20:17:12.793+0000] {processor.py:830} INFO - Processing file /home/airflow/.local/lib/python3.12/site-packages/airflow/example_dags/example_short_circuit_operator.py for tasks to queue
[2026-04-28T20:17:12.795+0000] {logging_mixin.py:188} INFO - [2026-04-28T20:17:12.794+0000] {dagbag.py:540} INFO - Filling up the DagBag from /home/airflow/.local/lib/python3.12/site-packages/airflow/example_dags/example_short_circuit_operator.py
[2026-04-28T20:17:12.803+0000] {processor.py:840} INFO - DAG(s) 'example_short_circuit_operator' retrieved from /home/airflow/.local/lib/python3.12/site-packages/airflow/example_dags/example_short_circuit_operator.py
[2026-04-28T20:17:12.825+0000] {logging_mixin.py:188} INFO - [2026-04-28T20:17:12.824+0000] {dag.py:3096} INFO - Sync 1 DAGs
[2026-04-28T20:17:12.844+0000] {logging_mixin.py:188} INFO - [2026-04-28T20:17:12.843+0000] {dag.py:3954} INFO - Setting next_dagrun for example_short_circuit_operator to 2026-04-27 00:00:00+00:00, run_after=2026-04-28 00:00:00+00:00
[2026-04-28T20:17:12.858+0000] {processor.py:183} INFO - Processing /home/airflow/.local/lib/python3.12/site-packages/airflow/example_dags/example_short_circuit_operator.py took 0.073 seconds
[2026-04-28T20:17:43.157+0000] {processor.py:161} INFO - Started process (PID=2880) to work on /home/airflow/.local/lib/python3.12/site-packages/airflow/example_dags/example_short_circuit_operator.py
[2026-04-28T20:17:43.158+0000] {processor.py:830} INFO - Processing file /home/airflow/.local/lib/python3.12/site-packages/airflow/example_dags/example_short_circuit_operator.py for tasks to queue
[2026-04-28T20:17:43.160+0000] {logging_mixin.py:188} INFO - [2026-04-28T20:17:43.160+0000] {dagbag.py:540} INFO - Filling up the DagBag from /home/airflow/.local/lib/python3.12/site-packages/airflow/example_dags/example_short_circuit_operator.py
[2026-04-28T20:17:43.166+0000] {processor.py:840} INFO - DAG(s) 'example_short_circuit_operator' retrieved from /home/airflow/.local/lib/python3.12/site-packages/airflow/example_dags/example_short_circuit_operator.py
[2026-04-28T20:17:43.187+0000] {logging_mixin.py:188} INFO - [2026-04-28T20:17:43.186+0000] {dag.py:3096} INFO - Sync 1 DAGs
[2026-04-28T20:17:43.210+0000] {logging_mixin.py:188} INFO - [2026-04-28T20:17:43.210+0000] {dag.py:3954} INFO - Setting next_dagrun for example_short_circuit_operator to 2026-04-27 00:00:00+00:00, run_after=2026-04-28 00:00:00+00:00
[2026-04-28T20:17:43.225+0000] {processor.py:183} INFO - Processing /home/airflow/.local/lib/python3.12/site-packages/airflow/example_dags/example_short_circuit_operator.py took 0.073 seconds
[2026-04-28T20:18:13.647+0000] {processor.py:161} INFO - Started process (PID=2940) to work on /home/airflow/.local/lib/python3.12/site-packages/airflow/example_dags/example_short_circuit_operator.py
[2026-04-28T20:18:13.648+0000] {processor.py:830} INFO - Processing file /home/airflow/.local/lib/python3.12/site-packages/airflow/example_dags/example_short_circuit_operator.py for tasks to queue
[2026-04-28T20:18:13.649+0000] {logging_mixin.py:188} INFO - [2026-04-28T20:18:13.649+0000] {dagbag.py:540} INFO - Filling up the DagBag from /home/airflow/.local/lib/python3.12/site-packages/airflow/example_dags/example_short_circuit_operator.py
[2026-04-28T20:18:13.656+0000] {processor.py:840} INFO - DAG(s) 'example_short_circuit_operator' retrieved from /home/airflow/.local/lib/python3.12/site-packages/airflow/example_dags/example_short_circuit_operator.py
[2026-04-28T20:18:13.676+0000] {logging_mixin.py:188} INFO - [2026-04-28T20:18:13.676+0000] {dag.py:3096} INFO - Sync 1 DAGs
[2026-04-28T20:18:13.695+0000] {logging_mixin.py:188} INFO - [2026-04-28T20:18:13.695+0000] {dag.py:3954} INFO - Setting next_dagrun for example_short_circuit_operator to 2026-04-27 00:00:00+00:00, run_after=2026-04-28 00:00:00+00:00
[2026-04-28T20:18:13.713+0000] {processor.py:183} INFO - Processing /home/airflow/.local/lib/python3.12/site-packages/airflow/example_dags/example_short_circuit_operator.py took 0.071 seconds
[2026-04-28T20:18:43.972+0000] {processor.py:161} INFO - Started process (PID=2999) to work on /home/airflow/.local/lib/python3.12/site-packages/airflow/example_dags/example_short_circuit_operator.py
[2026-04-28T20:18:43.973+0000] {processor.py:830} INFO - Processing file /home/airflow/.local/lib/python3.12/site-packages/airflow/example_dags/example_short_circuit_operator.py for tasks to queue
[2026-04-28T20:18:43.975+0000] {logging_mixin.py:188} INFO - [2026-04-28T20:18:43.975+0000] {dagbag.py:540} INFO - Filling up the DagBag from /home/airflow/.local/lib/python3.12/site-packages/airflow/example_dags/example_short_circuit_operator.py
[2026-04-28T20:18:43.987+0000] {processor.py:840} INFO - DAG(s) 'example_short_circuit_operator' retrieved from /home/airflow/.local/lib/python3.12/site-packages/airflow/example_dags/example_short_circuit_operator.py
[2026-04-28T20:18:44.018+0000] {logging_mixin.py:188} INFO - [2026-04-28T20:18:44.017+0000] {dag.py:3096} INFO - Sync 1 DAGs
[2026-04-28T20:18:44.045+0000] {logging_mixin.py:188} INFO - [2026-04-28T20:18:44.045+0000] {dag.py:3954} INFO - Setting next_dagrun for example_short_circuit_operator to 2026-04-27 00:00:00+00:00, run_after=2026-04-28 00:00:00+00:00
[2026-04-28T20:18:44.067+0000] {processor.py:183} INFO - Processing /home/airflow/.local/lib/python3.12/site-packages/airflow/example_dags/example_short_circuit_operator.py took 0.106 seconds
[2026-04-28T20:19:14.183+0000] {processor.py:161} INFO - Started process (PID=3057) to work on /home/airflow/.local/lib/python3.12/site-packages/airflow/example_dags/example_short_circuit_operator.py
[2026-04-28T20:19:14.184+0000] {processor.py:830} INFO - Processing file /home/airflow/.local/lib/python3.12/site-packages/airflow/example_dags/example_short_circuit_operator.py for tasks to queue
[2026-04-28T20:19:14.186+0000] {logging_mixin.py:188} INFO - [2026-04-28T20:19:14.186+0000] {dagbag.py:540} INFO - Filling up the DagBag from /home/airflow/.local/lib/python3.12/site-packages/airflow/example_dags/example_short_circuit_operator.py
[2026-04-28T20:19:14.197+0000] {processor.py:840} INFO - DAG(s) 'example_short_circuit_operator' retrieved from /home/airflow/.local/lib/python3.12/site-packages/airflow/example_dags/example_short_circuit_operator.py
[2026-04-28T20:19:14.234+0000] {logging_mixin.py:188} INFO - [2026-04-28T20:19:14.234+0000] {dag.py:3096} INFO - Sync 1 DAGs
[2026-04-28T20:19:14.262+0000] {logging_mixin.py:188} INFO - [2026-04-28T20:19:14.261+0000] {dag.py:3954} INFO - Setting next_dagrun for example_short_circuit_operator to 2026-04-27 00:00:00+00:00, run_after=2026-04-28 00:00:00+00:00
[2026-04-28T20:19:14.284+0000] {processor.py:183} INFO - Processing /home/airflow/.local/lib/python3.12/site-packages/airflow/example_dags/example_short_circuit_operator.py took 0.107 seconds
[2026-04-28T20:19:44.762+0000] {processor.py:161} INFO - Started process (PID=3117) to work on /home/airflow/.local/lib/python3.12/site-packages/airflow/example_dags/example_short_circuit_operator.py
[2026-04-28T20:19:44.764+0000] {processor.py:830} INFO - Processing file /home/airflow/.local/lib/python3.12/site-packages/airflow/example_dags/example_short_circuit_operator.py for tasks to queue
[2026-04-28T20:19:44.768+0000] {logging_mixin.py:188} INFO - [2026-04-28T20:19:44.768+0000] {dagbag.py:540} INFO - Filling up the DagBag from /home/airflow/.local/lib/python3.12/site-packages/airflow/example_dags/example_short_circuit_operator.py
[2026-04-28T20:19:44.778+0000] {processor.py:840} INFO - DAG(s) 'example_short_circuit_operator' retrieved from /home/airflow/.local/lib/python3.12/site-packages/airflow/example_dags/example_short_circuit_operator.py
[2026-04-28T20:19:44.807+0000] {logging_mixin.py:188} INFO - [2026-04-28T20:19:44.807+0000] {dag.py:3096} INFO - Sync 1 DAGs
[2026-04-28T20:19:44.835+0000] {logging_mixin.py:188} INFO - [2026-04-28T20:19:44.834+0000] {dag.py:3954} INFO - Setting next_dagrun for example_short_circuit_operator to 2026-04-27 00:00:00+00:00, run_after=2026-04-28 00:00:00+00:00
[2026-04-28T20:19:44.866+0000] {processor.py:183} INFO - Processing /home/airflow/.local/lib/python3.12/site-packages/airflow/example_dags/example_short_circuit_operator.py took 0.111 seconds
[2026-04-28T20:20:15.336+0000] {processor.py:161} INFO - Started process (PID=3177) to work on /home/airflow/.local/lib/python3.12/site-packages/airflow/example_dags/example_short_circuit_operator.py
[2026-04-28T20:20:15.337+0000] {processor.py:830} INFO - Processing file /home/airflow/.local/lib/python3.12/site-packages/airflow/example_dags/example_short_circuit_operator.py for tasks to queue
[2026-04-28T20:20:15.339+0000] {logging_mixin.py:188} INFO - [2026-04-28T20:20:15.339+0000] {dagbag.py:540} INFO - Filling up the DagBag from /home/airflow/.local/lib/python3.12/site-packages/airflow/example_dags/example_short_circuit_operator.py
[2026-04-28T20:20:15.350+0000] {processor.py:840} INFO - DAG(s) 'example_short_circuit_operator' retrieved from /home/airflow/.local/lib/python3.12/site-packages/airflow/example_dags/example_short_circuit_operator.py
[2026-04-28T20:20:15.380+0000] {logging_mixin.py:188} INFO - [2026-04-28T20:20:15.380+0000] {dag.py:3096} INFO - Sync 1 DAGs
[2026-04-28T20:20:15.406+0000] {logging_mixin.py:188} INFO - [2026-04-28T20:20:15.405+0000] {dag.py:3954} INFO - Setting next_dagrun for example_short_circuit_operator to 2026-04-27 00:00:00+00:00, run_after=2026-04-28 00:00:00+00:00
[2026-04-28T20:20:15.432+0000] {processor.py:183} INFO - Processing /home/airflow/.local/lib/python3.12/site-packages/airflow/example_dags/example_short_circuit_operator.py took 0.103 seconds
[2026-04-28T20:20:45.531+0000] {processor.py:161} INFO - Started process (PID=3237) to work on /home/airflow/.local/lib/python3.12/site-packages/airflow/example_dags/example_short_circuit_operator.py
[2026-04-28T20:20:45.532+0000] {processor.py:830} INFO - Processing file /home/airflow/.local/lib/python3.12/site-packages/airflow/example_dags/example_short_circuit_operator.py for tasks to queue
[2026-04-28T20:20:45.533+0000] {logging_mixin.py:188} INFO - [2026-04-28T20:20:45.533+0000] {dagbag.py:540} INFO - Filling up the DagBag from /home/airflow/.local/lib/python3.12/site-packages/airflow/example_dags/example_short_circuit_operator.py
[2026-04-28T20:20:45.539+0000] {processor.py:840} INFO - DAG(s) 'example_short_circuit_operator' retrieved from /home/airflow/.local/lib/python3.12/site-packages/airflow/example_dags/example_short_circuit_operator.py
[2026-04-28T20:20:45.559+0000] {logging_mixin.py:188} INFO - [2026-04-28T20:20:45.559+0000] {dag.py:3096} INFO - Sync 1 DAGs
[2026-04-28T20:20:45.578+0000] {logging_mixin.py:188} INFO - [2026-04-28T20:20:45.578+0000] {dag.py:3954} INFO - Setting next_dagrun for example_short_circuit_operator to 2026-04-27 00:00:00+00:00, run_after=2026-04-28 00:00:00+00:00
[2026-04-28T20:20:45.603+0000] {processor.py:183} INFO - Processing /home/airflow/.local/lib/python3.12/site-packages/airflow/example_dags/example_short_circuit_operator.py took 0.077 seconds
[2026-04-28T20:21:15.709+0000] {processor.py:161} INFO - Started process (PID=3297) to work on /home/airflow/.local/lib/python3.12/site-packages/airflow/example_dags/example_short_circuit_operator.py
[2026-04-28T20:21:15.718+0000] {processor.py:830} INFO - Processing file /home/airflow/.local/lib/python3.12/site-packages/airflow/example_dags/example_short_circuit_operator.py for tasks to queue
[2026-04-28T20:21:15.723+0000] {logging_mixin.py:188} INFO - [2026-04-28T20:21:15.723+0000] {dagbag.py:540} INFO - Filling up the DagBag from /home/airflow/.local/lib/python3.12/site-packages/airflow/example_dags/example_short_circuit_operator.py
[2026-04-28T20:21:15.738+0000] {processor.py:840} INFO - DAG(s) 'example_short_circuit_operator' retrieved from /home/airflow/.local/lib/python3.12/site-packages/airflow/example_dags/example_short_circuit_operator.py
[2026-04-28T20:21:15.835+0000] {logging_mixin.py:188} INFO - [2026-04-28T20:21:15.832+0000] {dag.py:3096} INFO - Sync 1 DAGs
[2026-04-28T20:21:15.902+0000] {logging_mixin.py:188} INFO - [2026-04-28T20:21:15.902+0000] {dag.py:3954} INFO - Setting next_dagrun for example_short_circuit_operator to 2026-04-27 00:00:00+00:00, run_after=2026-04-28 00:00:00+00:00
[2026-04-28T20:21:15.944+0000] {processor.py:183} INFO - Processing /home/airflow/.local/lib/python3.12/site-packages/airflow/example_dags/example_short_circuit_operator.py took 0.246 seconds
[2026-04-28T20:32:20.294+0000] {processor.py:161} INFO - Started process (PID=182) to work on /home/airflow/.local/lib/python3.12/site-packages/airflow/example_dags/example_short_circuit_operator.py
[2026-04-28T20:32:20.309+0000] {processor.py:830} INFO - Processing file /home/airflow/.local/lib/python3.12/site-packages/airflow/example_dags/example_short_circuit_operator.py for tasks to queue
[2026-04-28T20:32:20.321+0000] {logging_mixin.py:188} INFO - [2026-04-28T20:32:20.320+0000] {dagbag.py:540} INFO - Filling up the DagBag from /home/airflow/.local/lib/python3.12/site-packages/airflow/example_dags/example_short_circuit_operator.py
[2026-04-28T20:32:20.499+0000] {processor.py:840} INFO - DAG(s) 'example_short_circuit_operator' retrieved from /home/airflow/.local/lib/python3.12/site-packages/airflow/example_dags/example_short_circuit_operator.py
[2026-04-28T20:32:21.602+0000] {logging_mixin.py:188} INFO - [2026-04-28T20:32:21.601+0000] {dag.py:3096} INFO - Sync 1 DAGs
[2026-04-28T20:32:21.762+0000] {logging_mixin.py:188} INFO - [2026-04-28T20:32:21.759+0000] {dag.py:3954} INFO - Setting next_dagrun for example_short_circuit_operator to 2026-04-27 00:00:00+00:00, run_after=2026-04-28 00:00:00+00:00
[2026-04-28T20:32:21.949+0000] {processor.py:183} INFO - Processing /home/airflow/.local/lib/python3.12/site-packages/airflow/example_dags/example_short_circuit_operator.py took 1.779 seconds
[2026-04-28T20:33:11.629+0000] {processor.py:161} INFO - Started process (PID=249) to work on /home/airflow/.local/lib/python3.12/site-packages/airflow/example_dags/example_short_circuit_operator.py
[2026-04-28T20:33:11.650+0000] {processor.py:830} INFO - Processing file /home/airflow/.local/lib/python3.12/site-packages/airflow/example_dags/example_short_circuit_operator.py for tasks to queue
[2026-04-28T20:33:11.658+0000] {logging_mixin.py:188} INFO - [2026-04-28T20:33:11.656+0000] {dagbag.py:540} INFO - Filling up the DagBag from /home/airflow/.local/lib/python3.12/site-packages/airflow/example_dags/example_short_circuit_operator.py
[2026-04-28T20:33:11.717+0000] {processor.py:840} INFO - DAG(s) 'example_short_circuit_operator' retrieved from /home/airflow/.local/lib/python3.12/site-packages/airflow/example_dags/example_short_circuit_operator.py
[2026-04-28T20:33:11.908+0000] {logging_mixin.py:188} INFO - [2026-04-28T20:33:11.907+0000] {dag.py:3096} INFO - Sync 1 DAGs
[2026-04-28T20:33:12.037+0000] {logging_mixin.py:188} INFO - [2026-04-28T20:33:12.037+0000] {dag.py:3954} INFO - Setting next_dagrun for example_short_circuit_operator to 2026-04-27 00:00:00+00:00, run_after=2026-04-28 00:00:00+00:00
[2026-04-28T20:33:12.120+0000] {processor.py:183} INFO - Processing /home/airflow/.local/lib/python3.12/site-packages/airflow/example_dags/example_short_circuit_operator.py took 0.532 seconds
[2026-04-28T20:33:43.162+0000] {processor.py:161} INFO - Started process (PID=309) to work on /home/airflow/.local/lib/python3.12/site-packages/airflow/example_dags/example_short_circuit_operator.py
[2026-04-28T20:33:43.167+0000] {processor.py:830} INFO - Processing file /home/airflow/.local/lib/python3.12/site-packages/airflow/example_dags/example_short_circuit_operator.py for tasks to queue
[2026-04-28T20:33:43.177+0000] {logging_mixin.py:188} INFO - [2026-04-28T20:33:43.177+0000] {dagbag.py:540} INFO - Filling up the DagBag from /home/airflow/.local/lib/python3.12/site-packages/airflow/example_dags/example_short_circuit_operator.py
[2026-04-28T20:33:43.224+0000] {processor.py:840} INFO - DAG(s) 'example_short_circuit_operator' retrieved from /home/airflow/.local/lib/python3.12/site-packages/airflow/example_dags/example_short_circuit_operator.py
[2026-04-28T20:33:43.315+0000] {logging_mixin.py:188} INFO - [2026-04-28T20:33:43.315+0000] {dag.py:3096} INFO - Sync 1 DAGs
[2026-04-28T20:33:43.361+0000] {logging_mixin.py:188} INFO - [2026-04-28T20:33:43.361+0000] {dag.py:3954} INFO - Setting next_dagrun for example_short_circuit_operator to 2026-04-27 00:00:00+00:00, run_after=2026-04-28 00:00:00+00:00
[2026-04-28T20:33:43.459+0000] {processor.py:183} INFO - Processing /home/airflow/.local/lib/python3.12/site-packages/airflow/example_dags/example_short_circuit_operator.py took 0.329 seconds
[2026-04-28T20:34:13.716+0000] {processor.py:161} INFO - Started process (PID=367) to work on /home/airflow/.local/lib/python3.12/site-packages/airflow/example_dags/example_short_circuit_operator.py
[2026-04-28T20:34:13.718+0000] {processor.py:830} INFO - Processing file /home/airflow/.local/lib/python3.12/site-packages/airflow/example_dags/example_short_circuit_operator.py for tasks to queue
[2026-04-28T20:34:13.720+0000] {logging_mixin.py:188} INFO - [2026-04-28T20:34:13.720+0000] {dagbag.py:540} INFO - Filling up the DagBag from /home/airflow/.local/lib/python3.12/site-packages/airflow/example_dags/example_short_circuit_operator.py
[2026-04-28T20:34:13.732+0000] {processor.py:840} INFO - DAG(s) 'example_short_circuit_operator' retrieved from /home/airflow/.local/lib/python3.12/site-packages/airflow/example_dags/example_short_circuit_operator.py
[2026-04-28T20:34:13.795+0000] {logging_mixin.py:188} INFO - [2026-04-28T20:34:13.795+0000] {dag.py:3096} INFO - Sync 1 DAGs
[2026-04-28T20:34:13.852+0000] {logging_mixin.py:188} INFO - [2026-04-28T20:34:13.852+0000] {dag.py:3954} INFO - Setting next_dagrun for example_short_circuit_operator to 2026-04-27 00:00:00+00:00, run_after=2026-04-28 00:00:00+00:00
[2026-04-28T20:34:13.891+0000] {processor.py:183} INFO - Processing /home/airflow/.local/lib/python3.12/site-packages/airflow/example_dags/example_short_circuit_operator.py took 0.192 seconds
[2026-04-28T20:34:44.001+0000] {processor.py:161} INFO - Started process (PID=427) to work on /home/airflow/.local/lib/python3.12/site-packages/airflow/example_dags/example_short_circuit_operator.py
[2026-04-28T20:34:44.005+0000] {processor.py:830} INFO - Processing file /home/airflow/.local/lib/python3.12/site-packages/airflow/example_dags/example_short_circuit_operator.py for tasks to queue
[2026-04-28T20:34:44.010+0000] {logging_mixin.py:188} INFO - [2026-04-28T20:34:44.010+0000] {dagbag.py:540} INFO - Filling up the DagBag from /home/airflow/.local/lib/python3.12/site-packages/airflow/example_dags/example_short_circuit_operator.py
[2026-04-28T20:34:44.031+0000] {processor.py:840} INFO - DAG(s) 'example_short_circuit_operator' retrieved from /home/airflow/.local/lib/python3.12/site-packages/airflow/example_dags/example_short_circuit_operator.py
[2026-04-28T20:34:44.074+0000] {logging_mixin.py:188} INFO - [2026-04-28T20:34:44.074+0000] {dag.py:3096} INFO - Sync 1 DAGs
[2026-04-28T20:34:44.105+0000] {logging_mixin.py:188} INFO - [2026-04-28T20:34:44.105+0000] {dag.py:3954} INFO - Setting next_dagrun for example_short_circuit_operator to 2026-04-27 00:00:00+00:00, run_after=2026-04-28 00:00:00+00:00
[2026-04-28T20:34:44.126+0000] {processor.py:183} INFO - Processing /home/airflow/.local/lib/python3.12/site-packages/airflow/example_dags/example_short_circuit_operator.py took 0.141 seconds
[2026-04-28T20:47:16.105+0000] {processor.py:161} INFO - Started process (PID=79) to work on /home/airflow/.local/lib/python3.12/site-packages/airflow/example_dags/example_short_circuit_operator.py
[2026-04-28T20:47:16.118+0000] {processor.py:830} INFO - Processing file /home/airflow/.local/lib/python3.12/site-packages/airflow/example_dags/example_short_circuit_operator.py for tasks to queue
[2026-04-28T20:47:16.134+0000] {logging_mixin.py:188} INFO - [2026-04-28T20:47:16.133+0000] {dagbag.py:540} INFO - Filling up the DagBag from /home/airflow/.local/lib/python3.12/site-packages/airflow/example_dags/example_short_circuit_operator.py
[2026-04-28T20:47:16.180+0000] {processor.py:840} INFO - DAG(s) 'example_short_circuit_operator' retrieved from /home/airflow/.local/lib/python3.12/site-packages/airflow/example_dags/example_short_circuit_operator.py
[2026-04-28T20:47:16.752+0000] {logging_mixin.py:188} INFO - [2026-04-28T20:47:16.751+0000] {override.py:1829} INFO - Created Permission View: can read on DAG:example_short_circuit_operator
[2026-04-28T20:47:16.780+0000] {logging_mixin.py:188} INFO - [2026-04-28T20:47:16.779+0000] {override.py:1829} INFO - Created Permission View: can delete on DAG:example_short_circuit_operator
[2026-04-28T20:47:16.807+0000] {logging_mixin.py:188} INFO - [2026-04-28T20:47:16.806+0000] {override.py:1829} INFO - Created Permission View: can edit on DAG:example_short_circuit_operator
[2026-04-28T20:47:16.809+0000] {logging_mixin.py:188} INFO - [2026-04-28T20:47:16.808+0000] {dag.py:3096} INFO - Sync 1 DAGs
[2026-04-28T20:47:16.911+0000] {logging_mixin.py:188} INFO - [2026-04-28T20:47:16.910+0000] {dag.py:3118} INFO - Creating ORM DAG for example_short_circuit_operator
[2026-04-28T20:47:16.992+0000] {logging_mixin.py:188} INFO - [2026-04-28T20:47:16.992+0000] {dag.py:3954} INFO - Setting next_dagrun for example_short_circuit_operator to 2026-04-27 00:00:00+00:00, run_after=2026-04-28 00:00:00+00:00
[2026-04-28T20:47:17.171+0000] {processor.py:183} INFO - Processing /home/airflow/.local/lib/python3.12/site-packages/airflow/example_dags/example_short_circuit_operator.py took 1.091 seconds
[2026-04-28T20:47:47.911+0000] {processor.py:161} INFO - Started process (PID=140) to work on /home/airflow/.local/lib/python3.12/site-packages/airflow/example_dags/example_short_circuit_operator.py
[2026-04-28T20:47:47.914+0000] {processor.py:830} INFO - Processing file /home/airflow/.local/lib/python3.12/site-packages/airflow/example_dags/example_short_circuit_operator.py for tasks to queue
[2026-04-28T20:47:47.920+0000] {logging_mixin.py:188} INFO - [2026-04-28T20:47:47.919+0000] {dagbag.py:540} INFO - Filling up the DagBag from /home/airflow/.local/lib/python3.12/site-packages/airflow/example_dags/example_short_circuit_operator.py
[2026-04-28T20:47:47.953+0000] {processor.py:840} INFO - DAG(s) 'example_short_circuit_operator' retrieved from /home/airflow/.local/lib/python3.12/site-packages/airflow/example_dags/example_short_circuit_operator.py
[2026-04-28T20:47:48.045+0000] {logging_mixin.py:188} INFO - [2026-04-28T20:47:48.044+0000] {dag.py:3096} INFO - Sync 1 DAGs
[2026-04-28T20:47:48.080+0000] {logging_mixin.py:188} INFO - [2026-04-28T20:47:48.079+0000] {dag.py:3954} INFO - Setting next_dagrun for example_short_circuit_operator to 2026-04-27 00:00:00+00:00, run_after=2026-04-28 00:00:00+00:00
[2026-04-28T20:47:48.115+0000] {processor.py:183} INFO - Processing /home/airflow/.local/lib/python3.12/site-packages/airflow/example_dags/example_short_circuit_operator.py took 0.216 seconds
[2026-04-28T20:48:18.231+0000] {processor.py:161} INFO - Started process (PID=200) to work on /home/airflow/.local/lib/python3.12/site-packages/airflow/example_dags/example_short_circuit_operator.py
[2026-04-28T20:48:18.232+0000] {processor.py:830} INFO - Processing file /home/airflow/.local/lib/python3.12/site-packages/airflow/example_dags/example_short_circuit_operator.py for tasks to queue
[2026-04-28T20:48:18.236+0000] {logging_mixin.py:188} INFO - [2026-04-28T20:48:18.235+0000] {dagbag.py:540} INFO - Filling up the DagBag from /home/airflow/.local/lib/python3.12/site-packages/airflow/example_dags/example_short_circuit_operator.py
[2026-04-28T20:48:18.249+0000] {processor.py:840} INFO - DAG(s) 'example_short_circuit_operator' retrieved from /home/airflow/.local/lib/python3.12/site-packages/airflow/example_dags/example_short_circuit_operator.py
[2026-04-28T20:48:18.355+0000] {logging_mixin.py:188} INFO - [2026-04-28T20:48:18.355+0000] {dag.py:3096} INFO - Sync 1 DAGs
[2026-04-28T20:48:18.440+0000] {logging_mixin.py:188} INFO - [2026-04-28T20:48:18.440+0000] {dag.py:3954} INFO - Setting next_dagrun for example_short_circuit_operator to 2026-04-27 00:00:00+00:00, run_after=2026-04-28 00:00:00+00:00
[2026-04-28T20:48:18.463+0000] {processor.py:183} INFO - Processing /home/airflow/.local/lib/python3.12/site-packages/airflow/example_dags/example_short_circuit_operator.py took 0.244 seconds
[2026-04-28T20:48:49.259+0000] {processor.py:161} INFO - Started process (PID=260) to work on /home/airflow/.local/lib/python3.12/site-packages/airflow/example_dags/example_short_circuit_operator.py
[2026-04-28T20:48:49.260+0000] {processor.py:830} INFO - Processing file /home/airflow/.local/lib/python3.12/site-packages/airflow/example_dags/example_short_circuit_operator.py for tasks to queue
[2026-04-28T20:48:49.268+0000] {logging_mixin.py:188} INFO - [2026-04-28T20:48:49.268+0000] {dagbag.py:540} INFO - Filling up the DagBag from /home/airflow/.local/lib/python3.12/site-packages/airflow/example_dags/example_short_circuit_operator.py
[2026-04-28T20:48:49.285+0000] {processor.py:840} INFO - DAG(s) 'example_short_circuit_operator' retrieved from /home/airflow/.local/lib/python3.12/site-packages/airflow/example_dags/example_short_circuit_operator.py
[2026-04-28T20:48:49.359+0000] {logging_mixin.py:188} INFO - [2026-04-28T20:48:49.358+0000] {dag.py:3096} INFO - Sync 1 DAGs
[2026-04-28T20:48:49.423+0000] {logging_mixin.py:188} INFO - [2026-04-28T20:48:49.422+0000] {dag.py:3954} INFO - Setting next_dagrun for example_short_circuit_operator to 2026-04-27 00:00:00+00:00, run_after=2026-04-28 00:00:00+00:00
[2026-04-28T20:48:49.441+0000] {processor.py:183} INFO - Processing /home/airflow/.local/lib/python3.12/site-packages/airflow/example_dags/example_short_circuit_operator.py took 0.191 seconds
[2026-04-28T20:49:20.097+0000] {processor.py:161} INFO - Started process (PID=320) to work on /home/airflow/.local/lib/python3.12/site-packages/airflow/example_dags/example_short_circuit_operator.py
[2026-04-28T20:49:20.098+0000] {processor.py:830} INFO - Processing file /home/airflow/.local/lib/python3.12/site-packages/airflow/example_dags/example_short_circuit_operator.py for tasks to queue
[2026-04-28T20:49:20.100+0000] {logging_mixin.py:188} INFO - [2026-04-28T20:49:20.100+0000] {dagbag.py:540} INFO - Filling up the DagBag from /home/airflow/.local/lib/python3.12/site-packages/airflow/example_dags/example_short_circuit_operator.py
[2026-04-28T20:49:20.115+0000] {processor.py:840} INFO - DAG(s) 'example_short_circuit_operator' retrieved from /home/airflow/.local/lib/python3.12/site-packages/airflow/example_dags/example_short_circuit_operator.py
[2026-04-28T20:49:20.160+0000] {logging_mixin.py:188} INFO - [2026-04-28T20:49:20.159+0000] {dag.py:3096} INFO - Sync 1 DAGs
[2026-04-28T20:49:20.285+0000] {logging_mixin.py:188} INFO - [2026-04-28T20:49:20.285+0000] {dag.py:3954} INFO - Setting next_dagrun for example_short_circuit_operator to 2026-04-27 00:00:00+00:00, run_after=2026-04-28 00:00:00+00:00
[2026-04-28T20:49:20.350+0000] {processor.py:183} INFO - Processing /home/airflow/.local/lib/python3.12/site-packages/airflow/example_dags/example_short_circuit_operator.py took 0.261 seconds
[2026-04-28T20:49:51.382+0000] {processor.py:161} INFO - Started process (PID=380) to work on /home/airflow/.local/lib/python3.12/site-packages/airflow/example_dags/example_short_circuit_operator.py
[2026-04-28T20:49:51.390+0000] {processor.py:830} INFO - Processing file /home/airflow/.local/lib/python3.12/site-packages/airflow/example_dags/example_short_circuit_operator.py for tasks to queue
[2026-04-28T20:49:51.403+0000] {logging_mixin.py:188} INFO - [2026-04-28T20:49:51.403+0000] {dagbag.py:540} INFO - Filling up the DagBag from /home/airflow/.local/lib/python3.12/site-packages/airflow/example_dags/example_short_circuit_operator.py
[2026-04-28T20:49:51.470+0000] {processor.py:840} INFO - DAG(s) 'example_short_circuit_operator' retrieved from /home/airflow/.local/lib/python3.12/site-packages/airflow/example_dags/example_short_circuit_operator.py
[2026-04-28T20:49:51.625+0000] {logging_mixin.py:188} INFO - [2026-04-28T20:49:51.623+0000] {dag.py:3096} INFO - Sync 1 DAGs
[2026-04-28T20:49:51.679+0000] {logging_mixin.py:188} INFO - [2026-04-28T20:49:51.677+0000] {dag.py:3954} INFO - Setting next_dagrun for example_short_circuit_operator to 2026-04-27 00:00:00+00:00, run_after=2026-04-28 00:00:00+00:00
[2026-04-28T20:49:51.724+0000] {processor.py:183} INFO - Processing /home/airflow/.local/lib/python3.12/site-packages/airflow/example_dags/example_short_circuit_operator.py took 0.425 seconds
[2026-04-28T20:50:22.726+0000] {processor.py:161} INFO - Started process (PID=446) to work on /home/airflow/.local/lib/python3.12/site-packages/airflow/example_dags/example_short_circuit_operator.py
[2026-04-28T20:50:22.743+0000] {processor.py:830} INFO - Processing file /home/airflow/.local/lib/python3.12/site-packages/airflow/example_dags/example_short_circuit_operator.py for tasks to queue
[2026-04-28T20:50:22.751+0000] {logging_mixin.py:188} INFO - [2026-04-28T20:50:22.751+0000] {dagbag.py:540} INFO - Filling up the DagBag from /home/airflow/.local/lib/python3.12/site-packages/airflow/example_dags/example_short_circuit_operator.py
[2026-04-28T20:50:22.773+0000] {processor.py:840} INFO - DAG(s) 'example_short_circuit_operator' retrieved from /home/airflow/.local/lib/python3.12/site-packages/airflow/example_dags/example_short_circuit_operator.py
[2026-04-28T20:50:22.882+0000] {logging_mixin.py:188} INFO - [2026-04-28T20:50:22.881+0000] {dag.py:3096} INFO - Sync 1 DAGs
[2026-04-28T20:50:22.954+0000] {logging_mixin.py:188} INFO - [2026-04-28T20:50:22.953+0000] {dag.py:3954} INFO - Setting next_dagrun for example_short_circuit_operator to 2026-04-27 00:00:00+00:00, run_after=2026-04-28 00:00:00+00:00
[2026-04-28T20:50:23.001+0000] {processor.py:183} INFO - Processing /home/airflow/.local/lib/python3.12/site-packages/airflow/example_dags/example_short_circuit_operator.py took 0.290 seconds
[2026-04-28T20:50:53.854+0000] {processor.py:161} INFO - Started process (PID=506) to work on /home/airflow/.local/lib/python3.12/site-packages/airflow/example_dags/example_short_circuit_operator.py
[2026-04-28T20:50:53.868+0000] {processor.py:830} INFO - Processing file /home/airflow/.local/lib/python3.12/site-packages/airflow/example_dags/example_short_circuit_operator.py for tasks to queue
[2026-04-28T20:50:53.891+0000] {logging_mixin.py:188} INFO - [2026-04-28T20:50:53.878+0000] {dagbag.py:540} INFO - Filling up the DagBag from /home/airflow/.local/lib/python3.12/site-packages/airflow/example_dags/example_short_circuit_operator.py
[2026-04-28T20:50:53.951+0000] {processor.py:840} INFO - DAG(s) 'example_short_circuit_operator' retrieved from /home/airflow/.local/lib/python3.12/site-packages/airflow/example_dags/example_short_circuit_operator.py
[2026-04-28T20:50:54.114+0000] {logging_mixin.py:188} INFO - [2026-04-28T20:50:54.111+0000] {dag.py:3096} INFO - Sync 1 DAGs
[2026-04-28T20:50:54.206+0000] {logging_mixin.py:188} INFO - [2026-04-28T20:50:54.204+0000] {dag.py:3954} INFO - Setting next_dagrun for example_short_circuit_operator to 2026-04-27 00:00:00+00:00, run_after=2026-04-28 00:00:00+00:00
[2026-04-28T20:50:54.252+0000] {processor.py:183} INFO - Processing /home/airflow/.local/lib/python3.12/site-packages/airflow/example_dags/example_short_circuit_operator.py took 0.477 seconds
[2026-04-28T20:51:24.379+0000] {processor.py:161} INFO - Started process (PID=566) to work on /home/airflow/.local/lib/python3.12/site-packages/airflow/example_dags/example_short_circuit_operator.py
[2026-04-28T20:51:24.382+0000] {processor.py:830} INFO - Processing file /home/airflow/.local/lib/python3.12/site-packages/airflow/example_dags/example_short_circuit_operator.py for tasks to queue
[2026-04-28T20:51:24.385+0000] {logging_mixin.py:188} INFO - [2026-04-28T20:51:24.385+0000] {dagbag.py:540} INFO - Filling up the DagBag from /home/airflow/.local/lib/python3.12/site-packages/airflow/example_dags/example_short_circuit_operator.py
[2026-04-28T20:51:24.403+0000] {processor.py:840} INFO - DAG(s) 'example_short_circuit_operator' retrieved from /home/airflow/.local/lib/python3.12/site-packages/airflow/example_dags/example_short_circuit_operator.py
[2026-04-28T20:51:24.475+0000] {logging_mixin.py:188} INFO - [2026-04-28T20:51:24.474+0000] {dag.py:3096} INFO - Sync 1 DAGs
[2026-04-28T20:51:24.502+0000] {logging_mixin.py:188} INFO - [2026-04-28T20:51:24.501+0000] {dag.py:3954} INFO - Setting next_dagrun for example_short_circuit_operator to 2026-04-27 00:00:00+00:00, run_after=2026-04-28 00:00:00+00:00
[2026-04-28T20:51:24.520+0000] {processor.py:183} INFO - Processing /home/airflow/.local/lib/python3.12/site-packages/airflow/example_dags/example_short_circuit_operator.py took 0.156 seconds
[2026-04-28T20:51:55.336+0000] {processor.py:161} INFO - Started process (PID=627) to work on /home/airflow/.local/lib/python3.12/site-packages/airflow/example_dags/example_short_circuit_operator.py
[2026-04-28T20:51:55.341+0000] {processor.py:830} INFO - Processing file /home/airflow/.local/lib/python3.12/site-packages/airflow/example_dags/example_short_circuit_operator.py for tasks to queue
[2026-04-28T20:51:55.347+0000] {logging_mixin.py:188} INFO - [2026-04-28T20:51:55.346+0000] {dagbag.py:540} INFO - Filling up the DagBag from /home/airflow/.local/lib/python3.12/site-packages/airflow/example_dags/example_short_circuit_operator.py
[2026-04-28T20:51:55.365+0000] {processor.py:840} INFO - DAG(s) 'example_short_circuit_operator' retrieved from /home/airflow/.local/lib/python3.12/site-packages/airflow/example_dags/example_short_circuit_operator.py
[2026-04-28T20:51:55.421+0000] {logging_mixin.py:188} INFO - [2026-04-28T20:51:55.421+0000] {dag.py:3096} INFO - Sync 1 DAGs
[2026-04-28T20:51:55.468+0000] {logging_mixin.py:188} INFO - [2026-04-28T20:51:55.468+0000] {dag.py:3954} INFO - Setting next_dagrun for example_short_circuit_operator to 2026-04-27 00:00:00+00:00, run_after=2026-04-28 00:00:00+00:00
[2026-04-28T20:51:55.505+0000] {processor.py:183} INFO - Processing /home/airflow/.local/lib/python3.12/site-packages/airflow/example_dags/example_short_circuit_operator.py took 0.189 seconds
[2026-04-28T20:52:26.088+0000] {processor.py:161} INFO - Started process (PID=687) to work on /home/airflow/.local/lib/python3.12/site-packages/airflow/example_dags/example_short_circuit_operator.py
[2026-04-28T20:52:26.093+0000] {processor.py:830} INFO - Processing file /home/airflow/.local/lib/python3.12/site-packages/airflow/example_dags/example_short_circuit_operator.py for tasks to queue
[2026-04-28T20:52:26.098+0000] {logging_mixin.py:188} INFO - [2026-04-28T20:52:26.097+0000] {dagbag.py:540} INFO - Filling up the DagBag from /home/airflow/.local/lib/python3.12/site-packages/airflow/example_dags/example_short_circuit_operator.py
[2026-04-28T20:52:26.116+0000] {processor.py:840} INFO - DAG(s) 'example_short_circuit_operator' retrieved from /home/airflow/.local/lib/python3.12/site-packages/airflow/example_dags/example_short_circuit_operator.py
[2026-04-28T20:52:26.161+0000] {logging_mixin.py:188} INFO - [2026-04-28T20:52:26.161+0000] {dag.py:3096} INFO - Sync 1 DAGs
[2026-04-28T20:52:26.188+0000] {logging_mixin.py:188} INFO - [2026-04-28T20:52:26.187+0000] {dag.py:3954} INFO - Setting next_dagrun for example_short_circuit_operator to 2026-04-27 00:00:00+00:00, run_after=2026-04-28 00:00:00+00:00
[2026-04-28T20:52:26.208+0000] {processor.py:183} INFO - Processing /home/airflow/.local/lib/python3.12/site-packages/airflow/example_dags/example_short_circuit_operator.py took 0.130 seconds
[2026-04-28T20:52:56.676+0000] {processor.py:161} INFO - Started process (PID=747) to work on /home/airflow/.local/lib/python3.12/site-packages/airflow/example_dags/example_short_circuit_operator.py
[2026-04-28T20:52:56.680+0000] {processor.py:830} INFO - Processing file /home/airflow/.local/lib/python3.12/site-packages/airflow/example_dags/example_short_circuit_operator.py for tasks to queue
[2026-04-28T20:52:56.690+0000] {logging_mixin.py:188} INFO - [2026-04-28T20:52:56.689+0000] {dagbag.py:540} INFO - Filling up the DagBag from /home/airflow/.local/lib/python3.12/site-packages/airflow/example_dags/example_short_circuit_operator.py
[2026-04-28T20:52:56.712+0000] {processor.py:840} INFO - DAG(s) 'example_short_circuit_operator' retrieved from /home/airflow/.local/lib/python3.12/site-packages/airflow/example_dags/example_short_circuit_operator.py
[2026-04-28T20:52:56.753+0000] {logging_mixin.py:188} INFO - [2026-04-28T20:52:56.753+0000] {dag.py:3096} INFO - Sync 1 DAGs
[2026-04-28T20:52:56.785+0000] {logging_mixin.py:188} INFO - [2026-04-28T20:52:56.785+0000] {dag.py:3954} INFO - Setting next_dagrun for example_short_circuit_operator to 2026-04-27 00:00:00+00:00, run_after=2026-04-28 00:00:00+00:00
[2026-04-28T20:52:56.843+0000] {processor.py:183} INFO - Processing /home/airflow/.local/lib/python3.12/site-packages/airflow/example_dags/example_short_circuit_operator.py took 0.179 seconds
[2026-04-28T20:53:27.287+0000] {processor.py:161} INFO - Started process (PID=807) to work on /home/airflow/.local/lib/python3.12/site-packages/airflow/example_dags/example_short_circuit_operator.py
[2026-04-28T20:53:27.289+0000] {processor.py:830} INFO - Processing file /home/airflow/.local/lib/python3.12/site-packages/airflow/example_dags/example_short_circuit_operator.py for tasks to queue
[2026-04-28T20:53:27.291+0000] {logging_mixin.py:188} INFO - [2026-04-28T20:53:27.290+0000] {dagbag.py:540} INFO - Filling up the DagBag from /home/airflow/.local/lib/python3.12/site-packages/airflow/example_dags/example_short_circuit_operator.py
[2026-04-28T20:53:27.299+0000] {processor.py:840} INFO - DAG(s) 'example_short_circuit_operator' retrieved from /home/airflow/.local/lib/python3.12/site-packages/airflow/example_dags/example_short_circuit_operator.py
[2026-04-28T20:53:27.337+0000] {logging_mixin.py:188} INFO - [2026-04-28T20:53:27.337+0000] {dag.py:3096} INFO - Sync 1 DAGs
[2026-04-28T20:53:27.373+0000] {logging_mixin.py:188} INFO - [2026-04-28T20:53:27.373+0000] {dag.py:3954} INFO - Setting next_dagrun for example_short_circuit_operator to 2026-04-27 00:00:00+00:00, run_after=2026-04-28 00:00:00+00:00
[2026-04-28T20:53:27.393+0000] {processor.py:183} INFO - Processing /home/airflow/.local/lib/python3.12/site-packages/airflow/example_dags/example_short_circuit_operator.py took 0.112 seconds
[2026-04-28T20:53:57.461+0000] {processor.py:161} INFO - Started process (PID=866) to work on /home/airflow/.local/lib/python3.12/site-packages/airflow/example_dags/example_short_circuit_operator.py
[2026-04-28T20:53:57.462+0000] {processor.py:830} INFO - Processing file /home/airflow/.local/lib/python3.12/site-packages/airflow/example_dags/example_short_circuit_operator.py for tasks to queue
[2026-04-28T20:53:57.464+0000] {logging_mixin.py:188} INFO - [2026-04-28T20:53:57.463+0000] {dagbag.py:540} INFO - Filling up the DagBag from /home/airflow/.local/lib/python3.12/site-packages/airflow/example_dags/example_short_circuit_operator.py
[2026-04-28T20:53:57.470+0000] {processor.py:840} INFO - DAG(s) 'example_short_circuit_operator' retrieved from /home/airflow/.local/lib/python3.12/site-packages/airflow/example_dags/example_short_circuit_operator.py
[2026-04-28T20:53:57.494+0000] {logging_mixin.py:188} INFO - [2026-04-28T20:53:57.494+0000] {dag.py:3096} INFO - Sync 1 DAGs
[2026-04-28T20:53:57.554+0000] {logging_mixin.py:188} INFO - [2026-04-28T20:53:57.551+0000] {dag.py:3954} INFO - Setting next_dagrun for example_short_circuit_operator to 2026-04-27 00:00:00+00:00, run_after=2026-04-28 00:00:00+00:00
[2026-04-28T20:53:57.598+0000] {processor.py:183} INFO - Processing /home/airflow/.local/lib/python3.12/site-packages/airflow/example_dags/example_short_circuit_operator.py took 0.142 seconds
[2026-04-28T20:54:27.915+0000] {processor.py:161} INFO - Started process (PID=926) to work on /home/airflow/.local/lib/python3.12/site-packages/airflow/example_dags/example_short_circuit_operator.py
[2026-04-28T20:54:27.918+0000] {processor.py:830} INFO - Processing file /home/airflow/.local/lib/python3.12/site-packages/airflow/example_dags/example_short_circuit_operator.py for tasks to queue
[2026-04-28T20:54:27.928+0000] {logging_mixin.py:188} INFO - [2026-04-28T20:54:27.926+0000] {dagbag.py:540} INFO - Filling up the DagBag from /home/airflow/.local/lib/python3.12/site-packages/airflow/example_dags/example_short_circuit_operator.py
[2026-04-28T20:54:27.968+0000] {processor.py:840} INFO - DAG(s) 'example_short_circuit_operator' retrieved from /home/airflow/.local/lib/python3.12/site-packages/airflow/example_dags/example_short_circuit_operator.py
[2026-04-28T20:54:28.105+0000] {logging_mixin.py:188} INFO - [2026-04-28T20:54:28.105+0000] {dag.py:3096} INFO - Sync 1 DAGs
[2026-04-28T20:54:28.178+0000] {logging_mixin.py:188} INFO - [2026-04-28T20:54:28.178+0000] {dag.py:3954} INFO - Setting next_dagrun for example_short_circuit_operator to 2026-04-27 00:00:00+00:00, run_after=2026-04-28 00:00:00+00:00
[2026-04-28T20:54:28.223+0000] {processor.py:183} INFO - Processing /home/airflow/.local/lib/python3.12/site-packages/airflow/example_dags/example_short_circuit_operator.py took 0.348 seconds
[2026-04-28T21:03:23.897+0000] {processor.py:161} INFO - Started process (PID=80) to work on /home/airflow/.local/lib/python3.12/site-packages/airflow/example_dags/example_short_circuit_operator.py
[2026-04-28T21:03:23.908+0000] {processor.py:830} INFO - Processing file /home/airflow/.local/lib/python3.12/site-packages/airflow/example_dags/example_short_circuit_operator.py for tasks to queue
[2026-04-28T21:03:23.921+0000] {logging_mixin.py:188} INFO - [2026-04-28T21:03:23.920+0000] {dagbag.py:540} INFO - Filling up the DagBag from /home/airflow/.local/lib/python3.12/site-packages/airflow/example_dags/example_short_circuit_operator.py
[2026-04-28T21:03:23.957+0000] {processor.py:840} INFO - DAG(s) 'example_short_circuit_operator' retrieved from /home/airflow/.local/lib/python3.12/site-packages/airflow/example_dags/example_short_circuit_operator.py
[2026-04-28T21:03:24.707+0000] {logging_mixin.py:188} INFO - [2026-04-28T21:03:24.705+0000] {override.py:1829} INFO - Created Permission View: can edit on DAG:example_short_circuit_operator
[2026-04-28T21:03:24.763+0000] {logging_mixin.py:188} INFO - [2026-04-28T21:03:24.760+0000] {override.py:1829} INFO - Created Permission View: can delete on DAG:example_short_circuit_operator
[2026-04-28T21:03:24.788+0000] {logging_mixin.py:188} INFO - [2026-04-28T21:03:24.785+0000] {override.py:1829} INFO - Created Permission View: can read on DAG:example_short_circuit_operator
[2026-04-28T21:03:24.788+0000] {logging_mixin.py:188} INFO - [2026-04-28T21:03:24.788+0000] {dag.py:3096} INFO - Sync 1 DAGs
[2026-04-28T21:03:24.840+0000] {logging_mixin.py:188} INFO - [2026-04-28T21:03:24.840+0000] {dag.py:3118} INFO - Creating ORM DAG for example_short_circuit_operator
[2026-04-28T21:03:24.884+0000] {logging_mixin.py:188} INFO - [2026-04-28T21:03:24.884+0000] {dag.py:3954} INFO - Setting next_dagrun for example_short_circuit_operator to 2026-04-27 00:00:00+00:00, run_after=2026-04-28 00:00:00+00:00
[2026-04-28T21:03:24.995+0000] {processor.py:183} INFO - Processing /home/airflow/.local/lib/python3.12/site-packages/airflow/example_dags/example_short_circuit_operator.py took 1.115 seconds
[2026-04-28T21:03:55.155+0000] {processor.py:161} INFO - Started process (PID=139) to work on /home/airflow/.local/lib/python3.12/site-packages/airflow/example_dags/example_short_circuit_operator.py
[2026-04-28T21:03:55.156+0000] {processor.py:830} INFO - Processing file /home/airflow/.local/lib/python3.12/site-packages/airflow/example_dags/example_short_circuit_operator.py for tasks to queue
[2026-04-28T21:03:55.159+0000] {logging_mixin.py:188} INFO - [2026-04-28T21:03:55.159+0000] {dagbag.py:540} INFO - Filling up the DagBag from /home/airflow/.local/lib/python3.12/site-packages/airflow/example_dags/example_short_circuit_operator.py
[2026-04-28T21:03:55.179+0000] {processor.py:840} INFO - DAG(s) 'example_short_circuit_operator' retrieved from /home/airflow/.local/lib/python3.12/site-packages/airflow/example_dags/example_short_circuit_operator.py
[2026-04-28T21:03:55.263+0000] {logging_mixin.py:188} INFO - [2026-04-28T21:03:55.262+0000] {dag.py:3096} INFO - Sync 1 DAGs
[2026-04-28T21:03:55.311+0000] {logging_mixin.py:188} INFO - [2026-04-28T21:03:55.311+0000] {dag.py:3954} INFO - Setting next_dagrun for example_short_circuit_operator to 2026-04-27 00:00:00+00:00, run_after=2026-04-28 00:00:00+00:00
[2026-04-28T21:03:55.352+0000] {processor.py:183} INFO - Processing /home/airflow/.local/lib/python3.12/site-packages/airflow/example_dags/example_short_circuit_operator.py took 0.210 seconds
[2026-04-28T21:04:25.417+0000] {processor.py:161} INFO - Started process (PID=199) to work on /home/airflow/.local/lib/python3.12/site-packages/airflow/example_dags/example_short_circuit_operator.py
[2026-04-28T21:04:25.420+0000] {processor.py:830} INFO - Processing file /home/airflow/.local/lib/python3.12/site-packages/airflow/example_dags/example_short_circuit_operator.py for tasks to queue
[2026-04-28T21:04:25.423+0000] {logging_mixin.py:188} INFO - [2026-04-28T21:04:25.422+0000] {dagbag.py:540} INFO - Filling up the DagBag from /home/airflow/.local/lib/python3.12/site-packages/airflow/example_dags/example_short_circuit_operator.py
[2026-04-28T21:04:25.432+0000] {processor.py:840} INFO - DAG(s) 'example_short_circuit_operator' retrieved from /home/airflow/.local/lib/python3.12/site-packages/airflow/example_dags/example_short_circuit_operator.py
[2026-04-28T21:04:25.456+0000] {logging_mixin.py:188} INFO - [2026-04-28T21:04:25.456+0000] {dag.py:3096} INFO - Sync 1 DAGs
[2026-04-28T21:04:25.481+0000] {logging_mixin.py:188} INFO - [2026-04-28T21:04:25.481+0000] {dag.py:3954} INFO - Setting next_dagrun for example_short_circuit_operator to 2026-04-27 00:00:00+00:00, run_after=2026-04-28 00:00:00+00:00
[2026-04-28T21:04:25.499+0000] {processor.py:183} INFO - Processing /home/airflow/.local/lib/python3.12/site-packages/airflow/example_dags/example_short_circuit_operator.py took 0.089 seconds
[2026-04-28T21:04:55.733+0000] {processor.py:161} INFO - Started process (PID=258) to work on /home/airflow/.local/lib/python3.12/site-packages/airflow/example_dags/example_short_circuit_operator.py
[2026-04-28T21:04:55.736+0000] {processor.py:830} INFO - Processing file /home/airflow/.local/lib/python3.12/site-packages/airflow/example_dags/example_short_circuit_operator.py for tasks to queue
[2026-04-28T21:04:55.738+0000] {logging_mixin.py:188} INFO - [2026-04-28T21:04:55.738+0000] {dagbag.py:540} INFO - Filling up the DagBag from /home/airflow/.local/lib/python3.12/site-packages/airflow/example_dags/example_short_circuit_operator.py
[2026-04-28T21:04:55.747+0000] {processor.py:840} INFO - DAG(s) 'example_short_circuit_operator' retrieved from /home/airflow/.local/lib/python3.12/site-packages/airflow/example_dags/example_short_circuit_operator.py
[2026-04-28T21:04:55.775+0000] {logging_mixin.py:188} INFO - [2026-04-28T21:04:55.775+0000] {dag.py:3096} INFO - Sync 1 DAGs
[2026-04-28T21:04:55.808+0000] {logging_mixin.py:188} INFO - [2026-04-28T21:04:55.808+0000] {dag.py:3954} INFO - Setting next_dagrun for example_short_circuit_operator to 2026-04-27 00:00:00+00:00, run_after=2026-04-28 00:00:00+00:00
[2026-04-28T21:04:55.829+0000] {processor.py:183} INFO - Processing /home/airflow/.local/lib/python3.12/site-packages/airflow/example_dags/example_short_circuit_operator.py took 0.102 seconds
[2026-04-28T21:05:25.986+0000] {processor.py:161} INFO - Started process (PID=318) to work on /home/airflow/.local/lib/python3.12/site-packages/airflow/example_dags/example_short_circuit_operator.py
[2026-04-28T21:05:25.988+0000] {processor.py:830} INFO - Processing file /home/airflow/.local/lib/python3.12/site-packages/airflow/example_dags/example_short_circuit_operator.py for tasks to queue
[2026-04-28T21:05:25.990+0000] {logging_mixin.py:188} INFO - [2026-04-28T21:05:25.990+0000] {dagbag.py:540} INFO - Filling up the DagBag from /home/airflow/.local/lib/python3.12/site-packages/airflow/example_dags/example_short_circuit_operator.py
[2026-04-28T21:05:25.999+0000] {processor.py:840} INFO - DAG(s) 'example_short_circuit_operator' retrieved from /home/airflow/.local/lib/python3.12/site-packages/airflow/example_dags/example_short_circuit_operator.py
[2026-04-28T21:05:26.029+0000] {logging_mixin.py:188} INFO - [2026-04-28T21:05:26.029+0000] {dag.py:3096} INFO - Sync 1 DAGs
[2026-04-28T21:05:26.054+0000] {logging_mixin.py:188} INFO - [2026-04-28T21:05:26.054+0000] {dag.py:3954} INFO - Setting next_dagrun for example_short_circuit_operator to 2026-04-27 00:00:00+00:00, run_after=2026-04-28 00:00:00+00:00
[2026-04-28T21:05:26.076+0000] {processor.py:183} INFO - Processing /home/airflow/.local/lib/python3.12/site-packages/airflow/example_dags/example_short_circuit_operator.py took 0.097 seconds
[2026-04-28T21:05:56.432+0000] {processor.py:161} INFO - Started process (PID=378) to work on /home/airflow/.local/lib/python3.12/site-packages/airflow/example_dags/example_short_circuit_operator.py
[2026-04-28T21:05:56.437+0000] {processor.py:830} INFO - Processing file /home/airflow/.local/lib/python3.12/site-packages/airflow/example_dags/example_short_circuit_operator.py for tasks to queue
[2026-04-28T21:05:56.441+0000] {logging_mixin.py:188} INFO - [2026-04-28T21:05:56.441+0000] {dagbag.py:540} INFO - Filling up the DagBag from /home/airflow/.local/lib/python3.12/site-packages/airflow/example_dags/example_short_circuit_operator.py
[2026-04-28T21:05:56.457+0000] {processor.py:840} INFO - DAG(s) 'example_short_circuit_operator' retrieved from /home/airflow/.local/lib/python3.12/site-packages/airflow/example_dags/example_short_circuit_operator.py
[2026-04-28T21:05:56.485+0000] {logging_mixin.py:188} INFO - [2026-04-28T21:05:56.485+0000] {dag.py:3096} INFO - Sync 1 DAGs
[2026-04-28T21:05:56.514+0000] {logging_mixin.py:188} INFO - [2026-04-28T21:05:56.514+0000] {dag.py:3954} INFO - Setting next_dagrun for example_short_circuit_operator to 2026-04-27 00:00:00+00:00, run_after=2026-04-28 00:00:00+00:00
[2026-04-28T21:05:56.566+0000] {processor.py:183} INFO - Processing /home/airflow/.local/lib/python3.12/site-packages/airflow/example_dags/example_short_circuit_operator.py took 0.144 seconds
[2026-04-28T21:06:26.958+0000] {processor.py:161} INFO - Started process (PID=438) to work on /home/airflow/.local/lib/python3.12/site-packages/airflow/example_dags/example_short_circuit_operator.py
[2026-04-28T21:06:26.966+0000] {processor.py:830} INFO - Processing file /home/airflow/.local/lib/python3.12/site-packages/airflow/example_dags/example_short_circuit_operator.py for tasks to queue
[2026-04-28T21:06:26.968+0000] {logging_mixin.py:188} INFO - [2026-04-28T21:06:26.968+0000] {dagbag.py:540} INFO - Filling up the DagBag from /home/airflow/.local/lib/python3.12/site-packages/airflow/example_dags/example_short_circuit_operator.py
[2026-04-28T21:06:27.034+0000] {processor.py:840} INFO - DAG(s) 'example_short_circuit_operator' retrieved from /home/airflow/.local/lib/python3.12/site-packages/airflow/example_dags/example_short_circuit_operator.py
[2026-04-28T21:06:27.198+0000] {logging_mixin.py:188} INFO - [2026-04-28T21:06:27.197+0000] {dag.py:3096} INFO - Sync 1 DAGs
[2026-04-28T21:06:27.239+0000] {logging_mixin.py:188} INFO - [2026-04-28T21:06:27.239+0000] {dag.py:3954} INFO - Setting next_dagrun for example_short_circuit_operator to 2026-04-27 00:00:00+00:00, run_after=2026-04-28 00:00:00+00:00
[2026-04-28T21:06:27.269+0000] {processor.py:183} INFO - Processing /home/airflow/.local/lib/python3.12/site-packages/airflow/example_dags/example_short_circuit_operator.py took 0.369 seconds
[2026-04-28T21:06:57.915+0000] {processor.py:161} INFO - Started process (PID=498) to work on /home/airflow/.local/lib/python3.12/site-packages/airflow/example_dags/example_short_circuit_operator.py
[2026-04-28T21:06:57.917+0000] {processor.py:830} INFO - Processing file /home/airflow/.local/lib/python3.12/site-packages/airflow/example_dags/example_short_circuit_operator.py for tasks to queue
[2026-04-28T21:06:57.919+0000] {logging_mixin.py:188} INFO - [2026-04-28T21:06:57.919+0000] {dagbag.py:540} INFO - Filling up the DagBag from /home/airflow/.local/lib/python3.12/site-packages/airflow/example_dags/example_short_circuit_operator.py
[2026-04-28T21:06:57.946+0000] {processor.py:840} INFO - DAG(s) 'example_short_circuit_operator' retrieved from /home/airflow/.local/lib/python3.12/site-packages/airflow/example_dags/example_short_circuit_operator.py
[2026-04-28T21:06:57.979+0000] {logging_mixin.py:188} INFO - [2026-04-28T21:06:57.979+0000] {dag.py:3096} INFO - Sync 1 DAGs
[2026-04-28T21:06:58.028+0000] {logging_mixin.py:188} INFO - [2026-04-28T21:06:58.028+0000] {dag.py:3954} INFO - Setting next_dagrun for example_short_circuit_operator to 2026-04-27 00:00:00+00:00, run_after=2026-04-28 00:00:00+00:00
[2026-04-28T21:06:58.049+0000] {processor.py:183} INFO - Processing /home/airflow/.local/lib/python3.12/site-packages/airflow/example_dags/example_short_circuit_operator.py took 0.141 seconds
[2026-04-28T21:07:28.326+0000] {processor.py:161} INFO - Started process (PID=558) to work on /home/airflow/.local/lib/python3.12/site-packages/airflow/example_dags/example_short_circuit_operator.py
[2026-04-28T21:07:28.329+0000] {processor.py:830} INFO - Processing file /home/airflow/.local/lib/python3.12/site-packages/airflow/example_dags/example_short_circuit_operator.py for tasks to queue
[2026-04-28T21:07:28.332+0000] {logging_mixin.py:188} INFO - [2026-04-28T21:07:28.331+0000] {dagbag.py:540} INFO - Filling up the DagBag from /home/airflow/.local/lib/python3.12/site-packages/airflow/example_dags/example_short_circuit_operator.py
[2026-04-28T21:07:28.350+0000] {processor.py:840} INFO - DAG(s) 'example_short_circuit_operator' retrieved from /home/airflow/.local/lib/python3.12/site-packages/airflow/example_dags/example_short_circuit_operator.py
[2026-04-28T21:07:28.460+0000] {logging_mixin.py:188} INFO - [2026-04-28T21:07:28.459+0000] {dag.py:3096} INFO - Sync 1 DAGs
[2026-04-28T21:07:28.510+0000] {logging_mixin.py:188} INFO - [2026-04-28T21:07:28.510+0000] {dag.py:3954} INFO - Setting next_dagrun for example_short_circuit_operator to 2026-04-27 00:00:00+00:00, run_after=2026-04-28 00:00:00+00:00
[2026-04-28T21:07:28.559+0000] {processor.py:183} INFO - Processing /home/airflow/.local/lib/python3.12/site-packages/airflow/example_dags/example_short_circuit_operator.py took 0.241 seconds
[2026-04-28T21:07:58.738+0000] {processor.py:161} INFO - Started process (PID=617) to work on /home/airflow/.local/lib/python3.12/site-packages/airflow/example_dags/example_short_circuit_operator.py
[2026-04-28T21:07:58.739+0000] {processor.py:830} INFO - Processing file /home/airflow/.local/lib/python3.12/site-packages/airflow/example_dags/example_short_circuit_operator.py for tasks to queue
[2026-04-28T21:07:58.743+0000] {logging_mixin.py:188} INFO - [2026-04-28T21:07:58.742+0000] {dagbag.py:540} INFO - Filling up the DagBag from /home/airflow/.local/lib/python3.12/site-packages/airflow/example_dags/example_short_circuit_operator.py
[2026-04-28T21:07:58.754+0000] {processor.py:840} INFO - DAG(s) 'example_short_circuit_operator' retrieved from /home/airflow/.local/lib/python3.12/site-packages/airflow/example_dags/example_short_circuit_operator.py
[2026-04-28T21:07:58.782+0000] {logging_mixin.py:188} INFO - [2026-04-28T21:07:58.782+0000] {dag.py:3096} INFO - Sync 1 DAGs
[2026-04-28T21:07:58.807+0000] {logging_mixin.py:188} INFO - [2026-04-28T21:07:58.807+0000] {dag.py:3954} INFO - Setting next_dagrun for example_short_circuit_operator to 2026-04-27 00:00:00+00:00, run_after=2026-04-28 00:00:00+00:00
[2026-04-28T21:07:58.823+0000] {processor.py:183} INFO - Processing /home/airflow/.local/lib/python3.12/site-packages/airflow/example_dags/example_short_circuit_operator.py took 0.098 seconds
[2026-04-28T21:08:28.955+0000] {processor.py:161} INFO - Started process (PID=677) to work on /home/airflow/.local/lib/python3.12/site-packages/airflow/example_dags/example_short_circuit_operator.py
[2026-04-28T21:08:28.957+0000] {processor.py:830} INFO - Processing file /home/airflow/.local/lib/python3.12/site-packages/airflow/example_dags/example_short_circuit_operator.py for tasks to queue
[2026-04-28T21:08:28.959+0000] {logging_mixin.py:188} INFO - [2026-04-28T21:08:28.959+0000] {dagbag.py:540} INFO - Filling up the DagBag from /home/airflow/.local/lib/python3.12/site-packages/airflow/example_dags/example_short_circuit_operator.py
[2026-04-28T21:08:28.969+0000] {processor.py:840} INFO - DAG(s) 'example_short_circuit_operator' retrieved from /home/airflow/.local/lib/python3.12/site-packages/airflow/example_dags/example_short_circuit_operator.py
[2026-04-28T21:08:28.996+0000] {logging_mixin.py:188} INFO - [2026-04-28T21:08:28.996+0000] {dag.py:3096} INFO - Sync 1 DAGs
[2026-04-28T21:08:29.021+0000] {logging_mixin.py:188} INFO - [2026-04-28T21:08:29.021+0000] {dag.py:3954} INFO - Setting next_dagrun for example_short_circuit_operator to 2026-04-27 00:00:00+00:00, run_after=2026-04-28 00:00:00+00:00
[2026-04-28T21:08:29.040+0000] {processor.py:183} INFO - Processing /home/airflow/.local/lib/python3.12/site-packages/airflow/example_dags/example_short_circuit_operator.py took 0.092 seconds
[2026-04-28T21:08:59.510+0000] {processor.py:161} INFO - Started process (PID=737) to work on /home/airflow/.local/lib/python3.12/site-packages/airflow/example_dags/example_short_circuit_operator.py
[2026-04-28T21:08:59.514+0000] {processor.py:830} INFO - Processing file /home/airflow/.local/lib/python3.12/site-packages/airflow/example_dags/example_short_circuit_operator.py for tasks to queue
[2026-04-28T21:08:59.517+0000] {logging_mixin.py:188} INFO - [2026-04-28T21:08:59.516+0000] {dagbag.py:540} INFO - Filling up the DagBag from /home/airflow/.local/lib/python3.12/site-packages/airflow/example_dags/example_short_circuit_operator.py
[2026-04-28T21:08:59.527+0000] {processor.py:840} INFO - DAG(s) 'example_short_circuit_operator' retrieved from /home/airflow/.local/lib/python3.12/site-packages/airflow/example_dags/example_short_circuit_operator.py
[2026-04-28T21:08:59.563+0000] {logging_mixin.py:188} INFO - [2026-04-28T21:08:59.562+0000] {dag.py:3096} INFO - Sync 1 DAGs
[2026-04-28T21:08:59.628+0000] {logging_mixin.py:188} INFO - [2026-04-28T21:08:59.628+0000] {dag.py:3954} INFO - Setting next_dagrun for example_short_circuit_operator to 2026-04-27 00:00:00+00:00, run_after=2026-04-28 00:00:00+00:00
[2026-04-28T21:08:59.729+0000] {processor.py:183} INFO - Processing /home/airflow/.local/lib/python3.12/site-packages/airflow/example_dags/example_short_circuit_operator.py took 0.229 seconds
[2026-04-28T21:09:30.231+0000] {processor.py:161} INFO - Started process (PID=796) to work on /home/airflow/.local/lib/python3.12/site-packages/airflow/example_dags/example_short_circuit_operator.py
[2026-04-28T21:09:30.234+0000] {processor.py:830} INFO - Processing file /home/airflow/.local/lib/python3.12/site-packages/airflow/example_dags/example_short_circuit_operator.py for tasks to queue
[2026-04-28T21:09:30.237+0000] {logging_mixin.py:188} INFO - [2026-04-28T21:09:30.236+0000] {dagbag.py:540} INFO - Filling up the DagBag from /home/airflow/.local/lib/python3.12/site-packages/airflow/example_dags/example_short_circuit_operator.py
[2026-04-28T21:09:30.257+0000] {processor.py:840} INFO - DAG(s) 'example_short_circuit_operator' retrieved from /home/airflow/.local/lib/python3.12/site-packages/airflow/example_dags/example_short_circuit_operator.py
[2026-04-28T21:09:30.307+0000] {logging_mixin.py:188} INFO - [2026-04-28T21:09:30.307+0000] {dag.py:3096} INFO - Sync 1 DAGs
[2026-04-28T21:09:30.343+0000] {logging_mixin.py:188} INFO - [2026-04-28T21:09:30.343+0000] {dag.py:3954} INFO - Setting next_dagrun for example_short_circuit_operator to 2026-04-27 00:00:00+00:00, run_after=2026-04-28 00:00:00+00:00
[2026-04-28T21:09:30.373+0000] {processor.py:183} INFO - Processing /home/airflow/.local/lib/python3.12/site-packages/airflow/example_dags/example_short_circuit_operator.py took 0.153 seconds
[2026-04-28T21:10:01.339+0000] {processor.py:161} INFO - Started process (PID=853) to work on /home/airflow/.local/lib/python3.12/site-packages/airflow/example_dags/example_short_circuit_operator.py
[2026-04-28T21:10:01.341+0000] {processor.py:830} INFO - Processing file /home/airflow/.local/lib/python3.12/site-packages/airflow/example_dags/example_short_circuit_operator.py for tasks to queue
[2026-04-28T21:10:01.343+0000] {logging_mixin.py:188} INFO - [2026-04-28T21:10:01.343+0000] {dagbag.py:540} INFO - Filling up the DagBag from /home/airflow/.local/lib/python3.12/site-packages/airflow/example_dags/example_short_circuit_operator.py
[2026-04-28T21:10:01.352+0000] {processor.py:840} INFO - DAG(s) 'example_short_circuit_operator' retrieved from /home/airflow/.local/lib/python3.12/site-packages/airflow/example_dags/example_short_circuit_operator.py
[2026-04-28T21:10:01.379+0000] {logging_mixin.py:188} INFO - [2026-04-28T21:10:01.379+0000] {dag.py:3096} INFO - Sync 1 DAGs
[2026-04-28T21:10:01.403+0000] {logging_mixin.py:188} INFO - [2026-04-28T21:10:01.403+0000] {dag.py:3954} INFO - Setting next_dagrun for example_short_circuit_operator to 2026-04-27 00:00:00+00:00, run_after=2026-04-28 00:00:00+00:00
[2026-04-28T21:10:01.689+0000] {processor.py:183} INFO - Processing /home/airflow/.local/lib/python3.12/site-packages/airflow/example_dags/example_short_circuit_operator.py took 0.356 seconds
[2026-04-28T21:10:32.538+0000] {processor.py:161} INFO - Started process (PID=913) to work on /home/airflow/.local/lib/python3.12/site-packages/airflow/example_dags/example_short_circuit_operator.py
[2026-04-28T21:10:32.544+0000] {processor.py:830} INFO - Processing file /home/airflow/.local/lib/python3.12/site-packages/airflow/example_dags/example_short_circuit_operator.py for tasks to queue
[2026-04-28T21:10:32.547+0000] {logging_mixin.py:188} INFO - [2026-04-28T21:10:32.546+0000] {dagbag.py:540} INFO - Filling up the DagBag from /home/airflow/.local/lib/python3.12/site-packages/airflow/example_dags/example_short_circuit_operator.py
[2026-04-28T21:10:32.562+0000] {processor.py:840} INFO - DAG(s) 'example_short_circuit_operator' retrieved from /home/airflow/.local/lib/python3.12/site-packages/airflow/example_dags/example_short_circuit_operator.py
[2026-04-28T21:10:32.682+0000] {logging_mixin.py:188} INFO - [2026-04-28T21:10:32.681+0000] {dag.py:3096} INFO - Sync 1 DAGs
[2026-04-28T21:10:32.724+0000] {logging_mixin.py:188} INFO - [2026-04-28T21:10:32.723+0000] {dag.py:3954} INFO - Setting next_dagrun for example_short_circuit_operator to 2026-04-27 00:00:00+00:00, run_after=2026-04-28 00:00:00+00:00
[2026-04-28T21:10:32.806+0000] {processor.py:183} INFO - Processing /home/airflow/.local/lib/python3.12/site-packages/airflow/example_dags/example_short_circuit_operator.py took 0.277 seconds
[2026-04-28T21:11:03.230+0000] {processor.py:161} INFO - Started process (PID=973) to work on /home/airflow/.local/lib/python3.12/site-packages/airflow/example_dags/example_short_circuit_operator.py
[2026-04-28T21:11:03.233+0000] {processor.py:830} INFO - Processing file /home/airflow/.local/lib/python3.12/site-packages/airflow/example_dags/example_short_circuit_operator.py for tasks to queue
[2026-04-28T21:11:03.237+0000] {logging_mixin.py:188} INFO - [2026-04-28T21:11:03.234+0000] {dagbag.py:540} INFO - Filling up the DagBag from /home/airflow/.local/lib/python3.12/site-packages/airflow/example_dags/example_short_circuit_operator.py
[2026-04-28T21:11:03.252+0000] {processor.py:840} INFO - DAG(s) 'example_short_circuit_operator' retrieved from /home/airflow/.local/lib/python3.12/site-packages/airflow/example_dags/example_short_circuit_operator.py
[2026-04-28T21:11:03.339+0000] {logging_mixin.py:188} INFO - [2026-04-28T21:11:03.338+0000] {dag.py:3096} INFO - Sync 1 DAGs
[2026-04-28T21:11:03.379+0000] {logging_mixin.py:188} INFO - [2026-04-28T21:11:03.379+0000] {dag.py:3954} INFO - Setting next_dagrun for example_short_circuit_operator to 2026-04-27 00:00:00+00:00, run_after=2026-04-28 00:00:00+00:00
[2026-04-28T21:11:03.450+0000] {processor.py:183} INFO - Processing /home/airflow/.local/lib/python3.12/site-packages/airflow/example_dags/example_short_circuit_operator.py took 0.226 seconds
[2026-04-28T21:11:33.504+0000] {processor.py:161} INFO - Started process (PID=1033) to work on /home/airflow/.local/lib/python3.12/site-packages/airflow/example_dags/example_short_circuit_operator.py
[2026-04-28T21:11:33.505+0000] {processor.py:830} INFO - Processing file /home/airflow/.local/lib/python3.12/site-packages/airflow/example_dags/example_short_circuit_operator.py for tasks to queue
[2026-04-28T21:11:33.508+0000] {logging_mixin.py:188} INFO - [2026-04-28T21:11:33.507+0000] {dagbag.py:540} INFO - Filling up the DagBag from /home/airflow/.local/lib/python3.12/site-packages/airflow/example_dags/example_short_circuit_operator.py
[2026-04-28T21:11:33.518+0000] {processor.py:840} INFO - DAG(s) 'example_short_circuit_operator' retrieved from /home/airflow/.local/lib/python3.12/site-packages/airflow/example_dags/example_short_circuit_operator.py
[2026-04-28T21:11:33.558+0000] {logging_mixin.py:188} INFO - [2026-04-28T21:11:33.558+0000] {dag.py:3096} INFO - Sync 1 DAGs
[2026-04-28T21:11:33.590+0000] {logging_mixin.py:188} INFO - [2026-04-28T21:11:33.590+0000] {dag.py:3954} INFO - Setting next_dagrun for example_short_circuit_operator to 2026-04-27 00:00:00+00:00, run_after=2026-04-28 00:00:00+00:00
[2026-04-28T21:11:33.628+0000] {processor.py:183} INFO - Processing /home/airflow/.local/lib/python3.12/site-packages/airflow/example_dags/example_short_circuit_operator.py took 0.132 seconds
[2026-04-28T21:12:04.964+0000] {processor.py:161} INFO - Started process (PID=1093) to work on /home/airflow/.local/lib/python3.12/site-packages/airflow/example_dags/example_short_circuit_operator.py
[2026-04-28T21:12:04.968+0000] {processor.py:830} INFO - Processing file /home/airflow/.local/lib/python3.12/site-packages/airflow/example_dags/example_short_circuit_operator.py for tasks to queue
[2026-04-28T21:12:04.971+0000] {logging_mixin.py:188} INFO - [2026-04-28T21:12:04.970+0000] {dagbag.py:540} INFO - Filling up the DagBag from /home/airflow/.local/lib/python3.12/site-packages/airflow/example_dags/example_short_circuit_operator.py
[2026-04-28T21:12:04.985+0000] {processor.py:840} INFO - DAG(s) 'example_short_circuit_operator' retrieved from /home/airflow/.local/lib/python3.12/site-packages/airflow/example_dags/example_short_circuit_operator.py
[2026-04-28T21:12:05.020+0000] {logging_mixin.py:188} INFO - [2026-04-28T21:12:05.019+0000] {dag.py:3096} INFO - Sync 1 DAGs
[2026-04-28T21:12:05.376+0000] {logging_mixin.py:188} INFO - [2026-04-28T21:12:05.376+0000] {dag.py:3954} INFO - Setting next_dagrun for example_short_circuit_operator to 2026-04-27 00:00:00+00:00, run_after=2026-04-28 00:00:00+00:00
[2026-04-28T21:12:05.422+0000] {processor.py:183} INFO - Processing /home/airflow/.local/lib/python3.12/site-packages/airflow/example_dags/example_short_circuit_operator.py took 0.470 seconds
[2026-04-28T21:12:35.963+0000] {processor.py:161} INFO - Started process (PID=1153) to work on /home/airflow/.local/lib/python3.12/site-packages/airflow/example_dags/example_short_circuit_operator.py
[2026-04-28T21:12:35.964+0000] {processor.py:830} INFO - Processing file /home/airflow/.local/lib/python3.12/site-packages/airflow/example_dags/example_short_circuit_operator.py for tasks to queue
[2026-04-28T21:12:35.966+0000] {logging_mixin.py:188} INFO - [2026-04-28T21:12:35.966+0000] {dagbag.py:540} INFO - Filling up the DagBag from /home/airflow/.local/lib/python3.12/site-packages/airflow/example_dags/example_short_circuit_operator.py
[2026-04-28T21:12:35.975+0000] {processor.py:840} INFO - DAG(s) 'example_short_circuit_operator' retrieved from /home/airflow/.local/lib/python3.12/site-packages/airflow/example_dags/example_short_circuit_operator.py
[2026-04-28T21:12:36.003+0000] {logging_mixin.py:188} INFO - [2026-04-28T21:12:36.003+0000] {dag.py:3096} INFO - Sync 1 DAGs
[2026-04-28T21:12:36.035+0000] {logging_mixin.py:188} INFO - [2026-04-28T21:12:36.035+0000] {dag.py:3954} INFO - Setting next_dagrun for example_short_circuit_operator to 2026-04-27 00:00:00+00:00, run_after=2026-04-28 00:00:00+00:00
[2026-04-28T21:12:36.059+0000] {processor.py:183} INFO - Processing /home/airflow/.local/lib/python3.12/site-packages/airflow/example_dags/example_short_circuit_operator.py took 0.106 seconds
[2026-04-28T21:13:07.080+0000] {processor.py:161} INFO - Started process (PID=1214) to work on /home/airflow/.local/lib/python3.12/site-packages/airflow/example_dags/example_short_circuit_operator.py
[2026-04-28T21:13:07.081+0000] {processor.py:830} INFO - Processing file /home/airflow/.local/lib/python3.12/site-packages/airflow/example_dags/example_short_circuit_operator.py for tasks to queue
[2026-04-28T21:13:07.084+0000] {logging_mixin.py:188} INFO - [2026-04-28T21:13:07.083+0000] {dagbag.py:540} INFO - Filling up the DagBag from /home/airflow/.local/lib/python3.12/site-packages/airflow/example_dags/example_short_circuit_operator.py
[2026-04-28T21:13:07.093+0000] {processor.py:840} INFO - DAG(s) 'example_short_circuit_operator' retrieved from /home/airflow/.local/lib/python3.12/site-packages/airflow/example_dags/example_short_circuit_operator.py
[2026-04-28T21:13:07.120+0000] {logging_mixin.py:188} INFO - [2026-04-28T21:13:07.120+0000] {dag.py:3096} INFO - Sync 1 DAGs
[2026-04-28T21:13:07.146+0000] {logging_mixin.py:188} INFO - [2026-04-28T21:13:07.146+0000] {dag.py:3954} INFO - Setting next_dagrun for example_short_circuit_operator to 2026-04-27 00:00:00+00:00, run_after=2026-04-28 00:00:00+00:00
[2026-04-28T21:13:07.166+0000] {processor.py:183} INFO - Processing /home/airflow/.local/lib/python3.12/site-packages/airflow/example_dags/example_short_circuit_operator.py took 0.093 seconds
[2026-04-28T21:13:38.405+0000] {processor.py:161} INFO - Started process (PID=1274) to work on /home/airflow/.local/lib/python3.12/site-packages/airflow/example_dags/example_short_circuit_operator.py
[2026-04-28T21:13:38.418+0000] {processor.py:830} INFO - Processing file /home/airflow/.local/lib/python3.12/site-packages/airflow/example_dags/example_short_circuit_operator.py for tasks to queue
[2026-04-28T21:13:38.425+0000] {logging_mixin.py:188} INFO - [2026-04-28T21:13:38.425+0000] {dagbag.py:540} INFO - Filling up the DagBag from /home/airflow/.local/lib/python3.12/site-packages/airflow/example_dags/example_short_circuit_operator.py
[2026-04-28T21:13:38.491+0000] {processor.py:840} INFO - DAG(s) 'example_short_circuit_operator' retrieved from /home/airflow/.local/lib/python3.12/site-packages/airflow/example_dags/example_short_circuit_operator.py
[2026-04-28T21:13:38.672+0000] {logging_mixin.py:188} INFO - [2026-04-28T21:13:38.672+0000] {dag.py:3096} INFO - Sync 1 DAGs
[2026-04-28T21:13:38.967+0000] {logging_mixin.py:188} INFO - [2026-04-28T21:13:38.951+0000] {dag.py:3954} INFO - Setting next_dagrun for example_short_circuit_operator to 2026-04-27 00:00:00+00:00, run_after=2026-04-28 00:00:00+00:00
[2026-04-28T21:13:39.137+0000] {processor.py:183} INFO - Processing /home/airflow/.local/lib/python3.12/site-packages/airflow/example_dags/example_short_circuit_operator.py took 0.765 seconds
[2026-04-28T21:14:09.294+0000] {processor.py:161} INFO - Started process (PID=1335) to work on /home/airflow/.local/lib/python3.12/site-packages/airflow/example_dags/example_short_circuit_operator.py
[2026-04-28T21:14:09.295+0000] {processor.py:830} INFO - Processing file /home/airflow/.local/lib/python3.12/site-packages/airflow/example_dags/example_short_circuit_operator.py for tasks to queue
[2026-04-28T21:14:09.298+0000] {logging_mixin.py:188} INFO - [2026-04-28T21:14:09.297+0000] {dagbag.py:540} INFO - Filling up the DagBag from /home/airflow/.local/lib/python3.12/site-packages/airflow/example_dags/example_short_circuit_operator.py
[2026-04-28T21:14:09.308+0000] {processor.py:840} INFO - DAG(s) 'example_short_circuit_operator' retrieved from /home/airflow/.local/lib/python3.12/site-packages/airflow/example_dags/example_short_circuit_operator.py
[2026-04-28T21:14:09.351+0000] {logging_mixin.py:188} INFO - [2026-04-28T21:14:09.350+0000] {dag.py:3096} INFO - Sync 1 DAGs
[2026-04-28T21:14:09.381+0000] {logging_mixin.py:188} INFO - [2026-04-28T21:14:09.381+0000] {dag.py:3954} INFO - Setting next_dagrun for example_short_circuit_operator to 2026-04-27 00:00:00+00:00, run_after=2026-04-28 00:00:00+00:00
[2026-04-28T21:14:09.404+0000] {processor.py:183} INFO - Processing /home/airflow/.local/lib/python3.12/site-packages/airflow/example_dags/example_short_circuit_operator.py took 0.118 seconds
[2026-04-28T21:20:31.932+0000] {processor.py:161} INFO - Started process (PID=80) to work on /home/airflow/.local/lib/python3.12/site-packages/airflow/example_dags/example_short_circuit_operator.py
[2026-04-28T21:20:31.939+0000] {processor.py:830} INFO - Processing file /home/airflow/.local/lib/python3.12/site-packages/airflow/example_dags/example_short_circuit_operator.py for tasks to queue
[2026-04-28T21:20:31.945+0000] {logging_mixin.py:188} INFO - [2026-04-28T21:20:31.944+0000] {dagbag.py:540} INFO - Filling up the DagBag from /home/airflow/.local/lib/python3.12/site-packages/airflow/example_dags/example_short_circuit_operator.py
[2026-04-28T21:20:31.992+0000] {processor.py:840} INFO - DAG(s) 'example_short_circuit_operator' retrieved from /home/airflow/.local/lib/python3.12/site-packages/airflow/example_dags/example_short_circuit_operator.py
[2026-04-28T21:20:32.600+0000] {logging_mixin.py:188} INFO - [2026-04-28T21:20:32.596+0000] {override.py:1829} INFO - Created Permission View: can read on DAG:example_short_circuit_operator
[2026-04-28T21:20:32.681+0000] {logging_mixin.py:188} INFO - [2026-04-28T21:20:32.681+0000] {override.py:1829} INFO - Created Permission View: can delete on DAG:example_short_circuit_operator
[2026-04-28T21:20:32.718+0000] {logging_mixin.py:188} INFO - [2026-04-28T21:20:32.718+0000] {override.py:1829} INFO - Created Permission View: can edit on DAG:example_short_circuit_operator
[2026-04-28T21:20:32.726+0000] {logging_mixin.py:188} INFO - [2026-04-28T21:20:32.724+0000] {dag.py:3096} INFO - Sync 1 DAGs
[2026-04-28T21:20:32.767+0000] {logging_mixin.py:188} INFO - [2026-04-28T21:20:32.764+0000] {dag.py:3118} INFO - Creating ORM DAG for example_short_circuit_operator
[2026-04-28T21:20:32.811+0000] {logging_mixin.py:188} INFO - [2026-04-28T21:20:32.811+0000] {dag.py:3954} INFO - Setting next_dagrun for example_short_circuit_operator to 2026-04-27 00:00:00+00:00, run_after=2026-04-28 00:00:00+00:00
[2026-04-28T21:20:32.861+0000] {processor.py:183} INFO - Processing /home/airflow/.local/lib/python3.12/site-packages/airflow/example_dags/example_short_circuit_operator.py took 0.956 seconds
[2026-04-28T21:21:03.310+0000] {processor.py:161} INFO - Started process (PID=140) to work on /home/airflow/.local/lib/python3.12/site-packages/airflow/example_dags/example_short_circuit_operator.py
[2026-04-28T21:21:03.312+0000] {processor.py:830} INFO - Processing file /home/airflow/.local/lib/python3.12/site-packages/airflow/example_dags/example_short_circuit_operator.py for tasks to queue
[2026-04-28T21:21:03.314+0000] {logging_mixin.py:188} INFO - [2026-04-28T21:21:03.314+0000] {dagbag.py:540} INFO - Filling up the DagBag from /home/airflow/.local/lib/python3.12/site-packages/airflow/example_dags/example_short_circuit_operator.py
[2026-04-28T21:21:03.333+0000] {processor.py:840} INFO - DAG(s) 'example_short_circuit_operator' retrieved from /home/airflow/.local/lib/python3.12/site-packages/airflow/example_dags/example_short_circuit_operator.py
[2026-04-28T21:21:03.361+0000] {logging_mixin.py:188} INFO - [2026-04-28T21:21:03.360+0000] {dag.py:3096} INFO - Sync 1 DAGs
[2026-04-28T21:21:03.424+0000] {logging_mixin.py:188} INFO - [2026-04-28T21:21:03.423+0000] {dag.py:3954} INFO - Setting next_dagrun for example_short_circuit_operator to 2026-04-27 00:00:00+00:00, run_after=2026-04-28 00:00:00+00:00
[2026-04-28T21:21:03.449+0000] {processor.py:183} INFO - Processing /home/airflow/.local/lib/python3.12/site-packages/airflow/example_dags/example_short_circuit_operator.py took 0.146 seconds
[2026-04-28T21:21:33.572+0000] {processor.py:161} INFO - Started process (PID=200) to work on /home/airflow/.local/lib/python3.12/site-packages/airflow/example_dags/example_short_circuit_operator.py
[2026-04-28T21:21:33.573+0000] {processor.py:830} INFO - Processing file /home/airflow/.local/lib/python3.12/site-packages/airflow/example_dags/example_short_circuit_operator.py for tasks to queue
[2026-04-28T21:21:33.576+0000] {logging_mixin.py:188} INFO - [2026-04-28T21:21:33.575+0000] {dagbag.py:540} INFO - Filling up the DagBag from /home/airflow/.local/lib/python3.12/site-packages/airflow/example_dags/example_short_circuit_operator.py
[2026-04-28T21:21:33.591+0000] {processor.py:840} INFO - DAG(s) 'example_short_circuit_operator' retrieved from /home/airflow/.local/lib/python3.12/site-packages/airflow/example_dags/example_short_circuit_operator.py
[2026-04-28T21:21:33.631+0000] {logging_mixin.py:188} INFO - [2026-04-28T21:21:33.631+0000] {dag.py:3096} INFO - Sync 1 DAGs
[2026-04-28T21:21:33.717+0000] {logging_mixin.py:188} INFO - [2026-04-28T21:21:33.717+0000] {dag.py:3954} INFO - Setting next_dagrun for example_short_circuit_operator to 2026-04-27 00:00:00+00:00, run_after=2026-04-28 00:00:00+00:00
[2026-04-28T21:21:33.767+0000] {processor.py:183} INFO - Processing /home/airflow/.local/lib/python3.12/site-packages/airflow/example_dags/example_short_circuit_operator.py took 0.204 seconds
[2026-04-28T21:22:04.590+0000] {processor.py:161} INFO - Started process (PID=260) to work on /home/airflow/.local/lib/python3.12/site-packages/airflow/example_dags/example_short_circuit_operator.py
[2026-04-28T21:22:04.592+0000] {processor.py:830} INFO - Processing file /home/airflow/.local/lib/python3.12/site-packages/airflow/example_dags/example_short_circuit_operator.py for tasks to queue
[2026-04-28T21:22:04.594+0000] {logging_mixin.py:188} INFO - [2026-04-28T21:22:04.594+0000] {dagbag.py:540} INFO - Filling up the DagBag from /home/airflow/.local/lib/python3.12/site-packages/airflow/example_dags/example_short_circuit_operator.py
[2026-04-28T21:22:04.604+0000] {processor.py:840} INFO - DAG(s) 'example_short_circuit_operator' retrieved from /home/airflow/.local/lib/python3.12/site-packages/airflow/example_dags/example_short_circuit_operator.py
[2026-04-28T21:22:04.632+0000] {logging_mixin.py:188} INFO - [2026-04-28T21:22:04.632+0000] {dag.py:3096} INFO - Sync 1 DAGs
[2026-04-28T21:22:04.658+0000] {logging_mixin.py:188} INFO - [2026-04-28T21:22:04.657+0000] {dag.py:3954} INFO - Setting next_dagrun for example_short_circuit_operator to 2026-04-27 00:00:00+00:00, run_after=2026-04-28 00:00:00+00:00
[2026-04-28T21:22:04.681+0000] {processor.py:183} INFO - Processing /home/airflow/.local/lib/python3.12/site-packages/airflow/example_dags/example_short_circuit_operator.py took 0.098 seconds
[2026-04-28T21:22:34.949+0000] {processor.py:161} INFO - Started process (PID=320) to work on /home/airflow/.local/lib/python3.12/site-packages/airflow/example_dags/example_short_circuit_operator.py
[2026-04-28T21:22:34.950+0000] {processor.py:830} INFO - Processing file /home/airflow/.local/lib/python3.12/site-packages/airflow/example_dags/example_short_circuit_operator.py for tasks to queue
[2026-04-28T21:22:34.952+0000] {logging_mixin.py:188} INFO - [2026-04-28T21:22:34.952+0000] {dagbag.py:540} INFO - Filling up the DagBag from /home/airflow/.local/lib/python3.12/site-packages/airflow/example_dags/example_short_circuit_operator.py
[2026-04-28T21:22:34.961+0000] {processor.py:840} INFO - DAG(s) 'example_short_circuit_operator' retrieved from /home/airflow/.local/lib/python3.12/site-packages/airflow/example_dags/example_short_circuit_operator.py
[2026-04-28T21:22:34.988+0000] {logging_mixin.py:188} INFO - [2026-04-28T21:22:34.988+0000] {dag.py:3096} INFO - Sync 1 DAGs
[2026-04-28T21:22:35.017+0000] {logging_mixin.py:188} INFO - [2026-04-28T21:22:35.016+0000] {dag.py:3954} INFO - Setting next_dagrun for example_short_circuit_operator to 2026-04-27 00:00:00+00:00, run_after=2026-04-28 00:00:00+00:00
[2026-04-28T21:22:35.036+0000] {processor.py:183} INFO - Processing /home/airflow/.local/lib/python3.12/site-packages/airflow/example_dags/example_short_circuit_operator.py took 0.093 seconds
[2026-04-28T21:23:05.148+0000] {processor.py:161} INFO - Started process (PID=380) to work on /home/airflow/.local/lib/python3.12/site-packages/airflow/example_dags/example_short_circuit_operator.py
[2026-04-28T21:23:05.149+0000] {processor.py:830} INFO - Processing file /home/airflow/.local/lib/python3.12/site-packages/airflow/example_dags/example_short_circuit_operator.py for tasks to queue
[2026-04-28T21:23:05.151+0000] {logging_mixin.py:188} INFO - [2026-04-28T21:23:05.151+0000] {dagbag.py:540} INFO - Filling up the DagBag from /home/airflow/.local/lib/python3.12/site-packages/airflow/example_dags/example_short_circuit_operator.py
[2026-04-28T21:23:05.159+0000] {processor.py:840} INFO - DAG(s) 'example_short_circuit_operator' retrieved from /home/airflow/.local/lib/python3.12/site-packages/airflow/example_dags/example_short_circuit_operator.py
[2026-04-28T21:23:05.186+0000] {logging_mixin.py:188} INFO - [2026-04-28T21:23:05.186+0000] {dag.py:3096} INFO - Sync 1 DAGs
[2026-04-28T21:23:05.211+0000] {logging_mixin.py:188} INFO - [2026-04-28T21:23:05.211+0000] {dag.py:3954} INFO - Setting next_dagrun for example_short_circuit_operator to 2026-04-27 00:00:00+00:00, run_after=2026-04-28 00:00:00+00:00
[2026-04-28T21:23:05.234+0000] {processor.py:183} INFO - Processing /home/airflow/.local/lib/python3.12/site-packages/airflow/example_dags/example_short_circuit_operator.py took 0.093 seconds
[2026-04-28T21:23:36.545+0000] {processor.py:161} INFO - Started process (PID=441) to work on /home/airflow/.local/lib/python3.12/site-packages/airflow/example_dags/example_short_circuit_operator.py
[2026-04-28T21:23:36.551+0000] {processor.py:830} INFO - Processing file /home/airflow/.local/lib/python3.12/site-packages/airflow/example_dags/example_short_circuit_operator.py for tasks to queue
[2026-04-28T21:23:36.555+0000] {logging_mixin.py:188} INFO - [2026-04-28T21:23:36.554+0000] {dagbag.py:540} INFO - Filling up the DagBag from /home/airflow/.local/lib/python3.12/site-packages/airflow/example_dags/example_short_circuit_operator.py
[2026-04-28T21:23:36.576+0000] {processor.py:840} INFO - DAG(s) 'example_short_circuit_operator' retrieved from /home/airflow/.local/lib/python3.12/site-packages/airflow/example_dags/example_short_circuit_operator.py
[2026-04-28T21:23:36.627+0000] {logging_mixin.py:188} INFO - [2026-04-28T21:23:36.626+0000] {dag.py:3096} INFO - Sync 1 DAGs
[2026-04-28T21:23:36.682+0000] {logging_mixin.py:188} INFO - [2026-04-28T21:23:36.681+0000] {dag.py:3954} INFO - Setting next_dagrun for example_short_circuit_operator to 2026-04-27 00:00:00+00:00, run_after=2026-04-28 00:00:00+00:00
[2026-04-28T21:23:36.735+0000] {processor.py:183} INFO - Processing /home/airflow/.local/lib/python3.12/site-packages/airflow/example_dags/example_short_circuit_operator.py took 0.197 seconds
[2026-04-28T21:24:07.353+0000] {processor.py:161} INFO - Started process (PID=501) to work on /home/airflow/.local/lib/python3.12/site-packages/airflow/example_dags/example_short_circuit_operator.py
[2026-04-28T21:24:07.369+0000] {processor.py:830} INFO - Processing file /home/airflow/.local/lib/python3.12/site-packages/airflow/example_dags/example_short_circuit_operator.py for tasks to queue
[2026-04-28T21:24:07.376+0000] {logging_mixin.py:188} INFO - [2026-04-28T21:24:07.375+0000] {dagbag.py:540} INFO - Filling up the DagBag from /home/airflow/.local/lib/python3.12/site-packages/airflow/example_dags/example_short_circuit_operator.py
[2026-04-28T21:24:07.423+0000] {processor.py:840} INFO - DAG(s) 'example_short_circuit_operator' retrieved from /home/airflow/.local/lib/python3.12/site-packages/airflow/example_dags/example_short_circuit_operator.py
[2026-04-28T21:24:07.486+0000] {logging_mixin.py:188} INFO - [2026-04-28T21:24:07.486+0000] {dag.py:3096} INFO - Sync 1 DAGs
[2026-04-28T21:24:07.558+0000] {logging_mixin.py:188} INFO - [2026-04-28T21:24:07.558+0000] {dag.py:3954} INFO - Setting next_dagrun for example_short_circuit_operator to 2026-04-27 00:00:00+00:00, run_after=2026-04-28 00:00:00+00:00
[2026-04-28T21:24:07.666+0000] {processor.py:183} INFO - Processing /home/airflow/.local/lib/python3.12/site-packages/airflow/example_dags/example_short_circuit_operator.py took 0.337 seconds
[2026-04-28T21:24:38.646+0000] {processor.py:161} INFO - Started process (PID=561) to work on /home/airflow/.local/lib/python3.12/site-packages/airflow/example_dags/example_short_circuit_operator.py
[2026-04-28T21:24:38.650+0000] {processor.py:830} INFO - Processing file /home/airflow/.local/lib/python3.12/site-packages/airflow/example_dags/example_short_circuit_operator.py for tasks to queue
[2026-04-28T21:24:38.658+0000] {logging_mixin.py:188} INFO - [2026-04-28T21:24:38.656+0000] {dagbag.py:540} INFO - Filling up the DagBag from /home/airflow/.local/lib/python3.12/site-packages/airflow/example_dags/example_short_circuit_operator.py
[2026-04-28T21:24:38.695+0000] {processor.py:840} INFO - DAG(s) 'example_short_circuit_operator' retrieved from /home/airflow/.local/lib/python3.12/site-packages/airflow/example_dags/example_short_circuit_operator.py
[2026-04-28T21:24:38.934+0000] {logging_mixin.py:188} INFO - [2026-04-28T21:24:38.933+0000] {dag.py:3096} INFO - Sync 1 DAGs
[2026-04-28T21:24:39.052+0000] {logging_mixin.py:188} INFO - [2026-04-28T21:24:39.051+0000] {dag.py:3954} INFO - Setting next_dagrun for example_short_circuit_operator to 2026-04-27 00:00:00+00:00, run_after=2026-04-28 00:00:00+00:00
[2026-04-28T21:24:39.132+0000] {processor.py:183} INFO - Processing /home/airflow/.local/lib/python3.12/site-packages/airflow/example_dags/example_short_circuit_operator.py took 0.510 seconds
[2026-04-28T21:25:09.295+0000] {processor.py:161} INFO - Started process (PID=620) to work on /home/airflow/.local/lib/python3.12/site-packages/airflow/example_dags/example_short_circuit_operator.py
[2026-04-28T21:25:09.297+0000] {processor.py:830} INFO - Processing file /home/airflow/.local/lib/python3.12/site-packages/airflow/example_dags/example_short_circuit_operator.py for tasks to queue
[2026-04-28T21:25:09.300+0000] {logging_mixin.py:188} INFO - [2026-04-28T21:25:09.299+0000] {dagbag.py:540} INFO - Filling up the DagBag from /home/airflow/.local/lib/python3.12/site-packages/airflow/example_dags/example_short_circuit_operator.py
[2026-04-28T21:25:09.310+0000] {processor.py:840} INFO - DAG(s) 'example_short_circuit_operator' retrieved from /home/airflow/.local/lib/python3.12/site-packages/airflow/example_dags/example_short_circuit_operator.py
[2026-04-28T21:25:09.347+0000] {logging_mixin.py:188} INFO - [2026-04-28T21:25:09.346+0000] {dag.py:3096} INFO - Sync 1 DAGs
[2026-04-28T21:25:09.399+0000] {logging_mixin.py:188} INFO - [2026-04-28T21:25:09.399+0000] {dag.py:3954} INFO - Setting next_dagrun for example_short_circuit_operator to 2026-04-27 00:00:00+00:00, run_after=2026-04-28 00:00:00+00:00
[2026-04-28T21:25:09.416+0000] {processor.py:183} INFO - Processing /home/airflow/.local/lib/python3.12/site-packages/airflow/example_dags/example_short_circuit_operator.py took 0.129 seconds
[2026-04-28T21:25:39.639+0000] {processor.py:161} INFO - Started process (PID=680) to work on /home/airflow/.local/lib/python3.12/site-packages/airflow/example_dags/example_short_circuit_operator.py
[2026-04-28T21:25:39.643+0000] {processor.py:830} INFO - Processing file /home/airflow/.local/lib/python3.12/site-packages/airflow/example_dags/example_short_circuit_operator.py for tasks to queue
[2026-04-28T21:25:39.645+0000] {logging_mixin.py:188} INFO - [2026-04-28T21:25:39.645+0000] {dagbag.py:540} INFO - Filling up the DagBag from /home/airflow/.local/lib/python3.12/site-packages/airflow/example_dags/example_short_circuit_operator.py
[2026-04-28T21:25:39.657+0000] {processor.py:840} INFO - DAG(s) 'example_short_circuit_operator' retrieved from /home/airflow/.local/lib/python3.12/site-packages/airflow/example_dags/example_short_circuit_operator.py
[2026-04-28T21:25:39.729+0000] {logging_mixin.py:188} INFO - [2026-04-28T21:25:39.728+0000] {dag.py:3096} INFO - Sync 1 DAGs
[2026-04-28T21:25:39.767+0000] {logging_mixin.py:188} INFO - [2026-04-28T21:25:39.767+0000] {dag.py:3954} INFO - Setting next_dagrun for example_short_circuit_operator to 2026-04-27 00:00:00+00:00, run_after=2026-04-28 00:00:00+00:00
[2026-04-28T21:25:39.792+0000] {processor.py:183} INFO - Processing /home/airflow/.local/lib/python3.12/site-packages/airflow/example_dags/example_short_circuit_operator.py took 0.162 seconds
[2026-04-28T21:26:10.823+0000] {processor.py:161} INFO - Started process (PID=740) to work on /home/airflow/.local/lib/python3.12/site-packages/airflow/example_dags/example_short_circuit_operator.py
[2026-04-28T21:26:10.830+0000] {processor.py:830} INFO - Processing file /home/airflow/.local/lib/python3.12/site-packages/airflow/example_dags/example_short_circuit_operator.py for tasks to queue
[2026-04-28T21:26:10.845+0000] {logging_mixin.py:188} INFO - [2026-04-28T21:26:10.842+0000] {dagbag.py:540} INFO - Filling up the DagBag from /home/airflow/.local/lib/python3.12/site-packages/airflow/example_dags/example_short_circuit_operator.py
[2026-04-28T21:26:10.905+0000] {processor.py:840} INFO - DAG(s) 'example_short_circuit_operator' retrieved from /home/airflow/.local/lib/python3.12/site-packages/airflow/example_dags/example_short_circuit_operator.py
[2026-04-28T21:26:10.974+0000] {logging_mixin.py:188} INFO - [2026-04-28T21:26:10.974+0000] {dag.py:3096} INFO - Sync 1 DAGs
[2026-04-28T21:26:11.005+0000] {logging_mixin.py:188} INFO - [2026-04-28T21:26:11.005+0000] {dag.py:3954} INFO - Setting next_dagrun for example_short_circuit_operator to 2026-04-27 00:00:00+00:00, run_after=2026-04-28 00:00:00+00:00
[2026-04-28T21:26:11.064+0000] {processor.py:183} INFO - Processing /home/airflow/.local/lib/python3.12/site-packages/airflow/example_dags/example_short_circuit_operator.py took 0.313 seconds
[2026-04-28T21:26:41.148+0000] {processor.py:161} INFO - Started process (PID=800) to work on /home/airflow/.local/lib/python3.12/site-packages/airflow/example_dags/example_short_circuit_operator.py
[2026-04-28T21:26:41.149+0000] {processor.py:830} INFO - Processing file /home/airflow/.local/lib/python3.12/site-packages/airflow/example_dags/example_short_circuit_operator.py for tasks to queue
[2026-04-28T21:26:41.152+0000] {logging_mixin.py:188} INFO - [2026-04-28T21:26:41.152+0000] {dagbag.py:540} INFO - Filling up the DagBag from /home/airflow/.local/lib/python3.12/site-packages/airflow/example_dags/example_short_circuit_operator.py
[2026-04-28T21:26:41.162+0000] {processor.py:840} INFO - DAG(s) 'example_short_circuit_operator' retrieved from /home/airflow/.local/lib/python3.12/site-packages/airflow/example_dags/example_short_circuit_operator.py
[2026-04-28T21:26:41.195+0000] {logging_mixin.py:188} INFO - [2026-04-28T21:26:41.194+0000] {dag.py:3096} INFO - Sync 1 DAGs
[2026-04-28T21:26:41.223+0000] {logging_mixin.py:188} INFO - [2026-04-28T21:26:41.223+0000] {dag.py:3954} INFO - Setting next_dagrun for example_short_circuit_operator to 2026-04-27 00:00:00+00:00, run_after=2026-04-28 00:00:00+00:00
[2026-04-28T21:26:41.244+0000] {processor.py:183} INFO - Processing /home/airflow/.local/lib/python3.12/site-packages/airflow/example_dags/example_short_circuit_operator.py took 0.104 seconds
[2026-04-28T21:27:12.051+0000] {processor.py:161} INFO - Started process (PID=858) to work on /home/airflow/.local/lib/python3.12/site-packages/airflow/example_dags/example_short_circuit_operator.py
[2026-04-28T21:27:12.052+0000] {processor.py:830} INFO - Processing file /home/airflow/.local/lib/python3.12/site-packages/airflow/example_dags/example_short_circuit_operator.py for tasks to queue
[2026-04-28T21:27:12.054+0000] {logging_mixin.py:188} INFO - [2026-04-28T21:27:12.054+0000] {dagbag.py:540} INFO - Filling up the DagBag from /home/airflow/.local/lib/python3.12/site-packages/airflow/example_dags/example_short_circuit_operator.py
[2026-04-28T21:27:12.063+0000] {processor.py:840} INFO - DAG(s) 'example_short_circuit_operator' retrieved from /home/airflow/.local/lib/python3.12/site-packages/airflow/example_dags/example_short_circuit_operator.py
[2026-04-28T21:27:12.093+0000] {logging_mixin.py:188} INFO - [2026-04-28T21:27:12.093+0000] {dag.py:3096} INFO - Sync 1 DAGs
[2026-04-28T21:27:12.118+0000] {logging_mixin.py:188} INFO - [2026-04-28T21:27:12.118+0000] {dag.py:3954} INFO - Setting next_dagrun for example_short_circuit_operator to 2026-04-27 00:00:00+00:00, run_after=2026-04-28 00:00:00+00:00
[2026-04-28T21:27:12.147+0000] {processor.py:183} INFO - Processing /home/airflow/.local/lib/python3.12/site-packages/airflow/example_dags/example_short_circuit_operator.py took 0.102 seconds
[2026-04-28T21:27:42.595+0000] {processor.py:161} INFO - Started process (PID=917) to work on /home/airflow/.local/lib/python3.12/site-packages/airflow/example_dags/example_short_circuit_operator.py
[2026-04-28T21:27:42.596+0000] {processor.py:830} INFO - Processing file /home/airflow/.local/lib/python3.12/site-packages/airflow/example_dags/example_short_circuit_operator.py for tasks to queue
[2026-04-28T21:27:42.598+0000] {logging_mixin.py:188} INFO - [2026-04-28T21:27:42.597+0000] {dagbag.py:540} INFO - Filling up the DagBag from /home/airflow/.local/lib/python3.12/site-packages/airflow/example_dags/example_short_circuit_operator.py
[2026-04-28T21:27:42.604+0000] {processor.py:840} INFO - DAG(s) 'example_short_circuit_operator' retrieved from /home/airflow/.local/lib/python3.12/site-packages/airflow/example_dags/example_short_circuit_operator.py
[2026-04-28T21:27:42.624+0000] {logging_mixin.py:188} INFO - [2026-04-28T21:27:42.624+0000] {dag.py:3096} INFO - Sync 1 DAGs
[2026-04-28T21:27:42.642+0000] {logging_mixin.py:188} INFO - [2026-04-28T21:27:42.642+0000] {dag.py:3954} INFO - Setting next_dagrun for example_short_circuit_operator to 2026-04-27 00:00:00+00:00, run_after=2026-04-28 00:00:00+00:00
[2026-04-28T21:27:42.658+0000] {processor.py:183} INFO - Processing /home/airflow/.local/lib/python3.12/site-packages/airflow/example_dags/example_short_circuit_operator.py took 0.068 seconds
[2026-04-28T21:28:12.787+0000] {processor.py:161} INFO - Started process (PID=977) to work on /home/airflow/.local/lib/python3.12/site-packages/airflow/example_dags/example_short_circuit_operator.py
[2026-04-28T21:28:12.789+0000] {processor.py:830} INFO - Processing file /home/airflow/.local/lib/python3.12/site-packages/airflow/example_dags/example_short_circuit_operator.py for tasks to queue
[2026-04-28T21:28:12.792+0000] {logging_mixin.py:188} INFO - [2026-04-28T21:28:12.791+0000] {dagbag.py:540} INFO - Filling up the DagBag from /home/airflow/.local/lib/python3.12/site-packages/airflow/example_dags/example_short_circuit_operator.py
[2026-04-28T21:28:12.800+0000] {processor.py:840} INFO - DAG(s) 'example_short_circuit_operator' retrieved from /home/airflow/.local/lib/python3.12/site-packages/airflow/example_dags/example_short_circuit_operator.py
[2026-04-28T21:28:12.830+0000] {logging_mixin.py:188} INFO - [2026-04-28T21:28:12.829+0000] {dag.py:3096} INFO - Sync 1 DAGs
[2026-04-28T21:28:12.859+0000] {logging_mixin.py:188} INFO - [2026-04-28T21:28:12.859+0000] {dag.py:3954} INFO - Setting next_dagrun for example_short_circuit_operator to 2026-04-27 00:00:00+00:00, run_after=2026-04-28 00:00:00+00:00
[2026-04-28T21:28:12.874+0000] {processor.py:183} INFO - Processing /home/airflow/.local/lib/python3.12/site-packages/airflow/example_dags/example_short_circuit_operator.py took 0.094 seconds
[2026-04-28T21:28:43.425+0000] {processor.py:161} INFO - Started process (PID=1037) to work on /home/airflow/.local/lib/python3.12/site-packages/airflow/example_dags/example_short_circuit_operator.py
[2026-04-28T21:28:43.426+0000] {processor.py:830} INFO - Processing file /home/airflow/.local/lib/python3.12/site-packages/airflow/example_dags/example_short_circuit_operator.py for tasks to queue
[2026-04-28T21:28:43.428+0000] {logging_mixin.py:188} INFO - [2026-04-28T21:28:43.428+0000] {dagbag.py:540} INFO - Filling up the DagBag from /home/airflow/.local/lib/python3.12/site-packages/airflow/example_dags/example_short_circuit_operator.py
[2026-04-28T21:28:43.437+0000] {processor.py:840} INFO - DAG(s) 'example_short_circuit_operator' retrieved from /home/airflow/.local/lib/python3.12/site-packages/airflow/example_dags/example_short_circuit_operator.py
[2026-04-28T21:28:43.492+0000] {logging_mixin.py:188} INFO - [2026-04-28T21:28:43.491+0000] {dag.py:3096} INFO - Sync 1 DAGs
[2026-04-28T21:28:43.536+0000] {logging_mixin.py:188} INFO - [2026-04-28T21:28:43.535+0000] {dag.py:3954} INFO - Setting next_dagrun for example_short_circuit_operator to 2026-04-27 00:00:00+00:00, run_after=2026-04-28 00:00:00+00:00
[2026-04-28T21:28:43.586+0000] {processor.py:183} INFO - Processing /home/airflow/.local/lib/python3.12/site-packages/airflow/example_dags/example_short_circuit_operator.py took 0.168 seconds
[2026-04-28T21:29:15.684+0000] {processor.py:161} INFO - Started process (PID=1097) to work on /home/airflow/.local/lib/python3.12/site-packages/airflow/example_dags/example_short_circuit_operator.py
[2026-04-28T21:29:15.687+0000] {processor.py:830} INFO - Processing file /home/airflow/.local/lib/python3.12/site-packages/airflow/example_dags/example_short_circuit_operator.py for tasks to queue
[2026-04-28T21:29:15.692+0000] {logging_mixin.py:188} INFO - [2026-04-28T21:29:15.691+0000] {dagbag.py:540} INFO - Filling up the DagBag from /home/airflow/.local/lib/python3.12/site-packages/airflow/example_dags/example_short_circuit_operator.py
[2026-04-28T21:29:15.722+0000] {processor.py:840} INFO - DAG(s) 'example_short_circuit_operator' retrieved from /home/airflow/.local/lib/python3.12/site-packages/airflow/example_dags/example_short_circuit_operator.py
[2026-04-28T21:29:15.808+0000] {logging_mixin.py:188} INFO - [2026-04-28T21:29:15.807+0000] {dag.py:3096} INFO - Sync 1 DAGs
[2026-04-28T21:29:16.343+0000] {logging_mixin.py:188} INFO - [2026-04-28T21:29:16.343+0000] {dag.py:3954} INFO - Setting next_dagrun for example_short_circuit_operator to 2026-04-27 00:00:00+00:00, run_after=2026-04-28 00:00:00+00:00
[2026-04-28T21:29:16.401+0000] {processor.py:183} INFO - Processing /home/airflow/.local/lib/python3.12/site-packages/airflow/example_dags/example_short_circuit_operator.py took 0.733 seconds
[2026-04-28T21:29:46.790+0000] {processor.py:161} INFO - Started process (PID=1156) to work on /home/airflow/.local/lib/python3.12/site-packages/airflow/example_dags/example_short_circuit_operator.py
[2026-04-28T21:29:46.791+0000] {processor.py:830} INFO - Processing file /home/airflow/.local/lib/python3.12/site-packages/airflow/example_dags/example_short_circuit_operator.py for tasks to queue
[2026-04-28T21:29:46.794+0000] {logging_mixin.py:188} INFO - [2026-04-28T21:29:46.793+0000] {dagbag.py:540} INFO - Filling up the DagBag from /home/airflow/.local/lib/python3.12/site-packages/airflow/example_dags/example_short_circuit_operator.py
[2026-04-28T21:29:46.803+0000] {processor.py:840} INFO - DAG(s) 'example_short_circuit_operator' retrieved from /home/airflow/.local/lib/python3.12/site-packages/airflow/example_dags/example_short_circuit_operator.py
[2026-04-28T21:29:46.831+0000] {logging_mixin.py:188} INFO - [2026-04-28T21:29:46.831+0000] {dag.py:3096} INFO - Sync 1 DAGs
[2026-04-28T21:29:46.860+0000] {logging_mixin.py:188} INFO - [2026-04-28T21:29:46.859+0000] {dag.py:3954} INFO - Setting next_dagrun for example_short_circuit_operator to 2026-04-27 00:00:00+00:00, run_after=2026-04-28 00:00:00+00:00
[2026-04-28T21:29:47.134+0000] {processor.py:183} INFO - Processing /home/airflow/.local/lib/python3.12/site-packages/airflow/example_dags/example_short_circuit_operator.py took 0.350 seconds
[2026-04-28T21:30:17.416+0000] {processor.py:161} INFO - Started process (PID=1216) to work on /home/airflow/.local/lib/python3.12/site-packages/airflow/example_dags/example_short_circuit_operator.py
[2026-04-28T21:30:17.418+0000] {processor.py:830} INFO - Processing file /home/airflow/.local/lib/python3.12/site-packages/airflow/example_dags/example_short_circuit_operator.py for tasks to queue
[2026-04-28T21:30:17.421+0000] {logging_mixin.py:188} INFO - [2026-04-28T21:30:17.420+0000] {dagbag.py:540} INFO - Filling up the DagBag from /home/airflow/.local/lib/python3.12/site-packages/airflow/example_dags/example_short_circuit_operator.py
[2026-04-28T21:30:17.430+0000] {processor.py:840} INFO - DAG(s) 'example_short_circuit_operator' retrieved from /home/airflow/.local/lib/python3.12/site-packages/airflow/example_dags/example_short_circuit_operator.py
[2026-04-28T21:30:17.494+0000] {logging_mixin.py:188} INFO - [2026-04-28T21:30:17.494+0000] {dag.py:3096} INFO - Sync 1 DAGs
[2026-04-28T21:30:17.522+0000] {logging_mixin.py:188} INFO - [2026-04-28T21:30:17.522+0000] {dag.py:3954} INFO - Setting next_dagrun for example_short_circuit_operator to 2026-04-27 00:00:00+00:00, run_after=2026-04-28 00:00:00+00:00
[2026-04-28T21:30:17.544+0000] {processor.py:183} INFO - Processing /home/airflow/.local/lib/python3.12/site-packages/airflow/example_dags/example_short_circuit_operator.py took 0.135 seconds
[2026-04-28T21:30:47.789+0000] {processor.py:161} INFO - Started process (PID=1275) to work on /home/airflow/.local/lib/python3.12/site-packages/airflow/example_dags/example_short_circuit_operator.py
[2026-04-28T21:30:47.791+0000] {processor.py:830} INFO - Processing file /home/airflow/.local/lib/python3.12/site-packages/airflow/example_dags/example_short_circuit_operator.py for tasks to queue
[2026-04-28T21:30:47.793+0000] {logging_mixin.py:188} INFO - [2026-04-28T21:30:47.793+0000] {dagbag.py:540} INFO - Filling up the DagBag from /home/airflow/.local/lib/python3.12/site-packages/airflow/example_dags/example_short_circuit_operator.py
[2026-04-28T21:30:47.804+0000] {processor.py:840} INFO - DAG(s) 'example_short_circuit_operator' retrieved from /home/airflow/.local/lib/python3.12/site-packages/airflow/example_dags/example_short_circuit_operator.py
[2026-04-28T21:30:47.838+0000] {logging_mixin.py:188} INFO - [2026-04-28T21:30:47.838+0000] {dag.py:3096} INFO - Sync 1 DAGs
[2026-04-28T21:30:47.870+0000] {logging_mixin.py:188} INFO - [2026-04-28T21:30:47.869+0000] {dag.py:3954} INFO - Setting next_dagrun for example_short_circuit_operator to 2026-04-27 00:00:00+00:00, run_after=2026-04-28 00:00:00+00:00
[2026-04-28T21:30:47.889+0000] {processor.py:183} INFO - Processing /home/airflow/.local/lib/python3.12/site-packages/airflow/example_dags/example_short_circuit_operator.py took 0.108 seconds
[2026-04-28T21:31:18.631+0000] {processor.py:161} INFO - Started process (PID=1334) to work on /home/airflow/.local/lib/python3.12/site-packages/airflow/example_dags/example_short_circuit_operator.py
[2026-04-28T21:31:18.633+0000] {processor.py:830} INFO - Processing file /home/airflow/.local/lib/python3.12/site-packages/airflow/example_dags/example_short_circuit_operator.py for tasks to queue
[2026-04-28T21:31:18.636+0000] {logging_mixin.py:188} INFO - [2026-04-28T21:31:18.636+0000] {dagbag.py:540} INFO - Filling up the DagBag from /home/airflow/.local/lib/python3.12/site-packages/airflow/example_dags/example_short_circuit_operator.py
[2026-04-28T21:31:18.650+0000] {processor.py:840} INFO - DAG(s) 'example_short_circuit_operator' retrieved from /home/airflow/.local/lib/python3.12/site-packages/airflow/example_dags/example_short_circuit_operator.py
[2026-04-28T21:31:18.691+0000] {logging_mixin.py:188} INFO - [2026-04-28T21:31:18.689+0000] {dag.py:3096} INFO - Sync 1 DAGs
[2026-04-28T21:31:18.738+0000] {logging_mixin.py:188} INFO - [2026-04-28T21:31:18.736+0000] {dag.py:3954} INFO - Setting next_dagrun for example_short_circuit_operator to 2026-04-27 00:00:00+00:00, run_after=2026-04-28 00:00:00+00:00
[2026-04-28T21:31:18.769+0000] {processor.py:183} INFO - Processing /home/airflow/.local/lib/python3.12/site-packages/airflow/example_dags/example_short_circuit_operator.py took 0.145 seconds
[2026-04-28T21:31:49.383+0000] {processor.py:161} INFO - Started process (PID=1394) to work on /home/airflow/.local/lib/python3.12/site-packages/airflow/example_dags/example_short_circuit_operator.py
[2026-04-28T21:31:49.391+0000] {processor.py:830} INFO - Processing file /home/airflow/.local/lib/python3.12/site-packages/airflow/example_dags/example_short_circuit_operator.py for tasks to queue
[2026-04-28T21:31:49.397+0000] {logging_mixin.py:188} INFO - [2026-04-28T21:31:49.396+0000] {dagbag.py:540} INFO - Filling up the DagBag from /home/airflow/.local/lib/python3.12/site-packages/airflow/example_dags/example_short_circuit_operator.py
[2026-04-28T21:31:49.442+0000] {processor.py:840} INFO - DAG(s) 'example_short_circuit_operator' retrieved from /home/airflow/.local/lib/python3.12/site-packages/airflow/example_dags/example_short_circuit_operator.py
[2026-04-28T21:31:49.736+0000] {logging_mixin.py:188} INFO - [2026-04-28T21:31:49.735+0000] {dag.py:3096} INFO - Sync 1 DAGs
[2026-04-28T21:31:49.870+0000] {logging_mixin.py:188} INFO - [2026-04-28T21:31:49.869+0000] {dag.py:3954} INFO - Setting next_dagrun for example_short_circuit_operator to 2026-04-27 00:00:00+00:00, run_after=2026-04-28 00:00:00+00:00
[2026-04-28T21:31:50.059+0000] {processor.py:183} INFO - Processing /home/airflow/.local/lib/python3.12/site-packages/airflow/example_dags/example_short_circuit_operator.py took 0.702 seconds
[2026-04-28T21:32:20.290+0000] {processor.py:161} INFO - Started process (PID=1454) to work on /home/airflow/.local/lib/python3.12/site-packages/airflow/example_dags/example_short_circuit_operator.py
[2026-04-28T21:32:20.305+0000] {processor.py:830} INFO - Processing file /home/airflow/.local/lib/python3.12/site-packages/airflow/example_dags/example_short_circuit_operator.py for tasks to queue
[2026-04-28T21:32:20.322+0000] {logging_mixin.py:188} INFO - [2026-04-28T21:32:20.316+0000] {dagbag.py:540} INFO - Filling up the DagBag from /home/airflow/.local/lib/python3.12/site-packages/airflow/example_dags/example_short_circuit_operator.py
[2026-04-28T21:32:20.384+0000] {processor.py:840} INFO - DAG(s) 'example_short_circuit_operator' retrieved from /home/airflow/.local/lib/python3.12/site-packages/airflow/example_dags/example_short_circuit_operator.py
[2026-04-28T21:32:20.622+0000] {logging_mixin.py:188} INFO - [2026-04-28T21:32:20.621+0000] {dag.py:3096} INFO - Sync 1 DAGs
[2026-04-28T21:32:20.838+0000] {logging_mixin.py:188} INFO - [2026-04-28T21:32:20.838+0000] {dag.py:3954} INFO - Setting next_dagrun for example_short_circuit_operator to 2026-04-27 00:00:00+00:00, run_after=2026-04-28 00:00:00+00:00
[2026-04-28T21:32:20.925+0000] {processor.py:183} INFO - Processing /home/airflow/.local/lib/python3.12/site-packages/airflow/example_dags/example_short_circuit_operator.py took 0.656 seconds
[2026-04-28T21:32:51.896+0000] {processor.py:161} INFO - Started process (PID=1514) to work on /home/airflow/.local/lib/python3.12/site-packages/airflow/example_dags/example_short_circuit_operator.py
[2026-04-28T21:32:51.908+0000] {processor.py:830} INFO - Processing file /home/airflow/.local/lib/python3.12/site-packages/airflow/example_dags/example_short_circuit_operator.py for tasks to queue
[2026-04-28T21:32:51.913+0000] {logging_mixin.py:188} INFO - [2026-04-28T21:32:51.913+0000] {dagbag.py:540} INFO - Filling up the DagBag from /home/airflow/.local/lib/python3.12/site-packages/airflow/example_dags/example_short_circuit_operator.py
[2026-04-28T21:32:51.943+0000] {processor.py:840} INFO - DAG(s) 'example_short_circuit_operator' retrieved from /home/airflow/.local/lib/python3.12/site-packages/airflow/example_dags/example_short_circuit_operator.py
[2026-04-28T21:32:52.002+0000] {logging_mixin.py:188} INFO - [2026-04-28T21:32:52.001+0000] {dag.py:3096} INFO - Sync 1 DAGs
[2026-04-28T21:32:52.056+0000] {logging_mixin.py:188} INFO - [2026-04-28T21:32:52.052+0000] {dag.py:3954} INFO - Setting next_dagrun for example_short_circuit_operator to 2026-04-27 00:00:00+00:00, run_after=2026-04-28 00:00:00+00:00
[2026-04-28T21:32:52.144+0000] {processor.py:183} INFO - Processing /home/airflow/.local/lib/python3.12/site-packages/airflow/example_dags/example_short_circuit_operator.py took 0.278 seconds
[2026-04-28T21:33:22.903+0000] {processor.py:161} INFO - Started process (PID=1573) to work on /home/airflow/.local/lib/python3.12/site-packages/airflow/example_dags/example_short_circuit_operator.py
[2026-04-28T21:33:22.909+0000] {processor.py:830} INFO - Processing file /home/airflow/.local/lib/python3.12/site-packages/airflow/example_dags/example_short_circuit_operator.py for tasks to queue
[2026-04-28T21:33:22.915+0000] {logging_mixin.py:188} INFO - [2026-04-28T21:33:22.914+0000] {dagbag.py:540} INFO - Filling up the DagBag from /home/airflow/.local/lib/python3.12/site-packages/airflow/example_dags/example_short_circuit_operator.py
[2026-04-28T21:33:22.954+0000] {processor.py:840} INFO - DAG(s) 'example_short_circuit_operator' retrieved from /home/airflow/.local/lib/python3.12/site-packages/airflow/example_dags/example_short_circuit_operator.py
[2026-04-28T21:33:23.027+0000] {logging_mixin.py:188} INFO - [2026-04-28T21:33:23.023+0000] {dag.py:3096} INFO - Sync 1 DAGs
[2026-04-28T21:33:23.142+0000] {logging_mixin.py:188} INFO - [2026-04-28T21:33:23.141+0000] {dag.py:3954} INFO - Setting next_dagrun for example_short_circuit_operator to 2026-04-27 00:00:00+00:00, run_after=2026-04-28 00:00:00+00:00
[2026-04-28T21:33:23.248+0000] {processor.py:183} INFO - Processing /home/airflow/.local/lib/python3.12/site-packages/airflow/example_dags/example_short_circuit_operator.py took 0.356 seconds
[2026-04-28T21:33:54.052+0000] {processor.py:161} INFO - Started process (PID=1634) to work on /home/airflow/.local/lib/python3.12/site-packages/airflow/example_dags/example_short_circuit_operator.py
[2026-04-28T21:33:54.053+0000] {processor.py:830} INFO - Processing file /home/airflow/.local/lib/python3.12/site-packages/airflow/example_dags/example_short_circuit_operator.py for tasks to queue
[2026-04-28T21:33:54.057+0000] {logging_mixin.py:188} INFO - [2026-04-28T21:33:54.057+0000] {dagbag.py:540} INFO - Filling up the DagBag from /home/airflow/.local/lib/python3.12/site-packages/airflow/example_dags/example_short_circuit_operator.py
[2026-04-28T21:33:54.066+0000] {processor.py:840} INFO - DAG(s) 'example_short_circuit_operator' retrieved from /home/airflow/.local/lib/python3.12/site-packages/airflow/example_dags/example_short_circuit_operator.py
[2026-04-28T21:33:54.149+0000] {logging_mixin.py:188} INFO - [2026-04-28T21:33:54.149+0000] {dag.py:3096} INFO - Sync 1 DAGs
[2026-04-28T21:33:54.200+0000] {logging_mixin.py:188} INFO - [2026-04-28T21:33:54.199+0000] {dag.py:3954} INFO - Setting next_dagrun for example_short_circuit_operator to 2026-04-27 00:00:00+00:00, run_after=2026-04-28 00:00:00+00:00
[2026-04-28T21:33:54.250+0000] {processor.py:183} INFO - Processing /home/airflow/.local/lib/python3.12/site-packages/airflow/example_dags/example_short_circuit_operator.py took 0.219 seconds
[2026-04-28T21:34:24.618+0000] {processor.py:161} INFO - Started process (PID=1693) to work on /home/airflow/.local/lib/python3.12/site-packages/airflow/example_dags/example_short_circuit_operator.py
[2026-04-28T21:34:24.622+0000] {processor.py:830} INFO - Processing file /home/airflow/.local/lib/python3.12/site-packages/airflow/example_dags/example_short_circuit_operator.py for tasks to queue
[2026-04-28T21:34:24.627+0000] {logging_mixin.py:188} INFO - [2026-04-28T21:34:24.626+0000] {dagbag.py:540} INFO - Filling up the DagBag from /home/airflow/.local/lib/python3.12/site-packages/airflow/example_dags/example_short_circuit_operator.py
[2026-04-28T21:34:24.682+0000] {processor.py:840} INFO - DAG(s) 'example_short_circuit_operator' retrieved from /home/airflow/.local/lib/python3.12/site-packages/airflow/example_dags/example_short_circuit_operator.py
[2026-04-28T21:34:24.774+0000] {logging_mixin.py:188} INFO - [2026-04-28T21:34:24.773+0000] {dag.py:3096} INFO - Sync 1 DAGs
[2026-04-28T21:34:24.854+0000] {logging_mixin.py:188} INFO - [2026-04-28T21:34:24.853+0000] {dag.py:3954} INFO - Setting next_dagrun for example_short_circuit_operator to 2026-04-27 00:00:00+00:00, run_after=2026-04-28 00:00:00+00:00
[2026-04-28T21:34:24.936+0000] {processor.py:183} INFO - Processing /home/airflow/.local/lib/python3.12/site-packages/airflow/example_dags/example_short_circuit_operator.py took 0.366 seconds
[2026-04-28T21:34:55.162+0000] {processor.py:161} INFO - Started process (PID=1753) to work on /home/airflow/.local/lib/python3.12/site-packages/airflow/example_dags/example_short_circuit_operator.py
[2026-04-28T21:34:55.165+0000] {processor.py:830} INFO - Processing file /home/airflow/.local/lib/python3.12/site-packages/airflow/example_dags/example_short_circuit_operator.py for tasks to queue
[2026-04-28T21:34:55.167+0000] {logging_mixin.py:188} INFO - [2026-04-28T21:34:55.167+0000] {dagbag.py:540} INFO - Filling up the DagBag from /home/airflow/.local/lib/python3.12/site-packages/airflow/example_dags/example_short_circuit_operator.py
[2026-04-28T21:34:55.176+0000] {processor.py:840} INFO - DAG(s) 'example_short_circuit_operator' retrieved from /home/airflow/.local/lib/python3.12/site-packages/airflow/example_dags/example_short_circuit_operator.py
[2026-04-28T21:34:55.203+0000] {logging_mixin.py:188} INFO - [2026-04-28T21:34:55.203+0000] {dag.py:3096} INFO - Sync 1 DAGs
[2026-04-28T21:34:55.229+0000] {logging_mixin.py:188} INFO - [2026-04-28T21:34:55.229+0000] {dag.py:3954} INFO - Setting next_dagrun for example_short_circuit_operator to 2026-04-27 00:00:00+00:00, run_after=2026-04-28 00:00:00+00:00
[2026-04-28T21:34:55.251+0000] {processor.py:183} INFO - Processing /home/airflow/.local/lib/python3.12/site-packages/airflow/example_dags/example_short_circuit_operator.py took 0.096 seconds
[2026-04-28T21:35:25.795+0000] {processor.py:161} INFO - Started process (PID=1814) to work on /home/airflow/.local/lib/python3.12/site-packages/airflow/example_dags/example_short_circuit_operator.py
[2026-04-28T21:35:25.796+0000] {processor.py:830} INFO - Processing file /home/airflow/.local/lib/python3.12/site-packages/airflow/example_dags/example_short_circuit_operator.py for tasks to queue
[2026-04-28T21:35:25.798+0000] {logging_mixin.py:188} INFO - [2026-04-28T21:35:25.797+0000] {dagbag.py:540} INFO - Filling up the DagBag from /home/airflow/.local/lib/python3.12/site-packages/airflow/example_dags/example_short_circuit_operator.py
[2026-04-28T21:35:25.807+0000] {processor.py:840} INFO - DAG(s) 'example_short_circuit_operator' retrieved from /home/airflow/.local/lib/python3.12/site-packages/airflow/example_dags/example_short_circuit_operator.py
[2026-04-28T21:35:25.835+0000] {logging_mixin.py:188} INFO - [2026-04-28T21:35:25.834+0000] {dag.py:3096} INFO - Sync 1 DAGs
[2026-04-28T21:35:25.863+0000] {logging_mixin.py:188} INFO - [2026-04-28T21:35:25.860+0000] {dag.py:3954} INFO - Setting next_dagrun for example_short_circuit_operator to 2026-04-27 00:00:00+00:00, run_after=2026-04-28 00:00:00+00:00
[2026-04-28T21:35:25.882+0000] {processor.py:183} INFO - Processing /home/airflow/.local/lib/python3.12/site-packages/airflow/example_dags/example_short_circuit_operator.py took 0.094 seconds
[2026-04-28T21:35:56.179+0000] {processor.py:161} INFO - Started process (PID=1874) to work on /home/airflow/.local/lib/python3.12/site-packages/airflow/example_dags/example_short_circuit_operator.py
[2026-04-28T21:35:56.201+0000] {processor.py:830} INFO - Processing file /home/airflow/.local/lib/python3.12/site-packages/airflow/example_dags/example_short_circuit_operator.py for tasks to queue
[2026-04-28T21:35:56.223+0000] {logging_mixin.py:188} INFO - [2026-04-28T21:35:56.217+0000] {dagbag.py:540} INFO - Filling up the DagBag from /home/airflow/.local/lib/python3.12/site-packages/airflow/example_dags/example_short_circuit_operator.py
[2026-04-28T21:35:56.304+0000] {processor.py:840} INFO - DAG(s) 'example_short_circuit_operator' retrieved from /home/airflow/.local/lib/python3.12/site-packages/airflow/example_dags/example_short_circuit_operator.py
[2026-04-28T21:35:56.497+0000] {logging_mixin.py:188} INFO - [2026-04-28T21:35:56.497+0000] {dag.py:3096} INFO - Sync 1 DAGs
[2026-04-28T21:35:56.710+0000] {logging_mixin.py:188} INFO - [2026-04-28T21:35:56.709+0000] {dag.py:3954} INFO - Setting next_dagrun for example_short_circuit_operator to 2026-04-27 00:00:00+00:00, run_after=2026-04-28 00:00:00+00:00
[2026-04-28T21:35:56.904+0000] {processor.py:183} INFO - Processing /home/airflow/.local/lib/python3.12/site-packages/airflow/example_dags/example_short_circuit_operator.py took 0.751 seconds
[2026-04-28T21:36:27.333+0000] {processor.py:161} INFO - Started process (PID=1934) to work on /home/airflow/.local/lib/python3.12/site-packages/airflow/example_dags/example_short_circuit_operator.py
[2026-04-28T21:36:27.338+0000] {processor.py:830} INFO - Processing file /home/airflow/.local/lib/python3.12/site-packages/airflow/example_dags/example_short_circuit_operator.py for tasks to queue
[2026-04-28T21:36:27.342+0000] {logging_mixin.py:188} INFO - [2026-04-28T21:36:27.342+0000] {dagbag.py:540} INFO - Filling up the DagBag from /home/airflow/.local/lib/python3.12/site-packages/airflow/example_dags/example_short_circuit_operator.py
[2026-04-28T21:36:27.353+0000] {processor.py:840} INFO - DAG(s) 'example_short_circuit_operator' retrieved from /home/airflow/.local/lib/python3.12/site-packages/airflow/example_dags/example_short_circuit_operator.py
[2026-04-28T21:36:27.395+0000] {logging_mixin.py:188} INFO - [2026-04-28T21:36:27.394+0000] {dag.py:3096} INFO - Sync 1 DAGs
[2026-04-28T21:36:27.424+0000] {logging_mixin.py:188} INFO - [2026-04-28T21:36:27.423+0000] {dag.py:3954} INFO - Setting next_dagrun for example_short_circuit_operator to 2026-04-27 00:00:00+00:00, run_after=2026-04-28 00:00:00+00:00
[2026-04-28T21:36:27.452+0000] {processor.py:183} INFO - Processing /home/airflow/.local/lib/python3.12/site-packages/airflow/example_dags/example_short_circuit_operator.py took 0.129 seconds
[2026-04-28T21:36:57.997+0000] {processor.py:161} INFO - Started process (PID=1994) to work on /home/airflow/.local/lib/python3.12/site-packages/airflow/example_dags/example_short_circuit_operator.py
[2026-04-28T21:36:58.007+0000] {processor.py:830} INFO - Processing file /home/airflow/.local/lib/python3.12/site-packages/airflow/example_dags/example_short_circuit_operator.py for tasks to queue
[2026-04-28T21:36:58.009+0000] {logging_mixin.py:188} INFO - [2026-04-28T21:36:58.009+0000] {dagbag.py:540} INFO - Filling up the DagBag from /home/airflow/.local/lib/python3.12/site-packages/airflow/example_dags/example_short_circuit_operator.py
[2026-04-28T21:36:58.023+0000] {processor.py:840} INFO - DAG(s) 'example_short_circuit_operator' retrieved from /home/airflow/.local/lib/python3.12/site-packages/airflow/example_dags/example_short_circuit_operator.py
[2026-04-28T21:36:58.056+0000] {logging_mixin.py:188} INFO - [2026-04-28T21:36:58.056+0000] {dag.py:3096} INFO - Sync 1 DAGs
[2026-04-28T21:36:58.086+0000] {logging_mixin.py:188} INFO - [2026-04-28T21:36:58.086+0000] {dag.py:3954} INFO - Setting next_dagrun for example_short_circuit_operator to 2026-04-27 00:00:00+00:00, run_after=2026-04-28 00:00:00+00:00
[2026-04-28T21:36:58.107+0000] {processor.py:183} INFO - Processing /home/airflow/.local/lib/python3.12/site-packages/airflow/example_dags/example_short_circuit_operator.py took 0.118 seconds
[2026-04-28T21:37:28.558+0000] {processor.py:161} INFO - Started process (PID=2053) to work on /home/airflow/.local/lib/python3.12/site-packages/airflow/example_dags/example_short_circuit_operator.py
[2026-04-28T21:37:28.569+0000] {processor.py:830} INFO - Processing file /home/airflow/.local/lib/python3.12/site-packages/airflow/example_dags/example_short_circuit_operator.py for tasks to queue
[2026-04-28T21:37:28.574+0000] {logging_mixin.py:188} INFO - [2026-04-28T21:37:28.573+0000] {dagbag.py:540} INFO - Filling up the DagBag from /home/airflow/.local/lib/python3.12/site-packages/airflow/example_dags/example_short_circuit_operator.py
[2026-04-28T21:37:28.588+0000] {processor.py:840} INFO - DAG(s) 'example_short_circuit_operator' retrieved from /home/airflow/.local/lib/python3.12/site-packages/airflow/example_dags/example_short_circuit_operator.py
[2026-04-28T21:37:28.654+0000] {logging_mixin.py:188} INFO - [2026-04-28T21:37:28.654+0000] {dag.py:3096} INFO - Sync 1 DAGs
[2026-04-28T21:37:28.761+0000] {logging_mixin.py:188} INFO - [2026-04-28T21:37:28.761+0000] {dag.py:3954} INFO - Setting next_dagrun for example_short_circuit_operator to 2026-04-27 00:00:00+00:00, run_after=2026-04-28 00:00:00+00:00
[2026-04-28T21:37:28.794+0000] {processor.py:183} INFO - Processing /home/airflow/.local/lib/python3.12/site-packages/airflow/example_dags/example_short_circuit_operator.py took 0.258 seconds
[2026-04-28T21:37:59.436+0000] {processor.py:161} INFO - Started process (PID=2111) to work on /home/airflow/.local/lib/python3.12/site-packages/airflow/example_dags/example_short_circuit_operator.py
[2026-04-28T21:37:59.439+0000] {processor.py:830} INFO - Processing file /home/airflow/.local/lib/python3.12/site-packages/airflow/example_dags/example_short_circuit_operator.py for tasks to queue
[2026-04-28T21:37:59.441+0000] {logging_mixin.py:188} INFO - [2026-04-28T21:37:59.441+0000] {dagbag.py:540} INFO - Filling up the DagBag from /home/airflow/.local/lib/python3.12/site-packages/airflow/example_dags/example_short_circuit_operator.py
[2026-04-28T21:37:59.450+0000] {processor.py:840} INFO - DAG(s) 'example_short_circuit_operator' retrieved from /home/airflow/.local/lib/python3.12/site-packages/airflow/example_dags/example_short_circuit_operator.py
[2026-04-28T21:37:59.479+0000] {logging_mixin.py:188} INFO - [2026-04-28T21:37:59.479+0000] {dag.py:3096} INFO - Sync 1 DAGs
[2026-04-28T21:37:59.506+0000] {logging_mixin.py:188} INFO - [2026-04-28T21:37:59.506+0000] {dag.py:3954} INFO - Setting next_dagrun for example_short_circuit_operator to 2026-04-27 00:00:00+00:00, run_after=2026-04-28 00:00:00+00:00
[2026-04-28T21:37:59.528+0000] {processor.py:183} INFO - Processing /home/airflow/.local/lib/python3.12/site-packages/airflow/example_dags/example_short_circuit_operator.py took 0.100 seconds
[2026-04-28T21:38:29.776+0000] {processor.py:161} INFO - Started process (PID=2170) to work on /home/airflow/.local/lib/python3.12/site-packages/airflow/example_dags/example_short_circuit_operator.py
[2026-04-28T21:38:29.778+0000] {processor.py:830} INFO - Processing file /home/airflow/.local/lib/python3.12/site-packages/airflow/example_dags/example_short_circuit_operator.py for tasks to queue
[2026-04-28T21:38:29.780+0000] {logging_mixin.py:188} INFO - [2026-04-28T21:38:29.780+0000] {dagbag.py:540} INFO - Filling up the DagBag from /home/airflow/.local/lib/python3.12/site-packages/airflow/example_dags/example_short_circuit_operator.py
[2026-04-28T21:38:29.789+0000] {processor.py:840} INFO - DAG(s) 'example_short_circuit_operator' retrieved from /home/airflow/.local/lib/python3.12/site-packages/airflow/example_dags/example_short_circuit_operator.py
[2026-04-28T21:38:29.823+0000] {logging_mixin.py:188} INFO - [2026-04-28T21:38:29.822+0000] {dag.py:3096} INFO - Sync 1 DAGs
[2026-04-28T21:38:29.899+0000] {logging_mixin.py:188} INFO - [2026-04-28T21:38:29.899+0000] {dag.py:3954} INFO - Setting next_dagrun for example_short_circuit_operator to 2026-04-27 00:00:00+00:00, run_after=2026-04-28 00:00:00+00:00
[2026-04-28T21:38:29.930+0000] {processor.py:183} INFO - Processing /home/airflow/.local/lib/python3.12/site-packages/airflow/example_dags/example_short_circuit_operator.py took 0.161 seconds
[2026-04-28T21:38:59.979+0000] {processor.py:161} INFO - Started process (PID=2230) to work on /home/airflow/.local/lib/python3.12/site-packages/airflow/example_dags/example_short_circuit_operator.py
[2026-04-28T21:38:59.981+0000] {processor.py:830} INFO - Processing file /home/airflow/.local/lib/python3.12/site-packages/airflow/example_dags/example_short_circuit_operator.py for tasks to queue
[2026-04-28T21:38:59.983+0000] {logging_mixin.py:188} INFO - [2026-04-28T21:38:59.983+0000] {dagbag.py:540} INFO - Filling up the DagBag from /home/airflow/.local/lib/python3.12/site-packages/airflow/example_dags/example_short_circuit_operator.py
[2026-04-28T21:38:59.993+0000] {processor.py:840} INFO - DAG(s) 'example_short_circuit_operator' retrieved from /home/airflow/.local/lib/python3.12/site-packages/airflow/example_dags/example_short_circuit_operator.py
[2026-04-28T21:39:00.021+0000] {logging_mixin.py:188} INFO - [2026-04-28T21:39:00.020+0000] {dag.py:3096} INFO - Sync 1 DAGs
[2026-04-28T21:39:00.053+0000] {logging_mixin.py:188} INFO - [2026-04-28T21:39:00.053+0000] {dag.py:3954} INFO - Setting next_dagrun for example_short_circuit_operator to 2026-04-27 00:00:00+00:00, run_after=2026-04-28 00:00:00+00:00
[2026-04-28T21:39:00.072+0000] {processor.py:183} INFO - Processing /home/airflow/.local/lib/python3.12/site-packages/airflow/example_dags/example_short_circuit_operator.py took 0.100 seconds
[2026-04-28T21:39:30.934+0000] {processor.py:161} INFO - Started process (PID=2289) to work on /home/airflow/.local/lib/python3.12/site-packages/airflow/example_dags/example_short_circuit_operator.py
[2026-04-28T21:39:30.935+0000] {processor.py:830} INFO - Processing file /home/airflow/.local/lib/python3.12/site-packages/airflow/example_dags/example_short_circuit_operator.py for tasks to queue
[2026-04-28T21:39:30.938+0000] {logging_mixin.py:188} INFO - [2026-04-28T21:39:30.937+0000] {dagbag.py:540} INFO - Filling up the DagBag from /home/airflow/.local/lib/python3.12/site-packages/airflow/example_dags/example_short_circuit_operator.py
[2026-04-28T21:39:30.946+0000] {processor.py:840} INFO - DAG(s) 'example_short_circuit_operator' retrieved from /home/airflow/.local/lib/python3.12/site-packages/airflow/example_dags/example_short_circuit_operator.py
[2026-04-28T21:39:30.975+0000] {logging_mixin.py:188} INFO - [2026-04-28T21:39:30.974+0000] {dag.py:3096} INFO - Sync 1 DAGs
[2026-04-28T21:39:31.009+0000] {logging_mixin.py:188} INFO - [2026-04-28T21:39:31.009+0000] {dag.py:3954} INFO - Setting next_dagrun for example_short_circuit_operator to 2026-04-27 00:00:00+00:00, run_after=2026-04-28 00:00:00+00:00
[2026-04-28T21:39:31.030+0000] {processor.py:183} INFO - Processing /home/airflow/.local/lib/python3.12/site-packages/airflow/example_dags/example_short_circuit_operator.py took 0.102 seconds
[2026-04-28T21:40:01.538+0000] {processor.py:161} INFO - Started process (PID=2349) to work on /home/airflow/.local/lib/python3.12/site-packages/airflow/example_dags/example_short_circuit_operator.py
[2026-04-28T21:40:01.539+0000] {processor.py:830} INFO - Processing file /home/airflow/.local/lib/python3.12/site-packages/airflow/example_dags/example_short_circuit_operator.py for tasks to queue
[2026-04-28T21:40:01.543+0000] {logging_mixin.py:188} INFO - [2026-04-28T21:40:01.543+0000] {dagbag.py:540} INFO - Filling up the DagBag from /home/airflow/.local/lib/python3.12/site-packages/airflow/example_dags/example_short_circuit_operator.py
[2026-04-28T21:40:01.560+0000] {processor.py:840} INFO - DAG(s) 'example_short_circuit_operator' retrieved from /home/airflow/.local/lib/python3.12/site-packages/airflow/example_dags/example_short_circuit_operator.py
[2026-04-28T21:40:01.615+0000] {logging_mixin.py:188} INFO - [2026-04-28T21:40:01.614+0000] {dag.py:3096} INFO - Sync 1 DAGs
[2026-04-28T21:40:01.707+0000] {logging_mixin.py:188} INFO - [2026-04-28T21:40:01.699+0000] {dag.py:3954} INFO - Setting next_dagrun for example_short_circuit_operator to 2026-04-27 00:00:00+00:00, run_after=2026-04-28 00:00:00+00:00
[2026-04-28T21:40:01.933+0000] {processor.py:183} INFO - Processing /home/airflow/.local/lib/python3.12/site-packages/airflow/example_dags/example_short_circuit_operator.py took 0.407 seconds
[2026-04-28T21:43:21.106+0000] {processor.py:161} INFO - Started process (PID=82) to work on /home/airflow/.local/lib/python3.12/site-packages/airflow/example_dags/example_short_circuit_operator.py
[2026-04-28T21:43:21.118+0000] {processor.py:830} INFO - Processing file /home/airflow/.local/lib/python3.12/site-packages/airflow/example_dags/example_short_circuit_operator.py for tasks to queue
[2026-04-28T21:43:21.127+0000] {logging_mixin.py:188} INFO - [2026-04-28T21:43:21.125+0000] {dagbag.py:540} INFO - Filling up the DagBag from /home/airflow/.local/lib/python3.12/site-packages/airflow/example_dags/example_short_circuit_operator.py
[2026-04-28T21:43:21.158+0000] {processor.py:840} INFO - DAG(s) 'example_short_circuit_operator' retrieved from /home/airflow/.local/lib/python3.12/site-packages/airflow/example_dags/example_short_circuit_operator.py
[2026-04-28T21:43:21.878+0000] {logging_mixin.py:188} INFO - [2026-04-28T21:43:21.868+0000] {override.py:1829} INFO - Created Permission View: can delete on DAG:example_short_circuit_operator
[2026-04-28T21:43:21.936+0000] {logging_mixin.py:188} INFO - [2026-04-28T21:43:21.936+0000] {override.py:1829} INFO - Created Permission View: can edit on DAG:example_short_circuit_operator
[2026-04-28T21:43:21.977+0000] {logging_mixin.py:188} INFO - [2026-04-28T21:43:21.977+0000] {override.py:1829} INFO - Created Permission View: can read on DAG:example_short_circuit_operator
[2026-04-28T21:43:21.981+0000] {logging_mixin.py:188} INFO - [2026-04-28T21:43:21.980+0000] {dag.py:3096} INFO - Sync 1 DAGs
[2026-04-28T21:43:22.050+0000] {logging_mixin.py:188} INFO - [2026-04-28T21:43:22.050+0000] {dag.py:3118} INFO - Creating ORM DAG for example_short_circuit_operator
[2026-04-28T21:43:22.102+0000] {logging_mixin.py:188} INFO - [2026-04-28T21:43:22.102+0000] {dag.py:3954} INFO - Setting next_dagrun for example_short_circuit_operator to 2026-04-27 00:00:00+00:00, run_after=2026-04-28 00:00:00+00:00
[2026-04-28T21:43:22.186+0000] {processor.py:183} INFO - Processing /home/airflow/.local/lib/python3.12/site-packages/airflow/example_dags/example_short_circuit_operator.py took 1.120 seconds
[2026-04-28T21:43:52.605+0000] {processor.py:161} INFO - Started process (PID=142) to work on /home/airflow/.local/lib/python3.12/site-packages/airflow/example_dags/example_short_circuit_operator.py
[2026-04-28T21:43:52.612+0000] {processor.py:830} INFO - Processing file /home/airflow/.local/lib/python3.12/site-packages/airflow/example_dags/example_short_circuit_operator.py for tasks to queue
[2026-04-28T21:43:52.621+0000] {logging_mixin.py:188} INFO - [2026-04-28T21:43:52.620+0000] {dagbag.py:540} INFO - Filling up the DagBag from /home/airflow/.local/lib/python3.12/site-packages/airflow/example_dags/example_short_circuit_operator.py
[2026-04-28T21:43:52.663+0000] {processor.py:840} INFO - DAG(s) 'example_short_circuit_operator' retrieved from /home/airflow/.local/lib/python3.12/site-packages/airflow/example_dags/example_short_circuit_operator.py
[2026-04-28T21:43:52.754+0000] {logging_mixin.py:188} INFO - [2026-04-28T21:43:52.753+0000] {dag.py:3096} INFO - Sync 1 DAGs
[2026-04-28T21:43:52.879+0000] {logging_mixin.py:188} INFO - [2026-04-28T21:43:52.878+0000] {dag.py:3954} INFO - Setting next_dagrun for example_short_circuit_operator to 2026-04-27 00:00:00+00:00, run_after=2026-04-28 00:00:00+00:00
[2026-04-28T21:43:52.923+0000] {processor.py:183} INFO - Processing /home/airflow/.local/lib/python3.12/site-packages/airflow/example_dags/example_short_circuit_operator.py took 0.346 seconds
[2026-04-28T21:44:23.316+0000] {processor.py:161} INFO - Started process (PID=201) to work on /home/airflow/.local/lib/python3.12/site-packages/airflow/example_dags/example_short_circuit_operator.py
[2026-04-28T21:44:23.317+0000] {processor.py:830} INFO - Processing file /home/airflow/.local/lib/python3.12/site-packages/airflow/example_dags/example_short_circuit_operator.py for tasks to queue
[2026-04-28T21:44:23.319+0000] {logging_mixin.py:188} INFO - [2026-04-28T21:44:23.319+0000] {dagbag.py:540} INFO - Filling up the DagBag from /home/airflow/.local/lib/python3.12/site-packages/airflow/example_dags/example_short_circuit_operator.py
[2026-04-28T21:44:23.348+0000] {processor.py:840} INFO - DAG(s) 'example_short_circuit_operator' retrieved from /home/airflow/.local/lib/python3.12/site-packages/airflow/example_dags/example_short_circuit_operator.py
[2026-04-28T21:44:23.445+0000] {logging_mixin.py:188} INFO - [2026-04-28T21:44:23.445+0000] {dag.py:3096} INFO - Sync 1 DAGs
[2026-04-28T21:44:23.494+0000] {logging_mixin.py:188} INFO - [2026-04-28T21:44:23.494+0000] {dag.py:3954} INFO - Setting next_dagrun for example_short_circuit_operator to 2026-04-27 00:00:00+00:00, run_after=2026-04-28 00:00:00+00:00
[2026-04-28T21:44:23.646+0000] {processor.py:183} INFO - Processing /home/airflow/.local/lib/python3.12/site-packages/airflow/example_dags/example_short_circuit_operator.py took 0.346 seconds
[2026-04-28T21:44:54.068+0000] {processor.py:161} INFO - Started process (PID=261) to work on /home/airflow/.local/lib/python3.12/site-packages/airflow/example_dags/example_short_circuit_operator.py
[2026-04-28T21:44:54.069+0000] {processor.py:830} INFO - Processing file /home/airflow/.local/lib/python3.12/site-packages/airflow/example_dags/example_short_circuit_operator.py for tasks to queue
[2026-04-28T21:44:54.071+0000] {logging_mixin.py:188} INFO - [2026-04-28T21:44:54.071+0000] {dagbag.py:540} INFO - Filling up the DagBag from /home/airflow/.local/lib/python3.12/site-packages/airflow/example_dags/example_short_circuit_operator.py
[2026-04-28T21:44:54.080+0000] {processor.py:840} INFO - DAG(s) 'example_short_circuit_operator' retrieved from /home/airflow/.local/lib/python3.12/site-packages/airflow/example_dags/example_short_circuit_operator.py
[2026-04-28T21:44:54.108+0000] {logging_mixin.py:188} INFO - [2026-04-28T21:44:54.108+0000] {dag.py:3096} INFO - Sync 1 DAGs
[2026-04-28T21:44:54.133+0000] {logging_mixin.py:188} INFO - [2026-04-28T21:44:54.133+0000] {dag.py:3954} INFO - Setting next_dagrun for example_short_circuit_operator to 2026-04-27 00:00:00+00:00, run_after=2026-04-28 00:00:00+00:00
[2026-04-28T21:44:54.151+0000] {processor.py:183} INFO - Processing /home/airflow/.local/lib/python3.12/site-packages/airflow/example_dags/example_short_circuit_operator.py took 0.091 seconds
[2026-04-28T21:45:24.295+0000] {processor.py:161} INFO - Started process (PID=321) to work on /home/airflow/.local/lib/python3.12/site-packages/airflow/example_dags/example_short_circuit_operator.py
[2026-04-28T21:45:24.296+0000] {processor.py:830} INFO - Processing file /home/airflow/.local/lib/python3.12/site-packages/airflow/example_dags/example_short_circuit_operator.py for tasks to queue
[2026-04-28T21:45:24.298+0000] {logging_mixin.py:188} INFO - [2026-04-28T21:45:24.298+0000] {dagbag.py:540} INFO - Filling up the DagBag from /home/airflow/.local/lib/python3.12/site-packages/airflow/example_dags/example_short_circuit_operator.py
[2026-04-28T21:45:24.308+0000] {processor.py:840} INFO - DAG(s) 'example_short_circuit_operator' retrieved from /home/airflow/.local/lib/python3.12/site-packages/airflow/example_dags/example_short_circuit_operator.py
[2026-04-28T21:45:24.337+0000] {logging_mixin.py:188} INFO - [2026-04-28T21:45:24.337+0000] {dag.py:3096} INFO - Sync 1 DAGs
[2026-04-28T21:45:24.385+0000] {logging_mixin.py:188} INFO - [2026-04-28T21:45:24.384+0000] {dag.py:3954} INFO - Setting next_dagrun for example_short_circuit_operator to 2026-04-27 00:00:00+00:00, run_after=2026-04-28 00:00:00+00:00
[2026-04-28T21:45:24.430+0000] {processor.py:183} INFO - Processing /home/airflow/.local/lib/python3.12/site-packages/airflow/example_dags/example_short_circuit_operator.py took 0.158 seconds
[2026-04-28T21:45:54.615+0000] {processor.py:161} INFO - Started process (PID=381) to work on /home/airflow/.local/lib/python3.12/site-packages/airflow/example_dags/example_short_circuit_operator.py
[2026-04-28T21:45:54.616+0000] {processor.py:830} INFO - Processing file /home/airflow/.local/lib/python3.12/site-packages/airflow/example_dags/example_short_circuit_operator.py for tasks to queue
[2026-04-28T21:45:54.618+0000] {logging_mixin.py:188} INFO - [2026-04-28T21:45:54.618+0000] {dagbag.py:540} INFO - Filling up the DagBag from /home/airflow/.local/lib/python3.12/site-packages/airflow/example_dags/example_short_circuit_operator.py
[2026-04-28T21:45:54.628+0000] {processor.py:840} INFO - DAG(s) 'example_short_circuit_operator' retrieved from /home/airflow/.local/lib/python3.12/site-packages/airflow/example_dags/example_short_circuit_operator.py
[2026-04-28T21:45:54.656+0000] {logging_mixin.py:188} INFO - [2026-04-28T21:45:54.655+0000] {dag.py:3096} INFO - Sync 1 DAGs
[2026-04-28T21:45:54.686+0000] {logging_mixin.py:188} INFO - [2026-04-28T21:45:54.686+0000] {dag.py:3954} INFO - Setting next_dagrun for example_short_circuit_operator to 2026-04-27 00:00:00+00:00, run_after=2026-04-28 00:00:00+00:00
[2026-04-28T21:45:54.709+0000] {processor.py:183} INFO - Processing /home/airflow/.local/lib/python3.12/site-packages/airflow/example_dags/example_short_circuit_operator.py took 0.101 seconds
[2026-04-28T21:46:25.911+0000] {processor.py:161} INFO - Started process (PID=440) to work on /home/airflow/.local/lib/python3.12/site-packages/airflow/example_dags/example_short_circuit_operator.py
[2026-04-28T21:46:25.922+0000] {processor.py:830} INFO - Processing file /home/airflow/.local/lib/python3.12/site-packages/airflow/example_dags/example_short_circuit_operator.py for tasks to queue
[2026-04-28T21:46:25.942+0000] {logging_mixin.py:188} INFO - [2026-04-28T21:46:25.935+0000] {dagbag.py:540} INFO - Filling up the DagBag from /home/airflow/.local/lib/python3.12/site-packages/airflow/example_dags/example_short_circuit_operator.py
[2026-04-28T21:46:26.005+0000] {processor.py:840} INFO - DAG(s) 'example_short_circuit_operator' retrieved from /home/airflow/.local/lib/python3.12/site-packages/airflow/example_dags/example_short_circuit_operator.py
[2026-04-28T21:46:26.131+0000] {logging_mixin.py:188} INFO - [2026-04-28T21:46:26.131+0000] {dag.py:3096} INFO - Sync 1 DAGs
[2026-04-28T21:46:26.236+0000] {logging_mixin.py:188} INFO - [2026-04-28T21:46:26.228+0000] {dag.py:3954} INFO - Setting next_dagrun for example_short_circuit_operator to 2026-04-27 00:00:00+00:00, run_after=2026-04-28 00:00:00+00:00
[2026-04-28T21:46:26.332+0000] {processor.py:183} INFO - Processing /home/airflow/.local/lib/python3.12/site-packages/airflow/example_dags/example_short_circuit_operator.py took 0.449 seconds
[2026-04-28T21:46:57.262+0000] {processor.py:161} INFO - Started process (PID=500) to work on /home/airflow/.local/lib/python3.12/site-packages/airflow/example_dags/example_short_circuit_operator.py
[2026-04-28T21:46:57.268+0000] {processor.py:830} INFO - Processing file /home/airflow/.local/lib/python3.12/site-packages/airflow/example_dags/example_short_circuit_operator.py for tasks to queue
[2026-04-28T21:46:57.273+0000] {logging_mixin.py:188} INFO - [2026-04-28T21:46:57.272+0000] {dagbag.py:540} INFO - Filling up the DagBag from /home/airflow/.local/lib/python3.12/site-packages/airflow/example_dags/example_short_circuit_operator.py
[2026-04-28T21:46:57.315+0000] {processor.py:840} INFO - DAG(s) 'example_short_circuit_operator' retrieved from /home/airflow/.local/lib/python3.12/site-packages/airflow/example_dags/example_short_circuit_operator.py
[2026-04-28T21:46:57.378+0000] {logging_mixin.py:188} INFO - [2026-04-28T21:46:57.378+0000] {dag.py:3096} INFO - Sync 1 DAGs
[2026-04-28T21:46:57.426+0000] {logging_mixin.py:188} INFO - [2026-04-28T21:46:57.425+0000] {dag.py:3954} INFO - Setting next_dagrun for example_short_circuit_operator to 2026-04-27 00:00:00+00:00, run_after=2026-04-28 00:00:00+00:00
[2026-04-28T21:46:57.485+0000] {processor.py:183} INFO - Processing /home/airflow/.local/lib/python3.12/site-packages/airflow/example_dags/example_short_circuit_operator.py took 0.234 seconds
[2026-04-28T21:47:27.940+0000] {processor.py:161} INFO - Started process (PID=560) to work on /home/airflow/.local/lib/python3.12/site-packages/airflow/example_dags/example_short_circuit_operator.py
[2026-04-28T21:47:27.942+0000] {processor.py:830} INFO - Processing file /home/airflow/.local/lib/python3.12/site-packages/airflow/example_dags/example_short_circuit_operator.py for tasks to queue
[2026-04-28T21:47:27.944+0000] {logging_mixin.py:188} INFO - [2026-04-28T21:47:27.943+0000] {dagbag.py:540} INFO - Filling up the DagBag from /home/airflow/.local/lib/python3.12/site-packages/airflow/example_dags/example_short_circuit_operator.py
[2026-04-28T21:47:27.953+0000] {processor.py:840} INFO - DAG(s) 'example_short_circuit_operator' retrieved from /home/airflow/.local/lib/python3.12/site-packages/airflow/example_dags/example_short_circuit_operator.py
[2026-04-28T21:47:27.982+0000] {logging_mixin.py:188} INFO - [2026-04-28T21:47:27.981+0000] {dag.py:3096} INFO - Sync 1 DAGs
[2026-04-28T21:47:28.007+0000] {logging_mixin.py:188} INFO - [2026-04-28T21:47:28.007+0000] {dag.py:3954} INFO - Setting next_dagrun for example_short_circuit_operator to 2026-04-27 00:00:00+00:00, run_after=2026-04-28 00:00:00+00:00
[2026-04-28T21:47:28.033+0000] {processor.py:183} INFO - Processing /home/airflow/.local/lib/python3.12/site-packages/airflow/example_dags/example_short_circuit_operator.py took 0.106 seconds
[2026-04-28T21:47:58.706+0000] {processor.py:161} INFO - Started process (PID=620) to work on /home/airflow/.local/lib/python3.12/site-packages/airflow/example_dags/example_short_circuit_operator.py
[2026-04-28T21:47:58.707+0000] {processor.py:830} INFO - Processing file /home/airflow/.local/lib/python3.12/site-packages/airflow/example_dags/example_short_circuit_operator.py for tasks to queue
[2026-04-28T21:47:58.710+0000] {logging_mixin.py:188} INFO - [2026-04-28T21:47:58.709+0000] {dagbag.py:540} INFO - Filling up the DagBag from /home/airflow/.local/lib/python3.12/site-packages/airflow/example_dags/example_short_circuit_operator.py
[2026-04-28T21:47:58.719+0000] {processor.py:840} INFO - DAG(s) 'example_short_circuit_operator' retrieved from /home/airflow/.local/lib/python3.12/site-packages/airflow/example_dags/example_short_circuit_operator.py
[2026-04-28T21:47:58.748+0000] {logging_mixin.py:188} INFO - [2026-04-28T21:47:58.748+0000] {dag.py:3096} INFO - Sync 1 DAGs
[2026-04-28T21:47:58.773+0000] {logging_mixin.py:188} INFO - [2026-04-28T21:47:58.772+0000] {dag.py:3954} INFO - Setting next_dagrun for example_short_circuit_operator to 2026-04-27 00:00:00+00:00, run_after=2026-04-28 00:00:00+00:00
[2026-04-28T21:47:58.794+0000] {processor.py:183} INFO - Processing /home/airflow/.local/lib/python3.12/site-packages/airflow/example_dags/example_short_circuit_operator.py took 0.094 seconds
[2026-04-28T21:48:29.032+0000] {processor.py:161} INFO - Started process (PID=680) to work on /home/airflow/.local/lib/python3.12/site-packages/airflow/example_dags/example_short_circuit_operator.py
[2026-04-28T21:48:29.036+0000] {processor.py:830} INFO - Processing file /home/airflow/.local/lib/python3.12/site-packages/airflow/example_dags/example_short_circuit_operator.py for tasks to queue
[2026-04-28T21:48:29.041+0000] {logging_mixin.py:188} INFO - [2026-04-28T21:48:29.041+0000] {dagbag.py:540} INFO - Filling up the DagBag from /home/airflow/.local/lib/python3.12/site-packages/airflow/example_dags/example_short_circuit_operator.py
[2026-04-28T21:48:29.062+0000] {processor.py:840} INFO - DAG(s) 'example_short_circuit_operator' retrieved from /home/airflow/.local/lib/python3.12/site-packages/airflow/example_dags/example_short_circuit_operator.py
[2026-04-28T21:48:29.108+0000] {logging_mixin.py:188} INFO - [2026-04-28T21:48:29.107+0000] {dag.py:3096} INFO - Sync 1 DAGs
[2026-04-28T21:48:29.194+0000] {logging_mixin.py:188} INFO - [2026-04-28T21:48:29.194+0000] {dag.py:3954} INFO - Setting next_dagrun for example_short_circuit_operator to 2026-04-27 00:00:00+00:00, run_after=2026-04-28 00:00:00+00:00
[2026-04-28T21:48:29.264+0000] {processor.py:183} INFO - Processing /home/airflow/.local/lib/python3.12/site-packages/airflow/example_dags/example_short_circuit_operator.py took 0.247 seconds
[2026-04-28T21:49:00.647+0000] {processor.py:161} INFO - Started process (PID=740) to work on /home/airflow/.local/lib/python3.12/site-packages/airflow/example_dags/example_short_circuit_operator.py
[2026-04-28T21:49:00.668+0000] {processor.py:830} INFO - Processing file /home/airflow/.local/lib/python3.12/site-packages/airflow/example_dags/example_short_circuit_operator.py for tasks to queue
[2026-04-28T21:49:00.682+0000] {logging_mixin.py:188} INFO - [2026-04-28T21:49:00.682+0000] {dagbag.py:540} INFO - Filling up the DagBag from /home/airflow/.local/lib/python3.12/site-packages/airflow/example_dags/example_short_circuit_operator.py
[2026-04-28T21:49:00.745+0000] {processor.py:840} INFO - DAG(s) 'example_short_circuit_operator' retrieved from /home/airflow/.local/lib/python3.12/site-packages/airflow/example_dags/example_short_circuit_operator.py
[2026-04-28T21:49:00.919+0000] {logging_mixin.py:188} INFO - [2026-04-28T21:49:00.914+0000] {dag.py:3096} INFO - Sync 1 DAGs
[2026-04-28T21:49:01.113+0000] {logging_mixin.py:188} INFO - [2026-04-28T21:49:01.113+0000] {dag.py:3954} INFO - Setting next_dagrun for example_short_circuit_operator to 2026-04-27 00:00:00+00:00, run_after=2026-04-28 00:00:00+00:00
[2026-04-28T21:49:01.257+0000] {processor.py:183} INFO - Processing /home/airflow/.local/lib/python3.12/site-packages/airflow/example_dags/example_short_circuit_operator.py took 0.659 seconds
[2026-04-28T21:49:31.900+0000] {processor.py:161} INFO - Started process (PID=799) to work on /home/airflow/.local/lib/python3.12/site-packages/airflow/example_dags/example_short_circuit_operator.py
[2026-04-28T21:49:31.916+0000] {processor.py:830} INFO - Processing file /home/airflow/.local/lib/python3.12/site-packages/airflow/example_dags/example_short_circuit_operator.py for tasks to queue
[2026-04-28T21:49:31.921+0000] {logging_mixin.py:188} INFO - [2026-04-28T21:49:31.921+0000] {dagbag.py:540} INFO - Filling up the DagBag from /home/airflow/.local/lib/python3.12/site-packages/airflow/example_dags/example_short_circuit_operator.py
[2026-04-28T21:49:31.943+0000] {processor.py:840} INFO - DAG(s) 'example_short_circuit_operator' retrieved from /home/airflow/.local/lib/python3.12/site-packages/airflow/example_dags/example_short_circuit_operator.py
[2026-04-28T21:49:32.114+0000] {logging_mixin.py:188} INFO - [2026-04-28T21:49:32.113+0000] {dag.py:3096} INFO - Sync 1 DAGs
[2026-04-28T21:49:32.207+0000] {logging_mixin.py:188} INFO - [2026-04-28T21:49:32.206+0000] {dag.py:3954} INFO - Setting next_dagrun for example_short_circuit_operator to 2026-04-27 00:00:00+00:00, run_after=2026-04-28 00:00:00+00:00
[2026-04-28T21:49:32.356+0000] {processor.py:183} INFO - Processing /home/airflow/.local/lib/python3.12/site-packages/airflow/example_dags/example_short_circuit_operator.py took 0.486 seconds
[2026-04-28T21:50:03.132+0000] {processor.py:161} INFO - Started process (PID=857) to work on /home/airflow/.local/lib/python3.12/site-packages/airflow/example_dags/example_short_circuit_operator.py
[2026-04-28T21:50:03.139+0000] {processor.py:830} INFO - Processing file /home/airflow/.local/lib/python3.12/site-packages/airflow/example_dags/example_short_circuit_operator.py for tasks to queue
[2026-04-28T21:50:03.143+0000] {logging_mixin.py:188} INFO - [2026-04-28T21:50:03.143+0000] {dagbag.py:540} INFO - Filling up the DagBag from /home/airflow/.local/lib/python3.12/site-packages/airflow/example_dags/example_short_circuit_operator.py
[2026-04-28T21:50:03.160+0000] {processor.py:840} INFO - DAG(s) 'example_short_circuit_operator' retrieved from /home/airflow/.local/lib/python3.12/site-packages/airflow/example_dags/example_short_circuit_operator.py
[2026-04-28T21:50:03.201+0000] {logging_mixin.py:188} INFO - [2026-04-28T21:50:03.201+0000] {dag.py:3096} INFO - Sync 1 DAGs
[2026-04-28T21:50:03.232+0000] {logging_mixin.py:188} INFO - [2026-04-28T21:50:03.232+0000] {dag.py:3954} INFO - Setting next_dagrun for example_short_circuit_operator to 2026-04-27 00:00:00+00:00, run_after=2026-04-28 00:00:00+00:00
[2026-04-28T21:50:03.252+0000] {processor.py:183} INFO - Processing /home/airflow/.local/lib/python3.12/site-packages/airflow/example_dags/example_short_circuit_operator.py took 0.127 seconds
[2026-04-28T21:50:34.006+0000] {processor.py:161} INFO - Started process (PID=917) to work on /home/airflow/.local/lib/python3.12/site-packages/airflow/example_dags/example_short_circuit_operator.py
[2026-04-28T21:50:34.009+0000] {processor.py:830} INFO - Processing file /home/airflow/.local/lib/python3.12/site-packages/airflow/example_dags/example_short_circuit_operator.py for tasks to queue
[2026-04-28T21:50:34.012+0000] {logging_mixin.py:188} INFO - [2026-04-28T21:50:34.012+0000] {dagbag.py:540} INFO - Filling up the DagBag from /home/airflow/.local/lib/python3.12/site-packages/airflow/example_dags/example_short_circuit_operator.py
[2026-04-28T21:50:34.024+0000] {processor.py:840} INFO - DAG(s) 'example_short_circuit_operator' retrieved from /home/airflow/.local/lib/python3.12/site-packages/airflow/example_dags/example_short_circuit_operator.py
[2026-04-28T21:50:34.053+0000] {logging_mixin.py:188} INFO - [2026-04-28T21:50:34.052+0000] {dag.py:3096} INFO - Sync 1 DAGs
[2026-04-28T21:50:34.078+0000] {logging_mixin.py:188} INFO - [2026-04-28T21:50:34.077+0000] {dag.py:3954} INFO - Setting next_dagrun for example_short_circuit_operator to 2026-04-27 00:00:00+00:00, run_after=2026-04-28 00:00:00+00:00
[2026-04-28T21:50:34.113+0000] {processor.py:183} INFO - Processing /home/airflow/.local/lib/python3.12/site-packages/airflow/example_dags/example_short_circuit_operator.py took 0.113 seconds
[2026-04-28T21:51:04.554+0000] {processor.py:161} INFO - Started process (PID=977) to work on /home/airflow/.local/lib/python3.12/site-packages/airflow/example_dags/example_short_circuit_operator.py
[2026-04-28T21:51:04.559+0000] {processor.py:830} INFO - Processing file /home/airflow/.local/lib/python3.12/site-packages/airflow/example_dags/example_short_circuit_operator.py for tasks to queue
[2026-04-28T21:51:04.564+0000] {logging_mixin.py:188} INFO - [2026-04-28T21:51:04.563+0000] {dagbag.py:540} INFO - Filling up the DagBag from /home/airflow/.local/lib/python3.12/site-packages/airflow/example_dags/example_short_circuit_operator.py
[2026-04-28T21:51:04.573+0000] {processor.py:840} INFO - DAG(s) 'example_short_circuit_operator' retrieved from /home/airflow/.local/lib/python3.12/site-packages/airflow/example_dags/example_short_circuit_operator.py
[2026-04-28T21:51:04.602+0000] {logging_mixin.py:188} INFO - [2026-04-28T21:51:04.602+0000] {dag.py:3096} INFO - Sync 1 DAGs
[2026-04-28T21:51:04.628+0000] {logging_mixin.py:188} INFO - [2026-04-28T21:51:04.627+0000] {dag.py:3954} INFO - Setting next_dagrun for example_short_circuit_operator to 2026-04-27 00:00:00+00:00, run_after=2026-04-28 00:00:00+00:00
[2026-04-28T21:51:04.648+0000] {processor.py:183} INFO - Processing /home/airflow/.local/lib/python3.12/site-packages/airflow/example_dags/example_short_circuit_operator.py took 0.101 seconds
[2026-04-28T21:51:35.168+0000] {processor.py:161} INFO - Started process (PID=1037) to work on /home/airflow/.local/lib/python3.12/site-packages/airflow/example_dags/example_short_circuit_operator.py
[2026-04-28T21:51:35.173+0000] {processor.py:830} INFO - Processing file /home/airflow/.local/lib/python3.12/site-packages/airflow/example_dags/example_short_circuit_operator.py for tasks to queue
[2026-04-28T21:51:35.178+0000] {logging_mixin.py:188} INFO - [2026-04-28T21:51:35.178+0000] {dagbag.py:540} INFO - Filling up the DagBag from /home/airflow/.local/lib/python3.12/site-packages/airflow/example_dags/example_short_circuit_operator.py
[2026-04-28T21:51:35.205+0000] {processor.py:840} INFO - DAG(s) 'example_short_circuit_operator' retrieved from /home/airflow/.local/lib/python3.12/site-packages/airflow/example_dags/example_short_circuit_operator.py
[2026-04-28T21:51:35.258+0000] {logging_mixin.py:188} INFO - [2026-04-28T21:51:35.258+0000] {dag.py:3096} INFO - Sync 1 DAGs
[2026-04-28T21:51:35.308+0000] {logging_mixin.py:188} INFO - [2026-04-28T21:51:35.308+0000] {dag.py:3954} INFO - Setting next_dagrun for example_short_circuit_operator to 2026-04-27 00:00:00+00:00, run_after=2026-04-28 00:00:00+00:00
[2026-04-28T21:51:35.340+0000] {processor.py:183} INFO - Processing /home/airflow/.local/lib/python3.12/site-packages/airflow/example_dags/example_short_circuit_operator.py took 0.184 seconds
[2026-04-28T21:52:05.755+0000] {processor.py:161} INFO - Started process (PID=1097) to work on /home/airflow/.local/lib/python3.12/site-packages/airflow/example_dags/example_short_circuit_operator.py
[2026-04-28T21:52:05.756+0000] {processor.py:830} INFO - Processing file /home/airflow/.local/lib/python3.12/site-packages/airflow/example_dags/example_short_circuit_operator.py for tasks to queue
[2026-04-28T21:52:05.758+0000] {logging_mixin.py:188} INFO - [2026-04-28T21:52:05.758+0000] {dagbag.py:540} INFO - Filling up the DagBag from /home/airflow/.local/lib/python3.12/site-packages/airflow/example_dags/example_short_circuit_operator.py
[2026-04-28T21:52:05.766+0000] {processor.py:840} INFO - DAG(s) 'example_short_circuit_operator' retrieved from /home/airflow/.local/lib/python3.12/site-packages/airflow/example_dags/example_short_circuit_operator.py
[2026-04-28T21:52:05.797+0000] {logging_mixin.py:188} INFO - [2026-04-28T21:52:05.796+0000] {dag.py:3096} INFO - Sync 1 DAGs
[2026-04-28T21:52:05.822+0000] {logging_mixin.py:188} INFO - [2026-04-28T21:52:05.822+0000] {dag.py:3954} INFO - Setting next_dagrun for example_short_circuit_operator to 2026-04-27 00:00:00+00:00, run_after=2026-04-28 00:00:00+00:00
[2026-04-28T21:52:05.846+0000] {processor.py:183} INFO - Processing /home/airflow/.local/lib/python3.12/site-packages/airflow/example_dags/example_short_circuit_operator.py took 0.097 seconds
[2026-04-28T21:52:36.695+0000] {processor.py:161} INFO - Started process (PID=1156) to work on /home/airflow/.local/lib/python3.12/site-packages/airflow/example_dags/example_short_circuit_operator.py
[2026-04-28T21:52:36.698+0000] {processor.py:830} INFO - Processing file /home/airflow/.local/lib/python3.12/site-packages/airflow/example_dags/example_short_circuit_operator.py for tasks to queue
[2026-04-28T21:52:36.702+0000] {logging_mixin.py:188} INFO - [2026-04-28T21:52:36.702+0000] {dagbag.py:540} INFO - Filling up the DagBag from /home/airflow/.local/lib/python3.12/site-packages/airflow/example_dags/example_short_circuit_operator.py
[2026-04-28T21:52:36.719+0000] {processor.py:840} INFO - DAG(s) 'example_short_circuit_operator' retrieved from /home/airflow/.local/lib/python3.12/site-packages/airflow/example_dags/example_short_circuit_operator.py
[2026-04-28T21:52:36.756+0000] {logging_mixin.py:188} INFO - [2026-04-28T21:52:36.756+0000] {dag.py:3096} INFO - Sync 1 DAGs
[2026-04-28T21:52:36.792+0000] {logging_mixin.py:188} INFO - [2026-04-28T21:52:36.791+0000] {dag.py:3954} INFO - Setting next_dagrun for example_short_circuit_operator to 2026-04-27 00:00:00+00:00, run_after=2026-04-28 00:00:00+00:00
[2026-04-28T21:52:37.146+0000] {processor.py:183} INFO - Processing /home/airflow/.local/lib/python3.12/site-packages/airflow/example_dags/example_short_circuit_operator.py took 0.471 seconds
[2026-04-28T21:53:07.486+0000] {processor.py:161} INFO - Started process (PID=1215) to work on /home/airflow/.local/lib/python3.12/site-packages/airflow/example_dags/example_short_circuit_operator.py
[2026-04-28T21:53:07.488+0000] {processor.py:830} INFO - Processing file /home/airflow/.local/lib/python3.12/site-packages/airflow/example_dags/example_short_circuit_operator.py for tasks to queue
[2026-04-28T21:53:07.490+0000] {logging_mixin.py:188} INFO - [2026-04-28T21:53:07.490+0000] {dagbag.py:540} INFO - Filling up the DagBag from /home/airflow/.local/lib/python3.12/site-packages/airflow/example_dags/example_short_circuit_operator.py
[2026-04-28T21:53:07.499+0000] {processor.py:840} INFO - DAG(s) 'example_short_circuit_operator' retrieved from /home/airflow/.local/lib/python3.12/site-packages/airflow/example_dags/example_short_circuit_operator.py
[2026-04-28T21:53:07.530+0000] {logging_mixin.py:188} INFO - [2026-04-28T21:53:07.529+0000] {dag.py:3096} INFO - Sync 1 DAGs
[2026-04-28T21:53:07.560+0000] {logging_mixin.py:188} INFO - [2026-04-28T21:53:07.560+0000] {dag.py:3954} INFO - Setting next_dagrun for example_short_circuit_operator to 2026-04-27 00:00:00+00:00, run_after=2026-04-28 00:00:00+00:00
[2026-04-28T21:53:07.585+0000] {processor.py:183} INFO - Processing /home/airflow/.local/lib/python3.12/site-packages/airflow/example_dags/example_short_circuit_operator.py took 0.105 seconds
[2026-04-28T21:53:37.678+0000] {processor.py:161} INFO - Started process (PID=1274) to work on /home/airflow/.local/lib/python3.12/site-packages/airflow/example_dags/example_short_circuit_operator.py
[2026-04-28T21:53:37.681+0000] {processor.py:830} INFO - Processing file /home/airflow/.local/lib/python3.12/site-packages/airflow/example_dags/example_short_circuit_operator.py for tasks to queue
[2026-04-28T21:53:37.683+0000] {logging_mixin.py:188} INFO - [2026-04-28T21:53:37.683+0000] {dagbag.py:540} INFO - Filling up the DagBag from /home/airflow/.local/lib/python3.12/site-packages/airflow/example_dags/example_short_circuit_operator.py
[2026-04-28T21:53:37.693+0000] {processor.py:840} INFO - DAG(s) 'example_short_circuit_operator' retrieved from /home/airflow/.local/lib/python3.12/site-packages/airflow/example_dags/example_short_circuit_operator.py
[2026-04-28T21:53:37.737+0000] {logging_mixin.py:188} INFO - [2026-04-28T21:53:37.737+0000] {dag.py:3096} INFO - Sync 1 DAGs
[2026-04-28T21:53:37.775+0000] {logging_mixin.py:188} INFO - [2026-04-28T21:53:37.775+0000] {dag.py:3954} INFO - Setting next_dagrun for example_short_circuit_operator to 2026-04-27 00:00:00+00:00, run_after=2026-04-28 00:00:00+00:00
[2026-04-28T21:53:37.795+0000] {processor.py:183} INFO - Processing /home/airflow/.local/lib/python3.12/site-packages/airflow/example_dags/example_short_circuit_operator.py took 0.123 seconds
[2026-04-28T21:54:08.452+0000] {processor.py:161} INFO - Started process (PID=1334) to work on /home/airflow/.local/lib/python3.12/site-packages/airflow/example_dags/example_short_circuit_operator.py
[2026-04-28T21:54:08.453+0000] {processor.py:830} INFO - Processing file /home/airflow/.local/lib/python3.12/site-packages/airflow/example_dags/example_short_circuit_operator.py for tasks to queue
[2026-04-28T21:54:08.457+0000] {logging_mixin.py:188} INFO - [2026-04-28T21:54:08.456+0000] {dagbag.py:540} INFO - Filling up the DagBag from /home/airflow/.local/lib/python3.12/site-packages/airflow/example_dags/example_short_circuit_operator.py
[2026-04-28T21:54:08.467+0000] {processor.py:840} INFO - DAG(s) 'example_short_circuit_operator' retrieved from /home/airflow/.local/lib/python3.12/site-packages/airflow/example_dags/example_short_circuit_operator.py
[2026-04-28T21:54:08.496+0000] {logging_mixin.py:188} INFO - [2026-04-28T21:54:08.496+0000] {dag.py:3096} INFO - Sync 1 DAGs
[2026-04-28T21:54:08.527+0000] {logging_mixin.py:188} INFO - [2026-04-28T21:54:08.527+0000] {dag.py:3954} INFO - Setting next_dagrun for example_short_circuit_operator to 2026-04-27 00:00:00+00:00, run_after=2026-04-28 00:00:00+00:00
[2026-04-28T21:54:08.550+0000] {processor.py:183} INFO - Processing /home/airflow/.local/lib/python3.12/site-packages/airflow/example_dags/example_short_circuit_operator.py took 0.104 seconds
[2026-04-28T21:54:39.093+0000] {processor.py:161} INFO - Started process (PID=1394) to work on /home/airflow/.local/lib/python3.12/site-packages/airflow/example_dags/example_short_circuit_operator.py
[2026-04-28T21:54:39.095+0000] {processor.py:830} INFO - Processing file /home/airflow/.local/lib/python3.12/site-packages/airflow/example_dags/example_short_circuit_operator.py for tasks to queue
[2026-04-28T21:54:39.101+0000] {logging_mixin.py:188} INFO - [2026-04-28T21:54:39.101+0000] {dagbag.py:540} INFO - Filling up the DagBag from /home/airflow/.local/lib/python3.12/site-packages/airflow/example_dags/example_short_circuit_operator.py
[2026-04-28T21:54:39.117+0000] {processor.py:840} INFO - DAG(s) 'example_short_circuit_operator' retrieved from /home/airflow/.local/lib/python3.12/site-packages/airflow/example_dags/example_short_circuit_operator.py
[2026-04-28T21:54:39.193+0000] {logging_mixin.py:188} INFO - [2026-04-28T21:54:39.191+0000] {dag.py:3096} INFO - Sync 1 DAGs
[2026-04-28T21:54:39.241+0000] {logging_mixin.py:188} INFO - [2026-04-28T21:54:39.241+0000] {dag.py:3954} INFO - Setting next_dagrun for example_short_circuit_operator to 2026-04-27 00:00:00+00:00, run_after=2026-04-28 00:00:00+00:00
[2026-04-28T21:54:39.264+0000] {processor.py:183} INFO - Processing /home/airflow/.local/lib/python3.12/site-packages/airflow/example_dags/example_short_circuit_operator.py took 0.181 seconds
[2026-04-28T21:55:09.498+0000] {processor.py:161} INFO - Started process (PID=1454) to work on /home/airflow/.local/lib/python3.12/site-packages/airflow/example_dags/example_short_circuit_operator.py
[2026-04-28T21:55:09.502+0000] {processor.py:830} INFO - Processing file /home/airflow/.local/lib/python3.12/site-packages/airflow/example_dags/example_short_circuit_operator.py for tasks to queue
[2026-04-28T21:55:09.507+0000] {logging_mixin.py:188} INFO - [2026-04-28T21:55:09.506+0000] {dagbag.py:540} INFO - Filling up the DagBag from /home/airflow/.local/lib/python3.12/site-packages/airflow/example_dags/example_short_circuit_operator.py
[2026-04-28T21:55:09.528+0000] {processor.py:840} INFO - DAG(s) 'example_short_circuit_operator' retrieved from /home/airflow/.local/lib/python3.12/site-packages/airflow/example_dags/example_short_circuit_operator.py
[2026-04-28T21:55:09.595+0000] {logging_mixin.py:188} INFO - [2026-04-28T21:55:09.595+0000] {dag.py:3096} INFO - Sync 1 DAGs
[2026-04-28T21:55:09.629+0000] {logging_mixin.py:188} INFO - [2026-04-28T21:55:09.628+0000] {dag.py:3954} INFO - Setting next_dagrun for example_short_circuit_operator to 2026-04-27 00:00:00+00:00, run_after=2026-04-28 00:00:00+00:00
[2026-04-28T21:55:09.665+0000] {processor.py:183} INFO - Processing /home/airflow/.local/lib/python3.12/site-packages/airflow/example_dags/example_short_circuit_operator.py took 0.189 seconds
[2026-04-28T21:55:40.327+0000] {processor.py:161} INFO - Started process (PID=1513) to work on /home/airflow/.local/lib/python3.12/site-packages/airflow/example_dags/example_short_circuit_operator.py
[2026-04-28T21:55:40.328+0000] {processor.py:830} INFO - Processing file /home/airflow/.local/lib/python3.12/site-packages/airflow/example_dags/example_short_circuit_operator.py for tasks to queue
[2026-04-28T21:55:40.330+0000] {logging_mixin.py:188} INFO - [2026-04-28T21:55:40.330+0000] {dagbag.py:540} INFO - Filling up the DagBag from /home/airflow/.local/lib/python3.12/site-packages/airflow/example_dags/example_short_circuit_operator.py
[2026-04-28T21:55:40.344+0000] {processor.py:840} INFO - DAG(s) 'example_short_circuit_operator' retrieved from /home/airflow/.local/lib/python3.12/site-packages/airflow/example_dags/example_short_circuit_operator.py
[2026-04-28T21:55:40.404+0000] {logging_mixin.py:188} INFO - [2026-04-28T21:55:40.404+0000] {dag.py:3096} INFO - Sync 1 DAGs
[2026-04-28T21:55:40.462+0000] {logging_mixin.py:188} INFO - [2026-04-28T21:55:40.460+0000] {dag.py:3954} INFO - Setting next_dagrun for example_short_circuit_operator to 2026-04-27 00:00:00+00:00, run_after=2026-04-28 00:00:00+00:00
[2026-04-28T21:55:40.546+0000] {processor.py:183} INFO - Processing /home/airflow/.local/lib/python3.12/site-packages/airflow/example_dags/example_short_circuit_operator.py took 0.229 seconds
[2026-04-28T21:56:11.397+0000] {processor.py:161} INFO - Started process (PID=1573) to work on /home/airflow/.local/lib/python3.12/site-packages/airflow/example_dags/example_short_circuit_operator.py
[2026-04-28T21:56:11.398+0000] {processor.py:830} INFO - Processing file /home/airflow/.local/lib/python3.12/site-packages/airflow/example_dags/example_short_circuit_operator.py for tasks to queue
[2026-04-28T21:56:11.400+0000] {logging_mixin.py:188} INFO - [2026-04-28T21:56:11.399+0000] {dagbag.py:540} INFO - Filling up the DagBag from /home/airflow/.local/lib/python3.12/site-packages/airflow/example_dags/example_short_circuit_operator.py
[2026-04-28T21:56:11.409+0000] {processor.py:840} INFO - DAG(s) 'example_short_circuit_operator' retrieved from /home/airflow/.local/lib/python3.12/site-packages/airflow/example_dags/example_short_circuit_operator.py
[2026-04-28T21:56:11.447+0000] {logging_mixin.py:188} INFO - [2026-04-28T21:56:11.446+0000] {dag.py:3096} INFO - Sync 1 DAGs
[2026-04-28T21:56:11.475+0000] {logging_mixin.py:188} INFO - [2026-04-28T21:56:11.475+0000] {dag.py:3954} INFO - Setting next_dagrun for example_short_circuit_operator to 2026-04-27 00:00:00+00:00, run_after=2026-04-28 00:00:00+00:00
[2026-04-28T21:56:11.495+0000] {processor.py:183} INFO - Processing /home/airflow/.local/lib/python3.12/site-packages/airflow/example_dags/example_short_circuit_operator.py took 0.105 seconds
[2026-04-28T21:56:41.668+0000] {processor.py:161} INFO - Started process (PID=1633) to work on /home/airflow/.local/lib/python3.12/site-packages/airflow/example_dags/example_short_circuit_operator.py
[2026-04-28T21:56:41.672+0000] {processor.py:830} INFO - Processing file /home/airflow/.local/lib/python3.12/site-packages/airflow/example_dags/example_short_circuit_operator.py for tasks to queue
[2026-04-28T21:56:41.679+0000] {logging_mixin.py:188} INFO - [2026-04-28T21:56:41.678+0000] {dagbag.py:540} INFO - Filling up the DagBag from /home/airflow/.local/lib/python3.12/site-packages/airflow/example_dags/example_short_circuit_operator.py
[2026-04-28T21:56:41.698+0000] {processor.py:840} INFO - DAG(s) 'example_short_circuit_operator' retrieved from /home/airflow/.local/lib/python3.12/site-packages/airflow/example_dags/example_short_circuit_operator.py
[2026-04-28T21:56:41.731+0000] {logging_mixin.py:188} INFO - [2026-04-28T21:56:41.730+0000] {dag.py:3096} INFO - Sync 1 DAGs
[2026-04-28T21:56:41.758+0000] {logging_mixin.py:188} INFO - [2026-04-28T21:56:41.758+0000] {dag.py:3954} INFO - Setting next_dagrun for example_short_circuit_operator to 2026-04-27 00:00:00+00:00, run_after=2026-04-28 00:00:00+00:00
[2026-04-28T21:56:41.780+0000] {processor.py:183} INFO - Processing /home/airflow/.local/lib/python3.12/site-packages/airflow/example_dags/example_short_circuit_operator.py took 0.128 seconds
[2026-04-28T21:59:13.111+0000] {processor.py:161} INFO - Started process (PID=81) to work on /home/airflow/.local/lib/python3.12/site-packages/airflow/example_dags/example_short_circuit_operator.py
[2026-04-28T21:59:13.117+0000] {processor.py:830} INFO - Processing file /home/airflow/.local/lib/python3.12/site-packages/airflow/example_dags/example_short_circuit_operator.py for tasks to queue
[2026-04-28T21:59:13.124+0000] {logging_mixin.py:188} INFO - [2026-04-28T21:59:13.124+0000] {dagbag.py:540} INFO - Filling up the DagBag from /home/airflow/.local/lib/python3.12/site-packages/airflow/example_dags/example_short_circuit_operator.py
[2026-04-28T21:59:13.196+0000] {processor.py:840} INFO - DAG(s) 'example_short_circuit_operator' retrieved from /home/airflow/.local/lib/python3.12/site-packages/airflow/example_dags/example_short_circuit_operator.py
[2026-04-28T21:59:13.991+0000] {logging_mixin.py:188} INFO - [2026-04-28T21:59:13.990+0000] {override.py:1829} INFO - Created Permission View: can read on DAG:example_short_circuit_operator
[2026-04-28T21:59:14.046+0000] {logging_mixin.py:188} INFO - [2026-04-28T21:59:14.046+0000] {override.py:1829} INFO - Created Permission View: can edit on DAG:example_short_circuit_operator
[2026-04-28T21:59:14.070+0000] {logging_mixin.py:188} INFO - [2026-04-28T21:59:14.070+0000] {override.py:1829} INFO - Created Permission View: can delete on DAG:example_short_circuit_operator
[2026-04-28T21:59:14.071+0000] {logging_mixin.py:188} INFO - [2026-04-28T21:59:14.071+0000] {dag.py:3096} INFO - Sync 1 DAGs
[2026-04-28T21:59:14.126+0000] {logging_mixin.py:188} INFO - [2026-04-28T21:59:14.125+0000] {dag.py:3118} INFO - Creating ORM DAG for example_short_circuit_operator
[2026-04-28T21:59:14.162+0000] {logging_mixin.py:188} INFO - [2026-04-28T21:59:14.162+0000] {dag.py:3954} INFO - Setting next_dagrun for example_short_circuit_operator to 2026-04-27 00:00:00+00:00, run_after=2026-04-28 00:00:00+00:00
[2026-04-28T21:59:14.254+0000] {processor.py:183} INFO - Processing /home/airflow/.local/lib/python3.12/site-packages/airflow/example_dags/example_short_circuit_operator.py took 1.173 seconds
[2026-04-28T21:59:44.644+0000] {processor.py:161} INFO - Started process (PID=141) to work on /home/airflow/.local/lib/python3.12/site-packages/airflow/example_dags/example_short_circuit_operator.py
[2026-04-28T21:59:44.647+0000] {processor.py:830} INFO - Processing file /home/airflow/.local/lib/python3.12/site-packages/airflow/example_dags/example_short_circuit_operator.py for tasks to queue
[2026-04-28T21:59:44.649+0000] {logging_mixin.py:188} INFO - [2026-04-28T21:59:44.648+0000] {dagbag.py:540} INFO - Filling up the DagBag from /home/airflow/.local/lib/python3.12/site-packages/airflow/example_dags/example_short_circuit_operator.py
[2026-04-28T21:59:44.657+0000] {processor.py:840} INFO - DAG(s) 'example_short_circuit_operator' retrieved from /home/airflow/.local/lib/python3.12/site-packages/airflow/example_dags/example_short_circuit_operator.py
[2026-04-28T21:59:44.684+0000] {logging_mixin.py:188} INFO - [2026-04-28T21:59:44.684+0000] {dag.py:3096} INFO - Sync 1 DAGs
[2026-04-28T21:59:44.708+0000] {logging_mixin.py:188} INFO - [2026-04-28T21:59:44.708+0000] {dag.py:3954} INFO - Setting next_dagrun for example_short_circuit_operator to 2026-04-27 00:00:00+00:00, run_after=2026-04-28 00:00:00+00:00
[2026-04-28T21:59:44.729+0000] {processor.py:183} INFO - Processing /home/airflow/.local/lib/python3.12/site-packages/airflow/example_dags/example_short_circuit_operator.py took 0.091 seconds
[2026-04-28T22:00:14.815+0000] {processor.py:161} INFO - Started process (PID=201) to work on /home/airflow/.local/lib/python3.12/site-packages/airflow/example_dags/example_short_circuit_operator.py
[2026-04-28T22:00:14.815+0000] {processor.py:830} INFO - Processing file /home/airflow/.local/lib/python3.12/site-packages/airflow/example_dags/example_short_circuit_operator.py for tasks to queue
[2026-04-28T22:00:14.818+0000] {logging_mixin.py:188} INFO - [2026-04-28T22:00:14.817+0000] {dagbag.py:540} INFO - Filling up the DagBag from /home/airflow/.local/lib/python3.12/site-packages/airflow/example_dags/example_short_circuit_operator.py
[2026-04-28T22:00:14.827+0000] {processor.py:840} INFO - DAG(s) 'example_short_circuit_operator' retrieved from /home/airflow/.local/lib/python3.12/site-packages/airflow/example_dags/example_short_circuit_operator.py
[2026-04-28T22:00:14.854+0000] {logging_mixin.py:188} INFO - [2026-04-28T22:00:14.853+0000] {dag.py:3096} INFO - Sync 1 DAGs
[2026-04-28T22:00:14.879+0000] {logging_mixin.py:188} INFO - [2026-04-28T22:00:14.878+0000] {dag.py:3954} INFO - Setting next_dagrun for example_short_circuit_operator to 2026-04-27 00:00:00+00:00, run_after=2026-04-28 00:00:00+00:00
[2026-04-28T22:00:14.899+0000] {processor.py:183} INFO - Processing /home/airflow/.local/lib/python3.12/site-packages/airflow/example_dags/example_short_circuit_operator.py took 0.093 seconds
[2026-04-28T22:00:45.560+0000] {processor.py:161} INFO - Started process (PID=262) to work on /home/airflow/.local/lib/python3.12/site-packages/airflow/example_dags/example_short_circuit_operator.py
[2026-04-28T22:00:45.561+0000] {processor.py:830} INFO - Processing file /home/airflow/.local/lib/python3.12/site-packages/airflow/example_dags/example_short_circuit_operator.py for tasks to queue
[2026-04-28T22:00:45.566+0000] {logging_mixin.py:188} INFO - [2026-04-28T22:00:45.565+0000] {dagbag.py:540} INFO - Filling up the DagBag from /home/airflow/.local/lib/python3.12/site-packages/airflow/example_dags/example_short_circuit_operator.py
[2026-04-28T22:00:45.577+0000] {processor.py:840} INFO - DAG(s) 'example_short_circuit_operator' retrieved from /home/airflow/.local/lib/python3.12/site-packages/airflow/example_dags/example_short_circuit_operator.py
[2026-04-28T22:00:45.604+0000] {logging_mixin.py:188} INFO - [2026-04-28T22:00:45.604+0000] {dag.py:3096} INFO - Sync 1 DAGs
[2026-04-28T22:00:45.637+0000] {logging_mixin.py:188} INFO - [2026-04-28T22:00:45.637+0000] {dag.py:3954} INFO - Setting next_dagrun for example_short_circuit_operator to 2026-04-27 00:00:00+00:00, run_after=2026-04-28 00:00:00+00:00
[2026-04-28T22:00:45.680+0000] {processor.py:183} INFO - Processing /home/airflow/.local/lib/python3.12/site-packages/airflow/example_dags/example_short_circuit_operator.py took 0.127 seconds
[2026-04-28T22:01:15.792+0000] {processor.py:161} INFO - Started process (PID=321) to work on /home/airflow/.local/lib/python3.12/site-packages/airflow/example_dags/example_short_circuit_operator.py
[2026-04-28T22:01:15.794+0000] {processor.py:830} INFO - Processing file /home/airflow/.local/lib/python3.12/site-packages/airflow/example_dags/example_short_circuit_operator.py for tasks to queue
[2026-04-28T22:01:15.799+0000] {logging_mixin.py:188} INFO - [2026-04-28T22:01:15.799+0000] {dagbag.py:540} INFO - Filling up the DagBag from /home/airflow/.local/lib/python3.12/site-packages/airflow/example_dags/example_short_circuit_operator.py
[2026-04-28T22:01:15.836+0000] {processor.py:840} INFO - DAG(s) 'example_short_circuit_operator' retrieved from /home/airflow/.local/lib/python3.12/site-packages/airflow/example_dags/example_short_circuit_operator.py
[2026-04-28T22:01:15.952+0000] {logging_mixin.py:188} INFO - [2026-04-28T22:01:15.952+0000] {dag.py:3096} INFO - Sync 1 DAGs
[2026-04-28T22:01:16.088+0000] {logging_mixin.py:188} INFO - [2026-04-28T22:01:16.088+0000] {dag.py:3954} INFO - Setting next_dagrun for example_short_circuit_operator to 2026-04-27 00:00:00+00:00, run_after=2026-04-28 00:00:00+00:00
[2026-04-28T22:01:16.146+0000] {processor.py:183} INFO - Processing /home/airflow/.local/lib/python3.12/site-packages/airflow/example_dags/example_short_circuit_operator.py took 0.374 seconds
[2026-04-28T22:01:46.279+0000] {processor.py:161} INFO - Started process (PID=381) to work on /home/airflow/.local/lib/python3.12/site-packages/airflow/example_dags/example_short_circuit_operator.py
[2026-04-28T22:01:46.280+0000] {processor.py:830} INFO - Processing file /home/airflow/.local/lib/python3.12/site-packages/airflow/example_dags/example_short_circuit_operator.py for tasks to queue
[2026-04-28T22:01:46.283+0000] {logging_mixin.py:188} INFO - [2026-04-28T22:01:46.283+0000] {dagbag.py:540} INFO - Filling up the DagBag from /home/airflow/.local/lib/python3.12/site-packages/airflow/example_dags/example_short_circuit_operator.py
[2026-04-28T22:01:46.296+0000] {processor.py:840} INFO - DAG(s) 'example_short_circuit_operator' retrieved from /home/airflow/.local/lib/python3.12/site-packages/airflow/example_dags/example_short_circuit_operator.py
[2026-04-28T22:01:46.323+0000] {logging_mixin.py:188} INFO - [2026-04-28T22:01:46.323+0000] {dag.py:3096} INFO - Sync 1 DAGs
[2026-04-28T22:01:46.354+0000] {logging_mixin.py:188} INFO - [2026-04-28T22:01:46.354+0000] {dag.py:3954} INFO - Setting next_dagrun for example_short_circuit_operator to 2026-04-27 00:00:00+00:00, run_after=2026-04-28 00:00:00+00:00
[2026-04-28T22:01:46.382+0000] {processor.py:183} INFO - Processing /home/airflow/.local/lib/python3.12/site-packages/airflow/example_dags/example_short_circuit_operator.py took 0.113 seconds
[2026-04-28T22:02:16.644+0000] {processor.py:161} INFO - Started process (PID=440) to work on /home/airflow/.local/lib/python3.12/site-packages/airflow/example_dags/example_short_circuit_operator.py
[2026-04-28T22:02:16.646+0000] {processor.py:830} INFO - Processing file /home/airflow/.local/lib/python3.12/site-packages/airflow/example_dags/example_short_circuit_operator.py for tasks to queue
[2026-04-28T22:02:16.651+0000] {logging_mixin.py:188} INFO - [2026-04-28T22:02:16.650+0000] {dagbag.py:540} INFO - Filling up the DagBag from /home/airflow/.local/lib/python3.12/site-packages/airflow/example_dags/example_short_circuit_operator.py
[2026-04-28T22:02:16.665+0000] {processor.py:840} INFO - DAG(s) 'example_short_circuit_operator' retrieved from /home/airflow/.local/lib/python3.12/site-packages/airflow/example_dags/example_short_circuit_operator.py
[2026-04-28T22:02:16.826+0000] {logging_mixin.py:188} INFO - [2026-04-28T22:02:16.826+0000] {dag.py:3096} INFO - Sync 1 DAGs
[2026-04-28T22:02:16.848+0000] {logging_mixin.py:188} INFO - [2026-04-28T22:02:16.848+0000] {dag.py:3954} INFO - Setting next_dagrun for example_short_circuit_operator to 2026-04-27 00:00:00+00:00, run_after=2026-04-28 00:00:00+00:00
[2026-04-28T22:02:16.863+0000] {processor.py:183} INFO - Processing /home/airflow/.local/lib/python3.12/site-packages/airflow/example_dags/example_short_circuit_operator.py took 0.229 seconds
[2026-04-28T22:02:47.096+0000] {processor.py:161} INFO - Started process (PID=499) to work on /home/airflow/.local/lib/python3.12/site-packages/airflow/example_dags/example_short_circuit_operator.py
[2026-04-28T22:02:47.097+0000] {processor.py:830} INFO - Processing file /home/airflow/.local/lib/python3.12/site-packages/airflow/example_dags/example_short_circuit_operator.py for tasks to queue
[2026-04-28T22:02:47.099+0000] {logging_mixin.py:188} INFO - [2026-04-28T22:02:47.098+0000] {dagbag.py:540} INFO - Filling up the DagBag from /home/airflow/.local/lib/python3.12/site-packages/airflow/example_dags/example_short_circuit_operator.py
[2026-04-28T22:02:47.107+0000] {processor.py:840} INFO - DAG(s) 'example_short_circuit_operator' retrieved from /home/airflow/.local/lib/python3.12/site-packages/airflow/example_dags/example_short_circuit_operator.py
[2026-04-28T22:02:47.147+0000] {logging_mixin.py:188} INFO - [2026-04-28T22:02:47.146+0000] {dag.py:3096} INFO - Sync 1 DAGs
[2026-04-28T22:02:47.173+0000] {logging_mixin.py:188} INFO - [2026-04-28T22:02:47.173+0000] {dag.py:3954} INFO - Setting next_dagrun for example_short_circuit_operator to 2026-04-27 00:00:00+00:00, run_after=2026-04-28 00:00:00+00:00
[2026-04-28T22:02:47.207+0000] {processor.py:183} INFO - Processing /home/airflow/.local/lib/python3.12/site-packages/airflow/example_dags/example_short_circuit_operator.py took 0.118 seconds
[2026-04-28T22:03:18.130+0000] {processor.py:161} INFO - Started process (PID=559) to work on /home/airflow/.local/lib/python3.12/site-packages/airflow/example_dags/example_short_circuit_operator.py
[2026-04-28T22:03:18.131+0000] {processor.py:830} INFO - Processing file /home/airflow/.local/lib/python3.12/site-packages/airflow/example_dags/example_short_circuit_operator.py for tasks to queue
[2026-04-28T22:03:18.133+0000] {logging_mixin.py:188} INFO - [2026-04-28T22:03:18.132+0000] {dagbag.py:540} INFO - Filling up the DagBag from /home/airflow/.local/lib/python3.12/site-packages/airflow/example_dags/example_short_circuit_operator.py
[2026-04-28T22:03:18.141+0000] {processor.py:840} INFO - DAG(s) 'example_short_circuit_operator' retrieved from /home/airflow/.local/lib/python3.12/site-packages/airflow/example_dags/example_short_circuit_operator.py
[2026-04-28T22:03:18.164+0000] {logging_mixin.py:188} INFO - [2026-04-28T22:03:18.164+0000] {dag.py:3096} INFO - Sync 1 DAGs
[2026-04-28T22:03:18.183+0000] {logging_mixin.py:188} INFO - [2026-04-28T22:03:18.182+0000] {dag.py:3954} INFO - Setting next_dagrun for example_short_circuit_operator to 2026-04-27 00:00:00+00:00, run_after=2026-04-28 00:00:00+00:00
[2026-04-28T22:03:18.198+0000] {processor.py:183} INFO - Processing /home/airflow/.local/lib/python3.12/site-packages/airflow/example_dags/example_short_circuit_operator.py took 0.073 seconds
[2026-04-28T22:03:48.868+0000] {processor.py:161} INFO - Started process (PID=619) to work on /home/airflow/.local/lib/python3.12/site-packages/airflow/example_dags/example_short_circuit_operator.py
[2026-04-28T22:03:48.875+0000] {processor.py:830} INFO - Processing file /home/airflow/.local/lib/python3.12/site-packages/airflow/example_dags/example_short_circuit_operator.py for tasks to queue
[2026-04-28T22:03:48.886+0000] {logging_mixin.py:188} INFO - [2026-04-28T22:03:48.885+0000] {dagbag.py:540} INFO - Filling up the DagBag from /home/airflow/.local/lib/python3.12/site-packages/airflow/example_dags/example_short_circuit_operator.py
[2026-04-28T22:03:48.899+0000] {processor.py:840} INFO - DAG(s) 'example_short_circuit_operator' retrieved from /home/airflow/.local/lib/python3.12/site-packages/airflow/example_dags/example_short_circuit_operator.py
[2026-04-28T22:03:48.930+0000] {logging_mixin.py:188} INFO - [2026-04-28T22:03:48.930+0000] {dag.py:3096} INFO - Sync 1 DAGs
[2026-04-28T22:03:48.960+0000] {logging_mixin.py:188} INFO - [2026-04-28T22:03:48.959+0000] {dag.py:3954} INFO - Setting next_dagrun for example_short_circuit_operator to 2026-04-27 00:00:00+00:00, run_after=2026-04-28 00:00:00+00:00
[2026-04-28T22:03:48.982+0000] {processor.py:183} INFO - Processing /home/airflow/.local/lib/python3.12/site-packages/airflow/example_dags/example_short_circuit_operator.py took 0.129 seconds
[2026-04-28T22:04:19.325+0000] {processor.py:161} INFO - Started process (PID=679) to work on /home/airflow/.local/lib/python3.12/site-packages/airflow/example_dags/example_short_circuit_operator.py
[2026-04-28T22:04:19.326+0000] {processor.py:830} INFO - Processing file /home/airflow/.local/lib/python3.12/site-packages/airflow/example_dags/example_short_circuit_operator.py for tasks to queue
[2026-04-28T22:04:19.328+0000] {logging_mixin.py:188} INFO - [2026-04-28T22:04:19.328+0000] {dagbag.py:540} INFO - Filling up the DagBag from /home/airflow/.local/lib/python3.12/site-packages/airflow/example_dags/example_short_circuit_operator.py
[2026-04-28T22:04:19.336+0000] {processor.py:840} INFO - DAG(s) 'example_short_circuit_operator' retrieved from /home/airflow/.local/lib/python3.12/site-packages/airflow/example_dags/example_short_circuit_operator.py
[2026-04-28T22:04:19.358+0000] {logging_mixin.py:188} INFO - [2026-04-28T22:04:19.358+0000] {dag.py:3096} INFO - Sync 1 DAGs
[2026-04-28T22:04:19.376+0000] {logging_mixin.py:188} INFO - [2026-04-28T22:04:19.376+0000] {dag.py:3954} INFO - Setting next_dagrun for example_short_circuit_operator to 2026-04-27 00:00:00+00:00, run_after=2026-04-28 00:00:00+00:00
[2026-04-28T22:04:19.392+0000] {processor.py:183} INFO - Processing /home/airflow/.local/lib/python3.12/site-packages/airflow/example_dags/example_short_circuit_operator.py took 0.073 seconds
[2026-04-28T22:04:49.517+0000] {processor.py:161} INFO - Started process (PID=739) to work on /home/airflow/.local/lib/python3.12/site-packages/airflow/example_dags/example_short_circuit_operator.py
[2026-04-28T22:04:49.518+0000] {processor.py:830} INFO - Processing file /home/airflow/.local/lib/python3.12/site-packages/airflow/example_dags/example_short_circuit_operator.py for tasks to queue
[2026-04-28T22:04:49.519+0000] {logging_mixin.py:188} INFO - [2026-04-28T22:04:49.519+0000] {dagbag.py:540} INFO - Filling up the DagBag from /home/airflow/.local/lib/python3.12/site-packages/airflow/example_dags/example_short_circuit_operator.py
[2026-04-28T22:04:49.526+0000] {processor.py:840} INFO - DAG(s) 'example_short_circuit_operator' retrieved from /home/airflow/.local/lib/python3.12/site-packages/airflow/example_dags/example_short_circuit_operator.py
[2026-04-28T22:04:49.546+0000] {logging_mixin.py:188} INFO - [2026-04-28T22:04:49.546+0000] {dag.py:3096} INFO - Sync 1 DAGs
[2026-04-28T22:04:49.564+0000] {logging_mixin.py:188} INFO - [2026-04-28T22:04:49.564+0000] {dag.py:3954} INFO - Setting next_dagrun for example_short_circuit_operator to 2026-04-27 00:00:00+00:00, run_after=2026-04-28 00:00:00+00:00
[2026-04-28T22:04:49.579+0000] {processor.py:183} INFO - Processing /home/airflow/.local/lib/python3.12/site-packages/airflow/example_dags/example_short_circuit_operator.py took 0.068 seconds
[2026-04-28T22:05:19.761+0000] {processor.py:161} INFO - Started process (PID=799) to work on /home/airflow/.local/lib/python3.12/site-packages/airflow/example_dags/example_short_circuit_operator.py
[2026-04-28T22:05:19.763+0000] {processor.py:830} INFO - Processing file /home/airflow/.local/lib/python3.12/site-packages/airflow/example_dags/example_short_circuit_operator.py for tasks to queue
[2026-04-28T22:05:19.765+0000] {logging_mixin.py:188} INFO - [2026-04-28T22:05:19.765+0000] {dagbag.py:540} INFO - Filling up the DagBag from /home/airflow/.local/lib/python3.12/site-packages/airflow/example_dags/example_short_circuit_operator.py
[2026-04-28T22:05:19.775+0000] {processor.py:840} INFO - DAG(s) 'example_short_circuit_operator' retrieved from /home/airflow/.local/lib/python3.12/site-packages/airflow/example_dags/example_short_circuit_operator.py
[2026-04-28T22:05:19.806+0000] {logging_mixin.py:188} INFO - [2026-04-28T22:05:19.806+0000] {dag.py:3096} INFO - Sync 1 DAGs
[2026-04-28T22:05:19.853+0000] {logging_mixin.py:188} INFO - [2026-04-28T22:05:19.852+0000] {dag.py:3954} INFO - Setting next_dagrun for example_short_circuit_operator to 2026-04-27 00:00:00+00:00, run_after=2026-04-28 00:00:00+00:00
[2026-04-28T22:05:19.873+0000] {processor.py:183} INFO - Processing /home/airflow/.local/lib/python3.12/site-packages/airflow/example_dags/example_short_circuit_operator.py took 0.118 seconds
[2026-04-28T22:05:50.233+0000] {processor.py:161} INFO - Started process (PID=859) to work on /home/airflow/.local/lib/python3.12/site-packages/airflow/example_dags/example_short_circuit_operator.py
[2026-04-28T22:05:50.234+0000] {processor.py:830} INFO - Processing file /home/airflow/.local/lib/python3.12/site-packages/airflow/example_dags/example_short_circuit_operator.py for tasks to queue
[2026-04-28T22:05:50.236+0000] {logging_mixin.py:188} INFO - [2026-04-28T22:05:50.236+0000] {dagbag.py:540} INFO - Filling up the DagBag from /home/airflow/.local/lib/python3.12/site-packages/airflow/example_dags/example_short_circuit_operator.py
[2026-04-28T22:05:50.245+0000] {processor.py:840} INFO - DAG(s) 'example_short_circuit_operator' retrieved from /home/airflow/.local/lib/python3.12/site-packages/airflow/example_dags/example_short_circuit_operator.py
[2026-04-28T22:05:50.276+0000] {logging_mixin.py:188} INFO - [2026-04-28T22:05:50.276+0000] {dag.py:3096} INFO - Sync 1 DAGs
[2026-04-28T22:05:50.296+0000] {logging_mixin.py:188} INFO - [2026-04-28T22:05:50.296+0000] {dag.py:3954} INFO - Setting next_dagrun for example_short_circuit_operator to 2026-04-27 00:00:00+00:00, run_after=2026-04-28 00:00:00+00:00
[2026-04-28T22:05:50.311+0000] {processor.py:183} INFO - Processing /home/airflow/.local/lib/python3.12/site-packages/airflow/example_dags/example_short_circuit_operator.py took 0.085 seconds
[2026-04-28T22:06:21.010+0000] {processor.py:161} INFO - Started process (PID=919) to work on /home/airflow/.local/lib/python3.12/site-packages/airflow/example_dags/example_short_circuit_operator.py
[2026-04-28T22:06:21.011+0000] {processor.py:830} INFO - Processing file /home/airflow/.local/lib/python3.12/site-packages/airflow/example_dags/example_short_circuit_operator.py for tasks to queue
[2026-04-28T22:06:21.014+0000] {logging_mixin.py:188} INFO - [2026-04-28T22:06:21.013+0000] {dagbag.py:540} INFO - Filling up the DagBag from /home/airflow/.local/lib/python3.12/site-packages/airflow/example_dags/example_short_circuit_operator.py
[2026-04-28T22:06:21.022+0000] {processor.py:840} INFO - DAG(s) 'example_short_circuit_operator' retrieved from /home/airflow/.local/lib/python3.12/site-packages/airflow/example_dags/example_short_circuit_operator.py
[2026-04-28T22:06:21.052+0000] {logging_mixin.py:188} INFO - [2026-04-28T22:06:21.051+0000] {dag.py:3096} INFO - Sync 1 DAGs
[2026-04-28T22:06:21.100+0000] {logging_mixin.py:188} INFO - [2026-04-28T22:06:21.100+0000] {dag.py:3954} INFO - Setting next_dagrun for example_short_circuit_operator to 2026-04-27 00:00:00+00:00, run_after=2026-04-28 00:00:00+00:00
[2026-04-28T22:06:21.120+0000] {processor.py:183} INFO - Processing /home/airflow/.local/lib/python3.12/site-packages/airflow/example_dags/example_short_circuit_operator.py took 0.128 seconds
[2026-04-28T22:06:52.396+0000] {processor.py:161} INFO - Started process (PID=979) to work on /home/airflow/.local/lib/python3.12/site-packages/airflow/example_dags/example_short_circuit_operator.py
[2026-04-28T22:06:52.398+0000] {processor.py:830} INFO - Processing file /home/airflow/.local/lib/python3.12/site-packages/airflow/example_dags/example_short_circuit_operator.py for tasks to queue
[2026-04-28T22:06:52.401+0000] {logging_mixin.py:188} INFO - [2026-04-28T22:06:52.400+0000] {dagbag.py:540} INFO - Filling up the DagBag from /home/airflow/.local/lib/python3.12/site-packages/airflow/example_dags/example_short_circuit_operator.py
[2026-04-28T22:06:52.413+0000] {processor.py:840} INFO - DAG(s) 'example_short_circuit_operator' retrieved from /home/airflow/.local/lib/python3.12/site-packages/airflow/example_dags/example_short_circuit_operator.py
[2026-04-28T22:06:52.446+0000] {logging_mixin.py:188} INFO - [2026-04-28T22:06:52.446+0000] {dag.py:3096} INFO - Sync 1 DAGs
[2026-04-28T22:06:52.481+0000] {logging_mixin.py:188} INFO - [2026-04-28T22:06:52.481+0000] {dag.py:3954} INFO - Setting next_dagrun for example_short_circuit_operator to 2026-04-27 00:00:00+00:00, run_after=2026-04-28 00:00:00+00:00
[2026-04-28T22:06:52.527+0000] {processor.py:183} INFO - Processing /home/airflow/.local/lib/python3.12/site-packages/airflow/example_dags/example_short_circuit_operator.py took 0.156 seconds
[2026-04-28T22:07:22.694+0000] {processor.py:161} INFO - Started process (PID=1038) to work on /home/airflow/.local/lib/python3.12/site-packages/airflow/example_dags/example_short_circuit_operator.py
[2026-04-28T22:07:22.699+0000] {processor.py:830} INFO - Processing file /home/airflow/.local/lib/python3.12/site-packages/airflow/example_dags/example_short_circuit_operator.py for tasks to queue
[2026-04-28T22:07:22.702+0000] {logging_mixin.py:188} INFO - [2026-04-28T22:07:22.702+0000] {dagbag.py:540} INFO - Filling up the DagBag from /home/airflow/.local/lib/python3.12/site-packages/airflow/example_dags/example_short_circuit_operator.py
[2026-04-28T22:07:22.715+0000] {processor.py:840} INFO - DAG(s) 'example_short_circuit_operator' retrieved from /home/airflow/.local/lib/python3.12/site-packages/airflow/example_dags/example_short_circuit_operator.py
[2026-04-28T22:07:22.761+0000] {logging_mixin.py:188} INFO - [2026-04-28T22:07:22.761+0000] {dag.py:3096} INFO - Sync 1 DAGs
[2026-04-28T22:07:23.089+0000] {logging_mixin.py:188} INFO - [2026-04-28T22:07:23.089+0000] {dag.py:3954} INFO - Setting next_dagrun for example_short_circuit_operator to 2026-04-27 00:00:00+00:00, run_after=2026-04-28 00:00:00+00:00
[2026-04-28T22:07:23.109+0000] {processor.py:183} INFO - Processing /home/airflow/.local/lib/python3.12/site-packages/airflow/example_dags/example_short_circuit_operator.py took 0.427 seconds
[2026-04-28T22:07:53.366+0000] {processor.py:161} INFO - Started process (PID=1098) to work on /home/airflow/.local/lib/python3.12/site-packages/airflow/example_dags/example_short_circuit_operator.py
[2026-04-28T22:07:53.367+0000] {processor.py:830} INFO - Processing file /home/airflow/.local/lib/python3.12/site-packages/airflow/example_dags/example_short_circuit_operator.py for tasks to queue
[2026-04-28T22:07:53.374+0000] {logging_mixin.py:188} INFO - [2026-04-28T22:07:53.373+0000] {dagbag.py:540} INFO - Filling up the DagBag from /home/airflow/.local/lib/python3.12/site-packages/airflow/example_dags/example_short_circuit_operator.py
[2026-04-28T22:07:53.394+0000] {processor.py:840} INFO - DAG(s) 'example_short_circuit_operator' retrieved from /home/airflow/.local/lib/python3.12/site-packages/airflow/example_dags/example_short_circuit_operator.py
[2026-04-28T22:07:53.465+0000] {logging_mixin.py:188} INFO - [2026-04-28T22:07:53.465+0000] {dag.py:3096} INFO - Sync 1 DAGs
[2026-04-28T22:07:53.520+0000] {logging_mixin.py:188} INFO - [2026-04-28T22:07:53.517+0000] {dag.py:3954} INFO - Setting next_dagrun for example_short_circuit_operator to 2026-04-27 00:00:00+00:00, run_after=2026-04-28 00:00:00+00:00
[2026-04-28T22:07:53.828+0000] {processor.py:183} INFO - Processing /home/airflow/.local/lib/python3.12/site-packages/airflow/example_dags/example_short_circuit_operator.py took 0.512 seconds
[2026-04-28T22:08:24.732+0000] {processor.py:161} INFO - Started process (PID=1159) to work on /home/airflow/.local/lib/python3.12/site-packages/airflow/example_dags/example_short_circuit_operator.py
[2026-04-28T22:08:24.733+0000] {processor.py:830} INFO - Processing file /home/airflow/.local/lib/python3.12/site-packages/airflow/example_dags/example_short_circuit_operator.py for tasks to queue
[2026-04-28T22:08:24.735+0000] {logging_mixin.py:188} INFO - [2026-04-28T22:08:24.734+0000] {dagbag.py:540} INFO - Filling up the DagBag from /home/airflow/.local/lib/python3.12/site-packages/airflow/example_dags/example_short_circuit_operator.py
[2026-04-28T22:08:24.744+0000] {processor.py:840} INFO - DAG(s) 'example_short_circuit_operator' retrieved from /home/airflow/.local/lib/python3.12/site-packages/airflow/example_dags/example_short_circuit_operator.py
[2026-04-28T22:08:24.773+0000] {logging_mixin.py:188} INFO - [2026-04-28T22:08:24.773+0000] {dag.py:3096} INFO - Sync 1 DAGs
[2026-04-28T22:08:24.799+0000] {logging_mixin.py:188} INFO - [2026-04-28T22:08:24.799+0000] {dag.py:3954} INFO - Setting next_dagrun for example_short_circuit_operator to 2026-04-27 00:00:00+00:00, run_after=2026-04-28 00:00:00+00:00
[2026-04-28T22:08:24.820+0000] {processor.py:183} INFO - Processing /home/airflow/.local/lib/python3.12/site-packages/airflow/example_dags/example_short_circuit_operator.py took 0.095 seconds
[2026-04-28T22:08:55.723+0000] {processor.py:161} INFO - Started process (PID=1218) to work on /home/airflow/.local/lib/python3.12/site-packages/airflow/example_dags/example_short_circuit_operator.py
[2026-04-28T22:08:55.724+0000] {processor.py:830} INFO - Processing file /home/airflow/.local/lib/python3.12/site-packages/airflow/example_dags/example_short_circuit_operator.py for tasks to queue
[2026-04-28T22:08:55.726+0000] {logging_mixin.py:188} INFO - [2026-04-28T22:08:55.726+0000] {dagbag.py:540} INFO - Filling up the DagBag from /home/airflow/.local/lib/python3.12/site-packages/airflow/example_dags/example_short_circuit_operator.py
[2026-04-28T22:08:55.736+0000] {processor.py:840} INFO - DAG(s) 'example_short_circuit_operator' retrieved from /home/airflow/.local/lib/python3.12/site-packages/airflow/example_dags/example_short_circuit_operator.py
[2026-04-28T22:08:55.798+0000] {logging_mixin.py:188} INFO - [2026-04-28T22:08:55.797+0000] {dag.py:3096} INFO - Sync 1 DAGs
[2026-04-28T22:08:55.872+0000] {logging_mixin.py:188} INFO - [2026-04-28T22:08:55.872+0000] {dag.py:3954} INFO - Setting next_dagrun for example_short_circuit_operator to 2026-04-27 00:00:00+00:00, run_after=2026-04-28 00:00:00+00:00
[2026-04-28T22:08:55.914+0000] {processor.py:183} INFO - Processing /home/airflow/.local/lib/python3.12/site-packages/airflow/example_dags/example_short_circuit_operator.py took 0.198 seconds
[2026-04-28T22:09:26.121+0000] {processor.py:161} INFO - Started process (PID=1277) to work on /home/airflow/.local/lib/python3.12/site-packages/airflow/example_dags/example_short_circuit_operator.py
[2026-04-28T22:09:26.122+0000] {processor.py:830} INFO - Processing file /home/airflow/.local/lib/python3.12/site-packages/airflow/example_dags/example_short_circuit_operator.py for tasks to queue
[2026-04-28T22:09:26.125+0000] {logging_mixin.py:188} INFO - [2026-04-28T22:09:26.125+0000] {dagbag.py:540} INFO - Filling up the DagBag from /home/airflow/.local/lib/python3.12/site-packages/airflow/example_dags/example_short_circuit_operator.py
[2026-04-28T22:09:26.134+0000] {processor.py:840} INFO - DAG(s) 'example_short_circuit_operator' retrieved from /home/airflow/.local/lib/python3.12/site-packages/airflow/example_dags/example_short_circuit_operator.py
[2026-04-28T22:09:26.203+0000] {logging_mixin.py:188} INFO - [2026-04-28T22:09:26.203+0000] {dag.py:3096} INFO - Sync 1 DAGs
[2026-04-28T22:09:26.238+0000] {logging_mixin.py:188} INFO - [2026-04-28T22:09:26.238+0000] {dag.py:3954} INFO - Setting next_dagrun for example_short_circuit_operator to 2026-04-27 00:00:00+00:00, run_after=2026-04-28 00:00:00+00:00
[2026-04-28T22:09:26.283+0000] {processor.py:183} INFO - Processing /home/airflow/.local/lib/python3.12/site-packages/airflow/example_dags/example_short_circuit_operator.py took 0.169 seconds
[2026-04-28T22:09:56.439+0000] {processor.py:161} INFO - Started process (PID=1337) to work on /home/airflow/.local/lib/python3.12/site-packages/airflow/example_dags/example_short_circuit_operator.py
[2026-04-28T22:09:56.441+0000] {processor.py:830} INFO - Processing file /home/airflow/.local/lib/python3.12/site-packages/airflow/example_dags/example_short_circuit_operator.py for tasks to queue
[2026-04-28T22:09:56.443+0000] {logging_mixin.py:188} INFO - [2026-04-28T22:09:56.442+0000] {dagbag.py:540} INFO - Filling up the DagBag from /home/airflow/.local/lib/python3.12/site-packages/airflow/example_dags/example_short_circuit_operator.py
[2026-04-28T22:09:56.454+0000] {processor.py:840} INFO - DAG(s) 'example_short_circuit_operator' retrieved from /home/airflow/.local/lib/python3.12/site-packages/airflow/example_dags/example_short_circuit_operator.py
[2026-04-28T22:09:56.488+0000] {logging_mixin.py:188} INFO - [2026-04-28T22:09:56.488+0000] {dag.py:3096} INFO - Sync 1 DAGs
[2026-04-28T22:09:56.523+0000] {logging_mixin.py:188} INFO - [2026-04-28T22:09:56.523+0000] {dag.py:3954} INFO - Setting next_dagrun for example_short_circuit_operator to 2026-04-27 00:00:00+00:00, run_after=2026-04-28 00:00:00+00:00
[2026-04-28T22:09:56.545+0000] {processor.py:183} INFO - Processing /home/airflow/.local/lib/python3.12/site-packages/airflow/example_dags/example_short_circuit_operator.py took 0.112 seconds
[2026-04-28T22:10:26.631+0000] {processor.py:161} INFO - Started process (PID=1397) to work on /home/airflow/.local/lib/python3.12/site-packages/airflow/example_dags/example_short_circuit_operator.py
[2026-04-28T22:10:26.636+0000] {processor.py:830} INFO - Processing file /home/airflow/.local/lib/python3.12/site-packages/airflow/example_dags/example_short_circuit_operator.py for tasks to queue
[2026-04-28T22:10:26.639+0000] {logging_mixin.py:188} INFO - [2026-04-28T22:10:26.639+0000] {dagbag.py:540} INFO - Filling up the DagBag from /home/airflow/.local/lib/python3.12/site-packages/airflow/example_dags/example_short_circuit_operator.py
[2026-04-28T22:10:26.664+0000] {processor.py:840} INFO - DAG(s) 'example_short_circuit_operator' retrieved from /home/airflow/.local/lib/python3.12/site-packages/airflow/example_dags/example_short_circuit_operator.py
[2026-04-28T22:10:26.741+0000] {logging_mixin.py:188} INFO - [2026-04-28T22:10:26.741+0000] {dag.py:3096} INFO - Sync 1 DAGs
[2026-04-28T22:10:26.788+0000] {logging_mixin.py:188} INFO - [2026-04-28T22:10:26.788+0000] {dag.py:3954} INFO - Setting next_dagrun for example_short_circuit_operator to 2026-04-27 00:00:00+00:00, run_after=2026-04-28 00:00:00+00:00
[2026-04-28T22:10:26.821+0000] {processor.py:183} INFO - Processing /home/airflow/.local/lib/python3.12/site-packages/airflow/example_dags/example_short_circuit_operator.py took 0.196 seconds
[2026-04-28T22:10:56.904+0000] {processor.py:161} INFO - Started process (PID=1457) to work on /home/airflow/.local/lib/python3.12/site-packages/airflow/example_dags/example_short_circuit_operator.py
[2026-04-28T22:10:56.905+0000] {processor.py:830} INFO - Processing file /home/airflow/.local/lib/python3.12/site-packages/airflow/example_dags/example_short_circuit_operator.py for tasks to queue
[2026-04-28T22:10:56.907+0000] {logging_mixin.py:188} INFO - [2026-04-28T22:10:56.907+0000] {dagbag.py:540} INFO - Filling up the DagBag from /home/airflow/.local/lib/python3.12/site-packages/airflow/example_dags/example_short_circuit_operator.py
[2026-04-28T22:10:56.916+0000] {processor.py:840} INFO - DAG(s) 'example_short_circuit_operator' retrieved from /home/airflow/.local/lib/python3.12/site-packages/airflow/example_dags/example_short_circuit_operator.py
[2026-04-28T22:10:56.946+0000] {logging_mixin.py:188} INFO - [2026-04-28T22:10:56.945+0000] {dag.py:3096} INFO - Sync 1 DAGs
[2026-04-28T22:10:56.984+0000] {logging_mixin.py:188} INFO - [2026-04-28T22:10:56.984+0000] {dag.py:3954} INFO - Setting next_dagrun for example_short_circuit_operator to 2026-04-27 00:00:00+00:00, run_after=2026-04-28 00:00:00+00:00
[2026-04-28T22:10:57.010+0000] {processor.py:183} INFO - Processing /home/airflow/.local/lib/python3.12/site-packages/airflow/example_dags/example_short_circuit_operator.py took 0.113 seconds
[2026-04-28T22:11:27.722+0000] {processor.py:161} INFO - Started process (PID=1515) to work on /home/airflow/.local/lib/python3.12/site-packages/airflow/example_dags/example_short_circuit_operator.py
[2026-04-28T22:11:27.723+0000] {processor.py:830} INFO - Processing file /home/airflow/.local/lib/python3.12/site-packages/airflow/example_dags/example_short_circuit_operator.py for tasks to queue
[2026-04-28T22:11:27.726+0000] {logging_mixin.py:188} INFO - [2026-04-28T22:11:27.725+0000] {dagbag.py:540} INFO - Filling up the DagBag from /home/airflow/.local/lib/python3.12/site-packages/airflow/example_dags/example_short_circuit_operator.py
[2026-04-28T22:11:27.737+0000] {processor.py:840} INFO - DAG(s) 'example_short_circuit_operator' retrieved from /home/airflow/.local/lib/python3.12/site-packages/airflow/example_dags/example_short_circuit_operator.py
[2026-04-28T22:11:27.766+0000] {logging_mixin.py:188} INFO - [2026-04-28T22:11:27.765+0000] {dag.py:3096} INFO - Sync 1 DAGs
[2026-04-28T22:11:27.790+0000] {logging_mixin.py:188} INFO - [2026-04-28T22:11:27.790+0000] {dag.py:3954} INFO - Setting next_dagrun for example_short_circuit_operator to 2026-04-27 00:00:00+00:00, run_after=2026-04-28 00:00:00+00:00
[2026-04-28T22:11:27.812+0000] {processor.py:183} INFO - Processing /home/airflow/.local/lib/python3.12/site-packages/airflow/example_dags/example_short_circuit_operator.py took 0.097 seconds
[2026-04-28T22:11:58.526+0000] {processor.py:161} INFO - Started process (PID=1575) to work on /home/airflow/.local/lib/python3.12/site-packages/airflow/example_dags/example_short_circuit_operator.py
[2026-04-28T22:11:58.529+0000] {processor.py:830} INFO - Processing file /home/airflow/.local/lib/python3.12/site-packages/airflow/example_dags/example_short_circuit_operator.py for tasks to queue
[2026-04-28T22:11:58.531+0000] {logging_mixin.py:188} INFO - [2026-04-28T22:11:58.531+0000] {dagbag.py:540} INFO - Filling up the DagBag from /home/airflow/.local/lib/python3.12/site-packages/airflow/example_dags/example_short_circuit_operator.py
[2026-04-28T22:11:58.555+0000] {processor.py:840} INFO - DAG(s) 'example_short_circuit_operator' retrieved from /home/airflow/.local/lib/python3.12/site-packages/airflow/example_dags/example_short_circuit_operator.py
[2026-04-28T22:11:58.626+0000] {logging_mixin.py:188} INFO - [2026-04-28T22:11:58.626+0000] {dag.py:3096} INFO - Sync 1 DAGs
[2026-04-28T22:11:58.797+0000] {logging_mixin.py:188} INFO - [2026-04-28T22:11:58.797+0000] {dag.py:3954} INFO - Setting next_dagrun for example_short_circuit_operator to 2026-04-27 00:00:00+00:00, run_after=2026-04-28 00:00:00+00:00
[2026-04-28T22:11:58.907+0000] {processor.py:183} INFO - Processing /home/airflow/.local/lib/python3.12/site-packages/airflow/example_dags/example_short_circuit_operator.py took 0.400 seconds
[2026-04-28T22:12:29.671+0000] {processor.py:161} INFO - Started process (PID=1635) to work on /home/airflow/.local/lib/python3.12/site-packages/airflow/example_dags/example_short_circuit_operator.py
[2026-04-28T22:12:29.672+0000] {processor.py:830} INFO - Processing file /home/airflow/.local/lib/python3.12/site-packages/airflow/example_dags/example_short_circuit_operator.py for tasks to queue
[2026-04-28T22:12:29.675+0000] {logging_mixin.py:188} INFO - [2026-04-28T22:12:29.674+0000] {dagbag.py:540} INFO - Filling up the DagBag from /home/airflow/.local/lib/python3.12/site-packages/airflow/example_dags/example_short_circuit_operator.py
[2026-04-28T22:12:29.684+0000] {processor.py:840} INFO - DAG(s) 'example_short_circuit_operator' retrieved from /home/airflow/.local/lib/python3.12/site-packages/airflow/example_dags/example_short_circuit_operator.py
[2026-04-28T22:12:29.712+0000] {logging_mixin.py:188} INFO - [2026-04-28T22:12:29.712+0000] {dag.py:3096} INFO - Sync 1 DAGs
[2026-04-28T22:12:29.738+0000] {logging_mixin.py:188} INFO - [2026-04-28T22:12:29.737+0000] {dag.py:3954} INFO - Setting next_dagrun for example_short_circuit_operator to 2026-04-27 00:00:00+00:00, run_after=2026-04-28 00:00:00+00:00
[2026-04-28T22:12:29.759+0000] {processor.py:183} INFO - Processing /home/airflow/.local/lib/python3.12/site-packages/airflow/example_dags/example_short_circuit_operator.py took 0.094 seconds
[2026-04-28T22:13:00.094+0000] {processor.py:161} INFO - Started process (PID=1695) to work on /home/airflow/.local/lib/python3.12/site-packages/airflow/example_dags/example_short_circuit_operator.py
[2026-04-28T22:13:00.095+0000] {processor.py:830} INFO - Processing file /home/airflow/.local/lib/python3.12/site-packages/airflow/example_dags/example_short_circuit_operator.py for tasks to queue
[2026-04-28T22:13:00.097+0000] {logging_mixin.py:188} INFO - [2026-04-28T22:13:00.097+0000] {dagbag.py:540} INFO - Filling up the DagBag from /home/airflow/.local/lib/python3.12/site-packages/airflow/example_dags/example_short_circuit_operator.py
[2026-04-28T22:13:00.114+0000] {processor.py:840} INFO - DAG(s) 'example_short_circuit_operator' retrieved from /home/airflow/.local/lib/python3.12/site-packages/airflow/example_dags/example_short_circuit_operator.py
[2026-04-28T22:13:00.177+0000] {logging_mixin.py:188} INFO - [2026-04-28T22:13:00.177+0000] {dag.py:3096} INFO - Sync 1 DAGs
[2026-04-28T22:13:00.238+0000] {logging_mixin.py:188} INFO - [2026-04-28T22:13:00.236+0000] {dag.py:3954} INFO - Setting next_dagrun for example_short_circuit_operator to 2026-04-27 00:00:00+00:00, run_after=2026-04-28 00:00:00+00:00
[2026-04-28T22:13:00.287+0000] {processor.py:183} INFO - Processing /home/airflow/.local/lib/python3.12/site-packages/airflow/example_dags/example_short_circuit_operator.py took 0.199 seconds
[2026-04-28T22:13:30.975+0000] {processor.py:161} INFO - Started process (PID=1755) to work on /home/airflow/.local/lib/python3.12/site-packages/airflow/example_dags/example_short_circuit_operator.py
[2026-04-28T22:13:30.977+0000] {processor.py:830} INFO - Processing file /home/airflow/.local/lib/python3.12/site-packages/airflow/example_dags/example_short_circuit_operator.py for tasks to queue
[2026-04-28T22:13:30.982+0000] {logging_mixin.py:188} INFO - [2026-04-28T22:13:30.981+0000] {dagbag.py:540} INFO - Filling up the DagBag from /home/airflow/.local/lib/python3.12/site-packages/airflow/example_dags/example_short_circuit_operator.py
[2026-04-28T22:13:31.004+0000] {processor.py:840} INFO - DAG(s) 'example_short_circuit_operator' retrieved from /home/airflow/.local/lib/python3.12/site-packages/airflow/example_dags/example_short_circuit_operator.py
[2026-04-28T22:13:31.045+0000] {logging_mixin.py:188} INFO - [2026-04-28T22:13:31.045+0000] {dag.py:3096} INFO - Sync 1 DAGs
[2026-04-28T22:13:31.083+0000] {logging_mixin.py:188} INFO - [2026-04-28T22:13:31.083+0000] {dag.py:3954} INFO - Setting next_dagrun for example_short_circuit_operator to 2026-04-27 00:00:00+00:00, run_after=2026-04-28 00:00:00+00:00
[2026-04-28T22:13:31.105+0000] {processor.py:183} INFO - Processing /home/airflow/.local/lib/python3.12/site-packages/airflow/example_dags/example_short_circuit_operator.py took 0.147 seconds
[2026-04-28T22:14:01.665+0000] {processor.py:161} INFO - Started process (PID=1815) to work on /home/airflow/.local/lib/python3.12/site-packages/airflow/example_dags/example_short_circuit_operator.py
[2026-04-28T22:14:01.666+0000] {processor.py:830} INFO - Processing file /home/airflow/.local/lib/python3.12/site-packages/airflow/example_dags/example_short_circuit_operator.py for tasks to queue
[2026-04-28T22:14:01.668+0000] {logging_mixin.py:188} INFO - [2026-04-28T22:14:01.668+0000] {dagbag.py:540} INFO - Filling up the DagBag from /home/airflow/.local/lib/python3.12/site-packages/airflow/example_dags/example_short_circuit_operator.py
[2026-04-28T22:14:01.677+0000] {processor.py:840} INFO - DAG(s) 'example_short_circuit_operator' retrieved from /home/airflow/.local/lib/python3.12/site-packages/airflow/example_dags/example_short_circuit_operator.py
[2026-04-28T22:14:01.707+0000] {logging_mixin.py:188} INFO - [2026-04-28T22:14:01.707+0000] {dag.py:3096} INFO - Sync 1 DAGs
[2026-04-28T22:14:01.754+0000] {logging_mixin.py:188} INFO - [2026-04-28T22:14:01.754+0000] {dag.py:3954} INFO - Setting next_dagrun for example_short_circuit_operator to 2026-04-27 00:00:00+00:00, run_after=2026-04-28 00:00:00+00:00
[2026-04-28T22:14:01.806+0000] {processor.py:183} INFO - Processing /home/airflow/.local/lib/python3.12/site-packages/airflow/example_dags/example_short_circuit_operator.py took 0.147 seconds
[2026-04-28T22:14:32.142+0000] {processor.py:161} INFO - Started process (PID=1874) to work on /home/airflow/.local/lib/python3.12/site-packages/airflow/example_dags/example_short_circuit_operator.py
[2026-04-28T22:14:32.143+0000] {processor.py:830} INFO - Processing file /home/airflow/.local/lib/python3.12/site-packages/airflow/example_dags/example_short_circuit_operator.py for tasks to queue
[2026-04-28T22:14:32.147+0000] {logging_mixin.py:188} INFO - [2026-04-28T22:14:32.147+0000] {dagbag.py:540} INFO - Filling up the DagBag from /home/airflow/.local/lib/python3.12/site-packages/airflow/example_dags/example_short_circuit_operator.py
[2026-04-28T22:14:32.156+0000] {processor.py:840} INFO - DAG(s) 'example_short_circuit_operator' retrieved from /home/airflow/.local/lib/python3.12/site-packages/airflow/example_dags/example_short_circuit_operator.py
[2026-04-28T22:14:32.185+0000] {logging_mixin.py:188} INFO - [2026-04-28T22:14:32.185+0000] {dag.py:3096} INFO - Sync 1 DAGs
[2026-04-28T22:14:32.211+0000] {logging_mixin.py:188} INFO - [2026-04-28T22:14:32.211+0000] {dag.py:3954} INFO - Setting next_dagrun for example_short_circuit_operator to 2026-04-27 00:00:00+00:00, run_after=2026-04-28 00:00:00+00:00
[2026-04-28T22:14:32.234+0000] {processor.py:183} INFO - Processing /home/airflow/.local/lib/python3.12/site-packages/airflow/example_dags/example_short_circuit_operator.py took 0.099 seconds
[2026-04-28T22:15:02.752+0000] {processor.py:161} INFO - Started process (PID=1934) to work on /home/airflow/.local/lib/python3.12/site-packages/airflow/example_dags/example_short_circuit_operator.py
[2026-04-28T22:15:02.759+0000] {processor.py:830} INFO - Processing file /home/airflow/.local/lib/python3.12/site-packages/airflow/example_dags/example_short_circuit_operator.py for tasks to queue
[2026-04-28T22:15:02.773+0000] {logging_mixin.py:188} INFO - [2026-04-28T22:15:02.769+0000] {dagbag.py:540} INFO - Filling up the DagBag from /home/airflow/.local/lib/python3.12/site-packages/airflow/example_dags/example_short_circuit_operator.py
[2026-04-28T22:15:02.816+0000] {processor.py:840} INFO - DAG(s) 'example_short_circuit_operator' retrieved from /home/airflow/.local/lib/python3.12/site-packages/airflow/example_dags/example_short_circuit_operator.py
[2026-04-28T22:15:02.891+0000] {logging_mixin.py:188} INFO - [2026-04-28T22:15:02.891+0000] {dag.py:3096} INFO - Sync 1 DAGs
[2026-04-28T22:15:02.933+0000] {logging_mixin.py:188} INFO - [2026-04-28T22:15:02.933+0000] {dag.py:3954} INFO - Setting next_dagrun for example_short_circuit_operator to 2026-04-27 00:00:00+00:00, run_after=2026-04-28 00:00:00+00:00
[2026-04-28T22:15:02.975+0000] {processor.py:183} INFO - Processing /home/airflow/.local/lib/python3.12/site-packages/airflow/example_dags/example_short_circuit_operator.py took 0.261 seconds
[2026-04-28T22:15:33.885+0000] {processor.py:161} INFO - Started process (PID=1994) to work on /home/airflow/.local/lib/python3.12/site-packages/airflow/example_dags/example_short_circuit_operator.py
[2026-04-28T22:15:33.886+0000] {processor.py:830} INFO - Processing file /home/airflow/.local/lib/python3.12/site-packages/airflow/example_dags/example_short_circuit_operator.py for tasks to queue
[2026-04-28T22:15:33.889+0000] {logging_mixin.py:188} INFO - [2026-04-28T22:15:33.888+0000] {dagbag.py:540} INFO - Filling up the DagBag from /home/airflow/.local/lib/python3.12/site-packages/airflow/example_dags/example_short_circuit_operator.py
[2026-04-28T22:15:33.898+0000] {processor.py:840} INFO - DAG(s) 'example_short_circuit_operator' retrieved from /home/airflow/.local/lib/python3.12/site-packages/airflow/example_dags/example_short_circuit_operator.py
[2026-04-28T22:15:33.934+0000] {logging_mixin.py:188} INFO - [2026-04-28T22:15:33.934+0000] {dag.py:3096} INFO - Sync 1 DAGs
[2026-04-28T22:15:33.974+0000] {logging_mixin.py:188} INFO - [2026-04-28T22:15:33.974+0000] {dag.py:3954} INFO - Setting next_dagrun for example_short_circuit_operator to 2026-04-27 00:00:00+00:00, run_after=2026-04-28 00:00:00+00:00
[2026-04-28T22:15:33.992+0000] {processor.py:183} INFO - Processing /home/airflow/.local/lib/python3.12/site-packages/airflow/example_dags/example_short_circuit_operator.py took 0.113 seconds
[2026-04-28T22:16:04.230+0000] {processor.py:161} INFO - Started process (PID=2054) to work on /home/airflow/.local/lib/python3.12/site-packages/airflow/example_dags/example_short_circuit_operator.py
[2026-04-28T22:16:04.231+0000] {processor.py:830} INFO - Processing file /home/airflow/.local/lib/python3.12/site-packages/airflow/example_dags/example_short_circuit_operator.py for tasks to queue
[2026-04-28T22:16:04.233+0000] {logging_mixin.py:188} INFO - [2026-04-28T22:16:04.233+0000] {dagbag.py:540} INFO - Filling up the DagBag from /home/airflow/.local/lib/python3.12/site-packages/airflow/example_dags/example_short_circuit_operator.py
[2026-04-28T22:16:04.243+0000] {processor.py:840} INFO - DAG(s) 'example_short_circuit_operator' retrieved from /home/airflow/.local/lib/python3.12/site-packages/airflow/example_dags/example_short_circuit_operator.py
[2026-04-28T22:16:04.283+0000] {logging_mixin.py:188} INFO - [2026-04-28T22:16:04.283+0000] {dag.py:3096} INFO - Sync 1 DAGs
[2026-04-28T22:16:04.344+0000] {logging_mixin.py:188} INFO - [2026-04-28T22:16:04.343+0000] {dag.py:3954} INFO - Setting next_dagrun for example_short_circuit_operator to 2026-04-27 00:00:00+00:00, run_after=2026-04-28 00:00:00+00:00
[2026-04-28T22:16:04.378+0000] {processor.py:183} INFO - Processing /home/airflow/.local/lib/python3.12/site-packages/airflow/example_dags/example_short_circuit_operator.py took 0.154 seconds
[2026-04-28T22:19:28.826+0000] {processor.py:161} INFO - Started process (PID=79) to work on /home/airflow/.local/lib/python3.12/site-packages/airflow/example_dags/example_short_circuit_operator.py
[2026-04-28T22:19:28.844+0000] {processor.py:830} INFO - Processing file /home/airflow/.local/lib/python3.12/site-packages/airflow/example_dags/example_short_circuit_operator.py for tasks to queue
[2026-04-28T22:19:28.854+0000] {logging_mixin.py:188} INFO - [2026-04-28T22:19:28.854+0000] {dagbag.py:540} INFO - Filling up the DagBag from /home/airflow/.local/lib/python3.12/site-packages/airflow/example_dags/example_short_circuit_operator.py
[2026-04-28T22:19:28.911+0000] {processor.py:840} INFO - DAG(s) 'example_short_circuit_operator' retrieved from /home/airflow/.local/lib/python3.12/site-packages/airflow/example_dags/example_short_circuit_operator.py
[2026-04-28T22:19:29.597+0000] {logging_mixin.py:188} INFO - [2026-04-28T22:19:29.597+0000] {override.py:1829} INFO - Created Permission View: can edit on DAG:example_short_circuit_operator
[2026-04-28T22:19:29.673+0000] {logging_mixin.py:188} INFO - [2026-04-28T22:19:29.673+0000] {override.py:1829} INFO - Created Permission View: can delete on DAG:example_short_circuit_operator
[2026-04-28T22:19:29.771+0000] {logging_mixin.py:188} INFO - [2026-04-28T22:19:29.771+0000] {override.py:1829} INFO - Created Permission View: can read on DAG:example_short_circuit_operator
[2026-04-28T22:19:29.775+0000] {logging_mixin.py:188} INFO - [2026-04-28T22:19:29.774+0000] {dag.py:3096} INFO - Sync 1 DAGs
[2026-04-28T22:19:29.810+0000] {logging_mixin.py:188} INFO - [2026-04-28T22:19:29.810+0000] {dag.py:3118} INFO - Creating ORM DAG for example_short_circuit_operator
[2026-04-28T22:19:29.850+0000] {logging_mixin.py:188} INFO - [2026-04-28T22:19:29.850+0000] {dag.py:3954} INFO - Setting next_dagrun for example_short_circuit_operator to 2026-04-27 00:00:00+00:00, run_after=2026-04-28 00:00:00+00:00
[2026-04-28T22:19:29.907+0000] {processor.py:183} INFO - Processing /home/airflow/.local/lib/python3.12/site-packages/airflow/example_dags/example_short_circuit_operator.py took 1.112 seconds
[2026-04-28T22:20:00.445+0000] {processor.py:161} INFO - Started process (PID=139) to work on /home/airflow/.local/lib/python3.12/site-packages/airflow/example_dags/example_short_circuit_operator.py
[2026-04-28T22:20:00.455+0000] {processor.py:830} INFO - Processing file /home/airflow/.local/lib/python3.12/site-packages/airflow/example_dags/example_short_circuit_operator.py for tasks to queue
[2026-04-28T22:20:00.462+0000] {logging_mixin.py:188} INFO - [2026-04-28T22:20:00.461+0000] {dagbag.py:540} INFO - Filling up the DagBag from /home/airflow/.local/lib/python3.12/site-packages/airflow/example_dags/example_short_circuit_operator.py
[2026-04-28T22:20:00.479+0000] {processor.py:840} INFO - DAG(s) 'example_short_circuit_operator' retrieved from /home/airflow/.local/lib/python3.12/site-packages/airflow/example_dags/example_short_circuit_operator.py
[2026-04-28T22:20:00.563+0000] {logging_mixin.py:188} INFO - [2026-04-28T22:20:00.563+0000] {dag.py:3096} INFO - Sync 1 DAGs
[2026-04-28T22:20:00.600+0000] {logging_mixin.py:188} INFO - [2026-04-28T22:20:00.600+0000] {dag.py:3954} INFO - Setting next_dagrun for example_short_circuit_operator to 2026-04-27 00:00:00+00:00, run_after=2026-04-28 00:00:00+00:00
[2026-04-28T22:20:00.622+0000] {processor.py:183} INFO - Processing /home/airflow/.local/lib/python3.12/site-packages/airflow/example_dags/example_short_circuit_operator.py took 0.188 seconds
[2026-04-28T22:20:30.777+0000] {processor.py:161} INFO - Started process (PID=200) to work on /home/airflow/.local/lib/python3.12/site-packages/airflow/example_dags/example_short_circuit_operator.py
[2026-04-28T22:20:30.779+0000] {processor.py:830} INFO - Processing file /home/airflow/.local/lib/python3.12/site-packages/airflow/example_dags/example_short_circuit_operator.py for tasks to queue
[2026-04-28T22:20:30.782+0000] {logging_mixin.py:188} INFO - [2026-04-28T22:20:30.781+0000] {dagbag.py:540} INFO - Filling up the DagBag from /home/airflow/.local/lib/python3.12/site-packages/airflow/example_dags/example_short_circuit_operator.py
[2026-04-28T22:20:30.791+0000] {processor.py:840} INFO - DAG(s) 'example_short_circuit_operator' retrieved from /home/airflow/.local/lib/python3.12/site-packages/airflow/example_dags/example_short_circuit_operator.py
[2026-04-28T22:20:30.824+0000] {logging_mixin.py:188} INFO - [2026-04-28T22:20:30.824+0000] {dag.py:3096} INFO - Sync 1 DAGs
[2026-04-28T22:20:30.851+0000] {logging_mixin.py:188} INFO - [2026-04-28T22:20:30.851+0000] {dag.py:3954} INFO - Setting next_dagrun for example_short_circuit_operator to 2026-04-27 00:00:00+00:00, run_after=2026-04-28 00:00:00+00:00
[2026-04-28T22:20:30.872+0000] {processor.py:183} INFO - Processing /home/airflow/.local/lib/python3.12/site-packages/airflow/example_dags/example_short_circuit_operator.py took 0.103 seconds
[2026-04-28T22:21:00.941+0000] {processor.py:161} INFO - Started process (PID=260) to work on /home/airflow/.local/lib/python3.12/site-packages/airflow/example_dags/example_short_circuit_operator.py
[2026-04-28T22:21:00.942+0000] {processor.py:830} INFO - Processing file /home/airflow/.local/lib/python3.12/site-packages/airflow/example_dags/example_short_circuit_operator.py for tasks to queue
[2026-04-28T22:21:00.944+0000] {logging_mixin.py:188} INFO - [2026-04-28T22:21:00.944+0000] {dagbag.py:540} INFO - Filling up the DagBag from /home/airflow/.local/lib/python3.12/site-packages/airflow/example_dags/example_short_circuit_operator.py
[2026-04-28T22:21:00.951+0000] {processor.py:840} INFO - DAG(s) 'example_short_circuit_operator' retrieved from /home/airflow/.local/lib/python3.12/site-packages/airflow/example_dags/example_short_circuit_operator.py
[2026-04-28T22:21:00.971+0000] {logging_mixin.py:188} INFO - [2026-04-28T22:21:00.971+0000] {dag.py:3096} INFO - Sync 1 DAGs
[2026-04-28T22:21:00.990+0000] {logging_mixin.py:188} INFO - [2026-04-28T22:21:00.990+0000] {dag.py:3954} INFO - Setting next_dagrun for example_short_circuit_operator to 2026-04-27 00:00:00+00:00, run_after=2026-04-28 00:00:00+00:00
[2026-04-28T22:21:01.006+0000] {processor.py:183} INFO - Processing /home/airflow/.local/lib/python3.12/site-packages/airflow/example_dags/example_short_circuit_operator.py took 0.070 seconds
[2026-04-28T22:21:31.154+0000] {processor.py:161} INFO - Started process (PID=320) to work on /home/airflow/.local/lib/python3.12/site-packages/airflow/example_dags/example_short_circuit_operator.py
[2026-04-28T22:21:31.159+0000] {processor.py:830} INFO - Processing file /home/airflow/.local/lib/python3.12/site-packages/airflow/example_dags/example_short_circuit_operator.py for tasks to queue
[2026-04-28T22:21:31.163+0000] {logging_mixin.py:188} INFO - [2026-04-28T22:21:31.163+0000] {dagbag.py:540} INFO - Filling up the DagBag from /home/airflow/.local/lib/python3.12/site-packages/airflow/example_dags/example_short_circuit_operator.py
[2026-04-28T22:21:31.182+0000] {processor.py:840} INFO - DAG(s) 'example_short_circuit_operator' retrieved from /home/airflow/.local/lib/python3.12/site-packages/airflow/example_dags/example_short_circuit_operator.py
[2026-04-28T22:21:31.325+0000] {logging_mixin.py:188} INFO - [2026-04-28T22:21:31.319+0000] {dag.py:3096} INFO - Sync 1 DAGs
[2026-04-28T22:21:31.480+0000] {logging_mixin.py:188} INFO - [2026-04-28T22:21:31.480+0000] {dag.py:3954} INFO - Setting next_dagrun for example_short_circuit_operator to 2026-04-27 00:00:00+00:00, run_after=2026-04-28 00:00:00+00:00
[2026-04-28T22:21:31.558+0000] {processor.py:183} INFO - Processing /home/airflow/.local/lib/python3.12/site-packages/airflow/example_dags/example_short_circuit_operator.py took 0.417 seconds
[2026-04-28T22:22:01.952+0000] {processor.py:161} INFO - Started process (PID=379) to work on /home/airflow/.local/lib/python3.12/site-packages/airflow/example_dags/example_short_circuit_operator.py
[2026-04-28T22:22:01.980+0000] {processor.py:830} INFO - Processing file /home/airflow/.local/lib/python3.12/site-packages/airflow/example_dags/example_short_circuit_operator.py for tasks to queue
[2026-04-28T22:22:02.000+0000] {logging_mixin.py:188} INFO - [2026-04-28T22:22:02.000+0000] {dagbag.py:540} INFO - Filling up the DagBag from /home/airflow/.local/lib/python3.12/site-packages/airflow/example_dags/example_short_circuit_operator.py
[2026-04-28T22:22:02.044+0000] {processor.py:840} INFO - DAG(s) 'example_short_circuit_operator' retrieved from /home/airflow/.local/lib/python3.12/site-packages/airflow/example_dags/example_short_circuit_operator.py
[2026-04-28T22:22:02.173+0000] {logging_mixin.py:188} INFO - [2026-04-28T22:22:02.170+0000] {dag.py:3096} INFO - Sync 1 DAGs
[2026-04-28T22:22:02.302+0000] {logging_mixin.py:188} INFO - [2026-04-28T22:22:02.302+0000] {dag.py:3954} INFO - Setting next_dagrun for example_short_circuit_operator to 2026-04-27 00:00:00+00:00, run_after=2026-04-28 00:00:00+00:00
[2026-04-28T22:22:02.452+0000] {processor.py:183} INFO - Processing /home/airflow/.local/lib/python3.12/site-packages/airflow/example_dags/example_short_circuit_operator.py took 0.555 seconds
[2026-04-28T22:22:32.564+0000] {processor.py:161} INFO - Started process (PID=440) to work on /home/airflow/.local/lib/python3.12/site-packages/airflow/example_dags/example_short_circuit_operator.py
[2026-04-28T22:22:32.567+0000] {processor.py:830} INFO - Processing file /home/airflow/.local/lib/python3.12/site-packages/airflow/example_dags/example_short_circuit_operator.py for tasks to queue
[2026-04-28T22:22:32.569+0000] {logging_mixin.py:188} INFO - [2026-04-28T22:22:32.568+0000] {dagbag.py:540} INFO - Filling up the DagBag from /home/airflow/.local/lib/python3.12/site-packages/airflow/example_dags/example_short_circuit_operator.py
[2026-04-28T22:22:32.575+0000] {processor.py:840} INFO - DAG(s) 'example_short_circuit_operator' retrieved from /home/airflow/.local/lib/python3.12/site-packages/airflow/example_dags/example_short_circuit_operator.py
[2026-04-28T22:22:32.595+0000] {logging_mixin.py:188} INFO - [2026-04-28T22:22:32.595+0000] {dag.py:3096} INFO - Sync 1 DAGs
[2026-04-28T22:22:32.614+0000] {logging_mixin.py:188} INFO - [2026-04-28T22:22:32.614+0000] {dag.py:3954} INFO - Setting next_dagrun for example_short_circuit_operator to 2026-04-27 00:00:00+00:00, run_after=2026-04-28 00:00:00+00:00
[2026-04-28T22:22:32.630+0000] {processor.py:183} INFO - Processing /home/airflow/.local/lib/python3.12/site-packages/airflow/example_dags/example_short_circuit_operator.py took 0.072 seconds
[2026-04-28T22:23:03.098+0000] {processor.py:161} INFO - Started process (PID=499) to work on /home/airflow/.local/lib/python3.12/site-packages/airflow/example_dags/example_short_circuit_operator.py
[2026-04-28T22:23:03.100+0000] {processor.py:830} INFO - Processing file /home/airflow/.local/lib/python3.12/site-packages/airflow/example_dags/example_short_circuit_operator.py for tasks to queue
[2026-04-28T22:23:03.102+0000] {logging_mixin.py:188} INFO - [2026-04-28T22:23:03.102+0000] {dagbag.py:540} INFO - Filling up the DagBag from /home/airflow/.local/lib/python3.12/site-packages/airflow/example_dags/example_short_circuit_operator.py
[2026-04-28T22:23:03.111+0000] {processor.py:840} INFO - DAG(s) 'example_short_circuit_operator' retrieved from /home/airflow/.local/lib/python3.12/site-packages/airflow/example_dags/example_short_circuit_operator.py
[2026-04-28T22:23:03.140+0000] {logging_mixin.py:188} INFO - [2026-04-28T22:23:03.140+0000] {dag.py:3096} INFO - Sync 1 DAGs
[2026-04-28T22:23:03.165+0000] {logging_mixin.py:188} INFO - [2026-04-28T22:23:03.165+0000] {dag.py:3954} INFO - Setting next_dagrun for example_short_circuit_operator to 2026-04-27 00:00:00+00:00, run_after=2026-04-28 00:00:00+00:00
[2026-04-28T22:23:03.185+0000] {processor.py:183} INFO - Processing /home/airflow/.local/lib/python3.12/site-packages/airflow/example_dags/example_short_circuit_operator.py took 0.093 seconds
[2026-04-28T22:23:33.905+0000] {processor.py:161} INFO - Started process (PID=559) to work on /home/airflow/.local/lib/python3.12/site-packages/airflow/example_dags/example_short_circuit_operator.py
[2026-04-28T22:23:33.908+0000] {processor.py:830} INFO - Processing file /home/airflow/.local/lib/python3.12/site-packages/airflow/example_dags/example_short_circuit_operator.py for tasks to queue
[2026-04-28T22:23:33.910+0000] {logging_mixin.py:188} INFO - [2026-04-28T22:23:33.909+0000] {dagbag.py:540} INFO - Filling up the DagBag from /home/airflow/.local/lib/python3.12/site-packages/airflow/example_dags/example_short_circuit_operator.py
[2026-04-28T22:23:33.926+0000] {processor.py:840} INFO - DAG(s) 'example_short_circuit_operator' retrieved from /home/airflow/.local/lib/python3.12/site-packages/airflow/example_dags/example_short_circuit_operator.py
[2026-04-28T22:23:33.979+0000] {logging_mixin.py:188} INFO - [2026-04-28T22:23:33.979+0000] {dag.py:3096} INFO - Sync 1 DAGs
[2026-04-28T22:23:34.025+0000] {logging_mixin.py:188} INFO - [2026-04-28T22:23:34.025+0000] {dag.py:3954} INFO - Setting next_dagrun for example_short_circuit_operator to 2026-04-27 00:00:00+00:00, run_after=2026-04-28 00:00:00+00:00
[2026-04-28T22:23:34.077+0000] {processor.py:183} INFO - Processing /home/airflow/.local/lib/python3.12/site-packages/airflow/example_dags/example_short_circuit_operator.py took 0.179 seconds
[2026-04-28T22:24:05.028+0000] {processor.py:161} INFO - Started process (PID=619) to work on /home/airflow/.local/lib/python3.12/site-packages/airflow/example_dags/example_short_circuit_operator.py
[2026-04-28T22:24:05.030+0000] {processor.py:830} INFO - Processing file /home/airflow/.local/lib/python3.12/site-packages/airflow/example_dags/example_short_circuit_operator.py for tasks to queue
[2026-04-28T22:24:05.032+0000] {logging_mixin.py:188} INFO - [2026-04-28T22:24:05.031+0000] {dagbag.py:540} INFO - Filling up the DagBag from /home/airflow/.local/lib/python3.12/site-packages/airflow/example_dags/example_short_circuit_operator.py
[2026-04-28T22:24:05.043+0000] {processor.py:840} INFO - DAG(s) 'example_short_circuit_operator' retrieved from /home/airflow/.local/lib/python3.12/site-packages/airflow/example_dags/example_short_circuit_operator.py
[2026-04-28T22:24:05.080+0000] {logging_mixin.py:188} INFO - [2026-04-28T22:24:05.079+0000] {dag.py:3096} INFO - Sync 1 DAGs
[2026-04-28T22:24:05.107+0000] {logging_mixin.py:188} INFO - [2026-04-28T22:24:05.107+0000] {dag.py:3954} INFO - Setting next_dagrun for example_short_circuit_operator to 2026-04-27 00:00:00+00:00, run_after=2026-04-28 00:00:00+00:00
[2026-04-28T22:24:05.164+0000] {processor.py:183} INFO - Processing /home/airflow/.local/lib/python3.12/site-packages/airflow/example_dags/example_short_circuit_operator.py took 0.143 seconds
[2026-04-28T22:24:35.417+0000] {processor.py:161} INFO - Started process (PID=678) to work on /home/airflow/.local/lib/python3.12/site-packages/airflow/example_dags/example_short_circuit_operator.py
[2026-04-28T22:24:35.418+0000] {processor.py:830} INFO - Processing file /home/airflow/.local/lib/python3.12/site-packages/airflow/example_dags/example_short_circuit_operator.py for tasks to queue
[2026-04-28T22:24:35.420+0000] {logging_mixin.py:188} INFO - [2026-04-28T22:24:35.419+0000] {dagbag.py:540} INFO - Filling up the DagBag from /home/airflow/.local/lib/python3.12/site-packages/airflow/example_dags/example_short_circuit_operator.py
[2026-04-28T22:24:35.428+0000] {processor.py:840} INFO - DAG(s) 'example_short_circuit_operator' retrieved from /home/airflow/.local/lib/python3.12/site-packages/airflow/example_dags/example_short_circuit_operator.py
[2026-04-28T22:24:35.458+0000] {logging_mixin.py:188} INFO - [2026-04-28T22:24:35.458+0000] {dag.py:3096} INFO - Sync 1 DAGs
[2026-04-28T22:24:35.484+0000] {logging_mixin.py:188} INFO - [2026-04-28T22:24:35.484+0000] {dag.py:3954} INFO - Setting next_dagrun for example_short_circuit_operator to 2026-04-27 00:00:00+00:00, run_after=2026-04-28 00:00:00+00:00
[2026-04-28T22:24:35.513+0000] {processor.py:183} INFO - Processing /home/airflow/.local/lib/python3.12/site-packages/airflow/example_dags/example_short_circuit_operator.py took 0.103 seconds
[2026-04-28T22:25:05.943+0000] {processor.py:161} INFO - Started process (PID=738) to work on /home/airflow/.local/lib/python3.12/site-packages/airflow/example_dags/example_short_circuit_operator.py
[2026-04-28T22:25:05.945+0000] {processor.py:830} INFO - Processing file /home/airflow/.local/lib/python3.12/site-packages/airflow/example_dags/example_short_circuit_operator.py for tasks to queue
[2026-04-28T22:25:05.947+0000] {logging_mixin.py:188} INFO - [2026-04-28T22:25:05.946+0000] {dagbag.py:540} INFO - Filling up the DagBag from /home/airflow/.local/lib/python3.12/site-packages/airflow/example_dags/example_short_circuit_operator.py
[2026-04-28T22:25:05.956+0000] {processor.py:840} INFO - DAG(s) 'example_short_circuit_operator' retrieved from /home/airflow/.local/lib/python3.12/site-packages/airflow/example_dags/example_short_circuit_operator.py
[2026-04-28T22:25:05.983+0000] {logging_mixin.py:188} INFO - [2026-04-28T22:25:05.983+0000] {dag.py:3096} INFO - Sync 1 DAGs
[2026-04-28T22:25:06.018+0000] {logging_mixin.py:188} INFO - [2026-04-28T22:25:06.017+0000] {dag.py:3954} INFO - Setting next_dagrun for example_short_circuit_operator to 2026-04-27 00:00:00+00:00, run_after=2026-04-28 00:00:00+00:00
[2026-04-28T22:25:06.036+0000] {processor.py:183} INFO - Processing /home/airflow/.local/lib/python3.12/site-packages/airflow/example_dags/example_short_circuit_operator.py took 0.108 seconds
[2026-04-28T22:25:36.466+0000] {processor.py:161} INFO - Started process (PID=798) to work on /home/airflow/.local/lib/python3.12/site-packages/airflow/example_dags/example_short_circuit_operator.py
[2026-04-28T22:25:36.469+0000] {processor.py:830} INFO - Processing file /home/airflow/.local/lib/python3.12/site-packages/airflow/example_dags/example_short_circuit_operator.py for tasks to queue
[2026-04-28T22:25:36.472+0000] {logging_mixin.py:188} INFO - [2026-04-28T22:25:36.470+0000] {dagbag.py:540} INFO - Filling up the DagBag from /home/airflow/.local/lib/python3.12/site-packages/airflow/example_dags/example_short_circuit_operator.py
[2026-04-28T22:25:36.482+0000] {processor.py:840} INFO - DAG(s) 'example_short_circuit_operator' retrieved from /home/airflow/.local/lib/python3.12/site-packages/airflow/example_dags/example_short_circuit_operator.py
[2026-04-28T22:25:36.509+0000] {logging_mixin.py:188} INFO - [2026-04-28T22:25:36.509+0000] {dag.py:3096} INFO - Sync 1 DAGs
[2026-04-28T22:25:36.537+0000] {logging_mixin.py:188} INFO - [2026-04-28T22:25:36.536+0000] {dag.py:3954} INFO - Setting next_dagrun for example_short_circuit_operator to 2026-04-27 00:00:00+00:00, run_after=2026-04-28 00:00:00+00:00
[2026-04-28T22:25:36.557+0000] {processor.py:183} INFO - Processing /home/airflow/.local/lib/python3.12/site-packages/airflow/example_dags/example_short_circuit_operator.py took 0.098 seconds
[2026-04-28T22:26:07.238+0000] {processor.py:161} INFO - Started process (PID=858) to work on /home/airflow/.local/lib/python3.12/site-packages/airflow/example_dags/example_short_circuit_operator.py
[2026-04-28T22:26:07.245+0000] {processor.py:830} INFO - Processing file /home/airflow/.local/lib/python3.12/site-packages/airflow/example_dags/example_short_circuit_operator.py for tasks to queue
[2026-04-28T22:26:07.248+0000] {logging_mixin.py:188} INFO - [2026-04-28T22:26:07.248+0000] {dagbag.py:540} INFO - Filling up the DagBag from /home/airflow/.local/lib/python3.12/site-packages/airflow/example_dags/example_short_circuit_operator.py
[2026-04-28T22:26:07.266+0000] {processor.py:840} INFO - DAG(s) 'example_short_circuit_operator' retrieved from /home/airflow/.local/lib/python3.12/site-packages/airflow/example_dags/example_short_circuit_operator.py
[2026-04-28T22:26:07.416+0000] {logging_mixin.py:188} INFO - [2026-04-28T22:26:07.416+0000] {dag.py:3096} INFO - Sync 1 DAGs
[2026-04-28T22:26:07.514+0000] {logging_mixin.py:188} INFO - [2026-04-28T22:26:07.514+0000] {dag.py:3954} INFO - Setting next_dagrun for example_short_circuit_operator to 2026-04-27 00:00:00+00:00, run_after=2026-04-28 00:00:00+00:00
[2026-04-28T22:26:08.141+0000] {processor.py:183} INFO - Processing /home/airflow/.local/lib/python3.12/site-packages/airflow/example_dags/example_short_circuit_operator.py took 0.914 seconds
[2026-04-28T22:26:38.411+0000] {processor.py:161} INFO - Started process (PID=918) to work on /home/airflow/.local/lib/python3.12/site-packages/airflow/example_dags/example_short_circuit_operator.py
[2026-04-28T22:26:38.413+0000] {processor.py:830} INFO - Processing file /home/airflow/.local/lib/python3.12/site-packages/airflow/example_dags/example_short_circuit_operator.py for tasks to queue
[2026-04-28T22:26:38.425+0000] {logging_mixin.py:188} INFO - [2026-04-28T22:26:38.422+0000] {dagbag.py:540} INFO - Filling up the DagBag from /home/airflow/.local/lib/python3.12/site-packages/airflow/example_dags/example_short_circuit_operator.py
[2026-04-28T22:26:38.453+0000] {processor.py:840} INFO - DAG(s) 'example_short_circuit_operator' retrieved from /home/airflow/.local/lib/python3.12/site-packages/airflow/example_dags/example_short_circuit_operator.py
[2026-04-28T22:26:38.519+0000] {logging_mixin.py:188} INFO - [2026-04-28T22:26:38.519+0000] {dag.py:3096} INFO - Sync 1 DAGs
[2026-04-28T22:26:38.557+0000] {logging_mixin.py:188} INFO - [2026-04-28T22:26:38.557+0000] {dag.py:3954} INFO - Setting next_dagrun for example_short_circuit_operator to 2026-04-27 00:00:00+00:00, run_after=2026-04-28 00:00:00+00:00
[2026-04-28T22:26:38.600+0000] {processor.py:183} INFO - Processing /home/airflow/.local/lib/python3.12/site-packages/airflow/example_dags/example_short_circuit_operator.py took 0.204 seconds
[2026-04-28T22:27:08.840+0000] {processor.py:161} INFO - Started process (PID=976) to work on /home/airflow/.local/lib/python3.12/site-packages/airflow/example_dags/example_short_circuit_operator.py
[2026-04-28T22:27:08.842+0000] {processor.py:830} INFO - Processing file /home/airflow/.local/lib/python3.12/site-packages/airflow/example_dags/example_short_circuit_operator.py for tasks to queue
[2026-04-28T22:27:08.844+0000] {logging_mixin.py:188} INFO - [2026-04-28T22:27:08.844+0000] {dagbag.py:540} INFO - Filling up the DagBag from /home/airflow/.local/lib/python3.12/site-packages/airflow/example_dags/example_short_circuit_operator.py
[2026-04-28T22:27:08.854+0000] {processor.py:840} INFO - DAG(s) 'example_short_circuit_operator' retrieved from /home/airflow/.local/lib/python3.12/site-packages/airflow/example_dags/example_short_circuit_operator.py
[2026-04-28T22:27:08.884+0000] {logging_mixin.py:188} INFO - [2026-04-28T22:27:08.884+0000] {dag.py:3096} INFO - Sync 1 DAGs
[2026-04-28T22:27:08.911+0000] {logging_mixin.py:188} INFO - [2026-04-28T22:27:08.911+0000] {dag.py:3954} INFO - Setting next_dagrun for example_short_circuit_operator to 2026-04-27 00:00:00+00:00, run_after=2026-04-28 00:00:00+00:00
[2026-04-28T22:27:08.942+0000] {processor.py:183} INFO - Processing /home/airflow/.local/lib/python3.12/site-packages/airflow/example_dags/example_short_circuit_operator.py took 0.109 seconds
[2026-04-28T22:27:39.163+0000] {processor.py:161} INFO - Started process (PID=1035) to work on /home/airflow/.local/lib/python3.12/site-packages/airflow/example_dags/example_short_circuit_operator.py
[2026-04-28T22:27:39.164+0000] {processor.py:830} INFO - Processing file /home/airflow/.local/lib/python3.12/site-packages/airflow/example_dags/example_short_circuit_operator.py for tasks to queue
[2026-04-28T22:27:39.167+0000] {logging_mixin.py:188} INFO - [2026-04-28T22:27:39.166+0000] {dagbag.py:540} INFO - Filling up the DagBag from /home/airflow/.local/lib/python3.12/site-packages/airflow/example_dags/example_short_circuit_operator.py
[2026-04-28T22:27:39.175+0000] {processor.py:840} INFO - DAG(s) 'example_short_circuit_operator' retrieved from /home/airflow/.local/lib/python3.12/site-packages/airflow/example_dags/example_short_circuit_operator.py
[2026-04-28T22:27:39.239+0000] {logging_mixin.py:188} INFO - [2026-04-28T22:27:39.239+0000] {dag.py:3096} INFO - Sync 1 DAGs
[2026-04-28T22:27:39.302+0000] {logging_mixin.py:188} INFO - [2026-04-28T22:27:39.302+0000] {dag.py:3954} INFO - Setting next_dagrun for example_short_circuit_operator to 2026-04-27 00:00:00+00:00, run_after=2026-04-28 00:00:00+00:00
[2026-04-28T22:27:39.349+0000] {processor.py:183} INFO - Processing /home/airflow/.local/lib/python3.12/site-packages/airflow/example_dags/example_short_circuit_operator.py took 0.197 seconds
[2026-04-28T22:28:10.029+0000] {processor.py:161} INFO - Started process (PID=1095) to work on /home/airflow/.local/lib/python3.12/site-packages/airflow/example_dags/example_short_circuit_operator.py
[2026-04-28T22:28:10.032+0000] {processor.py:830} INFO - Processing file /home/airflow/.local/lib/python3.12/site-packages/airflow/example_dags/example_short_circuit_operator.py for tasks to queue
[2026-04-28T22:28:10.041+0000] {logging_mixin.py:188} INFO - [2026-04-28T22:28:10.041+0000] {dagbag.py:540} INFO - Filling up the DagBag from /home/airflow/.local/lib/python3.12/site-packages/airflow/example_dags/example_short_circuit_operator.py
[2026-04-28T22:28:10.060+0000] {processor.py:840} INFO - DAG(s) 'example_short_circuit_operator' retrieved from /home/airflow/.local/lib/python3.12/site-packages/airflow/example_dags/example_short_circuit_operator.py
[2026-04-28T22:28:11.131+0000] {logging_mixin.py:188} INFO - [2026-04-28T22:28:11.131+0000] {dag.py:3096} INFO - Sync 1 DAGs
[2026-04-28T22:28:11.275+0000] {logging_mixin.py:188} INFO - [2026-04-28T22:28:11.274+0000] {dag.py:3954} INFO - Setting next_dagrun for example_short_circuit_operator to 2026-04-27 00:00:00+00:00, run_after=2026-04-28 00:00:00+00:00
[2026-04-28T22:28:11.392+0000] {processor.py:183} INFO - Processing /home/airflow/.local/lib/python3.12/site-packages/airflow/example_dags/example_short_circuit_operator.py took 1.384 seconds
[2026-04-28T22:28:42.171+0000] {processor.py:161} INFO - Started process (PID=1155) to work on /home/airflow/.local/lib/python3.12/site-packages/airflow/example_dags/example_short_circuit_operator.py
[2026-04-28T22:28:42.177+0000] {processor.py:830} INFO - Processing file /home/airflow/.local/lib/python3.12/site-packages/airflow/example_dags/example_short_circuit_operator.py for tasks to queue
[2026-04-28T22:28:42.181+0000] {logging_mixin.py:188} INFO - [2026-04-28T22:28:42.181+0000] {dagbag.py:540} INFO - Filling up the DagBag from /home/airflow/.local/lib/python3.12/site-packages/airflow/example_dags/example_short_circuit_operator.py
[2026-04-28T22:28:42.204+0000] {processor.py:840} INFO - DAG(s) 'example_short_circuit_operator' retrieved from /home/airflow/.local/lib/python3.12/site-packages/airflow/example_dags/example_short_circuit_operator.py
[2026-04-28T22:28:42.303+0000] {logging_mixin.py:188} INFO - [2026-04-28T22:28:42.302+0000] {dag.py:3096} INFO - Sync 1 DAGs
[2026-04-28T22:28:42.384+0000] {logging_mixin.py:188} INFO - [2026-04-28T22:28:42.384+0000] {dag.py:3954} INFO - Setting next_dagrun for example_short_circuit_operator to 2026-04-27 00:00:00+00:00, run_after=2026-04-28 00:00:00+00:00
[2026-04-28T22:28:42.434+0000] {processor.py:183} INFO - Processing /home/airflow/.local/lib/python3.12/site-packages/airflow/example_dags/example_short_circuit_operator.py took 0.277 seconds
[2026-04-28T22:29:13.088+0000] {processor.py:161} INFO - Started process (PID=1216) to work on /home/airflow/.local/lib/python3.12/site-packages/airflow/example_dags/example_short_circuit_operator.py
[2026-04-28T22:29:13.106+0000] {processor.py:830} INFO - Processing file /home/airflow/.local/lib/python3.12/site-packages/airflow/example_dags/example_short_circuit_operator.py for tasks to queue
[2026-04-28T22:29:13.132+0000] {logging_mixin.py:188} INFO - [2026-04-28T22:29:13.126+0000] {dagbag.py:540} INFO - Filling up the DagBag from /home/airflow/.local/lib/python3.12/site-packages/airflow/example_dags/example_short_circuit_operator.py
[2026-04-28T22:29:13.166+0000] {processor.py:840} INFO - DAG(s) 'example_short_circuit_operator' retrieved from /home/airflow/.local/lib/python3.12/site-packages/airflow/example_dags/example_short_circuit_operator.py
[2026-04-28T22:29:13.379+0000] {logging_mixin.py:188} INFO - [2026-04-28T22:29:13.379+0000] {dag.py:3096} INFO - Sync 1 DAGs
[2026-04-28T22:29:13.633+0000] {logging_mixin.py:188} INFO - [2026-04-28T22:29:13.630+0000] {dag.py:3954} INFO - Setting next_dagrun for example_short_circuit_operator to 2026-04-27 00:00:00+00:00, run_after=2026-04-28 00:00:00+00:00
[2026-04-28T22:29:13.755+0000] {processor.py:183} INFO - Processing /home/airflow/.local/lib/python3.12/site-packages/airflow/example_dags/example_short_circuit_operator.py took 0.722 seconds
[2026-04-28T22:29:44.567+0000] {processor.py:161} INFO - Started process (PID=1276) to work on /home/airflow/.local/lib/python3.12/site-packages/airflow/example_dags/example_short_circuit_operator.py
[2026-04-28T22:29:44.569+0000] {processor.py:830} INFO - Processing file /home/airflow/.local/lib/python3.12/site-packages/airflow/example_dags/example_short_circuit_operator.py for tasks to queue
[2026-04-28T22:29:44.571+0000] {logging_mixin.py:188} INFO - [2026-04-28T22:29:44.570+0000] {dagbag.py:540} INFO - Filling up the DagBag from /home/airflow/.local/lib/python3.12/site-packages/airflow/example_dags/example_short_circuit_operator.py
[2026-04-28T22:29:44.581+0000] {processor.py:840} INFO - DAG(s) 'example_short_circuit_operator' retrieved from /home/airflow/.local/lib/python3.12/site-packages/airflow/example_dags/example_short_circuit_operator.py
[2026-04-28T22:29:44.611+0000] {logging_mixin.py:188} INFO - [2026-04-28T22:29:44.610+0000] {dag.py:3096} INFO - Sync 1 DAGs
[2026-04-28T22:29:44.641+0000] {logging_mixin.py:188} INFO - [2026-04-28T22:29:44.641+0000] {dag.py:3954} INFO - Setting next_dagrun for example_short_circuit_operator to 2026-04-27 00:00:00+00:00, run_after=2026-04-28 00:00:00+00:00
[2026-04-28T22:29:44.673+0000] {processor.py:183} INFO - Processing /home/airflow/.local/lib/python3.12/site-packages/airflow/example_dags/example_short_circuit_operator.py took 0.118 seconds
[2026-04-28T22:30:15.349+0000] {processor.py:161} INFO - Started process (PID=1336) to work on /home/airflow/.local/lib/python3.12/site-packages/airflow/example_dags/example_short_circuit_operator.py
[2026-04-28T22:30:15.350+0000] {processor.py:830} INFO - Processing file /home/airflow/.local/lib/python3.12/site-packages/airflow/example_dags/example_short_circuit_operator.py for tasks to queue
[2026-04-28T22:30:15.352+0000] {logging_mixin.py:188} INFO - [2026-04-28T22:30:15.352+0000] {dagbag.py:540} INFO - Filling up the DagBag from /home/airflow/.local/lib/python3.12/site-packages/airflow/example_dags/example_short_circuit_operator.py
[2026-04-28T22:30:15.363+0000] {processor.py:840} INFO - DAG(s) 'example_short_circuit_operator' retrieved from /home/airflow/.local/lib/python3.12/site-packages/airflow/example_dags/example_short_circuit_operator.py
[2026-04-28T22:30:15.429+0000] {logging_mixin.py:188} INFO - [2026-04-28T22:30:15.429+0000] {dag.py:3096} INFO - Sync 1 DAGs
[2026-04-28T22:30:15.461+0000] {logging_mixin.py:188} INFO - [2026-04-28T22:30:15.460+0000] {dag.py:3954} INFO - Setting next_dagrun for example_short_circuit_operator to 2026-04-27 00:00:00+00:00, run_after=2026-04-28 00:00:00+00:00
[2026-04-28T22:30:15.507+0000] {processor.py:183} INFO - Processing /home/airflow/.local/lib/python3.12/site-packages/airflow/example_dags/example_short_circuit_operator.py took 0.182 seconds
[2026-04-28T22:30:46.448+0000] {processor.py:161} INFO - Started process (PID=1396) to work on /home/airflow/.local/lib/python3.12/site-packages/airflow/example_dags/example_short_circuit_operator.py
[2026-04-28T22:30:46.449+0000] {processor.py:830} INFO - Processing file /home/airflow/.local/lib/python3.12/site-packages/airflow/example_dags/example_short_circuit_operator.py for tasks to queue
[2026-04-28T22:30:46.452+0000] {logging_mixin.py:188} INFO - [2026-04-28T22:30:46.451+0000] {dagbag.py:540} INFO - Filling up the DagBag from /home/airflow/.local/lib/python3.12/site-packages/airflow/example_dags/example_short_circuit_operator.py
[2026-04-28T22:30:46.462+0000] {processor.py:840} INFO - DAG(s) 'example_short_circuit_operator' retrieved from /home/airflow/.local/lib/python3.12/site-packages/airflow/example_dags/example_short_circuit_operator.py
[2026-04-28T22:30:46.498+0000] {logging_mixin.py:188} INFO - [2026-04-28T22:30:46.498+0000] {dag.py:3096} INFO - Sync 1 DAGs
[2026-04-28T22:30:46.549+0000] {logging_mixin.py:188} INFO - [2026-04-28T22:30:46.549+0000] {dag.py:3954} INFO - Setting next_dagrun for example_short_circuit_operator to 2026-04-27 00:00:00+00:00, run_after=2026-04-28 00:00:00+00:00
[2026-04-28T22:30:46.606+0000] {processor.py:183} INFO - Processing /home/airflow/.local/lib/python3.12/site-packages/airflow/example_dags/example_short_circuit_operator.py took 0.171 seconds
[2026-04-28T22:31:17.507+0000] {processor.py:161} INFO - Started process (PID=1457) to work on /home/airflow/.local/lib/python3.12/site-packages/airflow/example_dags/example_short_circuit_operator.py
[2026-04-28T22:31:17.508+0000] {processor.py:830} INFO - Processing file /home/airflow/.local/lib/python3.12/site-packages/airflow/example_dags/example_short_circuit_operator.py for tasks to queue
[2026-04-28T22:31:17.511+0000] {logging_mixin.py:188} INFO - [2026-04-28T22:31:17.510+0000] {dagbag.py:540} INFO - Filling up the DagBag from /home/airflow/.local/lib/python3.12/site-packages/airflow/example_dags/example_short_circuit_operator.py
[2026-04-28T22:31:17.520+0000] {processor.py:840} INFO - DAG(s) 'example_short_circuit_operator' retrieved from /home/airflow/.local/lib/python3.12/site-packages/airflow/example_dags/example_short_circuit_operator.py
[2026-04-28T22:31:17.548+0000] {logging_mixin.py:188} INFO - [2026-04-28T22:31:17.548+0000] {dag.py:3096} INFO - Sync 1 DAGs
[2026-04-28T22:31:17.576+0000] {logging_mixin.py:188} INFO - [2026-04-28T22:31:17.576+0000] {dag.py:3954} INFO - Setting next_dagrun for example_short_circuit_operator to 2026-04-27 00:00:00+00:00, run_after=2026-04-28 00:00:00+00:00
[2026-04-28T22:31:17.597+0000] {processor.py:183} INFO - Processing /home/airflow/.local/lib/python3.12/site-packages/airflow/example_dags/example_short_circuit_operator.py took 0.096 seconds
[2026-04-28T22:31:48.196+0000] {processor.py:161} INFO - Started process (PID=1517) to work on /home/airflow/.local/lib/python3.12/site-packages/airflow/example_dags/example_short_circuit_operator.py
[2026-04-28T22:31:48.198+0000] {processor.py:830} INFO - Processing file /home/airflow/.local/lib/python3.12/site-packages/airflow/example_dags/example_short_circuit_operator.py for tasks to queue
[2026-04-28T22:31:48.200+0000] {logging_mixin.py:188} INFO - [2026-04-28T22:31:48.200+0000] {dagbag.py:540} INFO - Filling up the DagBag from /home/airflow/.local/lib/python3.12/site-packages/airflow/example_dags/example_short_circuit_operator.py
[2026-04-28T22:31:48.213+0000] {processor.py:840} INFO - DAG(s) 'example_short_circuit_operator' retrieved from /home/airflow/.local/lib/python3.12/site-packages/airflow/example_dags/example_short_circuit_operator.py
[2026-04-28T22:31:48.306+0000] {logging_mixin.py:188} INFO - [2026-04-28T22:31:48.306+0000] {dag.py:3096} INFO - Sync 1 DAGs
[2026-04-28T22:31:48.380+0000] {logging_mixin.py:188} INFO - [2026-04-28T22:31:48.380+0000] {dag.py:3954} INFO - Setting next_dagrun for example_short_circuit_operator to 2026-04-27 00:00:00+00:00, run_after=2026-04-28 00:00:00+00:00
[2026-04-28T22:31:48.467+0000] {processor.py:183} INFO - Processing /home/airflow/.local/lib/python3.12/site-packages/airflow/example_dags/example_short_circuit_operator.py took 0.278 seconds
[2026-04-28T22:32:18.555+0000] {processor.py:161} INFO - Started process (PID=1576) to work on /home/airflow/.local/lib/python3.12/site-packages/airflow/example_dags/example_short_circuit_operator.py
[2026-04-28T22:32:18.560+0000] {processor.py:830} INFO - Processing file /home/airflow/.local/lib/python3.12/site-packages/airflow/example_dags/example_short_circuit_operator.py for tasks to queue
[2026-04-28T22:32:18.564+0000] {logging_mixin.py:188} INFO - [2026-04-28T22:32:18.563+0000] {dagbag.py:540} INFO - Filling up the DagBag from /home/airflow/.local/lib/python3.12/site-packages/airflow/example_dags/example_short_circuit_operator.py
[2026-04-28T22:32:18.599+0000] {processor.py:840} INFO - DAG(s) 'example_short_circuit_operator' retrieved from /home/airflow/.local/lib/python3.12/site-packages/airflow/example_dags/example_short_circuit_operator.py
[2026-04-28T22:32:18.679+0000] {logging_mixin.py:188} INFO - [2026-04-28T22:32:18.679+0000] {dag.py:3096} INFO - Sync 1 DAGs
[2026-04-28T22:32:18.705+0000] {logging_mixin.py:188} INFO - [2026-04-28T22:32:18.705+0000] {dag.py:3954} INFO - Setting next_dagrun for example_short_circuit_operator to 2026-04-27 00:00:00+00:00, run_after=2026-04-28 00:00:00+00:00
[2026-04-28T22:32:18.731+0000] {processor.py:183} INFO - Processing /home/airflow/.local/lib/python3.12/site-packages/airflow/example_dags/example_short_circuit_operator.py took 0.195 seconds
[2026-04-28T22:32:48.913+0000] {processor.py:161} INFO - Started process (PID=1636) to work on /home/airflow/.local/lib/python3.12/site-packages/airflow/example_dags/example_short_circuit_operator.py
[2026-04-28T22:32:48.914+0000] {processor.py:830} INFO - Processing file /home/airflow/.local/lib/python3.12/site-packages/airflow/example_dags/example_short_circuit_operator.py for tasks to queue
[2026-04-28T22:32:48.917+0000] {logging_mixin.py:188} INFO - [2026-04-28T22:32:48.917+0000] {dagbag.py:540} INFO - Filling up the DagBag from /home/airflow/.local/lib/python3.12/site-packages/airflow/example_dags/example_short_circuit_operator.py
[2026-04-28T22:32:48.926+0000] {processor.py:840} INFO - DAG(s) 'example_short_circuit_operator' retrieved from /home/airflow/.local/lib/python3.12/site-packages/airflow/example_dags/example_short_circuit_operator.py
[2026-04-28T22:32:48.955+0000] {logging_mixin.py:188} INFO - [2026-04-28T22:32:48.955+0000] {dag.py:3096} INFO - Sync 1 DAGs
[2026-04-28T22:32:48.981+0000] {logging_mixin.py:188} INFO - [2026-04-28T22:32:48.981+0000] {dag.py:3954} INFO - Setting next_dagrun for example_short_circuit_operator to 2026-04-27 00:00:00+00:00, run_after=2026-04-28 00:00:00+00:00
[2026-04-28T22:32:49.003+0000] {processor.py:183} INFO - Processing /home/airflow/.local/lib/python3.12/site-packages/airflow/example_dags/example_short_circuit_operator.py took 0.096 seconds
[2026-04-28T22:33:19.378+0000] {processor.py:161} INFO - Started process (PID=1696) to work on /home/airflow/.local/lib/python3.12/site-packages/airflow/example_dags/example_short_circuit_operator.py
[2026-04-28T22:33:19.379+0000] {processor.py:830} INFO - Processing file /home/airflow/.local/lib/python3.12/site-packages/airflow/example_dags/example_short_circuit_operator.py for tasks to queue
[2026-04-28T22:33:19.381+0000] {logging_mixin.py:188} INFO - [2026-04-28T22:33:19.381+0000] {dagbag.py:540} INFO - Filling up the DagBag from /home/airflow/.local/lib/python3.12/site-packages/airflow/example_dags/example_short_circuit_operator.py
[2026-04-28T22:33:19.390+0000] {processor.py:840} INFO - DAG(s) 'example_short_circuit_operator' retrieved from /home/airflow/.local/lib/python3.12/site-packages/airflow/example_dags/example_short_circuit_operator.py
[2026-04-28T22:33:19.427+0000] {logging_mixin.py:188} INFO - [2026-04-28T22:33:19.426+0000] {dag.py:3096} INFO - Sync 1 DAGs
[2026-04-28T22:33:19.455+0000] {logging_mixin.py:188} INFO - [2026-04-28T22:33:19.455+0000] {dag.py:3954} INFO - Setting next_dagrun for example_short_circuit_operator to 2026-04-27 00:00:00+00:00, run_after=2026-04-28 00:00:00+00:00
[2026-04-28T22:33:19.483+0000] {processor.py:183} INFO - Processing /home/airflow/.local/lib/python3.12/site-packages/airflow/example_dags/example_short_circuit_operator.py took 0.112 seconds
[2026-04-28T22:33:49.791+0000] {processor.py:161} INFO - Started process (PID=1756) to work on /home/airflow/.local/lib/python3.12/site-packages/airflow/example_dags/example_short_circuit_operator.py
[2026-04-28T22:33:49.792+0000] {processor.py:830} INFO - Processing file /home/airflow/.local/lib/python3.12/site-packages/airflow/example_dags/example_short_circuit_operator.py for tasks to queue
[2026-04-28T22:33:49.794+0000] {logging_mixin.py:188} INFO - [2026-04-28T22:33:49.794+0000] {dagbag.py:540} INFO - Filling up the DagBag from /home/airflow/.local/lib/python3.12/site-packages/airflow/example_dags/example_short_circuit_operator.py
[2026-04-28T22:33:49.804+0000] {processor.py:840} INFO - DAG(s) 'example_short_circuit_operator' retrieved from /home/airflow/.local/lib/python3.12/site-packages/airflow/example_dags/example_short_circuit_operator.py
[2026-04-28T22:33:49.833+0000] {logging_mixin.py:188} INFO - [2026-04-28T22:33:49.833+0000] {dag.py:3096} INFO - Sync 1 DAGs
[2026-04-28T22:33:49.862+0000] {logging_mixin.py:188} INFO - [2026-04-28T22:33:49.861+0000] {dag.py:3954} INFO - Setting next_dagrun for example_short_circuit_operator to 2026-04-27 00:00:00+00:00, run_after=2026-04-28 00:00:00+00:00
[2026-04-28T22:33:49.884+0000] {processor.py:183} INFO - Processing /home/airflow/.local/lib/python3.12/site-packages/airflow/example_dags/example_short_circuit_operator.py took 0.101 seconds
[2026-04-28T22:34:20.233+0000] {processor.py:161} INFO - Started process (PID=1816) to work on /home/airflow/.local/lib/python3.12/site-packages/airflow/example_dags/example_short_circuit_operator.py
[2026-04-28T22:34:20.235+0000] {processor.py:830} INFO - Processing file /home/airflow/.local/lib/python3.12/site-packages/airflow/example_dags/example_short_circuit_operator.py for tasks to queue
[2026-04-28T22:34:20.237+0000] {logging_mixin.py:188} INFO - [2026-04-28T22:34:20.237+0000] {dagbag.py:540} INFO - Filling up the DagBag from /home/airflow/.local/lib/python3.12/site-packages/airflow/example_dags/example_short_circuit_operator.py
[2026-04-28T22:34:20.246+0000] {processor.py:840} INFO - DAG(s) 'example_short_circuit_operator' retrieved from /home/airflow/.local/lib/python3.12/site-packages/airflow/example_dags/example_short_circuit_operator.py
[2026-04-28T22:34:20.275+0000] {logging_mixin.py:188} INFO - [2026-04-28T22:34:20.274+0000] {dag.py:3096} INFO - Sync 1 DAGs
[2026-04-28T22:34:20.303+0000] {logging_mixin.py:188} INFO - [2026-04-28T22:34:20.302+0000] {dag.py:3954} INFO - Setting next_dagrun for example_short_circuit_operator to 2026-04-27 00:00:00+00:00, run_after=2026-04-28 00:00:00+00:00
[2026-04-28T22:34:20.327+0000] {processor.py:183} INFO - Processing /home/airflow/.local/lib/python3.12/site-packages/airflow/example_dags/example_short_circuit_operator.py took 0.100 seconds
[2026-04-28T22:34:50.769+0000] {processor.py:161} INFO - Started process (PID=1876) to work on /home/airflow/.local/lib/python3.12/site-packages/airflow/example_dags/example_short_circuit_operator.py
[2026-04-28T22:34:50.770+0000] {processor.py:830} INFO - Processing file /home/airflow/.local/lib/python3.12/site-packages/airflow/example_dags/example_short_circuit_operator.py for tasks to queue
[2026-04-28T22:34:50.772+0000] {logging_mixin.py:188} INFO - [2026-04-28T22:34:50.772+0000] {dagbag.py:540} INFO - Filling up the DagBag from /home/airflow/.local/lib/python3.12/site-packages/airflow/example_dags/example_short_circuit_operator.py
[2026-04-28T22:34:50.781+0000] {processor.py:840} INFO - DAG(s) 'example_short_circuit_operator' retrieved from /home/airflow/.local/lib/python3.12/site-packages/airflow/example_dags/example_short_circuit_operator.py
[2026-04-28T22:34:50.809+0000] {logging_mixin.py:188} INFO - [2026-04-28T22:34:50.809+0000] {dag.py:3096} INFO - Sync 1 DAGs
[2026-04-28T22:34:50.835+0000] {logging_mixin.py:188} INFO - [2026-04-28T22:34:50.835+0000] {dag.py:3954} INFO - Setting next_dagrun for example_short_circuit_operator to 2026-04-27 00:00:00+00:00, run_after=2026-04-28 00:00:00+00:00
[2026-04-28T22:34:50.855+0000] {processor.py:183} INFO - Processing /home/airflow/.local/lib/python3.12/site-packages/airflow/example_dags/example_short_circuit_operator.py took 0.095 seconds
[2026-04-28T22:35:21.246+0000] {processor.py:161} INFO - Started process (PID=1936) to work on /home/airflow/.local/lib/python3.12/site-packages/airflow/example_dags/example_short_circuit_operator.py
[2026-04-28T22:35:21.247+0000] {processor.py:830} INFO - Processing file /home/airflow/.local/lib/python3.12/site-packages/airflow/example_dags/example_short_circuit_operator.py for tasks to queue
[2026-04-28T22:35:21.249+0000] {logging_mixin.py:188} INFO - [2026-04-28T22:35:21.249+0000] {dagbag.py:540} INFO - Filling up the DagBag from /home/airflow/.local/lib/python3.12/site-packages/airflow/example_dags/example_short_circuit_operator.py
[2026-04-28T22:35:21.258+0000] {processor.py:840} INFO - DAG(s) 'example_short_circuit_operator' retrieved from /home/airflow/.local/lib/python3.12/site-packages/airflow/example_dags/example_short_circuit_operator.py
[2026-04-28T22:35:21.290+0000] {logging_mixin.py:188} INFO - [2026-04-28T22:35:21.290+0000] {dag.py:3096} INFO - Sync 1 DAGs
[2026-04-28T22:35:21.316+0000] {logging_mixin.py:188} INFO - [2026-04-28T22:35:21.316+0000] {dag.py:3954} INFO - Setting next_dagrun for example_short_circuit_operator to 2026-04-27 00:00:00+00:00, run_after=2026-04-28 00:00:00+00:00
[2026-04-28T22:35:21.334+0000] {processor.py:183} INFO - Processing /home/airflow/.local/lib/python3.12/site-packages/airflow/example_dags/example_short_circuit_operator.py took 0.094 seconds
[2026-04-28T22:35:52.083+0000] {processor.py:161} INFO - Started process (PID=1996) to work on /home/airflow/.local/lib/python3.12/site-packages/airflow/example_dags/example_short_circuit_operator.py
[2026-04-28T22:35:52.084+0000] {processor.py:830} INFO - Processing file /home/airflow/.local/lib/python3.12/site-packages/airflow/example_dags/example_short_circuit_operator.py for tasks to queue
[2026-04-28T22:35:52.086+0000] {logging_mixin.py:188} INFO - [2026-04-28T22:35:52.085+0000] {dagbag.py:540} INFO - Filling up the DagBag from /home/airflow/.local/lib/python3.12/site-packages/airflow/example_dags/example_short_circuit_operator.py
[2026-04-28T22:35:52.094+0000] {processor.py:840} INFO - DAG(s) 'example_short_circuit_operator' retrieved from /home/airflow/.local/lib/python3.12/site-packages/airflow/example_dags/example_short_circuit_operator.py
[2026-04-28T22:35:52.125+0000] {logging_mixin.py:188} INFO - [2026-04-28T22:35:52.125+0000] {dag.py:3096} INFO - Sync 1 DAGs
[2026-04-28T22:35:52.149+0000] {logging_mixin.py:188} INFO - [2026-04-28T22:35:52.149+0000] {dag.py:3954} INFO - Setting next_dagrun for example_short_circuit_operator to 2026-04-27 00:00:00+00:00, run_after=2026-04-28 00:00:00+00:00
[2026-04-28T22:35:52.168+0000] {processor.py:183} INFO - Processing /home/airflow/.local/lib/python3.12/site-packages/airflow/example_dags/example_short_circuit_operator.py took 0.092 seconds
[2026-04-28T22:36:22.939+0000] {processor.py:161} INFO - Started process (PID=2056) to work on /home/airflow/.local/lib/python3.12/site-packages/airflow/example_dags/example_short_circuit_operator.py
[2026-04-28T22:36:22.940+0000] {processor.py:830} INFO - Processing file /home/airflow/.local/lib/python3.12/site-packages/airflow/example_dags/example_short_circuit_operator.py for tasks to queue
[2026-04-28T22:36:22.942+0000] {logging_mixin.py:188} INFO - [2026-04-28T22:36:22.942+0000] {dagbag.py:540} INFO - Filling up the DagBag from /home/airflow/.local/lib/python3.12/site-packages/airflow/example_dags/example_short_circuit_operator.py
[2026-04-28T22:36:22.950+0000] {processor.py:840} INFO - DAG(s) 'example_short_circuit_operator' retrieved from /home/airflow/.local/lib/python3.12/site-packages/airflow/example_dags/example_short_circuit_operator.py
[2026-04-28T22:36:22.981+0000] {logging_mixin.py:188} INFO - [2026-04-28T22:36:22.980+0000] {dag.py:3096} INFO - Sync 1 DAGs
[2026-04-28T22:36:23.008+0000] {logging_mixin.py:188} INFO - [2026-04-28T22:36:23.008+0000] {dag.py:3954} INFO - Setting next_dagrun for example_short_circuit_operator to 2026-04-27 00:00:00+00:00, run_after=2026-04-28 00:00:00+00:00
[2026-04-28T22:36:23.026+0000] {processor.py:183} INFO - Processing /home/airflow/.local/lib/python3.12/site-packages/airflow/example_dags/example_short_circuit_operator.py took 0.094 seconds
[2026-04-28T22:36:53.168+0000] {processor.py:161} INFO - Started process (PID=2116) to work on /home/airflow/.local/lib/python3.12/site-packages/airflow/example_dags/example_short_circuit_operator.py
[2026-04-28T22:36:53.169+0000] {processor.py:830} INFO - Processing file /home/airflow/.local/lib/python3.12/site-packages/airflow/example_dags/example_short_circuit_operator.py for tasks to queue
[2026-04-28T22:36:53.171+0000] {logging_mixin.py:188} INFO - [2026-04-28T22:36:53.171+0000] {dagbag.py:540} INFO - Filling up the DagBag from /home/airflow/.local/lib/python3.12/site-packages/airflow/example_dags/example_short_circuit_operator.py
[2026-04-28T22:36:53.180+0000] {processor.py:840} INFO - DAG(s) 'example_short_circuit_operator' retrieved from /home/airflow/.local/lib/python3.12/site-packages/airflow/example_dags/example_short_circuit_operator.py
[2026-04-28T22:36:53.209+0000] {logging_mixin.py:188} INFO - [2026-04-28T22:36:53.209+0000] {dag.py:3096} INFO - Sync 1 DAGs
[2026-04-28T22:36:53.234+0000] {logging_mixin.py:188} INFO - [2026-04-28T22:36:53.234+0000] {dag.py:3954} INFO - Setting next_dagrun for example_short_circuit_operator to 2026-04-27 00:00:00+00:00, run_after=2026-04-28 00:00:00+00:00
[2026-04-28T22:36:53.252+0000] {processor.py:183} INFO - Processing /home/airflow/.local/lib/python3.12/site-packages/airflow/example_dags/example_short_circuit_operator.py took 0.090 seconds
[2026-04-28T22:37:23.478+0000] {processor.py:161} INFO - Started process (PID=2176) to work on /home/airflow/.local/lib/python3.12/site-packages/airflow/example_dags/example_short_circuit_operator.py
[2026-04-28T22:37:23.487+0000] {processor.py:830} INFO - Processing file /home/airflow/.local/lib/python3.12/site-packages/airflow/example_dags/example_short_circuit_operator.py for tasks to queue
[2026-04-28T22:37:23.496+0000] {logging_mixin.py:188} INFO - [2026-04-28T22:37:23.496+0000] {dagbag.py:540} INFO - Filling up the DagBag from /home/airflow/.local/lib/python3.12/site-packages/airflow/example_dags/example_short_circuit_operator.py
[2026-04-28T22:37:23.568+0000] {processor.py:840} INFO - DAG(s) 'example_short_circuit_operator' retrieved from /home/airflow/.local/lib/python3.12/site-packages/airflow/example_dags/example_short_circuit_operator.py
[2026-04-28T22:37:23.760+0000] {logging_mixin.py:188} INFO - [2026-04-28T22:37:23.760+0000] {dag.py:3096} INFO - Sync 1 DAGs
[2026-04-28T22:37:23.906+0000] {logging_mixin.py:188} INFO - [2026-04-28T22:37:23.906+0000] {dag.py:3954} INFO - Setting next_dagrun for example_short_circuit_operator to 2026-04-27 00:00:00+00:00, run_after=2026-04-28 00:00:00+00:00
[2026-04-28T22:37:24.067+0000] {processor.py:183} INFO - Processing /home/airflow/.local/lib/python3.12/site-packages/airflow/example_dags/example_short_circuit_operator.py took 0.659 seconds
[2026-04-28T22:37:54.619+0000] {processor.py:161} INFO - Started process (PID=2236) to work on /home/airflow/.local/lib/python3.12/site-packages/airflow/example_dags/example_short_circuit_operator.py
[2026-04-28T22:37:54.640+0000] {processor.py:830} INFO - Processing file /home/airflow/.local/lib/python3.12/site-packages/airflow/example_dags/example_short_circuit_operator.py for tasks to queue
[2026-04-28T22:37:54.670+0000] {logging_mixin.py:188} INFO - [2026-04-28T22:37:54.661+0000] {dagbag.py:540} INFO - Filling up the DagBag from /home/airflow/.local/lib/python3.12/site-packages/airflow/example_dags/example_short_circuit_operator.py
[2026-04-28T22:37:54.798+0000] {processor.py:840} INFO - DAG(s) 'example_short_circuit_operator' retrieved from /home/airflow/.local/lib/python3.12/site-packages/airflow/example_dags/example_short_circuit_operator.py
[2026-04-28T22:37:55.181+0000] {logging_mixin.py:188} INFO - [2026-04-28T22:37:55.180+0000] {dag.py:3096} INFO - Sync 1 DAGs
[2026-04-28T22:37:55.584+0000] {logging_mixin.py:188} INFO - [2026-04-28T22:37:55.561+0000] {dag.py:3954} INFO - Setting next_dagrun for example_short_circuit_operator to 2026-04-27 00:00:00+00:00, run_after=2026-04-28 00:00:00+00:00
[2026-04-28T22:37:56.029+0000] {processor.py:183} INFO - Processing /home/airflow/.local/lib/python3.12/site-packages/airflow/example_dags/example_short_circuit_operator.py took 1.505 seconds
